# NeutrinoAntineutrinoInteraction/NeutrinoiAntineutrinojElectronAntimuon cumulative differential rate
# photon field: massive Cosmic Neutrino Background, T_CnuB = 1.94535456 K
# Produced with crpropa-data version: 60a1560e37035039ec25f414e0c42a2444bad49c
# log10(E/eV), d(1/lambda)/ds_kin [1/Mpc/eV^2] for log10(s_kin/eV^2) as given in first row
0.00	1.60615e+01	1.61231e+01	1.61846e+01	1.62462e+01	1.63077e+01	1.63692e+01	1.64308e+01	1.64923e+01	1.65538e+01	1.66154e+01	1.66769e+01	1.67385e+01	1.68000e+01	1.68615e+01	1.69231e+01	1.69846e+01	1.70462e+01	1.71077e+01	1.71692e+01	1.72308e+01	1.72923e+01	1.73538e+01	1.74154e+01	1.74769e+01	1.75385e+01	1.76000e+01	1.76615e+01	1.77231e+01	1.77846e+01	1.78462e+01	1.79077e+01	1.79692e+01	1.80308e+01	1.80923e+01	1.81538e+01	1.82154e+01	1.82769e+01	1.83385e+01	1.84000e+01	1.84615e+01	1.85231e+01	1.85846e+01	1.86462e+01	1.87077e+01	1.87692e+01	1.88308e+01	1.88923e+01	1.89538e+01	1.90154e+01	1.90769e+01	1.91385e+01	1.92000e+01	1.92615e+01	1.93231e+01	1.93846e+01	1.94462e+01	1.95077e+01	1.95692e+01	1.96308e+01	1.96923e+01	1.97538e+01	1.98154e+01	1.98769e+01	1.99385e+01	2.00000e+01	2.00615e+01	2.01231e+01	2.01846e+01	2.02462e+01	2.03077e+01	2.03692e+01	2.04308e+01	2.04923e+01	2.05538e+01	2.06154e+01	2.06769e+01	2.07385e+01	2.08000e+01	2.08615e+01	2.09231e+01	2.09846e+01	2.10462e+01	2.11077e+01	2.11692e+01	2.12308e+01	2.12923e+01	2.13538e+01	2.14154e+01	2.14769e+01	2.15385e+01	2.16000e+01	2.16615e+01	2.17231e+01	2.17846e+01	2.18462e+01	2.19077e+01	2.19692e+01	2.20308e+01	2.20923e+01	2.21538e+01	2.22154e+01	2.22769e+01	2.23385e+01	2.24000e+01	2.24615e+01	2.25231e+01	2.25846e+01	2.26462e+01	2.27077e+01	2.27692e+01	2.28308e+01	2.28923e+01	2.29538e+01	2.30154e+01	2.30769e+01	2.31385e+01	2.32000e+01	2.32615e+01	2.33231e+01	2.33846e+01	2.34462e+01	2.35077e+01	2.35692e+01	2.36308e+01	2.36923e+01	2.37538e+01	2.38154e+01	2.38769e+01	2.39385e+01	2.40000e+01	2.40615e+01	2.41231e+01	2.41846e+01	2.42462e+01	2.43077e+01	2.43692e+01	2.44308e+01	2.44923e+01	2.45538e+01	2.46154e+01	2.46769e+01	2.47385e+01	2.48000e+01	2.48615e+01	2.49231e+01	2.49846e+01	2.50462e+01	2.51077e+01	2.51692e+01	2.52308e+01	2.52923e+01	2.53538e+01	2.54154e+01	2.54769e+01	2.55385e+01	2.56000e+01	2.56615e+01	2.57231e+01	2.57846e+01	2.58462e+01	2.59077e+01	2.59692e+01	2.60308e+01	2.60923e+01	2.61538e+01	2.62154e+01	2.62769e+01	2.63385e+01	2.64000e+01	2.64615e+01	2.65231e+01	2.65846e+01	2.66462e+01	2.67077e+01	2.67692e+01	2.68308e+01	2.68923e+01	2.69538e+01	2.70154e+01	2.70769e+01	2.71385e+01	2.72000e+01	2.72615e+01	2.73231e+01	2.73846e+01	2.74462e+01	2.75077e+01	2.75692e+01	2.76308e+01	2.76923e+01	2.77538e+01	2.78154e+01	2.78769e+01	2.79385e+01	2.80000e+01
12.76	0.00000e+00	0.00000e+00	0.00000e+00	0.00000e+00	0.00000e+00	0.00000e+00	0.00000e+00	0.00000e+00	0.00000e+00	0.00000e+00	0.00000e+00	0.00000e+00	0.00000e+00	0.00000e+00	0.00000e+00	0.00000e+00	0.00000e+00	0.00000e+00	0.00000e+00	0.00000e+00	0.00000e+00	0.00000e+00	0.00000e+00	0.00000e+00	0.00000e+00	0.00000e+00	0.00000e+00	0.00000e+00	0.00000e+00	0.00000e+00	0.00000e+00	0.00000e+00	0.00000e+00	0.00000e+00	0.00000e+00	0.00000e+00	0.00000e+00	0.00000e+00	0.00000e+00	0.00000e+00	0.00000e+00	0.00000e+00	0.00000e+00	0.00000e+00	0.00000e+00	0.00000e+00	0.00000e+00	0.00000e+00	0.00000e+00	0.00000e+00	0.00000e+00	0.00000e+00	0.00000e+00	0.00000e+00	0.00000e+00	0.00000e+00	0.00000e+00	0.00000e+00	0.00000e+00	0.00000e+00	0.00000e+00	0.00000e+00	0.00000e+00	0.00000e+00	0.00000e+00	0.00000e+00	0.00000e+00	0.00000e+00	0.00000e+00	0.00000e+00	0.00000e+00	0.00000e+00	0.00000e+00	0.00000e+00	0.00000e+00	0.00000e+00	0.00000e+00	0.00000e+00	0.00000e+00	0.00000e+00	0.00000e+00	0.00000e+00	0.00000e+00	0.00000e+00	0.00000e+00	0.00000e+00	0.00000e+00	0.00000e+00	0.00000e+00	0.00000e+00	0.00000e+00	0.00000e+00	0.00000e+00	0.00000e+00	0.00000e+00	0.00000e+00	0.00000e+00	0.00000e+00	0.00000e+00	0.00000e+00	0.00000e+00	0.00000e+00	0.00000e+00	0.00000e+00	0.00000e+00	0.00000e+00	0.00000e+00	0.00000e+00	0.00000e+00	0.00000e+00	0.00000e+00	0.00000e+00	0.00000e+00	0.00000e+00	0.00000e+00	0.00000e+00	0.00000e+00	0.00000e+00	0.00000e+00	0.00000e+00	0.00000e+00	0.00000e+00	0.00000e+00	0.00000e+00	0.00000e+00	0.00000e+00	0.00000e+00	0.00000e+00	0.00000e+00	0.00000e+00	0.00000e+00	0.00000e+00	0.00000e+00	0.00000e+00	0.00000e+00	0.00000e+00	0.00000e+00	0.00000e+00	0.00000e+00	0.00000e+00	0.00000e+00	0.00000e+00	0.00000e+00	0.00000e+00	0.00000e+00	0.00000e+00	0.00000e+00	0.00000e+00	0.00000e+00	0.00000e+00	0.00000e+00	0.00000e+00	0.00000e+00	0.00000e+00	0.00000e+00	0.00000e+00	0.00000e+00	0.00000e+00	0.00000e+00	0.00000e+00	0.00000e+00	0.00000e+00	0.00000e+00	0.00000e+00	0.00000e+00	0.00000e+00	0.00000e+00	0.00000e+00	0.00000e+00	0.00000e+00	0.00000e+00	0.00000e+00	0.00000e+00	0.00000e+00	0.00000e+00	0.00000e+00	0.00000e+00	0.00000e+00	0.00000e+00	0.00000e+00	0.00000e+00	0.00000e+00	0.00000e+00	0.00000e+00	0.00000e+00	0.00000e+00	0.00000e+00	0.00000e+00	0.00000e+00	0.00000e+00	0.00000e+00	0.00000e+00	0.00000e+00	0.00000e+00	0.00000e+00
12.79	0.00000e+00	0.00000e+00	0.00000e+00	0.00000e+00	0.00000e+00	0.00000e+00	0.00000e+00	0.00000e+00	0.00000e+00	0.00000e+00	0.00000e+00	0.00000e+00	0.00000e+00	0.00000e+00	0.00000e+00	0.00000e+00	0.00000e+00	0.00000e+00	0.00000e+00	0.00000e+00	0.00000e+00	0.00000e+00	0.00000e+00	0.00000e+00	0.00000e+00	0.00000e+00	0.00000e+00	0.00000e+00	0.00000e+00	0.00000e+00	0.00000e+00	0.00000e+00	0.00000e+00	0.00000e+00	0.00000e+00	0.00000e+00	0.00000e+00	0.00000e+00	0.00000e+00	0.00000e+00	0.00000e+00	0.00000e+00	0.00000e+00	0.00000e+00	0.00000e+00	0.00000e+00	0.00000e+00	0.00000e+00	0.00000e+00	0.00000e+00	0.00000e+00	0.00000e+00	0.00000e+00	0.00000e+00	0.00000e+00	0.00000e+00	0.00000e+00	0.00000e+00	0.00000e+00	0.00000e+00	0.00000e+00	0.00000e+00	0.00000e+00	0.00000e+00	0.00000e+00	0.00000e+00	0.00000e+00	0.00000e+00	0.00000e+00	0.00000e+00	0.00000e+00	0.00000e+00	0.00000e+00	0.00000e+00	0.00000e+00	0.00000e+00	0.00000e+00	0.00000e+00	0.00000e+00	0.00000e+00	0.00000e+00	0.00000e+00	0.00000e+00	0.00000e+00	0.00000e+00	0.00000e+00	0.00000e+00	0.00000e+00	0.00000e+00	0.00000e+00	0.00000e+00	0.00000e+00	0.00000e+00	0.00000e+00	0.00000e+00	0.00000e+00	0.00000e+00	0.00000e+00	0.00000e+00	0.00000e+00	0.00000e+00	0.00000e+00	0.00000e+00	0.00000e+00	0.00000e+00	0.00000e+00	0.00000e+00	0.00000e+00	0.00000e+00	0.00000e+00	0.00000e+00	0.00000e+00	0.00000e+00	0.00000e+00	0.00000e+00	0.00000e+00	0.00000e+00	0.00000e+00	0.00000e+00	0.00000e+00	0.00000e+00	0.00000e+00	0.00000e+00	0.00000e+00	0.00000e+00	0.00000e+00	0.00000e+00	0.00000e+00	0.00000e+00	0.00000e+00	0.00000e+00	0.00000e+00	0.00000e+00	0.00000e+00	0.00000e+00	0.00000e+00	0.00000e+00	0.00000e+00	0.00000e+00	0.00000e+00	0.00000e+00	0.00000e+00	0.00000e+00	0.00000e+00	0.00000e+00	0.00000e+00	0.00000e+00	0.00000e+00	0.00000e+00	0.00000e+00	0.00000e+00	0.00000e+00	0.00000e+00	0.00000e+00	0.00000e+00	0.00000e+00	0.00000e+00	0.00000e+00	0.00000e+00	0.00000e+00	0.00000e+00	0.00000e+00	0.00000e+00	0.00000e+00	0.00000e+00	0.00000e+00	0.00000e+00	0.00000e+00	0.00000e+00	0.00000e+00	0.00000e+00	0.00000e+00	0.00000e+00	0.00000e+00	0.00000e+00	0.00000e+00	0.00000e+00	0.00000e+00	0.00000e+00	0.00000e+00	0.00000e+00	0.00000e+00	0.00000e+00	0.00000e+00	0.00000e+00	0.00000e+00	0.00000e+00	0.00000e+00	0.00000e+00	0.00000e+00	0.00000e+00	0.00000e+00	0.00000e+00	0.00000e+00	0.00000e+00
12.83	0.00000e+00	0.00000e+00	0.00000e+00	0.00000e+00	0.00000e+00	0.00000e+00	0.00000e+00	0.00000e+00	0.00000e+00	0.00000e+00	0.00000e+00	0.00000e+00	0.00000e+00	0.00000e+00	0.00000e+00	0.00000e+00	0.00000e+00	0.00000e+00	0.00000e+00	0.00000e+00	0.00000e+00	0.00000e+00	0.00000e+00	0.00000e+00	0.00000e+00	0.00000e+00	0.00000e+00	0.00000e+00	0.00000e+00	0.00000e+00	0.00000e+00	0.00000e+00	0.00000e+00	0.00000e+00	0.00000e+00	0.00000e+00	0.00000e+00	0.00000e+00	0.00000e+00	0.00000e+00	0.00000e+00	0.00000e+00	0.00000e+00	0.00000e+00	0.00000e+00	0.00000e+00	0.00000e+00	0.00000e+00	0.00000e+00	0.00000e+00	0.00000e+00	0.00000e+00	0.00000e+00	0.00000e+00	0.00000e+00	0.00000e+00	0.00000e+00	0.00000e+00	0.00000e+00	0.00000e+00	0.00000e+00	0.00000e+00	0.00000e+00	0.00000e+00	0.00000e+00	0.00000e+00	0.00000e+00	0.00000e+00	0.00000e+00	0.00000e+00	0.00000e+00	0.00000e+00	0.00000e+00	0.00000e+00	0.00000e+00	0.00000e+00	0.00000e+00	0.00000e+00	0.00000e+00	0.00000e+00	0.00000e+00	0.00000e+00	0.00000e+00	0.00000e+00	0.00000e+00	0.00000e+00	0.00000e+00	0.00000e+00	0.00000e+00	0.00000e+00	0.00000e+00	0.00000e+00	0.00000e+00	0.00000e+00	0.00000e+00	0.00000e+00	0.00000e+00	0.00000e+00	0.00000e+00	0.00000e+00	0.00000e+00	0.00000e+00	0.00000e+00	0.00000e+00	0.00000e+00	0.00000e+00	0.00000e+00	0.00000e+00	0.00000e+00	0.00000e+00	0.00000e+00	0.00000e+00	0.00000e+00	0.00000e+00	0.00000e+00	0.00000e+00	0.00000e+00	0.00000e+00	0.00000e+00	0.00000e+00	0.00000e+00	0.00000e+00	0.00000e+00	0.00000e+00	0.00000e+00	0.00000e+00	0.00000e+00	0.00000e+00	0.00000e+00	0.00000e+00	0.00000e+00	0.00000e+00	0.00000e+00	0.00000e+00	0.00000e+00	0.00000e+00	0.00000e+00	0.00000e+00	0.00000e+00	0.00000e+00	0.00000e+00	0.00000e+00	0.00000e+00	0.00000e+00	0.00000e+00	0.00000e+00	0.00000e+00	0.00000e+00	0.00000e+00	0.00000e+00	0.00000e+00	0.00000e+00	0.00000e+00	0.00000e+00	0.00000e+00	0.00000e+00	0.00000e+00	0.00000e+00	0.00000e+00	0.00000e+00	0.00000e+00	0.00000e+00	0.00000e+00	0.00000e+00	0.00000e+00	0.00000e+00	0.00000e+00	0.00000e+00	0.00000e+00	0.00000e+00	0.00000e+00	0.00000e+00	0.00000e+00	0.00000e+00	0.00000e+00	0.00000e+00	0.00000e+00	0.00000e+00	0.00000e+00	0.00000e+00	0.00000e+00	0.00000e+00	0.00000e+00	0.00000e+00	0.00000e+00	0.00000e+00	0.00000e+00	0.00000e+00	0.00000e+00	0.00000e+00	0.00000e+00	0.00000e+00	0.00000e+00	0.00000e+00	0.00000e+00
12.86	0.00000e+00	0.00000e+00	0.00000e+00	0.00000e+00	0.00000e+00	0.00000e+00	0.00000e+00	0.00000e+00	0.00000e+00	0.00000e+00	0.00000e+00	0.00000e+00	0.00000e+00	0.00000e+00	0.00000e+00	0.00000e+00	0.00000e+00	0.00000e+00	0.00000e+00	0.00000e+00	0.00000e+00	0.00000e+00	0.00000e+00	0.00000e+00	0.00000e+00	0.00000e+00	0.00000e+00	0.00000e+00	0.00000e+00	0.00000e+00	0.00000e+00	0.00000e+00	0.00000e+00	0.00000e+00	0.00000e+00	0.00000e+00	0.00000e+00	0.00000e+00	0.00000e+00	0.00000e+00	0.00000e+00	0.00000e+00	0.00000e+00	0.00000e+00	0.00000e+00	0.00000e+00	0.00000e+00	0.00000e+00	0.00000e+00	0.00000e+00	0.00000e+00	0.00000e+00	0.00000e+00	0.00000e+00	0.00000e+00	0.00000e+00	0.00000e+00	0.00000e+00	0.00000e+00	0.00000e+00	0.00000e+00	0.00000e+00	0.00000e+00	0.00000e+00	0.00000e+00	0.00000e+00	0.00000e+00	0.00000e+00	0.00000e+00	0.00000e+00	0.00000e+00	0.00000e+00	0.00000e+00	0.00000e+00	0.00000e+00	0.00000e+00	0.00000e+00	0.00000e+00	0.00000e+00	0.00000e+00	0.00000e+00	0.00000e+00	0.00000e+00	0.00000e+00	0.00000e+00	0.00000e+00	0.00000e+00	0.00000e+00	0.00000e+00	0.00000e+00	0.00000e+00	0.00000e+00	0.00000e+00	0.00000e+00	0.00000e+00	0.00000e+00	0.00000e+00	0.00000e+00	0.00000e+00	0.00000e+00	0.00000e+00	0.00000e+00	0.00000e+00	0.00000e+00	0.00000e+00	0.00000e+00	0.00000e+00	0.00000e+00	0.00000e+00	0.00000e+00	0.00000e+00	0.00000e+00	0.00000e+00	0.00000e+00	0.00000e+00	0.00000e+00	0.00000e+00	0.00000e+00	0.00000e+00	0.00000e+00	0.00000e+00	0.00000e+00	0.00000e+00	0.00000e+00	0.00000e+00	0.00000e+00	0.00000e+00	0.00000e+00	0.00000e+00	0.00000e+00	0.00000e+00	0.00000e+00	0.00000e+00	0.00000e+00	0.00000e+00	0.00000e+00	0.00000e+00	0.00000e+00	0.00000e+00	0.00000e+00	0.00000e+00	0.00000e+00	0.00000e+00	0.00000e+00	0.00000e+00	0.00000e+00	0.00000e+00	0.00000e+00	0.00000e+00	0.00000e+00	0.00000e+00	0.00000e+00	0.00000e+00	0.00000e+00	0.00000e+00	0.00000e+00	0.00000e+00	0.00000e+00	0.00000e+00	0.00000e+00	0.00000e+00	0.00000e+00	0.00000e+00	0.00000e+00	0.00000e+00	0.00000e+00	0.00000e+00	0.00000e+00	0.00000e+00	0.00000e+00	0.00000e+00	0.00000e+00	0.00000e+00	0.00000e+00	0.00000e+00	0.00000e+00	0.00000e+00	0.00000e+00	0.00000e+00	0.00000e+00	0.00000e+00	0.00000e+00	0.00000e+00	0.00000e+00	0.00000e+00	0.00000e+00	0.00000e+00	0.00000e+00	0.00000e+00	0.00000e+00	0.00000e+00	0.00000e+00	0.00000e+00	0.00000e+00	0.00000e+00
12.90	0.00000e+00	0.00000e+00	0.00000e+00	0.00000e+00	0.00000e+00	0.00000e+00	0.00000e+00	0.00000e+00	0.00000e+00	0.00000e+00	0.00000e+00	0.00000e+00	0.00000e+00	0.00000e+00	0.00000e+00	0.00000e+00	0.00000e+00	0.00000e+00	0.00000e+00	0.00000e+00	0.00000e+00	0.00000e+00	0.00000e+00	0.00000e+00	0.00000e+00	0.00000e+00	0.00000e+00	0.00000e+00	0.00000e+00	0.00000e+00	0.00000e+00	0.00000e+00	0.00000e+00	0.00000e+00	0.00000e+00	0.00000e+00	0.00000e+00	0.00000e+00	0.00000e+00	0.00000e+00	0.00000e+00	0.00000e+00	0.00000e+00	0.00000e+00	0.00000e+00	0.00000e+00	0.00000e+00	0.00000e+00	0.00000e+00	0.00000e+00	0.00000e+00	0.00000e+00	0.00000e+00	0.00000e+00	0.00000e+00	0.00000e+00	0.00000e+00	0.00000e+00	0.00000e+00	0.00000e+00	0.00000e+00	0.00000e+00	0.00000e+00	0.00000e+00	0.00000e+00	0.00000e+00	0.00000e+00	0.00000e+00	0.00000e+00	0.00000e+00	0.00000e+00	0.00000e+00	0.00000e+00	0.00000e+00	0.00000e+00	0.00000e+00	0.00000e+00	0.00000e+00	0.00000e+00	0.00000e+00	0.00000e+00	0.00000e+00	0.00000e+00	0.00000e+00	0.00000e+00	0.00000e+00	0.00000e+00	0.00000e+00	0.00000e+00	0.00000e+00	0.00000e+00	0.00000e+00	0.00000e+00	0.00000e+00	0.00000e+00	0.00000e+00	0.00000e+00	0.00000e+00	0.00000e+00	0.00000e+00	0.00000e+00	0.00000e+00	0.00000e+00	0.00000e+00	0.00000e+00	0.00000e+00	0.00000e+00	0.00000e+00	0.00000e+00	0.00000e+00	0.00000e+00	0.00000e+00	0.00000e+00	0.00000e+00	0.00000e+00	0.00000e+00	0.00000e+00	0.00000e+00	0.00000e+00	0.00000e+00	0.00000e+00	0.00000e+00	0.00000e+00	0.00000e+00	0.00000e+00	0.00000e+00	0.00000e+00	0.00000e+00	0.00000e+00	0.00000e+00	0.00000e+00	0.00000e+00	0.00000e+00	0.00000e+00	0.00000e+00	0.00000e+00	0.00000e+00	0.00000e+00	0.00000e+00	0.00000e+00	0.00000e+00	0.00000e+00	0.00000e+00	0.00000e+00	0.00000e+00	0.00000e+00	0.00000e+00	0.00000e+00	0.00000e+00	0.00000e+00	0.00000e+00	0.00000e+00	0.00000e+00	0.00000e+00	0.00000e+00	0.00000e+00	0.00000e+00	0.00000e+00	0.00000e+00	0.00000e+00	0.00000e+00	0.00000e+00	0.00000e+00	0.00000e+00	0.00000e+00	0.00000e+00	0.00000e+00	0.00000e+00	0.00000e+00	0.00000e+00	0.00000e+00	0.00000e+00	0.00000e+00	0.00000e+00	0.00000e+00	0.00000e+00	0.00000e+00	0.00000e+00	0.00000e+00	0.00000e+00	0.00000e+00	0.00000e+00	0.00000e+00	0.00000e+00	0.00000e+00	0.00000e+00	0.00000e+00	0.00000e+00	0.00000e+00	0.00000e+00	0.00000e+00	0.00000e+00	0.00000e+00	0.00000e+00	0.00000e+00
12.93	0.00000e+00	0.00000e+00	0.00000e+00	0.00000e+00	0.00000e+00	0.00000e+00	0.00000e+00	0.00000e+00	0.00000e+00	0.00000e+00	0.00000e+00	0.00000e+00	0.00000e+00	0.00000e+00	0.00000e+00	0.00000e+00	0.00000e+00	0.00000e+00	0.00000e+00	0.00000e+00	0.00000e+00	0.00000e+00	0.00000e+00	0.00000e+00	0.00000e+00	0.00000e+00	0.00000e+00	0.00000e+00	0.00000e+00	0.00000e+00	0.00000e+00	0.00000e+00	0.00000e+00	0.00000e+00	0.00000e+00	0.00000e+00	0.00000e+00	0.00000e+00	0.00000e+00	0.00000e+00	0.00000e+00	0.00000e+00	0.00000e+00	0.00000e+00	0.00000e+00	0.00000e+00	0.00000e+00	0.00000e+00	0.00000e+00	0.00000e+00	0.00000e+00	0.00000e+00	0.00000e+00	0.00000e+00	0.00000e+00	0.00000e+00	0.00000e+00	0.00000e+00	0.00000e+00	0.00000e+00	0.00000e+00	0.00000e+00	0.00000e+00	0.00000e+00	0.00000e+00	0.00000e+00	0.00000e+00	0.00000e+00	0.00000e+00	0.00000e+00	0.00000e+00	0.00000e+00	0.00000e+00	0.00000e+00	0.00000e+00	0.00000e+00	0.00000e+00	0.00000e+00	0.00000e+00	0.00000e+00	0.00000e+00	0.00000e+00	0.00000e+00	0.00000e+00	0.00000e+00	0.00000e+00	0.00000e+00	0.00000e+00	0.00000e+00	0.00000e+00	0.00000e+00	0.00000e+00	0.00000e+00	0.00000e+00	0.00000e+00	0.00000e+00	0.00000e+00	0.00000e+00	0.00000e+00	0.00000e+00	0.00000e+00	0.00000e+00	0.00000e+00	0.00000e+00	0.00000e+00	0.00000e+00	0.00000e+00	0.00000e+00	0.00000e+00	0.00000e+00	0.00000e+00	0.00000e+00	0.00000e+00	0.00000e+00	0.00000e+00	0.00000e+00	0.00000e+00	0.00000e+00	0.00000e+00	0.00000e+00	0.00000e+00	0.00000e+00	0.00000e+00	0.00000e+00	0.00000e+00	0.00000e+00	0.00000e+00	0.00000e+00	0.00000e+00	0.00000e+00	0.00000e+00	0.00000e+00	0.00000e+00	0.00000e+00	0.00000e+00	0.00000e+00	0.00000e+00	0.00000e+00	0.00000e+00	0.00000e+00	0.00000e+00	0.00000e+00	0.00000e+00	0.00000e+00	0.00000e+00	0.00000e+00	0.00000e+00	0.00000e+00	0.00000e+00	0.00000e+00	0.00000e+00	0.00000e+00	0.00000e+00	0.00000e+00	0.00000e+00	0.00000e+00	0.00000e+00	0.00000e+00	0.00000e+00	0.00000e+00	0.00000e+00	0.00000e+00	0.00000e+00	0.00000e+00	0.00000e+00	0.00000e+00	0.00000e+00	0.00000e+00	0.00000e+00	0.00000e+00	0.00000e+00	0.00000e+00	0.00000e+00	0.00000e+00	0.00000e+00	0.00000e+00	0.00000e+00	0.00000e+00	0.00000e+00	0.00000e+00	0.00000e+00	0.00000e+00	0.00000e+00	0.00000e+00	0.00000e+00	0.00000e+00	0.00000e+00	0.00000e+00	0.00000e+00	0.00000e+00	0.00000e+00	0.00000e+00	0.00000e+00	0.00000e+00	0.00000e+00
12.96	0.00000e+00	0.00000e+00	0.00000e+00	0.00000e+00	0.00000e+00	0.00000e+00	0.00000e+00	0.00000e+00	0.00000e+00	0.00000e+00	0.00000e+00	0.00000e+00	0.00000e+00	0.00000e+00	0.00000e+00	0.00000e+00	0.00000e+00	0.00000e+00	0.00000e+00	0.00000e+00	0.00000e+00	0.00000e+00	0.00000e+00	0.00000e+00	0.00000e+00	0.00000e+00	0.00000e+00	0.00000e+00	0.00000e+00	0.00000e+00	0.00000e+00	0.00000e+00	0.00000e+00	0.00000e+00	0.00000e+00	0.00000e+00	0.00000e+00	0.00000e+00	0.00000e+00	0.00000e+00	0.00000e+00	0.00000e+00	0.00000e+00	0.00000e+00	0.00000e+00	0.00000e+00	0.00000e+00	0.00000e+00	0.00000e+00	0.00000e+00	0.00000e+00	0.00000e+00	0.00000e+00	0.00000e+00	0.00000e+00	0.00000e+00	0.00000e+00	0.00000e+00	0.00000e+00	0.00000e+00	0.00000e+00	0.00000e+00	0.00000e+00	0.00000e+00	0.00000e+00	0.00000e+00	0.00000e+00	0.00000e+00	0.00000e+00	0.00000e+00	0.00000e+00	0.00000e+00	0.00000e+00	0.00000e+00	0.00000e+00	0.00000e+00	0.00000e+00	0.00000e+00	0.00000e+00	0.00000e+00	0.00000e+00	0.00000e+00	0.00000e+00	0.00000e+00	0.00000e+00	0.00000e+00	0.00000e+00	0.00000e+00	0.00000e+00	0.00000e+00	0.00000e+00	0.00000e+00	0.00000e+00	0.00000e+00	0.00000e+00	0.00000e+00	0.00000e+00	0.00000e+00	0.00000e+00	0.00000e+00	0.00000e+00	0.00000e+00	0.00000e+00	0.00000e+00	0.00000e+00	0.00000e+00	0.00000e+00	0.00000e+00	0.00000e+00	0.00000e+00	0.00000e+00	0.00000e+00	0.00000e+00	0.00000e+00	0.00000e+00	0.00000e+00	0.00000e+00	0.00000e+00	0.00000e+00	0.00000e+00	0.00000e+00	0.00000e+00	0.00000e+00	0.00000e+00	0.00000e+00	0.00000e+00	0.00000e+00	0.00000e+00	0.00000e+00	0.00000e+00	0.00000e+00	0.00000e+00	0.00000e+00	0.00000e+00	0.00000e+00	0.00000e+00	0.00000e+00	0.00000e+00	0.00000e+00	0.00000e+00	0.00000e+00	0.00000e+00	0.00000e+00	0.00000e+00	0.00000e+00	0.00000e+00	0.00000e+00	0.00000e+00	0.00000e+00	0.00000e+00	0.00000e+00	0.00000e+00	0.00000e+00	0.00000e+00	0.00000e+00	0.00000e+00	0.00000e+00	0.00000e+00	0.00000e+00	0.00000e+00	0.00000e+00	0.00000e+00	0.00000e+00	0.00000e+00	0.00000e+00	0.00000e+00	0.00000e+00	0.00000e+00	0.00000e+00	0.00000e+00	0.00000e+00	0.00000e+00	0.00000e+00	0.00000e+00	0.00000e+00	0.00000e+00	0.00000e+00	0.00000e+00	0.00000e+00	0.00000e+00	0.00000e+00	0.00000e+00	0.00000e+00	0.00000e+00	0.00000e+00	0.00000e+00	0.00000e+00	0.00000e+00	0.00000e+00	0.00000e+00	0.00000e+00	0.00000e+00	0.00000e+00	0.00000e+00	0.00000e+00
13.00	0.00000e+00	0.00000e+00	0.00000e+00	0.00000e+00	0.00000e+00	0.00000e+00	0.00000e+00	0.00000e+00	0.00000e+00	0.00000e+00	0.00000e+00	0.00000e+00	0.00000e+00	0.00000e+00	0.00000e+00	0.00000e+00	0.00000e+00	0.00000e+00	0.00000e+00	0.00000e+00	0.00000e+00	0.00000e+00	0.00000e+00	0.00000e+00	0.00000e+00	0.00000e+00	0.00000e+00	0.00000e+00	0.00000e+00	0.00000e+00	0.00000e+00	0.00000e+00	0.00000e+00	0.00000e+00	0.00000e+00	0.00000e+00	0.00000e+00	0.00000e+00	0.00000e+00	0.00000e+00	0.00000e+00	0.00000e+00	0.00000e+00	0.00000e+00	0.00000e+00	0.00000e+00	0.00000e+00	0.00000e+00	0.00000e+00	0.00000e+00	0.00000e+00	0.00000e+00	0.00000e+00	0.00000e+00	0.00000e+00	0.00000e+00	0.00000e+00	0.00000e+00	0.00000e+00	0.00000e+00	0.00000e+00	0.00000e+00	0.00000e+00	0.00000e+00	0.00000e+00	0.00000e+00	0.00000e+00	0.00000e+00	0.00000e+00	0.00000e+00	0.00000e+00	0.00000e+00	0.00000e+00	0.00000e+00	0.00000e+00	0.00000e+00	0.00000e+00	0.00000e+00	0.00000e+00	0.00000e+00	0.00000e+00	0.00000e+00	0.00000e+00	0.00000e+00	0.00000e+00	0.00000e+00	0.00000e+00	0.00000e+00	0.00000e+00	0.00000e+00	0.00000e+00	0.00000e+00	0.00000e+00	0.00000e+00	0.00000e+00	0.00000e+00	0.00000e+00	0.00000e+00	0.00000e+00	0.00000e+00	0.00000e+00	0.00000e+00	0.00000e+00	0.00000e+00	0.00000e+00	0.00000e+00	0.00000e+00	0.00000e+00	0.00000e+00	0.00000e+00	0.00000e+00	0.00000e+00	0.00000e+00	0.00000e+00	0.00000e+00	0.00000e+00	0.00000e+00	0.00000e+00	0.00000e+00	0.00000e+00	0.00000e+00	0.00000e+00	0.00000e+00	0.00000e+00	0.00000e+00	0.00000e+00	0.00000e+00	0.00000e+00	0.00000e+00	0.00000e+00	0.00000e+00	0.00000e+00	0.00000e+00	0.00000e+00	0.00000e+00	0.00000e+00	0.00000e+00	0.00000e+00	0.00000e+00	0.00000e+00	0.00000e+00	0.00000e+00	0.00000e+00	0.00000e+00	0.00000e+00	0.00000e+00	0.00000e+00	0.00000e+00	0.00000e+00	0.00000e+00	0.00000e+00	0.00000e+00	0.00000e+00	0.00000e+00	0.00000e+00	0.00000e+00	0.00000e+00	0.00000e+00	0.00000e+00	0.00000e+00	0.00000e+00	0.00000e+00	0.00000e+00	0.00000e+00	0.00000e+00	0.00000e+00	0.00000e+00	0.00000e+00	0.00000e+00	0.00000e+00	0.00000e+00	0.00000e+00	0.00000e+00	0.00000e+00	0.00000e+00	0.00000e+00	0.00000e+00	0.00000e+00	0.00000e+00	0.00000e+00	0.00000e+00	0.00000e+00	0.00000e+00	0.00000e+00	0.00000e+00	0.00000e+00	0.00000e+00	0.00000e+00	0.00000e+00	0.00000e+00	0.00000e+00	0.00000e+00	0.00000e+00	0.00000e+00	0.00000e+00
13.03	0.00000e+00	0.00000e+00	0.00000e+00	0.00000e+00	0.00000e+00	0.00000e+00	0.00000e+00	0.00000e+00	0.00000e+00	0.00000e+00	0.00000e+00	0.00000e+00	0.00000e+00	0.00000e+00	0.00000e+00	0.00000e+00	0.00000e+00	0.00000e+00	0.00000e+00	0.00000e+00	0.00000e+00	0.00000e+00	0.00000e+00	0.00000e+00	0.00000e+00	0.00000e+00	0.00000e+00	0.00000e+00	0.00000e+00	0.00000e+00	0.00000e+00	0.00000e+00	0.00000e+00	0.00000e+00	0.00000e+00	0.00000e+00	0.00000e+00	0.00000e+00	0.00000e+00	0.00000e+00	0.00000e+00	0.00000e+00	0.00000e+00	0.00000e+00	0.00000e+00	0.00000e+00	0.00000e+00	0.00000e+00	0.00000e+00	0.00000e+00	0.00000e+00	0.00000e+00	0.00000e+00	0.00000e+00	0.00000e+00	0.00000e+00	0.00000e+00	0.00000e+00	0.00000e+00	0.00000e+00	0.00000e+00	0.00000e+00	0.00000e+00	0.00000e+00	0.00000e+00	0.00000e+00	0.00000e+00	0.00000e+00	0.00000e+00	0.00000e+00	0.00000e+00	0.00000e+00	0.00000e+00	0.00000e+00	0.00000e+00	0.00000e+00	0.00000e+00	0.00000e+00	0.00000e+00	0.00000e+00	0.00000e+00	0.00000e+00	0.00000e+00	0.00000e+00	0.00000e+00	0.00000e+00	0.00000e+00	0.00000e+00	0.00000e+00	0.00000e+00	0.00000e+00	0.00000e+00	0.00000e+00	0.00000e+00	0.00000e+00	0.00000e+00	0.00000e+00	0.00000e+00	0.00000e+00	0.00000e+00	0.00000e+00	0.00000e+00	0.00000e+00	0.00000e+00	0.00000e+00	0.00000e+00	0.00000e+00	0.00000e+00	0.00000e+00	0.00000e+00	0.00000e+00	0.00000e+00	0.00000e+00	0.00000e+00	0.00000e+00	0.00000e+00	0.00000e+00	0.00000e+00	0.00000e+00	0.00000e+00	0.00000e+00	0.00000e+00	0.00000e+00	0.00000e+00	0.00000e+00	0.00000e+00	0.00000e+00	0.00000e+00	0.00000e+00	0.00000e+00	0.00000e+00	0.00000e+00	0.00000e+00	0.00000e+00	0.00000e+00	0.00000e+00	0.00000e+00	0.00000e+00	0.00000e+00	0.00000e+00	0.00000e+00	0.00000e+00	0.00000e+00	0.00000e+00	0.00000e+00	0.00000e+00	0.00000e+00	0.00000e+00	0.00000e+00	0.00000e+00	0.00000e+00	0.00000e+00	0.00000e+00	0.00000e+00	0.00000e+00	0.00000e+00	0.00000e+00	0.00000e+00	0.00000e+00	0.00000e+00	0.00000e+00	0.00000e+00	0.00000e+00	0.00000e+00	0.00000e+00	0.00000e+00	0.00000e+00	0.00000e+00	0.00000e+00	0.00000e+00	0.00000e+00	0.00000e+00	0.00000e+00	0.00000e+00	0.00000e+00	0.00000e+00	0.00000e+00	0.00000e+00	0.00000e+00	0.00000e+00	0.00000e+00	0.00000e+00	0.00000e+00	0.00000e+00	0.00000e+00	0.00000e+00	0.00000e+00	0.00000e+00	0.00000e+00	0.00000e+00	0.00000e+00	0.00000e+00	0.00000e+00	0.00000e+00	0.00000e+00
13.07	0.00000e+00	0.00000e+00	0.00000e+00	0.00000e+00	0.00000e+00	0.00000e+00	0.00000e+00	0.00000e+00	0.00000e+00	0.00000e+00	0.00000e+00	0.00000e+00	0.00000e+00	0.00000e+00	0.00000e+00	0.00000e+00	0.00000e+00	0.00000e+00	0.00000e+00	0.00000e+00	0.00000e+00	0.00000e+00	0.00000e+00	0.00000e+00	0.00000e+00	0.00000e+00	0.00000e+00	0.00000e+00	0.00000e+00	0.00000e+00	0.00000e+00	0.00000e+00	0.00000e+00	0.00000e+00	0.00000e+00	0.00000e+00	0.00000e+00	0.00000e+00	0.00000e+00	0.00000e+00	0.00000e+00	0.00000e+00	0.00000e+00	0.00000e+00	0.00000e+00	0.00000e+00	0.00000e+00	0.00000e+00	0.00000e+00	0.00000e+00	0.00000e+00	0.00000e+00	0.00000e+00	0.00000e+00	0.00000e+00	0.00000e+00	0.00000e+00	0.00000e+00	0.00000e+00	0.00000e+00	0.00000e+00	0.00000e+00	0.00000e+00	0.00000e+00	0.00000e+00	0.00000e+00	0.00000e+00	0.00000e+00	0.00000e+00	0.00000e+00	0.00000e+00	0.00000e+00	0.00000e+00	0.00000e+00	0.00000e+00	0.00000e+00	0.00000e+00	0.00000e+00	0.00000e+00	0.00000e+00	0.00000e+00	0.00000e+00	0.00000e+00	0.00000e+00	0.00000e+00	0.00000e+00	0.00000e+00	0.00000e+00	0.00000e+00	0.00000e+00	0.00000e+00	0.00000e+00	0.00000e+00	0.00000e+00	0.00000e+00	0.00000e+00	0.00000e+00	0.00000e+00	0.00000e+00	0.00000e+00	0.00000e+00	0.00000e+00	0.00000e+00	0.00000e+00	0.00000e+00	0.00000e+00	0.00000e+00	0.00000e+00	0.00000e+00	0.00000e+00	0.00000e+00	0.00000e+00	0.00000e+00	0.00000e+00	0.00000e+00	0.00000e+00	0.00000e+00	0.00000e+00	0.00000e+00	0.00000e+00	0.00000e+00	0.00000e+00	0.00000e+00	0.00000e+00	0.00000e+00	0.00000e+00	0.00000e+00	0.00000e+00	0.00000e+00	0.00000e+00	0.00000e+00	0.00000e+00	0.00000e+00	0.00000e+00	0.00000e+00	0.00000e+00	0.00000e+00	0.00000e+00	0.00000e+00	0.00000e+00	0.00000e+00	0.00000e+00	0.00000e+00	0.00000e+00	0.00000e+00	0.00000e+00	0.00000e+00	0.00000e+00	0.00000e+00	0.00000e+00	0.00000e+00	0.00000e+00	0.00000e+00	0.00000e+00	0.00000e+00	0.00000e+00	0.00000e+00	0.00000e+00	0.00000e+00	0.00000e+00	0.00000e+00	0.00000e+00	0.00000e+00	0.00000e+00	0.00000e+00	0.00000e+00	0.00000e+00	0.00000e+00	0.00000e+00	0.00000e+00	0.00000e+00	0.00000e+00	0.00000e+00	0.00000e+00	0.00000e+00	0.00000e+00	0.00000e+00	0.00000e+00	0.00000e+00	0.00000e+00	0.00000e+00	0.00000e+00	0.00000e+00	0.00000e+00	0.00000e+00	0.00000e+00	0.00000e+00	0.00000e+00	0.00000e+00	0.00000e+00	0.00000e+00	0.00000e+00	0.00000e+00	0.00000e+00	0.00000e+00
13.10	0.00000e+00	0.00000e+00	0.00000e+00	0.00000e+00	0.00000e+00	0.00000e+00	0.00000e+00	0.00000e+00	0.00000e+00	0.00000e+00	0.00000e+00	0.00000e+00	0.00000e+00	0.00000e+00	0.00000e+00	0.00000e+00	0.00000e+00	0.00000e+00	0.00000e+00	0.00000e+00	0.00000e+00	0.00000e+00	0.00000e+00	0.00000e+00	0.00000e+00	0.00000e+00	0.00000e+00	0.00000e+00	0.00000e+00	0.00000e+00	0.00000e+00	0.00000e+00	0.00000e+00	0.00000e+00	0.00000e+00	0.00000e+00	0.00000e+00	0.00000e+00	0.00000e+00	0.00000e+00	0.00000e+00	0.00000e+00	0.00000e+00	0.00000e+00	0.00000e+00	0.00000e+00	0.00000e+00	0.00000e+00	0.00000e+00	0.00000e+00	0.00000e+00	0.00000e+00	0.00000e+00	0.00000e+00	0.00000e+00	0.00000e+00	0.00000e+00	0.00000e+00	0.00000e+00	0.00000e+00	0.00000e+00	0.00000e+00	0.00000e+00	0.00000e+00	0.00000e+00	0.00000e+00	0.00000e+00	0.00000e+00	0.00000e+00	0.00000e+00	0.00000e+00	0.00000e+00	0.00000e+00	0.00000e+00	0.00000e+00	0.00000e+00	0.00000e+00	0.00000e+00	0.00000e+00	0.00000e+00	0.00000e+00	0.00000e+00	0.00000e+00	0.00000e+00	0.00000e+00	0.00000e+00	0.00000e+00	0.00000e+00	0.00000e+00	0.00000e+00	0.00000e+00	0.00000e+00	0.00000e+00	0.00000e+00	0.00000e+00	0.00000e+00	0.00000e+00	0.00000e+00	0.00000e+00	0.00000e+00	0.00000e+00	0.00000e+00	0.00000e+00	0.00000e+00	0.00000e+00	0.00000e+00	0.00000e+00	0.00000e+00	0.00000e+00	0.00000e+00	0.00000e+00	0.00000e+00	0.00000e+00	0.00000e+00	0.00000e+00	0.00000e+00	0.00000e+00	0.00000e+00	0.00000e+00	0.00000e+00	0.00000e+00	0.00000e+00	0.00000e+00	0.00000e+00	0.00000e+00	0.00000e+00	0.00000e+00	0.00000e+00	0.00000e+00	0.00000e+00	0.00000e+00	0.00000e+00	0.00000e+00	0.00000e+00	0.00000e+00	0.00000e+00	0.00000e+00	0.00000e+00	0.00000e+00	0.00000e+00	0.00000e+00	0.00000e+00	0.00000e+00	0.00000e+00	0.00000e+00	0.00000e+00	0.00000e+00	0.00000e+00	0.00000e+00	0.00000e+00	0.00000e+00	0.00000e+00	0.00000e+00	0.00000e+00	0.00000e+00	0.00000e+00	0.00000e+00	0.00000e+00	0.00000e+00	0.00000e+00	0.00000e+00	0.00000e+00	0.00000e+00	0.00000e+00	0.00000e+00	0.00000e+00	0.00000e+00	0.00000e+00	0.00000e+00	0.00000e+00	0.00000e+00	0.00000e+00	0.00000e+00	0.00000e+00	0.00000e+00	0.00000e+00	0.00000e+00	0.00000e+00	0.00000e+00	0.00000e+00	0.00000e+00	0.00000e+00	0.00000e+00	0.00000e+00	0.00000e+00	0.00000e+00	0.00000e+00	0.00000e+00	0.00000e+00	0.00000e+00	0.00000e+00	0.00000e+00	0.00000e+00	0.00000e+00	0.00000e+00
13.13	0.00000e+00	0.00000e+00	0.00000e+00	0.00000e+00	0.00000e+00	0.00000e+00	0.00000e+00	0.00000e+00	0.00000e+00	0.00000e+00	0.00000e+00	0.00000e+00	0.00000e+00	0.00000e+00	0.00000e+00	0.00000e+00	0.00000e+00	0.00000e+00	0.00000e+00	0.00000e+00	0.00000e+00	0.00000e+00	0.00000e+00	0.00000e+00	0.00000e+00	0.00000e+00	0.00000e+00	0.00000e+00	0.00000e+00	0.00000e+00	0.00000e+00	0.00000e+00	0.00000e+00	0.00000e+00	0.00000e+00	0.00000e+00	0.00000e+00	0.00000e+00	0.00000e+00	0.00000e+00	0.00000e+00	0.00000e+00	0.00000e+00	0.00000e+00	0.00000e+00	0.00000e+00	0.00000e+00	0.00000e+00	0.00000e+00	0.00000e+00	0.00000e+00	0.00000e+00	0.00000e+00	0.00000e+00	0.00000e+00	0.00000e+00	0.00000e+00	0.00000e+00	0.00000e+00	0.00000e+00	0.00000e+00	0.00000e+00	0.00000e+00	0.00000e+00	0.00000e+00	0.00000e+00	0.00000e+00	0.00000e+00	0.00000e+00	0.00000e+00	0.00000e+00	0.00000e+00	0.00000e+00	0.00000e+00	0.00000e+00	0.00000e+00	0.00000e+00	0.00000e+00	0.00000e+00	0.00000e+00	0.00000e+00	0.00000e+00	0.00000e+00	0.00000e+00	0.00000e+00	0.00000e+00	0.00000e+00	0.00000e+00	0.00000e+00	0.00000e+00	0.00000e+00	0.00000e+00	0.00000e+00	0.00000e+00	0.00000e+00	0.00000e+00	0.00000e+00	0.00000e+00	0.00000e+00	0.00000e+00	0.00000e+00	0.00000e+00	0.00000e+00	0.00000e+00	0.00000e+00	0.00000e+00	0.00000e+00	0.00000e+00	0.00000e+00	0.00000e+00	0.00000e+00	0.00000e+00	0.00000e+00	0.00000e+00	0.00000e+00	0.00000e+00	0.00000e+00	0.00000e+00	0.00000e+00	0.00000e+00	0.00000e+00	0.00000e+00	0.00000e+00	0.00000e+00	0.00000e+00	0.00000e+00	0.00000e+00	0.00000e+00	0.00000e+00	0.00000e+00	0.00000e+00	0.00000e+00	0.00000e+00	0.00000e+00	0.00000e+00	0.00000e+00	0.00000e+00	0.00000e+00	0.00000e+00	0.00000e+00	0.00000e+00	0.00000e+00	0.00000e+00	0.00000e+00	0.00000e+00	0.00000e+00	0.00000e+00	0.00000e+00	0.00000e+00	0.00000e+00	0.00000e+00	0.00000e+00	0.00000e+00	0.00000e+00	0.00000e+00	0.00000e+00	0.00000e+00	0.00000e+00	0.00000e+00	0.00000e+00	0.00000e+00	0.00000e+00	0.00000e+00	0.00000e+00	0.00000e+00	0.00000e+00	0.00000e+00	0.00000e+00	0.00000e+00	0.00000e+00	0.00000e+00	0.00000e+00	0.00000e+00	0.00000e+00	0.00000e+00	0.00000e+00	0.00000e+00	0.00000e+00	0.00000e+00	0.00000e+00	0.00000e+00	0.00000e+00	0.00000e+00	0.00000e+00	0.00000e+00	0.00000e+00	0.00000e+00	0.00000e+00	0.00000e+00	0.00000e+00	0.00000e+00	0.00000e+00	0.00000e+00	0.00000e+00	0.00000e+00
13.17	0.00000e+00	0.00000e+00	0.00000e+00	0.00000e+00	0.00000e+00	0.00000e+00	0.00000e+00	0.00000e+00	0.00000e+00	0.00000e+00	0.00000e+00	0.00000e+00	0.00000e+00	0.00000e+00	0.00000e+00	0.00000e+00	0.00000e+00	0.00000e+00	0.00000e+00	0.00000e+00	0.00000e+00	0.00000e+00	0.00000e+00	0.00000e+00	0.00000e+00	0.00000e+00	0.00000e+00	0.00000e+00	0.00000e+00	0.00000e+00	0.00000e+00	0.00000e+00	0.00000e+00	0.00000e+00	0.00000e+00	0.00000e+00	0.00000e+00	0.00000e+00	0.00000e+00	0.00000e+00	0.00000e+00	0.00000e+00	0.00000e+00	0.00000e+00	0.00000e+00	0.00000e+00	0.00000e+00	0.00000e+00	0.00000e+00	0.00000e+00	0.00000e+00	0.00000e+00	0.00000e+00	0.00000e+00	0.00000e+00	0.00000e+00	0.00000e+00	0.00000e+00	0.00000e+00	0.00000e+00	0.00000e+00	0.00000e+00	0.00000e+00	0.00000e+00	0.00000e+00	0.00000e+00	0.00000e+00	0.00000e+00	0.00000e+00	0.00000e+00	0.00000e+00	0.00000e+00	0.00000e+00	0.00000e+00	0.00000e+00	0.00000e+00	0.00000e+00	0.00000e+00	0.00000e+00	0.00000e+00	0.00000e+00	0.00000e+00	0.00000e+00	0.00000e+00	0.00000e+00	0.00000e+00	0.00000e+00	0.00000e+00	0.00000e+00	0.00000e+00	0.00000e+00	0.00000e+00	0.00000e+00	0.00000e+00	0.00000e+00	0.00000e+00	0.00000e+00	0.00000e+00	0.00000e+00	0.00000e+00	0.00000e+00	0.00000e+00	0.00000e+00	0.00000e+00	0.00000e+00	0.00000e+00	0.00000e+00	0.00000e+00	0.00000e+00	0.00000e+00	0.00000e+00	0.00000e+00	0.00000e+00	0.00000e+00	0.00000e+00	0.00000e+00	0.00000e+00	0.00000e+00	0.00000e+00	0.00000e+00	0.00000e+00	0.00000e+00	0.00000e+00	0.00000e+00	0.00000e+00	0.00000e+00	0.00000e+00	0.00000e+00	0.00000e+00	0.00000e+00	0.00000e+00	0.00000e+00	0.00000e+00	0.00000e+00	0.00000e+00	0.00000e+00	0.00000e+00	0.00000e+00	0.00000e+00	0.00000e+00	0.00000e+00	0.00000e+00	0.00000e+00	0.00000e+00	0.00000e+00	0.00000e+00	0.00000e+00	0.00000e+00	0.00000e+00	0.00000e+00	0.00000e+00	0.00000e+00	0.00000e+00	0.00000e+00	0.00000e+00	0.00000e+00	0.00000e+00	0.00000e+00	0.00000e+00	0.00000e+00	0.00000e+00	0.00000e+00	0.00000e+00	0.00000e+00	0.00000e+00	0.00000e+00	0.00000e+00	0.00000e+00	0.00000e+00	0.00000e+00	0.00000e+00	0.00000e+00	0.00000e+00	0.00000e+00	0.00000e+00	0.00000e+00	0.00000e+00	0.00000e+00	0.00000e+00	0.00000e+00	0.00000e+00	0.00000e+00	0.00000e+00	0.00000e+00	0.00000e+00	0.00000e+00	0.00000e+00	0.00000e+00	0.00000e+00	0.00000e+00	0.00000e+00	0.00000e+00	0.00000e+00	0.00000e+00	0.00000e+00
13.20	0.00000e+00	0.00000e+00	0.00000e+00	0.00000e+00	0.00000e+00	0.00000e+00	0.00000e+00	0.00000e+00	0.00000e+00	0.00000e+00	0.00000e+00	0.00000e+00	0.00000e+00	0.00000e+00	0.00000e+00	0.00000e+00	0.00000e+00	0.00000e+00	0.00000e+00	0.00000e+00	0.00000e+00	0.00000e+00	0.00000e+00	0.00000e+00	0.00000e+00	0.00000e+00	0.00000e+00	0.00000e+00	0.00000e+00	0.00000e+00	0.00000e+00	0.00000e+00	0.00000e+00	0.00000e+00	0.00000e+00	0.00000e+00	0.00000e+00	0.00000e+00	0.00000e+00	0.00000e+00	0.00000e+00	0.00000e+00	0.00000e+00	0.00000e+00	0.00000e+00	0.00000e+00	0.00000e+00	0.00000e+00	0.00000e+00	0.00000e+00	0.00000e+00	0.00000e+00	0.00000e+00	0.00000e+00	0.00000e+00	0.00000e+00	0.00000e+00	0.00000e+00	0.00000e+00	0.00000e+00	0.00000e+00	0.00000e+00	0.00000e+00	0.00000e+00	0.00000e+00	0.00000e+00	0.00000e+00	0.00000e+00	0.00000e+00	0.00000e+00	0.00000e+00	0.00000e+00	0.00000e+00	0.00000e+00	0.00000e+00	0.00000e+00	0.00000e+00	0.00000e+00	0.00000e+00	0.00000e+00	0.00000e+00	0.00000e+00	0.00000e+00	0.00000e+00	0.00000e+00	0.00000e+00	0.00000e+00	0.00000e+00	0.00000e+00	0.00000e+00	0.00000e+00	0.00000e+00	0.00000e+00	0.00000e+00	0.00000e+00	0.00000e+00	0.00000e+00	0.00000e+00	0.00000e+00	0.00000e+00	0.00000e+00	0.00000e+00	0.00000e+00	0.00000e+00	0.00000e+00	0.00000e+00	0.00000e+00	0.00000e+00	0.00000e+00	0.00000e+00	0.00000e+00	0.00000e+00	0.00000e+00	0.00000e+00	0.00000e+00	0.00000e+00	0.00000e+00	0.00000e+00	0.00000e+00	0.00000e+00	0.00000e+00	0.00000e+00	0.00000e+00	0.00000e+00	0.00000e+00	0.00000e+00	0.00000e+00	0.00000e+00	0.00000e+00	0.00000e+00	0.00000e+00	0.00000e+00	0.00000e+00	0.00000e+00	0.00000e+00	0.00000e+00	0.00000e+00	0.00000e+00	0.00000e+00	0.00000e+00	0.00000e+00	0.00000e+00	0.00000e+00	0.00000e+00	0.00000e+00	0.00000e+00	0.00000e+00	0.00000e+00	0.00000e+00	0.00000e+00	0.00000e+00	0.00000e+00	0.00000e+00	0.00000e+00	0.00000e+00	0.00000e+00	0.00000e+00	0.00000e+00	0.00000e+00	0.00000e+00	0.00000e+00	0.00000e+00	0.00000e+00	0.00000e+00	0.00000e+00	0.00000e+00	0.00000e+00	0.00000e+00	0.00000e+00	0.00000e+00	0.00000e+00	0.00000e+00	0.00000e+00	0.00000e+00	0.00000e+00	0.00000e+00	0.00000e+00	0.00000e+00	0.00000e+00	0.00000e+00	0.00000e+00	0.00000e+00	0.00000e+00	0.00000e+00	0.00000e+00	0.00000e+00	0.00000e+00	0.00000e+00	0.00000e+00	0.00000e+00	0.00000e+00	0.00000e+00	0.00000e+00	0.00000e+00	0.00000e+00
13.24	0.00000e+00	0.00000e+00	0.00000e+00	0.00000e+00	0.00000e+00	0.00000e+00	0.00000e+00	0.00000e+00	0.00000e+00	0.00000e+00	0.00000e+00	0.00000e+00	0.00000e+00	0.00000e+00	0.00000e+00	0.00000e+00	0.00000e+00	0.00000e+00	0.00000e+00	0.00000e+00	0.00000e+00	0.00000e+00	0.00000e+00	0.00000e+00	0.00000e+00	0.00000e+00	0.00000e+00	0.00000e+00	0.00000e+00	0.00000e+00	0.00000e+00	0.00000e+00	0.00000e+00	0.00000e+00	0.00000e+00	0.00000e+00	0.00000e+00	0.00000e+00	0.00000e+00	0.00000e+00	0.00000e+00	0.00000e+00	0.00000e+00	0.00000e+00	0.00000e+00	0.00000e+00	0.00000e+00	0.00000e+00	0.00000e+00	0.00000e+00	0.00000e+00	0.00000e+00	0.00000e+00	0.00000e+00	0.00000e+00	0.00000e+00	0.00000e+00	0.00000e+00	0.00000e+00	0.00000e+00	0.00000e+00	0.00000e+00	0.00000e+00	0.00000e+00	0.00000e+00	0.00000e+00	0.00000e+00	0.00000e+00	0.00000e+00	0.00000e+00	0.00000e+00	0.00000e+00	0.00000e+00	0.00000e+00	0.00000e+00	0.00000e+00	0.00000e+00	0.00000e+00	0.00000e+00	0.00000e+00	0.00000e+00	0.00000e+00	0.00000e+00	0.00000e+00	0.00000e+00	0.00000e+00	0.00000e+00	0.00000e+00	0.00000e+00	0.00000e+00	0.00000e+00	0.00000e+00	0.00000e+00	0.00000e+00	0.00000e+00	0.00000e+00	0.00000e+00	0.00000e+00	0.00000e+00	0.00000e+00	0.00000e+00	0.00000e+00	0.00000e+00	0.00000e+00	0.00000e+00	0.00000e+00	0.00000e+00	0.00000e+00	0.00000e+00	0.00000e+00	0.00000e+00	0.00000e+00	0.00000e+00	0.00000e+00	0.00000e+00	0.00000e+00	0.00000e+00	0.00000e+00	0.00000e+00	0.00000e+00	0.00000e+00	0.00000e+00	0.00000e+00	0.00000e+00	0.00000e+00	0.00000e+00	0.00000e+00	0.00000e+00	0.00000e+00	0.00000e+00	0.00000e+00	0.00000e+00	0.00000e+00	0.00000e+00	0.00000e+00	0.00000e+00	0.00000e+00	0.00000e+00	0.00000e+00	0.00000e+00	0.00000e+00	0.00000e+00	0.00000e+00	0.00000e+00	0.00000e+00	0.00000e+00	0.00000e+00	0.00000e+00	0.00000e+00	0.00000e+00	0.00000e+00	0.00000e+00	0.00000e+00	0.00000e+00	0.00000e+00	0.00000e+00	0.00000e+00	0.00000e+00	0.00000e+00	0.00000e+00	0.00000e+00	0.00000e+00	0.00000e+00	0.00000e+00	0.00000e+00	0.00000e+00	0.00000e+00	0.00000e+00	0.00000e+00	0.00000e+00	0.00000e+00	0.00000e+00	0.00000e+00	0.00000e+00	0.00000e+00	0.00000e+00	0.00000e+00	0.00000e+00	0.00000e+00	0.00000e+00	0.00000e+00	0.00000e+00	0.00000e+00	0.00000e+00	0.00000e+00	0.00000e+00	0.00000e+00	0.00000e+00	0.00000e+00	0.00000e+00	0.00000e+00	0.00000e+00	0.00000e+00	0.00000e+00	0.00000e+00
13.27	0.00000e+00	0.00000e+00	0.00000e+00	0.00000e+00	0.00000e+00	0.00000e+00	0.00000e+00	0.00000e+00	0.00000e+00	0.00000e+00	0.00000e+00	0.00000e+00	0.00000e+00	0.00000e+00	0.00000e+00	0.00000e+00	0.00000e+00	0.00000e+00	0.00000e+00	0.00000e+00	0.00000e+00	0.00000e+00	0.00000e+00	0.00000e+00	0.00000e+00	0.00000e+00	0.00000e+00	0.00000e+00	0.00000e+00	0.00000e+00	0.00000e+00	0.00000e+00	0.00000e+00	0.00000e+00	0.00000e+00	0.00000e+00	0.00000e+00	0.00000e+00	0.00000e+00	0.00000e+00	0.00000e+00	0.00000e+00	0.00000e+00	0.00000e+00	0.00000e+00	0.00000e+00	0.00000e+00	0.00000e+00	0.00000e+00	0.00000e+00	0.00000e+00	0.00000e+00	0.00000e+00	0.00000e+00	0.00000e+00	0.00000e+00	0.00000e+00	0.00000e+00	0.00000e+00	0.00000e+00	0.00000e+00	0.00000e+00	0.00000e+00	0.00000e+00	0.00000e+00	0.00000e+00	0.00000e+00	0.00000e+00	0.00000e+00	0.00000e+00	0.00000e+00	0.00000e+00	0.00000e+00	0.00000e+00	0.00000e+00	0.00000e+00	0.00000e+00	0.00000e+00	0.00000e+00	0.00000e+00	0.00000e+00	0.00000e+00	0.00000e+00	0.00000e+00	0.00000e+00	0.00000e+00	0.00000e+00	0.00000e+00	0.00000e+00	0.00000e+00	0.00000e+00	0.00000e+00	0.00000e+00	0.00000e+00	0.00000e+00	0.00000e+00	0.00000e+00	0.00000e+00	0.00000e+00	0.00000e+00	0.00000e+00	0.00000e+00	0.00000e+00	0.00000e+00	0.00000e+00	0.00000e+00	0.00000e+00	0.00000e+00	0.00000e+00	0.00000e+00	0.00000e+00	0.00000e+00	0.00000e+00	0.00000e+00	0.00000e+00	0.00000e+00	0.00000e+00	0.00000e+00	0.00000e+00	0.00000e+00	0.00000e+00	0.00000e+00	0.00000e+00	0.00000e+00	0.00000e+00	0.00000e+00	0.00000e+00	0.00000e+00	0.00000e+00	0.00000e+00	0.00000e+00	0.00000e+00	0.00000e+00	0.00000e+00	0.00000e+00	0.00000e+00	0.00000e+00	0.00000e+00	0.00000e+00	0.00000e+00	0.00000e+00	0.00000e+00	0.00000e+00	0.00000e+00	0.00000e+00	0.00000e+00	0.00000e+00	0.00000e+00	0.00000e+00	0.00000e+00	0.00000e+00	0.00000e+00	0.00000e+00	0.00000e+00	0.00000e+00	0.00000e+00	0.00000e+00	0.00000e+00	0.00000e+00	0.00000e+00	0.00000e+00	0.00000e+00	0.00000e+00	0.00000e+00	0.00000e+00	0.00000e+00	0.00000e+00	0.00000e+00	0.00000e+00	0.00000e+00	0.00000e+00	0.00000e+00	0.00000e+00	0.00000e+00	0.00000e+00	0.00000e+00	0.00000e+00	0.00000e+00	0.00000e+00	0.00000e+00	0.00000e+00	0.00000e+00	0.00000e+00	0.00000e+00	0.00000e+00	0.00000e+00	0.00000e+00	0.00000e+00	0.00000e+00	0.00000e+00	0.00000e+00	0.00000e+00	0.00000e+00	0.00000e+00	0.00000e+00
13.30	0.00000e+00	0.00000e+00	0.00000e+00	0.00000e+00	0.00000e+00	0.00000e+00	0.00000e+00	0.00000e+00	0.00000e+00	0.00000e+00	0.00000e+00	0.00000e+00	0.00000e+00	0.00000e+00	0.00000e+00	0.00000e+00	0.00000e+00	0.00000e+00	0.00000e+00	0.00000e+00	0.00000e+00	0.00000e+00	0.00000e+00	0.00000e+00	0.00000e+00	0.00000e+00	0.00000e+00	0.00000e+00	0.00000e+00	0.00000e+00	0.00000e+00	0.00000e+00	0.00000e+00	0.00000e+00	0.00000e+00	0.00000e+00	0.00000e+00	0.00000e+00	0.00000e+00	0.00000e+00	0.00000e+00	0.00000e+00	0.00000e+00	0.00000e+00	0.00000e+00	0.00000e+00	0.00000e+00	0.00000e+00	0.00000e+00	0.00000e+00	0.00000e+00	0.00000e+00	0.00000e+00	0.00000e+00	0.00000e+00	0.00000e+00	0.00000e+00	0.00000e+00	0.00000e+00	0.00000e+00	0.00000e+00	0.00000e+00	0.00000e+00	0.00000e+00	0.00000e+00	0.00000e+00	0.00000e+00	0.00000e+00	0.00000e+00	0.00000e+00	0.00000e+00	0.00000e+00	0.00000e+00	0.00000e+00	0.00000e+00	0.00000e+00	0.00000e+00	0.00000e+00	0.00000e+00	0.00000e+00	0.00000e+00	0.00000e+00	0.00000e+00	0.00000e+00	0.00000e+00	0.00000e+00	0.00000e+00	0.00000e+00	0.00000e+00	0.00000e+00	0.00000e+00	0.00000e+00	0.00000e+00	0.00000e+00	0.00000e+00	0.00000e+00	0.00000e+00	0.00000e+00	0.00000e+00	0.00000e+00	0.00000e+00	0.00000e+00	0.00000e+00	0.00000e+00	0.00000e+00	0.00000e+00	0.00000e+00	0.00000e+00	0.00000e+00	0.00000e+00	0.00000e+00	0.00000e+00	0.00000e+00	0.00000e+00	0.00000e+00	0.00000e+00	0.00000e+00	0.00000e+00	0.00000e+00	0.00000e+00	0.00000e+00	0.00000e+00	0.00000e+00	0.00000e+00	0.00000e+00	0.00000e+00	0.00000e+00	0.00000e+00	0.00000e+00	0.00000e+00	0.00000e+00	0.00000e+00	0.00000e+00	0.00000e+00	0.00000e+00	0.00000e+00	0.00000e+00	0.00000e+00	0.00000e+00	0.00000e+00	0.00000e+00	0.00000e+00	0.00000e+00	0.00000e+00	0.00000e+00	0.00000e+00	0.00000e+00	0.00000e+00	0.00000e+00	0.00000e+00	0.00000e+00	0.00000e+00	0.00000e+00	0.00000e+00	0.00000e+00	0.00000e+00	0.00000e+00	0.00000e+00	0.00000e+00	0.00000e+00	0.00000e+00	0.00000e+00	0.00000e+00	0.00000e+00	0.00000e+00	0.00000e+00	0.00000e+00	0.00000e+00	0.00000e+00	0.00000e+00	0.00000e+00	0.00000e+00	0.00000e+00	0.00000e+00	0.00000e+00	0.00000e+00	0.00000e+00	0.00000e+00	0.00000e+00	0.00000e+00	0.00000e+00	0.00000e+00	0.00000e+00	0.00000e+00	0.00000e+00	0.00000e+00	0.00000e+00	0.00000e+00	0.00000e+00	0.00000e+00	0.00000e+00	0.00000e+00	0.00000e+00	0.00000e+00	0.00000e+00
13.34	0.00000e+00	0.00000e+00	0.00000e+00	0.00000e+00	0.00000e+00	0.00000e+00	0.00000e+00	0.00000e+00	0.00000e+00	0.00000e+00	0.00000e+00	0.00000e+00	0.00000e+00	0.00000e+00	0.00000e+00	0.00000e+00	0.00000e+00	0.00000e+00	0.00000e+00	0.00000e+00	0.00000e+00	0.00000e+00	0.00000e+00	0.00000e+00	0.00000e+00	0.00000e+00	0.00000e+00	0.00000e+00	0.00000e+00	0.00000e+00	0.00000e+00	0.00000e+00	0.00000e+00	0.00000e+00	0.00000e+00	0.00000e+00	0.00000e+00	0.00000e+00	0.00000e+00	0.00000e+00	0.00000e+00	0.00000e+00	0.00000e+00	0.00000e+00	0.00000e+00	0.00000e+00	0.00000e+00	0.00000e+00	0.00000e+00	0.00000e+00	0.00000e+00	0.00000e+00	0.00000e+00	0.00000e+00	0.00000e+00	0.00000e+00	0.00000e+00	0.00000e+00	0.00000e+00	0.00000e+00	0.00000e+00	0.00000e+00	0.00000e+00	0.00000e+00	0.00000e+00	0.00000e+00	0.00000e+00	0.00000e+00	0.00000e+00	0.00000e+00	0.00000e+00	0.00000e+00	0.00000e+00	0.00000e+00	0.00000e+00	0.00000e+00	0.00000e+00	0.00000e+00	0.00000e+00	0.00000e+00	0.00000e+00	0.00000e+00	0.00000e+00	0.00000e+00	0.00000e+00	0.00000e+00	0.00000e+00	0.00000e+00	0.00000e+00	0.00000e+00	0.00000e+00	0.00000e+00	0.00000e+00	0.00000e+00	0.00000e+00	0.00000e+00	0.00000e+00	0.00000e+00	0.00000e+00	0.00000e+00	0.00000e+00	0.00000e+00	0.00000e+00	0.00000e+00	0.00000e+00	0.00000e+00	0.00000e+00	0.00000e+00	0.00000e+00	0.00000e+00	0.00000e+00	0.00000e+00	0.00000e+00	0.00000e+00	0.00000e+00	0.00000e+00	0.00000e+00	0.00000e+00	0.00000e+00	0.00000e+00	0.00000e+00	0.00000e+00	0.00000e+00	0.00000e+00	0.00000e+00	0.00000e+00	0.00000e+00	0.00000e+00	0.00000e+00	0.00000e+00	0.00000e+00	0.00000e+00	0.00000e+00	0.00000e+00	0.00000e+00	0.00000e+00	0.00000e+00	0.00000e+00	0.00000e+00	0.00000e+00	0.00000e+00	0.00000e+00	0.00000e+00	0.00000e+00	0.00000e+00	0.00000e+00	0.00000e+00	0.00000e+00	0.00000e+00	0.00000e+00	0.00000e+00	0.00000e+00	0.00000e+00	0.00000e+00	0.00000e+00	0.00000e+00	0.00000e+00	0.00000e+00	0.00000e+00	0.00000e+00	0.00000e+00	0.00000e+00	0.00000e+00	0.00000e+00	0.00000e+00	0.00000e+00	0.00000e+00	0.00000e+00	0.00000e+00	0.00000e+00	0.00000e+00	0.00000e+00	0.00000e+00	0.00000e+00	0.00000e+00	0.00000e+00	0.00000e+00	0.00000e+00	0.00000e+00	0.00000e+00	0.00000e+00	0.00000e+00	0.00000e+00	0.00000e+00	0.00000e+00	0.00000e+00	0.00000e+00	0.00000e+00	0.00000e+00	0.00000e+00	0.00000e+00	0.00000e+00	0.00000e+00	0.00000e+00	0.00000e+00
13.37	0.00000e+00	0.00000e+00	0.00000e+00	0.00000e+00	0.00000e+00	0.00000e+00	0.00000e+00	0.00000e+00	0.00000e+00	0.00000e+00	0.00000e+00	0.00000e+00	0.00000e+00	0.00000e+00	0.00000e+00	0.00000e+00	0.00000e+00	0.00000e+00	0.00000e+00	0.00000e+00	0.00000e+00	0.00000e+00	0.00000e+00	0.00000e+00	0.00000e+00	0.00000e+00	0.00000e+00	0.00000e+00	0.00000e+00	0.00000e+00	0.00000e+00	0.00000e+00	0.00000e+00	0.00000e+00	0.00000e+00	0.00000e+00	0.00000e+00	0.00000e+00	0.00000e+00	0.00000e+00	0.00000e+00	0.00000e+00	0.00000e+00	0.00000e+00	0.00000e+00	0.00000e+00	0.00000e+00	0.00000e+00	0.00000e+00	0.00000e+00	0.00000e+00	0.00000e+00	0.00000e+00	0.00000e+00	0.00000e+00	0.00000e+00	0.00000e+00	0.00000e+00	0.00000e+00	0.00000e+00	0.00000e+00	0.00000e+00	0.00000e+00	0.00000e+00	0.00000e+00	0.00000e+00	0.00000e+00	0.00000e+00	0.00000e+00	0.00000e+00	0.00000e+00	0.00000e+00	0.00000e+00	0.00000e+00	0.00000e+00	0.00000e+00	0.00000e+00	0.00000e+00	0.00000e+00	0.00000e+00	0.00000e+00	0.00000e+00	0.00000e+00	0.00000e+00	0.00000e+00	0.00000e+00	0.00000e+00	0.00000e+00	0.00000e+00	0.00000e+00	0.00000e+00	0.00000e+00	0.00000e+00	0.00000e+00	0.00000e+00	0.00000e+00	0.00000e+00	0.00000e+00	0.00000e+00	0.00000e+00	0.00000e+00	0.00000e+00	0.00000e+00	0.00000e+00	0.00000e+00	0.00000e+00	0.00000e+00	0.00000e+00	0.00000e+00	0.00000e+00	0.00000e+00	0.00000e+00	0.00000e+00	0.00000e+00	0.00000e+00	0.00000e+00	0.00000e+00	0.00000e+00	0.00000e+00	0.00000e+00	0.00000e+00	0.00000e+00	0.00000e+00	0.00000e+00	0.00000e+00	0.00000e+00	0.00000e+00	0.00000e+00	0.00000e+00	0.00000e+00	0.00000e+00	0.00000e+00	0.00000e+00	0.00000e+00	0.00000e+00	0.00000e+00	0.00000e+00	0.00000e+00	0.00000e+00	0.00000e+00	0.00000e+00	0.00000e+00	0.00000e+00	0.00000e+00	0.00000e+00	0.00000e+00	0.00000e+00	0.00000e+00	0.00000e+00	0.00000e+00	0.00000e+00	0.00000e+00	0.00000e+00	0.00000e+00	0.00000e+00	0.00000e+00	0.00000e+00	0.00000e+00	0.00000e+00	0.00000e+00	0.00000e+00	0.00000e+00	0.00000e+00	0.00000e+00	0.00000e+00	0.00000e+00	0.00000e+00	0.00000e+00	0.00000e+00	0.00000e+00	0.00000e+00	0.00000e+00	0.00000e+00	0.00000e+00	0.00000e+00	0.00000e+00	0.00000e+00	0.00000e+00	0.00000e+00	0.00000e+00	0.00000e+00	0.00000e+00	0.00000e+00	0.00000e+00	0.00000e+00	0.00000e+00	0.00000e+00	0.00000e+00	0.00000e+00	0.00000e+00	0.00000e+00	0.00000e+00	0.00000e+00	0.00000e+00	0.00000e+00
13.41	0.00000e+00	0.00000e+00	0.00000e+00	0.00000e+00	0.00000e+00	0.00000e+00	0.00000e+00	0.00000e+00	0.00000e+00	0.00000e+00	0.00000e+00	0.00000e+00	0.00000e+00	0.00000e+00	0.00000e+00	0.00000e+00	0.00000e+00	0.00000e+00	0.00000e+00	0.00000e+00	0.00000e+00	0.00000e+00	0.00000e+00	0.00000e+00	0.00000e+00	0.00000e+00	0.00000e+00	0.00000e+00	0.00000e+00	0.00000e+00	0.00000e+00	0.00000e+00	0.00000e+00	0.00000e+00	0.00000e+00	0.00000e+00	0.00000e+00	0.00000e+00	0.00000e+00	0.00000e+00	0.00000e+00	0.00000e+00	0.00000e+00	0.00000e+00	0.00000e+00	0.00000e+00	0.00000e+00	0.00000e+00	0.00000e+00	0.00000e+00	0.00000e+00	0.00000e+00	0.00000e+00	0.00000e+00	0.00000e+00	0.00000e+00	0.00000e+00	0.00000e+00	0.00000e+00	0.00000e+00	0.00000e+00	0.00000e+00	0.00000e+00	0.00000e+00	0.00000e+00	0.00000e+00	0.00000e+00	0.00000e+00	0.00000e+00	0.00000e+00	0.00000e+00	0.00000e+00	0.00000e+00	0.00000e+00	0.00000e+00	0.00000e+00	0.00000e+00	0.00000e+00	0.00000e+00	0.00000e+00	0.00000e+00	0.00000e+00	0.00000e+00	0.00000e+00	0.00000e+00	0.00000e+00	0.00000e+00	0.00000e+00	0.00000e+00	0.00000e+00	0.00000e+00	0.00000e+00	0.00000e+00	0.00000e+00	0.00000e+00	0.00000e+00	0.00000e+00	0.00000e+00	0.00000e+00	0.00000e+00	0.00000e+00	0.00000e+00	0.00000e+00	0.00000e+00	0.00000e+00	0.00000e+00	0.00000e+00	0.00000e+00	0.00000e+00	0.00000e+00	0.00000e+00	0.00000e+00	0.00000e+00	0.00000e+00	0.00000e+00	0.00000e+00	0.00000e+00	0.00000e+00	0.00000e+00	0.00000e+00	0.00000e+00	0.00000e+00	0.00000e+00	0.00000e+00	0.00000e+00	0.00000e+00	0.00000e+00	0.00000e+00	0.00000e+00	0.00000e+00	0.00000e+00	0.00000e+00	0.00000e+00	0.00000e+00	0.00000e+00	0.00000e+00	0.00000e+00	0.00000e+00	0.00000e+00	0.00000e+00	0.00000e+00	0.00000e+00	0.00000e+00	0.00000e+00	0.00000e+00	0.00000e+00	0.00000e+00	0.00000e+00	0.00000e+00	0.00000e+00	0.00000e+00	0.00000e+00	0.00000e+00	0.00000e+00	0.00000e+00	0.00000e+00	0.00000e+00	0.00000e+00	0.00000e+00	0.00000e+00	0.00000e+00	0.00000e+00	0.00000e+00	0.00000e+00	0.00000e+00	0.00000e+00	0.00000e+00	0.00000e+00	0.00000e+00	0.00000e+00	0.00000e+00	0.00000e+00	0.00000e+00	0.00000e+00	0.00000e+00	0.00000e+00	0.00000e+00	0.00000e+00	0.00000e+00	0.00000e+00	0.00000e+00	0.00000e+00	0.00000e+00	0.00000e+00	0.00000e+00	0.00000e+00	0.00000e+00	0.00000e+00	0.00000e+00	0.00000e+00	0.00000e+00	0.00000e+00	0.00000e+00	0.00000e+00	0.00000e+00
13.44	0.00000e+00	0.00000e+00	0.00000e+00	0.00000e+00	0.00000e+00	0.00000e+00	0.00000e+00	0.00000e+00	0.00000e+00	0.00000e+00	0.00000e+00	0.00000e+00	0.00000e+00	0.00000e+00	0.00000e+00	0.00000e+00	0.00000e+00	0.00000e+00	0.00000e+00	0.00000e+00	0.00000e+00	0.00000e+00	0.00000e+00	0.00000e+00	0.00000e+00	0.00000e+00	0.00000e+00	0.00000e+00	0.00000e+00	0.00000e+00	0.00000e+00	0.00000e+00	0.00000e+00	0.00000e+00	0.00000e+00	0.00000e+00	0.00000e+00	0.00000e+00	0.00000e+00	0.00000e+00	0.00000e+00	0.00000e+00	0.00000e+00	0.00000e+00	0.00000e+00	0.00000e+00	0.00000e+00	0.00000e+00	0.00000e+00	0.00000e+00	0.00000e+00	0.00000e+00	0.00000e+00	0.00000e+00	0.00000e+00	0.00000e+00	0.00000e+00	0.00000e+00	0.00000e+00	0.00000e+00	0.00000e+00	0.00000e+00	0.00000e+00	0.00000e+00	0.00000e+00	0.00000e+00	0.00000e+00	0.00000e+00	0.00000e+00	0.00000e+00	0.00000e+00	0.00000e+00	0.00000e+00	0.00000e+00	0.00000e+00	0.00000e+00	0.00000e+00	0.00000e+00	0.00000e+00	0.00000e+00	0.00000e+00	0.00000e+00	0.00000e+00	0.00000e+00	0.00000e+00	0.00000e+00	0.00000e+00	0.00000e+00	0.00000e+00	0.00000e+00	0.00000e+00	0.00000e+00	0.00000e+00	0.00000e+00	0.00000e+00	0.00000e+00	0.00000e+00	0.00000e+00	0.00000e+00	0.00000e+00	0.00000e+00	0.00000e+00	0.00000e+00	0.00000e+00	0.00000e+00	0.00000e+00	0.00000e+00	0.00000e+00	0.00000e+00	0.00000e+00	0.00000e+00	0.00000e+00	0.00000e+00	0.00000e+00	0.00000e+00	0.00000e+00	0.00000e+00	0.00000e+00	0.00000e+00	0.00000e+00	0.00000e+00	0.00000e+00	0.00000e+00	0.00000e+00	0.00000e+00	0.00000e+00	0.00000e+00	0.00000e+00	0.00000e+00	0.00000e+00	0.00000e+00	0.00000e+00	0.00000e+00	0.00000e+00	0.00000e+00	0.00000e+00	0.00000e+00	0.00000e+00	0.00000e+00	0.00000e+00	0.00000e+00	0.00000e+00	0.00000e+00	0.00000e+00	0.00000e+00	0.00000e+00	0.00000e+00	0.00000e+00	0.00000e+00	0.00000e+00	0.00000e+00	0.00000e+00	0.00000e+00	0.00000e+00	0.00000e+00	0.00000e+00	0.00000e+00	0.00000e+00	0.00000e+00	0.00000e+00	0.00000e+00	0.00000e+00	0.00000e+00	0.00000e+00	0.00000e+00	0.00000e+00	0.00000e+00	0.00000e+00	0.00000e+00	0.00000e+00	0.00000e+00	0.00000e+00	0.00000e+00	0.00000e+00	0.00000e+00	0.00000e+00	0.00000e+00	0.00000e+00	0.00000e+00	0.00000e+00	0.00000e+00	0.00000e+00	0.00000e+00	0.00000e+00	0.00000e+00	0.00000e+00	0.00000e+00	0.00000e+00	0.00000e+00	0.00000e+00	0.00000e+00	0.00000e+00	0.00000e+00	0.00000e+00	0.00000e+00
13.47	0.00000e+00	0.00000e+00	0.00000e+00	0.00000e+00	0.00000e+00	0.00000e+00	0.00000e+00	0.00000e+00	0.00000e+00	0.00000e+00	0.00000e+00	0.00000e+00	0.00000e+00	0.00000e+00	0.00000e+00	0.00000e+00	0.00000e+00	0.00000e+00	0.00000e+00	0.00000e+00	0.00000e+00	0.00000e+00	0.00000e+00	0.00000e+00	0.00000e+00	0.00000e+00	0.00000e+00	0.00000e+00	0.00000e+00	0.00000e+00	0.00000e+00	0.00000e+00	0.00000e+00	0.00000e+00	0.00000e+00	0.00000e+00	0.00000e+00	0.00000e+00	0.00000e+00	0.00000e+00	0.00000e+00	0.00000e+00	0.00000e+00	0.00000e+00	0.00000e+00	0.00000e+00	0.00000e+00	0.00000e+00	0.00000e+00	0.00000e+00	0.00000e+00	0.00000e+00	0.00000e+00	0.00000e+00	0.00000e+00	0.00000e+00	0.00000e+00	0.00000e+00	0.00000e+00	0.00000e+00	0.00000e+00	0.00000e+00	0.00000e+00	0.00000e+00	0.00000e+00	0.00000e+00	0.00000e+00	0.00000e+00	0.00000e+00	0.00000e+00	0.00000e+00	0.00000e+00	0.00000e+00	0.00000e+00	0.00000e+00	0.00000e+00	0.00000e+00	0.00000e+00	0.00000e+00	0.00000e+00	0.00000e+00	0.00000e+00	0.00000e+00	0.00000e+00	0.00000e+00	0.00000e+00	0.00000e+00	0.00000e+00	0.00000e+00	0.00000e+00	0.00000e+00	0.00000e+00	0.00000e+00	0.00000e+00	0.00000e+00	0.00000e+00	0.00000e+00	0.00000e+00	0.00000e+00	0.00000e+00	0.00000e+00	0.00000e+00	0.00000e+00	0.00000e+00	0.00000e+00	0.00000e+00	0.00000e+00	0.00000e+00	0.00000e+00	0.00000e+00	0.00000e+00	0.00000e+00	0.00000e+00	0.00000e+00	0.00000e+00	0.00000e+00	0.00000e+00	0.00000e+00	0.00000e+00	0.00000e+00	0.00000e+00	0.00000e+00	0.00000e+00	0.00000e+00	0.00000e+00	0.00000e+00	0.00000e+00	0.00000e+00	0.00000e+00	0.00000e+00	0.00000e+00	0.00000e+00	0.00000e+00	0.00000e+00	0.00000e+00	0.00000e+00	0.00000e+00	0.00000e+00	0.00000e+00	0.00000e+00	0.00000e+00	0.00000e+00	0.00000e+00	0.00000e+00	0.00000e+00	0.00000e+00	0.00000e+00	0.00000e+00	0.00000e+00	0.00000e+00	0.00000e+00	0.00000e+00	0.00000e+00	0.00000e+00	0.00000e+00	0.00000e+00	0.00000e+00	0.00000e+00	0.00000e+00	0.00000e+00	0.00000e+00	0.00000e+00	0.00000e+00	0.00000e+00	0.00000e+00	0.00000e+00	0.00000e+00	0.00000e+00	0.00000e+00	0.00000e+00	0.00000e+00	0.00000e+00	0.00000e+00	0.00000e+00	0.00000e+00	0.00000e+00	0.00000e+00	0.00000e+00	0.00000e+00	0.00000e+00	0.00000e+00	0.00000e+00	0.00000e+00	0.00000e+00	0.00000e+00	0.00000e+00	0.00000e+00	0.00000e+00	0.00000e+00	0.00000e+00	0.00000e+00	0.00000e+00	0.00000e+00	0.00000e+00	0.00000e+00
13.51	0.00000e+00	0.00000e+00	0.00000e+00	0.00000e+00	0.00000e+00	0.00000e+00	0.00000e+00	0.00000e+00	0.00000e+00	0.00000e+00	0.00000e+00	0.00000e+00	0.00000e+00	0.00000e+00	0.00000e+00	0.00000e+00	0.00000e+00	0.00000e+00	0.00000e+00	0.00000e+00	0.00000e+00	0.00000e+00	0.00000e+00	0.00000e+00	0.00000e+00	0.00000e+00	0.00000e+00	0.00000e+00	0.00000e+00	0.00000e+00	0.00000e+00	0.00000e+00	0.00000e+00	0.00000e+00	0.00000e+00	0.00000e+00	0.00000e+00	0.00000e+00	0.00000e+00	0.00000e+00	0.00000e+00	0.00000e+00	0.00000e+00	0.00000e+00	0.00000e+00	0.00000e+00	0.00000e+00	0.00000e+00	0.00000e+00	0.00000e+00	0.00000e+00	0.00000e+00	0.00000e+00	0.00000e+00	0.00000e+00	0.00000e+00	0.00000e+00	0.00000e+00	0.00000e+00	0.00000e+00	0.00000e+00	0.00000e+00	0.00000e+00	0.00000e+00	0.00000e+00	0.00000e+00	0.00000e+00	0.00000e+00	0.00000e+00	0.00000e+00	0.00000e+00	0.00000e+00	0.00000e+00	0.00000e+00	0.00000e+00	0.00000e+00	0.00000e+00	0.00000e+00	0.00000e+00	0.00000e+00	0.00000e+00	0.00000e+00	0.00000e+00	0.00000e+00	0.00000e+00	0.00000e+00	0.00000e+00	0.00000e+00	0.00000e+00	0.00000e+00	0.00000e+00	0.00000e+00	0.00000e+00	0.00000e+00	0.00000e+00	0.00000e+00	0.00000e+00	0.00000e+00	0.00000e+00	0.00000e+00	0.00000e+00	0.00000e+00	0.00000e+00	0.00000e+00	0.00000e+00	0.00000e+00	0.00000e+00	0.00000e+00	0.00000e+00	0.00000e+00	0.00000e+00	0.00000e+00	0.00000e+00	0.00000e+00	0.00000e+00	0.00000e+00	0.00000e+00	0.00000e+00	0.00000e+00	0.00000e+00	0.00000e+00	0.00000e+00	0.00000e+00	0.00000e+00	0.00000e+00	0.00000e+00	0.00000e+00	0.00000e+00	0.00000e+00	0.00000e+00	0.00000e+00	0.00000e+00	0.00000e+00	0.00000e+00	0.00000e+00	0.00000e+00	0.00000e+00	0.00000e+00	0.00000e+00	0.00000e+00	0.00000e+00	0.00000e+00	0.00000e+00	0.00000e+00	0.00000e+00	0.00000e+00	0.00000e+00	0.00000e+00	0.00000e+00	0.00000e+00	0.00000e+00	0.00000e+00	0.00000e+00	0.00000e+00	0.00000e+00	0.00000e+00	0.00000e+00	0.00000e+00	0.00000e+00	0.00000e+00	0.00000e+00	0.00000e+00	0.00000e+00	0.00000e+00	0.00000e+00	0.00000e+00	0.00000e+00	0.00000e+00	0.00000e+00	0.00000e+00	0.00000e+00	0.00000e+00	0.00000e+00	0.00000e+00	0.00000e+00	0.00000e+00	0.00000e+00	0.00000e+00	0.00000e+00	0.00000e+00	0.00000e+00	0.00000e+00	0.00000e+00	0.00000e+00	0.00000e+00	0.00000e+00	0.00000e+00	0.00000e+00	0.00000e+00	0.00000e+00	0.00000e+00	0.00000e+00	0.00000e+00	0.00000e+00	0.00000e+00
13.54	0.00000e+00	0.00000e+00	0.00000e+00	0.00000e+00	0.00000e+00	0.00000e+00	0.00000e+00	0.00000e+00	0.00000e+00	0.00000e+00	0.00000e+00	0.00000e+00	0.00000e+00	0.00000e+00	0.00000e+00	0.00000e+00	0.00000e+00	0.00000e+00	0.00000e+00	0.00000e+00	0.00000e+00	0.00000e+00	0.00000e+00	0.00000e+00	0.00000e+00	0.00000e+00	0.00000e+00	0.00000e+00	0.00000e+00	0.00000e+00	0.00000e+00	0.00000e+00	0.00000e+00	0.00000e+00	0.00000e+00	0.00000e+00	0.00000e+00	0.00000e+00	0.00000e+00	0.00000e+00	0.00000e+00	0.00000e+00	0.00000e+00	0.00000e+00	0.00000e+00	0.00000e+00	0.00000e+00	0.00000e+00	0.00000e+00	0.00000e+00	0.00000e+00	0.00000e+00	0.00000e+00	0.00000e+00	0.00000e+00	0.00000e+00	0.00000e+00	0.00000e+00	0.00000e+00	0.00000e+00	0.00000e+00	0.00000e+00	0.00000e+00	0.00000e+00	0.00000e+00	0.00000e+00	0.00000e+00	0.00000e+00	0.00000e+00	0.00000e+00	0.00000e+00	0.00000e+00	0.00000e+00	0.00000e+00	0.00000e+00	0.00000e+00	0.00000e+00	0.00000e+00	0.00000e+00	0.00000e+00	0.00000e+00	0.00000e+00	0.00000e+00	0.00000e+00	0.00000e+00	0.00000e+00	0.00000e+00	0.00000e+00	0.00000e+00	0.00000e+00	0.00000e+00	0.00000e+00	0.00000e+00	0.00000e+00	0.00000e+00	0.00000e+00	0.00000e+00	0.00000e+00	0.00000e+00	0.00000e+00	0.00000e+00	0.00000e+00	0.00000e+00	0.00000e+00	0.00000e+00	0.00000e+00	0.00000e+00	0.00000e+00	0.00000e+00	0.00000e+00	0.00000e+00	0.00000e+00	0.00000e+00	0.00000e+00	0.00000e+00	0.00000e+00	0.00000e+00	0.00000e+00	0.00000e+00	0.00000e+00	0.00000e+00	0.00000e+00	0.00000e+00	0.00000e+00	0.00000e+00	0.00000e+00	0.00000e+00	0.00000e+00	0.00000e+00	0.00000e+00	0.00000e+00	0.00000e+00	0.00000e+00	0.00000e+00	0.00000e+00	0.00000e+00	0.00000e+00	0.00000e+00	0.00000e+00	0.00000e+00	0.00000e+00	0.00000e+00	0.00000e+00	0.00000e+00	0.00000e+00	0.00000e+00	0.00000e+00	0.00000e+00	0.00000e+00	0.00000e+00	0.00000e+00	0.00000e+00	0.00000e+00	0.00000e+00	0.00000e+00	0.00000e+00	0.00000e+00	0.00000e+00	0.00000e+00	0.00000e+00	0.00000e+00	0.00000e+00	0.00000e+00	0.00000e+00	0.00000e+00	0.00000e+00	0.00000e+00	0.00000e+00	0.00000e+00	0.00000e+00	0.00000e+00	0.00000e+00	0.00000e+00	0.00000e+00	0.00000e+00	0.00000e+00	0.00000e+00	0.00000e+00	0.00000e+00	0.00000e+00	0.00000e+00	0.00000e+00	0.00000e+00	0.00000e+00	0.00000e+00	0.00000e+00	0.00000e+00	0.00000e+00	0.00000e+00	0.00000e+00	0.00000e+00	0.00000e+00	0.00000e+00	0.00000e+00	0.00000e+00
13.58	0.00000e+00	0.00000e+00	0.00000e+00	0.00000e+00	0.00000e+00	0.00000e+00	0.00000e+00	0.00000e+00	0.00000e+00	0.00000e+00	0.00000e+00	0.00000e+00	0.00000e+00	0.00000e+00	0.00000e+00	0.00000e+00	0.00000e+00	0.00000e+00	0.00000e+00	0.00000e+00	0.00000e+00	0.00000e+00	0.00000e+00	0.00000e+00	0.00000e+00	0.00000e+00	0.00000e+00	0.00000e+00	0.00000e+00	0.00000e+00	0.00000e+00	0.00000e+00	0.00000e+00	0.00000e+00	0.00000e+00	0.00000e+00	0.00000e+00	0.00000e+00	0.00000e+00	0.00000e+00	0.00000e+00	0.00000e+00	0.00000e+00	0.00000e+00	0.00000e+00	0.00000e+00	0.00000e+00	0.00000e+00	0.00000e+00	0.00000e+00	0.00000e+00	0.00000e+00	0.00000e+00	0.00000e+00	0.00000e+00	0.00000e+00	0.00000e+00	0.00000e+00	0.00000e+00	0.00000e+00	0.00000e+00	0.00000e+00	0.00000e+00	0.00000e+00	0.00000e+00	0.00000e+00	0.00000e+00	0.00000e+00	0.00000e+00	0.00000e+00	0.00000e+00	0.00000e+00	0.00000e+00	0.00000e+00	0.00000e+00	0.00000e+00	0.00000e+00	0.00000e+00	0.00000e+00	0.00000e+00	0.00000e+00	0.00000e+00	0.00000e+00	0.00000e+00	0.00000e+00	0.00000e+00	0.00000e+00	0.00000e+00	0.00000e+00	0.00000e+00	0.00000e+00	0.00000e+00	0.00000e+00	0.00000e+00	0.00000e+00	0.00000e+00	0.00000e+00	0.00000e+00	0.00000e+00	0.00000e+00	0.00000e+00	0.00000e+00	0.00000e+00	0.00000e+00	0.00000e+00	0.00000e+00	0.00000e+00	0.00000e+00	0.00000e+00	0.00000e+00	0.00000e+00	0.00000e+00	0.00000e+00	0.00000e+00	0.00000e+00	0.00000e+00	0.00000e+00	0.00000e+00	0.00000e+00	0.00000e+00	0.00000e+00	0.00000e+00	0.00000e+00	0.00000e+00	0.00000e+00	0.00000e+00	0.00000e+00	0.00000e+00	0.00000e+00	0.00000e+00	0.00000e+00	0.00000e+00	0.00000e+00	0.00000e+00	0.00000e+00	0.00000e+00	0.00000e+00	0.00000e+00	0.00000e+00	0.00000e+00	0.00000e+00	0.00000e+00	0.00000e+00	0.00000e+00	0.00000e+00	0.00000e+00	0.00000e+00	0.00000e+00	0.00000e+00	0.00000e+00	0.00000e+00	0.00000e+00	0.00000e+00	0.00000e+00	0.00000e+00	0.00000e+00	0.00000e+00	0.00000e+00	0.00000e+00	0.00000e+00	0.00000e+00	0.00000e+00	0.00000e+00	0.00000e+00	0.00000e+00	0.00000e+00	0.00000e+00	0.00000e+00	0.00000e+00	0.00000e+00	0.00000e+00	0.00000e+00	0.00000e+00	0.00000e+00	0.00000e+00	0.00000e+00	0.00000e+00	0.00000e+00	0.00000e+00	0.00000e+00	0.00000e+00	0.00000e+00	0.00000e+00	0.00000e+00	0.00000e+00	0.00000e+00	0.00000e+00	0.00000e+00	0.00000e+00	0.00000e+00	0.00000e+00	0.00000e+00	0.00000e+00	0.00000e+00	0.00000e+00
13.61	0.00000e+00	0.00000e+00	0.00000e+00	0.00000e+00	0.00000e+00	0.00000e+00	0.00000e+00	0.00000e+00	0.00000e+00	0.00000e+00	0.00000e+00	0.00000e+00	0.00000e+00	0.00000e+00	0.00000e+00	0.00000e+00	0.00000e+00	0.00000e+00	0.00000e+00	0.00000e+00	0.00000e+00	0.00000e+00	0.00000e+00	0.00000e+00	0.00000e+00	0.00000e+00	0.00000e+00	0.00000e+00	0.00000e+00	0.00000e+00	0.00000e+00	0.00000e+00	0.00000e+00	0.00000e+00	0.00000e+00	0.00000e+00	0.00000e+00	0.00000e+00	0.00000e+00	0.00000e+00	0.00000e+00	0.00000e+00	0.00000e+00	0.00000e+00	0.00000e+00	0.00000e+00	0.00000e+00	0.00000e+00	0.00000e+00	0.00000e+00	0.00000e+00	0.00000e+00	0.00000e+00	0.00000e+00	0.00000e+00	0.00000e+00	0.00000e+00	0.00000e+00	0.00000e+00	0.00000e+00	0.00000e+00	0.00000e+00	0.00000e+00	0.00000e+00	0.00000e+00	0.00000e+00	0.00000e+00	0.00000e+00	0.00000e+00	0.00000e+00	0.00000e+00	0.00000e+00	0.00000e+00	0.00000e+00	0.00000e+00	0.00000e+00	0.00000e+00	0.00000e+00	0.00000e+00	0.00000e+00	0.00000e+00	0.00000e+00	0.00000e+00	0.00000e+00	0.00000e+00	0.00000e+00	0.00000e+00	0.00000e+00	0.00000e+00	0.00000e+00	0.00000e+00	0.00000e+00	0.00000e+00	0.00000e+00	0.00000e+00	0.00000e+00	0.00000e+00	0.00000e+00	0.00000e+00	0.00000e+00	0.00000e+00	0.00000e+00	0.00000e+00	0.00000e+00	0.00000e+00	0.00000e+00	0.00000e+00	0.00000e+00	0.00000e+00	0.00000e+00	0.00000e+00	0.00000e+00	0.00000e+00	0.00000e+00	0.00000e+00	0.00000e+00	0.00000e+00	0.00000e+00	0.00000e+00	0.00000e+00	0.00000e+00	0.00000e+00	0.00000e+00	0.00000e+00	0.00000e+00	0.00000e+00	0.00000e+00	0.00000e+00	0.00000e+00	0.00000e+00	0.00000e+00	0.00000e+00	0.00000e+00	0.00000e+00	0.00000e+00	0.00000e+00	0.00000e+00	0.00000e+00	0.00000e+00	0.00000e+00	0.00000e+00	0.00000e+00	0.00000e+00	0.00000e+00	0.00000e+00	0.00000e+00	0.00000e+00	0.00000e+00	0.00000e+00	0.00000e+00	0.00000e+00	0.00000e+00	0.00000e+00	0.00000e+00	0.00000e+00	0.00000e+00	0.00000e+00	0.00000e+00	0.00000e+00	0.00000e+00	0.00000e+00	0.00000e+00	0.00000e+00	0.00000e+00	0.00000e+00	0.00000e+00	0.00000e+00	0.00000e+00	0.00000e+00	0.00000e+00	0.00000e+00	0.00000e+00	0.00000e+00	0.00000e+00	0.00000e+00	0.00000e+00	0.00000e+00	0.00000e+00	0.00000e+00	0.00000e+00	0.00000e+00	0.00000e+00	0.00000e+00	0.00000e+00	0.00000e+00	0.00000e+00	0.00000e+00	0.00000e+00	0.00000e+00	0.00000e+00	0.00000e+00	0.00000e+00	0.00000e+00	0.00000e+00	0.00000e+00
13.65	0.00000e+00	0.00000e+00	0.00000e+00	0.00000e+00	0.00000e+00	0.00000e+00	0.00000e+00	0.00000e+00	0.00000e+00	0.00000e+00	0.00000e+00	0.00000e+00	0.00000e+00	0.00000e+00	0.00000e+00	0.00000e+00	0.00000e+00	0.00000e+00	0.00000e+00	0.00000e+00	0.00000e+00	0.00000e+00	0.00000e+00	0.00000e+00	0.00000e+00	0.00000e+00	0.00000e+00	0.00000e+00	0.00000e+00	0.00000e+00	0.00000e+00	0.00000e+00	0.00000e+00	0.00000e+00	0.00000e+00	0.00000e+00	0.00000e+00	0.00000e+00	0.00000e+00	0.00000e+00	0.00000e+00	0.00000e+00	0.00000e+00	0.00000e+00	0.00000e+00	0.00000e+00	0.00000e+00	0.00000e+00	0.00000e+00	0.00000e+00	0.00000e+00	0.00000e+00	0.00000e+00	0.00000e+00	0.00000e+00	0.00000e+00	0.00000e+00	0.00000e+00	0.00000e+00	0.00000e+00	0.00000e+00	0.00000e+00	0.00000e+00	0.00000e+00	0.00000e+00	0.00000e+00	0.00000e+00	0.00000e+00	0.00000e+00	0.00000e+00	0.00000e+00	0.00000e+00	0.00000e+00	0.00000e+00	0.00000e+00	0.00000e+00	0.00000e+00	0.00000e+00	0.00000e+00	0.00000e+00	0.00000e+00	0.00000e+00	0.00000e+00	0.00000e+00	0.00000e+00	0.00000e+00	0.00000e+00	0.00000e+00	0.00000e+00	0.00000e+00	0.00000e+00	0.00000e+00	0.00000e+00	0.00000e+00	0.00000e+00	0.00000e+00	0.00000e+00	0.00000e+00	0.00000e+00	0.00000e+00	0.00000e+00	0.00000e+00	0.00000e+00	0.00000e+00	0.00000e+00	0.00000e+00	0.00000e+00	0.00000e+00	0.00000e+00	0.00000e+00	0.00000e+00	0.00000e+00	0.00000e+00	0.00000e+00	0.00000e+00	0.00000e+00	0.00000e+00	0.00000e+00	0.00000e+00	0.00000e+00	0.00000e+00	0.00000e+00	0.00000e+00	0.00000e+00	0.00000e+00	0.00000e+00	0.00000e+00	0.00000e+00	0.00000e+00	0.00000e+00	0.00000e+00	0.00000e+00	0.00000e+00	0.00000e+00	0.00000e+00	0.00000e+00	0.00000e+00	0.00000e+00	0.00000e+00	0.00000e+00	0.00000e+00	0.00000e+00	0.00000e+00	0.00000e+00	0.00000e+00	0.00000e+00	0.00000e+00	0.00000e+00	0.00000e+00	0.00000e+00	0.00000e+00	0.00000e+00	0.00000e+00	0.00000e+00	0.00000e+00	0.00000e+00	0.00000e+00	0.00000e+00	0.00000e+00	0.00000e+00	0.00000e+00	0.00000e+00	0.00000e+00	0.00000e+00	0.00000e+00	0.00000e+00	0.00000e+00	0.00000e+00	0.00000e+00	0.00000e+00	0.00000e+00	0.00000e+00	0.00000e+00	0.00000e+00	0.00000e+00	0.00000e+00	0.00000e+00	0.00000e+00	0.00000e+00	0.00000e+00	0.00000e+00	0.00000e+00	0.00000e+00	0.00000e+00	0.00000e+00	0.00000e+00	0.00000e+00	0.00000e+00	0.00000e+00	0.00000e+00	0.00000e+00	0.00000e+00	0.00000e+00	0.00000e+00	0.00000e+00
13.68	0.00000e+00	0.00000e+00	0.00000e+00	0.00000e+00	0.00000e+00	0.00000e+00	0.00000e+00	0.00000e+00	0.00000e+00	0.00000e+00	0.00000e+00	0.00000e+00	0.00000e+00	0.00000e+00	0.00000e+00	0.00000e+00	0.00000e+00	0.00000e+00	0.00000e+00	0.00000e+00	0.00000e+00	0.00000e+00	0.00000e+00	0.00000e+00	0.00000e+00	0.00000e+00	0.00000e+00	0.00000e+00	0.00000e+00	0.00000e+00	0.00000e+00	0.00000e+00	0.00000e+00	0.00000e+00	0.00000e+00	0.00000e+00	0.00000e+00	0.00000e+00	0.00000e+00	0.00000e+00	0.00000e+00	0.00000e+00	0.00000e+00	0.00000e+00	0.00000e+00	0.00000e+00	0.00000e+00	0.00000e+00	0.00000e+00	0.00000e+00	0.00000e+00	0.00000e+00	0.00000e+00	0.00000e+00	0.00000e+00	0.00000e+00	0.00000e+00	0.00000e+00	0.00000e+00	0.00000e+00	0.00000e+00	0.00000e+00	0.00000e+00	0.00000e+00	0.00000e+00	0.00000e+00	0.00000e+00	0.00000e+00	0.00000e+00	0.00000e+00	0.00000e+00	0.00000e+00	0.00000e+00	0.00000e+00	0.00000e+00	0.00000e+00	0.00000e+00	0.00000e+00	0.00000e+00	0.00000e+00	0.00000e+00	0.00000e+00	0.00000e+00	0.00000e+00	0.00000e+00	0.00000e+00	0.00000e+00	0.00000e+00	0.00000e+00	0.00000e+00	0.00000e+00	0.00000e+00	0.00000e+00	0.00000e+00	0.00000e+00	0.00000e+00	0.00000e+00	0.00000e+00	0.00000e+00	0.00000e+00	0.00000e+00	0.00000e+00	0.00000e+00	0.00000e+00	0.00000e+00	0.00000e+00	0.00000e+00	0.00000e+00	0.00000e+00	0.00000e+00	0.00000e+00	0.00000e+00	0.00000e+00	0.00000e+00	0.00000e+00	0.00000e+00	0.00000e+00	0.00000e+00	0.00000e+00	0.00000e+00	0.00000e+00	0.00000e+00	0.00000e+00	0.00000e+00	0.00000e+00	0.00000e+00	0.00000e+00	0.00000e+00	0.00000e+00	0.00000e+00	0.00000e+00	0.00000e+00	0.00000e+00	0.00000e+00	0.00000e+00	0.00000e+00	0.00000e+00	0.00000e+00	0.00000e+00	0.00000e+00	0.00000e+00	0.00000e+00	0.00000e+00	0.00000e+00	0.00000e+00	0.00000e+00	0.00000e+00	0.00000e+00	0.00000e+00	0.00000e+00	0.00000e+00	0.00000e+00	0.00000e+00	0.00000e+00	0.00000e+00	0.00000e+00	0.00000e+00	0.00000e+00	0.00000e+00	0.00000e+00	0.00000e+00	0.00000e+00	0.00000e+00	0.00000e+00	0.00000e+00	0.00000e+00	0.00000e+00	0.00000e+00	0.00000e+00	0.00000e+00	0.00000e+00	0.00000e+00	0.00000e+00	0.00000e+00	0.00000e+00	0.00000e+00	0.00000e+00	0.00000e+00	0.00000e+00	0.00000e+00	0.00000e+00	0.00000e+00	0.00000e+00	0.00000e+00	0.00000e+00	0.00000e+00	0.00000e+00	0.00000e+00	0.00000e+00	0.00000e+00	0.00000e+00	0.00000e+00	0.00000e+00	0.00000e+00	0.00000e+00
13.71	0.00000e+00	0.00000e+00	0.00000e+00	0.00000e+00	0.00000e+00	0.00000e+00	0.00000e+00	0.00000e+00	0.00000e+00	0.00000e+00	0.00000e+00	0.00000e+00	0.00000e+00	0.00000e+00	0.00000e+00	0.00000e+00	0.00000e+00	0.00000e+00	0.00000e+00	0.00000e+00	0.00000e+00	0.00000e+00	0.00000e+00	0.00000e+00	0.00000e+00	0.00000e+00	0.00000e+00	0.00000e+00	0.00000e+00	0.00000e+00	0.00000e+00	0.00000e+00	0.00000e+00	0.00000e+00	0.00000e+00	0.00000e+00	0.00000e+00	0.00000e+00	0.00000e+00	0.00000e+00	0.00000e+00	0.00000e+00	0.00000e+00	0.00000e+00	0.00000e+00	0.00000e+00	0.00000e+00	0.00000e+00	0.00000e+00	0.00000e+00	0.00000e+00	0.00000e+00	0.00000e+00	0.00000e+00	0.00000e+00	0.00000e+00	0.00000e+00	0.00000e+00	0.00000e+00	0.00000e+00	0.00000e+00	0.00000e+00	0.00000e+00	0.00000e+00	0.00000e+00	0.00000e+00	0.00000e+00	0.00000e+00	0.00000e+00	0.00000e+00	0.00000e+00	0.00000e+00	0.00000e+00	0.00000e+00	0.00000e+00	0.00000e+00	0.00000e+00	0.00000e+00	0.00000e+00	0.00000e+00	0.00000e+00	0.00000e+00	0.00000e+00	0.00000e+00	0.00000e+00	0.00000e+00	0.00000e+00	0.00000e+00	0.00000e+00	0.00000e+00	0.00000e+00	0.00000e+00	0.00000e+00	0.00000e+00	0.00000e+00	0.00000e+00	0.00000e+00	0.00000e+00	0.00000e+00	0.00000e+00	0.00000e+00	0.00000e+00	0.00000e+00	0.00000e+00	0.00000e+00	0.00000e+00	0.00000e+00	0.00000e+00	0.00000e+00	0.00000e+00	0.00000e+00	0.00000e+00	0.00000e+00	0.00000e+00	0.00000e+00	0.00000e+00	0.00000e+00	0.00000e+00	0.00000e+00	0.00000e+00	0.00000e+00	0.00000e+00	0.00000e+00	0.00000e+00	0.00000e+00	0.00000e+00	0.00000e+00	0.00000e+00	0.00000e+00	0.00000e+00	0.00000e+00	0.00000e+00	0.00000e+00	0.00000e+00	0.00000e+00	0.00000e+00	0.00000e+00	0.00000e+00	0.00000e+00	0.00000e+00	0.00000e+00	0.00000e+00	0.00000e+00	0.00000e+00	0.00000e+00	0.00000e+00	0.00000e+00	0.00000e+00	0.00000e+00	0.00000e+00	0.00000e+00	0.00000e+00	0.00000e+00	0.00000e+00	0.00000e+00	0.00000e+00	0.00000e+00	0.00000e+00	0.00000e+00	0.00000e+00	0.00000e+00	0.00000e+00	0.00000e+00	0.00000e+00	0.00000e+00	0.00000e+00	0.00000e+00	0.00000e+00	0.00000e+00	0.00000e+00	0.00000e+00	0.00000e+00	0.00000e+00	0.00000e+00	0.00000e+00	0.00000e+00	0.00000e+00	0.00000e+00	0.00000e+00	0.00000e+00	0.00000e+00	0.00000e+00	0.00000e+00	0.00000e+00	0.00000e+00	0.00000e+00	0.00000e+00	0.00000e+00	0.00000e+00	0.00000e+00	0.00000e+00	0.00000e+00	0.00000e+00	0.00000e+00	0.00000e+00
13.75	0.00000e+00	0.00000e+00	0.00000e+00	0.00000e+00	0.00000e+00	0.00000e+00	0.00000e+00	0.00000e+00	0.00000e+00	0.00000e+00	0.00000e+00	0.00000e+00	0.00000e+00	0.00000e+00	0.00000e+00	0.00000e+00	0.00000e+00	0.00000e+00	0.00000e+00	0.00000e+00	0.00000e+00	0.00000e+00	0.00000e+00	0.00000e+00	0.00000e+00	0.00000e+00	0.00000e+00	0.00000e+00	0.00000e+00	0.00000e+00	0.00000e+00	0.00000e+00	0.00000e+00	0.00000e+00	0.00000e+00	0.00000e+00	0.00000e+00	0.00000e+00	0.00000e+00	0.00000e+00	0.00000e+00	0.00000e+00	0.00000e+00	0.00000e+00	0.00000e+00	0.00000e+00	0.00000e+00	0.00000e+00	0.00000e+00	0.00000e+00	0.00000e+00	0.00000e+00	0.00000e+00	0.00000e+00	0.00000e+00	0.00000e+00	0.00000e+00	0.00000e+00	0.00000e+00	0.00000e+00	0.00000e+00	0.00000e+00	0.00000e+00	0.00000e+00	0.00000e+00	0.00000e+00	0.00000e+00	0.00000e+00	0.00000e+00	0.00000e+00	0.00000e+00	0.00000e+00	0.00000e+00	0.00000e+00	0.00000e+00	0.00000e+00	0.00000e+00	0.00000e+00	0.00000e+00	0.00000e+00	0.00000e+00	0.00000e+00	0.00000e+00	0.00000e+00	0.00000e+00	0.00000e+00	0.00000e+00	0.00000e+00	0.00000e+00	0.00000e+00	0.00000e+00	0.00000e+00	0.00000e+00	0.00000e+00	0.00000e+00	0.00000e+00	0.00000e+00	0.00000e+00	0.00000e+00	0.00000e+00	0.00000e+00	0.00000e+00	0.00000e+00	0.00000e+00	0.00000e+00	0.00000e+00	0.00000e+00	0.00000e+00	0.00000e+00	0.00000e+00	0.00000e+00	0.00000e+00	0.00000e+00	0.00000e+00	0.00000e+00	0.00000e+00	0.00000e+00	0.00000e+00	0.00000e+00	0.00000e+00	0.00000e+00	0.00000e+00	0.00000e+00	0.00000e+00	0.00000e+00	0.00000e+00	0.00000e+00	0.00000e+00	0.00000e+00	0.00000e+00	0.00000e+00	0.00000e+00	0.00000e+00	0.00000e+00	0.00000e+00	0.00000e+00	0.00000e+00	0.00000e+00	0.00000e+00	0.00000e+00	0.00000e+00	0.00000e+00	0.00000e+00	0.00000e+00	0.00000e+00	0.00000e+00	0.00000e+00	0.00000e+00	0.00000e+00	0.00000e+00	0.00000e+00	0.00000e+00	0.00000e+00	0.00000e+00	0.00000e+00	0.00000e+00	0.00000e+00	0.00000e+00	0.00000e+00	0.00000e+00	0.00000e+00	0.00000e+00	0.00000e+00	0.00000e+00	0.00000e+00	0.00000e+00	0.00000e+00	0.00000e+00	0.00000e+00	0.00000e+00	0.00000e+00	0.00000e+00	0.00000e+00	0.00000e+00	0.00000e+00	0.00000e+00	0.00000e+00	0.00000e+00	0.00000e+00	0.00000e+00	0.00000e+00	0.00000e+00	0.00000e+00	0.00000e+00	0.00000e+00	0.00000e+00	0.00000e+00	0.00000e+00	0.00000e+00	0.00000e+00	0.00000e+00	0.00000e+00	0.00000e+00	0.00000e+00	0.00000e+00
13.78	0.00000e+00	0.00000e+00	0.00000e+00	0.00000e+00	0.00000e+00	0.00000e+00	0.00000e+00	0.00000e+00	0.00000e+00	0.00000e+00	0.00000e+00	0.00000e+00	0.00000e+00	0.00000e+00	0.00000e+00	0.00000e+00	0.00000e+00	0.00000e+00	0.00000e+00	0.00000e+00	0.00000e+00	0.00000e+00	0.00000e+00	0.00000e+00	0.00000e+00	0.00000e+00	0.00000e+00	0.00000e+00	0.00000e+00	0.00000e+00	0.00000e+00	0.00000e+00	0.00000e+00	0.00000e+00	0.00000e+00	0.00000e+00	0.00000e+00	0.00000e+00	0.00000e+00	0.00000e+00	0.00000e+00	0.00000e+00	0.00000e+00	0.00000e+00	0.00000e+00	0.00000e+00	0.00000e+00	0.00000e+00	0.00000e+00	0.00000e+00	0.00000e+00	0.00000e+00	0.00000e+00	0.00000e+00	0.00000e+00	0.00000e+00	0.00000e+00	0.00000e+00	0.00000e+00	0.00000e+00	0.00000e+00	0.00000e+00	0.00000e+00	0.00000e+00	0.00000e+00	0.00000e+00	0.00000e+00	0.00000e+00	0.00000e+00	0.00000e+00	0.00000e+00	0.00000e+00	0.00000e+00	0.00000e+00	0.00000e+00	0.00000e+00	0.00000e+00	0.00000e+00	0.00000e+00	0.00000e+00	0.00000e+00	0.00000e+00	0.00000e+00	0.00000e+00	0.00000e+00	0.00000e+00	0.00000e+00	0.00000e+00	0.00000e+00	0.00000e+00	0.00000e+00	0.00000e+00	0.00000e+00	0.00000e+00	0.00000e+00	0.00000e+00	0.00000e+00	0.00000e+00	0.00000e+00	0.00000e+00	0.00000e+00	0.00000e+00	0.00000e+00	0.00000e+00	0.00000e+00	0.00000e+00	0.00000e+00	0.00000e+00	0.00000e+00	0.00000e+00	0.00000e+00	0.00000e+00	0.00000e+00	0.00000e+00	0.00000e+00	0.00000e+00	0.00000e+00	0.00000e+00	0.00000e+00	0.00000e+00	0.00000e+00	0.00000e+00	0.00000e+00	0.00000e+00	0.00000e+00	0.00000e+00	0.00000e+00	0.00000e+00	0.00000e+00	0.00000e+00	0.00000e+00	0.00000e+00	0.00000e+00	0.00000e+00	0.00000e+00	0.00000e+00	0.00000e+00	0.00000e+00	0.00000e+00	0.00000e+00	0.00000e+00	0.00000e+00	0.00000e+00	0.00000e+00	0.00000e+00	0.00000e+00	0.00000e+00	0.00000e+00	0.00000e+00	0.00000e+00	0.00000e+00	0.00000e+00	0.00000e+00	0.00000e+00	0.00000e+00	0.00000e+00	0.00000e+00	0.00000e+00	0.00000e+00	0.00000e+00	0.00000e+00	0.00000e+00	0.00000e+00	0.00000e+00	0.00000e+00	0.00000e+00	0.00000e+00	0.00000e+00	0.00000e+00	0.00000e+00	0.00000e+00	0.00000e+00	0.00000e+00	0.00000e+00	0.00000e+00	0.00000e+00	0.00000e+00	0.00000e+00	0.00000e+00	0.00000e+00	0.00000e+00	0.00000e+00	0.00000e+00	0.00000e+00	0.00000e+00	0.00000e+00	0.00000e+00	0.00000e+00	0.00000e+00	0.00000e+00	0.00000e+00	0.00000e+00	0.00000e+00	0.00000e+00	0.00000e+00
13.82	0.00000e+00	0.00000e+00	0.00000e+00	0.00000e+00	0.00000e+00	0.00000e+00	0.00000e+00	0.00000e+00	0.00000e+00	0.00000e+00	0.00000e+00	0.00000e+00	0.00000e+00	0.00000e+00	0.00000e+00	0.00000e+00	0.00000e+00	0.00000e+00	0.00000e+00	0.00000e+00	0.00000e+00	0.00000e+00	0.00000e+00	0.00000e+00	0.00000e+00	0.00000e+00	0.00000e+00	0.00000e+00	0.00000e+00	0.00000e+00	0.00000e+00	0.00000e+00	0.00000e+00	0.00000e+00	0.00000e+00	0.00000e+00	0.00000e+00	0.00000e+00	0.00000e+00	0.00000e+00	0.00000e+00	0.00000e+00	0.00000e+00	0.00000e+00	0.00000e+00	0.00000e+00	0.00000e+00	0.00000e+00	0.00000e+00	0.00000e+00	0.00000e+00	0.00000e+00	0.00000e+00	0.00000e+00	0.00000e+00	0.00000e+00	0.00000e+00	0.00000e+00	0.00000e+00	0.00000e+00	0.00000e+00	0.00000e+00	0.00000e+00	0.00000e+00	0.00000e+00	0.00000e+00	0.00000e+00	0.00000e+00	0.00000e+00	0.00000e+00	0.00000e+00	0.00000e+00	0.00000e+00	0.00000e+00	0.00000e+00	0.00000e+00	0.00000e+00	0.00000e+00	0.00000e+00	0.00000e+00	0.00000e+00	0.00000e+00	0.00000e+00	0.00000e+00	0.00000e+00	0.00000e+00	0.00000e+00	0.00000e+00	0.00000e+00	0.00000e+00	0.00000e+00	0.00000e+00	0.00000e+00	0.00000e+00	0.00000e+00	0.00000e+00	0.00000e+00	0.00000e+00	0.00000e+00	0.00000e+00	0.00000e+00	0.00000e+00	0.00000e+00	0.00000e+00	0.00000e+00	0.00000e+00	0.00000e+00	0.00000e+00	0.00000e+00	0.00000e+00	0.00000e+00	0.00000e+00	0.00000e+00	0.00000e+00	0.00000e+00	0.00000e+00	0.00000e+00	0.00000e+00	0.00000e+00	0.00000e+00	0.00000e+00	0.00000e+00	0.00000e+00	0.00000e+00	0.00000e+00	0.00000e+00	0.00000e+00	0.00000e+00	0.00000e+00	0.00000e+00	0.00000e+00	0.00000e+00	0.00000e+00	0.00000e+00	0.00000e+00	0.00000e+00	0.00000e+00	0.00000e+00	0.00000e+00	0.00000e+00	0.00000e+00	0.00000e+00	0.00000e+00	0.00000e+00	0.00000e+00	0.00000e+00	0.00000e+00	0.00000e+00	0.00000e+00	0.00000e+00	0.00000e+00	0.00000e+00	0.00000e+00	0.00000e+00	0.00000e+00	0.00000e+00	0.00000e+00	0.00000e+00	0.00000e+00	0.00000e+00	0.00000e+00	0.00000e+00	0.00000e+00	0.00000e+00	0.00000e+00	0.00000e+00	0.00000e+00	0.00000e+00	0.00000e+00	0.00000e+00	0.00000e+00	0.00000e+00	0.00000e+00	0.00000e+00	0.00000e+00	0.00000e+00	0.00000e+00	0.00000e+00	0.00000e+00	0.00000e+00	0.00000e+00	0.00000e+00	0.00000e+00	0.00000e+00	0.00000e+00	0.00000e+00	0.00000e+00	0.00000e+00	0.00000e+00	0.00000e+00	0.00000e+00	0.00000e+00	0.00000e+00	0.00000e+00	0.00000e+00
13.85	0.00000e+00	0.00000e+00	0.00000e+00	0.00000e+00	0.00000e+00	0.00000e+00	0.00000e+00	0.00000e+00	0.00000e+00	0.00000e+00	0.00000e+00	0.00000e+00	0.00000e+00	0.00000e+00	0.00000e+00	0.00000e+00	0.00000e+00	0.00000e+00	0.00000e+00	0.00000e+00	0.00000e+00	0.00000e+00	0.00000e+00	0.00000e+00	0.00000e+00	0.00000e+00	0.00000e+00	0.00000e+00	0.00000e+00	0.00000e+00	0.00000e+00	0.00000e+00	0.00000e+00	0.00000e+00	0.00000e+00	0.00000e+00	0.00000e+00	0.00000e+00	0.00000e+00	0.00000e+00	0.00000e+00	0.00000e+00	0.00000e+00	0.00000e+00	0.00000e+00	0.00000e+00	0.00000e+00	0.00000e+00	0.00000e+00	0.00000e+00	0.00000e+00	0.00000e+00	0.00000e+00	0.00000e+00	0.00000e+00	0.00000e+00	0.00000e+00	0.00000e+00	0.00000e+00	0.00000e+00	0.00000e+00	0.00000e+00	0.00000e+00	0.00000e+00	0.00000e+00	0.00000e+00	0.00000e+00	0.00000e+00	0.00000e+00	0.00000e+00	0.00000e+00	0.00000e+00	0.00000e+00	0.00000e+00	0.00000e+00	0.00000e+00	0.00000e+00	0.00000e+00	0.00000e+00	0.00000e+00	0.00000e+00	0.00000e+00	0.00000e+00	0.00000e+00	0.00000e+00	0.00000e+00	0.00000e+00	0.00000e+00	0.00000e+00	0.00000e+00	0.00000e+00	0.00000e+00	0.00000e+00	0.00000e+00	0.00000e+00	0.00000e+00	0.00000e+00	0.00000e+00	0.00000e+00	0.00000e+00	0.00000e+00	0.00000e+00	0.00000e+00	0.00000e+00	0.00000e+00	0.00000e+00	0.00000e+00	0.00000e+00	0.00000e+00	0.00000e+00	0.00000e+00	0.00000e+00	0.00000e+00	0.00000e+00	0.00000e+00	0.00000e+00	0.00000e+00	0.00000e+00	0.00000e+00	0.00000e+00	0.00000e+00	0.00000e+00	0.00000e+00	0.00000e+00	0.00000e+00	0.00000e+00	0.00000e+00	0.00000e+00	0.00000e+00	0.00000e+00	0.00000e+00	0.00000e+00	0.00000e+00	0.00000e+00	0.00000e+00	0.00000e+00	0.00000e+00	0.00000e+00	0.00000e+00	0.00000e+00	0.00000e+00	0.00000e+00	0.00000e+00	0.00000e+00	0.00000e+00	0.00000e+00	0.00000e+00	0.00000e+00	0.00000e+00	0.00000e+00	0.00000e+00	0.00000e+00	0.00000e+00	0.00000e+00	0.00000e+00	0.00000e+00	0.00000e+00	0.00000e+00	0.00000e+00	0.00000e+00	0.00000e+00	0.00000e+00	0.00000e+00	0.00000e+00	0.00000e+00	0.00000e+00	0.00000e+00	0.00000e+00	0.00000e+00	0.00000e+00	0.00000e+00	0.00000e+00	0.00000e+00	0.00000e+00	0.00000e+00	0.00000e+00	0.00000e+00	0.00000e+00	0.00000e+00	0.00000e+00	0.00000e+00	0.00000e+00	0.00000e+00	0.00000e+00	0.00000e+00	0.00000e+00	0.00000e+00	0.00000e+00	0.00000e+00	0.00000e+00	0.00000e+00	0.00000e+00	0.00000e+00	0.00000e+00	0.00000e+00
13.88	0.00000e+00	0.00000e+00	0.00000e+00	0.00000e+00	0.00000e+00	0.00000e+00	0.00000e+00	0.00000e+00	0.00000e+00	0.00000e+00	0.00000e+00	0.00000e+00	0.00000e+00	0.00000e+00	0.00000e+00	0.00000e+00	0.00000e+00	0.00000e+00	0.00000e+00	0.00000e+00	0.00000e+00	0.00000e+00	0.00000e+00	0.00000e+00	0.00000e+00	0.00000e+00	0.00000e+00	0.00000e+00	0.00000e+00	0.00000e+00	0.00000e+00	0.00000e+00	0.00000e+00	0.00000e+00	0.00000e+00	0.00000e+00	0.00000e+00	0.00000e+00	0.00000e+00	0.00000e+00	0.00000e+00	0.00000e+00	0.00000e+00	0.00000e+00	0.00000e+00	0.00000e+00	0.00000e+00	0.00000e+00	0.00000e+00	0.00000e+00	0.00000e+00	0.00000e+00	0.00000e+00	0.00000e+00	0.00000e+00	0.00000e+00	0.00000e+00	0.00000e+00	0.00000e+00	0.00000e+00	0.00000e+00	0.00000e+00	0.00000e+00	0.00000e+00	0.00000e+00	0.00000e+00	0.00000e+00	0.00000e+00	0.00000e+00	0.00000e+00	0.00000e+00	0.00000e+00	0.00000e+00	0.00000e+00	0.00000e+00	0.00000e+00	0.00000e+00	0.00000e+00	0.00000e+00	0.00000e+00	0.00000e+00	0.00000e+00	0.00000e+00	0.00000e+00	0.00000e+00	0.00000e+00	0.00000e+00	0.00000e+00	0.00000e+00	0.00000e+00	0.00000e+00	0.00000e+00	0.00000e+00	0.00000e+00	0.00000e+00	0.00000e+00	0.00000e+00	0.00000e+00	0.00000e+00	0.00000e+00	0.00000e+00	0.00000e+00	0.00000e+00	0.00000e+00	0.00000e+00	0.00000e+00	0.00000e+00	0.00000e+00	0.00000e+00	0.00000e+00	0.00000e+00	0.00000e+00	0.00000e+00	0.00000e+00	0.00000e+00	0.00000e+00	0.00000e+00	0.00000e+00	0.00000e+00	0.00000e+00	0.00000e+00	0.00000e+00	0.00000e+00	0.00000e+00	0.00000e+00	0.00000e+00	0.00000e+00	0.00000e+00	0.00000e+00	0.00000e+00	0.00000e+00	0.00000e+00	0.00000e+00	0.00000e+00	0.00000e+00	0.00000e+00	0.00000e+00	0.00000e+00	0.00000e+00	0.00000e+00	0.00000e+00	0.00000e+00	0.00000e+00	0.00000e+00	0.00000e+00	0.00000e+00	0.00000e+00	0.00000e+00	0.00000e+00	0.00000e+00	0.00000e+00	0.00000e+00	0.00000e+00	0.00000e+00	0.00000e+00	0.00000e+00	0.00000e+00	0.00000e+00	0.00000e+00	0.00000e+00	0.00000e+00	0.00000e+00	0.00000e+00	0.00000e+00	0.00000e+00	0.00000e+00	0.00000e+00	0.00000e+00	0.00000e+00	0.00000e+00	0.00000e+00	0.00000e+00	0.00000e+00	0.00000e+00	0.00000e+00	0.00000e+00	0.00000e+00	0.00000e+00	0.00000e+00	0.00000e+00	0.00000e+00	0.00000e+00	0.00000e+00	0.00000e+00	0.00000e+00	0.00000e+00	0.00000e+00	0.00000e+00	0.00000e+00	0.00000e+00	0.00000e+00	0.00000e+00	0.00000e+00	0.00000e+00	0.00000e+00
13.92	0.00000e+00	0.00000e+00	0.00000e+00	0.00000e+00	0.00000e+00	0.00000e+00	0.00000e+00	0.00000e+00	0.00000e+00	0.00000e+00	0.00000e+00	0.00000e+00	0.00000e+00	0.00000e+00	0.00000e+00	0.00000e+00	0.00000e+00	0.00000e+00	0.00000e+00	0.00000e+00	0.00000e+00	0.00000e+00	0.00000e+00	0.00000e+00	0.00000e+00	0.00000e+00	0.00000e+00	0.00000e+00	0.00000e+00	0.00000e+00	0.00000e+00	0.00000e+00	0.00000e+00	0.00000e+00	0.00000e+00	0.00000e+00	0.00000e+00	0.00000e+00	0.00000e+00	0.00000e+00	0.00000e+00	0.00000e+00	0.00000e+00	0.00000e+00	0.00000e+00	0.00000e+00	0.00000e+00	0.00000e+00	0.00000e+00	0.00000e+00	0.00000e+00	0.00000e+00	0.00000e+00	0.00000e+00	0.00000e+00	0.00000e+00	0.00000e+00	0.00000e+00	0.00000e+00	0.00000e+00	0.00000e+00	0.00000e+00	0.00000e+00	0.00000e+00	0.00000e+00	0.00000e+00	0.00000e+00	0.00000e+00	0.00000e+00	0.00000e+00	0.00000e+00	0.00000e+00	0.00000e+00	0.00000e+00	0.00000e+00	0.00000e+00	0.00000e+00	0.00000e+00	0.00000e+00	0.00000e+00	0.00000e+00	0.00000e+00	0.00000e+00	0.00000e+00	0.00000e+00	0.00000e+00	0.00000e+00	0.00000e+00	0.00000e+00	0.00000e+00	0.00000e+00	0.00000e+00	0.00000e+00	0.00000e+00	0.00000e+00	0.00000e+00	0.00000e+00	0.00000e+00	0.00000e+00	0.00000e+00	0.00000e+00	0.00000e+00	0.00000e+00	0.00000e+00	0.00000e+00	0.00000e+00	0.00000e+00	0.00000e+00	0.00000e+00	0.00000e+00	0.00000e+00	0.00000e+00	0.00000e+00	0.00000e+00	0.00000e+00	0.00000e+00	0.00000e+00	0.00000e+00	0.00000e+00	0.00000e+00	0.00000e+00	0.00000e+00	0.00000e+00	0.00000e+00	0.00000e+00	0.00000e+00	0.00000e+00	0.00000e+00	0.00000e+00	0.00000e+00	0.00000e+00	0.00000e+00	0.00000e+00	0.00000e+00	0.00000e+00	0.00000e+00	0.00000e+00	0.00000e+00	0.00000e+00	0.00000e+00	0.00000e+00	0.00000e+00	0.00000e+00	0.00000e+00	0.00000e+00	0.00000e+00	0.00000e+00	0.00000e+00	0.00000e+00	0.00000e+00	0.00000e+00	0.00000e+00	0.00000e+00	0.00000e+00	0.00000e+00	0.00000e+00	0.00000e+00	0.00000e+00	0.00000e+00	0.00000e+00	0.00000e+00	0.00000e+00	0.00000e+00	0.00000e+00	0.00000e+00	0.00000e+00	0.00000e+00	0.00000e+00	0.00000e+00	0.00000e+00	0.00000e+00	0.00000e+00	0.00000e+00	0.00000e+00	0.00000e+00	0.00000e+00	0.00000e+00	0.00000e+00	0.00000e+00	0.00000e+00	0.00000e+00	0.00000e+00	0.00000e+00	0.00000e+00	0.00000e+00	0.00000e+00	0.00000e+00	0.00000e+00	0.00000e+00	0.00000e+00	0.00000e+00	0.00000e+00	0.00000e+00	0.00000e+00	0.00000e+00
13.95	0.00000e+00	0.00000e+00	0.00000e+00	0.00000e+00	0.00000e+00	0.00000e+00	0.00000e+00	0.00000e+00	0.00000e+00	0.00000e+00	0.00000e+00	0.00000e+00	0.00000e+00	0.00000e+00	0.00000e+00	0.00000e+00	0.00000e+00	0.00000e+00	0.00000e+00	0.00000e+00	0.00000e+00	0.00000e+00	0.00000e+00	0.00000e+00	0.00000e+00	0.00000e+00	0.00000e+00	0.00000e+00	0.00000e+00	0.00000e+00	0.00000e+00	0.00000e+00	0.00000e+00	0.00000e+00	0.00000e+00	0.00000e+00	0.00000e+00	0.00000e+00	0.00000e+00	0.00000e+00	0.00000e+00	0.00000e+00	0.00000e+00	0.00000e+00	0.00000e+00	0.00000e+00	0.00000e+00	0.00000e+00	0.00000e+00	0.00000e+00	0.00000e+00	0.00000e+00	0.00000e+00	0.00000e+00	0.00000e+00	0.00000e+00	0.00000e+00	0.00000e+00	0.00000e+00	0.00000e+00	0.00000e+00	0.00000e+00	0.00000e+00	0.00000e+00	0.00000e+00	0.00000e+00	0.00000e+00	0.00000e+00	0.00000e+00	0.00000e+00	0.00000e+00	0.00000e+00	0.00000e+00	0.00000e+00	0.00000e+00	0.00000e+00	0.00000e+00	0.00000e+00	0.00000e+00	0.00000e+00	0.00000e+00	0.00000e+00	0.00000e+00	0.00000e+00	0.00000e+00	0.00000e+00	0.00000e+00	0.00000e+00	0.00000e+00	0.00000e+00	0.00000e+00	0.00000e+00	0.00000e+00	0.00000e+00	0.00000e+00	0.00000e+00	0.00000e+00	0.00000e+00	0.00000e+00	0.00000e+00	0.00000e+00	0.00000e+00	0.00000e+00	0.00000e+00	0.00000e+00	0.00000e+00	0.00000e+00	0.00000e+00	0.00000e+00	0.00000e+00	0.00000e+00	0.00000e+00	0.00000e+00	0.00000e+00	0.00000e+00	0.00000e+00	0.00000e+00	0.00000e+00	0.00000e+00	0.00000e+00	0.00000e+00	0.00000e+00	0.00000e+00	0.00000e+00	0.00000e+00	0.00000e+00	0.00000e+00	0.00000e+00	0.00000e+00	0.00000e+00	0.00000e+00	0.00000e+00	0.00000e+00	0.00000e+00	0.00000e+00	0.00000e+00	0.00000e+00	0.00000e+00	0.00000e+00	0.00000e+00	0.00000e+00	0.00000e+00	0.00000e+00	0.00000e+00	0.00000e+00	0.00000e+00	0.00000e+00	0.00000e+00	0.00000e+00	0.00000e+00	0.00000e+00	0.00000e+00	0.00000e+00	0.00000e+00	0.00000e+00	0.00000e+00	0.00000e+00	0.00000e+00	0.00000e+00	0.00000e+00	0.00000e+00	0.00000e+00	0.00000e+00	0.00000e+00	0.00000e+00	0.00000e+00	0.00000e+00	0.00000e+00	0.00000e+00	0.00000e+00	0.00000e+00	0.00000e+00	0.00000e+00	0.00000e+00	0.00000e+00	0.00000e+00	0.00000e+00	0.00000e+00	0.00000e+00	0.00000e+00	0.00000e+00	0.00000e+00	0.00000e+00	0.00000e+00	0.00000e+00	0.00000e+00	0.00000e+00	0.00000e+00	0.00000e+00	0.00000e+00	0.00000e+00	0.00000e+00	0.00000e+00	0.00000e+00	0.00000e+00
13.99	0.00000e+00	0.00000e+00	0.00000e+00	0.00000e+00	0.00000e+00	0.00000e+00	0.00000e+00	0.00000e+00	0.00000e+00	0.00000e+00	0.00000e+00	0.00000e+00	0.00000e+00	0.00000e+00	0.00000e+00	0.00000e+00	0.00000e+00	0.00000e+00	0.00000e+00	0.00000e+00	0.00000e+00	0.00000e+00	0.00000e+00	0.00000e+00	0.00000e+00	0.00000e+00	0.00000e+00	0.00000e+00	0.00000e+00	0.00000e+00	0.00000e+00	0.00000e+00	0.00000e+00	0.00000e+00	0.00000e+00	0.00000e+00	0.00000e+00	0.00000e+00	0.00000e+00	0.00000e+00	0.00000e+00	0.00000e+00	0.00000e+00	0.00000e+00	0.00000e+00	0.00000e+00	0.00000e+00	0.00000e+00	0.00000e+00	0.00000e+00	0.00000e+00	0.00000e+00	0.00000e+00	0.00000e+00	0.00000e+00	0.00000e+00	0.00000e+00	0.00000e+00	0.00000e+00	0.00000e+00	0.00000e+00	0.00000e+00	0.00000e+00	0.00000e+00	0.00000e+00	0.00000e+00	0.00000e+00	0.00000e+00	0.00000e+00	0.00000e+00	0.00000e+00	0.00000e+00	0.00000e+00	0.00000e+00	0.00000e+00	0.00000e+00	0.00000e+00	0.00000e+00	0.00000e+00	0.00000e+00	0.00000e+00	0.00000e+00	0.00000e+00	0.00000e+00	0.00000e+00	0.00000e+00	0.00000e+00	0.00000e+00	0.00000e+00	0.00000e+00	0.00000e+00	0.00000e+00	0.00000e+00	0.00000e+00	0.00000e+00	0.00000e+00	0.00000e+00	0.00000e+00	0.00000e+00	0.00000e+00	0.00000e+00	0.00000e+00	0.00000e+00	0.00000e+00	0.00000e+00	0.00000e+00	0.00000e+00	0.00000e+00	0.00000e+00	0.00000e+00	0.00000e+00	0.00000e+00	0.00000e+00	0.00000e+00	0.00000e+00	0.00000e+00	0.00000e+00	0.00000e+00	0.00000e+00	0.00000e+00	0.00000e+00	0.00000e+00	0.00000e+00	0.00000e+00	0.00000e+00	0.00000e+00	0.00000e+00	0.00000e+00	0.00000e+00	0.00000e+00	0.00000e+00	0.00000e+00	0.00000e+00	0.00000e+00	0.00000e+00	0.00000e+00	0.00000e+00	0.00000e+00	0.00000e+00	0.00000e+00	0.00000e+00	0.00000e+00	0.00000e+00	0.00000e+00	0.00000e+00	0.00000e+00	0.00000e+00	0.00000e+00	0.00000e+00	0.00000e+00	0.00000e+00	0.00000e+00	0.00000e+00	0.00000e+00	0.00000e+00	0.00000e+00	0.00000e+00	0.00000e+00	0.00000e+00	0.00000e+00	0.00000e+00	0.00000e+00	0.00000e+00	0.00000e+00	0.00000e+00	0.00000e+00	0.00000e+00	0.00000e+00	0.00000e+00	0.00000e+00	0.00000e+00	0.00000e+00	0.00000e+00	0.00000e+00	0.00000e+00	0.00000e+00	0.00000e+00	0.00000e+00	0.00000e+00	0.00000e+00	0.00000e+00	0.00000e+00	0.00000e+00	0.00000e+00	0.00000e+00	0.00000e+00	0.00000e+00	0.00000e+00	0.00000e+00	0.00000e+00	0.00000e+00	0.00000e+00	0.00000e+00	0.00000e+00	0.00000e+00
14.02	0.00000e+00	0.00000e+00	0.00000e+00	0.00000e+00	0.00000e+00	0.00000e+00	0.00000e+00	0.00000e+00	0.00000e+00	0.00000e+00	0.00000e+00	0.00000e+00	0.00000e+00	0.00000e+00	0.00000e+00	0.00000e+00	0.00000e+00	0.00000e+00	0.00000e+00	0.00000e+00	0.00000e+00	0.00000e+00	0.00000e+00	0.00000e+00	0.00000e+00	0.00000e+00	0.00000e+00	0.00000e+00	0.00000e+00	0.00000e+00	0.00000e+00	0.00000e+00	0.00000e+00	0.00000e+00	0.00000e+00	0.00000e+00	0.00000e+00	0.00000e+00	0.00000e+00	0.00000e+00	0.00000e+00	0.00000e+00	0.00000e+00	0.00000e+00	0.00000e+00	0.00000e+00	0.00000e+00	0.00000e+00	0.00000e+00	0.00000e+00	0.00000e+00	0.00000e+00	0.00000e+00	0.00000e+00	0.00000e+00	0.00000e+00	0.00000e+00	0.00000e+00	0.00000e+00	0.00000e+00	0.00000e+00	0.00000e+00	0.00000e+00	0.00000e+00	0.00000e+00	0.00000e+00	0.00000e+00	0.00000e+00	0.00000e+00	0.00000e+00	0.00000e+00	0.00000e+00	0.00000e+00	0.00000e+00	0.00000e+00	0.00000e+00	0.00000e+00	0.00000e+00	0.00000e+00	0.00000e+00	0.00000e+00	0.00000e+00	0.00000e+00	0.00000e+00	0.00000e+00	0.00000e+00	0.00000e+00	0.00000e+00	0.00000e+00	0.00000e+00	0.00000e+00	0.00000e+00	0.00000e+00	0.00000e+00	0.00000e+00	0.00000e+00	0.00000e+00	0.00000e+00	0.00000e+00	0.00000e+00	0.00000e+00	0.00000e+00	0.00000e+00	0.00000e+00	0.00000e+00	0.00000e+00	0.00000e+00	0.00000e+00	0.00000e+00	0.00000e+00	0.00000e+00	0.00000e+00	0.00000e+00	0.00000e+00	0.00000e+00	0.00000e+00	0.00000e+00	0.00000e+00	0.00000e+00	0.00000e+00	0.00000e+00	0.00000e+00	0.00000e+00	0.00000e+00	0.00000e+00	0.00000e+00	0.00000e+00	0.00000e+00	0.00000e+00	0.00000e+00	0.00000e+00	0.00000e+00	0.00000e+00	0.00000e+00	0.00000e+00	0.00000e+00	0.00000e+00	0.00000e+00	0.00000e+00	0.00000e+00	0.00000e+00	0.00000e+00	0.00000e+00	0.00000e+00	0.00000e+00	0.00000e+00	0.00000e+00	0.00000e+00	0.00000e+00	0.00000e+00	0.00000e+00	0.00000e+00	0.00000e+00	0.00000e+00	0.00000e+00	0.00000e+00	0.00000e+00	0.00000e+00	0.00000e+00	0.00000e+00	0.00000e+00	0.00000e+00	0.00000e+00	0.00000e+00	0.00000e+00	0.00000e+00	0.00000e+00	0.00000e+00	0.00000e+00	0.00000e+00	0.00000e+00	0.00000e+00	0.00000e+00	0.00000e+00	0.00000e+00	0.00000e+00	0.00000e+00	0.00000e+00	0.00000e+00	0.00000e+00	0.00000e+00	0.00000e+00	0.00000e+00	0.00000e+00	0.00000e+00	0.00000e+00	0.00000e+00	0.00000e+00	0.00000e+00	0.00000e+00	0.00000e+00	0.00000e+00	0.00000e+00	0.00000e+00	0.00000e+00
14.05	0.00000e+00	0.00000e+00	0.00000e+00	0.00000e+00	0.00000e+00	0.00000e+00	0.00000e+00	0.00000e+00	0.00000e+00	0.00000e+00	0.00000e+00	0.00000e+00	0.00000e+00	0.00000e+00	0.00000e+00	0.00000e+00	0.00000e+00	0.00000e+00	0.00000e+00	0.00000e+00	0.00000e+00	0.00000e+00	0.00000e+00	0.00000e+00	0.00000e+00	0.00000e+00	0.00000e+00	0.00000e+00	0.00000e+00	0.00000e+00	0.00000e+00	0.00000e+00	0.00000e+00	0.00000e+00	0.00000e+00	0.00000e+00	0.00000e+00	0.00000e+00	0.00000e+00	0.00000e+00	0.00000e+00	0.00000e+00	0.00000e+00	0.00000e+00	0.00000e+00	0.00000e+00	0.00000e+00	0.00000e+00	0.00000e+00	0.00000e+00	0.00000e+00	0.00000e+00	0.00000e+00	0.00000e+00	0.00000e+00	0.00000e+00	0.00000e+00	0.00000e+00	0.00000e+00	0.00000e+00	0.00000e+00	0.00000e+00	0.00000e+00	0.00000e+00	0.00000e+00	0.00000e+00	0.00000e+00	0.00000e+00	0.00000e+00	0.00000e+00	0.00000e+00	0.00000e+00	0.00000e+00	0.00000e+00	0.00000e+00	0.00000e+00	0.00000e+00	0.00000e+00	0.00000e+00	0.00000e+00	0.00000e+00	0.00000e+00	0.00000e+00	0.00000e+00	0.00000e+00	0.00000e+00	0.00000e+00	0.00000e+00	0.00000e+00	0.00000e+00	0.00000e+00	0.00000e+00	0.00000e+00	0.00000e+00	0.00000e+00	0.00000e+00	0.00000e+00	0.00000e+00	0.00000e+00	0.00000e+00	0.00000e+00	0.00000e+00	0.00000e+00	0.00000e+00	0.00000e+00	0.00000e+00	0.00000e+00	0.00000e+00	0.00000e+00	0.00000e+00	0.00000e+00	0.00000e+00	0.00000e+00	0.00000e+00	0.00000e+00	0.00000e+00	0.00000e+00	0.00000e+00	0.00000e+00	0.00000e+00	0.00000e+00	0.00000e+00	0.00000e+00	0.00000e+00	0.00000e+00	0.00000e+00	0.00000e+00	0.00000e+00	0.00000e+00	0.00000e+00	0.00000e+00	0.00000e+00	0.00000e+00	0.00000e+00	0.00000e+00	0.00000e+00	0.00000e+00	0.00000e+00	0.00000e+00	0.00000e+00	0.00000e+00	0.00000e+00	0.00000e+00	0.00000e+00	0.00000e+00	0.00000e+00	0.00000e+00	0.00000e+00	0.00000e+00	0.00000e+00	0.00000e+00	0.00000e+00	0.00000e+00	0.00000e+00	0.00000e+00	0.00000e+00	0.00000e+00	0.00000e+00	0.00000e+00	0.00000e+00	0.00000e+00	0.00000e+00	0.00000e+00	0.00000e+00	0.00000e+00	0.00000e+00	0.00000e+00	0.00000e+00	0.00000e+00	0.00000e+00	0.00000e+00	0.00000e+00	0.00000e+00	0.00000e+00	0.00000e+00	0.00000e+00	0.00000e+00	0.00000e+00	0.00000e+00	0.00000e+00	0.00000e+00	0.00000e+00	0.00000e+00	0.00000e+00	0.00000e+00	0.00000e+00	0.00000e+00	0.00000e+00	0.00000e+00	0.00000e+00	0.00000e+00	0.00000e+00	0.00000e+00	0.00000e+00	0.00000e+00
14.09	0.00000e+00	0.00000e+00	0.00000e+00	0.00000e+00	0.00000e+00	0.00000e+00	0.00000e+00	0.00000e+00	0.00000e+00	0.00000e+00	0.00000e+00	0.00000e+00	0.00000e+00	0.00000e+00	0.00000e+00	0.00000e+00	0.00000e+00	0.00000e+00	0.00000e+00	0.00000e+00	0.00000e+00	0.00000e+00	0.00000e+00	0.00000e+00	0.00000e+00	0.00000e+00	0.00000e+00	0.00000e+00	0.00000e+00	0.00000e+00	0.00000e+00	0.00000e+00	0.00000e+00	0.00000e+00	0.00000e+00	0.00000e+00	0.00000e+00	0.00000e+00	0.00000e+00	0.00000e+00	0.00000e+00	0.00000e+00	0.00000e+00	0.00000e+00	0.00000e+00	0.00000e+00	0.00000e+00	0.00000e+00	0.00000e+00	0.00000e+00	0.00000e+00	0.00000e+00	0.00000e+00	0.00000e+00	0.00000e+00	0.00000e+00	0.00000e+00	0.00000e+00	0.00000e+00	0.00000e+00	0.00000e+00	0.00000e+00	0.00000e+00	0.00000e+00	0.00000e+00	0.00000e+00	0.00000e+00	0.00000e+00	0.00000e+00	0.00000e+00	0.00000e+00	0.00000e+00	0.00000e+00	0.00000e+00	0.00000e+00	0.00000e+00	0.00000e+00	0.00000e+00	0.00000e+00	0.00000e+00	0.00000e+00	0.00000e+00	0.00000e+00	0.00000e+00	0.00000e+00	0.00000e+00	0.00000e+00	0.00000e+00	0.00000e+00	0.00000e+00	0.00000e+00	0.00000e+00	0.00000e+00	0.00000e+00	0.00000e+00	0.00000e+00	0.00000e+00	0.00000e+00	0.00000e+00	0.00000e+00	0.00000e+00	0.00000e+00	0.00000e+00	0.00000e+00	0.00000e+00	0.00000e+00	0.00000e+00	0.00000e+00	0.00000e+00	0.00000e+00	0.00000e+00	0.00000e+00	0.00000e+00	0.00000e+00	0.00000e+00	0.00000e+00	0.00000e+00	0.00000e+00	0.00000e+00	0.00000e+00	0.00000e+00	0.00000e+00	0.00000e+00	0.00000e+00	0.00000e+00	0.00000e+00	0.00000e+00	0.00000e+00	0.00000e+00	0.00000e+00	0.00000e+00	0.00000e+00	0.00000e+00	0.00000e+00	0.00000e+00	0.00000e+00	0.00000e+00	0.00000e+00	0.00000e+00	0.00000e+00	0.00000e+00	0.00000e+00	0.00000e+00	0.00000e+00	0.00000e+00	0.00000e+00	0.00000e+00	0.00000e+00	0.00000e+00	0.00000e+00	0.00000e+00	0.00000e+00	0.00000e+00	0.00000e+00	0.00000e+00	0.00000e+00	0.00000e+00	0.00000e+00	0.00000e+00	0.00000e+00	0.00000e+00	0.00000e+00	0.00000e+00	0.00000e+00	0.00000e+00	0.00000e+00	0.00000e+00	0.00000e+00	0.00000e+00	0.00000e+00	0.00000e+00	0.00000e+00	0.00000e+00	0.00000e+00	0.00000e+00	0.00000e+00	0.00000e+00	0.00000e+00	0.00000e+00	0.00000e+00	0.00000e+00	0.00000e+00	0.00000e+00	0.00000e+00	0.00000e+00	0.00000e+00	0.00000e+00	0.00000e+00	0.00000e+00	0.00000e+00	0.00000e+00	0.00000e+00	0.00000e+00	0.00000e+00	0.00000e+00
14.12	0.00000e+00	0.00000e+00	0.00000e+00	0.00000e+00	0.00000e+00	0.00000e+00	0.00000e+00	0.00000e+00	0.00000e+00	0.00000e+00	0.00000e+00	0.00000e+00	0.00000e+00	0.00000e+00	0.00000e+00	0.00000e+00	0.00000e+00	0.00000e+00	0.00000e+00	0.00000e+00	0.00000e+00	0.00000e+00	0.00000e+00	0.00000e+00	0.00000e+00	0.00000e+00	0.00000e+00	0.00000e+00	0.00000e+00	0.00000e+00	0.00000e+00	0.00000e+00	0.00000e+00	0.00000e+00	0.00000e+00	0.00000e+00	0.00000e+00	0.00000e+00	0.00000e+00	0.00000e+00	0.00000e+00	0.00000e+00	0.00000e+00	0.00000e+00	0.00000e+00	0.00000e+00	0.00000e+00	0.00000e+00	0.00000e+00	0.00000e+00	0.00000e+00	0.00000e+00	0.00000e+00	0.00000e+00	0.00000e+00	0.00000e+00	0.00000e+00	0.00000e+00	0.00000e+00	0.00000e+00	0.00000e+00	0.00000e+00	0.00000e+00	0.00000e+00	0.00000e+00	0.00000e+00	0.00000e+00	0.00000e+00	0.00000e+00	0.00000e+00	0.00000e+00	0.00000e+00	0.00000e+00	0.00000e+00	0.00000e+00	0.00000e+00	0.00000e+00	0.00000e+00	0.00000e+00	0.00000e+00	0.00000e+00	0.00000e+00	0.00000e+00	0.00000e+00	0.00000e+00	0.00000e+00	0.00000e+00	0.00000e+00	0.00000e+00	0.00000e+00	0.00000e+00	0.00000e+00	0.00000e+00	0.00000e+00	0.00000e+00	0.00000e+00	0.00000e+00	0.00000e+00	0.00000e+00	0.00000e+00	0.00000e+00	0.00000e+00	0.00000e+00	0.00000e+00	0.00000e+00	0.00000e+00	0.00000e+00	0.00000e+00	0.00000e+00	0.00000e+00	0.00000e+00	0.00000e+00	0.00000e+00	0.00000e+00	0.00000e+00	0.00000e+00	0.00000e+00	0.00000e+00	0.00000e+00	0.00000e+00	0.00000e+00	0.00000e+00	0.00000e+00	0.00000e+00	0.00000e+00	0.00000e+00	0.00000e+00	0.00000e+00	0.00000e+00	0.00000e+00	0.00000e+00	0.00000e+00	0.00000e+00	0.00000e+00	0.00000e+00	0.00000e+00	0.00000e+00	0.00000e+00	0.00000e+00	0.00000e+00	0.00000e+00	0.00000e+00	0.00000e+00	0.00000e+00	0.00000e+00	0.00000e+00	0.00000e+00	0.00000e+00	0.00000e+00	0.00000e+00	0.00000e+00	0.00000e+00	0.00000e+00	0.00000e+00	0.00000e+00	0.00000e+00	0.00000e+00	0.00000e+00	0.00000e+00	0.00000e+00	0.00000e+00	0.00000e+00	0.00000e+00	0.00000e+00	0.00000e+00	0.00000e+00	0.00000e+00	0.00000e+00	0.00000e+00	0.00000e+00	0.00000e+00	0.00000e+00	0.00000e+00	0.00000e+00	0.00000e+00	0.00000e+00	0.00000e+00	0.00000e+00	0.00000e+00	0.00000e+00	0.00000e+00	0.00000e+00	0.00000e+00	0.00000e+00	0.00000e+00	0.00000e+00	0.00000e+00	0.00000e+00	0.00000e+00	0.00000e+00	0.00000e+00	0.00000e+00	0.00000e+00	0.00000e+00	0.00000e+00
14.16	0.00000e+00	0.00000e+00	0.00000e+00	0.00000e+00	0.00000e+00	0.00000e+00	0.00000e+00	0.00000e+00	0.00000e+00	0.00000e+00	0.00000e+00	0.00000e+00	0.00000e+00	0.00000e+00	0.00000e+00	0.00000e+00	0.00000e+00	0.00000e+00	0.00000e+00	0.00000e+00	0.00000e+00	0.00000e+00	0.00000e+00	0.00000e+00	0.00000e+00	0.00000e+00	0.00000e+00	0.00000e+00	0.00000e+00	0.00000e+00	0.00000e+00	0.00000e+00	0.00000e+00	0.00000e+00	0.00000e+00	0.00000e+00	0.00000e+00	0.00000e+00	0.00000e+00	0.00000e+00	0.00000e+00	0.00000e+00	0.00000e+00	0.00000e+00	0.00000e+00	0.00000e+00	0.00000e+00	0.00000e+00	0.00000e+00	0.00000e+00	0.00000e+00	0.00000e+00	0.00000e+00	0.00000e+00	0.00000e+00	0.00000e+00	0.00000e+00	0.00000e+00	0.00000e+00	0.00000e+00	0.00000e+00	0.00000e+00	0.00000e+00	0.00000e+00	0.00000e+00	0.00000e+00	0.00000e+00	0.00000e+00	0.00000e+00	0.00000e+00	0.00000e+00	0.00000e+00	0.00000e+00	0.00000e+00	0.00000e+00	0.00000e+00	0.00000e+00	0.00000e+00	0.00000e+00	0.00000e+00	0.00000e+00	0.00000e+00	0.00000e+00	0.00000e+00	0.00000e+00	0.00000e+00	0.00000e+00	0.00000e+00	0.00000e+00	0.00000e+00	0.00000e+00	0.00000e+00	0.00000e+00	0.00000e+00	0.00000e+00	0.00000e+00	0.00000e+00	0.00000e+00	0.00000e+00	0.00000e+00	0.00000e+00	0.00000e+00	0.00000e+00	0.00000e+00	0.00000e+00	0.00000e+00	0.00000e+00	0.00000e+00	0.00000e+00	0.00000e+00	0.00000e+00	0.00000e+00	0.00000e+00	0.00000e+00	0.00000e+00	0.00000e+00	0.00000e+00	0.00000e+00	0.00000e+00	0.00000e+00	0.00000e+00	0.00000e+00	0.00000e+00	0.00000e+00	0.00000e+00	0.00000e+00	0.00000e+00	0.00000e+00	0.00000e+00	0.00000e+00	0.00000e+00	0.00000e+00	0.00000e+00	0.00000e+00	0.00000e+00	0.00000e+00	0.00000e+00	0.00000e+00	0.00000e+00	0.00000e+00	0.00000e+00	0.00000e+00	0.00000e+00	0.00000e+00	0.00000e+00	0.00000e+00	0.00000e+00	0.00000e+00	0.00000e+00	0.00000e+00	0.00000e+00	0.00000e+00	0.00000e+00	0.00000e+00	0.00000e+00	0.00000e+00	0.00000e+00	0.00000e+00	0.00000e+00	0.00000e+00	0.00000e+00	0.00000e+00	0.00000e+00	0.00000e+00	0.00000e+00	0.00000e+00	0.00000e+00	0.00000e+00	0.00000e+00	0.00000e+00	0.00000e+00	0.00000e+00	0.00000e+00	0.00000e+00	0.00000e+00	0.00000e+00	0.00000e+00	0.00000e+00	0.00000e+00	0.00000e+00	0.00000e+00	0.00000e+00	0.00000e+00	0.00000e+00	0.00000e+00	0.00000e+00	0.00000e+00	0.00000e+00	0.00000e+00	0.00000e+00	0.00000e+00	0.00000e+00	0.00000e+00	0.00000e+00	0.00000e+00
14.19	0.00000e+00	0.00000e+00	0.00000e+00	0.00000e+00	0.00000e+00	0.00000e+00	0.00000e+00	0.00000e+00	0.00000e+00	0.00000e+00	0.00000e+00	0.00000e+00	0.00000e+00	0.00000e+00	0.00000e+00	0.00000e+00	0.00000e+00	0.00000e+00	0.00000e+00	0.00000e+00	0.00000e+00	0.00000e+00	0.00000e+00	0.00000e+00	0.00000e+00	0.00000e+00	0.00000e+00	0.00000e+00	0.00000e+00	0.00000e+00	0.00000e+00	0.00000e+00	0.00000e+00	0.00000e+00	0.00000e+00	0.00000e+00	0.00000e+00	0.00000e+00	0.00000e+00	0.00000e+00	0.00000e+00	0.00000e+00	0.00000e+00	0.00000e+00	0.00000e+00	0.00000e+00	0.00000e+00	0.00000e+00	0.00000e+00	0.00000e+00	0.00000e+00	0.00000e+00	0.00000e+00	0.00000e+00	0.00000e+00	0.00000e+00	0.00000e+00	0.00000e+00	0.00000e+00	0.00000e+00	0.00000e+00	0.00000e+00	0.00000e+00	0.00000e+00	0.00000e+00	0.00000e+00	0.00000e+00	0.00000e+00	0.00000e+00	0.00000e+00	0.00000e+00	0.00000e+00	0.00000e+00	0.00000e+00	0.00000e+00	0.00000e+00	0.00000e+00	0.00000e+00	0.00000e+00	0.00000e+00	0.00000e+00	0.00000e+00	0.00000e+00	0.00000e+00	0.00000e+00	0.00000e+00	0.00000e+00	0.00000e+00	0.00000e+00	0.00000e+00	0.00000e+00	0.00000e+00	0.00000e+00	0.00000e+00	0.00000e+00	0.00000e+00	0.00000e+00	0.00000e+00	0.00000e+00	0.00000e+00	0.00000e+00	0.00000e+00	0.00000e+00	0.00000e+00	0.00000e+00	0.00000e+00	0.00000e+00	0.00000e+00	0.00000e+00	0.00000e+00	0.00000e+00	0.00000e+00	0.00000e+00	0.00000e+00	0.00000e+00	0.00000e+00	0.00000e+00	0.00000e+00	0.00000e+00	0.00000e+00	0.00000e+00	0.00000e+00	0.00000e+00	0.00000e+00	0.00000e+00	0.00000e+00	0.00000e+00	0.00000e+00	0.00000e+00	0.00000e+00	0.00000e+00	0.00000e+00	0.00000e+00	0.00000e+00	0.00000e+00	0.00000e+00	0.00000e+00	0.00000e+00	0.00000e+00	0.00000e+00	0.00000e+00	0.00000e+00	0.00000e+00	0.00000e+00	0.00000e+00	0.00000e+00	0.00000e+00	0.00000e+00	0.00000e+00	0.00000e+00	0.00000e+00	0.00000e+00	0.00000e+00	0.00000e+00	0.00000e+00	0.00000e+00	0.00000e+00	0.00000e+00	0.00000e+00	0.00000e+00	0.00000e+00	0.00000e+00	0.00000e+00	0.00000e+00	0.00000e+00	0.00000e+00	0.00000e+00	0.00000e+00	0.00000e+00	0.00000e+00	0.00000e+00	0.00000e+00	0.00000e+00	0.00000e+00	0.00000e+00	0.00000e+00	0.00000e+00	0.00000e+00	0.00000e+00	0.00000e+00	0.00000e+00	0.00000e+00	0.00000e+00	0.00000e+00	0.00000e+00	0.00000e+00	0.00000e+00	0.00000e+00	0.00000e+00	0.00000e+00	0.00000e+00	0.00000e+00	0.00000e+00	0.00000e+00	0.00000e+00
14.22	0.00000e+00	0.00000e+00	0.00000e+00	0.00000e+00	0.00000e+00	0.00000e+00	0.00000e+00	0.00000e+00	0.00000e+00	0.00000e+00	0.00000e+00	0.00000e+00	0.00000e+00	0.00000e+00	0.00000e+00	0.00000e+00	0.00000e+00	0.00000e+00	0.00000e+00	0.00000e+00	0.00000e+00	0.00000e+00	0.00000e+00	0.00000e+00	0.00000e+00	0.00000e+00	0.00000e+00	0.00000e+00	0.00000e+00	0.00000e+00	0.00000e+00	0.00000e+00	0.00000e+00	0.00000e+00	0.00000e+00	0.00000e+00	0.00000e+00	0.00000e+00	0.00000e+00	0.00000e+00	0.00000e+00	0.00000e+00	0.00000e+00	0.00000e+00	0.00000e+00	0.00000e+00	0.00000e+00	0.00000e+00	0.00000e+00	0.00000e+00	0.00000e+00	0.00000e+00	0.00000e+00	0.00000e+00	0.00000e+00	0.00000e+00	0.00000e+00	0.00000e+00	0.00000e+00	0.00000e+00	0.00000e+00	0.00000e+00	0.00000e+00	0.00000e+00	0.00000e+00	0.00000e+00	0.00000e+00	0.00000e+00	0.00000e+00	0.00000e+00	0.00000e+00	0.00000e+00	0.00000e+00	0.00000e+00	0.00000e+00	0.00000e+00	0.00000e+00	0.00000e+00	0.00000e+00	0.00000e+00	0.00000e+00	0.00000e+00	0.00000e+00	0.00000e+00	0.00000e+00	0.00000e+00	0.00000e+00	0.00000e+00	0.00000e+00	0.00000e+00	0.00000e+00	0.00000e+00	0.00000e+00	0.00000e+00	0.00000e+00	0.00000e+00	0.00000e+00	0.00000e+00	0.00000e+00	0.00000e+00	0.00000e+00	0.00000e+00	0.00000e+00	0.00000e+00	0.00000e+00	0.00000e+00	0.00000e+00	0.00000e+00	0.00000e+00	0.00000e+00	0.00000e+00	0.00000e+00	0.00000e+00	0.00000e+00	0.00000e+00	0.00000e+00	0.00000e+00	0.00000e+00	0.00000e+00	0.00000e+00	0.00000e+00	0.00000e+00	0.00000e+00	0.00000e+00	0.00000e+00	0.00000e+00	0.00000e+00	0.00000e+00	0.00000e+00	0.00000e+00	0.00000e+00	0.00000e+00	0.00000e+00	0.00000e+00	0.00000e+00	0.00000e+00	0.00000e+00	0.00000e+00	0.00000e+00	0.00000e+00	0.00000e+00	0.00000e+00	0.00000e+00	0.00000e+00	0.00000e+00	0.00000e+00	0.00000e+00	0.00000e+00	0.00000e+00	0.00000e+00	0.00000e+00	0.00000e+00	0.00000e+00	0.00000e+00	0.00000e+00	0.00000e+00	0.00000e+00	0.00000e+00	0.00000e+00	0.00000e+00	0.00000e+00	0.00000e+00	0.00000e+00	0.00000e+00	0.00000e+00	0.00000e+00	0.00000e+00	0.00000e+00	0.00000e+00	0.00000e+00	0.00000e+00	0.00000e+00	0.00000e+00	0.00000e+00	0.00000e+00	0.00000e+00	0.00000e+00	0.00000e+00	0.00000e+00	0.00000e+00	0.00000e+00	0.00000e+00	0.00000e+00	0.00000e+00	0.00000e+00	0.00000e+00	0.00000e+00	0.00000e+00	0.00000e+00	0.00000e+00	0.00000e+00	0.00000e+00	0.00000e+00	0.00000e+00	0.00000e+00
14.26	0.00000e+00	0.00000e+00	0.00000e+00	0.00000e+00	0.00000e+00	0.00000e+00	0.00000e+00	0.00000e+00	0.00000e+00	0.00000e+00	0.00000e+00	0.00000e+00	0.00000e+00	0.00000e+00	0.00000e+00	0.00000e+00	0.00000e+00	0.00000e+00	0.00000e+00	0.00000e+00	0.00000e+00	0.00000e+00	0.00000e+00	0.00000e+00	0.00000e+00	0.00000e+00	0.00000e+00	0.00000e+00	0.00000e+00	0.00000e+00	0.00000e+00	0.00000e+00	0.00000e+00	0.00000e+00	0.00000e+00	0.00000e+00	0.00000e+00	0.00000e+00	0.00000e+00	0.00000e+00	0.00000e+00	0.00000e+00	0.00000e+00	0.00000e+00	0.00000e+00	0.00000e+00	0.00000e+00	0.00000e+00	0.00000e+00	0.00000e+00	0.00000e+00	0.00000e+00	0.00000e+00	0.00000e+00	0.00000e+00	0.00000e+00	0.00000e+00	0.00000e+00	0.00000e+00	0.00000e+00	0.00000e+00	0.00000e+00	0.00000e+00	0.00000e+00	0.00000e+00	0.00000e+00	0.00000e+00	0.00000e+00	0.00000e+00	0.00000e+00	0.00000e+00	0.00000e+00	0.00000e+00	0.00000e+00	0.00000e+00	0.00000e+00	0.00000e+00	0.00000e+00	0.00000e+00	0.00000e+00	0.00000e+00	0.00000e+00	0.00000e+00	0.00000e+00	0.00000e+00	0.00000e+00	0.00000e+00	0.00000e+00	0.00000e+00	0.00000e+00	0.00000e+00	0.00000e+00	0.00000e+00	0.00000e+00	0.00000e+00	0.00000e+00	0.00000e+00	0.00000e+00	0.00000e+00	0.00000e+00	0.00000e+00	0.00000e+00	0.00000e+00	0.00000e+00	0.00000e+00	0.00000e+00	0.00000e+00	0.00000e+00	0.00000e+00	0.00000e+00	0.00000e+00	0.00000e+00	0.00000e+00	0.00000e+00	0.00000e+00	0.00000e+00	0.00000e+00	0.00000e+00	0.00000e+00	0.00000e+00	0.00000e+00	0.00000e+00	0.00000e+00	0.00000e+00	0.00000e+00	0.00000e+00	0.00000e+00	0.00000e+00	0.00000e+00	0.00000e+00	0.00000e+00	0.00000e+00	0.00000e+00	0.00000e+00	0.00000e+00	0.00000e+00	0.00000e+00	0.00000e+00	0.00000e+00	0.00000e+00	0.00000e+00	0.00000e+00	0.00000e+00	0.00000e+00	0.00000e+00	0.00000e+00	0.00000e+00	0.00000e+00	0.00000e+00	0.00000e+00	0.00000e+00	0.00000e+00	0.00000e+00	0.00000e+00	0.00000e+00	0.00000e+00	0.00000e+00	0.00000e+00	0.00000e+00	0.00000e+00	0.00000e+00	0.00000e+00	0.00000e+00	0.00000e+00	0.00000e+00	0.00000e+00	0.00000e+00	0.00000e+00	0.00000e+00	0.00000e+00	0.00000e+00	0.00000e+00	0.00000e+00	0.00000e+00	0.00000e+00	0.00000e+00	0.00000e+00	0.00000e+00	0.00000e+00	0.00000e+00	0.00000e+00	0.00000e+00	0.00000e+00	0.00000e+00	0.00000e+00	0.00000e+00	0.00000e+00	0.00000e+00	0.00000e+00	0.00000e+00	0.00000e+00	0.00000e+00	0.00000e+00	0.00000e+00	0.00000e+00
14.29	0.00000e+00	0.00000e+00	0.00000e+00	0.00000e+00	0.00000e+00	0.00000e+00	0.00000e+00	0.00000e+00	0.00000e+00	0.00000e+00	0.00000e+00	0.00000e+00	0.00000e+00	0.00000e+00	0.00000e+00	0.00000e+00	0.00000e+00	0.00000e+00	0.00000e+00	0.00000e+00	0.00000e+00	0.00000e+00	0.00000e+00	0.00000e+00	0.00000e+00	0.00000e+00	0.00000e+00	0.00000e+00	0.00000e+00	0.00000e+00	0.00000e+00	0.00000e+00	0.00000e+00	0.00000e+00	0.00000e+00	0.00000e+00	0.00000e+00	0.00000e+00	0.00000e+00	0.00000e+00	0.00000e+00	0.00000e+00	0.00000e+00	0.00000e+00	0.00000e+00	0.00000e+00	0.00000e+00	0.00000e+00	0.00000e+00	0.00000e+00	0.00000e+00	0.00000e+00	0.00000e+00	0.00000e+00	0.00000e+00	0.00000e+00	0.00000e+00	0.00000e+00	0.00000e+00	0.00000e+00	0.00000e+00	0.00000e+00	0.00000e+00	0.00000e+00	0.00000e+00	0.00000e+00	0.00000e+00	0.00000e+00	0.00000e+00	0.00000e+00	0.00000e+00	0.00000e+00	0.00000e+00	0.00000e+00	0.00000e+00	0.00000e+00	0.00000e+00	0.00000e+00	0.00000e+00	0.00000e+00	0.00000e+00	0.00000e+00	0.00000e+00	0.00000e+00	0.00000e+00	0.00000e+00	0.00000e+00	0.00000e+00	0.00000e+00	0.00000e+00	0.00000e+00	0.00000e+00	0.00000e+00	0.00000e+00	0.00000e+00	0.00000e+00	0.00000e+00	0.00000e+00	0.00000e+00	0.00000e+00	0.00000e+00	0.00000e+00	0.00000e+00	0.00000e+00	0.00000e+00	0.00000e+00	0.00000e+00	0.00000e+00	0.00000e+00	0.00000e+00	0.00000e+00	0.00000e+00	0.00000e+00	0.00000e+00	0.00000e+00	0.00000e+00	0.00000e+00	0.00000e+00	0.00000e+00	0.00000e+00	0.00000e+00	0.00000e+00	0.00000e+00	0.00000e+00	0.00000e+00	0.00000e+00	0.00000e+00	0.00000e+00	0.00000e+00	0.00000e+00	0.00000e+00	0.00000e+00	0.00000e+00	0.00000e+00	0.00000e+00	0.00000e+00	0.00000e+00	0.00000e+00	0.00000e+00	0.00000e+00	0.00000e+00	0.00000e+00	0.00000e+00	0.00000e+00	0.00000e+00	0.00000e+00	0.00000e+00	0.00000e+00	0.00000e+00	0.00000e+00	0.00000e+00	0.00000e+00	0.00000e+00	0.00000e+00	0.00000e+00	0.00000e+00	0.00000e+00	0.00000e+00	0.00000e+00	0.00000e+00	0.00000e+00	0.00000e+00	0.00000e+00	0.00000e+00	0.00000e+00	0.00000e+00	0.00000e+00	0.00000e+00	0.00000e+00	0.00000e+00	0.00000e+00	0.00000e+00	0.00000e+00	0.00000e+00	0.00000e+00	0.00000e+00	0.00000e+00	0.00000e+00	0.00000e+00	0.00000e+00	0.00000e+00	0.00000e+00	0.00000e+00	0.00000e+00	0.00000e+00	0.00000e+00	0.00000e+00	0.00000e+00	0.00000e+00	0.00000e+00	0.00000e+00	0.00000e+00	0.00000e+00	0.00000e+00	0.00000e+00
14.33	0.00000e+00	0.00000e+00	0.00000e+00	0.00000e+00	0.00000e+00	0.00000e+00	0.00000e+00	0.00000e+00	0.00000e+00	0.00000e+00	0.00000e+00	0.00000e+00	0.00000e+00	0.00000e+00	0.00000e+00	0.00000e+00	0.00000e+00	0.00000e+00	0.00000e+00	0.00000e+00	0.00000e+00	0.00000e+00	0.00000e+00	0.00000e+00	0.00000e+00	0.00000e+00	0.00000e+00	0.00000e+00	0.00000e+00	0.00000e+00	0.00000e+00	0.00000e+00	0.00000e+00	0.00000e+00	0.00000e+00	0.00000e+00	0.00000e+00	0.00000e+00	0.00000e+00	0.00000e+00	0.00000e+00	0.00000e+00	0.00000e+00	0.00000e+00	0.00000e+00	0.00000e+00	0.00000e+00	0.00000e+00	0.00000e+00	0.00000e+00	0.00000e+00	0.00000e+00	0.00000e+00	0.00000e+00	0.00000e+00	0.00000e+00	0.00000e+00	0.00000e+00	0.00000e+00	0.00000e+00	0.00000e+00	0.00000e+00	0.00000e+00	0.00000e+00	0.00000e+00	0.00000e+00	0.00000e+00	0.00000e+00	0.00000e+00	0.00000e+00	0.00000e+00	0.00000e+00	0.00000e+00	0.00000e+00	0.00000e+00	0.00000e+00	0.00000e+00	0.00000e+00	0.00000e+00	0.00000e+00	0.00000e+00	0.00000e+00	0.00000e+00	0.00000e+00	0.00000e+00	0.00000e+00	0.00000e+00	0.00000e+00	0.00000e+00	0.00000e+00	0.00000e+00	0.00000e+00	0.00000e+00	0.00000e+00	0.00000e+00	0.00000e+00	0.00000e+00	0.00000e+00	0.00000e+00	0.00000e+00	0.00000e+00	0.00000e+00	0.00000e+00	0.00000e+00	0.00000e+00	0.00000e+00	0.00000e+00	0.00000e+00	0.00000e+00	0.00000e+00	0.00000e+00	0.00000e+00	0.00000e+00	0.00000e+00	0.00000e+00	0.00000e+00	0.00000e+00	0.00000e+00	0.00000e+00	0.00000e+00	0.00000e+00	0.00000e+00	0.00000e+00	0.00000e+00	0.00000e+00	0.00000e+00	0.00000e+00	0.00000e+00	0.00000e+00	0.00000e+00	0.00000e+00	0.00000e+00	0.00000e+00	0.00000e+00	0.00000e+00	0.00000e+00	0.00000e+00	0.00000e+00	0.00000e+00	0.00000e+00	0.00000e+00	0.00000e+00	0.00000e+00	0.00000e+00	0.00000e+00	0.00000e+00	0.00000e+00	0.00000e+00	0.00000e+00	0.00000e+00	0.00000e+00	0.00000e+00	0.00000e+00	0.00000e+00	0.00000e+00	0.00000e+00	0.00000e+00	0.00000e+00	0.00000e+00	0.00000e+00	0.00000e+00	0.00000e+00	0.00000e+00	0.00000e+00	0.00000e+00	0.00000e+00	0.00000e+00	0.00000e+00	0.00000e+00	0.00000e+00	0.00000e+00	0.00000e+00	0.00000e+00	0.00000e+00	0.00000e+00	0.00000e+00	0.00000e+00	0.00000e+00	0.00000e+00	0.00000e+00	0.00000e+00	0.00000e+00	0.00000e+00	0.00000e+00	0.00000e+00	0.00000e+00	0.00000e+00	0.00000e+00	0.00000e+00	0.00000e+00	0.00000e+00	0.00000e+00	0.00000e+00	0.00000e+00	0.00000e+00
14.36	0.00000e+00	0.00000e+00	0.00000e+00	0.00000e+00	0.00000e+00	0.00000e+00	0.00000e+00	0.00000e+00	0.00000e+00	0.00000e+00	0.00000e+00	0.00000e+00	0.00000e+00	0.00000e+00	0.00000e+00	0.00000e+00	0.00000e+00	0.00000e+00	0.00000e+00	0.00000e+00	0.00000e+00	0.00000e+00	0.00000e+00	0.00000e+00	0.00000e+00	0.00000e+00	0.00000e+00	0.00000e+00	0.00000e+00	0.00000e+00	0.00000e+00	0.00000e+00	0.00000e+00	0.00000e+00	0.00000e+00	0.00000e+00	0.00000e+00	0.00000e+00	0.00000e+00	0.00000e+00	0.00000e+00	0.00000e+00	0.00000e+00	0.00000e+00	0.00000e+00	0.00000e+00	0.00000e+00	0.00000e+00	0.00000e+00	0.00000e+00	0.00000e+00	0.00000e+00	0.00000e+00	0.00000e+00	0.00000e+00	0.00000e+00	0.00000e+00	0.00000e+00	0.00000e+00	0.00000e+00	0.00000e+00	0.00000e+00	0.00000e+00	0.00000e+00	0.00000e+00	0.00000e+00	0.00000e+00	0.00000e+00	0.00000e+00	0.00000e+00	0.00000e+00	0.00000e+00	0.00000e+00	0.00000e+00	0.00000e+00	0.00000e+00	0.00000e+00	0.00000e+00	0.00000e+00	0.00000e+00	0.00000e+00	0.00000e+00	0.00000e+00	0.00000e+00	0.00000e+00	0.00000e+00	0.00000e+00	0.00000e+00	0.00000e+00	0.00000e+00	0.00000e+00	0.00000e+00	0.00000e+00	0.00000e+00	0.00000e+00	0.00000e+00	0.00000e+00	0.00000e+00	0.00000e+00	0.00000e+00	0.00000e+00	0.00000e+00	0.00000e+00	0.00000e+00	0.00000e+00	0.00000e+00	0.00000e+00	0.00000e+00	0.00000e+00	0.00000e+00	0.00000e+00	0.00000e+00	0.00000e+00	0.00000e+00	0.00000e+00	0.00000e+00	0.00000e+00	0.00000e+00	0.00000e+00	0.00000e+00	0.00000e+00	0.00000e+00	0.00000e+00	0.00000e+00	0.00000e+00	0.00000e+00	0.00000e+00	0.00000e+00	0.00000e+00	0.00000e+00	0.00000e+00	0.00000e+00	0.00000e+00	0.00000e+00	0.00000e+00	0.00000e+00	0.00000e+00	0.00000e+00	0.00000e+00	0.00000e+00	0.00000e+00	0.00000e+00	0.00000e+00	0.00000e+00	0.00000e+00	0.00000e+00	0.00000e+00	0.00000e+00	0.00000e+00	0.00000e+00	0.00000e+00	0.00000e+00	0.00000e+00	0.00000e+00	0.00000e+00	0.00000e+00	0.00000e+00	0.00000e+00	0.00000e+00	0.00000e+00	0.00000e+00	0.00000e+00	0.00000e+00	0.00000e+00	0.00000e+00	0.00000e+00	0.00000e+00	0.00000e+00	0.00000e+00	0.00000e+00	0.00000e+00	0.00000e+00	0.00000e+00	0.00000e+00	0.00000e+00	0.00000e+00	0.00000e+00	0.00000e+00	0.00000e+00	0.00000e+00	0.00000e+00	0.00000e+00	0.00000e+00	0.00000e+00	0.00000e+00	0.00000e+00	0.00000e+00	0.00000e+00	0.00000e+00	0.00000e+00	0.00000e+00	0.00000e+00	0.00000e+00	0.00000e+00	0.00000e+00
14.39	0.00000e+00	0.00000e+00	0.00000e+00	0.00000e+00	0.00000e+00	0.00000e+00	0.00000e+00	0.00000e+00	0.00000e+00	0.00000e+00	0.00000e+00	0.00000e+00	0.00000e+00	0.00000e+00	0.00000e+00	0.00000e+00	0.00000e+00	0.00000e+00	0.00000e+00	0.00000e+00	0.00000e+00	0.00000e+00	0.00000e+00	0.00000e+00	0.00000e+00	0.00000e+00	0.00000e+00	0.00000e+00	0.00000e+00	0.00000e+00	0.00000e+00	0.00000e+00	0.00000e+00	0.00000e+00	0.00000e+00	0.00000e+00	0.00000e+00	0.00000e+00	0.00000e+00	0.00000e+00	0.00000e+00	0.00000e+00	0.00000e+00	0.00000e+00	0.00000e+00	0.00000e+00	0.00000e+00	0.00000e+00	0.00000e+00	0.00000e+00	0.00000e+00	0.00000e+00	0.00000e+00	0.00000e+00	0.00000e+00	0.00000e+00	0.00000e+00	0.00000e+00	0.00000e+00	0.00000e+00	0.00000e+00	0.00000e+00	0.00000e+00	0.00000e+00	0.00000e+00	0.00000e+00	0.00000e+00	0.00000e+00	0.00000e+00	0.00000e+00	0.00000e+00	0.00000e+00	0.00000e+00	0.00000e+00	0.00000e+00	0.00000e+00	0.00000e+00	0.00000e+00	0.00000e+00	0.00000e+00	0.00000e+00	0.00000e+00	0.00000e+00	0.00000e+00	0.00000e+00	0.00000e+00	0.00000e+00	0.00000e+00	0.00000e+00	0.00000e+00	0.00000e+00	0.00000e+00	0.00000e+00	0.00000e+00	0.00000e+00	0.00000e+00	0.00000e+00	0.00000e+00	0.00000e+00	0.00000e+00	0.00000e+00	0.00000e+00	0.00000e+00	0.00000e+00	0.00000e+00	0.00000e+00	0.00000e+00	0.00000e+00	0.00000e+00	0.00000e+00	0.00000e+00	0.00000e+00	0.00000e+00	0.00000e+00	0.00000e+00	0.00000e+00	0.00000e+00	0.00000e+00	0.00000e+00	0.00000e+00	0.00000e+00	0.00000e+00	0.00000e+00	0.00000e+00	0.00000e+00	0.00000e+00	0.00000e+00	0.00000e+00	0.00000e+00	0.00000e+00	0.00000e+00	0.00000e+00	0.00000e+00	0.00000e+00	0.00000e+00	0.00000e+00	0.00000e+00	0.00000e+00	0.00000e+00	0.00000e+00	0.00000e+00	0.00000e+00	0.00000e+00	0.00000e+00	0.00000e+00	0.00000e+00	0.00000e+00	0.00000e+00	0.00000e+00	0.00000e+00	0.00000e+00	0.00000e+00	0.00000e+00	0.00000e+00	0.00000e+00	0.00000e+00	0.00000e+00	0.00000e+00	0.00000e+00	0.00000e+00	0.00000e+00	0.00000e+00	0.00000e+00	0.00000e+00	0.00000e+00	0.00000e+00	0.00000e+00	0.00000e+00	0.00000e+00	0.00000e+00	0.00000e+00	0.00000e+00	0.00000e+00	0.00000e+00	0.00000e+00	0.00000e+00	0.00000e+00	0.00000e+00	0.00000e+00	0.00000e+00	0.00000e+00	0.00000e+00	0.00000e+00	0.00000e+00	0.00000e+00	0.00000e+00	0.00000e+00	0.00000e+00	0.00000e+00	0.00000e+00	0.00000e+00	0.00000e+00	0.00000e+00	0.00000e+00	0.00000e+00
14.43	0.00000e+00	0.00000e+00	0.00000e+00	0.00000e+00	0.00000e+00	0.00000e+00	0.00000e+00	0.00000e+00	0.00000e+00	0.00000e+00	0.00000e+00	0.00000e+00	0.00000e+00	0.00000e+00	0.00000e+00	0.00000e+00	0.00000e+00	0.00000e+00	0.00000e+00	0.00000e+00	0.00000e+00	0.00000e+00	0.00000e+00	0.00000e+00	0.00000e+00	0.00000e+00	0.00000e+00	0.00000e+00	0.00000e+00	0.00000e+00	0.00000e+00	0.00000e+00	0.00000e+00	0.00000e+00	0.00000e+00	0.00000e+00	0.00000e+00	0.00000e+00	0.00000e+00	0.00000e+00	0.00000e+00	0.00000e+00	0.00000e+00	0.00000e+00	0.00000e+00	0.00000e+00	0.00000e+00	0.00000e+00	0.00000e+00	0.00000e+00	0.00000e+00	0.00000e+00	0.00000e+00	0.00000e+00	0.00000e+00	0.00000e+00	0.00000e+00	0.00000e+00	0.00000e+00	0.00000e+00	0.00000e+00	0.00000e+00	0.00000e+00	0.00000e+00	0.00000e+00	0.00000e+00	0.00000e+00	0.00000e+00	0.00000e+00	0.00000e+00	0.00000e+00	0.00000e+00	0.00000e+00	0.00000e+00	0.00000e+00	0.00000e+00	0.00000e+00	0.00000e+00	0.00000e+00	0.00000e+00	0.00000e+00	0.00000e+00	0.00000e+00	0.00000e+00	0.00000e+00	0.00000e+00	0.00000e+00	0.00000e+00	0.00000e+00	0.00000e+00	0.00000e+00	0.00000e+00	0.00000e+00	0.00000e+00	0.00000e+00	0.00000e+00	0.00000e+00	0.00000e+00	0.00000e+00	0.00000e+00	0.00000e+00	0.00000e+00	0.00000e+00	0.00000e+00	0.00000e+00	0.00000e+00	0.00000e+00	0.00000e+00	0.00000e+00	0.00000e+00	0.00000e+00	0.00000e+00	0.00000e+00	0.00000e+00	0.00000e+00	0.00000e+00	0.00000e+00	0.00000e+00	0.00000e+00	0.00000e+00	0.00000e+00	0.00000e+00	0.00000e+00	0.00000e+00	0.00000e+00	0.00000e+00	0.00000e+00	0.00000e+00	0.00000e+00	0.00000e+00	0.00000e+00	0.00000e+00	0.00000e+00	0.00000e+00	0.00000e+00	0.00000e+00	0.00000e+00	0.00000e+00	0.00000e+00	0.00000e+00	0.00000e+00	0.00000e+00	0.00000e+00	0.00000e+00	0.00000e+00	0.00000e+00	0.00000e+00	0.00000e+00	0.00000e+00	0.00000e+00	0.00000e+00	0.00000e+00	0.00000e+00	0.00000e+00	0.00000e+00	0.00000e+00	0.00000e+00	0.00000e+00	0.00000e+00	0.00000e+00	0.00000e+00	0.00000e+00	0.00000e+00	0.00000e+00	0.00000e+00	0.00000e+00	0.00000e+00	0.00000e+00	0.00000e+00	0.00000e+00	0.00000e+00	0.00000e+00	0.00000e+00	0.00000e+00	0.00000e+00	0.00000e+00	0.00000e+00	0.00000e+00	0.00000e+00	0.00000e+00	0.00000e+00	0.00000e+00	0.00000e+00	0.00000e+00	0.00000e+00	0.00000e+00	0.00000e+00	0.00000e+00	0.00000e+00	0.00000e+00	0.00000e+00	0.00000e+00	0.00000e+00	0.00000e+00	0.00000e+00
14.46	0.00000e+00	0.00000e+00	0.00000e+00	0.00000e+00	0.00000e+00	0.00000e+00	0.00000e+00	0.00000e+00	0.00000e+00	0.00000e+00	0.00000e+00	0.00000e+00	0.00000e+00	0.00000e+00	0.00000e+00	0.00000e+00	0.00000e+00	0.00000e+00	0.00000e+00	0.00000e+00	0.00000e+00	0.00000e+00	0.00000e+00	0.00000e+00	0.00000e+00	0.00000e+00	0.00000e+00	0.00000e+00	0.00000e+00	0.00000e+00	0.00000e+00	0.00000e+00	0.00000e+00	0.00000e+00	0.00000e+00	0.00000e+00	0.00000e+00	0.00000e+00	0.00000e+00	0.00000e+00	0.00000e+00	0.00000e+00	0.00000e+00	0.00000e+00	0.00000e+00	0.00000e+00	0.00000e+00	0.00000e+00	0.00000e+00	0.00000e+00	0.00000e+00	0.00000e+00	0.00000e+00	0.00000e+00	0.00000e+00	0.00000e+00	0.00000e+00	0.00000e+00	0.00000e+00	0.00000e+00	0.00000e+00	0.00000e+00	0.00000e+00	0.00000e+00	0.00000e+00	0.00000e+00	0.00000e+00	0.00000e+00	0.00000e+00	0.00000e+00	0.00000e+00	0.00000e+00	0.00000e+00	0.00000e+00	0.00000e+00	0.00000e+00	0.00000e+00	0.00000e+00	0.00000e+00	0.00000e+00	0.00000e+00	0.00000e+00	0.00000e+00	0.00000e+00	0.00000e+00	0.00000e+00	0.00000e+00	0.00000e+00	0.00000e+00	0.00000e+00	0.00000e+00	0.00000e+00	0.00000e+00	0.00000e+00	0.00000e+00	0.00000e+00	0.00000e+00	0.00000e+00	0.00000e+00	0.00000e+00	0.00000e+00	0.00000e+00	0.00000e+00	0.00000e+00	0.00000e+00	0.00000e+00	0.00000e+00	0.00000e+00	0.00000e+00	0.00000e+00	0.00000e+00	0.00000e+00	0.00000e+00	0.00000e+00	0.00000e+00	0.00000e+00	0.00000e+00	0.00000e+00	0.00000e+00	0.00000e+00	0.00000e+00	0.00000e+00	0.00000e+00	0.00000e+00	0.00000e+00	0.00000e+00	0.00000e+00	0.00000e+00	0.00000e+00	0.00000e+00	0.00000e+00	0.00000e+00	0.00000e+00	0.00000e+00	0.00000e+00	0.00000e+00	0.00000e+00	0.00000e+00	0.00000e+00	0.00000e+00	0.00000e+00	0.00000e+00	0.00000e+00	0.00000e+00	0.00000e+00	0.00000e+00	0.00000e+00	0.00000e+00	0.00000e+00	0.00000e+00	0.00000e+00	0.00000e+00	0.00000e+00	0.00000e+00	0.00000e+00	0.00000e+00	0.00000e+00	0.00000e+00	0.00000e+00	0.00000e+00	0.00000e+00	0.00000e+00	0.00000e+00	0.00000e+00	0.00000e+00	0.00000e+00	0.00000e+00	0.00000e+00	0.00000e+00	0.00000e+00	0.00000e+00	0.00000e+00	0.00000e+00	0.00000e+00	0.00000e+00	0.00000e+00	0.00000e+00	0.00000e+00	0.00000e+00	0.00000e+00	0.00000e+00	0.00000e+00	0.00000e+00	0.00000e+00	0.00000e+00	0.00000e+00	0.00000e+00	0.00000e+00	0.00000e+00	0.00000e+00	0.00000e+00	0.00000e+00	0.00000e+00	0.00000e+00	0.00000e+00
14.50	0.00000e+00	0.00000e+00	0.00000e+00	0.00000e+00	0.00000e+00	0.00000e+00	0.00000e+00	0.00000e+00	0.00000e+00	0.00000e+00	0.00000e+00	0.00000e+00	0.00000e+00	0.00000e+00	0.00000e+00	0.00000e+00	0.00000e+00	0.00000e+00	0.00000e+00	0.00000e+00	0.00000e+00	0.00000e+00	0.00000e+00	0.00000e+00	0.00000e+00	0.00000e+00	0.00000e+00	0.00000e+00	0.00000e+00	0.00000e+00	0.00000e+00	0.00000e+00	0.00000e+00	0.00000e+00	0.00000e+00	0.00000e+00	0.00000e+00	0.00000e+00	0.00000e+00	0.00000e+00	0.00000e+00	0.00000e+00	0.00000e+00	0.00000e+00	0.00000e+00	0.00000e+00	0.00000e+00	0.00000e+00	0.00000e+00	0.00000e+00	0.00000e+00	0.00000e+00	0.00000e+00	0.00000e+00	0.00000e+00	0.00000e+00	0.00000e+00	0.00000e+00	0.00000e+00	0.00000e+00	0.00000e+00	0.00000e+00	0.00000e+00	0.00000e+00	0.00000e+00	0.00000e+00	0.00000e+00	0.00000e+00	0.00000e+00	0.00000e+00	0.00000e+00	0.00000e+00	0.00000e+00	0.00000e+00	0.00000e+00	0.00000e+00	0.00000e+00	0.00000e+00	0.00000e+00	0.00000e+00	0.00000e+00	0.00000e+00	0.00000e+00	0.00000e+00	0.00000e+00	0.00000e+00	0.00000e+00	0.00000e+00	0.00000e+00	0.00000e+00	0.00000e+00	0.00000e+00	0.00000e+00	0.00000e+00	0.00000e+00	0.00000e+00	0.00000e+00	0.00000e+00	0.00000e+00	0.00000e+00	0.00000e+00	0.00000e+00	0.00000e+00	0.00000e+00	0.00000e+00	0.00000e+00	0.00000e+00	0.00000e+00	0.00000e+00	0.00000e+00	0.00000e+00	0.00000e+00	0.00000e+00	0.00000e+00	0.00000e+00	0.00000e+00	0.00000e+00	0.00000e+00	0.00000e+00	0.00000e+00	0.00000e+00	0.00000e+00	0.00000e+00	0.00000e+00	0.00000e+00	0.00000e+00	0.00000e+00	0.00000e+00	0.00000e+00	0.00000e+00	0.00000e+00	0.00000e+00	0.00000e+00	0.00000e+00	0.00000e+00	0.00000e+00	0.00000e+00	0.00000e+00	0.00000e+00	0.00000e+00	0.00000e+00	0.00000e+00	0.00000e+00	0.00000e+00	0.00000e+00	0.00000e+00	0.00000e+00	0.00000e+00	0.00000e+00	0.00000e+00	0.00000e+00	0.00000e+00	0.00000e+00	0.00000e+00	0.00000e+00	0.00000e+00	0.00000e+00	0.00000e+00	0.00000e+00	0.00000e+00	0.00000e+00	0.00000e+00	0.00000e+00	0.00000e+00	0.00000e+00	0.00000e+00	0.00000e+00	0.00000e+00	0.00000e+00	0.00000e+00	0.00000e+00	0.00000e+00	0.00000e+00	0.00000e+00	0.00000e+00	0.00000e+00	0.00000e+00	0.00000e+00	0.00000e+00	0.00000e+00	0.00000e+00	0.00000e+00	0.00000e+00	0.00000e+00	0.00000e+00	0.00000e+00	0.00000e+00	0.00000e+00	0.00000e+00	0.00000e+00	0.00000e+00	0.00000e+00	0.00000e+00	0.00000e+00	0.00000e+00
14.53	0.00000e+00	0.00000e+00	0.00000e+00	0.00000e+00	0.00000e+00	0.00000e+00	0.00000e+00	0.00000e+00	0.00000e+00	0.00000e+00	0.00000e+00	0.00000e+00	0.00000e+00	0.00000e+00	0.00000e+00	0.00000e+00	0.00000e+00	0.00000e+00	0.00000e+00	0.00000e+00	0.00000e+00	0.00000e+00	0.00000e+00	0.00000e+00	0.00000e+00	0.00000e+00	0.00000e+00	0.00000e+00	0.00000e+00	0.00000e+00	0.00000e+00	0.00000e+00	0.00000e+00	0.00000e+00	0.00000e+00	0.00000e+00	0.00000e+00	0.00000e+00	0.00000e+00	0.00000e+00	0.00000e+00	0.00000e+00	0.00000e+00	0.00000e+00	0.00000e+00	0.00000e+00	0.00000e+00	0.00000e+00	0.00000e+00	0.00000e+00	0.00000e+00	0.00000e+00	0.00000e+00	0.00000e+00	0.00000e+00	0.00000e+00	0.00000e+00	0.00000e+00	0.00000e+00	0.00000e+00	0.00000e+00	0.00000e+00	0.00000e+00	0.00000e+00	0.00000e+00	0.00000e+00	0.00000e+00	0.00000e+00	0.00000e+00	0.00000e+00	0.00000e+00	0.00000e+00	0.00000e+00	0.00000e+00	0.00000e+00	0.00000e+00	0.00000e+00	0.00000e+00	0.00000e+00	0.00000e+00	0.00000e+00	0.00000e+00	0.00000e+00	0.00000e+00	0.00000e+00	0.00000e+00	0.00000e+00	0.00000e+00	0.00000e+00	0.00000e+00	0.00000e+00	0.00000e+00	0.00000e+00	0.00000e+00	0.00000e+00	0.00000e+00	0.00000e+00	0.00000e+00	0.00000e+00	0.00000e+00	0.00000e+00	0.00000e+00	0.00000e+00	0.00000e+00	0.00000e+00	0.00000e+00	0.00000e+00	0.00000e+00	0.00000e+00	0.00000e+00	0.00000e+00	0.00000e+00	0.00000e+00	0.00000e+00	0.00000e+00	0.00000e+00	0.00000e+00	0.00000e+00	0.00000e+00	0.00000e+00	0.00000e+00	0.00000e+00	0.00000e+00	0.00000e+00	0.00000e+00	0.00000e+00	0.00000e+00	0.00000e+00	0.00000e+00	0.00000e+00	0.00000e+00	0.00000e+00	0.00000e+00	0.00000e+00	0.00000e+00	0.00000e+00	0.00000e+00	0.00000e+00	0.00000e+00	0.00000e+00	0.00000e+00	0.00000e+00	0.00000e+00	0.00000e+00	0.00000e+00	0.00000e+00	0.00000e+00	0.00000e+00	0.00000e+00	0.00000e+00	0.00000e+00	0.00000e+00	0.00000e+00	0.00000e+00	0.00000e+00	0.00000e+00	0.00000e+00	0.00000e+00	0.00000e+00	0.00000e+00	0.00000e+00	0.00000e+00	0.00000e+00	0.00000e+00	0.00000e+00	0.00000e+00	0.00000e+00	0.00000e+00	0.00000e+00	0.00000e+00	0.00000e+00	0.00000e+00	0.00000e+00	0.00000e+00	0.00000e+00	0.00000e+00	0.00000e+00	0.00000e+00	0.00000e+00	0.00000e+00	0.00000e+00	0.00000e+00	0.00000e+00	0.00000e+00	0.00000e+00	0.00000e+00	0.00000e+00	0.00000e+00	0.00000e+00	0.00000e+00	0.00000e+00	0.00000e+00	0.00000e+00	0.00000e+00	0.00000e+00
14.57	0.00000e+00	0.00000e+00	0.00000e+00	0.00000e+00	0.00000e+00	0.00000e+00	0.00000e+00	0.00000e+00	0.00000e+00	0.00000e+00	0.00000e+00	0.00000e+00	0.00000e+00	0.00000e+00	0.00000e+00	0.00000e+00	0.00000e+00	0.00000e+00	0.00000e+00	0.00000e+00	0.00000e+00	0.00000e+00	0.00000e+00	0.00000e+00	0.00000e+00	0.00000e+00	0.00000e+00	0.00000e+00	0.00000e+00	0.00000e+00	0.00000e+00	0.00000e+00	0.00000e+00	0.00000e+00	0.00000e+00	0.00000e+00	0.00000e+00	0.00000e+00	0.00000e+00	0.00000e+00	0.00000e+00	0.00000e+00	0.00000e+00	0.00000e+00	0.00000e+00	0.00000e+00	0.00000e+00	0.00000e+00	0.00000e+00	0.00000e+00	0.00000e+00	0.00000e+00	0.00000e+00	0.00000e+00	0.00000e+00	0.00000e+00	0.00000e+00	0.00000e+00	0.00000e+00	0.00000e+00	0.00000e+00	0.00000e+00	0.00000e+00	0.00000e+00	0.00000e+00	0.00000e+00	0.00000e+00	0.00000e+00	0.00000e+00	0.00000e+00	0.00000e+00	0.00000e+00	0.00000e+00	0.00000e+00	0.00000e+00	0.00000e+00	0.00000e+00	0.00000e+00	0.00000e+00	0.00000e+00	0.00000e+00	0.00000e+00	0.00000e+00	0.00000e+00	0.00000e+00	0.00000e+00	0.00000e+00	0.00000e+00	0.00000e+00	0.00000e+00	0.00000e+00	0.00000e+00	0.00000e+00	0.00000e+00	0.00000e+00	0.00000e+00	0.00000e+00	0.00000e+00	0.00000e+00	0.00000e+00	0.00000e+00	0.00000e+00	0.00000e+00	0.00000e+00	0.00000e+00	0.00000e+00	0.00000e+00	0.00000e+00	0.00000e+00	0.00000e+00	0.00000e+00	0.00000e+00	0.00000e+00	0.00000e+00	0.00000e+00	0.00000e+00	0.00000e+00	0.00000e+00	0.00000e+00	0.00000e+00	0.00000e+00	0.00000e+00	0.00000e+00	0.00000e+00	0.00000e+00	0.00000e+00	0.00000e+00	0.00000e+00	0.00000e+00	0.00000e+00	0.00000e+00	0.00000e+00	0.00000e+00	0.00000e+00	0.00000e+00	0.00000e+00	0.00000e+00	0.00000e+00	0.00000e+00	0.00000e+00	0.00000e+00	0.00000e+00	0.00000e+00	0.00000e+00	0.00000e+00	0.00000e+00	0.00000e+00	0.00000e+00	0.00000e+00	0.00000e+00	0.00000e+00	0.00000e+00	0.00000e+00	0.00000e+00	0.00000e+00	0.00000e+00	0.00000e+00	0.00000e+00	0.00000e+00	0.00000e+00	0.00000e+00	0.00000e+00	0.00000e+00	0.00000e+00	0.00000e+00	0.00000e+00	0.00000e+00	0.00000e+00	0.00000e+00	0.00000e+00	0.00000e+00	0.00000e+00	0.00000e+00	0.00000e+00	0.00000e+00	0.00000e+00	0.00000e+00	0.00000e+00	0.00000e+00	0.00000e+00	0.00000e+00	0.00000e+00	0.00000e+00	0.00000e+00	0.00000e+00	0.00000e+00	0.00000e+00	0.00000e+00	0.00000e+00	0.00000e+00	0.00000e+00	0.00000e+00	0.00000e+00	0.00000e+00	0.00000e+00
14.60	0.00000e+00	0.00000e+00	0.00000e+00	0.00000e+00	0.00000e+00	0.00000e+00	0.00000e+00	0.00000e+00	0.00000e+00	0.00000e+00	0.00000e+00	0.00000e+00	0.00000e+00	0.00000e+00	0.00000e+00	0.00000e+00	0.00000e+00	0.00000e+00	0.00000e+00	0.00000e+00	0.00000e+00	0.00000e+00	0.00000e+00	0.00000e+00	0.00000e+00	0.00000e+00	0.00000e+00	0.00000e+00	0.00000e+00	0.00000e+00	0.00000e+00	0.00000e+00	0.00000e+00	0.00000e+00	0.00000e+00	0.00000e+00	0.00000e+00	0.00000e+00	0.00000e+00	0.00000e+00	0.00000e+00	0.00000e+00	0.00000e+00	0.00000e+00	0.00000e+00	0.00000e+00	0.00000e+00	0.00000e+00	0.00000e+00	0.00000e+00	0.00000e+00	0.00000e+00	0.00000e+00	0.00000e+00	0.00000e+00	0.00000e+00	0.00000e+00	0.00000e+00	0.00000e+00	0.00000e+00	0.00000e+00	0.00000e+00	0.00000e+00	0.00000e+00	0.00000e+00	0.00000e+00	0.00000e+00	0.00000e+00	0.00000e+00	0.00000e+00	0.00000e+00	0.00000e+00	0.00000e+00	0.00000e+00	0.00000e+00	0.00000e+00	0.00000e+00	0.00000e+00	0.00000e+00	0.00000e+00	0.00000e+00	0.00000e+00	0.00000e+00	0.00000e+00	0.00000e+00	0.00000e+00	0.00000e+00	0.00000e+00	0.00000e+00	0.00000e+00	0.00000e+00	0.00000e+00	0.00000e+00	0.00000e+00	0.00000e+00	0.00000e+00	0.00000e+00	0.00000e+00	0.00000e+00	0.00000e+00	0.00000e+00	0.00000e+00	0.00000e+00	0.00000e+00	0.00000e+00	0.00000e+00	0.00000e+00	0.00000e+00	0.00000e+00	0.00000e+00	0.00000e+00	0.00000e+00	0.00000e+00	0.00000e+00	0.00000e+00	0.00000e+00	0.00000e+00	0.00000e+00	0.00000e+00	0.00000e+00	0.00000e+00	0.00000e+00	0.00000e+00	0.00000e+00	0.00000e+00	0.00000e+00	0.00000e+00	0.00000e+00	0.00000e+00	0.00000e+00	0.00000e+00	0.00000e+00	0.00000e+00	0.00000e+00	0.00000e+00	0.00000e+00	0.00000e+00	0.00000e+00	0.00000e+00	0.00000e+00	0.00000e+00	0.00000e+00	0.00000e+00	0.00000e+00	0.00000e+00	0.00000e+00	0.00000e+00	0.00000e+00	0.00000e+00	0.00000e+00	0.00000e+00	0.00000e+00	0.00000e+00	0.00000e+00	0.00000e+00	0.00000e+00	0.00000e+00	0.00000e+00	0.00000e+00	0.00000e+00	0.00000e+00	0.00000e+00	0.00000e+00	0.00000e+00	0.00000e+00	0.00000e+00	0.00000e+00	0.00000e+00	0.00000e+00	0.00000e+00	0.00000e+00	0.00000e+00	0.00000e+00	0.00000e+00	0.00000e+00	0.00000e+00	0.00000e+00	0.00000e+00	0.00000e+00	0.00000e+00	0.00000e+00	0.00000e+00	0.00000e+00	0.00000e+00	0.00000e+00	0.00000e+00	0.00000e+00	0.00000e+00	0.00000e+00	0.00000e+00	0.00000e+00	0.00000e+00	0.00000e+00	0.00000e+00	0.00000e+00
14.63	0.00000e+00	0.00000e+00	0.00000e+00	0.00000e+00	0.00000e+00	0.00000e+00	0.00000e+00	0.00000e+00	0.00000e+00	0.00000e+00	0.00000e+00	0.00000e+00	0.00000e+00	0.00000e+00	0.00000e+00	0.00000e+00	0.00000e+00	0.00000e+00	0.00000e+00	0.00000e+00	0.00000e+00	0.00000e+00	0.00000e+00	0.00000e+00	0.00000e+00	0.00000e+00	0.00000e+00	0.00000e+00	0.00000e+00	0.00000e+00	0.00000e+00	0.00000e+00	0.00000e+00	0.00000e+00	0.00000e+00	0.00000e+00	0.00000e+00	0.00000e+00	0.00000e+00	0.00000e+00	0.00000e+00	0.00000e+00	0.00000e+00	0.00000e+00	0.00000e+00	0.00000e+00	0.00000e+00	0.00000e+00	0.00000e+00	0.00000e+00	0.00000e+00	0.00000e+00	0.00000e+00	0.00000e+00	0.00000e+00	0.00000e+00	0.00000e+00	0.00000e+00	0.00000e+00	0.00000e+00	0.00000e+00	0.00000e+00	0.00000e+00	0.00000e+00	0.00000e+00	0.00000e+00	0.00000e+00	0.00000e+00	0.00000e+00	0.00000e+00	0.00000e+00	0.00000e+00	0.00000e+00	0.00000e+00	0.00000e+00	0.00000e+00	0.00000e+00	0.00000e+00	0.00000e+00	0.00000e+00	0.00000e+00	0.00000e+00	0.00000e+00	0.00000e+00	0.00000e+00	0.00000e+00	0.00000e+00	0.00000e+00	0.00000e+00	0.00000e+00	0.00000e+00	0.00000e+00	0.00000e+00	0.00000e+00	0.00000e+00	0.00000e+00	0.00000e+00	0.00000e+00	0.00000e+00	0.00000e+00	0.00000e+00	0.00000e+00	0.00000e+00	0.00000e+00	0.00000e+00	0.00000e+00	0.00000e+00	0.00000e+00	0.00000e+00	0.00000e+00	0.00000e+00	0.00000e+00	0.00000e+00	0.00000e+00	0.00000e+00	0.00000e+00	0.00000e+00	0.00000e+00	0.00000e+00	0.00000e+00	0.00000e+00	0.00000e+00	0.00000e+00	0.00000e+00	0.00000e+00	0.00000e+00	0.00000e+00	0.00000e+00	0.00000e+00	0.00000e+00	0.00000e+00	0.00000e+00	0.00000e+00	0.00000e+00	0.00000e+00	0.00000e+00	0.00000e+00	0.00000e+00	0.00000e+00	0.00000e+00	0.00000e+00	0.00000e+00	0.00000e+00	0.00000e+00	0.00000e+00	0.00000e+00	0.00000e+00	0.00000e+00	0.00000e+00	0.00000e+00	0.00000e+00	0.00000e+00	0.00000e+00	0.00000e+00	0.00000e+00	0.00000e+00	0.00000e+00	0.00000e+00	0.00000e+00	0.00000e+00	0.00000e+00	0.00000e+00	0.00000e+00	0.00000e+00	0.00000e+00	0.00000e+00	0.00000e+00	0.00000e+00	0.00000e+00	0.00000e+00	0.00000e+00	0.00000e+00	0.00000e+00	0.00000e+00	0.00000e+00	0.00000e+00	0.00000e+00	0.00000e+00	0.00000e+00	0.00000e+00	0.00000e+00	0.00000e+00	0.00000e+00	0.00000e+00	0.00000e+00	0.00000e+00	0.00000e+00	0.00000e+00	0.00000e+00	0.00000e+00	0.00000e+00	0.00000e+00	0.00000e+00	0.00000e+00	0.00000e+00
14.67	0.00000e+00	0.00000e+00	0.00000e+00	0.00000e+00	0.00000e+00	0.00000e+00	0.00000e+00	0.00000e+00	0.00000e+00	0.00000e+00	0.00000e+00	0.00000e+00	0.00000e+00	0.00000e+00	0.00000e+00	0.00000e+00	0.00000e+00	0.00000e+00	0.00000e+00	0.00000e+00	0.00000e+00	0.00000e+00	0.00000e+00	0.00000e+00	0.00000e+00	0.00000e+00	0.00000e+00	0.00000e+00	0.00000e+00	0.00000e+00	0.00000e+00	0.00000e+00	0.00000e+00	0.00000e+00	0.00000e+00	0.00000e+00	0.00000e+00	0.00000e+00	0.00000e+00	0.00000e+00	0.00000e+00	0.00000e+00	0.00000e+00	0.00000e+00	0.00000e+00	0.00000e+00	0.00000e+00	0.00000e+00	0.00000e+00	0.00000e+00	0.00000e+00	0.00000e+00	0.00000e+00	0.00000e+00	0.00000e+00	0.00000e+00	0.00000e+00	0.00000e+00	0.00000e+00	0.00000e+00	0.00000e+00	0.00000e+00	0.00000e+00	0.00000e+00	0.00000e+00	0.00000e+00	0.00000e+00	0.00000e+00	0.00000e+00	0.00000e+00	0.00000e+00	0.00000e+00	0.00000e+00	0.00000e+00	0.00000e+00	0.00000e+00	0.00000e+00	0.00000e+00	0.00000e+00	0.00000e+00	0.00000e+00	0.00000e+00	0.00000e+00	0.00000e+00	0.00000e+00	0.00000e+00	0.00000e+00	0.00000e+00	0.00000e+00	0.00000e+00	0.00000e+00	0.00000e+00	0.00000e+00	0.00000e+00	0.00000e+00	0.00000e+00	0.00000e+00	0.00000e+00	0.00000e+00	0.00000e+00	0.00000e+00	0.00000e+00	0.00000e+00	0.00000e+00	0.00000e+00	0.00000e+00	0.00000e+00	0.00000e+00	0.00000e+00	0.00000e+00	0.00000e+00	0.00000e+00	0.00000e+00	0.00000e+00	0.00000e+00	0.00000e+00	0.00000e+00	0.00000e+00	0.00000e+00	0.00000e+00	0.00000e+00	0.00000e+00	0.00000e+00	0.00000e+00	0.00000e+00	0.00000e+00	0.00000e+00	0.00000e+00	0.00000e+00	0.00000e+00	0.00000e+00	0.00000e+00	0.00000e+00	0.00000e+00	0.00000e+00	0.00000e+00	0.00000e+00	0.00000e+00	0.00000e+00	0.00000e+00	0.00000e+00	0.00000e+00	0.00000e+00	0.00000e+00	0.00000e+00	0.00000e+00	0.00000e+00	0.00000e+00	0.00000e+00	0.00000e+00	0.00000e+00	0.00000e+00	0.00000e+00	0.00000e+00	0.00000e+00	0.00000e+00	0.00000e+00	0.00000e+00	0.00000e+00	0.00000e+00	0.00000e+00	0.00000e+00	0.00000e+00	0.00000e+00	0.00000e+00	0.00000e+00	0.00000e+00	0.00000e+00	0.00000e+00	0.00000e+00	0.00000e+00	0.00000e+00	0.00000e+00	0.00000e+00	0.00000e+00	0.00000e+00	0.00000e+00	0.00000e+00	0.00000e+00	0.00000e+00	0.00000e+00	0.00000e+00	0.00000e+00	0.00000e+00	0.00000e+00	0.00000e+00	0.00000e+00	0.00000e+00	0.00000e+00	0.00000e+00	0.00000e+00	0.00000e+00	0.00000e+00	0.00000e+00	0.00000e+00
14.70	0.00000e+00	0.00000e+00	0.00000e+00	0.00000e+00	0.00000e+00	0.00000e+00	0.00000e+00	0.00000e+00	0.00000e+00	0.00000e+00	0.00000e+00	0.00000e+00	0.00000e+00	0.00000e+00	0.00000e+00	0.00000e+00	0.00000e+00	0.00000e+00	0.00000e+00	0.00000e+00	0.00000e+00	0.00000e+00	0.00000e+00	0.00000e+00	0.00000e+00	0.00000e+00	0.00000e+00	0.00000e+00	0.00000e+00	0.00000e+00	0.00000e+00	0.00000e+00	0.00000e+00	0.00000e+00	0.00000e+00	0.00000e+00	0.00000e+00	0.00000e+00	0.00000e+00	0.00000e+00	0.00000e+00	0.00000e+00	0.00000e+00	0.00000e+00	0.00000e+00	0.00000e+00	0.00000e+00	0.00000e+00	0.00000e+00	0.00000e+00	0.00000e+00	0.00000e+00	0.00000e+00	0.00000e+00	0.00000e+00	0.00000e+00	0.00000e+00	0.00000e+00	0.00000e+00	0.00000e+00	0.00000e+00	0.00000e+00	0.00000e+00	0.00000e+00	0.00000e+00	0.00000e+00	0.00000e+00	0.00000e+00	0.00000e+00	0.00000e+00	0.00000e+00	0.00000e+00	0.00000e+00	0.00000e+00	0.00000e+00	0.00000e+00	0.00000e+00	0.00000e+00	0.00000e+00	0.00000e+00	0.00000e+00	0.00000e+00	0.00000e+00	0.00000e+00	0.00000e+00	0.00000e+00	0.00000e+00	0.00000e+00	0.00000e+00	0.00000e+00	0.00000e+00	0.00000e+00	0.00000e+00	0.00000e+00	0.00000e+00	0.00000e+00	0.00000e+00	0.00000e+00	0.00000e+00	0.00000e+00	0.00000e+00	0.00000e+00	0.00000e+00	0.00000e+00	0.00000e+00	0.00000e+00	0.00000e+00	0.00000e+00	0.00000e+00	0.00000e+00	0.00000e+00	0.00000e+00	0.00000e+00	0.00000e+00	0.00000e+00	0.00000e+00	0.00000e+00	0.00000e+00	0.00000e+00	0.00000e+00	0.00000e+00	0.00000e+00	0.00000e+00	0.00000e+00	0.00000e+00	0.00000e+00	0.00000e+00	0.00000e+00	0.00000e+00	0.00000e+00	0.00000e+00	0.00000e+00	0.00000e+00	0.00000e+00	0.00000e+00	0.00000e+00	0.00000e+00	0.00000e+00	0.00000e+00	0.00000e+00	0.00000e+00	0.00000e+00	0.00000e+00	0.00000e+00	0.00000e+00	0.00000e+00	0.00000e+00	0.00000e+00	0.00000e+00	0.00000e+00	0.00000e+00	0.00000e+00	0.00000e+00	0.00000e+00	0.00000e+00	0.00000e+00	0.00000e+00	0.00000e+00	0.00000e+00	0.00000e+00	0.00000e+00	0.00000e+00	0.00000e+00	0.00000e+00	0.00000e+00	0.00000e+00	0.00000e+00	0.00000e+00	0.00000e+00	0.00000e+00	0.00000e+00	0.00000e+00	0.00000e+00	0.00000e+00	0.00000e+00	0.00000e+00	0.00000e+00	0.00000e+00	0.00000e+00	0.00000e+00	0.00000e+00	0.00000e+00	0.00000e+00	0.00000e+00	0.00000e+00	0.00000e+00	0.00000e+00	0.00000e+00	0.00000e+00	0.00000e+00	0.00000e+00	0.00000e+00	0.00000e+00	0.00000e+00	0.00000e+00
14.74	0.00000e+00	0.00000e+00	0.00000e+00	0.00000e+00	0.00000e+00	0.00000e+00	0.00000e+00	0.00000e+00	0.00000e+00	0.00000e+00	0.00000e+00	0.00000e+00	0.00000e+00	0.00000e+00	0.00000e+00	0.00000e+00	0.00000e+00	0.00000e+00	0.00000e+00	0.00000e+00	0.00000e+00	0.00000e+00	0.00000e+00	0.00000e+00	0.00000e+00	0.00000e+00	0.00000e+00	0.00000e+00	0.00000e+00	0.00000e+00	0.00000e+00	0.00000e+00	0.00000e+00	0.00000e+00	0.00000e+00	0.00000e+00	0.00000e+00	0.00000e+00	0.00000e+00	0.00000e+00	0.00000e+00	0.00000e+00	0.00000e+00	0.00000e+00	0.00000e+00	0.00000e+00	0.00000e+00	0.00000e+00	0.00000e+00	0.00000e+00	0.00000e+00	0.00000e+00	0.00000e+00	0.00000e+00	0.00000e+00	0.00000e+00	0.00000e+00	0.00000e+00	0.00000e+00	0.00000e+00	0.00000e+00	0.00000e+00	0.00000e+00	0.00000e+00	0.00000e+00	0.00000e+00	0.00000e+00	0.00000e+00	0.00000e+00	0.00000e+00	0.00000e+00	0.00000e+00	0.00000e+00	0.00000e+00	0.00000e+00	0.00000e+00	0.00000e+00	0.00000e+00	0.00000e+00	0.00000e+00	0.00000e+00	0.00000e+00	0.00000e+00	0.00000e+00	0.00000e+00	0.00000e+00	0.00000e+00	0.00000e+00	0.00000e+00	0.00000e+00	0.00000e+00	0.00000e+00	0.00000e+00	0.00000e+00	0.00000e+00	0.00000e+00	0.00000e+00	0.00000e+00	0.00000e+00	0.00000e+00	0.00000e+00	0.00000e+00	0.00000e+00	0.00000e+00	0.00000e+00	0.00000e+00	0.00000e+00	0.00000e+00	0.00000e+00	0.00000e+00	0.00000e+00	0.00000e+00	0.00000e+00	0.00000e+00	0.00000e+00	0.00000e+00	0.00000e+00	0.00000e+00	0.00000e+00	0.00000e+00	0.00000e+00	0.00000e+00	0.00000e+00	0.00000e+00	0.00000e+00	0.00000e+00	0.00000e+00	0.00000e+00	0.00000e+00	0.00000e+00	0.00000e+00	0.00000e+00	0.00000e+00	0.00000e+00	0.00000e+00	0.00000e+00	0.00000e+00	0.00000e+00	0.00000e+00	0.00000e+00	0.00000e+00	0.00000e+00	0.00000e+00	0.00000e+00	0.00000e+00	0.00000e+00	0.00000e+00	0.00000e+00	0.00000e+00	0.00000e+00	0.00000e+00	0.00000e+00	0.00000e+00	0.00000e+00	0.00000e+00	0.00000e+00	0.00000e+00	0.00000e+00	0.00000e+00	0.00000e+00	0.00000e+00	0.00000e+00	0.00000e+00	0.00000e+00	0.00000e+00	0.00000e+00	0.00000e+00	0.00000e+00	0.00000e+00	0.00000e+00	0.00000e+00	0.00000e+00	0.00000e+00	0.00000e+00	0.00000e+00	0.00000e+00	0.00000e+00	0.00000e+00	0.00000e+00	0.00000e+00	0.00000e+00	0.00000e+00	0.00000e+00	0.00000e+00	0.00000e+00	0.00000e+00	0.00000e+00	0.00000e+00	0.00000e+00	0.00000e+00	0.00000e+00	0.00000e+00	0.00000e+00	0.00000e+00	0.00000e+00
14.77	0.00000e+00	0.00000e+00	0.00000e+00	0.00000e+00	0.00000e+00	0.00000e+00	0.00000e+00	0.00000e+00	0.00000e+00	0.00000e+00	0.00000e+00	0.00000e+00	0.00000e+00	0.00000e+00	0.00000e+00	0.00000e+00	0.00000e+00	0.00000e+00	0.00000e+00	0.00000e+00	0.00000e+00	0.00000e+00	0.00000e+00	0.00000e+00	0.00000e+00	0.00000e+00	0.00000e+00	0.00000e+00	0.00000e+00	0.00000e+00	0.00000e+00	0.00000e+00	0.00000e+00	0.00000e+00	0.00000e+00	0.00000e+00	0.00000e+00	0.00000e+00	0.00000e+00	0.00000e+00	0.00000e+00	0.00000e+00	0.00000e+00	0.00000e+00	0.00000e+00	0.00000e+00	0.00000e+00	0.00000e+00	0.00000e+00	0.00000e+00	0.00000e+00	0.00000e+00	0.00000e+00	0.00000e+00	0.00000e+00	0.00000e+00	0.00000e+00	0.00000e+00	0.00000e+00	0.00000e+00	0.00000e+00	0.00000e+00	0.00000e+00	0.00000e+00	0.00000e+00	0.00000e+00	0.00000e+00	0.00000e+00	0.00000e+00	0.00000e+00	0.00000e+00	0.00000e+00	0.00000e+00	0.00000e+00	0.00000e+00	0.00000e+00	0.00000e+00	0.00000e+00	0.00000e+00	0.00000e+00	0.00000e+00	0.00000e+00	0.00000e+00	0.00000e+00	0.00000e+00	0.00000e+00	0.00000e+00	0.00000e+00	0.00000e+00	0.00000e+00	0.00000e+00	0.00000e+00	0.00000e+00	0.00000e+00	0.00000e+00	0.00000e+00	0.00000e+00	0.00000e+00	0.00000e+00	0.00000e+00	0.00000e+00	0.00000e+00	0.00000e+00	0.00000e+00	0.00000e+00	0.00000e+00	0.00000e+00	0.00000e+00	0.00000e+00	0.00000e+00	0.00000e+00	0.00000e+00	0.00000e+00	0.00000e+00	0.00000e+00	0.00000e+00	0.00000e+00	0.00000e+00	0.00000e+00	0.00000e+00	0.00000e+00	0.00000e+00	0.00000e+00	0.00000e+00	0.00000e+00	0.00000e+00	0.00000e+00	0.00000e+00	0.00000e+00	0.00000e+00	0.00000e+00	0.00000e+00	0.00000e+00	0.00000e+00	0.00000e+00	0.00000e+00	0.00000e+00	0.00000e+00	0.00000e+00	0.00000e+00	0.00000e+00	0.00000e+00	0.00000e+00	0.00000e+00	0.00000e+00	0.00000e+00	0.00000e+00	0.00000e+00	0.00000e+00	0.00000e+00	0.00000e+00	0.00000e+00	0.00000e+00	0.00000e+00	0.00000e+00	0.00000e+00	0.00000e+00	0.00000e+00	0.00000e+00	0.00000e+00	0.00000e+00	0.00000e+00	0.00000e+00	0.00000e+00	0.00000e+00	0.00000e+00	0.00000e+00	0.00000e+00	0.00000e+00	0.00000e+00	0.00000e+00	0.00000e+00	0.00000e+00	0.00000e+00	0.00000e+00	0.00000e+00	0.00000e+00	0.00000e+00	0.00000e+00	0.00000e+00	0.00000e+00	0.00000e+00	0.00000e+00	0.00000e+00	0.00000e+00	0.00000e+00	0.00000e+00	0.00000e+00	0.00000e+00	0.00000e+00	0.00000e+00	0.00000e+00	0.00000e+00	0.00000e+00	0.00000e+00
14.80	0.00000e+00	0.00000e+00	0.00000e+00	0.00000e+00	0.00000e+00	0.00000e+00	0.00000e+00	0.00000e+00	0.00000e+00	0.00000e+00	0.00000e+00	0.00000e+00	0.00000e+00	0.00000e+00	0.00000e+00	0.00000e+00	0.00000e+00	0.00000e+00	0.00000e+00	0.00000e+00	0.00000e+00	0.00000e+00	0.00000e+00	0.00000e+00	0.00000e+00	0.00000e+00	0.00000e+00	0.00000e+00	0.00000e+00	0.00000e+00	0.00000e+00	0.00000e+00	0.00000e+00	0.00000e+00	0.00000e+00	0.00000e+00	0.00000e+00	0.00000e+00	0.00000e+00	0.00000e+00	0.00000e+00	0.00000e+00	0.00000e+00	0.00000e+00	0.00000e+00	0.00000e+00	0.00000e+00	0.00000e+00	0.00000e+00	0.00000e+00	0.00000e+00	0.00000e+00	0.00000e+00	0.00000e+00	0.00000e+00	0.00000e+00	0.00000e+00	0.00000e+00	0.00000e+00	0.00000e+00	0.00000e+00	0.00000e+00	0.00000e+00	0.00000e+00	0.00000e+00	0.00000e+00	0.00000e+00	0.00000e+00	0.00000e+00	0.00000e+00	0.00000e+00	0.00000e+00	0.00000e+00	0.00000e+00	0.00000e+00	0.00000e+00	0.00000e+00	0.00000e+00	0.00000e+00	0.00000e+00	0.00000e+00	0.00000e+00	0.00000e+00	0.00000e+00	0.00000e+00	0.00000e+00	0.00000e+00	0.00000e+00	0.00000e+00	0.00000e+00	0.00000e+00	0.00000e+00	0.00000e+00	0.00000e+00	0.00000e+00	0.00000e+00	0.00000e+00	0.00000e+00	0.00000e+00	0.00000e+00	0.00000e+00	0.00000e+00	0.00000e+00	0.00000e+00	0.00000e+00	0.00000e+00	0.00000e+00	0.00000e+00	0.00000e+00	0.00000e+00	0.00000e+00	0.00000e+00	0.00000e+00	0.00000e+00	0.00000e+00	0.00000e+00	0.00000e+00	0.00000e+00	0.00000e+00	0.00000e+00	0.00000e+00	0.00000e+00	0.00000e+00	0.00000e+00	0.00000e+00	0.00000e+00	0.00000e+00	0.00000e+00	0.00000e+00	0.00000e+00	0.00000e+00	0.00000e+00	0.00000e+00	0.00000e+00	0.00000e+00	0.00000e+00	0.00000e+00	0.00000e+00	0.00000e+00	0.00000e+00	0.00000e+00	0.00000e+00	0.00000e+00	0.00000e+00	0.00000e+00	0.00000e+00	0.00000e+00	0.00000e+00	0.00000e+00	0.00000e+00	0.00000e+00	0.00000e+00	0.00000e+00	0.00000e+00	0.00000e+00	0.00000e+00	0.00000e+00	0.00000e+00	0.00000e+00	0.00000e+00	0.00000e+00	0.00000e+00	0.00000e+00	0.00000e+00	0.00000e+00	0.00000e+00	0.00000e+00	0.00000e+00	0.00000e+00	0.00000e+00	0.00000e+00	0.00000e+00	0.00000e+00	0.00000e+00	0.00000e+00	0.00000e+00	0.00000e+00	0.00000e+00	0.00000e+00	0.00000e+00	0.00000e+00	0.00000e+00	0.00000e+00	0.00000e+00	0.00000e+00	0.00000e+00	0.00000e+00	0.00000e+00	0.00000e+00	0.00000e+00	0.00000e+00	0.00000e+00	0.00000e+00	0.00000e+00	0.00000e+00
14.84	0.00000e+00	0.00000e+00	0.00000e+00	0.00000e+00	0.00000e+00	0.00000e+00	0.00000e+00	0.00000e+00	0.00000e+00	0.00000e+00	0.00000e+00	0.00000e+00	0.00000e+00	0.00000e+00	0.00000e+00	0.00000e+00	0.00000e+00	0.00000e+00	0.00000e+00	0.00000e+00	0.00000e+00	0.00000e+00	0.00000e+00	0.00000e+00	0.00000e+00	0.00000e+00	0.00000e+00	0.00000e+00	0.00000e+00	0.00000e+00	0.00000e+00	0.00000e+00	0.00000e+00	0.00000e+00	0.00000e+00	0.00000e+00	0.00000e+00	0.00000e+00	0.00000e+00	0.00000e+00	0.00000e+00	0.00000e+00	0.00000e+00	0.00000e+00	0.00000e+00	0.00000e+00	0.00000e+00	0.00000e+00	0.00000e+00	0.00000e+00	0.00000e+00	0.00000e+00	0.00000e+00	0.00000e+00	0.00000e+00	0.00000e+00	0.00000e+00	0.00000e+00	0.00000e+00	0.00000e+00	0.00000e+00	0.00000e+00	0.00000e+00	0.00000e+00	0.00000e+00	0.00000e+00	0.00000e+00	0.00000e+00	0.00000e+00	0.00000e+00	0.00000e+00	0.00000e+00	0.00000e+00	0.00000e+00	0.00000e+00	0.00000e+00	0.00000e+00	0.00000e+00	0.00000e+00	0.00000e+00	0.00000e+00	0.00000e+00	0.00000e+00	0.00000e+00	0.00000e+00	0.00000e+00	0.00000e+00	0.00000e+00	0.00000e+00	0.00000e+00	0.00000e+00	0.00000e+00	0.00000e+00	0.00000e+00	0.00000e+00	0.00000e+00	0.00000e+00	0.00000e+00	0.00000e+00	0.00000e+00	0.00000e+00	0.00000e+00	0.00000e+00	0.00000e+00	0.00000e+00	0.00000e+00	0.00000e+00	0.00000e+00	0.00000e+00	0.00000e+00	0.00000e+00	0.00000e+00	0.00000e+00	0.00000e+00	0.00000e+00	0.00000e+00	0.00000e+00	0.00000e+00	0.00000e+00	0.00000e+00	0.00000e+00	0.00000e+00	0.00000e+00	0.00000e+00	0.00000e+00	0.00000e+00	0.00000e+00	0.00000e+00	0.00000e+00	0.00000e+00	0.00000e+00	0.00000e+00	0.00000e+00	0.00000e+00	0.00000e+00	0.00000e+00	0.00000e+00	0.00000e+00	0.00000e+00	0.00000e+00	0.00000e+00	0.00000e+00	0.00000e+00	0.00000e+00	0.00000e+00	0.00000e+00	0.00000e+00	0.00000e+00	0.00000e+00	0.00000e+00	0.00000e+00	0.00000e+00	0.00000e+00	0.00000e+00	0.00000e+00	0.00000e+00	0.00000e+00	0.00000e+00	0.00000e+00	0.00000e+00	0.00000e+00	0.00000e+00	0.00000e+00	0.00000e+00	0.00000e+00	0.00000e+00	0.00000e+00	0.00000e+00	0.00000e+00	0.00000e+00	0.00000e+00	0.00000e+00	0.00000e+00	0.00000e+00	0.00000e+00	0.00000e+00	0.00000e+00	0.00000e+00	0.00000e+00	0.00000e+00	0.00000e+00	0.00000e+00	0.00000e+00	0.00000e+00	0.00000e+00	0.00000e+00	0.00000e+00	0.00000e+00	0.00000e+00	0.00000e+00	0.00000e+00	0.00000e+00	0.00000e+00	0.00000e+00	0.00000e+00
14.87	0.00000e+00	0.00000e+00	0.00000e+00	0.00000e+00	0.00000e+00	0.00000e+00	0.00000e+00	0.00000e+00	0.00000e+00	0.00000e+00	0.00000e+00	0.00000e+00	0.00000e+00	0.00000e+00	0.00000e+00	0.00000e+00	0.00000e+00	0.00000e+00	0.00000e+00	0.00000e+00	0.00000e+00	0.00000e+00	0.00000e+00	0.00000e+00	0.00000e+00	0.00000e+00	0.00000e+00	0.00000e+00	0.00000e+00	0.00000e+00	0.00000e+00	0.00000e+00	0.00000e+00	0.00000e+00	0.00000e+00	0.00000e+00	0.00000e+00	0.00000e+00	0.00000e+00	0.00000e+00	0.00000e+00	0.00000e+00	0.00000e+00	0.00000e+00	0.00000e+00	0.00000e+00	0.00000e+00	0.00000e+00	0.00000e+00	0.00000e+00	0.00000e+00	0.00000e+00	0.00000e+00	0.00000e+00	0.00000e+00	0.00000e+00	0.00000e+00	0.00000e+00	0.00000e+00	0.00000e+00	0.00000e+00	0.00000e+00	0.00000e+00	0.00000e+00	0.00000e+00	0.00000e+00	0.00000e+00	0.00000e+00	0.00000e+00	0.00000e+00	0.00000e+00	0.00000e+00	0.00000e+00	0.00000e+00	0.00000e+00	0.00000e+00	0.00000e+00	0.00000e+00	0.00000e+00	0.00000e+00	0.00000e+00	0.00000e+00	0.00000e+00	0.00000e+00	0.00000e+00	0.00000e+00	0.00000e+00	0.00000e+00	0.00000e+00	0.00000e+00	0.00000e+00	0.00000e+00	0.00000e+00	0.00000e+00	0.00000e+00	0.00000e+00	0.00000e+00	0.00000e+00	0.00000e+00	0.00000e+00	0.00000e+00	0.00000e+00	0.00000e+00	0.00000e+00	0.00000e+00	0.00000e+00	0.00000e+00	0.00000e+00	0.00000e+00	0.00000e+00	0.00000e+00	0.00000e+00	0.00000e+00	0.00000e+00	0.00000e+00	0.00000e+00	0.00000e+00	0.00000e+00	0.00000e+00	0.00000e+00	0.00000e+00	0.00000e+00	0.00000e+00	0.00000e+00	0.00000e+00	0.00000e+00	0.00000e+00	0.00000e+00	0.00000e+00	0.00000e+00	0.00000e+00	0.00000e+00	0.00000e+00	0.00000e+00	0.00000e+00	0.00000e+00	0.00000e+00	0.00000e+00	0.00000e+00	0.00000e+00	0.00000e+00	0.00000e+00	0.00000e+00	0.00000e+00	0.00000e+00	0.00000e+00	0.00000e+00	0.00000e+00	0.00000e+00	0.00000e+00	0.00000e+00	0.00000e+00	0.00000e+00	0.00000e+00	0.00000e+00	0.00000e+00	0.00000e+00	0.00000e+00	0.00000e+00	0.00000e+00	0.00000e+00	0.00000e+00	0.00000e+00	0.00000e+00	0.00000e+00	0.00000e+00	0.00000e+00	0.00000e+00	0.00000e+00	0.00000e+00	0.00000e+00	0.00000e+00	0.00000e+00	0.00000e+00	0.00000e+00	0.00000e+00	0.00000e+00	0.00000e+00	0.00000e+00	0.00000e+00	0.00000e+00	0.00000e+00	0.00000e+00	0.00000e+00	0.00000e+00	0.00000e+00	0.00000e+00	0.00000e+00	0.00000e+00	0.00000e+00	0.00000e+00	0.00000e+00	0.00000e+00	0.00000e+00	0.00000e+00
14.91	0.00000e+00	0.00000e+00	0.00000e+00	0.00000e+00	0.00000e+00	0.00000e+00	0.00000e+00	0.00000e+00	0.00000e+00	0.00000e+00	0.00000e+00	0.00000e+00	0.00000e+00	0.00000e+00	0.00000e+00	0.00000e+00	0.00000e+00	0.00000e+00	0.00000e+00	0.00000e+00	0.00000e+00	0.00000e+00	0.00000e+00	0.00000e+00	0.00000e+00	0.00000e+00	0.00000e+00	0.00000e+00	0.00000e+00	0.00000e+00	0.00000e+00	0.00000e+00	0.00000e+00	0.00000e+00	0.00000e+00	0.00000e+00	0.00000e+00	0.00000e+00	0.00000e+00	0.00000e+00	0.00000e+00	0.00000e+00	0.00000e+00	0.00000e+00	0.00000e+00	0.00000e+00	0.00000e+00	0.00000e+00	0.00000e+00	0.00000e+00	0.00000e+00	0.00000e+00	0.00000e+00	0.00000e+00	0.00000e+00	0.00000e+00	0.00000e+00	0.00000e+00	0.00000e+00	0.00000e+00	0.00000e+00	0.00000e+00	0.00000e+00	0.00000e+00	0.00000e+00	0.00000e+00	0.00000e+00	0.00000e+00	0.00000e+00	0.00000e+00	0.00000e+00	0.00000e+00	0.00000e+00	0.00000e+00	0.00000e+00	0.00000e+00	0.00000e+00	0.00000e+00	0.00000e+00	0.00000e+00	0.00000e+00	0.00000e+00	0.00000e+00	0.00000e+00	0.00000e+00	0.00000e+00	0.00000e+00	0.00000e+00	0.00000e+00	0.00000e+00	0.00000e+00	0.00000e+00	0.00000e+00	0.00000e+00	0.00000e+00	0.00000e+00	0.00000e+00	0.00000e+00	0.00000e+00	0.00000e+00	0.00000e+00	0.00000e+00	0.00000e+00	0.00000e+00	0.00000e+00	0.00000e+00	0.00000e+00	0.00000e+00	0.00000e+00	0.00000e+00	0.00000e+00	0.00000e+00	0.00000e+00	0.00000e+00	0.00000e+00	0.00000e+00	0.00000e+00	0.00000e+00	0.00000e+00	0.00000e+00	0.00000e+00	0.00000e+00	0.00000e+00	0.00000e+00	0.00000e+00	0.00000e+00	0.00000e+00	0.00000e+00	0.00000e+00	0.00000e+00	0.00000e+00	0.00000e+00	0.00000e+00	0.00000e+00	0.00000e+00	0.00000e+00	0.00000e+00	0.00000e+00	0.00000e+00	0.00000e+00	0.00000e+00	0.00000e+00	0.00000e+00	0.00000e+00	0.00000e+00	0.00000e+00	0.00000e+00	0.00000e+00	0.00000e+00	0.00000e+00	0.00000e+00	0.00000e+00	0.00000e+00	0.00000e+00	0.00000e+00	0.00000e+00	0.00000e+00	0.00000e+00	0.00000e+00	0.00000e+00	0.00000e+00	0.00000e+00	0.00000e+00	0.00000e+00	0.00000e+00	0.00000e+00	0.00000e+00	0.00000e+00	0.00000e+00	0.00000e+00	0.00000e+00	0.00000e+00	0.00000e+00	0.00000e+00	0.00000e+00	0.00000e+00	0.00000e+00	0.00000e+00	0.00000e+00	0.00000e+00	0.00000e+00	0.00000e+00	0.00000e+00	0.00000e+00	0.00000e+00	0.00000e+00	0.00000e+00	0.00000e+00	0.00000e+00	0.00000e+00	0.00000e+00	0.00000e+00	0.00000e+00	0.00000e+00	0.00000e+00
14.94	0.00000e+00	0.00000e+00	0.00000e+00	0.00000e+00	0.00000e+00	0.00000e+00	0.00000e+00	0.00000e+00	0.00000e+00	0.00000e+00	0.00000e+00	0.00000e+00	0.00000e+00	0.00000e+00	0.00000e+00	0.00000e+00	0.00000e+00	0.00000e+00	0.00000e+00	0.00000e+00	0.00000e+00	0.00000e+00	0.00000e+00	0.00000e+00	0.00000e+00	0.00000e+00	0.00000e+00	0.00000e+00	0.00000e+00	0.00000e+00	0.00000e+00	0.00000e+00	0.00000e+00	0.00000e+00	0.00000e+00	0.00000e+00	0.00000e+00	0.00000e+00	0.00000e+00	0.00000e+00	0.00000e+00	0.00000e+00	0.00000e+00	0.00000e+00	0.00000e+00	0.00000e+00	0.00000e+00	0.00000e+00	0.00000e+00	0.00000e+00	0.00000e+00	0.00000e+00	0.00000e+00	0.00000e+00	0.00000e+00	0.00000e+00	0.00000e+00	0.00000e+00	0.00000e+00	0.00000e+00	0.00000e+00	0.00000e+00	0.00000e+00	0.00000e+00	0.00000e+00	0.00000e+00	0.00000e+00	0.00000e+00	0.00000e+00	0.00000e+00	0.00000e+00	0.00000e+00	0.00000e+00	0.00000e+00	0.00000e+00	0.00000e+00	0.00000e+00	0.00000e+00	0.00000e+00	0.00000e+00	0.00000e+00	0.00000e+00	0.00000e+00	0.00000e+00	0.00000e+00	0.00000e+00	0.00000e+00	0.00000e+00	0.00000e+00	0.00000e+00	0.00000e+00	0.00000e+00	0.00000e+00	0.00000e+00	0.00000e+00	0.00000e+00	0.00000e+00	0.00000e+00	0.00000e+00	0.00000e+00	0.00000e+00	0.00000e+00	0.00000e+00	0.00000e+00	0.00000e+00	0.00000e+00	0.00000e+00	0.00000e+00	0.00000e+00	0.00000e+00	0.00000e+00	0.00000e+00	0.00000e+00	0.00000e+00	0.00000e+00	0.00000e+00	0.00000e+00	0.00000e+00	0.00000e+00	0.00000e+00	0.00000e+00	0.00000e+00	0.00000e+00	0.00000e+00	0.00000e+00	0.00000e+00	0.00000e+00	0.00000e+00	0.00000e+00	0.00000e+00	0.00000e+00	0.00000e+00	0.00000e+00	0.00000e+00	0.00000e+00	0.00000e+00	0.00000e+00	0.00000e+00	0.00000e+00	0.00000e+00	0.00000e+00	0.00000e+00	0.00000e+00	0.00000e+00	0.00000e+00	0.00000e+00	0.00000e+00	0.00000e+00	0.00000e+00	0.00000e+00	0.00000e+00	0.00000e+00	0.00000e+00	0.00000e+00	0.00000e+00	0.00000e+00	0.00000e+00	0.00000e+00	0.00000e+00	0.00000e+00	0.00000e+00	0.00000e+00	0.00000e+00	0.00000e+00	0.00000e+00	0.00000e+00	0.00000e+00	0.00000e+00	0.00000e+00	0.00000e+00	0.00000e+00	0.00000e+00	0.00000e+00	0.00000e+00	0.00000e+00	0.00000e+00	0.00000e+00	0.00000e+00	0.00000e+00	0.00000e+00	0.00000e+00	0.00000e+00	0.00000e+00	0.00000e+00	0.00000e+00	0.00000e+00	0.00000e+00	0.00000e+00	0.00000e+00	0.00000e+00	0.00000e+00	0.00000e+00	0.00000e+00	0.00000e+00	0.00000e+00
14.97	0.00000e+00	0.00000e+00	0.00000e+00	0.00000e+00	0.00000e+00	0.00000e+00	0.00000e+00	0.00000e+00	0.00000e+00	0.00000e+00	0.00000e+00	0.00000e+00	0.00000e+00	0.00000e+00	0.00000e+00	0.00000e+00	0.00000e+00	0.00000e+00	0.00000e+00	0.00000e+00	0.00000e+00	0.00000e+00	0.00000e+00	0.00000e+00	0.00000e+00	0.00000e+00	0.00000e+00	0.00000e+00	0.00000e+00	0.00000e+00	0.00000e+00	0.00000e+00	0.00000e+00	0.00000e+00	0.00000e+00	0.00000e+00	0.00000e+00	0.00000e+00	0.00000e+00	0.00000e+00	0.00000e+00	0.00000e+00	0.00000e+00	0.00000e+00	0.00000e+00	0.00000e+00	0.00000e+00	0.00000e+00	0.00000e+00	0.00000e+00	0.00000e+00	0.00000e+00	0.00000e+00	0.00000e+00	0.00000e+00	0.00000e+00	0.00000e+00	0.00000e+00	0.00000e+00	0.00000e+00	0.00000e+00	0.00000e+00	0.00000e+00	0.00000e+00	0.00000e+00	0.00000e+00	0.00000e+00	0.00000e+00	0.00000e+00	0.00000e+00	0.00000e+00	0.00000e+00	0.00000e+00	0.00000e+00	0.00000e+00	0.00000e+00	0.00000e+00	0.00000e+00	0.00000e+00	0.00000e+00	0.00000e+00	0.00000e+00	0.00000e+00	0.00000e+00	0.00000e+00	0.00000e+00	0.00000e+00	0.00000e+00	0.00000e+00	0.00000e+00	0.00000e+00	0.00000e+00	0.00000e+00	0.00000e+00	0.00000e+00	0.00000e+00	0.00000e+00	0.00000e+00	0.00000e+00	0.00000e+00	0.00000e+00	0.00000e+00	0.00000e+00	0.00000e+00	0.00000e+00	0.00000e+00	0.00000e+00	0.00000e+00	0.00000e+00	0.00000e+00	0.00000e+00	0.00000e+00	0.00000e+00	0.00000e+00	0.00000e+00	0.00000e+00	0.00000e+00	0.00000e+00	0.00000e+00	0.00000e+00	0.00000e+00	0.00000e+00	0.00000e+00	0.00000e+00	0.00000e+00	0.00000e+00	0.00000e+00	0.00000e+00	0.00000e+00	0.00000e+00	0.00000e+00	0.00000e+00	0.00000e+00	0.00000e+00	0.00000e+00	0.00000e+00	0.00000e+00	0.00000e+00	0.00000e+00	0.00000e+00	0.00000e+00	0.00000e+00	0.00000e+00	0.00000e+00	0.00000e+00	0.00000e+00	0.00000e+00	0.00000e+00	0.00000e+00	0.00000e+00	0.00000e+00	0.00000e+00	0.00000e+00	0.00000e+00	0.00000e+00	0.00000e+00	0.00000e+00	0.00000e+00	0.00000e+00	0.00000e+00	0.00000e+00	0.00000e+00	0.00000e+00	0.00000e+00	0.00000e+00	0.00000e+00	0.00000e+00	0.00000e+00	0.00000e+00	0.00000e+00	0.00000e+00	0.00000e+00	0.00000e+00	0.00000e+00	0.00000e+00	0.00000e+00	0.00000e+00	0.00000e+00	0.00000e+00	0.00000e+00	0.00000e+00	0.00000e+00	0.00000e+00	0.00000e+00	0.00000e+00	0.00000e+00	0.00000e+00	0.00000e+00	0.00000e+00	0.00000e+00	0.00000e+00	0.00000e+00	0.00000e+00	0.00000e+00	0.00000e+00
15.01	0.00000e+00	0.00000e+00	0.00000e+00	0.00000e+00	0.00000e+00	0.00000e+00	0.00000e+00	0.00000e+00	0.00000e+00	0.00000e+00	0.00000e+00	0.00000e+00	0.00000e+00	0.00000e+00	0.00000e+00	0.00000e+00	0.00000e+00	0.00000e+00	0.00000e+00	0.00000e+00	0.00000e+00	0.00000e+00	0.00000e+00	0.00000e+00	0.00000e+00	0.00000e+00	0.00000e+00	0.00000e+00	0.00000e+00	0.00000e+00	0.00000e+00	0.00000e+00	0.00000e+00	0.00000e+00	0.00000e+00	0.00000e+00	0.00000e+00	0.00000e+00	0.00000e+00	0.00000e+00	0.00000e+00	0.00000e+00	0.00000e+00	0.00000e+00	0.00000e+00	0.00000e+00	0.00000e+00	0.00000e+00	0.00000e+00	0.00000e+00	0.00000e+00	0.00000e+00	0.00000e+00	0.00000e+00	0.00000e+00	0.00000e+00	0.00000e+00	0.00000e+00	0.00000e+00	0.00000e+00	0.00000e+00	0.00000e+00	0.00000e+00	0.00000e+00	0.00000e+00	0.00000e+00	0.00000e+00	0.00000e+00	0.00000e+00	0.00000e+00	0.00000e+00	0.00000e+00	0.00000e+00	0.00000e+00	0.00000e+00	0.00000e+00	0.00000e+00	0.00000e+00	0.00000e+00	0.00000e+00	0.00000e+00	0.00000e+00	0.00000e+00	0.00000e+00	0.00000e+00	0.00000e+00	0.00000e+00	0.00000e+00	0.00000e+00	0.00000e+00	0.00000e+00	0.00000e+00	0.00000e+00	0.00000e+00	0.00000e+00	0.00000e+00	0.00000e+00	0.00000e+00	0.00000e+00	0.00000e+00	0.00000e+00	0.00000e+00	0.00000e+00	0.00000e+00	0.00000e+00	0.00000e+00	0.00000e+00	0.00000e+00	0.00000e+00	0.00000e+00	0.00000e+00	0.00000e+00	0.00000e+00	0.00000e+00	0.00000e+00	0.00000e+00	0.00000e+00	0.00000e+00	0.00000e+00	0.00000e+00	0.00000e+00	0.00000e+00	0.00000e+00	0.00000e+00	0.00000e+00	0.00000e+00	0.00000e+00	0.00000e+00	0.00000e+00	0.00000e+00	0.00000e+00	0.00000e+00	0.00000e+00	0.00000e+00	0.00000e+00	0.00000e+00	0.00000e+00	0.00000e+00	0.00000e+00	0.00000e+00	0.00000e+00	0.00000e+00	0.00000e+00	0.00000e+00	0.00000e+00	0.00000e+00	0.00000e+00	0.00000e+00	0.00000e+00	0.00000e+00	0.00000e+00	0.00000e+00	0.00000e+00	0.00000e+00	0.00000e+00	0.00000e+00	0.00000e+00	0.00000e+00	0.00000e+00	0.00000e+00	0.00000e+00	0.00000e+00	0.00000e+00	0.00000e+00	0.00000e+00	0.00000e+00	0.00000e+00	0.00000e+00	0.00000e+00	0.00000e+00	0.00000e+00	0.00000e+00	0.00000e+00	0.00000e+00	0.00000e+00	0.00000e+00	0.00000e+00	0.00000e+00	0.00000e+00	0.00000e+00	0.00000e+00	0.00000e+00	0.00000e+00	0.00000e+00	0.00000e+00	0.00000e+00	0.00000e+00	0.00000e+00	0.00000e+00	0.00000e+00	0.00000e+00	0.00000e+00	0.00000e+00	0.00000e+00	0.00000e+00
15.04	0.00000e+00	0.00000e+00	0.00000e+00	0.00000e+00	0.00000e+00	0.00000e+00	0.00000e+00	0.00000e+00	0.00000e+00	0.00000e+00	0.00000e+00	0.00000e+00	0.00000e+00	0.00000e+00	0.00000e+00	0.00000e+00	0.00000e+00	0.00000e+00	0.00000e+00	0.00000e+00	0.00000e+00	0.00000e+00	0.00000e+00	0.00000e+00	0.00000e+00	0.00000e+00	0.00000e+00	0.00000e+00	0.00000e+00	0.00000e+00	0.00000e+00	0.00000e+00	0.00000e+00	0.00000e+00	0.00000e+00	0.00000e+00	0.00000e+00	0.00000e+00	0.00000e+00	0.00000e+00	0.00000e+00	0.00000e+00	0.00000e+00	0.00000e+00	0.00000e+00	0.00000e+00	0.00000e+00	0.00000e+00	0.00000e+00	0.00000e+00	0.00000e+00	0.00000e+00	0.00000e+00	0.00000e+00	0.00000e+00	0.00000e+00	0.00000e+00	0.00000e+00	0.00000e+00	0.00000e+00	0.00000e+00	0.00000e+00	0.00000e+00	0.00000e+00	0.00000e+00	0.00000e+00	0.00000e+00	0.00000e+00	0.00000e+00	0.00000e+00	0.00000e+00	0.00000e+00	0.00000e+00	0.00000e+00	0.00000e+00	0.00000e+00	0.00000e+00	0.00000e+00	0.00000e+00	0.00000e+00	0.00000e+00	0.00000e+00	0.00000e+00	0.00000e+00	0.00000e+00	0.00000e+00	0.00000e+00	0.00000e+00	0.00000e+00	0.00000e+00	0.00000e+00	0.00000e+00	0.00000e+00	0.00000e+00	0.00000e+00	0.00000e+00	0.00000e+00	0.00000e+00	0.00000e+00	0.00000e+00	0.00000e+00	0.00000e+00	0.00000e+00	0.00000e+00	0.00000e+00	0.00000e+00	0.00000e+00	0.00000e+00	0.00000e+00	0.00000e+00	0.00000e+00	0.00000e+00	0.00000e+00	0.00000e+00	0.00000e+00	0.00000e+00	0.00000e+00	0.00000e+00	0.00000e+00	0.00000e+00	0.00000e+00	0.00000e+00	0.00000e+00	0.00000e+00	0.00000e+00	0.00000e+00	0.00000e+00	0.00000e+00	0.00000e+00	0.00000e+00	0.00000e+00	0.00000e+00	0.00000e+00	0.00000e+00	0.00000e+00	0.00000e+00	0.00000e+00	0.00000e+00	0.00000e+00	0.00000e+00	0.00000e+00	0.00000e+00	0.00000e+00	0.00000e+00	0.00000e+00	0.00000e+00	0.00000e+00	0.00000e+00	0.00000e+00	0.00000e+00	0.00000e+00	0.00000e+00	0.00000e+00	0.00000e+00	0.00000e+00	0.00000e+00	0.00000e+00	0.00000e+00	0.00000e+00	0.00000e+00	0.00000e+00	0.00000e+00	0.00000e+00	0.00000e+00	0.00000e+00	0.00000e+00	0.00000e+00	0.00000e+00	0.00000e+00	0.00000e+00	0.00000e+00	0.00000e+00	0.00000e+00	0.00000e+00	0.00000e+00	0.00000e+00	0.00000e+00	0.00000e+00	0.00000e+00	0.00000e+00	0.00000e+00	0.00000e+00	0.00000e+00	0.00000e+00	0.00000e+00	0.00000e+00	0.00000e+00	0.00000e+00	0.00000e+00	0.00000e+00	0.00000e+00	0.00000e+00	0.00000e+00	0.00000e+00	0.00000e+00
15.08	0.00000e+00	0.00000e+00	0.00000e+00	0.00000e+00	0.00000e+00	0.00000e+00	0.00000e+00	0.00000e+00	0.00000e+00	0.00000e+00	0.00000e+00	0.00000e+00	0.00000e+00	0.00000e+00	0.00000e+00	0.00000e+00	0.00000e+00	0.00000e+00	0.00000e+00	0.00000e+00	0.00000e+00	0.00000e+00	0.00000e+00	0.00000e+00	0.00000e+00	0.00000e+00	0.00000e+00	0.00000e+00	0.00000e+00	0.00000e+00	0.00000e+00	0.00000e+00	0.00000e+00	0.00000e+00	0.00000e+00	0.00000e+00	0.00000e+00	0.00000e+00	0.00000e+00	0.00000e+00	0.00000e+00	0.00000e+00	0.00000e+00	0.00000e+00	0.00000e+00	0.00000e+00	0.00000e+00	0.00000e+00	0.00000e+00	0.00000e+00	0.00000e+00	0.00000e+00	0.00000e+00	0.00000e+00	0.00000e+00	0.00000e+00	0.00000e+00	0.00000e+00	0.00000e+00	0.00000e+00	0.00000e+00	0.00000e+00	0.00000e+00	0.00000e+00	0.00000e+00	0.00000e+00	0.00000e+00	0.00000e+00	0.00000e+00	0.00000e+00	0.00000e+00	0.00000e+00	0.00000e+00	0.00000e+00	0.00000e+00	0.00000e+00	0.00000e+00	0.00000e+00	0.00000e+00	0.00000e+00	0.00000e+00	0.00000e+00	0.00000e+00	0.00000e+00	0.00000e+00	0.00000e+00	0.00000e+00	0.00000e+00	0.00000e+00	0.00000e+00	0.00000e+00	0.00000e+00	0.00000e+00	0.00000e+00	0.00000e+00	0.00000e+00	0.00000e+00	0.00000e+00	0.00000e+00	0.00000e+00	0.00000e+00	0.00000e+00	0.00000e+00	0.00000e+00	0.00000e+00	0.00000e+00	0.00000e+00	0.00000e+00	0.00000e+00	0.00000e+00	0.00000e+00	0.00000e+00	0.00000e+00	0.00000e+00	0.00000e+00	0.00000e+00	0.00000e+00	0.00000e+00	0.00000e+00	0.00000e+00	0.00000e+00	0.00000e+00	0.00000e+00	0.00000e+00	0.00000e+00	0.00000e+00	0.00000e+00	0.00000e+00	0.00000e+00	0.00000e+00	0.00000e+00	0.00000e+00	0.00000e+00	0.00000e+00	0.00000e+00	0.00000e+00	0.00000e+00	0.00000e+00	0.00000e+00	0.00000e+00	0.00000e+00	0.00000e+00	0.00000e+00	0.00000e+00	0.00000e+00	0.00000e+00	0.00000e+00	0.00000e+00	0.00000e+00	0.00000e+00	0.00000e+00	0.00000e+00	0.00000e+00	0.00000e+00	0.00000e+00	0.00000e+00	0.00000e+00	0.00000e+00	0.00000e+00	0.00000e+00	0.00000e+00	0.00000e+00	0.00000e+00	0.00000e+00	0.00000e+00	0.00000e+00	0.00000e+00	0.00000e+00	0.00000e+00	0.00000e+00	0.00000e+00	0.00000e+00	0.00000e+00	0.00000e+00	0.00000e+00	0.00000e+00	0.00000e+00	0.00000e+00	0.00000e+00	0.00000e+00	0.00000e+00	0.00000e+00	0.00000e+00	0.00000e+00	0.00000e+00	0.00000e+00	0.00000e+00	0.00000e+00	0.00000e+00	0.00000e+00	0.00000e+00	0.00000e+00	0.00000e+00	0.00000e+00	0.00000e+00
15.11	0.00000e+00	0.00000e+00	0.00000e+00	0.00000e+00	0.00000e+00	0.00000e+00	0.00000e+00	0.00000e+00	0.00000e+00	0.00000e+00	0.00000e+00	0.00000e+00	0.00000e+00	0.00000e+00	0.00000e+00	0.00000e+00	0.00000e+00	0.00000e+00	0.00000e+00	0.00000e+00	0.00000e+00	0.00000e+00	0.00000e+00	0.00000e+00	0.00000e+00	0.00000e+00	0.00000e+00	0.00000e+00	0.00000e+00	0.00000e+00	0.00000e+00	0.00000e+00	0.00000e+00	0.00000e+00	0.00000e+00	0.00000e+00	0.00000e+00	0.00000e+00	0.00000e+00	0.00000e+00	0.00000e+00	0.00000e+00	0.00000e+00	0.00000e+00	0.00000e+00	0.00000e+00	0.00000e+00	0.00000e+00	0.00000e+00	0.00000e+00	0.00000e+00	0.00000e+00	0.00000e+00	0.00000e+00	0.00000e+00	0.00000e+00	0.00000e+00	0.00000e+00	0.00000e+00	0.00000e+00	0.00000e+00	0.00000e+00	0.00000e+00	0.00000e+00	0.00000e+00	0.00000e+00	0.00000e+00	0.00000e+00	0.00000e+00	0.00000e+00	0.00000e+00	0.00000e+00	0.00000e+00	0.00000e+00	0.00000e+00	0.00000e+00	0.00000e+00	0.00000e+00	0.00000e+00	0.00000e+00	0.00000e+00	0.00000e+00	0.00000e+00	0.00000e+00	0.00000e+00	0.00000e+00	0.00000e+00	0.00000e+00	0.00000e+00	0.00000e+00	0.00000e+00	0.00000e+00	0.00000e+00	0.00000e+00	0.00000e+00	0.00000e+00	0.00000e+00	0.00000e+00	0.00000e+00	0.00000e+00	0.00000e+00	0.00000e+00	0.00000e+00	0.00000e+00	0.00000e+00	0.00000e+00	0.00000e+00	0.00000e+00	0.00000e+00	0.00000e+00	0.00000e+00	0.00000e+00	0.00000e+00	0.00000e+00	0.00000e+00	0.00000e+00	0.00000e+00	0.00000e+00	0.00000e+00	0.00000e+00	0.00000e+00	0.00000e+00	0.00000e+00	0.00000e+00	0.00000e+00	0.00000e+00	0.00000e+00	0.00000e+00	0.00000e+00	0.00000e+00	0.00000e+00	0.00000e+00	0.00000e+00	0.00000e+00	0.00000e+00	0.00000e+00	0.00000e+00	0.00000e+00	0.00000e+00	0.00000e+00	0.00000e+00	0.00000e+00	0.00000e+00	0.00000e+00	0.00000e+00	0.00000e+00	0.00000e+00	0.00000e+00	0.00000e+00	0.00000e+00	0.00000e+00	0.00000e+00	0.00000e+00	0.00000e+00	0.00000e+00	0.00000e+00	0.00000e+00	0.00000e+00	0.00000e+00	0.00000e+00	0.00000e+00	0.00000e+00	0.00000e+00	0.00000e+00	0.00000e+00	0.00000e+00	0.00000e+00	0.00000e+00	0.00000e+00	0.00000e+00	0.00000e+00	0.00000e+00	0.00000e+00	0.00000e+00	0.00000e+00	0.00000e+00	0.00000e+00	0.00000e+00	0.00000e+00	0.00000e+00	0.00000e+00	0.00000e+00	0.00000e+00	0.00000e+00	0.00000e+00	0.00000e+00	0.00000e+00	0.00000e+00	0.00000e+00	0.00000e+00	0.00000e+00	0.00000e+00	0.00000e+00	0.00000e+00	0.00000e+00
15.14	0.00000e+00	0.00000e+00	0.00000e+00	0.00000e+00	0.00000e+00	0.00000e+00	0.00000e+00	0.00000e+00	0.00000e+00	0.00000e+00	0.00000e+00	0.00000e+00	0.00000e+00	0.00000e+00	0.00000e+00	0.00000e+00	0.00000e+00	0.00000e+00	0.00000e+00	0.00000e+00	0.00000e+00	0.00000e+00	0.00000e+00	0.00000e+00	0.00000e+00	0.00000e+00	0.00000e+00	0.00000e+00	0.00000e+00	0.00000e+00	0.00000e+00	0.00000e+00	0.00000e+00	0.00000e+00	0.00000e+00	0.00000e+00	0.00000e+00	0.00000e+00	0.00000e+00	0.00000e+00	0.00000e+00	0.00000e+00	0.00000e+00	0.00000e+00	0.00000e+00	0.00000e+00	0.00000e+00	0.00000e+00	0.00000e+00	0.00000e+00	0.00000e+00	0.00000e+00	0.00000e+00	0.00000e+00	0.00000e+00	0.00000e+00	0.00000e+00	0.00000e+00	0.00000e+00	0.00000e+00	0.00000e+00	0.00000e+00	0.00000e+00	0.00000e+00	0.00000e+00	0.00000e+00	0.00000e+00	0.00000e+00	0.00000e+00	0.00000e+00	0.00000e+00	0.00000e+00	0.00000e+00	0.00000e+00	0.00000e+00	0.00000e+00	0.00000e+00	0.00000e+00	0.00000e+00	0.00000e+00	0.00000e+00	0.00000e+00	0.00000e+00	0.00000e+00	0.00000e+00	0.00000e+00	0.00000e+00	0.00000e+00	0.00000e+00	0.00000e+00	0.00000e+00	0.00000e+00	0.00000e+00	0.00000e+00	0.00000e+00	0.00000e+00	0.00000e+00	0.00000e+00	0.00000e+00	0.00000e+00	0.00000e+00	0.00000e+00	0.00000e+00	0.00000e+00	0.00000e+00	0.00000e+00	0.00000e+00	0.00000e+00	0.00000e+00	0.00000e+00	0.00000e+00	0.00000e+00	0.00000e+00	0.00000e+00	0.00000e+00	0.00000e+00	0.00000e+00	0.00000e+00	0.00000e+00	0.00000e+00	0.00000e+00	0.00000e+00	0.00000e+00	0.00000e+00	0.00000e+00	0.00000e+00	0.00000e+00	0.00000e+00	0.00000e+00	0.00000e+00	0.00000e+00	0.00000e+00	0.00000e+00	0.00000e+00	0.00000e+00	0.00000e+00	0.00000e+00	0.00000e+00	0.00000e+00	0.00000e+00	0.00000e+00	0.00000e+00	0.00000e+00	0.00000e+00	0.00000e+00	0.00000e+00	0.00000e+00	0.00000e+00	0.00000e+00	0.00000e+00	0.00000e+00	0.00000e+00	0.00000e+00	0.00000e+00	0.00000e+00	0.00000e+00	0.00000e+00	0.00000e+00	0.00000e+00	0.00000e+00	0.00000e+00	0.00000e+00	0.00000e+00	0.00000e+00	0.00000e+00	0.00000e+00	0.00000e+00	0.00000e+00	0.00000e+00	0.00000e+00	0.00000e+00	0.00000e+00	0.00000e+00	0.00000e+00	0.00000e+00	0.00000e+00	0.00000e+00	0.00000e+00	0.00000e+00	0.00000e+00	0.00000e+00	0.00000e+00	0.00000e+00	0.00000e+00	0.00000e+00	0.00000e+00	0.00000e+00	0.00000e+00	0.00000e+00	0.00000e+00	0.00000e+00	0.00000e+00	0.00000e+00	0.00000e+00	0.00000e+00
15.18	0.00000e+00	0.00000e+00	0.00000e+00	0.00000e+00	0.00000e+00	0.00000e+00	0.00000e+00	0.00000e+00	0.00000e+00	0.00000e+00	0.00000e+00	0.00000e+00	0.00000e+00	0.00000e+00	0.00000e+00	0.00000e+00	0.00000e+00	0.00000e+00	0.00000e+00	0.00000e+00	0.00000e+00	0.00000e+00	0.00000e+00	0.00000e+00	0.00000e+00	0.00000e+00	0.00000e+00	0.00000e+00	0.00000e+00	0.00000e+00	0.00000e+00	0.00000e+00	0.00000e+00	0.00000e+00	0.00000e+00	0.00000e+00	0.00000e+00	0.00000e+00	0.00000e+00	0.00000e+00	0.00000e+00	0.00000e+00	0.00000e+00	0.00000e+00	0.00000e+00	0.00000e+00	0.00000e+00	0.00000e+00	0.00000e+00	0.00000e+00	0.00000e+00	0.00000e+00	0.00000e+00	0.00000e+00	0.00000e+00	0.00000e+00	0.00000e+00	0.00000e+00	0.00000e+00	0.00000e+00	0.00000e+00	0.00000e+00	0.00000e+00	0.00000e+00	0.00000e+00	0.00000e+00	0.00000e+00	0.00000e+00	0.00000e+00	0.00000e+00	0.00000e+00	0.00000e+00	0.00000e+00	0.00000e+00	0.00000e+00	0.00000e+00	0.00000e+00	0.00000e+00	0.00000e+00	0.00000e+00	0.00000e+00	0.00000e+00	0.00000e+00	0.00000e+00	0.00000e+00	0.00000e+00	0.00000e+00	0.00000e+00	0.00000e+00	0.00000e+00	0.00000e+00	0.00000e+00	0.00000e+00	0.00000e+00	0.00000e+00	0.00000e+00	0.00000e+00	0.00000e+00	0.00000e+00	0.00000e+00	0.00000e+00	0.00000e+00	0.00000e+00	0.00000e+00	0.00000e+00	0.00000e+00	0.00000e+00	0.00000e+00	0.00000e+00	0.00000e+00	0.00000e+00	0.00000e+00	0.00000e+00	0.00000e+00	0.00000e+00	0.00000e+00	0.00000e+00	0.00000e+00	0.00000e+00	0.00000e+00	0.00000e+00	0.00000e+00	0.00000e+00	0.00000e+00	0.00000e+00	0.00000e+00	0.00000e+00	0.00000e+00	0.00000e+00	0.00000e+00	0.00000e+00	0.00000e+00	0.00000e+00	0.00000e+00	0.00000e+00	0.00000e+00	0.00000e+00	0.00000e+00	0.00000e+00	0.00000e+00	0.00000e+00	0.00000e+00	0.00000e+00	0.00000e+00	0.00000e+00	0.00000e+00	0.00000e+00	0.00000e+00	0.00000e+00	0.00000e+00	0.00000e+00	0.00000e+00	0.00000e+00	0.00000e+00	0.00000e+00	0.00000e+00	0.00000e+00	0.00000e+00	0.00000e+00	0.00000e+00	0.00000e+00	0.00000e+00	0.00000e+00	0.00000e+00	0.00000e+00	0.00000e+00	0.00000e+00	0.00000e+00	0.00000e+00	0.00000e+00	0.00000e+00	0.00000e+00	0.00000e+00	0.00000e+00	0.00000e+00	0.00000e+00	0.00000e+00	0.00000e+00	0.00000e+00	0.00000e+00	0.00000e+00	0.00000e+00	0.00000e+00	0.00000e+00	0.00000e+00	0.00000e+00	0.00000e+00	0.00000e+00	0.00000e+00	0.00000e+00	0.00000e+00	0.00000e+00	0.00000e+00	0.00000e+00	0.00000e+00
15.21	0.00000e+00	0.00000e+00	0.00000e+00	0.00000e+00	0.00000e+00	0.00000e+00	0.00000e+00	0.00000e+00	0.00000e+00	0.00000e+00	0.00000e+00	0.00000e+00	0.00000e+00	0.00000e+00	0.00000e+00	0.00000e+00	0.00000e+00	0.00000e+00	0.00000e+00	0.00000e+00	0.00000e+00	0.00000e+00	0.00000e+00	0.00000e+00	0.00000e+00	0.00000e+00	0.00000e+00	0.00000e+00	0.00000e+00	0.00000e+00	0.00000e+00	0.00000e+00	0.00000e+00	0.00000e+00	0.00000e+00	0.00000e+00	0.00000e+00	0.00000e+00	0.00000e+00	0.00000e+00	0.00000e+00	0.00000e+00	0.00000e+00	0.00000e+00	0.00000e+00	0.00000e+00	0.00000e+00	0.00000e+00	0.00000e+00	0.00000e+00	0.00000e+00	0.00000e+00	0.00000e+00	0.00000e+00	0.00000e+00	0.00000e+00	0.00000e+00	0.00000e+00	0.00000e+00	0.00000e+00	0.00000e+00	0.00000e+00	0.00000e+00	0.00000e+00	0.00000e+00	0.00000e+00	0.00000e+00	0.00000e+00	0.00000e+00	0.00000e+00	0.00000e+00	0.00000e+00	0.00000e+00	0.00000e+00	0.00000e+00	0.00000e+00	0.00000e+00	0.00000e+00	0.00000e+00	0.00000e+00	0.00000e+00	0.00000e+00	0.00000e+00	0.00000e+00	0.00000e+00	0.00000e+00	0.00000e+00	0.00000e+00	0.00000e+00	0.00000e+00	0.00000e+00	0.00000e+00	0.00000e+00	0.00000e+00	0.00000e+00	0.00000e+00	0.00000e+00	0.00000e+00	0.00000e+00	0.00000e+00	0.00000e+00	0.00000e+00	0.00000e+00	0.00000e+00	0.00000e+00	0.00000e+00	0.00000e+00	0.00000e+00	0.00000e+00	0.00000e+00	0.00000e+00	0.00000e+00	0.00000e+00	0.00000e+00	0.00000e+00	0.00000e+00	0.00000e+00	0.00000e+00	0.00000e+00	0.00000e+00	0.00000e+00	0.00000e+00	0.00000e+00	0.00000e+00	0.00000e+00	0.00000e+00	0.00000e+00	0.00000e+00	0.00000e+00	0.00000e+00	0.00000e+00	0.00000e+00	0.00000e+00	0.00000e+00	0.00000e+00	0.00000e+00	0.00000e+00	0.00000e+00	0.00000e+00	0.00000e+00	0.00000e+00	0.00000e+00	0.00000e+00	0.00000e+00	0.00000e+00	0.00000e+00	0.00000e+00	0.00000e+00	0.00000e+00	0.00000e+00	0.00000e+00	0.00000e+00	0.00000e+00	0.00000e+00	0.00000e+00	0.00000e+00	0.00000e+00	0.00000e+00	0.00000e+00	0.00000e+00	0.00000e+00	0.00000e+00	0.00000e+00	0.00000e+00	0.00000e+00	0.00000e+00	0.00000e+00	0.00000e+00	0.00000e+00	0.00000e+00	0.00000e+00	0.00000e+00	0.00000e+00	0.00000e+00	0.00000e+00	0.00000e+00	0.00000e+00	0.00000e+00	0.00000e+00	0.00000e+00	0.00000e+00	0.00000e+00	0.00000e+00	0.00000e+00	0.00000e+00	0.00000e+00	0.00000e+00	0.00000e+00	0.00000e+00	0.00000e+00	0.00000e+00	0.00000e+00	0.00000e+00	0.00000e+00	0.00000e+00
15.25	0.00000e+00	0.00000e+00	0.00000e+00	0.00000e+00	0.00000e+00	0.00000e+00	0.00000e+00	0.00000e+00	0.00000e+00	0.00000e+00	0.00000e+00	0.00000e+00	0.00000e+00	0.00000e+00	0.00000e+00	0.00000e+00	0.00000e+00	0.00000e+00	0.00000e+00	0.00000e+00	0.00000e+00	0.00000e+00	0.00000e+00	0.00000e+00	0.00000e+00	0.00000e+00	0.00000e+00	0.00000e+00	0.00000e+00	0.00000e+00	0.00000e+00	0.00000e+00	0.00000e+00	0.00000e+00	0.00000e+00	0.00000e+00	0.00000e+00	0.00000e+00	0.00000e+00	0.00000e+00	0.00000e+00	0.00000e+00	0.00000e+00	0.00000e+00	0.00000e+00	0.00000e+00	0.00000e+00	0.00000e+00	0.00000e+00	0.00000e+00	0.00000e+00	0.00000e+00	0.00000e+00	0.00000e+00	0.00000e+00	0.00000e+00	0.00000e+00	0.00000e+00	0.00000e+00	0.00000e+00	0.00000e+00	0.00000e+00	0.00000e+00	0.00000e+00	0.00000e+00	0.00000e+00	0.00000e+00	0.00000e+00	0.00000e+00	0.00000e+00	0.00000e+00	0.00000e+00	0.00000e+00	0.00000e+00	0.00000e+00	0.00000e+00	0.00000e+00	0.00000e+00	0.00000e+00	0.00000e+00	0.00000e+00	0.00000e+00	0.00000e+00	0.00000e+00	0.00000e+00	0.00000e+00	0.00000e+00	0.00000e+00	0.00000e+00	0.00000e+00	0.00000e+00	0.00000e+00	0.00000e+00	0.00000e+00	0.00000e+00	0.00000e+00	0.00000e+00	0.00000e+00	0.00000e+00	0.00000e+00	0.00000e+00	0.00000e+00	0.00000e+00	0.00000e+00	0.00000e+00	0.00000e+00	0.00000e+00	0.00000e+00	0.00000e+00	0.00000e+00	0.00000e+00	0.00000e+00	0.00000e+00	0.00000e+00	0.00000e+00	0.00000e+00	0.00000e+00	0.00000e+00	0.00000e+00	0.00000e+00	0.00000e+00	0.00000e+00	0.00000e+00	0.00000e+00	0.00000e+00	0.00000e+00	0.00000e+00	0.00000e+00	0.00000e+00	0.00000e+00	0.00000e+00	0.00000e+00	0.00000e+00	0.00000e+00	0.00000e+00	0.00000e+00	0.00000e+00	0.00000e+00	0.00000e+00	0.00000e+00	0.00000e+00	0.00000e+00	0.00000e+00	0.00000e+00	0.00000e+00	0.00000e+00	0.00000e+00	0.00000e+00	0.00000e+00	0.00000e+00	0.00000e+00	0.00000e+00	0.00000e+00	0.00000e+00	0.00000e+00	0.00000e+00	0.00000e+00	0.00000e+00	0.00000e+00	0.00000e+00	0.00000e+00	0.00000e+00	0.00000e+00	0.00000e+00	0.00000e+00	0.00000e+00	0.00000e+00	0.00000e+00	0.00000e+00	0.00000e+00	0.00000e+00	0.00000e+00	0.00000e+00	0.00000e+00	0.00000e+00	0.00000e+00	0.00000e+00	0.00000e+00	0.00000e+00	0.00000e+00	0.00000e+00	0.00000e+00	0.00000e+00	0.00000e+00	0.00000e+00	0.00000e+00	0.00000e+00	0.00000e+00	0.00000e+00	0.00000e+00	0.00000e+00	0.00000e+00	0.00000e+00	0.00000e+00	0.00000e+00
15.28	0.00000e+00	0.00000e+00	0.00000e+00	0.00000e+00	0.00000e+00	0.00000e+00	0.00000e+00	0.00000e+00	0.00000e+00	0.00000e+00	0.00000e+00	0.00000e+00	0.00000e+00	0.00000e+00	0.00000e+00	0.00000e+00	0.00000e+00	0.00000e+00	0.00000e+00	0.00000e+00	0.00000e+00	0.00000e+00	0.00000e+00	0.00000e+00	0.00000e+00	0.00000e+00	0.00000e+00	0.00000e+00	0.00000e+00	0.00000e+00	0.00000e+00	0.00000e+00	0.00000e+00	0.00000e+00	0.00000e+00	0.00000e+00	0.00000e+00	0.00000e+00	0.00000e+00	0.00000e+00	0.00000e+00	0.00000e+00	0.00000e+00	0.00000e+00	0.00000e+00	0.00000e+00	0.00000e+00	0.00000e+00	0.00000e+00	0.00000e+00	0.00000e+00	0.00000e+00	0.00000e+00	0.00000e+00	0.00000e+00	0.00000e+00	0.00000e+00	0.00000e+00	0.00000e+00	0.00000e+00	0.00000e+00	0.00000e+00	0.00000e+00	0.00000e+00	0.00000e+00	0.00000e+00	0.00000e+00	0.00000e+00	0.00000e+00	0.00000e+00	0.00000e+00	0.00000e+00	0.00000e+00	0.00000e+00	0.00000e+00	0.00000e+00	0.00000e+00	0.00000e+00	0.00000e+00	0.00000e+00	0.00000e+00	0.00000e+00	0.00000e+00	0.00000e+00	0.00000e+00	0.00000e+00	0.00000e+00	0.00000e+00	0.00000e+00	0.00000e+00	0.00000e+00	0.00000e+00	0.00000e+00	0.00000e+00	0.00000e+00	0.00000e+00	0.00000e+00	0.00000e+00	0.00000e+00	0.00000e+00	0.00000e+00	0.00000e+00	0.00000e+00	0.00000e+00	0.00000e+00	0.00000e+00	0.00000e+00	0.00000e+00	0.00000e+00	0.00000e+00	0.00000e+00	0.00000e+00	0.00000e+00	0.00000e+00	0.00000e+00	0.00000e+00	0.00000e+00	0.00000e+00	0.00000e+00	0.00000e+00	0.00000e+00	0.00000e+00	0.00000e+00	0.00000e+00	0.00000e+00	0.00000e+00	0.00000e+00	0.00000e+00	0.00000e+00	0.00000e+00	0.00000e+00	0.00000e+00	0.00000e+00	0.00000e+00	0.00000e+00	0.00000e+00	0.00000e+00	0.00000e+00	0.00000e+00	0.00000e+00	0.00000e+00	0.00000e+00	0.00000e+00	0.00000e+00	0.00000e+00	0.00000e+00	0.00000e+00	0.00000e+00	0.00000e+00	0.00000e+00	0.00000e+00	0.00000e+00	0.00000e+00	0.00000e+00	0.00000e+00	0.00000e+00	0.00000e+00	0.00000e+00	0.00000e+00	0.00000e+00	0.00000e+00	0.00000e+00	0.00000e+00	0.00000e+00	0.00000e+00	0.00000e+00	0.00000e+00	0.00000e+00	0.00000e+00	0.00000e+00	0.00000e+00	0.00000e+00	0.00000e+00	0.00000e+00	0.00000e+00	0.00000e+00	0.00000e+00	0.00000e+00	0.00000e+00	0.00000e+00	0.00000e+00	0.00000e+00	0.00000e+00	0.00000e+00	0.00000e+00	0.00000e+00	0.00000e+00	0.00000e+00	0.00000e+00	0.00000e+00	0.00000e+00	0.00000e+00	0.00000e+00	0.00000e+00	0.00000e+00
15.31	0.00000e+00	0.00000e+00	0.00000e+00	0.00000e+00	0.00000e+00	0.00000e+00	0.00000e+00	0.00000e+00	0.00000e+00	0.00000e+00	0.00000e+00	0.00000e+00	0.00000e+00	0.00000e+00	0.00000e+00	0.00000e+00	0.00000e+00	0.00000e+00	0.00000e+00	0.00000e+00	0.00000e+00	0.00000e+00	0.00000e+00	0.00000e+00	0.00000e+00	0.00000e+00	0.00000e+00	0.00000e+00	0.00000e+00	0.00000e+00	0.00000e+00	0.00000e+00	0.00000e+00	0.00000e+00	0.00000e+00	0.00000e+00	0.00000e+00	0.00000e+00	0.00000e+00	0.00000e+00	0.00000e+00	0.00000e+00	0.00000e+00	0.00000e+00	0.00000e+00	0.00000e+00	0.00000e+00	0.00000e+00	0.00000e+00	0.00000e+00	0.00000e+00	0.00000e+00	0.00000e+00	0.00000e+00	0.00000e+00	0.00000e+00	0.00000e+00	0.00000e+00	0.00000e+00	0.00000e+00	0.00000e+00	0.00000e+00	0.00000e+00	0.00000e+00	0.00000e+00	0.00000e+00	0.00000e+00	0.00000e+00	0.00000e+00	0.00000e+00	0.00000e+00	0.00000e+00	0.00000e+00	0.00000e+00	0.00000e+00	0.00000e+00	0.00000e+00	0.00000e+00	0.00000e+00	0.00000e+00	0.00000e+00	0.00000e+00	0.00000e+00	0.00000e+00	0.00000e+00	0.00000e+00	0.00000e+00	0.00000e+00	0.00000e+00	0.00000e+00	0.00000e+00	0.00000e+00	0.00000e+00	0.00000e+00	0.00000e+00	0.00000e+00	0.00000e+00	0.00000e+00	0.00000e+00	0.00000e+00	0.00000e+00	0.00000e+00	0.00000e+00	0.00000e+00	0.00000e+00	0.00000e+00	0.00000e+00	0.00000e+00	0.00000e+00	0.00000e+00	0.00000e+00	0.00000e+00	0.00000e+00	0.00000e+00	0.00000e+00	0.00000e+00	0.00000e+00	0.00000e+00	0.00000e+00	0.00000e+00	0.00000e+00	0.00000e+00	0.00000e+00	0.00000e+00	0.00000e+00	0.00000e+00	0.00000e+00	0.00000e+00	0.00000e+00	0.00000e+00	0.00000e+00	0.00000e+00	0.00000e+00	0.00000e+00	0.00000e+00	0.00000e+00	0.00000e+00	0.00000e+00	0.00000e+00	0.00000e+00	0.00000e+00	0.00000e+00	0.00000e+00	0.00000e+00	0.00000e+00	0.00000e+00	0.00000e+00	0.00000e+00	0.00000e+00	0.00000e+00	0.00000e+00	0.00000e+00	0.00000e+00	0.00000e+00	0.00000e+00	0.00000e+00	0.00000e+00	0.00000e+00	0.00000e+00	0.00000e+00	0.00000e+00	0.00000e+00	0.00000e+00	0.00000e+00	0.00000e+00	0.00000e+00	0.00000e+00	0.00000e+00	0.00000e+00	0.00000e+00	0.00000e+00	0.00000e+00	0.00000e+00	0.00000e+00	0.00000e+00	0.00000e+00	0.00000e+00	0.00000e+00	0.00000e+00	0.00000e+00	0.00000e+00	0.00000e+00	0.00000e+00	0.00000e+00	0.00000e+00	0.00000e+00	0.00000e+00	0.00000e+00	0.00000e+00	0.00000e+00	0.00000e+00	0.00000e+00	0.00000e+00	0.00000e+00	0.00000e+00
15.35	0.00000e+00	0.00000e+00	0.00000e+00	0.00000e+00	0.00000e+00	0.00000e+00	0.00000e+00	0.00000e+00	0.00000e+00	0.00000e+00	0.00000e+00	0.00000e+00	0.00000e+00	0.00000e+00	0.00000e+00	0.00000e+00	0.00000e+00	0.00000e+00	0.00000e+00	0.00000e+00	0.00000e+00	0.00000e+00	0.00000e+00	0.00000e+00	0.00000e+00	0.00000e+00	0.00000e+00	0.00000e+00	0.00000e+00	0.00000e+00	0.00000e+00	0.00000e+00	0.00000e+00	0.00000e+00	0.00000e+00	0.00000e+00	0.00000e+00	0.00000e+00	0.00000e+00	0.00000e+00	0.00000e+00	0.00000e+00	0.00000e+00	0.00000e+00	0.00000e+00	0.00000e+00	0.00000e+00	0.00000e+00	0.00000e+00	0.00000e+00	0.00000e+00	0.00000e+00	0.00000e+00	0.00000e+00	0.00000e+00	0.00000e+00	0.00000e+00	0.00000e+00	0.00000e+00	0.00000e+00	0.00000e+00	0.00000e+00	0.00000e+00	0.00000e+00	0.00000e+00	0.00000e+00	0.00000e+00	0.00000e+00	0.00000e+00	0.00000e+00	0.00000e+00	0.00000e+00	0.00000e+00	0.00000e+00	0.00000e+00	0.00000e+00	0.00000e+00	0.00000e+00	0.00000e+00	0.00000e+00	0.00000e+00	0.00000e+00	0.00000e+00	0.00000e+00	0.00000e+00	0.00000e+00	0.00000e+00	0.00000e+00	0.00000e+00	0.00000e+00	0.00000e+00	0.00000e+00	0.00000e+00	0.00000e+00	0.00000e+00	0.00000e+00	0.00000e+00	0.00000e+00	0.00000e+00	0.00000e+00	0.00000e+00	0.00000e+00	0.00000e+00	0.00000e+00	0.00000e+00	0.00000e+00	0.00000e+00	0.00000e+00	0.00000e+00	0.00000e+00	0.00000e+00	0.00000e+00	0.00000e+00	0.00000e+00	0.00000e+00	0.00000e+00	0.00000e+00	0.00000e+00	0.00000e+00	0.00000e+00	0.00000e+00	0.00000e+00	0.00000e+00	0.00000e+00	0.00000e+00	0.00000e+00	0.00000e+00	0.00000e+00	0.00000e+00	0.00000e+00	0.00000e+00	0.00000e+00	0.00000e+00	0.00000e+00	0.00000e+00	0.00000e+00	0.00000e+00	0.00000e+00	0.00000e+00	0.00000e+00	0.00000e+00	0.00000e+00	0.00000e+00	0.00000e+00	0.00000e+00	0.00000e+00	0.00000e+00	0.00000e+00	0.00000e+00	0.00000e+00	0.00000e+00	0.00000e+00	0.00000e+00	0.00000e+00	0.00000e+00	0.00000e+00	0.00000e+00	0.00000e+00	0.00000e+00	0.00000e+00	0.00000e+00	0.00000e+00	0.00000e+00	0.00000e+00	0.00000e+00	0.00000e+00	0.00000e+00	0.00000e+00	0.00000e+00	0.00000e+00	0.00000e+00	0.00000e+00	0.00000e+00	0.00000e+00	0.00000e+00	0.00000e+00	0.00000e+00	0.00000e+00	0.00000e+00	0.00000e+00	0.00000e+00	0.00000e+00	0.00000e+00	0.00000e+00	0.00000e+00	0.00000e+00	0.00000e+00	0.00000e+00	0.00000e+00	0.00000e+00	0.00000e+00	0.00000e+00	0.00000e+00	0.00000e+00	0.00000e+00
15.38	0.00000e+00	0.00000e+00	0.00000e+00	0.00000e+00	0.00000e+00	0.00000e+00	0.00000e+00	0.00000e+00	0.00000e+00	0.00000e+00	0.00000e+00	0.00000e+00	0.00000e+00	0.00000e+00	0.00000e+00	0.00000e+00	0.00000e+00	0.00000e+00	0.00000e+00	0.00000e+00	0.00000e+00	0.00000e+00	0.00000e+00	0.00000e+00	0.00000e+00	0.00000e+00	0.00000e+00	0.00000e+00	0.00000e+00	0.00000e+00	0.00000e+00	0.00000e+00	0.00000e+00	0.00000e+00	0.00000e+00	0.00000e+00	0.00000e+00	0.00000e+00	0.00000e+00	0.00000e+00	0.00000e+00	0.00000e+00	0.00000e+00	0.00000e+00	0.00000e+00	0.00000e+00	0.00000e+00	0.00000e+00	0.00000e+00	0.00000e+00	0.00000e+00	0.00000e+00	0.00000e+00	0.00000e+00	0.00000e+00	0.00000e+00	0.00000e+00	0.00000e+00	0.00000e+00	0.00000e+00	0.00000e+00	0.00000e+00	0.00000e+00	0.00000e+00	0.00000e+00	0.00000e+00	0.00000e+00	0.00000e+00	0.00000e+00	0.00000e+00	0.00000e+00	0.00000e+00	0.00000e+00	0.00000e+00	0.00000e+00	0.00000e+00	0.00000e+00	0.00000e+00	0.00000e+00	0.00000e+00	0.00000e+00	0.00000e+00	0.00000e+00	0.00000e+00	0.00000e+00	0.00000e+00	0.00000e+00	0.00000e+00	0.00000e+00	0.00000e+00	0.00000e+00	0.00000e+00	0.00000e+00	0.00000e+00	0.00000e+00	0.00000e+00	0.00000e+00	0.00000e+00	0.00000e+00	0.00000e+00	0.00000e+00	0.00000e+00	0.00000e+00	0.00000e+00	0.00000e+00	0.00000e+00	0.00000e+00	0.00000e+00	0.00000e+00	0.00000e+00	0.00000e+00	0.00000e+00	0.00000e+00	0.00000e+00	0.00000e+00	0.00000e+00	0.00000e+00	0.00000e+00	0.00000e+00	0.00000e+00	0.00000e+00	0.00000e+00	0.00000e+00	0.00000e+00	0.00000e+00	0.00000e+00	0.00000e+00	0.00000e+00	0.00000e+00	0.00000e+00	0.00000e+00	0.00000e+00	0.00000e+00	0.00000e+00	0.00000e+00	0.00000e+00	0.00000e+00	0.00000e+00	0.00000e+00	0.00000e+00	0.00000e+00	0.00000e+00	0.00000e+00	0.00000e+00	0.00000e+00	0.00000e+00	0.00000e+00	0.00000e+00	0.00000e+00	0.00000e+00	0.00000e+00	0.00000e+00	0.00000e+00	0.00000e+00	0.00000e+00	0.00000e+00	0.00000e+00	0.00000e+00	0.00000e+00	0.00000e+00	0.00000e+00	0.00000e+00	0.00000e+00	0.00000e+00	0.00000e+00	0.00000e+00	0.00000e+00	0.00000e+00	0.00000e+00	0.00000e+00	0.00000e+00	0.00000e+00	0.00000e+00	0.00000e+00	0.00000e+00	0.00000e+00	0.00000e+00	0.00000e+00	0.00000e+00	0.00000e+00	0.00000e+00	0.00000e+00	0.00000e+00	0.00000e+00	0.00000e+00	0.00000e+00	0.00000e+00	0.00000e+00	0.00000e+00	0.00000e+00	0.00000e+00	0.00000e+00	0.00000e+00	0.00000e+00	0.00000e+00
15.42	0.00000e+00	0.00000e+00	0.00000e+00	0.00000e+00	0.00000e+00	0.00000e+00	0.00000e+00	0.00000e+00	0.00000e+00	0.00000e+00	0.00000e+00	0.00000e+00	0.00000e+00	0.00000e+00	0.00000e+00	0.00000e+00	0.00000e+00	0.00000e+00	0.00000e+00	0.00000e+00	0.00000e+00	0.00000e+00	0.00000e+00	0.00000e+00	0.00000e+00	0.00000e+00	0.00000e+00	0.00000e+00	0.00000e+00	0.00000e+00	0.00000e+00	0.00000e+00	0.00000e+00	0.00000e+00	0.00000e+00	0.00000e+00	0.00000e+00	0.00000e+00	0.00000e+00	0.00000e+00	0.00000e+00	0.00000e+00	0.00000e+00	0.00000e+00	0.00000e+00	0.00000e+00	0.00000e+00	0.00000e+00	0.00000e+00	0.00000e+00	0.00000e+00	0.00000e+00	0.00000e+00	0.00000e+00	0.00000e+00	0.00000e+00	0.00000e+00	0.00000e+00	0.00000e+00	0.00000e+00	0.00000e+00	0.00000e+00	0.00000e+00	0.00000e+00	0.00000e+00	0.00000e+00	0.00000e+00	0.00000e+00	0.00000e+00	0.00000e+00	0.00000e+00	0.00000e+00	0.00000e+00	0.00000e+00	0.00000e+00	0.00000e+00	0.00000e+00	0.00000e+00	0.00000e+00	0.00000e+00	0.00000e+00	0.00000e+00	0.00000e+00	0.00000e+00	0.00000e+00	0.00000e+00	0.00000e+00	0.00000e+00	0.00000e+00	0.00000e+00	0.00000e+00	0.00000e+00	0.00000e+00	0.00000e+00	0.00000e+00	0.00000e+00	0.00000e+00	0.00000e+00	0.00000e+00	0.00000e+00	0.00000e+00	0.00000e+00	0.00000e+00	0.00000e+00	0.00000e+00	0.00000e+00	0.00000e+00	0.00000e+00	0.00000e+00	0.00000e+00	0.00000e+00	0.00000e+00	0.00000e+00	0.00000e+00	0.00000e+00	0.00000e+00	0.00000e+00	0.00000e+00	0.00000e+00	0.00000e+00	0.00000e+00	0.00000e+00	0.00000e+00	0.00000e+00	0.00000e+00	0.00000e+00	0.00000e+00	0.00000e+00	0.00000e+00	0.00000e+00	0.00000e+00	0.00000e+00	0.00000e+00	0.00000e+00	0.00000e+00	0.00000e+00	0.00000e+00	0.00000e+00	0.00000e+00	0.00000e+00	0.00000e+00	0.00000e+00	0.00000e+00	0.00000e+00	0.00000e+00	0.00000e+00	0.00000e+00	0.00000e+00	0.00000e+00	0.00000e+00	0.00000e+00	0.00000e+00	0.00000e+00	0.00000e+00	0.00000e+00	0.00000e+00	0.00000e+00	0.00000e+00	0.00000e+00	0.00000e+00	0.00000e+00	0.00000e+00	0.00000e+00	0.00000e+00	0.00000e+00	0.00000e+00	0.00000e+00	0.00000e+00	0.00000e+00	0.00000e+00	0.00000e+00	0.00000e+00	0.00000e+00	0.00000e+00	0.00000e+00	0.00000e+00	0.00000e+00	0.00000e+00	0.00000e+00	0.00000e+00	0.00000e+00	0.00000e+00	0.00000e+00	0.00000e+00	0.00000e+00	0.00000e+00	0.00000e+00	0.00000e+00	0.00000e+00	0.00000e+00	0.00000e+00	0.00000e+00	0.00000e+00	0.00000e+00	0.00000e+00
15.45	0.00000e+00	0.00000e+00	0.00000e+00	0.00000e+00	0.00000e+00	0.00000e+00	0.00000e+00	0.00000e+00	0.00000e+00	0.00000e+00	0.00000e+00	0.00000e+00	0.00000e+00	0.00000e+00	0.00000e+00	0.00000e+00	0.00000e+00	0.00000e+00	0.00000e+00	0.00000e+00	0.00000e+00	0.00000e+00	0.00000e+00	0.00000e+00	0.00000e+00	0.00000e+00	0.00000e+00	0.00000e+00	0.00000e+00	0.00000e+00	0.00000e+00	0.00000e+00	0.00000e+00	0.00000e+00	0.00000e+00	0.00000e+00	0.00000e+00	0.00000e+00	0.00000e+00	0.00000e+00	0.00000e+00	0.00000e+00	0.00000e+00	0.00000e+00	0.00000e+00	0.00000e+00	0.00000e+00	0.00000e+00	0.00000e+00	0.00000e+00	0.00000e+00	0.00000e+00	0.00000e+00	0.00000e+00	0.00000e+00	0.00000e+00	0.00000e+00	0.00000e+00	0.00000e+00	0.00000e+00	0.00000e+00	0.00000e+00	0.00000e+00	0.00000e+00	0.00000e+00	0.00000e+00	0.00000e+00	0.00000e+00	0.00000e+00	0.00000e+00	0.00000e+00	0.00000e+00	0.00000e+00	0.00000e+00	0.00000e+00	0.00000e+00	0.00000e+00	0.00000e+00	0.00000e+00	0.00000e+00	0.00000e+00	0.00000e+00	0.00000e+00	0.00000e+00	0.00000e+00	0.00000e+00	0.00000e+00	0.00000e+00	0.00000e+00	0.00000e+00	0.00000e+00	0.00000e+00	0.00000e+00	0.00000e+00	0.00000e+00	0.00000e+00	0.00000e+00	0.00000e+00	0.00000e+00	0.00000e+00	0.00000e+00	0.00000e+00	0.00000e+00	0.00000e+00	0.00000e+00	0.00000e+00	0.00000e+00	0.00000e+00	0.00000e+00	0.00000e+00	0.00000e+00	0.00000e+00	0.00000e+00	0.00000e+00	0.00000e+00	0.00000e+00	0.00000e+00	0.00000e+00	0.00000e+00	0.00000e+00	0.00000e+00	0.00000e+00	0.00000e+00	0.00000e+00	0.00000e+00	0.00000e+00	0.00000e+00	0.00000e+00	0.00000e+00	0.00000e+00	0.00000e+00	0.00000e+00	0.00000e+00	0.00000e+00	0.00000e+00	0.00000e+00	0.00000e+00	0.00000e+00	0.00000e+00	0.00000e+00	0.00000e+00	0.00000e+00	0.00000e+00	0.00000e+00	0.00000e+00	0.00000e+00	0.00000e+00	0.00000e+00	0.00000e+00	0.00000e+00	0.00000e+00	0.00000e+00	0.00000e+00	0.00000e+00	0.00000e+00	0.00000e+00	0.00000e+00	0.00000e+00	0.00000e+00	0.00000e+00	0.00000e+00	0.00000e+00	0.00000e+00	0.00000e+00	0.00000e+00	0.00000e+00	0.00000e+00	0.00000e+00	0.00000e+00	0.00000e+00	0.00000e+00	0.00000e+00	0.00000e+00	0.00000e+00	0.00000e+00	0.00000e+00	0.00000e+00	0.00000e+00	0.00000e+00	0.00000e+00	0.00000e+00	0.00000e+00	0.00000e+00	0.00000e+00	0.00000e+00	0.00000e+00	0.00000e+00	0.00000e+00	0.00000e+00	0.00000e+00	0.00000e+00	0.00000e+00	0.00000e+00	0.00000e+00	0.00000e+00
15.48	0.00000e+00	0.00000e+00	0.00000e+00	0.00000e+00	0.00000e+00	0.00000e+00	0.00000e+00	0.00000e+00	0.00000e+00	0.00000e+00	0.00000e+00	0.00000e+00	0.00000e+00	0.00000e+00	0.00000e+00	0.00000e+00	0.00000e+00	0.00000e+00	0.00000e+00	0.00000e+00	0.00000e+00	0.00000e+00	0.00000e+00	0.00000e+00	0.00000e+00	0.00000e+00	0.00000e+00	0.00000e+00	0.00000e+00	0.00000e+00	0.00000e+00	0.00000e+00	0.00000e+00	0.00000e+00	0.00000e+00	0.00000e+00	0.00000e+00	0.00000e+00	0.00000e+00	0.00000e+00	0.00000e+00	0.00000e+00	0.00000e+00	0.00000e+00	0.00000e+00	0.00000e+00	0.00000e+00	0.00000e+00	0.00000e+00	0.00000e+00	0.00000e+00	0.00000e+00	0.00000e+00	0.00000e+00	0.00000e+00	0.00000e+00	0.00000e+00	0.00000e+00	0.00000e+00	0.00000e+00	0.00000e+00	0.00000e+00	0.00000e+00	0.00000e+00	0.00000e+00	0.00000e+00	0.00000e+00	0.00000e+00	0.00000e+00	0.00000e+00	0.00000e+00	0.00000e+00	0.00000e+00	0.00000e+00	0.00000e+00	0.00000e+00	0.00000e+00	0.00000e+00	0.00000e+00	0.00000e+00	0.00000e+00	0.00000e+00	0.00000e+00	0.00000e+00	0.00000e+00	0.00000e+00	0.00000e+00	0.00000e+00	0.00000e+00	0.00000e+00	0.00000e+00	0.00000e+00	0.00000e+00	0.00000e+00	0.00000e+00	0.00000e+00	0.00000e+00	0.00000e+00	0.00000e+00	0.00000e+00	0.00000e+00	0.00000e+00	0.00000e+00	0.00000e+00	0.00000e+00	0.00000e+00	0.00000e+00	0.00000e+00	0.00000e+00	0.00000e+00	0.00000e+00	0.00000e+00	0.00000e+00	0.00000e+00	0.00000e+00	0.00000e+00	0.00000e+00	0.00000e+00	0.00000e+00	0.00000e+00	0.00000e+00	0.00000e+00	0.00000e+00	0.00000e+00	0.00000e+00	0.00000e+00	0.00000e+00	0.00000e+00	0.00000e+00	0.00000e+00	0.00000e+00	0.00000e+00	0.00000e+00	0.00000e+00	0.00000e+00	0.00000e+00	0.00000e+00	0.00000e+00	0.00000e+00	0.00000e+00	0.00000e+00	0.00000e+00	0.00000e+00	0.00000e+00	0.00000e+00	0.00000e+00	0.00000e+00	0.00000e+00	0.00000e+00	0.00000e+00	0.00000e+00	0.00000e+00	0.00000e+00	0.00000e+00	0.00000e+00	0.00000e+00	0.00000e+00	0.00000e+00	0.00000e+00	0.00000e+00	0.00000e+00	0.00000e+00	0.00000e+00	0.00000e+00	0.00000e+00	0.00000e+00	0.00000e+00	0.00000e+00	0.00000e+00	0.00000e+00	0.00000e+00	0.00000e+00	0.00000e+00	0.00000e+00	0.00000e+00	0.00000e+00	0.00000e+00	0.00000e+00	0.00000e+00	0.00000e+00	0.00000e+00	0.00000e+00	0.00000e+00	0.00000e+00	0.00000e+00	0.00000e+00	0.00000e+00	0.00000e+00	0.00000e+00	0.00000e+00	0.00000e+00	0.00000e+00	0.00000e+00	0.00000e+00	0.00000e+00
15.52	0.00000e+00	0.00000e+00	0.00000e+00	0.00000e+00	0.00000e+00	0.00000e+00	0.00000e+00	0.00000e+00	0.00000e+00	0.00000e+00	0.00000e+00	0.00000e+00	0.00000e+00	0.00000e+00	0.00000e+00	0.00000e+00	0.00000e+00	0.00000e+00	0.00000e+00	0.00000e+00	0.00000e+00	0.00000e+00	0.00000e+00	0.00000e+00	0.00000e+00	0.00000e+00	0.00000e+00	0.00000e+00	0.00000e+00	0.00000e+00	0.00000e+00	0.00000e+00	0.00000e+00	0.00000e+00	0.00000e+00	0.00000e+00	0.00000e+00	0.00000e+00	0.00000e+00	0.00000e+00	0.00000e+00	0.00000e+00	0.00000e+00	0.00000e+00	0.00000e+00	0.00000e+00	0.00000e+00	0.00000e+00	0.00000e+00	0.00000e+00	0.00000e+00	0.00000e+00	0.00000e+00	0.00000e+00	0.00000e+00	0.00000e+00	0.00000e+00	0.00000e+00	0.00000e+00	0.00000e+00	0.00000e+00	0.00000e+00	0.00000e+00	0.00000e+00	0.00000e+00	0.00000e+00	0.00000e+00	0.00000e+00	0.00000e+00	0.00000e+00	0.00000e+00	0.00000e+00	0.00000e+00	0.00000e+00	0.00000e+00	0.00000e+00	0.00000e+00	0.00000e+00	0.00000e+00	0.00000e+00	0.00000e+00	0.00000e+00	0.00000e+00	0.00000e+00	0.00000e+00	0.00000e+00	0.00000e+00	0.00000e+00	0.00000e+00	0.00000e+00	0.00000e+00	0.00000e+00	0.00000e+00	0.00000e+00	0.00000e+00	0.00000e+00	0.00000e+00	0.00000e+00	0.00000e+00	0.00000e+00	0.00000e+00	0.00000e+00	0.00000e+00	0.00000e+00	0.00000e+00	0.00000e+00	0.00000e+00	0.00000e+00	0.00000e+00	0.00000e+00	0.00000e+00	0.00000e+00	0.00000e+00	0.00000e+00	0.00000e+00	0.00000e+00	0.00000e+00	0.00000e+00	0.00000e+00	0.00000e+00	0.00000e+00	0.00000e+00	0.00000e+00	0.00000e+00	0.00000e+00	0.00000e+00	0.00000e+00	0.00000e+00	0.00000e+00	0.00000e+00	0.00000e+00	0.00000e+00	0.00000e+00	0.00000e+00	0.00000e+00	0.00000e+00	0.00000e+00	0.00000e+00	0.00000e+00	0.00000e+00	0.00000e+00	0.00000e+00	0.00000e+00	0.00000e+00	0.00000e+00	0.00000e+00	0.00000e+00	0.00000e+00	0.00000e+00	0.00000e+00	0.00000e+00	0.00000e+00	0.00000e+00	0.00000e+00	0.00000e+00	0.00000e+00	0.00000e+00	0.00000e+00	0.00000e+00	0.00000e+00	0.00000e+00	0.00000e+00	0.00000e+00	0.00000e+00	0.00000e+00	0.00000e+00	0.00000e+00	0.00000e+00	0.00000e+00	0.00000e+00	0.00000e+00	0.00000e+00	0.00000e+00	0.00000e+00	0.00000e+00	0.00000e+00	0.00000e+00	0.00000e+00	0.00000e+00	0.00000e+00	0.00000e+00	0.00000e+00	0.00000e+00	0.00000e+00	0.00000e+00	0.00000e+00	0.00000e+00	0.00000e+00	0.00000e+00	0.00000e+00	0.00000e+00	0.00000e+00	0.00000e+00	0.00000e+00	0.00000e+00
15.55	0.00000e+00	0.00000e+00	0.00000e+00	0.00000e+00	0.00000e+00	0.00000e+00	0.00000e+00	0.00000e+00	0.00000e+00	0.00000e+00	0.00000e+00	0.00000e+00	0.00000e+00	0.00000e+00	0.00000e+00	0.00000e+00	0.00000e+00	0.00000e+00	0.00000e+00	0.00000e+00	0.00000e+00	0.00000e+00	0.00000e+00	0.00000e+00	0.00000e+00	0.00000e+00	0.00000e+00	0.00000e+00	0.00000e+00	0.00000e+00	0.00000e+00	0.00000e+00	0.00000e+00	0.00000e+00	0.00000e+00	0.00000e+00	0.00000e+00	0.00000e+00	0.00000e+00	0.00000e+00	0.00000e+00	0.00000e+00	0.00000e+00	0.00000e+00	0.00000e+00	0.00000e+00	0.00000e+00	0.00000e+00	0.00000e+00	0.00000e+00	0.00000e+00	0.00000e+00	0.00000e+00	0.00000e+00	0.00000e+00	0.00000e+00	0.00000e+00	0.00000e+00	0.00000e+00	0.00000e+00	0.00000e+00	0.00000e+00	0.00000e+00	0.00000e+00	0.00000e+00	0.00000e+00	0.00000e+00	0.00000e+00	0.00000e+00	0.00000e+00	0.00000e+00	0.00000e+00	0.00000e+00	0.00000e+00	0.00000e+00	0.00000e+00	0.00000e+00	0.00000e+00	0.00000e+00	0.00000e+00	0.00000e+00	0.00000e+00	0.00000e+00	0.00000e+00	0.00000e+00	0.00000e+00	0.00000e+00	0.00000e+00	0.00000e+00	0.00000e+00	0.00000e+00	0.00000e+00	0.00000e+00	0.00000e+00	0.00000e+00	0.00000e+00	0.00000e+00	0.00000e+00	0.00000e+00	0.00000e+00	0.00000e+00	0.00000e+00	0.00000e+00	0.00000e+00	0.00000e+00	0.00000e+00	0.00000e+00	0.00000e+00	0.00000e+00	0.00000e+00	0.00000e+00	0.00000e+00	0.00000e+00	0.00000e+00	0.00000e+00	0.00000e+00	0.00000e+00	0.00000e+00	0.00000e+00	0.00000e+00	0.00000e+00	0.00000e+00	0.00000e+00	0.00000e+00	0.00000e+00	0.00000e+00	0.00000e+00	0.00000e+00	0.00000e+00	0.00000e+00	0.00000e+00	0.00000e+00	0.00000e+00	0.00000e+00	0.00000e+00	0.00000e+00	0.00000e+00	0.00000e+00	0.00000e+00	0.00000e+00	0.00000e+00	0.00000e+00	0.00000e+00	0.00000e+00	0.00000e+00	0.00000e+00	0.00000e+00	0.00000e+00	0.00000e+00	0.00000e+00	0.00000e+00	0.00000e+00	0.00000e+00	0.00000e+00	0.00000e+00	0.00000e+00	0.00000e+00	0.00000e+00	0.00000e+00	0.00000e+00	0.00000e+00	0.00000e+00	0.00000e+00	0.00000e+00	0.00000e+00	0.00000e+00	0.00000e+00	0.00000e+00	0.00000e+00	0.00000e+00	0.00000e+00	0.00000e+00	0.00000e+00	0.00000e+00	0.00000e+00	0.00000e+00	0.00000e+00	0.00000e+00	0.00000e+00	0.00000e+00	0.00000e+00	0.00000e+00	0.00000e+00	0.00000e+00	0.00000e+00	0.00000e+00	0.00000e+00	0.00000e+00	0.00000e+00	0.00000e+00	0.00000e+00	0.00000e+00	0.00000e+00	0.00000e+00	0.00000e+00
15.59	0.00000e+00	0.00000e+00	0.00000e+00	0.00000e+00	0.00000e+00	0.00000e+00	0.00000e+00	0.00000e+00	0.00000e+00	0.00000e+00	0.00000e+00	0.00000e+00	0.00000e+00	0.00000e+00	0.00000e+00	0.00000e+00	0.00000e+00	0.00000e+00	0.00000e+00	0.00000e+00	0.00000e+00	0.00000e+00	0.00000e+00	0.00000e+00	0.00000e+00	0.00000e+00	0.00000e+00	0.00000e+00	0.00000e+00	0.00000e+00	0.00000e+00	0.00000e+00	0.00000e+00	0.00000e+00	0.00000e+00	0.00000e+00	0.00000e+00	0.00000e+00	0.00000e+00	0.00000e+00	0.00000e+00	0.00000e+00	0.00000e+00	0.00000e+00	0.00000e+00	0.00000e+00	0.00000e+00	0.00000e+00	0.00000e+00	0.00000e+00	0.00000e+00	0.00000e+00	0.00000e+00	0.00000e+00	0.00000e+00	0.00000e+00	0.00000e+00	0.00000e+00	0.00000e+00	0.00000e+00	0.00000e+00	0.00000e+00	0.00000e+00	0.00000e+00	0.00000e+00	0.00000e+00	0.00000e+00	0.00000e+00	0.00000e+00	0.00000e+00	0.00000e+00	0.00000e+00	0.00000e+00	0.00000e+00	0.00000e+00	0.00000e+00	0.00000e+00	0.00000e+00	0.00000e+00	0.00000e+00	0.00000e+00	0.00000e+00	0.00000e+00	0.00000e+00	0.00000e+00	0.00000e+00	0.00000e+00	0.00000e+00	0.00000e+00	0.00000e+00	0.00000e+00	0.00000e+00	0.00000e+00	0.00000e+00	0.00000e+00	0.00000e+00	0.00000e+00	0.00000e+00	0.00000e+00	0.00000e+00	0.00000e+00	0.00000e+00	0.00000e+00	0.00000e+00	0.00000e+00	0.00000e+00	0.00000e+00	0.00000e+00	0.00000e+00	0.00000e+00	0.00000e+00	0.00000e+00	0.00000e+00	0.00000e+00	0.00000e+00	0.00000e+00	0.00000e+00	0.00000e+00	0.00000e+00	0.00000e+00	0.00000e+00	0.00000e+00	0.00000e+00	0.00000e+00	0.00000e+00	0.00000e+00	0.00000e+00	0.00000e+00	0.00000e+00	0.00000e+00	0.00000e+00	0.00000e+00	0.00000e+00	0.00000e+00	0.00000e+00	0.00000e+00	0.00000e+00	0.00000e+00	0.00000e+00	0.00000e+00	0.00000e+00	0.00000e+00	0.00000e+00	0.00000e+00	0.00000e+00	0.00000e+00	0.00000e+00	0.00000e+00	0.00000e+00	0.00000e+00	0.00000e+00	0.00000e+00	0.00000e+00	0.00000e+00	0.00000e+00	0.00000e+00	0.00000e+00	0.00000e+00	0.00000e+00	0.00000e+00	0.00000e+00	0.00000e+00	0.00000e+00	0.00000e+00	0.00000e+00	0.00000e+00	0.00000e+00	0.00000e+00	0.00000e+00	0.00000e+00	0.00000e+00	0.00000e+00	0.00000e+00	0.00000e+00	0.00000e+00	0.00000e+00	0.00000e+00	0.00000e+00	0.00000e+00	0.00000e+00	0.00000e+00	0.00000e+00	0.00000e+00	0.00000e+00	0.00000e+00	0.00000e+00	0.00000e+00	0.00000e+00	0.00000e+00	0.00000e+00	0.00000e+00	0.00000e+00	0.00000e+00	0.00000e+00	0.00000e+00
15.62	0.00000e+00	0.00000e+00	0.00000e+00	0.00000e+00	0.00000e+00	0.00000e+00	0.00000e+00	0.00000e+00	0.00000e+00	0.00000e+00	0.00000e+00	0.00000e+00	0.00000e+00	0.00000e+00	0.00000e+00	0.00000e+00	0.00000e+00	0.00000e+00	0.00000e+00	0.00000e+00	0.00000e+00	0.00000e+00	0.00000e+00	0.00000e+00	0.00000e+00	0.00000e+00	0.00000e+00	0.00000e+00	0.00000e+00	0.00000e+00	0.00000e+00	0.00000e+00	0.00000e+00	0.00000e+00	0.00000e+00	0.00000e+00	0.00000e+00	0.00000e+00	0.00000e+00	0.00000e+00	0.00000e+00	0.00000e+00	0.00000e+00	0.00000e+00	0.00000e+00	0.00000e+00	0.00000e+00	0.00000e+00	0.00000e+00	0.00000e+00	0.00000e+00	0.00000e+00	0.00000e+00	0.00000e+00	0.00000e+00	0.00000e+00	0.00000e+00	0.00000e+00	0.00000e+00	0.00000e+00	0.00000e+00	0.00000e+00	0.00000e+00	0.00000e+00	0.00000e+00	0.00000e+00	0.00000e+00	0.00000e+00	0.00000e+00	0.00000e+00	0.00000e+00	0.00000e+00	0.00000e+00	0.00000e+00	0.00000e+00	0.00000e+00	0.00000e+00	0.00000e+00	0.00000e+00	0.00000e+00	0.00000e+00	0.00000e+00	0.00000e+00	0.00000e+00	0.00000e+00	0.00000e+00	0.00000e+00	0.00000e+00	0.00000e+00	0.00000e+00	0.00000e+00	0.00000e+00	0.00000e+00	0.00000e+00	0.00000e+00	0.00000e+00	0.00000e+00	0.00000e+00	0.00000e+00	0.00000e+00	0.00000e+00	0.00000e+00	0.00000e+00	0.00000e+00	0.00000e+00	0.00000e+00	0.00000e+00	0.00000e+00	0.00000e+00	0.00000e+00	0.00000e+00	0.00000e+00	0.00000e+00	0.00000e+00	0.00000e+00	0.00000e+00	0.00000e+00	0.00000e+00	0.00000e+00	0.00000e+00	0.00000e+00	0.00000e+00	0.00000e+00	0.00000e+00	0.00000e+00	0.00000e+00	0.00000e+00	0.00000e+00	0.00000e+00	0.00000e+00	0.00000e+00	0.00000e+00	0.00000e+00	0.00000e+00	0.00000e+00	0.00000e+00	0.00000e+00	0.00000e+00	0.00000e+00	0.00000e+00	0.00000e+00	0.00000e+00	0.00000e+00	0.00000e+00	0.00000e+00	0.00000e+00	0.00000e+00	0.00000e+00	0.00000e+00	0.00000e+00	0.00000e+00	0.00000e+00	0.00000e+00	0.00000e+00	0.00000e+00	0.00000e+00	0.00000e+00	0.00000e+00	0.00000e+00	0.00000e+00	0.00000e+00	0.00000e+00	0.00000e+00	0.00000e+00	0.00000e+00	0.00000e+00	0.00000e+00	0.00000e+00	0.00000e+00	0.00000e+00	0.00000e+00	0.00000e+00	0.00000e+00	0.00000e+00	0.00000e+00	0.00000e+00	0.00000e+00	0.00000e+00	0.00000e+00	0.00000e+00	0.00000e+00	0.00000e+00	0.00000e+00	0.00000e+00	0.00000e+00	0.00000e+00	0.00000e+00	0.00000e+00	0.00000e+00	0.00000e+00	0.00000e+00	0.00000e+00	0.00000e+00	0.00000e+00	0.00000e+00
15.66	0.00000e+00	0.00000e+00	0.00000e+00	0.00000e+00	0.00000e+00	0.00000e+00	0.00000e+00	0.00000e+00	0.00000e+00	0.00000e+00	0.00000e+00	0.00000e+00	0.00000e+00	0.00000e+00	0.00000e+00	0.00000e+00	0.00000e+00	0.00000e+00	0.00000e+00	0.00000e+00	0.00000e+00	0.00000e+00	0.00000e+00	0.00000e+00	0.00000e+00	0.00000e+00	0.00000e+00	0.00000e+00	0.00000e+00	0.00000e+00	0.00000e+00	0.00000e+00	0.00000e+00	0.00000e+00	0.00000e+00	0.00000e+00	0.00000e+00	0.00000e+00	0.00000e+00	0.00000e+00	0.00000e+00	0.00000e+00	0.00000e+00	0.00000e+00	0.00000e+00	0.00000e+00	0.00000e+00	0.00000e+00	0.00000e+00	0.00000e+00	0.00000e+00	0.00000e+00	0.00000e+00	0.00000e+00	0.00000e+00	0.00000e+00	0.00000e+00	0.00000e+00	0.00000e+00	0.00000e+00	0.00000e+00	0.00000e+00	0.00000e+00	0.00000e+00	0.00000e+00	0.00000e+00	0.00000e+00	0.00000e+00	0.00000e+00	0.00000e+00	0.00000e+00	0.00000e+00	0.00000e+00	0.00000e+00	0.00000e+00	0.00000e+00	0.00000e+00	0.00000e+00	0.00000e+00	0.00000e+00	0.00000e+00	0.00000e+00	0.00000e+00	0.00000e+00	0.00000e+00	0.00000e+00	0.00000e+00	0.00000e+00	0.00000e+00	0.00000e+00	0.00000e+00	0.00000e+00	0.00000e+00	0.00000e+00	0.00000e+00	0.00000e+00	0.00000e+00	0.00000e+00	0.00000e+00	0.00000e+00	0.00000e+00	0.00000e+00	0.00000e+00	0.00000e+00	0.00000e+00	0.00000e+00	0.00000e+00	0.00000e+00	0.00000e+00	0.00000e+00	0.00000e+00	0.00000e+00	0.00000e+00	0.00000e+00	0.00000e+00	0.00000e+00	0.00000e+00	0.00000e+00	0.00000e+00	0.00000e+00	0.00000e+00	0.00000e+00	0.00000e+00	0.00000e+00	0.00000e+00	0.00000e+00	0.00000e+00	0.00000e+00	0.00000e+00	0.00000e+00	0.00000e+00	0.00000e+00	0.00000e+00	0.00000e+00	0.00000e+00	0.00000e+00	0.00000e+00	0.00000e+00	0.00000e+00	0.00000e+00	0.00000e+00	0.00000e+00	0.00000e+00	0.00000e+00	0.00000e+00	0.00000e+00	0.00000e+00	0.00000e+00	0.00000e+00	0.00000e+00	0.00000e+00	0.00000e+00	0.00000e+00	0.00000e+00	0.00000e+00	0.00000e+00	0.00000e+00	0.00000e+00	0.00000e+00	0.00000e+00	0.00000e+00	0.00000e+00	0.00000e+00	0.00000e+00	0.00000e+00	0.00000e+00	0.00000e+00	0.00000e+00	0.00000e+00	0.00000e+00	0.00000e+00	0.00000e+00	0.00000e+00	0.00000e+00	0.00000e+00	0.00000e+00	0.00000e+00	0.00000e+00	0.00000e+00	0.00000e+00	0.00000e+00	0.00000e+00	0.00000e+00	0.00000e+00	0.00000e+00	0.00000e+00	0.00000e+00	0.00000e+00	0.00000e+00	0.00000e+00	0.00000e+00	0.00000e+00	0.00000e+00	0.00000e+00	0.00000e+00
15.69	0.00000e+00	0.00000e+00	0.00000e+00	0.00000e+00	0.00000e+00	0.00000e+00	0.00000e+00	0.00000e+00	0.00000e+00	0.00000e+00	0.00000e+00	0.00000e+00	0.00000e+00	0.00000e+00	0.00000e+00	0.00000e+00	0.00000e+00	0.00000e+00	0.00000e+00	0.00000e+00	0.00000e+00	0.00000e+00	0.00000e+00	0.00000e+00	0.00000e+00	0.00000e+00	0.00000e+00	0.00000e+00	0.00000e+00	0.00000e+00	0.00000e+00	0.00000e+00	0.00000e+00	0.00000e+00	0.00000e+00	0.00000e+00	0.00000e+00	0.00000e+00	0.00000e+00	0.00000e+00	0.00000e+00	0.00000e+00	0.00000e+00	0.00000e+00	0.00000e+00	0.00000e+00	0.00000e+00	0.00000e+00	0.00000e+00	0.00000e+00	0.00000e+00	0.00000e+00	0.00000e+00	0.00000e+00	0.00000e+00	0.00000e+00	0.00000e+00	0.00000e+00	0.00000e+00	0.00000e+00	0.00000e+00	0.00000e+00	0.00000e+00	0.00000e+00	0.00000e+00	0.00000e+00	0.00000e+00	0.00000e+00	0.00000e+00	0.00000e+00	0.00000e+00	0.00000e+00	0.00000e+00	0.00000e+00	0.00000e+00	0.00000e+00	0.00000e+00	0.00000e+00	0.00000e+00	0.00000e+00	0.00000e+00	0.00000e+00	0.00000e+00	0.00000e+00	0.00000e+00	0.00000e+00	0.00000e+00	0.00000e+00	0.00000e+00	0.00000e+00	0.00000e+00	0.00000e+00	0.00000e+00	0.00000e+00	0.00000e+00	0.00000e+00	0.00000e+00	0.00000e+00	0.00000e+00	0.00000e+00	0.00000e+00	0.00000e+00	0.00000e+00	0.00000e+00	0.00000e+00	0.00000e+00	0.00000e+00	0.00000e+00	0.00000e+00	0.00000e+00	0.00000e+00	0.00000e+00	0.00000e+00	0.00000e+00	0.00000e+00	0.00000e+00	0.00000e+00	0.00000e+00	0.00000e+00	0.00000e+00	0.00000e+00	0.00000e+00	0.00000e+00	0.00000e+00	0.00000e+00	0.00000e+00	0.00000e+00	0.00000e+00	0.00000e+00	0.00000e+00	0.00000e+00	0.00000e+00	0.00000e+00	0.00000e+00	0.00000e+00	0.00000e+00	0.00000e+00	0.00000e+00	0.00000e+00	0.00000e+00	0.00000e+00	0.00000e+00	0.00000e+00	0.00000e+00	0.00000e+00	0.00000e+00	0.00000e+00	0.00000e+00	0.00000e+00	0.00000e+00	0.00000e+00	0.00000e+00	0.00000e+00	0.00000e+00	0.00000e+00	0.00000e+00	0.00000e+00	0.00000e+00	0.00000e+00	0.00000e+00	0.00000e+00	0.00000e+00	0.00000e+00	0.00000e+00	0.00000e+00	0.00000e+00	0.00000e+00	0.00000e+00	0.00000e+00	0.00000e+00	0.00000e+00	0.00000e+00	0.00000e+00	0.00000e+00	0.00000e+00	0.00000e+00	0.00000e+00	0.00000e+00	0.00000e+00	0.00000e+00	0.00000e+00	0.00000e+00	0.00000e+00	0.00000e+00	0.00000e+00	0.00000e+00	0.00000e+00	0.00000e+00	0.00000e+00	0.00000e+00	0.00000e+00	0.00000e+00	0.00000e+00	0.00000e+00	0.00000e+00
15.72	0.00000e+00	0.00000e+00	0.00000e+00	0.00000e+00	0.00000e+00	0.00000e+00	0.00000e+00	0.00000e+00	0.00000e+00	0.00000e+00	0.00000e+00	0.00000e+00	0.00000e+00	0.00000e+00	0.00000e+00	0.00000e+00	0.00000e+00	0.00000e+00	0.00000e+00	0.00000e+00	0.00000e+00	0.00000e+00	0.00000e+00	0.00000e+00	0.00000e+00	0.00000e+00	0.00000e+00	0.00000e+00	0.00000e+00	0.00000e+00	0.00000e+00	0.00000e+00	0.00000e+00	0.00000e+00	0.00000e+00	0.00000e+00	0.00000e+00	0.00000e+00	0.00000e+00	0.00000e+00	0.00000e+00	0.00000e+00	0.00000e+00	0.00000e+00	0.00000e+00	0.00000e+00	0.00000e+00	0.00000e+00	0.00000e+00	0.00000e+00	0.00000e+00	0.00000e+00	0.00000e+00	0.00000e+00	0.00000e+00	0.00000e+00	0.00000e+00	0.00000e+00	0.00000e+00	0.00000e+00	0.00000e+00	0.00000e+00	0.00000e+00	0.00000e+00	0.00000e+00	0.00000e+00	0.00000e+00	0.00000e+00	0.00000e+00	0.00000e+00	0.00000e+00	0.00000e+00	0.00000e+00	0.00000e+00	0.00000e+00	0.00000e+00	0.00000e+00	0.00000e+00	0.00000e+00	0.00000e+00	0.00000e+00	0.00000e+00	0.00000e+00	0.00000e+00	0.00000e+00	0.00000e+00	0.00000e+00	0.00000e+00	0.00000e+00	0.00000e+00	0.00000e+00	0.00000e+00	0.00000e+00	0.00000e+00	0.00000e+00	0.00000e+00	0.00000e+00	0.00000e+00	0.00000e+00	0.00000e+00	0.00000e+00	0.00000e+00	0.00000e+00	0.00000e+00	0.00000e+00	0.00000e+00	0.00000e+00	0.00000e+00	0.00000e+00	0.00000e+00	0.00000e+00	0.00000e+00	0.00000e+00	0.00000e+00	0.00000e+00	0.00000e+00	0.00000e+00	0.00000e+00	0.00000e+00	0.00000e+00	0.00000e+00	0.00000e+00	0.00000e+00	0.00000e+00	0.00000e+00	0.00000e+00	0.00000e+00	0.00000e+00	0.00000e+00	0.00000e+00	0.00000e+00	0.00000e+00	0.00000e+00	0.00000e+00	0.00000e+00	0.00000e+00	0.00000e+00	0.00000e+00	0.00000e+00	0.00000e+00	0.00000e+00	0.00000e+00	0.00000e+00	0.00000e+00	0.00000e+00	0.00000e+00	0.00000e+00	0.00000e+00	0.00000e+00	0.00000e+00	0.00000e+00	0.00000e+00	0.00000e+00	0.00000e+00	0.00000e+00	0.00000e+00	0.00000e+00	0.00000e+00	0.00000e+00	0.00000e+00	0.00000e+00	0.00000e+00	0.00000e+00	0.00000e+00	0.00000e+00	0.00000e+00	0.00000e+00	0.00000e+00	0.00000e+00	0.00000e+00	0.00000e+00	0.00000e+00	0.00000e+00	0.00000e+00	0.00000e+00	0.00000e+00	0.00000e+00	0.00000e+00	0.00000e+00	0.00000e+00	0.00000e+00	0.00000e+00	0.00000e+00	0.00000e+00	0.00000e+00	0.00000e+00	0.00000e+00	0.00000e+00	0.00000e+00	0.00000e+00	0.00000e+00	0.00000e+00	0.00000e+00	0.00000e+00	0.00000e+00
15.76	0.00000e+00	0.00000e+00	0.00000e+00	0.00000e+00	0.00000e+00	0.00000e+00	0.00000e+00	0.00000e+00	0.00000e+00	0.00000e+00	0.00000e+00	0.00000e+00	0.00000e+00	0.00000e+00	0.00000e+00	0.00000e+00	0.00000e+00	0.00000e+00	0.00000e+00	0.00000e+00	0.00000e+00	0.00000e+00	0.00000e+00	0.00000e+00	0.00000e+00	0.00000e+00	0.00000e+00	0.00000e+00	0.00000e+00	0.00000e+00	0.00000e+00	0.00000e+00	0.00000e+00	0.00000e+00	0.00000e+00	0.00000e+00	0.00000e+00	0.00000e+00	0.00000e+00	0.00000e+00	0.00000e+00	0.00000e+00	0.00000e+00	0.00000e+00	0.00000e+00	0.00000e+00	0.00000e+00	0.00000e+00	0.00000e+00	0.00000e+00	0.00000e+00	0.00000e+00	0.00000e+00	0.00000e+00	0.00000e+00	0.00000e+00	0.00000e+00	0.00000e+00	0.00000e+00	0.00000e+00	0.00000e+00	0.00000e+00	0.00000e+00	0.00000e+00	0.00000e+00	0.00000e+00	0.00000e+00	0.00000e+00	0.00000e+00	0.00000e+00	0.00000e+00	0.00000e+00	0.00000e+00	0.00000e+00	0.00000e+00	0.00000e+00	0.00000e+00	0.00000e+00	0.00000e+00	0.00000e+00	0.00000e+00	0.00000e+00	0.00000e+00	0.00000e+00	0.00000e+00	0.00000e+00	0.00000e+00	0.00000e+00	0.00000e+00	0.00000e+00	0.00000e+00	0.00000e+00	0.00000e+00	0.00000e+00	0.00000e+00	0.00000e+00	0.00000e+00	0.00000e+00	0.00000e+00	0.00000e+00	0.00000e+00	0.00000e+00	0.00000e+00	0.00000e+00	0.00000e+00	0.00000e+00	0.00000e+00	0.00000e+00	0.00000e+00	0.00000e+00	0.00000e+00	0.00000e+00	0.00000e+00	0.00000e+00	0.00000e+00	0.00000e+00	0.00000e+00	0.00000e+00	0.00000e+00	0.00000e+00	0.00000e+00	0.00000e+00	0.00000e+00	0.00000e+00	0.00000e+00	0.00000e+00	0.00000e+00	0.00000e+00	0.00000e+00	0.00000e+00	0.00000e+00	0.00000e+00	0.00000e+00	0.00000e+00	0.00000e+00	0.00000e+00	0.00000e+00	0.00000e+00	0.00000e+00	0.00000e+00	0.00000e+00	0.00000e+00	0.00000e+00	0.00000e+00	0.00000e+00	0.00000e+00	0.00000e+00	0.00000e+00	0.00000e+00	0.00000e+00	0.00000e+00	0.00000e+00	0.00000e+00	0.00000e+00	0.00000e+00	0.00000e+00	0.00000e+00	0.00000e+00	0.00000e+00	0.00000e+00	0.00000e+00	0.00000e+00	0.00000e+00	0.00000e+00	0.00000e+00	0.00000e+00	0.00000e+00	0.00000e+00	0.00000e+00	0.00000e+00	0.00000e+00	0.00000e+00	0.00000e+00	0.00000e+00	0.00000e+00	0.00000e+00	0.00000e+00	0.00000e+00	0.00000e+00	0.00000e+00	0.00000e+00	0.00000e+00	0.00000e+00	0.00000e+00	0.00000e+00	0.00000e+00	0.00000e+00	0.00000e+00	0.00000e+00	0.00000e+00	0.00000e+00	0.00000e+00	0.00000e+00	0.00000e+00	0.00000e+00
15.79	0.00000e+00	0.00000e+00	0.00000e+00	0.00000e+00	0.00000e+00	0.00000e+00	0.00000e+00	0.00000e+00	0.00000e+00	0.00000e+00	0.00000e+00	0.00000e+00	0.00000e+00	0.00000e+00	0.00000e+00	0.00000e+00	0.00000e+00	0.00000e+00	0.00000e+00	0.00000e+00	0.00000e+00	0.00000e+00	0.00000e+00	0.00000e+00	0.00000e+00	0.00000e+00	0.00000e+00	0.00000e+00	0.00000e+00	0.00000e+00	0.00000e+00	0.00000e+00	0.00000e+00	0.00000e+00	0.00000e+00	0.00000e+00	0.00000e+00	0.00000e+00	0.00000e+00	0.00000e+00	0.00000e+00	0.00000e+00	0.00000e+00	0.00000e+00	0.00000e+00	0.00000e+00	0.00000e+00	0.00000e+00	0.00000e+00	0.00000e+00	0.00000e+00	0.00000e+00	0.00000e+00	0.00000e+00	0.00000e+00	0.00000e+00	0.00000e+00	0.00000e+00	0.00000e+00	0.00000e+00	0.00000e+00	0.00000e+00	0.00000e+00	0.00000e+00	0.00000e+00	0.00000e+00	0.00000e+00	0.00000e+00	0.00000e+00	0.00000e+00	0.00000e+00	0.00000e+00	0.00000e+00	0.00000e+00	0.00000e+00	0.00000e+00	0.00000e+00	0.00000e+00	0.00000e+00	0.00000e+00	0.00000e+00	0.00000e+00	0.00000e+00	0.00000e+00	0.00000e+00	0.00000e+00	0.00000e+00	0.00000e+00	0.00000e+00	0.00000e+00	0.00000e+00	0.00000e+00	0.00000e+00	0.00000e+00	0.00000e+00	0.00000e+00	0.00000e+00	0.00000e+00	0.00000e+00	0.00000e+00	0.00000e+00	0.00000e+00	0.00000e+00	0.00000e+00	0.00000e+00	0.00000e+00	0.00000e+00	0.00000e+00	0.00000e+00	0.00000e+00	0.00000e+00	0.00000e+00	0.00000e+00	0.00000e+00	0.00000e+00	0.00000e+00	0.00000e+00	0.00000e+00	0.00000e+00	0.00000e+00	0.00000e+00	0.00000e+00	0.00000e+00	0.00000e+00	0.00000e+00	0.00000e+00	0.00000e+00	0.00000e+00	0.00000e+00	0.00000e+00	0.00000e+00	0.00000e+00	0.00000e+00	0.00000e+00	0.00000e+00	0.00000e+00	0.00000e+00	0.00000e+00	0.00000e+00	0.00000e+00	0.00000e+00	0.00000e+00	0.00000e+00	0.00000e+00	0.00000e+00	0.00000e+00	0.00000e+00	0.00000e+00	0.00000e+00	0.00000e+00	0.00000e+00	0.00000e+00	0.00000e+00	0.00000e+00	0.00000e+00	0.00000e+00	0.00000e+00	0.00000e+00	0.00000e+00	0.00000e+00	0.00000e+00	0.00000e+00	0.00000e+00	0.00000e+00	0.00000e+00	0.00000e+00	0.00000e+00	0.00000e+00	0.00000e+00	0.00000e+00	0.00000e+00	0.00000e+00	0.00000e+00	0.00000e+00	0.00000e+00	0.00000e+00	0.00000e+00	0.00000e+00	0.00000e+00	0.00000e+00	0.00000e+00	0.00000e+00	0.00000e+00	0.00000e+00	0.00000e+00	0.00000e+00	0.00000e+00	0.00000e+00	0.00000e+00	0.00000e+00	0.00000e+00	0.00000e+00	0.00000e+00	0.00000e+00	0.00000e+00
15.83	0.00000e+00	0.00000e+00	0.00000e+00	0.00000e+00	0.00000e+00	0.00000e+00	0.00000e+00	0.00000e+00	0.00000e+00	0.00000e+00	0.00000e+00	0.00000e+00	0.00000e+00	0.00000e+00	0.00000e+00	0.00000e+00	0.00000e+00	0.00000e+00	0.00000e+00	0.00000e+00	0.00000e+00	0.00000e+00	0.00000e+00	0.00000e+00	0.00000e+00	0.00000e+00	0.00000e+00	0.00000e+00	0.00000e+00	0.00000e+00	0.00000e+00	0.00000e+00	0.00000e+00	0.00000e+00	0.00000e+00	0.00000e+00	0.00000e+00	0.00000e+00	0.00000e+00	0.00000e+00	0.00000e+00	0.00000e+00	0.00000e+00	0.00000e+00	0.00000e+00	0.00000e+00	0.00000e+00	0.00000e+00	0.00000e+00	0.00000e+00	0.00000e+00	0.00000e+00	0.00000e+00	0.00000e+00	0.00000e+00	0.00000e+00	0.00000e+00	0.00000e+00	0.00000e+00	0.00000e+00	0.00000e+00	0.00000e+00	0.00000e+00	0.00000e+00	0.00000e+00	0.00000e+00	0.00000e+00	0.00000e+00	0.00000e+00	0.00000e+00	0.00000e+00	0.00000e+00	0.00000e+00	0.00000e+00	0.00000e+00	0.00000e+00	0.00000e+00	0.00000e+00	0.00000e+00	0.00000e+00	0.00000e+00	0.00000e+00	0.00000e+00	0.00000e+00	0.00000e+00	0.00000e+00	0.00000e+00	0.00000e+00	0.00000e+00	0.00000e+00	0.00000e+00	0.00000e+00	0.00000e+00	0.00000e+00	0.00000e+00	0.00000e+00	0.00000e+00	0.00000e+00	0.00000e+00	0.00000e+00	0.00000e+00	0.00000e+00	0.00000e+00	0.00000e+00	0.00000e+00	0.00000e+00	0.00000e+00	0.00000e+00	0.00000e+00	0.00000e+00	0.00000e+00	0.00000e+00	0.00000e+00	0.00000e+00	0.00000e+00	0.00000e+00	0.00000e+00	0.00000e+00	0.00000e+00	0.00000e+00	0.00000e+00	0.00000e+00	0.00000e+00	0.00000e+00	0.00000e+00	0.00000e+00	0.00000e+00	0.00000e+00	0.00000e+00	0.00000e+00	0.00000e+00	0.00000e+00	0.00000e+00	0.00000e+00	0.00000e+00	0.00000e+00	0.00000e+00	0.00000e+00	0.00000e+00	0.00000e+00	0.00000e+00	0.00000e+00	0.00000e+00	0.00000e+00	0.00000e+00	0.00000e+00	0.00000e+00	0.00000e+00	0.00000e+00	0.00000e+00	0.00000e+00	0.00000e+00	0.00000e+00	0.00000e+00	0.00000e+00	0.00000e+00	0.00000e+00	0.00000e+00	0.00000e+00	0.00000e+00	0.00000e+00	0.00000e+00	0.00000e+00	0.00000e+00	0.00000e+00	0.00000e+00	0.00000e+00	0.00000e+00	0.00000e+00	0.00000e+00	0.00000e+00	0.00000e+00	0.00000e+00	0.00000e+00	0.00000e+00	0.00000e+00	0.00000e+00	0.00000e+00	0.00000e+00	0.00000e+00	0.00000e+00	0.00000e+00	0.00000e+00	0.00000e+00	0.00000e+00	0.00000e+00	0.00000e+00	0.00000e+00	0.00000e+00	0.00000e+00	0.00000e+00	0.00000e+00	0.00000e+00	0.00000e+00	0.00000e+00
15.86	0.00000e+00	0.00000e+00	0.00000e+00	0.00000e+00	0.00000e+00	0.00000e+00	0.00000e+00	0.00000e+00	0.00000e+00	0.00000e+00	0.00000e+00	0.00000e+00	0.00000e+00	0.00000e+00	0.00000e+00	0.00000e+00	0.00000e+00	0.00000e+00	0.00000e+00	0.00000e+00	0.00000e+00	0.00000e+00	0.00000e+00	0.00000e+00	0.00000e+00	0.00000e+00	0.00000e+00	0.00000e+00	0.00000e+00	0.00000e+00	0.00000e+00	0.00000e+00	0.00000e+00	0.00000e+00	0.00000e+00	0.00000e+00	0.00000e+00	0.00000e+00	0.00000e+00	0.00000e+00	0.00000e+00	0.00000e+00	0.00000e+00	0.00000e+00	0.00000e+00	0.00000e+00	0.00000e+00	0.00000e+00	0.00000e+00	0.00000e+00	0.00000e+00	0.00000e+00	0.00000e+00	0.00000e+00	0.00000e+00	0.00000e+00	0.00000e+00	0.00000e+00	0.00000e+00	0.00000e+00	0.00000e+00	0.00000e+00	0.00000e+00	0.00000e+00	0.00000e+00	0.00000e+00	0.00000e+00	0.00000e+00	0.00000e+00	0.00000e+00	0.00000e+00	0.00000e+00	0.00000e+00	0.00000e+00	0.00000e+00	0.00000e+00	0.00000e+00	0.00000e+00	0.00000e+00	0.00000e+00	0.00000e+00	0.00000e+00	0.00000e+00	0.00000e+00	0.00000e+00	0.00000e+00	0.00000e+00	0.00000e+00	0.00000e+00	0.00000e+00	0.00000e+00	0.00000e+00	0.00000e+00	0.00000e+00	0.00000e+00	0.00000e+00	0.00000e+00	0.00000e+00	0.00000e+00	0.00000e+00	0.00000e+00	0.00000e+00	0.00000e+00	0.00000e+00	0.00000e+00	0.00000e+00	0.00000e+00	0.00000e+00	0.00000e+00	0.00000e+00	0.00000e+00	0.00000e+00	0.00000e+00	0.00000e+00	0.00000e+00	0.00000e+00	0.00000e+00	0.00000e+00	0.00000e+00	0.00000e+00	0.00000e+00	0.00000e+00	0.00000e+00	0.00000e+00	0.00000e+00	0.00000e+00	0.00000e+00	0.00000e+00	0.00000e+00	0.00000e+00	0.00000e+00	0.00000e+00	0.00000e+00	0.00000e+00	0.00000e+00	0.00000e+00	0.00000e+00	0.00000e+00	0.00000e+00	0.00000e+00	0.00000e+00	0.00000e+00	0.00000e+00	0.00000e+00	0.00000e+00	0.00000e+00	0.00000e+00	0.00000e+00	0.00000e+00	0.00000e+00	0.00000e+00	0.00000e+00	0.00000e+00	0.00000e+00	0.00000e+00	0.00000e+00	0.00000e+00	0.00000e+00	0.00000e+00	0.00000e+00	0.00000e+00	0.00000e+00	0.00000e+00	0.00000e+00	0.00000e+00	0.00000e+00	0.00000e+00	0.00000e+00	0.00000e+00	0.00000e+00	0.00000e+00	0.00000e+00	0.00000e+00	0.00000e+00	0.00000e+00	0.00000e+00	0.00000e+00	0.00000e+00	0.00000e+00	0.00000e+00	0.00000e+00	0.00000e+00	0.00000e+00	0.00000e+00	0.00000e+00	0.00000e+00	0.00000e+00	0.00000e+00	0.00000e+00	0.00000e+00	0.00000e+00	0.00000e+00	0.00000e+00	0.00000e+00	0.00000e+00
15.89	0.00000e+00	0.00000e+00	0.00000e+00	0.00000e+00	0.00000e+00	0.00000e+00	0.00000e+00	0.00000e+00	0.00000e+00	0.00000e+00	0.00000e+00	0.00000e+00	0.00000e+00	0.00000e+00	0.00000e+00	0.00000e+00	0.00000e+00	0.00000e+00	0.00000e+00	0.00000e+00	0.00000e+00	0.00000e+00	0.00000e+00	0.00000e+00	0.00000e+00	0.00000e+00	0.00000e+00	0.00000e+00	0.00000e+00	0.00000e+00	0.00000e+00	0.00000e+00	0.00000e+00	0.00000e+00	0.00000e+00	0.00000e+00	0.00000e+00	0.00000e+00	0.00000e+00	0.00000e+00	0.00000e+00	0.00000e+00	0.00000e+00	0.00000e+00	0.00000e+00	0.00000e+00	0.00000e+00	0.00000e+00	0.00000e+00	0.00000e+00	0.00000e+00	0.00000e+00	0.00000e+00	0.00000e+00	0.00000e+00	0.00000e+00	0.00000e+00	0.00000e+00	0.00000e+00	0.00000e+00	0.00000e+00	0.00000e+00	0.00000e+00	0.00000e+00	0.00000e+00	0.00000e+00	0.00000e+00	0.00000e+00	0.00000e+00	0.00000e+00	0.00000e+00	0.00000e+00	0.00000e+00	0.00000e+00	0.00000e+00	0.00000e+00	0.00000e+00	0.00000e+00	0.00000e+00	0.00000e+00	0.00000e+00	0.00000e+00	0.00000e+00	0.00000e+00	0.00000e+00	0.00000e+00	0.00000e+00	0.00000e+00	0.00000e+00	0.00000e+00	0.00000e+00	0.00000e+00	0.00000e+00	0.00000e+00	0.00000e+00	0.00000e+00	0.00000e+00	0.00000e+00	0.00000e+00	0.00000e+00	0.00000e+00	0.00000e+00	0.00000e+00	0.00000e+00	0.00000e+00	0.00000e+00	0.00000e+00	0.00000e+00	0.00000e+00	0.00000e+00	0.00000e+00	0.00000e+00	0.00000e+00	0.00000e+00	0.00000e+00	0.00000e+00	0.00000e+00	0.00000e+00	0.00000e+00	0.00000e+00	0.00000e+00	0.00000e+00	0.00000e+00	0.00000e+00	0.00000e+00	0.00000e+00	0.00000e+00	0.00000e+00	0.00000e+00	0.00000e+00	0.00000e+00	0.00000e+00	0.00000e+00	0.00000e+00	0.00000e+00	0.00000e+00	0.00000e+00	0.00000e+00	0.00000e+00	0.00000e+00	0.00000e+00	0.00000e+00	0.00000e+00	0.00000e+00	0.00000e+00	0.00000e+00	0.00000e+00	0.00000e+00	0.00000e+00	0.00000e+00	0.00000e+00	0.00000e+00	0.00000e+00	0.00000e+00	0.00000e+00	0.00000e+00	0.00000e+00	0.00000e+00	0.00000e+00	0.00000e+00	0.00000e+00	0.00000e+00	0.00000e+00	0.00000e+00	0.00000e+00	0.00000e+00	0.00000e+00	0.00000e+00	0.00000e+00	0.00000e+00	0.00000e+00	0.00000e+00	0.00000e+00	0.00000e+00	0.00000e+00	0.00000e+00	0.00000e+00	0.00000e+00	0.00000e+00	0.00000e+00	0.00000e+00	0.00000e+00	0.00000e+00	0.00000e+00	0.00000e+00	0.00000e+00	0.00000e+00	0.00000e+00	0.00000e+00	0.00000e+00	0.00000e+00	0.00000e+00	0.00000e+00	0.00000e+00	0.00000e+00
15.93	0.00000e+00	0.00000e+00	0.00000e+00	0.00000e+00	0.00000e+00	0.00000e+00	0.00000e+00	0.00000e+00	0.00000e+00	0.00000e+00	0.00000e+00	0.00000e+00	0.00000e+00	0.00000e+00	0.00000e+00	0.00000e+00	0.00000e+00	0.00000e+00	0.00000e+00	0.00000e+00	0.00000e+00	0.00000e+00	0.00000e+00	0.00000e+00	0.00000e+00	0.00000e+00	0.00000e+00	0.00000e+00	0.00000e+00	0.00000e+00	0.00000e+00	0.00000e+00	0.00000e+00	0.00000e+00	0.00000e+00	0.00000e+00	0.00000e+00	0.00000e+00	0.00000e+00	0.00000e+00	0.00000e+00	0.00000e+00	0.00000e+00	0.00000e+00	0.00000e+00	0.00000e+00	0.00000e+00	0.00000e+00	0.00000e+00	0.00000e+00	0.00000e+00	0.00000e+00	0.00000e+00	0.00000e+00	0.00000e+00	0.00000e+00	0.00000e+00	0.00000e+00	0.00000e+00	0.00000e+00	0.00000e+00	0.00000e+00	0.00000e+00	0.00000e+00	0.00000e+00	0.00000e+00	0.00000e+00	0.00000e+00	0.00000e+00	0.00000e+00	0.00000e+00	0.00000e+00	0.00000e+00	0.00000e+00	0.00000e+00	0.00000e+00	0.00000e+00	0.00000e+00	0.00000e+00	0.00000e+00	0.00000e+00	0.00000e+00	0.00000e+00	0.00000e+00	0.00000e+00	0.00000e+00	0.00000e+00	0.00000e+00	0.00000e+00	0.00000e+00	0.00000e+00	0.00000e+00	0.00000e+00	0.00000e+00	0.00000e+00	0.00000e+00	0.00000e+00	0.00000e+00	0.00000e+00	0.00000e+00	0.00000e+00	0.00000e+00	0.00000e+00	0.00000e+00	0.00000e+00	0.00000e+00	0.00000e+00	0.00000e+00	0.00000e+00	0.00000e+00	0.00000e+00	0.00000e+00	0.00000e+00	0.00000e+00	0.00000e+00	0.00000e+00	0.00000e+00	0.00000e+00	0.00000e+00	0.00000e+00	0.00000e+00	0.00000e+00	0.00000e+00	0.00000e+00	0.00000e+00	0.00000e+00	0.00000e+00	0.00000e+00	0.00000e+00	0.00000e+00	0.00000e+00	0.00000e+00	0.00000e+00	0.00000e+00	0.00000e+00	0.00000e+00	0.00000e+00	0.00000e+00	0.00000e+00	0.00000e+00	0.00000e+00	0.00000e+00	0.00000e+00	0.00000e+00	0.00000e+00	0.00000e+00	0.00000e+00	0.00000e+00	0.00000e+00	0.00000e+00	0.00000e+00	0.00000e+00	0.00000e+00	0.00000e+00	0.00000e+00	0.00000e+00	0.00000e+00	0.00000e+00	0.00000e+00	0.00000e+00	0.00000e+00	0.00000e+00	0.00000e+00	0.00000e+00	0.00000e+00	0.00000e+00	0.00000e+00	0.00000e+00	0.00000e+00	0.00000e+00	0.00000e+00	0.00000e+00	0.00000e+00	0.00000e+00	0.00000e+00	0.00000e+00	0.00000e+00	0.00000e+00	0.00000e+00	0.00000e+00	0.00000e+00	0.00000e+00	0.00000e+00	0.00000e+00	0.00000e+00	0.00000e+00	0.00000e+00	0.00000e+00	0.00000e+00	0.00000e+00	0.00000e+00	0.00000e+00	0.00000e+00	0.00000e+00	0.00000e+00
15.96	0.00000e+00	0.00000e+00	0.00000e+00	0.00000e+00	0.00000e+00	0.00000e+00	0.00000e+00	0.00000e+00	0.00000e+00	0.00000e+00	0.00000e+00	0.00000e+00	0.00000e+00	0.00000e+00	0.00000e+00	0.00000e+00	0.00000e+00	0.00000e+00	0.00000e+00	0.00000e+00	0.00000e+00	0.00000e+00	0.00000e+00	0.00000e+00	0.00000e+00	0.00000e+00	0.00000e+00	0.00000e+00	0.00000e+00	0.00000e+00	0.00000e+00	0.00000e+00	0.00000e+00	0.00000e+00	0.00000e+00	0.00000e+00	0.00000e+00	0.00000e+00	0.00000e+00	0.00000e+00	0.00000e+00	0.00000e+00	0.00000e+00	0.00000e+00	0.00000e+00	0.00000e+00	0.00000e+00	0.00000e+00	0.00000e+00	0.00000e+00	0.00000e+00	0.00000e+00	0.00000e+00	0.00000e+00	0.00000e+00	0.00000e+00	0.00000e+00	0.00000e+00	0.00000e+00	0.00000e+00	0.00000e+00	0.00000e+00	0.00000e+00	0.00000e+00	0.00000e+00	0.00000e+00	0.00000e+00	0.00000e+00	0.00000e+00	0.00000e+00	0.00000e+00	0.00000e+00	0.00000e+00	0.00000e+00	0.00000e+00	0.00000e+00	0.00000e+00	0.00000e+00	0.00000e+00	0.00000e+00	0.00000e+00	0.00000e+00	0.00000e+00	0.00000e+00	0.00000e+00	0.00000e+00	0.00000e+00	0.00000e+00	0.00000e+00	0.00000e+00	0.00000e+00	0.00000e+00	0.00000e+00	0.00000e+00	0.00000e+00	0.00000e+00	0.00000e+00	0.00000e+00	0.00000e+00	0.00000e+00	0.00000e+00	0.00000e+00	0.00000e+00	0.00000e+00	0.00000e+00	0.00000e+00	0.00000e+00	0.00000e+00	0.00000e+00	0.00000e+00	0.00000e+00	0.00000e+00	0.00000e+00	0.00000e+00	0.00000e+00	0.00000e+00	0.00000e+00	0.00000e+00	0.00000e+00	0.00000e+00	0.00000e+00	0.00000e+00	0.00000e+00	0.00000e+00	0.00000e+00	0.00000e+00	0.00000e+00	0.00000e+00	0.00000e+00	0.00000e+00	0.00000e+00	0.00000e+00	0.00000e+00	0.00000e+00	0.00000e+00	0.00000e+00	0.00000e+00	0.00000e+00	0.00000e+00	0.00000e+00	0.00000e+00	0.00000e+00	0.00000e+00	0.00000e+00	0.00000e+00	0.00000e+00	0.00000e+00	0.00000e+00	0.00000e+00	0.00000e+00	0.00000e+00	0.00000e+00	0.00000e+00	0.00000e+00	0.00000e+00	0.00000e+00	0.00000e+00	0.00000e+00	0.00000e+00	0.00000e+00	0.00000e+00	0.00000e+00	0.00000e+00	0.00000e+00	0.00000e+00	0.00000e+00	0.00000e+00	0.00000e+00	0.00000e+00	0.00000e+00	0.00000e+00	0.00000e+00	0.00000e+00	0.00000e+00	0.00000e+00	0.00000e+00	0.00000e+00	0.00000e+00	0.00000e+00	0.00000e+00	0.00000e+00	0.00000e+00	0.00000e+00	0.00000e+00	0.00000e+00	0.00000e+00	0.00000e+00	0.00000e+00	0.00000e+00	0.00000e+00	0.00000e+00	0.00000e+00	0.00000e+00	0.00000e+00	0.00000e+00
16.00	0.00000e+00	0.00000e+00	0.00000e+00	0.00000e+00	0.00000e+00	0.00000e+00	0.00000e+00	0.00000e+00	0.00000e+00	0.00000e+00	0.00000e+00	0.00000e+00	0.00000e+00	0.00000e+00	0.00000e+00	0.00000e+00	0.00000e+00	0.00000e+00	0.00000e+00	0.00000e+00	0.00000e+00	0.00000e+00	0.00000e+00	0.00000e+00	0.00000e+00	0.00000e+00	0.00000e+00	0.00000e+00	0.00000e+00	0.00000e+00	0.00000e+00	0.00000e+00	0.00000e+00	0.00000e+00	0.00000e+00	0.00000e+00	0.00000e+00	0.00000e+00	0.00000e+00	0.00000e+00	0.00000e+00	0.00000e+00	0.00000e+00	0.00000e+00	0.00000e+00	0.00000e+00	0.00000e+00	0.00000e+00	0.00000e+00	0.00000e+00	0.00000e+00	0.00000e+00	0.00000e+00	0.00000e+00	0.00000e+00	0.00000e+00	0.00000e+00	0.00000e+00	0.00000e+00	0.00000e+00	0.00000e+00	0.00000e+00	0.00000e+00	0.00000e+00	0.00000e+00	0.00000e+00	0.00000e+00	0.00000e+00	0.00000e+00	0.00000e+00	0.00000e+00	0.00000e+00	0.00000e+00	0.00000e+00	0.00000e+00	0.00000e+00	0.00000e+00	0.00000e+00	0.00000e+00	0.00000e+00	0.00000e+00	0.00000e+00	0.00000e+00	0.00000e+00	0.00000e+00	0.00000e+00	0.00000e+00	0.00000e+00	0.00000e+00	0.00000e+00	0.00000e+00	0.00000e+00	0.00000e+00	0.00000e+00	0.00000e+00	0.00000e+00	0.00000e+00	0.00000e+00	0.00000e+00	0.00000e+00	0.00000e+00	0.00000e+00	0.00000e+00	0.00000e+00	0.00000e+00	0.00000e+00	0.00000e+00	0.00000e+00	0.00000e+00	0.00000e+00	0.00000e+00	0.00000e+00	0.00000e+00	0.00000e+00	0.00000e+00	0.00000e+00	0.00000e+00	0.00000e+00	0.00000e+00	0.00000e+00	0.00000e+00	0.00000e+00	0.00000e+00	0.00000e+00	0.00000e+00	0.00000e+00	0.00000e+00	0.00000e+00	0.00000e+00	0.00000e+00	0.00000e+00	0.00000e+00	0.00000e+00	0.00000e+00	0.00000e+00	0.00000e+00	0.00000e+00	0.00000e+00	0.00000e+00	0.00000e+00	0.00000e+00	0.00000e+00	0.00000e+00	0.00000e+00	0.00000e+00	0.00000e+00	0.00000e+00	0.00000e+00	0.00000e+00	0.00000e+00	0.00000e+00	0.00000e+00	0.00000e+00	0.00000e+00	0.00000e+00	0.00000e+00	0.00000e+00	0.00000e+00	0.00000e+00	0.00000e+00	0.00000e+00	0.00000e+00	0.00000e+00	0.00000e+00	0.00000e+00	0.00000e+00	0.00000e+00	0.00000e+00	0.00000e+00	0.00000e+00	0.00000e+00	0.00000e+00	0.00000e+00	0.00000e+00	0.00000e+00	0.00000e+00	0.00000e+00	0.00000e+00	0.00000e+00	0.00000e+00	0.00000e+00	0.00000e+00	0.00000e+00	0.00000e+00	0.00000e+00	0.00000e+00	0.00000e+00	0.00000e+00	0.00000e+00	0.00000e+00	0.00000e+00	0.00000e+00	0.00000e+00	0.00000e+00	0.00000e+00
16.03	0.00000e+00	0.00000e+00	0.00000e+00	0.00000e+00	0.00000e+00	0.00000e+00	0.00000e+00	0.00000e+00	0.00000e+00	0.00000e+00	0.00000e+00	0.00000e+00	0.00000e+00	0.00000e+00	0.00000e+00	0.00000e+00	0.00000e+00	0.00000e+00	0.00000e+00	0.00000e+00	0.00000e+00	0.00000e+00	0.00000e+00	0.00000e+00	0.00000e+00	0.00000e+00	0.00000e+00	0.00000e+00	0.00000e+00	0.00000e+00	0.00000e+00	0.00000e+00	0.00000e+00	0.00000e+00	0.00000e+00	0.00000e+00	0.00000e+00	0.00000e+00	0.00000e+00	0.00000e+00	0.00000e+00	0.00000e+00	0.00000e+00	0.00000e+00	0.00000e+00	0.00000e+00	0.00000e+00	0.00000e+00	0.00000e+00	0.00000e+00	0.00000e+00	0.00000e+00	0.00000e+00	0.00000e+00	0.00000e+00	0.00000e+00	0.00000e+00	0.00000e+00	0.00000e+00	0.00000e+00	0.00000e+00	0.00000e+00	0.00000e+00	0.00000e+00	0.00000e+00	0.00000e+00	0.00000e+00	0.00000e+00	0.00000e+00	0.00000e+00	0.00000e+00	0.00000e+00	0.00000e+00	0.00000e+00	0.00000e+00	0.00000e+00	0.00000e+00	0.00000e+00	0.00000e+00	0.00000e+00	0.00000e+00	0.00000e+00	0.00000e+00	0.00000e+00	0.00000e+00	0.00000e+00	0.00000e+00	0.00000e+00	0.00000e+00	0.00000e+00	0.00000e+00	0.00000e+00	0.00000e+00	0.00000e+00	0.00000e+00	0.00000e+00	0.00000e+00	0.00000e+00	0.00000e+00	0.00000e+00	0.00000e+00	0.00000e+00	0.00000e+00	0.00000e+00	0.00000e+00	0.00000e+00	0.00000e+00	0.00000e+00	0.00000e+00	0.00000e+00	0.00000e+00	0.00000e+00	0.00000e+00	0.00000e+00	0.00000e+00	0.00000e+00	0.00000e+00	0.00000e+00	0.00000e+00	0.00000e+00	0.00000e+00	0.00000e+00	0.00000e+00	0.00000e+00	0.00000e+00	0.00000e+00	0.00000e+00	0.00000e+00	0.00000e+00	0.00000e+00	0.00000e+00	0.00000e+00	0.00000e+00	0.00000e+00	0.00000e+00	0.00000e+00	0.00000e+00	0.00000e+00	0.00000e+00	0.00000e+00	0.00000e+00	0.00000e+00	0.00000e+00	0.00000e+00	0.00000e+00	0.00000e+00	0.00000e+00	0.00000e+00	0.00000e+00	0.00000e+00	0.00000e+00	0.00000e+00	0.00000e+00	0.00000e+00	0.00000e+00	0.00000e+00	0.00000e+00	0.00000e+00	0.00000e+00	0.00000e+00	0.00000e+00	0.00000e+00	0.00000e+00	0.00000e+00	0.00000e+00	0.00000e+00	0.00000e+00	0.00000e+00	0.00000e+00	0.00000e+00	0.00000e+00	0.00000e+00	0.00000e+00	0.00000e+00	0.00000e+00	0.00000e+00	0.00000e+00	0.00000e+00	0.00000e+00	0.00000e+00	0.00000e+00	0.00000e+00	0.00000e+00	0.00000e+00	0.00000e+00	0.00000e+00	0.00000e+00	0.00000e+00	0.00000e+00	0.00000e+00	0.00000e+00	0.00000e+00	0.00000e+00	0.00000e+00	0.00000e+00
16.06	0.00000e+00	0.00000e+00	0.00000e+00	0.00000e+00	0.00000e+00	0.00000e+00	0.00000e+00	0.00000e+00	0.00000e+00	0.00000e+00	0.00000e+00	0.00000e+00	0.00000e+00	0.00000e+00	0.00000e+00	0.00000e+00	0.00000e+00	0.00000e+00	0.00000e+00	0.00000e+00	0.00000e+00	0.00000e+00	0.00000e+00	0.00000e+00	0.00000e+00	0.00000e+00	0.00000e+00	0.00000e+00	0.00000e+00	0.00000e+00	0.00000e+00	0.00000e+00	0.00000e+00	0.00000e+00	0.00000e+00	0.00000e+00	0.00000e+00	0.00000e+00	0.00000e+00	0.00000e+00	0.00000e+00	0.00000e+00	0.00000e+00	0.00000e+00	0.00000e+00	0.00000e+00	0.00000e+00	0.00000e+00	0.00000e+00	0.00000e+00	0.00000e+00	0.00000e+00	0.00000e+00	0.00000e+00	0.00000e+00	0.00000e+00	0.00000e+00	0.00000e+00	0.00000e+00	0.00000e+00	0.00000e+00	0.00000e+00	0.00000e+00	0.00000e+00	0.00000e+00	0.00000e+00	0.00000e+00	0.00000e+00	0.00000e+00	0.00000e+00	0.00000e+00	0.00000e+00	0.00000e+00	0.00000e+00	0.00000e+00	0.00000e+00	0.00000e+00	0.00000e+00	0.00000e+00	0.00000e+00	0.00000e+00	0.00000e+00	0.00000e+00	0.00000e+00	0.00000e+00	0.00000e+00	0.00000e+00	0.00000e+00	0.00000e+00	0.00000e+00	0.00000e+00	0.00000e+00	0.00000e+00	0.00000e+00	0.00000e+00	0.00000e+00	0.00000e+00	0.00000e+00	0.00000e+00	0.00000e+00	0.00000e+00	0.00000e+00	0.00000e+00	0.00000e+00	0.00000e+00	0.00000e+00	0.00000e+00	0.00000e+00	0.00000e+00	0.00000e+00	0.00000e+00	0.00000e+00	0.00000e+00	0.00000e+00	0.00000e+00	0.00000e+00	0.00000e+00	0.00000e+00	0.00000e+00	0.00000e+00	0.00000e+00	0.00000e+00	0.00000e+00	0.00000e+00	0.00000e+00	0.00000e+00	0.00000e+00	0.00000e+00	0.00000e+00	0.00000e+00	0.00000e+00	0.00000e+00	0.00000e+00	0.00000e+00	0.00000e+00	0.00000e+00	0.00000e+00	0.00000e+00	0.00000e+00	0.00000e+00	0.00000e+00	0.00000e+00	0.00000e+00	0.00000e+00	0.00000e+00	0.00000e+00	0.00000e+00	0.00000e+00	0.00000e+00	0.00000e+00	0.00000e+00	0.00000e+00	0.00000e+00	0.00000e+00	0.00000e+00	0.00000e+00	0.00000e+00	0.00000e+00	0.00000e+00	0.00000e+00	0.00000e+00	0.00000e+00	0.00000e+00	0.00000e+00	0.00000e+00	0.00000e+00	0.00000e+00	0.00000e+00	0.00000e+00	0.00000e+00	0.00000e+00	0.00000e+00	0.00000e+00	0.00000e+00	0.00000e+00	0.00000e+00	0.00000e+00	0.00000e+00	0.00000e+00	0.00000e+00	0.00000e+00	0.00000e+00	0.00000e+00	0.00000e+00	0.00000e+00	0.00000e+00	0.00000e+00	0.00000e+00	0.00000e+00	0.00000e+00	0.00000e+00	0.00000e+00	0.00000e+00	0.00000e+00	0.00000e+00
16.10	0.00000e+00	0.00000e+00	0.00000e+00	0.00000e+00	0.00000e+00	0.00000e+00	0.00000e+00	0.00000e+00	0.00000e+00	0.00000e+00	0.00000e+00	0.00000e+00	0.00000e+00	0.00000e+00	0.00000e+00	0.00000e+00	0.00000e+00	0.00000e+00	0.00000e+00	0.00000e+00	0.00000e+00	0.00000e+00	0.00000e+00	0.00000e+00	0.00000e+00	0.00000e+00	0.00000e+00	0.00000e+00	0.00000e+00	0.00000e+00	0.00000e+00	0.00000e+00	0.00000e+00	0.00000e+00	0.00000e+00	0.00000e+00	0.00000e+00	0.00000e+00	0.00000e+00	0.00000e+00	0.00000e+00	0.00000e+00	0.00000e+00	0.00000e+00	0.00000e+00	0.00000e+00	0.00000e+00	0.00000e+00	0.00000e+00	0.00000e+00	0.00000e+00	0.00000e+00	0.00000e+00	0.00000e+00	0.00000e+00	0.00000e+00	0.00000e+00	0.00000e+00	0.00000e+00	0.00000e+00	0.00000e+00	0.00000e+00	0.00000e+00	0.00000e+00	0.00000e+00	0.00000e+00	0.00000e+00	0.00000e+00	0.00000e+00	0.00000e+00	0.00000e+00	0.00000e+00	0.00000e+00	0.00000e+00	0.00000e+00	0.00000e+00	0.00000e+00	0.00000e+00	0.00000e+00	0.00000e+00	0.00000e+00	0.00000e+00	0.00000e+00	0.00000e+00	0.00000e+00	0.00000e+00	0.00000e+00	0.00000e+00	0.00000e+00	0.00000e+00	0.00000e+00	0.00000e+00	0.00000e+00	0.00000e+00	0.00000e+00	0.00000e+00	0.00000e+00	0.00000e+00	0.00000e+00	0.00000e+00	0.00000e+00	0.00000e+00	0.00000e+00	0.00000e+00	0.00000e+00	0.00000e+00	0.00000e+00	0.00000e+00	0.00000e+00	0.00000e+00	0.00000e+00	0.00000e+00	0.00000e+00	0.00000e+00	0.00000e+00	0.00000e+00	0.00000e+00	0.00000e+00	0.00000e+00	0.00000e+00	0.00000e+00	0.00000e+00	0.00000e+00	0.00000e+00	0.00000e+00	0.00000e+00	0.00000e+00	0.00000e+00	0.00000e+00	0.00000e+00	0.00000e+00	0.00000e+00	0.00000e+00	0.00000e+00	0.00000e+00	0.00000e+00	0.00000e+00	0.00000e+00	0.00000e+00	0.00000e+00	0.00000e+00	0.00000e+00	0.00000e+00	0.00000e+00	0.00000e+00	0.00000e+00	0.00000e+00	0.00000e+00	0.00000e+00	0.00000e+00	0.00000e+00	0.00000e+00	0.00000e+00	0.00000e+00	0.00000e+00	0.00000e+00	0.00000e+00	0.00000e+00	0.00000e+00	0.00000e+00	0.00000e+00	0.00000e+00	0.00000e+00	0.00000e+00	0.00000e+00	0.00000e+00	0.00000e+00	0.00000e+00	0.00000e+00	0.00000e+00	0.00000e+00	0.00000e+00	0.00000e+00	0.00000e+00	0.00000e+00	0.00000e+00	0.00000e+00	0.00000e+00	0.00000e+00	0.00000e+00	0.00000e+00	0.00000e+00	0.00000e+00	0.00000e+00	0.00000e+00	0.00000e+00	0.00000e+00	0.00000e+00	0.00000e+00	0.00000e+00	0.00000e+00	0.00000e+00	0.00000e+00	0.00000e+00	0.00000e+00
16.13	0.00000e+00	0.00000e+00	0.00000e+00	0.00000e+00	0.00000e+00	0.00000e+00	0.00000e+00	0.00000e+00	0.00000e+00	0.00000e+00	0.00000e+00	0.00000e+00	0.00000e+00	0.00000e+00	0.00000e+00	0.00000e+00	0.00000e+00	0.00000e+00	0.00000e+00	0.00000e+00	0.00000e+00	0.00000e+00	0.00000e+00	0.00000e+00	0.00000e+00	0.00000e+00	0.00000e+00	0.00000e+00	0.00000e+00	0.00000e+00	0.00000e+00	0.00000e+00	0.00000e+00	0.00000e+00	0.00000e+00	0.00000e+00	0.00000e+00	0.00000e+00	0.00000e+00	0.00000e+00	0.00000e+00	0.00000e+00	0.00000e+00	0.00000e+00	0.00000e+00	0.00000e+00	0.00000e+00	0.00000e+00	0.00000e+00	0.00000e+00	0.00000e+00	0.00000e+00	0.00000e+00	0.00000e+00	0.00000e+00	0.00000e+00	0.00000e+00	0.00000e+00	0.00000e+00	0.00000e+00	0.00000e+00	0.00000e+00	0.00000e+00	0.00000e+00	0.00000e+00	0.00000e+00	0.00000e+00	0.00000e+00	0.00000e+00	0.00000e+00	0.00000e+00	0.00000e+00	0.00000e+00	0.00000e+00	0.00000e+00	0.00000e+00	0.00000e+00	0.00000e+00	0.00000e+00	0.00000e+00	0.00000e+00	0.00000e+00	0.00000e+00	0.00000e+00	0.00000e+00	0.00000e+00	0.00000e+00	0.00000e+00	0.00000e+00	0.00000e+00	0.00000e+00	0.00000e+00	0.00000e+00	0.00000e+00	0.00000e+00	0.00000e+00	0.00000e+00	0.00000e+00	0.00000e+00	0.00000e+00	0.00000e+00	0.00000e+00	0.00000e+00	0.00000e+00	0.00000e+00	0.00000e+00	0.00000e+00	0.00000e+00	0.00000e+00	0.00000e+00	0.00000e+00	0.00000e+00	0.00000e+00	0.00000e+00	0.00000e+00	0.00000e+00	0.00000e+00	0.00000e+00	0.00000e+00	0.00000e+00	0.00000e+00	0.00000e+00	0.00000e+00	0.00000e+00	0.00000e+00	0.00000e+00	0.00000e+00	0.00000e+00	0.00000e+00	0.00000e+00	0.00000e+00	0.00000e+00	0.00000e+00	0.00000e+00	0.00000e+00	0.00000e+00	0.00000e+00	0.00000e+00	0.00000e+00	0.00000e+00	0.00000e+00	0.00000e+00	0.00000e+00	0.00000e+00	0.00000e+00	0.00000e+00	0.00000e+00	0.00000e+00	0.00000e+00	0.00000e+00	0.00000e+00	0.00000e+00	0.00000e+00	0.00000e+00	0.00000e+00	0.00000e+00	0.00000e+00	0.00000e+00	0.00000e+00	0.00000e+00	0.00000e+00	0.00000e+00	0.00000e+00	0.00000e+00	0.00000e+00	0.00000e+00	0.00000e+00	0.00000e+00	0.00000e+00	0.00000e+00	0.00000e+00	0.00000e+00	0.00000e+00	0.00000e+00	0.00000e+00	0.00000e+00	0.00000e+00	0.00000e+00	0.00000e+00	0.00000e+00	0.00000e+00	0.00000e+00	0.00000e+00	0.00000e+00	0.00000e+00	0.00000e+00	0.00000e+00	0.00000e+00	0.00000e+00	0.00000e+00	0.00000e+00	0.00000e+00	0.00000e+00	0.00000e+00	0.00000e+00
16.17	0.00000e+00	0.00000e+00	0.00000e+00	0.00000e+00	0.00000e+00	0.00000e+00	0.00000e+00	0.00000e+00	0.00000e+00	0.00000e+00	0.00000e+00	0.00000e+00	0.00000e+00	0.00000e+00	0.00000e+00	0.00000e+00	0.00000e+00	0.00000e+00	0.00000e+00	0.00000e+00	0.00000e+00	0.00000e+00	0.00000e+00	0.00000e+00	0.00000e+00	0.00000e+00	0.00000e+00	0.00000e+00	0.00000e+00	0.00000e+00	0.00000e+00	0.00000e+00	0.00000e+00	0.00000e+00	0.00000e+00	0.00000e+00	0.00000e+00	0.00000e+00	0.00000e+00	0.00000e+00	0.00000e+00	0.00000e+00	0.00000e+00	0.00000e+00	0.00000e+00	0.00000e+00	0.00000e+00	0.00000e+00	0.00000e+00	0.00000e+00	0.00000e+00	0.00000e+00	0.00000e+00	0.00000e+00	0.00000e+00	0.00000e+00	0.00000e+00	0.00000e+00	0.00000e+00	0.00000e+00	0.00000e+00	0.00000e+00	0.00000e+00	0.00000e+00	0.00000e+00	0.00000e+00	0.00000e+00	0.00000e+00	0.00000e+00	0.00000e+00	0.00000e+00	0.00000e+00	0.00000e+00	0.00000e+00	0.00000e+00	0.00000e+00	0.00000e+00	0.00000e+00	0.00000e+00	0.00000e+00	0.00000e+00	0.00000e+00	0.00000e+00	0.00000e+00	0.00000e+00	0.00000e+00	0.00000e+00	0.00000e+00	0.00000e+00	0.00000e+00	0.00000e+00	0.00000e+00	0.00000e+00	0.00000e+00	0.00000e+00	0.00000e+00	0.00000e+00	0.00000e+00	0.00000e+00	0.00000e+00	0.00000e+00	0.00000e+00	0.00000e+00	0.00000e+00	0.00000e+00	0.00000e+00	0.00000e+00	0.00000e+00	0.00000e+00	0.00000e+00	0.00000e+00	0.00000e+00	0.00000e+00	0.00000e+00	0.00000e+00	0.00000e+00	0.00000e+00	0.00000e+00	0.00000e+00	0.00000e+00	0.00000e+00	0.00000e+00	0.00000e+00	0.00000e+00	0.00000e+00	0.00000e+00	0.00000e+00	0.00000e+00	0.00000e+00	0.00000e+00	0.00000e+00	0.00000e+00	0.00000e+00	0.00000e+00	0.00000e+00	0.00000e+00	0.00000e+00	0.00000e+00	0.00000e+00	0.00000e+00	0.00000e+00	0.00000e+00	0.00000e+00	0.00000e+00	0.00000e+00	0.00000e+00	0.00000e+00	0.00000e+00	0.00000e+00	0.00000e+00	0.00000e+00	0.00000e+00	0.00000e+00	0.00000e+00	0.00000e+00	0.00000e+00	0.00000e+00	0.00000e+00	0.00000e+00	0.00000e+00	0.00000e+00	0.00000e+00	0.00000e+00	0.00000e+00	0.00000e+00	0.00000e+00	0.00000e+00	0.00000e+00	0.00000e+00	0.00000e+00	0.00000e+00	0.00000e+00	0.00000e+00	0.00000e+00	0.00000e+00	0.00000e+00	0.00000e+00	0.00000e+00	0.00000e+00	0.00000e+00	0.00000e+00	0.00000e+00	0.00000e+00	0.00000e+00	0.00000e+00	0.00000e+00	0.00000e+00	0.00000e+00	0.00000e+00	0.00000e+00	0.00000e+00	0.00000e+00	0.00000e+00	0.00000e+00	0.00000e+00
16.20	0.00000e+00	0.00000e+00	0.00000e+00	0.00000e+00	0.00000e+00	0.00000e+00	0.00000e+00	0.00000e+00	0.00000e+00	0.00000e+00	0.00000e+00	0.00000e+00	0.00000e+00	0.00000e+00	0.00000e+00	0.00000e+00	0.00000e+00	0.00000e+00	0.00000e+00	0.00000e+00	0.00000e+00	0.00000e+00	0.00000e+00	0.00000e+00	0.00000e+00	0.00000e+00	0.00000e+00	0.00000e+00	0.00000e+00	0.00000e+00	0.00000e+00	0.00000e+00	0.00000e+00	0.00000e+00	0.00000e+00	0.00000e+00	0.00000e+00	0.00000e+00	0.00000e+00	0.00000e+00	0.00000e+00	0.00000e+00	0.00000e+00	0.00000e+00	0.00000e+00	0.00000e+00	0.00000e+00	0.00000e+00	0.00000e+00	0.00000e+00	0.00000e+00	0.00000e+00	0.00000e+00	0.00000e+00	0.00000e+00	0.00000e+00	0.00000e+00	0.00000e+00	0.00000e+00	0.00000e+00	0.00000e+00	0.00000e+00	0.00000e+00	0.00000e+00	0.00000e+00	0.00000e+00	0.00000e+00	0.00000e+00	0.00000e+00	0.00000e+00	0.00000e+00	0.00000e+00	0.00000e+00	0.00000e+00	0.00000e+00	0.00000e+00	0.00000e+00	0.00000e+00	0.00000e+00	0.00000e+00	0.00000e+00	0.00000e+00	0.00000e+00	0.00000e+00	0.00000e+00	0.00000e+00	0.00000e+00	0.00000e+00	0.00000e+00	0.00000e+00	0.00000e+00	0.00000e+00	0.00000e+00	0.00000e+00	0.00000e+00	0.00000e+00	0.00000e+00	0.00000e+00	0.00000e+00	0.00000e+00	0.00000e+00	0.00000e+00	0.00000e+00	0.00000e+00	0.00000e+00	0.00000e+00	0.00000e+00	0.00000e+00	0.00000e+00	0.00000e+00	0.00000e+00	0.00000e+00	0.00000e+00	0.00000e+00	0.00000e+00	0.00000e+00	0.00000e+00	0.00000e+00	0.00000e+00	0.00000e+00	0.00000e+00	0.00000e+00	0.00000e+00	0.00000e+00	0.00000e+00	0.00000e+00	0.00000e+00	0.00000e+00	0.00000e+00	0.00000e+00	0.00000e+00	0.00000e+00	0.00000e+00	0.00000e+00	0.00000e+00	0.00000e+00	0.00000e+00	0.00000e+00	0.00000e+00	0.00000e+00	0.00000e+00	0.00000e+00	0.00000e+00	0.00000e+00	0.00000e+00	0.00000e+00	0.00000e+00	0.00000e+00	0.00000e+00	0.00000e+00	0.00000e+00	0.00000e+00	0.00000e+00	0.00000e+00	0.00000e+00	0.00000e+00	0.00000e+00	0.00000e+00	0.00000e+00	0.00000e+00	0.00000e+00	0.00000e+00	0.00000e+00	0.00000e+00	0.00000e+00	0.00000e+00	0.00000e+00	0.00000e+00	0.00000e+00	0.00000e+00	0.00000e+00	0.00000e+00	0.00000e+00	0.00000e+00	0.00000e+00	0.00000e+00	0.00000e+00	0.00000e+00	0.00000e+00	0.00000e+00	0.00000e+00	0.00000e+00	0.00000e+00	0.00000e+00	0.00000e+00	0.00000e+00	0.00000e+00	0.00000e+00	0.00000e+00	0.00000e+00	0.00000e+00	0.00000e+00	0.00000e+00	0.00000e+00	0.00000e+00
16.23	0.00000e+00	0.00000e+00	0.00000e+00	0.00000e+00	0.00000e+00	0.00000e+00	0.00000e+00	0.00000e+00	0.00000e+00	0.00000e+00	0.00000e+00	0.00000e+00	0.00000e+00	0.00000e+00	0.00000e+00	0.00000e+00	0.00000e+00	0.00000e+00	0.00000e+00	0.00000e+00	0.00000e+00	0.00000e+00	0.00000e+00	0.00000e+00	0.00000e+00	0.00000e+00	0.00000e+00	0.00000e+00	0.00000e+00	0.00000e+00	0.00000e+00	0.00000e+00	0.00000e+00	0.00000e+00	0.00000e+00	0.00000e+00	0.00000e+00	0.00000e+00	0.00000e+00	0.00000e+00	0.00000e+00	0.00000e+00	0.00000e+00	0.00000e+00	0.00000e+00	0.00000e+00	0.00000e+00	0.00000e+00	0.00000e+00	0.00000e+00	0.00000e+00	0.00000e+00	0.00000e+00	0.00000e+00	0.00000e+00	0.00000e+00	0.00000e+00	0.00000e+00	0.00000e+00	0.00000e+00	0.00000e+00	0.00000e+00	0.00000e+00	0.00000e+00	0.00000e+00	0.00000e+00	0.00000e+00	0.00000e+00	0.00000e+00	0.00000e+00	0.00000e+00	0.00000e+00	0.00000e+00	0.00000e+00	0.00000e+00	0.00000e+00	0.00000e+00	0.00000e+00	0.00000e+00	0.00000e+00	0.00000e+00	0.00000e+00	0.00000e+00	0.00000e+00	0.00000e+00	0.00000e+00	0.00000e+00	0.00000e+00	0.00000e+00	0.00000e+00	0.00000e+00	0.00000e+00	0.00000e+00	0.00000e+00	0.00000e+00	0.00000e+00	0.00000e+00	0.00000e+00	0.00000e+00	0.00000e+00	0.00000e+00	0.00000e+00	0.00000e+00	0.00000e+00	0.00000e+00	0.00000e+00	0.00000e+00	0.00000e+00	0.00000e+00	0.00000e+00	0.00000e+00	0.00000e+00	0.00000e+00	0.00000e+00	0.00000e+00	0.00000e+00	0.00000e+00	0.00000e+00	0.00000e+00	0.00000e+00	0.00000e+00	0.00000e+00	0.00000e+00	0.00000e+00	0.00000e+00	0.00000e+00	0.00000e+00	0.00000e+00	0.00000e+00	0.00000e+00	0.00000e+00	0.00000e+00	0.00000e+00	0.00000e+00	0.00000e+00	0.00000e+00	0.00000e+00	0.00000e+00	0.00000e+00	0.00000e+00	0.00000e+00	0.00000e+00	0.00000e+00	0.00000e+00	0.00000e+00	0.00000e+00	0.00000e+00	0.00000e+00	0.00000e+00	0.00000e+00	0.00000e+00	0.00000e+00	0.00000e+00	0.00000e+00	0.00000e+00	0.00000e+00	0.00000e+00	0.00000e+00	0.00000e+00	0.00000e+00	0.00000e+00	0.00000e+00	0.00000e+00	0.00000e+00	0.00000e+00	0.00000e+00	0.00000e+00	0.00000e+00	0.00000e+00	0.00000e+00	0.00000e+00	0.00000e+00	0.00000e+00	0.00000e+00	0.00000e+00	0.00000e+00	0.00000e+00	0.00000e+00	0.00000e+00	0.00000e+00	0.00000e+00	0.00000e+00	0.00000e+00	0.00000e+00	0.00000e+00	0.00000e+00	0.00000e+00	0.00000e+00	0.00000e+00	0.00000e+00	0.00000e+00	0.00000e+00	0.00000e+00	0.00000e+00	0.00000e+00
16.27	0.00000e+00	0.00000e+00	0.00000e+00	0.00000e+00	0.00000e+00	0.00000e+00	0.00000e+00	0.00000e+00	0.00000e+00	0.00000e+00	0.00000e+00	0.00000e+00	0.00000e+00	0.00000e+00	0.00000e+00	0.00000e+00	0.00000e+00	0.00000e+00	0.00000e+00	0.00000e+00	0.00000e+00	0.00000e+00	0.00000e+00	0.00000e+00	0.00000e+00	0.00000e+00	0.00000e+00	0.00000e+00	0.00000e+00	0.00000e+00	0.00000e+00	0.00000e+00	0.00000e+00	0.00000e+00	0.00000e+00	0.00000e+00	0.00000e+00	0.00000e+00	0.00000e+00	0.00000e+00	0.00000e+00	0.00000e+00	0.00000e+00	0.00000e+00	0.00000e+00	0.00000e+00	0.00000e+00	0.00000e+00	0.00000e+00	0.00000e+00	0.00000e+00	0.00000e+00	0.00000e+00	0.00000e+00	0.00000e+00	0.00000e+00	0.00000e+00	0.00000e+00	0.00000e+00	0.00000e+00	0.00000e+00	0.00000e+00	0.00000e+00	0.00000e+00	0.00000e+00	0.00000e+00	0.00000e+00	0.00000e+00	0.00000e+00	0.00000e+00	0.00000e+00	0.00000e+00	0.00000e+00	0.00000e+00	0.00000e+00	0.00000e+00	0.00000e+00	0.00000e+00	0.00000e+00	0.00000e+00	0.00000e+00	0.00000e+00	0.00000e+00	0.00000e+00	0.00000e+00	0.00000e+00	0.00000e+00	0.00000e+00	0.00000e+00	0.00000e+00	0.00000e+00	0.00000e+00	0.00000e+00	0.00000e+00	0.00000e+00	0.00000e+00	0.00000e+00	0.00000e+00	0.00000e+00	0.00000e+00	0.00000e+00	0.00000e+00	0.00000e+00	0.00000e+00	0.00000e+00	0.00000e+00	0.00000e+00	0.00000e+00	0.00000e+00	0.00000e+00	0.00000e+00	0.00000e+00	0.00000e+00	0.00000e+00	0.00000e+00	0.00000e+00	0.00000e+00	0.00000e+00	0.00000e+00	0.00000e+00	0.00000e+00	0.00000e+00	0.00000e+00	0.00000e+00	0.00000e+00	0.00000e+00	0.00000e+00	0.00000e+00	0.00000e+00	0.00000e+00	0.00000e+00	0.00000e+00	0.00000e+00	0.00000e+00	0.00000e+00	0.00000e+00	0.00000e+00	0.00000e+00	0.00000e+00	0.00000e+00	0.00000e+00	0.00000e+00	0.00000e+00	0.00000e+00	0.00000e+00	0.00000e+00	0.00000e+00	0.00000e+00	0.00000e+00	0.00000e+00	0.00000e+00	0.00000e+00	0.00000e+00	0.00000e+00	0.00000e+00	0.00000e+00	0.00000e+00	0.00000e+00	0.00000e+00	0.00000e+00	0.00000e+00	0.00000e+00	0.00000e+00	0.00000e+00	0.00000e+00	0.00000e+00	0.00000e+00	0.00000e+00	0.00000e+00	0.00000e+00	0.00000e+00	0.00000e+00	0.00000e+00	0.00000e+00	0.00000e+00	0.00000e+00	0.00000e+00	0.00000e+00	0.00000e+00	0.00000e+00	0.00000e+00	0.00000e+00	0.00000e+00	0.00000e+00	0.00000e+00	0.00000e+00	0.00000e+00	0.00000e+00	0.00000e+00	0.00000e+00	0.00000e+00	0.00000e+00	0.00000e+00	0.00000e+00	0.00000e+00
16.30	0.00000e+00	0.00000e+00	0.00000e+00	0.00000e+00	0.00000e+00	0.00000e+00	0.00000e+00	0.00000e+00	0.00000e+00	0.00000e+00	0.00000e+00	0.00000e+00	0.00000e+00	0.00000e+00	0.00000e+00	0.00000e+00	0.00000e+00	0.00000e+00	0.00000e+00	0.00000e+00	0.00000e+00	0.00000e+00	0.00000e+00	0.00000e+00	0.00000e+00	0.00000e+00	0.00000e+00	0.00000e+00	0.00000e+00	0.00000e+00	0.00000e+00	0.00000e+00	0.00000e+00	0.00000e+00	0.00000e+00	0.00000e+00	0.00000e+00	0.00000e+00	0.00000e+00	0.00000e+00	0.00000e+00	0.00000e+00	0.00000e+00	0.00000e+00	0.00000e+00	0.00000e+00	0.00000e+00	0.00000e+00	0.00000e+00	0.00000e+00	0.00000e+00	0.00000e+00	0.00000e+00	0.00000e+00	0.00000e+00	0.00000e+00	0.00000e+00	0.00000e+00	0.00000e+00	0.00000e+00	0.00000e+00	0.00000e+00	0.00000e+00	0.00000e+00	0.00000e+00	0.00000e+00	0.00000e+00	0.00000e+00	0.00000e+00	0.00000e+00	0.00000e+00	0.00000e+00	0.00000e+00	0.00000e+00	0.00000e+00	0.00000e+00	0.00000e+00	0.00000e+00	0.00000e+00	0.00000e+00	0.00000e+00	0.00000e+00	0.00000e+00	0.00000e+00	0.00000e+00	0.00000e+00	0.00000e+00	0.00000e+00	0.00000e+00	0.00000e+00	0.00000e+00	0.00000e+00	0.00000e+00	0.00000e+00	0.00000e+00	0.00000e+00	0.00000e+00	0.00000e+00	0.00000e+00	0.00000e+00	0.00000e+00	0.00000e+00	0.00000e+00	0.00000e+00	0.00000e+00	0.00000e+00	0.00000e+00	0.00000e+00	0.00000e+00	0.00000e+00	0.00000e+00	0.00000e+00	0.00000e+00	0.00000e+00	0.00000e+00	0.00000e+00	0.00000e+00	0.00000e+00	0.00000e+00	0.00000e+00	0.00000e+00	0.00000e+00	0.00000e+00	0.00000e+00	0.00000e+00	0.00000e+00	0.00000e+00	0.00000e+00	0.00000e+00	0.00000e+00	0.00000e+00	0.00000e+00	0.00000e+00	0.00000e+00	0.00000e+00	0.00000e+00	0.00000e+00	0.00000e+00	0.00000e+00	0.00000e+00	0.00000e+00	0.00000e+00	0.00000e+00	0.00000e+00	0.00000e+00	0.00000e+00	0.00000e+00	0.00000e+00	0.00000e+00	0.00000e+00	0.00000e+00	0.00000e+00	0.00000e+00	0.00000e+00	0.00000e+00	0.00000e+00	0.00000e+00	0.00000e+00	0.00000e+00	0.00000e+00	0.00000e+00	0.00000e+00	0.00000e+00	0.00000e+00	0.00000e+00	0.00000e+00	0.00000e+00	0.00000e+00	0.00000e+00	0.00000e+00	0.00000e+00	0.00000e+00	0.00000e+00	0.00000e+00	0.00000e+00	0.00000e+00	0.00000e+00	0.00000e+00	0.00000e+00	0.00000e+00	0.00000e+00	0.00000e+00	0.00000e+00	0.00000e+00	0.00000e+00	0.00000e+00	0.00000e+00	0.00000e+00	0.00000e+00	0.00000e+00	0.00000e+00	0.00000e+00	0.00000e+00	0.00000e+00	0.00000e+00
16.34	0.00000e+00	0.00000e+00	0.00000e+00	0.00000e+00	0.00000e+00	0.00000e+00	0.00000e+00	0.00000e+00	0.00000e+00	0.00000e+00	0.00000e+00	0.00000e+00	0.00000e+00	0.00000e+00	0.00000e+00	0.00000e+00	0.00000e+00	0.00000e+00	0.00000e+00	0.00000e+00	0.00000e+00	0.00000e+00	0.00000e+00	0.00000e+00	0.00000e+00	0.00000e+00	0.00000e+00	0.00000e+00	0.00000e+00	0.00000e+00	0.00000e+00	0.00000e+00	0.00000e+00	0.00000e+00	0.00000e+00	0.00000e+00	0.00000e+00	0.00000e+00	0.00000e+00	0.00000e+00	0.00000e+00	0.00000e+00	0.00000e+00	0.00000e+00	0.00000e+00	0.00000e+00	0.00000e+00	0.00000e+00	0.00000e+00	0.00000e+00	0.00000e+00	0.00000e+00	0.00000e+00	0.00000e+00	0.00000e+00	0.00000e+00	0.00000e+00	0.00000e+00	0.00000e+00	0.00000e+00	0.00000e+00	0.00000e+00	0.00000e+00	0.00000e+00	0.00000e+00	0.00000e+00	0.00000e+00	0.00000e+00	0.00000e+00	0.00000e+00	0.00000e+00	0.00000e+00	0.00000e+00	0.00000e+00	0.00000e+00	0.00000e+00	0.00000e+00	0.00000e+00	0.00000e+00	0.00000e+00	0.00000e+00	0.00000e+00	0.00000e+00	0.00000e+00	0.00000e+00	0.00000e+00	0.00000e+00	0.00000e+00	0.00000e+00	0.00000e+00	0.00000e+00	0.00000e+00	0.00000e+00	0.00000e+00	0.00000e+00	0.00000e+00	0.00000e+00	0.00000e+00	0.00000e+00	0.00000e+00	0.00000e+00	0.00000e+00	0.00000e+00	0.00000e+00	0.00000e+00	0.00000e+00	0.00000e+00	0.00000e+00	0.00000e+00	0.00000e+00	0.00000e+00	0.00000e+00	0.00000e+00	0.00000e+00	0.00000e+00	0.00000e+00	0.00000e+00	0.00000e+00	0.00000e+00	0.00000e+00	0.00000e+00	0.00000e+00	0.00000e+00	0.00000e+00	0.00000e+00	0.00000e+00	0.00000e+00	0.00000e+00	0.00000e+00	0.00000e+00	0.00000e+00	0.00000e+00	0.00000e+00	0.00000e+00	0.00000e+00	0.00000e+00	0.00000e+00	0.00000e+00	0.00000e+00	0.00000e+00	0.00000e+00	0.00000e+00	0.00000e+00	0.00000e+00	0.00000e+00	0.00000e+00	0.00000e+00	0.00000e+00	0.00000e+00	0.00000e+00	0.00000e+00	0.00000e+00	0.00000e+00	0.00000e+00	0.00000e+00	0.00000e+00	0.00000e+00	0.00000e+00	0.00000e+00	0.00000e+00	0.00000e+00	0.00000e+00	0.00000e+00	0.00000e+00	0.00000e+00	0.00000e+00	0.00000e+00	0.00000e+00	0.00000e+00	0.00000e+00	0.00000e+00	0.00000e+00	0.00000e+00	0.00000e+00	0.00000e+00	0.00000e+00	0.00000e+00	0.00000e+00	0.00000e+00	0.00000e+00	0.00000e+00	0.00000e+00	0.00000e+00	0.00000e+00	0.00000e+00	0.00000e+00	0.00000e+00	0.00000e+00	0.00000e+00	0.00000e+00	0.00000e+00	0.00000e+00	0.00000e+00	0.00000e+00	0.00000e+00
16.37	0.00000e+00	0.00000e+00	0.00000e+00	0.00000e+00	0.00000e+00	0.00000e+00	0.00000e+00	0.00000e+00	0.00000e+00	0.00000e+00	0.00000e+00	0.00000e+00	0.00000e+00	0.00000e+00	0.00000e+00	0.00000e+00	0.00000e+00	0.00000e+00	0.00000e+00	0.00000e+00	0.00000e+00	0.00000e+00	0.00000e+00	0.00000e+00	0.00000e+00	0.00000e+00	0.00000e+00	0.00000e+00	0.00000e+00	0.00000e+00	0.00000e+00	0.00000e+00	0.00000e+00	0.00000e+00	0.00000e+00	0.00000e+00	0.00000e+00	0.00000e+00	0.00000e+00	0.00000e+00	0.00000e+00	0.00000e+00	0.00000e+00	0.00000e+00	0.00000e+00	0.00000e+00	0.00000e+00	0.00000e+00	0.00000e+00	0.00000e+00	0.00000e+00	0.00000e+00	0.00000e+00	0.00000e+00	0.00000e+00	0.00000e+00	0.00000e+00	0.00000e+00	0.00000e+00	0.00000e+00	0.00000e+00	0.00000e+00	0.00000e+00	0.00000e+00	0.00000e+00	0.00000e+00	0.00000e+00	0.00000e+00	0.00000e+00	0.00000e+00	0.00000e+00	0.00000e+00	0.00000e+00	0.00000e+00	0.00000e+00	0.00000e+00	0.00000e+00	0.00000e+00	0.00000e+00	0.00000e+00	0.00000e+00	0.00000e+00	0.00000e+00	0.00000e+00	0.00000e+00	0.00000e+00	0.00000e+00	0.00000e+00	0.00000e+00	0.00000e+00	0.00000e+00	0.00000e+00	0.00000e+00	0.00000e+00	0.00000e+00	0.00000e+00	0.00000e+00	0.00000e+00	0.00000e+00	0.00000e+00	0.00000e+00	0.00000e+00	0.00000e+00	0.00000e+00	0.00000e+00	0.00000e+00	0.00000e+00	0.00000e+00	0.00000e+00	0.00000e+00	0.00000e+00	0.00000e+00	0.00000e+00	0.00000e+00	0.00000e+00	0.00000e+00	0.00000e+00	0.00000e+00	0.00000e+00	0.00000e+00	0.00000e+00	0.00000e+00	0.00000e+00	0.00000e+00	0.00000e+00	0.00000e+00	0.00000e+00	0.00000e+00	0.00000e+00	0.00000e+00	0.00000e+00	0.00000e+00	0.00000e+00	0.00000e+00	0.00000e+00	0.00000e+00	0.00000e+00	0.00000e+00	0.00000e+00	0.00000e+00	0.00000e+00	0.00000e+00	0.00000e+00	0.00000e+00	0.00000e+00	0.00000e+00	0.00000e+00	0.00000e+00	0.00000e+00	0.00000e+00	0.00000e+00	0.00000e+00	0.00000e+00	0.00000e+00	0.00000e+00	0.00000e+00	0.00000e+00	0.00000e+00	0.00000e+00	0.00000e+00	0.00000e+00	0.00000e+00	0.00000e+00	0.00000e+00	0.00000e+00	0.00000e+00	0.00000e+00	0.00000e+00	0.00000e+00	0.00000e+00	0.00000e+00	0.00000e+00	0.00000e+00	0.00000e+00	0.00000e+00	0.00000e+00	0.00000e+00	0.00000e+00	0.00000e+00	0.00000e+00	0.00000e+00	0.00000e+00	0.00000e+00	0.00000e+00	0.00000e+00	0.00000e+00	0.00000e+00	0.00000e+00	0.00000e+00	0.00000e+00	0.00000e+00	0.00000e+00	0.00000e+00	0.00000e+00	0.00000e+00
16.40	0.00000e+00	0.00000e+00	0.00000e+00	0.00000e+00	0.00000e+00	0.00000e+00	0.00000e+00	0.00000e+00	0.00000e+00	0.00000e+00	0.00000e+00	0.00000e+00	0.00000e+00	0.00000e+00	0.00000e+00	0.00000e+00	0.00000e+00	0.00000e+00	0.00000e+00	0.00000e+00	0.00000e+00	0.00000e+00	0.00000e+00	0.00000e+00	0.00000e+00	0.00000e+00	0.00000e+00	0.00000e+00	0.00000e+00	0.00000e+00	0.00000e+00	0.00000e+00	0.00000e+00	0.00000e+00	0.00000e+00	0.00000e+00	0.00000e+00	0.00000e+00	0.00000e+00	0.00000e+00	0.00000e+00	0.00000e+00	0.00000e+00	0.00000e+00	0.00000e+00	0.00000e+00	0.00000e+00	0.00000e+00	0.00000e+00	0.00000e+00	0.00000e+00	0.00000e+00	0.00000e+00	0.00000e+00	0.00000e+00	0.00000e+00	0.00000e+00	0.00000e+00	0.00000e+00	0.00000e+00	0.00000e+00	0.00000e+00	0.00000e+00	0.00000e+00	0.00000e+00	0.00000e+00	0.00000e+00	0.00000e+00	0.00000e+00	0.00000e+00	0.00000e+00	0.00000e+00	0.00000e+00	0.00000e+00	0.00000e+00	0.00000e+00	0.00000e+00	0.00000e+00	0.00000e+00	0.00000e+00	0.00000e+00	0.00000e+00	0.00000e+00	0.00000e+00	0.00000e+00	0.00000e+00	0.00000e+00	0.00000e+00	0.00000e+00	0.00000e+00	0.00000e+00	0.00000e+00	0.00000e+00	0.00000e+00	0.00000e+00	0.00000e+00	0.00000e+00	0.00000e+00	0.00000e+00	0.00000e+00	0.00000e+00	0.00000e+00	0.00000e+00	0.00000e+00	0.00000e+00	0.00000e+00	0.00000e+00	0.00000e+00	0.00000e+00	0.00000e+00	0.00000e+00	0.00000e+00	0.00000e+00	0.00000e+00	0.00000e+00	0.00000e+00	0.00000e+00	0.00000e+00	0.00000e+00	0.00000e+00	0.00000e+00	0.00000e+00	0.00000e+00	0.00000e+00	0.00000e+00	0.00000e+00	0.00000e+00	0.00000e+00	0.00000e+00	0.00000e+00	0.00000e+00	0.00000e+00	0.00000e+00	0.00000e+00	0.00000e+00	0.00000e+00	0.00000e+00	0.00000e+00	0.00000e+00	0.00000e+00	0.00000e+00	0.00000e+00	0.00000e+00	0.00000e+00	0.00000e+00	0.00000e+00	0.00000e+00	0.00000e+00	0.00000e+00	0.00000e+00	0.00000e+00	0.00000e+00	0.00000e+00	0.00000e+00	0.00000e+00	0.00000e+00	0.00000e+00	0.00000e+00	0.00000e+00	0.00000e+00	0.00000e+00	0.00000e+00	0.00000e+00	0.00000e+00	0.00000e+00	0.00000e+00	0.00000e+00	0.00000e+00	0.00000e+00	0.00000e+00	0.00000e+00	0.00000e+00	0.00000e+00	0.00000e+00	0.00000e+00	0.00000e+00	0.00000e+00	0.00000e+00	0.00000e+00	0.00000e+00	0.00000e+00	0.00000e+00	0.00000e+00	0.00000e+00	0.00000e+00	0.00000e+00	0.00000e+00	0.00000e+00	0.00000e+00	0.00000e+00	0.00000e+00	0.00000e+00	0.00000e+00	0.00000e+00	0.00000e+00
16.44	0.00000e+00	0.00000e+00	0.00000e+00	0.00000e+00	0.00000e+00	0.00000e+00	0.00000e+00	0.00000e+00	0.00000e+00	0.00000e+00	0.00000e+00	0.00000e+00	0.00000e+00	0.00000e+00	0.00000e+00	0.00000e+00	0.00000e+00	0.00000e+00	0.00000e+00	0.00000e+00	0.00000e+00	0.00000e+00	0.00000e+00	0.00000e+00	0.00000e+00	0.00000e+00	0.00000e+00	0.00000e+00	0.00000e+00	0.00000e+00	0.00000e+00	0.00000e+00	0.00000e+00	0.00000e+00	0.00000e+00	0.00000e+00	0.00000e+00	0.00000e+00	0.00000e+00	0.00000e+00	0.00000e+00	0.00000e+00	0.00000e+00	0.00000e+00	0.00000e+00	0.00000e+00	0.00000e+00	0.00000e+00	0.00000e+00	0.00000e+00	0.00000e+00	0.00000e+00	0.00000e+00	0.00000e+00	0.00000e+00	0.00000e+00	0.00000e+00	0.00000e+00	0.00000e+00	0.00000e+00	0.00000e+00	0.00000e+00	0.00000e+00	0.00000e+00	0.00000e+00	0.00000e+00	0.00000e+00	0.00000e+00	0.00000e+00	0.00000e+00	0.00000e+00	0.00000e+00	0.00000e+00	0.00000e+00	0.00000e+00	0.00000e+00	0.00000e+00	0.00000e+00	0.00000e+00	0.00000e+00	0.00000e+00	0.00000e+00	0.00000e+00	0.00000e+00	0.00000e+00	0.00000e+00	0.00000e+00	0.00000e+00	0.00000e+00	0.00000e+00	0.00000e+00	0.00000e+00	0.00000e+00	0.00000e+00	0.00000e+00	0.00000e+00	0.00000e+00	0.00000e+00	0.00000e+00	0.00000e+00	0.00000e+00	0.00000e+00	0.00000e+00	0.00000e+00	0.00000e+00	0.00000e+00	0.00000e+00	0.00000e+00	0.00000e+00	0.00000e+00	0.00000e+00	0.00000e+00	0.00000e+00	0.00000e+00	0.00000e+00	0.00000e+00	0.00000e+00	0.00000e+00	0.00000e+00	0.00000e+00	0.00000e+00	0.00000e+00	0.00000e+00	0.00000e+00	0.00000e+00	0.00000e+00	0.00000e+00	0.00000e+00	0.00000e+00	0.00000e+00	0.00000e+00	0.00000e+00	0.00000e+00	0.00000e+00	0.00000e+00	0.00000e+00	0.00000e+00	0.00000e+00	0.00000e+00	0.00000e+00	0.00000e+00	0.00000e+00	0.00000e+00	0.00000e+00	0.00000e+00	0.00000e+00	0.00000e+00	0.00000e+00	0.00000e+00	0.00000e+00	0.00000e+00	0.00000e+00	0.00000e+00	0.00000e+00	0.00000e+00	0.00000e+00	0.00000e+00	0.00000e+00	0.00000e+00	0.00000e+00	0.00000e+00	0.00000e+00	0.00000e+00	0.00000e+00	0.00000e+00	0.00000e+00	0.00000e+00	0.00000e+00	0.00000e+00	0.00000e+00	0.00000e+00	0.00000e+00	0.00000e+00	0.00000e+00	0.00000e+00	0.00000e+00	0.00000e+00	0.00000e+00	0.00000e+00	0.00000e+00	0.00000e+00	0.00000e+00	0.00000e+00	0.00000e+00	0.00000e+00	0.00000e+00	0.00000e+00	0.00000e+00	0.00000e+00	0.00000e+00	0.00000e+00	0.00000e+00	0.00000e+00	0.00000e+00	0.00000e+00
16.47	5.58454e-291	5.58456e-291	5.58456e-291	5.58456e-291	5.58456e-291	5.58456e-291	5.58456e-291	5.58456e-291	5.58456e-291	5.58456e-291	5.58456e-291	5.58456e-291	5.58456e-291	5.58456e-291	5.58456e-291	5.58456e-291	5.58456e-291	5.58456e-291	5.58456e-291	5.58456e-291	5.58456e-291	5.58456e-291	5.58456e-291	5.58456e-291	5.58456e-291	5.58456e-291	5.58456e-291	5.58456e-291	5.58456e-291	5.58456e-291	5.58456e-291	5.58456e-291	5.58456e-291	5.58456e-291	5.58456e-291	5.58456e-291	5.58456e-291	5.58456e-291	5.58456e-291	5.58456e-291	5.58456e-291	5.58456e-291	5.58456e-291	5.58456e-291	5.58456e-291	5.58456e-291	5.58456e-291	5.58456e-291	5.58456e-291	5.58456e-291	5.58456e-291	5.58456e-291	5.58456e-291	5.58456e-291	5.58456e-291	5.58456e-291	5.58456e-291	5.58456e-291	5.58456e-291	5.58456e-291	5.58456e-291	5.58456e-291	5.58456e-291	5.58456e-291	5.58456e-291	5.58456e-291	5.58456e-291	5.58456e-291	5.58456e-291	5.58456e-291	5.58456e-291	5.58456e-291	5.58456e-291	5.58456e-291	5.58456e-291	5.58456e-291	5.58456e-291	5.58456e-291	5.58456e-291	5.58456e-291	5.58456e-291	5.58456e-291	5.58456e-291	5.58456e-291	5.58456e-291	5.58456e-291	5.58456e-291	5.58456e-291	5.58456e-291	5.58456e-291	5.58456e-291	5.58456e-291	5.58456e-291	5.58456e-291	5.58456e-291	5.58456e-291	5.58456e-291	5.58456e-291	5.58456e-291	5.58456e-291	5.58456e-291	5.58456e-291	5.58456e-291	5.58456e-291	5.58456e-291	5.58456e-291	5.58456e-291	5.58456e-291	5.58456e-291	5.58456e-291	5.58456e-291	5.58456e-291	5.58456e-291	5.58456e-291	5.58456e-291	5.58456e-291	5.58456e-291	5.58456e-291	5.58456e-291	5.58456e-291	5.58456e-291	5.58456e-291	5.58456e-291	5.58456e-291	5.58456e-291	5.58456e-291	5.58456e-291	5.58456e-291	5.58456e-291	5.58456e-291	5.58456e-291	5.58456e-291	5.58456e-291	5.58456e-291	5.58456e-291	5.58456e-291	5.58456e-291	5.58456e-291	5.58456e-291	5.58456e-291	5.58456e-291	5.58456e-291	5.58456e-291	5.58456e-291	5.58456e-291	5.58456e-291	5.58456e-291	5.58456e-291	5.58456e-291	5.58456e-291	5.58456e-291	5.58456e-291	5.58456e-291	5.58456e-291	5.58456e-291	5.58456e-291	5.58456e-291	5.58456e-291	5.58456e-291	5.58456e-291	5.58456e-291	5.58456e-291	5.58456e-291	5.58456e-291	5.58456e-291	5.58456e-291	5.58456e-291	5.58456e-291	5.58456e-291	5.58456e-291	5.58456e-291	5.58456e-291	5.58456e-291	5.58456e-291	5.58456e-291	5.58456e-291	5.58456e-291	5.58456e-291	5.58456e-291	5.58456e-291	5.58456e-291	5.58456e-291	5.58456e-291	5.58456e-291	5.58456e-291	5.58456e-291	5.58456e-291	5.58456e-291	5.58456e-291	5.58456e-291	5.58456e-291	5.58456e-291	5.58456e-291	5.58456e-291	5.58456e-291
16.51	1.49435e-272	1.49437e-272	1.49437e-272	1.49437e-272	1.49437e-272	1.49437e-272	1.49437e-272	1.49437e-272	1.49437e-272	1.49437e-272	1.49437e-272	1.49437e-272	1.49437e-272	1.49437e-272	1.49437e-272	1.49437e-272	1.49437e-272	1.49437e-272	1.49437e-272	1.49437e-272	1.49437e-272	1.49437e-272	1.49437e-272	1.49437e-272	1.49437e-272	1.49437e-272	1.49437e-272	1.49437e-272	1.49437e-272	1.49437e-272	1.49437e-272	1.49437e-272	1.49437e-272	1.49437e-272	1.49437e-272	1.49437e-272	1.49437e-272	1.49437e-272	1.49437e-272	1.49437e-272	1.49437e-272	1.49437e-272	1.49437e-272	1.49437e-272	1.49437e-272	1.49437e-272	1.49437e-272	1.49437e-272	1.49437e-272	1.49437e-272	1.49437e-272	1.49437e-272	1.49437e-272	1.49437e-272	1.49437e-272	1.49437e-272	1.49437e-272	1.49437e-272	1.49437e-272	1.49437e-272	1.49437e-272	1.49437e-272	1.49437e-272	1.49437e-272	1.49437e-272	1.49437e-272	1.49437e-272	1.49437e-272	1.49437e-272	1.49437e-272	1.49437e-272	1.49437e-272	1.49437e-272	1.49437e-272	1.49437e-272	1.49437e-272	1.49437e-272	1.49437e-272	1.49437e-272	1.49437e-272	1.49437e-272	1.49437e-272	1.49437e-272	1.49437e-272	1.49437e-272	1.49437e-272	1.49437e-272	1.49437e-272	1.49437e-272	1.49437e-272	1.49437e-272	1.49437e-272	1.49437e-272	1.49437e-272	1.49437e-272	1.49437e-272	1.49437e-272	1.49437e-272	1.49437e-272	1.49437e-272	1.49437e-272	1.49437e-272	1.49437e-272	1.49437e-272	1.49437e-272	1.49437e-272	1.49437e-272	1.49437e-272	1.49437e-272	1.49437e-272	1.49437e-272	1.49437e-272	1.49437e-272	1.49437e-272	1.49437e-272	1.49437e-272	1.49437e-272	1.49437e-272	1.49437e-272	1.49437e-272	1.49437e-272	1.49437e-272	1.49437e-272	1.49437e-272	1.49437e-272	1.49437e-272	1.49437e-272	1.49437e-272	1.49437e-272	1.49437e-272	1.49437e-272	1.49437e-272	1.49437e-272	1.49437e-272	1.49437e-272	1.49437e-272	1.49437e-272	1.49437e-272	1.49437e-272	1.49437e-272	1.49437e-272	1.49437e-272	1.49437e-272	1.49437e-272	1.49437e-272	1.49437e-272	1.49437e-272	1.49437e-272	1.49437e-272	1.49437e-272	1.49437e-272	1.49437e-272	1.49437e-272	1.49437e-272	1.49437e-272	1.49437e-272	1.49437e-272	1.49437e-272	1.49437e-272	1.49437e-272	1.49437e-272	1.49437e-272	1.49437e-272	1.49437e-272	1.49437e-272	1.49437e-272	1.49437e-272	1.49437e-272	1.49437e-272	1.49437e-272	1.49437e-272	1.49437e-272	1.49437e-272	1.49437e-272	1.49437e-272	1.49437e-272	1.49437e-272	1.49437e-272	1.49437e-272	1.49437e-272	1.49437e-272	1.49437e-272	1.49437e-272	1.49437e-272	1.49437e-272	1.49437e-272	1.49437e-272	1.49437e-272	1.49437e-272	1.49437e-272	1.49437e-272	1.49437e-272	1.49437e-272	1.49437e-272	1.49437e-272
16.54	1.63529e-255	1.63534e-255	1.63534e-255	1.63534e-255	1.63534e-255	1.63534e-255	1.63534e-255	1.63534e-255	1.63534e-255	1.63534e-255	1.63534e-255	1.63534e-255	1.63534e-255	1.63534e-255	1.63534e-255	1.63534e-255	1.63534e-255	1.63534e-255	1.63534e-255	1.63534e-255	1.63534e-255	1.63534e-255	1.63534e-255	1.63534e-255	1.63534e-255	1.63534e-255	1.63534e-255	1.63534e-255	1.63534e-255	1.63534e-255	1.63534e-255	1.63534e-255	1.63534e-255	1.63534e-255	1.63534e-255	1.63534e-255	1.63534e-255	1.63534e-255	1.63534e-255	1.63534e-255	1.63534e-255	1.63534e-255	1.63534e-255	1.63534e-255	1.63534e-255	1.63534e-255	1.63534e-255	1.63534e-255	1.63534e-255	1.63534e-255	1.63534e-255	1.63534e-255	1.63534e-255	1.63534e-255	1.63534e-255	1.63534e-255	1.63534e-255	1.63534e-255	1.63534e-255	1.63534e-255	1.63534e-255	1.63534e-255	1.63534e-255	1.63534e-255	1.63534e-255	1.63534e-255	1.63534e-255	1.63534e-255	1.63534e-255	1.63534e-255	1.63534e-255	1.63534e-255	1.63534e-255	1.63534e-255	1.63534e-255	1.63534e-255	1.63534e-255	1.63534e-255	1.63534e-255	1.63534e-255	1.63534e-255	1.63534e-255	1.63534e-255	1.63534e-255	1.63534e-255	1.63534e-255	1.63534e-255	1.63534e-255	1.63534e-255	1.63534e-255	1.63534e-255	1.63534e-255	1.63534e-255	1.63534e-255	1.63534e-255	1.63534e-255	1.63534e-255	1.63534e-255	1.63534e-255	1.63534e-255	1.63534e-255	1.63534e-255	1.63534e-255	1.63534e-255	1.63534e-255	1.63534e-255	1.63534e-255	1.63534e-255	1.63534e-255	1.63534e-255	1.63534e-255	1.63534e-255	1.63534e-255	1.63534e-255	1.63534e-255	1.63534e-255	1.63534e-255	1.63534e-255	1.63534e-255	1.63534e-255	1.63534e-255	1.63534e-255	1.63534e-255	1.63534e-255	1.63534e-255	1.63534e-255	1.63534e-255	1.63534e-255	1.63534e-255	1.63534e-255	1.63534e-255	1.63534e-255	1.63534e-255	1.63534e-255	1.63534e-255	1.63534e-255	1.63534e-255	1.63534e-255	1.63534e-255	1.63534e-255	1.63534e-255	1.63534e-255	1.63534e-255	1.63534e-255	1.63534e-255	1.63534e-255	1.63534e-255	1.63534e-255	1.63534e-255	1.63534e-255	1.63534e-255	1.63534e-255	1.63534e-255	1.63534e-255	1.63534e-255	1.63534e-255	1.63534e-255	1.63534e-255	1.63534e-255	1.63534e-255	1.63534e-255	1.63534e-255	1.63534e-255	1.63534e-255	1.63534e-255	1.63534e-255	1.63534e-255	1.63534e-255	1.63534e-255	1.63534e-255	1.63534e-255	1.63534e-255	1.63534e-255	1.63534e-255	1.63534e-255	1.63534e-255	1.63534e-255	1.63534e-255	1.63534e-255	1.63534e-255	1.63534e-255	1.63534e-255	1.63534e-255	1.63534e-255	1.63534e-255	1.63534e-255	1.63534e-255	1.63534e-255	1.63534e-255	1.63534e-255	1.63534e-255	1.63534e-255	1.63534e-255	1.63534e-255	1.63534e-255
16.58	9.24990e-240	9.25054e-240	9.25054e-240	9.25054e-240	9.25054e-240	9.25054e-240	9.25054e-240	9.25054e-240	9.25054e-240	9.25054e-240	9.25054e-240	9.25054e-240	9.25054e-240	9.25054e-240	9.25054e-240	9.25054e-240	9.25054e-240	9.25054e-240	9.25054e-240	9.25054e-240	9.25054e-240	9.25054e-240	9.25054e-240	9.25054e-240	9.25054e-240	9.25054e-240	9.25054e-240	9.25054e-240	9.25054e-240	9.25054e-240	9.25054e-240	9.25054e-240	9.25054e-240	9.25054e-240	9.25054e-240	9.25054e-240	9.25054e-240	9.25054e-240	9.25054e-240	9.25054e-240	9.25054e-240	9.25054e-240	9.25054e-240	9.25054e-240	9.25054e-240	9.25054e-240	9.25054e-240	9.25054e-240	9.25054e-240	9.25054e-240	9.25054e-240	9.25054e-240	9.25054e-240	9.25054e-240	9.25054e-240	9.25054e-240	9.25054e-240	9.25054e-240	9.25054e-240	9.25054e-240	9.25054e-240	9.25054e-240	9.25054e-240	9.25054e-240	9.25054e-240	9.25054e-240	9.25054e-240	9.25054e-240	9.25054e-240	9.25054e-240	9.25054e-240	9.25054e-240	9.25054e-240	9.25054e-240	9.25054e-240	9.25054e-240	9.25054e-240	9.25054e-240	9.25054e-240	9.25054e-240	9.25054e-240	9.25054e-240	9.25054e-240	9.25054e-240	9.25054e-240	9.25054e-240	9.25054e-240	9.25054e-240	9.25054e-240	9.25054e-240	9.25054e-240	9.25054e-240	9.25054e-240	9.25054e-240	9.25054e-240	9.25054e-240	9.25054e-240	9.25054e-240	9.25054e-240	9.25054e-240	9.25054e-240	9.25054e-240	9.25054e-240	9.25054e-240	9.25054e-240	9.25054e-240	9.25054e-240	9.25054e-240	9.25054e-240	9.25054e-240	9.25054e-240	9.25054e-240	9.25054e-240	9.25054e-240	9.25054e-240	9.25054e-240	9.25054e-240	9.25054e-240	9.25054e-240	9.25054e-240	9.25054e-240	9.25054e-240	9.25054e-240	9.25054e-240	9.25054e-240	9.25054e-240	9.25054e-240	9.25054e-240	9.25054e-240	9.25054e-240	9.25054e-240	9.25054e-240	9.25054e-240	9.25054e-240	9.25054e-240	9.25054e-240	9.25054e-240	9.25054e-240	9.25054e-240	9.25054e-240	9.25054e-240	9.25054e-240	9.25054e-240	9.25054e-240	9.25054e-240	9.25054e-240	9.25054e-240	9.25054e-240	9.25054e-240	9.25054e-240	9.25054e-240	9.25054e-240	9.25054e-240	9.25054e-240	9.25054e-240	9.25054e-240	9.25054e-240	9.25054e-240	9.25054e-240	9.25054e-240	9.25054e-240	9.25054e-240	9.25054e-240	9.25054e-240	9.25054e-240	9.25054e-240	9.25054e-240	9.25054e-240	9.25054e-240	9.25054e-240	9.25054e-240	9.25054e-240	9.25054e-240	9.25054e-240	9.25054e-240	9.25054e-240	9.25054e-240	9.25054e-240	9.25054e-240	9.25054e-240	9.25054e-240	9.25054e-240	9.25054e-240	9.25054e-240	9.25054e-240	9.25054e-240	9.25054e-240	9.25054e-240	9.25054e-240	9.25054e-240	9.25054e-240	9.25054e-240	9.25054e-240	9.25054e-240	9.25054e-240
16.61	3.37915e-225	3.37963e-225	3.37963e-225	3.37963e-225	3.37963e-225	3.37963e-225	3.37963e-225	3.37963e-225	3.37963e-225	3.37963e-225	3.37963e-225	3.37963e-225	3.37963e-225	3.37963e-225	3.37963e-225	3.37963e-225	3.37963e-225	3.37963e-225	3.37963e-225	3.37963e-225	3.37963e-225	3.37963e-225	3.37963e-225	3.37963e-225	3.37963e-225	3.37963e-225	3.37963e-225	3.37963e-225	3.37963e-225	3.37963e-225	3.37963e-225	3.37963e-225	3.37963e-225	3.37963e-225	3.37963e-225	3.37963e-225	3.37963e-225	3.37963e-225	3.37963e-225	3.37963e-225	3.37963e-225	3.37963e-225	3.37963e-225	3.37963e-225	3.37963e-225	3.37963e-225	3.37963e-225	3.37963e-225	3.37963e-225	3.37963e-225	3.37963e-225	3.37963e-225	3.37963e-225	3.37963e-225	3.37963e-225	3.37963e-225	3.37963e-225	3.37963e-225	3.37963e-225	3.37963e-225	3.37963e-225	3.37963e-225	3.37963e-225	3.37963e-225	3.37963e-225	3.37963e-225	3.37963e-225	3.37963e-225	3.37963e-225	3.37963e-225	3.37963e-225	3.37963e-225	3.37963e-225	3.37963e-225	3.37963e-225	3.37963e-225	3.37963e-225	3.37963e-225	3.37963e-225	3.37963e-225	3.37963e-225	3.37963e-225	3.37963e-225	3.37963e-225	3.37963e-225	3.37963e-225	3.37963e-225	3.37963e-225	3.37963e-225	3.37963e-225	3.37963e-225	3.37963e-225	3.37963e-225	3.37963e-225	3.37963e-225	3.37963e-225	3.37963e-225	3.37963e-225	3.37963e-225	3.37963e-225	3.37963e-225	3.37963e-225	3.37963e-225	3.37963e-225	3.37963e-225	3.37963e-225	3.37963e-225	3.37963e-225	3.37963e-225	3.37963e-225	3.37963e-225	3.37963e-225	3.37963e-225	3.37963e-225	3.37963e-225	3.37963e-225	3.37963e-225	3.37963e-225	3.37963e-225	3.37963e-225	3.37963e-225	3.37963e-225	3.37963e-225	3.37963e-225	3.37963e-225	3.37963e-225	3.37963e-225	3.37963e-225	3.37963e-225	3.37963e-225	3.37963e-225	3.37963e-225	3.37963e-225	3.37963e-225	3.37963e-225	3.37963e-225	3.37963e-225	3.37963e-225	3.37963e-225	3.37963e-225	3.37963e-225	3.37963e-225	3.37963e-225	3.37963e-225	3.37963e-225	3.37963e-225	3.37963e-225	3.37963e-225	3.37963e-225	3.37963e-225	3.37963e-225	3.37963e-225	3.37963e-225	3.37963e-225	3.37963e-225	3.37963e-225	3.37963e-225	3.37963e-225	3.37963e-225	3.37963e-225	3.37963e-225	3.37963e-225	3.37963e-225	3.37963e-225	3.37963e-225	3.37963e-225	3.37963e-225	3.37963e-225	3.37963e-225	3.37963e-225	3.37963e-225	3.37963e-225	3.37963e-225	3.37963e-225	3.37963e-225	3.37963e-225	3.37963e-225	3.37963e-225	3.37963e-225	3.37963e-225	3.37963e-225	3.37963e-225	3.37963e-225	3.37963e-225	3.37963e-225	3.37963e-225	3.37963e-225	3.37963e-225	3.37963e-225	3.37963e-225	3.37963e-225	3.37963e-225	3.37963e-225	3.37963e-225	3.37963e-225
16.64	9.94691e-212	9.94966e-212	9.94966e-212	9.94966e-212	9.94966e-212	9.94966e-212	9.94966e-212	9.94966e-212	9.94966e-212	9.94966e-212	9.94966e-212	9.94966e-212	9.94966e-212	9.94966e-212	9.94966e-212	9.94966e-212	9.94966e-212	9.94966e-212	9.94966e-212	9.94966e-212	9.94966e-212	9.94966e-212	9.94966e-212	9.94966e-212	9.94966e-212	9.94966e-212	9.94966e-212	9.94966e-212	9.94966e-212	9.94966e-212	9.94966e-212	9.94966e-212	9.94966e-212	9.94966e-212	9.94966e-212	9.94966e-212	9.94966e-212	9.94966e-212	9.94966e-212	9.94966e-212	9.94966e-212	9.94966e-212	9.94966e-212	9.94966e-212	9.94966e-212	9.94966e-212	9.94966e-212	9.94966e-212	9.94966e-212	9.94966e-212	9.94966e-212	9.94966e-212	9.94966e-212	9.94966e-212	9.94966e-212	9.94966e-212	9.94966e-212	9.94966e-212	9.94966e-212	9.94966e-212	9.94966e-212	9.94966e-212	9.94966e-212	9.94966e-212	9.94966e-212	9.94966e-212	9.94966e-212	9.94966e-212	9.94966e-212	9.94966e-212	9.94966e-212	9.94966e-212	9.94966e-212	9.94966e-212	9.94966e-212	9.94966e-212	9.94966e-212	9.94966e-212	9.94966e-212	9.94966e-212	9.94966e-212	9.94966e-212	9.94966e-212	9.94966e-212	9.94966e-212	9.94966e-212	9.94966e-212	9.94966e-212	9.94966e-212	9.94966e-212	9.94966e-212	9.94966e-212	9.94966e-212	9.94966e-212	9.94966e-212	9.94966e-212	9.94966e-212	9.94966e-212	9.94966e-212	9.94966e-212	9.94966e-212	9.94966e-212	9.94966e-212	9.94966e-212	9.94966e-212	9.94966e-212	9.94966e-212	9.94966e-212	9.94966e-212	9.94966e-212	9.94966e-212	9.94966e-212	9.94966e-212	9.94966e-212	9.94966e-212	9.94966e-212	9.94966e-212	9.94966e-212	9.94966e-212	9.94966e-212	9.94966e-212	9.94966e-212	9.94966e-212	9.94966e-212	9.94966e-212	9.94966e-212	9.94966e-212	9.94966e-212	9.94966e-212	9.94966e-212	9.94966e-212	9.94966e-212	9.94966e-212	9.94966e-212	9.94966e-212	9.94966e-212	9.94966e-212	9.94966e-212	9.94966e-212	9.94966e-212	9.94966e-212	9.94966e-212	9.94966e-212	9.94966e-212	9.94966e-212	9.94966e-212	9.94966e-212	9.94966e-212	9.94966e-212	9.94966e-212	9.94966e-212	9.94966e-212	9.94966e-212	9.94966e-212	9.94966e-212	9.94966e-212	9.94966e-212	9.94966e-212	9.94966e-212	9.94966e-212	9.94966e-212	9.94966e-212	9.94966e-212	9.94966e-212	9.94966e-212	9.94966e-212	9.94966e-212	9.94966e-212	9.94966e-212	9.94966e-212	9.94966e-212	9.94966e-212	9.94966e-212	9.94966e-212	9.94966e-212	9.94966e-212	9.94966e-212	9.94966e-212	9.94966e-212	9.94966e-212	9.94966e-212	9.94966e-212	9.94966e-212	9.94966e-212	9.94966e-212	9.94966e-212	9.94966e-212	9.94966e-212	9.94966e-212	9.94966e-212	9.94966e-212	9.94966e-212	9.94966e-212	9.94966e-212	9.94966e-212
16.68	2.80221e-199	2.80363e-199	2.80363e-199	2.80363e-199	2.80363e-199	2.80363e-199	2.80363e-199	2.80363e-199	2.80363e-199	2.80363e-199	2.80363e-199	2.80363e-199	2.80363e-199	2.80363e-199	2.80363e-199	2.80363e-199	2.80363e-199	2.80363e-199	2.80363e-199	2.80363e-199	2.80363e-199	2.80363e-199	2.80363e-199	2.80363e-199	2.80363e-199	2.80363e-199	2.80363e-199	2.80363e-199	2.80363e-199	2.80363e-199	2.80363e-199	2.80363e-199	2.80363e-199	2.80363e-199	2.80363e-199	2.80363e-199	2.80363e-199	2.80363e-199	2.80363e-199	2.80363e-199	2.80363e-199	2.80363e-199	2.80363e-199	2.80363e-199	2.80363e-199	2.80363e-199	2.80363e-199	2.80363e-199	2.80363e-199	2.80363e-199	2.80363e-199	2.80363e-199	2.80363e-199	2.80363e-199	2.80363e-199	2.80363e-199	2.80363e-199	2.80363e-199	2.80363e-199	2.80363e-199	2.80363e-199	2.80363e-199	2.80363e-199	2.80363e-199	2.80363e-199	2.80363e-199	2.80363e-199	2.80363e-199	2.80363e-199	2.80363e-199	2.80363e-199	2.80363e-199	2.80363e-199	2.80363e-199	2.80363e-199	2.80363e-199	2.80363e-199	2.80363e-199	2.80363e-199	2.80363e-199	2.80363e-199	2.80363e-199	2.80363e-199	2.80363e-199	2.80363e-199	2.80363e-199	2.80363e-199	2.80363e-199	2.80363e-199	2.80363e-199	2.80363e-199	2.80363e-199	2.80363e-199	2.80363e-199	2.80363e-199	2.80363e-199	2.80363e-199	2.80363e-199	2.80363e-199	2.80363e-199	2.80363e-199	2.80363e-199	2.80363e-199	2.80363e-199	2.80363e-199	2.80363e-199	2.80363e-199	2.80363e-199	2.80363e-199	2.80363e-199	2.80363e-199	2.80363e-199	2.80363e-199	2.80363e-199	2.80363e-199	2.80363e-199	2.80363e-199	2.80363e-199	2.80363e-199	2.80363e-199	2.80363e-199	2.80363e-199	2.80363e-199	2.80363e-199	2.80363e-199	2.80363e-199	2.80363e-199	2.80363e-199	2.80363e-199	2.80363e-199	2.80363e-199	2.80363e-199	2.80363e-199	2.80363e-199	2.80363e-199	2.80363e-199	2.80363e-199	2.80363e-199	2.80363e-199	2.80363e-199	2.80363e-199	2.80363e-199	2.80363e-199	2.80363e-199	2.80363e-199	2.80363e-199	2.80363e-199	2.80363e-199	2.80363e-199	2.80363e-199	2.80363e-199	2.80363e-199	2.80363e-199	2.80363e-199	2.80363e-199	2.80363e-199	2.80363e-199	2.80363e-199	2.80363e-199	2.80363e-199	2.80363e-199	2.80363e-199	2.80363e-199	2.80363e-199	2.80363e-199	2.80363e-199	2.80363e-199	2.80363e-199	2.80363e-199	2.80363e-199	2.80363e-199	2.80363e-199	2.80363e-199	2.80363e-199	2.80363e-199	2.80363e-199	2.80363e-199	2.80363e-199	2.80363e-199	2.80363e-199	2.80363e-199	2.80363e-199	2.80363e-199	2.80363e-199	2.80363e-199	2.80363e-199	2.80363e-199	2.80363e-199	2.80363e-199	2.80363e-199	2.80363e-199	2.80363e-199	2.80363e-199	2.80363e-199	2.80363e-199
16.71	9.10776e-188	9.11584e-188	9.11584e-188	9.11584e-188	9.11584e-188	9.11584e-188	9.11584e-188	9.11584e-188	9.11584e-188	9.11584e-188	9.11584e-188	9.11584e-188	9.11584e-188	9.11584e-188	9.11584e-188	9.11584e-188	9.11584e-188	9.11584e-188	9.11584e-188	9.11584e-188	9.11584e-188	9.11584e-188	9.11584e-188	9.11584e-188	9.11584e-188	9.11584e-188	9.11584e-188	9.11584e-188	9.11584e-188	9.11584e-188	9.11584e-188	9.11584e-188	9.11584e-188	9.11584e-188	9.11584e-188	9.11584e-188	9.11584e-188	9.11584e-188	9.11584e-188	9.11584e-188	9.11584e-188	9.11584e-188	9.11584e-188	9.11584e-188	9.11584e-188	9.11584e-188	9.11584e-188	9.11584e-188	9.11584e-188	9.11584e-188	9.11584e-188	9.11584e-188	9.11584e-188	9.11584e-188	9.11584e-188	9.11584e-188	9.11584e-188	9.11584e-188	9.11584e-188	9.11584e-188	9.11584e-188	9.11584e-188	9.11584e-188	9.11584e-188	9.11584e-188	9.11584e-188	9.11584e-188	9.11584e-188	9.11584e-188	9.11584e-188	9.11584e-188	9.11584e-188	9.11584e-188	9.11584e-188	9.11584e-188	9.11584e-188	9.11584e-188	9.11584e-188	9.11584e-188	9.11584e-188	9.11584e-188	9.11584e-188	9.11584e-188	9.11584e-188	9.11584e-188	9.11584e-188	9.11584e-188	9.11584e-188	9.11584e-188	9.11584e-188	9.11584e-188	9.11584e-188	9.11584e-188	9.11584e-188	9.11584e-188	9.11584e-188	9.11584e-188	9.11584e-188	9.11584e-188	9.11584e-188	9.11584e-188	9.11584e-188	9.11584e-188	9.11584e-188	9.11584e-188	9.11584e-188	9.11584e-188	9.11584e-188	9.11584e-188	9.11584e-188	9.11584e-188	9.11584e-188	9.11584e-188	9.11584e-188	9.11584e-188	9.11584e-188	9.11584e-188	9.11584e-188	9.11584e-188	9.11584e-188	9.11584e-188	9.11584e-188	9.11584e-188	9.11584e-188	9.11584e-188	9.11584e-188	9.11584e-188	9.11584e-188	9.11584e-188	9.11584e-188	9.11584e-188	9.11584e-188	9.11584e-188	9.11584e-188	9.11584e-188	9.11584e-188	9.11584e-188	9.11584e-188	9.11584e-188	9.11584e-188	9.11584e-188	9.11584e-188	9.11584e-188	9.11584e-188	9.11584e-188	9.11584e-188	9.11584e-188	9.11584e-188	9.11584e-188	9.11584e-188	9.11584e-188	9.11584e-188	9.11584e-188	9.11584e-188	9.11584e-188	9.11584e-188	9.11584e-188	9.11584e-188	9.11584e-188	9.11584e-188	9.11584e-188	9.11584e-188	9.11584e-188	9.11584e-188	9.11584e-188	9.11584e-188	9.11584e-188	9.11584e-188	9.11584e-188	9.11584e-188	9.11584e-188	9.11584e-188	9.11584e-188	9.11584e-188	9.11584e-188	9.11584e-188	9.11584e-188	9.11584e-188	9.11584e-188	9.11584e-188	9.11584e-188	9.11584e-188	9.11584e-188	9.11584e-188	9.11584e-188	9.11584e-188	9.11584e-188	9.11584e-188	9.11584e-188	9.11584e-188	9.11584e-188	9.11584e-188	9.11584e-188	9.11584e-188	9.11584e-188
16.75	4.01622e-177	4.02217e-177	4.02217e-177	4.02217e-177	4.02217e-177	4.02217e-177	4.02217e-177	4.02217e-177	4.02217e-177	4.02217e-177	4.02217e-177	4.02217e-177	4.02217e-177	4.02217e-177	4.02217e-177	4.02217e-177	4.02217e-177	4.02217e-177	4.02217e-177	4.02217e-177	4.02217e-177	4.02217e-177	4.02217e-177	4.02217e-177	4.02217e-177	4.02217e-177	4.02217e-177	4.02217e-177	4.02217e-177	4.02217e-177	4.02217e-177	4.02217e-177	4.02217e-177	4.02217e-177	4.02217e-177	4.02217e-177	4.02217e-177	4.02217e-177	4.02217e-177	4.02217e-177	4.02217e-177	4.02217e-177	4.02217e-177	4.02217e-177	4.02217e-177	4.02217e-177	4.02217e-177	4.02217e-177	4.02217e-177	4.02217e-177	4.02217e-177	4.02217e-177	4.02217e-177	4.02217e-177	4.02217e-177	4.02217e-177	4.02217e-177	4.02217e-177	4.02217e-177	4.02217e-177	4.02217e-177	4.02217e-177	4.02217e-177	4.02217e-177	4.02217e-177	4.02217e-177	4.02217e-177	4.02217e-177	4.02217e-177	4.02217e-177	4.02217e-177	4.02217e-177	4.02217e-177	4.02217e-177	4.02217e-177	4.02217e-177	4.02217e-177	4.02217e-177	4.02217e-177	4.02217e-177	4.02217e-177	4.02217e-177	4.02217e-177	4.02217e-177	4.02217e-177	4.02217e-177	4.02217e-177	4.02217e-177	4.02217e-177	4.02217e-177	4.02217e-177	4.02217e-177	4.02217e-177	4.02217e-177	4.02217e-177	4.02217e-177	4.02217e-177	4.02217e-177	4.02217e-177	4.02217e-177	4.02217e-177	4.02217e-177	4.02217e-177	4.02217e-177	4.02217e-177	4.02217e-177	4.02217e-177	4.02217e-177	4.02217e-177	4.02217e-177	4.02217e-177	4.02217e-177	4.02217e-177	4.02217e-177	4.02217e-177	4.02217e-177	4.02217e-177	4.02217e-177	4.02217e-177	4.02217e-177	4.02217e-177	4.02217e-177	4.02217e-177	4.02217e-177	4.02217e-177	4.02217e-177	4.02217e-177	4.02217e-177	4.02217e-177	4.02217e-177	4.02217e-177	4.02217e-177	4.02217e-177	4.02217e-177	4.02217e-177	4.02217e-177	4.02217e-177	4.02217e-177	4.02217e-177	4.02217e-177	4.02217e-177	4.02217e-177	4.02217e-177	4.02217e-177	4.02217e-177	4.02217e-177	4.02217e-177	4.02217e-177	4.02217e-177	4.02217e-177	4.02217e-177	4.02217e-177	4.02217e-177	4.02217e-177	4.02217e-177	4.02217e-177	4.02217e-177	4.02217e-177	4.02217e-177	4.02217e-177	4.02217e-177	4.02217e-177	4.02217e-177	4.02217e-177	4.02217e-177	4.02217e-177	4.02217e-177	4.02217e-177	4.02217e-177	4.02217e-177	4.02217e-177	4.02217e-177	4.02217e-177	4.02217e-177	4.02217e-177	4.02217e-177	4.02217e-177	4.02217e-177	4.02217e-177	4.02217e-177	4.02217e-177	4.02217e-177	4.02217e-177	4.02217e-177	4.02217e-177	4.02217e-177	4.02217e-177	4.02217e-177	4.02217e-177	4.02217e-177	4.02217e-177	4.02217e-177	4.02217e-177	4.02217e-177	4.02217e-177
16.78	2.73775e-167	2.74436e-167	2.74436e-167	2.74436e-167	2.74436e-167	2.74436e-167	2.74436e-167	2.74436e-167	2.74436e-167	2.74436e-167	2.74436e-167	2.74436e-167	2.74436e-167	2.74436e-167	2.74436e-167	2.74436e-167	2.74436e-167	2.74436e-167	2.74436e-167	2.74436e-167	2.74436e-167	2.74436e-167	2.74436e-167	2.74436e-167	2.74436e-167	2.74436e-167	2.74436e-167	2.74436e-167	2.74436e-167	2.74436e-167	2.74436e-167	2.74436e-167	2.74436e-167	2.74436e-167	2.74436e-167	2.74436e-167	2.74436e-167	2.74436e-167	2.74436e-167	2.74436e-167	2.74436e-167	2.74436e-167	2.74436e-167	2.74436e-167	2.74436e-167	2.74436e-167	2.74436e-167	2.74436e-167	2.74436e-167	2.74436e-167	2.74436e-167	2.74436e-167	2.74436e-167	2.74436e-167	2.74436e-167	2.74436e-167	2.74436e-167	2.74436e-167	2.74436e-167	2.74436e-167	2.74436e-167	2.74436e-167	2.74436e-167	2.74436e-167	2.74436e-167	2.74436e-167	2.74436e-167	2.74436e-167	2.74436e-167	2.74436e-167	2.74436e-167	2.74436e-167	2.74436e-167	2.74436e-167	2.74436e-167	2.74436e-167	2.74436e-167	2.74436e-167	2.74436e-167	2.74436e-167	2.74436e-167	2.74436e-167	2.74436e-167	2.74436e-167	2.74436e-167	2.74436e-167	2.74436e-167	2.74436e-167	2.74436e-167	2.74436e-167	2.74436e-167	2.74436e-167	2.74436e-167	2.74436e-167	2.74436e-167	2.74436e-167	2.74436e-167	2.74436e-167	2.74436e-167	2.74436e-167	2.74436e-167	2.74436e-167	2.74436e-167	2.74436e-167	2.74436e-167	2.74436e-167	2.74436e-167	2.74436e-167	2.74436e-167	2.74436e-167	2.74436e-167	2.74436e-167	2.74436e-167	2.74436e-167	2.74436e-167	2.74436e-167	2.74436e-167	2.74436e-167	2.74436e-167	2.74436e-167	2.74436e-167	2.74436e-167	2.74436e-167	2.74436e-167	2.74436e-167	2.74436e-167	2.74436e-167	2.74436e-167	2.74436e-167	2.74436e-167	2.74436e-167	2.74436e-167	2.74436e-167	2.74436e-167	2.74436e-167	2.74436e-167	2.74436e-167	2.74436e-167	2.74436e-167	2.74436e-167	2.74436e-167	2.74436e-167	2.74436e-167	2.74436e-167	2.74436e-167	2.74436e-167	2.74436e-167	2.74436e-167	2.74436e-167	2.74436e-167	2.74436e-167	2.74436e-167	2.74436e-167	2.74436e-167	2.74436e-167	2.74436e-167	2.74436e-167	2.74436e-167	2.74436e-167	2.74436e-167	2.74436e-167	2.74436e-167	2.74436e-167	2.74436e-167	2.74436e-167	2.74436e-167	2.74436e-167	2.74436e-167	2.74436e-167	2.74436e-167	2.74436e-167	2.74436e-167	2.74436e-167	2.74436e-167	2.74436e-167	2.74436e-167	2.74436e-167	2.74436e-167	2.74436e-167	2.74436e-167	2.74436e-167	2.74436e-167	2.74436e-167	2.74436e-167	2.74436e-167	2.74436e-167	2.74436e-167	2.74436e-167	2.74436e-167	2.74436e-167	2.74436e-167	2.74436e-167	2.74436e-167	2.74436e-167	2.74436e-167
16.81	3.37384e-158	3.38671e-158	3.38671e-158	3.38671e-158	3.38671e-158	3.38671e-158	3.38671e-158	3.38671e-158	3.38671e-158	3.38671e-158	3.38671e-158	3.38671e-158	3.38671e-158	3.38671e-158	3.38671e-158	3.38671e-158	3.38671e-158	3.38671e-158	3.38671e-158	3.38671e-158	3.38671e-158	3.38671e-158	3.38671e-158	3.38671e-158	3.38671e-158	3.38671e-158	3.38671e-158	3.38671e-158	3.38671e-158	3.38671e-158	3.38671e-158	3.38671e-158	3.38671e-158	3.38671e-158	3.38671e-158	3.38671e-158	3.38671e-158	3.38671e-158	3.38671e-158	3.38671e-158	3.38671e-158	3.38671e-158	3.38671e-158	3.38671e-158	3.38671e-158	3.38671e-158	3.38671e-158	3.38671e-158	3.38671e-158	3.38671e-158	3.38671e-158	3.38671e-158	3.38671e-158	3.38671e-158	3.38671e-158	3.38671e-158	3.38671e-158	3.38671e-158	3.38671e-158	3.38671e-158	3.38671e-158	3.38671e-158	3.38671e-158	3.38671e-158	3.38671e-158	3.38671e-158	3.38671e-158	3.38671e-158	3.38671e-158	3.38671e-158	3.38671e-158	3.38671e-158	3.38671e-158	3.38671e-158	3.38671e-158	3.38671e-158	3.38671e-158	3.38671e-158	3.38671e-158	3.38671e-158	3.38671e-158	3.38671e-158	3.38671e-158	3.38671e-158	3.38671e-158	3.38671e-158	3.38671e-158	3.38671e-158	3.38671e-158	3.38671e-158	3.38671e-158	3.38671e-158	3.38671e-158	3.38671e-158	3.38671e-158	3.38671e-158	3.38671e-158	3.38671e-158	3.38671e-158	3.38671e-158	3.38671e-158	3.38671e-158	3.38671e-158	3.38671e-158	3.38671e-158	3.38671e-158	3.38671e-158	3.38671e-158	3.38671e-158	3.38671e-158	3.38671e-158	3.38671e-158	3.38671e-158	3.38671e-158	3.38671e-158	3.38671e-158	3.38671e-158	3.38671e-158	3.38671e-158	3.38671e-158	3.38671e-158	3.38671e-158	3.38671e-158	3.38671e-158	3.38671e-158	3.38671e-158	3.38671e-158	3.38671e-158	3.38671e-158	3.38671e-158	3.38671e-158	3.38671e-158	3.38671e-158	3.38671e-158	3.38671e-158	3.38671e-158	3.38671e-158	3.38671e-158	3.38671e-158	3.38671e-158	3.38671e-158	3.38671e-158	3.38671e-158	3.38671e-158	3.38671e-158	3.38671e-158	3.38671e-158	3.38671e-158	3.38671e-158	3.38671e-158	3.38671e-158	3.38671e-158	3.38671e-158	3.38671e-158	3.38671e-158	3.38671e-158	3.38671e-158	3.38671e-158	3.38671e-158	3.38671e-158	3.38671e-158	3.38671e-158	3.38671e-158	3.38671e-158	3.38671e-158	3.38671e-158	3.38671e-158	3.38671e-158	3.38671e-158	3.38671e-158	3.38671e-158	3.38671e-158	3.38671e-158	3.38671e-158	3.38671e-158	3.38671e-158	3.38671e-158	3.38671e-158	3.38671e-158	3.38671e-158	3.38671e-158	3.38671e-158	3.38671e-158	3.38671e-158	3.38671e-158	3.38671e-158	3.38671e-158	3.38671e-158	3.38671e-158	3.38671e-158	3.38671e-158	3.38671e-158	3.38671e-158	3.38671e-158	3.38671e-158
16.85	8.61334e-150	8.66297e-150	8.66297e-150	8.66297e-150	8.66297e-150	8.66297e-150	8.66297e-150	8.66297e-150	8.66297e-150	8.66297e-150	8.66297e-150	8.66297e-150	8.66297e-150	8.66297e-150	8.66297e-150	8.66297e-150	8.66297e-150	8.66297e-150	8.66297e-150	8.66297e-150	8.66297e-150	8.66297e-150	8.66297e-150	8.66297e-150	8.66297e-150	8.66297e-150	8.66297e-150	8.66297e-150	8.66297e-150	8.66297e-150	8.66297e-150	8.66297e-150	8.66297e-150	8.66297e-150	8.66297e-150	8.66297e-150	8.66297e-150	8.66297e-150	8.66297e-150	8.66297e-150	8.66297e-150	8.66297e-150	8.66297e-150	8.66297e-150	8.66297e-150	8.66297e-150	8.66297e-150	8.66297e-150	8.66297e-150	8.66297e-150	8.66297e-150	8.66297e-150	8.66297e-150	8.66297e-150	8.66297e-150	8.66297e-150	8.66297e-150	8.66297e-150	8.66297e-150	8.66297e-150	8.66297e-150	8.66297e-150	8.66297e-150	8.66297e-150	8.66297e-150	8.66297e-150	8.66297e-150	8.66297e-150	8.66297e-150	8.66297e-150	8.66297e-150	8.66297e-150	8.66297e-150	8.66297e-150	8.66297e-150	8.66297e-150	8.66297e-150	8.66297e-150	8.66297e-150	8.66297e-150	8.66297e-150	8.66297e-150	8.66297e-150	8.66297e-150	8.66297e-150	8.66297e-150	8.66297e-150	8.66297e-150	8.66297e-150	8.66297e-150	8.66297e-150	8.66297e-150	8.66297e-150	8.66297e-150	8.66297e-150	8.66297e-150	8.66297e-150	8.66297e-150	8.66297e-150	8.66297e-150	8.66297e-150	8.66297e-150	8.66297e-150	8.66297e-150	8.66297e-150	8.66297e-150	8.66297e-150	8.66297e-150	8.66297e-150	8.66297e-150	8.66297e-150	8.66297e-150	8.66297e-150	8.66297e-150	8.66297e-150	8.66297e-150	8.66297e-150	8.66297e-150	8.66297e-150	8.66297e-150	8.66297e-150	8.66297e-150	8.66297e-150	8.66297e-150	8.66297e-150	8.66297e-150	8.66297e-150	8.66297e-150	8.66297e-150	8.66297e-150	8.66297e-150	8.66297e-150	8.66297e-150	8.66297e-150	8.66297e-150	8.66297e-150	8.66297e-150	8.66297e-150	8.66297e-150	8.66297e-150	8.66297e-150	8.66297e-150	8.66297e-150	8.66297e-150	8.66297e-150	8.66297e-150	8.66297e-150	8.66297e-150	8.66297e-150	8.66297e-150	8.66297e-150	8.66297e-150	8.66297e-150	8.66297e-150	8.66297e-150	8.66297e-150	8.66297e-150	8.66297e-150	8.66297e-150	8.66297e-150	8.66297e-150	8.66297e-150	8.66297e-150	8.66297e-150	8.66297e-150	8.66297e-150	8.66297e-150	8.66297e-150	8.66297e-150	8.66297e-150	8.66297e-150	8.66297e-150	8.66297e-150	8.66297e-150	8.66297e-150	8.66297e-150	8.66297e-150	8.66297e-150	8.66297e-150	8.66297e-150	8.66297e-150	8.66297e-150	8.66297e-150	8.66297e-150	8.66297e-150	8.66297e-150	8.66297e-150	8.66297e-150	8.66297e-150	8.66297e-150	8.66297e-150	8.66297e-150	8.66297e-150	8.66297e-150	8.66297e-150
16.88	5.01821e-142	5.06090e-142	5.06090e-142	5.06090e-142	5.06090e-142	5.06090e-142	5.06090e-142	5.06090e-142	5.06090e-142	5.06090e-142	5.06090e-142	5.06090e-142	5.06090e-142	5.06090e-142	5.06090e-142	5.06090e-142	5.06090e-142	5.06090e-142	5.06090e-142	5.06090e-142	5.06090e-142	5.06090e-142	5.06090e-142	5.06090e-142	5.06090e-142	5.06090e-142	5.06090e-142	5.06090e-142	5.06090e-142	5.06090e-142	5.06090e-142	5.06090e-142	5.06090e-142	5.06090e-142	5.06090e-142	5.06090e-142	5.06090e-142	5.06090e-142	5.06090e-142	5.06090e-142	5.06090e-142	5.06090e-142	5.06090e-142	5.06090e-142	5.06090e-142	5.06090e-142	5.06090e-142	5.06090e-142	5.06090e-142	5.06090e-142	5.06090e-142	5.06090e-142	5.06090e-142	5.06090e-142	5.06090e-142	5.06090e-142	5.06090e-142	5.06090e-142	5.06090e-142	5.06090e-142	5.06090e-142	5.06090e-142	5.06090e-142	5.06090e-142	5.06090e-142	5.06090e-142	5.06090e-142	5.06090e-142	5.06090e-142	5.06090e-142	5.06090e-142	5.06090e-142	5.06090e-142	5.06090e-142	5.06090e-142	5.06090e-142	5.06090e-142	5.06090e-142	5.06090e-142	5.06090e-142	5.06090e-142	5.06090e-142	5.06090e-142	5.06090e-142	5.06090e-142	5.06090e-142	5.06090e-142	5.06090e-142	5.06090e-142	5.06090e-142	5.06090e-142	5.06090e-142	5.06090e-142	5.06090e-142	5.06090e-142	5.06090e-142	5.06090e-142	5.06090e-142	5.06090e-142	5.06090e-142	5.06090e-142	5.06090e-142	5.06090e-142	5.06090e-142	5.06090e-142	5.06090e-142	5.06090e-142	5.06090e-142	5.06090e-142	5.06090e-142	5.06090e-142	5.06090e-142	5.06090e-142	5.06090e-142	5.06090e-142	5.06090e-142	5.06090e-142	5.06090e-142	5.06090e-142	5.06090e-142	5.06090e-142	5.06090e-142	5.06090e-142	5.06090e-142	5.06090e-142	5.06090e-142	5.06090e-142	5.06090e-142	5.06090e-142	5.06090e-142	5.06090e-142	5.06090e-142	5.06090e-142	5.06090e-142	5.06090e-142	5.06090e-142	5.06090e-142	5.06090e-142	5.06090e-142	5.06090e-142	5.06090e-142	5.06090e-142	5.06090e-142	5.06090e-142	5.06090e-142	5.06090e-142	5.06090e-142	5.06090e-142	5.06090e-142	5.06090e-142	5.06090e-142	5.06090e-142	5.06090e-142	5.06090e-142	5.06090e-142	5.06090e-142	5.06090e-142	5.06090e-142	5.06090e-142	5.06090e-142	5.06090e-142	5.06090e-142	5.06090e-142	5.06090e-142	5.06090e-142	5.06090e-142	5.06090e-142	5.06090e-142	5.06090e-142	5.06090e-142	5.06090e-142	5.06090e-142	5.06090e-142	5.06090e-142	5.06090e-142	5.06090e-142	5.06090e-142	5.06090e-142	5.06090e-142	5.06090e-142	5.06090e-142	5.06090e-142	5.06090e-142	5.06090e-142	5.06090e-142	5.06090e-142	5.06090e-142	5.06090e-142	5.06090e-142	5.06090e-142	5.06090e-142	5.06090e-142	5.06090e-142	5.06090e-142	5.06090e-142
16.92	7.55747e-135	7.64949e-135	7.64949e-135	7.64949e-135	7.64949e-135	7.64949e-135	7.64949e-135	7.64949e-135	7.64949e-135	7.64949e-135	7.64949e-135	7.64949e-135	7.64949e-135	7.64949e-135	7.64949e-135	7.64949e-135	7.64949e-135	7.64949e-135	7.64949e-135	7.64949e-135	7.64949e-135	7.64949e-135	7.64949e-135	7.64949e-135	7.64949e-135	7.64949e-135	7.64949e-135	7.64949e-135	7.64949e-135	7.64949e-135	7.64949e-135	7.64949e-135	7.64949e-135	7.64949e-135	7.64949e-135	7.64949e-135	7.64949e-135	7.64949e-135	7.64949e-135	7.64949e-135	7.64949e-135	7.64949e-135	7.64949e-135	7.64949e-135	7.64949e-135	7.64949e-135	7.64949e-135	7.64949e-135	7.64949e-135	7.64949e-135	7.64949e-135	7.64949e-135	7.64949e-135	7.64949e-135	7.64949e-135	7.64949e-135	7.64949e-135	7.64949e-135	7.64949e-135	7.64949e-135	7.64949e-135	7.64949e-135	7.64949e-135	7.64949e-135	7.64949e-135	7.64949e-135	7.64949e-135	7.64949e-135	7.64949e-135	7.64949e-135	7.64949e-135	7.64949e-135	7.64949e-135	7.64949e-135	7.64949e-135	7.64949e-135	7.64949e-135	7.64949e-135	7.64949e-135	7.64949e-135	7.64949e-135	7.64949e-135	7.64949e-135	7.64949e-135	7.64949e-135	7.64949e-135	7.64949e-135	7.64949e-135	7.64949e-135	7.64949e-135	7.64949e-135	7.64949e-135	7.64949e-135	7.64949e-135	7.64949e-135	7.64949e-135	7.64949e-135	7.64949e-135	7.64949e-135	7.64949e-135	7.64949e-135	7.64949e-135	7.64949e-135	7.64949e-135	7.64949e-135	7.64949e-135	7.64949e-135	7.64949e-135	7.64949e-135	7.64949e-135	7.64949e-135	7.64949e-135	7.64949e-135	7.64949e-135	7.64949e-135	7.64949e-135	7.64949e-135	7.64949e-135	7.64949e-135	7.64949e-135	7.64949e-135	7.64949e-135	7.64949e-135	7.64949e-135	7.64949e-135	7.64949e-135	7.64949e-135	7.64949e-135	7.64949e-135	7.64949e-135	7.64949e-135	7.64949e-135	7.64949e-135	7.64949e-135	7.64949e-135	7.64949e-135	7.64949e-135	7.64949e-135	7.64949e-135	7.64949e-135	7.64949e-135	7.64949e-135	7.64949e-135	7.64949e-135	7.64949e-135	7.64949e-135	7.64949e-135	7.64949e-135	7.64949e-135	7.64949e-135	7.64949e-135	7.64949e-135	7.64949e-135	7.64949e-135	7.64949e-135	7.64949e-135	7.64949e-135	7.64949e-135	7.64949e-135	7.64949e-135	7.64949e-135	7.64949e-135	7.64949e-135	7.64949e-135	7.64949e-135	7.64949e-135	7.64949e-135	7.64949e-135	7.64949e-135	7.64949e-135	7.64949e-135	7.64949e-135	7.64949e-135	7.64949e-135	7.64949e-135	7.64949e-135	7.64949e-135	7.64949e-135	7.64949e-135	7.64949e-135	7.64949e-135	7.64949e-135	7.64949e-135	7.64949e-135	7.64949e-135	7.64949e-135	7.64949e-135	7.64949e-135	7.64949e-135	7.64949e-135	7.64949e-135	7.64949e-135	7.64949e-135	7.64949e-135	7.64949e-135
16.95	3.24414e-128	3.29982e-128	3.29982e-128	3.29982e-128	3.29982e-128	3.29982e-128	3.29982e-128	3.29982e-128	3.29982e-128	3.29982e-128	3.29982e-128	3.29982e-128	3.29982e-128	3.29982e-128	3.29982e-128	3.29982e-128	3.29982e-128	3.29982e-128	3.29982e-128	3.29982e-128	3.29982e-128	3.29982e-128	3.29982e-128	3.29982e-128	3.29982e-128	3.29982e-128	3.29982e-128	3.29982e-128	3.29982e-128	3.29982e-128	3.29982e-128	3.29982e-128	3.29982e-128	3.29982e-128	3.29982e-128	3.29982e-128	3.29982e-128	3.29982e-128	3.29982e-128	3.29982e-128	3.29982e-128	3.29982e-128	3.29982e-128	3.29982e-128	3.29982e-128	3.29982e-128	3.29982e-128	3.29982e-128	3.29982e-128	3.29982e-128	3.29982e-128	3.29982e-128	3.29982e-128	3.29982e-128	3.29982e-128	3.29982e-128	3.29982e-128	3.29982e-128	3.29982e-128	3.29982e-128	3.29982e-128	3.29982e-128	3.29982e-128	3.29982e-128	3.29982e-128	3.29982e-128	3.29982e-128	3.29982e-128	3.29982e-128	3.29982e-128	3.29982e-128	3.29982e-128	3.29982e-128	3.29982e-128	3.29982e-128	3.29982e-128	3.29982e-128	3.29982e-128	3.29982e-128	3.29982e-128	3.29982e-128	3.29982e-128	3.29982e-128	3.29982e-128	3.29982e-128	3.29982e-128	3.29982e-128	3.29982e-128	3.29982e-128	3.29982e-128	3.29982e-128	3.29982e-128	3.29982e-128	3.29982e-128	3.29982e-128	3.29982e-128	3.29982e-128	3.29982e-128	3.29982e-128	3.29982e-128	3.29982e-128	3.29982e-128	3.29982e-128	3.29982e-128	3.29982e-128	3.29982e-128	3.29982e-128	3.29982e-128	3.29982e-128	3.29982e-128	3.29982e-128	3.29982e-128	3.29982e-128	3.29982e-128	3.29982e-128	3.29982e-128	3.29982e-128	3.29982e-128	3.29982e-128	3.29982e-128	3.29982e-128	3.29982e-128	3.29982e-128	3.29982e-128	3.29982e-128	3.29982e-128	3.29982e-128	3.29982e-128	3.29982e-128	3.29982e-128	3.29982e-128	3.29982e-128	3.29982e-128	3.29982e-128	3.29982e-128	3.29982e-128	3.29982e-128	3.29982e-128	3.29982e-128	3.29982e-128	3.29982e-128	3.29982e-128	3.29982e-128	3.29982e-128	3.29982e-128	3.29982e-128	3.29982e-128	3.29982e-128	3.29982e-128	3.29982e-128	3.29982e-128	3.29982e-128	3.29982e-128	3.29982e-128	3.29982e-128	3.29982e-128	3.29982e-128	3.29982e-128	3.29982e-128	3.29982e-128	3.29982e-128	3.29982e-128	3.29982e-128	3.29982e-128	3.29982e-128	3.29982e-128	3.29982e-128	3.29982e-128	3.29982e-128	3.29982e-128	3.29982e-128	3.29982e-128	3.29982e-128	3.29982e-128	3.29982e-128	3.29982e-128	3.29982e-128	3.29982e-128	3.29982e-128	3.29982e-128	3.29982e-128	3.29982e-128	3.29982e-128	3.29982e-128	3.29982e-128	3.29982e-128	3.29982e-128	3.29982e-128	3.29982e-128	3.29982e-128	3.29982e-128	3.29982e-128	3.29982e-128	3.29982e-128	3.29982e-128
16.98	4.37451e-122	4.47656e-122	4.47656e-122	4.47656e-122	4.47656e-122	4.47656e-122	4.47656e-122	4.47656e-122	4.47656e-122	4.47656e-122	4.47656e-122	4.47656e-122	4.47656e-122	4.47656e-122	4.47656e-122	4.47656e-122	4.47656e-122	4.47656e-122	4.47656e-122	4.47656e-122	4.47656e-122	4.47656e-122	4.47656e-122	4.47656e-122	4.47656e-122	4.47656e-122	4.47656e-122	4.47656e-122	4.47656e-122	4.47656e-122	4.47656e-122	4.47656e-122	4.47656e-122	4.47656e-122	4.47656e-122	4.47656e-122	4.47656e-122	4.47656e-122	4.47656e-122	4.47656e-122	4.47656e-122	4.47656e-122	4.47656e-122	4.47656e-122	4.47656e-122	4.47656e-122	4.47656e-122	4.47656e-122	4.47656e-122	4.47656e-122	4.47656e-122	4.47656e-122	4.47656e-122	4.47656e-122	4.47656e-122	4.47656e-122	4.47656e-122	4.47656e-122	4.47656e-122	4.47656e-122	4.47656e-122	4.47656e-122	4.47656e-122	4.47656e-122	4.47656e-122	4.47656e-122	4.47656e-122	4.47656e-122	4.47656e-122	4.47656e-122	4.47656e-122	4.47656e-122	4.47656e-122	4.47656e-122	4.47656e-122	4.47656e-122	4.47656e-122	4.47656e-122	4.47656e-122	4.47656e-122	4.47656e-122	4.47656e-122	4.47656e-122	4.47656e-122	4.47656e-122	4.47656e-122	4.47656e-122	4.47656e-122	4.47656e-122	4.47656e-122	4.47656e-122	4.47656e-122	4.47656e-122	4.47656e-122	4.47656e-122	4.47656e-122	4.47656e-122	4.47656e-122	4.47656e-122	4.47656e-122	4.47656e-122	4.47656e-122	4.47656e-122	4.47656e-122	4.47656e-122	4.47656e-122	4.47656e-122	4.47656e-122	4.47656e-122	4.47656e-122	4.47656e-122	4.47656e-122	4.47656e-122	4.47656e-122	4.47656e-122	4.47656e-122	4.47656e-122	4.47656e-122	4.47656e-122	4.47656e-122	4.47656e-122	4.47656e-122	4.47656e-122	4.47656e-122	4.47656e-122	4.47656e-122	4.47656e-122	4.47656e-122	4.47656e-122	4.47656e-122	4.47656e-122	4.47656e-122	4.47656e-122	4.47656e-122	4.47656e-122	4.47656e-122	4.47656e-122	4.47656e-122	4.47656e-122	4.47656e-122	4.47656e-122	4.47656e-122	4.47656e-122	4.47656e-122	4.47656e-122	4.47656e-122	4.47656e-122	4.47656e-122	4.47656e-122	4.47656e-122	4.47656e-122	4.47656e-122	4.47656e-122	4.47656e-122	4.47656e-122	4.47656e-122	4.47656e-122	4.47656e-122	4.47656e-122	4.47656e-122	4.47656e-122	4.47656e-122	4.47656e-122	4.47656e-122	4.47656e-122	4.47656e-122	4.47656e-122	4.47656e-122	4.47656e-122	4.47656e-122	4.47656e-122	4.47656e-122	4.47656e-122	4.47656e-122	4.47656e-122	4.47656e-122	4.47656e-122	4.47656e-122	4.47656e-122	4.47656e-122	4.47656e-122	4.47656e-122	4.47656e-122	4.47656e-122	4.47656e-122	4.47656e-122	4.47656e-122	4.47656e-122	4.47656e-122	4.47656e-122	4.47656e-122	4.47656e-122	4.47656e-122	4.47656e-122	4.47656e-122
17.02	2.02426e-116	2.08804e-116	2.08804e-116	2.08804e-116	2.08804e-116	2.08804e-116	2.08804e-116	2.08804e-116	2.08804e-116	2.08804e-116	2.08804e-116	2.08804e-116	2.08804e-116	2.08804e-116	2.08804e-116	2.08804e-116	2.08804e-116	2.08804e-116	2.08804e-116	2.08804e-116	2.08804e-116	2.08804e-116	2.08804e-116	2.08804e-116	2.08804e-116	2.08804e-116	2.08804e-116	2.08804e-116	2.08804e-116	2.08804e-116	2.08804e-116	2.08804e-116	2.08804e-116	2.08804e-116	2.08804e-116	2.08804e-116	2.08804e-116	2.08804e-116	2.08804e-116	2.08804e-116	2.08804e-116	2.08804e-116	2.08804e-116	2.08804e-116	2.08804e-116	2.08804e-116	2.08804e-116	2.08804e-116	2.08804e-116	2.08804e-116	2.08804e-116	2.08804e-116	2.08804e-116	2.08804e-116	2.08804e-116	2.08804e-116	2.08804e-116	2.08804e-116	2.08804e-116	2.08804e-116	2.08804e-116	2.08804e-116	2.08804e-116	2.08804e-116	2.08804e-116	2.08804e-116	2.08804e-116	2.08804e-116	2.08804e-116	2.08804e-116	2.08804e-116	2.08804e-116	2.08804e-116	2.08804e-116	2.08804e-116	2.08804e-116	2.08804e-116	2.08804e-116	2.08804e-116	2.08804e-116	2.08804e-116	2.08804e-116	2.08804e-116	2.08804e-116	2.08804e-116	2.08804e-116	2.08804e-116	2.08804e-116	2.08804e-116	2.08804e-116	2.08804e-116	2.08804e-116	2.08804e-116	2.08804e-116	2.08804e-116	2.08804e-116	2.08804e-116	2.08804e-116	2.08804e-116	2.08804e-116	2.08804e-116	2.08804e-116	2.08804e-116	2.08804e-116	2.08804e-116	2.08804e-116	2.08804e-116	2.08804e-116	2.08804e-116	2.08804e-116	2.08804e-116	2.08804e-116	2.08804e-116	2.08804e-116	2.08804e-116	2.08804e-116	2.08804e-116	2.08804e-116	2.08804e-116	2.08804e-116	2.08804e-116	2.08804e-116	2.08804e-116	2.08804e-116	2.08804e-116	2.08804e-116	2.08804e-116	2.08804e-116	2.08804e-116	2.08804e-116	2.08804e-116	2.08804e-116	2.08804e-116	2.08804e-116	2.08804e-116	2.08804e-116	2.08804e-116	2.08804e-116	2.08804e-116	2.08804e-116	2.08804e-116	2.08804e-116	2.08804e-116	2.08804e-116	2.08804e-116	2.08804e-116	2.08804e-116	2.08804e-116	2.08804e-116	2.08804e-116	2.08804e-116	2.08804e-116	2.08804e-116	2.08804e-116	2.08804e-116	2.08804e-116	2.08804e-116	2.08804e-116	2.08804e-116	2.08804e-116	2.08804e-116	2.08804e-116	2.08804e-116	2.08804e-116	2.08804e-116	2.08804e-116	2.08804e-116	2.08804e-116	2.08804e-116	2.08804e-116	2.08804e-116	2.08804e-116	2.08804e-116	2.08804e-116	2.08804e-116	2.08804e-116	2.08804e-116	2.08804e-116	2.08804e-116	2.08804e-116	2.08804e-116	2.08804e-116	2.08804e-116	2.08804e-116	2.08804e-116	2.08804e-116	2.08804e-116	2.08804e-116	2.08804e-116	2.08804e-116	2.08804e-116	2.08804e-116	2.08804e-116	2.08804e-116	2.08804e-116
17.05	3.48407e-111	3.62704e-111	3.62704e-111	3.62704e-111	3.62704e-111	3.62704e-111	3.62704e-111	3.62704e-111	3.62704e-111	3.62704e-111	3.62704e-111	3.62704e-111	3.62704e-111	3.62704e-111	3.62704e-111	3.62704e-111	3.62704e-111	3.62704e-111	3.62704e-111	3.62704e-111	3.62704e-111	3.62704e-111	3.62704e-111	3.62704e-111	3.62704e-111	3.62704e-111	3.62704e-111	3.62704e-111	3.62704e-111	3.62704e-111	3.62704e-111	3.62704e-111	3.62704e-111	3.62704e-111	3.62704e-111	3.62704e-111	3.62704e-111	3.62704e-111	3.62704e-111	3.62704e-111	3.62704e-111	3.62704e-111	3.62704e-111	3.62704e-111	3.62704e-111	3.62704e-111	3.62704e-111	3.62704e-111	3.62704e-111	3.62704e-111	3.62704e-111	3.62704e-111	3.62704e-111	3.62704e-111	3.62704e-111	3.62704e-111	3.62704e-111	3.62704e-111	3.62704e-111	3.62704e-111	3.62704e-111	3.62704e-111	3.62704e-111	3.62704e-111	3.62704e-111	3.62704e-111	3.62704e-111	3.62704e-111	3.62704e-111	3.62704e-111	3.62704e-111	3.62704e-111	3.62704e-111	3.62704e-111	3.62704e-111	3.62704e-111	3.62704e-111	3.62704e-111	3.62704e-111	3.62704e-111	3.62704e-111	3.62704e-111	3.62704e-111	3.62704e-111	3.62704e-111	3.62704e-111	3.62704e-111	3.62704e-111	3.62704e-111	3.62704e-111	3.62704e-111	3.62704e-111	3.62704e-111	3.62704e-111	3.62704e-111	3.62704e-111	3.62704e-111	3.62704e-111	3.62704e-111	3.62704e-111	3.62704e-111	3.62704e-111	3.62704e-111	3.62704e-111	3.62704e-111	3.62704e-111	3.62704e-111	3.62704e-111	3.62704e-111	3.62704e-111	3.62704e-111	3.62704e-111	3.62704e-111	3.62704e-111	3.62704e-111	3.62704e-111	3.62704e-111	3.62704e-111	3.62704e-111	3.62704e-111	3.62704e-111	3.62704e-111	3.62704e-111	3.62704e-111	3.62704e-111	3.62704e-111	3.62704e-111	3.62704e-111	3.62704e-111	3.62704e-111	3.62704e-111	3.62704e-111	3.62704e-111	3.62704e-111	3.62704e-111	3.62704e-111	3.62704e-111	3.62704e-111	3.62704e-111	3.62704e-111	3.62704e-111	3.62704e-111	3.62704e-111	3.62704e-111	3.62704e-111	3.62704e-111	3.62704e-111	3.62704e-111	3.62704e-111	3.62704e-111	3.62704e-111	3.62704e-111	3.62704e-111	3.62704e-111	3.62704e-111	3.62704e-111	3.62704e-111	3.62704e-111	3.62704e-111	3.62704e-111	3.62704e-111	3.62704e-111	3.62704e-111	3.62704e-111	3.62704e-111	3.62704e-111	3.62704e-111	3.62704e-111	3.62704e-111	3.62704e-111	3.62704e-111	3.62704e-111	3.62704e-111	3.62704e-111	3.62704e-111	3.62704e-111	3.62704e-111	3.62704e-111	3.62704e-111	3.62704e-111	3.62704e-111	3.62704e-111	3.62704e-111	3.62704e-111	3.62704e-111	3.62704e-111	3.62704e-111	3.62704e-111	3.62704e-111	3.62704e-111	3.62704e-111	3.62704e-111	3.62704e-111	3.62704e-111	3.62704e-111
17.09	2.38890e-106	2.51553e-106	2.51553e-106	2.51553e-106	2.51553e-106	2.51553e-106	2.51553e-106	2.51553e-106	2.51553e-106	2.51553e-106	2.51553e-106	2.51553e-106	2.51553e-106	2.51553e-106	2.51553e-106	2.51553e-106	2.51553e-106	2.51553e-106	2.51553e-106	2.51553e-106	2.51553e-106	2.51553e-106	2.51553e-106	2.51553e-106	2.51553e-106	2.51553e-106	2.51553e-106	2.51553e-106	2.51553e-106	2.51553e-106	2.51553e-106	2.51553e-106	2.51553e-106	2.51553e-106	2.51553e-106	2.51553e-106	2.51553e-106	2.51553e-106	2.51553e-106	2.51553e-106	2.51553e-106	2.51553e-106	2.51553e-106	2.51553e-106	2.51553e-106	2.51553e-106	2.51553e-106	2.51553e-106	2.51553e-106	2.51553e-106	2.51553e-106	2.51553e-106	2.51553e-106	2.51553e-106	2.51553e-106	2.51553e-106	2.51553e-106	2.51553e-106	2.51553e-106	2.51553e-106	2.51553e-106	2.51553e-106	2.51553e-106	2.51553e-106	2.51553e-106	2.51553e-106	2.51553e-106	2.51553e-106	2.51553e-106	2.51553e-106	2.51553e-106	2.51553e-106	2.51553e-106	2.51553e-106	2.51553e-106	2.51553e-106	2.51553e-106	2.51553e-106	2.51553e-106	2.51553e-106	2.51553e-106	2.51553e-106	2.51553e-106	2.51553e-106	2.51553e-106	2.51553e-106	2.51553e-106	2.51553e-106	2.51553e-106	2.51553e-106	2.51553e-106	2.51553e-106	2.51553e-106	2.51553e-106	2.51553e-106	2.51553e-106	2.51553e-106	2.51553e-106	2.51553e-106	2.51553e-106	2.51553e-106	2.51553e-106	2.51553e-106	2.51553e-106	2.51553e-106	2.51553e-106	2.51553e-106	2.51553e-106	2.51553e-106	2.51553e-106	2.51553e-106	2.51553e-106	2.51553e-106	2.51553e-106	2.51553e-106	2.51553e-106	2.51553e-106	2.51553e-106	2.51553e-106	2.51553e-106	2.51553e-106	2.51553e-106	2.51553e-106	2.51553e-106	2.51553e-106	2.51553e-106	2.51553e-106	2.51553e-106	2.51553e-106	2.51553e-106	2.51553e-106	2.51553e-106	2.51553e-106	2.51553e-106	2.51553e-106	2.51553e-106	2.51553e-106	2.51553e-106	2.51553e-106	2.51553e-106	2.51553e-106	2.51553e-106	2.51553e-106	2.51553e-106	2.51553e-106	2.51553e-106	2.51553e-106	2.51553e-106	2.51553e-106	2.51553e-106	2.51553e-106	2.51553e-106	2.51553e-106	2.51553e-106	2.51553e-106	2.51553e-106	2.51553e-106	2.51553e-106	2.51553e-106	2.51553e-106	2.51553e-106	2.51553e-106	2.51553e-106	2.51553e-106	2.51553e-106	2.51553e-106	2.51553e-106	2.51553e-106	2.51553e-106	2.51553e-106	2.51553e-106	2.51553e-106	2.51553e-106	2.51553e-106	2.51553e-106	2.51553e-106	2.51553e-106	2.51553e-106	2.51553e-106	2.51553e-106	2.51553e-106	2.51553e-106	2.51553e-106	2.51553e-106	2.51553e-106	2.51553e-106	2.51553e-106	2.51553e-106	2.51553e-106	2.51553e-106	2.51553e-106	2.51553e-106	2.51553e-106	2.51553e-106	2.51553e-106
17.12	7.00196e-102	7.47527e-102	7.47527e-102	7.47527e-102	7.47527e-102	7.47527e-102	7.47527e-102	7.47527e-102	7.47527e-102	7.47527e-102	7.47527e-102	7.47527e-102	7.47527e-102	7.47527e-102	7.47527e-102	7.47527e-102	7.47527e-102	7.47527e-102	7.47527e-102	7.47527e-102	7.47527e-102	7.47527e-102	7.47527e-102	7.47527e-102	7.47527e-102	7.47527e-102	7.47527e-102	7.47527e-102	7.47527e-102	7.47527e-102	7.47527e-102	7.47527e-102	7.47527e-102	7.47527e-102	7.47527e-102	7.47527e-102	7.47527e-102	7.47527e-102	7.47527e-102	7.47527e-102	7.47527e-102	7.47527e-102	7.47527e-102	7.47527e-102	7.47527e-102	7.47527e-102	7.47527e-102	7.47527e-102	7.47527e-102	7.47527e-102	7.47527e-102	7.47527e-102	7.47527e-102	7.47527e-102	7.47527e-102	7.47527e-102	7.47527e-102	7.47527e-102	7.47527e-102	7.47527e-102	7.47527e-102	7.47527e-102	7.47527e-102	7.47527e-102	7.47527e-102	7.47527e-102	7.47527e-102	7.47527e-102	7.47527e-102	7.47527e-102	7.47527e-102	7.47527e-102	7.47527e-102	7.47527e-102	7.47527e-102	7.47527e-102	7.47527e-102	7.47527e-102	7.47527e-102	7.47527e-102	7.47527e-102	7.47527e-102	7.47527e-102	7.47527e-102	7.47527e-102	7.47527e-102	7.47527e-102	7.47527e-102	7.47527e-102	7.47527e-102	7.47527e-102	7.47527e-102	7.47527e-102	7.47527e-102	7.47527e-102	7.47527e-102	7.47527e-102	7.47527e-102	7.47527e-102	7.47527e-102	7.47527e-102	7.47527e-102	7.47527e-102	7.47527e-102	7.47527e-102	7.47527e-102	7.47527e-102	7.47527e-102	7.47527e-102	7.47527e-102	7.47527e-102	7.47527e-102	7.47527e-102	7.47527e-102	7.47527e-102	7.47527e-102	7.47527e-102	7.47527e-102	7.47527e-102	7.47527e-102	7.47527e-102	7.47527e-102	7.47527e-102	7.47527e-102	7.47527e-102	7.47527e-102	7.47527e-102	7.47527e-102	7.47527e-102	7.47527e-102	7.47527e-102	7.47527e-102	7.47527e-102	7.47527e-102	7.47527e-102	7.47527e-102	7.47527e-102	7.47527e-102	7.47527e-102	7.47527e-102	7.47527e-102	7.47527e-102	7.47527e-102	7.47527e-102	7.47527e-102	7.47527e-102	7.47527e-102	7.47527e-102	7.47527e-102	7.47527e-102	7.47527e-102	7.47527e-102	7.47527e-102	7.47527e-102	7.47527e-102	7.47527e-102	7.47527e-102	7.47527e-102	7.47527e-102	7.47527e-102	7.47527e-102	7.47527e-102	7.47527e-102	7.47527e-102	7.47527e-102	7.47527e-102	7.47527e-102	7.47527e-102	7.47527e-102	7.47527e-102	7.47527e-102	7.47527e-102	7.47527e-102	7.47527e-102	7.47527e-102	7.47527e-102	7.47527e-102	7.47527e-102	7.47527e-102	7.47527e-102	7.47527e-102	7.47527e-102	7.47527e-102	7.47527e-102	7.47527e-102	7.47527e-102	7.47527e-102	7.47527e-102	7.47527e-102	7.47527e-102	7.47527e-102	7.47527e-102	7.47527e-102	7.47527e-102	7.47527e-102
17.15	9.35972e-98	1.01565e-97	1.01565e-97	1.01565e-97	1.01565e-97	1.01565e-97	1.01565e-97	1.01565e-97	1.01565e-97	1.01565e-97	1.01565e-97	1.01565e-97	1.01565e-97	1.01565e-97	1.01565e-97	1.01565e-97	1.01565e-97	1.01565e-97	1.01565e-97	1.01565e-97	1.01565e-97	1.01565e-97	1.01565e-97	1.01565e-97	1.01565e-97	1.01565e-97	1.01565e-97	1.01565e-97	1.01565e-97	1.01565e-97	1.01565e-97	1.01565e-97	1.01565e-97	1.01565e-97	1.01565e-97	1.01565e-97	1.01565e-97	1.01565e-97	1.01565e-97	1.01565e-97	1.01565e-97	1.01565e-97	1.01565e-97	1.01565e-97	1.01565e-97	1.01565e-97	1.01565e-97	1.01565e-97	1.01565e-97	1.01565e-97	1.01565e-97	1.01565e-97	1.01565e-97	1.01565e-97	1.01565e-97	1.01565e-97	1.01565e-97	1.01565e-97	1.01565e-97	1.01565e-97	1.01565e-97	1.01565e-97	1.01565e-97	1.01565e-97	1.01565e-97	1.01565e-97	1.01565e-97	1.01565e-97	1.01565e-97	1.01565e-97	1.01565e-97	1.01565e-97	1.01565e-97	1.01565e-97	1.01565e-97	1.01565e-97	1.01565e-97	1.01565e-97	1.01565e-97	1.01565e-97	1.01565e-97	1.01565e-97	1.01565e-97	1.01565e-97	1.01565e-97	1.01565e-97	1.01565e-97	1.01565e-97	1.01565e-97	1.01565e-97	1.01565e-97	1.01565e-97	1.01565e-97	1.01565e-97	1.01565e-97	1.01565e-97	1.01565e-97	1.01565e-97	1.01565e-97	1.01565e-97	1.01565e-97	1.01565e-97	1.01565e-97	1.01565e-97	1.01565e-97	1.01565e-97	1.01565e-97	1.01565e-97	1.01565e-97	1.01565e-97	1.01565e-97	1.01565e-97	1.01565e-97	1.01565e-97	1.01565e-97	1.01565e-97	1.01565e-97	1.01565e-97	1.01565e-97	1.01565e-97	1.01565e-97	1.01565e-97	1.01565e-97	1.01565e-97	1.01565e-97	1.01565e-97	1.01565e-97	1.01565e-97	1.01565e-97	1.01565e-97	1.01565e-97	1.01565e-97	1.01565e-97	1.01565e-97	1.01565e-97	1.01565e-97	1.01565e-97	1.01565e-97	1.01565e-97	1.01565e-97	1.01565e-97	1.01565e-97	1.01565e-97	1.01565e-97	1.01565e-97	1.01565e-97	1.01565e-97	1.01565e-97	1.01565e-97	1.01565e-97	1.01565e-97	1.01565e-97	1.01565e-97	1.01565e-97	1.01565e-97	1.01565e-97	1.01565e-97	1.01565e-97	1.01565e-97	1.01565e-97	1.01565e-97	1.01565e-97	1.01565e-97	1.01565e-97	1.01565e-97	1.01565e-97	1.01565e-97	1.01565e-97	1.01565e-97	1.01565e-97	1.01565e-97	1.01565e-97	1.01565e-97	1.01565e-97	1.01565e-97	1.01565e-97	1.01565e-97	1.01565e-97	1.01565e-97	1.01565e-97	1.01565e-97	1.01565e-97	1.01565e-97	1.01565e-97	1.01565e-97	1.01565e-97	1.01565e-97	1.01565e-97	1.01565e-97	1.01565e-97	1.01565e-97	1.01565e-97	1.01565e-97	1.01565e-97	1.01565e-97
17.19	6.08627e-94	6.72604e-94	6.72604e-94	6.72604e-94	6.72604e-94	6.72604e-94	6.72604e-94	6.72604e-94	6.72604e-94	6.72604e-94	6.72604e-94	6.72604e-94	6.72604e-94	6.72604e-94	6.72604e-94	6.72604e-94	6.72604e-94	6.72604e-94	6.72604e-94	6.72604e-94	6.72604e-94	6.72604e-94	6.72604e-94	6.72604e-94	6.72604e-94	6.72604e-94	6.72604e-94	6.72604e-94	6.72604e-94	6.72604e-94	6.72604e-94	6.72604e-94	6.72604e-94	6.72604e-94	6.72604e-94	6.72604e-94	6.72604e-94	6.72604e-94	6.72604e-94	6.72604e-94	6.72604e-94	6.72604e-94	6.72604e-94	6.72604e-94	6.72604e-94	6.72604e-94	6.72604e-94	6.72604e-94	6.72604e-94	6.72604e-94	6.72604e-94	6.72604e-94	6.72604e-94	6.72604e-94	6.72604e-94	6.72604e-94	6.72604e-94	6.72604e-94	6.72604e-94	6.72604e-94	6.72604e-94	6.72604e-94	6.72604e-94	6.72604e-94	6.72604e-94	6.72604e-94	6.72604e-94	6.72604e-94	6.72604e-94	6.72604e-94	6.72604e-94	6.72604e-94	6.72604e-94	6.72604e-94	6.72604e-94	6.72604e-94	6.72604e-94	6.72604e-94	6.72604e-94	6.72604e-94	6.72604e-94	6.72604e-94	6.72604e-94	6.72604e-94	6.72604e-94	6.72604e-94	6.72604e-94	6.72604e-94	6.72604e-94	6.72604e-94	6.72604e-94	6.72604e-94	6.72604e-94	6.72604e-94	6.72604e-94	6.72604e-94	6.72604e-94	6.72604e-94	6.72604e-94	6.72604e-94	6.72604e-94	6.72604e-94	6.72604e-94	6.72604e-94	6.72604e-94	6.72604e-94	6.72604e-94	6.72604e-94	6.72604e-94	6.72604e-94	6.72604e-94	6.72604e-94	6.72604e-94	6.72604e-94	6.72604e-94	6.72604e-94	6.72604e-94	6.72604e-94	6.72604e-94	6.72604e-94	6.72604e-94	6.72604e-94	6.72604e-94	6.72604e-94	6.72604e-94	6.72604e-94	6.72604e-94	6.72604e-94	6.72604e-94	6.72604e-94	6.72604e-94	6.72604e-94	6.72604e-94	6.72604e-94	6.72604e-94	6.72604e-94	6.72604e-94	6.72604e-94	6.72604e-94	6.72604e-94	6.72604e-94	6.72604e-94	6.72604e-94	6.72604e-94	6.72604e-94	6.72604e-94	6.72604e-94	6.72604e-94	6.72604e-94	6.72604e-94	6.72604e-94	6.72604e-94	6.72604e-94	6.72604e-94	6.72604e-94	6.72604e-94	6.72604e-94	6.72604e-94	6.72604e-94	6.72604e-94	6.72604e-94	6.72604e-94	6.72604e-94	6.72604e-94	6.72604e-94	6.72604e-94	6.72604e-94	6.72604e-94	6.72604e-94	6.72604e-94	6.72604e-94	6.72604e-94	6.72604e-94	6.72604e-94	6.72604e-94	6.72604e-94	6.72604e-94	6.72604e-94	6.72604e-94	6.72604e-94	6.72604e-94	6.72604e-94	6.72604e-94	6.72604e-94	6.72604e-94	6.72604e-94	6.72604e-94	6.72604e-94	6.72604e-94	6.72604e-94	6.72604e-94	6.72604e-94	6.72604e-94	6.72604e-94	6.72604e-94
17.22	2.01598e-90	2.27442e-90	2.27442e-90	2.27442e-90	2.27442e-90	2.27442e-90	2.27442e-90	2.27442e-90	2.27442e-90	2.27442e-90	2.27442e-90	2.27442e-90	2.27442e-90	2.27442e-90	2.27442e-90	2.27442e-90	2.27442e-90	2.27442e-90	2.27442e-90	2.27442e-90	2.27442e-90	2.27442e-90	2.27442e-90	2.27442e-90	2.27442e-90	2.27442e-90	2.27442e-90	2.27442e-90	2.27442e-90	2.27442e-90	2.27442e-90	2.27442e-90	2.27442e-90	2.27442e-90	2.27442e-90	2.27442e-90	2.27442e-90	2.27442e-90	2.27442e-90	2.27442e-90	2.27442e-90	2.27442e-90	2.27442e-90	2.27442e-90	2.27442e-90	2.27442e-90	2.27442e-90	2.27442e-90	2.27442e-90	2.27442e-90	2.27442e-90	2.27442e-90	2.27442e-90	2.27442e-90	2.27442e-90	2.27442e-90	2.27442e-90	2.27442e-90	2.27442e-90	2.27442e-90	2.27442e-90	2.27442e-90	2.27442e-90	2.27442e-90	2.27442e-90	2.27442e-90	2.27442e-90	2.27442e-90	2.27442e-90	2.27442e-90	2.27442e-90	2.27442e-90	2.27442e-90	2.27442e-90	2.27442e-90	2.27442e-90	2.27442e-90	2.27442e-90	2.27442e-90	2.27442e-90	2.27442e-90	2.27442e-90	2.27442e-90	2.27442e-90	2.27442e-90	2.27442e-90	2.27442e-90	2.27442e-90	2.27442e-90	2.27442e-90	2.27442e-90	2.27442e-90	2.27442e-90	2.27442e-90	2.27442e-90	2.27442e-90	2.27442e-90	2.27442e-90	2.27442e-90	2.27442e-90	2.27442e-90	2.27442e-90	2.27442e-90	2.27442e-90	2.27442e-90	2.27442e-90	2.27442e-90	2.27442e-90	2.27442e-90	2.27442e-90	2.27442e-90	2.27442e-90	2.27442e-90	2.27442e-90	2.27442e-90	2.27442e-90	2.27442e-90	2.27442e-90	2.27442e-90	2.27442e-90	2.27442e-90	2.27442e-90	2.27442e-90	2.27442e-90	2.27442e-90	2.27442e-90	2.27442e-90	2.27442e-90	2.27442e-90	2.27442e-90	2.27442e-90	2.27442e-90	2.27442e-90	2.27442e-90	2.27442e-90	2.27442e-90	2.27442e-90	2.27442e-90	2.27442e-90	2.27442e-90	2.27442e-90	2.27442e-90	2.27442e-90	2.27442e-90	2.27442e-90	2.27442e-90	2.27442e-90	2.27442e-90	2.27442e-90	2.27442e-90	2.27442e-90	2.27442e-90	2.27442e-90	2.27442e-90	2.27442e-90	2.27442e-90	2.27442e-90	2.27442e-90	2.27442e-90	2.27442e-90	2.27442e-90	2.27442e-90	2.27442e-90	2.27442e-90	2.27442e-90	2.27442e-90	2.27442e-90	2.27442e-90	2.27442e-90	2.27442e-90	2.27442e-90	2.27442e-90	2.27442e-90	2.27442e-90	2.27442e-90	2.27442e-90	2.27442e-90	2.27442e-90	2.27442e-90	2.27442e-90	2.27442e-90	2.27442e-90	2.27442e-90	2.27442e-90	2.27442e-90	2.27442e-90	2.27442e-90	2.27442e-90	2.27442e-90	2.27442e-90	2.27442e-90	2.27442e-90	2.27442e-90	2.27442e-90	2.27442e-90
17.26	3.58961e-87	4.14600e-87	4.14600e-87	4.14600e-87	4.14600e-87	4.14600e-87	4.14600e-87	4.14600e-87	4.14600e-87	4.14600e-87	4.14600e-87	4.14600e-87	4.14600e-87	4.14600e-87	4.14600e-87	4.14600e-87	4.14600e-87	4.14600e-87	4.14600e-87	4.14600e-87	4.14600e-87	4.14600e-87	4.14600e-87	4.14600e-87	4.14600e-87	4.14600e-87	4.14600e-87	4.14600e-87	4.14600e-87	4.14600e-87	4.14600e-87	4.14600e-87	4.14600e-87	4.14600e-87	4.14600e-87	4.14600e-87	4.14600e-87	4.14600e-87	4.14600e-87	4.14600e-87	4.14600e-87	4.14600e-87	4.14600e-87	4.14600e-87	4.14600e-87	4.14600e-87	4.14600e-87	4.14600e-87	4.14600e-87	4.14600e-87	4.14600e-87	4.14600e-87	4.14600e-87	4.14600e-87	4.14600e-87	4.14600e-87	4.14600e-87	4.14600e-87	4.14600e-87	4.14600e-87	4.14600e-87	4.14600e-87	4.14600e-87	4.14600e-87	4.14600e-87	4.14600e-87	4.14600e-87	4.14600e-87	4.14600e-87	4.14600e-87	4.14600e-87	4.14600e-87	4.14600e-87	4.14600e-87	4.14600e-87	4.14600e-87	4.14600e-87	4.14600e-87	4.14600e-87	4.14600e-87	4.14600e-87	4.14600e-87	4.14600e-87	4.14600e-87	4.14600e-87	4.14600e-87	4.14600e-87	4.14600e-87	4.14600e-87	4.14600e-87	4.14600e-87	4.14600e-87	4.14600e-87	4.14600e-87	4.14600e-87	4.14600e-87	4.14600e-87	4.14600e-87	4.14600e-87	4.14600e-87	4.14600e-87	4.14600e-87	4.14600e-87	4.14600e-87	4.14600e-87	4.14600e-87	4.14600e-87	4.14600e-87	4.14600e-87	4.14600e-87	4.14600e-87	4.14600e-87	4.14600e-87	4.14600e-87	4.14600e-87	4.14600e-87	4.14600e-87	4.14600e-87	4.14600e-87	4.14600e-87	4.14600e-87	4.14600e-87	4.14600e-87	4.14600e-87	4.14600e-87	4.14600e-87	4.14600e-87	4.14600e-87	4.14600e-87	4.14600e-87	4.14600e-87	4.14600e-87	4.14600e-87	4.14600e-87	4.14600e-87	4.14600e-87	4.14600e-87	4.14600e-87	4.14600e-87	4.14600e-87	4.14600e-87	4.14600e-87	4.14600e-87	4.14600e-87	4.14600e-87	4.14600e-87	4.14600e-87	4.14600e-87	4.14600e-87	4.14600e-87	4.14600e-87	4.14600e-87	4.14600e-87	4.14600e-87	4.14600e-87	4.14600e-87	4.14600e-87	4.14600e-87	4.14600e-87	4.14600e-87	4.14600e-87	4.14600e-87	4.14600e-87	4.14600e-87	4.14600e-87	4.14600e-87	4.14600e-87	4.14600e-87	4.14600e-87	4.14600e-87	4.14600e-87	4.14600e-87	4.14600e-87	4.14600e-87	4.14600e-87	4.14600e-87	4.14600e-87	4.14600e-87	4.14600e-87	4.14600e-87	4.14600e-87	4.14600e-87	4.14600e-87	4.14600e-87	4.14600e-87	4.14600e-87	4.14600e-87	4.14600e-87	4.14600e-87	4.14600e-87	4.14600e-87	4.14600e-87	4.14600e-87	4.14600e-87	4.14600e-87
17.29	3.59765e-84	4.26578e-84	4.26578e-84	4.26578e-84	4.26578e-84	4.26578e-84	4.26578e-84	4.26578e-84	4.26578e-84	4.26578e-84	4.26578e-84	4.26578e-84	4.26578e-84	4.26578e-84	4.26578e-84	4.26578e-84	4.26578e-84	4.26578e-84	4.26578e-84	4.26578e-84	4.26578e-84	4.26578e-84	4.26578e-84	4.26578e-84	4.26578e-84	4.26578e-84	4.26578e-84	4.26578e-84	4.26578e-84	4.26578e-84	4.26578e-84	4.26578e-84	4.26578e-84	4.26578e-84	4.26578e-84	4.26578e-84	4.26578e-84	4.26578e-84	4.26578e-84	4.26578e-84	4.26578e-84	4.26578e-84	4.26578e-84	4.26578e-84	4.26578e-84	4.26578e-84	4.26578e-84	4.26578e-84	4.26578e-84	4.26578e-84	4.26578e-84	4.26578e-84	4.26578e-84	4.26578e-84	4.26578e-84	4.26578e-84	4.26578e-84	4.26578e-84	4.26578e-84	4.26578e-84	4.26578e-84	4.26578e-84	4.26578e-84	4.26578e-84	4.26578e-84	4.26578e-84	4.26578e-84	4.26578e-84	4.26578e-84	4.26578e-84	4.26578e-84	4.26578e-84	4.26578e-84	4.26578e-84	4.26578e-84	4.26578e-84	4.26578e-84	4.26578e-84	4.26578e-84	4.26578e-84	4.26578e-84	4.26578e-84	4.26578e-84	4.26578e-84	4.26578e-84	4.26578e-84	4.26578e-84	4.26578e-84	4.26578e-84	4.26578e-84	4.26578e-84	4.26578e-84	4.26578e-84	4.26578e-84	4.26578e-84	4.26578e-84	4.26578e-84	4.26578e-84	4.26578e-84	4.26578e-84	4.26578e-84	4.26578e-84	4.26578e-84	4.26578e-84	4.26578e-84	4.26578e-84	4.26578e-84	4.26578e-84	4.26578e-84	4.26578e-84	4.26578e-84	4.26578e-84	4.26578e-84	4.26578e-84	4.26578e-84	4.26578e-84	4.26578e-84	4.26578e-84	4.26578e-84	4.26578e-84	4.26578e-84	4.26578e-84	4.26578e-84	4.26578e-84	4.26578e-84	4.26578e-84	4.26578e-84	4.26578e-84	4.26578e-84	4.26578e-84	4.26578e-84	4.26578e-84	4.26578e-84	4.26578e-84	4.26578e-84	4.26578e-84	4.26578e-84	4.26578e-84	4.26578e-84	4.26578e-84	4.26578e-84	4.26578e-84	4.26578e-84	4.26578e-84	4.26578e-84	4.26578e-84	4.26578e-84	4.26578e-84	4.26578e-84	4.26578e-84	4.26578e-84	4.26578e-84	4.26578e-84	4.26578e-84	4.26578e-84	4.26578e-84	4.26578e-84	4.26578e-84	4.26578e-84	4.26578e-84	4.26578e-84	4.26578e-84	4.26578e-84	4.26578e-84	4.26578e-84	4.26578e-84	4.26578e-84	4.26578e-84	4.26578e-84	4.26578e-84	4.26578e-84	4.26578e-84	4.26578e-84	4.26578e-84	4.26578e-84	4.26578e-84	4.26578e-84	4.26578e-84	4.26578e-84	4.26578e-84	4.26578e-84	4.26578e-84	4.26578e-84	4.26578e-84	4.26578e-84	4.26578e-84	4.26578e-84	4.26578e-84	4.26578e-84	4.26578e-84	4.26578e-84	4.26578e-84	4.26578e-84	4.26578e-84	4.26578e-84
17.32	2.11993e-81	2.58707e-81	2.58708e-81	2.58708e-81	2.58708e-81	2.58708e-81	2.58708e-81	2.58708e-81	2.58708e-81	2.58708e-81	2.58708e-81	2.58708e-81	2.58708e-81	2.58708e-81	2.58708e-81	2.58708e-81	2.58708e-81	2.58708e-81	2.58708e-81	2.58708e-81	2.58708e-81	2.58708e-81	2.58708e-81	2.58708e-81	2.58708e-81	2.58708e-81	2.58708e-81	2.58708e-81	2.58708e-81	2.58708e-81	2.58708e-81	2.58708e-81	2.58708e-81	2.58708e-81	2.58708e-81	2.58708e-81	2.58708e-81	2.58708e-81	2.58708e-81	2.58708e-81	2.58708e-81	2.58708e-81	2.58708e-81	2.58708e-81	2.58708e-81	2.58708e-81	2.58708e-81	2.58708e-81	2.58708e-81	2.58708e-81	2.58708e-81	2.58708e-81	2.58708e-81	2.58708e-81	2.58708e-81	2.58708e-81	2.58708e-81	2.58708e-81	2.58708e-81	2.58708e-81	2.58708e-81	2.58708e-81	2.58708e-81	2.58708e-81	2.58708e-81	2.58708e-81	2.58708e-81	2.58708e-81	2.58708e-81	2.58708e-81	2.58708e-81	2.58708e-81	2.58708e-81	2.58708e-81	2.58708e-81	2.58708e-81	2.58708e-81	2.58708e-81	2.58708e-81	2.58708e-81	2.58708e-81	2.58708e-81	2.58708e-81	2.58708e-81	2.58708e-81	2.58708e-81	2.58708e-81	2.58708e-81	2.58708e-81	2.58708e-81	2.58708e-81	2.58708e-81	2.58708e-81	2.58708e-81	2.58708e-81	2.58708e-81	2.58708e-81	2.58708e-81	2.58708e-81	2.58708e-81	2.58708e-81	2.58708e-81	2.58708e-81	2.58708e-81	2.58708e-81	2.58708e-81	2.58708e-81	2.58708e-81	2.58708e-81	2.58708e-81	2.58708e-81	2.58708e-81	2.58708e-81	2.58708e-81	2.58708e-81	2.58708e-81	2.58708e-81	2.58708e-81	2.58708e-81	2.58708e-81	2.58708e-81	2.58708e-81	2.58708e-81	2.58708e-81	2.58708e-81	2.58708e-81	2.58708e-81	2.58708e-81	2.58708e-81	2.58708e-81	2.58708e-81	2.58708e-81	2.58708e-81	2.58708e-81	2.58708e-81	2.58708e-81	2.58708e-81	2.58708e-81	2.58708e-81	2.58708e-81	2.58708e-81	2.58708e-81	2.58708e-81	2.58708e-81	2.58708e-81	2.58708e-81	2.58708e-81	2.58708e-81	2.58708e-81	2.58708e-81	2.58708e-81	2.58708e-81	2.58708e-81	2.58708e-81	2.58708e-81	2.58708e-81	2.58708e-81	2.58708e-81	2.58708e-81	2.58708e-81	2.58708e-81	2.58708e-81	2.58708e-81	2.58708e-81	2.58708e-81	2.58708e-81	2.58708e-81	2.58708e-81	2.58708e-81	2.58708e-81	2.58708e-81	2.58708e-81	2.58708e-81	2.58708e-81	2.58708e-81	2.58708e-81	2.58708e-81	2.58708e-81	2.58708e-81	2.58708e-81	2.58708e-81	2.58708e-81	2.58708e-81	2.58708e-81	2.58708e-81	2.58708e-81	2.58708e-81	2.58708e-81	2.58708e-81	2.58708e-81	2.58708e-81	2.58708e-81	2.58708e-81	2.58708e-81	2.58708e-81
17.36	7.64446e-79	9.62771e-79	9.62774e-79	9.62774e-79	9.62774e-79	9.62774e-79	9.62774e-79	9.62774e-79	9.62774e-79	9.62774e-79	9.62774e-79	9.62774e-79	9.62774e-79	9.62774e-79	9.62774e-79	9.62774e-79	9.62774e-79	9.62774e-79	9.62774e-79	9.62774e-79	9.62774e-79	9.62774e-79	9.62774e-79	9.62774e-79	9.62774e-79	9.62774e-79	9.62774e-79	9.62774e-79	9.62774e-79	9.62774e-79	9.62774e-79	9.62774e-79	9.62774e-79	9.62774e-79	9.62774e-79	9.62774e-79	9.62774e-79	9.62774e-79	9.62774e-79	9.62774e-79	9.62774e-79	9.62774e-79	9.62774e-79	9.62774e-79	9.62774e-79	9.62774e-79	9.62774e-79	9.62774e-79	9.62774e-79	9.62774e-79	9.62774e-79	9.62774e-79	9.62774e-79	9.62774e-79	9.62774e-79	9.62774e-79	9.62774e-79	9.62774e-79	9.62774e-79	9.62774e-79	9.62774e-79	9.62774e-79	9.62774e-79	9.62774e-79	9.62774e-79	9.62774e-79	9.62774e-79	9.62774e-79	9.62774e-79	9.62774e-79	9.62774e-79	9.62774e-79	9.62774e-79	9.62774e-79	9.62774e-79	9.62774e-79	9.62774e-79	9.62774e-79	9.62774e-79	9.62774e-79	9.62774e-79	9.62774e-79	9.62774e-79	9.62774e-79	9.62774e-79	9.62774e-79	9.62774e-79	9.62774e-79	9.62774e-79	9.62774e-79	9.62774e-79	9.62774e-79	9.62774e-79	9.62774e-79	9.62774e-79	9.62774e-79	9.62774e-79	9.62774e-79	9.62774e-79	9.62774e-79	9.62774e-79	9.62774e-79	9.62774e-79	9.62774e-79	9.62774e-79	9.62774e-79	9.62774e-79	9.62774e-79	9.62774e-79	9.62774e-79	9.62774e-79	9.62774e-79	9.62774e-79	9.62774e-79	9.62774e-79	9.62774e-79	9.62774e-79	9.62774e-79	9.62774e-79	9.62774e-79	9.62774e-79	9.62774e-79	9.62774e-79	9.62774e-79	9.62774e-79	9.62774e-79	9.62774e-79	9.62774e-79	9.62774e-79	9.62774e-79	9.62774e-79	9.62774e-79	9.62774e-79	9.62774e-79	9.62774e-79	9.62774e-79	9.62774e-79	9.62774e-79	9.62774e-79	9.62774e-79	9.62774e-79	9.62774e-79	9.62774e-79	9.62774e-79	9.62774e-79	9.62774e-79	9.62774e-79	9.62774e-79	9.62774e-79	9.62774e-79	9.62774e-79	9.62774e-79	9.62774e-79	9.62774e-79	9.62774e-79	9.62774e-79	9.62774e-79	9.62774e-79	9.62774e-79	9.62774e-79	9.62774e-79	9.62774e-79	9.62774e-79	9.62774e-79	9.62774e-79	9.62774e-79	9.62774e-79	9.62774e-79	9.62774e-79	9.62774e-79	9.62774e-79	9.62774e-79	9.62774e-79	9.62774e-79	9.62774e-79	9.62774e-79	9.62774e-79	9.62774e-79	9.62774e-79	9.62774e-79	9.62774e-79	9.62774e-79	9.62774e-79	9.62774e-79	9.62774e-79	9.62774e-79	9.62774e-79	9.62774e-79	9.62774e-79	9.62774e-79	9.62774e-79	9.62774e-79	9.62774e-79	9.62774e-79	9.62774e-79
17.39	1.74819e-76	2.27872e-76	2.27874e-76	2.27874e-76	2.27874e-76	2.27874e-76	2.27874e-76	2.27874e-76	2.27874e-76	2.27874e-76	2.27874e-76	2.27874e-76	2.27874e-76	2.27874e-76	2.27874e-76	2.27874e-76	2.27874e-76	2.27874e-76	2.27874e-76	2.27874e-76	2.27874e-76	2.27874e-76	2.27874e-76	2.27874e-76	2.27874e-76	2.27874e-76	2.27874e-76	2.27874e-76	2.27874e-76	2.27874e-76	2.27874e-76	2.27874e-76	2.27874e-76	2.27874e-76	2.27874e-76	2.27874e-76	2.27874e-76	2.27874e-76	2.27874e-76	2.27874e-76	2.27874e-76	2.27874e-76	2.27874e-76	2.27874e-76	2.27874e-76	2.27874e-76	2.27874e-76	2.27874e-76	2.27874e-76	2.27874e-76	2.27874e-76	2.27874e-76	2.27874e-76	2.27874e-76	2.27874e-76	2.27874e-76	2.27874e-76	2.27874e-76	2.27874e-76	2.27874e-76	2.27874e-76	2.27874e-76	2.27874e-76	2.27874e-76	2.27874e-76	2.27874e-76	2.27874e-76	2.27874e-76	2.27874e-76	2.27874e-76	2.27874e-76	2.27874e-76	2.27874e-76	2.27874e-76	2.27874e-76	2.27874e-76	2.27874e-76	2.27874e-76	2.27874e-76	2.27874e-76	2.27874e-76	2.27874e-76	2.27874e-76	2.27874e-76	2.27874e-76	2.27874e-76	2.27874e-76	2.27874e-76	2.27874e-76	2.27874e-76	2.27874e-76	2.27874e-76	2.27874e-76	2.27874e-76	2.27874e-76	2.27874e-76	2.27874e-76	2.27874e-76	2.27874e-76	2.27874e-76	2.27874e-76	2.27874e-76	2.27874e-76	2.27874e-76	2.27874e-76	2.27874e-76	2.27874e-76	2.27874e-76	2.27874e-76	2.27874e-76	2.27874e-76	2.27874e-76	2.27874e-76	2.27874e-76	2.27874e-76	2.27874e-76	2.27874e-76	2.27874e-76	2.27874e-76	2.27874e-76	2.27874e-76	2.27874e-76	2.27874e-76	2.27874e-76	2.27874e-76	2.27874e-76	2.27874e-76	2.27874e-76	2.27874e-76	2.27874e-76	2.27874e-76	2.27874e-76	2.27874e-76	2.27874e-76	2.27874e-76	2.27874e-76	2.27874e-76	2.27874e-76	2.27874e-76	2.27874e-76	2.27874e-76	2.27874e-76	2.27874e-76	2.27874e-76	2.27874e-76	2.27874e-76	2.27874e-76	2.27874e-76	2.27874e-76	2.27874e-76	2.27874e-76	2.27874e-76	2.27874e-76	2.27874e-76	2.27874e-76	2.27874e-76	2.27874e-76	2.27874e-76	2.27874e-76	2.27874e-76	2.27874e-76	2.27874e-76	2.27874e-76	2.27874e-76	2.27874e-76	2.27874e-76	2.27874e-76	2.27874e-76	2.27874e-76	2.27874e-76	2.27874e-76	2.27874e-76	2.27874e-76	2.27874e-76	2.27874e-76	2.27874e-76	2.27874e-76	2.27874e-76	2.27874e-76	2.27874e-76	2.27874e-76	2.27874e-76	2.27874e-76	2.27874e-76	2.27874e-76	2.27874e-76	2.27874e-76	2.27874e-76	2.27874e-76	2.27874e-76	2.27874e-76	2.27874e-76	2.27874e-76	2.27874e-76	2.27874e-76
17.43	2.62646e-74	3.55235e-74	3.55242e-74	3.55242e-74	3.55242e-74	3.55242e-74	3.55242e-74	3.55242e-74	3.55242e-74	3.55242e-74	3.55242e-74	3.55242e-74	3.55242e-74	3.55242e-74	3.55242e-74	3.55242e-74	3.55242e-74	3.55242e-74	3.55242e-74	3.55242e-74	3.55242e-74	3.55242e-74	3.55242e-74	3.55242e-74	3.55242e-74	3.55242e-74	3.55242e-74	3.55242e-74	3.55242e-74	3.55242e-74	3.55242e-74	3.55242e-74	3.55242e-74	3.55242e-74	3.55242e-74	3.55242e-74	3.55242e-74	3.55242e-74	3.55242e-74	3.55242e-74	3.55242e-74	3.55242e-74	3.55242e-74	3.55242e-74	3.55242e-74	3.55242e-74	3.55242e-74	3.55242e-74	3.55242e-74	3.55242e-74	3.55242e-74	3.55242e-74	3.55242e-74	3.55242e-74	3.55242e-74	3.55242e-74	3.55242e-74	3.55242e-74	3.55242e-74	3.55242e-74	3.55242e-74	3.55242e-74	3.55242e-74	3.55242e-74	3.55242e-74	3.55242e-74	3.55242e-74	3.55242e-74	3.55242e-74	3.55242e-74	3.55242e-74	3.55242e-74	3.55242e-74	3.55242e-74	3.55242e-74	3.55242e-74	3.55242e-74	3.55242e-74	3.55242e-74	3.55242e-74	3.55242e-74	3.55242e-74	3.55242e-74	3.55242e-74	3.55242e-74	3.55242e-74	3.55242e-74	3.55242e-74	3.55242e-74	3.55242e-74	3.55242e-74	3.55242e-74	3.55242e-74	3.55242e-74	3.55242e-74	3.55242e-74	3.55242e-74	3.55242e-74	3.55242e-74	3.55242e-74	3.55242e-74	3.55242e-74	3.55242e-74	3.55242e-74	3.55242e-74	3.55242e-74	3.55242e-74	3.55242e-74	3.55242e-74	3.55242e-74	3.55242e-74	3.55242e-74	3.55242e-74	3.55242e-74	3.55242e-74	3.55242e-74	3.55242e-74	3.55242e-74	3.55242e-74	3.55242e-74	3.55242e-74	3.55242e-74	3.55242e-74	3.55242e-74	3.55242e-74	3.55242e-74	3.55242e-74	3.55242e-74	3.55242e-74	3.55242e-74	3.55242e-74	3.55242e-74	3.55242e-74	3.55242e-74	3.55242e-74	3.55242e-74	3.55242e-74	3.55242e-74	3.55242e-74	3.55242e-74	3.55242e-74	3.55242e-74	3.55242e-74	3.55242e-74	3.55242e-74	3.55242e-74	3.55242e-74	3.55242e-74	3.55242e-74	3.55242e-74	3.55242e-74	3.55242e-74	3.55242e-74	3.55242e-74	3.55242e-74	3.55242e-74	3.55242e-74	3.55242e-74	3.55242e-74	3.55242e-74	3.55242e-74	3.55242e-74	3.55242e-74	3.55242e-74	3.55242e-74	3.55242e-74	3.55242e-74	3.55242e-74	3.55242e-74	3.55242e-74	3.55242e-74	3.55242e-74	3.55242e-74	3.55242e-74	3.55242e-74	3.55242e-74	3.55242e-74	3.55242e-74	3.55242e-74	3.55242e-74	3.55242e-74	3.55242e-74	3.55242e-74	3.55242e-74	3.55242e-74	3.55242e-74	3.55242e-74	3.55242e-74	3.55242e-74	3.55242e-74	3.55242e-74	3.55242e-74	3.55242e-74	3.55242e-74	3.55242e-74
17.46	1.93025e-46	2.53672e-46	2.53672e-46	2.53672e-46	2.53672e-46	2.53672e-46	2.53672e-46	2.53672e-46	2.53672e-46	2.53672e-46	2.53672e-46	2.53672e-46	2.53672e-46	2.53672e-46	2.53672e-46	2.53672e-46	2.53672e-46	2.53672e-46	2.53672e-46	2.53672e-46	2.53672e-46	2.53672e-46	2.53672e-46	2.53672e-46	2.53672e-46	2.53672e-46	2.53672e-46	2.53672e-46	2.53672e-46	2.53672e-46	2.53672e-46	2.53672e-46	2.53672e-46	2.53672e-46	2.53672e-46	2.53672e-46	2.53672e-46	2.53672e-46	2.53672e-46	2.53672e-46	2.53672e-46	2.53672e-46	2.53672e-46	2.53672e-46	2.53672e-46	2.53672e-46	2.53672e-46	2.53672e-46	2.53672e-46	2.53672e-46	2.53672e-46	2.53672e-46	2.53672e-46	2.53672e-46	2.53672e-46	2.53672e-46	2.53672e-46	2.53672e-46	2.53672e-46	2.53672e-46	2.53672e-46	2.53672e-46	2.53672e-46	2.53672e-46	2.53672e-46	2.53672e-46	2.53672e-46	2.53672e-46	2.53672e-46	2.53672e-46	2.53672e-46	2.53672e-46	2.53672e-46	2.53672e-46	2.53672e-46	2.53672e-46	2.53672e-46	2.53672e-46	2.53672e-46	2.53672e-46	2.53672e-46	2.53672e-46	2.53672e-46	2.53672e-46	2.53672e-46	2.53672e-46	2.53672e-46	2.53672e-46	2.53672e-46	2.53672e-46	2.53672e-46	2.53672e-46	2.53672e-46	2.53672e-46	2.53672e-46	2.53672e-46	2.53672e-46	2.53672e-46	2.53672e-46	2.53672e-46	2.53672e-46	2.53672e-46	2.53672e-46	2.53672e-46	2.53672e-46	2.53672e-46	2.53672e-46	2.53672e-46	2.53672e-46	2.53672e-46	2.53672e-46	2.53672e-46	2.53672e-46	2.53672e-46	2.53672e-46	2.53672e-46	2.53672e-46	2.53672e-46	2.53672e-46	2.53672e-46	2.53672e-46	2.53672e-46	2.53672e-46	2.53672e-46	2.53672e-46	2.53672e-46	2.53672e-46	2.53672e-46	2.53672e-46	2.53672e-46	2.53672e-46	2.53672e-46	2.53672e-46	2.53672e-46	2.53672e-46	2.53672e-46	2.53672e-46	2.53672e-46	2.53672e-46	2.53672e-46	2.53672e-46	2.53672e-46	2.53672e-46	2.53672e-46	2.53672e-46	2.53672e-46	2.53672e-46	2.53672e-46	2.53672e-46	2.53672e-46	2.53672e-46	2.53672e-46	2.53672e-46	2.53672e-46	2.53672e-46	2.53672e-46	2.53672e-46	2.53672e-46	2.53672e-46	2.53672e-46	2.53672e-46	2.53672e-46	2.53672e-46	2.53672e-46	2.53672e-46	2.53672e-46	2.53672e-46	2.53672e-46	2.53672e-46	2.53672e-46	2.53672e-46	2.53672e-46	2.53672e-46	2.53672e-46	2.53672e-46	2.53672e-46	2.53672e-46	2.53672e-46	2.53672e-46	2.53672e-46	2.53672e-46	2.53672e-46	2.53672e-46	2.53672e-46	2.53672e-46	2.53672e-46	2.53672e-46	2.53672e-46	2.53672e-46	2.53672e-46	2.53672e-46	2.53672e-46	2.53672e-46	2.53672e-46	2.53672e-46
17.49	1.37816e-44	2.01984e-44	2.01984e-44	2.01984e-44	2.01984e-44	2.01984e-44	2.01984e-44	2.01984e-44	2.01984e-44	2.01984e-44	2.01984e-44	2.01984e-44	2.01984e-44	2.01984e-44	2.01984e-44	2.01984e-44	2.01984e-44	2.01984e-44	2.01984e-44	2.01984e-44	2.01984e-44	2.01984e-44	2.01984e-44	2.01984e-44	2.01984e-44	2.01984e-44	2.01984e-44	2.01984e-44	2.01984e-44	2.01984e-44	2.01984e-44	2.01984e-44	2.01984e-44	2.01984e-44	2.01984e-44	2.01984e-44	2.01984e-44	2.01984e-44	2.01984e-44	2.01984e-44	2.01984e-44	2.01984e-44	2.01984e-44	2.01984e-44	2.01984e-44	2.01984e-44	2.01984e-44	2.01984e-44	2.01984e-44	2.01984e-44	2.01984e-44	2.01984e-44	2.01984e-44	2.01984e-44	2.01984e-44	2.01984e-44	2.01984e-44	2.01984e-44	2.01984e-44	2.01984e-44	2.01984e-44	2.01984e-44	2.01984e-44	2.01984e-44	2.01984e-44	2.01984e-44	2.01984e-44	2.01984e-44	2.01984e-44	2.01984e-44	2.01984e-44	2.01984e-44	2.01984e-44	2.01984e-44	2.01984e-44	2.01984e-44	2.01984e-44	2.01984e-44	2.01984e-44	2.01984e-44	2.01984e-44	2.01984e-44	2.01984e-44	2.01984e-44	2.01984e-44	2.01984e-44	2.01984e-44	2.01984e-44	2.01984e-44	2.01984e-44	2.01984e-44	2.01984e-44	2.01984e-44	2.01984e-44	2.01984e-44	2.01984e-44	2.01984e-44	2.01984e-44	2.01984e-44	2.01984e-44	2.01984e-44	2.01984e-44	2.01984e-44	2.01984e-44	2.01984e-44	2.01984e-44	2.01984e-44	2.01984e-44	2.01984e-44	2.01984e-44	2.01984e-44	2.01984e-44	2.01984e-44	2.01984e-44	2.01984e-44	2.01984e-44	2.01984e-44	2.01984e-44	2.01984e-44	2.01984e-44	2.01984e-44	2.01984e-44	2.01984e-44	2.01984e-44	2.01984e-44	2.01984e-44	2.01984e-44	2.01984e-44	2.01984e-44	2.01984e-44	2.01984e-44	2.01984e-44	2.01984e-44	2.01984e-44	2.01984e-44	2.01984e-44	2.01984e-44	2.01984e-44	2.01984e-44	2.01984e-44	2.01984e-44	2.01984e-44	2.01984e-44	2.01984e-44	2.01984e-44	2.01984e-44	2.01984e-44	2.01984e-44	2.01984e-44	2.01984e-44	2.01984e-44	2.01984e-44	2.01984e-44	2.01984e-44	2.01984e-44	2.01984e-44	2.01984e-44	2.01984e-44	2.01984e-44	2.01984e-44	2.01984e-44	2.01984e-44	2.01984e-44	2.01984e-44	2.01984e-44	2.01984e-44	2.01984e-44	2.01984e-44	2.01984e-44	2.01984e-44	2.01984e-44	2.01984e-44	2.01984e-44	2.01984e-44	2.01984e-44	2.01984e-44	2.01984e-44	2.01984e-44	2.01984e-44	2.01984e-44	2.01984e-44	2.01984e-44	2.01984e-44	2.01984e-44	2.01984e-44	2.01984e-44	2.01984e-44	2.01984e-44	2.01984e-44	2.01984e-44	2.01984e-44	2.01984e-44	2.01984e-44	2.01984e-44	2.01984e-44
17.53	7.05340e-43	1.08166e-42	1.08186e-42	1.08186e-42	1.08186e-42	1.08186e-42	1.08186e-42	1.08186e-42	1.08186e-42	1.08186e-42	1.08186e-42	1.08186e-42	1.08186e-42	1.08186e-42	1.08186e-42	1.08186e-42	1.08186e-42	1.08186e-42	1.08186e-42	1.08186e-42	1.08186e-42	1.08186e-42	1.08186e-42	1.08186e-42	1.08186e-42	1.08186e-42	1.08186e-42	1.08186e-42	1.08186e-42	1.08186e-42	1.08186e-42	1.08186e-42	1.08186e-42	1.08186e-42	1.08186e-42	1.08186e-42	1.08186e-42	1.08186e-42	1.08186e-42	1.08186e-42	1.08186e-42	1.08186e-42	1.08186e-42	1.08186e-42	1.08186e-42	1.08186e-42	1.08186e-42	1.08186e-42	1.08186e-42	1.08186e-42	1.08186e-42	1.08186e-42	1.08186e-42	1.08186e-42	1.08186e-42	1.08186e-42	1.08186e-42	1.08186e-42	1.08186e-42	1.08186e-42	1.08186e-42	1.08186e-42	1.08186e-42	1.08186e-42	1.08186e-42	1.08186e-42	1.08186e-42	1.08186e-42	1.08186e-42	1.08186e-42	1.08186e-42	1.08186e-42	1.08186e-42	1.08186e-42	1.08186e-42	1.08186e-42	1.08186e-42	1.08186e-42	1.08186e-42	1.08186e-42	1.08186e-42	1.08186e-42	1.08186e-42	1.08186e-42	1.08186e-42	1.08186e-42	1.08186e-42	1.08186e-42	1.08186e-42	1.08186e-42	1.08186e-42	1.08186e-42	1.08186e-42	1.08186e-42	1.08186e-42	1.08186e-42	1.08186e-42	1.08186e-42	1.08186e-42	1.08186e-42	1.08186e-42	1.08186e-42	1.08186e-42	1.08186e-42	1.08186e-42	1.08186e-42	1.08186e-42	1.08186e-42	1.08186e-42	1.08186e-42	1.08186e-42	1.08186e-42	1.08186e-42	1.08186e-42	1.08186e-42	1.08186e-42	1.08186e-42	1.08186e-42	1.08186e-42	1.08186e-42	1.08186e-42	1.08186e-42	1.08186e-42	1.08186e-42	1.08186e-42	1.08186e-42	1.08186e-42	1.08186e-42	1.08186e-42	1.08186e-42	1.08186e-42	1.08186e-42	1.08186e-42	1.08186e-42	1.08186e-42	1.08186e-42	1.08186e-42	1.08186e-42	1.08186e-42	1.08186e-42	1.08186e-42	1.08186e-42	1.08186e-42	1.08186e-42	1.08186e-42	1.08186e-42	1.08186e-42	1.08186e-42	1.08186e-42	1.08186e-42	1.08186e-42	1.08186e-42	1.08186e-42	1.08186e-42	1.08186e-42	1.08186e-42	1.08186e-42	1.08186e-42	1.08186e-42	1.08186e-42	1.08186e-42	1.08186e-42	1.08186e-42	1.08186e-42	1.08186e-42	1.08186e-42	1.08186e-42	1.08186e-42	1.08186e-42	1.08186e-42	1.08186e-42	1.08186e-42	1.08186e-42	1.08186e-42	1.08186e-42	1.08186e-42	1.08186e-42	1.08186e-42	1.08186e-42	1.08186e-42	1.08186e-42	1.08186e-42	1.08186e-42	1.08186e-42	1.08186e-42	1.08186e-42	1.08186e-42	1.08186e-42	1.08186e-42	1.08186e-42	1.08186e-42	1.08186e-42	1.08186e-42	1.08186e-42	1.08186e-42
17.56	2.65360e-41	4.26480e-41	4.26647e-41	4.26647e-41	4.26647e-41	4.26647e-41	4.26647e-41	4.26647e-41	4.26647e-41	4.26647e-41	4.26647e-41	4.26647e-41	4.26647e-41	4.26647e-41	4.26647e-41	4.26647e-41	4.26647e-41	4.26647e-41	4.26647e-41	4.26647e-41	4.26647e-41	4.26647e-41	4.26647e-41	4.26647e-41	4.26647e-41	4.26647e-41	4.26647e-41	4.26647e-41	4.26647e-41	4.26647e-41	4.26647e-41	4.26647e-41	4.26647e-41	4.26647e-41	4.26647e-41	4.26647e-41	4.26647e-41	4.26647e-41	4.26647e-41	4.26647e-41	4.26647e-41	4.26647e-41	4.26647e-41	4.26647e-41	4.26647e-41	4.26647e-41	4.26647e-41	4.26647e-41	4.26647e-41	4.26647e-41	4.26647e-41	4.26647e-41	4.26647e-41	4.26647e-41	4.26647e-41	4.26647e-41	4.26647e-41	4.26647e-41	4.26647e-41	4.26647e-41	4.26647e-41	4.26647e-41	4.26647e-41	4.26647e-41	4.26647e-41	4.26647e-41	4.26647e-41	4.26647e-41	4.26647e-41	4.26647e-41	4.26647e-41	4.26647e-41	4.26647e-41	4.26647e-41	4.26647e-41	4.26647e-41	4.26647e-41	4.26647e-41	4.26647e-41	4.26647e-41	4.26647e-41	4.26647e-41	4.26647e-41	4.26647e-41	4.26647e-41	4.26647e-41	4.26647e-41	4.26647e-41	4.26647e-41	4.26647e-41	4.26647e-41	4.26647e-41	4.26647e-41	4.26647e-41	4.26647e-41	4.26647e-41	4.26647e-41	4.26647e-41	4.26647e-41	4.26647e-41	4.26647e-41	4.26647e-41	4.26647e-41	4.26647e-41	4.26647e-41	4.26647e-41	4.26647e-41	4.26647e-41	4.26647e-41	4.26647e-41	4.26647e-41	4.26647e-41	4.26647e-41	4.26647e-41	4.26647e-41	4.26647e-41	4.26647e-41	4.26647e-41	4.26647e-41	4.26647e-41	4.26647e-41	4.26647e-41	4.26647e-41	4.26647e-41	4.26647e-41	4.26647e-41	4.26647e-41	4.26647e-41	4.26647e-41	4.26647e-41	4.26647e-41	4.26647e-41	4.26647e-41	4.26647e-41	4.26647e-41	4.26647e-41	4.26647e-41	4.26647e-41	4.26647e-41	4.26647e-41	4.26647e-41	4.26647e-41	4.26647e-41	4.26647e-41	4.26647e-41	4.26647e-41	4.26647e-41	4.26647e-41	4.26647e-41	4.26647e-41	4.26647e-41	4.26647e-41	4.26647e-41	4.26647e-41	4.26647e-41	4.26647e-41	4.26647e-41	4.26647e-41	4.26647e-41	4.26647e-41	4.26647e-41	4.26647e-41	4.26647e-41	4.26647e-41	4.26647e-41	4.26647e-41	4.26647e-41	4.26647e-41	4.26647e-41	4.26647e-41	4.26647e-41	4.26647e-41	4.26647e-41	4.26647e-41	4.26647e-41	4.26647e-41	4.26647e-41	4.26647e-41	4.26647e-41	4.26647e-41	4.26647e-41	4.26647e-41	4.26647e-41	4.26647e-41	4.26647e-41	4.26647e-41	4.26647e-41	4.26647e-41	4.26647e-41	4.26647e-41	4.26647e-41	4.26647e-41	4.26647e-41	4.26647e-41	4.26647e-41
17.60	7.50613e-40	1.26717e-39	1.26809e-39	1.26809e-39	1.26809e-39	1.26809e-39	1.26809e-39	1.26809e-39	1.26809e-39	1.26809e-39	1.26809e-39	1.26809e-39	1.26809e-39	1.26809e-39	1.26809e-39	1.26809e-39	1.26809e-39	1.26809e-39	1.26809e-39	1.26809e-39	1.26809e-39	1.26809e-39	1.26809e-39	1.26809e-39	1.26809e-39	1.26809e-39	1.26809e-39	1.26809e-39	1.26809e-39	1.26809e-39	1.26809e-39	1.26809e-39	1.26809e-39	1.26809e-39	1.26809e-39	1.26809e-39	1.26809e-39	1.26809e-39	1.26809e-39	1.26809e-39	1.26809e-39	1.26809e-39	1.26809e-39	1.26809e-39	1.26809e-39	1.26809e-39	1.26809e-39	1.26809e-39	1.26809e-39	1.26809e-39	1.26809e-39	1.26809e-39	1.26809e-39	1.26809e-39	1.26809e-39	1.26809e-39	1.26809e-39	1.26809e-39	1.26809e-39	1.26809e-39	1.26809e-39	1.26809e-39	1.26809e-39	1.26809e-39	1.26809e-39	1.26809e-39	1.26809e-39	1.26809e-39	1.26809e-39	1.26809e-39	1.26809e-39	1.26809e-39	1.26809e-39	1.26809e-39	1.26809e-39	1.26809e-39	1.26809e-39	1.26809e-39	1.26809e-39	1.26809e-39	1.26809e-39	1.26809e-39	1.26809e-39	1.26809e-39	1.26809e-39	1.26809e-39	1.26809e-39	1.26809e-39	1.26809e-39	1.26809e-39	1.26809e-39	1.26809e-39	1.26809e-39	1.26809e-39	1.26809e-39	1.26809e-39	1.26809e-39	1.26809e-39	1.26809e-39	1.26809e-39	1.26809e-39	1.26809e-39	1.26809e-39	1.26809e-39	1.26809e-39	1.26809e-39	1.26809e-39	1.26809e-39	1.26809e-39	1.26809e-39	1.26809e-39	1.26809e-39	1.26809e-39	1.26809e-39	1.26809e-39	1.26809e-39	1.26809e-39	1.26809e-39	1.26809e-39	1.26809e-39	1.26809e-39	1.26809e-39	1.26809e-39	1.26809e-39	1.26809e-39	1.26809e-39	1.26809e-39	1.26809e-39	1.26809e-39	1.26809e-39	1.26809e-39	1.26809e-39	1.26809e-39	1.26809e-39	1.26809e-39	1.26809e-39	1.26809e-39	1.26809e-39	1.26809e-39	1.26809e-39	1.26809e-39	1.26809e-39	1.26809e-39	1.26809e-39	1.26809e-39	1.26809e-39	1.26809e-39	1.26809e-39	1.26809e-39	1.26809e-39	1.26809e-39	1.26809e-39	1.26809e-39	1.26809e-39	1.26809e-39	1.26809e-39	1.26809e-39	1.26809e-39	1.26809e-39	1.26809e-39	1.26809e-39	1.26809e-39	1.26809e-39	1.26809e-39	1.26809e-39	1.26809e-39	1.26809e-39	1.26809e-39	1.26809e-39	1.26809e-39	1.26809e-39	1.26809e-39	1.26809e-39	1.26809e-39	1.26809e-39	1.26809e-39	1.26809e-39	1.26809e-39	1.26809e-39	1.26809e-39	1.26809e-39	1.26809e-39	1.26809e-39	1.26809e-39	1.26809e-39	1.26809e-39	1.26809e-39	1.26809e-39	1.26809e-39	1.26809e-39	1.26809e-39	1.26809e-39	1.26809e-39	1.26809e-39	1.26809e-39
17.63	1.63129e-38	2.89864e-38	2.90235e-38	2.90235e-38	2.90235e-38	2.90235e-38	2.90235e-38	2.90235e-38	2.90235e-38	2.90235e-38	2.90235e-38	2.90235e-38	2.90235e-38	2.90235e-38	2.90235e-38	2.90235e-38	2.90235e-38	2.90235e-38	2.90235e-38	2.90235e-38	2.90235e-38	2.90235e-38	2.90235e-38	2.90235e-38	2.90235e-38	2.90235e-38	2.90235e-38	2.90235e-38	2.90235e-38	2.90235e-38	2.90235e-38	2.90235e-38	2.90235e-38	2.90235e-38	2.90235e-38	2.90235e-38	2.90235e-38	2.90235e-38	2.90235e-38	2.90235e-38	2.90235e-38	2.90235e-38	2.90235e-38	2.90235e-38	2.90235e-38	2.90235e-38	2.90235e-38	2.90235e-38	2.90235e-38	2.90235e-38	2.90235e-38	2.90235e-38	2.90235e-38	2.90235e-38	2.90235e-38	2.90235e-38	2.90235e-38	2.90235e-38	2.90235e-38	2.90235e-38	2.90235e-38	2.90235e-38	2.90235e-38	2.90235e-38	2.90235e-38	2.90235e-38	2.90235e-38	2.90235e-38	2.90235e-38	2.90235e-38	2.90235e-38	2.90235e-38	2.90235e-38	2.90235e-38	2.90235e-38	2.90235e-38	2.90235e-38	2.90235e-38	2.90235e-38	2.90235e-38	2.90235e-38	2.90235e-38	2.90235e-38	2.90235e-38	2.90235e-38	2.90235e-38	2.90235e-38	2.90235e-38	2.90235e-38	2.90235e-38	2.90235e-38	2.90235e-38	2.90235e-38	2.90235e-38	2.90235e-38	2.90235e-38	2.90235e-38	2.90235e-38	2.90235e-38	2.90235e-38	2.90235e-38	2.90235e-38	2.90235e-38	2.90235e-38	2.90235e-38	2.90235e-38	2.90235e-38	2.90235e-38	2.90235e-38	2.90235e-38	2.90235e-38	2.90235e-38	2.90235e-38	2.90235e-38	2.90235e-38	2.90235e-38	2.90235e-38	2.90235e-38	2.90235e-38	2.90235e-38	2.90235e-38	2.90235e-38	2.90235e-38	2.90235e-38	2.90235e-38	2.90235e-38	2.90235e-38	2.90235e-38	2.90235e-38	2.90235e-38	2.90235e-38	2.90235e-38	2.90235e-38	2.90235e-38	2.90235e-38	2.90235e-38	2.90235e-38	2.90235e-38	2.90235e-38	2.90235e-38	2.90235e-38	2.90235e-38	2.90235e-38	2.90235e-38	2.90235e-38	2.90235e-38	2.90235e-38	2.90235e-38	2.90235e-38	2.90235e-38	2.90235e-38	2.90235e-38	2.90235e-38	2.90235e-38	2.90235e-38	2.90235e-38	2.90235e-38	2.90235e-38	2.90235e-38	2.90235e-38	2.90235e-38	2.90235e-38	2.90235e-38	2.90235e-38	2.90235e-38	2.90235e-38	2.90235e-38	2.90235e-38	2.90235e-38	2.90235e-38	2.90235e-38	2.90235e-38	2.90235e-38	2.90235e-38	2.90235e-38	2.90235e-38	2.90235e-38	2.90235e-38	2.90235e-38	2.90235e-38	2.90235e-38	2.90235e-38	2.90235e-38	2.90235e-38	2.90235e-38	2.90235e-38	2.90235e-38	2.90235e-38	2.90235e-38	2.90235e-38	2.90235e-38	2.90235e-38	2.90235e-38	2.90235e-38	2.90235e-38
17.67	2.77965e-37	5.20821e-37	5.21949e-37	5.21952e-37	5.21952e-37	5.21952e-37	5.21952e-37	5.21952e-37	5.21952e-37	5.21952e-37	5.21952e-37	5.21952e-37	5.21952e-37	5.21952e-37	5.21952e-37	5.21952e-37	5.21952e-37	5.21952e-37	5.21952e-37	5.21952e-37	5.21952e-37	5.21952e-37	5.21952e-37	5.21952e-37	5.21952e-37	5.21952e-37	5.21952e-37	5.21952e-37	5.21952e-37	5.21952e-37	5.21952e-37	5.21952e-37	5.21952e-37	5.21952e-37	5.21952e-37	5.21952e-37	5.21952e-37	5.21952e-37	5.21952e-37	5.21952e-37	5.21952e-37	5.21952e-37	5.21952e-37	5.21952e-37	5.21952e-37	5.21952e-37	5.21952e-37	5.21952e-37	5.21952e-37	5.21952e-37	5.21952e-37	5.21952e-37	5.21952e-37	5.21952e-37	5.21952e-37	5.21952e-37	5.21952e-37	5.21952e-37	5.21952e-37	5.21952e-37	5.21952e-37	5.21952e-37	5.21952e-37	5.21952e-37	5.21952e-37	5.21952e-37	5.21952e-37	5.21952e-37	5.21952e-37	5.21952e-37	5.21952e-37	5.21952e-37	5.21952e-37	5.21952e-37	5.21952e-37	5.21952e-37	5.21952e-37	5.21952e-37	5.21952e-37	5.21952e-37	5.21952e-37	5.21952e-37	5.21952e-37	5.21952e-37	5.21952e-37	5.21952e-37	5.21952e-37	5.21952e-37	5.21952e-37	5.21952e-37	5.21952e-37	5.21952e-37	5.21952e-37	5.21952e-37	5.21952e-37	5.21952e-37	5.21952e-37	5.21952e-37	5.21952e-37	5.21952e-37	5.21952e-37	5.21952e-37	5.21952e-37	5.21952e-37	5.21952e-37	5.21952e-37	5.21952e-37	5.21952e-37	5.21952e-37	5.21952e-37	5.21952e-37	5.21952e-37	5.21952e-37	5.21952e-37	5.21952e-37	5.21952e-37	5.21952e-37	5.21952e-37	5.21952e-37	5.21952e-37	5.21952e-37	5.21952e-37	5.21952e-37	5.21952e-37	5.21952e-37	5.21952e-37	5.21952e-37	5.21952e-37	5.21952e-37	5.21952e-37	5.21952e-37	5.21952e-37	5.21952e-37	5.21952e-37	5.21952e-37	5.21952e-37	5.21952e-37	5.21952e-37	5.21952e-37	5.21952e-37	5.21952e-37	5.21952e-37	5.21952e-37	5.21952e-37	5.21952e-37	5.21952e-37	5.21952e-37	5.21952e-37	5.21952e-37	5.21952e-37	5.21952e-37	5.21952e-37	5.21952e-37	5.21952e-37	5.21952e-37	5.21952e-37	5.21952e-37	5.21952e-37	5.21952e-37	5.21952e-37	5.21952e-37	5.21952e-37	5.21952e-37	5.21952e-37	5.21952e-37	5.21952e-37	5.21952e-37	5.21952e-37	5.21952e-37	5.21952e-37	5.21952e-37	5.21952e-37	5.21952e-37	5.21952e-37	5.21952e-37	5.21952e-37	5.21952e-37	5.21952e-37	5.21952e-37	5.21952e-37	5.21952e-37	5.21952e-37	5.21952e-37	5.21952e-37	5.21952e-37	5.21952e-37	5.21952e-37	5.21952e-37	5.21952e-37	5.21952e-37	5.21952e-37	5.21952e-37	5.21952e-37	5.21952e-37	5.21952e-37
17.70	3.77866e-36	7.48046e-36	7.50682e-36	7.50691e-36	7.50691e-36	7.50691e-36	7.50691e-36	7.50691e-36	7.50691e-36	7.50691e-36	7.50691e-36	7.50691e-36	7.50691e-36	7.50691e-36	7.50691e-36	7.50691e-36	7.50691e-36	7.50691e-36	7.50691e-36	7.50691e-36	7.50691e-36	7.50691e-36	7.50691e-36	7.50691e-36	7.50691e-36	7.50691e-36	7.50691e-36	7.50691e-36	7.50691e-36	7.50691e-36	7.50691e-36	7.50691e-36	7.50691e-36	7.50691e-36	7.50691e-36	7.50691e-36	7.50691e-36	7.50691e-36	7.50691e-36	7.50691e-36	7.50691e-36	7.50691e-36	7.50691e-36	7.50691e-36	7.50691e-36	7.50691e-36	7.50691e-36	7.50691e-36	7.50691e-36	7.50691e-36	7.50691e-36	7.50691e-36	7.50691e-36	7.50691e-36	7.50691e-36	7.50691e-36	7.50691e-36	7.50691e-36	7.50691e-36	7.50691e-36	7.50691e-36	7.50691e-36	7.50691e-36	7.50691e-36	7.50691e-36	7.50691e-36	7.50691e-36	7.50691e-36	7.50691e-36	7.50691e-36	7.50691e-36	7.50691e-36	7.50691e-36	7.50691e-36	7.50691e-36	7.50691e-36	7.50691e-36	7.50691e-36	7.50691e-36	7.50691e-36	7.50691e-36	7.50691e-36	7.50691e-36	7.50691e-36	7.50691e-36	7.50691e-36	7.50691e-36	7.50691e-36	7.50691e-36	7.50691e-36	7.50691e-36	7.50691e-36	7.50691e-36	7.50691e-36	7.50691e-36	7.50691e-36	7.50691e-36	7.50691e-36	7.50691e-36	7.50691e-36	7.50691e-36	7.50691e-36	7.50691e-36	7.50691e-36	7.50691e-36	7.50691e-36	7.50691e-36	7.50691e-36	7.50691e-36	7.50691e-36	7.50691e-36	7.50691e-36	7.50691e-36	7.50691e-36	7.50691e-36	7.50691e-36	7.50691e-36	7.50691e-36	7.50691e-36	7.50691e-36	7.50691e-36	7.50691e-36	7.50691e-36	7.50691e-36	7.50691e-36	7.50691e-36	7.50691e-36	7.50691e-36	7.50691e-36	7.50691e-36	7.50691e-36	7.50691e-36	7.50691e-36	7.50691e-36	7.50691e-36	7.50691e-36	7.50691e-36	7.50691e-36	7.50691e-36	7.50691e-36	7.50691e-36	7.50691e-36	7.50691e-36	7.50691e-36	7.50691e-36	7.50691e-36	7.50691e-36	7.50691e-36	7.50691e-36	7.50691e-36	7.50691e-36	7.50691e-36	7.50691e-36	7.50691e-36	7.50691e-36	7.50691e-36	7.50691e-36	7.50691e-36	7.50691e-36	7.50691e-36	7.50691e-36	7.50691e-36	7.50691e-36	7.50691e-36	7.50691e-36	7.50691e-36	7.50691e-36	7.50691e-36	7.50691e-36	7.50691e-36	7.50691e-36	7.50691e-36	7.50691e-36	7.50691e-36	7.50691e-36	7.50691e-36	7.50691e-36	7.50691e-36	7.50691e-36	7.50691e-36	7.50691e-36	7.50691e-36	7.50691e-36	7.50691e-36	7.50691e-36	7.50691e-36	7.50691e-36	7.50691e-36	7.50691e-36	7.50691e-36	7.50691e-36	7.50691e-36	7.50691e-36	7.50691e-36	7.50691e-36
17.73	4.17038e-35	8.73492e-35	8.78318e-35	8.78343e-35	8.78343e-35	8.78343e-35	8.78343e-35	8.78343e-35	8.78343e-35	8.78343e-35	8.78343e-35	8.78343e-35	8.78343e-35	8.78343e-35	8.78343e-35	8.78343e-35	8.78343e-35	8.78343e-35	8.78343e-35	8.78343e-35	8.78343e-35	8.78343e-35	8.78343e-35	8.78343e-35	8.78343e-35	8.78343e-35	8.78343e-35	8.78343e-35	8.78343e-35	8.78343e-35	8.78343e-35	8.78343e-35	8.78343e-35	8.78343e-35	8.78343e-35	8.78343e-35	8.78343e-35	8.78343e-35	8.78343e-35	8.78343e-35	8.78343e-35	8.78343e-35	8.78343e-35	8.78343e-35	8.78343e-35	8.78343e-35	8.78343e-35	8.78343e-35	8.78343e-35	8.78343e-35	8.78343e-35	8.78343e-35	8.78343e-35	8.78343e-35	8.78343e-35	8.78343e-35	8.78343e-35	8.78343e-35	8.78343e-35	8.78343e-35	8.78343e-35	8.78343e-35	8.78343e-35	8.78343e-35	8.78343e-35	8.78343e-35	8.78343e-35	8.78343e-35	8.78343e-35	8.78343e-35	8.78343e-35	8.78343e-35	8.78343e-35	8.78343e-35	8.78343e-35	8.78343e-35	8.78343e-35	8.78343e-35	8.78343e-35	8.78343e-35	8.78343e-35	8.78343e-35	8.78343e-35	8.78343e-35	8.78343e-35	8.78343e-35	8.78343e-35	8.78343e-35	8.78343e-35	8.78343e-35	8.78343e-35	8.78343e-35	8.78343e-35	8.78343e-35	8.78343e-35	8.78343e-35	8.78343e-35	8.78343e-35	8.78343e-35	8.78343e-35	8.78343e-35	8.78343e-35	8.78343e-35	8.78343e-35	8.78343e-35	8.78343e-35	8.78343e-35	8.78343e-35	8.78343e-35	8.78343e-35	8.78343e-35	8.78343e-35	8.78343e-35	8.78343e-35	8.78343e-35	8.78343e-35	8.78343e-35	8.78343e-35	8.78343e-35	8.78343e-35	8.78343e-35	8.78343e-35	8.78343e-35	8.78343e-35	8.78343e-35	8.78343e-35	8.78343e-35	8.78343e-35	8.78343e-35	8.78343e-35	8.78343e-35	8.78343e-35	8.78343e-35	8.78343e-35	8.78343e-35	8.78343e-35	8.78343e-35	8.78343e-35	8.78343e-35	8.78343e-35	8.78343e-35	8.78343e-35	8.78343e-35	8.78343e-35	8.78343e-35	8.78343e-35	8.78343e-35	8.78343e-35	8.78343e-35	8.78343e-35	8.78343e-35	8.78343e-35	8.78343e-35	8.78343e-35	8.78343e-35	8.78343e-35	8.78343e-35	8.78343e-35	8.78343e-35	8.78343e-35	8.78343e-35	8.78343e-35	8.78343e-35	8.78343e-35	8.78343e-35	8.78343e-35	8.78343e-35	8.78343e-35	8.78343e-35	8.78343e-35	8.78343e-35	8.78343e-35	8.78343e-35	8.78343e-35	8.78343e-35	8.78343e-35	8.78343e-35	8.78343e-35	8.78343e-35	8.78343e-35	8.78343e-35	8.78343e-35	8.78343e-35	8.78343e-35	8.78343e-35	8.78343e-35	8.78343e-35	8.78343e-35	8.78343e-35	8.78343e-35	8.78343e-35	8.78343e-35	8.78343e-35	8.78343e-35	8.78343e-35
17.77	3.79686e-34	8.42246e-34	8.49296e-34	8.49351e-34	8.49351e-34	8.49351e-34	8.49351e-34	8.49351e-34	8.49351e-34	8.49351e-34	8.49351e-34	8.49351e-34	8.49351e-34	8.49351e-34	8.49351e-34	8.49351e-34	8.49351e-34	8.49351e-34	8.49351e-34	8.49351e-34	8.49351e-34	8.49351e-34	8.49351e-34	8.49351e-34	8.49351e-34	8.49351e-34	8.49351e-34	8.49351e-34	8.49351e-34	8.49351e-34	8.49351e-34	8.49351e-34	8.49351e-34	8.49351e-34	8.49351e-34	8.49351e-34	8.49351e-34	8.49351e-34	8.49351e-34	8.49351e-34	8.49351e-34	8.49351e-34	8.49351e-34	8.49351e-34	8.49351e-34	8.49351e-34	8.49351e-34	8.49351e-34	8.49351e-34	8.49351e-34	8.49351e-34	8.49351e-34	8.49351e-34	8.49351e-34	8.49351e-34	8.49351e-34	8.49351e-34	8.49351e-34	8.49351e-34	8.49351e-34	8.49351e-34	8.49351e-34	8.49351e-34	8.49351e-34	8.49351e-34	8.49351e-34	8.49351e-34	8.49351e-34	8.49351e-34	8.49351e-34	8.49351e-34	8.49351e-34	8.49351e-34	8.49351e-34	8.49351e-34	8.49351e-34	8.49351e-34	8.49351e-34	8.49351e-34	8.49351e-34	8.49351e-34	8.49351e-34	8.49351e-34	8.49351e-34	8.49351e-34	8.49351e-34	8.49351e-34	8.49351e-34	8.49351e-34	8.49351e-34	8.49351e-34	8.49351e-34	8.49351e-34	8.49351e-34	8.49351e-34	8.49351e-34	8.49351e-34	8.49351e-34	8.49351e-34	8.49351e-34	8.49351e-34	8.49351e-34	8.49351e-34	8.49351e-34	8.49351e-34	8.49351e-34	8.49351e-34	8.49351e-34	8.49351e-34	8.49351e-34	8.49351e-34	8.49351e-34	8.49351e-34	8.49351e-34	8.49351e-34	8.49351e-34	8.49351e-34	8.49351e-34	8.49351e-34	8.49351e-34	8.49351e-34	8.49351e-34	8.49351e-34	8.49351e-34	8.49351e-34	8.49351e-34	8.49351e-34	8.49351e-34	8.49351e-34	8.49351e-34	8.49351e-34	8.49351e-34	8.49351e-34	8.49351e-34	8.49351e-34	8.49351e-34	8.49351e-34	8.49351e-34	8.49351e-34	8.49351e-34	8.49351e-34	8.49351e-34	8.49351e-34	8.49351e-34	8.49351e-34	8.49351e-34	8.49351e-34	8.49351e-34	8.49351e-34	8.49351e-34	8.49351e-34	8.49351e-34	8.49351e-34	8.49351e-34	8.49351e-34	8.49351e-34	8.49351e-34	8.49351e-34	8.49351e-34	8.49351e-34	8.49351e-34	8.49351e-34	8.49351e-34	8.49351e-34	8.49351e-34	8.49351e-34	8.49351e-34	8.49351e-34	8.49351e-34	8.49351e-34	8.49351e-34	8.49351e-34	8.49351e-34	8.49351e-34	8.49351e-34	8.49351e-34	8.49351e-34	8.49351e-34	8.49351e-34	8.49351e-34	8.49351e-34	8.49351e-34	8.49351e-34	8.49351e-34	8.49351e-34	8.49351e-34	8.49351e-34	8.49351e-34	8.49351e-34	8.49351e-34	8.49351e-34	8.49351e-34	8.49351e-34	8.49351e-34	8.49351e-34
17.80	2.89302e-33	6.80377e-33	6.88737e-33	6.88832e-33	6.88832e-33	6.88832e-33	6.88832e-33	6.88832e-33	6.88832e-33	6.88832e-33	6.88832e-33	6.88832e-33	6.88832e-33	6.88832e-33	6.88832e-33	6.88832e-33	6.88832e-33	6.88832e-33	6.88832e-33	6.88832e-33	6.88832e-33	6.88832e-33	6.88832e-33	6.88832e-33	6.88832e-33	6.88832e-33	6.88832e-33	6.88832e-33	6.88832e-33	6.88832e-33	6.88832e-33	6.88832e-33	6.88832e-33	6.88832e-33	6.88832e-33	6.88832e-33	6.88832e-33	6.88832e-33	6.88832e-33	6.88832e-33	6.88832e-33	6.88832e-33	6.88832e-33	6.88832e-33	6.88832e-33	6.88832e-33	6.88832e-33	6.88832e-33	6.88832e-33	6.88832e-33	6.88832e-33	6.88832e-33	6.88832e-33	6.88832e-33	6.88832e-33	6.88832e-33	6.88832e-33	6.88832e-33	6.88832e-33	6.88832e-33	6.88832e-33	6.88832e-33	6.88832e-33	6.88832e-33	6.88832e-33	6.88832e-33	6.88832e-33	6.88832e-33	6.88832e-33	6.88832e-33	6.88832e-33	6.88832e-33	6.88832e-33	6.88832e-33	6.88832e-33	6.88832e-33	6.88832e-33	6.88832e-33	6.88832e-33	6.88832e-33	6.88832e-33	6.88832e-33	6.88832e-33	6.88832e-33	6.88832e-33	6.88832e-33	6.88832e-33	6.88832e-33	6.88832e-33	6.88832e-33	6.88832e-33	6.88832e-33	6.88832e-33	6.88832e-33	6.88832e-33	6.88832e-33	6.88832e-33	6.88832e-33	6.88832e-33	6.88832e-33	6.88832e-33	6.88832e-33	6.88832e-33	6.88832e-33	6.88832e-33	6.88832e-33	6.88832e-33	6.88832e-33	6.88832e-33	6.88832e-33	6.88832e-33	6.88832e-33	6.88832e-33	6.88832e-33	6.88832e-33	6.88832e-33	6.88832e-33	6.88832e-33	6.88832e-33	6.88832e-33	6.88832e-33	6.88832e-33	6.88832e-33	6.88832e-33	6.88832e-33	6.88832e-33	6.88832e-33	6.88832e-33	6.88832e-33	6.88832e-33	6.88832e-33	6.88832e-33	6.88832e-33	6.88832e-33	6.88832e-33	6.88832e-33	6.88832e-33	6.88832e-33	6.88832e-33	6.88832e-33	6.88832e-33	6.88832e-33	6.88832e-33	6.88832e-33	6.88832e-33	6.88832e-33	6.88832e-33	6.88832e-33	6.88832e-33	6.88832e-33	6.88832e-33	6.88832e-33	6.88832e-33	6.88832e-33	6.88832e-33	6.88832e-33	6.88832e-33	6.88832e-33	6.88832e-33	6.88832e-33	6.88832e-33	6.88832e-33	6.88832e-33	6.88832e-33	6.88832e-33	6.88832e-33	6.88832e-33	6.88832e-33	6.88832e-33	6.88832e-33	6.88832e-33	6.88832e-33	6.88832e-33	6.88832e-33	6.88832e-33	6.88832e-33	6.88832e-33	6.88832e-33	6.88832e-33	6.88832e-33	6.88832e-33	6.88832e-33	6.88832e-33	6.88832e-33	6.88832e-33	6.88832e-33	6.88832e-33	6.88832e-33	6.88832e-33	6.88832e-33	6.88832e-33	6.88832e-33	6.88832e-33	6.88832e-33	6.88832e-33
17.84	1.86844e-32	4.66218e-32	4.74388e-32	4.74522e-32	4.74523e-32	4.74523e-32	4.74523e-32	4.74523e-32	4.74523e-32	4.74523e-32	4.74523e-32	4.74523e-32	4.74523e-32	4.74523e-32	4.74523e-32	4.74523e-32	4.74523e-32	4.74523e-32	4.74523e-32	4.74523e-32	4.74523e-32	4.74523e-32	4.74523e-32	4.74523e-32	4.74523e-32	4.74523e-32	4.74523e-32	4.74523e-32	4.74523e-32	4.74523e-32	4.74523e-32	4.74523e-32	4.74523e-32	4.74523e-32	4.74523e-32	4.74523e-32	4.74523e-32	4.74523e-32	4.74523e-32	4.74523e-32	4.74523e-32	4.74523e-32	4.74523e-32	4.74523e-32	4.74523e-32	4.74523e-32	4.74523e-32	4.74523e-32	4.74523e-32	4.74523e-32	4.74523e-32	4.74523e-32	4.74523e-32	4.74523e-32	4.74523e-32	4.74523e-32	4.74523e-32	4.74523e-32	4.74523e-32	4.74523e-32	4.74523e-32	4.74523e-32	4.74523e-32	4.74523e-32	4.74523e-32	4.74523e-32	4.74523e-32	4.74523e-32	4.74523e-32	4.74523e-32	4.74523e-32	4.74523e-32	4.74523e-32	4.74523e-32	4.74523e-32	4.74523e-32	4.74523e-32	4.74523e-32	4.74523e-32	4.74523e-32	4.74523e-32	4.74523e-32	4.74523e-32	4.74523e-32	4.74523e-32	4.74523e-32	4.74523e-32	4.74523e-32	4.74523e-32	4.74523e-32	4.74523e-32	4.74523e-32	4.74523e-32	4.74523e-32	4.74523e-32	4.74523e-32	4.74523e-32	4.74523e-32	4.74523e-32	4.74523e-32	4.74523e-32	4.74523e-32	4.74523e-32	4.74523e-32	4.74523e-32	4.74523e-32	4.74523e-32	4.74523e-32	4.74523e-32	4.74523e-32	4.74523e-32	4.74523e-32	4.74523e-32	4.74523e-32	4.74523e-32	4.74523e-32	4.74523e-32	4.74523e-32	4.74523e-32	4.74523e-32	4.74523e-32	4.74523e-32	4.74523e-32	4.74523e-32	4.74523e-32	4.74523e-32	4.74523e-32	4.74523e-32	4.74523e-32	4.74523e-32	4.74523e-32	4.74523e-32	4.74523e-32	4.74523e-32	4.74523e-32	4.74523e-32	4.74523e-32	4.74523e-32	4.74523e-32	4.74523e-32	4.74523e-32	4.74523e-32	4.74523e-32	4.74523e-32	4.74523e-32	4.74523e-32	4.74523e-32	4.74523e-32	4.74523e-32	4.74523e-32	4.74523e-32	4.74523e-32	4.74523e-32	4.74523e-32	4.74523e-32	4.74523e-32	4.74523e-32	4.74523e-32	4.74523e-32	4.74523e-32	4.74523e-32	4.74523e-32	4.74523e-32	4.74523e-32	4.74523e-32	4.74523e-32	4.74523e-32	4.74523e-32	4.74523e-32	4.74523e-32	4.74523e-32	4.74523e-32	4.74523e-32	4.74523e-32	4.74523e-32	4.74523e-32	4.74523e-32	4.74523e-32	4.74523e-32	4.74523e-32	4.74523e-32	4.74523e-32	4.74523e-32	4.74523e-32	4.74523e-32	4.74523e-32	4.74523e-32	4.74523e-32	4.74523e-32	4.74523e-32	4.74523e-32	4.74523e-32	4.74523e-32	4.74523e-32	4.74523e-32
17.87	1.03643e-31	2.74402e-31	2.81081e-31	2.81233e-31	2.81235e-31	2.81235e-31	2.81235e-31	2.81235e-31	2.81235e-31	2.81235e-31	2.81235e-31	2.81235e-31	2.81235e-31	2.81235e-31	2.81235e-31	2.81235e-31	2.81235e-31	2.81235e-31	2.81235e-31	2.81235e-31	2.81235e-31	2.81235e-31	2.81235e-31	2.81235e-31	2.81235e-31	2.81235e-31	2.81235e-31	2.81235e-31	2.81235e-31	2.81235e-31	2.81235e-31	2.81235e-31	2.81235e-31	2.81235e-31	2.81235e-31	2.81235e-31	2.81235e-31	2.81235e-31	2.81235e-31	2.81235e-31	2.81235e-31	2.81235e-31	2.81235e-31	2.81235e-31	2.81235e-31	2.81235e-31	2.81235e-31	2.81235e-31	2.81235e-31	2.81235e-31	2.81235e-31	2.81235e-31	2.81235e-31	2.81235e-31	2.81235e-31	2.81235e-31	2.81235e-31	2.81235e-31	2.81235e-31	2.81235e-31	2.81235e-31	2.81235e-31	2.81235e-31	2.81235e-31	2.81235e-31	2.81235e-31	2.81235e-31	2.81235e-31	2.81235e-31	2.81235e-31	2.81235e-31	2.81235e-31	2.81235e-31	2.81235e-31	2.81235e-31	2.81235e-31	2.81235e-31	2.81235e-31	2.81235e-31	2.81235e-31	2.81235e-31	2.81235e-31	2.81235e-31	2.81235e-31	2.81235e-31	2.81235e-31	2.81235e-31	2.81235e-31	2.81235e-31	2.81235e-31	2.81235e-31	2.81235e-31	2.81235e-31	2.81235e-31	2.81235e-31	2.81235e-31	2.81235e-31	2.81235e-31	2.81235e-31	2.81235e-31	2.81235e-31	2.81235e-31	2.81235e-31	2.81235e-31	2.81235e-31	2.81235e-31	2.81235e-31	2.81235e-31	2.81235e-31	2.81235e-31	2.81235e-31	2.81235e-31	2.81235e-31	2.81235e-31	2.81235e-31	2.81235e-31	2.81235e-31	2.81235e-31	2.81235e-31	2.81235e-31	2.81235e-31	2.81235e-31	2.81235e-31	2.81235e-31	2.81235e-31	2.81235e-31	2.81235e-31	2.81235e-31	2.81235e-31	2.81235e-31	2.81235e-31	2.81235e-31	2.81235e-31	2.81235e-31	2.81235e-31	2.81235e-31	2.81235e-31	2.81235e-31	2.81235e-31	2.81235e-31	2.81235e-31	2.81235e-31	2.81235e-31	2.81235e-31	2.81235e-31	2.81235e-31	2.81235e-31	2.81235e-31	2.81235e-31	2.81235e-31	2.81235e-31	2.81235e-31	2.81235e-31	2.81235e-31	2.81235e-31	2.81235e-31	2.81235e-31	2.81235e-31	2.81235e-31	2.81235e-31	2.81235e-31	2.81235e-31	2.81235e-31	2.81235e-31	2.81235e-31	2.81235e-31	2.81235e-31	2.81235e-31	2.81235e-31	2.81235e-31	2.81235e-31	2.81235e-31	2.81235e-31	2.81235e-31	2.81235e-31	2.81235e-31	2.81235e-31	2.81235e-31	2.81235e-31	2.81235e-31	2.81235e-31	2.81235e-31	2.81235e-31	2.81235e-31	2.81235e-31	2.81235e-31	2.81235e-31	2.81235e-31	2.81235e-31	2.81235e-31	2.81235e-31	2.81235e-31	2.81235e-31	2.81235e-31	2.81235e-31
17.90	4.99333e-31	1.40266e-30	1.44891e-30	1.45035e-30	1.45037e-30	1.45037e-30	1.45037e-30	1.45037e-30	1.45037e-30	1.45037e-30	1.45037e-30	1.45037e-30	1.45037e-30	1.45037e-30	1.45037e-30	1.45037e-30	1.45037e-30	1.45037e-30	1.45037e-30	1.45037e-30	1.45037e-30	1.45037e-30	1.45037e-30	1.45037e-30	1.45037e-30	1.45037e-30	1.45037e-30	1.45037e-30	1.45037e-30	1.45037e-30	1.45037e-30	1.45037e-30	1.45037e-30	1.45037e-30	1.45037e-30	1.45037e-30	1.45037e-30	1.45037e-30	1.45037e-30	1.45037e-30	1.45037e-30	1.45037e-30	1.45037e-30	1.45037e-30	1.45037e-30	1.45037e-30	1.45037e-30	1.45037e-30	1.45037e-30	1.45037e-30	1.45037e-30	1.45037e-30	1.45037e-30	1.45037e-30	1.45037e-30	1.45037e-30	1.45037e-30	1.45037e-30	1.45037e-30	1.45037e-30	1.45037e-30	1.45037e-30	1.45037e-30	1.45037e-30	1.45037e-30	1.45037e-30	1.45037e-30	1.45037e-30	1.45037e-30	1.45037e-30	1.45037e-30	1.45037e-30	1.45037e-30	1.45037e-30	1.45037e-30	1.45037e-30	1.45037e-30	1.45037e-30	1.45037e-30	1.45037e-30	1.45037e-30	1.45037e-30	1.45037e-30	1.45037e-30	1.45037e-30	1.45037e-30	1.45037e-30	1.45037e-30	1.45037e-30	1.45037e-30	1.45037e-30	1.45037e-30	1.45037e-30	1.45037e-30	1.45037e-30	1.45037e-30	1.45037e-30	1.45037e-30	1.45037e-30	1.45037e-30	1.45037e-30	1.45037e-30	1.45037e-30	1.45037e-30	1.45037e-30	1.45037e-30	1.45037e-30	1.45037e-30	1.45037e-30	1.45037e-30	1.45037e-30	1.45037e-30	1.45037e-30	1.45037e-30	1.45037e-30	1.45037e-30	1.45037e-30	1.45037e-30	1.45037e-30	1.45037e-30	1.45037e-30	1.45037e-30	1.45037e-30	1.45037e-30	1.45037e-30	1.45037e-30	1.45037e-30	1.45037e-30	1.45037e-30	1.45037e-30	1.45037e-30	1.45037e-30	1.45037e-30	1.45037e-30	1.45037e-30	1.45037e-30	1.45037e-30	1.45037e-30	1.45037e-30	1.45037e-30	1.45037e-30	1.45037e-30	1.45037e-30	1.45037e-30	1.45037e-30	1.45037e-30	1.45037e-30	1.45037e-30	1.45037e-30	1.45037e-30	1.45037e-30	1.45037e-30	1.45037e-30	1.45037e-30	1.45037e-30	1.45037e-30	1.45037e-30	1.45037e-30	1.45037e-30	1.45037e-30	1.45037e-30	1.45037e-30	1.45037e-30	1.45037e-30	1.45037e-30	1.45037e-30	1.45037e-30	1.45037e-30	1.45037e-30	1.45037e-30	1.45037e-30	1.45037e-30	1.45037e-30	1.45037e-30	1.45037e-30	1.45037e-30	1.45037e-30	1.45037e-30	1.45037e-30	1.45037e-30	1.45037e-30	1.45037e-30	1.45037e-30	1.45037e-30	1.45037e-30	1.45037e-30	1.45037e-30	1.45037e-30	1.45037e-30	1.45037e-30	1.45037e-30	1.45037e-30	1.45037e-30	1.45037e-30	1.45037e-30
17.94	2.11135e-30	6.29045e-30	6.56510e-30	6.57644e-30	6.57671e-30	6.57672e-30	6.57672e-30	6.57672e-30	6.57672e-30	6.57672e-30	6.57672e-30	6.57672e-30	6.57672e-30	6.57672e-30	6.57672e-30	6.57672e-30	6.57672e-30	6.57672e-30	6.57672e-30	6.57672e-30	6.57672e-30	6.57672e-30	6.57672e-30	6.57672e-30	6.57672e-30	6.57672e-30	6.57672e-30	6.57672e-30	6.57672e-30	6.57672e-30	6.57672e-30	6.57672e-30	6.57672e-30	6.57672e-30	6.57672e-30	6.57672e-30	6.57672e-30	6.57672e-30	6.57672e-30	6.57672e-30	6.57672e-30	6.57672e-30	6.57672e-30	6.57672e-30	6.57672e-30	6.57672e-30	6.57672e-30	6.57672e-30	6.57672e-30	6.57672e-30	6.57672e-30	6.57672e-30	6.57672e-30	6.57672e-30	6.57672e-30	6.57672e-30	6.57672e-30	6.57672e-30	6.57672e-30	6.57672e-30	6.57672e-30	6.57672e-30	6.57672e-30	6.57672e-30	6.57672e-30	6.57672e-30	6.57672e-30	6.57672e-30	6.57672e-30	6.57672e-30	6.57672e-30	6.57672e-30	6.57672e-30	6.57672e-30	6.57672e-30	6.57672e-30	6.57672e-30	6.57672e-30	6.57672e-30	6.57672e-30	6.57672e-30	6.57672e-30	6.57672e-30	6.57672e-30	6.57672e-30	6.57672e-30	6.57672e-30	6.57672e-30	6.57672e-30	6.57672e-30	6.57672e-30	6.57672e-30	6.57672e-30	6.57672e-30	6.57672e-30	6.57672e-30	6.57672e-30	6.57672e-30	6.57672e-30	6.57672e-30	6.57672e-30	6.57672e-30	6.57672e-30	6.57672e-30	6.57672e-30	6.57672e-30	6.57672e-30	6.57672e-30	6.57672e-30	6.57672e-30	6.57672e-30	6.57672e-30	6.57672e-30	6.57672e-30	6.57672e-30	6.57672e-30	6.57672e-30	6.57672e-30	6.57672e-30	6.57672e-30	6.57672e-30	6.57672e-30	6.57672e-30	6.57672e-30	6.57672e-30	6.57672e-30	6.57672e-30	6.57672e-30	6.57672e-30	6.57672e-30	6.57672e-30	6.57672e-30	6.57672e-30	6.57672e-30	6.57672e-30	6.57672e-30	6.57672e-30	6.57672e-30	6.57672e-30	6.57672e-30	6.57672e-30	6.57672e-30	6.57672e-30	6.57672e-30	6.57672e-30	6.57672e-30	6.57672e-30	6.57672e-30	6.57672e-30	6.57672e-30	6.57672e-30	6.57672e-30	6.57672e-30	6.57672e-30	6.57672e-30	6.57672e-30	6.57672e-30	6.57672e-30	6.57672e-30	6.57672e-30	6.57672e-30	6.57672e-30	6.57672e-30	6.57672e-30	6.57672e-30	6.57672e-30	6.57672e-30	6.57672e-30	6.57672e-30	6.57672e-30	6.57672e-30	6.57672e-30	6.57672e-30	6.57672e-30	6.57672e-30	6.57672e-30	6.57672e-30	6.57672e-30	6.57672e-30	6.57672e-30	6.57672e-30	6.57672e-30	6.57672e-30	6.57672e-30	6.57672e-30	6.57672e-30	6.57672e-30	6.57672e-30	6.57672e-30	6.57672e-30	6.57672e-30	6.57672e-30	6.57672e-30	6.57672e-30	6.57672e-30
17.97	7.91918e-30	2.49970e-29	2.64115e-29	2.64877e-29	2.64902e-29	2.64902e-29	2.64902e-29	2.64902e-29	2.64902e-29	2.64902e-29	2.64902e-29	2.64902e-29	2.64902e-29	2.64902e-29	2.64902e-29	2.64902e-29	2.64902e-29	2.64902e-29	2.64902e-29	2.64902e-29	2.64902e-29	2.64902e-29	2.64902e-29	2.64902e-29	2.64902e-29	2.64902e-29	2.64902e-29	2.64902e-29	2.64902e-29	2.64902e-29	2.64902e-29	2.64902e-29	2.64902e-29	2.64902e-29	2.64902e-29	2.64902e-29	2.64902e-29	2.64902e-29	2.64902e-29	2.64902e-29	2.64902e-29	2.64902e-29	2.64902e-29	2.64902e-29	2.64902e-29	2.64902e-29	2.64902e-29	2.64902e-29	2.64902e-29	2.64902e-29	2.64902e-29	2.64902e-29	2.64902e-29	2.64902e-29	2.64902e-29	2.64902e-29	2.64902e-29	2.64902e-29	2.64902e-29	2.64902e-29	2.64902e-29	2.64902e-29	2.64902e-29	2.64902e-29	2.64902e-29	2.64902e-29	2.64902e-29	2.64902e-29	2.64902e-29	2.64902e-29	2.64902e-29	2.64902e-29	2.64902e-29	2.64902e-29	2.64902e-29	2.64902e-29	2.64902e-29	2.64902e-29	2.64902e-29	2.64902e-29	2.64902e-29	2.64902e-29	2.64902e-29	2.64902e-29	2.64902e-29	2.64902e-29	2.64902e-29	2.64902e-29	2.64902e-29	2.64902e-29	2.64902e-29	2.64902e-29	2.64902e-29	2.64902e-29	2.64902e-29	2.64902e-29	2.64902e-29	2.64902e-29	2.64902e-29	2.64902e-29	2.64902e-29	2.64902e-29	2.64902e-29	2.64902e-29	2.64902e-29	2.64902e-29	2.64902e-29	2.64902e-29	2.64902e-29	2.64902e-29	2.64902e-29	2.64902e-29	2.64902e-29	2.64902e-29	2.64902e-29	2.64902e-29	2.64902e-29	2.64902e-29	2.64902e-29	2.64902e-29	2.64902e-29	2.64902e-29	2.64902e-29	2.64902e-29	2.64902e-29	2.64902e-29	2.64902e-29	2.64902e-29	2.64902e-29	2.64902e-29	2.64902e-29	2.64902e-29	2.64902e-29	2.64902e-29	2.64902e-29	2.64902e-29	2.64902e-29	2.64902e-29	2.64902e-29	2.64902e-29	2.64902e-29	2.64902e-29	2.64902e-29	2.64902e-29	2.64902e-29	2.64902e-29	2.64902e-29	2.64902e-29	2.64902e-29	2.64902e-29	2.64902e-29	2.64902e-29	2.64902e-29	2.64902e-29	2.64902e-29	2.64902e-29	2.64902e-29	2.64902e-29	2.64902e-29	2.64902e-29	2.64902e-29	2.64902e-29	2.64902e-29	2.64902e-29	2.64902e-29	2.64902e-29	2.64902e-29	2.64902e-29	2.64902e-29	2.64902e-29	2.64902e-29	2.64902e-29	2.64902e-29	2.64902e-29	2.64902e-29	2.64902e-29	2.64902e-29	2.64902e-29	2.64902e-29	2.64902e-29	2.64902e-29	2.64902e-29	2.64902e-29	2.64902e-29	2.64902e-29	2.64902e-29	2.64902e-29	2.64902e-29	2.64902e-29	2.64902e-29	2.64902e-29	2.64902e-29	2.64902e-29	2.64902e-29	2.64902e-29
18.01	2.65440e-29	8.87424e-29	9.51262e-29	9.55656e-29	9.55847e-29	9.55852e-29	9.55852e-29	9.55852e-29	9.55852e-29	9.55852e-29	9.55852e-29	9.55852e-29	9.55852e-29	9.55852e-29	9.55852e-29	9.55852e-29	9.55852e-29	9.55852e-29	9.55852e-29	9.55852e-29	9.55852e-29	9.55852e-29	9.55852e-29	9.55852e-29	9.55852e-29	9.55852e-29	9.55852e-29	9.55852e-29	9.55852e-29	9.55852e-29	9.55852e-29	9.55852e-29	9.55852e-29	9.55852e-29	9.55852e-29	9.55852e-29	9.55852e-29	9.55852e-29	9.55852e-29	9.55852e-29	9.55852e-29	9.55852e-29	9.55852e-29	9.55852e-29	9.55852e-29	9.55852e-29	9.55852e-29	9.55852e-29	9.55852e-29	9.55852e-29	9.55852e-29	9.55852e-29	9.55852e-29	9.55852e-29	9.55852e-29	9.55852e-29	9.55852e-29	9.55852e-29	9.55852e-29	9.55852e-29	9.55852e-29	9.55852e-29	9.55852e-29	9.55852e-29	9.55852e-29	9.55852e-29	9.55852e-29	9.55852e-29	9.55852e-29	9.55852e-29	9.55852e-29	9.55852e-29	9.55852e-29	9.55852e-29	9.55852e-29	9.55852e-29	9.55852e-29	9.55852e-29	9.55852e-29	9.55852e-29	9.55852e-29	9.55852e-29	9.55852e-29	9.55852e-29	9.55852e-29	9.55852e-29	9.55852e-29	9.55852e-29	9.55852e-29	9.55852e-29	9.55852e-29	9.55852e-29	9.55852e-29	9.55852e-29	9.55852e-29	9.55852e-29	9.55852e-29	9.55852e-29	9.55852e-29	9.55852e-29	9.55852e-29	9.55852e-29	9.55852e-29	9.55852e-29	9.55852e-29	9.55852e-29	9.55852e-29	9.55852e-29	9.55852e-29	9.55852e-29	9.55852e-29	9.55852e-29	9.55852e-29	9.55852e-29	9.55852e-29	9.55852e-29	9.55852e-29	9.55852e-29	9.55852e-29	9.55852e-29	9.55852e-29	9.55852e-29	9.55852e-29	9.55852e-29	9.55852e-29	9.55852e-29	9.55852e-29	9.55852e-29	9.55852e-29	9.55852e-29	9.55852e-29	9.55852e-29	9.55852e-29	9.55852e-29	9.55852e-29	9.55852e-29	9.55852e-29	9.55852e-29	9.55852e-29	9.55852e-29	9.55852e-29	9.55852e-29	9.55852e-29	9.55852e-29	9.55852e-29	9.55852e-29	9.55852e-29	9.55852e-29	9.55852e-29	9.55852e-29	9.55852e-29	9.55852e-29	9.55852e-29	9.55852e-29	9.55852e-29	9.55852e-29	9.55852e-29	9.55852e-29	9.55852e-29	9.55852e-29	9.55852e-29	9.55852e-29	9.55852e-29	9.55852e-29	9.55852e-29	9.55852e-29	9.55852e-29	9.55852e-29	9.55852e-29	9.55852e-29	9.55852e-29	9.55852e-29	9.55852e-29	9.55852e-29	9.55852e-29	9.55852e-29	9.55852e-29	9.55852e-29	9.55852e-29	9.55852e-29	9.55852e-29	9.55852e-29	9.55852e-29	9.55852e-29	9.55852e-29	9.55852e-29	9.55852e-29	9.55852e-29	9.55852e-29	9.55852e-29	9.55852e-29	9.55852e-29	9.55852e-29	9.55852e-29	9.55852e-29
18.04	8.03057e-29	2.83857e-28	3.09355e-28	3.11560e-28	3.11684e-28	3.11688e-28	3.11689e-28	3.11689e-28	3.11689e-28	3.11689e-28	3.11689e-28	3.11689e-28	3.11689e-28	3.11689e-28	3.11689e-28	3.11689e-28	3.11689e-28	3.11689e-28	3.11689e-28	3.11689e-28	3.11689e-28	3.11689e-28	3.11689e-28	3.11689e-28	3.11689e-28	3.11689e-28	3.11689e-28	3.11689e-28	3.11689e-28	3.11689e-28	3.11689e-28	3.11689e-28	3.11689e-28	3.11689e-28	3.11689e-28	3.11689e-28	3.11689e-28	3.11689e-28	3.11689e-28	3.11689e-28	3.11689e-28	3.11689e-28	3.11689e-28	3.11689e-28	3.11689e-28	3.11689e-28	3.11689e-28	3.11689e-28	3.11689e-28	3.11689e-28	3.11689e-28	3.11689e-28	3.11689e-28	3.11689e-28	3.11689e-28	3.11689e-28	3.11689e-28	3.11689e-28	3.11689e-28	3.11689e-28	3.11689e-28	3.11689e-28	3.11689e-28	3.11689e-28	3.11689e-28	3.11689e-28	3.11689e-28	3.11689e-28	3.11689e-28	3.11689e-28	3.11689e-28	3.11689e-28	3.11689e-28	3.11689e-28	3.11689e-28	3.11689e-28	3.11689e-28	3.11689e-28	3.11689e-28	3.11689e-28	3.11689e-28	3.11689e-28	3.11689e-28	3.11689e-28	3.11689e-28	3.11689e-28	3.11689e-28	3.11689e-28	3.11689e-28	3.11689e-28	3.11689e-28	3.11689e-28	3.11689e-28	3.11689e-28	3.11689e-28	3.11689e-28	3.11689e-28	3.11689e-28	3.11689e-28	3.11689e-28	3.11689e-28	3.11689e-28	3.11689e-28	3.11689e-28	3.11689e-28	3.11689e-28	3.11689e-28	3.11689e-28	3.11689e-28	3.11689e-28	3.11689e-28	3.11689e-28	3.11689e-28	3.11689e-28	3.11689e-28	3.11689e-28	3.11689e-28	3.11689e-28	3.11689e-28	3.11689e-28	3.11689e-28	3.11689e-28	3.11689e-28	3.11689e-28	3.11689e-28	3.11689e-28	3.11689e-28	3.11689e-28	3.11689e-28	3.11689e-28	3.11689e-28	3.11689e-28	3.11689e-28	3.11689e-28	3.11689e-28	3.11689e-28	3.11689e-28	3.11689e-28	3.11689e-28	3.11689e-28	3.11689e-28	3.11689e-28	3.11689e-28	3.11689e-28	3.11689e-28	3.11689e-28	3.11689e-28	3.11689e-28	3.11689e-28	3.11689e-28	3.11689e-28	3.11689e-28	3.11689e-28	3.11689e-28	3.11689e-28	3.11689e-28	3.11689e-28	3.11689e-28	3.11689e-28	3.11689e-28	3.11689e-28	3.11689e-28	3.11689e-28	3.11689e-28	3.11689e-28	3.11689e-28	3.11689e-28	3.11689e-28	3.11689e-28	3.11689e-28	3.11689e-28	3.11689e-28	3.11689e-28	3.11689e-28	3.11689e-28	3.11689e-28	3.11689e-28	3.11689e-28	3.11689e-28	3.11689e-28	3.11689e-28	3.11689e-28	3.11689e-28	3.11689e-28	3.11689e-28	3.11689e-28	3.11689e-28	3.11689e-28	3.11689e-28	3.11689e-28	3.11689e-28	3.11689e-28	3.11689e-28	3.11689e-28	3.11689e-28
18.07	2.20843e-28	8.24360e-28	9.15257e-28	9.24964e-28	9.25664e-28	9.25696e-28	9.25697e-28	9.25697e-28	9.25697e-28	9.25697e-28	9.25697e-28	9.25697e-28	9.25697e-28	9.25697e-28	9.25697e-28	9.25697e-28	9.25697e-28	9.25697e-28	9.25697e-28	9.25697e-28	9.25697e-28	9.25697e-28	9.25697e-28	9.25697e-28	9.25697e-28	9.25697e-28	9.25697e-28	9.25697e-28	9.25697e-28	9.25697e-28	9.25697e-28	9.25697e-28	9.25697e-28	9.25697e-28	9.25697e-28	9.25697e-28	9.25697e-28	9.25697e-28	9.25697e-28	9.25697e-28	9.25697e-28	9.25697e-28	9.25697e-28	9.25697e-28	9.25697e-28	9.25697e-28	9.25697e-28	9.25697e-28	9.25697e-28	9.25697e-28	9.25697e-28	9.25697e-28	9.25697e-28	9.25697e-28	9.25697e-28	9.25697e-28	9.25697e-28	9.25697e-28	9.25697e-28	9.25697e-28	9.25697e-28	9.25697e-28	9.25697e-28	9.25697e-28	9.25697e-28	9.25697e-28	9.25697e-28	9.25697e-28	9.25697e-28	9.25697e-28	9.25697e-28	9.25697e-28	9.25697e-28	9.25697e-28	9.25697e-28	9.25697e-28	9.25697e-28	9.25697e-28	9.25697e-28	9.25697e-28	9.25697e-28	9.25697e-28	9.25697e-28	9.25697e-28	9.25697e-28	9.25697e-28	9.25697e-28	9.25697e-28	9.25697e-28	9.25697e-28	9.25697e-28	9.25697e-28	9.25697e-28	9.25697e-28	9.25697e-28	9.25697e-28	9.25697e-28	9.25697e-28	9.25697e-28	9.25697e-28	9.25697e-28	9.25697e-28	9.25697e-28	9.25697e-28	9.25697e-28	9.25697e-28	9.25697e-28	9.25697e-28	9.25697e-28	9.25697e-28	9.25697e-28	9.25697e-28	9.25697e-28	9.25697e-28	9.25697e-28	9.25697e-28	9.25697e-28	9.25697e-28	9.25697e-28	9.25697e-28	9.25697e-28	9.25697e-28	9.25697e-28	9.25697e-28	9.25697e-28	9.25697e-28	9.25697e-28	9.25697e-28	9.25697e-28	9.25697e-28	9.25697e-28	9.25697e-28	9.25697e-28	9.25697e-28	9.25697e-28	9.25697e-28	9.25697e-28	9.25697e-28	9.25697e-28	9.25697e-28	9.25697e-28	9.25697e-28	9.25697e-28	9.25697e-28	9.25697e-28	9.25697e-28	9.25697e-28	9.25697e-28	9.25697e-28	9.25697e-28	9.25697e-28	9.25697e-28	9.25697e-28	9.25697e-28	9.25697e-28	9.25697e-28	9.25697e-28	9.25697e-28	9.25697e-28	9.25697e-28	9.25697e-28	9.25697e-28	9.25697e-28	9.25697e-28	9.25697e-28	9.25697e-28	9.25697e-28	9.25697e-28	9.25697e-28	9.25697e-28	9.25697e-28	9.25697e-28	9.25697e-28	9.25697e-28	9.25697e-28	9.25697e-28	9.25697e-28	9.25697e-28	9.25697e-28	9.25697e-28	9.25697e-28	9.25697e-28	9.25697e-28	9.25697e-28	9.25697e-28	9.25697e-28	9.25697e-28	9.25697e-28	9.25697e-28	9.25697e-28	9.25697e-28	9.25697e-28	9.25697e-28	9.25697e-28	9.25697e-28
18.11	5.55977e-28	2.18799e-27	2.47964e-27	2.51755e-27	2.52097e-27	2.52117e-27	2.52118e-27	2.52118e-27	2.52118e-27	2.52118e-27	2.52118e-27	2.52118e-27	2.52118e-27	2.52118e-27	2.52118e-27	2.52118e-27	2.52118e-27	2.52118e-27	2.52118e-27	2.52118e-27	2.52118e-27	2.52118e-27	2.52118e-27	2.52118e-27	2.52118e-27	2.52118e-27	2.52118e-27	2.52118e-27	2.52118e-27	2.52118e-27	2.52118e-27	2.52118e-27	2.52118e-27	2.52118e-27	2.52118e-27	2.52118e-27	2.52118e-27	2.52118e-27	2.52118e-27	2.52118e-27	2.52118e-27	2.52118e-27	2.52118e-27	2.52118e-27	2.52118e-27	2.52118e-27	2.52118e-27	2.52118e-27	2.52118e-27	2.52118e-27	2.52118e-27	2.52118e-27	2.52118e-27	2.52118e-27	2.52118e-27	2.52118e-27	2.52118e-27	2.52118e-27	2.52118e-27	2.52118e-27	2.52118e-27	2.52118e-27	2.52118e-27	2.52118e-27	2.52118e-27	2.52118e-27	2.52118e-27	2.52118e-27	2.52118e-27	2.52118e-27	2.52118e-27	2.52118e-27	2.52118e-27	2.52118e-27	2.52118e-27	2.52118e-27	2.52118e-27	2.52118e-27	2.52118e-27	2.52118e-27	2.52118e-27	2.52118e-27	2.52118e-27	2.52118e-27	2.52118e-27	2.52118e-27	2.52118e-27	2.52118e-27	2.52118e-27	2.52118e-27	2.52118e-27	2.52118e-27	2.52118e-27	2.52118e-27	2.52118e-27	2.52118e-27	2.52118e-27	2.52118e-27	2.52118e-27	2.52118e-27	2.52118e-27	2.52118e-27	2.52118e-27	2.52118e-27	2.52118e-27	2.52118e-27	2.52118e-27	2.52118e-27	2.52118e-27	2.52118e-27	2.52118e-27	2.52118e-27	2.52118e-27	2.52118e-27	2.52118e-27	2.52118e-27	2.52118e-27	2.52118e-27	2.52118e-27	2.52118e-27	2.52118e-27	2.52118e-27	2.52118e-27	2.52118e-27	2.52118e-27	2.52118e-27	2.52118e-27	2.52118e-27	2.52118e-27	2.52118e-27	2.52118e-27	2.52118e-27	2.52118e-27	2.52118e-27	2.52118e-27	2.52118e-27	2.52118e-27	2.52118e-27	2.52118e-27	2.52118e-27	2.52118e-27	2.52118e-27	2.52118e-27	2.52118e-27	2.52118e-27	2.52118e-27	2.52118e-27	2.52118e-27	2.52118e-27	2.52118e-27	2.52118e-27	2.52118e-27	2.52118e-27	2.52118e-27	2.52118e-27	2.52118e-27	2.52118e-27	2.52118e-27	2.52118e-27	2.52118e-27	2.52118e-27	2.52118e-27	2.52118e-27	2.52118e-27	2.52118e-27	2.52118e-27	2.52118e-27	2.52118e-27	2.52118e-27	2.52118e-27	2.52118e-27	2.52118e-27	2.52118e-27	2.52118e-27	2.52118e-27	2.52118e-27	2.52118e-27	2.52118e-27	2.52118e-27	2.52118e-27	2.52118e-27	2.52118e-27	2.52118e-27	2.52118e-27	2.52118e-27	2.52118e-27	2.52118e-27	2.52118e-27	2.52118e-27	2.52118e-27	2.52118e-27	2.52118e-27	2.52118e-27	2.52118e-27	2.52118e-27
18.14	1.29053e-27	5.34415e-27	6.19318e-27	6.32550e-27	6.34019e-27	6.34130e-27	6.34135e-27	6.34136e-27	6.34136e-27	6.34136e-27	6.34136e-27	6.34136e-27	6.34136e-27	6.34136e-27	6.34136e-27	6.34136e-27	6.34136e-27	6.34136e-27	6.34136e-27	6.34136e-27	6.34136e-27	6.34136e-27	6.34136e-27	6.34136e-27	6.34136e-27	6.34136e-27	6.34136e-27	6.34136e-27	6.34136e-27	6.34136e-27	6.34136e-27	6.34136e-27	6.34136e-27	6.34136e-27	6.34136e-27	6.34136e-27	6.34136e-27	6.34136e-27	6.34136e-27	6.34136e-27	6.34136e-27	6.34136e-27	6.34136e-27	6.34136e-27	6.34136e-27	6.34136e-27	6.34136e-27	6.34136e-27	6.34136e-27	6.34136e-27	6.34136e-27	6.34136e-27	6.34136e-27	6.34136e-27	6.34136e-27	6.34136e-27	6.34136e-27	6.34136e-27	6.34136e-27	6.34136e-27	6.34136e-27	6.34136e-27	6.34136e-27	6.34136e-27	6.34136e-27	6.34136e-27	6.34136e-27	6.34136e-27	6.34136e-27	6.34136e-27	6.34136e-27	6.34136e-27	6.34136e-27	6.34136e-27	6.34136e-27	6.34136e-27	6.34136e-27	6.34136e-27	6.34136e-27	6.34136e-27	6.34136e-27	6.34136e-27	6.34136e-27	6.34136e-27	6.34136e-27	6.34136e-27	6.34136e-27	6.34136e-27	6.34136e-27	6.34136e-27	6.34136e-27	6.34136e-27	6.34136e-27	6.34136e-27	6.34136e-27	6.34136e-27	6.34136e-27	6.34136e-27	6.34136e-27	6.34136e-27	6.34136e-27	6.34136e-27	6.34136e-27	6.34136e-27	6.34136e-27	6.34136e-27	6.34136e-27	6.34136e-27	6.34136e-27	6.34136e-27	6.34136e-27	6.34136e-27	6.34136e-27	6.34136e-27	6.34136e-27	6.34136e-27	6.34136e-27	6.34136e-27	6.34136e-27	6.34136e-27	6.34136e-27	6.34136e-27	6.34136e-27	6.34136e-27	6.34136e-27	6.34136e-27	6.34136e-27	6.34136e-27	6.34136e-27	6.34136e-27	6.34136e-27	6.34136e-27	6.34136e-27	6.34136e-27	6.34136e-27	6.34136e-27	6.34136e-27	6.34136e-27	6.34136e-27	6.34136e-27	6.34136e-27	6.34136e-27	6.34136e-27	6.34136e-27	6.34136e-27	6.34136e-27	6.34136e-27	6.34136e-27	6.34136e-27	6.34136e-27	6.34136e-27	6.34136e-27	6.34136e-27	6.34136e-27	6.34136e-27	6.34136e-27	6.34136e-27	6.34136e-27	6.34136e-27	6.34136e-27	6.34136e-27	6.34136e-27	6.34136e-27	6.34136e-27	6.34136e-27	6.34136e-27	6.34136e-27	6.34136e-27	6.34136e-27	6.34136e-27	6.34136e-27	6.34136e-27	6.34136e-27	6.34136e-27	6.34136e-27	6.34136e-27	6.34136e-27	6.34136e-27	6.34136e-27	6.34136e-27	6.34136e-27	6.34136e-27	6.34136e-27	6.34136e-27	6.34136e-27	6.34136e-27	6.34136e-27	6.34136e-27	6.34136e-27	6.34136e-27	6.34136e-27	6.34136e-27	6.34136e-27	6.34136e-27	6.34136e-27
18.18	2.77998e-27	1.20860e-26	1.43431e-26	1.47595e-26	1.48157e-26	1.48209e-26	1.48213e-26	1.48213e-26	1.48213e-26	1.48213e-26	1.48213e-26	1.48213e-26	1.48213e-26	1.48213e-26	1.48213e-26	1.48213e-26	1.48213e-26	1.48213e-26	1.48213e-26	1.48213e-26	1.48213e-26	1.48213e-26	1.48213e-26	1.48213e-26	1.48213e-26	1.48213e-26	1.48213e-26	1.48213e-26	1.48213e-26	1.48213e-26	1.48213e-26	1.48213e-26	1.48213e-26	1.48213e-26	1.48213e-26	1.48213e-26	1.48213e-26	1.48213e-26	1.48213e-26	1.48213e-26	1.48213e-26	1.48213e-26	1.48213e-26	1.48213e-26	1.48213e-26	1.48213e-26	1.48213e-26	1.48213e-26	1.48213e-26	1.48213e-26	1.48213e-26	1.48213e-26	1.48213e-26	1.48213e-26	1.48213e-26	1.48213e-26	1.48213e-26	1.48213e-26	1.48213e-26	1.48213e-26	1.48213e-26	1.48213e-26	1.48213e-26	1.48213e-26	1.48213e-26	1.48213e-26	1.48213e-26	1.48213e-26	1.48213e-26	1.48213e-26	1.48213e-26	1.48213e-26	1.48213e-26	1.48213e-26	1.48213e-26	1.48213e-26	1.48213e-26	1.48213e-26	1.48213e-26	1.48213e-26	1.48213e-26	1.48213e-26	1.48213e-26	1.48213e-26	1.48213e-26	1.48213e-26	1.48213e-26	1.48213e-26	1.48213e-26	1.48213e-26	1.48213e-26	1.48213e-26	1.48213e-26	1.48213e-26	1.48213e-26	1.48213e-26	1.48213e-26	1.48213e-26	1.48213e-26	1.48213e-26	1.48213e-26	1.48213e-26	1.48213e-26	1.48213e-26	1.48213e-26	1.48213e-26	1.48213e-26	1.48213e-26	1.48213e-26	1.48213e-26	1.48213e-26	1.48213e-26	1.48213e-26	1.48213e-26	1.48213e-26	1.48213e-26	1.48213e-26	1.48213e-26	1.48213e-26	1.48213e-26	1.48213e-26	1.48213e-26	1.48213e-26	1.48213e-26	1.48213e-26	1.48213e-26	1.48213e-26	1.48213e-26	1.48213e-26	1.48213e-26	1.48213e-26	1.48213e-26	1.48213e-26	1.48213e-26	1.48213e-26	1.48213e-26	1.48213e-26	1.48213e-26	1.48213e-26	1.48213e-26	1.48213e-26	1.48213e-26	1.48213e-26	1.48213e-26	1.48213e-26	1.48213e-26	1.48213e-26	1.48213e-26	1.48213e-26	1.48213e-26	1.48213e-26	1.48213e-26	1.48213e-26	1.48213e-26	1.48213e-26	1.48213e-26	1.48213e-26	1.48213e-26	1.48213e-26	1.48213e-26	1.48213e-26	1.48213e-26	1.48213e-26	1.48213e-26	1.48213e-26	1.48213e-26	1.48213e-26	1.48213e-26	1.48213e-26	1.48213e-26	1.48213e-26	1.48213e-26	1.48213e-26	1.48213e-26	1.48213e-26	1.48213e-26	1.48213e-26	1.48213e-26	1.48213e-26	1.48213e-26	1.48213e-26	1.48213e-26	1.48213e-26	1.48213e-26	1.48213e-26	1.48213e-26	1.48213e-26	1.48213e-26	1.48213e-26	1.48213e-26	1.48213e-26	1.48213e-26	1.48213e-26	1.48213e-26	1.48213e-26
18.21	5.58082e-27	2.54360e-26	3.09548e-26	3.21452e-26	3.23371e-26	3.23592e-26	3.23609e-26	3.23610e-26	3.23610e-26	3.23610e-26	3.23610e-26	3.23610e-26	3.23610e-26	3.23610e-26	3.23610e-26	3.23610e-26	3.23610e-26	3.23610e-26	3.23610e-26	3.23610e-26	3.23610e-26	3.23610e-26	3.23610e-26	3.23610e-26	3.23610e-26	3.23610e-26	3.23610e-26	3.23610e-26	3.23610e-26	3.23610e-26	3.23610e-26	3.23610e-26	3.23610e-26	3.23610e-26	3.23610e-26	3.23610e-26	3.23610e-26	3.23610e-26	3.23610e-26	3.23610e-26	3.23610e-26	3.23610e-26	3.23610e-26	3.23610e-26	3.23610e-26	3.23610e-26	3.23610e-26	3.23610e-26	3.23610e-26	3.23610e-26	3.23610e-26	3.23610e-26	3.23610e-26	3.23610e-26	3.23610e-26	3.23610e-26	3.23610e-26	3.23610e-26	3.23610e-26	3.23610e-26	3.23610e-26	3.23610e-26	3.23610e-26	3.23610e-26	3.23610e-26	3.23610e-26	3.23610e-26	3.23610e-26	3.23610e-26	3.23610e-26	3.23610e-26	3.23610e-26	3.23610e-26	3.23610e-26	3.23610e-26	3.23610e-26	3.23610e-26	3.23610e-26	3.23610e-26	3.23610e-26	3.23610e-26	3.23610e-26	3.23610e-26	3.23610e-26	3.23610e-26	3.23610e-26	3.23610e-26	3.23610e-26	3.23610e-26	3.23610e-26	3.23610e-26	3.23610e-26	3.23610e-26	3.23610e-26	3.23610e-26	3.23610e-26	3.23610e-26	3.23610e-26	3.23610e-26	3.23610e-26	3.23610e-26	3.23610e-26	3.23610e-26	3.23610e-26	3.23610e-26	3.23610e-26	3.23610e-26	3.23610e-26	3.23610e-26	3.23610e-26	3.23610e-26	3.23610e-26	3.23610e-26	3.23610e-26	3.23610e-26	3.23610e-26	3.23610e-26	3.23610e-26	3.23610e-26	3.23610e-26	3.23610e-26	3.23610e-26	3.23610e-26	3.23610e-26	3.23610e-26	3.23610e-26	3.23610e-26	3.23610e-26	3.23610e-26	3.23610e-26	3.23610e-26	3.23610e-26	3.23610e-26	3.23610e-26	3.23610e-26	3.23610e-26	3.23610e-26	3.23610e-26	3.23610e-26	3.23610e-26	3.23610e-26	3.23610e-26	3.23610e-26	3.23610e-26	3.23610e-26	3.23610e-26	3.23610e-26	3.23610e-26	3.23610e-26	3.23610e-26	3.23610e-26	3.23610e-26	3.23610e-26	3.23610e-26	3.23610e-26	3.23610e-26	3.23610e-26	3.23610e-26	3.23610e-26	3.23610e-26	3.23610e-26	3.23610e-26	3.23610e-26	3.23610e-26	3.23610e-26	3.23610e-26	3.23610e-26	3.23610e-26	3.23610e-26	3.23610e-26	3.23610e-26	3.23610e-26	3.23610e-26	3.23610e-26	3.23610e-26	3.23610e-26	3.23610e-26	3.23610e-26	3.23610e-26	3.23610e-26	3.23610e-26	3.23610e-26	3.23610e-26	3.23610e-26	3.23610e-26	3.23610e-26	3.23610e-26	3.23610e-26	3.23610e-26	3.23610e-26	3.23610e-26	3.23610e-26	3.23610e-26	3.23610e-26	3.23610e-26
18.24	1.05069e-26	5.00862e-26	6.25730e-26	6.56851e-26	6.62774e-26	6.63602e-26	6.63683e-26	6.63688e-26	6.63688e-26	6.63688e-26	6.63688e-26	6.63688e-26	6.63688e-26	6.63688e-26	6.63688e-26	6.63688e-26	6.63688e-26	6.63688e-26	6.63688e-26	6.63688e-26	6.63688e-26	6.63688e-26	6.63688e-26	6.63688e-26	6.63688e-26	6.63688e-26	6.63688e-26	6.63688e-26	6.63688e-26	6.63688e-26	6.63688e-26	6.63688e-26	6.63688e-26	6.63688e-26	6.63688e-26	6.63688e-26	6.63688e-26	6.63688e-26	6.63688e-26	6.63688e-26	6.63688e-26	6.63688e-26	6.63688e-26	6.63688e-26	6.63688e-26	6.63688e-26	6.63688e-26	6.63688e-26	6.63688e-26	6.63688e-26	6.63688e-26	6.63688e-26	6.63688e-26	6.63688e-26	6.63688e-26	6.63688e-26	6.63688e-26	6.63688e-26	6.63688e-26	6.63688e-26	6.63688e-26	6.63688e-26	6.63688e-26	6.63688e-26	6.63688e-26	6.63688e-26	6.63688e-26	6.63688e-26	6.63688e-26	6.63688e-26	6.63688e-26	6.63688e-26	6.63688e-26	6.63688e-26	6.63688e-26	6.63688e-26	6.63688e-26	6.63688e-26	6.63688e-26	6.63688e-26	6.63688e-26	6.63688e-26	6.63688e-26	6.63688e-26	6.63688e-26	6.63688e-26	6.63688e-26	6.63688e-26	6.63688e-26	6.63688e-26	6.63688e-26	6.63688e-26	6.63688e-26	6.63688e-26	6.63688e-26	6.63688e-26	6.63688e-26	6.63688e-26	6.63688e-26	6.63688e-26	6.63688e-26	6.63688e-26	6.63688e-26	6.63688e-26	6.63688e-26	6.63688e-26	6.63688e-26	6.63688e-26	6.63688e-26	6.63688e-26	6.63688e-26	6.63688e-26	6.63688e-26	6.63688e-26	6.63688e-26	6.63688e-26	6.63688e-26	6.63688e-26	6.63688e-26	6.63688e-26	6.63688e-26	6.63688e-26	6.63688e-26	6.63688e-26	6.63688e-26	6.63688e-26	6.63688e-26	6.63688e-26	6.63688e-26	6.63688e-26	6.63688e-26	6.63688e-26	6.63688e-26	6.63688e-26	6.63688e-26	6.63688e-26	6.63688e-26	6.63688e-26	6.63688e-26	6.63688e-26	6.63688e-26	6.63688e-26	6.63688e-26	6.63688e-26	6.63688e-26	6.63688e-26	6.63688e-26	6.63688e-26	6.63688e-26	6.63688e-26	6.63688e-26	6.63688e-26	6.63688e-26	6.63688e-26	6.63688e-26	6.63688e-26	6.63688e-26	6.63688e-26	6.63688e-26	6.63688e-26	6.63688e-26	6.63688e-26	6.63688e-26	6.63688e-26	6.63688e-26	6.63688e-26	6.63688e-26	6.63688e-26	6.63688e-26	6.63688e-26	6.63688e-26	6.63688e-26	6.63688e-26	6.63688e-26	6.63688e-26	6.63688e-26	6.63688e-26	6.63688e-26	6.63688e-26	6.63688e-26	6.63688e-26	6.63688e-26	6.63688e-26	6.63688e-26	6.63688e-26	6.63688e-26	6.63688e-26	6.63688e-26	6.63688e-26	6.63688e-26	6.63688e-26	6.63688e-26	6.63688e-26	6.63688e-26	6.63688e-26
18.28	1.86388e-26	9.27305e-26	1.19013e-25	1.26505e-25	1.28168e-25	1.28446e-25	1.28479e-25	1.28482e-25	1.28482e-25	1.28482e-25	1.28482e-25	1.28482e-25	1.28482e-25	1.28482e-25	1.28482e-25	1.28482e-25	1.28482e-25	1.28482e-25	1.28482e-25	1.28482e-25	1.28482e-25	1.28482e-25	1.28482e-25	1.28482e-25	1.28482e-25	1.28482e-25	1.28482e-25	1.28482e-25	1.28482e-25	1.28482e-25	1.28482e-25	1.28482e-25	1.28482e-25	1.28482e-25	1.28482e-25	1.28482e-25	1.28482e-25	1.28482e-25	1.28482e-25	1.28482e-25	1.28482e-25	1.28482e-25	1.28482e-25	1.28482e-25	1.28482e-25	1.28482e-25	1.28482e-25	1.28482e-25	1.28482e-25	1.28482e-25	1.28482e-25	1.28482e-25	1.28482e-25	1.28482e-25	1.28482e-25	1.28482e-25	1.28482e-25	1.28482e-25	1.28482e-25	1.28482e-25	1.28482e-25	1.28482e-25	1.28482e-25	1.28482e-25	1.28482e-25	1.28482e-25	1.28482e-25	1.28482e-25	1.28482e-25	1.28482e-25	1.28482e-25	1.28482e-25	1.28482e-25	1.28482e-25	1.28482e-25	1.28482e-25	1.28482e-25	1.28482e-25	1.28482e-25	1.28482e-25	1.28482e-25	1.28482e-25	1.28482e-25	1.28482e-25	1.28482e-25	1.28482e-25	1.28482e-25	1.28482e-25	1.28482e-25	1.28482e-25	1.28482e-25	1.28482e-25	1.28482e-25	1.28482e-25	1.28482e-25	1.28482e-25	1.28482e-25	1.28482e-25	1.28482e-25	1.28482e-25	1.28482e-25	1.28482e-25	1.28482e-25	1.28482e-25	1.28482e-25	1.28482e-25	1.28482e-25	1.28482e-25	1.28482e-25	1.28482e-25	1.28482e-25	1.28482e-25	1.28482e-25	1.28482e-25	1.28482e-25	1.28482e-25	1.28482e-25	1.28482e-25	1.28482e-25	1.28482e-25	1.28482e-25	1.28482e-25	1.28482e-25	1.28482e-25	1.28482e-25	1.28482e-25	1.28482e-25	1.28482e-25	1.28482e-25	1.28482e-25	1.28482e-25	1.28482e-25	1.28482e-25	1.28482e-25	1.28482e-25	1.28482e-25	1.28482e-25	1.28482e-25	1.28482e-25	1.28482e-25	1.28482e-25	1.28482e-25	1.28482e-25	1.28482e-25	1.28482e-25	1.28482e-25	1.28482e-25	1.28482e-25	1.28482e-25	1.28482e-25	1.28482e-25	1.28482e-25	1.28482e-25	1.28482e-25	1.28482e-25	1.28482e-25	1.28482e-25	1.28482e-25	1.28482e-25	1.28482e-25	1.28482e-25	1.28482e-25	1.28482e-25	1.28482e-25	1.28482e-25	1.28482e-25	1.28482e-25	1.28482e-25	1.28482e-25	1.28482e-25	1.28482e-25	1.28482e-25	1.28482e-25	1.28482e-25	1.28482e-25	1.28482e-25	1.28482e-25	1.28482e-25	1.28482e-25	1.28482e-25	1.28482e-25	1.28482e-25	1.28482e-25	1.28482e-25	1.28482e-25	1.28482e-25	1.28482e-25	1.28482e-25	1.28482e-25	1.28482e-25	1.28482e-25	1.28482e-25	1.28482e-25	1.28482e-25	1.28482e-25
18.31	3.12894e-26	1.62141e-25	2.13877e-25	2.30588e-25	2.34865e-25	2.35705e-25	2.35826e-25	2.35839e-25	2.35840e-25	2.35840e-25	2.35840e-25	2.35840e-25	2.35840e-25	2.35840e-25	2.35840e-25	2.35840e-25	2.35840e-25	2.35840e-25	2.35840e-25	2.35840e-25	2.35840e-25	2.35840e-25	2.35840e-25	2.35840e-25	2.35840e-25	2.35840e-25	2.35840e-25	2.35840e-25	2.35840e-25	2.35840e-25	2.35840e-25	2.35840e-25	2.35840e-25	2.35840e-25	2.35840e-25	2.35840e-25	2.35840e-25	2.35840e-25	2.35840e-25	2.35840e-25	2.35840e-25	2.35840e-25	2.35840e-25	2.35840e-25	2.35840e-25	2.35840e-25	2.35840e-25	2.35840e-25	2.35840e-25	2.35840e-25	2.35840e-25	2.35840e-25	2.35840e-25	2.35840e-25	2.35840e-25	2.35840e-25	2.35840e-25	2.35840e-25	2.35840e-25	2.35840e-25	2.35840e-25	2.35840e-25	2.35840e-25	2.35840e-25	2.35840e-25	2.35840e-25	2.35840e-25	2.35840e-25	2.35840e-25	2.35840e-25	2.35840e-25	2.35840e-25	2.35840e-25	2.35840e-25	2.35840e-25	2.35840e-25	2.35840e-25	2.35840e-25	2.35840e-25	2.35840e-25	2.35840e-25	2.35840e-25	2.35840e-25	2.35840e-25	2.35840e-25	2.35840e-25	2.35840e-25	2.35840e-25	2.35840e-25	2.35840e-25	2.35840e-25	2.35840e-25	2.35840e-25	2.35840e-25	2.35840e-25	2.35840e-25	2.35840e-25	2.35840e-25	2.35840e-25	2.35840e-25	2.35840e-25	2.35840e-25	2.35840e-25	2.35840e-25	2.35840e-25	2.35840e-25	2.35840e-25	2.35840e-25	2.35840e-25	2.35840e-25	2.35840e-25	2.35840e-25	2.35840e-25	2.35840e-25	2.35840e-25	2.35840e-25	2.35840e-25	2.35840e-25	2.35840e-25	2.35840e-25	2.35840e-25	2.35840e-25	2.35840e-25	2.35840e-25	2.35840e-25	2.35840e-25	2.35840e-25	2.35840e-25	2.35840e-25	2.35840e-25	2.35840e-25	2.35840e-25	2.35840e-25	2.35840e-25	2.35840e-25	2.35840e-25	2.35840e-25	2.35840e-25	2.35840e-25	2.35840e-25	2.35840e-25	2.35840e-25	2.35840e-25	2.35840e-25	2.35840e-25	2.35840e-25	2.35840e-25	2.35840e-25	2.35840e-25	2.35840e-25	2.35840e-25	2.35840e-25	2.35840e-25	2.35840e-25	2.35840e-25	2.35840e-25	2.35840e-25	2.35840e-25	2.35840e-25	2.35840e-25	2.35840e-25	2.35840e-25	2.35840e-25	2.35840e-25	2.35840e-25	2.35840e-25	2.35840e-25	2.35840e-25	2.35840e-25	2.35840e-25	2.35840e-25	2.35840e-25	2.35840e-25	2.35840e-25	2.35840e-25	2.35840e-25	2.35840e-25	2.35840e-25	2.35840e-25	2.35840e-25	2.35840e-25	2.35840e-25	2.35840e-25	2.35840e-25	2.35840e-25	2.35840e-25	2.35840e-25	2.35840e-25	2.35840e-25	2.35840e-25	2.35840e-25	2.35840e-25	2.35840e-25	2.35840e-25	2.35840e-25
18.35	4.99183e-26	2.68859e-25	3.64592e-25	3.99295e-25	4.09437e-25	4.11754e-25	4.12153e-25	4.12202e-25	4.12207e-25	4.12207e-25	4.12207e-25	4.12207e-25	4.12207e-25	4.12207e-25	4.12207e-25	4.12207e-25	4.12207e-25	4.12207e-25	4.12207e-25	4.12207e-25	4.12207e-25	4.12207e-25	4.12207e-25	4.12207e-25	4.12207e-25	4.12207e-25	4.12207e-25	4.12207e-25	4.12207e-25	4.12207e-25	4.12207e-25	4.12207e-25	4.12207e-25	4.12207e-25	4.12207e-25	4.12207e-25	4.12207e-25	4.12207e-25	4.12207e-25	4.12207e-25	4.12207e-25	4.12207e-25	4.12207e-25	4.12207e-25	4.12207e-25	4.12207e-25	4.12207e-25	4.12207e-25	4.12207e-25	4.12207e-25	4.12207e-25	4.12207e-25	4.12207e-25	4.12207e-25	4.12207e-25	4.12207e-25	4.12207e-25	4.12207e-25	4.12207e-25	4.12207e-25	4.12207e-25	4.12207e-25	4.12207e-25	4.12207e-25	4.12207e-25	4.12207e-25	4.12207e-25	4.12207e-25	4.12207e-25	4.12207e-25	4.12207e-25	4.12207e-25	4.12207e-25	4.12207e-25	4.12207e-25	4.12207e-25	4.12207e-25	4.12207e-25	4.12207e-25	4.12207e-25	4.12207e-25	4.12207e-25	4.12207e-25	4.12207e-25	4.12207e-25	4.12207e-25	4.12207e-25	4.12207e-25	4.12207e-25	4.12207e-25	4.12207e-25	4.12207e-25	4.12207e-25	4.12207e-25	4.12207e-25	4.12207e-25	4.12207e-25	4.12207e-25	4.12207e-25	4.12207e-25	4.12207e-25	4.12207e-25	4.12207e-25	4.12207e-25	4.12207e-25	4.12207e-25	4.12207e-25	4.12207e-25	4.12207e-25	4.12207e-25	4.12207e-25	4.12207e-25	4.12207e-25	4.12207e-25	4.12207e-25	4.12207e-25	4.12207e-25	4.12207e-25	4.12207e-25	4.12207e-25	4.12207e-25	4.12207e-25	4.12207e-25	4.12207e-25	4.12207e-25	4.12207e-25	4.12207e-25	4.12207e-25	4.12207e-25	4.12207e-25	4.12207e-25	4.12207e-25	4.12207e-25	4.12207e-25	4.12207e-25	4.12207e-25	4.12207e-25	4.12207e-25	4.12207e-25	4.12207e-25	4.12207e-25	4.12207e-25	4.12207e-25	4.12207e-25	4.12207e-25	4.12207e-25	4.12207e-25	4.12207e-25	4.12207e-25	4.12207e-25	4.12207e-25	4.12207e-25	4.12207e-25	4.12207e-25	4.12207e-25	4.12207e-25	4.12207e-25	4.12207e-25	4.12207e-25	4.12207e-25	4.12207e-25	4.12207e-25	4.12207e-25	4.12207e-25	4.12207e-25	4.12207e-25	4.12207e-25	4.12207e-25	4.12207e-25	4.12207e-25	4.12207e-25	4.12207e-25	4.12207e-25	4.12207e-25	4.12207e-25	4.12207e-25	4.12207e-25	4.12207e-25	4.12207e-25	4.12207e-25	4.12207e-25	4.12207e-25	4.12207e-25	4.12207e-25	4.12207e-25	4.12207e-25	4.12207e-25	4.12207e-25	4.12207e-25	4.12207e-25	4.12207e-25	4.12207e-25	4.12207e-25	4.12207e-25	4.12207e-25
18.38	7.59684e-26	4.24411e-25	5.91668e-25	6.59142e-25	6.81443e-25	6.87305e-25	6.88491e-25	6.88669e-25	6.88687e-25	6.88689e-25	6.88689e-25	6.88689e-25	6.88689e-25	6.88689e-25	6.88689e-25	6.88689e-25	6.88689e-25	6.88689e-25	6.88689e-25	6.88689e-25	6.88689e-25	6.88689e-25	6.88689e-25	6.88689e-25	6.88689e-25	6.88689e-25	6.88689e-25	6.88689e-25	6.88689e-25	6.88689e-25	6.88689e-25	6.88689e-25	6.88689e-25	6.88689e-25	6.88689e-25	6.88689e-25	6.88689e-25	6.88689e-25	6.88689e-25	6.88689e-25	6.88689e-25	6.88689e-25	6.88689e-25	6.88689e-25	6.88689e-25	6.88689e-25	6.88689e-25	6.88689e-25	6.88689e-25	6.88689e-25	6.88689e-25	6.88689e-25	6.88689e-25	6.88689e-25	6.88689e-25	6.88689e-25	6.88689e-25	6.88689e-25	6.88689e-25	6.88689e-25	6.88689e-25	6.88689e-25	6.88689e-25	6.88689e-25	6.88689e-25	6.88689e-25	6.88689e-25	6.88689e-25	6.88689e-25	6.88689e-25	6.88689e-25	6.88689e-25	6.88689e-25	6.88689e-25	6.88689e-25	6.88689e-25	6.88689e-25	6.88689e-25	6.88689e-25	6.88689e-25	6.88689e-25	6.88689e-25	6.88689e-25	6.88689e-25	6.88689e-25	6.88689e-25	6.88689e-25	6.88689e-25	6.88689e-25	6.88689e-25	6.88689e-25	6.88689e-25	6.88689e-25	6.88689e-25	6.88689e-25	6.88689e-25	6.88689e-25	6.88689e-25	6.88689e-25	6.88689e-25	6.88689e-25	6.88689e-25	6.88689e-25	6.88689e-25	6.88689e-25	6.88689e-25	6.88689e-25	6.88689e-25	6.88689e-25	6.88689e-25	6.88689e-25	6.88689e-25	6.88689e-25	6.88689e-25	6.88689e-25	6.88689e-25	6.88689e-25	6.88689e-25	6.88689e-25	6.88689e-25	6.88689e-25	6.88689e-25	6.88689e-25	6.88689e-25	6.88689e-25	6.88689e-25	6.88689e-25	6.88689e-25	6.88689e-25	6.88689e-25	6.88689e-25	6.88689e-25	6.88689e-25	6.88689e-25	6.88689e-25	6.88689e-25	6.88689e-25	6.88689e-25	6.88689e-25	6.88689e-25	6.88689e-25	6.88689e-25	6.88689e-25	6.88689e-25	6.88689e-25	6.88689e-25	6.88689e-25	6.88689e-25	6.88689e-25	6.88689e-25	6.88689e-25	6.88689e-25	6.88689e-25	6.88689e-25	6.88689e-25	6.88689e-25	6.88689e-25	6.88689e-25	6.88689e-25	6.88689e-25	6.88689e-25	6.88689e-25	6.88689e-25	6.88689e-25	6.88689e-25	6.88689e-25	6.88689e-25	6.88689e-25	6.88689e-25	6.88689e-25	6.88689e-25	6.88689e-25	6.88689e-25	6.88689e-25	6.88689e-25	6.88689e-25	6.88689e-25	6.88689e-25	6.88689e-25	6.88689e-25	6.88689e-25	6.88689e-25	6.88689e-25	6.88689e-25	6.88689e-25	6.88689e-25	6.88689e-25	6.88689e-25	6.88689e-25	6.88689e-25	6.88689e-25	6.88689e-25	6.88689e-25	6.88689e-25	6.88689e-25
18.41	1.10683e-25	6.40076e-25	9.17146e-25	1.04058e-24	1.08629e-24	1.09998e-24	1.10319e-24	1.10376e-24	1.10384e-24	1.10385e-24	1.10385e-24	1.10385e-24	1.10385e-24	1.10385e-24	1.10385e-24	1.10385e-24	1.10385e-24	1.10385e-24	1.10385e-24	1.10385e-24	1.10385e-24	1.10385e-24	1.10385e-24	1.10385e-24	1.10385e-24	1.10385e-24	1.10385e-24	1.10385e-24	1.10385e-24	1.10385e-24	1.10385e-24	1.10385e-24	1.10385e-24	1.10385e-24	1.10385e-24	1.10385e-24	1.10385e-24	1.10385e-24	1.10385e-24	1.10385e-24	1.10385e-24	1.10385e-24	1.10385e-24	1.10385e-24	1.10385e-24	1.10385e-24	1.10385e-24	1.10385e-24	1.10385e-24	1.10385e-24	1.10385e-24	1.10385e-24	1.10385e-24	1.10385e-24	1.10385e-24	1.10385e-24	1.10385e-24	1.10385e-24	1.10385e-24	1.10385e-24	1.10385e-24	1.10385e-24	1.10385e-24	1.10385e-24	1.10385e-24	1.10385e-24	1.10385e-24	1.10385e-24	1.10385e-24	1.10385e-24	1.10385e-24	1.10385e-24	1.10385e-24	1.10385e-24	1.10385e-24	1.10385e-24	1.10385e-24	1.10385e-24	1.10385e-24	1.10385e-24	1.10385e-24	1.10385e-24	1.10385e-24	1.10385e-24	1.10385e-24	1.10385e-24	1.10385e-24	1.10385e-24	1.10385e-24	1.10385e-24	1.10385e-24	1.10385e-24	1.10385e-24	1.10385e-24	1.10385e-24	1.10385e-24	1.10385e-24	1.10385e-24	1.10385e-24	1.10385e-24	1.10385e-24	1.10385e-24	1.10385e-24	1.10385e-24	1.10385e-24	1.10385e-24	1.10385e-24	1.10385e-24	1.10385e-24	1.10385e-24	1.10385e-24	1.10385e-24	1.10385e-24	1.10385e-24	1.10385e-24	1.10385e-24	1.10385e-24	1.10385e-24	1.10385e-24	1.10385e-24	1.10385e-24	1.10385e-24	1.10385e-24	1.10385e-24	1.10385e-24	1.10385e-24	1.10385e-24	1.10385e-24	1.10385e-24	1.10385e-24	1.10385e-24	1.10385e-24	1.10385e-24	1.10385e-24	1.10385e-24	1.10385e-24	1.10385e-24	1.10385e-24	1.10385e-24	1.10385e-24	1.10385e-24	1.10385e-24	1.10385e-24	1.10385e-24	1.10385e-24	1.10385e-24	1.10385e-24	1.10385e-24	1.10385e-24	1.10385e-24	1.10385e-24	1.10385e-24	1.10385e-24	1.10385e-24	1.10385e-24	1.10385e-24	1.10385e-24	1.10385e-24	1.10385e-24	1.10385e-24	1.10385e-24	1.10385e-24	1.10385e-24	1.10385e-24	1.10385e-24	1.10385e-24	1.10385e-24	1.10385e-24	1.10385e-24	1.10385e-24	1.10385e-24	1.10385e-24	1.10385e-24	1.10385e-24	1.10385e-24	1.10385e-24	1.10385e-24	1.10385e-24	1.10385e-24	1.10385e-24	1.10385e-24	1.10385e-24	1.10385e-24	1.10385e-24	1.10385e-24	1.10385e-24	1.10385e-24	1.10385e-24	1.10385e-24	1.10385e-24	1.10385e-24	1.10385e-24	1.10385e-24	1.10385e-24	1.10385e-24
18.45	1.54875e-25	9.25306e-25	1.36219e-24	1.57556e-24	1.66336e-24	1.69304e-24	1.70105e-24	1.70272e-24	1.70298e-24	1.70301e-24	1.70301e-24	1.70301e-24	1.70301e-24	1.70301e-24	1.70301e-24	1.70301e-24	1.70301e-24	1.70301e-24	1.70301e-24	1.70301e-24	1.70301e-24	1.70301e-24	1.70301e-24	1.70301e-24	1.70301e-24	1.70301e-24	1.70301e-24	1.70301e-24	1.70301e-24	1.70301e-24	1.70301e-24	1.70301e-24	1.70301e-24	1.70301e-24	1.70301e-24	1.70301e-24	1.70301e-24	1.70301e-24	1.70301e-24	1.70301e-24	1.70301e-24	1.70301e-24	1.70301e-24	1.70301e-24	1.70301e-24	1.70301e-24	1.70301e-24	1.70301e-24	1.70301e-24	1.70301e-24	1.70301e-24	1.70301e-24	1.70301e-24	1.70301e-24	1.70301e-24	1.70301e-24	1.70301e-24	1.70301e-24	1.70301e-24	1.70301e-24	1.70301e-24	1.70301e-24	1.70301e-24	1.70301e-24	1.70301e-24	1.70301e-24	1.70301e-24	1.70301e-24	1.70301e-24	1.70301e-24	1.70301e-24	1.70301e-24	1.70301e-24	1.70301e-24	1.70301e-24	1.70301e-24	1.70301e-24	1.70301e-24	1.70301e-24	1.70301e-24	1.70301e-24	1.70301e-24	1.70301e-24	1.70301e-24	1.70301e-24	1.70301e-24	1.70301e-24	1.70301e-24	1.70301e-24	1.70301e-24	1.70301e-24	1.70301e-24	1.70301e-24	1.70301e-24	1.70301e-24	1.70301e-24	1.70301e-24	1.70301e-24	1.70301e-24	1.70301e-24	1.70301e-24	1.70301e-24	1.70301e-24	1.70301e-24	1.70301e-24	1.70301e-24	1.70301e-24	1.70301e-24	1.70301e-24	1.70301e-24	1.70301e-24	1.70301e-24	1.70301e-24	1.70301e-24	1.70301e-24	1.70301e-24	1.70301e-24	1.70301e-24	1.70301e-24	1.70301e-24	1.70301e-24	1.70301e-24	1.70301e-24	1.70301e-24	1.70301e-24	1.70301e-24	1.70301e-24	1.70301e-24	1.70301e-24	1.70301e-24	1.70301e-24	1.70301e-24	1.70301e-24	1.70301e-24	1.70301e-24	1.70301e-24	1.70301e-24	1.70301e-24	1.70301e-24	1.70301e-24	1.70301e-24	1.70301e-24	1.70301e-24	1.70301e-24	1.70301e-24	1.70301e-24	1.70301e-24	1.70301e-24	1.70301e-24	1.70301e-24	1.70301e-24	1.70301e-24	1.70301e-24	1.70301e-24	1.70301e-24	1.70301e-24	1.70301e-24	1.70301e-24	1.70301e-24	1.70301e-24	1.70301e-24	1.70301e-24	1.70301e-24	1.70301e-24	1.70301e-24	1.70301e-24	1.70301e-24	1.70301e-24	1.70301e-24	1.70301e-24	1.70301e-24	1.70301e-24	1.70301e-24	1.70301e-24	1.70301e-24	1.70301e-24	1.70301e-24	1.70301e-24	1.70301e-24	1.70301e-24	1.70301e-24	1.70301e-24	1.70301e-24	1.70301e-24	1.70301e-24	1.70301e-24	1.70301e-24	1.70301e-24	1.70301e-24	1.70301e-24	1.70301e-24	1.70301e-24	1.70301e-24	1.70301e-24	1.70301e-24
18.48	2.08740e-25	1.28610e-24	1.94419e-24	2.29418e-24	2.45299e-24	2.51304e-24	2.53147e-24	2.53593e-24	2.53674e-24	2.53685e-24	2.53686e-24	2.53686e-24	2.53686e-24	2.53686e-24	2.53686e-24	2.53686e-24	2.53686e-24	2.53686e-24	2.53686e-24	2.53686e-24	2.53686e-24	2.53686e-24	2.53686e-24	2.53686e-24	2.53686e-24	2.53686e-24	2.53686e-24	2.53686e-24	2.53686e-24	2.53686e-24	2.53686e-24	2.53686e-24	2.53686e-24	2.53686e-24	2.53686e-24	2.53686e-24	2.53686e-24	2.53686e-24	2.53686e-24	2.53686e-24	2.53686e-24	2.53686e-24	2.53686e-24	2.53686e-24	2.53686e-24	2.53686e-24	2.53686e-24	2.53686e-24	2.53686e-24	2.53686e-24	2.53686e-24	2.53686e-24	2.53686e-24	2.53686e-24	2.53686e-24	2.53686e-24	2.53686e-24	2.53686e-24	2.53686e-24	2.53686e-24	2.53686e-24	2.53686e-24	2.53686e-24	2.53686e-24	2.53686e-24	2.53686e-24	2.53686e-24	2.53686e-24	2.53686e-24	2.53686e-24	2.53686e-24	2.53686e-24	2.53686e-24	2.53686e-24	2.53686e-24	2.53686e-24	2.53686e-24	2.53686e-24	2.53686e-24	2.53686e-24	2.53686e-24	2.53686e-24	2.53686e-24	2.53686e-24	2.53686e-24	2.53686e-24	2.53686e-24	2.53686e-24	2.53686e-24	2.53686e-24	2.53686e-24	2.53686e-24	2.53686e-24	2.53686e-24	2.53686e-24	2.53686e-24	2.53686e-24	2.53686e-24	2.53686e-24	2.53686e-24	2.53686e-24	2.53686e-24	2.53686e-24	2.53686e-24	2.53686e-24	2.53686e-24	2.53686e-24	2.53686e-24	2.53686e-24	2.53686e-24	2.53686e-24	2.53686e-24	2.53686e-24	2.53686e-24	2.53686e-24	2.53686e-24	2.53686e-24	2.53686e-24	2.53686e-24	2.53686e-24	2.53686e-24	2.53686e-24	2.53686e-24	2.53686e-24	2.53686e-24	2.53686e-24	2.53686e-24	2.53686e-24	2.53686e-24	2.53686e-24	2.53686e-24	2.53686e-24	2.53686e-24	2.53686e-24	2.53686e-24	2.53686e-24	2.53686e-24	2.53686e-24	2.53686e-24	2.53686e-24	2.53686e-24	2.53686e-24	2.53686e-24	2.53686e-24	2.53686e-24	2.53686e-24	2.53686e-24	2.53686e-24	2.53686e-24	2.53686e-24	2.53686e-24	2.53686e-24	2.53686e-24	2.53686e-24	2.53686e-24	2.53686e-24	2.53686e-24	2.53686e-24	2.53686e-24	2.53686e-24	2.53686e-24	2.53686e-24	2.53686e-24	2.53686e-24	2.53686e-24	2.53686e-24	2.53686e-24	2.53686e-24	2.53686e-24	2.53686e-24	2.53686e-24	2.53686e-24	2.53686e-24	2.53686e-24	2.53686e-24	2.53686e-24	2.53686e-24	2.53686e-24	2.53686e-24	2.53686e-24	2.53686e-24	2.53686e-24	2.53686e-24	2.53686e-24	2.53686e-24	2.53686e-24	2.53686e-24	2.53686e-24	2.53686e-24	2.53686e-24	2.53686e-24	2.53686e-24	2.53686e-24	2.53686e-24	2.53686e-24
18.52	2.71754e-25	1.72353e-24	2.67367e-24	3.22053e-24	3.49218e-24	3.60617e-24	3.64558e-24	3.65649e-24	3.65883e-24	3.65920e-24	3.65925e-24	3.65925e-24	3.65925e-24	3.65925e-24	3.65925e-24	3.65925e-24	3.65925e-24	3.65925e-24	3.65925e-24	3.65925e-24	3.65925e-24	3.65925e-24	3.65925e-24	3.65925e-24	3.65925e-24	3.65925e-24	3.65925e-24	3.65925e-24	3.65925e-24	3.65925e-24	3.65925e-24	3.65925e-24	3.65925e-24	3.65925e-24	3.65925e-24	3.65925e-24	3.65925e-24	3.65925e-24	3.65925e-24	3.65925e-24	3.65925e-24	3.65925e-24	3.65925e-24	3.65925e-24	3.65925e-24	3.65925e-24	3.65925e-24	3.65925e-24	3.65925e-24	3.65925e-24	3.65925e-24	3.65925e-24	3.65925e-24	3.65925e-24	3.65925e-24	3.65925e-24	3.65925e-24	3.65925e-24	3.65925e-24	3.65925e-24	3.65925e-24	3.65925e-24	3.65925e-24	3.65925e-24	3.65925e-24	3.65925e-24	3.65925e-24	3.65925e-24	3.65925e-24	3.65925e-24	3.65925e-24	3.65925e-24	3.65925e-24	3.65925e-24	3.65925e-24	3.65925e-24	3.65925e-24	3.65925e-24	3.65925e-24	3.65925e-24	3.65925e-24	3.65925e-24	3.65925e-24	3.65925e-24	3.65925e-24	3.65925e-24	3.65925e-24	3.65925e-24	3.65925e-24	3.65925e-24	3.65925e-24	3.65925e-24	3.65925e-24	3.65925e-24	3.65925e-24	3.65925e-24	3.65925e-24	3.65925e-24	3.65925e-24	3.65925e-24	3.65925e-24	3.65925e-24	3.65925e-24	3.65925e-24	3.65925e-24	3.65925e-24	3.65925e-24	3.65925e-24	3.65925e-24	3.65925e-24	3.65925e-24	3.65925e-24	3.65925e-24	3.65925e-24	3.65925e-24	3.65925e-24	3.65925e-24	3.65925e-24	3.65925e-24	3.65925e-24	3.65925e-24	3.65925e-24	3.65925e-24	3.65925e-24	3.65925e-24	3.65925e-24	3.65925e-24	3.65925e-24	3.65925e-24	3.65925e-24	3.65925e-24	3.65925e-24	3.65925e-24	3.65925e-24	3.65925e-24	3.65925e-24	3.65925e-24	3.65925e-24	3.65925e-24	3.65925e-24	3.65925e-24	3.65925e-24	3.65925e-24	3.65925e-24	3.65925e-24	3.65925e-24	3.65925e-24	3.65925e-24	3.65925e-24	3.65925e-24	3.65925e-24	3.65925e-24	3.65925e-24	3.65925e-24	3.65925e-24	3.65925e-24	3.65925e-24	3.65925e-24	3.65925e-24	3.65925e-24	3.65925e-24	3.65925e-24	3.65925e-24	3.65925e-24	3.65925e-24	3.65925e-24	3.65925e-24	3.65925e-24	3.65925e-24	3.65925e-24	3.65925e-24	3.65925e-24	3.65925e-24	3.65925e-24	3.65925e-24	3.65925e-24	3.65925e-24	3.65925e-24	3.65925e-24	3.65925e-24	3.65925e-24	3.65925e-24	3.65925e-24	3.65925e-24	3.65925e-24	3.65925e-24	3.65925e-24	3.65925e-24	3.65925e-24	3.65925e-24	3.65925e-24	3.65925e-24	3.65925e-24	3.65925e-24	3.65925e-24
18.55	3.42590e-25	2.23283e-24	3.55170e-24	4.36849e-24	4.80979e-24	5.01368e-24	5.09240e-24	5.11714e-24	5.12328e-24	5.12444e-24	5.12460e-24	5.12462e-24	5.12462e-24	5.12462e-24	5.12462e-24	5.12462e-24	5.12462e-24	5.12462e-24	5.12462e-24	5.12462e-24	5.12462e-24	5.12462e-24	5.12462e-24	5.12462e-24	5.12462e-24	5.12462e-24	5.12462e-24	5.12462e-24	5.12462e-24	5.12462e-24	5.12462e-24	5.12462e-24	5.12462e-24	5.12462e-24	5.12462e-24	5.12462e-24	5.12462e-24	5.12462e-24	5.12462e-24	5.12462e-24	5.12462e-24	5.12462e-24	5.12462e-24	5.12462e-24	5.12462e-24	5.12462e-24	5.12462e-24	5.12462e-24	5.12462e-24	5.12462e-24	5.12462e-24	5.12462e-24	5.12462e-24	5.12462e-24	5.12462e-24	5.12462e-24	5.12462e-24	5.12462e-24	5.12462e-24	5.12462e-24	5.12462e-24	5.12462e-24	5.12462e-24	5.12462e-24	5.12462e-24	5.12462e-24	5.12462e-24	5.12462e-24	5.12462e-24	5.12462e-24	5.12462e-24	5.12462e-24	5.12462e-24	5.12462e-24	5.12462e-24	5.12462e-24	5.12462e-24	5.12462e-24	5.12462e-24	5.12462e-24	5.12462e-24	5.12462e-24	5.12462e-24	5.12462e-24	5.12462e-24	5.12462e-24	5.12462e-24	5.12462e-24	5.12462e-24	5.12462e-24	5.12462e-24	5.12462e-24	5.12462e-24	5.12462e-24	5.12462e-24	5.12462e-24	5.12462e-24	5.12462e-24	5.12462e-24	5.12462e-24	5.12462e-24	5.12462e-24	5.12462e-24	5.12462e-24	5.12462e-24	5.12462e-24	5.12462e-24	5.12462e-24	5.12462e-24	5.12462e-24	5.12462e-24	5.12462e-24	5.12462e-24	5.12462e-24	5.12462e-24	5.12462e-24	5.12462e-24	5.12462e-24	5.12462e-24	5.12462e-24	5.12462e-24	5.12462e-24	5.12462e-24	5.12462e-24	5.12462e-24	5.12462e-24	5.12462e-24	5.12462e-24	5.12462e-24	5.12462e-24	5.12462e-24	5.12462e-24	5.12462e-24	5.12462e-24	5.12462e-24	5.12462e-24	5.12462e-24	5.12462e-24	5.12462e-24	5.12462e-24	5.12462e-24	5.12462e-24	5.12462e-24	5.12462e-24	5.12462e-24	5.12462e-24	5.12462e-24	5.12462e-24	5.12462e-24	5.12462e-24	5.12462e-24	5.12462e-24	5.12462e-24	5.12462e-24	5.12462e-24	5.12462e-24	5.12462e-24	5.12462e-24	5.12462e-24	5.12462e-24	5.12462e-24	5.12462e-24	5.12462e-24	5.12462e-24	5.12462e-24	5.12462e-24	5.12462e-24	5.12462e-24	5.12462e-24	5.12462e-24	5.12462e-24	5.12462e-24	5.12462e-24	5.12462e-24	5.12462e-24	5.12462e-24	5.12462e-24	5.12462e-24	5.12462e-24	5.12462e-24	5.12462e-24	5.12462e-24	5.12462e-24	5.12462e-24	5.12462e-24	5.12462e-24	5.12462e-24	5.12462e-24	5.12462e-24	5.12462e-24	5.12462e-24	5.12462e-24	5.12462e-24	5.12462e-24	5.12462e-24
18.59	4.19169e-25	2.80297e-24	4.56804e-24	5.73809e-24	6.42144e-24	6.76664e-24	6.91429e-24	6.96648e-24	6.98129e-24	6.98457e-24	6.98511e-24	6.98517e-24	6.98518e-24	6.98518e-24	6.98518e-24	6.98518e-24	6.98518e-24	6.98518e-24	6.98518e-24	6.98518e-24	6.98518e-24	6.98518e-24	6.98518e-24	6.98518e-24	6.98518e-24	6.98518e-24	6.98518e-24	6.98518e-24	6.98518e-24	6.98518e-24	6.98518e-24	6.98518e-24	6.98518e-24	6.98518e-24	6.98518e-24	6.98518e-24	6.98518e-24	6.98518e-24	6.98518e-24	6.98518e-24	6.98518e-24	6.98518e-24	6.98518e-24	6.98518e-24	6.98518e-24	6.98518e-24	6.98518e-24	6.98518e-24	6.98518e-24	6.98518e-24	6.98518e-24	6.98518e-24	6.98518e-24	6.98518e-24	6.98518e-24	6.98518e-24	6.98518e-24	6.98518e-24	6.98518e-24	6.98518e-24	6.98518e-24	6.98518e-24	6.98518e-24	6.98518e-24	6.98518e-24	6.98518e-24	6.98518e-24	6.98518e-24	6.98518e-24	6.98518e-24	6.98518e-24	6.98518e-24	6.98518e-24	6.98518e-24	6.98518e-24	6.98518e-24	6.98518e-24	6.98518e-24	6.98518e-24	6.98518e-24	6.98518e-24	6.98518e-24	6.98518e-24	6.98518e-24	6.98518e-24	6.98518e-24	6.98518e-24	6.98518e-24	6.98518e-24	6.98518e-24	6.98518e-24	6.98518e-24	6.98518e-24	6.98518e-24	6.98518e-24	6.98518e-24	6.98518e-24	6.98518e-24	6.98518e-24	6.98518e-24	6.98518e-24	6.98518e-24	6.98518e-24	6.98518e-24	6.98518e-24	6.98518e-24	6.98518e-24	6.98518e-24	6.98518e-24	6.98518e-24	6.98518e-24	6.98518e-24	6.98518e-24	6.98518e-24	6.98518e-24	6.98518e-24	6.98518e-24	6.98518e-24	6.98518e-24	6.98518e-24	6.98518e-24	6.98518e-24	6.98518e-24	6.98518e-24	6.98518e-24	6.98518e-24	6.98518e-24	6.98518e-24	6.98518e-24	6.98518e-24	6.98518e-24	6.98518e-24	6.98518e-24	6.98518e-24	6.98518e-24	6.98518e-24	6.98518e-24	6.98518e-24	6.98518e-24	6.98518e-24	6.98518e-24	6.98518e-24	6.98518e-24	6.98518e-24	6.98518e-24	6.98518e-24	6.98518e-24	6.98518e-24	6.98518e-24	6.98518e-24	6.98518e-24	6.98518e-24	6.98518e-24	6.98518e-24	6.98518e-24	6.98518e-24	6.98518e-24	6.98518e-24	6.98518e-24	6.98518e-24	6.98518e-24	6.98518e-24	6.98518e-24	6.98518e-24	6.98518e-24	6.98518e-24	6.98518e-24	6.98518e-24	6.98518e-24	6.98518e-24	6.98518e-24	6.98518e-24	6.98518e-24	6.98518e-24	6.98518e-24	6.98518e-24	6.98518e-24	6.98518e-24	6.98518e-24	6.98518e-24	6.98518e-24	6.98518e-24	6.98518e-24	6.98518e-24	6.98518e-24	6.98518e-24	6.98518e-24	6.98518e-24	6.98518e-24	6.98518e-24	6.98518e-24	6.98518e-24	6.98518e-24	6.98518e-24	6.98518e-24
18.62	4.98844e-25	3.41713e-24	5.70071e-24	7.31304e-24	8.32522e-24	8.88065e-24	9.14187e-24	9.24482e-24	9.27794e-24	9.28638e-24	9.28803e-24	9.28827e-24	9.28829e-24	9.28829e-24	9.28829e-24	9.28829e-24	9.28829e-24	9.28829e-24	9.28829e-24	9.28829e-24	9.28829e-24	9.28829e-24	9.28829e-24	9.28829e-24	9.28829e-24	9.28829e-24	9.28829e-24	9.28829e-24	9.28829e-24	9.28829e-24	9.28829e-24	9.28829e-24	9.28829e-24	9.28829e-24	9.28829e-24	9.28829e-24	9.28829e-24	9.28829e-24	9.28829e-24	9.28829e-24	9.28829e-24	9.28829e-24	9.28829e-24	9.28829e-24	9.28829e-24	9.28829e-24	9.28829e-24	9.28829e-24	9.28829e-24	9.28829e-24	9.28829e-24	9.28829e-24	9.28829e-24	9.28829e-24	9.28829e-24	9.28829e-24	9.28829e-24	9.28829e-24	9.28829e-24	9.28829e-24	9.28829e-24	9.28829e-24	9.28829e-24	9.28829e-24	9.28829e-24	9.28829e-24	9.28829e-24	9.28829e-24	9.28829e-24	9.28829e-24	9.28829e-24	9.28829e-24	9.28829e-24	9.28829e-24	9.28829e-24	9.28829e-24	9.28829e-24	9.28829e-24	9.28829e-24	9.28829e-24	9.28829e-24	9.28829e-24	9.28829e-24	9.28829e-24	9.28829e-24	9.28829e-24	9.28829e-24	9.28829e-24	9.28829e-24	9.28829e-24	9.28829e-24	9.28829e-24	9.28829e-24	9.28829e-24	9.28829e-24	9.28829e-24	9.28829e-24	9.28829e-24	9.28829e-24	9.28829e-24	9.28829e-24	9.28829e-24	9.28829e-24	9.28829e-24	9.28829e-24	9.28829e-24	9.28829e-24	9.28829e-24	9.28829e-24	9.28829e-24	9.28829e-24	9.28829e-24	9.28829e-24	9.28829e-24	9.28829e-24	9.28829e-24	9.28829e-24	9.28829e-24	9.28829e-24	9.28829e-24	9.28829e-24	9.28829e-24	9.28829e-24	9.28829e-24	9.28829e-24	9.28829e-24	9.28829e-24	9.28829e-24	9.28829e-24	9.28829e-24	9.28829e-24	9.28829e-24	9.28829e-24	9.28829e-24	9.28829e-24	9.28829e-24	9.28829e-24	9.28829e-24	9.28829e-24	9.28829e-24	9.28829e-24	9.28829e-24	9.28829e-24	9.28829e-24	9.28829e-24	9.28829e-24	9.28829e-24	9.28829e-24	9.28829e-24	9.28829e-24	9.28829e-24	9.28829e-24	9.28829e-24	9.28829e-24	9.28829e-24	9.28829e-24	9.28829e-24	9.28829e-24	9.28829e-24	9.28829e-24	9.28829e-24	9.28829e-24	9.28829e-24	9.28829e-24	9.28829e-24	9.28829e-24	9.28829e-24	9.28829e-24	9.28829e-24	9.28829e-24	9.28829e-24	9.28829e-24	9.28829e-24	9.28829e-24	9.28829e-24	9.28829e-24	9.28829e-24	9.28829e-24	9.28829e-24	9.28829e-24	9.28829e-24	9.28829e-24	9.28829e-24	9.28829e-24	9.28829e-24	9.28829e-24	9.28829e-24	9.28829e-24	9.28829e-24	9.28829e-24	9.28829e-24	9.28829e-24	9.28829e-24	9.28829e-24	9.28829e-24
18.65	5.78581e-25	4.05402e-24	6.91686e-24	9.06015e-24	1.04989e-23	1.13514e-23	1.17892e-23	1.19800e-23	1.20490e-23	1.20690e-23	1.20736e-23	1.20744e-23	1.20745e-23	1.20745e-23	1.20745e-23	1.20745e-23	1.20745e-23	1.20745e-23	1.20745e-23	1.20745e-23	1.20745e-23	1.20745e-23	1.20745e-23	1.20745e-23	1.20745e-23	1.20745e-23	1.20745e-23	1.20745e-23	1.20745e-23	1.20745e-23	1.20745e-23	1.20745e-23	1.20745e-23	1.20745e-23	1.20745e-23	1.20745e-23	1.20745e-23	1.20745e-23	1.20745e-23	1.20745e-23	1.20745e-23	1.20745e-23	1.20745e-23	1.20745e-23	1.20745e-23	1.20745e-23	1.20745e-23	1.20745e-23	1.20745e-23	1.20745e-23	1.20745e-23	1.20745e-23	1.20745e-23	1.20745e-23	1.20745e-23	1.20745e-23	1.20745e-23	1.20745e-23	1.20745e-23	1.20745e-23	1.20745e-23	1.20745e-23	1.20745e-23	1.20745e-23	1.20745e-23	1.20745e-23	1.20745e-23	1.20745e-23	1.20745e-23	1.20745e-23	1.20745e-23	1.20745e-23	1.20745e-23	1.20745e-23	1.20745e-23	1.20745e-23	1.20745e-23	1.20745e-23	1.20745e-23	1.20745e-23	1.20745e-23	1.20745e-23	1.20745e-23	1.20745e-23	1.20745e-23	1.20745e-23	1.20745e-23	1.20745e-23	1.20745e-23	1.20745e-23	1.20745e-23	1.20745e-23	1.20745e-23	1.20745e-23	1.20745e-23	1.20745e-23	1.20745e-23	1.20745e-23	1.20745e-23	1.20745e-23	1.20745e-23	1.20745e-23	1.20745e-23	1.20745e-23	1.20745e-23	1.20745e-23	1.20745e-23	1.20745e-23	1.20745e-23	1.20745e-23	1.20745e-23	1.20745e-23	1.20745e-23	1.20745e-23	1.20745e-23	1.20745e-23	1.20745e-23	1.20745e-23	1.20745e-23	1.20745e-23	1.20745e-23	1.20745e-23	1.20745e-23	1.20745e-23	1.20745e-23	1.20745e-23	1.20745e-23	1.20745e-23	1.20745e-23	1.20745e-23	1.20745e-23	1.20745e-23	1.20745e-23	1.20745e-23	1.20745e-23	1.20745e-23	1.20745e-23	1.20745e-23	1.20745e-23	1.20745e-23	1.20745e-23	1.20745e-23	1.20745e-23	1.20745e-23	1.20745e-23	1.20745e-23	1.20745e-23	1.20745e-23	1.20745e-23	1.20745e-23	1.20745e-23	1.20745e-23	1.20745e-23	1.20745e-23	1.20745e-23	1.20745e-23	1.20745e-23	1.20745e-23	1.20745e-23	1.20745e-23	1.20745e-23	1.20745e-23	1.20745e-23	1.20745e-23	1.20745e-23	1.20745e-23	1.20745e-23	1.20745e-23	1.20745e-23	1.20745e-23	1.20745e-23	1.20745e-23	1.20745e-23	1.20745e-23	1.20745e-23	1.20745e-23	1.20745e-23	1.20745e-23	1.20745e-23	1.20745e-23	1.20745e-23	1.20745e-23	1.20745e-23	1.20745e-23	1.20745e-23	1.20745e-23	1.20745e-23	1.20745e-23	1.20745e-23	1.20745e-23	1.20745e-23	1.20745e-23	1.20745e-23	1.20745e-23	1.20745e-23
18.69	6.55153e-25	4.68938e-24	8.17490e-24	1.09305e-23	1.28989e-23	1.41512e-23	1.48491e-23	1.51831e-23	1.53174e-23	1.53616e-23	1.53732e-23	1.53755e-23	1.53759e-23	1.53759e-23	1.53759e-23	1.53759e-23	1.53759e-23	1.53759e-23	1.53759e-23	1.53759e-23	1.53759e-23	1.53759e-23	1.53759e-23	1.53759e-23	1.53759e-23	1.53759e-23	1.53759e-23	1.53759e-23	1.53759e-23	1.53759e-23	1.53759e-23	1.53759e-23	1.53759e-23	1.53759e-23	1.53759e-23	1.53759e-23	1.53759e-23	1.53759e-23	1.53759e-23	1.53759e-23	1.53759e-23	1.53759e-23	1.53759e-23	1.53759e-23	1.53759e-23	1.53759e-23	1.53759e-23	1.53759e-23	1.53759e-23	1.53759e-23	1.53759e-23	1.53759e-23	1.53759e-23	1.53759e-23	1.53759e-23	1.53759e-23	1.53759e-23	1.53759e-23	1.53759e-23	1.53759e-23	1.53759e-23	1.53759e-23	1.53759e-23	1.53759e-23	1.53759e-23	1.53759e-23	1.53759e-23	1.53759e-23	1.53759e-23	1.53759e-23	1.53759e-23	1.53759e-23	1.53759e-23	1.53759e-23	1.53759e-23	1.53759e-23	1.53759e-23	1.53759e-23	1.53759e-23	1.53759e-23	1.53759e-23	1.53759e-23	1.53759e-23	1.53759e-23	1.53759e-23	1.53759e-23	1.53759e-23	1.53759e-23	1.53759e-23	1.53759e-23	1.53759e-23	1.53759e-23	1.53759e-23	1.53759e-23	1.53759e-23	1.53759e-23	1.53759e-23	1.53759e-23	1.53759e-23	1.53759e-23	1.53759e-23	1.53759e-23	1.53759e-23	1.53759e-23	1.53759e-23	1.53759e-23	1.53759e-23	1.53759e-23	1.53759e-23	1.53759e-23	1.53759e-23	1.53759e-23	1.53759e-23	1.53759e-23	1.53759e-23	1.53759e-23	1.53759e-23	1.53759e-23	1.53759e-23	1.53759e-23	1.53759e-23	1.53759e-23	1.53759e-23	1.53759e-23	1.53759e-23	1.53759e-23	1.53759e-23	1.53759e-23	1.53759e-23	1.53759e-23	1.53759e-23	1.53759e-23	1.53759e-23	1.53759e-23	1.53759e-23	1.53759e-23	1.53759e-23	1.53759e-23	1.53759e-23	1.53759e-23	1.53759e-23	1.53759e-23	1.53759e-23	1.53759e-23	1.53759e-23	1.53759e-23	1.53759e-23	1.53759e-23	1.53759e-23	1.53759e-23	1.53759e-23	1.53759e-23	1.53759e-23	1.53759e-23	1.53759e-23	1.53759e-23	1.53759e-23	1.53759e-23	1.53759e-23	1.53759e-23	1.53759e-23	1.53759e-23	1.53759e-23	1.53759e-23	1.53759e-23	1.53759e-23	1.53759e-23	1.53759e-23	1.53759e-23	1.53759e-23	1.53759e-23	1.53759e-23	1.53759e-23	1.53759e-23	1.53759e-23	1.53759e-23	1.53759e-23	1.53759e-23	1.53759e-23	1.53759e-23	1.53759e-23	1.53759e-23	1.53759e-23	1.53759e-23	1.53759e-23	1.53759e-23	1.53759e-23	1.53759e-23	1.53759e-23	1.53759e-23	1.53759e-23	1.53759e-23	1.53759e-23	1.53759e-23	1.53759e-23
18.72	7.25547e-25	5.29802e-24	9.42784e-24	1.28623e-23	1.54616e-23	1.72282e-23	1.82899e-23	1.88441e-23	1.90903e-23	1.91811e-23	1.92082e-23	1.92146e-23	1.92157e-23	1.92158e-23	1.92158e-23	1.92158e-23	1.92158e-23	1.92158e-23	1.92158e-23	1.92158e-23	1.92158e-23	1.92158e-23	1.92158e-23	1.92158e-23	1.92158e-23	1.92158e-23	1.92158e-23	1.92158e-23	1.92158e-23	1.92158e-23	1.92158e-23	1.92158e-23	1.92158e-23	1.92158e-23	1.92158e-23	1.92158e-23	1.92158e-23	1.92158e-23	1.92158e-23	1.92158e-23	1.92158e-23	1.92158e-23	1.92158e-23	1.92158e-23	1.92158e-23	1.92158e-23	1.92158e-23	1.92158e-23	1.92158e-23	1.92158e-23	1.92158e-23	1.92158e-23	1.92158e-23	1.92158e-23	1.92158e-23	1.92158e-23	1.92158e-23	1.92158e-23	1.92158e-23	1.92158e-23	1.92158e-23	1.92158e-23	1.92158e-23	1.92158e-23	1.92158e-23	1.92158e-23	1.92158e-23	1.92158e-23	1.92158e-23	1.92158e-23	1.92158e-23	1.92158e-23	1.92158e-23	1.92158e-23	1.92158e-23	1.92158e-23	1.92158e-23	1.92158e-23	1.92158e-23	1.92158e-23	1.92158e-23	1.92158e-23	1.92158e-23	1.92158e-23	1.92158e-23	1.92158e-23	1.92158e-23	1.92158e-23	1.92158e-23	1.92158e-23	1.92158e-23	1.92158e-23	1.92158e-23	1.92158e-23	1.92158e-23	1.92158e-23	1.92158e-23	1.92158e-23	1.92158e-23	1.92158e-23	1.92158e-23	1.92158e-23	1.92158e-23	1.92158e-23	1.92158e-23	1.92158e-23	1.92158e-23	1.92158e-23	1.92158e-23	1.92158e-23	1.92158e-23	1.92158e-23	1.92158e-23	1.92158e-23	1.92158e-23	1.92158e-23	1.92158e-23	1.92158e-23	1.92158e-23	1.92158e-23	1.92158e-23	1.92158e-23	1.92158e-23	1.92158e-23	1.92158e-23	1.92158e-23	1.92158e-23	1.92158e-23	1.92158e-23	1.92158e-23	1.92158e-23	1.92158e-23	1.92158e-23	1.92158e-23	1.92158e-23	1.92158e-23	1.92158e-23	1.92158e-23	1.92158e-23	1.92158e-23	1.92158e-23	1.92158e-23	1.92158e-23	1.92158e-23	1.92158e-23	1.92158e-23	1.92158e-23	1.92158e-23	1.92158e-23	1.92158e-23	1.92158e-23	1.92158e-23	1.92158e-23	1.92158e-23	1.92158e-23	1.92158e-23	1.92158e-23	1.92158e-23	1.92158e-23	1.92158e-23	1.92158e-23	1.92158e-23	1.92158e-23	1.92158e-23	1.92158e-23	1.92158e-23	1.92158e-23	1.92158e-23	1.92158e-23	1.92158e-23	1.92158e-23	1.92158e-23	1.92158e-23	1.92158e-23	1.92158e-23	1.92158e-23	1.92158e-23	1.92158e-23	1.92158e-23	1.92158e-23	1.92158e-23	1.92158e-23	1.92158e-23	1.92158e-23	1.92158e-23	1.92158e-23	1.92158e-23	1.92158e-23	1.92158e-23	1.92158e-23	1.92158e-23	1.92158e-23	1.92158e-23	1.92158e-23	1.92158e-23
18.76	7.87076e-25	5.85578e-24	1.06268e-23	1.47857e-23	1.81069e-23	2.05068e-23	2.20540e-23	2.29292e-23	2.33555e-23	2.35303e-23	2.35892e-23	2.36050e-23	2.36083e-23	2.36088e-23	2.36088e-23	2.36088e-23	2.36088e-23	2.36088e-23	2.36088e-23	2.36088e-23	2.36088e-23	2.36088e-23	2.36088e-23	2.36088e-23	2.36088e-23	2.36088e-23	2.36088e-23	2.36088e-23	2.36088e-23	2.36088e-23	2.36088e-23	2.36088e-23	2.36088e-23	2.36088e-23	2.36088e-23	2.36088e-23	2.36088e-23	2.36088e-23	2.36088e-23	2.36088e-23	2.36088e-23	2.36088e-23	2.36088e-23	2.36088e-23	2.36088e-23	2.36088e-23	2.36088e-23	2.36088e-23	2.36088e-23	2.36088e-23	2.36088e-23	2.36088e-23	2.36088e-23	2.36088e-23	2.36088e-23	2.36088e-23	2.36088e-23	2.36088e-23	2.36088e-23	2.36088e-23	2.36088e-23	2.36088e-23	2.36088e-23	2.36088e-23	2.36088e-23	2.36088e-23	2.36088e-23	2.36088e-23	2.36088e-23	2.36088e-23	2.36088e-23	2.36088e-23	2.36088e-23	2.36088e-23	2.36088e-23	2.36088e-23	2.36088e-23	2.36088e-23	2.36088e-23	2.36088e-23	2.36088e-23	2.36088e-23	2.36088e-23	2.36088e-23	2.36088e-23	2.36088e-23	2.36088e-23	2.36088e-23	2.36088e-23	2.36088e-23	2.36088e-23	2.36088e-23	2.36088e-23	2.36088e-23	2.36088e-23	2.36088e-23	2.36088e-23	2.36088e-23	2.36088e-23	2.36088e-23	2.36088e-23	2.36088e-23	2.36088e-23	2.36088e-23	2.36088e-23	2.36088e-23	2.36088e-23	2.36088e-23	2.36088e-23	2.36088e-23	2.36088e-23	2.36088e-23	2.36088e-23	2.36088e-23	2.36088e-23	2.36088e-23	2.36088e-23	2.36088e-23	2.36088e-23	2.36088e-23	2.36088e-23	2.36088e-23	2.36088e-23	2.36088e-23	2.36088e-23	2.36088e-23	2.36088e-23	2.36088e-23	2.36088e-23	2.36088e-23	2.36088e-23	2.36088e-23	2.36088e-23	2.36088e-23	2.36088e-23	2.36088e-23	2.36088e-23	2.36088e-23	2.36088e-23	2.36088e-23	2.36088e-23	2.36088e-23	2.36088e-23	2.36088e-23	2.36088e-23	2.36088e-23	2.36088e-23	2.36088e-23	2.36088e-23	2.36088e-23	2.36088e-23	2.36088e-23	2.36088e-23	2.36088e-23	2.36088e-23	2.36088e-23	2.36088e-23	2.36088e-23	2.36088e-23	2.36088e-23	2.36088e-23	2.36088e-23	2.36088e-23	2.36088e-23	2.36088e-23	2.36088e-23	2.36088e-23	2.36088e-23	2.36088e-23	2.36088e-23	2.36088e-23	2.36088e-23	2.36088e-23	2.36088e-23	2.36088e-23	2.36088e-23	2.36088e-23	2.36088e-23	2.36088e-23	2.36088e-23	2.36088e-23	2.36088e-23	2.36088e-23	2.36088e-23	2.36088e-23	2.36088e-23	2.36088e-23	2.36088e-23	2.36088e-23	2.36088e-23	2.36088e-23	2.36088e-23	2.36088e-23	2.36088e-23	2.36088e-23
18.79	8.37525e-25	6.34157e-24	1.17253e-23	1.66281e-23	2.07438e-23	2.38922e-23	2.60584e-23	2.73786e-23	2.80788e-23	2.83956e-23	2.85150e-23	2.85515e-23	2.85603e-23	2.85619e-23	2.85621e-23	2.85621e-23	2.85621e-23	2.85621e-23	2.85621e-23	2.85621e-23	2.85621e-23	2.85621e-23	2.85621e-23	2.85621e-23	2.85621e-23	2.85621e-23	2.85621e-23	2.85621e-23	2.85621e-23	2.85621e-23	2.85621e-23	2.85621e-23	2.85621e-23	2.85621e-23	2.85621e-23	2.85621e-23	2.85621e-23	2.85621e-23	2.85621e-23	2.85621e-23	2.85621e-23	2.85621e-23	2.85621e-23	2.85621e-23	2.85621e-23	2.85621e-23	2.85621e-23	2.85621e-23	2.85621e-23	2.85621e-23	2.85621e-23	2.85621e-23	2.85621e-23	2.85621e-23	2.85621e-23	2.85621e-23	2.85621e-23	2.85621e-23	2.85621e-23	2.85621e-23	2.85621e-23	2.85621e-23	2.85621e-23	2.85621e-23	2.85621e-23	2.85621e-23	2.85621e-23	2.85621e-23	2.85621e-23	2.85621e-23	2.85621e-23	2.85621e-23	2.85621e-23	2.85621e-23	2.85621e-23	2.85621e-23	2.85621e-23	2.85621e-23	2.85621e-23	2.85621e-23	2.85621e-23	2.85621e-23	2.85621e-23	2.85621e-23	2.85621e-23	2.85621e-23	2.85621e-23	2.85621e-23	2.85621e-23	2.85621e-23	2.85621e-23	2.85621e-23	2.85621e-23	2.85621e-23	2.85621e-23	2.85621e-23	2.85621e-23	2.85621e-23	2.85621e-23	2.85621e-23	2.85621e-23	2.85621e-23	2.85621e-23	2.85621e-23	2.85621e-23	2.85621e-23	2.85621e-23	2.85621e-23	2.85621e-23	2.85621e-23	2.85621e-23	2.85621e-23	2.85621e-23	2.85621e-23	2.85621e-23	2.85621e-23	2.85621e-23	2.85621e-23	2.85621e-23	2.85621e-23	2.85621e-23	2.85621e-23	2.85621e-23	2.85621e-23	2.85621e-23	2.85621e-23	2.85621e-23	2.85621e-23	2.85621e-23	2.85621e-23	2.85621e-23	2.85621e-23	2.85621e-23	2.85621e-23	2.85621e-23	2.85621e-23	2.85621e-23	2.85621e-23	2.85621e-23	2.85621e-23	2.85621e-23	2.85621e-23	2.85621e-23	2.85621e-23	2.85621e-23	2.85621e-23	2.85621e-23	2.85621e-23	2.85621e-23	2.85621e-23	2.85621e-23	2.85621e-23	2.85621e-23	2.85621e-23	2.85621e-23	2.85621e-23	2.85621e-23	2.85621e-23	2.85621e-23	2.85621e-23	2.85621e-23	2.85621e-23	2.85621e-23	2.85621e-23	2.85621e-23	2.85621e-23	2.85621e-23	2.85621e-23	2.85621e-23	2.85621e-23	2.85621e-23	2.85621e-23	2.85621e-23	2.85621e-23	2.85621e-23	2.85621e-23	2.85621e-23	2.85621e-23	2.85621e-23	2.85621e-23	2.85621e-23	2.85621e-23	2.85621e-23	2.85621e-23	2.85621e-23	2.85621e-23	2.85621e-23	2.85621e-23	2.85621e-23	2.85621e-23	2.85621e-23	2.85621e-23	2.85621e-23	2.85621e-23	2.85621e-23
18.82	8.75527e-25	6.73874e-24	1.26823e-23	1.83199e-23	2.32770e-23	2.72754e-23	3.01977e-23	3.21062e-23	3.32020e-23	3.37448e-23	3.39719e-23	3.40501e-23	3.40717e-23	3.40763e-23	3.40770e-23	3.40771e-23	3.40771e-23	3.40771e-23	3.40771e-23	3.40771e-23	3.40771e-23	3.40771e-23	3.40771e-23	3.40771e-23	3.40771e-23	3.40771e-23	3.40771e-23	3.40771e-23	3.40771e-23	3.40771e-23	3.40771e-23	3.40771e-23	3.40771e-23	3.40771e-23	3.40771e-23	3.40771e-23	3.40771e-23	3.40771e-23	3.40771e-23	3.40771e-23	3.40771e-23	3.40771e-23	3.40771e-23	3.40771e-23	3.40771e-23	3.40771e-23	3.40771e-23	3.40771e-23	3.40771e-23	3.40771e-23	3.40771e-23	3.40771e-23	3.40771e-23	3.40771e-23	3.40771e-23	3.40771e-23	3.40771e-23	3.40771e-23	3.40771e-23	3.40771e-23	3.40771e-23	3.40771e-23	3.40771e-23	3.40771e-23	3.40771e-23	3.40771e-23	3.40771e-23	3.40771e-23	3.40771e-23	3.40771e-23	3.40771e-23	3.40771e-23	3.40771e-23	3.40771e-23	3.40771e-23	3.40771e-23	3.40771e-23	3.40771e-23	3.40771e-23	3.40771e-23	3.40771e-23	3.40771e-23	3.40771e-23	3.40771e-23	3.40771e-23	3.40771e-23	3.40771e-23	3.40771e-23	3.40771e-23	3.40771e-23	3.40771e-23	3.40771e-23	3.40771e-23	3.40771e-23	3.40771e-23	3.40771e-23	3.40771e-23	3.40771e-23	3.40771e-23	3.40771e-23	3.40771e-23	3.40771e-23	3.40771e-23	3.40771e-23	3.40771e-23	3.40771e-23	3.40771e-23	3.40771e-23	3.40771e-23	3.40771e-23	3.40771e-23	3.40771e-23	3.40771e-23	3.40771e-23	3.40771e-23	3.40771e-23	3.40771e-23	3.40771e-23	3.40771e-23	3.40771e-23	3.40771e-23	3.40771e-23	3.40771e-23	3.40771e-23	3.40771e-23	3.40771e-23	3.40771e-23	3.40771e-23	3.40771e-23	3.40771e-23	3.40771e-23	3.40771e-23	3.40771e-23	3.40771e-23	3.40771e-23	3.40771e-23	3.40771e-23	3.40771e-23	3.40771e-23	3.40771e-23	3.40771e-23	3.40771e-23	3.40771e-23	3.40771e-23	3.40771e-23	3.40771e-23	3.40771e-23	3.40771e-23	3.40771e-23	3.40771e-23	3.40771e-23	3.40771e-23	3.40771e-23	3.40771e-23	3.40771e-23	3.40771e-23	3.40771e-23	3.40771e-23	3.40771e-23	3.40771e-23	3.40771e-23	3.40771e-23	3.40771e-23	3.40771e-23	3.40771e-23	3.40771e-23	3.40771e-23	3.40771e-23	3.40771e-23	3.40771e-23	3.40771e-23	3.40771e-23	3.40771e-23	3.40771e-23	3.40771e-23	3.40771e-23	3.40771e-23	3.40771e-23	3.40771e-23	3.40771e-23	3.40771e-23	3.40771e-23	3.40771e-23	3.40771e-23	3.40771e-23	3.40771e-23	3.40771e-23	3.40771e-23	3.40771e-23	3.40771e-23	3.40771e-23	3.40771e-23	3.40771e-23	3.40771e-23	3.40771e-23
18.86	9.00242e-25	7.03586e-24	1.34652e-23	1.97990e-23	2.56141e-23	3.05408e-23	3.43497e-23	3.70020e-23	3.86410e-23	3.95243e-23	3.99311e-23	4.00877e-23	4.01367e-23	4.01488e-23	4.01511e-23	4.01514e-23	4.01514e-23	4.01514e-23	4.01514e-23	4.01514e-23	4.01514e-23	4.01514e-23	4.01514e-23	4.01514e-23	4.01514e-23	4.01514e-23	4.01514e-23	4.01514e-23	4.01514e-23	4.01514e-23	4.01514e-23	4.01514e-23	4.01514e-23	4.01514e-23	4.01514e-23	4.01514e-23	4.01514e-23	4.01514e-23	4.01514e-23	4.01514e-23	4.01514e-23	4.01514e-23	4.01514e-23	4.01514e-23	4.01514e-23	4.01514e-23	4.01514e-23	4.01514e-23	4.01514e-23	4.01514e-23	4.01514e-23	4.01514e-23	4.01514e-23	4.01514e-23	4.01514e-23	4.01514e-23	4.01514e-23	4.01514e-23	4.01514e-23	4.01514e-23	4.01514e-23	4.01514e-23	4.01514e-23	4.01514e-23	4.01514e-23	4.01514e-23	4.01514e-23	4.01514e-23	4.01514e-23	4.01514e-23	4.01514e-23	4.01514e-23	4.01514e-23	4.01514e-23	4.01514e-23	4.01514e-23	4.01514e-23	4.01514e-23	4.01514e-23	4.01514e-23	4.01514e-23	4.01514e-23	4.01514e-23	4.01514e-23	4.01514e-23	4.01514e-23	4.01514e-23	4.01514e-23	4.01514e-23	4.01514e-23	4.01514e-23	4.01514e-23	4.01514e-23	4.01514e-23	4.01514e-23	4.01514e-23	4.01514e-23	4.01514e-23	4.01514e-23	4.01514e-23	4.01514e-23	4.01514e-23	4.01514e-23	4.01514e-23	4.01514e-23	4.01514e-23	4.01514e-23	4.01514e-23	4.01514e-23	4.01514e-23	4.01514e-23	4.01514e-23	4.01514e-23	4.01514e-23	4.01514e-23	4.01514e-23	4.01514e-23	4.01514e-23	4.01514e-23	4.01514e-23	4.01514e-23	4.01514e-23	4.01514e-23	4.01514e-23	4.01514e-23	4.01514e-23	4.01514e-23	4.01514e-23	4.01514e-23	4.01514e-23	4.01514e-23	4.01514e-23	4.01514e-23	4.01514e-23	4.01514e-23	4.01514e-23	4.01514e-23	4.01514e-23	4.01514e-23	4.01514e-23	4.01514e-23	4.01514e-23	4.01514e-23	4.01514e-23	4.01514e-23	4.01514e-23	4.01514e-23	4.01514e-23	4.01514e-23	4.01514e-23	4.01514e-23	4.01514e-23	4.01514e-23	4.01514e-23	4.01514e-23	4.01514e-23	4.01514e-23	4.01514e-23	4.01514e-23	4.01514e-23	4.01514e-23	4.01514e-23	4.01514e-23	4.01514e-23	4.01514e-23	4.01514e-23	4.01514e-23	4.01514e-23	4.01514e-23	4.01514e-23	4.01514e-23	4.01514e-23	4.01514e-23	4.01514e-23	4.01514e-23	4.01514e-23	4.01514e-23	4.01514e-23	4.01514e-23	4.01514e-23	4.01514e-23	4.01514e-23	4.01514e-23	4.01514e-23	4.01514e-23	4.01514e-23	4.01514e-23	4.01514e-23	4.01514e-23	4.01514e-23	4.01514e-23	4.01514e-23	4.01514e-23	4.01514e-23	4.01514e-23
18.89	9.11640e-25	7.22715e-24	1.40517e-23	2.10158e-23	2.76715e-23	3.35744e-23	3.83825e-23	4.19362e-23	4.42870e-23	4.56567e-23	4.63467e-23	4.66409e-23	4.67446e-23	4.67738e-23	4.67803e-23	4.67814e-23	4.67815e-23	4.67815e-23	4.67815e-23	4.67815e-23	4.67815e-23	4.67815e-23	4.67815e-23	4.67815e-23	4.67815e-23	4.67815e-23	4.67815e-23	4.67815e-23	4.67815e-23	4.67815e-23	4.67815e-23	4.67815e-23	4.67815e-23	4.67815e-23	4.67815e-23	4.67815e-23	4.67815e-23	4.67815e-23	4.67815e-23	4.67815e-23	4.67815e-23	4.67815e-23	4.67815e-23	4.67815e-23	4.67815e-23	4.67815e-23	4.67815e-23	4.67815e-23	4.67815e-23	4.67815e-23	4.67815e-23	4.67815e-23	4.67815e-23	4.67815e-23	4.67815e-23	4.67815e-23	4.67815e-23	4.67815e-23	4.67815e-23	4.67815e-23	4.67815e-23	4.67815e-23	4.67815e-23	4.67815e-23	4.67815e-23	4.67815e-23	4.67815e-23	4.67815e-23	4.67815e-23	4.67815e-23	4.67815e-23	4.67815e-23	4.67815e-23	4.67815e-23	4.67815e-23	4.67815e-23	4.67815e-23	4.67815e-23	4.67815e-23	4.67815e-23	4.67815e-23	4.67815e-23	4.67815e-23	4.67815e-23	4.67815e-23	4.67815e-23	4.67815e-23	4.67815e-23	4.67815e-23	4.67815e-23	4.67815e-23	4.67815e-23	4.67815e-23	4.67815e-23	4.67815e-23	4.67815e-23	4.67815e-23	4.67815e-23	4.67815e-23	4.67815e-23	4.67815e-23	4.67815e-23	4.67815e-23	4.67815e-23	4.67815e-23	4.67815e-23	4.67815e-23	4.67815e-23	4.67815e-23	4.67815e-23	4.67815e-23	4.67815e-23	4.67815e-23	4.67815e-23	4.67815e-23	4.67815e-23	4.67815e-23	4.67815e-23	4.67815e-23	4.67815e-23	4.67815e-23	4.67815e-23	4.67815e-23	4.67815e-23	4.67815e-23	4.67815e-23	4.67815e-23	4.67815e-23	4.67815e-23	4.67815e-23	4.67815e-23	4.67815e-23	4.67815e-23	4.67815e-23	4.67815e-23	4.67815e-23	4.67815e-23	4.67815e-23	4.67815e-23	4.67815e-23	4.67815e-23	4.67815e-23	4.67815e-23	4.67815e-23	4.67815e-23	4.67815e-23	4.67815e-23	4.67815e-23	4.67815e-23	4.67815e-23	4.67815e-23	4.67815e-23	4.67815e-23	4.67815e-23	4.67815e-23	4.67815e-23	4.67815e-23	4.67815e-23	4.67815e-23	4.67815e-23	4.67815e-23	4.67815e-23	4.67815e-23	4.67815e-23	4.67815e-23	4.67815e-23	4.67815e-23	4.67815e-23	4.67815e-23	4.67815e-23	4.67815e-23	4.67815e-23	4.67815e-23	4.67815e-23	4.67815e-23	4.67815e-23	4.67815e-23	4.67815e-23	4.67815e-23	4.67815e-23	4.67815e-23	4.67815e-23	4.67815e-23	4.67815e-23	4.67815e-23	4.67815e-23	4.67815e-23	4.67815e-23	4.67815e-23	4.67815e-23	4.67815e-23	4.67815e-23	4.67815e-23	4.67815e-23	4.67815e-23
18.93	9.10268e-25	7.31233e-24	1.44305e-23	2.19354e-23	2.93810e-23	3.62715e-23	4.21630e-23	4.67654e-23	5.00087e-23	5.20402e-23	5.31522e-23	5.36737e-23	5.38785e-23	5.39441e-23	5.39608e-23	5.39640e-23	5.39645e-23	5.39645e-23	5.39645e-23	5.39645e-23	5.39645e-23	5.39645e-23	5.39645e-23	5.39645e-23	5.39645e-23	5.39645e-23	5.39645e-23	5.39645e-23	5.39645e-23	5.39645e-23	5.39645e-23	5.39645e-23	5.39645e-23	5.39645e-23	5.39645e-23	5.39645e-23	5.39645e-23	5.39645e-23	5.39645e-23	5.39645e-23	5.39645e-23	5.39645e-23	5.39645e-23	5.39645e-23	5.39645e-23	5.39645e-23	5.39645e-23	5.39645e-23	5.39645e-23	5.39645e-23	5.39645e-23	5.39645e-23	5.39645e-23	5.39645e-23	5.39645e-23	5.39645e-23	5.39645e-23	5.39645e-23	5.39645e-23	5.39645e-23	5.39645e-23	5.39645e-23	5.39645e-23	5.39645e-23	5.39645e-23	5.39645e-23	5.39645e-23	5.39645e-23	5.39645e-23	5.39645e-23	5.39645e-23	5.39645e-23	5.39645e-23	5.39645e-23	5.39645e-23	5.39645e-23	5.39645e-23	5.39645e-23	5.39645e-23	5.39645e-23	5.39645e-23	5.39645e-23	5.39645e-23	5.39645e-23	5.39645e-23	5.39645e-23	5.39645e-23	5.39645e-23	5.39645e-23	5.39645e-23	5.39645e-23	5.39645e-23	5.39645e-23	5.39645e-23	5.39645e-23	5.39645e-23	5.39645e-23	5.39645e-23	5.39645e-23	5.39645e-23	5.39645e-23	5.39645e-23	5.39645e-23	5.39645e-23	5.39645e-23	5.39645e-23	5.39645e-23	5.39645e-23	5.39645e-23	5.39645e-23	5.39645e-23	5.39645e-23	5.39645e-23	5.39645e-23	5.39645e-23	5.39645e-23	5.39645e-23	5.39645e-23	5.39645e-23	5.39645e-23	5.39645e-23	5.39645e-23	5.39645e-23	5.39645e-23	5.39645e-23	5.39645e-23	5.39645e-23	5.39645e-23	5.39645e-23	5.39645e-23	5.39645e-23	5.39645e-23	5.39645e-23	5.39645e-23	5.39645e-23	5.39645e-23	5.39645e-23	5.39645e-23	5.39645e-23	5.39645e-23	5.39645e-23	5.39645e-23	5.39645e-23	5.39645e-23	5.39645e-23	5.39645e-23	5.39645e-23	5.39645e-23	5.39645e-23	5.39645e-23	5.39645e-23	5.39645e-23	5.39645e-23	5.39645e-23	5.39645e-23	5.39645e-23	5.39645e-23	5.39645e-23	5.39645e-23	5.39645e-23	5.39645e-23	5.39645e-23	5.39645e-23	5.39645e-23	5.39645e-23	5.39645e-23	5.39645e-23	5.39645e-23	5.39645e-23	5.39645e-23	5.39645e-23	5.39645e-23	5.39645e-23	5.39645e-23	5.39645e-23	5.39645e-23	5.39645e-23	5.39645e-23	5.39645e-23	5.39645e-23	5.39645e-23	5.39645e-23	5.39645e-23	5.39645e-23	5.39645e-23	5.39645e-23	5.39645e-23	5.39645e-23	5.39645e-23	5.39645e-23	5.39645e-23	5.39645e-23	5.39645e-23	5.39645e-23	5.39645e-23
18.96	8.97112e-25	7.29590e-24	1.46004e-23	2.25389e-23	3.06926e-23	3.85435e-23	4.55657e-23	5.13411e-23	5.56571e-23	5.85485e-23	6.02576e-23	6.11330e-23	6.15134e-23	6.16504e-23	6.16901e-23	6.16991e-23	6.17006e-23	6.17008e-23	6.17008e-23	6.17008e-23	6.17008e-23	6.17008e-23	6.17008e-23	6.17008e-23	6.17008e-23	6.17008e-23	6.17008e-23	6.17008e-23	6.17008e-23	6.17008e-23	6.17008e-23	6.17008e-23	6.17008e-23	6.17008e-23	6.17008e-23	6.17008e-23	6.17008e-23	6.17008e-23	6.17008e-23	6.17008e-23	6.17008e-23	6.17008e-23	6.17008e-23	6.17008e-23	6.17008e-23	6.17008e-23	6.17008e-23	6.17008e-23	6.17008e-23	6.17008e-23	6.17008e-23	6.17008e-23	6.17008e-23	6.17008e-23	6.17008e-23	6.17008e-23	6.17008e-23	6.17008e-23	6.17008e-23	6.17008e-23	6.17008e-23	6.17008e-23	6.17008e-23	6.17008e-23	6.17008e-23	6.17008e-23	6.17008e-23	6.17008e-23	6.17008e-23	6.17008e-23	6.17008e-23	6.17008e-23	6.17008e-23	6.17008e-23	6.17008e-23	6.17008e-23	6.17008e-23	6.17008e-23	6.17008e-23	6.17008e-23	6.17008e-23	6.17008e-23	6.17008e-23	6.17008e-23	6.17008e-23	6.17008e-23	6.17008e-23	6.17008e-23	6.17008e-23	6.17008e-23	6.17008e-23	6.17008e-23	6.17008e-23	6.17008e-23	6.17008e-23	6.17008e-23	6.17008e-23	6.17008e-23	6.17008e-23	6.17008e-23	6.17008e-23	6.17008e-23	6.17008e-23	6.17008e-23	6.17008e-23	6.17008e-23	6.17008e-23	6.17008e-23	6.17008e-23	6.17008e-23	6.17008e-23	6.17008e-23	6.17008e-23	6.17008e-23	6.17008e-23	6.17008e-23	6.17008e-23	6.17008e-23	6.17008e-23	6.17008e-23	6.17008e-23	6.17008e-23	6.17008e-23	6.17008e-23	6.17008e-23	6.17008e-23	6.17008e-23	6.17008e-23	6.17008e-23	6.17008e-23	6.17008e-23	6.17008e-23	6.17008e-23	6.17008e-23	6.17008e-23	6.17008e-23	6.17008e-23	6.17008e-23	6.17008e-23	6.17008e-23	6.17008e-23	6.17008e-23	6.17008e-23	6.17008e-23	6.17008e-23	6.17008e-23	6.17008e-23	6.17008e-23	6.17008e-23	6.17008e-23	6.17008e-23	6.17008e-23	6.17008e-23	6.17008e-23	6.17008e-23	6.17008e-23	6.17008e-23	6.17008e-23	6.17008e-23	6.17008e-23	6.17008e-23	6.17008e-23	6.17008e-23	6.17008e-23	6.17008e-23	6.17008e-23	6.17008e-23	6.17008e-23	6.17008e-23	6.17008e-23	6.17008e-23	6.17008e-23	6.17008e-23	6.17008e-23	6.17008e-23	6.17008e-23	6.17008e-23	6.17008e-23	6.17008e-23	6.17008e-23	6.17008e-23	6.17008e-23	6.17008e-23	6.17008e-23	6.17008e-23	6.17008e-23	6.17008e-23	6.17008e-23	6.17008e-23	6.17008e-23	6.17008e-23	6.17008e-23	6.17008e-23	6.17008e-23	6.17008e-23
18.99	8.73603e-25	7.18613e-24	1.45699e-23	2.28230e-23	3.15774e-23	4.03227e-23	4.84803e-23	5.55182e-23	6.10728e-23	6.50332e-23	6.75475e-23	6.89449e-23	6.96119e-23	6.98793e-23	6.99670e-23	6.99898e-23	6.99944e-23	6.99951e-23	6.99951e-23	6.99951e-23	6.99951e-23	6.99951e-23	6.99951e-23	6.99951e-23	6.99951e-23	6.99951e-23	6.99951e-23	6.99951e-23	6.99951e-23	6.99951e-23	6.99951e-23	6.99951e-23	6.99951e-23	6.99951e-23	6.99951e-23	6.99951e-23	6.99951e-23	6.99951e-23	6.99951e-23	6.99951e-23	6.99951e-23	6.99951e-23	6.99951e-23	6.99951e-23	6.99951e-23	6.99951e-23	6.99951e-23	6.99951e-23	6.99951e-23	6.99951e-23	6.99951e-23	6.99951e-23	6.99951e-23	6.99951e-23	6.99951e-23	6.99951e-23	6.99951e-23	6.99951e-23	6.99951e-23	6.99951e-23	6.99951e-23	6.99951e-23	6.99951e-23	6.99951e-23	6.99951e-23	6.99951e-23	6.99951e-23	6.99951e-23	6.99951e-23	6.99951e-23	6.99951e-23	6.99951e-23	6.99951e-23	6.99951e-23	6.99951e-23	6.99951e-23	6.99951e-23	6.99951e-23	6.99951e-23	6.99951e-23	6.99951e-23	6.99951e-23	6.99951e-23	6.99951e-23	6.99951e-23	6.99951e-23	6.99951e-23	6.99951e-23	6.99951e-23	6.99951e-23	6.99951e-23	6.99951e-23	6.99951e-23	6.99951e-23	6.99951e-23	6.99951e-23	6.99951e-23	6.99951e-23	6.99951e-23	6.99951e-23	6.99951e-23	6.99951e-23	6.99951e-23	6.99951e-23	6.99951e-23	6.99951e-23	6.99951e-23	6.99951e-23	6.99951e-23	6.99951e-23	6.99951e-23	6.99951e-23	6.99951e-23	6.99951e-23	6.99951e-23	6.99951e-23	6.99951e-23	6.99951e-23	6.99951e-23	6.99951e-23	6.99951e-23	6.99951e-23	6.99951e-23	6.99951e-23	6.99951e-23	6.99951e-23	6.99951e-23	6.99951e-23	6.99951e-23	6.99951e-23	6.99951e-23	6.99951e-23	6.99951e-23	6.99951e-23	6.99951e-23	6.99951e-23	6.99951e-23	6.99951e-23	6.99951e-23	6.99951e-23	6.99951e-23	6.99951e-23	6.99951e-23	6.99951e-23	6.99951e-23	6.99951e-23	6.99951e-23	6.99951e-23	6.99951e-23	6.99951e-23	6.99951e-23	6.99951e-23	6.99951e-23	6.99951e-23	6.99951e-23	6.99951e-23	6.99951e-23	6.99951e-23	6.99951e-23	6.99951e-23	6.99951e-23	6.99951e-23	6.99951e-23	6.99951e-23	6.99951e-23	6.99951e-23	6.99951e-23	6.99951e-23	6.99951e-23	6.99951e-23	6.99951e-23	6.99951e-23	6.99951e-23	6.99951e-23	6.99951e-23	6.99951e-23	6.99951e-23	6.99951e-23	6.99951e-23	6.99951e-23	6.99951e-23	6.99951e-23	6.99951e-23	6.99951e-23	6.99951e-23	6.99951e-23	6.99951e-23	6.99951e-23	6.99951e-23	6.99951e-23	6.99951e-23	6.99951e-23	6.99951e-23	6.99951e-23	6.99951e-23
19.03	8.41384e-25	6.99426e-24	1.43550e-23	2.27988e-23	3.20269e-23	4.15663e-23	5.08191e-23	5.91648e-23	6.60945e-23	7.13299e-23	7.48810e-23	7.70102e-23	7.81187e-23	7.86096e-23	7.87901e-23	7.88437e-23	7.88562e-23	7.88584e-23	7.88587e-23	7.88587e-23	7.88587e-23	7.88587e-23	7.88587e-23	7.88587e-23	7.88587e-23	7.88587e-23	7.88587e-23	7.88587e-23	7.88587e-23	7.88587e-23	7.88587e-23	7.88587e-23	7.88587e-23	7.88587e-23	7.88587e-23	7.88587e-23	7.88587e-23	7.88587e-23	7.88587e-23	7.88587e-23	7.88587e-23	7.88587e-23	7.88587e-23	7.88587e-23	7.88587e-23	7.88587e-23	7.88587e-23	7.88587e-23	7.88587e-23	7.88587e-23	7.88587e-23	7.88587e-23	7.88587e-23	7.88587e-23	7.88587e-23	7.88587e-23	7.88587e-23	7.88587e-23	7.88587e-23	7.88587e-23	7.88587e-23	7.88587e-23	7.88587e-23	7.88587e-23	7.88587e-23	7.88587e-23	7.88587e-23	7.88587e-23	7.88587e-23	7.88587e-23	7.88587e-23	7.88587e-23	7.88587e-23	7.88587e-23	7.88587e-23	7.88587e-23	7.88587e-23	7.88587e-23	7.88587e-23	7.88587e-23	7.88587e-23	7.88587e-23	7.88587e-23	7.88587e-23	7.88587e-23	7.88587e-23	7.88587e-23	7.88587e-23	7.88587e-23	7.88587e-23	7.88587e-23	7.88587e-23	7.88587e-23	7.88587e-23	7.88587e-23	7.88587e-23	7.88587e-23	7.88587e-23	7.88587e-23	7.88587e-23	7.88587e-23	7.88587e-23	7.88587e-23	7.88587e-23	7.88587e-23	7.88587e-23	7.88587e-23	7.88587e-23	7.88587e-23	7.88587e-23	7.88587e-23	7.88587e-23	7.88587e-23	7.88587e-23	7.88587e-23	7.88587e-23	7.88587e-23	7.88587e-23	7.88587e-23	7.88587e-23	7.88587e-23	7.88587e-23	7.88587e-23	7.88587e-23	7.88587e-23	7.88587e-23	7.88587e-23	7.88587e-23	7.88587e-23	7.88587e-23	7.88587e-23	7.88587e-23	7.88587e-23	7.88587e-23	7.88587e-23	7.88587e-23	7.88587e-23	7.88587e-23	7.88587e-23	7.88587e-23	7.88587e-23	7.88587e-23	7.88587e-23	7.88587e-23	7.88587e-23	7.88587e-23	7.88587e-23	7.88587e-23	7.88587e-23	7.88587e-23	7.88587e-23	7.88587e-23	7.88587e-23	7.88587e-23	7.88587e-23	7.88587e-23	7.88587e-23	7.88587e-23	7.88587e-23	7.88587e-23	7.88587e-23	7.88587e-23	7.88587e-23	7.88587e-23	7.88587e-23	7.88587e-23	7.88587e-23	7.88587e-23	7.88587e-23	7.88587e-23	7.88587e-23	7.88587e-23	7.88587e-23	7.88587e-23	7.88587e-23	7.88587e-23	7.88587e-23	7.88587e-23	7.88587e-23	7.88587e-23	7.88587e-23	7.88587e-23	7.88587e-23	7.88587e-23	7.88587e-23	7.88587e-23	7.88587e-23	7.88587e-23	7.88587e-23	7.88587e-23	7.88587e-23	7.88587e-23	7.88587e-23	7.88587e-23	7.88587e-23
19.06	8.02232e-25	6.73352e-24	1.39775e-23	2.24892e-23	3.20524e-23	4.22571e-23	5.25210e-23	6.21701e-23	7.05688e-23	7.72649e-23	8.20946e-23	8.52015e-23	8.69547e-23	8.78061e-23	8.81542e-23	8.82711e-23	8.83023e-23	8.83088e-23	8.83098e-23	8.83099e-23	8.83099e-23	8.83099e-23	8.83099e-23	8.83099e-23	8.83099e-23	8.83099e-23	8.83099e-23	8.83099e-23	8.83099e-23	8.83099e-23	8.83099e-23	8.83099e-23	8.83099e-23	8.83099e-23	8.83099e-23	8.83099e-23	8.83099e-23	8.83099e-23	8.83099e-23	8.83099e-23	8.83099e-23	8.83099e-23	8.83099e-23	8.83099e-23	8.83099e-23	8.83099e-23	8.83099e-23	8.83099e-23	8.83099e-23	8.83099e-23	8.83099e-23	8.83099e-23	8.83099e-23	8.83099e-23	8.83099e-23	8.83099e-23	8.83099e-23	8.83099e-23	8.83099e-23	8.83099e-23	8.83099e-23	8.83099e-23	8.83099e-23	8.83099e-23	8.83099e-23	8.83099e-23	8.83099e-23	8.83099e-23	8.83099e-23	8.83099e-23	8.83099e-23	8.83099e-23	8.83099e-23	8.83099e-23	8.83099e-23	8.83099e-23	8.83099e-23	8.83099e-23	8.83099e-23	8.83099e-23	8.83099e-23	8.83099e-23	8.83099e-23	8.83099e-23	8.83099e-23	8.83099e-23	8.83099e-23	8.83099e-23	8.83099e-23	8.83099e-23	8.83099e-23	8.83099e-23	8.83099e-23	8.83099e-23	8.83099e-23	8.83099e-23	8.83099e-23	8.83099e-23	8.83099e-23	8.83099e-23	8.83099e-23	8.83099e-23	8.83099e-23	8.83099e-23	8.83099e-23	8.83099e-23	8.83099e-23	8.83099e-23	8.83099e-23	8.83099e-23	8.83099e-23	8.83099e-23	8.83099e-23	8.83099e-23	8.83099e-23	8.83099e-23	8.83099e-23	8.83099e-23	8.83099e-23	8.83099e-23	8.83099e-23	8.83099e-23	8.83099e-23	8.83099e-23	8.83099e-23	8.83099e-23	8.83099e-23	8.83099e-23	8.83099e-23	8.83099e-23	8.83099e-23	8.83099e-23	8.83099e-23	8.83099e-23	8.83099e-23	8.83099e-23	8.83099e-23	8.83099e-23	8.83099e-23	8.83099e-23	8.83099e-23	8.83099e-23	8.83099e-23	8.83099e-23	8.83099e-23	8.83099e-23	8.83099e-23	8.83099e-23	8.83099e-23	8.83099e-23	8.83099e-23	8.83099e-23	8.83099e-23	8.83099e-23	8.83099e-23	8.83099e-23	8.83099e-23	8.83099e-23	8.83099e-23	8.83099e-23	8.83099e-23	8.83099e-23	8.83099e-23	8.83099e-23	8.83099e-23	8.83099e-23	8.83099e-23	8.83099e-23	8.83099e-23	8.83099e-23	8.83099e-23	8.83099e-23	8.83099e-23	8.83099e-23	8.83099e-23	8.83099e-23	8.83099e-23	8.83099e-23	8.83099e-23	8.83099e-23	8.83099e-23	8.83099e-23	8.83099e-23	8.83099e-23	8.83099e-23	8.83099e-23	8.83099e-23	8.83099e-23	8.83099e-23	8.83099e-23	8.83099e-23	8.83099e-23	8.83099e-23	8.83099e-23	8.83099e-23
19.10	7.57807e-25	6.41774e-24	1.34629e-23	2.19262e-23	3.16814e-23	4.24018e-23	5.35543e-23	6.44503e-23	7.43596e-23	8.26653e-23	8.90079e-23	9.33631e-23	9.60114e-23	9.74125e-23	9.80444e-23	9.82818e-23	9.83540e-23	9.83713e-23	9.83745e-23	9.83749e-23	9.83749e-23	9.83749e-23	9.83749e-23	9.83749e-23	9.83749e-23	9.83749e-23	9.83749e-23	9.83749e-23	9.83749e-23	9.83749e-23	9.83749e-23	9.83749e-23	9.83749e-23	9.83749e-23	9.83749e-23	9.83749e-23	9.83749e-23	9.83749e-23	9.83749e-23	9.83749e-23	9.83749e-23	9.83749e-23	9.83749e-23	9.83749e-23	9.83749e-23	9.83749e-23	9.83749e-23	9.83749e-23	9.83749e-23	9.83749e-23	9.83749e-23	9.83749e-23	9.83749e-23	9.83749e-23	9.83749e-23	9.83749e-23	9.83749e-23	9.83749e-23	9.83749e-23	9.83749e-23	9.83749e-23	9.83749e-23	9.83749e-23	9.83749e-23	9.83749e-23	9.83749e-23	9.83749e-23	9.83749e-23	9.83749e-23	9.83749e-23	9.83749e-23	9.83749e-23	9.83749e-23	9.83749e-23	9.83749e-23	9.83749e-23	9.83749e-23	9.83749e-23	9.83749e-23	9.83749e-23	9.83749e-23	9.83749e-23	9.83749e-23	9.83749e-23	9.83749e-23	9.83749e-23	9.83749e-23	9.83749e-23	9.83749e-23	9.83749e-23	9.83749e-23	9.83749e-23	9.83749e-23	9.83749e-23	9.83749e-23	9.83749e-23	9.83749e-23	9.83749e-23	9.83749e-23	9.83749e-23	9.83749e-23	9.83749e-23	9.83749e-23	9.83749e-23	9.83749e-23	9.83749e-23	9.83749e-23	9.83749e-23	9.83749e-23	9.83749e-23	9.83749e-23	9.83749e-23	9.83749e-23	9.83749e-23	9.83749e-23	9.83749e-23	9.83749e-23	9.83749e-23	9.83749e-23	9.83749e-23	9.83749e-23	9.83749e-23	9.83749e-23	9.83749e-23	9.83749e-23	9.83749e-23	9.83749e-23	9.83749e-23	9.83749e-23	9.83749e-23	9.83749e-23	9.83749e-23	9.83749e-23	9.83749e-23	9.83749e-23	9.83749e-23	9.83749e-23	9.83749e-23	9.83749e-23	9.83749e-23	9.83749e-23	9.83749e-23	9.83749e-23	9.83749e-23	9.83749e-23	9.83749e-23	9.83749e-23	9.83749e-23	9.83749e-23	9.83749e-23	9.83749e-23	9.83749e-23	9.83749e-23	9.83749e-23	9.83749e-23	9.83749e-23	9.83749e-23	9.83749e-23	9.83749e-23	9.83749e-23	9.83749e-23	9.83749e-23	9.83749e-23	9.83749e-23	9.83749e-23	9.83749e-23	9.83749e-23	9.83749e-23	9.83749e-23	9.83749e-23	9.83749e-23	9.83749e-23	9.83749e-23	9.83749e-23	9.83749e-23	9.83749e-23	9.83749e-23	9.83749e-23	9.83749e-23	9.83749e-23	9.83749e-23	9.83749e-23	9.83749e-23	9.83749e-23	9.83749e-23	9.83749e-23	9.83749e-23	9.83749e-23	9.83749e-23	9.83749e-23	9.83749e-23	9.83749e-23	9.83749e-23	9.83749e-23	9.83749e-23
19.13	7.09777e-25	6.06059e-24	1.28382e-23	2.11476e-23	3.09544e-23	4.20291e-23	5.39163e-23	6.59533e-23	7.73563e-23	8.73689e-23	9.54317e-23	1.01314e-22	1.05147e-22	1.07343e-22	1.08428e-22	1.08880e-22	1.09035e-22	1.09078e-22	1.09087e-22	1.09088e-22	1.09088e-22	1.09088e-22	1.09088e-22	1.09088e-22	1.09088e-22	1.09088e-22	1.09088e-22	1.09088e-22	1.09088e-22	1.09088e-22	1.09088e-22	1.09088e-22	1.09088e-22	1.09088e-22	1.09088e-22	1.09088e-22	1.09088e-22	1.09088e-22	1.09088e-22	1.09088e-22	1.09088e-22	1.09088e-22	1.09088e-22	1.09088e-22	1.09088e-22	1.09088e-22	1.09088e-22	1.09088e-22	1.09088e-22	1.09088e-22	1.09088e-22	1.09088e-22	1.09088e-22	1.09088e-22	1.09088e-22	1.09088e-22	1.09088e-22	1.09088e-22	1.09088e-22	1.09088e-22	1.09088e-22	1.09088e-22	1.09088e-22	1.09088e-22	1.09088e-22	1.09088e-22	1.09088e-22	1.09088e-22	1.09088e-22	1.09088e-22	1.09088e-22	1.09088e-22	1.09088e-22	1.09088e-22	1.09088e-22	1.09088e-22	1.09088e-22	1.09088e-22	1.09088e-22	1.09088e-22	1.09088e-22	1.09088e-22	1.09088e-22	1.09088e-22	1.09088e-22	1.09088e-22	1.09088e-22	1.09088e-22	1.09088e-22	1.09088e-22	1.09088e-22	1.09088e-22	1.09088e-22	1.09088e-22	1.09088e-22	1.09088e-22	1.09088e-22	1.09088e-22	1.09088e-22	1.09088e-22	1.09088e-22	1.09088e-22	1.09088e-22	1.09088e-22	1.09088e-22	1.09088e-22	1.09088e-22	1.09088e-22	1.09088e-22	1.09088e-22	1.09088e-22	1.09088e-22	1.09088e-22	1.09088e-22	1.09088e-22	1.09088e-22	1.09088e-22	1.09088e-22	1.09088e-22	1.09088e-22	1.09088e-22	1.09088e-22	1.09088e-22	1.09088e-22	1.09088e-22	1.09088e-22	1.09088e-22	1.09088e-22	1.09088e-22	1.09088e-22	1.09088e-22	1.09088e-22	1.09088e-22	1.09088e-22	1.09088e-22	1.09088e-22	1.09088e-22	1.09088e-22	1.09088e-22	1.09088e-22	1.09088e-22	1.09088e-22	1.09088e-22	1.09088e-22	1.09088e-22	1.09088e-22	1.09088e-22	1.09088e-22	1.09088e-22	1.09088e-22	1.09088e-22	1.09088e-22	1.09088e-22	1.09088e-22	1.09088e-22	1.09088e-22	1.09088e-22	1.09088e-22	1.09088e-22	1.09088e-22	1.09088e-22	1.09088e-22	1.09088e-22	1.09088e-22	1.09088e-22	1.09088e-22	1.09088e-22	1.09088e-22	1.09088e-22	1.09088e-22	1.09088e-22	1.09088e-22	1.09088e-22	1.09088e-22	1.09088e-22	1.09088e-22	1.09088e-22	1.09088e-22	1.09088e-22	1.09088e-22	1.09088e-22	1.09088e-22	1.09088e-22	1.09088e-22	1.09088e-22	1.09088e-22	1.09088e-22	1.09088e-22	1.09088e-22	1.09088e-22	1.09088e-22	1.09088e-22	1.09088e-22	1.09088e-22	1.09088e-22
19.16	6.59627e-25	5.67510e-24	1.21306e-23	2.01943e-23	2.99207e-23	4.11847e-23	5.36310e-23	6.66599e-23	7.94803e-23	9.12351e-23	1.01179e-22	1.08854e-22	1.14188e-22	1.17477e-22	1.19244e-22	1.20056e-22	1.20368e-22	1.20465e-22	1.20489e-22	1.20493e-22	1.20494e-22	1.20494e-22	1.20494e-22	1.20494e-22	1.20494e-22	1.20494e-22	1.20494e-22	1.20494e-22	1.20494e-22	1.20494e-22	1.20494e-22	1.20494e-22	1.20494e-22	1.20494e-22	1.20494e-22	1.20494e-22	1.20494e-22	1.20494e-22	1.20494e-22	1.20494e-22	1.20494e-22	1.20494e-22	1.20494e-22	1.20494e-22	1.20494e-22	1.20494e-22	1.20494e-22	1.20494e-22	1.20494e-22	1.20494e-22	1.20494e-22	1.20494e-22	1.20494e-22	1.20494e-22	1.20494e-22	1.20494e-22	1.20494e-22	1.20494e-22	1.20494e-22	1.20494e-22	1.20494e-22	1.20494e-22	1.20494e-22	1.20494e-22	1.20494e-22	1.20494e-22	1.20494e-22	1.20494e-22	1.20494e-22	1.20494e-22	1.20494e-22	1.20494e-22	1.20494e-22	1.20494e-22	1.20494e-22	1.20494e-22	1.20494e-22	1.20494e-22	1.20494e-22	1.20494e-22	1.20494e-22	1.20494e-22	1.20494e-22	1.20494e-22	1.20494e-22	1.20494e-22	1.20494e-22	1.20494e-22	1.20494e-22	1.20494e-22	1.20494e-22	1.20494e-22	1.20494e-22	1.20494e-22	1.20494e-22	1.20494e-22	1.20494e-22	1.20494e-22	1.20494e-22	1.20494e-22	1.20494e-22	1.20494e-22	1.20494e-22	1.20494e-22	1.20494e-22	1.20494e-22	1.20494e-22	1.20494e-22	1.20494e-22	1.20494e-22	1.20494e-22	1.20494e-22	1.20494e-22	1.20494e-22	1.20494e-22	1.20494e-22	1.20494e-22	1.20494e-22	1.20494e-22	1.20494e-22	1.20494e-22	1.20494e-22	1.20494e-22	1.20494e-22	1.20494e-22	1.20494e-22	1.20494e-22	1.20494e-22	1.20494e-22	1.20494e-22	1.20494e-22	1.20494e-22	1.20494e-22	1.20494e-22	1.20494e-22	1.20494e-22	1.20494e-22	1.20494e-22	1.20494e-22	1.20494e-22	1.20494e-22	1.20494e-22	1.20494e-22	1.20494e-22	1.20494e-22	1.20494e-22	1.20494e-22	1.20494e-22	1.20494e-22	1.20494e-22	1.20494e-22	1.20494e-22	1.20494e-22	1.20494e-22	1.20494e-22	1.20494e-22	1.20494e-22	1.20494e-22	1.20494e-22	1.20494e-22	1.20494e-22	1.20494e-22	1.20494e-22	1.20494e-22	1.20494e-22	1.20494e-22	1.20494e-22	1.20494e-22	1.20494e-22	1.20494e-22	1.20494e-22	1.20494e-22	1.20494e-22	1.20494e-22	1.20494e-22	1.20494e-22	1.20494e-22	1.20494e-22	1.20494e-22	1.20494e-22	1.20494e-22	1.20494e-22	1.20494e-22	1.20494e-22	1.20494e-22	1.20494e-22	1.20494e-22	1.20494e-22	1.20494e-22	1.20494e-22	1.20494e-22	1.20494e-22	1.20494e-22	1.20494e-22	1.20494e-22
19.20	6.08702e-25	5.27320e-24	1.13656e-23	1.91076e-23	2.86349e-23	3.99280e-23	5.27456e-23	6.65835e-23	8.06890e-23	9.41532e-23	1.06078e-22	1.15775e-22	1.22930e-22	1.27653e-22	1.30398e-22	1.31777e-22	1.32364e-22	1.32569e-22	1.32627e-22	1.32640e-22	1.32642e-22	1.32642e-22	1.32642e-22	1.32642e-22	1.32642e-22	1.32642e-22	1.32642e-22	1.32642e-22	1.32642e-22	1.32642e-22	1.32642e-22	1.32642e-22	1.32642e-22	1.32642e-22	1.32642e-22	1.32642e-22	1.32642e-22	1.32642e-22	1.32642e-22	1.32642e-22	1.32642e-22	1.32642e-22	1.32642e-22	1.32642e-22	1.32642e-22	1.32642e-22	1.32642e-22	1.32642e-22	1.32642e-22	1.32642e-22	1.32642e-22	1.32642e-22	1.32642e-22	1.32642e-22	1.32642e-22	1.32642e-22	1.32642e-22	1.32642e-22	1.32642e-22	1.32642e-22	1.32642e-22	1.32642e-22	1.32642e-22	1.32642e-22	1.32642e-22	1.32642e-22	1.32642e-22	1.32642e-22	1.32642e-22	1.32642e-22	1.32642e-22	1.32642e-22	1.32642e-22	1.32642e-22	1.32642e-22	1.32642e-22	1.32642e-22	1.32642e-22	1.32642e-22	1.32642e-22	1.32642e-22	1.32642e-22	1.32642e-22	1.32642e-22	1.32642e-22	1.32642e-22	1.32642e-22	1.32642e-22	1.32642e-22	1.32642e-22	1.32642e-22	1.32642e-22	1.32642e-22	1.32642e-22	1.32642e-22	1.32642e-22	1.32642e-22	1.32642e-22	1.32642e-22	1.32642e-22	1.32642e-22	1.32642e-22	1.32642e-22	1.32642e-22	1.32642e-22	1.32642e-22	1.32642e-22	1.32642e-22	1.32642e-22	1.32642e-22	1.32642e-22	1.32642e-22	1.32642e-22	1.32642e-22	1.32642e-22	1.32642e-22	1.32642e-22	1.32642e-22	1.32642e-22	1.32642e-22	1.32642e-22	1.32642e-22	1.32642e-22	1.32642e-22	1.32642e-22	1.32642e-22	1.32642e-22	1.32642e-22	1.32642e-22	1.32642e-22	1.32642e-22	1.32642e-22	1.32642e-22	1.32642e-22	1.32642e-22	1.32642e-22	1.32642e-22	1.32642e-22	1.32642e-22	1.32642e-22	1.32642e-22	1.32642e-22	1.32642e-22	1.32642e-22	1.32642e-22	1.32642e-22	1.32642e-22	1.32642e-22	1.32642e-22	1.32642e-22	1.32642e-22	1.32642e-22	1.32642e-22	1.32642e-22	1.32642e-22	1.32642e-22	1.32642e-22	1.32642e-22	1.32642e-22	1.32642e-22	1.32642e-22	1.32642e-22	1.32642e-22	1.32642e-22	1.32642e-22	1.32642e-22	1.32642e-22	1.32642e-22	1.32642e-22	1.32642e-22	1.32642e-22	1.32642e-22	1.32642e-22	1.32642e-22	1.32642e-22	1.32642e-22	1.32642e-22	1.32642e-22	1.32642e-22	1.32642e-22	1.32642e-22	1.32642e-22	1.32642e-22	1.32642e-22	1.32642e-22	1.32642e-22	1.32642e-22	1.32642e-22	1.32642e-22	1.32642e-22	1.32642e-22	1.32642e-22	1.32642e-22	1.32642e-22	1.32642e-22
19.23	5.58069e-25	4.86524e-24	1.05669e-23	1.79273e-23	2.71530e-23	3.83257e-23	5.13251e-23	6.57660e-23	8.09763e-23	9.60488e-23	1.09980e-22	1.21873e-22	1.31149e-22	1.37672e-22	1.41750e-22	1.43976e-22	1.45017e-22	1.45424e-22	1.45554e-22	1.45587e-22	1.45594e-22	1.45595e-22	1.45595e-22	1.45595e-22	1.45595e-22	1.45595e-22	1.45595e-22	1.45595e-22	1.45595e-22	1.45595e-22	1.45595e-22	1.45595e-22	1.45595e-22	1.45595e-22	1.45595e-22	1.45595e-22	1.45595e-22	1.45595e-22	1.45595e-22	1.45595e-22	1.45595e-22	1.45595e-22	1.45595e-22	1.45595e-22	1.45595e-22	1.45595e-22	1.45595e-22	1.45595e-22	1.45595e-22	1.45595e-22	1.45595e-22	1.45595e-22	1.45595e-22	1.45595e-22	1.45595e-22	1.45595e-22	1.45595e-22	1.45595e-22	1.45595e-22	1.45595e-22	1.45595e-22	1.45595e-22	1.45595e-22	1.45595e-22	1.45595e-22	1.45595e-22	1.45595e-22	1.45595e-22	1.45595e-22	1.45595e-22	1.45595e-22	1.45595e-22	1.45595e-22	1.45595e-22	1.45595e-22	1.45595e-22	1.45595e-22	1.45595e-22	1.45595e-22	1.45595e-22	1.45595e-22	1.45595e-22	1.45595e-22	1.45595e-22	1.45595e-22	1.45595e-22	1.45595e-22	1.45595e-22	1.45595e-22	1.45595e-22	1.45595e-22	1.45595e-22	1.45595e-22	1.45595e-22	1.45595e-22	1.45595e-22	1.45595e-22	1.45595e-22	1.45595e-22	1.45595e-22	1.45595e-22	1.45595e-22	1.45595e-22	1.45595e-22	1.45595e-22	1.45595e-22	1.45595e-22	1.45595e-22	1.45595e-22	1.45595e-22	1.45595e-22	1.45595e-22	1.45595e-22	1.45595e-22	1.45595e-22	1.45595e-22	1.45595e-22	1.45595e-22	1.45595e-22	1.45595e-22	1.45595e-22	1.45595e-22	1.45595e-22	1.45595e-22	1.45595e-22	1.45595e-22	1.45595e-22	1.45595e-22	1.45595e-22	1.45595e-22	1.45595e-22	1.45595e-22	1.45595e-22	1.45595e-22	1.45595e-22	1.45595e-22	1.45595e-22	1.45595e-22	1.45595e-22	1.45595e-22	1.45595e-22	1.45595e-22	1.45595e-22	1.45595e-22	1.45595e-22	1.45595e-22	1.45595e-22	1.45595e-22	1.45595e-22	1.45595e-22	1.45595e-22	1.45595e-22	1.45595e-22	1.45595e-22	1.45595e-22	1.45595e-22	1.45595e-22	1.45595e-22	1.45595e-22	1.45595e-22	1.45595e-22	1.45595e-22	1.45595e-22	1.45595e-22	1.45595e-22	1.45595e-22	1.45595e-22	1.45595e-22	1.45595e-22	1.45595e-22	1.45595e-22	1.45595e-22	1.45595e-22	1.45595e-22	1.45595e-22	1.45595e-22	1.45595e-22	1.45595e-22	1.45595e-22	1.45595e-22	1.45595e-22	1.45595e-22	1.45595e-22	1.45595e-22	1.45595e-22	1.45595e-22	1.45595e-22	1.45595e-22	1.45595e-22	1.45595e-22	1.45595e-22	1.45595e-22	1.45595e-22	1.45595e-22	1.45595e-22
19.27	5.08621e-25	4.45991e-24	9.75496e-24	1.66898e-23	2.55300e-23	3.64488e-23	4.94471e-23	6.42734e-23	8.03715e-23	9.68884e-23	1.12773e-22	1.26961e-22	1.38611e-22	1.47303e-22	1.53113e-22	1.56539e-22	1.58290e-22	1.59048e-22	1.59320e-22	1.59399e-22	1.59416e-22	1.59419e-22	1.59420e-22	1.59420e-22	1.59420e-22	1.59420e-22	1.59420e-22	1.59420e-22	1.59420e-22	1.59420e-22	1.59420e-22	1.59420e-22	1.59420e-22	1.59420e-22	1.59420e-22	1.59420e-22	1.59420e-22	1.59420e-22	1.59420e-22	1.59420e-22	1.59420e-22	1.59420e-22	1.59420e-22	1.59420e-22	1.59420e-22	1.59420e-22	1.59420e-22	1.59420e-22	1.59420e-22	1.59420e-22	1.59420e-22	1.59420e-22	1.59420e-22	1.59420e-22	1.59420e-22	1.59420e-22	1.59420e-22	1.59420e-22	1.59420e-22	1.59420e-22	1.59420e-22	1.59420e-22	1.59420e-22	1.59420e-22	1.59420e-22	1.59420e-22	1.59420e-22	1.59420e-22	1.59420e-22	1.59420e-22	1.59420e-22	1.59420e-22	1.59420e-22	1.59420e-22	1.59420e-22	1.59420e-22	1.59420e-22	1.59420e-22	1.59420e-22	1.59420e-22	1.59420e-22	1.59420e-22	1.59420e-22	1.59420e-22	1.59420e-22	1.59420e-22	1.59420e-22	1.59420e-22	1.59420e-22	1.59420e-22	1.59420e-22	1.59420e-22	1.59420e-22	1.59420e-22	1.59420e-22	1.59420e-22	1.59420e-22	1.59420e-22	1.59420e-22	1.59420e-22	1.59420e-22	1.59420e-22	1.59420e-22	1.59420e-22	1.59420e-22	1.59420e-22	1.59420e-22	1.59420e-22	1.59420e-22	1.59420e-22	1.59420e-22	1.59420e-22	1.59420e-22	1.59420e-22	1.59420e-22	1.59420e-22	1.59420e-22	1.59420e-22	1.59420e-22	1.59420e-22	1.59420e-22	1.59420e-22	1.59420e-22	1.59420e-22	1.59420e-22	1.59420e-22	1.59420e-22	1.59420e-22	1.59420e-22	1.59420e-22	1.59420e-22	1.59420e-22	1.59420e-22	1.59420e-22	1.59420e-22	1.59420e-22	1.59420e-22	1.59420e-22	1.59420e-22	1.59420e-22	1.59420e-22	1.59420e-22	1.59420e-22	1.59420e-22	1.59420e-22	1.59420e-22	1.59420e-22	1.59420e-22	1.59420e-22	1.59420e-22	1.59420e-22	1.59420e-22	1.59420e-22	1.59420e-22	1.59420e-22	1.59420e-22	1.59420e-22	1.59420e-22	1.59420e-22	1.59420e-22	1.59420e-22	1.59420e-22	1.59420e-22	1.59420e-22	1.59420e-22	1.59420e-22	1.59420e-22	1.59420e-22	1.59420e-22	1.59420e-22	1.59420e-22	1.59420e-22	1.59420e-22	1.59420e-22	1.59420e-22	1.59420e-22	1.59420e-22	1.59420e-22	1.59420e-22	1.59420e-22	1.59420e-22	1.59420e-22	1.59420e-22	1.59420e-22	1.59420e-22	1.59420e-22	1.59420e-22	1.59420e-22	1.59420e-22	1.59420e-22	1.59420e-22	1.59420e-22	1.59420e-22	1.59420e-22	1.59420e-22
19.30	4.61056e-25	4.06429e-24	8.94731e-24	1.54273e-23	2.38166e-23	3.43676e-23	4.71958e-23	6.21898e-23	7.89347e-23	9.66792e-23	1.14385e-22	1.30881e-22	1.45091e-22	1.56287e-22	1.64255e-22	1.69303e-22	1.72101e-22	1.73433e-22	1.73965e-22	1.74139e-22	1.74184e-22	1.74193e-22	1.74194e-22	1.74194e-22	1.74194e-22	1.74194e-22	1.74194e-22	1.74194e-22	1.74194e-22	1.74194e-22	1.74194e-22	1.74194e-22	1.74194e-22	1.74194e-22	1.74194e-22	1.74194e-22	1.74194e-22	1.74194e-22	1.74194e-22	1.74194e-22	1.74194e-22	1.74194e-22	1.74194e-22	1.74194e-22	1.74194e-22	1.74194e-22	1.74194e-22	1.74194e-22	1.74194e-22	1.74194e-22	1.74194e-22	1.74194e-22	1.74194e-22	1.74194e-22	1.74194e-22	1.74194e-22	1.74194e-22	1.74194e-22	1.74194e-22	1.74194e-22	1.74194e-22	1.74194e-22	1.74194e-22	1.74194e-22	1.74194e-22	1.74194e-22	1.74194e-22	1.74194e-22	1.74194e-22	1.74194e-22	1.74194e-22	1.74194e-22	1.74194e-22	1.74194e-22	1.74194e-22	1.74194e-22	1.74194e-22	1.74194e-22	1.74194e-22	1.74194e-22	1.74194e-22	1.74194e-22	1.74194e-22	1.74194e-22	1.74194e-22	1.74194e-22	1.74194e-22	1.74194e-22	1.74194e-22	1.74194e-22	1.74194e-22	1.74194e-22	1.74194e-22	1.74194e-22	1.74194e-22	1.74194e-22	1.74194e-22	1.74194e-22	1.74194e-22	1.74194e-22	1.74194e-22	1.74194e-22	1.74194e-22	1.74194e-22	1.74194e-22	1.74194e-22	1.74194e-22	1.74194e-22	1.74194e-22	1.74194e-22	1.74194e-22	1.74194e-22	1.74194e-22	1.74194e-22	1.74194e-22	1.74194e-22	1.74194e-22	1.74194e-22	1.74194e-22	1.74194e-22	1.74194e-22	1.74194e-22	1.74194e-22	1.74194e-22	1.74194e-22	1.74194e-22	1.74194e-22	1.74194e-22	1.74194e-22	1.74194e-22	1.74194e-22	1.74194e-22	1.74194e-22	1.74194e-22	1.74194e-22	1.74194e-22	1.74194e-22	1.74194e-22	1.74194e-22	1.74194e-22	1.74194e-22	1.74194e-22	1.74194e-22	1.74194e-22	1.74194e-22	1.74194e-22	1.74194e-22	1.74194e-22	1.74194e-22	1.74194e-22	1.74194e-22	1.74194e-22	1.74194e-22	1.74194e-22	1.74194e-22	1.74194e-22	1.74194e-22	1.74194e-22	1.74194e-22	1.74194e-22	1.74194e-22	1.74194e-22	1.74194e-22	1.74194e-22	1.74194e-22	1.74194e-22	1.74194e-22	1.74194e-22	1.74194e-22	1.74194e-22	1.74194e-22	1.74194e-22	1.74194e-22	1.74194e-22	1.74194e-22	1.74194e-22	1.74194e-22	1.74194e-22	1.74194e-22	1.74194e-22	1.74194e-22	1.74194e-22	1.74194e-22	1.74194e-22	1.74194e-22	1.74194e-22	1.74194e-22	1.74194e-22	1.74194e-22	1.74194e-22	1.74194e-22	1.74194e-22	1.74194e-22	1.74194e-22	1.74194e-22
19.33	4.15880e-25	3.68386e-24	8.15804e-24	1.41674e-23	2.20585e-23	3.21490e-23	4.46574e-23	5.96111e-23	7.67512e-23	9.54664e-23	1.14793e-22	1.33516e-22	1.50381e-22	1.64363e-22	1.74907e-22	1.82045e-22	1.86315e-22	1.88532e-22	1.89511e-22	1.89869e-22	1.89975e-22	1.90000e-22	1.90004e-22	1.90005e-22	1.90005e-22	1.90005e-22	1.90005e-22	1.90005e-22	1.90005e-22	1.90005e-22	1.90005e-22	1.90005e-22	1.90005e-22	1.90005e-22	1.90005e-22	1.90005e-22	1.90005e-22	1.90005e-22	1.90005e-22	1.90005e-22	1.90005e-22	1.90005e-22	1.90005e-22	1.90005e-22	1.90005e-22	1.90005e-22	1.90005e-22	1.90005e-22	1.90005e-22	1.90005e-22	1.90005e-22	1.90005e-22	1.90005e-22	1.90005e-22	1.90005e-22	1.90005e-22	1.90005e-22	1.90005e-22	1.90005e-22	1.90005e-22	1.90005e-22	1.90005e-22	1.90005e-22	1.90005e-22	1.90005e-22	1.90005e-22	1.90005e-22	1.90005e-22	1.90005e-22	1.90005e-22	1.90005e-22	1.90005e-22	1.90005e-22	1.90005e-22	1.90005e-22	1.90005e-22	1.90005e-22	1.90005e-22	1.90005e-22	1.90005e-22	1.90005e-22	1.90005e-22	1.90005e-22	1.90005e-22	1.90005e-22	1.90005e-22	1.90005e-22	1.90005e-22	1.90005e-22	1.90005e-22	1.90005e-22	1.90005e-22	1.90005e-22	1.90005e-22	1.90005e-22	1.90005e-22	1.90005e-22	1.90005e-22	1.90005e-22	1.90005e-22	1.90005e-22	1.90005e-22	1.90005e-22	1.90005e-22	1.90005e-22	1.90005e-22	1.90005e-22	1.90005e-22	1.90005e-22	1.90005e-22	1.90005e-22	1.90005e-22	1.90005e-22	1.90005e-22	1.90005e-22	1.90005e-22	1.90005e-22	1.90005e-22	1.90005e-22	1.90005e-22	1.90005e-22	1.90005e-22	1.90005e-22	1.90005e-22	1.90005e-22	1.90005e-22	1.90005e-22	1.90005e-22	1.90005e-22	1.90005e-22	1.90005e-22	1.90005e-22	1.90005e-22	1.90005e-22	1.90005e-22	1.90005e-22	1.90005e-22	1.90005e-22	1.90005e-22	1.90005e-22	1.90005e-22	1.90005e-22	1.90005e-22	1.90005e-22	1.90005e-22	1.90005e-22	1.90005e-22	1.90005e-22	1.90005e-22	1.90005e-22	1.90005e-22	1.90005e-22	1.90005e-22	1.90005e-22	1.90005e-22	1.90005e-22	1.90005e-22	1.90005e-22	1.90005e-22	1.90005e-22	1.90005e-22	1.90005e-22	1.90005e-22	1.90005e-22	1.90005e-22	1.90005e-22	1.90005e-22	1.90005e-22	1.90005e-22	1.90005e-22	1.90005e-22	1.90005e-22	1.90005e-22	1.90005e-22	1.90005e-22	1.90005e-22	1.90005e-22	1.90005e-22	1.90005e-22	1.90005e-22	1.90005e-22	1.90005e-22	1.90005e-22	1.90005e-22	1.90005e-22	1.90005e-22	1.90005e-22	1.90005e-22	1.90005e-22	1.90005e-22	1.90005e-22	1.90005e-22	1.90005e-22	1.90005e-22	1.90005e-22
19.37	3.73445e-25	3.32265e-24	7.39826e-24	1.29329e-23	2.02952e-23	2.98541e-23	4.19160e-23	5.66383e-23	7.39241e-23	9.33290e-23	1.14016e-22	1.34799e-22	1.54313e-22	1.71273e-22	1.84774e-22	1.94493e-22	2.00731e-22	2.04243e-22	2.05944e-22	2.06637e-22	2.06868e-22	2.06930e-22	2.06943e-22	2.06945e-22	2.06945e-22	2.06945e-22	2.06945e-22	2.06945e-22	2.06945e-22	2.06945e-22	2.06945e-22	2.06945e-22	2.06945e-22	2.06945e-22	2.06945e-22	2.06945e-22	2.06945e-22	2.06945e-22	2.06945e-22	2.06945e-22	2.06945e-22	2.06945e-22	2.06945e-22	2.06945e-22	2.06945e-22	2.06945e-22	2.06945e-22	2.06945e-22	2.06945e-22	2.06945e-22	2.06945e-22	2.06945e-22	2.06945e-22	2.06945e-22	2.06945e-22	2.06945e-22	2.06945e-22	2.06945e-22	2.06945e-22	2.06945e-22	2.06945e-22	2.06945e-22	2.06945e-22	2.06945e-22	2.06945e-22	2.06945e-22	2.06945e-22	2.06945e-22	2.06945e-22	2.06945e-22	2.06945e-22	2.06945e-22	2.06945e-22	2.06945e-22	2.06945e-22	2.06945e-22	2.06945e-22	2.06945e-22	2.06945e-22	2.06945e-22	2.06945e-22	2.06945e-22	2.06945e-22	2.06945e-22	2.06945e-22	2.06945e-22	2.06945e-22	2.06945e-22	2.06945e-22	2.06945e-22	2.06945e-22	2.06945e-22	2.06945e-22	2.06945e-22	2.06945e-22	2.06945e-22	2.06945e-22	2.06945e-22	2.06945e-22	2.06945e-22	2.06945e-22	2.06945e-22	2.06945e-22	2.06945e-22	2.06945e-22	2.06945e-22	2.06945e-22	2.06945e-22	2.06945e-22	2.06945e-22	2.06945e-22	2.06945e-22	2.06945e-22	2.06945e-22	2.06945e-22	2.06945e-22	2.06945e-22	2.06945e-22	2.06945e-22	2.06945e-22	2.06945e-22	2.06945e-22	2.06945e-22	2.06945e-22	2.06945e-22	2.06945e-22	2.06945e-22	2.06945e-22	2.06945e-22	2.06945e-22	2.06945e-22	2.06945e-22	2.06945e-22	2.06945e-22	2.06945e-22	2.06945e-22	2.06945e-22	2.06945e-22	2.06945e-22	2.06945e-22	2.06945e-22	2.06945e-22	2.06945e-22	2.06945e-22	2.06945e-22	2.06945e-22	2.06945e-22	2.06945e-22	2.06945e-22	2.06945e-22	2.06945e-22	2.06945e-22	2.06945e-22	2.06945e-22	2.06945e-22	2.06945e-22	2.06945e-22	2.06945e-22	2.06945e-22	2.06945e-22	2.06945e-22	2.06945e-22	2.06945e-22	2.06945e-22	2.06945e-22	2.06945e-22	2.06945e-22	2.06945e-22	2.06945e-22	2.06945e-22	2.06945e-22	2.06945e-22	2.06945e-22	2.06945e-22	2.06945e-22	2.06945e-22	2.06945e-22	2.06945e-22	2.06945e-22	2.06945e-22	2.06945e-22	2.06945e-22	2.06945e-22	2.06945e-22	2.06945e-22	2.06945e-22	2.06945e-22	2.06945e-22	2.06945e-22	2.06945e-22	2.06945e-22	2.06945e-22	2.06945e-22	2.06945e-22	2.06945e-22
19.40	3.33964e-25	2.98343e-24	6.67614e-24	1.17414e-23	1.85596e-23	2.75361e-23	3.90498e-23	5.33731e-23	7.05679e-23	9.03718e-23	1.12116e-22	1.34713e-22	1.56764e-22	1.76792e-22	1.93553e-22	2.06330e-22	2.15086e-22	2.20398e-22	2.23201e-22	2.24462e-22	2.24934e-22	2.25077e-22	2.25111e-22	2.25117e-22	2.25118e-22	2.25118e-22	2.25118e-22	2.25118e-22	2.25118e-22	2.25118e-22	2.25118e-22	2.25118e-22	2.25118e-22	2.25118e-22	2.25118e-22	2.25118e-22	2.25118e-22	2.25118e-22	2.25118e-22	2.25118e-22	2.25118e-22	2.25118e-22	2.25118e-22	2.25118e-22	2.25118e-22	2.25118e-22	2.25118e-22	2.25118e-22	2.25118e-22	2.25118e-22	2.25118e-22	2.25118e-22	2.25118e-22	2.25118e-22	2.25118e-22	2.25118e-22	2.25118e-22	2.25118e-22	2.25118e-22	2.25118e-22	2.25118e-22	2.25118e-22	2.25118e-22	2.25118e-22	2.25118e-22	2.25118e-22	2.25118e-22	2.25118e-22	2.25118e-22	2.25118e-22	2.25118e-22	2.25118e-22	2.25118e-22	2.25118e-22	2.25118e-22	2.25118e-22	2.25118e-22	2.25118e-22	2.25118e-22	2.25118e-22	2.25118e-22	2.25118e-22	2.25118e-22	2.25118e-22	2.25118e-22	2.25118e-22	2.25118e-22	2.25118e-22	2.25118e-22	2.25118e-22	2.25118e-22	2.25118e-22	2.25118e-22	2.25118e-22	2.25118e-22	2.25118e-22	2.25118e-22	2.25118e-22	2.25118e-22	2.25118e-22	2.25118e-22	2.25118e-22	2.25118e-22	2.25118e-22	2.25118e-22	2.25118e-22	2.25118e-22	2.25118e-22	2.25118e-22	2.25118e-22	2.25118e-22	2.25118e-22	2.25118e-22	2.25118e-22	2.25118e-22	2.25118e-22	2.25118e-22	2.25118e-22	2.25118e-22	2.25118e-22	2.25118e-22	2.25118e-22	2.25118e-22	2.25118e-22	2.25118e-22	2.25118e-22	2.25118e-22	2.25118e-22	2.25118e-22	2.25118e-22	2.25118e-22	2.25118e-22	2.25118e-22	2.25118e-22	2.25118e-22	2.25118e-22	2.25118e-22	2.25118e-22	2.25118e-22	2.25118e-22	2.25118e-22	2.25118e-22	2.25118e-22	2.25118e-22	2.25118e-22	2.25118e-22	2.25118e-22	2.25118e-22	2.25118e-22	2.25118e-22	2.25118e-22	2.25118e-22	2.25118e-22	2.25118e-22	2.25118e-22	2.25118e-22	2.25118e-22	2.25118e-22	2.25118e-22	2.25118e-22	2.25118e-22	2.25118e-22	2.25118e-22	2.25118e-22	2.25118e-22	2.25118e-22	2.25118e-22	2.25118e-22	2.25118e-22	2.25118e-22	2.25118e-22	2.25118e-22	2.25118e-22	2.25118e-22	2.25118e-22	2.25118e-22	2.25118e-22	2.25118e-22	2.25118e-22	2.25118e-22	2.25118e-22	2.25118e-22	2.25118e-22	2.25118e-22	2.25118e-22	2.25118e-22	2.25118e-22	2.25118e-22	2.25118e-22	2.25118e-22	2.25118e-22	2.25118e-22	2.25118e-22	2.25118e-22	2.25118e-22
19.44	2.97538e-25	2.66788e-24	5.99734e-24	1.06064e-23	1.68780e-23	2.52406e-23	3.61285e-23	4.99124e-23	6.68010e-23	8.67185e-23	1.09193e-22	1.33293e-22	1.57669e-22	1.80734e-22	2.00957e-22	2.17215e-22	2.29055e-22	2.36754e-22	2.41154e-22	2.43321e-22	2.44222e-22	2.44530e-22	2.44614e-22	2.44632e-22	2.44635e-22	2.44635e-22	2.44635e-22	2.44635e-22	2.44635e-22	2.44635e-22	2.44635e-22	2.44635e-22	2.44635e-22	2.44635e-22	2.44635e-22	2.44635e-22	2.44635e-22	2.44635e-22	2.44635e-22	2.44635e-22	2.44635e-22	2.44635e-22	2.44635e-22	2.44635e-22	2.44635e-22	2.44635e-22	2.44635e-22	2.44635e-22	2.44635e-22	2.44635e-22	2.44635e-22	2.44635e-22	2.44635e-22	2.44635e-22	2.44635e-22	2.44635e-22	2.44635e-22	2.44635e-22	2.44635e-22	2.44635e-22	2.44635e-22	2.44635e-22	2.44635e-22	2.44635e-22	2.44635e-22	2.44635e-22	2.44635e-22	2.44635e-22	2.44635e-22	2.44635e-22	2.44635e-22	2.44635e-22	2.44635e-22	2.44635e-22	2.44635e-22	2.44635e-22	2.44635e-22	2.44635e-22	2.44635e-22	2.44635e-22	2.44635e-22	2.44635e-22	2.44635e-22	2.44635e-22	2.44635e-22	2.44635e-22	2.44635e-22	2.44635e-22	2.44635e-22	2.44635e-22	2.44635e-22	2.44635e-22	2.44635e-22	2.44635e-22	2.44635e-22	2.44635e-22	2.44635e-22	2.44635e-22	2.44635e-22	2.44635e-22	2.44635e-22	2.44635e-22	2.44635e-22	2.44635e-22	2.44635e-22	2.44635e-22	2.44635e-22	2.44635e-22	2.44635e-22	2.44635e-22	2.44635e-22	2.44635e-22	2.44635e-22	2.44635e-22	2.44635e-22	2.44635e-22	2.44635e-22	2.44635e-22	2.44635e-22	2.44635e-22	2.44635e-22	2.44635e-22	2.44635e-22	2.44635e-22	2.44635e-22	2.44635e-22	2.44635e-22	2.44635e-22	2.44635e-22	2.44635e-22	2.44635e-22	2.44635e-22	2.44635e-22	2.44635e-22	2.44635e-22	2.44635e-22	2.44635e-22	2.44635e-22	2.44635e-22	2.44635e-22	2.44635e-22	2.44635e-22	2.44635e-22	2.44635e-22	2.44635e-22	2.44635e-22	2.44635e-22	2.44635e-22	2.44635e-22	2.44635e-22	2.44635e-22	2.44635e-22	2.44635e-22	2.44635e-22	2.44635e-22	2.44635e-22	2.44635e-22	2.44635e-22	2.44635e-22	2.44635e-22	2.44635e-22	2.44635e-22	2.44635e-22	2.44635e-22	2.44635e-22	2.44635e-22	2.44635e-22	2.44635e-22	2.44635e-22	2.44635e-22	2.44635e-22	2.44635e-22	2.44635e-22	2.44635e-22	2.44635e-22	2.44635e-22	2.44635e-22	2.44635e-22	2.44635e-22	2.44635e-22	2.44635e-22	2.44635e-22	2.44635e-22	2.44635e-22	2.44635e-22	2.44635e-22	2.44635e-22	2.44635e-22	2.44635e-22	2.44635e-22	2.44635e-22	2.44635e-22	2.44635e-22	2.44635e-22	2.44635e-22
19.47	2.64180e-25	2.37679e-24	5.36538e-24	9.53732e-24	1.52704e-23	2.30044e-23	3.32126e-23	4.63453e-23	6.27403e-23	8.25028e-23	1.05372e-22	1.30619e-22	1.57021e-22	1.82971e-22	2.06732e-22	2.26803e-22	2.42267e-22	2.52993e-22	2.59591e-22	2.63129e-22	2.64749e-22	2.65368e-22	2.65560e-22	2.65607e-22	2.65616e-22	2.65617e-22	2.65617e-22	2.65617e-22	2.65617e-22	2.65617e-22	2.65617e-22	2.65617e-22	2.65617e-22	2.65617e-22	2.65617e-22	2.65617e-22	2.65617e-22	2.65617e-22	2.65617e-22	2.65617e-22	2.65617e-22	2.65617e-22	2.65617e-22	2.65617e-22	2.65617e-22	2.65617e-22	2.65617e-22	2.65617e-22	2.65617e-22	2.65617e-22	2.65617e-22	2.65617e-22	2.65617e-22	2.65617e-22	2.65617e-22	2.65617e-22	2.65617e-22	2.65617e-22	2.65617e-22	2.65617e-22	2.65617e-22	2.65617e-22	2.65617e-22	2.65617e-22	2.65617e-22	2.65617e-22	2.65617e-22	2.65617e-22	2.65617e-22	2.65617e-22	2.65617e-22	2.65617e-22	2.65617e-22	2.65617e-22	2.65617e-22	2.65617e-22	2.65617e-22	2.65617e-22	2.65617e-22	2.65617e-22	2.65617e-22	2.65617e-22	2.65617e-22	2.65617e-22	2.65617e-22	2.65617e-22	2.65617e-22	2.65617e-22	2.65617e-22	2.65617e-22	2.65617e-22	2.65617e-22	2.65617e-22	2.65617e-22	2.65617e-22	2.65617e-22	2.65617e-22	2.65617e-22	2.65617e-22	2.65617e-22	2.65617e-22	2.65617e-22	2.65617e-22	2.65617e-22	2.65617e-22	2.65617e-22	2.65617e-22	2.65617e-22	2.65617e-22	2.65617e-22	2.65617e-22	2.65617e-22	2.65617e-22	2.65617e-22	2.65617e-22	2.65617e-22	2.65617e-22	2.65617e-22	2.65617e-22	2.65617e-22	2.65617e-22	2.65617e-22	2.65617e-22	2.65617e-22	2.65617e-22	2.65617e-22	2.65617e-22	2.65617e-22	2.65617e-22	2.65617e-22	2.65617e-22	2.65617e-22	2.65617e-22	2.65617e-22	2.65617e-22	2.65617e-22	2.65617e-22	2.65617e-22	2.65617e-22	2.65617e-22	2.65617e-22	2.65617e-22	2.65617e-22	2.65617e-22	2.65617e-22	2.65617e-22	2.65617e-22	2.65617e-22	2.65617e-22	2.65617e-22	2.65617e-22	2.65617e-22	2.65617e-22	2.65617e-22	2.65617e-22	2.65617e-22	2.65617e-22	2.65617e-22	2.65617e-22	2.65617e-22	2.65617e-22	2.65617e-22	2.65617e-22	2.65617e-22	2.65617e-22	2.65617e-22	2.65617e-22	2.65617e-22	2.65617e-22	2.65617e-22	2.65617e-22	2.65617e-22	2.65617e-22	2.65617e-22	2.65617e-22	2.65617e-22	2.65617e-22	2.65617e-22	2.65617e-22	2.65617e-22	2.65617e-22	2.65617e-22	2.65617e-22	2.65617e-22	2.65617e-22	2.65617e-22	2.65617e-22	2.65617e-22	2.65617e-22	2.65617e-22	2.65617e-22	2.65617e-22	2.65617e-22	2.65617e-22	2.65617e-22
19.51	2.33828e-25	2.11024e-24	4.78195e-24	8.54014e-24	1.37514e-23	2.08564e-23	3.03525e-23	4.27502e-23	5.84962e-23	7.78613e-23	1.00800e-22	1.26813e-22	1.54871e-22	1.83440e-22	2.10677e-22	2.34766e-22	2.54325e-22	2.68728e-22	2.78217e-22	2.83719e-22	2.86475e-22	2.87643e-22	2.88052e-22	2.88166e-22	2.88191e-22	2.88195e-22	2.88196e-22	2.88196e-22	2.88196e-22	2.88196e-22	2.88196e-22	2.88196e-22	2.88196e-22	2.88196e-22	2.88196e-22	2.88196e-22	2.88196e-22	2.88196e-22	2.88196e-22	2.88196e-22	2.88196e-22	2.88196e-22	2.88196e-22	2.88196e-22	2.88196e-22	2.88196e-22	2.88196e-22	2.88196e-22	2.88196e-22	2.88196e-22	2.88196e-22	2.88196e-22	2.88196e-22	2.88196e-22	2.88196e-22	2.88196e-22	2.88196e-22	2.88196e-22	2.88196e-22	2.88196e-22	2.88196e-22	2.88196e-22	2.88196e-22	2.88196e-22	2.88196e-22	2.88196e-22	2.88196e-22	2.88196e-22	2.88196e-22	2.88196e-22	2.88196e-22	2.88196e-22	2.88196e-22	2.88196e-22	2.88196e-22	2.88196e-22	2.88196e-22	2.88196e-22	2.88196e-22	2.88196e-22	2.88196e-22	2.88196e-22	2.88196e-22	2.88196e-22	2.88196e-22	2.88196e-22	2.88196e-22	2.88196e-22	2.88196e-22	2.88196e-22	2.88196e-22	2.88196e-22	2.88196e-22	2.88196e-22	2.88196e-22	2.88196e-22	2.88196e-22	2.88196e-22	2.88196e-22	2.88196e-22	2.88196e-22	2.88196e-22	2.88196e-22	2.88196e-22	2.88196e-22	2.88196e-22	2.88196e-22	2.88196e-22	2.88196e-22	2.88196e-22	2.88196e-22	2.88196e-22	2.88196e-22	2.88196e-22	2.88196e-22	2.88196e-22	2.88196e-22	2.88196e-22	2.88196e-22	2.88196e-22	2.88196e-22	2.88196e-22	2.88196e-22	2.88196e-22	2.88196e-22	2.88196e-22	2.88196e-22	2.88196e-22	2.88196e-22	2.88196e-22	2.88196e-22	2.88196e-22	2.88196e-22	2.88196e-22	2.88196e-22	2.88196e-22	2.88196e-22	2.88196e-22	2.88196e-22	2.88196e-22	2.88196e-22	2.88196e-22	2.88196e-22	2.88196e-22	2.88196e-22	2.88196e-22	2.88196e-22	2.88196e-22	2.88196e-22	2.88196e-22	2.88196e-22	2.88196e-22	2.88196e-22	2.88196e-22	2.88196e-22	2.88196e-22	2.88196e-22	2.88196e-22	2.88196e-22	2.88196e-22	2.88196e-22	2.88196e-22	2.88196e-22	2.88196e-22	2.88196e-22	2.88196e-22	2.88196e-22	2.88196e-22	2.88196e-22	2.88196e-22	2.88196e-22	2.88196e-22	2.88196e-22	2.88196e-22	2.88196e-22	2.88196e-22	2.88196e-22	2.88196e-22	2.88196e-22	2.88196e-22	2.88196e-22	2.88196e-22	2.88196e-22	2.88196e-22	2.88196e-22	2.88196e-22	2.88196e-22	2.88196e-22	2.88196e-22	2.88196e-22	2.88196e-22	2.88196e-22	2.88196e-22	2.88196e-22	2.88196e-22
19.54	2.06373e-25	1.86774e-24	4.24730e-24	7.61796e-24	1.23305e-23	1.88181e-23	2.75886e-23	3.91940e-23	5.41684e-23	7.29272e-23	9.56300e-23	1.22025e-22	1.51321e-22	1.82147e-22	2.12659e-22	2.40824e-22	2.64833e-22	2.83526e-22	2.96647e-22	3.04830e-22	3.09286e-22	3.11364e-22	3.12175e-22	3.12432e-22	3.12497e-22	3.12510e-22	3.12512e-22	3.12512e-22	3.12512e-22	3.12512e-22	3.12512e-22	3.12512e-22	3.12512e-22	3.12512e-22	3.12512e-22	3.12512e-22	3.12512e-22	3.12512e-22	3.12512e-22	3.12512e-22	3.12512e-22	3.12512e-22	3.12512e-22	3.12512e-22	3.12512e-22	3.12512e-22	3.12512e-22	3.12512e-22	3.12512e-22	3.12512e-22	3.12512e-22	3.12512e-22	3.12512e-22	3.12512e-22	3.12512e-22	3.12512e-22	3.12512e-22	3.12512e-22	3.12512e-22	3.12512e-22	3.12512e-22	3.12512e-22	3.12512e-22	3.12512e-22	3.12512e-22	3.12512e-22	3.12512e-22	3.12512e-22	3.12512e-22	3.12512e-22	3.12512e-22	3.12512e-22	3.12512e-22	3.12512e-22	3.12512e-22	3.12512e-22	3.12512e-22	3.12512e-22	3.12512e-22	3.12512e-22	3.12512e-22	3.12512e-22	3.12512e-22	3.12512e-22	3.12512e-22	3.12512e-22	3.12512e-22	3.12512e-22	3.12512e-22	3.12512e-22	3.12512e-22	3.12512e-22	3.12512e-22	3.12512e-22	3.12512e-22	3.12512e-22	3.12512e-22	3.12512e-22	3.12512e-22	3.12512e-22	3.12512e-22	3.12512e-22	3.12512e-22	3.12512e-22	3.12512e-22	3.12512e-22	3.12512e-22	3.12512e-22	3.12512e-22	3.12512e-22	3.12512e-22	3.12512e-22	3.12512e-22	3.12512e-22	3.12512e-22	3.12512e-22	3.12512e-22	3.12512e-22	3.12512e-22	3.12512e-22	3.12512e-22	3.12512e-22	3.12512e-22	3.12512e-22	3.12512e-22	3.12512e-22	3.12512e-22	3.12512e-22	3.12512e-22	3.12512e-22	3.12512e-22	3.12512e-22	3.12512e-22	3.12512e-22	3.12512e-22	3.12512e-22	3.12512e-22	3.12512e-22	3.12512e-22	3.12512e-22	3.12512e-22	3.12512e-22	3.12512e-22	3.12512e-22	3.12512e-22	3.12512e-22	3.12512e-22	3.12512e-22	3.12512e-22	3.12512e-22	3.12512e-22	3.12512e-22	3.12512e-22	3.12512e-22	3.12512e-22	3.12512e-22	3.12512e-22	3.12512e-22	3.12512e-22	3.12512e-22	3.12512e-22	3.12512e-22	3.12512e-22	3.12512e-22	3.12512e-22	3.12512e-22	3.12512e-22	3.12512e-22	3.12512e-22	3.12512e-22	3.12512e-22	3.12512e-22	3.12512e-22	3.12512e-22	3.12512e-22	3.12512e-22	3.12512e-22	3.12512e-22	3.12512e-22	3.12512e-22	3.12512e-22	3.12512e-22	3.12512e-22	3.12512e-22	3.12512e-22	3.12512e-22	3.12512e-22	3.12512e-22	3.12512e-22	3.12512e-22	3.12512e-22	3.12512e-22	3.12512e-22	3.12512e-22	3.12512e-22
19.57	1.81666e-25	1.64840e-24	3.76058e-24	6.77159e-24	1.10130e-23	1.69039e-23	2.49514e-23	3.57317e-23	4.98441e-23	6.78247e-23	9.00200e-23	1.16424e-22	1.46517e-22	1.79161e-22	2.12619e-22	2.44756e-22	2.73422e-22	2.96924e-22	3.14424e-22	3.26100e-22	3.32969e-22	3.36469e-22	3.37980e-22	3.38520e-22	3.38675e-22	3.38710e-22	3.38716e-22	3.38717e-22	3.38717e-22	3.38717e-22	3.38717e-22	3.38717e-22	3.38717e-22	3.38717e-22	3.38717e-22	3.38717e-22	3.38717e-22	3.38717e-22	3.38717e-22	3.38717e-22	3.38717e-22	3.38717e-22	3.38717e-22	3.38717e-22	3.38717e-22	3.38717e-22	3.38717e-22	3.38717e-22	3.38717e-22	3.38717e-22	3.38717e-22	3.38717e-22	3.38717e-22	3.38717e-22	3.38717e-22	3.38717e-22	3.38717e-22	3.38717e-22	3.38717e-22	3.38717e-22	3.38717e-22	3.38717e-22	3.38717e-22	3.38717e-22	3.38717e-22	3.38717e-22	3.38717e-22	3.38717e-22	3.38717e-22	3.38717e-22	3.38717e-22	3.38717e-22	3.38717e-22	3.38717e-22	3.38717e-22	3.38717e-22	3.38717e-22	3.38717e-22	3.38717e-22	3.38717e-22	3.38717e-22	3.38717e-22	3.38717e-22	3.38717e-22	3.38717e-22	3.38717e-22	3.38717e-22	3.38717e-22	3.38717e-22	3.38717e-22	3.38717e-22	3.38717e-22	3.38717e-22	3.38717e-22	3.38717e-22	3.38717e-22	3.38717e-22	3.38717e-22	3.38717e-22	3.38717e-22	3.38717e-22	3.38717e-22	3.38717e-22	3.38717e-22	3.38717e-22	3.38717e-22	3.38717e-22	3.38717e-22	3.38717e-22	3.38717e-22	3.38717e-22	3.38717e-22	3.38717e-22	3.38717e-22	3.38717e-22	3.38717e-22	3.38717e-22	3.38717e-22	3.38717e-22	3.38717e-22	3.38717e-22	3.38717e-22	3.38717e-22	3.38717e-22	3.38717e-22	3.38717e-22	3.38717e-22	3.38717e-22	3.38717e-22	3.38717e-22	3.38717e-22	3.38717e-22	3.38717e-22	3.38717e-22	3.38717e-22	3.38717e-22	3.38717e-22	3.38717e-22	3.38717e-22	3.38717e-22	3.38717e-22	3.38717e-22	3.38717e-22	3.38717e-22	3.38717e-22	3.38717e-22	3.38717e-22	3.38717e-22	3.38717e-22	3.38717e-22	3.38717e-22	3.38717e-22	3.38717e-22	3.38717e-22	3.38717e-22	3.38717e-22	3.38717e-22	3.38717e-22	3.38717e-22	3.38717e-22	3.38717e-22	3.38717e-22	3.38717e-22	3.38717e-22	3.38717e-22	3.38717e-22	3.38717e-22	3.38717e-22	3.38717e-22	3.38717e-22	3.38717e-22	3.38717e-22	3.38717e-22	3.38717e-22	3.38717e-22	3.38717e-22	3.38717e-22	3.38717e-22	3.38717e-22	3.38717e-22	3.38717e-22	3.38717e-22	3.38717e-22	3.38717e-22	3.38717e-22	3.38717e-22	3.38717e-22	3.38717e-22	3.38717e-22	3.38717e-22	3.38717e-22	3.38717e-22	3.38717e-22	3.38717e-22	3.38717e-22
19.61	1.59537e-25	1.45103e-24	3.32006e-24	6.00000e-24	9.80098e-24	1.51231e-23	2.24630e-23	3.24065e-23	4.55966e-23	6.26653e-23	8.41201e-23	1.10189e-22	1.40636e-22	1.74610e-22	2.10576e-22	2.46424e-22	2.79778e-22	3.08468e-22	3.31037e-22	3.47067e-22	3.57199e-22	3.62803e-22	3.65462e-22	3.66521e-22	3.66866e-22	3.66955e-22	3.66973e-22	3.66975e-22	3.66975e-22	3.66975e-22	3.66975e-22	3.66975e-22	3.66975e-22	3.66975e-22	3.66975e-22	3.66975e-22	3.66975e-22	3.66975e-22	3.66975e-22	3.66975e-22	3.66975e-22	3.66975e-22	3.66975e-22	3.66975e-22	3.66975e-22	3.66975e-22	3.66975e-22	3.66975e-22	3.66975e-22	3.66975e-22	3.66975e-22	3.66975e-22	3.66975e-22	3.66975e-22	3.66975e-22	3.66975e-22	3.66975e-22	3.66975e-22	3.66975e-22	3.66975e-22	3.66975e-22	3.66975e-22	3.66975e-22	3.66975e-22	3.66975e-22	3.66975e-22	3.66975e-22	3.66975e-22	3.66975e-22	3.66975e-22	3.66975e-22	3.66975e-22	3.66975e-22	3.66975e-22	3.66975e-22	3.66975e-22	3.66975e-22	3.66975e-22	3.66975e-22	3.66975e-22	3.66975e-22	3.66975e-22	3.66975e-22	3.66975e-22	3.66975e-22	3.66975e-22	3.66975e-22	3.66975e-22	3.66975e-22	3.66975e-22	3.66975e-22	3.66975e-22	3.66975e-22	3.66975e-22	3.66975e-22	3.66975e-22	3.66975e-22	3.66975e-22	3.66975e-22	3.66975e-22	3.66975e-22	3.66975e-22	3.66975e-22	3.66975e-22	3.66975e-22	3.66975e-22	3.66975e-22	3.66975e-22	3.66975e-22	3.66975e-22	3.66975e-22	3.66975e-22	3.66975e-22	3.66975e-22	3.66975e-22	3.66975e-22	3.66975e-22	3.66975e-22	3.66975e-22	3.66975e-22	3.66975e-22	3.66975e-22	3.66975e-22	3.66975e-22	3.66975e-22	3.66975e-22	3.66975e-22	3.66975e-22	3.66975e-22	3.66975e-22	3.66975e-22	3.66975e-22	3.66975e-22	3.66975e-22	3.66975e-22	3.66975e-22	3.66975e-22	3.66975e-22	3.66975e-22	3.66975e-22	3.66975e-22	3.66975e-22	3.66975e-22	3.66975e-22	3.66975e-22	3.66975e-22	3.66975e-22	3.66975e-22	3.66975e-22	3.66975e-22	3.66975e-22	3.66975e-22	3.66975e-22	3.66975e-22	3.66975e-22	3.66975e-22	3.66975e-22	3.66975e-22	3.66975e-22	3.66975e-22	3.66975e-22	3.66975e-22	3.66975e-22	3.66975e-22	3.66975e-22	3.66975e-22	3.66975e-22	3.66975e-22	3.66975e-22	3.66975e-22	3.66975e-22	3.66975e-22	3.66975e-22	3.66975e-22	3.66975e-22	3.66975e-22	3.66975e-22	3.66975e-22	3.66975e-22	3.66975e-22	3.66975e-22	3.66975e-22	3.66975e-22	3.66975e-22	3.66975e-22	3.66975e-22	3.66975e-22	3.66975e-22	3.66975e-22	3.66975e-22	3.66975e-22	3.66975e-22	3.66975e-22	3.66975e-22	3.66975e-22
19.64	1.39797e-25	1.27425e-24	2.92345e-24	5.30077e-24	8.69370e-24	1.34796e-23	2.01377e-23	2.92505e-23	4.14855e-23	5.75448e-23	7.80698e-23	1.03498e-22	1.33876e-22	1.68669e-22	2.06624e-22	2.45777e-22	2.83664e-22	3.17743e-22	3.45952e-22	3.67189e-22	3.81535e-22	3.90098e-22	3.94532e-22	3.96483e-22	3.97196e-22	3.97406e-22	3.97454e-22	3.97463e-22	3.97464e-22	3.97464e-22	3.97464e-22	3.97464e-22	3.97464e-22	3.97464e-22	3.97464e-22	3.97464e-22	3.97464e-22	3.97464e-22	3.97464e-22	3.97464e-22	3.97464e-22	3.97464e-22	3.97464e-22	3.97464e-22	3.97464e-22	3.97464e-22	3.97464e-22	3.97464e-22	3.97464e-22	3.97464e-22	3.97464e-22	3.97464e-22	3.97464e-22	3.97464e-22	3.97464e-22	3.97464e-22	3.97464e-22	3.97464e-22	3.97464e-22	3.97464e-22	3.97464e-22	3.97464e-22	3.97464e-22	3.97464e-22	3.97464e-22	3.97464e-22	3.97464e-22	3.97464e-22	3.97464e-22	3.97464e-22	3.97464e-22	3.97464e-22	3.97464e-22	3.97464e-22	3.97464e-22	3.97464e-22	3.97464e-22	3.97464e-22	3.97464e-22	3.97464e-22	3.97464e-22	3.97464e-22	3.97464e-22	3.97464e-22	3.97464e-22	3.97464e-22	3.97464e-22	3.97464e-22	3.97464e-22	3.97464e-22	3.97464e-22	3.97464e-22	3.97464e-22	3.97464e-22	3.97464e-22	3.97464e-22	3.97464e-22	3.97464e-22	3.97464e-22	3.97464e-22	3.97464e-22	3.97464e-22	3.97464e-22	3.97464e-22	3.97464e-22	3.97464e-22	3.97464e-22	3.97464e-22	3.97464e-22	3.97464e-22	3.97464e-22	3.97464e-22	3.97464e-22	3.97464e-22	3.97464e-22	3.97464e-22	3.97464e-22	3.97464e-22	3.97464e-22	3.97464e-22	3.97464e-22	3.97464e-22	3.97464e-22	3.97464e-22	3.97464e-22	3.97464e-22	3.97464e-22	3.97464e-22	3.97464e-22	3.97464e-22	3.97464e-22	3.97464e-22	3.97464e-22	3.97464e-22	3.97464e-22	3.97464e-22	3.97464e-22	3.97464e-22	3.97464e-22	3.97464e-22	3.97464e-22	3.97464e-22	3.97464e-22	3.97464e-22	3.97464e-22	3.97464e-22	3.97464e-22	3.97464e-22	3.97464e-22	3.97464e-22	3.97464e-22	3.97464e-22	3.97464e-22	3.97464e-22	3.97464e-22	3.97464e-22	3.97464e-22	3.97464e-22	3.97464e-22	3.97464e-22	3.97464e-22	3.97464e-22	3.97464e-22	3.97464e-22	3.97464e-22	3.97464e-22	3.97464e-22	3.97464e-22	3.97464e-22	3.97464e-22	3.97464e-22	3.97464e-22	3.97464e-22	3.97464e-22	3.97464e-22	3.97464e-22	3.97464e-22	3.97464e-22	3.97464e-22	3.97464e-22	3.97464e-22	3.97464e-22	3.97464e-22	3.97464e-22	3.97464e-22	3.97464e-22	3.97464e-22	3.97464e-22	3.97464e-22	3.97464e-22	3.97464e-22	3.97464e-22	3.97464e-22	3.97464e-22	3.97464e-22
19.68	1.22254e-25	1.11657e-24	2.56802e-24	4.67048e-24	7.68832e-24	1.19739e-23	1.79834e-23	2.62859e-23	3.75566e-23	5.25436e-23	7.19928e-23	9.65216e-23	1.26442e-22	1.61546e-22	2.00920e-22	2.42854e-22	2.84938e-22	3.24401e-22	3.58651e-22	3.85867e-22	4.05424e-22	4.17951e-22	4.24985e-22	4.28382e-22	4.29762e-22	4.30222e-22	4.30343e-22	4.30368e-22	4.30372e-22	4.30373e-22	4.30373e-22	4.30373e-22	4.30373e-22	4.30373e-22	4.30373e-22	4.30373e-22	4.30373e-22	4.30373e-22	4.30373e-22	4.30373e-22	4.30373e-22	4.30373e-22	4.30373e-22	4.30373e-22	4.30373e-22	4.30373e-22	4.30373e-22	4.30373e-22	4.30373e-22	4.30373e-22	4.30373e-22	4.30373e-22	4.30373e-22	4.30373e-22	4.30373e-22	4.30373e-22	4.30373e-22	4.30373e-22	4.30373e-22	4.30373e-22	4.30373e-22	4.30373e-22	4.30373e-22	4.30373e-22	4.30373e-22	4.30373e-22	4.30373e-22	4.30373e-22	4.30373e-22	4.30373e-22	4.30373e-22	4.30373e-22	4.30373e-22	4.30373e-22	4.30373e-22	4.30373e-22	4.30373e-22	4.30373e-22	4.30373e-22	4.30373e-22	4.30373e-22	4.30373e-22	4.30373e-22	4.30373e-22	4.30373e-22	4.30373e-22	4.30373e-22	4.30373e-22	4.30373e-22	4.30373e-22	4.30373e-22	4.30373e-22	4.30373e-22	4.30373e-22	4.30373e-22	4.30373e-22	4.30373e-22	4.30373e-22	4.30373e-22	4.30373e-22	4.30373e-22	4.30373e-22	4.30373e-22	4.30373e-22	4.30373e-22	4.30373e-22	4.30373e-22	4.30373e-22	4.30373e-22	4.30373e-22	4.30373e-22	4.30373e-22	4.30373e-22	4.30373e-22	4.30373e-22	4.30373e-22	4.30373e-22	4.30373e-22	4.30373e-22	4.30373e-22	4.30373e-22	4.30373e-22	4.30373e-22	4.30373e-22	4.30373e-22	4.30373e-22	4.30373e-22	4.30373e-22	4.30373e-22	4.30373e-22	4.30373e-22	4.30373e-22	4.30373e-22	4.30373e-22	4.30373e-22	4.30373e-22	4.30373e-22	4.30373e-22	4.30373e-22	4.30373e-22	4.30373e-22	4.30373e-22	4.30373e-22	4.30373e-22	4.30373e-22	4.30373e-22	4.30373e-22	4.30373e-22	4.30373e-22	4.30373e-22	4.30373e-22	4.30373e-22	4.30373e-22	4.30373e-22	4.30373e-22	4.30373e-22	4.30373e-22	4.30373e-22	4.30373e-22	4.30373e-22	4.30373e-22	4.30373e-22	4.30373e-22	4.30373e-22	4.30373e-22	4.30373e-22	4.30373e-22	4.30373e-22	4.30373e-22	4.30373e-22	4.30373e-22	4.30373e-22	4.30373e-22	4.30373e-22	4.30373e-22	4.30373e-22	4.30373e-22	4.30373e-22	4.30373e-22	4.30373e-22	4.30373e-22	4.30373e-22	4.30373e-22	4.30373e-22	4.30373e-22	4.30373e-22	4.30373e-22	4.30373e-22	4.30373e-22	4.30373e-22	4.30373e-22	4.30373e-22	4.30373e-22	4.30373e-22	4.30373e-22
19.71	1.06718e-25	9.76444e-25	2.25084e-24	4.10504e-24	6.78047e-24	1.06032e-23	1.60027e-23	2.35264e-23	3.38433e-23	4.77257e-23	6.59949e-23	8.94160e-23	1.18536e-22	1.53470e-22	1.93673e-22	2.37775e-22	2.83560e-22	3.28187e-22	3.68664e-22	4.02486e-22	4.28224e-22	4.45827e-22	4.56483e-22	4.62090e-22	4.64605e-22	4.65542e-22	4.65826e-22	4.65893e-22	4.65905e-22	4.65907e-22	4.65907e-22	4.65907e-22	4.65907e-22	4.65907e-22	4.65907e-22	4.65907e-22	4.65907e-22	4.65907e-22	4.65907e-22	4.65907e-22	4.65907e-22	4.65907e-22	4.65907e-22	4.65907e-22	4.65907e-22	4.65907e-22	4.65907e-22	4.65907e-22	4.65907e-22	4.65907e-22	4.65907e-22	4.65907e-22	4.65907e-22	4.65907e-22	4.65907e-22	4.65907e-22	4.65907e-22	4.65907e-22	4.65907e-22	4.65907e-22	4.65907e-22	4.65907e-22	4.65907e-22	4.65907e-22	4.65907e-22	4.65907e-22	4.65907e-22	4.65907e-22	4.65907e-22	4.65907e-22	4.65907e-22	4.65907e-22	4.65907e-22	4.65907e-22	4.65907e-22	4.65907e-22	4.65907e-22	4.65907e-22	4.65907e-22	4.65907e-22	4.65907e-22	4.65907e-22	4.65907e-22	4.65907e-22	4.65907e-22	4.65907e-22	4.65907e-22	4.65907e-22	4.65907e-22	4.65907e-22	4.65907e-22	4.65907e-22	4.65907e-22	4.65907e-22	4.65907e-22	4.65907e-22	4.65907e-22	4.65907e-22	4.65907e-22	4.65907e-22	4.65907e-22	4.65907e-22	4.65907e-22	4.65907e-22	4.65907e-22	4.65907e-22	4.65907e-22	4.65907e-22	4.65907e-22	4.65907e-22	4.65907e-22	4.65907e-22	4.65907e-22	4.65907e-22	4.65907e-22	4.65907e-22	4.65907e-22	4.65907e-22	4.65907e-22	4.65907e-22	4.65907e-22	4.65907e-22	4.65907e-22	4.65907e-22	4.65907e-22	4.65907e-22	4.65907e-22	4.65907e-22	4.65907e-22	4.65907e-22	4.65907e-22	4.65907e-22	4.65907e-22	4.65907e-22	4.65907e-22	4.65907e-22	4.65907e-22	4.65907e-22	4.65907e-22	4.65907e-22	4.65907e-22	4.65907e-22	4.65907e-22	4.65907e-22	4.65907e-22	4.65907e-22	4.65907e-22	4.65907e-22	4.65907e-22	4.65907e-22	4.65907e-22	4.65907e-22	4.65907e-22	4.65907e-22	4.65907e-22	4.65907e-22	4.65907e-22	4.65907e-22	4.65907e-22	4.65907e-22	4.65907e-22	4.65907e-22	4.65907e-22	4.65907e-22	4.65907e-22	4.65907e-22	4.65907e-22	4.65907e-22	4.65907e-22	4.65907e-22	4.65907e-22	4.65907e-22	4.65907e-22	4.65907e-22	4.65907e-22	4.65907e-22	4.65907e-22	4.65907e-22	4.65907e-22	4.65907e-22	4.65907e-22	4.65907e-22	4.65907e-22	4.65907e-22	4.65907e-22	4.65907e-22	4.65907e-22	4.65907e-22	4.65907e-22	4.65907e-22	4.65907e-22	4.65907e-22	4.65907e-22	4.65907e-22	4.65907e-22
19.74	9.29991e-26	8.52344e-25	1.96886e-24	3.59996e-24	5.96474e-24	9.36263e-24	1.41939e-23	2.09785e-23	3.03679e-23	4.31399e-23	6.01637e-23	8.23183e-23	1.10351e-22	1.44676e-22	1.85128e-22	2.30734e-22	2.79593e-22	3.28959e-22	3.75609e-22	4.16453e-22	4.49238e-22	4.73066e-22	4.88530e-22	4.97344e-22	5.01675e-22	5.03469e-22	5.04080e-22	5.04246e-22	5.04281e-22	5.04287e-22	5.04287e-22	5.04287e-22	5.04287e-22	5.04287e-22	5.04287e-22	5.04287e-22	5.04287e-22	5.04287e-22	5.04287e-22	5.04287e-22	5.04287e-22	5.04287e-22	5.04287e-22	5.04287e-22	5.04287e-22	5.04287e-22	5.04287e-22	5.04287e-22	5.04287e-22	5.04287e-22	5.04287e-22	5.04287e-22	5.04287e-22	5.04287e-22	5.04287e-22	5.04287e-22	5.04287e-22	5.04287e-22	5.04287e-22	5.04287e-22	5.04287e-22	5.04287e-22	5.04287e-22	5.04287e-22	5.04287e-22	5.04287e-22	5.04287e-22	5.04287e-22	5.04287e-22	5.04287e-22	5.04287e-22	5.04287e-22	5.04287e-22	5.04287e-22	5.04287e-22	5.04287e-22	5.04287e-22	5.04287e-22	5.04287e-22	5.04287e-22	5.04287e-22	5.04287e-22	5.04287e-22	5.04287e-22	5.04287e-22	5.04287e-22	5.04287e-22	5.04287e-22	5.04287e-22	5.04287e-22	5.04287e-22	5.04287e-22	5.04287e-22	5.04287e-22	5.04287e-22	5.04287e-22	5.04287e-22	5.04287e-22	5.04287e-22	5.04287e-22	5.04287e-22	5.04287e-22	5.04287e-22	5.04287e-22	5.04287e-22	5.04287e-22	5.04287e-22	5.04287e-22	5.04287e-22	5.04287e-22	5.04287e-22	5.04287e-22	5.04287e-22	5.04287e-22	5.04287e-22	5.04287e-22	5.04287e-22	5.04287e-22	5.04287e-22	5.04287e-22	5.04287e-22	5.04287e-22	5.04287e-22	5.04287e-22	5.04287e-22	5.04287e-22	5.04287e-22	5.04287e-22	5.04287e-22	5.04287e-22	5.04287e-22	5.04287e-22	5.04287e-22	5.04287e-22	5.04287e-22	5.04287e-22	5.04287e-22	5.04287e-22	5.04287e-22	5.04287e-22	5.04287e-22	5.04287e-22	5.04287e-22	5.04287e-22	5.04287e-22	5.04287e-22	5.04287e-22	5.04287e-22	5.04287e-22	5.04287e-22	5.04287e-22	5.04287e-22	5.04287e-22	5.04287e-22	5.04287e-22	5.04287e-22	5.04287e-22	5.04287e-22	5.04287e-22	5.04287e-22	5.04287e-22	5.04287e-22	5.04287e-22	5.04287e-22	5.04287e-22	5.04287e-22	5.04287e-22	5.04287e-22	5.04287e-22	5.04287e-22	5.04287e-22	5.04287e-22	5.04287e-22	5.04287e-22	5.04287e-22	5.04287e-22	5.04287e-22	5.04287e-22	5.04287e-22	5.04287e-22	5.04287e-22	5.04287e-22	5.04287e-22	5.04287e-22	5.04287e-22	5.04287e-22	5.04287e-22	5.04287e-22	5.04287e-22	5.04287e-22	5.04287e-22	5.04287e-22	5.04287e-22	5.04287e-22	5.04287e-22
19.78	8.09195e-26	7.42770e-25	1.71903e-24	3.15054e-24	5.23502e-24	8.24556e-24	1.25520e-23	1.86428e-23	2.71431e-23	3.88207e-23	5.45683e-23	7.53452e-23	1.02061e-22	1.35395e-22	1.75549e-22	2.21979e-22	2.73191e-22	3.26692e-22	3.79215e-22	4.27245e-22	4.67754e-22	4.98910e-22	5.20479e-22	5.33717e-22	5.40796e-22	5.44028e-22	5.45260e-22	5.45641e-22	5.45733e-22	5.45751e-22	5.45753e-22	5.45753e-22	5.45753e-22	5.45753e-22	5.45753e-22	5.45753e-22	5.45753e-22	5.45753e-22	5.45753e-22	5.45753e-22	5.45753e-22	5.45753e-22	5.45753e-22	5.45753e-22	5.45753e-22	5.45753e-22	5.45753e-22	5.45753e-22	5.45753e-22	5.45753e-22	5.45753e-22	5.45753e-22	5.45753e-22	5.45753e-22	5.45753e-22	5.45753e-22	5.45753e-22	5.45753e-22	5.45753e-22	5.45753e-22	5.45753e-22	5.45753e-22	5.45753e-22	5.45753e-22	5.45753e-22	5.45753e-22	5.45753e-22	5.45753e-22	5.45753e-22	5.45753e-22	5.45753e-22	5.45753e-22	5.45753e-22	5.45753e-22	5.45753e-22	5.45753e-22	5.45753e-22	5.45753e-22	5.45753e-22	5.45753e-22	5.45753e-22	5.45753e-22	5.45753e-22	5.45753e-22	5.45753e-22	5.45753e-22	5.45753e-22	5.45753e-22	5.45753e-22	5.45753e-22	5.45753e-22	5.45753e-22	5.45753e-22	5.45753e-22	5.45753e-22	5.45753e-22	5.45753e-22	5.45753e-22	5.45753e-22	5.45753e-22	5.45753e-22	5.45753e-22	5.45753e-22	5.45753e-22	5.45753e-22	5.45753e-22	5.45753e-22	5.45753e-22	5.45753e-22	5.45753e-22	5.45753e-22	5.45753e-22	5.45753e-22	5.45753e-22	5.45753e-22	5.45753e-22	5.45753e-22	5.45753e-22	5.45753e-22	5.45753e-22	5.45753e-22	5.45753e-22	5.45753e-22	5.45753e-22	5.45753e-22	5.45753e-22	5.45753e-22	5.45753e-22	5.45753e-22	5.45753e-22	5.45753e-22	5.45753e-22	5.45753e-22	5.45753e-22	5.45753e-22	5.45753e-22	5.45753e-22	5.45753e-22	5.45753e-22	5.45753e-22	5.45753e-22	5.45753e-22	5.45753e-22	5.45753e-22	5.45753e-22	5.45753e-22	5.45753e-22	5.45753e-22	5.45753e-22	5.45753e-22	5.45753e-22	5.45753e-22	5.45753e-22	5.45753e-22	5.45753e-22	5.45753e-22	5.45753e-22	5.45753e-22	5.45753e-22	5.45753e-22	5.45753e-22	5.45753e-22	5.45753e-22	5.45753e-22	5.45753e-22	5.45753e-22	5.45753e-22	5.45753e-22	5.45753e-22	5.45753e-22	5.45753e-22	5.45753e-22	5.45753e-22	5.45753e-22	5.45753e-22	5.45753e-22	5.45753e-22	5.45753e-22	5.45753e-22	5.45753e-22	5.45753e-22	5.45753e-22	5.45753e-22	5.45753e-22	5.45753e-22	5.45753e-22	5.45753e-22	5.45753e-22	5.45753e-22	5.45753e-22	5.45753e-22	5.45753e-22	5.45753e-22	5.45753e-22	5.45753e-22
19.81	7.03099e-26	6.46289e-25	1.49835e-24	2.75202e-24	4.58484e-24	7.24436e-24	1.10697e-23	1.65154e-23	2.41738e-23	3.47902e-23	4.92602e-23	6.85923e-23	9.38202e-23	1.25845e-22	1.65206e-22	2.11797e-22	2.64591e-22	3.21480e-22	3.79344e-22	4.34441e-22	4.83101e-22	5.22547e-22	5.51542e-22	5.70603e-22	5.81630e-22	5.87139e-22	5.89466e-22	5.90277e-22	5.90504e-22	5.90553e-22	5.90561e-22	5.90562e-22	5.90562e-22	5.90562e-22	5.90562e-22	5.90562e-22	5.90562e-22	5.90562e-22	5.90562e-22	5.90562e-22	5.90562e-22	5.90562e-22	5.90562e-22	5.90562e-22	5.90562e-22	5.90562e-22	5.90562e-22	5.90562e-22	5.90562e-22	5.90562e-22	5.90562e-22	5.90562e-22	5.90562e-22	5.90562e-22	5.90562e-22	5.90562e-22	5.90562e-22	5.90562e-22	5.90562e-22	5.90562e-22	5.90562e-22	5.90562e-22	5.90562e-22	5.90562e-22	5.90562e-22	5.90562e-22	5.90562e-22	5.90562e-22	5.90562e-22	5.90562e-22	5.90562e-22	5.90562e-22	5.90562e-22	5.90562e-22	5.90562e-22	5.90562e-22	5.90562e-22	5.90562e-22	5.90562e-22	5.90562e-22	5.90562e-22	5.90562e-22	5.90562e-22	5.90562e-22	5.90562e-22	5.90562e-22	5.90562e-22	5.90562e-22	5.90562e-22	5.90562e-22	5.90562e-22	5.90562e-22	5.90562e-22	5.90562e-22	5.90562e-22	5.90562e-22	5.90562e-22	5.90562e-22	5.90562e-22	5.90562e-22	5.90562e-22	5.90562e-22	5.90562e-22	5.90562e-22	5.90562e-22	5.90562e-22	5.90562e-22	5.90562e-22	5.90562e-22	5.90562e-22	5.90562e-22	5.90562e-22	5.90562e-22	5.90562e-22	5.90562e-22	5.90562e-22	5.90562e-22	5.90562e-22	5.90562e-22	5.90562e-22	5.90562e-22	5.90562e-22	5.90562e-22	5.90562e-22	5.90562e-22	5.90562e-22	5.90562e-22	5.90562e-22	5.90562e-22	5.90562e-22	5.90562e-22	5.90562e-22	5.90562e-22	5.90562e-22	5.90562e-22	5.90562e-22	5.90562e-22	5.90562e-22	5.90562e-22	5.90562e-22	5.90562e-22	5.90562e-22	5.90562e-22	5.90562e-22	5.90562e-22	5.90562e-22	5.90562e-22	5.90562e-22	5.90562e-22	5.90562e-22	5.90562e-22	5.90562e-22	5.90562e-22	5.90562e-22	5.90562e-22	5.90562e-22	5.90562e-22	5.90562e-22	5.90562e-22	5.90562e-22	5.90562e-22	5.90562e-22	5.90562e-22	5.90562e-22	5.90562e-22	5.90562e-22	5.90562e-22	5.90562e-22	5.90562e-22	5.90562e-22	5.90562e-22	5.90562e-22	5.90562e-22	5.90562e-22	5.90562e-22	5.90562e-22	5.90562e-22	5.90562e-22	5.90562e-22	5.90562e-22	5.90562e-22	5.90562e-22	5.90562e-22	5.90562e-22	5.90562e-22	5.90562e-22	5.90562e-22	5.90562e-22	5.90562e-22	5.90562e-22	5.90562e-22	5.90562e-22	5.90562e-22	5.90562e-22	5.90562e-22
19.85	6.10123e-26	5.61548e-25	1.30398e-24	2.39976e-24	4.00761e-24	6.35073e-24	9.73802e-24	1.45888e-23	2.14583e-23	3.10602e-23	4.42751e-23	6.21341e-23	8.57559e-23	1.16220e-22	1.54363e-22	2.00494e-22	2.54087e-22	3.13518e-22	3.75991e-22	4.37757e-22	4.94695e-22	5.43162e-22	5.80831e-22	6.07222e-22	6.23644e-22	6.32564e-22	6.36711e-22	6.38323e-22	6.38834e-22	6.38962e-22	6.38987e-22	6.38990e-22	6.38991e-22	6.38991e-22	6.38991e-22	6.38991e-22	6.38991e-22	6.38991e-22	6.38991e-22	6.38991e-22	6.38991e-22	6.38991e-22	6.38991e-22	6.38991e-22	6.38991e-22	6.38991e-22	6.38991e-22	6.38991e-22	6.38991e-22	6.38991e-22	6.38991e-22	6.38991e-22	6.38991e-22	6.38991e-22	6.38991e-22	6.38991e-22	6.38991e-22	6.38991e-22	6.38991e-22	6.38991e-22	6.38991e-22	6.38991e-22	6.38991e-22	6.38991e-22	6.38991e-22	6.38991e-22	6.38991e-22	6.38991e-22	6.38991e-22	6.38991e-22	6.38991e-22	6.38991e-22	6.38991e-22	6.38991e-22	6.38991e-22	6.38991e-22	6.38991e-22	6.38991e-22	6.38991e-22	6.38991e-22	6.38991e-22	6.38991e-22	6.38991e-22	6.38991e-22	6.38991e-22	6.38991e-22	6.38991e-22	6.38991e-22	6.38991e-22	6.38991e-22	6.38991e-22	6.38991e-22	6.38991e-22	6.38991e-22	6.38991e-22	6.38991e-22	6.38991e-22	6.38991e-22	6.38991e-22	6.38991e-22	6.38991e-22	6.38991e-22	6.38991e-22	6.38991e-22	6.38991e-22	6.38991e-22	6.38991e-22	6.38991e-22	6.38991e-22	6.38991e-22	6.38991e-22	6.38991e-22	6.38991e-22	6.38991e-22	6.38991e-22	6.38991e-22	6.38991e-22	6.38991e-22	6.38991e-22	6.38991e-22	6.38991e-22	6.38991e-22	6.38991e-22	6.38991e-22	6.38991e-22	6.38991e-22	6.38991e-22	6.38991e-22	6.38991e-22	6.38991e-22	6.38991e-22	6.38991e-22	6.38991e-22	6.38991e-22	6.38991e-22	6.38991e-22	6.38991e-22	6.38991e-22	6.38991e-22	6.38991e-22	6.38991e-22	6.38991e-22	6.38991e-22	6.38991e-22	6.38991e-22	6.38991e-22	6.38991e-22	6.38991e-22	6.38991e-22	6.38991e-22	6.38991e-22	6.38991e-22	6.38991e-22	6.38991e-22	6.38991e-22	6.38991e-22	6.38991e-22	6.38991e-22	6.38991e-22	6.38991e-22	6.38991e-22	6.38991e-22	6.38991e-22	6.38991e-22	6.38991e-22	6.38991e-22	6.38991e-22	6.38991e-22	6.38991e-22	6.38991e-22	6.38991e-22	6.38991e-22	6.38991e-22	6.38991e-22	6.38991e-22	6.38991e-22	6.38991e-22	6.38991e-22	6.38991e-22	6.38991e-22	6.38991e-22	6.38991e-22	6.38991e-22	6.38991e-22	6.38991e-22	6.38991e-22	6.38991e-22	6.38991e-22	6.38991e-22	6.38991e-22	6.38991e-22	6.38991e-22	6.38991e-22	6.38991e-22	6.38991e-22
19.88	5.28811e-26	4.87287e-25	1.13321e-24	2.08927e-24	3.49682e-24	5.55610e-24	8.54683e-24	1.28530e-23	1.89903e-23	2.76335e-23	3.96351e-23	5.60250e-23	7.79725e-23	1.06691e-22	1.43263e-22	1.88380e-22	2.42014e-22	3.03093e-22	3.69288e-22	4.37061e-22	5.02079e-22	5.59994e-22	6.07401e-22	6.42639e-22	6.66099e-22	6.79870e-22	6.86866e-22	6.89878e-22	6.90951e-22	6.91258e-22	6.91327e-22	6.91338e-22	6.91340e-22	6.91340e-22	6.91340e-22	6.91340e-22	6.91340e-22	6.91340e-22	6.91340e-22	6.91340e-22	6.91340e-22	6.91340e-22	6.91340e-22	6.91340e-22	6.91340e-22	6.91340e-22	6.91340e-22	6.91340e-22	6.91340e-22	6.91340e-22	6.91340e-22	6.91340e-22	6.91340e-22	6.91340e-22	6.91340e-22	6.91340e-22	6.91340e-22	6.91340e-22	6.91340e-22	6.91340e-22	6.91340e-22	6.91340e-22	6.91340e-22	6.91340e-22	6.91340e-22	6.91340e-22	6.91340e-22	6.91340e-22	6.91340e-22	6.91340e-22	6.91340e-22	6.91340e-22	6.91340e-22	6.91340e-22	6.91340e-22	6.91340e-22	6.91340e-22	6.91340e-22	6.91340e-22	6.91340e-22	6.91340e-22	6.91340e-22	6.91340e-22	6.91340e-22	6.91340e-22	6.91340e-22	6.91340e-22	6.91340e-22	6.91340e-22	6.91340e-22	6.91340e-22	6.91340e-22	6.91340e-22	6.91340e-22	6.91340e-22	6.91340e-22	6.91340e-22	6.91340e-22	6.91340e-22	6.91340e-22	6.91340e-22	6.91340e-22	6.91340e-22	6.91340e-22	6.91340e-22	6.91340e-22	6.91340e-22	6.91340e-22	6.91340e-22	6.91340e-22	6.91340e-22	6.91340e-22	6.91340e-22	6.91340e-22	6.91340e-22	6.91340e-22	6.91340e-22	6.91340e-22	6.91340e-22	6.91340e-22	6.91340e-22	6.91340e-22	6.91340e-22	6.91340e-22	6.91340e-22	6.91340e-22	6.91340e-22	6.91340e-22	6.91340e-22	6.91340e-22	6.91340e-22	6.91340e-22	6.91340e-22	6.91340e-22	6.91340e-22	6.91340e-22	6.91340e-22	6.91340e-22	6.91340e-22	6.91340e-22	6.91340e-22	6.91340e-22	6.91340e-22	6.91340e-22	6.91340e-22	6.91340e-22	6.91340e-22	6.91340e-22	6.91340e-22	6.91340e-22	6.91340e-22	6.91340e-22	6.91340e-22	6.91340e-22	6.91340e-22	6.91340e-22	6.91340e-22	6.91340e-22	6.91340e-22	6.91340e-22	6.91340e-22	6.91340e-22	6.91340e-22	6.91340e-22	6.91340e-22	6.91340e-22	6.91340e-22	6.91340e-22	6.91340e-22	6.91340e-22	6.91340e-22	6.91340e-22	6.91340e-22	6.91340e-22	6.91340e-22	6.91340e-22	6.91340e-22	6.91340e-22	6.91340e-22	6.91340e-22	6.91340e-22	6.91340e-22	6.91340e-22	6.91340e-22	6.91340e-22	6.91340e-22	6.91340e-22	6.91340e-22	6.91340e-22	6.91340e-22	6.91340e-22	6.91340e-22	6.91340e-22	6.91340e-22	6.91340e-22
19.91	4.57838e-26	4.22345e-25	9.83517e-25	1.81631e-24	3.04615e-24	4.85191e-24	7.48553e-24	1.12963e-23	1.67594e-23	2.45062e-23	3.53505e-23	5.03020e-23	7.05503e-23	9.73989e-23	1.32126e-22	1.75753e-22	2.28728e-22	2.90554e-22	3.59482e-22	4.32380e-22	5.04956e-22	5.72395e-22	6.30321e-22	6.75810e-22	7.08058e-22	7.28397e-22	7.39617e-22	7.44927e-22	7.47034e-22	7.47717e-22	7.47893e-22	7.47928e-22	7.47933e-22	7.47933e-22	7.47933e-22	7.47933e-22	7.47933e-22	7.47933e-22	7.47933e-22	7.47933e-22	7.47933e-22	7.47933e-22	7.47933e-22	7.47933e-22	7.47933e-22	7.47933e-22	7.47933e-22	7.47933e-22	7.47933e-22	7.47933e-22	7.47933e-22	7.47933e-22	7.47933e-22	7.47933e-22	7.47933e-22	7.47933e-22	7.47933e-22	7.47933e-22	7.47933e-22	7.47933e-22	7.47933e-22	7.47933e-22	7.47933e-22	7.47933e-22	7.47933e-22	7.47933e-22	7.47933e-22	7.47933e-22	7.47933e-22	7.47933e-22	7.47933e-22	7.47933e-22	7.47933e-22	7.47933e-22	7.47933e-22	7.47933e-22	7.47933e-22	7.47933e-22	7.47933e-22	7.47933e-22	7.47933e-22	7.47933e-22	7.47933e-22	7.47933e-22	7.47933e-22	7.47933e-22	7.47933e-22	7.47933e-22	7.47933e-22	7.47933e-22	7.47933e-22	7.47933e-22	7.47933e-22	7.47933e-22	7.47933e-22	7.47933e-22	7.47933e-22	7.47933e-22	7.47933e-22	7.47933e-22	7.47933e-22	7.47933e-22	7.47933e-22	7.47933e-22	7.47933e-22	7.47933e-22	7.47933e-22	7.47933e-22	7.47933e-22	7.47933e-22	7.47933e-22	7.47933e-22	7.47933e-22	7.47933e-22	7.47933e-22	7.47933e-22	7.47933e-22	7.47933e-22	7.47933e-22	7.47933e-22	7.47933e-22	7.47933e-22	7.47933e-22	7.47933e-22	7.47933e-22	7.47933e-22	7.47933e-22	7.47933e-22	7.47933e-22	7.47933e-22	7.47933e-22	7.47933e-22	7.47933e-22	7.47933e-22	7.47933e-22	7.47933e-22	7.47933e-22	7.47933e-22	7.47933e-22	7.47933e-22	7.47933e-22	7.47933e-22	7.47933e-22	7.47933e-22	7.47933e-22	7.47933e-22	7.47933e-22	7.47933e-22	7.47933e-22	7.47933e-22	7.47933e-22	7.47933e-22	7.47933e-22	7.47933e-22	7.47933e-22	7.47933e-22	7.47933e-22	7.47933e-22	7.47933e-22	7.47933e-22	7.47933e-22	7.47933e-22	7.47933e-22	7.47933e-22	7.47933e-22	7.47933e-22	7.47933e-22	7.47933e-22	7.47933e-22	7.47933e-22	7.47933e-22	7.47933e-22	7.47933e-22	7.47933e-22	7.47933e-22	7.47933e-22	7.47933e-22	7.47933e-22	7.47933e-22	7.47933e-22	7.47933e-22	7.47933e-22	7.47933e-22	7.47933e-22	7.47933e-22	7.47933e-22	7.47933e-22	7.47933e-22	7.47933e-22	7.47933e-22	7.47933e-22	7.47933e-22	7.47933e-22	7.47933e-22	7.47933e-22
19.95	3.95992e-26	3.65659e-25	8.52573e-25	1.57691e-24	2.64959e-24	4.22978e-24	6.54332e-24	9.90617e-24	1.47529e-23	2.16688e-23	3.14220e-23	4.49869e-23	6.35471e-23	8.84573e-23	1.21139e-22	1.62889e-22	2.14581e-22	2.76294e-22	3.46917e-22	4.23890e-22	5.03209e-22	5.79870e-22	6.48733e-22	7.05645e-22	7.48414e-22	7.77248e-22	7.94417e-22	8.03285e-22	8.07175e-22	8.08591e-22	8.09007e-22	8.09102e-22	8.09119e-22	8.09121e-22	8.09121e-22	8.09121e-22	8.09121e-22	8.09121e-22	8.09121e-22	8.09121e-22	8.09121e-22	8.09121e-22	8.09121e-22	8.09121e-22	8.09121e-22	8.09121e-22	8.09121e-22	8.09121e-22	8.09121e-22	8.09121e-22	8.09121e-22	8.09121e-22	8.09121e-22	8.09121e-22	8.09121e-22	8.09121e-22	8.09121e-22	8.09121e-22	8.09121e-22	8.09121e-22	8.09121e-22	8.09121e-22	8.09121e-22	8.09121e-22	8.09121e-22	8.09121e-22	8.09121e-22	8.09121e-22	8.09121e-22	8.09121e-22	8.09121e-22	8.09121e-22	8.09121e-22	8.09121e-22	8.09121e-22	8.09121e-22	8.09121e-22	8.09121e-22	8.09121e-22	8.09121e-22	8.09121e-22	8.09121e-22	8.09121e-22	8.09121e-22	8.09121e-22	8.09121e-22	8.09121e-22	8.09121e-22	8.09121e-22	8.09121e-22	8.09121e-22	8.09121e-22	8.09121e-22	8.09121e-22	8.09121e-22	8.09121e-22	8.09121e-22	8.09121e-22	8.09121e-22	8.09121e-22	8.09121e-22	8.09121e-22	8.09121e-22	8.09121e-22	8.09121e-22	8.09121e-22	8.09121e-22	8.09121e-22	8.09121e-22	8.09121e-22	8.09121e-22	8.09121e-22	8.09121e-22	8.09121e-22	8.09121e-22	8.09121e-22	8.09121e-22	8.09121e-22	8.09121e-22	8.09121e-22	8.09121e-22	8.09121e-22	8.09121e-22	8.09121e-22	8.09121e-22	8.09121e-22	8.09121e-22	8.09121e-22	8.09121e-22	8.09121e-22	8.09121e-22	8.09121e-22	8.09121e-22	8.09121e-22	8.09121e-22	8.09121e-22	8.09121e-22	8.09121e-22	8.09121e-22	8.09121e-22	8.09121e-22	8.09121e-22	8.09121e-22	8.09121e-22	8.09121e-22	8.09121e-22	8.09121e-22	8.09121e-22	8.09121e-22	8.09121e-22	8.09121e-22	8.09121e-22	8.09121e-22	8.09121e-22	8.09121e-22	8.09121e-22	8.09121e-22	8.09121e-22	8.09121e-22	8.09121e-22	8.09121e-22	8.09121e-22	8.09121e-22	8.09121e-22	8.09121e-22	8.09121e-22	8.09121e-22	8.09121e-22	8.09121e-22	8.09121e-22	8.09121e-22	8.09121e-22	8.09121e-22	8.09121e-22	8.09121e-22	8.09121e-22	8.09121e-22	8.09121e-22	8.09121e-22	8.09121e-22	8.09121e-22	8.09121e-22	8.09121e-22	8.09121e-22	8.09121e-22	8.09121e-22	8.09121e-22	8.09121e-22	8.09121e-22	8.09121e-22	8.09121e-22	8.09121e-22	8.09121e-22	8.09121e-22	8.09121e-22
19.98	3.42185e-26	3.16264e-25	7.38248e-25	1.36738e-24	2.30148e-24	3.68168e-24	5.70956e-24	8.66942e-24	1.29562e-23	1.91082e-23	2.78428e-23	4.00882e-23	5.70011e-23	7.99529e-23	1.10460e-22	1.50033e-22	1.99914e-22	2.60719e-22	3.32008e-22	4.11900e-22	4.96904e-22	5.82116e-22	6.61919e-22	7.31080e-22	7.85948e-22	8.25300e-22	8.50452e-22	8.64540e-22	8.71324e-22	8.74071e-22	8.74982e-22	8.75223e-22	8.75272e-22	8.75280e-22	8.75280e-22	8.75280e-22	8.75280e-22	8.75280e-22	8.75280e-22	8.75280e-22	8.75280e-22	8.75280e-22	8.75280e-22	8.75280e-22	8.75280e-22	8.75280e-22	8.75280e-22	8.75280e-22	8.75280e-22	8.75280e-22	8.75280e-22	8.75280e-22	8.75280e-22	8.75280e-22	8.75280e-22	8.75280e-22	8.75280e-22	8.75280e-22	8.75280e-22	8.75280e-22	8.75280e-22	8.75280e-22	8.75280e-22	8.75280e-22	8.75280e-22	8.75280e-22	8.75280e-22	8.75280e-22	8.75280e-22	8.75280e-22	8.75280e-22	8.75280e-22	8.75280e-22	8.75280e-22	8.75280e-22	8.75280e-22	8.75280e-22	8.75280e-22	8.75280e-22	8.75280e-22	8.75280e-22	8.75280e-22	8.75280e-22	8.75280e-22	8.75280e-22	8.75280e-22	8.75280e-22	8.75280e-22	8.75280e-22	8.75280e-22	8.75280e-22	8.75280e-22	8.75280e-22	8.75280e-22	8.75280e-22	8.75280e-22	8.75280e-22	8.75280e-22	8.75280e-22	8.75280e-22	8.75280e-22	8.75280e-22	8.75280e-22	8.75280e-22	8.75280e-22	8.75280e-22	8.75280e-22	8.75280e-22	8.75280e-22	8.75280e-22	8.75280e-22	8.75280e-22	8.75280e-22	8.75280e-22	8.75280e-22	8.75280e-22	8.75280e-22	8.75280e-22	8.75280e-22	8.75280e-22	8.75280e-22	8.75280e-22	8.75280e-22	8.75280e-22	8.75280e-22	8.75280e-22	8.75280e-22	8.75280e-22	8.75280e-22	8.75280e-22	8.75280e-22	8.75280e-22	8.75280e-22	8.75280e-22	8.75280e-22	8.75280e-22	8.75280e-22	8.75280e-22	8.75280e-22	8.75280e-22	8.75280e-22	8.75280e-22	8.75280e-22	8.75280e-22	8.75280e-22	8.75280e-22	8.75280e-22	8.75280e-22	8.75280e-22	8.75280e-22	8.75280e-22	8.75280e-22	8.75280e-22	8.75280e-22	8.75280e-22	8.75280e-22	8.75280e-22	8.75280e-22	8.75280e-22	8.75280e-22	8.75280e-22	8.75280e-22	8.75280e-22	8.75280e-22	8.75280e-22	8.75280e-22	8.75280e-22	8.75280e-22	8.75280e-22	8.75280e-22	8.75280e-22	8.75280e-22	8.75280e-22	8.75280e-22	8.75280e-22	8.75280e-22	8.75280e-22	8.75280e-22	8.75280e-22	8.75280e-22	8.75280e-22	8.75280e-22	8.75280e-22	8.75280e-22	8.75280e-22	8.75280e-22	8.75280e-22	8.75280e-22	8.75280e-22	8.75280e-22	8.75280e-22	8.75280e-22	8.75280e-22	8.75280e-22	8.75280e-22
20.02	2.95440e-26	2.73290e-25	6.38607e-25	1.18436e-24	1.99658e-24	3.20001e-24	4.97391e-24	7.57290e-24	1.13538e-23	1.68083e-23	2.46006e-23	3.56045e-23	5.09334e-23	7.19468e-23	1.00212e-22	1.37394e-22	1.85036e-22	2.44237e-22	3.15210e-22	3.96824e-22	4.86272e-22	5.79037e-22	6.69348e-22	7.51151e-22	8.19400e-22	8.71246e-22	9.06633e-22	9.28004e-22	9.39222e-22	9.44236e-22	9.46100e-22	9.46661e-22	9.46793e-22	9.46817e-22	9.46820e-22	9.46820e-22	9.46820e-22	9.46820e-22	9.46820e-22	9.46820e-22	9.46820e-22	9.46820e-22	9.46820e-22	9.46820e-22	9.46820e-22	9.46820e-22	9.46820e-22	9.46820e-22	9.46820e-22	9.46820e-22	9.46820e-22	9.46820e-22	9.46820e-22	9.46820e-22	9.46820e-22	9.46820e-22	9.46820e-22	9.46820e-22	9.46820e-22	9.46820e-22	9.46820e-22	9.46820e-22	9.46820e-22	9.46820e-22	9.46820e-22	9.46820e-22	9.46820e-22	9.46820e-22	9.46820e-22	9.46820e-22	9.46820e-22	9.46820e-22	9.46820e-22	9.46820e-22	9.46820e-22	9.46820e-22	9.46820e-22	9.46820e-22	9.46820e-22	9.46820e-22	9.46820e-22	9.46820e-22	9.46820e-22	9.46820e-22	9.46820e-22	9.46820e-22	9.46820e-22	9.46820e-22	9.46820e-22	9.46820e-22	9.46820e-22	9.46820e-22	9.46820e-22	9.46820e-22	9.46820e-22	9.46820e-22	9.46820e-22	9.46820e-22	9.46820e-22	9.46820e-22	9.46820e-22	9.46820e-22	9.46820e-22	9.46820e-22	9.46820e-22	9.46820e-22	9.46820e-22	9.46820e-22	9.46820e-22	9.46820e-22	9.46820e-22	9.46820e-22	9.46820e-22	9.46820e-22	9.46820e-22	9.46820e-22	9.46820e-22	9.46820e-22	9.46820e-22	9.46820e-22	9.46820e-22	9.46820e-22	9.46820e-22	9.46820e-22	9.46820e-22	9.46820e-22	9.46820e-22	9.46820e-22	9.46820e-22	9.46820e-22	9.46820e-22	9.46820e-22	9.46820e-22	9.46820e-22	9.46820e-22	9.46820e-22	9.46820e-22	9.46820e-22	9.46820e-22	9.46820e-22	9.46820e-22	9.46820e-22	9.46820e-22	9.46820e-22	9.46820e-22	9.46820e-22	9.46820e-22	9.46820e-22	9.46820e-22	9.46820e-22	9.46820e-22	9.46820e-22	9.46820e-22	9.46820e-22	9.46820e-22	9.46820e-22	9.46820e-22	9.46820e-22	9.46820e-22	9.46820e-22	9.46820e-22	9.46820e-22	9.46820e-22	9.46820e-22	9.46820e-22	9.46820e-22	9.46820e-22	9.46820e-22	9.46820e-22	9.46820e-22	9.46820e-22	9.46820e-22	9.46820e-22	9.46820e-22	9.46820e-22	9.46820e-22	9.46820e-22	9.46820e-22	9.46820e-22	9.46820e-22	9.46820e-22	9.46820e-22	9.46820e-22	9.46820e-22	9.46820e-22	9.46820e-22	9.46820e-22	9.46820e-22	9.46820e-22	9.46820e-22	9.46820e-22	9.46820e-22	9.46820e-22	9.46820e-22	9.46820e-22
20.05	2.54882e-26	2.35956e-25	5.51901e-25	1.02477e-24	1.73006e-24	2.77771e-24	4.32656e-24	6.60373e-24	9.92995e-24	1.47516e-23	2.16786e-23	3.15257e-23	4.53508e-23	6.44784e-23	9.04884e-23	1.25144e-22	1.70223e-22	2.27232e-22	2.96995e-22	3.79150e-22	4.71697e-22	5.70749e-22	6.70718e-22	7.65068e-22	8.47559e-22	9.13664e-22	9.61621e-22	9.92677e-22	1.01034e-21	1.01899e-21	1.02256e-21	1.02377e-21	1.02410e-21	1.02417e-21	1.02418e-21	1.02418e-21	1.02418e-21	1.02418e-21	1.02418e-21	1.02418e-21	1.02418e-21	1.02418e-21	1.02418e-21	1.02418e-21	1.02418e-21	1.02418e-21	1.02418e-21	1.02418e-21	1.02418e-21	1.02418e-21	1.02418e-21	1.02418e-21	1.02418e-21	1.02418e-21	1.02418e-21	1.02418e-21	1.02418e-21	1.02418e-21	1.02418e-21	1.02418e-21	1.02418e-21	1.02418e-21	1.02418e-21	1.02418e-21	1.02418e-21	1.02418e-21	1.02418e-21	1.02418e-21	1.02418e-21	1.02418e-21	1.02418e-21	1.02418e-21	1.02418e-21	1.02418e-21	1.02418e-21	1.02418e-21	1.02418e-21	1.02418e-21	1.02418e-21	1.02418e-21	1.02418e-21	1.02418e-21	1.02418e-21	1.02418e-21	1.02418e-21	1.02418e-21	1.02418e-21	1.02418e-21	1.02418e-21	1.02418e-21	1.02418e-21	1.02418e-21	1.02418e-21	1.02418e-21	1.02418e-21	1.02418e-21	1.02418e-21	1.02418e-21	1.02418e-21	1.02418e-21	1.02418e-21	1.02418e-21	1.02418e-21	1.02418e-21	1.02418e-21	1.02418e-21	1.02418e-21	1.02418e-21	1.02418e-21	1.02418e-21	1.02418e-21	1.02418e-21	1.02418e-21	1.02418e-21	1.02418e-21	1.02418e-21	1.02418e-21	1.02418e-21	1.02418e-21	1.02418e-21	1.02418e-21	1.02418e-21	1.02418e-21	1.02418e-21	1.02418e-21	1.02418e-21	1.02418e-21	1.02418e-21	1.02418e-21	1.02418e-21	1.02418e-21	1.02418e-21	1.02418e-21	1.02418e-21	1.02418e-21	1.02418e-21	1.02418e-21	1.02418e-21	1.02418e-21	1.02418e-21	1.02418e-21	1.02418e-21	1.02418e-21	1.02418e-21	1.02418e-21	1.02418e-21	1.02418e-21	1.02418e-21	1.02418e-21	1.02418e-21	1.02418e-21	1.02418e-21	1.02418e-21	1.02418e-21	1.02418e-21	1.02418e-21	1.02418e-21	1.02418e-21	1.02418e-21	1.02418e-21	1.02418e-21	1.02418e-21	1.02418e-21	1.02418e-21	1.02418e-21	1.02418e-21	1.02418e-21	1.02418e-21	1.02418e-21	1.02418e-21	1.02418e-21	1.02418e-21	1.02418e-21	1.02418e-21	1.02418e-21	1.02418e-21	1.02418e-21	1.02418e-21	1.02418e-21	1.02418e-21	1.02418e-21	1.02418e-21	1.02418e-21	1.02418e-21	1.02418e-21	1.02418e-21	1.02418e-21	1.02418e-21	1.02418e-21	1.02418e-21	1.02418e-21	1.02418e-21	1.02418e-21	1.02418e-21	1.02418e-21
20.08	2.19733e-26	2.03563e-25	4.76559e-25	8.85850e-25	1.49752e-24	2.40823e-24	3.75829e-24	5.74951e-24	8.66892e-24	1.29194e-23	1.90573e-23	2.78358e-23	4.02488e-23	5.75679e-23	8.13536e-23	1.13418e-22	1.55705e-22	2.10054e-22	2.77826e-22	3.59410e-22	4.53673e-22	5.57552e-22	6.65964e-22	7.72268e-22	8.69349e-22	9.51105e-22	1.01388e-21	1.05725e-21	1.08381e-21	1.09797e-21	1.10442e-21	1.10687e-21	1.10762e-21	1.10780e-21	1.10784e-21	1.10784e-21	1.10784e-21	1.10784e-21	1.10784e-21	1.10784e-21	1.10784e-21	1.10784e-21	1.10784e-21	1.10784e-21	1.10784e-21	1.10784e-21	1.10784e-21	1.10784e-21	1.10784e-21	1.10784e-21	1.10784e-21	1.10784e-21	1.10784e-21	1.10784e-21	1.10784e-21	1.10784e-21	1.10784e-21	1.10784e-21	1.10784e-21	1.10784e-21	1.10784e-21	1.10784e-21	1.10784e-21	1.10784e-21	1.10784e-21	1.10784e-21	1.10784e-21	1.10784e-21	1.10784e-21	1.10784e-21	1.10784e-21	1.10784e-21	1.10784e-21	1.10784e-21	1.10784e-21	1.10784e-21	1.10784e-21	1.10784e-21	1.10784e-21	1.10784e-21	1.10784e-21	1.10784e-21	1.10784e-21	1.10784e-21	1.10784e-21	1.10784e-21	1.10784e-21	1.10784e-21	1.10784e-21	1.10784e-21	1.10784e-21	1.10784e-21	1.10784e-21	1.10784e-21	1.10784e-21	1.10784e-21	1.10784e-21	1.10784e-21	1.10784e-21	1.10784e-21	1.10784e-21	1.10784e-21	1.10784e-21	1.10784e-21	1.10784e-21	1.10784e-21	1.10784e-21	1.10784e-21	1.10784e-21	1.10784e-21	1.10784e-21	1.10784e-21	1.10784e-21	1.10784e-21	1.10784e-21	1.10784e-21	1.10784e-21	1.10784e-21	1.10784e-21	1.10784e-21	1.10784e-21	1.10784e-21	1.10784e-21	1.10784e-21	1.10784e-21	1.10784e-21	1.10784e-21	1.10784e-21	1.10784e-21	1.10784e-21	1.10784e-21	1.10784e-21	1.10784e-21	1.10784e-21	1.10784e-21	1.10784e-21	1.10784e-21	1.10784e-21	1.10784e-21	1.10784e-21	1.10784e-21	1.10784e-21	1.10784e-21	1.10784e-21	1.10784e-21	1.10784e-21	1.10784e-21	1.10784e-21	1.10784e-21	1.10784e-21	1.10784e-21	1.10784e-21	1.10784e-21	1.10784e-21	1.10784e-21	1.10784e-21	1.10784e-21	1.10784e-21	1.10784e-21	1.10784e-21	1.10784e-21	1.10784e-21	1.10784e-21	1.10784e-21	1.10784e-21	1.10784e-21	1.10784e-21	1.10784e-21	1.10784e-21	1.10784e-21	1.10784e-21	1.10784e-21	1.10784e-21	1.10784e-21	1.10784e-21	1.10784e-21	1.10784e-21	1.10784e-21	1.10784e-21	1.10784e-21	1.10784e-21	1.10784e-21	1.10784e-21	1.10784e-21	1.10784e-21	1.10784e-21	1.10784e-21	1.10784e-21	1.10784e-21	1.10784e-21	1.10784e-21	1.10784e-21	1.10784e-21	1.10784e-21	1.10784e-21
20.12	1.89307e-26	1.75492e-25	4.11178e-25	7.65090e-25	1.29497e-24	2.08558e-24	3.26053e-24	4.99854e-24	7.55542e-24	1.12930e-23	1.67158e-23	2.45144e-23	3.56140e-23	5.12200e-23	7.28481e-23	1.02317e-22	1.41673e-22	1.93009e-22	2.58141e-22	3.38144e-22	4.32776e-22	5.39918e-22	6.55261e-22	7.72453e-22	8.83904e-22	9.82196e-22	1.06175e-21	1.12012e-21	1.15841e-21	1.18050e-21	1.19151e-21	1.19615e-21	1.19776e-21	1.19821e-21	1.19830e-21	1.19832e-21	1.19832e-21	1.19832e-21	1.19832e-21	1.19832e-21	1.19832e-21	1.19832e-21	1.19832e-21	1.19832e-21	1.19832e-21	1.19832e-21	1.19832e-21	1.19832e-21	1.19832e-21	1.19832e-21	1.19832e-21	1.19832e-21	1.19832e-21	1.19832e-21	1.19832e-21	1.19832e-21	1.19832e-21	1.19832e-21	1.19832e-21	1.19832e-21	1.19832e-21	1.19832e-21	1.19832e-21	1.19832e-21	1.19832e-21	1.19832e-21	1.19832e-21	1.19832e-21	1.19832e-21	1.19832e-21	1.19832e-21	1.19832e-21	1.19832e-21	1.19832e-21	1.19832e-21	1.19832e-21	1.19832e-21	1.19832e-21	1.19832e-21	1.19832e-21	1.19832e-21	1.19832e-21	1.19832e-21	1.19832e-21	1.19832e-21	1.19832e-21	1.19832e-21	1.19832e-21	1.19832e-21	1.19832e-21	1.19832e-21	1.19832e-21	1.19832e-21	1.19832e-21	1.19832e-21	1.19832e-21	1.19832e-21	1.19832e-21	1.19832e-21	1.19832e-21	1.19832e-21	1.19832e-21	1.19832e-21	1.19832e-21	1.19832e-21	1.19832e-21	1.19832e-21	1.19832e-21	1.19832e-21	1.19832e-21	1.19832e-21	1.19832e-21	1.19832e-21	1.19832e-21	1.19832e-21	1.19832e-21	1.19832e-21	1.19832e-21	1.19832e-21	1.19832e-21	1.19832e-21	1.19832e-21	1.19832e-21	1.19832e-21	1.19832e-21	1.19832e-21	1.19832e-21	1.19832e-21	1.19832e-21	1.19832e-21	1.19832e-21	1.19832e-21	1.19832e-21	1.19832e-21	1.19832e-21	1.19832e-21	1.19832e-21	1.19832e-21	1.19832e-21	1.19832e-21	1.19832e-21	1.19832e-21	1.19832e-21	1.19832e-21	1.19832e-21	1.19832e-21	1.19832e-21	1.19832e-21	1.19832e-21	1.19832e-21	1.19832e-21	1.19832e-21	1.19832e-21	1.19832e-21	1.19832e-21	1.19832e-21	1.19832e-21	1.19832e-21	1.19832e-21	1.19832e-21	1.19832e-21	1.19832e-21	1.19832e-21	1.19832e-21	1.19832e-21	1.19832e-21	1.19832e-21	1.19832e-21	1.19832e-21	1.19832e-21	1.19832e-21	1.19832e-21	1.19832e-21	1.19832e-21	1.19832e-21	1.19832e-21	1.19832e-21	1.19832e-21	1.19832e-21	1.19832e-21	1.19832e-21	1.19832e-21	1.19832e-21	1.19832e-21	1.19832e-21	1.19832e-21	1.19832e-21	1.19832e-21	1.19832e-21	1.19832e-21	1.19832e-21	1.19832e-21	1.19832e-21	1.19832e-21	1.19832e-21
20.15	1.62995e-26	1.51191e-25	3.54510e-25	6.60260e-25	1.11880e-24	1.80432e-24	2.82541e-24	4.33988e-24	6.57487e-24	9.85395e-24	1.46319e-23	2.15381e-23	3.14262e-23	4.54267e-23	6.49909e-23	9.19089e-23	1.28274e-22	1.76353e-22	2.38331e-22	3.15884e-22	4.09620e-22	5.18434e-22	6.38998e-22	7.65604e-22	8.90631e-22	1.00574e-21	1.10357e-21	1.17948e-21	1.23256e-21	1.26551e-21	1.28336e-21	1.29164e-21	1.29485e-21	1.29586e-21	1.29611e-21	1.29616e-21	1.29617e-21	1.29617e-21	1.29617e-21	1.29617e-21	1.29617e-21	1.29617e-21	1.29617e-21	1.29617e-21	1.29617e-21	1.29617e-21	1.29617e-21	1.29617e-21	1.29617e-21	1.29617e-21	1.29617e-21	1.29617e-21	1.29617e-21	1.29617e-21	1.29617e-21	1.29617e-21	1.29617e-21	1.29617e-21	1.29617e-21	1.29617e-21	1.29617e-21	1.29617e-21	1.29617e-21	1.29617e-21	1.29617e-21	1.29617e-21	1.29617e-21	1.29617e-21	1.29617e-21	1.29617e-21	1.29617e-21	1.29617e-21	1.29617e-21	1.29617e-21	1.29617e-21	1.29617e-21	1.29617e-21	1.29617e-21	1.29617e-21	1.29617e-21	1.29617e-21	1.29617e-21	1.29617e-21	1.29617e-21	1.29617e-21	1.29617e-21	1.29617e-21	1.29617e-21	1.29617e-21	1.29617e-21	1.29617e-21	1.29617e-21	1.29617e-21	1.29617e-21	1.29617e-21	1.29617e-21	1.29617e-21	1.29617e-21	1.29617e-21	1.29617e-21	1.29617e-21	1.29617e-21	1.29617e-21	1.29617e-21	1.29617e-21	1.29617e-21	1.29617e-21	1.29617e-21	1.29617e-21	1.29617e-21	1.29617e-21	1.29617e-21	1.29617e-21	1.29617e-21	1.29617e-21	1.29617e-21	1.29617e-21	1.29617e-21	1.29617e-21	1.29617e-21	1.29617e-21	1.29617e-21	1.29617e-21	1.29617e-21	1.29617e-21	1.29617e-21	1.29617e-21	1.29617e-21	1.29617e-21	1.29617e-21	1.29617e-21	1.29617e-21	1.29617e-21	1.29617e-21	1.29617e-21	1.29617e-21	1.29617e-21	1.29617e-21	1.29617e-21	1.29617e-21	1.29617e-21	1.29617e-21	1.29617e-21	1.29617e-21	1.29617e-21	1.29617e-21	1.29617e-21	1.29617e-21	1.29617e-21	1.29617e-21	1.29617e-21	1.29617e-21	1.29617e-21	1.29617e-21	1.29617e-21	1.29617e-21	1.29617e-21	1.29617e-21	1.29617e-21	1.29617e-21	1.29617e-21	1.29617e-21	1.29617e-21	1.29617e-21	1.29617e-21	1.29617e-21	1.29617e-21	1.29617e-21	1.29617e-21	1.29617e-21	1.29617e-21	1.29617e-21	1.29617e-21	1.29617e-21	1.29617e-21	1.29617e-21	1.29617e-21	1.29617e-21	1.29617e-21	1.29617e-21	1.29617e-21	1.29617e-21	1.29617e-21	1.29617e-21	1.29617e-21	1.29617e-21	1.29617e-21	1.29617e-21	1.29617e-21	1.29617e-21	1.29617e-21	1.29617e-21	1.29617e-21	1.29617e-21	1.29617e-21
20.19	1.40261e-26	1.30177e-25	3.05448e-25	5.69372e-25	9.65796e-25	1.55952e-24	2.44575e-24	3.76340e-24	5.71353e-24	8.58429e-24	1.27838e-23	1.88820e-23	2.76608e-23	4.01705e-23	5.77839e-23	8.22346e-23	1.15615e-22	1.60297e-22	2.18739e-22	2.93123e-22	3.84832e-22	4.93778e-22	6.17745e-22	7.51971e-22	8.89249e-22	1.02079e-21	1.13779e-21	1.23342e-21	1.30436e-21	1.35150e-21	1.37911e-21	1.39309e-21	1.39909e-21	1.40122e-21	1.40183e-21	1.40197e-21	1.40199e-21	1.40199e-21	1.40199e-21	1.40199e-21	1.40199e-21	1.40199e-21	1.40199e-21	1.40199e-21	1.40199e-21	1.40199e-21	1.40199e-21	1.40199e-21	1.40199e-21	1.40199e-21	1.40199e-21	1.40199e-21	1.40199e-21	1.40199e-21	1.40199e-21	1.40199e-21	1.40199e-21	1.40199e-21	1.40199e-21	1.40199e-21	1.40199e-21	1.40199e-21	1.40199e-21	1.40199e-21	1.40199e-21	1.40199e-21	1.40199e-21	1.40199e-21	1.40199e-21	1.40199e-21	1.40199e-21	1.40199e-21	1.40199e-21	1.40199e-21	1.40199e-21	1.40199e-21	1.40199e-21	1.40199e-21	1.40199e-21	1.40199e-21	1.40199e-21	1.40199e-21	1.40199e-21	1.40199e-21	1.40199e-21	1.40199e-21	1.40199e-21	1.40199e-21	1.40199e-21	1.40199e-21	1.40199e-21	1.40199e-21	1.40199e-21	1.40199e-21	1.40199e-21	1.40199e-21	1.40199e-21	1.40199e-21	1.40199e-21	1.40199e-21	1.40199e-21	1.40199e-21	1.40199e-21	1.40199e-21	1.40199e-21	1.40199e-21	1.40199e-21	1.40199e-21	1.40199e-21	1.40199e-21	1.40199e-21	1.40199e-21	1.40199e-21	1.40199e-21	1.40199e-21	1.40199e-21	1.40199e-21	1.40199e-21	1.40199e-21	1.40199e-21	1.40199e-21	1.40199e-21	1.40199e-21	1.40199e-21	1.40199e-21	1.40199e-21	1.40199e-21	1.40199e-21	1.40199e-21	1.40199e-21	1.40199e-21	1.40199e-21	1.40199e-21	1.40199e-21	1.40199e-21	1.40199e-21	1.40199e-21	1.40199e-21	1.40199e-21	1.40199e-21	1.40199e-21	1.40199e-21	1.40199e-21	1.40199e-21	1.40199e-21	1.40199e-21	1.40199e-21	1.40199e-21	1.40199e-21	1.40199e-21	1.40199e-21	1.40199e-21	1.40199e-21	1.40199e-21	1.40199e-21	1.40199e-21	1.40199e-21	1.40199e-21	1.40199e-21	1.40199e-21	1.40199e-21	1.40199e-21	1.40199e-21	1.40199e-21	1.40199e-21	1.40199e-21	1.40199e-21	1.40199e-21	1.40199e-21	1.40199e-21	1.40199e-21	1.40199e-21	1.40199e-21	1.40199e-21	1.40199e-21	1.40199e-21	1.40199e-21	1.40199e-21	1.40199e-21	1.40199e-21	1.40199e-21	1.40199e-21	1.40199e-21	1.40199e-21	1.40199e-21	1.40199e-21	1.40199e-21	1.40199e-21	1.40199e-21	1.40199e-21	1.40199e-21	1.40199e-21	1.40199e-21	1.40199e-21	1.40199e-21
20.22	1.20636e-26	1.12021e-25	2.63015e-25	4.90660e-25	8.33081e-25	1.34677e-24	2.11502e-24	3.25983e-24	4.95862e-24	7.46707e-24	1.11498e-23	1.65203e-23	2.42900e-23	3.54267e-23	5.12153e-23	7.33116e-23	1.03768e-22	1.45000e-22	1.99650e-22	2.70303e-22	3.59013e-22	4.66663e-22	5.92206e-22	7.32047e-22	8.79796e-22	1.02673e-21	1.16308e-21	1.28003e-21	1.37171e-21	1.43658e-21	1.47741e-21	1.49987e-21	1.51047e-21	1.51466e-21	1.51602e-21	1.51637e-21	1.51643e-21	1.51644e-21	1.51644e-21	1.51644e-21	1.51644e-21	1.51644e-21	1.51644e-21	1.51644e-21	1.51644e-21	1.51644e-21	1.51644e-21	1.51644e-21	1.51644e-21	1.51644e-21	1.51644e-21	1.51644e-21	1.51644e-21	1.51644e-21	1.51644e-21	1.51644e-21	1.51644e-21	1.51644e-21	1.51644e-21	1.51644e-21	1.51644e-21	1.51644e-21	1.51644e-21	1.51644e-21	1.51644e-21	1.51644e-21	1.51644e-21	1.51644e-21	1.51644e-21	1.51644e-21	1.51644e-21	1.51644e-21	1.51644e-21	1.51644e-21	1.51644e-21	1.51644e-21	1.51644e-21	1.51644e-21	1.51644e-21	1.51644e-21	1.51644e-21	1.51644e-21	1.51644e-21	1.51644e-21	1.51644e-21	1.51644e-21	1.51644e-21	1.51644e-21	1.51644e-21	1.51644e-21	1.51644e-21	1.51644e-21	1.51644e-21	1.51644e-21	1.51644e-21	1.51644e-21	1.51644e-21	1.51644e-21	1.51644e-21	1.51644e-21	1.51644e-21	1.51644e-21	1.51644e-21	1.51644e-21	1.51644e-21	1.51644e-21	1.51644e-21	1.51644e-21	1.51644e-21	1.51644e-21	1.51644e-21	1.51644e-21	1.51644e-21	1.51644e-21	1.51644e-21	1.51644e-21	1.51644e-21	1.51644e-21	1.51644e-21	1.51644e-21	1.51644e-21	1.51644e-21	1.51644e-21	1.51644e-21	1.51644e-21	1.51644e-21	1.51644e-21	1.51644e-21	1.51644e-21	1.51644e-21	1.51644e-21	1.51644e-21	1.51644e-21	1.51644e-21	1.51644e-21	1.51644e-21	1.51644e-21	1.51644e-21	1.51644e-21	1.51644e-21	1.51644e-21	1.51644e-21	1.51644e-21	1.51644e-21	1.51644e-21	1.51644e-21	1.51644e-21	1.51644e-21	1.51644e-21	1.51644e-21	1.51644e-21	1.51644e-21	1.51644e-21	1.51644e-21	1.51644e-21	1.51644e-21	1.51644e-21	1.51644e-21	1.51644e-21	1.51644e-21	1.51644e-21	1.51644e-21	1.51644e-21	1.51644e-21	1.51644e-21	1.51644e-21	1.51644e-21	1.51644e-21	1.51644e-21	1.51644e-21	1.51644e-21	1.51644e-21	1.51644e-21	1.51644e-21	1.51644e-21	1.51644e-21	1.51644e-21	1.51644e-21	1.51644e-21	1.51644e-21	1.51644e-21	1.51644e-21	1.51644e-21	1.51644e-21	1.51644e-21	1.51644e-21	1.51644e-21	1.51644e-21	1.51644e-21	1.51644e-21	1.51644e-21	1.51644e-21	1.51644e-21	1.51644e-21	1.51644e-21
20.25	1.03708e-26	9.63469e-26	2.26348e-25	4.22565e-25	7.18097e-25	1.16212e-24	1.82736e-24	2.82073e-24	4.29833e-24	6.48635e-24	9.70927e-24	1.44274e-23	2.12844e-23	3.11655e-23	4.52626e-23	6.51383e-23	9.27746e-23	1.30576e-22	1.81292e-22	2.47803e-22	3.32723e-22	4.37804e-22	5.63170e-22	7.06522e-22	8.62619e-22	1.02330e-21	1.17842e-21	1.31756e-21	1.43238e-21	1.51851e-21	1.57646e-21	1.61088e-21	1.62861e-21	1.63637e-21	1.63918e-21	1.64000e-21	1.64019e-21	1.64022e-21	1.64023e-21	1.64023e-21	1.64023e-21	1.64023e-21	1.64023e-21	1.64023e-21	1.64023e-21	1.64023e-21	1.64023e-21	1.64023e-21	1.64023e-21	1.64023e-21	1.64023e-21	1.64023e-21	1.64023e-21	1.64023e-21	1.64023e-21	1.64023e-21	1.64023e-21	1.64023e-21	1.64023e-21	1.64023e-21	1.64023e-21	1.64023e-21	1.64023e-21	1.64023e-21	1.64023e-21	1.64023e-21	1.64023e-21	1.64023e-21	1.64023e-21	1.64023e-21	1.64023e-21	1.64023e-21	1.64023e-21	1.64023e-21	1.64023e-21	1.64023e-21	1.64023e-21	1.64023e-21	1.64023e-21	1.64023e-21	1.64023e-21	1.64023e-21	1.64023e-21	1.64023e-21	1.64023e-21	1.64023e-21	1.64023e-21	1.64023e-21	1.64023e-21	1.64023e-21	1.64023e-21	1.64023e-21	1.64023e-21	1.64023e-21	1.64023e-21	1.64023e-21	1.64023e-21	1.64023e-21	1.64023e-21	1.64023e-21	1.64023e-21	1.64023e-21	1.64023e-21	1.64023e-21	1.64023e-21	1.64023e-21	1.64023e-21	1.64023e-21	1.64023e-21	1.64023e-21	1.64023e-21	1.64023e-21	1.64023e-21	1.64023e-21	1.64023e-21	1.64023e-21	1.64023e-21	1.64023e-21	1.64023e-21	1.64023e-21	1.64023e-21	1.64023e-21	1.64023e-21	1.64023e-21	1.64023e-21	1.64023e-21	1.64023e-21	1.64023e-21	1.64023e-21	1.64023e-21	1.64023e-21	1.64023e-21	1.64023e-21	1.64023e-21	1.64023e-21	1.64023e-21	1.64023e-21	1.64023e-21	1.64023e-21	1.64023e-21	1.64023e-21	1.64023e-21	1.64023e-21	1.64023e-21	1.64023e-21	1.64023e-21	1.64023e-21	1.64023e-21	1.64023e-21	1.64023e-21	1.64023e-21	1.64023e-21	1.64023e-21	1.64023e-21	1.64023e-21	1.64023e-21	1.64023e-21	1.64023e-21	1.64023e-21	1.64023e-21	1.64023e-21	1.64023e-21	1.64023e-21	1.64023e-21	1.64023e-21	1.64023e-21	1.64023e-21	1.64023e-21	1.64023e-21	1.64023e-21	1.64023e-21	1.64023e-21	1.64023e-21	1.64023e-21	1.64023e-21	1.64023e-21	1.64023e-21	1.64023e-21	1.64023e-21	1.64023e-21	1.64023e-21	1.64023e-21	1.64023e-21	1.64023e-21	1.64023e-21	1.64023e-21	1.64023e-21	1.64023e-21	1.64023e-21	1.64023e-21	1.64023e-21	1.64023e-21	1.64023e-21	1.64023e-21	1.64023e-21
20.29	8.91163e-27	8.28270e-26	1.94692e-25	3.63709e-25	6.18584e-25	1.00206e-24	1.57752e-24	2.43845e-24	3.72190e-24	5.62733e-24	8.44251e-24	1.25783e-23	1.86141e-23	2.73544e-23	3.98957e-23	5.76982e-23	8.26500e-23	1.17103e-22	1.63841e-22	2.25942e-22	3.06457e-22	4.07891e-22	5.31462e-22	6.76230e-22	8.38333e-22	1.01064e-21	1.18317e-21	1.34455e-21	1.48420e-21	1.59481e-21	1.67398e-21	1.72448e-21	1.75270e-21	1.76624e-21	1.77171e-21	1.77352e-21	1.77400e-21	1.77409e-21	1.77411e-21	1.77411e-21	1.77411e-21	1.77411e-21	1.77411e-21	1.77411e-21	1.77411e-21	1.77411e-21	1.77411e-21	1.77411e-21	1.77411e-21	1.77411e-21	1.77411e-21	1.77411e-21	1.77411e-21	1.77411e-21	1.77411e-21	1.77411e-21	1.77411e-21	1.77411e-21	1.77411e-21	1.77411e-21	1.77411e-21	1.77411e-21	1.77411e-21	1.77411e-21	1.77411e-21	1.77411e-21	1.77411e-21	1.77411e-21	1.77411e-21	1.77411e-21	1.77411e-21	1.77411e-21	1.77411e-21	1.77411e-21	1.77411e-21	1.77411e-21	1.77411e-21	1.77411e-21	1.77411e-21	1.77411e-21	1.77411e-21	1.77411e-21	1.77411e-21	1.77411e-21	1.77411e-21	1.77411e-21	1.77411e-21	1.77411e-21	1.77411e-21	1.77411e-21	1.77411e-21	1.77411e-21	1.77411e-21	1.77411e-21	1.77411e-21	1.77411e-21	1.77411e-21	1.77411e-21	1.77411e-21	1.77411e-21	1.77411e-21	1.77411e-21	1.77411e-21	1.77411e-21	1.77411e-21	1.77411e-21	1.77411e-21	1.77411e-21	1.77411e-21	1.77411e-21	1.77411e-21	1.77411e-21	1.77411e-21	1.77411e-21	1.77411e-21	1.77411e-21	1.77411e-21	1.77411e-21	1.77411e-21	1.77411e-21	1.77411e-21	1.77411e-21	1.77411e-21	1.77411e-21	1.77411e-21	1.77411e-21	1.77411e-21	1.77411e-21	1.77411e-21	1.77411e-21	1.77411e-21	1.77411e-21	1.77411e-21	1.77411e-21	1.77411e-21	1.77411e-21	1.77411e-21	1.77411e-21	1.77411e-21	1.77411e-21	1.77411e-21	1.77411e-21	1.77411e-21	1.77411e-21	1.77411e-21	1.77411e-21	1.77411e-21	1.77411e-21	1.77411e-21	1.77411e-21	1.77411e-21	1.77411e-21	1.77411e-21	1.77411e-21	1.77411e-21	1.77411e-21	1.77411e-21	1.77411e-21	1.77411e-21	1.77411e-21	1.77411e-21	1.77411e-21	1.77411e-21	1.77411e-21	1.77411e-21	1.77411e-21	1.77411e-21	1.77411e-21	1.77411e-21	1.77411e-21	1.77411e-21	1.77411e-21	1.77411e-21	1.77411e-21	1.77411e-21	1.77411e-21	1.77411e-21	1.77411e-21	1.77411e-21	1.77411e-21	1.77411e-21	1.77411e-21	1.77411e-21	1.77411e-21	1.77411e-21	1.77411e-21	1.77411e-21	1.77411e-21	1.77411e-21	1.77411e-21	1.77411e-21	1.77411e-21	1.77411e-21	1.77411e-21	1.77411e-21
20.32	7.65467e-27	7.11732e-26	1.67382e-25	3.12885e-25	5.32543e-25	8.63458e-25	1.36079e-24	2.10613e-24	3.21953e-24	4.87642e-24	7.33118e-24	1.09492e-23	1.62495e-23	2.39591e-23	3.50796e-23	5.09632e-23	7.33884e-23	1.04619e-22	1.47419e-22	2.04969e-22	2.80639e-22	3.77552e-22	4.97906e-22	6.42094e-22	8.07770e-22	9.89183e-22	1.17713e-21	1.35989e-21	1.52520e-21	1.66291e-21	1.76734e-21	1.83848e-21	1.88134e-21	1.90378e-21	1.91378e-21	1.91748e-21	1.91859e-21	1.91885e-21	1.91890e-21	1.91891e-21	1.91891e-21	1.91891e-21	1.91891e-21	1.91891e-21	1.91891e-21	1.91891e-21	1.91891e-21	1.91891e-21	1.91891e-21	1.91891e-21	1.91891e-21	1.91891e-21	1.91891e-21	1.91891e-21	1.91891e-21	1.91891e-21	1.91891e-21	1.91891e-21	1.91891e-21	1.91891e-21	1.91891e-21	1.91891e-21	1.91891e-21	1.91891e-21	1.91891e-21	1.91891e-21	1.91891e-21	1.91891e-21	1.91891e-21	1.91891e-21	1.91891e-21	1.91891e-21	1.91891e-21	1.91891e-21	1.91891e-21	1.91891e-21	1.91891e-21	1.91891e-21	1.91891e-21	1.91891e-21	1.91891e-21	1.91891e-21	1.91891e-21	1.91891e-21	1.91891e-21	1.91891e-21	1.91891e-21	1.91891e-21	1.91891e-21	1.91891e-21	1.91891e-21	1.91891e-21	1.91891e-21	1.91891e-21	1.91891e-21	1.91891e-21	1.91891e-21	1.91891e-21	1.91891e-21	1.91891e-21	1.91891e-21	1.91891e-21	1.91891e-21	1.91891e-21	1.91891e-21	1.91891e-21	1.91891e-21	1.91891e-21	1.91891e-21	1.91891e-21	1.91891e-21	1.91891e-21	1.91891e-21	1.91891e-21	1.91891e-21	1.91891e-21	1.91891e-21	1.91891e-21	1.91891e-21	1.91891e-21	1.91891e-21	1.91891e-21	1.91891e-21	1.91891e-21	1.91891e-21	1.91891e-21	1.91891e-21	1.91891e-21	1.91891e-21	1.91891e-21	1.91891e-21	1.91891e-21	1.91891e-21	1.91891e-21	1.91891e-21	1.91891e-21	1.91891e-21	1.91891e-21	1.91891e-21	1.91891e-21	1.91891e-21	1.91891e-21	1.91891e-21	1.91891e-21	1.91891e-21	1.91891e-21	1.91891e-21	1.91891e-21	1.91891e-21	1.91891e-21	1.91891e-21	1.91891e-21	1.91891e-21	1.91891e-21	1.91891e-21	1.91891e-21	1.91891e-21	1.91891e-21	1.91891e-21	1.91891e-21	1.91891e-21	1.91891e-21	1.91891e-21	1.91891e-21	1.91891e-21	1.91891e-21	1.91891e-21	1.91891e-21	1.91891e-21	1.91891e-21	1.91891e-21	1.91891e-21	1.91891e-21	1.91891e-21	1.91891e-21	1.91891e-21	1.91891e-21	1.91891e-21	1.91891e-21	1.91891e-21	1.91891e-21	1.91891e-21	1.91891e-21	1.91891e-21	1.91891e-21	1.91891e-21	1.91891e-21	1.91891e-21	1.91891e-21	1.91891e-21	1.91891e-21	1.91891e-21	1.91891e-21	1.91891e-21	1.91891e-21
20.36	6.57256e-27	6.11344e-26	1.43840e-25	2.69031e-25	4.58218e-25	7.43567e-25	1.17301e-24	1.81764e-24	2.78239e-24	4.22120e-24	6.35830e-24	9.51752e-24	1.41618e-23	2.09448e-23	3.07759e-23	4.48972e-23	6.49674e-23	9.31390e-23	1.32105e-22	1.85073e-22	2.55620e-22	3.47344e-22	4.63281e-22	6.05065e-22	7.71915e-22	9.59711e-22	1.16051e-21	1.36295e-21	1.55377e-21	1.72037e-21	1.85365e-21	1.95016e-21	2.01253e-21	2.04791e-21	2.06519e-21	2.07230e-21	2.07471e-21	2.07536e-21	2.07549e-21	2.07551e-21	2.07552e-21	2.07552e-21	2.07552e-21	2.07552e-21	2.07552e-21	2.07552e-21	2.07552e-21	2.07552e-21	2.07552e-21	2.07552e-21	2.07552e-21	2.07552e-21	2.07552e-21	2.07552e-21	2.07552e-21	2.07552e-21	2.07552e-21	2.07552e-21	2.07552e-21	2.07552e-21	2.07552e-21	2.07552e-21	2.07552e-21	2.07552e-21	2.07552e-21	2.07552e-21	2.07552e-21	2.07552e-21	2.07552e-21	2.07552e-21	2.07552e-21	2.07552e-21	2.07552e-21	2.07552e-21	2.07552e-21	2.07552e-21	2.07552e-21	2.07552e-21	2.07552e-21	2.07552e-21	2.07552e-21	2.07552e-21	2.07552e-21	2.07552e-21	2.07552e-21	2.07552e-21	2.07552e-21	2.07552e-21	2.07552e-21	2.07552e-21	2.07552e-21	2.07552e-21	2.07552e-21	2.07552e-21	2.07552e-21	2.07552e-21	2.07552e-21	2.07552e-21	2.07552e-21	2.07552e-21	2.07552e-21	2.07552e-21	2.07552e-21	2.07552e-21	2.07552e-21	2.07552e-21	2.07552e-21	2.07552e-21	2.07552e-21	2.07552e-21	2.07552e-21	2.07552e-21	2.07552e-21	2.07552e-21	2.07552e-21	2.07552e-21	2.07552e-21	2.07552e-21	2.07552e-21	2.07552e-21	2.07552e-21	2.07552e-21	2.07552e-21	2.07552e-21	2.07552e-21	2.07552e-21	2.07552e-21	2.07552e-21	2.07552e-21	2.07552e-21	2.07552e-21	2.07552e-21	2.07552e-21	2.07552e-21	2.07552e-21	2.07552e-21	2.07552e-21	2.07552e-21	2.07552e-21	2.07552e-21	2.07552e-21	2.07552e-21	2.07552e-21	2.07552e-21	2.07552e-21	2.07552e-21	2.07552e-21	2.07552e-21	2.07552e-21	2.07552e-21	2.07552e-21	2.07552e-21	2.07552e-21	2.07552e-21	2.07552e-21	2.07552e-21	2.07552e-21	2.07552e-21	2.07552e-21	2.07552e-21	2.07552e-21	2.07552e-21	2.07552e-21	2.07552e-21	2.07552e-21	2.07552e-21	2.07552e-21	2.07552e-21	2.07552e-21	2.07552e-21	2.07552e-21	2.07552e-21	2.07552e-21	2.07552e-21	2.07552e-21	2.07552e-21	2.07552e-21	2.07552e-21	2.07552e-21	2.07552e-21	2.07552e-21	2.07552e-21	2.07552e-21	2.07552e-21	2.07552e-21	2.07552e-21	2.07552e-21	2.07552e-21	2.07552e-21	2.07552e-21	2.07552e-21	2.07552e-21	2.07552e-21	2.07552e-21	2.07552e-21
20.39	5.64148e-27	5.24920e-26	1.23559e-25	2.31219e-25	3.94067e-25	6.39957e-25	1.01048e-24	1.56750e-24	2.40256e-24	3.65044e-24	5.50827e-24	8.26215e-24	1.23235e-23	1.82773e-23	2.69446e-23	3.94586e-23	5.73528e-23	8.26503e-23	1.17937e-22	1.66385e-22	2.31672e-22	3.17738e-22	4.28299e-22	5.66087e-22	7.31843e-22	9.23213e-22	1.13392e-21	1.35359e-21	1.56874e-21	1.76496e-21	1.92996e-21	2.05642e-21	2.14362e-21	2.19690e-21	2.22524e-21	2.23810e-21	2.24297e-21	2.24446e-21	2.24483e-21	2.24489e-21	2.24490e-21	2.24490e-21	2.24490e-21	2.24490e-21	2.24490e-21	2.24490e-21	2.24490e-21	2.24490e-21	2.24490e-21	2.24490e-21	2.24490e-21	2.24490e-21	2.24490e-21	2.24490e-21	2.24490e-21	2.24490e-21	2.24490e-21	2.24490e-21	2.24490e-21	2.24490e-21	2.24490e-21	2.24490e-21	2.24490e-21	2.24490e-21	2.24490e-21	2.24490e-21	2.24490e-21	2.24490e-21	2.24490e-21	2.24490e-21	2.24490e-21	2.24490e-21	2.24490e-21	2.24490e-21	2.24490e-21	2.24490e-21	2.24490e-21	2.24490e-21	2.24490e-21	2.24490e-21	2.24490e-21	2.24490e-21	2.24490e-21	2.24490e-21	2.24490e-21	2.24490e-21	2.24490e-21	2.24490e-21	2.24490e-21	2.24490e-21	2.24490e-21	2.24490e-21	2.24490e-21	2.24490e-21	2.24490e-21	2.24490e-21	2.24490e-21	2.24490e-21	2.24490e-21	2.24490e-21	2.24490e-21	2.24490e-21	2.24490e-21	2.24490e-21	2.24490e-21	2.24490e-21	2.24490e-21	2.24490e-21	2.24490e-21	2.24490e-21	2.24490e-21	2.24490e-21	2.24490e-21	2.24490e-21	2.24490e-21	2.24490e-21	2.24490e-21	2.24490e-21	2.24490e-21	2.24490e-21	2.24490e-21	2.24490e-21	2.24490e-21	2.24490e-21	2.24490e-21	2.24490e-21	2.24490e-21	2.24490e-21	2.24490e-21	2.24490e-21	2.24490e-21	2.24490e-21	2.24490e-21	2.24490e-21	2.24490e-21	2.24490e-21	2.24490e-21	2.24490e-21	2.24490e-21	2.24490e-21	2.24490e-21	2.24490e-21	2.24490e-21	2.24490e-21	2.24490e-21	2.24490e-21	2.24490e-21	2.24490e-21	2.24490e-21	2.24490e-21	2.24490e-21	2.24490e-21	2.24490e-21	2.24490e-21	2.24490e-21	2.24490e-21	2.24490e-21	2.24490e-21	2.24490e-21	2.24490e-21	2.24490e-21	2.24490e-21	2.24490e-21	2.24490e-21	2.24490e-21	2.24490e-21	2.24490e-21	2.24490e-21	2.24490e-21	2.24490e-21	2.24490e-21	2.24490e-21	2.24490e-21	2.24490e-21	2.24490e-21	2.24490e-21	2.24490e-21	2.24490e-21	2.24490e-21	2.24490e-21	2.24490e-21	2.24490e-21	2.24490e-21	2.24490e-21	2.24490e-21	2.24490e-21	2.24490e-21	2.24490e-21	2.24490e-21	2.24490e-21	2.24490e-21	2.24490e-21	2.24490e-21	2.24490e-21	2.24490e-21
20.42	4.84077e-27	4.50559e-26	1.06097e-25	1.98638e-25	3.38739e-25	5.50495e-25	8.69958e-25	1.35086e-24	2.07295e-24	3.15400e-24	4.76691e-24	7.16371e-24	1.07088e-23	1.59236e-23	2.35456e-23	3.46025e-23	5.05010e-23	7.31247e-23	1.04926e-22	1.48987e-22	2.09001e-22	2.89121e-22	3.93581e-22	5.26044e-22	6.88653e-22	8.80856e-22	1.09829e-21	1.33214e-21	1.56949e-21	1.79492e-21	1.99346e-21	2.15389e-21	2.27138e-21	2.34829e-21	2.39256e-21	2.41457e-21	2.42380e-21	2.42700e-21	2.42788e-21	2.42807e-21	2.42810e-21	2.42810e-21	2.42810e-21	2.42810e-21	2.42810e-21	2.42810e-21	2.42810e-21	2.42810e-21	2.42810e-21	2.42810e-21	2.42810e-21	2.42810e-21	2.42810e-21	2.42810e-21	2.42810e-21	2.42810e-21	2.42810e-21	2.42810e-21	2.42810e-21	2.42810e-21	2.42810e-21	2.42810e-21	2.42810e-21	2.42810e-21	2.42810e-21	2.42810e-21	2.42810e-21	2.42810e-21	2.42810e-21	2.42810e-21	2.42810e-21	2.42810e-21	2.42810e-21	2.42810e-21	2.42810e-21	2.42810e-21	2.42810e-21	2.42810e-21	2.42810e-21	2.42810e-21	2.42810e-21	2.42810e-21	2.42810e-21	2.42810e-21	2.42810e-21	2.42810e-21	2.42810e-21	2.42810e-21	2.42810e-21	2.42810e-21	2.42810e-21	2.42810e-21	2.42810e-21	2.42810e-21	2.42810e-21	2.42810e-21	2.42810e-21	2.42810e-21	2.42810e-21	2.42810e-21	2.42810e-21	2.42810e-21	2.42810e-21	2.42810e-21	2.42810e-21	2.42810e-21	2.42810e-21	2.42810e-21	2.42810e-21	2.42810e-21	2.42810e-21	2.42810e-21	2.42810e-21	2.42810e-21	2.42810e-21	2.42810e-21	2.42810e-21	2.42810e-21	2.42810e-21	2.42810e-21	2.42810e-21	2.42810e-21	2.42810e-21	2.42810e-21	2.42810e-21	2.42810e-21	2.42810e-21	2.42810e-21	2.42810e-21	2.42810e-21	2.42810e-21	2.42810e-21	2.42810e-21	2.42810e-21	2.42810e-21	2.42810e-21	2.42810e-21	2.42810e-21	2.42810e-21	2.42810e-21	2.42810e-21	2.42810e-21	2.42810e-21	2.42810e-21	2.42810e-21	2.42810e-21	2.42810e-21	2.42810e-21	2.42810e-21	2.42810e-21	2.42810e-21	2.42810e-21	2.42810e-21	2.42810e-21	2.42810e-21	2.42810e-21	2.42810e-21	2.42810e-21	2.42810e-21	2.42810e-21	2.42810e-21	2.42810e-21	2.42810e-21	2.42810e-21	2.42810e-21	2.42810e-21	2.42810e-21	2.42810e-21	2.42810e-21	2.42810e-21	2.42810e-21	2.42810e-21	2.42810e-21	2.42810e-21	2.42810e-21	2.42810e-21	2.42810e-21	2.42810e-21	2.42810e-21	2.42810e-21	2.42810e-21	2.42810e-21	2.42810e-21	2.42810e-21	2.42810e-21	2.42810e-21	2.42810e-21	2.42810e-21	2.42810e-21	2.42810e-21	2.42810e-21	2.42810e-21	2.42810e-21	2.42810e-21	2.42810e-21
20.46	4.15250e-27	3.86610e-26	9.10713e-26	1.70583e-25	2.91054e-25	4.73309e-25	7.48562e-25	1.16343e-24	1.78727e-24	2.72281e-24	4.12136e-24	6.20441e-24	9.29366e-24	1.38523e-23	2.05397e-23	3.02827e-23	4.43632e-23	6.45199e-23	9.30534e-23	1.32916e-22	1.87745e-22	2.61792e-22	3.59651e-22	4.85737e-22	6.43421e-22	8.33884e-22	1.05481e-21	1.29938e-21	1.55595e-21	1.80903e-21	2.04172e-21	2.23919e-21	2.39214e-21	2.49889e-21	2.56501e-21	2.60075e-21	2.61726e-21	2.62364e-21	2.62565e-21	2.62614e-21	2.62624e-21	2.62625e-21	2.62625e-21	2.62625e-21	2.62625e-21	2.62625e-21	2.62625e-21	2.62625e-21	2.62625e-21	2.62625e-21	2.62625e-21	2.62625e-21	2.62625e-21	2.62625e-21	2.62625e-21	2.62625e-21	2.62625e-21	2.62625e-21	2.62625e-21	2.62625e-21	2.62625e-21	2.62625e-21	2.62625e-21	2.62625e-21	2.62625e-21	2.62625e-21	2.62625e-21	2.62625e-21	2.62625e-21	2.62625e-21	2.62625e-21	2.62625e-21	2.62625e-21	2.62625e-21	2.62625e-21	2.62625e-21	2.62625e-21	2.62625e-21	2.62625e-21	2.62625e-21	2.62625e-21	2.62625e-21	2.62625e-21	2.62625e-21	2.62625e-21	2.62625e-21	2.62625e-21	2.62625e-21	2.62625e-21	2.62625e-21	2.62625e-21	2.62625e-21	2.62625e-21	2.62625e-21	2.62625e-21	2.62625e-21	2.62625e-21	2.62625e-21	2.62625e-21	2.62625e-21	2.62625e-21	2.62625e-21	2.62625e-21	2.62625e-21	2.62625e-21	2.62625e-21	2.62625e-21	2.62625e-21	2.62625e-21	2.62625e-21	2.62625e-21	2.62625e-21	2.62625e-21	2.62625e-21	2.62625e-21	2.62625e-21	2.62625e-21	2.62625e-21	2.62625e-21	2.62625e-21	2.62625e-21	2.62625e-21	2.62625e-21	2.62625e-21	2.62625e-21	2.62625e-21	2.62625e-21	2.62625e-21	2.62625e-21	2.62625e-21	2.62625e-21	2.62625e-21	2.62625e-21	2.62625e-21	2.62625e-21	2.62625e-21	2.62625e-21	2.62625e-21	2.62625e-21	2.62625e-21	2.62625e-21	2.62625e-21	2.62625e-21	2.62625e-21	2.62625e-21	2.62625e-21	2.62625e-21	2.62625e-21	2.62625e-21	2.62625e-21	2.62625e-21	2.62625e-21	2.62625e-21	2.62625e-21	2.62625e-21	2.62625e-21	2.62625e-21	2.62625e-21	2.62625e-21	2.62625e-21	2.62625e-21	2.62625e-21	2.62625e-21	2.62625e-21	2.62625e-21	2.62625e-21	2.62625e-21	2.62625e-21	2.62625e-21	2.62625e-21	2.62625e-21	2.62625e-21	2.62625e-21	2.62625e-21	2.62625e-21	2.62625e-21	2.62625e-21	2.62625e-21	2.62625e-21	2.62625e-21	2.62625e-21	2.62625e-21	2.62625e-21	2.62625e-21	2.62625e-21	2.62625e-21	2.62625e-21	2.62625e-21	2.62625e-21	2.62625e-21	2.62625e-21	2.62625e-21	2.62625e-21	2.62625e-21	2.62625e-21
20.49	3.56112e-27	3.31641e-26	7.81487e-26	1.46438e-25	2.49982e-25	4.06764e-25	6.43779e-25	1.00143e-24	1.53994e-24	2.34877e-24	3.56009e-24	5.36807e-24	8.05600e-24	1.20338e-23	1.78888e-23	2.64529e-23	3.88871e-23	5.67844e-23	8.22827e-23	1.18176e-22	1.67988e-22	2.35970e-22	3.26937e-22	4.45862e-22	5.97151e-22	7.83565e-22	1.00486e-21	1.25646e-21	1.52863e-21	1.80668e-21	2.07279e-21	2.30916e-21	2.50203e-21	2.64487e-21	2.73958e-21	2.79490e-21	2.82286e-21	2.83482e-21	2.83905e-21	2.84025e-21	2.84052e-21	2.84056e-21	2.84057e-21	2.84057e-21	2.84057e-21	2.84057e-21	2.84057e-21	2.84057e-21	2.84057e-21	2.84057e-21	2.84057e-21	2.84057e-21	2.84057e-21	2.84057e-21	2.84057e-21	2.84057e-21	2.84057e-21	2.84057e-21	2.84057e-21	2.84057e-21	2.84057e-21	2.84057e-21	2.84057e-21	2.84057e-21	2.84057e-21	2.84057e-21	2.84057e-21	2.84057e-21	2.84057e-21	2.84057e-21	2.84057e-21	2.84057e-21	2.84057e-21	2.84057e-21	2.84057e-21	2.84057e-21	2.84057e-21	2.84057e-21	2.84057e-21	2.84057e-21	2.84057e-21	2.84057e-21	2.84057e-21	2.84057e-21	2.84057e-21	2.84057e-21	2.84057e-21	2.84057e-21	2.84057e-21	2.84057e-21	2.84057e-21	2.84057e-21	2.84057e-21	2.84057e-21	2.84057e-21	2.84057e-21	2.84057e-21	2.84057e-21	2.84057e-21	2.84057e-21	2.84057e-21	2.84057e-21	2.84057e-21	2.84057e-21	2.84057e-21	2.84057e-21	2.84057e-21	2.84057e-21	2.84057e-21	2.84057e-21	2.84057e-21	2.84057e-21	2.84057e-21	2.84057e-21	2.84057e-21	2.84057e-21	2.84057e-21	2.84057e-21	2.84057e-21	2.84057e-21	2.84057e-21	2.84057e-21	2.84057e-21	2.84057e-21	2.84057e-21	2.84057e-21	2.84057e-21	2.84057e-21	2.84057e-21	2.84057e-21	2.84057e-21	2.84057e-21	2.84057e-21	2.84057e-21	2.84057e-21	2.84057e-21	2.84057e-21	2.84057e-21	2.84057e-21	2.84057e-21	2.84057e-21	2.84057e-21	2.84057e-21	2.84057e-21	2.84057e-21	2.84057e-21	2.84057e-21	2.84057e-21	2.84057e-21	2.84057e-21	2.84057e-21	2.84057e-21	2.84057e-21	2.84057e-21	2.84057e-21	2.84057e-21	2.84057e-21	2.84057e-21	2.84057e-21	2.84057e-21	2.84057e-21	2.84057e-21	2.84057e-21	2.84057e-21	2.84057e-21	2.84057e-21	2.84057e-21	2.84057e-21	2.84057e-21	2.84057e-21	2.84057e-21	2.84057e-21	2.84057e-21	2.84057e-21	2.84057e-21	2.84057e-21	2.84057e-21	2.84057e-21	2.84057e-21	2.84057e-21	2.84057e-21	2.84057e-21	2.84057e-21	2.84057e-21	2.84057e-21	2.84057e-21	2.84057e-21	2.84057e-21	2.84057e-21	2.84057e-21	2.84057e-21	2.84057e-21	2.84057e-21	2.84057e-21	2.84057e-21
20.53	3.05321e-27	2.84410e-26	6.70400e-26	1.25670e-25	2.14628e-25	3.49431e-25	5.53405e-25	8.61518e-25	1.32602e-24	2.02469e-24	3.07276e-24	4.64011e-24	6.97555e-24	1.04408e-23	1.55572e-23	2.30680e-23	3.40193e-23	4.98607e-23	7.25629e-23	1.04741e-22	1.49764e-22	2.11803e-22	2.95763e-22	4.07001e-22	5.50743e-22	7.31125e-22	9.49873e-22	1.20479e-21	1.48849e-21	1.78794e-21	2.08539e-21	2.36107e-21	2.59716e-21	2.78194e-21	2.91243e-21	2.99437e-21	3.03934e-21	3.06050e-21	3.06884e-21	3.07153e-21	3.07221e-21	3.07235e-21	3.07237e-21	3.07237e-21	3.07237e-21	3.07237e-21	3.07237e-21	3.07237e-21	3.07237e-21	3.07237e-21	3.07237e-21	3.07237e-21	3.07237e-21	3.07237e-21	3.07237e-21	3.07237e-21	3.07237e-21	3.07237e-21	3.07237e-21	3.07237e-21	3.07237e-21	3.07237e-21	3.07237e-21	3.07237e-21	3.07237e-21	3.07237e-21	3.07237e-21	3.07237e-21	3.07237e-21	3.07237e-21	3.07237e-21	3.07237e-21	3.07237e-21	3.07237e-21	3.07237e-21	3.07237e-21	3.07237e-21	3.07237e-21	3.07237e-21	3.07237e-21	3.07237e-21	3.07237e-21	3.07237e-21	3.07237e-21	3.07237e-21	3.07237e-21	3.07237e-21	3.07237e-21	3.07237e-21	3.07237e-21	3.07237e-21	3.07237e-21	3.07237e-21	3.07237e-21	3.07237e-21	3.07237e-21	3.07237e-21	3.07237e-21	3.07237e-21	3.07237e-21	3.07237e-21	3.07237e-21	3.07237e-21	3.07237e-21	3.07237e-21	3.07237e-21	3.07237e-21	3.07237e-21	3.07237e-21	3.07237e-21	3.07237e-21	3.07237e-21	3.07237e-21	3.07237e-21	3.07237e-21	3.07237e-21	3.07237e-21	3.07237e-21	3.07237e-21	3.07237e-21	3.07237e-21	3.07237e-21	3.07237e-21	3.07237e-21	3.07237e-21	3.07237e-21	3.07237e-21	3.07237e-21	3.07237e-21	3.07237e-21	3.07237e-21	3.07237e-21	3.07237e-21	3.07237e-21	3.07237e-21	3.07237e-21	3.07237e-21	3.07237e-21	3.07237e-21	3.07237e-21	3.07237e-21	3.07237e-21	3.07237e-21	3.07237e-21	3.07237e-21	3.07237e-21	3.07237e-21	3.07237e-21	3.07237e-21	3.07237e-21	3.07237e-21	3.07237e-21	3.07237e-21	3.07237e-21	3.07237e-21	3.07237e-21	3.07237e-21	3.07237e-21	3.07237e-21	3.07237e-21	3.07237e-21	3.07237e-21	3.07237e-21	3.07237e-21	3.07237e-21	3.07237e-21	3.07237e-21	3.07237e-21	3.07237e-21	3.07237e-21	3.07237e-21	3.07237e-21	3.07237e-21	3.07237e-21	3.07237e-21	3.07237e-21	3.07237e-21	3.07237e-21	3.07237e-21	3.07237e-21	3.07237e-21	3.07237e-21	3.07237e-21	3.07237e-21	3.07237e-21	3.07237e-21	3.07237e-21	3.07237e-21	3.07237e-21	3.07237e-21	3.07237e-21	3.07237e-21	3.07237e-21	3.07237e-21	3.07237e-21
20.56	2.61714e-27	2.43846e-26	5.74947e-26	1.07815e-25	1.84212e-25	3.00065e-25	4.75512e-25	7.40793e-25	1.14117e-24	1.74419e-24	2.65015e-24	4.00739e-24	6.03395e-24	9.04819e-24	1.35112e-23	2.00846e-23	2.97064e-23	4.36882e-23	6.38330e-23	9.25673e-23	1.33071e-22	1.89375e-22	2.66366e-22	3.69620e-22	5.04972e-22	6.77700e-22	8.91309e-22	1.14597e-21	1.43694e-21	1.75349e-21	2.07900e-21	2.39283e-21	2.67397e-21	2.90560e-21	3.07904e-21	3.19549e-21	3.26451e-21	3.29996e-21	3.31543e-21	3.32101e-21	3.32264e-21	3.32301e-21	3.32307e-21	3.32308e-21	3.32308e-21	3.32308e-21	3.32308e-21	3.32308e-21	3.32308e-21	3.32308e-21	3.32308e-21	3.32308e-21	3.32308e-21	3.32308e-21	3.32308e-21	3.32308e-21	3.32308e-21	3.32308e-21	3.32308e-21	3.32308e-21	3.32308e-21	3.32308e-21	3.32308e-21	3.32308e-21	3.32308e-21	3.32308e-21	3.32308e-21	3.32308e-21	3.32308e-21	3.32308e-21	3.32308e-21	3.32308e-21	3.32308e-21	3.32308e-21	3.32308e-21	3.32308e-21	3.32308e-21	3.32308e-21	3.32308e-21	3.32308e-21	3.32308e-21	3.32308e-21	3.32308e-21	3.32308e-21	3.32308e-21	3.32308e-21	3.32308e-21	3.32308e-21	3.32308e-21	3.32308e-21	3.32308e-21	3.32308e-21	3.32308e-21	3.32308e-21	3.32308e-21	3.32308e-21	3.32308e-21	3.32308e-21	3.32308e-21	3.32308e-21	3.32308e-21	3.32308e-21	3.32308e-21	3.32308e-21	3.32308e-21	3.32308e-21	3.32308e-21	3.32308e-21	3.32308e-21	3.32308e-21	3.32308e-21	3.32308e-21	3.32308e-21	3.32308e-21	3.32308e-21	3.32308e-21	3.32308e-21	3.32308e-21	3.32308e-21	3.32308e-21	3.32308e-21	3.32308e-21	3.32308e-21	3.32308e-21	3.32308e-21	3.32308e-21	3.32308e-21	3.32308e-21	3.32308e-21	3.32308e-21	3.32308e-21	3.32308e-21	3.32308e-21	3.32308e-21	3.32308e-21	3.32308e-21	3.32308e-21	3.32308e-21	3.32308e-21	3.32308e-21	3.32308e-21	3.32308e-21	3.32308e-21	3.32308e-21	3.32308e-21	3.32308e-21	3.32308e-21	3.32308e-21	3.32308e-21	3.32308e-21	3.32308e-21	3.32308e-21	3.32308e-21	3.32308e-21	3.32308e-21	3.32308e-21	3.32308e-21	3.32308e-21	3.32308e-21	3.32308e-21	3.32308e-21	3.32308e-21	3.32308e-21	3.32308e-21	3.32308e-21	3.32308e-21	3.32308e-21	3.32308e-21	3.32308e-21	3.32308e-21	3.32308e-21	3.32308e-21	3.32308e-21	3.32308e-21	3.32308e-21	3.32308e-21	3.32308e-21	3.32308e-21	3.32308e-21	3.32308e-21	3.32308e-21	3.32308e-21	3.32308e-21	3.32308e-21	3.32308e-21	3.32308e-21	3.32308e-21	3.32308e-21	3.32308e-21	3.32308e-21	3.32308e-21	3.32308e-21	3.32308e-21	3.32308e-21	3.32308e-21
20.60	2.24288e-27	2.09019e-26	4.92961e-26	9.24705e-26	1.58057e-25	2.57582e-25	4.08420e-25	6.36695e-25	9.81584e-25	1.50165e-24	2.28409e-24	3.45819e-24	5.21463e-24	7.83292e-24	1.17198e-23	1.74619e-23	2.58967e-23	3.82050e-23	5.60256e-23	8.15917e-23	1.17875e-22	1.68718e-22	2.38900e-22	3.34077e-22	4.60485e-22	6.24302e-22	8.30566e-22	1.08169e-21	1.37566e-21	1.70456e-21	2.05381e-21	2.40314e-21	2.72945e-21	3.01143e-21	3.23439e-21	3.39369e-21	3.49507e-21	3.55157e-21	3.57862e-21	3.58950e-21	3.59309e-21	3.59403e-21	3.59422e-21	3.59424e-21	3.59425e-21	3.59425e-21	3.59425e-21	3.59425e-21	3.59425e-21	3.59425e-21	3.59425e-21	3.59425e-21	3.59425e-21	3.59425e-21	3.59425e-21	3.59425e-21	3.59425e-21	3.59425e-21	3.59425e-21	3.59425e-21	3.59425e-21	3.59425e-21	3.59425e-21	3.59425e-21	3.59425e-21	3.59425e-21	3.59425e-21	3.59425e-21	3.59425e-21	3.59425e-21	3.59425e-21	3.59425e-21	3.59425e-21	3.59425e-21	3.59425e-21	3.59425e-21	3.59425e-21	3.59425e-21	3.59425e-21	3.59425e-21	3.59425e-21	3.59425e-21	3.59425e-21	3.59425e-21	3.59425e-21	3.59425e-21	3.59425e-21	3.59425e-21	3.59425e-21	3.59425e-21	3.59425e-21	3.59425e-21	3.59425e-21	3.59425e-21	3.59425e-21	3.59425e-21	3.59425e-21	3.59425e-21	3.59425e-21	3.59425e-21	3.59425e-21	3.59425e-21	3.59425e-21	3.59425e-21	3.59425e-21	3.59425e-21	3.59425e-21	3.59425e-21	3.59425e-21	3.59425e-21	3.59425e-21	3.59425e-21	3.59425e-21	3.59425e-21	3.59425e-21	3.59425e-21	3.59425e-21	3.59425e-21	3.59425e-21	3.59425e-21	3.59425e-21	3.59425e-21	3.59425e-21	3.59425e-21	3.59425e-21	3.59425e-21	3.59425e-21	3.59425e-21	3.59425e-21	3.59425e-21	3.59425e-21	3.59425e-21	3.59425e-21	3.59425e-21	3.59425e-21	3.59425e-21	3.59425e-21	3.59425e-21	3.59425e-21	3.59425e-21	3.59425e-21	3.59425e-21	3.59425e-21	3.59425e-21	3.59425e-21	3.59425e-21	3.59425e-21	3.59425e-21	3.59425e-21	3.59425e-21	3.59425e-21	3.59425e-21	3.59425e-21	3.59425e-21	3.59425e-21	3.59425e-21	3.59425e-21	3.59425e-21	3.59425e-21	3.59425e-21	3.59425e-21	3.59425e-21	3.59425e-21	3.59425e-21	3.59425e-21	3.59425e-21	3.59425e-21	3.59425e-21	3.59425e-21	3.59425e-21	3.59425e-21	3.59425e-21	3.59425e-21	3.59425e-21	3.59425e-21	3.59425e-21	3.59425e-21	3.59425e-21	3.59425e-21	3.59425e-21	3.59425e-21	3.59425e-21	3.59425e-21	3.59425e-21	3.59425e-21	3.59425e-21	3.59425e-21	3.59425e-21	3.59425e-21	3.59425e-21	3.59425e-21	3.59425e-21	3.59425e-21	3.59425e-21	3.59425e-21
20.63	1.92176e-27	1.79128e-26	4.22568e-26	7.92897e-26	1.35577e-25	2.21043e-25	3.50666e-25	5.46997e-25	8.43907e-25	1.29212e-24	1.96733e-24	2.98206e-24	4.50274e-24	6.77420e-24	1.01542e-23	1.51614e-23	2.25408e-23	3.33499e-23	4.90703e-23	7.17424e-23	1.04119e-22	1.49820e-22	2.13449e-22	3.00622e-22	4.17793e-22	5.71794e-22	7.68927e-22	1.01360e-21	1.30652e-21	1.64283e-21	2.01075e-21	2.39153e-21	2.76135e-21	3.09542e-21	3.37327e-21	3.58361e-21	3.72659e-21	3.81254e-21	3.85742e-21	3.87736e-21	3.88472e-21	3.88692e-21	3.88744e-21	3.88753e-21	3.88754e-21	3.88754e-21	3.88754e-21	3.88754e-21	3.88754e-21	3.88754e-21	3.88754e-21	3.88754e-21	3.88754e-21	3.88754e-21	3.88754e-21	3.88754e-21	3.88754e-21	3.88754e-21	3.88754e-21	3.88754e-21	3.88754e-21	3.88754e-21	3.88754e-21	3.88754e-21	3.88754e-21	3.88754e-21	3.88754e-21	3.88754e-21	3.88754e-21	3.88754e-21	3.88754e-21	3.88754e-21	3.88754e-21	3.88754e-21	3.88754e-21	3.88754e-21	3.88754e-21	3.88754e-21	3.88754e-21	3.88754e-21	3.88754e-21	3.88754e-21	3.88754e-21	3.88754e-21	3.88754e-21	3.88754e-21	3.88754e-21	3.88754e-21	3.88754e-21	3.88754e-21	3.88754e-21	3.88754e-21	3.88754e-21	3.88754e-21	3.88754e-21	3.88754e-21	3.88754e-21	3.88754e-21	3.88754e-21	3.88754e-21	3.88754e-21	3.88754e-21	3.88754e-21	3.88754e-21	3.88754e-21	3.88754e-21	3.88754e-21	3.88754e-21	3.88754e-21	3.88754e-21	3.88754e-21	3.88754e-21	3.88754e-21	3.88754e-21	3.88754e-21	3.88754e-21	3.88754e-21	3.88754e-21	3.88754e-21	3.88754e-21	3.88754e-21	3.88754e-21	3.88754e-21	3.88754e-21	3.88754e-21	3.88754e-21	3.88754e-21	3.88754e-21	3.88754e-21	3.88754e-21	3.88754e-21	3.88754e-21	3.88754e-21	3.88754e-21	3.88754e-21	3.88754e-21	3.88754e-21	3.88754e-21	3.88754e-21	3.88754e-21	3.88754e-21	3.88754e-21	3.88754e-21	3.88754e-21	3.88754e-21	3.88754e-21	3.88754e-21	3.88754e-21	3.88754e-21	3.88754e-21	3.88754e-21	3.88754e-21	3.88754e-21	3.88754e-21	3.88754e-21	3.88754e-21	3.88754e-21	3.88754e-21	3.88754e-21	3.88754e-21	3.88754e-21	3.88754e-21	3.88754e-21	3.88754e-21	3.88754e-21	3.88754e-21	3.88754e-21	3.88754e-21	3.88754e-21	3.88754e-21	3.88754e-21	3.88754e-21	3.88754e-21	3.88754e-21	3.88754e-21	3.88754e-21	3.88754e-21	3.88754e-21	3.88754e-21	3.88754e-21	3.88754e-21	3.88754e-21	3.88754e-21	3.88754e-21	3.88754e-21	3.88754e-21	3.88754e-21	3.88754e-21	3.88754e-21	3.88754e-21	3.88754e-21	3.88754e-21	3.88754e-21	3.88754e-21	3.88754e-21
20.66	1.64632e-27	1.53482e-26	3.62149e-26	6.79716e-26	1.16263e-25	1.89630e-25	3.00976e-25	4.69754e-25	7.25220e-25	1.11127e-24	1.69352e-24	2.56975e-24	3.88499e-24	5.85326e-24	8.78852e-24	1.31480e-23	1.95918e-23	2.90638e-23	4.28959e-23	6.29409e-23	9.17285e-23	1.32635e-22	1.90040e-22	2.69417e-22	3.77284e-22	5.20891e-22	7.07524e-22	9.43294e-22	1.23145e-21	1.57029e-21	1.95136e-21	2.35842e-21	2.76834e-21	3.15424e-21	3.49068e-21	3.75939e-21	3.95361e-21	4.07885e-21	4.14971e-21	4.18423e-21	4.19839e-21	4.20316e-21	4.20445e-21	4.20471e-21	4.20475e-21	4.20476e-21	4.20476e-21	4.20476e-21	4.20476e-21	4.20476e-21	4.20476e-21	4.20476e-21	4.20476e-21	4.20476e-21	4.20476e-21	4.20476e-21	4.20476e-21	4.20476e-21	4.20476e-21	4.20476e-21	4.20476e-21	4.20476e-21	4.20476e-21	4.20476e-21	4.20476e-21	4.20476e-21	4.20476e-21	4.20476e-21	4.20476e-21	4.20476e-21	4.20476e-21	4.20476e-21	4.20476e-21	4.20476e-21	4.20476e-21	4.20476e-21	4.20476e-21	4.20476e-21	4.20476e-21	4.20476e-21	4.20476e-21	4.20476e-21	4.20476e-21	4.20476e-21	4.20476e-21	4.20476e-21	4.20476e-21	4.20476e-21	4.20476e-21	4.20476e-21	4.20476e-21	4.20476e-21	4.20476e-21	4.20476e-21	4.20476e-21	4.20476e-21	4.20476e-21	4.20476e-21	4.20476e-21	4.20476e-21	4.20476e-21	4.20476e-21	4.20476e-21	4.20476e-21	4.20476e-21	4.20476e-21	4.20476e-21	4.20476e-21	4.20476e-21	4.20476e-21	4.20476e-21	4.20476e-21	4.20476e-21	4.20476e-21	4.20476e-21	4.20476e-21	4.20476e-21	4.20476e-21	4.20476e-21	4.20476e-21	4.20476e-21	4.20476e-21	4.20476e-21	4.20476e-21	4.20476e-21	4.20476e-21	4.20476e-21	4.20476e-21	4.20476e-21	4.20476e-21	4.20476e-21	4.20476e-21	4.20476e-21	4.20476e-21	4.20476e-21	4.20476e-21	4.20476e-21	4.20476e-21	4.20476e-21	4.20476e-21	4.20476e-21	4.20476e-21	4.20476e-21	4.20476e-21	4.20476e-21	4.20476e-21	4.20476e-21	4.20476e-21	4.20476e-21	4.20476e-21	4.20476e-21	4.20476e-21	4.20476e-21	4.20476e-21	4.20476e-21	4.20476e-21	4.20476e-21	4.20476e-21	4.20476e-21	4.20476e-21	4.20476e-21	4.20476e-21	4.20476e-21	4.20476e-21	4.20476e-21	4.20476e-21	4.20476e-21	4.20476e-21	4.20476e-21	4.20476e-21	4.20476e-21	4.20476e-21	4.20476e-21	4.20476e-21	4.20476e-21	4.20476e-21	4.20476e-21	4.20476e-21	4.20476e-21	4.20476e-21	4.20476e-21	4.20476e-21	4.20476e-21	4.20476e-21	4.20476e-21	4.20476e-21	4.20476e-21	4.20476e-21	4.20476e-21	4.20476e-21	4.20476e-21	4.20476e-21	4.20476e-21	4.20476e-21	4.20476e-21
20.70	1.41012e-27	1.31484e-26	3.10308e-26	5.82564e-26	9.96763e-26	1.62637e-25	2.58247e-25	4.03275e-25	6.22971e-25	9.55277e-25	1.45702e-24	2.21307e-24	3.34958e-24	5.05330e-24	7.59915e-24	1.13891e-23	1.70065e-23	2.52900e-23	3.74321e-23	5.51056e-23	8.06191e-23	1.17095e-22	1.68650e-22	2.40545e-22	3.39225e-22	4.72156e-22	6.47320e-22	8.72227e-22	1.15236e-21	1.48912e-21	1.87763e-21	2.30500e-21	2.75009e-21	3.18552e-21	3.58210e-21	3.91506e-21	4.16982e-21	4.34513e-21	4.45200e-21	4.50871e-21	4.53437e-21	4.54404e-21	4.54700e-21	4.54771e-21	4.54784e-21	4.54786e-21	4.54786e-21	4.54786e-21	4.54786e-21	4.54786e-21	4.54786e-21	4.54786e-21	4.54786e-21	4.54786e-21	4.54786e-21	4.54786e-21	4.54786e-21	4.54786e-21	4.54786e-21	4.54786e-21	4.54786e-21	4.54786e-21	4.54786e-21	4.54786e-21	4.54786e-21	4.54786e-21	4.54786e-21	4.54786e-21	4.54786e-21	4.54786e-21	4.54786e-21	4.54786e-21	4.54786e-21	4.54786e-21	4.54786e-21	4.54786e-21	4.54786e-21	4.54786e-21	4.54786e-21	4.54786e-21	4.54786e-21	4.54786e-21	4.54786e-21	4.54786e-21	4.54786e-21	4.54786e-21	4.54786e-21	4.54786e-21	4.54786e-21	4.54786e-21	4.54786e-21	4.54786e-21	4.54786e-21	4.54786e-21	4.54786e-21	4.54786e-21	4.54786e-21	4.54786e-21	4.54786e-21	4.54786e-21	4.54786e-21	4.54786e-21	4.54786e-21	4.54786e-21	4.54786e-21	4.54786e-21	4.54786e-21	4.54786e-21	4.54786e-21	4.54786e-21	4.54786e-21	4.54786e-21	4.54786e-21	4.54786e-21	4.54786e-21	4.54786e-21	4.54786e-21	4.54786e-21	4.54786e-21	4.54786e-21	4.54786e-21	4.54786e-21	4.54786e-21	4.54786e-21	4.54786e-21	4.54786e-21	4.54786e-21	4.54786e-21	4.54786e-21	4.54786e-21	4.54786e-21	4.54786e-21	4.54786e-21	4.54786e-21	4.54786e-21	4.54786e-21	4.54786e-21	4.54786e-21	4.54786e-21	4.54786e-21	4.54786e-21	4.54786e-21	4.54786e-21	4.54786e-21	4.54786e-21	4.54786e-21	4.54786e-21	4.54786e-21	4.54786e-21	4.54786e-21	4.54786e-21	4.54786e-21	4.54786e-21	4.54786e-21	4.54786e-21	4.54786e-21	4.54786e-21	4.54786e-21	4.54786e-21	4.54786e-21	4.54786e-21	4.54786e-21	4.54786e-21	4.54786e-21	4.54786e-21	4.54786e-21	4.54786e-21	4.54786e-21	4.54786e-21	4.54786e-21	4.54786e-21	4.54786e-21	4.54786e-21	4.54786e-21	4.54786e-21	4.54786e-21	4.54786e-21	4.54786e-21	4.54786e-21	4.54786e-21	4.54786e-21	4.54786e-21	4.54786e-21	4.54786e-21	4.54786e-21	4.54786e-21	4.54786e-21	4.54786e-21	4.54786e-21	4.54786e-21	4.54786e-21	4.54786e-21	4.54786e-21	4.54786e-21	4.54786e-21
20.73	1.20763e-27	1.12620e-26	2.65839e-26	4.99197e-26	8.54366e-26	1.39450e-25	2.21521e-25	3.46090e-25	5.34937e-25	8.20829e-25	1.25293e-24	1.90480e-24	2.88603e-24	4.35932e-24	6.56488e-24	9.85532e-24	1.47446e-23	2.19755e-23	3.26112e-23	4.81545e-23	7.06992e-23	1.03110e-22	1.49222e-22	2.14025e-22	3.03784e-22	4.26004e-22	5.89106e-22	8.01662e-22	1.07106e-21	1.40156e-21	1.79192e-21	2.23316e-21	2.70727e-21	3.18793e-21	3.64391e-21	4.04491e-21	4.36840e-21	4.60488e-21	4.75936e-21	4.84807e-21	4.89204e-21	4.91043e-21	4.91677e-21	4.91852e-21	4.91889e-21	4.91895e-21	4.91896e-21	4.91896e-21	4.91896e-21	4.91896e-21	4.91896e-21	4.91896e-21	4.91896e-21	4.91896e-21	4.91896e-21	4.91896e-21	4.91896e-21	4.91896e-21	4.91896e-21	4.91896e-21	4.91896e-21	4.91896e-21	4.91896e-21	4.91896e-21	4.91896e-21	4.91896e-21	4.91896e-21	4.91896e-21	4.91896e-21	4.91896e-21	4.91896e-21	4.91896e-21	4.91896e-21	4.91896e-21	4.91896e-21	4.91896e-21	4.91896e-21	4.91896e-21	4.91896e-21	4.91896e-21	4.91896e-21	4.91896e-21	4.91896e-21	4.91896e-21	4.91896e-21	4.91896e-21	4.91896e-21	4.91896e-21	4.91896e-21	4.91896e-21	4.91896e-21	4.91896e-21	4.91896e-21	4.91896e-21	4.91896e-21	4.91896e-21	4.91896e-21	4.91896e-21	4.91896e-21	4.91896e-21	4.91896e-21	4.91896e-21	4.91896e-21	4.91896e-21	4.91896e-21	4.91896e-21	4.91896e-21	4.91896e-21	4.91896e-21	4.91896e-21	4.91896e-21	4.91896e-21	4.91896e-21	4.91896e-21	4.91896e-21	4.91896e-21	4.91896e-21	4.91896e-21	4.91896e-21	4.91896e-21	4.91896e-21	4.91896e-21	4.91896e-21	4.91896e-21	4.91896e-21	4.91896e-21	4.91896e-21	4.91896e-21	4.91896e-21	4.91896e-21	4.91896e-21	4.91896e-21	4.91896e-21	4.91896e-21	4.91896e-21	4.91896e-21	4.91896e-21	4.91896e-21	4.91896e-21	4.91896e-21	4.91896e-21	4.91896e-21	4.91896e-21	4.91896e-21	4.91896e-21	4.91896e-21	4.91896e-21	4.91896e-21	4.91896e-21	4.91896e-21	4.91896e-21	4.91896e-21	4.91896e-21	4.91896e-21	4.91896e-21	4.91896e-21	4.91896e-21	4.91896e-21	4.91896e-21	4.91896e-21	4.91896e-21	4.91896e-21	4.91896e-21	4.91896e-21	4.91896e-21	4.91896e-21	4.91896e-21	4.91896e-21	4.91896e-21	4.91896e-21	4.91896e-21	4.91896e-21	4.91896e-21	4.91896e-21	4.91896e-21	4.91896e-21	4.91896e-21	4.91896e-21	4.91896e-21	4.91896e-21	4.91896e-21	4.91896e-21	4.91896e-21	4.91896e-21	4.91896e-21	4.91896e-21	4.91896e-21	4.91896e-21	4.91896e-21	4.91896e-21	4.91896e-21	4.91896e-21	4.91896e-21	4.91896e-21	4.91896e-21
20.77	1.03406e-27	9.64476e-27	2.27704e-26	4.27680e-26	7.32159e-26	1.19542e-25	1.89966e-25	2.96924e-25	4.59184e-25	7.05023e-25	1.07693e-24	1.63860e-24	2.48512e-24	3.75799e-24	5.66673e-24	8.51998e-24	1.27694e-23	1.90709e-23	2.83688e-23	4.20071e-23	6.18745e-23	9.05822e-23	1.31670e-22	1.89822e-22	2.71042e-22	3.82724e-22	5.33494e-22	7.32672e-22	9.89173e-22	1.30977e-21	1.69676e-21	2.14531e-21	2.64142e-21	3.16133e-21	3.67358e-21	4.14393e-21	4.54250e-21	4.85068e-21	5.06534e-21	5.19801e-21	5.26952e-21	5.30247e-21	5.31516e-21	5.31913e-21	5.32011e-21	5.32030e-21	5.32033e-21	5.32033e-21	5.32033e-21	5.32033e-21	5.32033e-21	5.32033e-21	5.32033e-21	5.32033e-21	5.32033e-21	5.32033e-21	5.32033e-21	5.32033e-21	5.32033e-21	5.32033e-21	5.32033e-21	5.32033e-21	5.32033e-21	5.32033e-21	5.32033e-21	5.32033e-21	5.32033e-21	5.32033e-21	5.32033e-21	5.32033e-21	5.32033e-21	5.32033e-21	5.32033e-21	5.32033e-21	5.32033e-21	5.32033e-21	5.32033e-21	5.32033e-21	5.32033e-21	5.32033e-21	5.32033e-21	5.32033e-21	5.32033e-21	5.32033e-21	5.32033e-21	5.32033e-21	5.32033e-21	5.32033e-21	5.32033e-21	5.32033e-21	5.32033e-21	5.32033e-21	5.32033e-21	5.32033e-21	5.32033e-21	5.32033e-21	5.32033e-21	5.32033e-21	5.32033e-21	5.32033e-21	5.32033e-21	5.32033e-21	5.32033e-21	5.32033e-21	5.32033e-21	5.32033e-21	5.32033e-21	5.32033e-21	5.32033e-21	5.32033e-21	5.32033e-21	5.32033e-21	5.32033e-21	5.32033e-21	5.32033e-21	5.32033e-21	5.32033e-21	5.32033e-21	5.32033e-21	5.32033e-21	5.32033e-21	5.32033e-21	5.32033e-21	5.32033e-21	5.32033e-21	5.32033e-21	5.32033e-21	5.32033e-21	5.32033e-21	5.32033e-21	5.32033e-21	5.32033e-21	5.32033e-21	5.32033e-21	5.32033e-21	5.32033e-21	5.32033e-21	5.32033e-21	5.32033e-21	5.32033e-21	5.32033e-21	5.32033e-21	5.32033e-21	5.32033e-21	5.32033e-21	5.32033e-21	5.32033e-21	5.32033e-21	5.32033e-21	5.32033e-21	5.32033e-21	5.32033e-21	5.32033e-21	5.32033e-21	5.32033e-21	5.32033e-21	5.32033e-21	5.32033e-21	5.32033e-21	5.32033e-21	5.32033e-21	5.32033e-21	5.32033e-21	5.32033e-21	5.32033e-21	5.32033e-21	5.32033e-21	5.32033e-21	5.32033e-21	5.32033e-21	5.32033e-21	5.32033e-21	5.32033e-21	5.32033e-21	5.32033e-21	5.32033e-21	5.32033e-21	5.32033e-21	5.32033e-21	5.32033e-21	5.32033e-21	5.32033e-21	5.32033e-21	5.32033e-21	5.32033e-21	5.32033e-21	5.32033e-21	5.32033e-21	5.32033e-21	5.32033e-21	5.32033e-21	5.32033e-21	5.32033e-21	5.32033e-21	5.32033e-21
20.80	8.85330e-28	8.25859e-27	1.95010e-26	3.66346e-26	6.27312e-26	1.02453e-25	1.62867e-25	2.54671e-25	3.94032e-25	6.05333e-25	9.25267e-25	1.40891e-24	2.13869e-24	3.23749e-24	4.88777e-24	7.35912e-24	1.10475e-23	1.65307e-23	2.46444e-23	3.65860e-23	5.40506e-23	7.94040e-23	1.15890e-22	1.67863e-22	2.41005e-22	3.42484e-22	4.80935e-22	6.66126e-22	9.08128e-22	1.21583e-21	1.59473e-21	2.04422e-21	2.55484e-21	3.10668e-21	3.66986e-21	4.20816e-21	4.68565e-21	5.07464e-21	5.36220e-21	5.55246e-21	5.66334e-21	5.71922e-21	5.74305e-21	5.75145e-21	5.75383e-21	5.75435e-21	5.75443e-21	5.75444e-21	5.75445e-21	5.75445e-21	5.75445e-21	5.75445e-21	5.75445e-21	5.75445e-21	5.75445e-21	5.75445e-21	5.75445e-21	5.75445e-21	5.75445e-21	5.75445e-21	5.75445e-21	5.75445e-21	5.75445e-21	5.75445e-21	5.75445e-21	5.75445e-21	5.75445e-21	5.75445e-21	5.75445e-21	5.75445e-21	5.75445e-21	5.75445e-21	5.75445e-21	5.75445e-21	5.75445e-21	5.75445e-21	5.75445e-21	5.75445e-21	5.75445e-21	5.75445e-21	5.75445e-21	5.75445e-21	5.75445e-21	5.75445e-21	5.75445e-21	5.75445e-21	5.75445e-21	5.75445e-21	5.75445e-21	5.75445e-21	5.75445e-21	5.75445e-21	5.75445e-21	5.75445e-21	5.75445e-21	5.75445e-21	5.75445e-21	5.75445e-21	5.75445e-21	5.75445e-21	5.75445e-21	5.75445e-21	5.75445e-21	5.75445e-21	5.75445e-21	5.75445e-21	5.75445e-21	5.75445e-21	5.75445e-21	5.75445e-21	5.75445e-21	5.75445e-21	5.75445e-21	5.75445e-21	5.75445e-21	5.75445e-21	5.75445e-21	5.75445e-21	5.75445e-21	5.75445e-21	5.75445e-21	5.75445e-21	5.75445e-21	5.75445e-21	5.75445e-21	5.75445e-21	5.75445e-21	5.75445e-21	5.75445e-21	5.75445e-21	5.75445e-21	5.75445e-21	5.75445e-21	5.75445e-21	5.75445e-21	5.75445e-21	5.75445e-21	5.75445e-21	5.75445e-21	5.75445e-21	5.75445e-21	5.75445e-21	5.75445e-21	5.75445e-21	5.75445e-21	5.75445e-21	5.75445e-21	5.75445e-21	5.75445e-21	5.75445e-21	5.75445e-21	5.75445e-21	5.75445e-21	5.75445e-21	5.75445e-21	5.75445e-21	5.75445e-21	5.75445e-21	5.75445e-21	5.75445e-21	5.75445e-21	5.75445e-21	5.75445e-21	5.75445e-21	5.75445e-21	5.75445e-21	5.75445e-21	5.75445e-21	5.75445e-21	5.75445e-21	5.75445e-21	5.75445e-21	5.75445e-21	5.75445e-21	5.75445e-21	5.75445e-21	5.75445e-21	5.75445e-21	5.75445e-21	5.75445e-21	5.75445e-21	5.75445e-21	5.75445e-21	5.75445e-21	5.75445e-21	5.75445e-21	5.75445e-21	5.75445e-21	5.75445e-21	5.75445e-21	5.75445e-21	5.75445e-21	5.75445e-21	5.75445e-21	5.75445e-21
20.83	7.57896e-28	7.07072e-27	1.66986e-26	3.13758e-26	5.37384e-26	8.77894e-26	1.39602e-25	2.18375e-25	3.38025e-25	5.19562e-25	7.94649e-25	1.21088e-24	1.83960e-24	2.78740e-24	4.21294e-24	6.35130e-24	9.54893e-24	1.43133e-23	2.13819e-23	3.18176e-23	4.71353e-23	6.94667e-23	1.01765e-22	1.48043e-22	2.13625e-22	3.05362e-22	4.31732e-22	6.02695e-22	8.29111e-22	1.12155e-21	1.48832e-21	1.93281e-21	2.45041e-21	3.02595e-21	3.63282e-21	4.23496e-21	4.79229e-21	5.26888e-21	5.64125e-21	5.90371e-21	6.06815e-21	6.15818e-21	6.20041e-21	6.21701e-21	6.22233e-21	6.22368e-21	6.22394e-21	6.22398e-21	6.22398e-21	6.22398e-21	6.22398e-21	6.22398e-21	6.22398e-21	6.22398e-21	6.22398e-21	6.22398e-21	6.22398e-21	6.22398e-21	6.22398e-21	6.22398e-21	6.22398e-21	6.22398e-21	6.22398e-21	6.22398e-21	6.22398e-21	6.22398e-21	6.22398e-21	6.22398e-21	6.22398e-21	6.22398e-21	6.22398e-21	6.22398e-21	6.22398e-21	6.22398e-21	6.22398e-21	6.22398e-21	6.22398e-21	6.22398e-21	6.22398e-21	6.22398e-21	6.22398e-21	6.22398e-21	6.22398e-21	6.22398e-21	6.22398e-21	6.22398e-21	6.22398e-21	6.22398e-21	6.22398e-21	6.22398e-21	6.22398e-21	6.22398e-21	6.22398e-21	6.22398e-21	6.22398e-21	6.22398e-21	6.22398e-21	6.22398e-21	6.22398e-21	6.22398e-21	6.22398e-21	6.22398e-21	6.22398e-21	6.22398e-21	6.22398e-21	6.22398e-21	6.22398e-21	6.22398e-21	6.22398e-21	6.22398e-21	6.22398e-21	6.22398e-21	6.22398e-21	6.22398e-21	6.22398e-21	6.22398e-21	6.22398e-21	6.22398e-21	6.22398e-21	6.22398e-21	6.22398e-21	6.22398e-21	6.22398e-21	6.22398e-21	6.22398e-21	6.22398e-21	6.22398e-21	6.22398e-21	6.22398e-21	6.22398e-21	6.22398e-21	6.22398e-21	6.22398e-21	6.22398e-21	6.22398e-21	6.22398e-21	6.22398e-21	6.22398e-21	6.22398e-21	6.22398e-21	6.22398e-21	6.22398e-21	6.22398e-21	6.22398e-21	6.22398e-21	6.22398e-21	6.22398e-21	6.22398e-21	6.22398e-21	6.22398e-21	6.22398e-21	6.22398e-21	6.22398e-21	6.22398e-21	6.22398e-21	6.22398e-21	6.22398e-21	6.22398e-21	6.22398e-21	6.22398e-21	6.22398e-21	6.22398e-21	6.22398e-21	6.22398e-21	6.22398e-21	6.22398e-21	6.22398e-21	6.22398e-21	6.22398e-21	6.22398e-21	6.22398e-21	6.22398e-21	6.22398e-21	6.22398e-21	6.22398e-21	6.22398e-21	6.22398e-21	6.22398e-21	6.22398e-21	6.22398e-21	6.22398e-21	6.22398e-21	6.22398e-21	6.22398e-21	6.22398e-21	6.22398e-21	6.22398e-21	6.22398e-21	6.22398e-21	6.22398e-21	6.22398e-21	6.22398e-21	6.22398e-21	6.22398e-21	6.22398e-21
20.87	6.48733e-28	6.05296e-27	1.42970e-26	2.68679e-26	4.60272e-26	7.52108e-26	1.19635e-25	1.87207e-25	2.89899e-25	4.45805e-25	6.82225e-25	1.04025e-24	1.58158e-24	2.39856e-24	3.62896e-24	5.47743e-24	8.24650e-24	1.23809e-23	1.85297e-23	2.76333e-23	4.10401e-23	6.06619e-23	8.91712e-23	1.30240e-22	1.88810e-22	2.71351e-22	3.86059e-22	5.42861e-22	7.53076e-22	1.02852e-21	1.37984e-21	1.81405e-21	2.33135e-21	2.92193e-21	3.56382e-21	4.22318e-21	4.85812e-21	5.42613e-21	5.89336e-21	6.24259e-21	6.47659e-21	6.61494e-21	6.68583e-21	6.71664e-21	6.72774e-21	6.73095e-21	6.73168e-21	6.73181e-21	6.73182e-21	6.73182e-21	6.73182e-21	6.73182e-21	6.73182e-21	6.73182e-21	6.73182e-21	6.73182e-21	6.73182e-21	6.73182e-21	6.73182e-21	6.73182e-21	6.73182e-21	6.73182e-21	6.73182e-21	6.73182e-21	6.73182e-21	6.73182e-21	6.73182e-21	6.73182e-21	6.73182e-21	6.73182e-21	6.73182e-21	6.73182e-21	6.73182e-21	6.73182e-21	6.73182e-21	6.73182e-21	6.73182e-21	6.73182e-21	6.73182e-21	6.73182e-21	6.73182e-21	6.73182e-21	6.73182e-21	6.73182e-21	6.73182e-21	6.73182e-21	6.73182e-21	6.73182e-21	6.73182e-21	6.73182e-21	6.73182e-21	6.73182e-21	6.73182e-21	6.73182e-21	6.73182e-21	6.73182e-21	6.73182e-21	6.73182e-21	6.73182e-21	6.73182e-21	6.73182e-21	6.73182e-21	6.73182e-21	6.73182e-21	6.73182e-21	6.73182e-21	6.73182e-21	6.73182e-21	6.73182e-21	6.73182e-21	6.73182e-21	6.73182e-21	6.73182e-21	6.73182e-21	6.73182e-21	6.73182e-21	6.73182e-21	6.73182e-21	6.73182e-21	6.73182e-21	6.73182e-21	6.73182e-21	6.73182e-21	6.73182e-21	6.73182e-21	6.73182e-21	6.73182e-21	6.73182e-21	6.73182e-21	6.73182e-21	6.73182e-21	6.73182e-21	6.73182e-21	6.73182e-21	6.73182e-21	6.73182e-21	6.73182e-21	6.73182e-21	6.73182e-21	6.73182e-21	6.73182e-21	6.73182e-21	6.73182e-21	6.73182e-21	6.73182e-21	6.73182e-21	6.73182e-21	6.73182e-21	6.73182e-21	6.73182e-21	6.73182e-21	6.73182e-21	6.73182e-21	6.73182e-21	6.73182e-21	6.73182e-21	6.73182e-21	6.73182e-21	6.73182e-21	6.73182e-21	6.73182e-21	6.73182e-21	6.73182e-21	6.73182e-21	6.73182e-21	6.73182e-21	6.73182e-21	6.73182e-21	6.73182e-21	6.73182e-21	6.73182e-21	6.73182e-21	6.73182e-21	6.73182e-21	6.73182e-21	6.73182e-21	6.73182e-21	6.73182e-21	6.73182e-21	6.73182e-21	6.73182e-21	6.73182e-21	6.73182e-21	6.73182e-21	6.73182e-21	6.73182e-21	6.73182e-21	6.73182e-21	6.73182e-21	6.73182e-21	6.73182e-21	6.73182e-21	6.73182e-21	6.73182e-21	6.73182e-21
20.90	5.55236e-28	5.18113e-27	1.22393e-26	2.30046e-26	3.94165e-26	6.44235e-26	1.02504e-25	1.60452e-25	2.48562e-25	3.82408e-25	5.85511e-25	8.93322e-25	1.35914e-24	2.06291e-24	3.12408e-24	4.72056e-24	7.11606e-24	1.06995e-23	1.60409e-23	2.39695e-23	3.56815e-23	5.28840e-23	7.79829e-23	1.14317e-22	1.66434e-22	2.40384e-22	3.43982e-22	4.86943e-22	6.80754e-22	9.38059e-22	1.27135e-21	1.69078e-21	2.20108e-21	2.79804e-21	3.46533e-21	4.17321e-21	4.88044e-21	5.54023e-21	6.10953e-21	6.55893e-21	6.87941e-21	7.08290e-21	7.19604e-21	7.25005e-21	7.27171e-21	7.27881e-21	7.28066e-21	7.28104e-21	7.28109e-21	7.28110e-21	7.28110e-21	7.28110e-21	7.28110e-21	7.28110e-21	7.28110e-21	7.28110e-21	7.28110e-21	7.28110e-21	7.28110e-21	7.28110e-21	7.28110e-21	7.28110e-21	7.28110e-21	7.28110e-21	7.28110e-21	7.28110e-21	7.28110e-21	7.28110e-21	7.28110e-21	7.28110e-21	7.28110e-21	7.28110e-21	7.28110e-21	7.28110e-21	7.28110e-21	7.28110e-21	7.28110e-21	7.28110e-21	7.28110e-21	7.28110e-21	7.28110e-21	7.28110e-21	7.28110e-21	7.28110e-21	7.28110e-21	7.28110e-21	7.28110e-21	7.28110e-21	7.28110e-21	7.28110e-21	7.28110e-21	7.28110e-21	7.28110e-21	7.28110e-21	7.28110e-21	7.28110e-21	7.28110e-21	7.28110e-21	7.28110e-21	7.28110e-21	7.28110e-21	7.28110e-21	7.28110e-21	7.28110e-21	7.28110e-21	7.28110e-21	7.28110e-21	7.28110e-21	7.28110e-21	7.28110e-21	7.28110e-21	7.28110e-21	7.28110e-21	7.28110e-21	7.28110e-21	7.28110e-21	7.28110e-21	7.28110e-21	7.28110e-21	7.28110e-21	7.28110e-21	7.28110e-21	7.28110e-21	7.28110e-21	7.28110e-21	7.28110e-21	7.28110e-21	7.28110e-21	7.28110e-21	7.28110e-21	7.28110e-21	7.28110e-21	7.28110e-21	7.28110e-21	7.28110e-21	7.28110e-21	7.28110e-21	7.28110e-21	7.28110e-21	7.28110e-21	7.28110e-21	7.28110e-21	7.28110e-21	7.28110e-21	7.28110e-21	7.28110e-21	7.28110e-21	7.28110e-21	7.28110e-21	7.28110e-21	7.28110e-21	7.28110e-21	7.28110e-21	7.28110e-21	7.28110e-21	7.28110e-21	7.28110e-21	7.28110e-21	7.28110e-21	7.28110e-21	7.28110e-21	7.28110e-21	7.28110e-21	7.28110e-21	7.28110e-21	7.28110e-21	7.28110e-21	7.28110e-21	7.28110e-21	7.28110e-21	7.28110e-21	7.28110e-21	7.28110e-21	7.28110e-21	7.28110e-21	7.28110e-21	7.28110e-21	7.28110e-21	7.28110e-21	7.28110e-21	7.28110e-21	7.28110e-21	7.28110e-21	7.28110e-21	7.28110e-21	7.28110e-21	7.28110e-21	7.28110e-21	7.28110e-21	7.28110e-21	7.28110e-21	7.28110e-21	7.28110e-21	7.28110e-21	7.28110e-21
20.94	4.75168e-28	4.43441e-27	1.04766e-26	1.96943e-26	3.37506e-26	5.51747e-26	8.78105e-26	1.37493e-25	2.13070e-25	3.27940e-25	5.02354e-25	7.66875e-25	1.16752e-24	1.77339e-24	2.68798e-24	4.06571e-24	6.13610e-24	9.23863e-24	1.38727e-23	2.07677e-23	3.09813e-23	4.60321e-23	6.80756e-23	1.00131e-22	1.46353e-22	2.12347e-22	3.05480e-22	4.35116e-22	6.12662e-22	8.51220e-22	1.16463e-21	1.56561e-21	2.06299e-21	2.65805e-21	3.34072e-21	4.08686e-21	4.85825e-21	5.60655e-21	6.28159e-21	6.84218e-21	7.26577e-21	7.55314e-21	7.72549e-21	7.81524e-21	7.85499e-21	7.86962e-21	7.87397e-21	7.87498e-21	7.87516e-21	7.87518e-21	7.87518e-21	7.87518e-21	7.87518e-21	7.87518e-21	7.87518e-21	7.87518e-21	7.87518e-21	7.87518e-21	7.87518e-21	7.87518e-21	7.87518e-21	7.87518e-21	7.87518e-21	7.87518e-21	7.87518e-21	7.87518e-21	7.87518e-21	7.87518e-21	7.87518e-21	7.87518e-21	7.87518e-21	7.87518e-21	7.87518e-21	7.87518e-21	7.87518e-21	7.87518e-21	7.87518e-21	7.87518e-21	7.87518e-21	7.87518e-21	7.87518e-21	7.87518e-21	7.87518e-21	7.87518e-21	7.87518e-21	7.87518e-21	7.87518e-21	7.87518e-21	7.87518e-21	7.87518e-21	7.87518e-21	7.87518e-21	7.87518e-21	7.87518e-21	7.87518e-21	7.87518e-21	7.87518e-21	7.87518e-21	7.87518e-21	7.87518e-21	7.87518e-21	7.87518e-21	7.87518e-21	7.87518e-21	7.87518e-21	7.87518e-21	7.87518e-21	7.87518e-21	7.87518e-21	7.87518e-21	7.87518e-21	7.87518e-21	7.87518e-21	7.87518e-21	7.87518e-21	7.87518e-21	7.87518e-21	7.87518e-21	7.87518e-21	7.87518e-21	7.87518e-21	7.87518e-21	7.87518e-21	7.87518e-21	7.87518e-21	7.87518e-21	7.87518e-21	7.87518e-21	7.87518e-21	7.87518e-21	7.87518e-21	7.87518e-21	7.87518e-21	7.87518e-21	7.87518e-21	7.87518e-21	7.87518e-21	7.87518e-21	7.87518e-21	7.87518e-21	7.87518e-21	7.87518e-21	7.87518e-21	7.87518e-21	7.87518e-21	7.87518e-21	7.87518e-21	7.87518e-21	7.87518e-21	7.87518e-21	7.87518e-21	7.87518e-21	7.87518e-21	7.87518e-21	7.87518e-21	7.87518e-21	7.87518e-21	7.87518e-21	7.87518e-21	7.87518e-21	7.87518e-21	7.87518e-21	7.87518e-21	7.87518e-21	7.87518e-21	7.87518e-21	7.87518e-21	7.87518e-21	7.87518e-21	7.87518e-21	7.87518e-21	7.87518e-21	7.87518e-21	7.87518e-21	7.87518e-21	7.87518e-21	7.87518e-21	7.87518e-21	7.87518e-21	7.87518e-21	7.87518e-21	7.87518e-21	7.87518e-21	7.87518e-21	7.87518e-21	7.87518e-21	7.87518e-21	7.87518e-21	7.87518e-21	7.87518e-21	7.87518e-21	7.87518e-21	7.87518e-21	7.87518e-21	7.87518e-21
20.97	4.06610e-28	3.79494e-27	8.96679e-27	1.68584e-26	2.88954e-26	4.72468e-26	7.52108e-26	1.17797e-25	1.82607e-25	2.81160e-25	4.30885e-25	6.58112e-25	1.00253e-24	1.52384e-24	2.31159e-24	3.49967e-24	5.28753e-24	7.97100e-24	1.19866e-23	1.79747e-23	2.68674e-23	4.00110e-23	5.93287e-23	8.75355e-23	1.28406e-22	1.87091e-22	2.70465e-22	3.87436e-22	5.49133e-22	7.68793e-22	1.06112e-21	1.44085e-21	1.92030e-21	2.50590e-21	3.19402e-21	3.96721e-21	4.79235e-21	5.62236e-21	6.40275e-21	7.08210e-21	7.62382e-21	8.01461e-21	8.26606e-21	8.40798e-21	8.47692e-21	8.50512e-21	8.51458e-21	8.51712e-21	8.51764e-21	8.51772e-21	8.51773e-21	8.51773e-21	8.51773e-21	8.51773e-21	8.51773e-21	8.51773e-21	8.51773e-21	8.51773e-21	8.51773e-21	8.51773e-21	8.51773e-21	8.51773e-21	8.51773e-21	8.51773e-21	8.51773e-21	8.51773e-21	8.51773e-21	8.51773e-21	8.51773e-21	8.51773e-21	8.51773e-21	8.51773e-21	8.51773e-21	8.51773e-21	8.51773e-21	8.51773e-21	8.51773e-21	8.51773e-21	8.51773e-21	8.51773e-21	8.51773e-21	8.51773e-21	8.51773e-21	8.51773e-21	8.51773e-21	8.51773e-21	8.51773e-21	8.51773e-21	8.51773e-21	8.51773e-21	8.51773e-21	8.51773e-21	8.51773e-21	8.51773e-21	8.51773e-21	8.51773e-21	8.51773e-21	8.51773e-21	8.51773e-21	8.51773e-21	8.51773e-21	8.51773e-21	8.51773e-21	8.51773e-21	8.51773e-21	8.51773e-21	8.51773e-21	8.51773e-21	8.51773e-21	8.51773e-21	8.51773e-21	8.51773e-21	8.51773e-21	8.51773e-21	8.51773e-21	8.51773e-21	8.51773e-21	8.51773e-21	8.51773e-21	8.51773e-21	8.51773e-21	8.51773e-21	8.51773e-21	8.51773e-21	8.51773e-21	8.51773e-21	8.51773e-21	8.51773e-21	8.51773e-21	8.51773e-21	8.51773e-21	8.51773e-21	8.51773e-21	8.51773e-21	8.51773e-21	8.51773e-21	8.51773e-21	8.51773e-21	8.51773e-21	8.51773e-21	8.51773e-21	8.51773e-21	8.51773e-21	8.51773e-21	8.51773e-21	8.51773e-21	8.51773e-21	8.51773e-21	8.51773e-21	8.51773e-21	8.51773e-21	8.51773e-21	8.51773e-21	8.51773e-21	8.51773e-21	8.51773e-21	8.51773e-21	8.51773e-21	8.51773e-21	8.51773e-21	8.51773e-21	8.51773e-21	8.51773e-21	8.51773e-21	8.51773e-21	8.51773e-21	8.51773e-21	8.51773e-21	8.51773e-21	8.51773e-21	8.51773e-21	8.51773e-21	8.51773e-21	8.51773e-21	8.51773e-21	8.51773e-21	8.51773e-21	8.51773e-21	8.51773e-21	8.51773e-21	8.51773e-21	8.51773e-21	8.51773e-21	8.51773e-21	8.51773e-21	8.51773e-21	8.51773e-21	8.51773e-21	8.51773e-21	8.51773e-21	8.51773e-21	8.51773e-21	8.51773e-21	8.51773e-21	8.51773e-21
21.00	3.47916e-28	3.24741e-27	7.67384e-27	1.44294e-26	2.47357e-26	4.04526e-26	6.44092e-26	1.00905e-25	1.56468e-25	2.40999e-25	3.69488e-25	5.64605e-25	8.60562e-25	1.30889e-24	1.98699e-24	3.01082e-24	4.55348e-24	6.87236e-24	1.03484e-23	1.55422e-23	2.32736e-23	3.47320e-23	5.16270e-23	7.63892e-23	1.12427e-22	1.64443e-22	2.38794e-22	3.43861e-22	4.90341e-22	6.91330e-22	9.61983e-22	1.31848e-21	1.77597e-21	2.34548e-21	3.02966e-21	3.81832e-21	4.68510e-21	5.58691e-21	6.46806e-21	7.26954e-21	7.94139e-21	8.45455e-21	8.80697e-21	9.02132e-21	9.13474e-21	9.18592e-21	9.20515e-21	9.21100e-21	9.21240e-21	9.21266e-21	9.21269e-21	9.21270e-21	9.21270e-21	9.21270e-21	9.21270e-21	9.21270e-21	9.21270e-21	9.21270e-21	9.21270e-21	9.21270e-21	9.21270e-21	9.21270e-21	9.21270e-21	9.21270e-21	9.21270e-21	9.21270e-21	9.21270e-21	9.21270e-21	9.21270e-21	9.21270e-21	9.21270e-21	9.21270e-21	9.21270e-21	9.21270e-21	9.21270e-21	9.21270e-21	9.21270e-21	9.21270e-21	9.21270e-21	9.21270e-21	9.21270e-21	9.21270e-21	9.21270e-21	9.21270e-21	9.21270e-21	9.21270e-21	9.21270e-21	9.21270e-21	9.21270e-21	9.21270e-21	9.21270e-21	9.21270e-21	9.21270e-21	9.21270e-21	9.21270e-21	9.21270e-21	9.21270e-21	9.21270e-21	9.21270e-21	9.21270e-21	9.21270e-21	9.21270e-21	9.21270e-21	9.21270e-21	9.21270e-21	9.21270e-21	9.21270e-21	9.21270e-21	9.21270e-21	9.21270e-21	9.21270e-21	9.21270e-21	9.21270e-21	9.21270e-21	9.21270e-21	9.21270e-21	9.21270e-21	9.21270e-21	9.21270e-21	9.21270e-21	9.21270e-21	9.21270e-21	9.21270e-21	9.21270e-21	9.21270e-21	9.21270e-21	9.21270e-21	9.21270e-21	9.21270e-21	9.21270e-21	9.21270e-21	9.21270e-21	9.21270e-21	9.21270e-21	9.21270e-21	9.21270e-21	9.21270e-21	9.21270e-21	9.21270e-21	9.21270e-21	9.21270e-21	9.21270e-21	9.21270e-21	9.21270e-21	9.21270e-21	9.21270e-21	9.21270e-21	9.21270e-21	9.21270e-21	9.21270e-21	9.21270e-21	9.21270e-21	9.21270e-21	9.21270e-21	9.21270e-21	9.21270e-21	9.21270e-21	9.21270e-21	9.21270e-21	9.21270e-21	9.21270e-21	9.21270e-21	9.21270e-21	9.21270e-21	9.21270e-21	9.21270e-21	9.21270e-21	9.21270e-21	9.21270e-21	9.21270e-21	9.21270e-21	9.21270e-21	9.21270e-21	9.21270e-21	9.21270e-21	9.21270e-21	9.21270e-21	9.21270e-21	9.21270e-21	9.21270e-21	9.21270e-21	9.21270e-21	9.21270e-21	9.21270e-21	9.21270e-21	9.21270e-21	9.21270e-21	9.21270e-21	9.21270e-21	9.21270e-21	9.21270e-21	9.21270e-21	9.21270e-21	9.21270e-21	9.21270e-21
21.04	2.97672e-28	2.77864e-27	6.56673e-27	1.23490e-26	2.11725e-26	3.46311e-26	5.51512e-26	8.64217e-26	1.34047e-25	2.06531e-25	3.16762e-25	4.84249e-25	7.38461e-25	1.12384e-24	1.70724e-24	2.58897e-24	3.91910e-24	5.92122e-24	8.92718e-24	1.34269e-23	2.01396e-23	3.01132e-23	4.48623e-23	6.65538e-23	9.82503e-23	1.44218e-22	2.10291e-22	3.04276e-22	4.36325e-22	6.19177e-22	8.68074e-22	1.20010e-21	1.63259e-21	2.18045e-21	2.85215e-21	3.64495e-21	4.54033e-21	5.50148e-21	6.47483e-21	7.39704e-21	8.20689e-21	8.85914e-21	9.33506e-21	9.64528e-21	9.82301e-21	9.91083e-21	9.94746e-21	9.96004e-21	9.96349e-21	9.96423e-21	9.96434e-21	9.96435e-21	9.96436e-21	9.96436e-21	9.96436e-21	9.96436e-21	9.96436e-21	9.96436e-21	9.96436e-21	9.96436e-21	9.96436e-21	9.96436e-21	9.96436e-21	9.96436e-21	9.96436e-21	9.96436e-21	9.96436e-21	9.96436e-21	9.96436e-21	9.96436e-21	9.96436e-21	9.96436e-21	9.96436e-21	9.96436e-21	9.96436e-21	9.96436e-21	9.96436e-21	9.96436e-21	9.96436e-21	9.96436e-21	9.96436e-21	9.96436e-21	9.96436e-21	9.96436e-21	9.96436e-21	9.96436e-21	9.96436e-21	9.96436e-21	9.96436e-21	9.96436e-21	9.96436e-21	9.96436e-21	9.96436e-21	9.96436e-21	9.96436e-21	9.96436e-21	9.96436e-21	9.96436e-21	9.96436e-21	9.96436e-21	9.96436e-21	9.96436e-21	9.96436e-21	9.96436e-21	9.96436e-21	9.96436e-21	9.96436e-21	9.96436e-21	9.96436e-21	9.96436e-21	9.96436e-21	9.96436e-21	9.96436e-21	9.96436e-21	9.96436e-21	9.96436e-21	9.96436e-21	9.96436e-21	9.96436e-21	9.96436e-21	9.96436e-21	9.96436e-21	9.96436e-21	9.96436e-21	9.96436e-21	9.96436e-21	9.96436e-21	9.96436e-21	9.96436e-21	9.96436e-21	9.96436e-21	9.96436e-21	9.96436e-21	9.96436e-21	9.96436e-21	9.96436e-21	9.96436e-21	9.96436e-21	9.96436e-21	9.96436e-21	9.96436e-21	9.96436e-21	9.96436e-21	9.96436e-21	9.96436e-21	9.96436e-21	9.96436e-21	9.96436e-21	9.96436e-21	9.96436e-21	9.96436e-21	9.96436e-21	9.96436e-21	9.96436e-21	9.96436e-21	9.96436e-21	9.96436e-21	9.96436e-21	9.96436e-21	9.96436e-21	9.96436e-21	9.96436e-21	9.96436e-21	9.96436e-21	9.96436e-21	9.96436e-21	9.96436e-21	9.96436e-21	9.96436e-21	9.96436e-21	9.96436e-21	9.96436e-21	9.96436e-21	9.96436e-21	9.96436e-21	9.96436e-21	9.96436e-21	9.96436e-21	9.96436e-21	9.96436e-21	9.96436e-21	9.96436e-21	9.96436e-21	9.96436e-21	9.96436e-21	9.96436e-21	9.96436e-21	9.96436e-21	9.96436e-21	9.96436e-21	9.96436e-21	9.96436e-21	9.96436e-21	9.96436e-21	9.96436e-21
21.07	2.54666e-28	2.37736e-27	5.61889e-27	1.05677e-26	1.81207e-26	2.96440e-26	4.72178e-26	7.40061e-26	1.14819e-25	1.76958e-25	2.71500e-25	4.15223e-25	6.33497e-25	9.64622e-25	1.46630e-24	2.22522e-24	3.37131e-24	5.09860e-24	7.69571e-24	1.15900e-23	1.74110e-23	2.60798e-23	3.89338e-23	5.78979e-23	8.57117e-23	1.26224e-22	1.84753e-22	2.68508e-22	3.87020e-22	5.52501e-22	7.79980e-22	1.08697e-21	1.49235e-21	2.01414e-21	2.66596e-21	3.45223e-21	4.36286e-21	5.36915e-21	6.42264e-21	7.45939e-21	8.41007e-21	9.21443e-21	9.83532e-21	1.02669e-20	1.05331e-20	1.06762e-20	1.07419e-20	1.07671e-20	1.07750e-20	1.07769e-20	1.07773e-20	1.07773e-20	1.07773e-20	1.07773e-20	1.07773e-20	1.07773e-20	1.07773e-20	1.07773e-20	1.07773e-20	1.07773e-20	1.07773e-20	1.07773e-20	1.07773e-20	1.07773e-20	1.07773e-20	1.07773e-20	1.07773e-20	1.07773e-20	1.07773e-20	1.07773e-20	1.07773e-20	1.07773e-20	1.07773e-20	1.07773e-20	1.07773e-20	1.07773e-20	1.07773e-20	1.07773e-20	1.07773e-20	1.07773e-20	1.07773e-20	1.07773e-20	1.07773e-20	1.07773e-20	1.07773e-20	1.07773e-20	1.07773e-20	1.07773e-20	1.07773e-20	1.07773e-20	1.07773e-20	1.07773e-20	1.07773e-20	1.07773e-20	1.07773e-20	1.07773e-20	1.07773e-20	1.07773e-20	1.07773e-20	1.07773e-20	1.07773e-20	1.07773e-20	1.07773e-20	1.07773e-20	1.07773e-20	1.07773e-20	1.07773e-20	1.07773e-20	1.07773e-20	1.07773e-20	1.07773e-20	1.07773e-20	1.07773e-20	1.07773e-20	1.07773e-20	1.07773e-20	1.07773e-20	1.07773e-20	1.07773e-20	1.07773e-20	1.07773e-20	1.07773e-20	1.07773e-20	1.07773e-20	1.07773e-20	1.07773e-20	1.07773e-20	1.07773e-20	1.07773e-20	1.07773e-20	1.07773e-20	1.07773e-20	1.07773e-20	1.07773e-20	1.07773e-20	1.07773e-20	1.07773e-20	1.07773e-20	1.07773e-20	1.07773e-20	1.07773e-20	1.07773e-20	1.07773e-20	1.07773e-20	1.07773e-20	1.07773e-20	1.07773e-20	1.07773e-20	1.07773e-20	1.07773e-20	1.07773e-20	1.07773e-20	1.07773e-20	1.07773e-20	1.07773e-20	1.07773e-20	1.07773e-20	1.07773e-20	1.07773e-20	1.07773e-20	1.07773e-20	1.07773e-20	1.07773e-20	1.07773e-20	1.07773e-20	1.07773e-20	1.07773e-20	1.07773e-20	1.07773e-20	1.07773e-20	1.07773e-20	1.07773e-20	1.07773e-20	1.07773e-20	1.07773e-20	1.07773e-20	1.07773e-20	1.07773e-20	1.07773e-20	1.07773e-20	1.07773e-20	1.07773e-20	1.07773e-20	1.07773e-20	1.07773e-20	1.07773e-20	1.07773e-20	1.07773e-20	1.07773e-20	1.07773e-20	1.07773e-20	1.07773e-20	1.07773e-20	1.07773e-20	1.07773e-20
21.11	2.17859e-28	2.03390e-27	4.80749e-27	9.04255e-27	1.55073e-26	2.53724e-26	4.04207e-26	6.33656e-26	9.83332e-26	1.51593e-25	2.32658e-25	3.55952e-25	5.43304e-25	8.27702e-25	1.25890e-24	1.91177e-24	2.89869e-24	4.38780e-24	6.62979e-24	9.99688e-24	1.50389e-23	2.25636e-23	3.37487e-23	5.02985e-23	7.46535e-23	1.10269e-22	1.61964e-22	2.36346e-22	3.42278e-22	4.91323e-22	6.98057e-22	9.80017e-22	1.35702e-21	1.84946e-21	2.47524e-21	3.24538e-21	4.15831e-21	5.19457e-21	6.31340e-21	7.45398e-21	8.54282e-21	9.50728e-21	1.02917e-20	1.08706e-20	1.12527e-20	1.14749e-20	1.15866e-20	1.16340e-20	1.16507e-20	1.16554e-20	1.16564e-20	1.16566e-20	1.16566e-20	1.16566e-20	1.16566e-20	1.16566e-20	1.16566e-20	1.16566e-20	1.16566e-20	1.16566e-20	1.16566e-20	1.16566e-20	1.16566e-20	1.16566e-20	1.16566e-20	1.16566e-20	1.16566e-20	1.16566e-20	1.16566e-20	1.16566e-20	1.16566e-20	1.16566e-20	1.16566e-20	1.16566e-20	1.16566e-20	1.16566e-20	1.16566e-20	1.16566e-20	1.16566e-20	1.16566e-20	1.16566e-20	1.16566e-20	1.16566e-20	1.16566e-20	1.16566e-20	1.16566e-20	1.16566e-20	1.16566e-20	1.16566e-20	1.16566e-20	1.16566e-20	1.16566e-20	1.16566e-20	1.16566e-20	1.16566e-20	1.16566e-20	1.16566e-20	1.16566e-20	1.16566e-20	1.16566e-20	1.16566e-20	1.16566e-20	1.16566e-20	1.16566e-20	1.16566e-20	1.16566e-20	1.16566e-20	1.16566e-20	1.16566e-20	1.16566e-20	1.16566e-20	1.16566e-20	1.16566e-20	1.16566e-20	1.16566e-20	1.16566e-20	1.16566e-20	1.16566e-20	1.16566e-20	1.16566e-20	1.16566e-20	1.16566e-20	1.16566e-20	1.16566e-20	1.16566e-20	1.16566e-20	1.16566e-20	1.16566e-20	1.16566e-20	1.16566e-20	1.16566e-20	1.16566e-20	1.16566e-20	1.16566e-20	1.16566e-20	1.16566e-20	1.16566e-20	1.16566e-20	1.16566e-20	1.16566e-20	1.16566e-20	1.16566e-20	1.16566e-20	1.16566e-20	1.16566e-20	1.16566e-20	1.16566e-20	1.16566e-20	1.16566e-20	1.16566e-20	1.16566e-20	1.16566e-20	1.16566e-20	1.16566e-20	1.16566e-20	1.16566e-20	1.16566e-20	1.16566e-20	1.16566e-20	1.16566e-20	1.16566e-20	1.16566e-20	1.16566e-20	1.16566e-20	1.16566e-20	1.16566e-20	1.16566e-20	1.16566e-20	1.16566e-20	1.16566e-20	1.16566e-20	1.16566e-20	1.16566e-20	1.16566e-20	1.16566e-20	1.16566e-20	1.16566e-20	1.16566e-20	1.16566e-20	1.16566e-20	1.16566e-20	1.16566e-20	1.16566e-20	1.16566e-20	1.16566e-20	1.16566e-20	1.16566e-20	1.16566e-20	1.16566e-20	1.16566e-20	1.16566e-20	1.16566e-20	1.16566e-20	1.16566e-20	1.16566e-20
21.14	1.86361e-28	1.73994e-27	4.11297e-27	7.73691e-27	1.32697e-26	2.17142e-26	3.45982e-26	5.42481e-26	8.42027e-26	1.29842e-25	1.99335e-25	3.05075e-25	4.65835e-25	7.10010e-25	1.08048e-24	1.64184e-24	2.49120e-24	3.77413e-24	5.70808e-24	8.61672e-24	1.29795e-23	1.95032e-23	2.92224e-23	4.36412e-23	6.49263e-23	9.61653e-23	1.41702e-22	2.07553e-22	3.01889e-22	4.35546e-22	6.22461e-22	8.79866e-22	1.22798e-21	1.68882e-21	2.28374e-21	3.02947e-21	3.93263e-21	4.98352e-21	6.15104e-21	7.38086e-21	8.59967e-21	9.72631e-21	1.06883e-20	1.14386e-20	1.19664e-20	1.22964e-20	1.24766e-20	1.25608e-20	1.25938e-20	1.26044e-20	1.26070e-20	1.26076e-20	1.26076e-20	1.26076e-20	1.26076e-20	1.26076e-20	1.26076e-20	1.26076e-20	1.26076e-20	1.26076e-20	1.26076e-20	1.26076e-20	1.26076e-20	1.26076e-20	1.26076e-20	1.26076e-20	1.26076e-20	1.26076e-20	1.26076e-20	1.26076e-20	1.26076e-20	1.26076e-20	1.26076e-20	1.26076e-20	1.26076e-20	1.26076e-20	1.26076e-20	1.26076e-20	1.26076e-20	1.26076e-20	1.26076e-20	1.26076e-20	1.26076e-20	1.26076e-20	1.26076e-20	1.26076e-20	1.26076e-20	1.26076e-20	1.26076e-20	1.26076e-20	1.26076e-20	1.26076e-20	1.26076e-20	1.26076e-20	1.26076e-20	1.26076e-20	1.26076e-20	1.26076e-20	1.26076e-20	1.26076e-20	1.26076e-20	1.26076e-20	1.26076e-20	1.26076e-20	1.26076e-20	1.26076e-20	1.26076e-20	1.26076e-20	1.26076e-20	1.26076e-20	1.26076e-20	1.26076e-20	1.26076e-20	1.26076e-20	1.26076e-20	1.26076e-20	1.26076e-20	1.26076e-20	1.26076e-20	1.26076e-20	1.26076e-20	1.26076e-20	1.26076e-20	1.26076e-20	1.26076e-20	1.26076e-20	1.26076e-20	1.26076e-20	1.26076e-20	1.26076e-20	1.26076e-20	1.26076e-20	1.26076e-20	1.26076e-20	1.26076e-20	1.26076e-20	1.26076e-20	1.26076e-20	1.26076e-20	1.26076e-20	1.26076e-20	1.26076e-20	1.26076e-20	1.26076e-20	1.26076e-20	1.26076e-20	1.26076e-20	1.26076e-20	1.26076e-20	1.26076e-20	1.26076e-20	1.26076e-20	1.26076e-20	1.26076e-20	1.26076e-20	1.26076e-20	1.26076e-20	1.26076e-20	1.26076e-20	1.26076e-20	1.26076e-20	1.26076e-20	1.26076e-20	1.26076e-20	1.26076e-20	1.26076e-20	1.26076e-20	1.26076e-20	1.26076e-20	1.26076e-20	1.26076e-20	1.26076e-20	1.26076e-20	1.26076e-20	1.26076e-20	1.26076e-20	1.26076e-20	1.26076e-20	1.26076e-20	1.26076e-20	1.26076e-20	1.26076e-20	1.26076e-20	1.26076e-20	1.26076e-20	1.26076e-20	1.26076e-20	1.26076e-20	1.26076e-20	1.26076e-20	1.26076e-20	1.26076e-20	1.26076e-20	1.26076e-20	1.26076e-20
21.17	1.59408e-28	1.48838e-27	3.51855e-27	6.61932e-27	1.13541e-26	1.85817e-26	2.96115e-26	4.64371e-26	7.20931e-26	1.11195e-25	1.70755e-25	2.61417e-25	3.99319e-25	6.08890e-25	9.27055e-25	1.40951e-24	2.14011e-24	3.24473e-24	4.91179e-24	7.42233e-24	1.11938e-23	1.68433e-23	2.52777e-23	3.78210e-23	5.63900e-23	8.37337e-23	1.23748e-22	1.81879e-22	2.65605e-22	3.84985e-22	5.53187e-22	7.86876e-22	1.10622e-21	1.53418e-21	2.09469e-21	2.80923e-21	3.69183e-21	4.74258e-21	5.94119e-21	7.24271e-21	8.57822e-21	9.86270e-21	1.10102e-20	1.19525e-20	1.26556e-20	1.31257e-20	1.34030e-20	1.35447e-20	1.36061e-20	1.36281e-20	1.36345e-20	1.36359e-20	1.36362e-20	1.36362e-20	1.36362e-20	1.36362e-20	1.36362e-20	1.36362e-20	1.36362e-20	1.36362e-20	1.36362e-20	1.36362e-20	1.36362e-20	1.36362e-20	1.36362e-20	1.36362e-20	1.36362e-20	1.36362e-20	1.36362e-20	1.36362e-20	1.36362e-20	1.36362e-20	1.36362e-20	1.36362e-20	1.36362e-20	1.36362e-20	1.36362e-20	1.36362e-20	1.36362e-20	1.36362e-20	1.36362e-20	1.36362e-20	1.36362e-20	1.36362e-20	1.36362e-20	1.36362e-20	1.36362e-20	1.36362e-20	1.36362e-20	1.36362e-20	1.36362e-20	1.36362e-20	1.36362e-20	1.36362e-20	1.36362e-20	1.36362e-20	1.36362e-20	1.36362e-20	1.36362e-20	1.36362e-20	1.36362e-20	1.36362e-20	1.36362e-20	1.36362e-20	1.36362e-20	1.36362e-20	1.36362e-20	1.36362e-20	1.36362e-20	1.36362e-20	1.36362e-20	1.36362e-20	1.36362e-20	1.36362e-20	1.36362e-20	1.36362e-20	1.36362e-20	1.36362e-20	1.36362e-20	1.36362e-20	1.36362e-20	1.36362e-20	1.36362e-20	1.36362e-20	1.36362e-20	1.36362e-20	1.36362e-20	1.36362e-20	1.36362e-20	1.36362e-20	1.36362e-20	1.36362e-20	1.36362e-20	1.36362e-20	1.36362e-20	1.36362e-20	1.36362e-20	1.36362e-20	1.36362e-20	1.36362e-20	1.36362e-20	1.36362e-20	1.36362e-20	1.36362e-20	1.36362e-20	1.36362e-20	1.36362e-20	1.36362e-20	1.36362e-20	1.36362e-20	1.36362e-20	1.36362e-20	1.36362e-20	1.36362e-20	1.36362e-20	1.36362e-20	1.36362e-20	1.36362e-20	1.36362e-20	1.36362e-20	1.36362e-20	1.36362e-20	1.36362e-20	1.36362e-20	1.36362e-20	1.36362e-20	1.36362e-20	1.36362e-20	1.36362e-20	1.36362e-20	1.36362e-20	1.36362e-20	1.36362e-20	1.36362e-20	1.36362e-20	1.36362e-20	1.36362e-20	1.36362e-20	1.36362e-20	1.36362e-20	1.36362e-20	1.36362e-20	1.36362e-20	1.36362e-20	1.36362e-20	1.36362e-20	1.36362e-20	1.36362e-20	1.36362e-20	1.36362e-20	1.36362e-20	1.36362e-20	1.36362e-20	1.36362e-20	1.36362e-20
21.21	1.36346e-28	1.27312e-27	3.00987e-27	5.66278e-27	9.71423e-27	1.58998e-26	2.53411e-26	3.97465e-26	6.17175e-26	9.52124e-26	1.46249e-25	2.23965e-25	3.42228e-25	5.22043e-25	7.95191e-25	1.20967e-24	1.83781e-24	2.78837e-24	4.22443e-24	6.38972e-24	9.64714e-24	1.45346e-23	2.18454e-23	3.27419e-23	4.89151e-23	7.28035e-23	1.07887e-22	1.59068e-22	2.33148e-22	3.39389e-22	4.90103e-22	7.01189e-22	9.92397e-22	1.38705e-21	1.91078e-21	2.58885e-21	3.44168e-21	4.47864e-21	5.69074e-21	7.04448e-21	8.47914e-21	9.91084e-21	1.12448e-20	1.23940e-20	1.32997e-20	1.39443e-20	1.43527e-20	1.45792e-20	1.46870e-20	1.47301e-20	1.47442e-20	1.47478e-20	1.47486e-20	1.47487e-20	1.47487e-20	1.47487e-20	1.47487e-20	1.47487e-20	1.47487e-20	1.47487e-20	1.47487e-20	1.47487e-20	1.47487e-20	1.47487e-20	1.47487e-20	1.47487e-20	1.47487e-20	1.47487e-20	1.47487e-20	1.47487e-20	1.47487e-20	1.47487e-20	1.47487e-20	1.47487e-20	1.47487e-20	1.47487e-20	1.47487e-20	1.47487e-20	1.47487e-20	1.47487e-20	1.47487e-20	1.47487e-20	1.47487e-20	1.47487e-20	1.47487e-20	1.47487e-20	1.47487e-20	1.47487e-20	1.47487e-20	1.47487e-20	1.47487e-20	1.47487e-20	1.47487e-20	1.47487e-20	1.47487e-20	1.47487e-20	1.47487e-20	1.47487e-20	1.47487e-20	1.47487e-20	1.47487e-20	1.47487e-20	1.47487e-20	1.47487e-20	1.47487e-20	1.47487e-20	1.47487e-20	1.47487e-20	1.47487e-20	1.47487e-20	1.47487e-20	1.47487e-20	1.47487e-20	1.47487e-20	1.47487e-20	1.47487e-20	1.47487e-20	1.47487e-20	1.47487e-20	1.47487e-20	1.47487e-20	1.47487e-20	1.47487e-20	1.47487e-20	1.47487e-20	1.47487e-20	1.47487e-20	1.47487e-20	1.47487e-20	1.47487e-20	1.47487e-20	1.47487e-20	1.47487e-20	1.47487e-20	1.47487e-20	1.47487e-20	1.47487e-20	1.47487e-20	1.47487e-20	1.47487e-20	1.47487e-20	1.47487e-20	1.47487e-20	1.47487e-20	1.47487e-20	1.47487e-20	1.47487e-20	1.47487e-20	1.47487e-20	1.47487e-20	1.47487e-20	1.47487e-20	1.47487e-20	1.47487e-20	1.47487e-20	1.47487e-20	1.47487e-20	1.47487e-20	1.47487e-20	1.47487e-20	1.47487e-20	1.47487e-20	1.47487e-20	1.47487e-20	1.47487e-20	1.47487e-20	1.47487e-20	1.47487e-20	1.47487e-20	1.47487e-20	1.47487e-20	1.47487e-20	1.47487e-20	1.47487e-20	1.47487e-20	1.47487e-20	1.47487e-20	1.47487e-20	1.47487e-20	1.47487e-20	1.47487e-20	1.47487e-20	1.47487e-20	1.47487e-20	1.47487e-20	1.47487e-20	1.47487e-20	1.47487e-20	1.47487e-20	1.47487e-20	1.47487e-20	1.47487e-20	1.47487e-20	1.47487e-20	1.47487e-20
21.24	1.16616e-28	1.08893e-27	2.57458e-27	4.84417e-27	8.31067e-27	1.36040e-26	2.16846e-26	3.40164e-26	5.28291e-26	8.15166e-26	1.25241e-25	1.91846e-25	2.93241e-25	4.47480e-25	6.81903e-25	1.03784e-24	1.57764e-24	2.39521e-24	3.63155e-24	5.49777e-24	8.30894e-24	1.25332e-23	1.88631e-23	2.83169e-23	4.23824e-23	6.32158e-23	9.39127e-23	1.38866e-22	2.04227e-22	2.98461e-22	4.32978e-22	6.22768e-22	8.86876e-22	1.24848e-21	1.73416e-21	2.37194e-21	3.18753e-21	4.19858e-21	5.40737e-21	6.79298e-21	8.30603e-21	9.86862e-21	1.13826e-20	1.27465e-20	1.38773e-20	1.47302e-20	1.53077e-20	1.56532e-20	1.58326e-20	1.59119e-20	1.59409e-20	1.59495e-20	1.59515e-20	1.59519e-20	1.59519e-20	1.59519e-20	1.59519e-20	1.59519e-20	1.59519e-20	1.59519e-20	1.59519e-20	1.59519e-20	1.59519e-20	1.59519e-20	1.59519e-20	1.59519e-20	1.59519e-20	1.59519e-20	1.59519e-20	1.59519e-20	1.59519e-20	1.59519e-20	1.59519e-20	1.59519e-20	1.59519e-20	1.59519e-20	1.59519e-20	1.59519e-20	1.59519e-20	1.59519e-20	1.59519e-20	1.59519e-20	1.59519e-20	1.59519e-20	1.59519e-20	1.59519e-20	1.59519e-20	1.59519e-20	1.59519e-20	1.59519e-20	1.59519e-20	1.59519e-20	1.59519e-20	1.59519e-20	1.59519e-20	1.59519e-20	1.59519e-20	1.59519e-20	1.59519e-20	1.59519e-20	1.59519e-20	1.59519e-20	1.59519e-20	1.59519e-20	1.59519e-20	1.59519e-20	1.59519e-20	1.59519e-20	1.59519e-20	1.59519e-20	1.59519e-20	1.59519e-20	1.59519e-20	1.59519e-20	1.59519e-20	1.59519e-20	1.59519e-20	1.59519e-20	1.59519e-20	1.59519e-20	1.59519e-20	1.59519e-20	1.59519e-20	1.59519e-20	1.59519e-20	1.59519e-20	1.59519e-20	1.59519e-20	1.59519e-20	1.59519e-20	1.59519e-20	1.59519e-20	1.59519e-20	1.59519e-20	1.59519e-20	1.59519e-20	1.59519e-20	1.59519e-20	1.59519e-20	1.59519e-20	1.59519e-20	1.59519e-20	1.59519e-20	1.59519e-20	1.59519e-20	1.59519e-20	1.59519e-20	1.59519e-20	1.59519e-20	1.59519e-20	1.59519e-20	1.59519e-20	1.59519e-20	1.59519e-20	1.59519e-20	1.59519e-20	1.59519e-20	1.59519e-20	1.59519e-20	1.59519e-20	1.59519e-20	1.59519e-20	1.59519e-20	1.59519e-20	1.59519e-20	1.59519e-20	1.59519e-20	1.59519e-20	1.59519e-20	1.59519e-20	1.59519e-20	1.59519e-20	1.59519e-20	1.59519e-20	1.59519e-20	1.59519e-20	1.59519e-20	1.59519e-20	1.59519e-20	1.59519e-20	1.59519e-20	1.59519e-20	1.59519e-20	1.59519e-20	1.59519e-20	1.59519e-20	1.59519e-20	1.59519e-20	1.59519e-20	1.59519e-20	1.59519e-20	1.59519e-20	1.59519e-20	1.59519e-20	1.59519e-20
21.28	9.97357e-29	9.31354e-28	2.20213e-27	4.14367e-27	7.10945e-27	1.16388e-26	1.85542e-26	2.91098e-26	4.52161e-26	6.97824e-26	1.07236e-25	1.64307e-25	2.51220e-25	3.83486e-25	5.84613e-25	8.90167e-25	1.35387e-24	2.05672e-24	3.12052e-24	4.72796e-24	7.15220e-24	1.08001e-23	1.62752e-23	2.44677e-23	3.66835e-23	5.48235e-23	8.16320e-23	1.21030e-22	1.78549e-22	2.61878e-22	3.81510e-22	5.51434e-22	7.89775e-22	1.11916e-21	1.56646e-21	2.16149e-21	2.93408e-21	3.90901e-21	5.09904e-21	6.49635e-21	8.06507e-21	9.73752e-21	1.14180e-20	1.29959e-20	1.43675e-20	1.54594e-20	1.62456e-20	1.67503e-20	1.70345e-20	1.71722e-20	1.72283e-20	1.72470e-20	1.72520e-20	1.72531e-20	1.72532e-20	1.72532e-20	1.72533e-20	1.72533e-20	1.72533e-20	1.72533e-20	1.72533e-20	1.72533e-20	1.72533e-20	1.72533e-20	1.72533e-20	1.72533e-20	1.72533e-20	1.72533e-20	1.72533e-20	1.72533e-20	1.72533e-20	1.72533e-20	1.72533e-20	1.72533e-20	1.72533e-20	1.72533e-20	1.72533e-20	1.72533e-20	1.72533e-20	1.72533e-20	1.72533e-20	1.72533e-20	1.72533e-20	1.72533e-20	1.72533e-20	1.72533e-20	1.72533e-20	1.72533e-20	1.72533e-20	1.72533e-20	1.72533e-20	1.72533e-20	1.72533e-20	1.72533e-20	1.72533e-20	1.72533e-20	1.72533e-20	1.72533e-20	1.72533e-20	1.72533e-20	1.72533e-20	1.72533e-20	1.72533e-20	1.72533e-20	1.72533e-20	1.72533e-20	1.72533e-20	1.72533e-20	1.72533e-20	1.72533e-20	1.72533e-20	1.72533e-20	1.72533e-20	1.72533e-20	1.72533e-20	1.72533e-20	1.72533e-20	1.72533e-20	1.72533e-20	1.72533e-20	1.72533e-20	1.72533e-20	1.72533e-20	1.72533e-20	1.72533e-20	1.72533e-20	1.72533e-20	1.72533e-20	1.72533e-20	1.72533e-20	1.72533e-20	1.72533e-20	1.72533e-20	1.72533e-20	1.72533e-20	1.72533e-20	1.72533e-20	1.72533e-20	1.72533e-20	1.72533e-20	1.72533e-20	1.72533e-20	1.72533e-20	1.72533e-20	1.72533e-20	1.72533e-20	1.72533e-20	1.72533e-20	1.72533e-20	1.72533e-20	1.72533e-20	1.72533e-20	1.72533e-20	1.72533e-20	1.72533e-20	1.72533e-20	1.72533e-20	1.72533e-20	1.72533e-20	1.72533e-20	1.72533e-20	1.72533e-20	1.72533e-20	1.72533e-20	1.72533e-20	1.72533e-20	1.72533e-20	1.72533e-20	1.72533e-20	1.72533e-20	1.72533e-20	1.72533e-20	1.72533e-20	1.72533e-20	1.72533e-20	1.72533e-20	1.72533e-20	1.72533e-20	1.72533e-20	1.72533e-20	1.72533e-20	1.72533e-20	1.72533e-20	1.72533e-20	1.72533e-20	1.72533e-20	1.72533e-20	1.72533e-20	1.72533e-20	1.72533e-20	1.72533e-20	1.72533e-20	1.72533e-20	1.72533e-20	1.72533e-20
21.31	8.52957e-29	7.96542e-28	1.88347e-27	3.54427e-27	6.08150e-27	9.95682e-27	1.58746e-26	2.49088e-26	3.86964e-26	5.97308e-26	9.18076e-26	1.40700e-25	2.15184e-25	3.28580e-25	5.01091e-25	7.63309e-25	1.16149e-24	1.76545e-24	2.68033e-24	4.06405e-24	6.15319e-24	9.30090e-24	1.40322e-23	2.11241e-23	3.17200e-23	4.74917e-23	7.08642e-23	1.05323e-22	1.55821e-22	2.29305e-22	3.35351e-22	4.86904e-22	7.01019e-22	9.99449e-22	1.40881e-21	1.95985e-21	2.68535e-21	3.61593e-21	4.77366e-21	6.16356e-21	7.76444e-21	9.52227e-21	1.13492e-20	1.31322e-20	1.47517e-20	1.61072e-20	1.71406e-20	1.78489e-20	1.82787e-20	1.85056e-20	1.86076e-20	1.86458e-20	1.86574e-20	1.86601e-20	1.86606e-20	1.86607e-20	1.86607e-20	1.86607e-20	1.86607e-20	1.86607e-20	1.86607e-20	1.86607e-20	1.86607e-20	1.86607e-20	1.86607e-20	1.86607e-20	1.86607e-20	1.86607e-20	1.86607e-20	1.86607e-20	1.86607e-20	1.86607e-20	1.86607e-20	1.86607e-20	1.86607e-20	1.86607e-20	1.86607e-20	1.86607e-20	1.86607e-20	1.86607e-20	1.86607e-20	1.86607e-20	1.86607e-20	1.86607e-20	1.86607e-20	1.86607e-20	1.86607e-20	1.86607e-20	1.86607e-20	1.86607e-20	1.86607e-20	1.86607e-20	1.86607e-20	1.86607e-20	1.86607e-20	1.86607e-20	1.86607e-20	1.86607e-20	1.86607e-20	1.86607e-20	1.86607e-20	1.86607e-20	1.86607e-20	1.86607e-20	1.86607e-20	1.86607e-20	1.86607e-20	1.86607e-20	1.86607e-20	1.86607e-20	1.86607e-20	1.86607e-20	1.86607e-20	1.86607e-20	1.86607e-20	1.86607e-20	1.86607e-20	1.86607e-20	1.86607e-20	1.86607e-20	1.86607e-20	1.86607e-20	1.86607e-20	1.86607e-20	1.86607e-20	1.86607e-20	1.86607e-20	1.86607e-20	1.86607e-20	1.86607e-20	1.86607e-20	1.86607e-20	1.86607e-20	1.86607e-20	1.86607e-20	1.86607e-20	1.86607e-20	1.86607e-20	1.86607e-20	1.86607e-20	1.86607e-20	1.86607e-20	1.86607e-20	1.86607e-20	1.86607e-20	1.86607e-20	1.86607e-20	1.86607e-20	1.86607e-20	1.86607e-20	1.86607e-20	1.86607e-20	1.86607e-20	1.86607e-20	1.86607e-20	1.86607e-20	1.86607e-20	1.86607e-20	1.86607e-20	1.86607e-20	1.86607e-20	1.86607e-20	1.86607e-20	1.86607e-20	1.86607e-20	1.86607e-20	1.86607e-20	1.86607e-20	1.86607e-20	1.86607e-20	1.86607e-20	1.86607e-20	1.86607e-20	1.86607e-20	1.86607e-20	1.86607e-20	1.86607e-20	1.86607e-20	1.86607e-20	1.86607e-20	1.86607e-20	1.86607e-20	1.86607e-20	1.86607e-20	1.86607e-20	1.86607e-20	1.86607e-20	1.86607e-20	1.86607e-20	1.86607e-20	1.86607e-20	1.86607e-20	1.86607e-20	1.86607e-20	1.86607e-20
21.34	7.29437e-29	6.81217e-28	1.61085e-27	3.03144e-27	5.20190e-27	8.51741e-27	1.35810e-26	2.13124e-26	3.31138e-26	5.11217e-26	7.85898e-26	1.20469e-25	1.84289e-25	2.81485e-25	4.29412e-25	6.54374e-25	9.96174e-25	1.51495e-24	2.30138e-24	3.49188e-24	5.29111e-24	8.00520e-24	1.20903e-23	1.82234e-23	2.74036e-23	4.10977e-23	6.14426e-23	9.15262e-23	1.35765e-22	2.00401e-22	2.94125e-22	4.28819e-22	6.20374e-22	8.89444e-22	1.26193e-21	1.76878e-21	2.44464e-21	3.32462e-21	4.43871e-21	5.80379e-21	7.41377e-21	9.23052e-21	1.11788e-20	1.31497e-20	1.50146e-20	1.66499e-20	1.79648e-20	1.89224e-20	1.95453e-20	1.99012e-20	2.00766e-20	2.01495e-20	2.01744e-20	2.01813e-20	2.01827e-20	2.01829e-20	2.01830e-20	2.01830e-20	2.01830e-20	2.01830e-20	2.01830e-20	2.01830e-20	2.01830e-20	2.01830e-20	2.01830e-20	2.01830e-20	2.01830e-20	2.01830e-20	2.01830e-20	2.01830e-20	2.01830e-20	2.01830e-20	2.01830e-20	2.01830e-20	2.01830e-20	2.01830e-20	2.01830e-20	2.01830e-20	2.01830e-20	2.01830e-20	2.01830e-20	2.01830e-20	2.01830e-20	2.01830e-20	2.01830e-20	2.01830e-20	2.01830e-20	2.01830e-20	2.01830e-20	2.01830e-20	2.01830e-20	2.01830e-20	2.01830e-20	2.01830e-20	2.01830e-20	2.01830e-20	2.01830e-20	2.01830e-20	2.01830e-20	2.01830e-20	2.01830e-20	2.01830e-20	2.01830e-20	2.01830e-20	2.01830e-20	2.01830e-20	2.01830e-20	2.01830e-20	2.01830e-20	2.01830e-20	2.01830e-20	2.01830e-20	2.01830e-20	2.01830e-20	2.01830e-20	2.01830e-20	2.01830e-20	2.01830e-20	2.01830e-20	2.01830e-20	2.01830e-20	2.01830e-20	2.01830e-20	2.01830e-20	2.01830e-20	2.01830e-20	2.01830e-20	2.01830e-20	2.01830e-20	2.01830e-20	2.01830e-20	2.01830e-20	2.01830e-20	2.01830e-20	2.01830e-20	2.01830e-20	2.01830e-20	2.01830e-20	2.01830e-20	2.01830e-20	2.01830e-20	2.01830e-20	2.01830e-20	2.01830e-20	2.01830e-20	2.01830e-20	2.01830e-20	2.01830e-20	2.01830e-20	2.01830e-20	2.01830e-20	2.01830e-20	2.01830e-20	2.01830e-20	2.01830e-20	2.01830e-20	2.01830e-20	2.01830e-20	2.01830e-20	2.01830e-20	2.01830e-20	2.01830e-20	2.01830e-20	2.01830e-20	2.01830e-20	2.01830e-20	2.01830e-20	2.01830e-20	2.01830e-20	2.01830e-20	2.01830e-20	2.01830e-20	2.01830e-20	2.01830e-20	2.01830e-20	2.01830e-20	2.01830e-20	2.01830e-20	2.01830e-20	2.01830e-20	2.01830e-20	2.01830e-20	2.01830e-20	2.01830e-20	2.01830e-20	2.01830e-20	2.01830e-20	2.01830e-20	2.01830e-20	2.01830e-20	2.01830e-20	2.01830e-20	2.01830e-20	2.01830e-20	2.01830e-20
21.38	6.23783e-29	5.82567e-28	1.37763e-27	2.59269e-27	4.44930e-27	7.28568e-27	1.16181e-26	1.82340e-26	2.83342e-26	4.37494e-26	6.72677e-26	1.03134e-25	1.57806e-25	2.41099e-25	3.67916e-25	5.60861e-25	8.54167e-25	1.29961e-24	1.97534e-24	2.99908e-24	4.54773e-24	6.88636e-24	1.04108e-23	1.57098e-23	2.36552e-23	3.55307e-23	5.32146e-23	7.94341e-23	1.18113e-22	1.74835e-22	2.57442e-22	3.76769e-22	5.47494e-22	7.89012e-22	1.12616e-21	1.58949e-21	2.21453e-21	3.03955e-21	4.10097e-21	5.42610e-21	7.02348e-21	8.87206e-21	1.09130e-20	1.30474e-20	1.51454e-20	1.70667e-20	1.86897e-20	1.99403e-20	2.08079e-20	2.13417e-20	2.16279e-20	2.17590e-20	2.18091e-20	2.18247e-20	2.18285e-20	2.18292e-20	2.18293e-20	2.18293e-20	2.18293e-20	2.18293e-20	2.18293e-20	2.18293e-20	2.18293e-20	2.18293e-20	2.18293e-20	2.18293e-20	2.18293e-20	2.18293e-20	2.18293e-20	2.18293e-20	2.18293e-20	2.18293e-20	2.18293e-20	2.18293e-20	2.18293e-20	2.18293e-20	2.18293e-20	2.18293e-20	2.18293e-20	2.18293e-20	2.18293e-20	2.18293e-20	2.18293e-20	2.18293e-20	2.18293e-20	2.18293e-20	2.18293e-20	2.18293e-20	2.18293e-20	2.18293e-20	2.18293e-20	2.18293e-20	2.18293e-20	2.18293e-20	2.18293e-20	2.18293e-20	2.18293e-20	2.18293e-20	2.18293e-20	2.18293e-20	2.18293e-20	2.18293e-20	2.18293e-20	2.18293e-20	2.18293e-20	2.18293e-20	2.18293e-20	2.18293e-20	2.18293e-20	2.18293e-20	2.18293e-20	2.18293e-20	2.18293e-20	2.18293e-20	2.18293e-20	2.18293e-20	2.18293e-20	2.18293e-20	2.18293e-20	2.18293e-20	2.18293e-20	2.18293e-20	2.18293e-20	2.18293e-20	2.18293e-20	2.18293e-20	2.18293e-20	2.18293e-20	2.18293e-20	2.18293e-20	2.18293e-20	2.18293e-20	2.18293e-20	2.18293e-20	2.18293e-20	2.18293e-20	2.18293e-20	2.18293e-20	2.18293e-20	2.18293e-20	2.18293e-20	2.18293e-20	2.18293e-20	2.18293e-20	2.18293e-20	2.18293e-20	2.18293e-20	2.18293e-20	2.18293e-20	2.18293e-20	2.18293e-20	2.18293e-20	2.18293e-20	2.18293e-20	2.18293e-20	2.18293e-20	2.18293e-20	2.18293e-20	2.18293e-20	2.18293e-20	2.18293e-20	2.18293e-20	2.18293e-20	2.18293e-20	2.18293e-20	2.18293e-20	2.18293e-20	2.18293e-20	2.18293e-20	2.18293e-20	2.18293e-20	2.18293e-20	2.18293e-20	2.18293e-20	2.18293e-20	2.18293e-20	2.18293e-20	2.18293e-20	2.18293e-20	2.18293e-20	2.18293e-20	2.18293e-20	2.18293e-20	2.18293e-20	2.18293e-20	2.18293e-20	2.18293e-20	2.18293e-20	2.18293e-20	2.18293e-20	2.18293e-20	2.18293e-20	2.18293e-20	2.18293e-20	2.18293e-20
21.41	5.33415e-29	4.98186e-28	1.17814e-27	2.21735e-27	3.80540e-27	6.23175e-27	9.93825e-27	1.55991e-26	2.42427e-26	3.74369e-26	5.75709e-26	8.82833e-26	1.35112e-25	2.06477e-25	3.15172e-25	4.80613e-25	7.32231e-25	1.11457e-24	1.69495e-24	2.57489e-24	3.90715e-24	5.92102e-24	8.95952e-24	1.35341e-23	2.04040e-23	3.06907e-23	4.60413e-23	6.88578e-23	1.02614e-22	1.52286e-22	2.24914e-22	3.30317e-22	4.81952e-22	6.97859e-22	1.00157e-21	1.42271e-21	1.99691e-21	2.76436e-21	3.76633e-21	5.03896e-21	6.60415e-21	8.45823e-21	1.05610e-20	1.28291e-20	1.51388e-20	1.73409e-20	1.92886e-20	2.08703e-20	2.20351e-20	2.28026e-20	2.32477e-20	2.34707e-20	2.35652e-20	2.35983e-20	2.36076e-20	2.36096e-20	2.36099e-20	2.36100e-20	2.36100e-20	2.36100e-20	2.36100e-20	2.36100e-20	2.36100e-20	2.36100e-20	2.36100e-20	2.36100e-20	2.36100e-20	2.36100e-20	2.36100e-20	2.36100e-20	2.36100e-20	2.36100e-20	2.36100e-20	2.36100e-20	2.36100e-20	2.36100e-20	2.36100e-20	2.36100e-20	2.36100e-20	2.36100e-20	2.36100e-20	2.36100e-20	2.36100e-20	2.36100e-20	2.36100e-20	2.36100e-20	2.36100e-20	2.36100e-20	2.36100e-20	2.36100e-20	2.36100e-20	2.36100e-20	2.36100e-20	2.36100e-20	2.36100e-20	2.36100e-20	2.36100e-20	2.36100e-20	2.36100e-20	2.36100e-20	2.36100e-20	2.36100e-20	2.36100e-20	2.36100e-20	2.36100e-20	2.36100e-20	2.36100e-20	2.36100e-20	2.36100e-20	2.36100e-20	2.36100e-20	2.36100e-20	2.36100e-20	2.36100e-20	2.36100e-20	2.36100e-20	2.36100e-20	2.36100e-20	2.36100e-20	2.36100e-20	2.36100e-20	2.36100e-20	2.36100e-20	2.36100e-20	2.36100e-20	2.36100e-20	2.36100e-20	2.36100e-20	2.36100e-20	2.36100e-20	2.36100e-20	2.36100e-20	2.36100e-20	2.36100e-20	2.36100e-20	2.36100e-20	2.36100e-20	2.36100e-20	2.36100e-20	2.36100e-20	2.36100e-20	2.36100e-20	2.36100e-20	2.36100e-20	2.36100e-20	2.36100e-20	2.36100e-20	2.36100e-20	2.36100e-20	2.36100e-20	2.36100e-20	2.36100e-20	2.36100e-20	2.36100e-20	2.36100e-20	2.36100e-20	2.36100e-20	2.36100e-20	2.36100e-20	2.36100e-20	2.36100e-20	2.36100e-20	2.36100e-20	2.36100e-20	2.36100e-20	2.36100e-20	2.36100e-20	2.36100e-20	2.36100e-20	2.36100e-20	2.36100e-20	2.36100e-20	2.36100e-20	2.36100e-20	2.36100e-20	2.36100e-20	2.36100e-20	2.36100e-20	2.36100e-20	2.36100e-20	2.36100e-20	2.36100e-20	2.36100e-20	2.36100e-20	2.36100e-20	2.36100e-20	2.36100e-20	2.36100e-20	2.36100e-20	2.36100e-20	2.36100e-20	2.36100e-20	2.36100e-20	2.36100e-20	2.36100e-20
21.45	4.56126e-29	4.26014e-28	1.00750e-27	1.89627e-27	3.25455e-27	5.33002e-27	8.50085e-27	1.33442e-26	2.07405e-26	3.20327e-26	4.92673e-26	7.55628e-26	1.15666e-25	1.76801e-25	2.69944e-25	4.11770e-25	6.27566e-25	9.55643e-25	1.45394e-24	2.20996e-24	3.35550e-24	5.08871e-24	7.70655e-24	1.16527e-23	1.75873e-23	2.64886e-23	3.97976e-23	5.96246e-23	8.90362e-23	1.32449e-22	1.96157e-22	2.89012e-22	4.23268e-22	6.15563e-22	8.87951e-22	1.26878e-21	1.79307e-21	2.50186e-21	3.43978e-21	4.65001e-21	6.16613e-21	8.00109e-21	1.01345e-20	1.25026e-20	1.49946e-20	1.74613e-20	1.97383e-20	2.16797e-20	2.31912e-20	2.42524e-20	2.49143e-20	2.52748e-20	2.54429e-20	2.55085e-20	2.55293e-20	2.55346e-20	2.55356e-20	2.55357e-20	2.55358e-20	2.55358e-20	2.55358e-20	2.55358e-20	2.55358e-20	2.55358e-20	2.55358e-20	2.55358e-20	2.55358e-20	2.55358e-20	2.55358e-20	2.55358e-20	2.55358e-20	2.55358e-20	2.55358e-20	2.55358e-20	2.55358e-20	2.55358e-20	2.55358e-20	2.55358e-20	2.55358e-20	2.55358e-20	2.55358e-20	2.55358e-20	2.55358e-20	2.55358e-20	2.55358e-20	2.55358e-20	2.55358e-20	2.55358e-20	2.55358e-20	2.55358e-20	2.55358e-20	2.55358e-20	2.55358e-20	2.55358e-20	2.55358e-20	2.55358e-20	2.55358e-20	2.55358e-20	2.55358e-20	2.55358e-20	2.55358e-20	2.55358e-20	2.55358e-20	2.55358e-20	2.55358e-20	2.55358e-20	2.55358e-20	2.55358e-20	2.55358e-20	2.55358e-20	2.55358e-20	2.55358e-20	2.55358e-20	2.55358e-20	2.55358e-20	2.55358e-20	2.55358e-20	2.55358e-20	2.55358e-20	2.55358e-20	2.55358e-20	2.55358e-20	2.55358e-20	2.55358e-20	2.55358e-20	2.55358e-20	2.55358e-20	2.55358e-20	2.55358e-20	2.55358e-20	2.55358e-20	2.55358e-20	2.55358e-20	2.55358e-20	2.55358e-20	2.55358e-20	2.55358e-20	2.55358e-20	2.55358e-20	2.55358e-20	2.55358e-20	2.55358e-20	2.55358e-20	2.55358e-20	2.55358e-20	2.55358e-20	2.55358e-20	2.55358e-20	2.55358e-20	2.55358e-20	2.55358e-20	2.55358e-20	2.55358e-20	2.55358e-20	2.55358e-20	2.55358e-20	2.55358e-20	2.55358e-20	2.55358e-20	2.55358e-20	2.55358e-20	2.55358e-20	2.55358e-20	2.55358e-20	2.55358e-20	2.55358e-20	2.55358e-20	2.55358e-20	2.55358e-20	2.55358e-20	2.55358e-20	2.55358e-20	2.55358e-20	2.55358e-20	2.55358e-20	2.55358e-20	2.55358e-20	2.55358e-20	2.55358e-20	2.55358e-20	2.55358e-20	2.55358e-20	2.55358e-20	2.55358e-20	2.55358e-20	2.55358e-20	2.55358e-20	2.55358e-20	2.55358e-20	2.55358e-20	2.55358e-20	2.55358e-20	2.55358e-20	2.55358e-20	2.55358e-20
21.48	3.90025e-29	3.64286e-28	8.61545e-28	1.62163e-27	2.78333e-27	4.55857e-27	7.27099e-27	1.14146e-26	1.77431e-26	2.74065e-26	4.21578e-26	6.46688e-26	9.90085e-26	1.51370e-25	2.31172e-25	3.52726e-25	5.37753e-25	8.19184e-25	1.24687e-24	1.89616e-24	2.88071e-24	4.37159e-24	6.62564e-24	1.00273e-23	1.51498e-23	2.28447e-23	3.43708e-23	5.15775e-23	7.71645e-23	1.15040e-22	1.70808e-22	2.52407e-22	3.70933e-22	5.41619e-22	7.84940e-22	1.12769e-21	1.60375e-21	2.25410e-21	3.12531e-21	4.26583e-21	5.71901e-21	7.51287e-21	9.64696e-21	1.20793e-20	1.47180e-20	1.74227e-20	2.00207e-20	2.23383e-20	2.42386e-20	2.56537e-20	2.65979e-20	2.71535e-20	2.74366e-20	2.75589e-20	2.76026e-20	2.76152e-20	2.76180e-20	2.76185e-20	2.76186e-20	2.76186e-20	2.76186e-20	2.76186e-20	2.76186e-20	2.76186e-20	2.76186e-20	2.76186e-20	2.76186e-20	2.76186e-20	2.76186e-20	2.76186e-20	2.76186e-20	2.76186e-20	2.76186e-20	2.76186e-20	2.76186e-20	2.76186e-20	2.76186e-20	2.76186e-20	2.76186e-20	2.76186e-20	2.76186e-20	2.76186e-20	2.76186e-20	2.76186e-20	2.76186e-20	2.76186e-20	2.76186e-20	2.76186e-20	2.76186e-20	2.76186e-20	2.76186e-20	2.76186e-20	2.76186e-20	2.76186e-20	2.76186e-20	2.76186e-20	2.76186e-20	2.76186e-20	2.76186e-20	2.76186e-20	2.76186e-20	2.76186e-20	2.76186e-20	2.76186e-20	2.76186e-20	2.76186e-20	2.76186e-20	2.76186e-20	2.76186e-20	2.76186e-20	2.76186e-20	2.76186e-20	2.76186e-20	2.76186e-20	2.76186e-20	2.76186e-20	2.76186e-20	2.76186e-20	2.76186e-20	2.76186e-20	2.76186e-20	2.76186e-20	2.76186e-20	2.76186e-20	2.76186e-20	2.76186e-20	2.76186e-20	2.76186e-20	2.76186e-20	2.76186e-20	2.76186e-20	2.76186e-20	2.76186e-20	2.76186e-20	2.76186e-20	2.76186e-20	2.76186e-20	2.76186e-20	2.76186e-20	2.76186e-20	2.76186e-20	2.76186e-20	2.76186e-20	2.76186e-20	2.76186e-20	2.76186e-20	2.76186e-20	2.76186e-20	2.76186e-20	2.76186e-20	2.76186e-20	2.76186e-20	2.76186e-20	2.76186e-20	2.76186e-20	2.76186e-20	2.76186e-20	2.76186e-20	2.76186e-20	2.76186e-20	2.76186e-20	2.76186e-20	2.76186e-20	2.76186e-20	2.76186e-20	2.76186e-20	2.76186e-20	2.76186e-20	2.76186e-20	2.76186e-20	2.76186e-20	2.76186e-20	2.76186e-20	2.76186e-20	2.76186e-20	2.76186e-20	2.76186e-20	2.76186e-20	2.76186e-20	2.76186e-20	2.76186e-20	2.76186e-20	2.76186e-20	2.76186e-20	2.76186e-20	2.76186e-20	2.76186e-20	2.76186e-20	2.76186e-20	2.76186e-20	2.76186e-20	2.76186e-20	2.76186e-20	2.76186e-20	2.76186e-20
21.52	3.33495e-29	3.11495e-28	7.36714e-28	1.38673e-27	2.38025e-27	3.89862e-27	6.21876e-27	9.76346e-27	1.51780e-26	2.34468e-26	3.60714e-26	5.53404e-26	8.47408e-26	1.29582e-25	1.97942e-25	3.02100e-25	4.60709e-25	7.02061e-25	1.06903e-24	1.62645e-24	2.47228e-24	3.75409e-24	5.69381e-24	8.62414e-24	1.30423e-23	1.96886e-23	2.96603e-23	4.45753e-23	6.68040e-23	9.97944e-23	1.48518e-22	2.20066e-22	3.24430e-22	4.75466e-22	6.92030e-22	9.99186e-22	1.42927e-21	2.02242e-21	2.82599e-21	3.89194e-21	5.27137e-21	7.00532e-21	9.11223e-21	1.15731e-20	1.43191e-20	1.72263e-20	2.01241e-20	2.28205e-20	2.51401e-20	2.69648e-20	2.82610e-20	2.90804e-20	2.95336e-20	2.97487e-20	2.98344e-20	2.98623e-20	2.98695e-20	2.98709e-20	2.98711e-20	2.98712e-20	2.98712e-20	2.98712e-20	2.98712e-20	2.98712e-20	2.98712e-20	2.98712e-20	2.98712e-20	2.98712e-20	2.98712e-20	2.98712e-20	2.98712e-20	2.98712e-20	2.98712e-20	2.98712e-20	2.98712e-20	2.98712e-20	2.98712e-20	2.98712e-20	2.98712e-20	2.98712e-20	2.98712e-20	2.98712e-20	2.98712e-20	2.98712e-20	2.98712e-20	2.98712e-20	2.98712e-20	2.98712e-20	2.98712e-20	2.98712e-20	2.98712e-20	2.98712e-20	2.98712e-20	2.98712e-20	2.98712e-20	2.98712e-20	2.98712e-20	2.98712e-20	2.98712e-20	2.98712e-20	2.98712e-20	2.98712e-20	2.98712e-20	2.98712e-20	2.98712e-20	2.98712e-20	2.98712e-20	2.98712e-20	2.98712e-20	2.98712e-20	2.98712e-20	2.98712e-20	2.98712e-20	2.98712e-20	2.98712e-20	2.98712e-20	2.98712e-20	2.98712e-20	2.98712e-20	2.98712e-20	2.98712e-20	2.98712e-20	2.98712e-20	2.98712e-20	2.98712e-20	2.98712e-20	2.98712e-20	2.98712e-20	2.98712e-20	2.98712e-20	2.98712e-20	2.98712e-20	2.98712e-20	2.98712e-20	2.98712e-20	2.98712e-20	2.98712e-20	2.98712e-20	2.98712e-20	2.98712e-20	2.98712e-20	2.98712e-20	2.98712e-20	2.98712e-20	2.98712e-20	2.98712e-20	2.98712e-20	2.98712e-20	2.98712e-20	2.98712e-20	2.98712e-20	2.98712e-20	2.98712e-20	2.98712e-20	2.98712e-20	2.98712e-20	2.98712e-20	2.98712e-20	2.98712e-20	2.98712e-20	2.98712e-20	2.98712e-20	2.98712e-20	2.98712e-20	2.98712e-20	2.98712e-20	2.98712e-20	2.98712e-20	2.98712e-20	2.98712e-20	2.98712e-20	2.98712e-20	2.98712e-20	2.98712e-20	2.98712e-20	2.98712e-20	2.98712e-20	2.98712e-20	2.98712e-20	2.98712e-20	2.98712e-20	2.98712e-20	2.98712e-20	2.98712e-20	2.98712e-20	2.98712e-20	2.98712e-20	2.98712e-20	2.98712e-20	2.98712e-20	2.98712e-20	2.98712e-20	2.98712e-20	2.98712e-20	2.98712e-20
21.55	2.85151e-29	2.66347e-28	6.29953e-28	1.18581e-27	2.03547e-27	3.33408e-27	5.31858e-27	8.35078e-27	1.29830e-26	2.00580e-26	3.08614e-26	4.73536e-26	7.25221e-26	1.10917e-25	1.69466e-25	2.58702e-25	3.94635e-25	6.01564e-25	9.16337e-25	1.39474e-24	2.12111e-24	3.22269e-24	4.89104e-24	7.41387e-24	1.12219e-23	1.69578e-23	2.55767e-23	3.84909e-23	5.77773e-23	8.64697e-23	1.28964e-22	1.91571e-22	2.83244e-22	4.16513e-22	6.08621e-22	8.82799e-22	1.26955e-21	1.80759e-21	2.54401e-21	3.53275e-21	4.83056e-21	6.48931e-21	8.54435e-21	1.09995e-20	1.38116e-20	1.68794e-20	2.00441e-20	2.31067e-20	2.58616e-20	2.81422e-20	2.98592e-20	3.10192e-20	3.17116e-20	3.20702e-20	3.22280e-20	3.22857e-20	3.23027e-20	3.23066e-20	3.23073e-20	3.23074e-20	3.23074e-20	3.23074e-20	3.23074e-20	3.23074e-20	3.23074e-20	3.23074e-20	3.23074e-20	3.23074e-20	3.23074e-20	3.23074e-20	3.23074e-20	3.23074e-20	3.23074e-20	3.23074e-20	3.23074e-20	3.23074e-20	3.23074e-20	3.23074e-20	3.23074e-20	3.23074e-20	3.23074e-20	3.23074e-20	3.23074e-20	3.23074e-20	3.23074e-20	3.23074e-20	3.23074e-20	3.23074e-20	3.23074e-20	3.23074e-20	3.23074e-20	3.23074e-20	3.23074e-20	3.23074e-20	3.23074e-20	3.23074e-20	3.23074e-20	3.23074e-20	3.23074e-20	3.23074e-20	3.23074e-20	3.23074e-20	3.23074e-20	3.23074e-20	3.23074e-20	3.23074e-20	3.23074e-20	3.23074e-20	3.23074e-20	3.23074e-20	3.23074e-20	3.23074e-20	3.23074e-20	3.23074e-20	3.23074e-20	3.23074e-20	3.23074e-20	3.23074e-20	3.23074e-20	3.23074e-20	3.23074e-20	3.23074e-20	3.23074e-20	3.23074e-20	3.23074e-20	3.23074e-20	3.23074e-20	3.23074e-20	3.23074e-20	3.23074e-20	3.23074e-20	3.23074e-20	3.23074e-20	3.23074e-20	3.23074e-20	3.23074e-20	3.23074e-20	3.23074e-20	3.23074e-20	3.23074e-20	3.23074e-20	3.23074e-20	3.23074e-20	3.23074e-20	3.23074e-20	3.23074e-20	3.23074e-20	3.23074e-20	3.23074e-20	3.23074e-20	3.23074e-20	3.23074e-20	3.23074e-20	3.23074e-20	3.23074e-20	3.23074e-20	3.23074e-20	3.23074e-20	3.23074e-20	3.23074e-20	3.23074e-20	3.23074e-20	3.23074e-20	3.23074e-20	3.23074e-20	3.23074e-20	3.23074e-20	3.23074e-20	3.23074e-20	3.23074e-20	3.23074e-20	3.23074e-20	3.23074e-20	3.23074e-20	3.23074e-20	3.23074e-20	3.23074e-20	3.23074e-20	3.23074e-20	3.23074e-20	3.23074e-20	3.23074e-20	3.23074e-20	3.23074e-20	3.23074e-20	3.23074e-20	3.23074e-20	3.23074e-20	3.23074e-20	3.23074e-20	3.23074e-20	3.23074e-20	3.23074e-20	3.23074e-20	3.23074e-20
21.58	2.43811e-29	2.27737e-28	5.38650e-28	1.01398e-27	1.74058e-27	2.85119e-27	4.54852e-27	7.14218e-27	1.11048e-26	1.71579e-26	2.64021e-26	4.05163e-26	6.20596e-26	9.49314e-26	1.45069e-25	2.21508e-25	3.37983e-25	5.15359e-25	7.85292e-25	1.19575e-24	1.81931e-24	2.76560e-24	4.19988e-24	6.37066e-24	9.65071e-24	1.45973e-23	2.20404e-23	3.32109e-23	4.99248e-23	7.48449e-23	1.11847e-22	1.66527e-22	2.46875e-22	3.64164e-22	5.34058e-22	7.77922e-22	1.12423e-21	1.60986e-21	2.28078e-21	3.19157e-21	4.40269e-21	5.97445e-21	7.95673e-21	1.03748e-20	1.32118e-20	1.63941e-20	1.97835e-20	2.31850e-20	2.63749e-20	2.91435e-20	3.13437e-20	3.29249e-20	3.39377e-20	3.45065e-20	3.47812e-20	3.48928e-20	3.49299e-20	3.49398e-20	3.49418e-20	3.49421e-20	3.49422e-20	3.49422e-20	3.49422e-20	3.49422e-20	3.49422e-20	3.49422e-20	3.49422e-20	3.49422e-20	3.49422e-20	3.49422e-20	3.49422e-20	3.49422e-20	3.49422e-20	3.49422e-20	3.49422e-20	3.49422e-20	3.49422e-20	3.49422e-20	3.49422e-20	3.49422e-20	3.49422e-20	3.49422e-20	3.49422e-20	3.49422e-20	3.49422e-20	3.49422e-20	3.49422e-20	3.49422e-20	3.49422e-20	3.49422e-20	3.49422e-20	3.49422e-20	3.49422e-20	3.49422e-20	3.49422e-20	3.49422e-20	3.49422e-20	3.49422e-20	3.49422e-20	3.49422e-20	3.49422e-20	3.49422e-20	3.49422e-20	3.49422e-20	3.49422e-20	3.49422e-20	3.49422e-20	3.49422e-20	3.49422e-20	3.49422e-20	3.49422e-20	3.49422e-20	3.49422e-20	3.49422e-20	3.49422e-20	3.49422e-20	3.49422e-20	3.49422e-20	3.49422e-20	3.49422e-20	3.49422e-20	3.49422e-20	3.49422e-20	3.49422e-20	3.49422e-20	3.49422e-20	3.49422e-20	3.49422e-20	3.49422e-20	3.49422e-20	3.49422e-20	3.49422e-20	3.49422e-20	3.49422e-20	3.49422e-20	3.49422e-20	3.49422e-20	3.49422e-20	3.49422e-20	3.49422e-20	3.49422e-20	3.49422e-20	3.49422e-20	3.49422e-20	3.49422e-20	3.49422e-20	3.49422e-20	3.49422e-20	3.49422e-20	3.49422e-20	3.49422e-20	3.49422e-20	3.49422e-20	3.49422e-20	3.49422e-20	3.49422e-20	3.49422e-20	3.49422e-20	3.49422e-20	3.49422e-20	3.49422e-20	3.49422e-20	3.49422e-20	3.49422e-20	3.49422e-20	3.49422e-20	3.49422e-20	3.49422e-20	3.49422e-20	3.49422e-20	3.49422e-20	3.49422e-20	3.49422e-20	3.49422e-20	3.49422e-20	3.49422e-20	3.49422e-20	3.49422e-20	3.49422e-20	3.49422e-20	3.49422e-20	3.49422e-20	3.49422e-20	3.49422e-20	3.49422e-20	3.49422e-20	3.49422e-20	3.49422e-20	3.49422e-20	3.49422e-20	3.49422e-20	3.49422e-20	3.49422e-20	3.49422e-20	3.49422e-20
21.62	2.08459e-29	1.94720e-28	4.60569e-28	8.67019e-28	1.48837e-27	2.43816e-27	3.88982e-27	6.10824e-27	9.49792e-27	1.46763e-26	2.25857e-26	3.46637e-26	5.31021e-26	8.12417e-26	1.24171e-25	1.89637e-25	2.89422e-25	4.41433e-25	6.72856e-25	1.02492e-24	1.56005e-24	2.37263e-24	3.60513e-24	5.47205e-24	8.29564e-24	1.25585e-23	1.89812e-23	2.86345e-23	4.31034e-23	6.47199e-23	9.68929e-23	1.44567e-22	2.14847e-22	3.17827e-22	4.67659e-22	6.83852e-22	9.92757e-22	1.42908e-21	2.03705e-21	2.87075e-21	3.99258e-21	5.46892e-21	7.36163e-21	9.71489e-21	1.25381e-20	1.57872e-20	1.93515e-20	2.30520e-20	2.66589e-20	2.99306e-20	3.26646e-20	3.47452e-20	3.61682e-20	3.70297e-20	3.74831e-20	3.76864e-20	3.77622e-20	3.77851e-20	3.77906e-20	3.77915e-20	3.77917e-20	3.77917e-20	3.77917e-20	3.77917e-20	3.77917e-20	3.77917e-20	3.77917e-20	3.77917e-20	3.77917e-20	3.77917e-20	3.77917e-20	3.77917e-20	3.77917e-20	3.77917e-20	3.77917e-20	3.77917e-20	3.77917e-20	3.77917e-20	3.77917e-20	3.77917e-20	3.77917e-20	3.77917e-20	3.77917e-20	3.77917e-20	3.77917e-20	3.77917e-20	3.77917e-20	3.77917e-20	3.77917e-20	3.77917e-20	3.77917e-20	3.77917e-20	3.77917e-20	3.77917e-20	3.77917e-20	3.77917e-20	3.77917e-20	3.77917e-20	3.77917e-20	3.77917e-20	3.77917e-20	3.77917e-20	3.77917e-20	3.77917e-20	3.77917e-20	3.77917e-20	3.77917e-20	3.77917e-20	3.77917e-20	3.77917e-20	3.77917e-20	3.77917e-20	3.77917e-20	3.77917e-20	3.77917e-20	3.77917e-20	3.77917e-20	3.77917e-20	3.77917e-20	3.77917e-20	3.77917e-20	3.77917e-20	3.77917e-20	3.77917e-20	3.77917e-20	3.77917e-20	3.77917e-20	3.77917e-20	3.77917e-20	3.77917e-20	3.77917e-20	3.77917e-20	3.77917e-20	3.77917e-20	3.77917e-20	3.77917e-20	3.77917e-20	3.77917e-20	3.77917e-20	3.77917e-20	3.77917e-20	3.77917e-20	3.77917e-20	3.77917e-20	3.77917e-20	3.77917e-20	3.77917e-20	3.77917e-20	3.77917e-20	3.77917e-20	3.77917e-20	3.77917e-20	3.77917e-20	3.77917e-20	3.77917e-20	3.77917e-20	3.77917e-20	3.77917e-20	3.77917e-20	3.77917e-20	3.77917e-20	3.77917e-20	3.77917e-20	3.77917e-20	3.77917e-20	3.77917e-20	3.77917e-20	3.77917e-20	3.77917e-20	3.77917e-20	3.77917e-20	3.77917e-20	3.77917e-20	3.77917e-20	3.77917e-20	3.77917e-20	3.77917e-20	3.77917e-20	3.77917e-20	3.77917e-20	3.77917e-20	3.77917e-20	3.77917e-20	3.77917e-20	3.77917e-20	3.77917e-20	3.77917e-20	3.77917e-20	3.77917e-20	3.77917e-20	3.77917e-20	3.77917e-20	3.77917e-20	3.77917e-20	3.77917e-20
21.65	1.78231e-29	1.66487e-28	3.93798e-28	7.41343e-28	1.27268e-27	2.08490e-27	3.32639e-27	5.22378e-27	8.12318e-27	1.25530e-26	1.93199e-26	2.96546e-26	4.54340e-26	6.95200e-26	1.06273e-25	1.62333e-25	2.47805e-25	3.78052e-25	5.76415e-25	8.78310e-25	1.33741e-24	2.03494e-24	3.09362e-24	4.69846e-24	7.12779e-24	1.07992e-23	1.63372e-23	2.46723e-23	3.71854e-23	5.59145e-23	8.38505e-23	1.25351e-22	1.86711e-22	2.76933e-22	4.08736e-22	5.99823e-22	8.74395e-22	1.26479e-21	1.81304e-21	2.57177e-21	3.60384e-21	4.97951e-21	6.76980e-21	9.03511e-21	1.18090e-20	1.50780e-20	1.87637e-20	2.27123e-20	2.67020e-20	3.04723e-20	3.37736e-20	3.64234e-20	3.83495e-20	3.95995e-20	4.03121e-20	4.06622e-20	4.08072e-20	4.08566e-20	4.08701e-20	4.08729e-20	4.08734e-20	4.08734e-20	4.08734e-20	4.08734e-20	4.08734e-20	4.08734e-20	4.08734e-20	4.08734e-20	4.08734e-20	4.08734e-20	4.08734e-20	4.08734e-20	4.08734e-20	4.08734e-20	4.08734e-20	4.08734e-20	4.08734e-20	4.08734e-20	4.08734e-20	4.08734e-20	4.08734e-20	4.08734e-20	4.08734e-20	4.08734e-20	4.08734e-20	4.08734e-20	4.08734e-20	4.08734e-20	4.08734e-20	4.08734e-20	4.08734e-20	4.08734e-20	4.08734e-20	4.08734e-20	4.08734e-20	4.08734e-20	4.08734e-20	4.08734e-20	4.08734e-20	4.08734e-20	4.08734e-20	4.08734e-20	4.08734e-20	4.08734e-20	4.08734e-20	4.08734e-20	4.08734e-20	4.08734e-20	4.08734e-20	4.08734e-20	4.08734e-20	4.08734e-20	4.08734e-20	4.08734e-20	4.08734e-20	4.08734e-20	4.08734e-20	4.08734e-20	4.08734e-20	4.08734e-20	4.08734e-20	4.08734e-20	4.08734e-20	4.08734e-20	4.08734e-20	4.08734e-20	4.08734e-20	4.08734e-20	4.08734e-20	4.08734e-20	4.08734e-20	4.08734e-20	4.08734e-20	4.08734e-20	4.08734e-20	4.08734e-20	4.08734e-20	4.08734e-20	4.08734e-20	4.08734e-20	4.08734e-20	4.08734e-20	4.08734e-20	4.08734e-20	4.08734e-20	4.08734e-20	4.08734e-20	4.08734e-20	4.08734e-20	4.08734e-20	4.08734e-20	4.08734e-20	4.08734e-20	4.08734e-20	4.08734e-20	4.08734e-20	4.08734e-20	4.08734e-20	4.08734e-20	4.08734e-20	4.08734e-20	4.08734e-20	4.08734e-20	4.08734e-20	4.08734e-20	4.08734e-20	4.08734e-20	4.08734e-20	4.08734e-20	4.08734e-20	4.08734e-20	4.08734e-20	4.08734e-20	4.08734e-20	4.08734e-20	4.08734e-20	4.08734e-20	4.08734e-20	4.08734e-20	4.08734e-20	4.08734e-20	4.08734e-20	4.08734e-20	4.08734e-20	4.08734e-20	4.08734e-20	4.08734e-20	4.08734e-20	4.08734e-20	4.08734e-20	4.08734e-20	4.08734e-20	4.08734e-20	4.08734e-20	4.08734e-20
21.69	1.52383e-29	1.42344e-28	3.36700e-28	6.33870e-28	1.08821e-27	1.78277e-27	2.84448e-27	4.46723e-27	6.94714e-27	1.07364e-26	1.65254e-26	2.53677e-26	3.88705e-26	5.94847e-26	9.09461e-26	1.38945e-25	2.12145e-25	3.23725e-25	4.93715e-25	7.52529e-25	1.14629e-24	1.74487e-24	2.65389e-24	4.03285e-24	6.12193e-24	9.28208e-24	1.40541e-23	2.12454e-23	3.20571e-23	4.82673e-23	7.24942e-23	1.08568e-22	1.62049e-22	2.40937e-22	3.56611e-22	5.25047e-22	7.68316e-22	1.11630e-21	1.60847e-21	2.29534e-21	3.23896e-21	4.51147e-21	6.19038e-21	8.34925e-21	1.10429e-20	1.42877e-20	1.80397e-20	2.21783e-20	2.65019e-20	3.07465e-20	3.46281e-20	3.79020e-20	4.04201e-20	4.21633e-20	4.32333e-20	4.38055e-20	4.40668e-20	4.41663e-20	4.41971e-20	4.42047e-20	4.42060e-20	4.42062e-20	4.42063e-20	4.42063e-20	4.42063e-20	4.42063e-20	4.42063e-20	4.42063e-20	4.42063e-20	4.42063e-20	4.42063e-20	4.42063e-20	4.42063e-20	4.42063e-20	4.42063e-20	4.42063e-20	4.42063e-20	4.42063e-20	4.42063e-20	4.42063e-20	4.42063e-20	4.42063e-20	4.42063e-20	4.42063e-20	4.42063e-20	4.42063e-20	4.42063e-20	4.42063e-20	4.42063e-20	4.42063e-20	4.42063e-20	4.42063e-20	4.42063e-20	4.42063e-20	4.42063e-20	4.42063e-20	4.42063e-20	4.42063e-20	4.42063e-20	4.42063e-20	4.42063e-20	4.42063e-20	4.42063e-20	4.42063e-20	4.42063e-20	4.42063e-20	4.42063e-20	4.42063e-20	4.42063e-20	4.42063e-20	4.42063e-20	4.42063e-20	4.42063e-20	4.42063e-20	4.42063e-20	4.42063e-20	4.42063e-20	4.42063e-20	4.42063e-20	4.42063e-20	4.42063e-20	4.42063e-20	4.42063e-20	4.42063e-20	4.42063e-20	4.42063e-20	4.42063e-20	4.42063e-20	4.42063e-20	4.42063e-20	4.42063e-20	4.42063e-20	4.42063e-20	4.42063e-20	4.42063e-20	4.42063e-20	4.42063e-20	4.42063e-20	4.42063e-20	4.42063e-20	4.42063e-20	4.42063e-20	4.42063e-20	4.42063e-20	4.42063e-20	4.42063e-20	4.42063e-20	4.42063e-20	4.42063e-20	4.42063e-20	4.42063e-20	4.42063e-20	4.42063e-20	4.42063e-20	4.42063e-20	4.42063e-20	4.42063e-20	4.42063e-20	4.42063e-20	4.42063e-20	4.42063e-20	4.42063e-20	4.42063e-20	4.42063e-20	4.42063e-20	4.42063e-20	4.42063e-20	4.42063e-20	4.42063e-20	4.42063e-20	4.42063e-20	4.42063e-20	4.42063e-20	4.42063e-20	4.42063e-20	4.42063e-20	4.42063e-20	4.42063e-20	4.42063e-20	4.42063e-20	4.42063e-20	4.42063e-20	4.42063e-20	4.42063e-20	4.42063e-20	4.42063e-20	4.42063e-20	4.42063e-20	4.42063e-20	4.42063e-20	4.42063e-20	4.42063e-20	4.42063e-20	4.42063e-20	4.42063e-20
21.72	1.30281e-29	1.21701e-28	2.87876e-28	5.41967e-28	9.30459e-28	1.52439e-27	2.43232e-27	3.82012e-27	5.94114e-27	9.18232e-27	1.41345e-26	2.16993e-26	3.32530e-26	5.08942e-26	7.78229e-26	1.18915e-25	1.81597e-25	2.77168e-25	4.22816e-25	6.44647e-25	9.82284e-25	1.49579e-24	2.27605e-24	3.46044e-24	5.25610e-24	7.97473e-24	1.20841e-23	1.82841e-23	2.76179e-23	4.16343e-23	6.26207e-23	9.39362e-23	1.40478e-22	2.09330e-22	3.10632e-22	4.58732e-22	6.73634e-22	9.82741e-22	1.42278e-21	2.04161e-21	2.89946e-21	4.06870e-21	5.63082e-21	7.66936e-21	1.02571e-20	1.34377e-20	1.72026e-20	2.14687e-20	2.60658e-20	3.07417e-20	3.51941e-20	3.91263e-20	4.23140e-20	4.46573e-20	4.61977e-20	4.70888e-20	4.75340e-20	4.77221e-20	4.77876e-20	4.78059e-20	4.78099e-20	4.78105e-20	4.78106e-20	4.78106e-20	4.78106e-20	4.78106e-20	4.78106e-20	4.78106e-20	4.78106e-20	4.78106e-20	4.78106e-20	4.78106e-20	4.78106e-20	4.78106e-20	4.78106e-20	4.78106e-20	4.78106e-20	4.78106e-20	4.78106e-20	4.78106e-20	4.78106e-20	4.78106e-20	4.78106e-20	4.78106e-20	4.78106e-20	4.78106e-20	4.78106e-20	4.78106e-20	4.78106e-20	4.78106e-20	4.78106e-20	4.78106e-20	4.78106e-20	4.78106e-20	4.78106e-20	4.78106e-20	4.78106e-20	4.78106e-20	4.78106e-20	4.78106e-20	4.78106e-20	4.78106e-20	4.78106e-20	4.78106e-20	4.78106e-20	4.78106e-20	4.78106e-20	4.78106e-20	4.78106e-20	4.78106e-20	4.78106e-20	4.78106e-20	4.78106e-20	4.78106e-20	4.78106e-20	4.78106e-20	4.78106e-20	4.78106e-20	4.78106e-20	4.78106e-20	4.78106e-20	4.78106e-20	4.78106e-20	4.78106e-20	4.78106e-20	4.78106e-20	4.78106e-20	4.78106e-20	4.78106e-20	4.78106e-20	4.78106e-20	4.78106e-20	4.78106e-20	4.78106e-20	4.78106e-20	4.78106e-20	4.78106e-20	4.78106e-20	4.78106e-20	4.78106e-20	4.78106e-20	4.78106e-20	4.78106e-20	4.78106e-20	4.78106e-20	4.78106e-20	4.78106e-20	4.78106e-20	4.78106e-20	4.78106e-20	4.78106e-20	4.78106e-20	4.78106e-20	4.78106e-20	4.78106e-20	4.78106e-20	4.78106e-20	4.78106e-20	4.78106e-20	4.78106e-20	4.78106e-20	4.78106e-20	4.78106e-20	4.78106e-20	4.78106e-20	4.78106e-20	4.78106e-20	4.78106e-20	4.78106e-20	4.78106e-20	4.78106e-20	4.78106e-20	4.78106e-20	4.78106e-20	4.78106e-20	4.78106e-20	4.78106e-20	4.78106e-20	4.78106e-20	4.78106e-20	4.78106e-20	4.78106e-20	4.78106e-20	4.78106e-20	4.78106e-20	4.78106e-20	4.78106e-20	4.78106e-20	4.78106e-20	4.78106e-20	4.78106e-20	4.78106e-20	4.78106e-20	4.78106e-20	4.78106e-20
21.75	1.11384e-29	1.04050e-28	2.46127e-28	4.63379e-28	7.95560e-28	1.30342e-27	2.07983e-27	3.26665e-27	5.08064e-27	7.85286e-27	1.20889e-26	1.85605e-26	2.84456e-26	4.35412e-26	6.65880e-26	1.01763e-25	1.55430e-25	2.37278e-25	3.62046e-25	5.52140e-25	8.41583e-25	1.28198e-24	1.95151e-24	2.96842e-24	4.51121e-24	6.84885e-24	1.03856e-23	1.57273e-23	2.37791e-23	3.58877e-23	5.40481e-23	8.11996e-23	1.21645e-22	1.81638e-22	2.70181e-22	4.00102e-22	5.89435e-22	8.63141e-22	1.25510e-21	1.81018e-21	2.58604e-21	3.65384e-21	5.09689e-21	7.00559e-21	9.46720e-21	1.25492e-20	1.62767e-20	2.06071e-20	2.54094e-20	3.04574e-20	3.54482e-20	4.00491e-20	4.39653e-20	4.70091e-20	4.91416e-20	5.04686e-20	5.11893e-20	5.15244e-20	5.16547e-20	5.16960e-20	5.17063e-20	5.17083e-20	5.17086e-20	5.17086e-20	5.17086e-20	5.17086e-20	5.17086e-20	5.17086e-20	5.17086e-20	5.17086e-20	5.17086e-20	5.17086e-20	5.17086e-20	5.17086e-20	5.17086e-20	5.17086e-20	5.17086e-20	5.17086e-20	5.17086e-20	5.17086e-20	5.17086e-20	5.17086e-20	5.17086e-20	5.17086e-20	5.17086e-20	5.17086e-20	5.17086e-20	5.17086e-20	5.17086e-20	5.17086e-20	5.17086e-20	5.17086e-20	5.17086e-20	5.17086e-20	5.17086e-20	5.17086e-20	5.17086e-20	5.17086e-20	5.17086e-20	5.17086e-20	5.17086e-20	5.17086e-20	5.17086e-20	5.17086e-20	5.17086e-20	5.17086e-20	5.17086e-20	5.17086e-20	5.17086e-20	5.17086e-20	5.17086e-20	5.17086e-20	5.17086e-20	5.17086e-20	5.17086e-20	5.17086e-20	5.17086e-20	5.17086e-20	5.17086e-20	5.17086e-20	5.17086e-20	5.17086e-20	5.17086e-20	5.17086e-20	5.17086e-20	5.17086e-20	5.17086e-20	5.17086e-20	5.17086e-20	5.17086e-20	5.17086e-20	5.17086e-20	5.17086e-20	5.17086e-20	5.17086e-20	5.17086e-20	5.17086e-20	5.17086e-20	5.17086e-20	5.17086e-20	5.17086e-20	5.17086e-20	5.17086e-20	5.17086e-20	5.17086e-20	5.17086e-20	5.17086e-20	5.17086e-20	5.17086e-20	5.17086e-20	5.17086e-20	5.17086e-20	5.17086e-20	5.17086e-20	5.17086e-20	5.17086e-20	5.17086e-20	5.17086e-20	5.17086e-20	5.17086e-20	5.17086e-20	5.17086e-20	5.17086e-20	5.17086e-20	5.17086e-20	5.17086e-20	5.17086e-20	5.17086e-20	5.17086e-20	5.17086e-20	5.17086e-20	5.17086e-20	5.17086e-20	5.17086e-20	5.17086e-20	5.17086e-20	5.17086e-20	5.17086e-20	5.17086e-20	5.17086e-20	5.17086e-20	5.17086e-20	5.17086e-20	5.17086e-20	5.17086e-20	5.17086e-20	5.17086e-20	5.17086e-20	5.17086e-20	5.17086e-20	5.17086e-20	5.17086e-20	5.17086e-20	5.17086e-20	5.17086e-20
21.79	9.52264e-30	8.89572e-29	2.10430e-28	3.96181e-28	6.80205e-28	1.11446e-27	1.77837e-27	2.79329e-27	4.34463e-27	6.71564e-27	1.03389e-26	1.58749e-26	2.43318e-26	3.72482e-26	5.69708e-26	8.70775e-26	1.33021e-25	2.03106e-25	3.09970e-25	4.72837e-25	7.20911e-25	1.09852e-24	1.67286e-24	2.54567e-24	3.87068e-24	5.87982e-24	8.92212e-24	1.35216e-23	2.04625e-23	3.09144e-23	4.66142e-23	7.01291e-23	1.05231e-22	1.57425e-22	2.34678e-22	3.48413e-22	5.14809e-22	7.56468e-22	1.10441e-21	1.60032e-21	2.29871e-21	3.26845e-21	4.59276e-21	6.36613e-21	8.68659e-21	1.16416e-20	1.52870e-20	1.96206e-20	2.45556e-20	2.99040e-20	3.53799e-20	4.06331e-20	4.53124e-20	4.91427e-20	5.19896e-20	5.38850e-20	5.49975e-20	5.55627e-20	5.58060e-20	5.58927e-20	5.59175e-20	5.59231e-20	5.59240e-20	5.59241e-20	5.59241e-20	5.59241e-20	5.59241e-20	5.59241e-20	5.59241e-20	5.59241e-20	5.59241e-20	5.59241e-20	5.59241e-20	5.59241e-20	5.59241e-20	5.59241e-20	5.59241e-20	5.59241e-20	5.59241e-20	5.59241e-20	5.59241e-20	5.59241e-20	5.59241e-20	5.59241e-20	5.59241e-20	5.59241e-20	5.59241e-20	5.59241e-20	5.59241e-20	5.59241e-20	5.59241e-20	5.59241e-20	5.59241e-20	5.59241e-20	5.59241e-20	5.59241e-20	5.59241e-20	5.59241e-20	5.59241e-20	5.59241e-20	5.59241e-20	5.59241e-20	5.59241e-20	5.59241e-20	5.59241e-20	5.59241e-20	5.59241e-20	5.59241e-20	5.59241e-20	5.59241e-20	5.59241e-20	5.59241e-20	5.59241e-20	5.59241e-20	5.59241e-20	5.59241e-20	5.59241e-20	5.59241e-20	5.59241e-20	5.59241e-20	5.59241e-20	5.59241e-20	5.59241e-20	5.59241e-20	5.59241e-20	5.59241e-20	5.59241e-20	5.59241e-20	5.59241e-20	5.59241e-20	5.59241e-20	5.59241e-20	5.59241e-20	5.59241e-20	5.59241e-20	5.59241e-20	5.59241e-20	5.59241e-20	5.59241e-20	5.59241e-20	5.59241e-20	5.59241e-20	5.59241e-20	5.59241e-20	5.59241e-20	5.59241e-20	5.59241e-20	5.59241e-20	5.59241e-20	5.59241e-20	5.59241e-20	5.59241e-20	5.59241e-20	5.59241e-20	5.59241e-20	5.59241e-20	5.59241e-20	5.59241e-20	5.59241e-20	5.59241e-20	5.59241e-20	5.59241e-20	5.59241e-20	5.59241e-20	5.59241e-20	5.59241e-20	5.59241e-20	5.59241e-20	5.59241e-20	5.59241e-20	5.59241e-20	5.59241e-20	5.59241e-20	5.59241e-20	5.59241e-20	5.59241e-20	5.59241e-20	5.59241e-20	5.59241e-20	5.59241e-20	5.59241e-20	5.59241e-20	5.59241e-20	5.59241e-20	5.59241e-20	5.59241e-20	5.59241e-20	5.59241e-20	5.59241e-20	5.59241e-20	5.59241e-20	5.59241e-20	5.59241e-20	5.59241e-20	5.59241e-20
21.82	8.14117e-30	7.60529e-29	1.79907e-28	3.38721e-28	5.81567e-28	9.52877e-28	1.52058e-27	2.38846e-27	3.71513e-27	5.74290e-27	8.84188e-27	1.35773e-26	2.08119e-26	3.18628e-26	4.87392e-26	7.45054e-26	1.13832e-25	1.73836e-25	2.65353e-25	4.04868e-25	6.17442e-25	9.41136e-25	1.43369e-24	2.18258e-24	3.32015e-24	5.04622e-24	7.66194e-24	1.16201e-23	1.75994e-23	2.66144e-23	4.01751e-23	6.05195e-23	9.09473e-23	1.36292e-22	2.03585e-22	3.02959e-22	4.48869e-22	6.61671e-22	9.69588e-22	1.41101e-21	2.03695e-21	2.91317e-21	4.12124e-21	5.75727e-21	7.92656e-21	1.07324e-20	1.42573e-20	1.85374e-20	2.35326e-20	2.91015e-20	3.49910e-20	4.08544e-20	4.63027e-20	5.09823e-20	5.46571e-20	5.72621e-20	5.89050e-20	5.98113e-20	6.02401e-20	6.04103e-20	6.04654e-20	6.04796e-20	6.04824e-20	6.04828e-20	6.04829e-20	6.04829e-20	6.04829e-20	6.04829e-20	6.04829e-20	6.04829e-20	6.04829e-20	6.04829e-20	6.04829e-20	6.04829e-20	6.04829e-20	6.04829e-20	6.04829e-20	6.04829e-20	6.04829e-20	6.04829e-20	6.04829e-20	6.04829e-20	6.04829e-20	6.04829e-20	6.04829e-20	6.04829e-20	6.04829e-20	6.04829e-20	6.04829e-20	6.04829e-20	6.04829e-20	6.04829e-20	6.04829e-20	6.04829e-20	6.04829e-20	6.04829e-20	6.04829e-20	6.04829e-20	6.04829e-20	6.04829e-20	6.04829e-20	6.04829e-20	6.04829e-20	6.04829e-20	6.04829e-20	6.04829e-20	6.04829e-20	6.04829e-20	6.04829e-20	6.04829e-20	6.04829e-20	6.04829e-20	6.04829e-20	6.04829e-20	6.04829e-20	6.04829e-20	6.04829e-20	6.04829e-20	6.04829e-20	6.04829e-20	6.04829e-20	6.04829e-20	6.04829e-20	6.04829e-20	6.04829e-20	6.04829e-20	6.04829e-20	6.04829e-20	6.04829e-20	6.04829e-20	6.04829e-20	6.04829e-20	6.04829e-20	6.04829e-20	6.04829e-20	6.04829e-20	6.04829e-20	6.04829e-20	6.04829e-20	6.04829e-20	6.04829e-20	6.04829e-20	6.04829e-20	6.04829e-20	6.04829e-20	6.04829e-20	6.04829e-20	6.04829e-20	6.04829e-20	6.04829e-20	6.04829e-20	6.04829e-20	6.04829e-20	6.04829e-20	6.04829e-20	6.04829e-20	6.04829e-20	6.04829e-20	6.04829e-20	6.04829e-20	6.04829e-20	6.04829e-20	6.04829e-20	6.04829e-20	6.04829e-20	6.04829e-20	6.04829e-20	6.04829e-20	6.04829e-20	6.04829e-20	6.04829e-20	6.04829e-20	6.04829e-20	6.04829e-20	6.04829e-20	6.04829e-20	6.04829e-20	6.04829e-20	6.04829e-20	6.04829e-20	6.04829e-20	6.04829e-20	6.04829e-20	6.04829e-20	6.04829e-20	6.04829e-20	6.04829e-20	6.04829e-20	6.04829e-20	6.04829e-20	6.04829e-20	6.04829e-20	6.04829e-20	6.04829e-20	6.04829e-20
21.86	6.96003e-30	6.50197e-29	1.53810e-28	2.89591e-28	4.97223e-28	8.14704e-28	1.30012e-27	2.04225e-27	3.17676e-27	4.91092e-27	7.56136e-27	1.16117e-26	1.78004e-26	2.72546e-26	4.16944e-26	6.37438e-26	9.74035e-26	1.48771e-25	2.27132e-25	3.46624e-25	5.28744e-25	8.06163e-25	1.22847e-24	1.87086e-24	2.84717e-24	4.32948e-24	6.57743e-24	9.98189e-24	1.51298e-23	2.29000e-23	3.46035e-23	5.21883e-23	7.85352e-23	1.17880e-22	1.76408e-22	2.63083e-22	3.90766e-22	5.77703e-22	8.49424e-22	1.24104e-21	1.79984e-21	2.58788e-21	3.68389e-21	5.18349e-21	7.19612e-21	9.83665e-21	1.32097e-20	1.73860e-20	2.23717e-20	2.80773e-20	3.42957e-20	4.07034e-20	4.68962e-20	5.24588e-20	5.70559e-20	6.05103e-20	6.28391e-20	6.42256e-20	6.49417e-20	6.52558e-20	6.53701e-20	6.54037e-20	6.54114e-20	6.54127e-20	6.54129e-20	6.54129e-20	6.54129e-20	6.54129e-20	6.54129e-20	6.54129e-20	6.54129e-20	6.54129e-20	6.54129e-20	6.54129e-20	6.54129e-20	6.54129e-20	6.54129e-20	6.54129e-20	6.54129e-20	6.54129e-20	6.54129e-20	6.54129e-20	6.54129e-20	6.54129e-20	6.54129e-20	6.54129e-20	6.54129e-20	6.54129e-20	6.54129e-20	6.54129e-20	6.54129e-20	6.54129e-20	6.54129e-20	6.54129e-20	6.54129e-20	6.54129e-20	6.54129e-20	6.54129e-20	6.54129e-20	6.54129e-20	6.54129e-20	6.54129e-20	6.54129e-20	6.54129e-20	6.54129e-20	6.54129e-20	6.54129e-20	6.54129e-20	6.54129e-20	6.54129e-20	6.54129e-20	6.54129e-20	6.54129e-20	6.54129e-20	6.54129e-20	6.54129e-20	6.54129e-20	6.54129e-20	6.54129e-20	6.54129e-20	6.54129e-20	6.54129e-20	6.54129e-20	6.54129e-20	6.54129e-20	6.54129e-20	6.54129e-20	6.54129e-20	6.54129e-20	6.54129e-20	6.54129e-20	6.54129e-20	6.54129e-20	6.54129e-20	6.54129e-20	6.54129e-20	6.54129e-20	6.54129e-20	6.54129e-20	6.54129e-20	6.54129e-20	6.54129e-20	6.54129e-20	6.54129e-20	6.54129e-20	6.54129e-20	6.54129e-20	6.54129e-20	6.54129e-20	6.54129e-20	6.54129e-20	6.54129e-20	6.54129e-20	6.54129e-20	6.54129e-20	6.54129e-20	6.54129e-20	6.54129e-20	6.54129e-20	6.54129e-20	6.54129e-20	6.54129e-20	6.54129e-20	6.54129e-20	6.54129e-20	6.54129e-20	6.54129e-20	6.54129e-20	6.54129e-20	6.54129e-20	6.54129e-20	6.54129e-20	6.54129e-20	6.54129e-20	6.54129e-20	6.54129e-20	6.54129e-20	6.54129e-20	6.54129e-20	6.54129e-20	6.54129e-20	6.54129e-20	6.54129e-20	6.54129e-20	6.54129e-20	6.54129e-20	6.54129e-20	6.54129e-20	6.54129e-20	6.54129e-20	6.54129e-20	6.54129e-20	6.54129e-20	6.54129e-20	6.54129e-20
21.89	5.95019e-30	5.55865e-29	1.31496e-28	2.47584e-28	4.25106e-28	6.96556e-28	1.11161e-27	1.74619e-27	2.71633e-27	4.19934e-27	6.46608e-27	9.93033e-27	1.52239e-26	2.33116e-26	3.56658e-26	5.45329e-26	8.33393e-26	1.27308e-25	1.94397e-25	2.96724e-25	4.52727e-25	6.90437e-25	1.05243e-24	1.60332e-24	2.44097e-24	3.71349e-24	5.64458e-24	8.57142e-24	1.30011e-23	1.96940e-23	2.97871e-23	4.49735e-23	6.77638e-23	1.01862e-22	1.52697e-22	2.28174e-22	3.39696e-22	5.03551e-22	7.42708e-22	1.08907e-21	1.58615e-21	2.29188e-21	3.28126e-21	4.64773e-21	6.50209e-21	8.96684e-21	1.21639e-20	1.61937e-20	2.11060e-20	2.68649e-20	3.33188e-20	4.01852e-20	4.70682e-20	5.35140e-20	5.90999e-20	6.35311e-20	6.67089e-20	6.87398e-20	6.98772e-20	7.04249e-20	7.06466e-20	7.07202e-20	7.07396e-20	7.07435e-20	7.07441e-20	7.07442e-20	7.07442e-20	7.07442e-20	7.07442e-20	7.07442e-20	7.07442e-20	7.07442e-20	7.07442e-20	7.07442e-20	7.07442e-20	7.07442e-20	7.07442e-20	7.07442e-20	7.07442e-20	7.07442e-20	7.07442e-20	7.07442e-20	7.07442e-20	7.07442e-20	7.07442e-20	7.07442e-20	7.07442e-20	7.07442e-20	7.07442e-20	7.07442e-20	7.07442e-20	7.07442e-20	7.07442e-20	7.07442e-20	7.07442e-20	7.07442e-20	7.07442e-20	7.07442e-20	7.07442e-20	7.07442e-20	7.07442e-20	7.07442e-20	7.07442e-20	7.07442e-20	7.07442e-20	7.07442e-20	7.07442e-20	7.07442e-20	7.07442e-20	7.07442e-20	7.07442e-20	7.07442e-20	7.07442e-20	7.07442e-20	7.07442e-20	7.07442e-20	7.07442e-20	7.07442e-20	7.07442e-20	7.07442e-20	7.07442e-20	7.07442e-20	7.07442e-20	7.07442e-20	7.07442e-20	7.07442e-20	7.07442e-20	7.07442e-20	7.07442e-20	7.07442e-20	7.07442e-20	7.07442e-20	7.07442e-20	7.07442e-20	7.07442e-20	7.07442e-20	7.07442e-20	7.07442e-20	7.07442e-20	7.07442e-20	7.07442e-20	7.07442e-20	7.07442e-20	7.07442e-20	7.07442e-20	7.07442e-20	7.07442e-20	7.07442e-20	7.07442e-20	7.07442e-20	7.07442e-20	7.07442e-20	7.07442e-20	7.07442e-20	7.07442e-20	7.07442e-20	7.07442e-20	7.07442e-20	7.07442e-20	7.07442e-20	7.07442e-20	7.07442e-20	7.07442e-20	7.07442e-20	7.07442e-20	7.07442e-20	7.07442e-20	7.07442e-20	7.07442e-20	7.07442e-20	7.07442e-20	7.07442e-20	7.07442e-20	7.07442e-20	7.07442e-20	7.07442e-20	7.07442e-20	7.07442e-20	7.07442e-20	7.07442e-20	7.07442e-20	7.07442e-20	7.07442e-20	7.07442e-20	7.07442e-20	7.07442e-20	7.07442e-20	7.07442e-20	7.07442e-20	7.07442e-20	7.07442e-20	7.07442e-20	7.07442e-20	7.07442e-20	7.07442e-20
21.92	5.08682e-30	4.75214e-29	1.12419e-28	2.11668e-28	3.63443e-28	5.95531e-28	9.50412e-28	1.49302e-27	2.32258e-27	3.59077e-27	5.52928e-27	8.49211e-27	1.30199e-26	1.99382e-26	3.05072e-26	4.66501e-26	7.13007e-26	1.08933e-25	1.66364e-25	2.53979e-25	3.87589e-25	5.91238e-25	9.01470e-25	1.37377e-24	2.09225e-24	3.18432e-24	4.84258e-24	7.35770e-24	1.11674e-23	1.69290e-23	2.56273e-23	3.87319e-23	5.84274e-23	8.79463e-23	1.32044e-22	1.97672e-22	2.94911e-22	4.38243e-22	6.48240e-22	9.53730e-22	1.39444e-21	2.02403e-21	2.91308e-21	4.15155e-21	5.84927e-21	8.13282e-21	1.11366e-20	1.49855e-20	1.97679e-20	2.55011e-20	3.20936e-20	3.93187e-20	4.68112e-20	5.41051e-20	6.07113e-20	6.62226e-20	7.04088e-20	7.32658e-20	7.49909e-20	7.58963e-20	7.63010e-20	7.64514e-20	7.64966e-20	7.65073e-20	7.65092e-20	7.65094e-20	7.65095e-20	7.65095e-20	7.65095e-20	7.65095e-20	7.65095e-20	7.65095e-20	7.65095e-20	7.65095e-20	7.65095e-20	7.65095e-20	7.65095e-20	7.65095e-20	7.65095e-20	7.65095e-20	7.65095e-20	7.65095e-20	7.65095e-20	7.65095e-20	7.65095e-20	7.65095e-20	7.65095e-20	7.65095e-20	7.65095e-20	7.65095e-20	7.65095e-20	7.65095e-20	7.65095e-20	7.65095e-20	7.65095e-20	7.65095e-20	7.65095e-20	7.65095e-20	7.65095e-20	7.65095e-20	7.65095e-20	7.65095e-20	7.65095e-20	7.65095e-20	7.65095e-20	7.65095e-20	7.65095e-20	7.65095e-20	7.65095e-20	7.65095e-20	7.65095e-20	7.65095e-20	7.65095e-20	7.65095e-20	7.65095e-20	7.65095e-20	7.65095e-20	7.65095e-20	7.65095e-20	7.65095e-20	7.65095e-20	7.65095e-20	7.65095e-20	7.65095e-20	7.65095e-20	7.65095e-20	7.65095e-20	7.65095e-20	7.65095e-20	7.65095e-20	7.65095e-20	7.65095e-20	7.65095e-20	7.65095e-20	7.65095e-20	7.65095e-20	7.65095e-20	7.65095e-20	7.65095e-20	7.65095e-20	7.65095e-20	7.65095e-20	7.65095e-20	7.65095e-20	7.65095e-20	7.65095e-20	7.65095e-20	7.65095e-20	7.65095e-20	7.65095e-20	7.65095e-20	7.65095e-20	7.65095e-20	7.65095e-20	7.65095e-20	7.65095e-20	7.65095e-20	7.65095e-20	7.65095e-20	7.65095e-20	7.65095e-20	7.65095e-20	7.65095e-20	7.65095e-20	7.65095e-20	7.65095e-20	7.65095e-20	7.65095e-20	7.65095e-20	7.65095e-20	7.65095e-20	7.65095e-20	7.65095e-20	7.65095e-20	7.65095e-20	7.65095e-20	7.65095e-20	7.65095e-20	7.65095e-20	7.65095e-20	7.65095e-20	7.65095e-20	7.65095e-20	7.65095e-20	7.65095e-20	7.65095e-20	7.65095e-20	7.65095e-20	7.65095e-20	7.65095e-20	7.65095e-20	7.65095e-20	7.65095e-20	7.65095e-20	7.65095e-20
21.96	4.34869e-30	4.06261e-29	9.61079e-29	1.80959e-28	3.10721e-28	5.09151e-28	8.12577e-28	1.27653e-27	1.98587e-27	3.07032e-27	4.72807e-27	7.26195e-27	1.11345e-26	1.70522e-26	2.60934e-26	3.99045e-26	6.09971e-26	9.32023e-26	1.42360e-25	2.17370e-25	3.31784e-25	5.06223e-25	7.72041e-25	1.17687e-24	1.79298e-24	2.72990e-24	4.15338e-24	6.31381e-24	9.58871e-24	1.45460e-23	2.20375e-23	3.33373e-23	5.03438e-23	7.58731e-23	1.14082e-22	1.71070e-22	2.55721e-22	3.80868e-22	5.64859e-22	8.33611e-22	1.22318e-21	1.78285e-21	2.57843e-21	3.69539e-21	5.24071e-21	7.34200e-21	1.01416e-20	1.37833e-20	1.83885e-20	2.40237e-20	3.06596e-20	3.81345e-20	4.61342e-20	5.42076e-20	6.18264e-20	6.84871e-20	7.38240e-20	7.76953e-20	8.02019e-20	8.16269e-20	8.23249e-20	8.26131e-20	8.27109e-20	8.27374e-20	8.27429e-20	8.27438e-20	8.27439e-20	8.27439e-20	8.27439e-20	8.27439e-20	8.27439e-20	8.27439e-20	8.27439e-20	8.27439e-20	8.27439e-20	8.27439e-20	8.27439e-20	8.27439e-20	8.27439e-20	8.27439e-20	8.27439e-20	8.27439e-20	8.27439e-20	8.27439e-20	8.27439e-20	8.27439e-20	8.27439e-20	8.27439e-20	8.27439e-20	8.27439e-20	8.27439e-20	8.27439e-20	8.27439e-20	8.27439e-20	8.27439e-20	8.27439e-20	8.27439e-20	8.27439e-20	8.27439e-20	8.27439e-20	8.27439e-20	8.27439e-20	8.27439e-20	8.27439e-20	8.27439e-20	8.27439e-20	8.27439e-20	8.27439e-20	8.27439e-20	8.27439e-20	8.27439e-20	8.27439e-20	8.27439e-20	8.27439e-20	8.27439e-20	8.27439e-20	8.27439e-20	8.27439e-20	8.27439e-20	8.27439e-20	8.27439e-20	8.27439e-20	8.27439e-20	8.27439e-20	8.27439e-20	8.27439e-20	8.27439e-20	8.27439e-20	8.27439e-20	8.27439e-20	8.27439e-20	8.27439e-20	8.27439e-20	8.27439e-20	8.27439e-20	8.27439e-20	8.27439e-20	8.27439e-20	8.27439e-20	8.27439e-20	8.27439e-20	8.27439e-20	8.27439e-20	8.27439e-20	8.27439e-20	8.27439e-20	8.27439e-20	8.27439e-20	8.27439e-20	8.27439e-20	8.27439e-20	8.27439e-20	8.27439e-20	8.27439e-20	8.27439e-20	8.27439e-20	8.27439e-20	8.27439e-20	8.27439e-20	8.27439e-20	8.27439e-20	8.27439e-20	8.27439e-20	8.27439e-20	8.27439e-20	8.27439e-20	8.27439e-20	8.27439e-20	8.27439e-20	8.27439e-20	8.27439e-20	8.27439e-20	8.27439e-20	8.27439e-20	8.27439e-20	8.27439e-20	8.27439e-20	8.27439e-20	8.27439e-20	8.27439e-20	8.27439e-20	8.27439e-20	8.27439e-20	8.27439e-20	8.27439e-20	8.27439e-20	8.27439e-20	8.27439e-20	8.27439e-20	8.27439e-20	8.27439e-20	8.27439e-20	8.27439e-20	8.27439e-20	8.27439e-20
21.99	3.71763e-30	3.47309e-29	8.21628e-29	1.54704e-28	2.65643e-28	4.35294e-28	6.94721e-28	1.09141e-27	1.69793e-27	2.62524e-27	4.04285e-27	6.20980e-27	9.52181e-27	1.45833e-26	2.23172e-26	3.41324e-26	5.21793e-26	7.97379e-26	1.21810e-25	1.86021e-25	2.83983e-25	4.33378e-25	6.61099e-25	1.00802e-24	1.53622e-24	2.33981e-24	3.56135e-24	5.41642e-24	8.23041e-24	1.24934e-23	1.89418e-23	2.86789e-23	4.33519e-23	6.54107e-23	9.84821e-23	1.47905e-22	2.21491e-22	3.30575e-22	4.91461e-22	7.27341e-22	1.07076e-21	1.56667e-21	2.27590e-21	3.27876e-21	4.67795e-21	6.59950e-21	9.18978e-21	1.26057e-20	1.69959e-20	2.24701e-20	2.90595e-20	3.66726e-20	4.50618e-20	5.38162e-20	6.23997e-20	7.02376e-20	7.68374e-20	8.19040e-20	8.54039e-20	8.75468e-20	8.86894e-20	8.92095e-20	8.94068e-20	8.94676e-20	8.94824e-20	8.94851e-20	8.94855e-20	8.94855e-20	8.94855e-20	8.94855e-20	8.94855e-20	8.94855e-20	8.94855e-20	8.94855e-20	8.94855e-20	8.94855e-20	8.94855e-20	8.94855e-20	8.94855e-20	8.94855e-20	8.94855e-20	8.94855e-20	8.94855e-20	8.94855e-20	8.94855e-20	8.94855e-20	8.94855e-20	8.94855e-20	8.94855e-20	8.94855e-20	8.94855e-20	8.94855e-20	8.94855e-20	8.94855e-20	8.94855e-20	8.94855e-20	8.94855e-20	8.94855e-20	8.94855e-20	8.94855e-20	8.94855e-20	8.94855e-20	8.94855e-20	8.94855e-20	8.94855e-20	8.94855e-20	8.94855e-20	8.94855e-20	8.94855e-20	8.94855e-20	8.94855e-20	8.94855e-20	8.94855e-20	8.94855e-20	8.94855e-20	8.94855e-20	8.94855e-20	8.94855e-20	8.94855e-20	8.94855e-20	8.94855e-20	8.94855e-20	8.94855e-20	8.94855e-20	8.94855e-20	8.94855e-20	8.94855e-20	8.94855e-20	8.94855e-20	8.94855e-20	8.94855e-20	8.94855e-20	8.94855e-20	8.94855e-20	8.94855e-20	8.94855e-20	8.94855e-20	8.94855e-20	8.94855e-20	8.94855e-20	8.94855e-20	8.94855e-20	8.94855e-20	8.94855e-20	8.94855e-20	8.94855e-20	8.94855e-20	8.94855e-20	8.94855e-20	8.94855e-20	8.94855e-20	8.94855e-20	8.94855e-20	8.94855e-20	8.94855e-20	8.94855e-20	8.94855e-20	8.94855e-20	8.94855e-20	8.94855e-20	8.94855e-20	8.94855e-20	8.94855e-20	8.94855e-20	8.94855e-20	8.94855e-20	8.94855e-20	8.94855e-20	8.94855e-20	8.94855e-20	8.94855e-20	8.94855e-20	8.94855e-20	8.94855e-20	8.94855e-20	8.94855e-20	8.94855e-20	8.94855e-20	8.94855e-20	8.94855e-20	8.94855e-20	8.94855e-20	8.94855e-20	8.94855e-20	8.94855e-20	8.94855e-20	8.94855e-20	8.94855e-20	8.94855e-20	8.94855e-20	8.94855e-20	8.94855e-20	8.94855e-20	8.94855e-20	8.94855e-20
22.03	3.17812e-30	2.96910e-29	7.02405e-29	1.32257e-28	2.27102e-28	3.72147e-28	5.93950e-28	9.33119e-28	1.45172e-27	2.24463e-27	3.45685e-27	5.30995e-27	8.14244e-27	1.24714e-26	1.90867e-26	2.91939e-26	4.46336e-26	6.82142e-26	1.04219e-25	1.59179e-25	2.43045e-25	3.70972e-25	5.66024e-25	8.63271e-25	1.31599e-24	2.00505e-24	3.05299e-24	4.64531e-24	7.06228e-24	1.07266e-23	1.62741e-23	2.46593e-23	3.73099e-23	5.63540e-23	8.49504e-23	1.27765e-22	1.91646e-22	2.86581e-22	4.27008e-22	6.33595e-22	9.35575e-22	1.37370e-21	2.00376e-21	2.90049e-21	4.16126e-21	5.90847e-21	8.28901e-21	1.14681e-20	1.56147e-20	2.08755e-20	2.73370e-20	3.49794e-20	4.36315e-20	5.29451e-20	6.24071e-20	7.14044e-20	7.93383e-20	8.57584e-20	9.04681e-20	9.35570e-20	9.53392e-20	9.62269e-20	9.66006e-20	9.67303e-20	9.67663e-20	9.67741e-20	9.67754e-20	9.67755e-20	9.67755e-20	9.67755e-20	9.67755e-20	9.67755e-20	9.67755e-20	9.67755e-20	9.67755e-20	9.67755e-20	9.67755e-20	9.67755e-20	9.67755e-20	9.67755e-20	9.67755e-20	9.67755e-20	9.67755e-20	9.67755e-20	9.67755e-20	9.67755e-20	9.67755e-20	9.67755e-20	9.67755e-20	9.67755e-20	9.67755e-20	9.67755e-20	9.67755e-20	9.67755e-20	9.67755e-20	9.67755e-20	9.67755e-20	9.67755e-20	9.67755e-20	9.67755e-20	9.67755e-20	9.67755e-20	9.67755e-20	9.67755e-20	9.67755e-20	9.67755e-20	9.67755e-20	9.67755e-20	9.67755e-20	9.67755e-20	9.67755e-20	9.67755e-20	9.67755e-20	9.67755e-20	9.67755e-20	9.67755e-20	9.67755e-20	9.67755e-20	9.67755e-20	9.67755e-20	9.67755e-20	9.67755e-20	9.67755e-20	9.67755e-20	9.67755e-20	9.67755e-20	9.67755e-20	9.67755e-20	9.67755e-20	9.67755e-20	9.67755e-20	9.67755e-20	9.67755e-20	9.67755e-20	9.67755e-20	9.67755e-20	9.67755e-20	9.67755e-20	9.67755e-20	9.67755e-20	9.67755e-20	9.67755e-20	9.67755e-20	9.67755e-20	9.67755e-20	9.67755e-20	9.67755e-20	9.67755e-20	9.67755e-20	9.67755e-20	9.67755e-20	9.67755e-20	9.67755e-20	9.67755e-20	9.67755e-20	9.67755e-20	9.67755e-20	9.67755e-20	9.67755e-20	9.67755e-20	9.67755e-20	9.67755e-20	9.67755e-20	9.67755e-20	9.67755e-20	9.67755e-20	9.67755e-20	9.67755e-20	9.67755e-20	9.67755e-20	9.67755e-20	9.67755e-20	9.67755e-20	9.67755e-20	9.67755e-20	9.67755e-20	9.67755e-20	9.67755e-20	9.67755e-20	9.67755e-20	9.67755e-20	9.67755e-20	9.67755e-20	9.67755e-20	9.67755e-20	9.67755e-20	9.67755e-20	9.67755e-20	9.67755e-20	9.67755e-20	9.67755e-20	9.67755e-20	9.67755e-20	9.67755e-20	9.67755e-20
22.06	2.71689e-30	2.53822e-29	6.00477e-29	1.13066e-28	1.94152e-28	3.18156e-28	5.07790e-28	7.97775e-28	1.24119e-27	1.91917e-27	2.95573e-27	4.54037e-27	6.96267e-27	1.06650e-26	1.63231e-26	2.49687e-26	3.81771e-26	5.83523e-26	8.91620e-26	1.36199e-25	2.07989e-25	3.17519e-25	4.84562e-25	7.39199e-25	1.12715e-24	1.71786e-24	2.61662e-24	3.98297e-24	6.05818e-24	9.20650e-24	1.39767e-23	2.11936e-23	3.20932e-23	4.85218e-23	7.32267e-23	1.10277e-22	1.65666e-22	2.48169e-22	3.70533e-22	5.51112e-22	8.16043e-22	1.20207e-21	1.76002e-21	2.55887e-21	3.68992e-21	5.27037e-21	7.44480e-21	1.03822e-20	1.42657e-20	1.92715e-20	2.55348e-20	3.31046e-20	4.18913e-20	5.16258e-20	6.18470e-20	7.19395e-20	8.12297e-20	8.91244e-20	9.52487e-20	9.95300e-20	1.02187e-19	1.03627e-19	1.04294e-19	1.04552e-19	1.04634e-19	1.04654e-19	1.04658e-19	1.04658e-19	1.04658e-19	1.04658e-19	1.04658e-19	1.04658e-19	1.04658e-19	1.04658e-19	1.04658e-19	1.04658e-19	1.04658e-19	1.04658e-19	1.04658e-19	1.04658e-19	1.04658e-19	1.04658e-19	1.04658e-19	1.04658e-19	1.04658e-19	1.04658e-19	1.04658e-19	1.04658e-19	1.04658e-19	1.04658e-19	1.04658e-19	1.04658e-19	1.04658e-19	1.04658e-19	1.04658e-19	1.04658e-19	1.04658e-19	1.04658e-19	1.04658e-19	1.04658e-19	1.04658e-19	1.04658e-19	1.04658e-19	1.04658e-19	1.04658e-19	1.04658e-19	1.04658e-19	1.04658e-19	1.04658e-19	1.04658e-19	1.04658e-19	1.04658e-19	1.04658e-19	1.04658e-19	1.04658e-19	1.04658e-19	1.04658e-19	1.04658e-19	1.04658e-19	1.04658e-19	1.04658e-19	1.04658e-19	1.04658e-19	1.04658e-19	1.04658e-19	1.04658e-19	1.04658e-19	1.04658e-19	1.04658e-19	1.04658e-19	1.04658e-19	1.04658e-19	1.04658e-19	1.04658e-19	1.04658e-19	1.04658e-19	1.04658e-19	1.04658e-19	1.04658e-19	1.04658e-19	1.04658e-19	1.04658e-19	1.04658e-19	1.04658e-19	1.04658e-19	1.04658e-19	1.04658e-19	1.04658e-19	1.04658e-19	1.04658e-19	1.04658e-19	1.04658e-19	1.04658e-19	1.04658e-19	1.04658e-19	1.04658e-19	1.04658e-19	1.04658e-19	1.04658e-19	1.04658e-19	1.04658e-19	1.04658e-19	1.04658e-19	1.04658e-19	1.04658e-19	1.04658e-19	1.04658e-19	1.04658e-19	1.04658e-19	1.04658e-19	1.04658e-19	1.04658e-19	1.04658e-19	1.04658e-19	1.04658e-19	1.04658e-19	1.04658e-19	1.04658e-19	1.04658e-19	1.04658e-19	1.04658e-19	1.04658e-19	1.04658e-19	1.04658e-19	1.04658e-19	1.04658e-19	1.04658e-19	1.04658e-19	1.04658e-19	1.04658e-19	1.04658e-19	1.04658e-19	1.04658e-19	1.04658e-19	1.04658e-19
22.09	2.32258e-30	2.16985e-29	5.13335e-29	9.66590e-29	1.65980e-28	2.71995e-28	4.34123e-28	6.82053e-28	1.06117e-27	1.64087e-27	2.52719e-27	3.88224e-27	5.95369e-27	9.11997e-27	1.39592e-26	2.13542e-26	3.26531e-26	4.99135e-26	7.62754e-26	1.16528e-25	1.77974e-25	2.71741e-25	4.14777e-25	6.32877e-25	9.65266e-25	1.47154e-24	2.24217e-24	3.41428e-24	5.19544e-24	7.89938e-24	1.19993e-23	1.82073e-23	2.75926e-23	4.17549e-23	6.30801e-23	9.51111e-23	1.43083e-22	2.14689e-22	3.21151e-22	4.78713e-22	7.10652e-22	1.04994e-21	1.54261e-21	2.25183e-21	3.26243e-21	4.68527e-21	6.66035e-21	9.35660e-21	1.29656e-20	1.76856e-20	2.36928e-20	3.10986e-20	3.98955e-20	4.99042e-20	6.07399e-20	7.18204e-20	8.24360e-20	9.18768e-20	9.95909e-20	1.05313e-19	1.09114e-19	1.11338e-19	1.12465e-19	1.12949e-19	1.13120e-19	1.13169e-19	1.13180e-19	1.13182e-19	1.13182e-19	1.13182e-19	1.13182e-19	1.13182e-19	1.13182e-19	1.13182e-19	1.13182e-19	1.13182e-19	1.13182e-19	1.13182e-19	1.13182e-19	1.13182e-19	1.13182e-19	1.13182e-19	1.13182e-19	1.13182e-19	1.13182e-19	1.13182e-19	1.13182e-19	1.13182e-19	1.13182e-19	1.13182e-19	1.13182e-19	1.13182e-19	1.13182e-19	1.13182e-19	1.13182e-19	1.13182e-19	1.13182e-19	1.13182e-19	1.13182e-19	1.13182e-19	1.13182e-19	1.13182e-19	1.13182e-19	1.13182e-19	1.13182e-19	1.13182e-19	1.13182e-19	1.13182e-19	1.13182e-19	1.13182e-19	1.13182e-19	1.13182e-19	1.13182e-19	1.13182e-19	1.13182e-19	1.13182e-19	1.13182e-19	1.13182e-19	1.13182e-19	1.13182e-19	1.13182e-19	1.13182e-19	1.13182e-19	1.13182e-19	1.13182e-19	1.13182e-19	1.13182e-19	1.13182e-19	1.13182e-19	1.13182e-19	1.13182e-19	1.13182e-19	1.13182e-19	1.13182e-19	1.13182e-19	1.13182e-19	1.13182e-19	1.13182e-19	1.13182e-19	1.13182e-19	1.13182e-19	1.13182e-19	1.13182e-19	1.13182e-19	1.13182e-19	1.13182e-19	1.13182e-19	1.13182e-19	1.13182e-19	1.13182e-19	1.13182e-19	1.13182e-19	1.13182e-19	1.13182e-19	1.13182e-19	1.13182e-19	1.13182e-19	1.13182e-19	1.13182e-19	1.13182e-19	1.13182e-19	1.13182e-19	1.13182e-19	1.13182e-19	1.13182e-19	1.13182e-19	1.13182e-19	1.13182e-19	1.13182e-19	1.13182e-19	1.13182e-19	1.13182e-19	1.13182e-19	1.13182e-19	1.13182e-19	1.13182e-19	1.13182e-19	1.13182e-19	1.13182e-19	1.13182e-19	1.13182e-19	1.13182e-19	1.13182e-19	1.13182e-19	1.13182e-19	1.13182e-19	1.13182e-19	1.13182e-19	1.13182e-19	1.13182e-19	1.13182e-19	1.13182e-19	1.13182e-19	1.13182e-19	1.13182e-19
22.13	1.98549e-30	1.85494e-29	4.38837e-29	8.26320e-29	1.41895e-28	2.32529e-28	3.71139e-28	5.83109e-28	9.07252e-28	1.40290e-27	2.16075e-27	3.31943e-27	5.09078e-27	7.79853e-27	1.19372e-26	1.82622e-26	2.79270e-26	4.26928e-26	6.52474e-26	9.96914e-26	1.52279e-25	2.32542e-25	3.55005e-25	5.41781e-25	8.26514e-25	1.26035e-24	1.92095e-24	2.92615e-24	4.45446e-24	6.77590e-24	1.02982e-23	1.56359e-23	2.37126e-23	3.59133e-23	5.43071e-23	8.19745e-23	1.23480e-22	1.85553e-22	2.78050e-22	4.15303e-22	6.17969e-22	9.15504e-22	1.34938e-21	1.97707e-21	2.87673e-21	4.15214e-21	5.93701e-21	8.39705e-21	1.17273e-20	1.61409e-20	2.18466e-20	2.90100e-20	3.77018e-20	4.78372e-20	5.91255e-20	7.10504e-20	8.29071e-20	9.39082e-20	1.03341e-19	1.10735e-19	1.15965e-19	1.19255e-19	1.21064e-19	1.21918e-19	1.22255e-19	1.22364e-19	1.22392e-19	1.22397e-19	1.22398e-19	1.22398e-19	1.22398e-19	1.22398e-19	1.22398e-19	1.22398e-19	1.22398e-19	1.22398e-19	1.22398e-19	1.22398e-19	1.22398e-19	1.22398e-19	1.22398e-19	1.22398e-19	1.22398e-19	1.22398e-19	1.22398e-19	1.22398e-19	1.22398e-19	1.22398e-19	1.22398e-19	1.22398e-19	1.22398e-19	1.22398e-19	1.22398e-19	1.22398e-19	1.22398e-19	1.22398e-19	1.22398e-19	1.22398e-19	1.22398e-19	1.22398e-19	1.22398e-19	1.22398e-19	1.22398e-19	1.22398e-19	1.22398e-19	1.22398e-19	1.22398e-19	1.22398e-19	1.22398e-19	1.22398e-19	1.22398e-19	1.22398e-19	1.22398e-19	1.22398e-19	1.22398e-19	1.22398e-19	1.22398e-19	1.22398e-19	1.22398e-19	1.22398e-19	1.22398e-19	1.22398e-19	1.22398e-19	1.22398e-19	1.22398e-19	1.22398e-19	1.22398e-19	1.22398e-19	1.22398e-19	1.22398e-19	1.22398e-19	1.22398e-19	1.22398e-19	1.22398e-19	1.22398e-19	1.22398e-19	1.22398e-19	1.22398e-19	1.22398e-19	1.22398e-19	1.22398e-19	1.22398e-19	1.22398e-19	1.22398e-19	1.22398e-19	1.22398e-19	1.22398e-19	1.22398e-19	1.22398e-19	1.22398e-19	1.22398e-19	1.22398e-19	1.22398e-19	1.22398e-19	1.22398e-19	1.22398e-19	1.22398e-19	1.22398e-19	1.22398e-19	1.22398e-19	1.22398e-19	1.22398e-19	1.22398e-19	1.22398e-19	1.22398e-19	1.22398e-19	1.22398e-19	1.22398e-19	1.22398e-19	1.22398e-19	1.22398e-19	1.22398e-19	1.22398e-19	1.22398e-19	1.22398e-19	1.22398e-19	1.22398e-19	1.22398e-19	1.22398e-19	1.22398e-19	1.22398e-19	1.22398e-19	1.22398e-19	1.22398e-19	1.22398e-19	1.22398e-19	1.22398e-19	1.22398e-19	1.22398e-19	1.22398e-19	1.22398e-19	1.22398e-19	1.22398e-19	1.22398e-19	1.22398e-19
22.16	1.69731e-30	1.58572e-29	3.75148e-29	7.06401e-29	1.21304e-28	1.98788e-28	3.17290e-28	4.98513e-28	7.75646e-28	1.19942e-27	1.84741e-27	2.83815e-27	4.35285e-27	6.66838e-27	1.02078e-26	1.56173e-26	2.38841e-26	3.65150e-26	5.58108e-26	8.52819e-26	1.30284e-25	1.98981e-25	3.03818e-25	4.63746e-25	7.07615e-25	1.07930e-24	1.64546e-24	2.50731e-24	3.81828e-24	5.81066e-24	8.83560e-24	1.34228e-23	2.03699e-23	3.08742e-23	4.67286e-23	7.06074e-23	1.06484e-22	1.60234e-22	2.40493e-22	3.59876e-22	5.36652e-22	7.97035e-22	1.17820e-21	1.73215e-21	2.53038e-21	3.66913e-21	5.27461e-21	7.50682e-21	1.05599e-20	1.46558e-20	2.00268e-20	2.68838e-20	3.53679e-20	4.54884e-20	5.70595e-20	6.96573e-20	8.26231e-20	9.51366e-20	1.06359e-19	1.15617e-19	1.22560e-19	1.27229e-19	1.30002e-19	1.31429e-19	1.32053e-19	1.32279e-19	1.32345e-19	1.32360e-19	1.32363e-19	1.32363e-19	1.32363e-19	1.32363e-19	1.32363e-19	1.32363e-19	1.32363e-19	1.32363e-19	1.32363e-19	1.32363e-19	1.32363e-19	1.32363e-19	1.32363e-19	1.32363e-19	1.32363e-19	1.32363e-19	1.32363e-19	1.32363e-19	1.32363e-19	1.32363e-19	1.32363e-19	1.32363e-19	1.32363e-19	1.32363e-19	1.32363e-19	1.32363e-19	1.32363e-19	1.32363e-19	1.32363e-19	1.32363e-19	1.32363e-19	1.32363e-19	1.32363e-19	1.32363e-19	1.32363e-19	1.32363e-19	1.32363e-19	1.32363e-19	1.32363e-19	1.32363e-19	1.32363e-19	1.32363e-19	1.32363e-19	1.32363e-19	1.32363e-19	1.32363e-19	1.32363e-19	1.32363e-19	1.32363e-19	1.32363e-19	1.32363e-19	1.32363e-19	1.32363e-19	1.32363e-19	1.32363e-19	1.32363e-19	1.32363e-19	1.32363e-19	1.32363e-19	1.32363e-19	1.32363e-19	1.32363e-19	1.32363e-19	1.32363e-19	1.32363e-19	1.32363e-19	1.32363e-19	1.32363e-19	1.32363e-19	1.32363e-19	1.32363e-19	1.32363e-19	1.32363e-19	1.32363e-19	1.32363e-19	1.32363e-19	1.32363e-19	1.32363e-19	1.32363e-19	1.32363e-19	1.32363e-19	1.32363e-19	1.32363e-19	1.32363e-19	1.32363e-19	1.32363e-19	1.32363e-19	1.32363e-19	1.32363e-19	1.32363e-19	1.32363e-19	1.32363e-19	1.32363e-19	1.32363e-19	1.32363e-19	1.32363e-19	1.32363e-19	1.32363e-19	1.32363e-19	1.32363e-19	1.32363e-19	1.32363e-19	1.32363e-19	1.32363e-19	1.32363e-19	1.32363e-19	1.32363e-19	1.32363e-19	1.32363e-19	1.32363e-19	1.32363e-19	1.32363e-19	1.32363e-19	1.32363e-19	1.32363e-19	1.32363e-19	1.32363e-19	1.32363e-19	1.32363e-19	1.32363e-19	1.32363e-19	1.32363e-19	1.32363e-19	1.32363e-19	1.32363e-19	1.32363e-19	1.32363e-19
22.20	1.45095e-30	1.35556e-29	3.20700e-29	6.03881e-29	1.03700e-28	1.69942e-28	2.71251e-28	4.26186e-28	6.63123e-28	1.02545e-27	1.57948e-27	2.42661e-27	3.72179e-27	5.70186e-27	8.72868e-27	1.33551e-26	2.04256e-26	3.12298e-26	4.77366e-26	7.29510e-26	1.11458e-25	1.70250e-25	2.59987e-25	3.96910e-25	6.05749e-25	9.24131e-25	1.40926e-24	2.14803e-24	3.27227e-24	4.98171e-24	7.57856e-24	1.15193e-23	1.74918e-23	2.65306e-23	4.01873e-23	6.07808e-23	9.17649e-23	1.38260e-22	2.07820e-22	3.11515e-22	4.65459e-22	6.92899e-22	1.02702e-21	1.51463e-21	2.22068e-21	3.23375e-21	4.67173e-21	6.68709e-21	9.46964e-21	1.32442e-20	1.82589e-20	2.47600e-20	3.29493e-20	4.29246e-20	5.46093e-20	6.76910e-20	8.15933e-20	9.55111e-20	1.08526e-19	1.19785e-19	1.28699e-19	1.35078e-19	1.39145e-19	1.41416e-19	1.42506e-19	1.42945e-19	1.43090e-19	1.43129e-19	1.43136e-19	1.43138e-19	1.43138e-19	1.43138e-19	1.43138e-19	1.43138e-19	1.43138e-19	1.43138e-19	1.43138e-19	1.43138e-19	1.43138e-19	1.43138e-19	1.43138e-19	1.43138e-19	1.43138e-19	1.43138e-19	1.43138e-19	1.43138e-19	1.43138e-19	1.43138e-19	1.43138e-19	1.43138e-19	1.43138e-19	1.43138e-19	1.43138e-19	1.43138e-19	1.43138e-19	1.43138e-19	1.43138e-19	1.43138e-19	1.43138e-19	1.43138e-19	1.43138e-19	1.43138e-19	1.43138e-19	1.43138e-19	1.43138e-19	1.43138e-19	1.43138e-19	1.43138e-19	1.43138e-19	1.43138e-19	1.43138e-19	1.43138e-19	1.43138e-19	1.43138e-19	1.43138e-19	1.43138e-19	1.43138e-19	1.43138e-19	1.43138e-19	1.43138e-19	1.43138e-19	1.43138e-19	1.43138e-19	1.43138e-19	1.43138e-19	1.43138e-19	1.43138e-19	1.43138e-19	1.43138e-19	1.43138e-19	1.43138e-19	1.43138e-19	1.43138e-19	1.43138e-19	1.43138e-19	1.43138e-19	1.43138e-19	1.43138e-19	1.43138e-19	1.43138e-19	1.43138e-19	1.43138e-19	1.43138e-19	1.43138e-19	1.43138e-19	1.43138e-19	1.43138e-19	1.43138e-19	1.43138e-19	1.43138e-19	1.43138e-19	1.43138e-19	1.43138e-19	1.43138e-19	1.43138e-19	1.43138e-19	1.43138e-19	1.43138e-19	1.43138e-19	1.43138e-19	1.43138e-19	1.43138e-19	1.43138e-19	1.43138e-19	1.43138e-19	1.43138e-19	1.43138e-19	1.43138e-19	1.43138e-19	1.43138e-19	1.43138e-19	1.43138e-19	1.43138e-19	1.43138e-19	1.43138e-19	1.43138e-19	1.43138e-19	1.43138e-19	1.43138e-19	1.43138e-19	1.43138e-19	1.43138e-19	1.43138e-19	1.43138e-19	1.43138e-19	1.43138e-19	1.43138e-19	1.43138e-19	1.43138e-19	1.43138e-19	1.43138e-19	1.43138e-19	1.43138e-19	1.43138e-19	1.43138e-19
22.23	1.24034e-30	1.15881e-29	2.74153e-29	5.16236e-29	8.86501e-29	1.45280e-28	2.31890e-28	3.64348e-28	5.66917e-28	8.76692e-28	1.35039e-27	2.07470e-27	3.18217e-27	4.87532e-27	7.46369e-27	1.14202e-26	1.74673e-26	2.67085e-26	4.08285e-26	6.23996e-26	9.53466e-26	1.45657e-25	2.22461e-25	3.39674e-25	5.18489e-25	7.91171e-25	1.20679e-24	1.83992e-24	2.80379e-24	4.27005e-24	6.49867e-24	9.88265e-24	1.50151e-23	2.27889e-23	3.45455e-23	5.22936e-23	7.90309e-23	1.19214e-22	1.79434e-22	2.69389e-22	4.03253e-22	6.01573e-22	8.93865e-22	1.32205e-21	1.94483e-21	2.84312e-21	4.12609e-21	5.93734e-21	8.45966e-21	1.19160e-20	1.65631e-20	2.26729e-20	3.04969e-20	4.02120e-20	5.18493e-20	6.52187e-20	7.98551e-20	9.50151e-20	1.09753e-19	1.23080e-19	1.34177e-19	1.42590e-19	1.48317e-19	1.51767e-19	1.53571e-19	1.54375e-19	1.54672e-19	1.54761e-19	1.54782e-19	1.54786e-19	1.54787e-19	1.54787e-19	1.54787e-19	1.54787e-19	1.54787e-19	1.54787e-19	1.54787e-19	1.54787e-19	1.54787e-19	1.54787e-19	1.54787e-19	1.54787e-19	1.54787e-19	1.54787e-19	1.54787e-19	1.54787e-19	1.54787e-19	1.54787e-19	1.54787e-19	1.54787e-19	1.54787e-19	1.54787e-19	1.54787e-19	1.54787e-19	1.54787e-19	1.54787e-19	1.54787e-19	1.54787e-19	1.54787e-19	1.54787e-19	1.54787e-19	1.54787e-19	1.54787e-19	1.54787e-19	1.54787e-19	1.54787e-19	1.54787e-19	1.54787e-19	1.54787e-19	1.54787e-19	1.54787e-19	1.54787e-19	1.54787e-19	1.54787e-19	1.54787e-19	1.54787e-19	1.54787e-19	1.54787e-19	1.54787e-19	1.54787e-19	1.54787e-19	1.54787e-19	1.54787e-19	1.54787e-19	1.54787e-19	1.54787e-19	1.54787e-19	1.54787e-19	1.54787e-19	1.54787e-19	1.54787e-19	1.54787e-19	1.54787e-19	1.54787e-19	1.54787e-19	1.54787e-19	1.54787e-19	1.54787e-19	1.54787e-19	1.54787e-19	1.54787e-19	1.54787e-19	1.54787e-19	1.54787e-19	1.54787e-19	1.54787e-19	1.54787e-19	1.54787e-19	1.54787e-19	1.54787e-19	1.54787e-19	1.54787e-19	1.54787e-19	1.54787e-19	1.54787e-19	1.54787e-19	1.54787e-19	1.54787e-19	1.54787e-19	1.54787e-19	1.54787e-19	1.54787e-19	1.54787e-19	1.54787e-19	1.54787e-19	1.54787e-19	1.54787e-19	1.54787e-19	1.54787e-19	1.54787e-19	1.54787e-19	1.54787e-19	1.54787e-19	1.54787e-19	1.54787e-19	1.54787e-19	1.54787e-19	1.54787e-19	1.54787e-19	1.54787e-19	1.54787e-19	1.54787e-19	1.54787e-19	1.54787e-19	1.54787e-19	1.54787e-19	1.54787e-19	1.54787e-19	1.54787e-19	1.54787e-19	1.54787e-19	1.54787e-19	1.54787e-19	1.54787e-19	1.54787e-19
22.26	1.06030e-30	9.90603e-30	2.34361e-29	4.41309e-29	7.57839e-29	1.24196e-28	1.98239e-28	3.11480e-28	4.84663e-28	7.49507e-28	1.15451e-27	1.77380e-27	2.72073e-27	4.16851e-27	6.38187e-27	9.76535e-27	1.49370e-26	2.28408e-26	3.49187e-26	5.33716e-26	8.15595e-26	1.24609e-25	1.90338e-25	2.90666e-25	4.43755e-25	6.77261e-25	1.03327e-24	1.57576e-24	2.40194e-24	3.65929e-24	5.57131e-24	8.47621e-24	1.28849e-23	1.95676e-23	2.96830e-23	4.49690e-23	6.80247e-23	1.02722e-22	1.54805e-22	2.32751e-22	3.48995e-22	5.21649e-22	7.76872e-22	1.15205e-21	1.69999e-21	2.49411e-21	3.63472e-21	5.25574e-21	7.53092e-21	1.06776e-20	1.49547e-20	2.06505e-20	2.80554e-20	3.74137e-20	4.88565e-20	6.23198e-20	7.74702e-20	9.36660e-20	1.09989e-19	1.25371e-19	1.38795e-19	1.49531e-19	1.57301e-19	1.62319e-19	1.65163e-19	1.66552e-19	1.67123e-19	1.67316e-19	1.67368e-19	1.67379e-19	1.67381e-19	1.67381e-19	1.67381e-19	1.67381e-19	1.67381e-19	1.67381e-19	1.67381e-19	1.67381e-19	1.67381e-19	1.67381e-19	1.67381e-19	1.67381e-19	1.67381e-19	1.67381e-19	1.67381e-19	1.67381e-19	1.67381e-19	1.67381e-19	1.67381e-19	1.67381e-19	1.67381e-19	1.67381e-19	1.67381e-19	1.67381e-19	1.67381e-19	1.67381e-19	1.67381e-19	1.67381e-19	1.67381e-19	1.67381e-19	1.67381e-19	1.67381e-19	1.67381e-19	1.67381e-19	1.67381e-19	1.67381e-19	1.67381e-19	1.67381e-19	1.67381e-19	1.67381e-19	1.67381e-19	1.67381e-19	1.67381e-19	1.67381e-19	1.67381e-19	1.67381e-19	1.67381e-19	1.67381e-19	1.67381e-19	1.67381e-19	1.67381e-19	1.67381e-19	1.67381e-19	1.67381e-19	1.67381e-19	1.67381e-19	1.67381e-19	1.67381e-19	1.67381e-19	1.67381e-19	1.67381e-19	1.67381e-19	1.67381e-19	1.67381e-19	1.67381e-19	1.67381e-19	1.67381e-19	1.67381e-19	1.67381e-19	1.67381e-19	1.67381e-19	1.67381e-19	1.67381e-19	1.67381e-19	1.67381e-19	1.67381e-19	1.67381e-19	1.67381e-19	1.67381e-19	1.67381e-19	1.67381e-19	1.67381e-19	1.67381e-19	1.67381e-19	1.67381e-19	1.67381e-19	1.67381e-19	1.67381e-19	1.67381e-19	1.67381e-19	1.67381e-19	1.67381e-19	1.67381e-19	1.67381e-19	1.67381e-19	1.67381e-19	1.67381e-19	1.67381e-19	1.67381e-19	1.67381e-19	1.67381e-19	1.67381e-19	1.67381e-19	1.67381e-19	1.67381e-19	1.67381e-19	1.67381e-19	1.67381e-19	1.67381e-19	1.67381e-19	1.67381e-19	1.67381e-19	1.67381e-19	1.67381e-19	1.67381e-19	1.67381e-19	1.67381e-19	1.67381e-19	1.67381e-19	1.67381e-19	1.67381e-19	1.67381e-19	1.67381e-19	1.67381e-19	1.67381e-19
22.30	9.06388e-31	8.46812e-30	2.00343e-29	3.77255e-29	6.47848e-29	1.06171e-28	1.69470e-28	2.66281e-28	4.14339e-28	6.40766e-28	9.87028e-28	1.51652e-27	2.32616e-27	3.56409e-27	5.45673e-27	8.35008e-27	1.27728e-26	1.95326e-26	2.98630e-26	4.56477e-26	6.97623e-26	1.06595e-25	1.62841e-25	2.48708e-25	3.79757e-25	5.79688e-25	8.84584e-25	1.34933e-24	2.05735e-24	3.13528e-24	4.77522e-24	7.26805e-24	1.10536e-23	1.67959e-23	2.54948e-23	3.86527e-23	5.85201e-23	8.84573e-23	1.33461e-22	2.00928e-22	3.01746e-22	4.51839e-22	6.74314e-22	1.00240e-21	1.48335e-21	2.18346e-21	3.19423e-21	4.63948e-21	6.68252e-21	9.53207e-21	1.34440e-20	1.87151e-20	2.56630e-20	3.45869e-20	4.57068e-20	5.90813e-20	7.45192e-20	9.15126e-20	1.09224e-19	1.26566e-19	1.42376e-19	1.55664e-19	1.65843e-19	1.72859e-19	1.77142e-19	1.79419e-19	1.80452e-19	1.80842e-19	1.80962e-19	1.80991e-19	1.80996e-19	1.80997e-19	1.80997e-19	1.80997e-19	1.80997e-19	1.80997e-19	1.80997e-19	1.80997e-19	1.80997e-19	1.80997e-19	1.80997e-19	1.80997e-19	1.80997e-19	1.80997e-19	1.80997e-19	1.80997e-19	1.80997e-19	1.80997e-19	1.80997e-19	1.80997e-19	1.80997e-19	1.80997e-19	1.80997e-19	1.80997e-19	1.80997e-19	1.80997e-19	1.80997e-19	1.80997e-19	1.80997e-19	1.80997e-19	1.80997e-19	1.80997e-19	1.80997e-19	1.80997e-19	1.80997e-19	1.80997e-19	1.80997e-19	1.80997e-19	1.80997e-19	1.80997e-19	1.80997e-19	1.80997e-19	1.80997e-19	1.80997e-19	1.80997e-19	1.80997e-19	1.80997e-19	1.80997e-19	1.80997e-19	1.80997e-19	1.80997e-19	1.80997e-19	1.80997e-19	1.80997e-19	1.80997e-19	1.80997e-19	1.80997e-19	1.80997e-19	1.80997e-19	1.80997e-19	1.80997e-19	1.80997e-19	1.80997e-19	1.80997e-19	1.80997e-19	1.80997e-19	1.80997e-19	1.80997e-19	1.80997e-19	1.80997e-19	1.80997e-19	1.80997e-19	1.80997e-19	1.80997e-19	1.80997e-19	1.80997e-19	1.80997e-19	1.80997e-19	1.80997e-19	1.80997e-19	1.80997e-19	1.80997e-19	1.80997e-19	1.80997e-19	1.80997e-19	1.80997e-19	1.80997e-19	1.80997e-19	1.80997e-19	1.80997e-19	1.80997e-19	1.80997e-19	1.80997e-19	1.80997e-19	1.80997e-19	1.80997e-19	1.80997e-19	1.80997e-19	1.80997e-19	1.80997e-19	1.80997e-19	1.80997e-19	1.80997e-19	1.80997e-19	1.80997e-19	1.80997e-19	1.80997e-19	1.80997e-19	1.80997e-19	1.80997e-19	1.80997e-19	1.80997e-19	1.80997e-19	1.80997e-19	1.80997e-19	1.80997e-19	1.80997e-19	1.80997e-19	1.80997e-19	1.80997e-19	1.80997e-19	1.80997e-19	1.80997e-19	1.80997e-19	1.80997e-19
22.33	7.74816e-31	7.23890e-30	1.71262e-29	3.22497e-29	5.53817e-29	9.07621e-29	1.44876e-28	2.27639e-28	3.54216e-28	5.47796e-28	8.43834e-28	1.29654e-27	1.98879e-27	3.04726e-27	4.66560e-27	7.13975e-27	1.09219e-26	1.67030e-26	2.55384e-26	3.90400e-26	5.96686e-26	9.11805e-26	1.39307e-25	2.12791e-25	3.24960e-25	4.96123e-25	7.57209e-25	1.15528e-24	1.76192e-24	2.68584e-24	4.09205e-24	6.23063e-24	9.48007e-24	1.44122e-23	2.18895e-23	3.32094e-23	5.03188e-23	7.61302e-23	1.14985e-22	1.73324e-22	2.60663e-22	3.90968e-22	5.84596e-22	8.70976e-22	1.29223e-21	1.90789e-21	2.80096e-21	4.08501e-21	5.91208e-21	8.48011e-21	1.20378e-20	1.68830e-20	2.33507e-20	3.17820e-20	4.24717e-20	5.55917e-20	7.10959e-20	8.86309e-20	1.07485e-19	1.26614e-19	1.44776e-19	1.60764e-19	1.73676e-19	1.83127e-19	1.89309e-19	1.92866e-19	1.94631e-19	1.95372e-19	1.95628e-19	1.95698e-19	1.95714e-19	1.95716e-19	1.95716e-19	1.95716e-19	1.95716e-19	1.95716e-19	1.95716e-19	1.95716e-19	1.95716e-19	1.95716e-19	1.95716e-19	1.95716e-19	1.95716e-19	1.95716e-19	1.95716e-19	1.95716e-19	1.95716e-19	1.95716e-19	1.95716e-19	1.95716e-19	1.95716e-19	1.95716e-19	1.95716e-19	1.95716e-19	1.95716e-19	1.95716e-19	1.95716e-19	1.95716e-19	1.95716e-19	1.95716e-19	1.95716e-19	1.95716e-19	1.95716e-19	1.95716e-19	1.95716e-19	1.95716e-19	1.95716e-19	1.95716e-19	1.95716e-19	1.95716e-19	1.95716e-19	1.95716e-19	1.95716e-19	1.95716e-19	1.95716e-19	1.95716e-19	1.95716e-19	1.95716e-19	1.95716e-19	1.95716e-19	1.95716e-19	1.95716e-19	1.95716e-19	1.95716e-19	1.95716e-19	1.95716e-19	1.95716e-19	1.95716e-19	1.95716e-19	1.95716e-19	1.95716e-19	1.95716e-19	1.95716e-19	1.95716e-19	1.95716e-19	1.95716e-19	1.95716e-19	1.95716e-19	1.95716e-19	1.95716e-19	1.95716e-19	1.95716e-19	1.95716e-19	1.95716e-19	1.95716e-19	1.95716e-19	1.95716e-19	1.95716e-19	1.95716e-19	1.95716e-19	1.95716e-19	1.95716e-19	1.95716e-19	1.95716e-19	1.95716e-19	1.95716e-19	1.95716e-19	1.95716e-19	1.95716e-19	1.95716e-19	1.95716e-19	1.95716e-19	1.95716e-19	1.95716e-19	1.95716e-19	1.95716e-19	1.95716e-19	1.95716e-19	1.95716e-19	1.95716e-19	1.95716e-19	1.95716e-19	1.95716e-19	1.95716e-19	1.95716e-19	1.95716e-19	1.95716e-19	1.95716e-19	1.95716e-19	1.95716e-19	1.95716e-19	1.95716e-19	1.95716e-19	1.95716e-19	1.95716e-19	1.95716e-19	1.95716e-19	1.95716e-19	1.95716e-19	1.95716e-19	1.95716e-19	1.95716e-19	1.95716e-19	1.95716e-19	1.95716e-19
22.37	6.62340e-31	6.18809e-30	1.46402e-29	2.75685e-29	4.73431e-29	7.75887e-29	1.23849e-28	1.94603e-28	3.02815e-28	4.68311e-28	7.21406e-28	1.10845e-27	1.70032e-27	2.60533e-27	3.98910e-27	6.10472e-27	9.33898e-27	1.42829e-26	2.18394e-26	3.33874e-26	5.10330e-26	7.79909e-26	1.19168e-25	1.82048e-25	2.78048e-25	4.24565e-25	6.48105e-25	9.89020e-25	1.50870e-24	2.30044e-24	3.50595e-24	5.34011e-24	8.12844e-24	1.23633e-23	1.87877e-23	2.85216e-23	4.32474e-23	6.54867e-23	9.90057e-23	1.49408e-22	2.24990e-22	3.37977e-22	5.06257e-22	7.55814e-22	1.12405e-21	1.66422e-21	2.45116e-21	3.58837e-21	5.21618e-21	7.52029e-21	1.07389e-20	1.51655e-20	2.11427e-20	2.90410e-20	3.92157e-20	5.19378e-20	6.73010e-20	8.51170e-20	1.04834e-19	1.25510e-19	1.45898e-19	1.64634e-19	1.80526e-19	1.92828e-19	2.01408e-19	2.06718e-19	2.09585e-19	2.10909e-19	2.11420e-19	2.11580e-19	2.11620e-19	2.11627e-19	2.11628e-19	2.11628e-19	2.11628e-19	2.11628e-19	2.11628e-19	2.11628e-19	2.11628e-19	2.11628e-19	2.11628e-19	2.11628e-19	2.11628e-19	2.11628e-19	2.11628e-19	2.11628e-19	2.11628e-19	2.11628e-19	2.11628e-19	2.11628e-19	2.11628e-19	2.11628e-19	2.11628e-19	2.11628e-19	2.11628e-19	2.11628e-19	2.11628e-19	2.11628e-19	2.11628e-19	2.11628e-19	2.11628e-19	2.11628e-19	2.11628e-19	2.11628e-19	2.11628e-19	2.11628e-19	2.11628e-19	2.11628e-19	2.11628e-19	2.11628e-19	2.11628e-19	2.11628e-19	2.11628e-19	2.11628e-19	2.11628e-19	2.11628e-19	2.11628e-19	2.11628e-19	2.11628e-19	2.11628e-19	2.11628e-19	2.11628e-19	2.11628e-19	2.11628e-19	2.11628e-19	2.11628e-19	2.11628e-19	2.11628e-19	2.11628e-19	2.11628e-19	2.11628e-19	2.11628e-19	2.11628e-19	2.11628e-19	2.11628e-19	2.11628e-19	2.11628e-19	2.11628e-19	2.11628e-19	2.11628e-19	2.11628e-19	2.11628e-19	2.11628e-19	2.11628e-19	2.11628e-19	2.11628e-19	2.11628e-19	2.11628e-19	2.11628e-19	2.11628e-19	2.11628e-19	2.11628e-19	2.11628e-19	2.11628e-19	2.11628e-19	2.11628e-19	2.11628e-19	2.11628e-19	2.11628e-19	2.11628e-19	2.11628e-19	2.11628e-19	2.11628e-19	2.11628e-19	2.11628e-19	2.11628e-19	2.11628e-19	2.11628e-19	2.11628e-19	2.11628e-19	2.11628e-19	2.11628e-19	2.11628e-19	2.11628e-19	2.11628e-19	2.11628e-19	2.11628e-19	2.11628e-19	2.11628e-19	2.11628e-19	2.11628e-19	2.11628e-19	2.11628e-19	2.11628e-19	2.11628e-19	2.11628e-19	2.11628e-19	2.11628e-19	2.11628e-19	2.11628e-19	2.11628e-19	2.11628e-19	2.11628e-19	2.11628e-19	2.11628e-19
22.40	5.66189e-31	5.28980e-30	1.25150e-29	2.35668e-29	4.04712e-29	6.63271e-29	1.05874e-28	1.66360e-28	2.58870e-28	4.00355e-28	6.16735e-28	9.47641e-28	1.45367e-27	2.22746e-27	3.41062e-27	5.21962e-27	7.98527e-27	1.22131e-26	1.86755e-26	2.85522e-26	4.36453e-26	6.67060e-26	1.01934e-25	1.55737e-25	2.37891e-25	3.63297e-25	5.54667e-25	8.46588e-25	1.29170e-24	1.97005e-24	3.00327e-24	4.57595e-24	6.96790e-24	1.06027e-23	1.61205e-23	2.44866e-23	3.71542e-23	5.63040e-23	8.51997e-23	1.28708e-22	1.94053e-22	2.91913e-22	4.37971e-22	6.55107e-22	9.76425e-22	1.44936e-21	2.14107e-21	3.14531e-21	4.59064e-21	6.64962e-21	9.54766e-21	1.35691e-20	1.90567e-20	2.63985e-20	3.59951e-20	4.82007e-20	6.32366e-20	8.10812e-20	1.01363e-19	1.23296e-19	1.45693e-19	1.67119e-19	1.86139e-19	2.01650e-19	2.13129e-19	2.20734e-19	2.25173e-19	2.27413e-19	2.28370e-19	2.28708e-19	2.28804e-19	2.28825e-19	2.28829e-19	2.28829e-19	2.28829e-19	2.28829e-19	2.28829e-19	2.28829e-19	2.28829e-19	2.28829e-19	2.28829e-19	2.28829e-19	2.28829e-19	2.28829e-19	2.28829e-19	2.28829e-19	2.28829e-19	2.28829e-19	2.28829e-19	2.28829e-19	2.28829e-19	2.28829e-19	2.28829e-19	2.28829e-19	2.28829e-19	2.28829e-19	2.28829e-19	2.28829e-19	2.28829e-19	2.28829e-19	2.28829e-19	2.28829e-19	2.28829e-19	2.28829e-19	2.28829e-19	2.28829e-19	2.28829e-19	2.28829e-19	2.28829e-19	2.28829e-19	2.28829e-19	2.28829e-19	2.28829e-19	2.28829e-19	2.28829e-19	2.28829e-19	2.28829e-19	2.28829e-19	2.28829e-19	2.28829e-19	2.28829e-19	2.28829e-19	2.28829e-19	2.28829e-19	2.28829e-19	2.28829e-19	2.28829e-19	2.28829e-19	2.28829e-19	2.28829e-19	2.28829e-19	2.28829e-19	2.28829e-19	2.28829e-19	2.28829e-19	2.28829e-19	2.28829e-19	2.28829e-19	2.28829e-19	2.28829e-19	2.28829e-19	2.28829e-19	2.28829e-19	2.28829e-19	2.28829e-19	2.28829e-19	2.28829e-19	2.28829e-19	2.28829e-19	2.28829e-19	2.28829e-19	2.28829e-19	2.28829e-19	2.28829e-19	2.28829e-19	2.28829e-19	2.28829e-19	2.28829e-19	2.28829e-19	2.28829e-19	2.28829e-19	2.28829e-19	2.28829e-19	2.28829e-19	2.28829e-19	2.28829e-19	2.28829e-19	2.28829e-19	2.28829e-19	2.28829e-19	2.28829e-19	2.28829e-19	2.28829e-19	2.28829e-19	2.28829e-19	2.28829e-19	2.28829e-19	2.28829e-19	2.28829e-19	2.28829e-19	2.28829e-19	2.28829e-19	2.28829e-19	2.28829e-19	2.28829e-19	2.28829e-19	2.28829e-19	2.28829e-19	2.28829e-19	2.28829e-19	2.28829e-19	2.28829e-19	2.28829e-19	2.28829e-19	2.28829e-19
22.43	4.83996e-31	4.52189e-30	1.06983e-29	2.01458e-29	3.45966e-29	5.66997e-29	9.05071e-29	1.42216e-28	2.21302e-28	3.42258e-28	5.27245e-28	8.10150e-28	1.24279e-27	1.90436e-27	2.91599e-27	4.46277e-27	6.82764e-27	1.04430e-26	1.59695e-26	2.44165e-26	3.73257e-26	5.70514e-26	8.71879e-26	1.33221e-25	2.03519e-25	3.10846e-25	4.74657e-25	7.24592e-25	1.10578e-24	1.68687e-24	2.57225e-24	3.92040e-24	5.97177e-24	9.09060e-24	1.38279e-23	2.10155e-23	3.19072e-23	4.83874e-23	7.32811e-23	1.10809e-22	1.67255e-22	2.51926e-22	3.78544e-22	5.67204e-22	8.47121e-22	1.26039e-21	1.86702e-21	2.75148e-21	4.03078e-21	5.86395e-21	8.46205e-21	1.20968e-20	1.71045e-20	2.38806e-20	3.28566e-20	4.44530e-20	5.90018e-20	7.66403e-20	9.71886e-20	1.20049e-19	1.44169e-19	1.68115e-19	1.90297e-19	2.09282e-19	2.24129e-19	2.34606e-19	2.41178e-19	2.44781e-19	2.46475e-19	2.47141e-19	2.47355e-19	2.47410e-19	2.47420e-19	2.47422e-19	2.47422e-19	2.47422e-19	2.47422e-19	2.47422e-19	2.47422e-19	2.47422e-19	2.47422e-19	2.47422e-19	2.47422e-19	2.47422e-19	2.47422e-19	2.47422e-19	2.47422e-19	2.47422e-19	2.47422e-19	2.47422e-19	2.47422e-19	2.47422e-19	2.47422e-19	2.47422e-19	2.47422e-19	2.47422e-19	2.47422e-19	2.47422e-19	2.47422e-19	2.47422e-19	2.47422e-19	2.47422e-19	2.47422e-19	2.47422e-19	2.47422e-19	2.47422e-19	2.47422e-19	2.47422e-19	2.47422e-19	2.47422e-19	2.47422e-19	2.47422e-19	2.47422e-19	2.47422e-19	2.47422e-19	2.47422e-19	2.47422e-19	2.47422e-19	2.47422e-19	2.47422e-19	2.47422e-19	2.47422e-19	2.47422e-19	2.47422e-19	2.47422e-19	2.47422e-19	2.47422e-19	2.47422e-19	2.47422e-19	2.47422e-19	2.47422e-19	2.47422e-19	2.47422e-19	2.47422e-19	2.47422e-19	2.47422e-19	2.47422e-19	2.47422e-19	2.47422e-19	2.47422e-19	2.47422e-19	2.47422e-19	2.47422e-19	2.47422e-19	2.47422e-19	2.47422e-19	2.47422e-19	2.47422e-19	2.47422e-19	2.47422e-19	2.47422e-19	2.47422e-19	2.47422e-19	2.47422e-19	2.47422e-19	2.47422e-19	2.47422e-19	2.47422e-19	2.47422e-19	2.47422e-19	2.47422e-19	2.47422e-19	2.47422e-19	2.47422e-19	2.47422e-19	2.47422e-19	2.47422e-19	2.47422e-19	2.47422e-19	2.47422e-19	2.47422e-19	2.47422e-19	2.47422e-19	2.47422e-19	2.47422e-19	2.47422e-19	2.47422e-19	2.47422e-19	2.47422e-19	2.47422e-19	2.47422e-19	2.47422e-19	2.47422e-19	2.47422e-19	2.47422e-19	2.47422e-19	2.47422e-19	2.47422e-19	2.47422e-19	2.47422e-19	2.47422e-19	2.47422e-19	2.47422e-19	2.47422e-19	2.47422e-19
22.47	4.13733e-31	3.86545e-30	9.14525e-30	1.72214e-29	2.95746e-29	4.84695e-29	7.73702e-29	1.21574e-28	1.89184e-28	2.92589e-28	4.50737e-28	6.92600e-28	1.06248e-27	1.62811e-27	2.49305e-27	3.81559e-27	5.83771e-27	8.92921e-27	1.36552e-26	2.08791e-26	3.19199e-26	4.87921e-26	7.45716e-26	1.13953e-25	1.74103e-25	2.65948e-25	4.06154e-25	6.20115e-25	9.46511e-25	1.44421e-24	2.20276e-24	3.35819e-24	5.11702e-24	7.79235e-24	1.18582e-23	1.80309e-23	2.73914e-23	4.15668e-23	6.29998e-23	9.53475e-23	1.44065e-22	2.17255e-22	3.26899e-22	4.90606e-22	7.34089e-22	1.09458e-21	1.62550e-21	2.40257e-21	3.53168e-21	5.15833e-21	7.47832e-21	1.07482e-20	1.52929e-20	2.15064e-20	2.98379e-20	4.07571e-20	5.46881e-20	7.19114e-20	9.24385e-20	1.15883e-19	1.41378e-19	1.67582e-19	1.92832e-19	2.15436e-19	2.34046e-19	2.47969e-19	2.57308e-19	2.62837e-19	2.65673e-19	2.66908e-19	2.67354e-19	2.67483e-19	2.67513e-19	2.67518e-19	2.67518e-19	2.67519e-19	2.67519e-19	2.67519e-19	2.67519e-19	2.67519e-19	2.67519e-19	2.67519e-19	2.67519e-19	2.67519e-19	2.67519e-19	2.67519e-19	2.67519e-19	2.67519e-19	2.67519e-19	2.67519e-19	2.67519e-19	2.67519e-19	2.67519e-19	2.67519e-19	2.67519e-19	2.67519e-19	2.67519e-19	2.67519e-19	2.67519e-19	2.67519e-19	2.67519e-19	2.67519e-19	2.67519e-19	2.67519e-19	2.67519e-19	2.67519e-19	2.67519e-19	2.67519e-19	2.67519e-19	2.67519e-19	2.67519e-19	2.67519e-19	2.67519e-19	2.67519e-19	2.67519e-19	2.67519e-19	2.67519e-19	2.67519e-19	2.67519e-19	2.67519e-19	2.67519e-19	2.67519e-19	2.67519e-19	2.67519e-19	2.67519e-19	2.67519e-19	2.67519e-19	2.67519e-19	2.67519e-19	2.67519e-19	2.67519e-19	2.67519e-19	2.67519e-19	2.67519e-19	2.67519e-19	2.67519e-19	2.67519e-19	2.67519e-19	2.67519e-19	2.67519e-19	2.67519e-19	2.67519e-19	2.67519e-19	2.67519e-19	2.67519e-19	2.67519e-19	2.67519e-19	2.67519e-19	2.67519e-19	2.67519e-19	2.67519e-19	2.67519e-19	2.67519e-19	2.67519e-19	2.67519e-19	2.67519e-19	2.67519e-19	2.67519e-19	2.67519e-19	2.67519e-19	2.67519e-19	2.67519e-19	2.67519e-19	2.67519e-19	2.67519e-19	2.67519e-19	2.67519e-19	2.67519e-19	2.67519e-19	2.67519e-19	2.67519e-19	2.67519e-19	2.67519e-19	2.67519e-19	2.67519e-19	2.67519e-19	2.67519e-19	2.67519e-19	2.67519e-19	2.67519e-19	2.67519e-19	2.67519e-19	2.67519e-19	2.67519e-19	2.67519e-19	2.67519e-19	2.67519e-19	2.67519e-19	2.67519e-19	2.67519e-19	2.67519e-19	2.67519e-19	2.67519e-19	2.67519e-19	2.67519e-19
22.50	3.53669e-31	3.30429e-30	7.81763e-30	1.47214e-29	2.52814e-29	4.14338e-29	6.61398e-29	1.03928e-28	1.61726e-28	2.50126e-28	3.85327e-28	5.92101e-28	9.08327e-28	1.39192e-27	2.13143e-27	3.26222e-27	4.99121e-27	7.63470e-27	1.16760e-26	1.78537e-26	2.72962e-26	4.17270e-26	6.37780e-26	9.74678e-26	1.48929e-25	2.27520e-25	3.47510e-25	5.30655e-25	8.10100e-25	1.23631e-24	1.88608e-24	2.87615e-24	4.38381e-24	6.67809e-24	1.01665e-23	1.54658e-23	2.35071e-23	3.56941e-23	5.41373e-23	8.20015e-23	1.24017e-22	1.87228e-22	2.82077e-22	4.23964e-22	6.35461e-22	9.49411e-22	1.41318e-21	2.09440e-21	3.08835e-21	4.52731e-21	6.59146e-21	9.52057e-21	1.36244e-20	1.92883e-20	2.69679e-20	3.71652e-20	5.03771e-20	6.70075e-20	8.72480e-20	1.10934e-19	1.37422e-19	1.65535e-19	1.93638e-19	2.19872e-19	2.42525e-19	2.60421e-19	2.73195e-19	2.81314e-19	2.85834e-19	2.87994e-19	2.88862e-19	2.89147e-19	2.89222e-19	2.89237e-19	2.89239e-19	2.89239e-19	2.89239e-19	2.89239e-19	2.89239e-19	2.89239e-19	2.89239e-19	2.89239e-19	2.89239e-19	2.89239e-19	2.89239e-19	2.89239e-19	2.89239e-19	2.89239e-19	2.89239e-19	2.89239e-19	2.89239e-19	2.89239e-19	2.89239e-19	2.89239e-19	2.89239e-19	2.89239e-19	2.89239e-19	2.89239e-19	2.89239e-19	2.89239e-19	2.89239e-19	2.89239e-19	2.89239e-19	2.89239e-19	2.89239e-19	2.89239e-19	2.89239e-19	2.89239e-19	2.89239e-19	2.89239e-19	2.89239e-19	2.89239e-19	2.89239e-19	2.89239e-19	2.89239e-19	2.89239e-19	2.89239e-19	2.89239e-19	2.89239e-19	2.89239e-19	2.89239e-19	2.89239e-19	2.89239e-19	2.89239e-19	2.89239e-19	2.89239e-19	2.89239e-19	2.89239e-19	2.89239e-19	2.89239e-19	2.89239e-19	2.89239e-19	2.89239e-19	2.89239e-19	2.89239e-19	2.89239e-19	2.89239e-19	2.89239e-19	2.89239e-19	2.89239e-19	2.89239e-19	2.89239e-19	2.89239e-19	2.89239e-19	2.89239e-19	2.89239e-19	2.89239e-19	2.89239e-19	2.89239e-19	2.89239e-19	2.89239e-19	2.89239e-19	2.89239e-19	2.89239e-19	2.89239e-19	2.89239e-19	2.89239e-19	2.89239e-19	2.89239e-19	2.89239e-19	2.89239e-19	2.89239e-19	2.89239e-19	2.89239e-19	2.89239e-19	2.89239e-19	2.89239e-19	2.89239e-19	2.89239e-19	2.89239e-19	2.89239e-19	2.89239e-19	2.89239e-19	2.89239e-19	2.89239e-19	2.89239e-19	2.89239e-19	2.89239e-19	2.89239e-19	2.89239e-19	2.89239e-19	2.89239e-19	2.89239e-19	2.89239e-19	2.89239e-19	2.89239e-19	2.89239e-19	2.89239e-19	2.89239e-19	2.89239e-19	2.89239e-19	2.89239e-19	2.89239e-19	2.89239e-19	2.89239e-19
22.54	3.02325e-31	2.82459e-30	6.68273e-30	1.25843e-29	2.16115e-29	3.54192e-29	5.65393e-29	8.88433e-29	1.38253e-28	2.13825e-28	3.29407e-28	5.06181e-28	7.76530e-28	1.18998e-27	1.82223e-27	2.78905e-27	4.26739e-27	6.52773e-27	9.98346e-27	1.52663e-26	2.33415e-26	3.56836e-26	5.45445e-26	8.33632e-26	1.27389e-25	1.94632e-25	2.97313e-25	4.54063e-25	6.93282e-25	1.05822e-24	1.61473e-24	2.46293e-24	3.75503e-24	5.72203e-24	8.71426e-24	1.32621e-23	2.01675e-23	3.06404e-23	4.65027e-23	7.04906e-23	1.06702e-22	1.61250e-22	2.43223e-22	3.66064e-22	5.49545e-22	8.22555e-22	1.22697e-21	1.82293e-21	2.69582e-21	3.96518e-21	5.79566e-21	8.40932e-21	1.20980e-20	1.72331e-20	2.42666e-20	3.37186e-20	4.61384e-20	6.20320e-20	8.17517e-20	1.05351e-19	1.32435e-19	1.62049e-19	1.92680e-19	2.22409e-19	2.49244e-19	2.71544e-19	2.88407e-19	2.99858e-19	3.06732e-19	3.10315e-19	3.11905e-19	3.12490e-19	3.12665e-19	3.12705e-19	3.12713e-19	3.12714e-19	3.12714e-19	3.12714e-19	3.12714e-19	3.12714e-19	3.12714e-19	3.12714e-19	3.12714e-19	3.12714e-19	3.12714e-19	3.12714e-19	3.12714e-19	3.12714e-19	3.12714e-19	3.12714e-19	3.12714e-19	3.12714e-19	3.12714e-19	3.12714e-19	3.12714e-19	3.12714e-19	3.12714e-19	3.12714e-19	3.12714e-19	3.12714e-19	3.12714e-19	3.12714e-19	3.12714e-19	3.12714e-19	3.12714e-19	3.12714e-19	3.12714e-19	3.12714e-19	3.12714e-19	3.12714e-19	3.12714e-19	3.12714e-19	3.12714e-19	3.12714e-19	3.12714e-19	3.12714e-19	3.12714e-19	3.12714e-19	3.12714e-19	3.12714e-19	3.12714e-19	3.12714e-19	3.12714e-19	3.12714e-19	3.12714e-19	3.12714e-19	3.12714e-19	3.12714e-19	3.12714e-19	3.12714e-19	3.12714e-19	3.12714e-19	3.12714e-19	3.12714e-19	3.12714e-19	3.12714e-19	3.12714e-19	3.12714e-19	3.12714e-19	3.12714e-19	3.12714e-19	3.12714e-19	3.12714e-19	3.12714e-19	3.12714e-19	3.12714e-19	3.12714e-19	3.12714e-19	3.12714e-19	3.12714e-19	3.12714e-19	3.12714e-19	3.12714e-19	3.12714e-19	3.12714e-19	3.12714e-19	3.12714e-19	3.12714e-19	3.12714e-19	3.12714e-19	3.12714e-19	3.12714e-19	3.12714e-19	3.12714e-19	3.12714e-19	3.12714e-19	3.12714e-19	3.12714e-19	3.12714e-19	3.12714e-19	3.12714e-19	3.12714e-19	3.12714e-19	3.12714e-19	3.12714e-19	3.12714e-19	3.12714e-19	3.12714e-19	3.12714e-19	3.12714e-19	3.12714e-19	3.12714e-19	3.12714e-19	3.12714e-19	3.12714e-19	3.12714e-19	3.12714e-19	3.12714e-19	3.12714e-19	3.12714e-19	3.12714e-19	3.12714e-19	3.12714e-19	3.12714e-19	3.12714e-19
22.57	2.58434e-31	2.41453e-30	5.71257e-30	1.07574e-29	1.84742e-29	3.02776e-29	4.83321e-29	7.59475e-29	1.18186e-28	1.82790e-28	2.81601e-28	4.32725e-28	6.63851e-28	1.01732e-27	1.55787e-27	2.38449e-27	3.64848e-27	5.58116e-27	8.53607e-27	1.30535e-26	1.99592e-26	3.05145e-26	4.66461e-26	7.12965e-26	1.08958e-25	1.66488e-25	2.54349e-25	3.88497e-25	5.93257e-25	9.05694e-25	1.38225e-24	2.10880e-24	3.21592e-24	4.90197e-24	7.46787e-24	1.13697e-23	1.72975e-23	2.62937e-23	3.99298e-23	6.05694e-23	9.17577e-23	1.38796e-22	2.09581e-22	3.15826e-22	4.74816e-22	7.11901e-22	1.06400e-21	1.58441e-21	2.34930e-21	3.46618e-21	5.08454e-21	7.40844e-21	1.07102e-20	1.53427e-20	2.17472e-20	3.04484e-20	4.20297e-20	5.70762e-20	7.60779e-20	9.92922e-20	1.26578e-19	1.57248e-19	1.89991e-19	2.22942e-19	2.53938e-19	2.80936e-19	3.02478e-19	3.18029e-19	3.28043e-19	3.33700e-19	3.36451e-19	3.37577e-19	3.37956e-19	3.38058e-19	3.38079e-19	3.38082e-19	3.38082e-19	3.38082e-19	3.38082e-19	3.38082e-19	3.38082e-19	3.38082e-19	3.38082e-19	3.38082e-19	3.38082e-19	3.38082e-19	3.38082e-19	3.38082e-19	3.38082e-19	3.38082e-19	3.38082e-19	3.38082e-19	3.38082e-19	3.38082e-19	3.38082e-19	3.38082e-19	3.38082e-19	3.38082e-19	3.38082e-19	3.38082e-19	3.38082e-19	3.38082e-19	3.38082e-19	3.38082e-19	3.38082e-19	3.38082e-19	3.38082e-19	3.38082e-19	3.38082e-19	3.38082e-19	3.38082e-19	3.38082e-19	3.38082e-19	3.38082e-19	3.38082e-19	3.38082e-19	3.38082e-19	3.38082e-19	3.38082e-19	3.38082e-19	3.38082e-19	3.38082e-19	3.38082e-19	3.38082e-19	3.38082e-19	3.38082e-19	3.38082e-19	3.38082e-19	3.38082e-19	3.38082e-19	3.38082e-19	3.38082e-19	3.38082e-19	3.38082e-19	3.38082e-19	3.38082e-19	3.38082e-19	3.38082e-19	3.38082e-19	3.38082e-19	3.38082e-19	3.38082e-19	3.38082e-19	3.38082e-19	3.38082e-19	3.38082e-19	3.38082e-19	3.38082e-19	3.38082e-19	3.38082e-19	3.38082e-19	3.38082e-19	3.38082e-19	3.38082e-19	3.38082e-19	3.38082e-19	3.38082e-19	3.38082e-19	3.38082e-19	3.38082e-19	3.38082e-19	3.38082e-19	3.38082e-19	3.38082e-19	3.38082e-19	3.38082e-19	3.38082e-19	3.38082e-19	3.38082e-19	3.38082e-19	3.38082e-19	3.38082e-19	3.38082e-19	3.38082e-19	3.38082e-19	3.38082e-19	3.38082e-19	3.38082e-19	3.38082e-19	3.38082e-19	3.38082e-19	3.38082e-19	3.38082e-19	3.38082e-19	3.38082e-19	3.38082e-19	3.38082e-19	3.38082e-19	3.38082e-19	3.38082e-19	3.38082e-19	3.38082e-19	3.38082e-19	3.38082e-19	3.38082e-19
22.61	2.20914e-31	2.06399e-30	4.88324e-30	9.19573e-30	1.57923e-29	2.58823e-29	4.13161e-29	6.49232e-29	1.01031e-28	1.56260e-28	2.40731e-28	3.69926e-28	5.67518e-28	8.69708e-28	1.33185e-27	2.03858e-27	3.11928e-27	4.77177e-27	7.29839e-27	1.11613e-26	1.70666e-26	2.60933e-26	3.98900e-26	6.09741e-26	9.31901e-26	1.42407e-25	2.17581e-25	3.32374e-25	5.07622e-25	7.75078e-25	1.18311e-24	1.80536e-24	2.75382e-24	4.19873e-24	6.39852e-24	9.74514e-24	1.48321e-23	2.25570e-23	3.42742e-23	5.20238e-23	7.88705e-23	1.19405e-22	1.80481e-22	2.72288e-22	4.09908e-22	6.15539e-22	9.21638e-22	1.37530e-21	2.04422e-21	3.02463e-21	4.45151e-21	6.51108e-21	9.45513e-21	1.36156e-20	1.94163e-20	2.73762e-20	3.80962e-20	5.22177e-20	7.03432e-20	9.29103e-20	1.20028e-19	1.51295e-19	1.85669e-19	2.21445e-19	2.56415e-19	2.88237e-19	3.14925e-19	3.35321e-19	3.49337e-19	3.57868e-19	3.62386e-19	3.64426e-19	3.65194e-19	3.65428e-19	3.65484e-19	3.65494e-19	3.65496e-19	3.65496e-19	3.65496e-19	3.65496e-19	3.65496e-19	3.65496e-19	3.65496e-19	3.65496e-19	3.65496e-19	3.65496e-19	3.65496e-19	3.65496e-19	3.65496e-19	3.65496e-19	3.65496e-19	3.65496e-19	3.65496e-19	3.65496e-19	3.65496e-19	3.65496e-19	3.65496e-19	3.65496e-19	3.65496e-19	3.65496e-19	3.65496e-19	3.65496e-19	3.65496e-19	3.65496e-19	3.65496e-19	3.65496e-19	3.65496e-19	3.65496e-19	3.65496e-19	3.65496e-19	3.65496e-19	3.65496e-19	3.65496e-19	3.65496e-19	3.65496e-19	3.65496e-19	3.65496e-19	3.65496e-19	3.65496e-19	3.65496e-19	3.65496e-19	3.65496e-19	3.65496e-19	3.65496e-19	3.65496e-19	3.65496e-19	3.65496e-19	3.65496e-19	3.65496e-19	3.65496e-19	3.65496e-19	3.65496e-19	3.65496e-19	3.65496e-19	3.65496e-19	3.65496e-19	3.65496e-19	3.65496e-19	3.65496e-19	3.65496e-19	3.65496e-19	3.65496e-19	3.65496e-19	3.65496e-19	3.65496e-19	3.65496e-19	3.65496e-19	3.65496e-19	3.65496e-19	3.65496e-19	3.65496e-19	3.65496e-19	3.65496e-19	3.65496e-19	3.65496e-19	3.65496e-19	3.65496e-19	3.65496e-19	3.65496e-19	3.65496e-19	3.65496e-19	3.65496e-19	3.65496e-19	3.65496e-19	3.65496e-19	3.65496e-19	3.65496e-19	3.65496e-19	3.65496e-19	3.65496e-19	3.65496e-19	3.65496e-19	3.65496e-19	3.65496e-19	3.65496e-19	3.65496e-19	3.65496e-19	3.65496e-19	3.65496e-19	3.65496e-19	3.65496e-19	3.65496e-19	3.65496e-19	3.65496e-19	3.65496e-19	3.65496e-19	3.65496e-19	3.65496e-19	3.65496e-19	3.65496e-19	3.65496e-19	3.65496e-19	3.65496e-19	3.65496e-19	3.65496e-19
22.64	1.88841e-31	1.76434e-30	4.17430e-30	7.86073e-30	1.34997e-29	2.21250e-29	3.53184e-29	5.54989e-29	8.63662e-29	1.33579e-28	2.05791e-28	3.16238e-28	4.85160e-28	7.43507e-28	1.13861e-27	1.74283e-27	2.66681e-27	4.07969e-27	6.24004e-27	9.54308e-27	1.45928e-26	2.23122e-26	3.41113e-26	5.21442e-26	7.97004e-26	1.21803e-25	1.86117e-25	2.84340e-25	4.34315e-25	6.63240e-25	1.01256e-24	1.54540e-24	2.35780e-24	3.59582e-24	5.48132e-24	8.35099e-24	1.27151e-23	1.93460e-23	2.94103e-23	4.46675e-23	6.77644e-23	1.02673e-22	1.55332e-22	2.34596e-22	3.53602e-22	5.31747e-22	7.97501e-22	1.19236e-21	1.77627e-21	2.63504e-21	3.88993e-21	5.70983e-21	8.32579e-21	1.20469e-20	1.72753e-20	2.45155e-20	3.43715e-20	4.75202e-20	6.46497e-20	8.63511e-20	1.12963e-19	1.44378e-19	1.79866e-19	2.17971e-19	2.56571e-19	2.93155e-19	3.25295e-19	3.51190e-19	3.70094e-19	3.82422e-19	3.89490e-19	3.92984e-19	3.94443e-19	3.94944e-19	3.95082e-19	3.95111e-19	3.95116e-19	3.95117e-19	3.95117e-19	3.95117e-19	3.95117e-19	3.95117e-19	3.95117e-19	3.95117e-19	3.95117e-19	3.95117e-19	3.95117e-19	3.95117e-19	3.95117e-19	3.95117e-19	3.95117e-19	3.95117e-19	3.95117e-19	3.95117e-19	3.95117e-19	3.95117e-19	3.95117e-19	3.95117e-19	3.95117e-19	3.95117e-19	3.95117e-19	3.95117e-19	3.95117e-19	3.95117e-19	3.95117e-19	3.95117e-19	3.95117e-19	3.95117e-19	3.95117e-19	3.95117e-19	3.95117e-19	3.95117e-19	3.95117e-19	3.95117e-19	3.95117e-19	3.95117e-19	3.95117e-19	3.95117e-19	3.95117e-19	3.95117e-19	3.95117e-19	3.95117e-19	3.95117e-19	3.95117e-19	3.95117e-19	3.95117e-19	3.95117e-19	3.95117e-19	3.95117e-19	3.95117e-19	3.95117e-19	3.95117e-19	3.95117e-19	3.95117e-19	3.95117e-19	3.95117e-19	3.95117e-19	3.95117e-19	3.95117e-19	3.95117e-19	3.95117e-19	3.95117e-19	3.95117e-19	3.95117e-19	3.95117e-19	3.95117e-19	3.95117e-19	3.95117e-19	3.95117e-19	3.95117e-19	3.95117e-19	3.95117e-19	3.95117e-19	3.95117e-19	3.95117e-19	3.95117e-19	3.95117e-19	3.95117e-19	3.95117e-19	3.95117e-19	3.95117e-19	3.95117e-19	3.95117e-19	3.95117e-19	3.95117e-19	3.95117e-19	3.95117e-19	3.95117e-19	3.95117e-19	3.95117e-19	3.95117e-19	3.95117e-19	3.95117e-19	3.95117e-19	3.95117e-19	3.95117e-19	3.95117e-19	3.95117e-19	3.95117e-19	3.95117e-19	3.95117e-19	3.95117e-19	3.95117e-19	3.95117e-19	3.95117e-19	3.95117e-19	3.95117e-19	3.95117e-19	3.95117e-19	3.95117e-19	3.95117e-19	3.95117e-19	3.95117e-19	3.95117e-19	3.95117e-19
22.67	1.61425e-31	1.50819e-30	3.56827e-30	6.71953e-30	1.15398e-29	1.89131e-29	3.01913e-29	4.74425e-29	7.38295e-29	1.14190e-28	1.75922e-28	2.70341e-28	4.14751e-28	6.35614e-28	9.73394e-28	1.48997e-27	2.27994e-27	3.48794e-27	5.33508e-27	8.15935e-27	1.24773e-26	1.90784e-26	2.91689e-26	4.45915e-26	6.81608e-26	1.04175e-25	1.59194e-25	2.43234e-25	3.71568e-25	5.67495e-25	8.66519e-25	1.32273e-24	2.01849e-24	3.07905e-24	4.69482e-24	7.15493e-24	1.08979e-23	1.65878e-23	2.52293e-23	3.83384e-23	5.81995e-23	8.82448e-23	1.33618e-22	2.01999e-22	3.04816e-22	4.58986e-22	6.89430e-22	1.03261e-21	1.54147e-21	2.29221e-21	3.39329e-21	4.99705e-21	7.31408e-21	1.06298e-20	1.53214e-20	2.18727e-20	3.08787e-20	4.30330e-20	5.90839e-20	7.97460e-20	1.05559e-19	1.36701e-19	1.72775e-19	2.12645e-19	2.54395e-19	2.95490e-19	3.33184e-19	3.65086e-19	3.89718e-19	4.06847e-19	4.17414e-19	4.23098e-19	4.25711e-19	4.26714e-19	4.27027e-19	4.27104e-19	4.27118e-19	4.27120e-19	4.27121e-19	4.27121e-19	4.27121e-19	4.27121e-19	4.27121e-19	4.27121e-19	4.27121e-19	4.27121e-19	4.27121e-19	4.27121e-19	4.27121e-19	4.27121e-19	4.27121e-19	4.27121e-19	4.27121e-19	4.27121e-19	4.27121e-19	4.27121e-19	4.27121e-19	4.27121e-19	4.27121e-19	4.27121e-19	4.27121e-19	4.27121e-19	4.27121e-19	4.27121e-19	4.27121e-19	4.27121e-19	4.27121e-19	4.27121e-19	4.27121e-19	4.27121e-19	4.27121e-19	4.27121e-19	4.27121e-19	4.27121e-19	4.27121e-19	4.27121e-19	4.27121e-19	4.27121e-19	4.27121e-19	4.27121e-19	4.27121e-19	4.27121e-19	4.27121e-19	4.27121e-19	4.27121e-19	4.27121e-19	4.27121e-19	4.27121e-19	4.27121e-19	4.27121e-19	4.27121e-19	4.27121e-19	4.27121e-19	4.27121e-19	4.27121e-19	4.27121e-19	4.27121e-19	4.27121e-19	4.27121e-19	4.27121e-19	4.27121e-19	4.27121e-19	4.27121e-19	4.27121e-19	4.27121e-19	4.27121e-19	4.27121e-19	4.27121e-19	4.27121e-19	4.27121e-19	4.27121e-19	4.27121e-19	4.27121e-19	4.27121e-19	4.27121e-19	4.27121e-19	4.27121e-19	4.27121e-19	4.27121e-19	4.27121e-19	4.27121e-19	4.27121e-19	4.27121e-19	4.27121e-19	4.27121e-19	4.27121e-19	4.27121e-19	4.27121e-19	4.27121e-19	4.27121e-19	4.27121e-19	4.27121e-19	4.27121e-19	4.27121e-19	4.27121e-19	4.27121e-19	4.27121e-19	4.27121e-19	4.27121e-19	4.27121e-19	4.27121e-19	4.27121e-19	4.27121e-19	4.27121e-19	4.27121e-19	4.27121e-19	4.27121e-19	4.27121e-19	4.27121e-19	4.27121e-19	4.27121e-19	4.27121e-19	4.27121e-19	4.27121e-19	4.27121e-19
22.71	1.37988e-31	1.28922e-30	3.05023e-30	5.74399e-30	9.86452e-30	1.61674e-29	2.58084e-29	4.05555e-29	6.31123e-29	9.76145e-29	1.50387e-28	2.31103e-28	3.54557e-28	5.43373e-28	8.32146e-28	1.27378e-27	1.94917e-27	2.98198e-27	4.56129e-27	6.97614e-27	1.06683e-26	1.63130e-26	2.49419e-26	3.81315e-26	5.82898e-26	8.90942e-26	1.36160e-25	2.08058e-25	3.17867e-25	4.85535e-25	7.41476e-25	1.13204e-24	1.72780e-24	2.63619e-24	4.02056e-24	6.12910e-24	9.33846e-24	1.42196e-23	2.16368e-23	3.28959e-23	4.99665e-23	7.58128e-23	1.14883e-22	1.73834e-22	2.62589e-22	3.95883e-22	5.95482e-22	8.93354e-22	1.33613e-21	1.99125e-21	2.95534e-21	4.36513e-21	6.41141e-21	9.35570e-21	1.35488e-20	1.94484e-20	2.76315e-20	3.87924e-20	5.37158e-20	7.32092e-20	9.79829e-20	1.28473e-19	1.64620e-19	2.05655e-19	2.49965e-19	2.95143e-19	3.38278e-19	3.76493e-19	4.07580e-19	4.30523e-19	4.45675e-19	4.54486e-19	4.58916e-19	4.60799e-19	4.61461e-19	4.61648e-19	4.61688e-19	4.61695e-19	4.61696e-19	4.61696e-19	4.61696e-19	4.61696e-19	4.61696e-19	4.61696e-19	4.61696e-19	4.61696e-19	4.61696e-19	4.61696e-19	4.61696e-19	4.61696e-19	4.61696e-19	4.61696e-19	4.61696e-19	4.61696e-19	4.61696e-19	4.61696e-19	4.61696e-19	4.61696e-19	4.61696e-19	4.61696e-19	4.61696e-19	4.61696e-19	4.61696e-19	4.61696e-19	4.61696e-19	4.61696e-19	4.61696e-19	4.61696e-19	4.61696e-19	4.61696e-19	4.61696e-19	4.61696e-19	4.61696e-19	4.61696e-19	4.61696e-19	4.61696e-19	4.61696e-19	4.61696e-19	4.61696e-19	4.61696e-19	4.61696e-19	4.61696e-19	4.61696e-19	4.61696e-19	4.61696e-19	4.61696e-19	4.61696e-19	4.61696e-19	4.61696e-19	4.61696e-19	4.61696e-19	4.61696e-19	4.61696e-19	4.61696e-19	4.61696e-19	4.61696e-19	4.61696e-19	4.61696e-19	4.61696e-19	4.61696e-19	4.61696e-19	4.61696e-19	4.61696e-19	4.61696e-19	4.61696e-19	4.61696e-19	4.61696e-19	4.61696e-19	4.61696e-19	4.61696e-19	4.61696e-19	4.61696e-19	4.61696e-19	4.61696e-19	4.61696e-19	4.61696e-19	4.61696e-19	4.61696e-19	4.61696e-19	4.61696e-19	4.61696e-19	4.61696e-19	4.61696e-19	4.61696e-19	4.61696e-19	4.61696e-19	4.61696e-19	4.61696e-19	4.61696e-19	4.61696e-19	4.61696e-19	4.61696e-19	4.61696e-19	4.61696e-19	4.61696e-19	4.61696e-19	4.61696e-19	4.61696e-19	4.61696e-19	4.61696e-19	4.61696e-19	4.61696e-19	4.61696e-19	4.61696e-19	4.61696e-19	4.61696e-19	4.61696e-19	4.61696e-19	4.61696e-19	4.61696e-19	4.61696e-19	4.61696e-19	4.61696e-19	4.61696e-19	4.61696e-19
22.74	1.17954e-31	1.10205e-30	2.60738e-30	4.91007e-30	8.43240e-30	1.38203e-29	2.20618e-29	3.46681e-29	5.39507e-29	8.34449e-29	1.28558e-28	1.97560e-28	3.03098e-28	4.64515e-28	7.11389e-28	1.08895e-27	1.66637e-27	2.54938e-27	3.89967e-27	5.96440e-27	9.12139e-27	1.39481e-26	2.13270e-26	3.26065e-26	4.98466e-26	7.61939e-26	1.16453e-25	1.77960e-25	2.71910e-25	4.15383e-25	6.34427e-25	9.68745e-25	1.47883e-24	2.25676e-24	3.44266e-24	5.24949e-24	8.00069e-24	1.21868e-23	1.85512e-23	2.82178e-23	4.28839e-23	6.51071e-23	9.87314e-23	1.49519e-22	2.26077e-22	3.41219e-22	5.13922e-22	7.72158e-22	1.15688e-21	1.72762e-21	2.57013e-21	3.80660e-21	5.60896e-21	8.21527e-21	1.19489e-20	1.72386e-20	2.46359e-20	3.48228e-20	4.85993e-20	6.68367e-20	9.03808e-20	1.19893e-19	1.55637e-19	1.97230e-19	2.43440e-19	2.92120e-19	3.40366e-19	3.84966e-19	4.23050e-19	4.52757e-19	4.73655e-19	4.86720e-19	4.93855e-19	4.97192e-19	4.98499e-19	4.98917e-19	4.99022e-19	4.99043e-19	4.99046e-19	4.99046e-19	4.99046e-19	4.99046e-19	4.99046e-19	4.99046e-19	4.99046e-19	4.99046e-19	4.99046e-19	4.99046e-19	4.99046e-19	4.99046e-19	4.99046e-19	4.99046e-19	4.99046e-19	4.99046e-19	4.99046e-19	4.99046e-19	4.99046e-19	4.99046e-19	4.99046e-19	4.99046e-19	4.99046e-19	4.99046e-19	4.99046e-19	4.99046e-19	4.99046e-19	4.99046e-19	4.99046e-19	4.99046e-19	4.99046e-19	4.99046e-19	4.99046e-19	4.99046e-19	4.99046e-19	4.99046e-19	4.99046e-19	4.99046e-19	4.99046e-19	4.99046e-19	4.99046e-19	4.99046e-19	4.99046e-19	4.99046e-19	4.99046e-19	4.99046e-19	4.99046e-19	4.99046e-19	4.99046e-19	4.99046e-19	4.99046e-19	4.99046e-19	4.99046e-19	4.99046e-19	4.99046e-19	4.99046e-19	4.99046e-19	4.99046e-19	4.99046e-19	4.99046e-19	4.99046e-19	4.99046e-19	4.99046e-19	4.99046e-19	4.99046e-19	4.99046e-19	4.99046e-19	4.99046e-19	4.99046e-19	4.99046e-19	4.99046e-19	4.99046e-19	4.99046e-19	4.99046e-19	4.99046e-19	4.99046e-19	4.99046e-19	4.99046e-19	4.99046e-19	4.99046e-19	4.99046e-19	4.99046e-19	4.99046e-19	4.99046e-19	4.99046e-19	4.99046e-19	4.99046e-19	4.99046e-19	4.99046e-19	4.99046e-19	4.99046e-19	4.99046e-19	4.99046e-19	4.99046e-19	4.99046e-19	4.99046e-19	4.99046e-19	4.99046e-19	4.99046e-19	4.99046e-19	4.99046e-19	4.99046e-19	4.99046e-19	4.99046e-19	4.99046e-19	4.99046e-19	4.99046e-19	4.99046e-19	4.99046e-19	4.99046e-19	4.99046e-19	4.99046e-19	4.99046e-19	4.99046e-19	4.99046e-19	4.99046e-19	4.99046e-19
22.78	1.00829e-31	9.42047e-31	2.22883e-30	4.19721e-30	7.20818e-30	1.18139e-29	1.88589e-29	2.96353e-29	4.61188e-29	7.13319e-29	1.09897e-28	1.68884e-28	2.59106e-28	3.97098e-28	6.08150e-28	9.30933e-28	1.42458e-27	2.17951e-27	3.33398e-27	5.09932e-27	7.79864e-27	1.19258e-26	1.82355e-26	2.78812e-26	4.26251e-26	6.51591e-26	9.95945e-26	1.52209e-25	2.32585e-25	3.55345e-25	5.42793e-25	8.28937e-25	1.26560e-24	1.93172e-24	2.94744e-24	4.49545e-24	6.85338e-24	1.04426e-23	1.59019e-23	2.41985e-23	3.67939e-23	5.58933e-23	8.48154e-23	1.28543e-22	1.94535e-22	2.93914e-22	4.43205e-22	6.66829e-22	1.00068e-21	1.49716e-21	2.23211e-21	3.31433e-21	4.89798e-21	7.19850e-21	1.05118e-20	1.52359e-20	2.18916e-20	3.11381e-20	4.37733e-20	6.07052e-20	8.28804e-20	1.11149e-19	1.46064e-19	1.87631e-19	2.35046e-19	2.86531e-19	3.39358e-19	3.90165e-19	4.35549e-19	4.72818e-19	5.00622e-19	5.19210e-19	5.30173e-19	5.35774e-19	5.38200e-19	5.39071e-19	5.39322e-19	5.39379e-19	5.39388e-19	5.39389e-19	5.39389e-19	5.39389e-19	5.39389e-19	5.39389e-19	5.39389e-19	5.39389e-19	5.39389e-19	5.39389e-19	5.39389e-19	5.39389e-19	5.39389e-19	5.39389e-19	5.39389e-19	5.39389e-19	5.39389e-19	5.39389e-19	5.39389e-19	5.39389e-19	5.39389e-19	5.39389e-19	5.39389e-19	5.39389e-19	5.39389e-19	5.39389e-19	5.39389e-19	5.39389e-19	5.39389e-19	5.39389e-19	5.39389e-19	5.39389e-19	5.39389e-19	5.39389e-19	5.39389e-19	5.39389e-19	5.39389e-19	5.39389e-19	5.39389e-19	5.39389e-19	5.39389e-19	5.39389e-19	5.39389e-19	5.39389e-19	5.39389e-19	5.39389e-19	5.39389e-19	5.39389e-19	5.39389e-19	5.39389e-19	5.39389e-19	5.39389e-19	5.39389e-19	5.39389e-19	5.39389e-19	5.39389e-19	5.39389e-19	5.39389e-19	5.39389e-19	5.39389e-19	5.39389e-19	5.39389e-19	5.39389e-19	5.39389e-19	5.39389e-19	5.39389e-19	5.39389e-19	5.39389e-19	5.39389e-19	5.39389e-19	5.39389e-19	5.39389e-19	5.39389e-19	5.39389e-19	5.39389e-19	5.39389e-19	5.39389e-19	5.39389e-19	5.39389e-19	5.39389e-19	5.39389e-19	5.39389e-19	5.39389e-19	5.39389e-19	5.39389e-19	5.39389e-19	5.39389e-19	5.39389e-19	5.39389e-19	5.39389e-19	5.39389e-19	5.39389e-19	5.39389e-19	5.39389e-19	5.39389e-19	5.39389e-19	5.39389e-19	5.39389e-19	5.39389e-19	5.39389e-19	5.39389e-19	5.39389e-19	5.39389e-19	5.39389e-19	5.39389e-19	5.39389e-19	5.39389e-19	5.39389e-19	5.39389e-19	5.39389e-19	5.39389e-19	5.39389e-19	5.39389e-19	5.39389e-19	5.39389e-19	5.39389e-19	5.39389e-19
22.81	8.61897e-32	8.05273e-31	1.90524e-30	3.58784e-30	6.16168e-30	1.00987e-29	1.61211e-29	2.53330e-29	3.94238e-29	6.09770e-29	9.39444e-29	1.44370e-28	2.21498e-28	3.39464e-28	5.19890e-28	7.95839e-28	1.21787e-27	1.86329e-27	2.85031e-27	4.35965e-27	6.66760e-27	1.01965e-26	1.55918e-26	2.38401e-26	3.64487e-26	5.57205e-26	8.51732e-26	1.30178e-25	1.98937e-25	3.03966e-25	4.64362e-25	7.09250e-25	1.08303e-24	1.65333e-24	2.52315e-24	3.84918e-24	5.86965e-24	8.94635e-24	1.36281e-23	2.07466e-23	3.15598e-23	4.79676e-23	7.28333e-23	1.10462e-22	1.67308e-22	2.53019e-22	3.81957e-22	5.75412e-22	8.64776e-22	1.29605e-21	1.93615e-21	2.88155e-21	4.26993e-21	6.29524e-21	9.22654e-21	1.34301e-20	1.93930e-20	2.77438e-20	3.92634e-20	5.48737e-20	7.55880e-20	1.02405e-19	1.36130e-19	1.77133e-19	2.25057e-19	2.78576e-19	3.35287e-19	3.91873e-19	4.44585e-19	4.89992e-19	5.25765e-19	5.51220e-19	5.67341e-19	5.76278e-19	5.80531e-19	5.82229e-19	5.82784e-19	5.82928e-19	5.82957e-19	5.82961e-19	5.82961e-19	5.82961e-19	5.82961e-19	5.82961e-19	5.82961e-19	5.82961e-19	5.82961e-19	5.82961e-19	5.82961e-19	5.82961e-19	5.82961e-19	5.82961e-19	5.82961e-19	5.82961e-19	5.82961e-19	5.82961e-19	5.82961e-19	5.82961e-19	5.82961e-19	5.82961e-19	5.82961e-19	5.82961e-19	5.82961e-19	5.82961e-19	5.82961e-19	5.82961e-19	5.82961e-19	5.82961e-19	5.82961e-19	5.82961e-19	5.82961e-19	5.82961e-19	5.82961e-19	5.82961e-19	5.82961e-19	5.82961e-19	5.82961e-19	5.82961e-19	5.82961e-19	5.82961e-19	5.82961e-19	5.82961e-19	5.82961e-19	5.82961e-19	5.82961e-19	5.82961e-19	5.82961e-19	5.82961e-19	5.82961e-19	5.82961e-19	5.82961e-19	5.82961e-19	5.82961e-19	5.82961e-19	5.82961e-19	5.82961e-19	5.82961e-19	5.82961e-19	5.82961e-19	5.82961e-19	5.82961e-19	5.82961e-19	5.82961e-19	5.82961e-19	5.82961e-19	5.82961e-19	5.82961e-19	5.82961e-19	5.82961e-19	5.82961e-19	5.82961e-19	5.82961e-19	5.82961e-19	5.82961e-19	5.82961e-19	5.82961e-19	5.82961e-19	5.82961e-19	5.82961e-19	5.82961e-19	5.82961e-19	5.82961e-19	5.82961e-19	5.82961e-19	5.82961e-19	5.82961e-19	5.82961e-19	5.82961e-19	5.82961e-19	5.82961e-19	5.82961e-19	5.82961e-19	5.82961e-19	5.82961e-19	5.82961e-19	5.82961e-19	5.82961e-19	5.82961e-19	5.82961e-19	5.82961e-19	5.82961e-19	5.82961e-19	5.82961e-19	5.82961e-19	5.82961e-19	5.82961e-19	5.82961e-19	5.82961e-19	5.82961e-19	5.82961e-19	5.82961e-19	5.82961e-19	5.82961e-19	5.82961e-19	5.82961e-19
22.84	7.36759e-32	6.88357e-31	1.62862e-30	3.06694e-30	5.26710e-30	8.63259e-30	1.37806e-29	2.16553e-29	3.37005e-29	5.21251e-29	8.03072e-29	1.23414e-28	1.89347e-28	2.90194e-28	4.44437e-28	6.80344e-28	1.04114e-27	1.59293e-27	2.43678e-27	3.72722e-27	5.70051e-27	8.71780e-27	1.33311e-26	2.03842e-26	3.11665e-26	4.76477e-26	7.28375e-26	1.11332e-25	1.70149e-25	2.60002e-25	3.97240e-25	6.06800e-25	9.26709e-25	1.41492e-24	2.15970e-24	3.29540e-24	5.02639e-24	7.66318e-24	1.16772e-23	1.77831e-23	2.70632e-23	4.11533e-23	6.25220e-23	9.48853e-23	1.43824e-22	2.17695e-22	3.28966e-22	4.96166e-22	7.46696e-22	1.12085e-21	1.67750e-21	2.50195e-21	3.71666e-21	5.49541e-21	8.08144e-21	1.18095e-20	1.71309e-20	2.46380e-20	3.50836e-20	4.93836e-20	6.85882e-20	9.38040e-20	1.26045e-19	1.66007e-19	2.13778e-19	2.68526e-19	3.28298e-19	3.90013e-19	4.49792e-19	5.03626e-19	5.48245e-19	5.81885e-19	6.04648e-19	6.18260e-19	6.25325e-19	6.28442e-19	6.29583e-19	6.29921e-19	6.29999e-19	6.30013e-19	6.30015e-19	6.30015e-19	6.30015e-19	6.30015e-19	6.30015e-19	6.30015e-19	6.30015e-19	6.30015e-19	6.30015e-19	6.30015e-19	6.30015e-19	6.30015e-19	6.30015e-19	6.30015e-19	6.30015e-19	6.30015e-19	6.30015e-19	6.30015e-19	6.30015e-19	6.30015e-19	6.30015e-19	6.30015e-19	6.30015e-19	6.30015e-19	6.30015e-19	6.30015e-19	6.30015e-19	6.30015e-19	6.30015e-19	6.30015e-19	6.30015e-19	6.30015e-19	6.30015e-19	6.30015e-19	6.30015e-19	6.30015e-19	6.30015e-19	6.30015e-19	6.30015e-19	6.30015e-19	6.30015e-19	6.30015e-19	6.30015e-19	6.30015e-19	6.30015e-19	6.30015e-19	6.30015e-19	6.30015e-19	6.30015e-19	6.30015e-19	6.30015e-19	6.30015e-19	6.30015e-19	6.30015e-19	6.30015e-19	6.30015e-19	6.30015e-19	6.30015e-19	6.30015e-19	6.30015e-19	6.30015e-19	6.30015e-19	6.30015e-19	6.30015e-19	6.30015e-19	6.30015e-19	6.30015e-19	6.30015e-19	6.30015e-19	6.30015e-19	6.30015e-19	6.30015e-19	6.30015e-19	6.30015e-19	6.30015e-19	6.30015e-19	6.30015e-19	6.30015e-19	6.30015e-19	6.30015e-19	6.30015e-19	6.30015e-19	6.30015e-19	6.30015e-19	6.30015e-19	6.30015e-19	6.30015e-19	6.30015e-19	6.30015e-19	6.30015e-19	6.30015e-19	6.30015e-19	6.30015e-19	6.30015e-19	6.30015e-19	6.30015e-19	6.30015e-19	6.30015e-19	6.30015e-19	6.30015e-19	6.30015e-19	6.30015e-19	6.30015e-19	6.30015e-19	6.30015e-19	6.30015e-19	6.30015e-19	6.30015e-19	6.30015e-19	6.30015e-19	6.30015e-19	6.30015e-19	6.30015e-19	6.30015e-19	6.30015e-19
22.88	6.29789e-32	5.88415e-31	1.39217e-30	2.62166e-30	4.50240e-30	7.37929e-30	1.17799e-29	1.85114e-29	2.88081e-29	4.45581e-29	6.86493e-29	1.05499e-28	1.61863e-28	2.48073e-28	3.79932e-28	5.81606e-28	8.90053e-28	1.36179e-27	2.08322e-27	3.18649e-27	4.87362e-27	7.45343e-27	1.13980e-26	1.74290e-26	2.66491e-26	4.07434e-26	6.22863e-26	9.52103e-26	1.45521e-25	2.22386e-25	3.39800e-25	5.19115e-25	7.92894e-25	1.21078e-24	1.84841e-24	2.82096e-24	4.30368e-24	6.56302e-24	1.00037e-23	1.52397e-23	2.32016e-23	3.52972e-23	5.36531e-23	8.14748e-23	1.23583e-22	1.87209e-22	2.83163e-22	4.27545e-22	6.44235e-22	9.68462e-22	1.45188e-21	2.16971e-21	3.23048e-21	4.78927e-21	7.06483e-21	1.03612e-20	1.50931e-20	2.18135e-20	3.12385e-20	4.42617e-20	6.19445e-20	8.54637e-20	1.15995e-19	1.54515e-19	2.01523e-19	2.56707e-19	3.18642e-19	3.84652e-19	4.50952e-19	5.13182e-19	5.67248e-19	6.10263e-19	6.41214e-19	6.61070e-19	6.72239e-19	6.77643e-19	6.79844e-19	6.80579e-19	6.80775e-19	6.80815e-19	6.80821e-19	6.80822e-19	6.80822e-19	6.80822e-19	6.80822e-19	6.80822e-19	6.80822e-19	6.80822e-19	6.80822e-19	6.80822e-19	6.80822e-19	6.80822e-19	6.80822e-19	6.80822e-19	6.80822e-19	6.80822e-19	6.80822e-19	6.80822e-19	6.80822e-19	6.80822e-19	6.80822e-19	6.80822e-19	6.80822e-19	6.80822e-19	6.80822e-19	6.80822e-19	6.80822e-19	6.80822e-19	6.80822e-19	6.80822e-19	6.80822e-19	6.80822e-19	6.80822e-19	6.80822e-19	6.80822e-19	6.80822e-19	6.80822e-19	6.80822e-19	6.80822e-19	6.80822e-19	6.80822e-19	6.80822e-19	6.80822e-19	6.80822e-19	6.80822e-19	6.80822e-19	6.80822e-19	6.80822e-19	6.80822e-19	6.80822e-19	6.80822e-19	6.80822e-19	6.80822e-19	6.80822e-19	6.80822e-19	6.80822e-19	6.80822e-19	6.80822e-19	6.80822e-19	6.80822e-19	6.80822e-19	6.80822e-19	6.80822e-19	6.80822e-19	6.80822e-19	6.80822e-19	6.80822e-19	6.80822e-19	6.80822e-19	6.80822e-19	6.80822e-19	6.80822e-19	6.80822e-19	6.80822e-19	6.80822e-19	6.80822e-19	6.80822e-19	6.80822e-19	6.80822e-19	6.80822e-19	6.80822e-19	6.80822e-19	6.80822e-19	6.80822e-19	6.80822e-19	6.80822e-19	6.80822e-19	6.80822e-19	6.80822e-19	6.80822e-19	6.80822e-19	6.80822e-19	6.80822e-19	6.80822e-19	6.80822e-19	6.80822e-19	6.80822e-19	6.80822e-19	6.80822e-19	6.80822e-19	6.80822e-19	6.80822e-19	6.80822e-19	6.80822e-19	6.80822e-19	6.80822e-19	6.80822e-19	6.80822e-19	6.80822e-19	6.80822e-19	6.80822e-19	6.80822e-19	6.80822e-19	6.80822e-19	6.80822e-19
22.91	5.38349e-32	5.02983e-31	1.19004e-30	2.24103e-30	3.84871e-30	6.30793e-30	1.00697e-29	1.58239e-29	2.46258e-29	3.80895e-29	5.86836e-29	9.01843e-29	1.38367e-28	2.12065e-28	3.24787e-28	4.97195e-28	7.60884e-28	1.16417e-27	1.78095e-27	2.72418e-27	4.16662e-27	6.37234e-27	9.74506e-27	1.49019e-26	2.27860e-26	3.48386e-26	5.32620e-26	8.14204e-26	1.24452e-25	1.90203e-25	2.90651e-25	4.44073e-25	6.78354e-25	1.03601e-24	1.58184e-24	2.41456e-24	3.68443e-24	5.61999e-24	8.56859e-24	1.30576e-23	1.98866e-23	3.02666e-23	4.60286e-23	6.99356e-23	1.06149e-22	1.60918e-22	2.43606e-22	3.68187e-22	5.55436e-22	8.36093e-22	1.25540e-21	1.87947e-21	2.80423e-21	4.16752e-21	6.16518e-21	9.07177e-21	1.32659e-20	1.92589e-20	2.77246e-20	3.95219e-20	5.57014e-20	7.74762e-20	1.06138e-19	1.42894e-19	1.88608e-19	2.43472e-19	3.06643e-19	3.75980e-19	4.48010e-19	5.18269e-19	5.82047e-19	6.35390e-19	6.76026e-19	7.03850e-19	7.20716e-19	7.29606e-19	7.33599e-19	7.35092e-19	7.35544e-19	7.35652e-19	7.35671e-19	7.35673e-19	7.35674e-19	7.35674e-19	7.35674e-19	7.35674e-19	7.35674e-19	7.35674e-19	7.35674e-19	7.35674e-19	7.35674e-19	7.35674e-19	7.35674e-19	7.35674e-19	7.35674e-19	7.35674e-19	7.35674e-19	7.35674e-19	7.35674e-19	7.35674e-19	7.35674e-19	7.35674e-19	7.35674e-19	7.35674e-19	7.35674e-19	7.35674e-19	7.35674e-19	7.35674e-19	7.35674e-19	7.35674e-19	7.35674e-19	7.35674e-19	7.35674e-19	7.35674e-19	7.35674e-19	7.35674e-19	7.35674e-19	7.35674e-19	7.35674e-19	7.35674e-19	7.35674e-19	7.35674e-19	7.35674e-19	7.35674e-19	7.35674e-19	7.35674e-19	7.35674e-19	7.35674e-19	7.35674e-19	7.35674e-19	7.35674e-19	7.35674e-19	7.35674e-19	7.35674e-19	7.35674e-19	7.35674e-19	7.35674e-19	7.35674e-19	7.35674e-19	7.35674e-19	7.35674e-19	7.35674e-19	7.35674e-19	7.35674e-19	7.35674e-19	7.35674e-19	7.35674e-19	7.35674e-19	7.35674e-19	7.35674e-19	7.35674e-19	7.35674e-19	7.35674e-19	7.35674e-19	7.35674e-19	7.35674e-19	7.35674e-19	7.35674e-19	7.35674e-19	7.35674e-19	7.35674e-19	7.35674e-19	7.35674e-19	7.35674e-19	7.35674e-19	7.35674e-19	7.35674e-19	7.35674e-19	7.35674e-19	7.35674e-19	7.35674e-19	7.35674e-19	7.35674e-19	7.35674e-19	7.35674e-19	7.35674e-19	7.35674e-19	7.35674e-19	7.35674e-19	7.35674e-19	7.35674e-19	7.35674e-19	7.35674e-19	7.35674e-19	7.35674e-19	7.35674e-19	7.35674e-19	7.35674e-19	7.35674e-19	7.35674e-19	7.35674e-19	7.35674e-19	7.35674e-19	7.35674e-19	7.35674e-19
22.95	4.60185e-32	4.29954e-31	1.01726e-30	1.91566e-30	3.28993e-30	5.39211e-30	8.60775e-30	1.35266e-29	2.10507e-29	3.25598e-29	5.01644e-29	7.70926e-29	1.18281e-28	1.81282e-28	2.77645e-28	4.25032e-28	6.50456e-28	9.95229e-28	1.52252e-27	2.32892e-27	3.56214e-27	5.44799e-27	8.33168e-27	1.27410e-26	1.94824e-26	2.97888e-26	4.55439e-26	6.96255e-26	1.06430e-25	1.62670e-25	2.48598e-25	3.79857e-25	5.80321e-25	8.86400e-25	1.35360e-24	2.06651e-24	3.15391e-24	4.81182e-24	7.33824e-24	1.11859e-23	1.70417e-23	2.59468e-23	3.94767e-23	6.00115e-23	9.11399e-23	1.38261e-22	2.09473e-22	3.16889e-22	4.78559e-22	7.21262e-22	1.08453e-21	1.62637e-21	2.43130e-21	3.62142e-21	5.37134e-21	7.92777e-21	1.16341e-20	1.69599e-20	2.45325e-20	3.51674e-20	4.98866e-20	6.99106e-20	9.66044e-20	1.31350e-19	1.75325e-19	2.29186e-19	2.92685e-19	3.64304e-19	4.41069e-19	5.18673e-19	5.92052e-19	6.56344e-19	7.07988e-19	7.45558e-19	7.69963e-19	7.83890e-19	7.90741e-19	7.93584e-19	7.94554e-19	7.94819e-19	7.94875e-19	7.94884e-19	7.94885e-19	7.94885e-19	7.94885e-19	7.94885e-19	7.94885e-19	7.94885e-19	7.94885e-19	7.94885e-19	7.94885e-19	7.94885e-19	7.94885e-19	7.94885e-19	7.94885e-19	7.94885e-19	7.94885e-19	7.94885e-19	7.94885e-19	7.94885e-19	7.94885e-19	7.94885e-19	7.94885e-19	7.94885e-19	7.94885e-19	7.94885e-19	7.94885e-19	7.94885e-19	7.94885e-19	7.94885e-19	7.94885e-19	7.94885e-19	7.94885e-19	7.94885e-19	7.94885e-19	7.94885e-19	7.94885e-19	7.94885e-19	7.94885e-19	7.94885e-19	7.94885e-19	7.94885e-19	7.94885e-19	7.94885e-19	7.94885e-19	7.94885e-19	7.94885e-19	7.94885e-19	7.94885e-19	7.94885e-19	7.94885e-19	7.94885e-19	7.94885e-19	7.94885e-19	7.94885e-19	7.94885e-19	7.94885e-19	7.94885e-19	7.94885e-19	7.94885e-19	7.94885e-19	7.94885e-19	7.94885e-19	7.94885e-19	7.94885e-19	7.94885e-19	7.94885e-19	7.94885e-19	7.94885e-19	7.94885e-19	7.94885e-19	7.94885e-19	7.94885e-19	7.94885e-19	7.94885e-19	7.94885e-19	7.94885e-19	7.94885e-19	7.94885e-19	7.94885e-19	7.94885e-19	7.94885e-19	7.94885e-19	7.94885e-19	7.94885e-19	7.94885e-19	7.94885e-19	7.94885e-19	7.94885e-19	7.94885e-19	7.94885e-19	7.94885e-19	7.94885e-19	7.94885e-19	7.94885e-19	7.94885e-19	7.94885e-19	7.94885e-19	7.94885e-19	7.94885e-19	7.94885e-19	7.94885e-19	7.94885e-19	7.94885e-19	7.94885e-19	7.94885e-19	7.94885e-19	7.94885e-19	7.94885e-19	7.94885e-19	7.94885e-19	7.94885e-19	7.94885e-19	7.94885e-19	7.94885e-19
22.98	3.93370e-32	3.67528e-31	8.69560e-31	1.63752e-30	2.81227e-30	4.60924e-30	7.35804e-30	1.15628e-29	1.79946e-29	2.78329e-29	4.28819e-29	6.59011e-29	1.01111e-28	1.54968e-28	2.37344e-28	3.63341e-28	5.56052e-28	8.50795e-28	1.30158e-27	1.99099e-27	3.04532e-27	4.65766e-27	7.12319e-27	1.08932e-26	1.66575e-26	2.54704e-26	3.89431e-26	5.95375e-26	9.10143e-26	1.39118e-25	2.12620e-25	3.24911e-25	4.96426e-25	7.58341e-25	1.15820e-24	1.76845e-24	2.69949e-24	4.11935e-24	6.28365e-24	9.58090e-24	1.46010e-23	2.22386e-23	3.38488e-23	5.14806e-23	7.82268e-23	1.18746e-22	1.80040e-22	2.72594e-22	4.12071e-22	6.21763e-22	9.36153e-22	1.40602e-21	2.10563e-21	3.14283e-21	4.67271e-21	6.91597e-21	1.01824e-20	1.49000e-20	2.16483e-20	3.11929e-20	4.45134e-20	6.28140e-20	8.74945e-20	1.20061e-19	1.61942e-19	2.14207e-19	2.77179e-19	3.50015e-19	4.30379e-19	5.14366e-19	5.96851e-19	6.72316e-19	7.35996e-19	7.85003e-19	8.18951e-19	8.39802e-19	8.50963e-19	8.56064e-19	8.58009e-19	8.58612e-19	8.58759e-19	8.58787e-19	8.58790e-19	8.58791e-19	8.58791e-19	8.58791e-19	8.58791e-19	8.58791e-19	8.58791e-19	8.58791e-19	8.58791e-19	8.58791e-19	8.58791e-19	8.58791e-19	8.58791e-19	8.58791e-19	8.58791e-19	8.58791e-19	8.58791e-19	8.58791e-19	8.58791e-19	8.58791e-19	8.58791e-19	8.58791e-19	8.58791e-19	8.58791e-19	8.58791e-19	8.58791e-19	8.58791e-19	8.58791e-19	8.58791e-19	8.58791e-19	8.58791e-19	8.58791e-19	8.58791e-19	8.58791e-19	8.58791e-19	8.58791e-19	8.58791e-19	8.58791e-19	8.58791e-19	8.58791e-19	8.58791e-19	8.58791e-19	8.58791e-19	8.58791e-19	8.58791e-19	8.58791e-19	8.58791e-19	8.58791e-19	8.58791e-19	8.58791e-19	8.58791e-19	8.58791e-19	8.58791e-19	8.58791e-19	8.58791e-19	8.58791e-19	8.58791e-19	8.58791e-19	8.58791e-19	8.58791e-19	8.58791e-19	8.58791e-19	8.58791e-19	8.58791e-19	8.58791e-19	8.58791e-19	8.58791e-19	8.58791e-19	8.58791e-19	8.58791e-19	8.58791e-19	8.58791e-19	8.58791e-19	8.58791e-19	8.58791e-19	8.58791e-19	8.58791e-19	8.58791e-19	8.58791e-19	8.58791e-19	8.58791e-19	8.58791e-19	8.58791e-19	8.58791e-19	8.58791e-19	8.58791e-19	8.58791e-19	8.58791e-19	8.58791e-19	8.58791e-19	8.58791e-19	8.58791e-19	8.58791e-19	8.58791e-19	8.58791e-19	8.58791e-19	8.58791e-19	8.58791e-19	8.58791e-19	8.58791e-19	8.58791e-19	8.58791e-19	8.58791e-19	8.58791e-19	8.58791e-19	8.58791e-19	8.58791e-19	8.58791e-19	8.58791e-19	8.58791e-19	8.58791e-19	8.58791e-19	8.58791e-19
23.01	3.36255e-32	3.14166e-31	7.43307e-31	1.39977e-30	2.40396e-30	3.94004e-30	6.28975e-30	9.88404e-30	1.53821e-29	2.37922e-29	3.66565e-29	5.63342e-29	8.64332e-29	1.32472e-28	2.02892e-28	3.10602e-28	4.75346e-28	7.27318e-28	1.11269e-27	1.70208e-27	2.60346e-27	3.98193e-27	6.08990e-27	9.31327e-27	1.42420e-26	2.17776e-26	3.32983e-26	5.09097e-26	7.78291e-26	1.18971e-25	1.81841e-25	2.77898e-25	4.24635e-25	6.48742e-25	9.90928e-25	1.51326e-24	2.31032e-24	3.52613e-24	5.37991e-24	8.20495e-24	1.25077e-23	1.90565e-23	2.90164e-23	4.41504e-23	6.71223e-23	1.01950e-22	1.54677e-22	2.34377e-22	3.54621e-22	5.35640e-22	8.07466e-22	1.21445e-21	1.82173e-21	2.72426e-21	4.05936e-21	6.02365e-21	8.89524e-21	1.30619e-20	1.90550e-20	2.75862e-20	3.95836e-20	5.62148e-20	7.88828e-20	1.09168e-19	1.48692e-19	1.98867e-19	2.60545e-19	3.33561e-19	4.16313e-19	5.05503e-19	5.96242e-19	6.82664e-19	7.59012e-19	8.20920e-19	8.66442e-19	8.96379e-19	9.13705e-19	9.22367e-19	9.26028e-19	9.27305e-19	9.27661e-19	9.27739e-19	9.27751e-19	9.27753e-19	9.27753e-19	9.27753e-19	9.27753e-19	9.27753e-19	9.27753e-19	9.27753e-19	9.27753e-19	9.27753e-19	9.27753e-19	9.27753e-19	9.27753e-19	9.27753e-19	9.27753e-19	9.27753e-19	9.27753e-19	9.27753e-19	9.27753e-19	9.27753e-19	9.27753e-19	9.27753e-19	9.27753e-19	9.27753e-19	9.27753e-19	9.27753e-19	9.27753e-19	9.27753e-19	9.27753e-19	9.27753e-19	9.27753e-19	9.27753e-19	9.27753e-19	9.27753e-19	9.27753e-19	9.27753e-19	9.27753e-19	9.27753e-19	9.27753e-19	9.27753e-19	9.27753e-19	9.27753e-19	9.27753e-19	9.27753e-19	9.27753e-19	9.27753e-19	9.27753e-19	9.27753e-19	9.27753e-19	9.27753e-19	9.27753e-19	9.27753e-19	9.27753e-19	9.27753e-19	9.27753e-19	9.27753e-19	9.27753e-19	9.27753e-19	9.27753e-19	9.27753e-19	9.27753e-19	9.27753e-19	9.27753e-19	9.27753e-19	9.27753e-19	9.27753e-19	9.27753e-19	9.27753e-19	9.27753e-19	9.27753e-19	9.27753e-19	9.27753e-19	9.27753e-19	9.27753e-19	9.27753e-19	9.27753e-19	9.27753e-19	9.27753e-19	9.27753e-19	9.27753e-19	9.27753e-19	9.27753e-19	9.27753e-19	9.27753e-19	9.27753e-19	9.27753e-19	9.27753e-19	9.27753e-19	9.27753e-19	9.27753e-19	9.27753e-19	9.27753e-19	9.27753e-19	9.27753e-19	9.27753e-19	9.27753e-19	9.27753e-19	9.27753e-19	9.27753e-19	9.27753e-19	9.27753e-19	9.27753e-19	9.27753e-19	9.27753e-19	9.27753e-19	9.27753e-19	9.27753e-19	9.27753e-19	9.27753e-19	9.27753e-19	9.27753e-19	9.27753e-19	9.27753e-19
23.05	2.87433e-32	2.68551e-31	6.35384e-31	1.19653e-30	2.05493e-30	3.36799e-30	5.37656e-30	8.44902e-30	1.31489e-29	2.03380e-29	3.13348e-29	4.81559e-29	7.38857e-29	1.13242e-28	1.73441e-28	2.65517e-28	4.06352e-28	6.21757e-28	9.51211e-28	1.45508e-27	2.22569e-27	3.40420e-27	5.20644e-27	7.96238e-27	1.21765e-26	1.86198e-26	2.84710e-26	4.35311e-26	6.65521e-26	1.01738e-25	1.55512e-25	2.37678e-25	3.63208e-25	5.54949e-25	8.47757e-25	1.29479e-24	1.97707e-24	3.01803e-24	4.60558e-24	7.02562e-24	1.07127e-23	1.63267e-23	2.48686e-23	3.78544e-23	5.75774e-23	8.74995e-23	1.32837e-22	2.01428e-22	3.05023e-22	4.61170e-22	6.95984e-22	1.04814e-21	1.57463e-21	2.35887e-21	3.52206e-21	5.23873e-21	7.75747e-21	1.14278e-20	1.67334e-20	2.43307e-20	3.50892e-20	5.01258e-20	7.08191e-20	9.87831e-20	1.35769e-19	1.83469e-19	2.43189e-19	3.15420e-19	3.99336e-19	4.92400e-19	5.90232e-19	6.86962e-19	7.76138e-19	8.52048e-19	9.11050e-19	9.52388e-19	9.78112e-19	9.92087e-19	9.98585e-19	1.00111e-18	1.00191e-18	1.00211e-18	1.00215e-18	1.00216e-18	1.00216e-18	1.00216e-18	1.00216e-18	1.00216e-18	1.00216e-18	1.00216e-18	1.00216e-18	1.00216e-18	1.00216e-18	1.00216e-18	1.00216e-18	1.00216e-18	1.00216e-18	1.00216e-18	1.00216e-18	1.00216e-18	1.00216e-18	1.00216e-18	1.00216e-18	1.00216e-18	1.00216e-18	1.00216e-18	1.00216e-18	1.00216e-18	1.00216e-18	1.00216e-18	1.00216e-18	1.00216e-18	1.00216e-18	1.00216e-18	1.00216e-18	1.00216e-18	1.00216e-18	1.00216e-18	1.00216e-18	1.00216e-18	1.00216e-18	1.00216e-18	1.00216e-18	1.00216e-18	1.00216e-18	1.00216e-18	1.00216e-18	1.00216e-18	1.00216e-18	1.00216e-18	1.00216e-18	1.00216e-18	1.00216e-18	1.00216e-18	1.00216e-18	1.00216e-18	1.00216e-18	1.00216e-18	1.00216e-18	1.00216e-18	1.00216e-18	1.00216e-18	1.00216e-18	1.00216e-18	1.00216e-18	1.00216e-18	1.00216e-18	1.00216e-18	1.00216e-18	1.00216e-18	1.00216e-18	1.00216e-18	1.00216e-18	1.00216e-18	1.00216e-18	1.00216e-18	1.00216e-18	1.00216e-18	1.00216e-18	1.00216e-18	1.00216e-18	1.00216e-18	1.00216e-18	1.00216e-18	1.00216e-18	1.00216e-18	1.00216e-18	1.00216e-18	1.00216e-18	1.00216e-18	1.00216e-18	1.00216e-18	1.00216e-18	1.00216e-18	1.00216e-18	1.00216e-18	1.00216e-18	1.00216e-18	1.00216e-18	1.00216e-18	1.00216e-18	1.00216e-18	1.00216e-18	1.00216e-18	1.00216e-18	1.00216e-18	1.00216e-18	1.00216e-18	1.00216e-18	1.00216e-18	1.00216e-18	1.00216e-18	1.00216e-18	1.00216e-18	1.00216e-18
23.08	2.45699e-32	2.29559e-31	5.43131e-31	1.02281e-30	1.75657e-30	2.87899e-30	4.59595e-30	7.22234e-30	1.12398e-29	1.73853e-29	2.67857e-29	4.11648e-29	6.31596e-29	9.68030e-29	1.48264e-28	2.26976e-28	3.47370e-28	5.31514e-28	8.13159e-28	1.24392e-27	1.90272e-27	2.91026e-27	4.45109e-27	6.80734e-27	1.04104e-26	1.59197e-26	2.43431e-26	3.72211e-26	5.69076e-26	8.69991e-26	1.32990e-25	2.03270e-25	3.10651e-25	4.74690e-25	7.25226e-25	1.10778e-24	1.69174e-24	2.58288e-24	3.94226e-24	6.01502e-24	9.17396e-24	1.39855e-23	2.13094e-23	3.24488e-23	4.93766e-23	7.50743e-23	1.14039e-22	1.73039e-22	2.62236e-22	3.96834e-22	5.99509e-22	9.03934e-22	1.35987e-21	2.04044e-21	3.05232e-21	4.54993e-21	6.75458e-21	9.97976e-21	1.46633e-20	2.14061e-20	3.10152e-20	4.45462e-20	6.33326e-20	8.89849e-20	1.23332e-19	1.68270e-19	2.25490e-19	2.96074e-19	3.79974e-19	4.75511e-19	5.79039e-19	6.85022e-19	7.86682e-19	8.77219e-19	9.51312e-19	1.00637e-18	1.04302e-18	1.06452e-18	1.07544e-18	1.08014e-18	1.08181e-18	1.08229e-18	1.08240e-18	1.08242e-18	1.08242e-18	1.08242e-18	1.08242e-18	1.08242e-18	1.08242e-18	1.08242e-18	1.08242e-18	1.08242e-18	1.08242e-18	1.08242e-18	1.08242e-18	1.08242e-18	1.08242e-18	1.08242e-18	1.08242e-18	1.08242e-18	1.08242e-18	1.08242e-18	1.08242e-18	1.08242e-18	1.08242e-18	1.08242e-18	1.08242e-18	1.08242e-18	1.08242e-18	1.08242e-18	1.08242e-18	1.08242e-18	1.08242e-18	1.08242e-18	1.08242e-18	1.08242e-18	1.08242e-18	1.08242e-18	1.08242e-18	1.08242e-18	1.08242e-18	1.08242e-18	1.08242e-18	1.08242e-18	1.08242e-18	1.08242e-18	1.08242e-18	1.08242e-18	1.08242e-18	1.08242e-18	1.08242e-18	1.08242e-18	1.08242e-18	1.08242e-18	1.08242e-18	1.08242e-18	1.08242e-18	1.08242e-18	1.08242e-18	1.08242e-18	1.08242e-18	1.08242e-18	1.08242e-18	1.08242e-18	1.08242e-18	1.08242e-18	1.08242e-18	1.08242e-18	1.08242e-18	1.08242e-18	1.08242e-18	1.08242e-18	1.08242e-18	1.08242e-18	1.08242e-18	1.08242e-18	1.08242e-18	1.08242e-18	1.08242e-18	1.08242e-18	1.08242e-18	1.08242e-18	1.08242e-18	1.08242e-18	1.08242e-18	1.08242e-18	1.08242e-18	1.08242e-18	1.08242e-18	1.08242e-18	1.08242e-18	1.08242e-18	1.08242e-18	1.08242e-18	1.08242e-18	1.08242e-18	1.08242e-18	1.08242e-18	1.08242e-18	1.08242e-18	1.08242e-18	1.08242e-18	1.08242e-18	1.08242e-18	1.08242e-18	1.08242e-18	1.08242e-18	1.08242e-18	1.08242e-18	1.08242e-18	1.08242e-18	1.08242e-18	1.08242e-18	1.08242e-18	1.08242e-18
23.12	2.10025e-32	1.96229e-31	4.64272e-31	8.74302e-31	1.50153e-30	2.46099e-30	3.92866e-30	6.17374e-30	9.60798e-30	1.48612e-29	2.28969e-29	3.51886e-29	5.39904e-29	8.27501e-29	1.26741e-28	1.94028e-28	2.96948e-28	4.54367e-28	6.95139e-28	1.06339e-27	1.62661e-27	2.48797e-27	3.80528e-27	5.81979e-27	8.90034e-27	1.36108e-26	2.08132e-26	3.18250e-26	4.86594e-26	7.43930e-26	1.13726e-25	1.73837e-25	2.65688e-25	4.06017e-25	6.20368e-25	9.47712e-25	1.44748e-24	2.21028e-24	3.37412e-24	5.14917e-24	7.85515e-24	1.19781e-23	1.82562e-23	2.78091e-23	4.23334e-23	6.43952e-23	9.78693e-23	1.48595e-22	2.25352e-22	3.41299e-22	5.16102e-22	7.79033e-22	1.17347e-21	1.76337e-21	2.64240e-21	3.94678e-21	5.87283e-21	8.70053e-21	1.28241e-20	1.87900e-20	2.73414e-20	3.94654e-20	5.64344e-20	7.98261e-20	1.11499e-19	1.53487e-19	2.07786e-19	2.75985e-19	3.58780e-19	4.55387e-19	5.63061e-19	6.76904e-19	7.90205e-19	8.95444e-19	9.85794e-19	1.05671e-18	1.10695e-18	1.13861e-18	1.15606e-18	1.16431e-18	1.16759e-18	1.16865e-18	1.16892e-18	1.16897e-18	1.16898e-18	1.16898e-18	1.16898e-18	1.16898e-18	1.16898e-18	1.16898e-18	1.16898e-18	1.16898e-18	1.16898e-18	1.16898e-18	1.16898e-18	1.16898e-18	1.16898e-18	1.16898e-18	1.16898e-18	1.16898e-18	1.16898e-18	1.16898e-18	1.16898e-18	1.16898e-18	1.16898e-18	1.16898e-18	1.16898e-18	1.16898e-18	1.16898e-18	1.16898e-18	1.16898e-18	1.16898e-18	1.16898e-18	1.16898e-18	1.16898e-18	1.16898e-18	1.16898e-18	1.16898e-18	1.16898e-18	1.16898e-18	1.16898e-18	1.16898e-18	1.16898e-18	1.16898e-18	1.16898e-18	1.16898e-18	1.16898e-18	1.16898e-18	1.16898e-18	1.16898e-18	1.16898e-18	1.16898e-18	1.16898e-18	1.16898e-18	1.16898e-18	1.16898e-18	1.16898e-18	1.16898e-18	1.16898e-18	1.16898e-18	1.16898e-18	1.16898e-18	1.16898e-18	1.16898e-18	1.16898e-18	1.16898e-18	1.16898e-18	1.16898e-18	1.16898e-18	1.16898e-18	1.16898e-18	1.16898e-18	1.16898e-18	1.16898e-18	1.16898e-18	1.16898e-18	1.16898e-18	1.16898e-18	1.16898e-18	1.16898e-18	1.16898e-18	1.16898e-18	1.16898e-18	1.16898e-18	1.16898e-18	1.16898e-18	1.16898e-18	1.16898e-18	1.16898e-18	1.16898e-18	1.16898e-18	1.16898e-18	1.16898e-18	1.16898e-18	1.16898e-18	1.16898e-18	1.16898e-18	1.16898e-18	1.16898e-18	1.16898e-18	1.16898e-18	1.16898e-18	1.16898e-18	1.16898e-18	1.16898e-18	1.16898e-18	1.16898e-18	1.16898e-18	1.16898e-18	1.16898e-18	1.16898e-18	1.16898e-18	1.16898e-18	1.16898e-18	1.16898e-18
23.15	1.79530e-32	1.67737e-31	3.96862e-31	7.47359e-31	1.28352e-30	2.10367e-30	3.35826e-30	5.27738e-30	8.21303e-30	1.27036e-29	1.95727e-29	3.00799e-29	4.61523e-29	7.07370e-29	1.08342e-28	1.65862e-28	2.53844e-28	3.88415e-28	5.94245e-28	9.09058e-28	1.39055e-27	2.12694e-27	3.25314e-27	4.97544e-27	7.60922e-27	1.16367e-26	1.77949e-26	2.72106e-26	4.16058e-26	6.36118e-26	9.72492e-26	1.48660e-25	2.27224e-25	3.47263e-25	5.30643e-25	8.10724e-25	1.23840e-24	1.89127e-24	2.88758e-24	4.40746e-24	6.72506e-24	1.02573e-23	1.56378e-23	2.38282e-23	3.62866e-23	5.52206e-23	8.39668e-23	1.27559e-22	1.93577e-22	2.93397e-22	4.44056e-22	6.70967e-22	1.01188e-21	1.52263e-21	2.28527e-21	3.41966e-21	5.09938e-21	7.57352e-21	1.11953e-20	1.64590e-20	2.40438e-20	3.48647e-20	5.01215e-20	7.13360e-20	1.00355e-19	1.39292e-19	1.90363e-19	2.55582e-19	3.36305e-19	4.32642e-19	5.42845e-19	6.62899e-19	7.86549e-19	9.05981e-19	1.01319e-18	1.10172e-18	1.16818e-18	1.21295e-18	1.23957e-18	1.25330e-18	1.25931e-18	1.26150e-18	1.26214e-18	1.26229e-18	1.26231e-18	1.26232e-18	1.26232e-18	1.26232e-18	1.26232e-18	1.26232e-18	1.26232e-18	1.26232e-18	1.26232e-18	1.26232e-18	1.26232e-18	1.26232e-18	1.26232e-18	1.26232e-18	1.26232e-18	1.26232e-18	1.26232e-18	1.26232e-18	1.26232e-18	1.26232e-18	1.26232e-18	1.26232e-18	1.26232e-18	1.26232e-18	1.26232e-18	1.26232e-18	1.26232e-18	1.26232e-18	1.26232e-18	1.26232e-18	1.26232e-18	1.26232e-18	1.26232e-18	1.26232e-18	1.26232e-18	1.26232e-18	1.26232e-18	1.26232e-18	1.26232e-18	1.26232e-18	1.26232e-18	1.26232e-18	1.26232e-18	1.26232e-18	1.26232e-18	1.26232e-18	1.26232e-18	1.26232e-18	1.26232e-18	1.26232e-18	1.26232e-18	1.26232e-18	1.26232e-18	1.26232e-18	1.26232e-18	1.26232e-18	1.26232e-18	1.26232e-18	1.26232e-18	1.26232e-18	1.26232e-18	1.26232e-18	1.26232e-18	1.26232e-18	1.26232e-18	1.26232e-18	1.26232e-18	1.26232e-18	1.26232e-18	1.26232e-18	1.26232e-18	1.26232e-18	1.26232e-18	1.26232e-18	1.26232e-18	1.26232e-18	1.26232e-18	1.26232e-18	1.26232e-18	1.26232e-18	1.26232e-18	1.26232e-18	1.26232e-18	1.26232e-18	1.26232e-18	1.26232e-18	1.26232e-18	1.26232e-18	1.26232e-18	1.26232e-18	1.26232e-18	1.26232e-18	1.26232e-18	1.26232e-18	1.26232e-18	1.26232e-18	1.26232e-18	1.26232e-18	1.26232e-18	1.26232e-18	1.26232e-18	1.26232e-18	1.26232e-18	1.26232e-18	1.26232e-18	1.26232e-18	1.26232e-18	1.26232e-18	1.26232e-18	1.26232e-18	1.26232e-18
23.18	1.53463e-32	1.43382e-31	3.39240e-31	6.38847e-31	1.09716e-30	1.79824e-30	2.87067e-30	4.51116e-30	7.02059e-30	1.08592e-29	1.67310e-29	2.57129e-29	3.94520e-29	6.04678e-29	9.26140e-29	1.41785e-28	2.16996e-28	3.32035e-28	5.07992e-28	7.77118e-28	1.18874e-27	1.81828e-27	2.78109e-27	4.25355e-27	6.50532e-27	9.94873e-27	1.52141e-26	2.32649e-26	3.55739e-26	5.43918e-26	8.31575e-26	1.27125e-25	1.94320e-25	2.96999e-25	4.53872e-25	6.93497e-25	1.05945e-24	1.61818e-24	2.47098e-24	3.77221e-24	5.75687e-24	8.78253e-24	1.33928e-23	2.04134e-23	3.10970e-23	4.73417e-23	7.20190e-23	1.09466e-22	1.66220e-22	2.52110e-22	3.81877e-22	5.77555e-22	8.71956e-22	1.31373e-21	1.97462e-21	2.95982e-21	4.42237e-21	6.58310e-21	9.75725e-21	1.43893e-20	2.10964e-20	3.07198e-20	4.43794e-20	6.35239e-20	8.99570e-20	1.25816e-19	1.73462e-19	2.35240e-19	3.13077e-19	4.07914e-19	5.19041e-19	6.43504e-19	7.75837e-19	9.08388e-19	1.03241e-18	1.13978e-18	1.22485e-18	1.28578e-18	1.32467e-18	1.34641e-18	1.35686e-18	1.36108e-18	1.36247e-18	1.36284e-18	1.36292e-18	1.36293e-18	1.36293e-18	1.36293e-18	1.36293e-18	1.36293e-18	1.36293e-18	1.36293e-18	1.36293e-18	1.36293e-18	1.36293e-18	1.36293e-18	1.36293e-18	1.36293e-18	1.36293e-18	1.36293e-18	1.36293e-18	1.36293e-18	1.36293e-18	1.36293e-18	1.36293e-18	1.36293e-18	1.36293e-18	1.36293e-18	1.36293e-18	1.36293e-18	1.36293e-18	1.36293e-18	1.36293e-18	1.36293e-18	1.36293e-18	1.36293e-18	1.36293e-18	1.36293e-18	1.36293e-18	1.36293e-18	1.36293e-18	1.36293e-18	1.36293e-18	1.36293e-18	1.36293e-18	1.36293e-18	1.36293e-18	1.36293e-18	1.36293e-18	1.36293e-18	1.36293e-18	1.36293e-18	1.36293e-18	1.36293e-18	1.36293e-18	1.36293e-18	1.36293e-18	1.36293e-18	1.36293e-18	1.36293e-18	1.36293e-18	1.36293e-18	1.36293e-18	1.36293e-18	1.36293e-18	1.36293e-18	1.36293e-18	1.36293e-18	1.36293e-18	1.36293e-18	1.36293e-18	1.36293e-18	1.36293e-18	1.36293e-18	1.36293e-18	1.36293e-18	1.36293e-18	1.36293e-18	1.36293e-18	1.36293e-18	1.36293e-18	1.36293e-18	1.36293e-18	1.36293e-18	1.36293e-18	1.36293e-18	1.36293e-18	1.36293e-18	1.36293e-18	1.36293e-18	1.36293e-18	1.36293e-18	1.36293e-18	1.36293e-18	1.36293e-18	1.36293e-18	1.36293e-18	1.36293e-18	1.36293e-18	1.36293e-18	1.36293e-18	1.36293e-18	1.36293e-18	1.36293e-18	1.36293e-18	1.36293e-18	1.36293e-18	1.36293e-18	1.36293e-18	1.36293e-18	1.36293e-18	1.36293e-18	1.36293e-18	1.36293e-18	1.36293e-18
23.22	1.31181e-32	1.22564e-31	2.89984e-31	5.46090e-31	9.37858e-31	1.53714e-30	2.45387e-30	3.85618e-30	6.00128e-30	9.28260e-30	1.43019e-29	2.19798e-29	3.37244e-29	5.16893e-29	7.91689e-29	1.21202e-28	1.85496e-28	2.83838e-28	4.34256e-28	6.64324e-28	1.01621e-27	1.55440e-27	2.37752e-27	3.63636e-27	5.56150e-27	8.50550e-27	1.30074e-26	1.98910e-26	3.04159e-26	4.65070e-26	7.11058e-26	1.08707e-25	1.66176e-25	2.53999e-25	3.88189e-25	5.93189e-25	9.06299e-25	1.38442e-24	2.11431e-24	3.22821e-24	4.92753e-24	7.51885e-24	1.14685e-23	1.74851e-23	2.66445e-23	4.05778e-23	6.17552e-23	9.39108e-23	1.42679e-22	2.16545e-22	3.28252e-22	4.96881e-22	7.50912e-22	1.13267e-21	1.70477e-21	2.55933e-21	3.83093e-21	5.71471e-21	8.49093e-21	1.25576e-20	1.84721e-20	2.70026e-20	3.91853e-20	5.63834e-20	8.03323e-20	1.13149e-19	1.57271e-19	2.15282e-19	2.89575e-19	3.81834e-19	4.92365e-19	6.19373e-19	7.58452e-19	9.02547e-19	1.04267e-18	1.16943e-18	1.27503e-18	1.35511e-18	1.40966e-18	1.44254e-18	1.45975e-18	1.46742e-18	1.47027e-18	1.47112e-18	1.47132e-18	1.47136e-18	1.47136e-18	1.47136e-18	1.47136e-18	1.47136e-18	1.47136e-18	1.47136e-18	1.47136e-18	1.47136e-18	1.47136e-18	1.47136e-18	1.47136e-18	1.47136e-18	1.47136e-18	1.47136e-18	1.47136e-18	1.47136e-18	1.47136e-18	1.47136e-18	1.47136e-18	1.47136e-18	1.47136e-18	1.47136e-18	1.47136e-18	1.47136e-18	1.47136e-18	1.47136e-18	1.47136e-18	1.47136e-18	1.47136e-18	1.47136e-18	1.47136e-18	1.47136e-18	1.47136e-18	1.47136e-18	1.47136e-18	1.47136e-18	1.47136e-18	1.47136e-18	1.47136e-18	1.47136e-18	1.47136e-18	1.47136e-18	1.47136e-18	1.47136e-18	1.47136e-18	1.47136e-18	1.47136e-18	1.47136e-18	1.47136e-18	1.47136e-18	1.47136e-18	1.47136e-18	1.47136e-18	1.47136e-18	1.47136e-18	1.47136e-18	1.47136e-18	1.47136e-18	1.47136e-18	1.47136e-18	1.47136e-18	1.47136e-18	1.47136e-18	1.47136e-18	1.47136e-18	1.47136e-18	1.47136e-18	1.47136e-18	1.47136e-18	1.47136e-18	1.47136e-18	1.47136e-18	1.47136e-18	1.47136e-18	1.47136e-18	1.47136e-18	1.47136e-18	1.47136e-18	1.47136e-18	1.47136e-18	1.47136e-18	1.47136e-18	1.47136e-18	1.47136e-18	1.47136e-18	1.47136e-18	1.47136e-18	1.47136e-18	1.47136e-18	1.47136e-18	1.47136e-18	1.47136e-18	1.47136e-18	1.47136e-18	1.47136e-18	1.47136e-18	1.47136e-18	1.47136e-18	1.47136e-18	1.47136e-18	1.47136e-18	1.47136e-18	1.47136e-18	1.47136e-18	1.47136e-18	1.47136e-18	1.47136e-18	1.47136e-18	1.47136e-18
23.25	1.12134e-32	1.04768e-31	2.47879e-31	4.66800e-31	8.01686e-31	1.31396e-30	2.09759e-30	3.29630e-30	5.12995e-30	7.93487e-30	1.22255e-29	1.87887e-29	2.88282e-29	4.41851e-29	6.76756e-29	1.03607e-28	1.58568e-28	2.42635e-28	3.71222e-28	5.67899e-28	8.68718e-28	1.32881e-27	2.03250e-27	3.10870e-27	4.75457e-27	7.27156e-27	1.11205e-26	1.70061e-26	2.60053e-26	3.97644e-26	6.07992e-26	9.29543e-26	1.42103e-25	2.17217e-25	3.31998e-25	5.07364e-25	7.75244e-25	1.18435e-24	1.80899e-24	2.76242e-24	4.21724e-24	6.43624e-24	9.81932e-24	1.49745e-23	2.28253e-23	3.47731e-23	5.29415e-23	8.05438e-23	1.22434e-22	1.85930e-22	2.82037e-22	4.27265e-22	6.46301e-22	9.75920e-22	1.47067e-21	2.21105e-21	3.31514e-21	4.95489e-21	7.37860e-21	1.09412e-20	1.61436e-20	2.36827e-20	3.45100e-20	4.98958e-20	7.14882e-20	1.01348e-19	1.41931e-19	1.95971e-19	2.66222e-19	3.55000e-19	4.63552e-19	5.91274e-19	7.35005e-19	8.88662e-19	1.04354e-18	1.18949e-18	1.31687e-18	1.41875e-18	1.49249e-18	1.54012e-18	1.56712e-18	1.58031e-18	1.58574e-18	1.58758e-18	1.58807e-18	1.58817e-18	1.58819e-18	1.58819e-18	1.58819e-18	1.58819e-18	1.58819e-18	1.58819e-18	1.58819e-18	1.58819e-18	1.58819e-18	1.58819e-18	1.58819e-18	1.58819e-18	1.58819e-18	1.58819e-18	1.58819e-18	1.58819e-18	1.58819e-18	1.58819e-18	1.58819e-18	1.58819e-18	1.58819e-18	1.58819e-18	1.58819e-18	1.58819e-18	1.58819e-18	1.58819e-18	1.58819e-18	1.58819e-18	1.58819e-18	1.58819e-18	1.58819e-18	1.58819e-18	1.58819e-18	1.58819e-18	1.58819e-18	1.58819e-18	1.58819e-18	1.58819e-18	1.58819e-18	1.58819e-18	1.58819e-18	1.58819e-18	1.58819e-18	1.58819e-18	1.58819e-18	1.58819e-18	1.58819e-18	1.58819e-18	1.58819e-18	1.58819e-18	1.58819e-18	1.58819e-18	1.58819e-18	1.58819e-18	1.58819e-18	1.58819e-18	1.58819e-18	1.58819e-18	1.58819e-18	1.58819e-18	1.58819e-18	1.58819e-18	1.58819e-18	1.58819e-18	1.58819e-18	1.58819e-18	1.58819e-18	1.58819e-18	1.58819e-18	1.58819e-18	1.58819e-18	1.58819e-18	1.58819e-18	1.58819e-18	1.58819e-18	1.58819e-18	1.58819e-18	1.58819e-18	1.58819e-18	1.58819e-18	1.58819e-18	1.58819e-18	1.58819e-18	1.58819e-18	1.58819e-18	1.58819e-18	1.58819e-18	1.58819e-18	1.58819e-18	1.58819e-18	1.58819e-18	1.58819e-18	1.58819e-18	1.58819e-18	1.58819e-18	1.58819e-18	1.58819e-18	1.58819e-18	1.58819e-18	1.58819e-18	1.58819e-18	1.58819e-18	1.58819e-18	1.58819e-18	1.58819e-18	1.58819e-18	1.58819e-18	1.58819e-18	1.58819e-18
23.29	9.58523e-33	8.95561e-32	2.11888e-31	3.99023e-31	6.85285e-31	1.12318e-30	1.79303e-30	2.81770e-30	4.38513e-30	6.78281e-30	1.04505e-29	1.60609e-29	2.46428e-29	3.77703e-29	5.78506e-29	8.85661e-29	1.35549e-28	2.07413e-28	3.17336e-28	4.85467e-28	7.42628e-28	1.13595e-27	1.73753e-27	2.65758e-27	4.06468e-27	6.21656e-27	9.50731e-27	1.45394e-26	2.22339e-26	3.39987e-26	5.19854e-26	7.94824e-26	1.21514e-25	1.85755e-25	2.83929e-25	4.33937e-25	6.63105e-25	1.01314e-24	1.54765e-24	2.36365e-24	3.60900e-24	5.50892e-24	8.40626e-24	1.28225e-23	1.95504e-23	2.97931e-23	4.53757e-23	6.90619e-23	1.05030e-22	1.59588e-22	2.42233e-22	3.67235e-22	5.55970e-22	8.40347e-22	1.26781e-21	1.90860e-21	2.86606e-21	4.29133e-21	6.40372e-21	9.51851e-21	1.40839e-20	2.07287e-20	3.03207e-20	4.40332e-20	6.34143e-20	9.04413e-20	1.27538e-19	1.77513e-19	2.43374e-19	3.27952e-19	4.33323e-19	5.60039e-19	7.06279e-19	8.67228e-19	1.03495e-18	1.19912e-18	1.34876e-18	1.47450e-18	1.57079e-18	1.63712e-18	1.67761e-18	1.69912e-18	1.70888e-18	1.71257e-18	1.71370e-18	1.71397e-18	1.71402e-18	1.71403e-18	1.71403e-18	1.71403e-18	1.71403e-18	1.71403e-18	1.71403e-18	1.71403e-18	1.71403e-18	1.71403e-18	1.71403e-18	1.71403e-18	1.71403e-18	1.71403e-18	1.71403e-18	1.71403e-18	1.71403e-18	1.71403e-18	1.71403e-18	1.71403e-18	1.71403e-18	1.71403e-18	1.71403e-18	1.71403e-18	1.71403e-18	1.71403e-18	1.71403e-18	1.71403e-18	1.71403e-18	1.71403e-18	1.71403e-18	1.71403e-18	1.71403e-18	1.71403e-18	1.71403e-18	1.71403e-18	1.71403e-18	1.71403e-18	1.71403e-18	1.71403e-18	1.71403e-18	1.71403e-18	1.71403e-18	1.71403e-18	1.71403e-18	1.71403e-18	1.71403e-18	1.71403e-18	1.71403e-18	1.71403e-18	1.71403e-18	1.71403e-18	1.71403e-18	1.71403e-18	1.71403e-18	1.71403e-18	1.71403e-18	1.71403e-18	1.71403e-18	1.71403e-18	1.71403e-18	1.71403e-18	1.71403e-18	1.71403e-18	1.71403e-18	1.71403e-18	1.71403e-18	1.71403e-18	1.71403e-18	1.71403e-18	1.71403e-18	1.71403e-18	1.71403e-18	1.71403e-18	1.71403e-18	1.71403e-18	1.71403e-18	1.71403e-18	1.71403e-18	1.71403e-18	1.71403e-18	1.71403e-18	1.71403e-18	1.71403e-18	1.71403e-18	1.71403e-18	1.71403e-18	1.71403e-18	1.71403e-18	1.71403e-18	1.71403e-18	1.71403e-18	1.71403e-18	1.71403e-18	1.71403e-18	1.71403e-18	1.71403e-18	1.71403e-18	1.71403e-18	1.71403e-18	1.71403e-18	1.71403e-18	1.71403e-18	1.71403e-18	1.71403e-18	1.71403e-18	1.71403e-18	1.71403e-18	1.71403e-18
23.32	8.19348e-33	7.65528e-32	1.81123e-31	3.41086e-31	5.85785e-31	9.60101e-31	1.53269e-30	2.40859e-30	3.74845e-30	5.79801e-30	8.93320e-30	1.37290e-29	2.10651e-29	3.22867e-29	4.94519e-29	7.57084e-29	1.15871e-28	1.77304e-28	2.71271e-28	4.14999e-28	6.34837e-28	9.71081e-28	1.48536e-27	2.27191e-27	3.47486e-27	5.31457e-27	8.12801e-27	1.24303e-26	1.90092e-26	2.90684e-26	4.44484e-26	6.79614e-26	1.03905e-25	1.58845e-25	2.42811e-25	3.71121e-25	5.67159e-25	8.66622e-25	1.32398e-24	2.02229e-24	3.08822e-24	4.71473e-24	7.19572e-24	1.09784e-23	1.67428e-23	2.55218e-23	3.88832e-23	5.92028e-23	9.00760e-23	1.36935e-22	2.07971e-22	3.15507e-22	4.78031e-22	7.23200e-22	1.09223e-21	1.64627e-21	2.47563e-21	3.71284e-21	5.55106e-21	8.26942e-21	1.22673e-20	1.81094e-20	2.65819e-20	3.87611e-20	5.60867e-20	8.04325e-20	1.14151e-19	1.60060e-19	2.21323e-19	3.01162e-19	4.02354e-19	5.26510e-19	6.73177e-19	8.38991e-19	1.01720e-18	1.19792e-18	1.36942e-18	1.52029e-18	1.64205e-18	1.73110e-18	1.78930e-18	1.82275e-18	1.83934e-18	1.84629e-18	1.84869e-18	1.84936e-18	1.84950e-18	1.84952e-18	1.84952e-18	1.84952e-18	1.84952e-18	1.84952e-18	1.84952e-18	1.84952e-18	1.84952e-18	1.84952e-18	1.84952e-18	1.84952e-18	1.84952e-18	1.84952e-18	1.84952e-18	1.84952e-18	1.84952e-18	1.84952e-18	1.84952e-18	1.84952e-18	1.84952e-18	1.84952e-18	1.84952e-18	1.84952e-18	1.84952e-18	1.84952e-18	1.84952e-18	1.84952e-18	1.84952e-18	1.84952e-18	1.84952e-18	1.84952e-18	1.84952e-18	1.84952e-18	1.84952e-18	1.84952e-18	1.84952e-18	1.84952e-18	1.84952e-18	1.84952e-18	1.84952e-18	1.84952e-18	1.84952e-18	1.84952e-18	1.84952e-18	1.84952e-18	1.84952e-18	1.84952e-18	1.84952e-18	1.84952e-18	1.84952e-18	1.84952e-18	1.84952e-18	1.84952e-18	1.84952e-18	1.84952e-18	1.84952e-18	1.84952e-18	1.84952e-18	1.84952e-18	1.84952e-18	1.84952e-18	1.84952e-18	1.84952e-18	1.84952e-18	1.84952e-18	1.84952e-18	1.84952e-18	1.84952e-18	1.84952e-18	1.84952e-18	1.84952e-18	1.84952e-18	1.84952e-18	1.84952e-18	1.84952e-18	1.84952e-18	1.84952e-18	1.84952e-18	1.84952e-18	1.84952e-18	1.84952e-18	1.84952e-18	1.84952e-18	1.84952e-18	1.84952e-18	1.84952e-18	1.84952e-18	1.84952e-18	1.84952e-18	1.84952e-18	1.84952e-18	1.84952e-18	1.84952e-18	1.84952e-18	1.84952e-18	1.84952e-18	1.84952e-18	1.84952e-18	1.84952e-18	1.84952e-18	1.84952e-18	1.84952e-18	1.84952e-18	1.84952e-18	1.84952e-18	1.84952e-18	1.84952e-18	1.84952e-18
23.35	7.00381e-33	6.54375e-32	1.54824e-31	2.91562e-31	5.00731e-31	8.20698e-31	1.31016e-30	2.05888e-30	3.20420e-30	4.95619e-30	7.63619e-30	1.17357e-29	1.80067e-29	2.75992e-29	4.22725e-29	6.47173e-29	9.90495e-29	1.51565e-28	2.31892e-28	3.54758e-28	5.42689e-28	8.30133e-28	1.26978e-27	1.94220e-27	2.97060e-27	4.54341e-27	6.94873e-27	1.06271e-26	1.62519e-26	2.48527e-26	3.80033e-26	5.81090e-26	8.88456e-26	1.35830e-25	2.07641e-25	3.17385e-25	4.85074e-25	7.41258e-25	1.13256e-24	1.73011e-24	2.64237e-24	4.03467e-24	6.15885e-24	9.39832e-24	1.43363e-23	2.18593e-23	3.33134e-23	5.07401e-23	7.72315e-23	1.17464e-22	1.78495e-22	2.70960e-22	4.10834e-22	6.22061e-22	9.40391e-22	1.41901e-21	2.13666e-21	3.20932e-21	4.80668e-21	7.17514e-21	1.06693e-20	1.57938e-20	2.32577e-20	3.40408e-20	4.94715e-20	7.13061e-20	1.01796e-19	1.43714e-19	2.00294e-19	2.75026e-19	3.71252e-19	4.91511e-19	6.36658e-19	8.04883e-19	9.90933e-19	1.18590e-18	1.37798e-18	1.55434e-18	1.70377e-18	1.81930e-18	1.89977e-18	1.94950e-18	1.97631e-18	1.98867e-18	1.99343e-18	1.99492e-18	1.99529e-18	1.99536e-18	1.99537e-18	1.99537e-18	1.99537e-18	1.99537e-18	1.99537e-18	1.99537e-18	1.99537e-18	1.99537e-18	1.99537e-18	1.99537e-18	1.99537e-18	1.99537e-18	1.99537e-18	1.99537e-18	1.99537e-18	1.99537e-18	1.99537e-18	1.99537e-18	1.99537e-18	1.99537e-18	1.99537e-18	1.99537e-18	1.99537e-18	1.99537e-18	1.99537e-18	1.99537e-18	1.99537e-18	1.99537e-18	1.99537e-18	1.99537e-18	1.99537e-18	1.99537e-18	1.99537e-18	1.99537e-18	1.99537e-18	1.99537e-18	1.99537e-18	1.99537e-18	1.99537e-18	1.99537e-18	1.99537e-18	1.99537e-18	1.99537e-18	1.99537e-18	1.99537e-18	1.99537e-18	1.99537e-18	1.99537e-18	1.99537e-18	1.99537e-18	1.99537e-18	1.99537e-18	1.99537e-18	1.99537e-18	1.99537e-18	1.99537e-18	1.99537e-18	1.99537e-18	1.99537e-18	1.99537e-18	1.99537e-18	1.99537e-18	1.99537e-18	1.99537e-18	1.99537e-18	1.99537e-18	1.99537e-18	1.99537e-18	1.99537e-18	1.99537e-18	1.99537e-18	1.99537e-18	1.99537e-18	1.99537e-18	1.99537e-18	1.99537e-18	1.99537e-18	1.99537e-18	1.99537e-18	1.99537e-18	1.99537e-18	1.99537e-18	1.99537e-18	1.99537e-18	1.99537e-18	1.99537e-18	1.99537e-18	1.99537e-18	1.99537e-18	1.99537e-18	1.99537e-18	1.99537e-18	1.99537e-18	1.99537e-18	1.99537e-18	1.99537e-18	1.99537e-18	1.99537e-18	1.99537e-18	1.99537e-18	1.99537e-18	1.99537e-18	1.99537e-18	1.99537e-18	1.99537e-18	1.99537e-18	1.99537e-18
23.39	5.98687e-33	5.59361e-32	1.32344e-31	2.49228e-31	4.28027e-31	7.01536e-31	1.11993e-30	1.75994e-30	2.73897e-30	4.23659e-30	6.52749e-30	1.00318e-29	1.53924e-29	2.35922e-29	3.61353e-29	5.53217e-29	8.46699e-29	1.29562e-28	1.98229e-28	3.03260e-28	4.63914e-28	7.09639e-28	1.08548e-27	1.66032e-27	2.53950e-27	3.88412e-27	5.94050e-27	9.08529e-27	1.38944e-26	2.12481e-26	3.24923e-26	4.96840e-26	7.59671e-26	1.16146e-25	1.77559e-25	2.71420e-25	4.14852e-25	6.33999e-25	9.68767e-25	1.48005e-24	2.26073e-24	3.45241e-24	5.27088e-24	8.04475e-24	1.22742e-23	1.87196e-23	2.85365e-23	4.34784e-23	6.62033e-23	1.00734e-22	1.53150e-22	2.32619e-22	3.52937e-22	5.34809e-22	8.09214e-22	1.22233e-21	1.84273e-21	2.77168e-21	4.15793e-21	6.21840e-21	9.26683e-21	1.37526e-20	2.03117e-20	2.98314e-20	4.35278e-20	6.30322e-20	9.04735e-20	1.28535e-19	1.80447e-19	2.49862e-19	3.40543e-19	4.55804e-19	5.97694e-19	7.65959e-19	9.57047e-19	1.16348e-18	1.37407e-18	1.57527e-18	1.75364e-18	1.89886e-18	2.00615e-18	2.07708e-18	2.11839e-18	2.13920e-18	2.14807e-18	2.15119e-18	2.15207e-18	2.15227e-18	2.15230e-18	2.15230e-18	2.15230e-18	2.15230e-18	2.15230e-18	2.15230e-18	2.15230e-18	2.15230e-18	2.15230e-18	2.15230e-18	2.15230e-18	2.15230e-18	2.15230e-18	2.15230e-18	2.15230e-18	2.15230e-18	2.15230e-18	2.15230e-18	2.15230e-18	2.15230e-18	2.15230e-18	2.15230e-18	2.15230e-18	2.15230e-18	2.15230e-18	2.15230e-18	2.15230e-18	2.15230e-18	2.15230e-18	2.15230e-18	2.15230e-18	2.15230e-18	2.15230e-18	2.15230e-18	2.15230e-18	2.15230e-18	2.15230e-18	2.15230e-18	2.15230e-18	2.15230e-18	2.15230e-18	2.15230e-18	2.15230e-18	2.15230e-18	2.15230e-18	2.15230e-18	2.15230e-18	2.15230e-18	2.15230e-18	2.15230e-18	2.15230e-18	2.15230e-18	2.15230e-18	2.15230e-18	2.15230e-18	2.15230e-18	2.15230e-18	2.15230e-18	2.15230e-18	2.15230e-18	2.15230e-18	2.15230e-18	2.15230e-18	2.15230e-18	2.15230e-18	2.15230e-18	2.15230e-18	2.15230e-18	2.15230e-18	2.15230e-18	2.15230e-18	2.15230e-18	2.15230e-18	2.15230e-18	2.15230e-18	2.15230e-18	2.15230e-18	2.15230e-18	2.15230e-18	2.15230e-18	2.15230e-18	2.15230e-18	2.15230e-18	2.15230e-18	2.15230e-18	2.15230e-18	2.15230e-18	2.15230e-18	2.15230e-18	2.15230e-18	2.15230e-18	2.15230e-18	2.15230e-18	2.15230e-18	2.15230e-18	2.15230e-18	2.15230e-18	2.15230e-18	2.15230e-18	2.15230e-18	2.15230e-18	2.15230e-18	2.15230e-18	2.15230e-18	2.15230e-18	2.15230e-18	2.15230e-18
23.42	5.11758e-33	4.78143e-32	1.13128e-31	2.13041e-31	3.65879e-31	5.99676e-31	9.57319e-31	1.50441e-30	2.34129e-30	3.62147e-30	5.57976e-30	8.57533e-30	1.31576e-29	2.01670e-29	3.08890e-29	4.72900e-29	7.23777e-29	1.10753e-28	1.69452e-28	2.59238e-28	3.96572e-28	6.06633e-28	9.27927e-28	1.41934e-27	2.17095e-27	3.32047e-27	5.07851e-27	7.76711e-27	1.18787e-26	1.81660e-26	2.77799e-26	4.24796e-26	6.49539e-26	9.93116e-26	1.51831e-25	2.32105e-25	3.54782e-25	5.42236e-25	8.28619e-25	1.26606e-24	1.93408e-24	2.95394e-24	4.51052e-24	6.88540e-24	1.05073e-23	1.60286e-23	2.44407e-23	3.72491e-23	5.67377e-23	8.63658e-23	1.31366e-22	1.99638e-22	3.03083e-22	4.59593e-22	6.95978e-22	1.05229e-21	1.58814e-21	2.39182e-21	3.59343e-21	5.38344e-21	8.03868e-21	1.19578e-20	1.77089e-20	2.60911e-20	3.82106e-20	5.55699e-20	8.01610e-20	1.14546e-19	1.61892e-19	2.25915e-19	3.10665e-19	4.20073e-19	5.57217e-19	7.23331e-19	9.16647e-19	1.13146e-18	1.35781e-18	1.58220e-18	1.78969e-18	1.96693e-18	2.10525e-18	2.20261e-18	2.26352e-18	2.29682e-18	2.31241e-18	2.31853e-18	2.32049e-18	2.32099e-18	2.32109e-18	2.32110e-18	2.32110e-18	2.32110e-18	2.32110e-18	2.32110e-18	2.32110e-18	2.32110e-18	2.32110e-18	2.32110e-18	2.32110e-18	2.32110e-18	2.32110e-18	2.32110e-18	2.32110e-18	2.32110e-18	2.32110e-18	2.32110e-18	2.32110e-18	2.32110e-18	2.32110e-18	2.32110e-18	2.32110e-18	2.32110e-18	2.32110e-18	2.32110e-18	2.32110e-18	2.32110e-18	2.32110e-18	2.32110e-18	2.32110e-18	2.32110e-18	2.32110e-18	2.32110e-18	2.32110e-18	2.32110e-18	2.32110e-18	2.32110e-18	2.32110e-18	2.32110e-18	2.32110e-18	2.32110e-18	2.32110e-18	2.32110e-18	2.32110e-18	2.32110e-18	2.32110e-18	2.32110e-18	2.32110e-18	2.32110e-18	2.32110e-18	2.32110e-18	2.32110e-18	2.32110e-18	2.32110e-18	2.32110e-18	2.32110e-18	2.32110e-18	2.32110e-18	2.32110e-18	2.32110e-18	2.32110e-18	2.32110e-18	2.32110e-18	2.32110e-18	2.32110e-18	2.32110e-18	2.32110e-18	2.32110e-18	2.32110e-18	2.32110e-18	2.32110e-18	2.32110e-18	2.32110e-18	2.32110e-18	2.32110e-18	2.32110e-18	2.32110e-18	2.32110e-18	2.32110e-18	2.32110e-18	2.32110e-18	2.32110e-18	2.32110e-18	2.32110e-18	2.32110e-18	2.32110e-18	2.32110e-18	2.32110e-18	2.32110e-18	2.32110e-18	2.32110e-18	2.32110e-18	2.32110e-18	2.32110e-18	2.32110e-18	2.32110e-18	2.32110e-18	2.32110e-18	2.32110e-18	2.32110e-18	2.32110e-18	2.32110e-18	2.32110e-18	2.32110e-18	2.32110e-18	2.32110e-18
23.46	4.37452e-33	4.08718e-32	9.67020e-32	1.82108e-31	3.12754e-31	5.12605e-31	8.18320e-31	1.28597e-30	2.00135e-30	3.09566e-30	4.76962e-30	7.33027e-30	1.12473e-29	1.72390e-29	2.64044e-29	4.04243e-29	6.18700e-29	9.46740e-29	1.44852e-28	2.21605e-28	3.39005e-28	5.18576e-28	7.93238e-28	1.21334e-27	1.85587e-27	2.83859e-27	4.34156e-27	6.64012e-27	1.01553e-26	1.55308e-26	2.37507e-26	3.63193e-26	5.55362e-26	8.49156e-26	1.29828e-25	1.98478e-25	3.03399e-25	4.63735e-25	7.08713e-25	1.08295e-24	1.65452e-24	2.52727e-24	3.85952e-24	5.89257e-24	8.99386e-24	1.37227e-23	2.09296e-23	3.19068e-23	4.86159e-23	7.40301e-23	1.12651e-22	1.71280e-22	2.60180e-22	3.94794e-22	5.98306e-22	9.05414e-22	1.36786e-21	2.06251e-21	3.10292e-21	4.65599e-21	6.96529e-21	1.03834e-20	1.54157e-20	2.27785e-20	3.34723e-20	4.88710e-20	7.08216e-20	1.01741e-19	1.44687e-19	2.03359e-19	2.81968e-19	3.84899e-19	5.16090e-19	6.78106e-19	8.70963e-19	1.09093e-18	1.32976e-18	1.57480e-18	1.81044e-18	2.02093e-18	2.19377e-18	2.32271e-18	2.40892e-18	2.45978e-18	2.48578e-18	2.49705e-18	2.50110e-18	2.50227e-18	2.50254e-18	2.50258e-18	2.50259e-18	2.50259e-18	2.50259e-18	2.50259e-18	2.50259e-18	2.50259e-18	2.50259e-18	2.50259e-18	2.50259e-18	2.50259e-18	2.50259e-18	2.50259e-18	2.50259e-18	2.50259e-18	2.50259e-18	2.50259e-18	2.50259e-18	2.50259e-18	2.50259e-18	2.50259e-18	2.50259e-18	2.50259e-18	2.50259e-18	2.50259e-18	2.50259e-18	2.50259e-18	2.50259e-18	2.50259e-18	2.50259e-18	2.50259e-18	2.50259e-18	2.50259e-18	2.50259e-18	2.50259e-18	2.50259e-18	2.50259e-18	2.50259e-18	2.50259e-18	2.50259e-18	2.50259e-18	2.50259e-18	2.50259e-18	2.50259e-18	2.50259e-18	2.50259e-18	2.50259e-18	2.50259e-18	2.50259e-18	2.50259e-18	2.50259e-18	2.50259e-18	2.50259e-18	2.50259e-18	2.50259e-18	2.50259e-18	2.50259e-18	2.50259e-18	2.50259e-18	2.50259e-18	2.50259e-18	2.50259e-18	2.50259e-18	2.50259e-18	2.50259e-18	2.50259e-18	2.50259e-18	2.50259e-18	2.50259e-18	2.50259e-18	2.50259e-18	2.50259e-18	2.50259e-18	2.50259e-18	2.50259e-18	2.50259e-18	2.50259e-18	2.50259e-18	2.50259e-18	2.50259e-18	2.50259e-18	2.50259e-18	2.50259e-18	2.50259e-18	2.50259e-18	2.50259e-18	2.50259e-18	2.50259e-18	2.50259e-18	2.50259e-18	2.50259e-18	2.50259e-18	2.50259e-18	2.50259e-18	2.50259e-18	2.50259e-18	2.50259e-18	2.50259e-18	2.50259e-18	2.50259e-18	2.50259e-18	2.50259e-18	2.50259e-18	2.50259e-18	2.50259e-18	2.50259e-18
23.49	3.73934e-33	3.49372e-32	8.26611e-32	1.55666e-31	2.67343e-31	4.38176e-31	6.99503e-31	1.09926e-30	1.71076e-30	2.64619e-30	4.07711e-30	6.26597e-30	9.61427e-30	1.47361e-29	2.25708e-29	3.45554e-29	5.28876e-29	8.09294e-29	1.23823e-28	1.89434e-28	2.89793e-28	4.43299e-28	6.78096e-28	1.03722e-27	1.58651e-27	2.42663e-27	3.71152e-27	5.67661e-27	8.68186e-27	1.32777e-26	2.03055e-26	3.10518e-26	4.74831e-26	7.26048e-26	1.11010e-25	1.69718e-25	2.59450e-25	3.96584e-25	6.06131e-25	9.26272e-25	1.41528e-24	2.16207e-24	3.30223e-24	5.04244e-24	7.69759e-24	1.17471e-23	1.79204e-23	2.73264e-23	4.16490e-23	6.34429e-23	9.65783e-23	1.46910e-22	2.23277e-22	3.39004e-22	5.14117e-22	7.78644e-22	1.17745e-21	1.77733e-21	2.67727e-21	4.02318e-21	6.02885e-21	9.00517e-21	1.34003e-20	1.98534e-20	2.92648e-20	4.28829e-20	6.24063e-20	9.00925e-20	1.28854e-19	1.82307e-19	2.54716e-19	3.50768e-19	4.75074e-19	6.31348e-19	8.21277e-19	1.04319e-18	1.29091e-18	1.55331e-18	1.81502e-18	2.05871e-18	2.26851e-18	2.43371e-18	2.55120e-18	2.62558e-18	2.66680e-18	2.68641e-18	2.69424e-18	2.69681e-18	2.69747e-18	2.69760e-18	2.69762e-18	2.69763e-18	2.69763e-18	2.69763e-18	2.69763e-18	2.69763e-18	2.69763e-18	2.69763e-18	2.69763e-18	2.69763e-18	2.69763e-18	2.69763e-18	2.69763e-18	2.69763e-18	2.69763e-18	2.69763e-18	2.69763e-18	2.69763e-18	2.69763e-18	2.69763e-18	2.69763e-18	2.69763e-18	2.69763e-18	2.69763e-18	2.69763e-18	2.69763e-18	2.69763e-18	2.69763e-18	2.69763e-18	2.69763e-18	2.69763e-18	2.69763e-18	2.69763e-18	2.69763e-18	2.69763e-18	2.69763e-18	2.69763e-18	2.69763e-18	2.69763e-18	2.69763e-18	2.69763e-18	2.69763e-18	2.69763e-18	2.69763e-18	2.69763e-18	2.69763e-18	2.69763e-18	2.69763e-18	2.69763e-18	2.69763e-18	2.69763e-18	2.69763e-18	2.69763e-18	2.69763e-18	2.69763e-18	2.69763e-18	2.69763e-18	2.69763e-18	2.69763e-18	2.69763e-18	2.69763e-18	2.69763e-18	2.69763e-18	2.69763e-18	2.69763e-18	2.69763e-18	2.69763e-18	2.69763e-18	2.69763e-18	2.69763e-18	2.69763e-18	2.69763e-18	2.69763e-18	2.69763e-18	2.69763e-18	2.69763e-18	2.69763e-18	2.69763e-18	2.69763e-18	2.69763e-18	2.69763e-18	2.69763e-18	2.69763e-18	2.69763e-18	2.69763e-18	2.69763e-18	2.69763e-18	2.69763e-18	2.69763e-18	2.69763e-18	2.69763e-18	2.69763e-18	2.69763e-18	2.69763e-18	2.69763e-18	2.69763e-18	2.69763e-18	2.69763e-18	2.69763e-18	2.69763e-18	2.69763e-18	2.69763e-18	2.69763e-18	2.69763e-18	2.69763e-18
23.53	3.19640e-33	2.98644e-32	7.06588e-32	1.33063e-31	2.28525e-31	3.74554e-31	5.97937e-31	9.39649e-31	1.46237e-30	2.26198e-30	3.48514e-30	5.35620e-30	8.21836e-30	1.25966e-29	1.92938e-29	2.95384e-29	4.52092e-29	6.91801e-29	1.05847e-28	1.61933e-28	2.47724e-28	3.78948e-28	5.79665e-28	8.86670e-28	1.35624e-27	2.07444e-27	3.17289e-27	4.85286e-27	7.42213e-27	1.13513e-26	1.73599e-26	2.65479e-26	4.05970e-26	6.20776e-26	9.49180e-26	1.45121e-25	2.21860e-25	3.39145e-25	5.18376e-25	7.92227e-25	1.21058e-24	1.84954e-24	2.82521e-24	4.31461e-24	6.58752e-24	1.00548e-23	1.53420e-23	2.34001e-23	3.56746e-23	5.43593e-23	8.27804e-23	1.25974e-22	1.91551e-22	2.90997e-22	4.41598e-22	6.69312e-22	1.01300e-21	1.53063e-21	2.30834e-21	3.47346e-21	5.21324e-21	7.80108e-21	1.16331e-20	1.72775e-20	2.55408e-20	3.75506e-20	5.48584e-20	7.95539e-20	1.14380e-19	1.62816e-19	2.29095e-19	3.18063e-19	4.34819e-19	5.84024e-19	7.68857e-19	9.89670e-19	1.24258e-18	1.51851e-18	1.80319e-18	2.07870e-18	2.32659e-18	2.53184e-18	2.68641e-18	2.79090e-18	2.85331e-18	2.88567e-18	2.89994e-18	2.90516e-18	2.90670e-18	2.90706e-18	2.90713e-18	2.90713e-18	2.90713e-18	2.90713e-18	2.90713e-18	2.90713e-18	2.90713e-18	2.90713e-18	2.90713e-18	2.90713e-18	2.90713e-18	2.90713e-18	2.90713e-18	2.90713e-18	2.90713e-18	2.90713e-18	2.90713e-18	2.90713e-18	2.90713e-18	2.90713e-18	2.90713e-18	2.90713e-18	2.90713e-18	2.90713e-18	2.90713e-18	2.90713e-18	2.90713e-18	2.90713e-18	2.90713e-18	2.90713e-18	2.90713e-18	2.90713e-18	2.90713e-18	2.90713e-18	2.90713e-18	2.90713e-18	2.90713e-18	2.90713e-18	2.90713e-18	2.90713e-18	2.90713e-18	2.90713e-18	2.90713e-18	2.90713e-18	2.90713e-18	2.90713e-18	2.90713e-18	2.90713e-18	2.90713e-18	2.90713e-18	2.90713e-18	2.90713e-18	2.90713e-18	2.90713e-18	2.90713e-18	2.90713e-18	2.90713e-18	2.90713e-18	2.90713e-18	2.90713e-18	2.90713e-18	2.90713e-18	2.90713e-18	2.90713e-18	2.90713e-18	2.90713e-18	2.90713e-18	2.90713e-18	2.90713e-18	2.90713e-18	2.90713e-18	2.90713e-18	2.90713e-18	2.90713e-18	2.90713e-18	2.90713e-18	2.90713e-18	2.90713e-18	2.90713e-18	2.90713e-18	2.90713e-18	2.90713e-18	2.90713e-18	2.90713e-18	2.90713e-18	2.90713e-18	2.90713e-18	2.90713e-18	2.90713e-18	2.90713e-18	2.90713e-18	2.90713e-18	2.90713e-18	2.90713e-18	2.90713e-18	2.90713e-18	2.90713e-18	2.90713e-18	2.90713e-18	2.90713e-18	2.90713e-18	2.90713e-18	2.90713e-18	2.90713e-18	2.90713e-18
23.56	2.73228e-33	2.55281e-32	6.03992e-32	1.13743e-31	1.95344e-31	3.20170e-31	5.11118e-31	8.03215e-31	1.25004e-30	1.93355e-30	2.97911e-30	4.57852e-30	7.02512e-30	1.07677e-29	1.64926e-29	2.52498e-29	3.86456e-29	5.91364e-29	9.04802e-29	1.38425e-28	2.11761e-28	3.23938e-28	4.95520e-28	7.57966e-28	1.15939e-27	1.77336e-27	2.71241e-27	4.14861e-27	6.34512e-27	9.70430e-27	1.48414e-26	2.26970e-26	3.47091e-26	5.30758e-26	8.11568e-26	1.24087e-25	1.89711e-25	2.90015e-25	4.43309e-25	6.77551e-25	1.03543e-24	1.58209e-24	2.41693e-24	3.69155e-24	5.63704e-24	8.60550e-24	1.31330e-23	2.00353e-23	3.05524e-23	4.65679e-23	7.09391e-23	1.07996e-22	1.64288e-22	2.49708e-22	3.79168e-22	5.75086e-22	8.71085e-22	1.31742e-21	1.98892e-21	2.99655e-21	4.50393e-21	6.75096e-21	1.00867e-20	1.50147e-20	2.22541e-20	3.28187e-20	4.81166e-20	7.00670e-20	1.01227e-19	1.44904e-19	2.05221e-19	2.87069e-19	3.95860e-19	5.36987e-19	7.14903e-19	9.31846e-19	1.18629e-18	1.47159e-18	1.77534e-18	2.08006e-18	2.36569e-18	2.61349e-18	2.81033e-18	2.95172e-18	3.04226e-18	3.09310e-18	3.11766e-18	3.12764e-18	3.13097e-18	3.13186e-18	3.13204e-18	3.13207e-18	3.13207e-18	3.13207e-18	3.13207e-18	3.13207e-18	3.13207e-18	3.13207e-18	3.13207e-18	3.13207e-18	3.13207e-18	3.13207e-18	3.13207e-18	3.13207e-18	3.13207e-18	3.13207e-18	3.13207e-18	3.13207e-18	3.13207e-18	3.13207e-18	3.13207e-18	3.13207e-18	3.13207e-18	3.13207e-18	3.13207e-18	3.13207e-18	3.13207e-18	3.13207e-18	3.13207e-18	3.13207e-18	3.13207e-18	3.13207e-18	3.13207e-18	3.13207e-18	3.13207e-18	3.13207e-18	3.13207e-18	3.13207e-18	3.13207e-18	3.13207e-18	3.13207e-18	3.13207e-18	3.13207e-18	3.13207e-18	3.13207e-18	3.13207e-18	3.13207e-18	3.13207e-18	3.13207e-18	3.13207e-18	3.13207e-18	3.13207e-18	3.13207e-18	3.13207e-18	3.13207e-18	3.13207e-18	3.13207e-18	3.13207e-18	3.13207e-18	3.13207e-18	3.13207e-18	3.13207e-18	3.13207e-18	3.13207e-18	3.13207e-18	3.13207e-18	3.13207e-18	3.13207e-18	3.13207e-18	3.13207e-18	3.13207e-18	3.13207e-18	3.13207e-18	3.13207e-18	3.13207e-18	3.13207e-18	3.13207e-18	3.13207e-18	3.13207e-18	3.13207e-18	3.13207e-18	3.13207e-18	3.13207e-18	3.13207e-18	3.13207e-18	3.13207e-18	3.13207e-18	3.13207e-18	3.13207e-18	3.13207e-18	3.13207e-18	3.13207e-18	3.13207e-18	3.13207e-18	3.13207e-18	3.13207e-18	3.13207e-18	3.13207e-18	3.13207e-18	3.13207e-18	3.13207e-18	3.13207e-18	3.13207e-18	3.13207e-18	3.13207e-18
23.59	2.33556e-33	2.18215e-32	5.16293e-32	9.72276e-32	1.66980e-31	2.73682e-31	4.36905e-31	6.86591e-31	1.06854e-30	1.65281e-30	2.54656e-30	3.91375e-30	6.00513e-30	9.20430e-30	1.40980e-29	2.15839e-29	3.30348e-29	5.05508e-29	7.73442e-29	1.18329e-28	1.81019e-28	2.76912e-28	4.23588e-28	6.47941e-28	9.91098e-28	1.51596e-27	2.31874e-27	3.54654e-27	5.42436e-27	8.29620e-27	1.26881e-26	1.94044e-26	2.96746e-26	4.53785e-26	6.93893e-26	1.06098e-25	1.62216e-25	2.47996e-25	3.79100e-25	5.79452e-25	8.85579e-25	1.35324e-24	2.06753e-24	3.15825e-24	4.82331e-24	7.36437e-24	1.12409e-23	1.71521e-23	2.61619e-23	3.98866e-23	6.07800e-23	9.25628e-23	1.40869e-22	2.14215e-22	3.25452e-22	4.93930e-22	7.48709e-22	1.13331e-21	1.71266e-21	2.58328e-21	3.88793e-21	5.83661e-21	8.73616e-21	1.30314e-20	1.93613e-20	2.86330e-20	4.21173e-20	6.15650e-20	8.93392e-20	1.28549e-19	1.83152e-19	2.57983e-19	3.58613e-19	4.90955e-19	6.60506e-19	8.71165e-19	1.12371e-18	1.41412e-18	1.73246e-18	2.06265e-18	2.38418e-18	2.67550e-18	2.91865e-18	3.10346e-18	3.22970e-18	3.30603e-18	3.34616e-18	3.36414e-18	3.37085e-18	3.37287e-18	3.37336e-18	3.37344e-18	3.37345e-18	3.37345e-18	3.37345e-18	3.37345e-18	3.37345e-18	3.37345e-18	3.37345e-18	3.37345e-18	3.37345e-18	3.37345e-18	3.37345e-18	3.37345e-18	3.37345e-18	3.37345e-18	3.37345e-18	3.37345e-18	3.37345e-18	3.37345e-18	3.37345e-18	3.37345e-18	3.37345e-18	3.37345e-18	3.37345e-18	3.37345e-18	3.37345e-18	3.37345e-18	3.37345e-18	3.37345e-18	3.37345e-18	3.37345e-18	3.37345e-18	3.37345e-18	3.37345e-18	3.37345e-18	3.37345e-18	3.37345e-18	3.37345e-18	3.37345e-18	3.37345e-18	3.37345e-18	3.37345e-18	3.37345e-18	3.37345e-18	3.37345e-18	3.37345e-18	3.37345e-18	3.37345e-18	3.37345e-18	3.37345e-18	3.37345e-18	3.37345e-18	3.37345e-18	3.37345e-18	3.37345e-18	3.37345e-18	3.37345e-18	3.37345e-18	3.37345e-18	3.37345e-18	3.37345e-18	3.37345e-18	3.37345e-18	3.37345e-18	3.37345e-18	3.37345e-18	3.37345e-18	3.37345e-18	3.37345e-18	3.37345e-18	3.37345e-18	3.37345e-18	3.37345e-18	3.37345e-18	3.37345e-18	3.37345e-18	3.37345e-18	3.37345e-18	3.37345e-18	3.37345e-18	3.37345e-18	3.37345e-18	3.37345e-18	3.37345e-18	3.37345e-18	3.37345e-18	3.37345e-18	3.37345e-18	3.37345e-18	3.37345e-18	3.37345e-18	3.37345e-18	3.37345e-18	3.37345e-18	3.37345e-18	3.37345e-18	3.37345e-18	3.37345e-18	3.37345e-18	3.37345e-18	3.37345e-18	3.37345e-18	3.37345e-18	3.37345e-18
23.63	1.99643e-33	1.86530e-32	4.41328e-32	8.31102e-32	1.42735e-31	2.33944e-31	3.73468e-31	5.86900e-31	9.13389e-31	1.41282e-30	2.17681e-30	3.34549e-30	5.13323e-30	7.86791e-30	1.20511e-29	1.84501e-29	2.82386e-29	4.32116e-29	6.61152e-29	1.01150e-28	1.54740e-28	2.36712e-28	3.62097e-28	5.53884e-28	8.47235e-28	1.29592e-27	1.98220e-27	3.03183e-27	4.63717e-27	7.09235e-27	1.08471e-26	1.65892e-26	2.53700e-26	3.87969e-26	5.93270e-26	9.07158e-26	1.38703e-25	2.12058e-25	3.24181e-25	4.95538e-25	7.57384e-25	1.15744e-24	1.76854e-24	2.70181e-24	4.12674e-24	6.30170e-24	9.62037e-24	1.46822e-23	2.23994e-23	3.41586e-23	5.20665e-23	7.93191e-23	1.20760e-22	1.83716e-22	2.79258e-22	4.24072e-22	6.43255e-22	9.74447e-22	1.47393e-21	2.22554e-21	3.35362e-21	5.04165e-21	7.55871e-21	1.12967e-20	1.68212e-20	2.49409e-20	3.67970e-20	5.39768e-20	7.86477e-20	1.13703e-19	1.62897e-19	2.30925e-19	3.23386e-19	4.46518e-19	6.06612e-19	8.08982e-19	1.05652e-18	1.34791e-18	1.67602e-18	2.02707e-18	2.38124e-18	2.71536e-18	3.00736e-18	3.24128e-18	3.41093e-18	3.52078e-18	3.58326e-18	3.61389e-18	3.62656e-18	3.63087e-18	3.63204e-18	3.63229e-18	3.63233e-18	3.63233e-18	3.63233e-18	3.63233e-18	3.63233e-18	3.63233e-18	3.63233e-18	3.63233e-18	3.63233e-18	3.63233e-18	3.63233e-18	3.63233e-18	3.63233e-18	3.63233e-18	3.63233e-18	3.63233e-18	3.63233e-18	3.63233e-18	3.63233e-18	3.63233e-18	3.63233e-18	3.63233e-18	3.63233e-18	3.63233e-18	3.63233e-18	3.63233e-18	3.63233e-18	3.63233e-18	3.63233e-18	3.63233e-18	3.63233e-18	3.63233e-18	3.63233e-18	3.63233e-18	3.63233e-18	3.63233e-18	3.63233e-18	3.63233e-18	3.63233e-18	3.63233e-18	3.63233e-18	3.63233e-18	3.63233e-18	3.63233e-18	3.63233e-18	3.63233e-18	3.63233e-18	3.63233e-18	3.63233e-18	3.63233e-18	3.63233e-18	3.63233e-18	3.63233e-18	3.63233e-18	3.63233e-18	3.63233e-18	3.63233e-18	3.63233e-18	3.63233e-18	3.63233e-18	3.63233e-18	3.63233e-18	3.63233e-18	3.63233e-18	3.63233e-18	3.63233e-18	3.63233e-18	3.63233e-18	3.63233e-18	3.63233e-18	3.63233e-18	3.63233e-18	3.63233e-18	3.63233e-18	3.63233e-18	3.63233e-18	3.63233e-18	3.63233e-18	3.63233e-18	3.63233e-18	3.63233e-18	3.63233e-18	3.63233e-18	3.63233e-18	3.63233e-18	3.63233e-18	3.63233e-18	3.63233e-18	3.63233e-18	3.63233e-18	3.63233e-18	3.63233e-18	3.63233e-18	3.63233e-18	3.63233e-18	3.63233e-18	3.63233e-18	3.63233e-18	3.63233e-18	3.63233e-18	3.63233e-18	3.63233e-18	3.63233e-18
23.66	1.70655e-33	1.59446e-32	3.77247e-32	7.10427e-32	1.22010e-31	1.99975e-31	3.19241e-31	5.01683e-31	7.80768e-31	1.20769e-30	1.86075e-30	2.85975e-30	4.38791e-30	6.72555e-30	1.03014e-29	1.57714e-29	2.41387e-29	3.69379e-29	5.65164e-29	8.64648e-29	1.32275e-28	2.02348e-28	3.09532e-28	4.73480e-28	7.24251e-28	1.10782e-27	1.69449e-27	2.59180e-27	3.96419e-27	6.06314e-27	9.27320e-27	1.41823e-26	2.16896e-26	3.31695e-26	5.07230e-26	7.75620e-26	1.18595e-25	1.81324e-25	2.77209e-25	4.23761e-25	6.47722e-25	9.89925e-25	1.51271e-24	2.31120e-24	3.53052e-24	5.39194e-24	8.23273e-24	1.25666e-23	1.91756e-23	2.92491e-23	4.45950e-23	6.79575e-23	1.03499e-22	1.57520e-22	2.39552e-22	3.63972e-22	5.52438e-22	8.37480e-22	1.26782e-21	1.91619e-21	2.89073e-21	4.35144e-21	6.53380e-21	9.78211e-21	1.45958e-20	2.16928e-20	3.20935e-20	4.72291e-20	6.90741e-20	1.00299e-19	1.44424e-19	2.05949e-19	2.90387e-19	4.04130e-19	5.54022e-19	7.46518e-19	9.86364e-19	1.27485e-18	1.60789e-18	1.97458e-18	2.35689e-18	2.73138e-18	3.07298e-18	3.36031e-18	3.58064e-18	3.73269e-18	3.82570e-18	3.87526e-18	3.89782e-18	3.90639e-18	3.90903e-18	3.90968e-18	3.90980e-18	3.90981e-18	3.90981e-18	3.90981e-18	3.90981e-18	3.90981e-18	3.90981e-18	3.90981e-18	3.90981e-18	3.90981e-18	3.90981e-18	3.90981e-18	3.90981e-18	3.90981e-18	3.90981e-18	3.90981e-18	3.90981e-18	3.90981e-18	3.90981e-18	3.90981e-18	3.90981e-18	3.90981e-18	3.90981e-18	3.90981e-18	3.90981e-18	3.90981e-18	3.90981e-18	3.90981e-18	3.90981e-18	3.90981e-18	3.90981e-18	3.90981e-18	3.90981e-18	3.90981e-18	3.90981e-18	3.90981e-18	3.90981e-18	3.90981e-18	3.90981e-18	3.90981e-18	3.90981e-18	3.90981e-18	3.90981e-18	3.90981e-18	3.90981e-18	3.90981e-18	3.90981e-18	3.90981e-18	3.90981e-18	3.90981e-18	3.90981e-18	3.90981e-18	3.90981e-18	3.90981e-18	3.90981e-18	3.90981e-18	3.90981e-18	3.90981e-18	3.90981e-18	3.90981e-18	3.90981e-18	3.90981e-18	3.90981e-18	3.90981e-18	3.90981e-18	3.90981e-18	3.90981e-18	3.90981e-18	3.90981e-18	3.90981e-18	3.90981e-18	3.90981e-18	3.90981e-18	3.90981e-18	3.90981e-18	3.90981e-18	3.90981e-18	3.90981e-18	3.90981e-18	3.90981e-18	3.90981e-18	3.90981e-18	3.90981e-18	3.90981e-18	3.90981e-18	3.90981e-18	3.90981e-18	3.90981e-18	3.90981e-18	3.90981e-18	3.90981e-18	3.90981e-18	3.90981e-18	3.90981e-18	3.90981e-18	3.90981e-18	3.90981e-18	3.90981e-18	3.90981e-18	3.90981e-18	3.90981e-18	3.90981e-18	3.90981e-18
23.70	1.45876e-33	1.36294e-32	3.22471e-32	6.07273e-32	1.04294e-31	1.70939e-31	2.72888e-31	4.28840e-31	6.67402e-31	1.03234e-30	1.59058e-30	2.44452e-30	3.75081e-30	5.74904e-30	8.80573e-30	1.34815e-29	2.06340e-29	3.15750e-29	4.83111e-29	7.39116e-29	1.13071e-28	1.72972e-28	2.64596e-28	4.04746e-28	6.19117e-28	9.47010e-28	1.44854e-27	2.21562e-27	3.38886e-27	5.18325e-27	7.92757e-27	1.21245e-26	1.85429e-26	2.83579e-26	4.33662e-26	6.63144e-26	1.01400e-25	1.55040e-25	2.37037e-25	3.62370e-25	5.53917e-25	8.46619e-25	1.29382e-24	1.97695e-24	3.02024e-24	4.61318e-24	7.04465e-24	1.07548e-23	1.64139e-23	2.50420e-23	3.81898e-23	5.82132e-23	8.86869e-23	1.35028e-22	2.05435e-22	3.12293e-22	4.74274e-22	7.19466e-22	1.09001e-21	1.64893e-21	2.49012e-21	3.75291e-21	5.64297e-21	8.46209e-21	1.26500e-20	1.88420e-20	2.79469e-20	4.12488e-20	6.05359e-20	8.82542e-20	1.27675e-19	1.83056e-19	2.59738e-19	3.64119e-19	5.03378e-19	6.84830e-19	9.14783e-19	1.19690e-18	1.53016e-18	1.90696e-18	2.31198e-18	2.72282e-18	3.11282e-18	3.45608e-18	3.73329e-18	3.93623e-18	4.06905e-18	4.14553e-18	4.18357e-18	4.19956e-18	4.20511e-18	4.20665e-18	4.20699e-18	4.20704e-18	4.20705e-18	4.20705e-18	4.20705e-18	4.20705e-18	4.20705e-18	4.20705e-18	4.20705e-18	4.20705e-18	4.20705e-18	4.20705e-18	4.20705e-18	4.20705e-18	4.20705e-18	4.20705e-18	4.20705e-18	4.20705e-18	4.20705e-18	4.20705e-18	4.20705e-18	4.20705e-18	4.20705e-18	4.20705e-18	4.20705e-18	4.20705e-18	4.20705e-18	4.20705e-18	4.20705e-18	4.20705e-18	4.20705e-18	4.20705e-18	4.20705e-18	4.20705e-18	4.20705e-18	4.20705e-18	4.20705e-18	4.20705e-18	4.20705e-18	4.20705e-18	4.20705e-18	4.20705e-18	4.20705e-18	4.20705e-18	4.20705e-18	4.20705e-18	4.20705e-18	4.20705e-18	4.20705e-18	4.20705e-18	4.20705e-18	4.20705e-18	4.20705e-18	4.20705e-18	4.20705e-18	4.20705e-18	4.20705e-18	4.20705e-18	4.20705e-18	4.20705e-18	4.20705e-18	4.20705e-18	4.20705e-18	4.20705e-18	4.20705e-18	4.20705e-18	4.20705e-18	4.20705e-18	4.20705e-18	4.20705e-18	4.20705e-18	4.20705e-18	4.20705e-18	4.20705e-18	4.20705e-18	4.20705e-18	4.20705e-18	4.20705e-18	4.20705e-18	4.20705e-18	4.20705e-18	4.20705e-18	4.20705e-18	4.20705e-18	4.20705e-18	4.20705e-18	4.20705e-18	4.20705e-18	4.20705e-18	4.20705e-18	4.20705e-18	4.20705e-18	4.20705e-18	4.20705e-18	4.20705e-18	4.20705e-18	4.20705e-18	4.20705e-18	4.20705e-18	4.20705e-18	4.20705e-18	4.20705e-18	4.20705e-18
23.73	1.24695e-33	1.16504e-32	2.75649e-32	5.19098e-32	8.91509e-32	1.46119e-31	2.33265e-31	3.66573e-31	5.70497e-31	8.82443e-31	1.35963e-30	2.08959e-30	3.20621e-30	4.91432e-30	7.52720e-30	1.15241e-29	1.76382e-29	2.69907e-29	4.12970e-29	6.31809e-29	9.66556e-29	1.47860e-28	2.26184e-28	3.45989e-28	5.29243e-28	8.09543e-28	1.23828e-27	1.89403e-27	2.89701e-27	4.43102e-27	6.77714e-27	1.03652e-26	1.58525e-26	2.42439e-26	3.70758e-26	5.66969e-26	8.66971e-26	1.32564e-25	2.02682e-25	3.09863e-25	4.73681e-25	7.24031e-25	1.10656e-24	1.69096e-24	2.58357e-24	3.94663e-24	6.02754e-24	9.20338e-24	1.40485e-23	2.14374e-23	3.27000e-23	4.98581e-23	7.59808e-23	1.15723e-22	1.76134e-22	2.67875e-22	4.07034e-22	6.17846e-22	9.36721e-22	1.41821e-21	2.14375e-21	3.23448e-21	4.86970e-21	7.31341e-21	1.09518e-20	1.63454e-20	2.43006e-20	3.59647e-20	5.29485e-20	7.74777e-20	1.12567e-19	1.62202e-19	2.31487e-19	3.26704e-19	4.55175e-19	6.24800e-19	8.43138e-19	1.11591e-18	1.44504e-18	1.82641e-18	2.24809e-18	2.68992e-18	3.12517e-18	3.52478e-18	3.86341e-18	4.12531e-18	4.30781e-18	4.42073e-18	4.48170e-18	4.50987e-18	4.52076e-18	4.52419e-18	4.52504e-18	4.52520e-18	4.52523e-18	4.52523e-18	4.52523e-18	4.52523e-18	4.52523e-18	4.52523e-18	4.52523e-18	4.52523e-18	4.52523e-18	4.52523e-18	4.52523e-18	4.52523e-18	4.52523e-18	4.52523e-18	4.52523e-18	4.52523e-18	4.52523e-18	4.52523e-18	4.52523e-18	4.52523e-18	4.52523e-18	4.52523e-18	4.52523e-18	4.52523e-18	4.52523e-18	4.52523e-18	4.52523e-18	4.52523e-18	4.52523e-18	4.52523e-18	4.52523e-18	4.52523e-18	4.52523e-18	4.52523e-18	4.52523e-18	4.52523e-18	4.52523e-18	4.52523e-18	4.52523e-18	4.52523e-18	4.52523e-18	4.52523e-18	4.52523e-18	4.52523e-18	4.52523e-18	4.52523e-18	4.52523e-18	4.52523e-18	4.52523e-18	4.52523e-18	4.52523e-18	4.52523e-18	4.52523e-18	4.52523e-18	4.52523e-18	4.52523e-18	4.52523e-18	4.52523e-18	4.52523e-18	4.52523e-18	4.52523e-18	4.52523e-18	4.52523e-18	4.52523e-18	4.52523e-18	4.52523e-18	4.52523e-18	4.52523e-18	4.52523e-18	4.52523e-18	4.52523e-18	4.52523e-18	4.52523e-18	4.52523e-18	4.52523e-18	4.52523e-18	4.52523e-18	4.52523e-18	4.52523e-18	4.52523e-18	4.52523e-18	4.52523e-18	4.52523e-18	4.52523e-18	4.52523e-18	4.52523e-18	4.52523e-18	4.52523e-18	4.52523e-18	4.52523e-18	4.52523e-18	4.52523e-18	4.52523e-18	4.52523e-18	4.52523e-18	4.52523e-18	4.52523e-18	4.52523e-18	4.52523e-18	4.52523e-18	4.52523e-18
23.76	1.06589e-33	9.95880e-33	2.35624e-32	4.43725e-32	7.62062e-32	1.24903e-31	1.99395e-31	3.13347e-31	4.87662e-31	7.54315e-31	1.16222e-30	1.78619e-30	2.74069e-30	4.20079e-30	6.43430e-30	9.85091e-30	1.50773e-29	2.30719e-29	3.53012e-29	5.40079e-29	8.26229e-29	1.26394e-28	1.93347e-28	2.95761e-28	4.52413e-28	6.92027e-28	1.05853e-27	1.61911e-27	2.47653e-27	3.78793e-27	5.79362e-27	8.86112e-27	1.35524e-26	2.07266e-26	3.16975e-26	4.84734e-26	7.41245e-26	1.13343e-25	1.73301e-25	2.64958e-25	4.05056e-25	6.19171e-25	9.46362e-25	1.44626e-24	2.20991e-24	3.37617e-24	5.15691e-24	7.87509e-24	1.20228e-23	1.83496e-23	2.79958e-23	4.26958e-23	6.50839e-23	9.91581e-23	1.50978e-22	2.29713e-22	3.49220e-22	5.30392e-22	8.04661e-22	1.21920e-21	1.84456e-21	2.78590e-21	4.19931e-21	6.31527e-21	9.47217e-21	1.41633e-20	2.11018e-20	3.13088e-20	4.62282e-20	6.78737e-20	9.90034e-20	1.43314e-19	2.05625e-19	2.92008e-19	4.09763e-19	5.67133e-19	7.72599e-19	1.03361e-18	1.35474e-18	1.73536e-18	2.16736e-18	2.63382e-18	3.10942e-18	3.56358e-18	3.96604e-18	4.29361e-18	4.53557e-18	4.69559e-18	4.78883e-18	4.83586e-18	4.85595e-18	4.86305e-18	4.86506e-18	4.86551e-18	4.86559e-18	4.86559e-18	4.86560e-18	4.86560e-18	4.86560e-18	4.86560e-18	4.86560e-18	4.86560e-18	4.86560e-18	4.86560e-18	4.86560e-18	4.86560e-18	4.86560e-18	4.86560e-18	4.86560e-18	4.86560e-18	4.86560e-18	4.86560e-18	4.86560e-18	4.86560e-18	4.86560e-18	4.86560e-18	4.86560e-18	4.86560e-18	4.86560e-18	4.86560e-18	4.86560e-18	4.86560e-18	4.86560e-18	4.86560e-18	4.86560e-18	4.86560e-18	4.86560e-18	4.86560e-18	4.86560e-18	4.86560e-18	4.86560e-18	4.86560e-18	4.86560e-18	4.86560e-18	4.86560e-18	4.86560e-18	4.86560e-18	4.86560e-18	4.86560e-18	4.86560e-18	4.86560e-18	4.86560e-18	4.86560e-18	4.86560e-18	4.86560e-18	4.86560e-18	4.86560e-18	4.86560e-18	4.86560e-18	4.86560e-18	4.86560e-18	4.86560e-18	4.86560e-18	4.86560e-18	4.86560e-18	4.86560e-18	4.86560e-18	4.86560e-18	4.86560e-18	4.86560e-18	4.86560e-18	4.86560e-18	4.86560e-18	4.86560e-18	4.86560e-18	4.86560e-18	4.86560e-18	4.86560e-18	4.86560e-18	4.86560e-18	4.86560e-18	4.86560e-18	4.86560e-18	4.86560e-18	4.86560e-18	4.86560e-18	4.86560e-18	4.86560e-18	4.86560e-18	4.86560e-18	4.86560e-18	4.86560e-18	4.86560e-18	4.86560e-18	4.86560e-18	4.86560e-18	4.86560e-18	4.86560e-18	4.86560e-18	4.86560e-18	4.86560e-18	4.86560e-18	4.86560e-18	4.86560e-18	4.86560e-18
23.80	9.11124e-34	8.51278e-33	2.01412e-32	3.79296e-32	6.51411e-32	1.06767e-31	1.70443e-31	2.67850e-31	4.16854e-31	6.44790e-31	9.93466e-31	1.52684e-30	2.34275e-30	3.59085e-30	5.50008e-30	8.42063e-30	1.28882e-29	1.97221e-29	3.01759e-29	4.61667e-29	7.06274e-29	1.08044e-28	1.65278e-28	2.52824e-28	3.86736e-28	5.91568e-28	9.04874e-28	1.38409e-27	2.11707e-27	3.23815e-27	4.95280e-27	7.57521e-27	1.15858e-26	1.77194e-26	2.70990e-26	4.14421e-26	6.33741e-26	9.69078e-26	1.48177e-25	2.26554e-25	3.46362e-25	5.29480e-25	8.09325e-25	1.23693e-24	1.89019e-24	2.88800e-24	4.41174e-24	6.73799e-24	1.02883e-23	1.57049e-23	2.39655e-23	3.65573e-23	5.57410e-23	8.49489e-23	1.29387e-22	1.96941e-22	2.99534e-22	4.55168e-22	6.90959e-22	1.04765e-21	1.58632e-21	2.39813e-21	3.61876e-21	5.44908e-21	8.18498e-21	1.22595e-20	1.83015e-20	2.72165e-20	4.02936e-20	5.93449e-20	8.68773e-20	1.26292e-19	1.82095e-19	2.60072e-19	3.67370e-19	5.12361e-19	7.04143e-19	9.51530e-19	1.26138e-18	1.63636e-18	2.07238e-18	2.55646e-18	3.06605e-18	3.57077e-18	4.03707e-18	4.43502e-18	4.74534e-18	4.96364e-18	5.10018e-18	5.17485e-18	5.20986e-18	5.22362e-18	5.22804e-18	5.22917e-18	5.22939e-18	5.22942e-18	5.22942e-18	5.22942e-18	5.22942e-18	5.22942e-18	5.22942e-18	5.22942e-18	5.22942e-18	5.22942e-18	5.22942e-18	5.22942e-18	5.22942e-18	5.22942e-18	5.22942e-18	5.22942e-18	5.22942e-18	5.22942e-18	5.22942e-18	5.22942e-18	5.22942e-18	5.22942e-18	5.22942e-18	5.22942e-18	5.22942e-18	5.22942e-18	5.22942e-18	5.22942e-18	5.22942e-18	5.22942e-18	5.22942e-18	5.22942e-18	5.22942e-18	5.22942e-18	5.22942e-18	5.22942e-18	5.22942e-18	5.22942e-18	5.22942e-18	5.22942e-18	5.22942e-18	5.22942e-18	5.22942e-18	5.22942e-18	5.22942e-18	5.22942e-18	5.22942e-18	5.22942e-18	5.22942e-18	5.22942e-18	5.22942e-18	5.22942e-18	5.22942e-18	5.22942e-18	5.22942e-18	5.22942e-18	5.22942e-18	5.22942e-18	5.22942e-18	5.22942e-18	5.22942e-18	5.22942e-18	5.22942e-18	5.22942e-18	5.22942e-18	5.22942e-18	5.22942e-18	5.22942e-18	5.22942e-18	5.22942e-18	5.22942e-18	5.22942e-18	5.22942e-18	5.22942e-18	5.22942e-18	5.22942e-18	5.22942e-18	5.22942e-18	5.22942e-18	5.22942e-18	5.22942e-18	5.22942e-18	5.22942e-18	5.22942e-18	5.22942e-18	5.22942e-18	5.22942e-18	5.22942e-18	5.22942e-18	5.22942e-18	5.22942e-18	5.22942e-18	5.22942e-18	5.22942e-18	5.22942e-18	5.22942e-18	5.22942e-18	5.22942e-18	5.22942e-18	5.22942e-18	5.22942e-18
23.83	7.78829e-34	7.27673e-33	1.72167e-32	3.24222e-32	5.56826e-32	9.12644e-32	1.45695e-31	2.28958e-31	3.56328e-31	5.51168e-31	8.49217e-31	1.30515e-30	2.00259e-30	3.06948e-30	4.70150e-30	7.19801e-30	1.10169e-29	1.68586e-29	2.57947e-29	3.94639e-29	6.03733e-29	9.23577e-29	1.41283e-28	2.16120e-28	3.30593e-28	5.05691e-28	7.73520e-28	1.18318e-27	1.80977e-27	2.76816e-27	4.23398e-27	6.47587e-27	9.90459e-27	1.51483e-26	2.31674e-26	3.54303e-26	5.41820e-26	8.28542e-26	1.26692e-25	1.93713e-25	2.96166e-25	4.52767e-25	6.92107e-25	1.05785e-24	1.61666e-24	2.47029e-24	3.77401e-24	5.76467e-24	8.80332e-24	1.34402e-23	2.05132e-23	3.12975e-23	4.77323e-23	7.27636e-23	1.10862e-22	1.68805e-22	2.56850e-22	3.90495e-22	5.93117e-22	8.99887e-22	1.36360e-21	2.06322e-21	3.11652e-21	4.69829e-21	7.06677e-21	1.06012e-20	1.58549e-20	2.36280e-20	3.50671e-20	5.17953e-20	7.60783e-20	1.11024e-19	1.60804e-19	2.30873e-19	3.28119e-19	4.60858e-19	6.38535e-19	8.70957e-19	1.16688e-18	1.53193e-18	1.96597e-18	2.46041e-18	2.99657e-18	3.54593e-18	4.07350e-18	4.54408e-18	4.92995e-18	5.21746e-18	5.40949e-18	5.52270e-18	5.58055e-18	5.60566e-18	5.61470e-18	5.61732e-18	5.61791e-18	5.61802e-18	5.61803e-18	5.61803e-18	5.61803e-18	5.61803e-18	5.61803e-18	5.61803e-18	5.61803e-18	5.61803e-18	5.61803e-18	5.61803e-18	5.61803e-18	5.61803e-18	5.61803e-18	5.61803e-18	5.61803e-18	5.61803e-18	5.61803e-18	5.61803e-18	5.61803e-18	5.61803e-18	5.61803e-18	5.61803e-18	5.61803e-18	5.61803e-18	5.61803e-18	5.61803e-18	5.61803e-18	5.61803e-18	5.61803e-18	5.61803e-18	5.61803e-18	5.61803e-18	5.61803e-18	5.61803e-18	5.61803e-18	5.61803e-18	5.61803e-18	5.61803e-18	5.61803e-18	5.61803e-18	5.61803e-18	5.61803e-18	5.61803e-18	5.61803e-18	5.61803e-18	5.61803e-18	5.61803e-18	5.61803e-18	5.61803e-18	5.61803e-18	5.61803e-18	5.61803e-18	5.61803e-18	5.61803e-18	5.61803e-18	5.61803e-18	5.61803e-18	5.61803e-18	5.61803e-18	5.61803e-18	5.61803e-18	5.61803e-18	5.61803e-18	5.61803e-18	5.61803e-18	5.61803e-18	5.61803e-18	5.61803e-18	5.61803e-18	5.61803e-18	5.61803e-18	5.61803e-18	5.61803e-18	5.61803e-18	5.61803e-18	5.61803e-18	5.61803e-18	5.61803e-18	5.61803e-18	5.61803e-18	5.61803e-18	5.61803e-18	5.61803e-18	5.61803e-18	5.61803e-18	5.61803e-18	5.61803e-18	5.61803e-18	5.61803e-18	5.61803e-18	5.61803e-18	5.61803e-18	5.61803e-18	5.61803e-18	5.61803e-18	5.61803e-18	5.61803e-18	5.61803e-18	5.61803e-18
23.87	6.65743e-34	6.22014e-33	1.47168e-32	2.77145e-32	4.75975e-32	7.80129e-32	1.24540e-31	1.95714e-31	3.04589e-31	4.71139e-31	7.25913e-31	1.11564e-30	1.71182e-30	2.62380e-30	4.01886e-30	6.15290e-30	9.41733e-30	1.44109e-29	2.20495e-29	3.37342e-29	5.16079e-29	7.89488e-29	1.20771e-28	1.84744e-28	2.82599e-28	4.32280e-28	6.61231e-28	1.01143e-27	1.54708e-27	2.36636e-27	3.61946e-27	5.53602e-27	8.46725e-27	1.29502e-26	1.98060e-26	3.02903e-26	4.63226e-26	7.08375e-26	1.08321e-25	1.65628e-25	2.53238e-25	3.87158e-25	5.91848e-25	9.04661e-25	1.38264e-24	2.11288e-24	3.22829e-24	4.93161e-24	7.53208e-24	1.15010e-23	1.75564e-23	2.67913e-23	4.08687e-23	6.23164e-23	9.49727e-23	1.44659e-22	2.20196e-22	3.34919e-22	5.08966e-22	7.72675e-22	1.17164e-21	1.77420e-21	2.68244e-21	4.04824e-21	6.09661e-21	9.15907e-21	1.37210e-20	2.04878e-20	3.04756e-20	4.51321e-20	6.64946e-20	9.73845e-20	1.41636e-19	2.04337e-19	2.92040e-19	4.12861e-19	5.76352e-19	7.92970e-19	1.07295e-18	1.42446e-18	1.85105e-18	2.34871e-18	2.90335e-18	3.48984e-18	4.07372e-18	4.61635e-18	5.08262e-18	5.44907e-18	5.70922e-18	5.87365e-18	5.96468e-18	6.00797e-18	6.02527e-18	6.03094e-18	6.03242e-18	6.03271e-18	6.03276e-18	6.03276e-18	6.03276e-18	6.03276e-18	6.03276e-18	6.03276e-18	6.03276e-18	6.03276e-18	6.03276e-18	6.03276e-18	6.03276e-18	6.03276e-18	6.03276e-18	6.03276e-18	6.03276e-18	6.03276e-18	6.03276e-18	6.03276e-18	6.03276e-18	6.03276e-18	6.03276e-18	6.03276e-18	6.03276e-18	6.03276e-18	6.03276e-18	6.03276e-18	6.03276e-18	6.03276e-18	6.03276e-18	6.03276e-18	6.03276e-18	6.03276e-18	6.03276e-18	6.03276e-18	6.03276e-18	6.03276e-18	6.03276e-18	6.03276e-18	6.03276e-18	6.03276e-18	6.03276e-18	6.03276e-18	6.03276e-18	6.03276e-18	6.03276e-18	6.03276e-18	6.03276e-18	6.03276e-18	6.03276e-18	6.03276e-18	6.03276e-18	6.03276e-18	6.03276e-18	6.03276e-18	6.03276e-18	6.03276e-18	6.03276e-18	6.03276e-18	6.03276e-18	6.03276e-18	6.03276e-18	6.03276e-18	6.03276e-18	6.03276e-18	6.03276e-18	6.03276e-18	6.03276e-18	6.03276e-18	6.03276e-18	6.03276e-18	6.03276e-18	6.03276e-18	6.03276e-18	6.03276e-18	6.03276e-18	6.03276e-18	6.03276e-18	6.03276e-18	6.03276e-18	6.03276e-18	6.03276e-18	6.03276e-18	6.03276e-18	6.03276e-18	6.03276e-18	6.03276e-18	6.03276e-18	6.03276e-18	6.03276e-18	6.03276e-18	6.03276e-18	6.03276e-18	6.03276e-18	6.03276e-18	6.03276e-18	6.03276e-18	6.03276e-18	6.03276e-18	6.03276e-18
23.90	5.69076e-34	5.31698e-33	1.25799e-32	2.36904e-32	4.06864e-32	6.66854e-32	1.06457e-31	1.67296e-31	2.60363e-31	4.02730e-31	6.20511e-31	9.53655e-31	1.46327e-30	2.24284e-30	3.43534e-30	5.25953e-30	8.04999e-30	1.23186e-29	1.88481e-29	2.88363e-29	4.41151e-29	6.74866e-29	1.03237e-28	1.57923e-28	2.41572e-28	3.69524e-28	5.65240e-28	8.64606e-28	1.32251e-27	2.02288e-27	3.09412e-27	4.73255e-27	7.23843e-27	1.10709e-26	1.69321e-26	2.58956e-26	3.96027e-26	6.05627e-26	9.26117e-26	1.41613e-25	2.16527e-25	3.31048e-25	5.06096e-25	7.73631e-25	1.18246e-24	1.80711e-24	2.76132e-24	4.21869e-24	6.44396e-24	9.84080e-24	1.50243e-23	2.29314e-23	3.49877e-23	5.33615e-23	8.13469e-23	1.23944e-22	1.88730e-22	2.87179e-22	4.36626e-22	6.63219e-22	1.00631e-21	1.52497e-21	2.30759e-21	3.48599e-21	5.25590e-21	7.90656e-21	1.18630e-20	1.77452e-20	2.64509e-20	3.92669e-20	5.80163e-20	8.52466e-20	1.24457e-19	1.80351e-19	2.59093e-19	3.68487e-19	5.17990e-19	7.18401e-19	9.81022e-19	1.31610e-18	1.73048e-18	2.22462e-18	2.78947e-18	3.40445e-18	4.03752e-18	4.64876e-18	5.19736e-18	5.65044e-18	5.99081e-18	6.22035e-18	6.35718e-18	6.42802e-18	6.45923e-18	6.47066e-18	6.47405e-18	6.47484e-18	6.47498e-18	6.47499e-18	6.47499e-18	6.47499e-18	6.47499e-18	6.47499e-18	6.47499e-18	6.47499e-18	6.47499e-18	6.47499e-18	6.47499e-18	6.47499e-18	6.47499e-18	6.47499e-18	6.47499e-18	6.47499e-18	6.47499e-18	6.47499e-18	6.47499e-18	6.47499e-18	6.47499e-18	6.47499e-18	6.47499e-18	6.47499e-18	6.47499e-18	6.47499e-18	6.47499e-18	6.47499e-18	6.47499e-18	6.47499e-18	6.47499e-18	6.47499e-18	6.47499e-18	6.47499e-18	6.47499e-18	6.47499e-18	6.47499e-18	6.47499e-18	6.47499e-18	6.47499e-18	6.47499e-18	6.47499e-18	6.47499e-18	6.47499e-18	6.47499e-18	6.47499e-18	6.47499e-18	6.47499e-18	6.47499e-18	6.47499e-18	6.47499e-18	6.47499e-18	6.47499e-18	6.47499e-18	6.47499e-18	6.47499e-18	6.47499e-18	6.47499e-18	6.47499e-18	6.47499e-18	6.47499e-18	6.47499e-18	6.47499e-18	6.47499e-18	6.47499e-18	6.47499e-18	6.47499e-18	6.47499e-18	6.47499e-18	6.47499e-18	6.47499e-18	6.47499e-18	6.47499e-18	6.47499e-18	6.47499e-18	6.47499e-18	6.47499e-18	6.47499e-18	6.47499e-18	6.47499e-18	6.47499e-18	6.47499e-18	6.47499e-18	6.47499e-18	6.47499e-18	6.47499e-18	6.47499e-18	6.47499e-18	6.47499e-18	6.47499e-18	6.47499e-18	6.47499e-18	6.47499e-18	6.47499e-18	6.47499e-18	6.47499e-18	6.47499e-18	6.47499e-18	6.47499e-18
23.93	4.86446e-34	4.54495e-33	1.07533e-32	2.02505e-32	3.47787e-32	5.70027e-32	9.09994e-32	1.43005e-31	2.22559e-31	3.44254e-31	5.30414e-31	8.15187e-31	1.25081e-30	1.91718e-30	2.93654e-30	4.49587e-30	6.88118e-30	1.05300e-29	1.61115e-29	2.46496e-29	3.77101e-29	5.76884e-29	8.82486e-29	1.34995e-28	2.06501e-28	3.15878e-28	4.83184e-28	7.39094e-28	1.13053e-27	1.72925e-27	2.64501e-27	4.04567e-27	6.18791e-27	9.46431e-27	1.44751e-26	2.21383e-26	3.38572e-26	5.17776e-26	7.91796e-26	1.21077e-25	1.85135e-25	2.83063e-25	4.32757e-25	6.61558e-25	1.01122e-24	1.54552e-24	2.36179e-24	3.60862e-24	5.51267e-24	8.41962e-24	1.28564e-23	1.96256e-23	2.99495e-23	4.56874e-23	6.96654e-23	1.06176e-22	1.61728e-22	2.46185e-22	3.74465e-22	5.69089e-22	8.63996e-22	1.31020e-21	1.98416e-21	3.00013e-21	4.52814e-21	6.82014e-21	1.02474e-20	1.53539e-20	2.29304e-20	3.41165e-20	5.05374e-20	7.44815e-20	1.09122e-19	1.58777e-19	2.29185e-19	3.27754e-19	4.63690e-19	6.47869e-19	8.92271e-19	1.20875e-18	1.60695e-18	2.09147e-18	2.65846e-18	3.29265e-18	3.96608e-18	4.63980e-18	5.26944e-18	5.81401e-18	6.24522e-18	6.55402e-18	6.75119e-18	6.86164e-18	6.91489e-18	6.93652e-18	6.94374e-18	6.94566e-18	6.94606e-18	6.94612e-18	6.94613e-18	6.94613e-18	6.94613e-18	6.94613e-18	6.94613e-18	6.94613e-18	6.94613e-18	6.94613e-18	6.94613e-18	6.94613e-18	6.94613e-18	6.94613e-18	6.94613e-18	6.94613e-18	6.94613e-18	6.94613e-18	6.94613e-18	6.94613e-18	6.94613e-18	6.94613e-18	6.94613e-18	6.94613e-18	6.94613e-18	6.94613e-18	6.94613e-18	6.94613e-18	6.94613e-18	6.94613e-18	6.94613e-18	6.94613e-18	6.94613e-18	6.94613e-18	6.94613e-18	6.94613e-18	6.94613e-18	6.94613e-18	6.94613e-18	6.94613e-18	6.94613e-18	6.94613e-18	6.94613e-18	6.94613e-18	6.94613e-18	6.94613e-18	6.94613e-18	6.94613e-18	6.94613e-18	6.94613e-18	6.94613e-18	6.94613e-18	6.94613e-18	6.94613e-18	6.94613e-18	6.94613e-18	6.94613e-18	6.94613e-18	6.94613e-18	6.94613e-18	6.94613e-18	6.94613e-18	6.94613e-18	6.94613e-18	6.94613e-18	6.94613e-18	6.94613e-18	6.94613e-18	6.94613e-18	6.94613e-18	6.94613e-18	6.94613e-18	6.94613e-18	6.94613e-18	6.94613e-18	6.94613e-18	6.94613e-18	6.94613e-18	6.94613e-18	6.94613e-18	6.94613e-18	6.94613e-18	6.94613e-18	6.94613e-18	6.94613e-18	6.94613e-18	6.94613e-18	6.94613e-18	6.94613e-18	6.94613e-18	6.94613e-18	6.94613e-18	6.94613e-18	6.94613e-18	6.94613e-18	6.94613e-18	6.94613e-18	6.94613e-18	6.94613e-18
23.97	4.15814e-34	3.88502e-33	9.19193e-33	1.73101e-32	2.97288e-32	4.87259e-32	7.77863e-32	1.22241e-31	1.90243e-31	2.94269e-31	4.53399e-31	6.96823e-31	1.06919e-30	1.63881e-30	2.51017e-30	3.84309e-30	5.88207e-30	9.00109e-30	1.37723e-29	2.10707e-29	3.22350e-29	4.93128e-29	7.54362e-29	1.15396e-28	1.76521e-28	2.70020e-28	4.13038e-28	6.31800e-28	9.66416e-28	1.47823e-27	2.26108e-27	3.45846e-27	5.28982e-27	8.09079e-27	1.23746e-26	1.89260e-26	2.89450e-26	4.42663e-26	6.76947e-26	1.03518e-25	1.58290e-25	2.42028e-25	3.70037e-25	5.65703e-25	8.64751e-25	1.32174e-24	2.01997e-24	3.08661e-24	4.71569e-24	7.20319e-24	1.10004e-23	1.67949e-23	2.56341e-23	3.91121e-23	5.96529e-23	9.09397e-23	1.38563e-22	2.10998e-22	3.21072e-22	4.88176e-22	7.41557e-22	1.12523e-21	1.70529e-21	2.58064e-21	3.89880e-21	5.87887e-21	8.84474e-21	1.32724e-20	1.98567e-20	2.96039e-20	4.39573e-20	6.49636e-20	9.54848e-20	1.39456e-19	2.02178e-19	2.90603e-19	4.13562e-19	5.81791e-19	8.07604e-19	1.10399e-18	1.48287e-18	1.95250e-18	2.51407e-18	3.15807e-18	3.86187e-18	4.58956e-18	5.29574e-18	5.93329e-18	6.46344e-18	6.86488e-18	7.13809e-18	7.30271e-18	7.38902e-18	7.42760e-18	7.44197e-18	7.44632e-18	7.44736e-18	7.44754e-18	7.44757e-18	7.44757e-18	7.44757e-18	7.44757e-18	7.44757e-18	7.44757e-18	7.44757e-18	7.44757e-18	7.44757e-18	7.44757e-18	7.44757e-18	7.44757e-18	7.44757e-18	7.44757e-18	7.44757e-18	7.44757e-18	7.44757e-18	7.44757e-18	7.44757e-18	7.44757e-18	7.44757e-18	7.44757e-18	7.44757e-18	7.44757e-18	7.44757e-18	7.44757e-18	7.44757e-18	7.44757e-18	7.44757e-18	7.44757e-18	7.44757e-18	7.44757e-18	7.44757e-18	7.44757e-18	7.44757e-18	7.44757e-18	7.44757e-18	7.44757e-18	7.44757e-18	7.44757e-18	7.44757e-18	7.44757e-18	7.44757e-18	7.44757e-18	7.44757e-18	7.44757e-18	7.44757e-18	7.44757e-18	7.44757e-18	7.44757e-18	7.44757e-18	7.44757e-18	7.44757e-18	7.44757e-18	7.44757e-18	7.44757e-18	7.44757e-18	7.44757e-18	7.44757e-18	7.44757e-18	7.44757e-18	7.44757e-18	7.44757e-18	7.44757e-18	7.44757e-18	7.44757e-18	7.44757e-18	7.44757e-18	7.44757e-18	7.44757e-18	7.44757e-18	7.44757e-18	7.44757e-18	7.44757e-18	7.44757e-18	7.44757e-18	7.44757e-18	7.44757e-18	7.44757e-18	7.44757e-18	7.44757e-18	7.44757e-18	7.44757e-18	7.44757e-18	7.44757e-18	7.44757e-18	7.44757e-18	7.44757e-18	7.44757e-18	7.44757e-18	7.44757e-18	7.44757e-18	7.44757e-18	7.44757e-18	7.44757e-18	7.44757e-18	7.44757e-18
24.00	3.55437e-34	3.32091e-33	7.85726e-33	1.47967e-32	2.54122e-32	4.16509e-32	6.64917e-32	1.04491e-31	1.62620e-31	2.51541e-31	3.87566e-31	5.95645e-31	9.13948e-31	1.40086e-30	2.14570e-30	3.28509e-30	5.02802e-30	7.69419e-30	1.17726e-29	1.80114e-29	2.75548e-29	4.21531e-29	6.44838e-29	9.86424e-29	1.50893e-28	2.30819e-28	3.53075e-28	5.40080e-28	8.26124e-28	1.26365e-27	1.93287e-27	2.95646e-27	4.52205e-27	6.91655e-27	1.05788e-26	1.61796e-26	2.47452e-26	3.78441e-26	5.78748e-26	8.85038e-26	1.35336e-25	2.06937e-25	3.16399e-25	4.83724e-25	7.39473e-25	1.13032e-24	1.72756e-24	2.63999e-24	4.03371e-24	6.16211e-24	9.41160e-24	1.43712e-23	2.19383e-23	3.34793e-23	5.10727e-23	7.78784e-23	1.18695e-22	1.80803e-22	2.75229e-22	4.18655e-22	6.36271e-22	9.66034e-22	1.46501e-21	2.21874e-21	3.35505e-21	5.06425e-21	7.62833e-21	1.14631e-20	1.71776e-20	2.56581e-20	3.81819e-20	5.65722e-20	8.33976e-20	1.22224e-19	1.77907e-19	2.56915e-19	3.67610e-19	5.20411e-19	7.27680e-19	1.00310e-18	1.36034e-18	1.81075e-18	2.36011e-18	3.00481e-18	3.72837e-18	4.49972e-18	5.27493e-18	6.00332e-18	6.63718e-18	7.14271e-18	7.50775e-18	7.74312e-18	7.87647e-18	7.94163e-18	7.96851e-18	7.97765e-18	7.98013e-18	7.98066e-18	7.98074e-18	7.98075e-18	7.98075e-18	7.98075e-18	7.98075e-18	7.98075e-18	7.98075e-18	7.98075e-18	7.98075e-18	7.98075e-18	7.98075e-18	7.98075e-18	7.98075e-18	7.98075e-18	7.98075e-18	7.98075e-18	7.98075e-18	7.98075e-18	7.98075e-18	7.98075e-18	7.98075e-18	7.98075e-18	7.98075e-18	7.98075e-18	7.98075e-18	7.98075e-18	7.98075e-18	7.98075e-18	7.98075e-18	7.98075e-18	7.98075e-18	7.98075e-18	7.98075e-18	7.98075e-18	7.98075e-18	7.98075e-18	7.98075e-18	7.98075e-18	7.98075e-18	7.98075e-18	7.98075e-18	7.98075e-18	7.98075e-18	7.98075e-18	7.98075e-18	7.98075e-18	7.98075e-18	7.98075e-18	7.98075e-18	7.98075e-18	7.98075e-18	7.98075e-18	7.98075e-18	7.98075e-18	7.98075e-18	7.98075e-18	7.98075e-18	7.98075e-18	7.98075e-18	7.98075e-18	7.98075e-18	7.98075e-18	7.98075e-18	7.98075e-18	7.98075e-18	7.98075e-18	7.98075e-18	7.98075e-18	7.98075e-18	7.98075e-18	7.98075e-18	7.98075e-18	7.98075e-18	7.98075e-18	7.98075e-18	7.98075e-18	7.98075e-18	7.98075e-18	7.98075e-18	7.98075e-18	7.98075e-18	7.98075e-18	7.98075e-18	7.98075e-18	7.98075e-18	7.98075e-18	7.98075e-18	7.98075e-18	7.98075e-18	7.98075e-18	7.98075e-18	7.98075e-18	7.98075e-18	7.98075e-18	7.98075e-18	7.98075e-18	7.98075e-18
24.04	3.03828e-34	2.83871e-33	6.71638e-33	1.26482e-32	2.17223e-32	3.56032e-32	5.68371e-32	8.93192e-32	1.39008e-31	2.15018e-31	3.31292e-31	5.09158e-31	7.81245e-31	1.19746e-30	1.83415e-30	2.80810e-30	4.29797e-30	6.57703e-30	1.00633e-29	1.53963e-29	2.35540e-29	3.60329e-29	5.51215e-29	8.43209e-29	1.28986e-28	1.97308e-28	3.01816e-28	4.61675e-28	7.06195e-28	1.08021e-27	1.65230e-27	2.52732e-27	3.86569e-27	5.91270e-27	9.04349e-27	1.38317e-26	2.11546e-26	3.23534e-26	4.94789e-26	7.56662e-26	1.15708e-25	1.76931e-25	2.70530e-25	4.13614e-25	6.32326e-25	9.66596e-25	1.47741e-24	2.25789e-24	3.45018e-24	5.27118e-24	8.05175e-24	1.22963e-23	1.87737e-23	2.86547e-23	4.37213e-23	6.66838e-23	1.01660e-22	1.54900e-22	2.35880e-22	3.58945e-22	5.45777e-22	8.29083e-22	1.25810e-21	1.90674e-21	2.88566e-21	4.35990e-21	6.57467e-21	9.89248e-21	1.48462e-20	2.22142e-20	3.31237e-20	4.91928e-20	7.27170e-20	1.06909e-19	1.56191e-19	2.26525e-19	3.25748e-19	4.63831e-19	6.52936e-19	9.07075e-19	1.24112e-18	1.66889e-18	2.20024e-18	2.83720e-18	3.56985e-18	4.37333e-18	5.20752e-18	6.02095e-18	6.75943e-18	7.37749e-18	7.84904e-18	8.17281e-18	8.36992e-18	8.47452e-18	8.52195e-18	8.53991e-18	8.54545e-18	8.54680e-18	8.54706e-18	8.54709e-18	8.54709e-18	8.54709e-18	8.54709e-18	8.54709e-18	8.54709e-18	8.54709e-18	8.54709e-18	8.54709e-18	8.54709e-18	8.54709e-18	8.54709e-18	8.54709e-18	8.54709e-18	8.54709e-18	8.54709e-18	8.54709e-18	8.54709e-18	8.54709e-18	8.54709e-18	8.54709e-18	8.54709e-18	8.54709e-18	8.54709e-18	8.54709e-18	8.54709e-18	8.54709e-18	8.54709e-18	8.54709e-18	8.54709e-18	8.54709e-18	8.54709e-18	8.54709e-18	8.54709e-18	8.54709e-18	8.54709e-18	8.54709e-18	8.54709e-18	8.54709e-18	8.54709e-18	8.54709e-18	8.54709e-18	8.54709e-18	8.54709e-18	8.54709e-18	8.54709e-18	8.54709e-18	8.54709e-18	8.54709e-18	8.54709e-18	8.54709e-18	8.54709e-18	8.54709e-18	8.54709e-18	8.54709e-18	8.54709e-18	8.54709e-18	8.54709e-18	8.54709e-18	8.54709e-18	8.54709e-18	8.54709e-18	8.54709e-18	8.54709e-18	8.54709e-18	8.54709e-18	8.54709e-18	8.54709e-18	8.54709e-18	8.54709e-18	8.54709e-18	8.54709e-18	8.54709e-18	8.54709e-18	8.54709e-18	8.54709e-18	8.54709e-18	8.54709e-18	8.54709e-18	8.54709e-18	8.54709e-18	8.54709e-18	8.54709e-18	8.54709e-18	8.54709e-18	8.54709e-18	8.54709e-18	8.54709e-18	8.54709e-18	8.54709e-18	8.54709e-18	8.54709e-18	8.54709e-18	8.54709e-18	8.54709e-18	8.54709e-18
24.07	2.59712e-34	2.42653e-33	5.74116e-33	1.08117e-32	1.85682e-32	3.04336e-32	4.85843e-32	7.63500e-32	1.18824e-31	1.83797e-31	2.83188e-31	4.35229e-31	6.67809e-31	1.02359e-30	1.56784e-30	2.40038e-30	3.67392e-30	5.62207e-30	8.60217e-30	1.31608e-29	2.01342e-29	3.08013e-29	4.71185e-29	7.20786e-29	1.10259e-28	1.68662e-28	2.57999e-28	3.94650e-28	6.03675e-28	9.23400e-28	1.41244e-27	2.16047e-27	3.30459e-27	5.05452e-27	7.73098e-27	1.18244e-26	1.80848e-26	2.76590e-26	4.23004e-26	6.46899e-26	9.89257e-26	1.51273e-25	2.31306e-25	3.53658e-25	5.40689e-25	8.26558e-25	1.26344e-24	1.93102e-24	2.95092e-24	4.50882e-24	6.88794e-24	1.05203e-23	1.60642e-23	2.45230e-23	3.74239e-23	5.70909e-23	8.70565e-23	1.32686e-22	2.02117e-22	3.07681e-22	4.68029e-22	7.11329e-22	1.08003e-21	1.63794e-21	2.48076e-21	3.75146e-21	5.66295e-21	8.53079e-21	1.28203e-20	1.92135e-20	2.87025e-20	4.27187e-20	6.33054e-20	9.33436e-20	1.36835e-19	1.99238e-19	2.87828e-19	4.12030e-19	5.83618e-19	8.16603e-19	1.12658e-18	1.52924e-18	2.03784e-18	2.65954e-18	3.39105e-18	4.21459e-18	5.09575e-18	5.98515e-18	6.82501e-18	7.56016e-18	8.15049e-18	8.58017e-18	8.85982e-18	9.02000e-18	9.09929e-18	9.13251e-18	9.14400e-18	9.14719e-18	9.14788e-18	9.14800e-18	9.14801e-18	9.14801e-18	9.14801e-18	9.14801e-18	9.14801e-18	9.14801e-18	9.14801e-18	9.14801e-18	9.14801e-18	9.14801e-18	9.14801e-18	9.14801e-18	9.14801e-18	9.14801e-18	9.14801e-18	9.14801e-18	9.14801e-18	9.14801e-18	9.14801e-18	9.14801e-18	9.14801e-18	9.14801e-18	9.14801e-18	9.14801e-18	9.14801e-18	9.14801e-18	9.14801e-18	9.14801e-18	9.14801e-18	9.14801e-18	9.14801e-18	9.14801e-18	9.14801e-18	9.14801e-18	9.14801e-18	9.14801e-18	9.14801e-18	9.14801e-18	9.14801e-18	9.14801e-18	9.14801e-18	9.14801e-18	9.14801e-18	9.14801e-18	9.14801e-18	9.14801e-18	9.14801e-18	9.14801e-18	9.14801e-18	9.14801e-18	9.14801e-18	9.14801e-18	9.14801e-18	9.14801e-18	9.14801e-18	9.14801e-18	9.14801e-18	9.14801e-18	9.14801e-18	9.14801e-18	9.14801e-18	9.14801e-18	9.14801e-18	9.14801e-18	9.14801e-18	9.14801e-18	9.14801e-18	9.14801e-18	9.14801e-18	9.14801e-18	9.14801e-18	9.14801e-18	9.14801e-18	9.14801e-18	9.14801e-18	9.14801e-18	9.14801e-18	9.14801e-18	9.14801e-18	9.14801e-18	9.14801e-18	9.14801e-18	9.14801e-18	9.14801e-18	9.14801e-18	9.14801e-18	9.14801e-18	9.14801e-18	9.14801e-18	9.14801e-18	9.14801e-18	9.14801e-18	9.14801e-18	9.14801e-18	9.14801e-18
24.10	2.22001e-34	2.07420e-33	4.90754e-33	9.24182e-33	1.58721e-32	2.60146e-32	4.15299e-32	6.52640e-32	1.01571e-31	1.57110e-31	2.42070e-31	3.72034e-31	5.70844e-31	8.74967e-31	1.34019e-30	2.05185e-30	3.14048e-30	4.80577e-30	7.35318e-30	1.12500e-29	1.72108e-29	2.63292e-29	4.02774e-29	6.16136e-29	9.42511e-29	1.44175e-28	2.20542e-28	3.37356e-28	5.16037e-28	7.89349e-28	1.20741e-27	1.84685e-27	2.82491e-27	4.32087e-27	6.60891e-27	1.01084e-26	1.54604e-26	2.36455e-26	3.61630e-26	5.53051e-26	8.45761e-26	1.29333e-25	1.97765e-25	3.02386e-25	4.62321e-25	7.06789e-25	1.08043e-24	1.65140e-24	2.52380e-24	3.85652e-24	5.89201e-24	9.00010e-24	1.37447e-23	2.09851e-23	3.20303e-23	4.88722e-23	7.45406e-23	1.13639e-22	1.73155e-22	2.63682e-22	4.01259e-22	6.10128e-22	9.26860e-22	1.40651e-21	2.13174e-21	3.22630e-21	4.87480e-21	7.35154e-21	1.10621e-20	1.66029e-20	2.48450e-20	3.70509e-20	5.50328e-20	8.13635e-20	1.19646e-19	1.74843e-19	2.53653e-19	3.64896e-19	5.19810e-19	7.32144e-19	1.01779e-18	1.39373e-18	1.87591e-18	2.47597e-18	3.19693e-18	4.02848e-18	4.94339e-18	5.89691e-18	6.83088e-18	7.68325e-18	8.40102e-18	8.95261e-18	9.33454e-18	9.56938e-18	9.69547e-18	9.75344e-18	9.77576e-18	9.78277e-18	9.78452e-18	9.78485e-18	9.78490e-18	9.78490e-18	9.78490e-18	9.78490e-18	9.78490e-18	9.78490e-18	9.78490e-18	9.78490e-18	9.78490e-18	9.78490e-18	9.78490e-18	9.78490e-18	9.78490e-18	9.78490e-18	9.78490e-18	9.78490e-18	9.78490e-18	9.78490e-18	9.78490e-18	9.78490e-18	9.78490e-18	9.78490e-18	9.78490e-18	9.78490e-18	9.78490e-18	9.78490e-18	9.78490e-18	9.78490e-18	9.78490e-18	9.78490e-18	9.78490e-18	9.78490e-18	9.78490e-18	9.78490e-18	9.78490e-18	9.78490e-18	9.78490e-18	9.78490e-18	9.78490e-18	9.78490e-18	9.78490e-18	9.78490e-18	9.78490e-18	9.78490e-18	9.78490e-18	9.78490e-18	9.78490e-18	9.78490e-18	9.78490e-18	9.78490e-18	9.78490e-18	9.78490e-18	9.78490e-18	9.78490e-18	9.78490e-18	9.78490e-18	9.78490e-18	9.78490e-18	9.78490e-18	9.78490e-18	9.78490e-18	9.78490e-18	9.78490e-18	9.78490e-18	9.78490e-18	9.78490e-18	9.78490e-18	9.78490e-18	9.78490e-18	9.78490e-18	9.78490e-18	9.78490e-18	9.78490e-18	9.78490e-18	9.78490e-18	9.78490e-18	9.78490e-18	9.78490e-18	9.78490e-18	9.78490e-18	9.78490e-18	9.78490e-18	9.78490e-18	9.78490e-18	9.78490e-18	9.78490e-18	9.78490e-18	9.78490e-18	9.78490e-18	9.78490e-18	9.78490e-18	9.78490e-18	9.78490e-18	9.78490e-18	9.78490e-18
24.14	1.89767e-34	1.77302e-33	4.19496e-33	7.89990e-33	1.35675e-32	2.22373e-32	3.54997e-32	5.57877e-32	8.68226e-32	1.34298e-31	2.06921e-31	3.18015e-31	4.87958e-31	7.47923e-31	1.14560e-30	1.75392e-30	2.68449e-30	4.10799e-30	6.28553e-30	9.61652e-30	1.47119e-29	2.25064e-29	3.44294e-29	5.26680e-29	8.05670e-29	1.23243e-28	1.88523e-28	2.88379e-28	4.41121e-28	6.74757e-28	1.03213e-27	1.57876e-27	2.41485e-27	3.69369e-27	5.64968e-27	8.64128e-27	1.32167e-26	2.02143e-26	3.09158e-26	4.72813e-26	7.23071e-26	1.10574e-25	1.69085e-25	2.58543e-25	3.95303e-25	6.04358e-25	9.23891e-25	1.41222e-24	2.15841e-24	3.29844e-24	5.03980e-24	7.69913e-24	1.17593e-23	1.79562e-23	2.74114e-23	4.18320e-23	6.38159e-23	9.73120e-23	1.48318e-22	2.25931e-22	3.43937e-22	5.23188e-22	7.95174e-22	1.20735e-21	1.83109e-21	2.77336e-21	4.19407e-21	6.33134e-21	9.53812e-21	1.43350e-20	2.14850e-20	3.20986e-20	4.77781e-20	7.08121e-20	1.04429e-19	1.53115e-19	2.22996e-19	3.22245e-19	4.61467e-19	6.53938e-19	9.15501e-19	1.26387e-18	1.71700e-18	2.29026e-18	2.99237e-18	3.82048e-18	4.75542e-18	5.75916e-18	6.77635e-18	7.74141e-18	8.59082e-18	9.27733e-18	9.78084e-18	1.01115e-17	1.03029e-17	1.03988e-17	1.04396e-17	1.04540e-17	1.04581e-17	1.04590e-17	1.04591e-17	1.04591e-17	1.04591e-17	1.04591e-17	1.04591e-17	1.04591e-17	1.04591e-17	1.04591e-17	1.04591e-17	1.04591e-17	1.04591e-17	1.04591e-17	1.04591e-17	1.04591e-17	1.04591e-17	1.04591e-17	1.04591e-17	1.04591e-17	1.04591e-17	1.04591e-17	1.04591e-17	1.04591e-17	1.04591e-17	1.04591e-17	1.04591e-17	1.04591e-17	1.04591e-17	1.04591e-17	1.04591e-17	1.04591e-17	1.04591e-17	1.04591e-17	1.04591e-17	1.04591e-17	1.04591e-17	1.04591e-17	1.04591e-17	1.04591e-17	1.04591e-17	1.04591e-17	1.04591e-17	1.04591e-17	1.04591e-17	1.04591e-17	1.04591e-17	1.04591e-17	1.04591e-17	1.04591e-17	1.04591e-17	1.04591e-17	1.04591e-17	1.04591e-17	1.04591e-17	1.04591e-17	1.04591e-17	1.04591e-17	1.04591e-17	1.04591e-17	1.04591e-17	1.04591e-17	1.04591e-17	1.04591e-17	1.04591e-17	1.04591e-17	1.04591e-17	1.04591e-17	1.04591e-17	1.04591e-17	1.04591e-17	1.04591e-17	1.04591e-17	1.04591e-17	1.04591e-17	1.04591e-17	1.04591e-17	1.04591e-17	1.04591e-17	1.04591e-17	1.04591e-17	1.04591e-17	1.04591e-17	1.04591e-17	1.04591e-17	1.04591e-17	1.04591e-17	1.04591e-17	1.04591e-17	1.04591e-17	1.04591e-17	1.04591e-17	1.04591e-17	1.04591e-17	1.04591e-17	1.04591e-17	1.04591e-17
24.17	1.62212e-34	1.51558e-33	3.58585e-33	6.75283e-33	1.15975e-32	1.90084e-32	3.03452e-32	4.76873e-32	7.42159e-32	1.14798e-31	1.76876e-31	2.71840e-31	4.17107e-31	6.39326e-31	9.79258e-31	1.49926e-30	2.29471e-30	3.51153e-30	5.37290e-30	8.22025e-30	1.25759e-29	1.92386e-29	2.94306e-29	4.50211e-29	6.88696e-29	1.05350e-28	1.61153e-28	2.46511e-28	3.77079e-28	5.76799e-28	8.82293e-28	1.34957e-27	2.06431e-27	3.15754e-27	4.82964e-27	7.38709e-27	1.12986e-26	1.72808e-26	2.64297e-26	4.04211e-26	6.18171e-26	9.45348e-26	1.44562e-25	2.21052e-25	3.37992e-25	5.16760e-25	7.90014e-25	1.20765e-24	1.84586e-24	2.82099e-24	4.31065e-24	6.58583e-24	1.00599e-23	1.53633e-23	2.34564e-23	3.58024e-23	5.46279e-23	8.33196e-23	1.27023e-22	1.93550e-22	2.94742e-22	4.48528e-22	6.82008e-22	1.03607e-21	1.57225e-21	2.38298e-21	3.60661e-21	5.44957e-21	8.21859e-21	1.23672e-20	1.85626e-20	2.77792e-20	4.14295e-20	6.15421e-20	9.09975e-20	1.33832e-19	1.95608e-19	2.83843e-19	4.08442e-19	5.82050e-19	8.20169e-19	1.14079e-18	1.56320e-18	2.10573e-18	2.78201e-18	3.59622e-18	4.53764e-18	5.57652e-18	6.66306e-18	7.73179e-18	8.71197e-18	9.54218e-18	1.01846e-17	1.06330e-17	1.09113e-17	1.10625e-17	1.11329e-17	1.11605e-17	1.11693e-17	1.11715e-17	1.11720e-17	1.11720e-17	1.11721e-17	1.11721e-17	1.11721e-17	1.11721e-17	1.11721e-17	1.11721e-17	1.11721e-17	1.11721e-17	1.11721e-17	1.11721e-17	1.11721e-17	1.11721e-17	1.11721e-17	1.11721e-17	1.11721e-17	1.11721e-17	1.11721e-17	1.11721e-17	1.11721e-17	1.11721e-17	1.11721e-17	1.11721e-17	1.11721e-17	1.11721e-17	1.11721e-17	1.11721e-17	1.11721e-17	1.11721e-17	1.11721e-17	1.11721e-17	1.11721e-17	1.11721e-17	1.11721e-17	1.11721e-17	1.11721e-17	1.11721e-17	1.11721e-17	1.11721e-17	1.11721e-17	1.11721e-17	1.11721e-17	1.11721e-17	1.11721e-17	1.11721e-17	1.11721e-17	1.11721e-17	1.11721e-17	1.11721e-17	1.11721e-17	1.11721e-17	1.11721e-17	1.11721e-17	1.11721e-17	1.11721e-17	1.11721e-17	1.11721e-17	1.11721e-17	1.11721e-17	1.11721e-17	1.11721e-17	1.11721e-17	1.11721e-17	1.11721e-17	1.11721e-17	1.11721e-17	1.11721e-17	1.11721e-17	1.11721e-17	1.11721e-17	1.11721e-17	1.11721e-17	1.11721e-17	1.11721e-17	1.11721e-17	1.11721e-17	1.11721e-17	1.11721e-17	1.11721e-17	1.11721e-17	1.11721e-17	1.11721e-17	1.11721e-17	1.11721e-17	1.11721e-17	1.11721e-17	1.11721e-17	1.11721e-17	1.11721e-17	1.11721e-17	1.11721e-17	1.11721e-17	1.11721e-17	1.11721e-17
24.21	1.38659e-34	1.29551e-33	3.06518e-33	5.77231e-33	9.91351e-33	1.62484e-32	2.59390e-32	4.07631e-32	6.34398e-32	9.81289e-32	1.51194e-31	2.32369e-31	3.56543e-31	5.46496e-31	8.37071e-31	1.28157e-30	1.96152e-30	3.00166e-30	4.59277e-30	7.02671e-30	1.07499e-29	1.64453e-29	2.51575e-29	3.84844e-29	5.88705e-29	9.00545e-29	1.37756e-28	2.10722e-28	3.22335e-28	4.93061e-28	7.54208e-28	1.15366e-27	1.76465e-27	2.69919e-27	4.12861e-27	6.31490e-27	9.65875e-27	1.47729e-26	2.25944e-26	3.45560e-26	5.28484e-26	8.08209e-26	1.23594e-25	1.88994e-25	2.88985e-25	4.41848e-25	6.75519e-25	1.03268e-24	1.57851e-24	2.41256e-24	3.68681e-24	5.63322e-24	8.60567e-24	1.31439e-23	2.00705e-23	3.06390e-23	4.67577e-23	7.13302e-23	1.08770e-22	1.65782e-22	2.52535e-22	3.84437e-22	5.84797e-22	8.88815e-22	1.34954e-21	2.04674e-21	3.10001e-21	4.68812e-21	7.07724e-21	1.06620e-20	1.60245e-20	2.40180e-20	3.58844e-20	5.34162e-20	7.91741e-20	1.16772e-19	1.71234e-19	2.49424e-19	3.60509e-19	5.16401e-19	7.32032e-19	1.02527e-18	1.41617e-18	1.92519e-18	2.57005e-18	3.36122e-18	4.29636e-18	5.35484e-18	6.49475e-18	7.65420e-18	8.75907e-18	9.73661e-18	1.05315e-17	1.11188e-17	1.15078e-17	1.17353e-17	1.18507e-17	1.19005e-17	1.19184e-17	1.19235e-17	1.19247e-17	1.19249e-17	1.19249e-17	1.19249e-17	1.19249e-17	1.19249e-17	1.19249e-17	1.19249e-17	1.19249e-17	1.19249e-17	1.19249e-17	1.19249e-17	1.19249e-17	1.19249e-17	1.19249e-17	1.19249e-17	1.19249e-17	1.19249e-17	1.19249e-17	1.19249e-17	1.19249e-17	1.19249e-17	1.19249e-17	1.19249e-17	1.19249e-17	1.19249e-17	1.19249e-17	1.19249e-17	1.19249e-17	1.19249e-17	1.19249e-17	1.19249e-17	1.19249e-17	1.19249e-17	1.19249e-17	1.19249e-17	1.19249e-17	1.19249e-17	1.19249e-17	1.19249e-17	1.19249e-17	1.19249e-17	1.19249e-17	1.19249e-17	1.19249e-17	1.19249e-17	1.19249e-17	1.19249e-17	1.19249e-17	1.19249e-17	1.19249e-17	1.19249e-17	1.19249e-17	1.19249e-17	1.19249e-17	1.19249e-17	1.19249e-17	1.19249e-17	1.19249e-17	1.19249e-17	1.19249e-17	1.19249e-17	1.19249e-17	1.19249e-17	1.19249e-17	1.19249e-17	1.19249e-17	1.19249e-17	1.19249e-17	1.19249e-17	1.19249e-17	1.19249e-17	1.19249e-17	1.19249e-17	1.19249e-17	1.19249e-17	1.19249e-17	1.19249e-17	1.19249e-17	1.19249e-17	1.19249e-17	1.19249e-17	1.19249e-17	1.19249e-17	1.19249e-17	1.19249e-17	1.19249e-17	1.19249e-17	1.19249e-17	1.19249e-17	1.19249e-17	1.19249e-17	1.19249e-17	1.19249e-17	1.19249e-17
24.24	1.18525e-34	1.10740e-33	2.62011e-33	4.93417e-33	8.47406e-33	1.38891e-32	2.21727e-32	3.48442e-32	5.42283e-32	8.38806e-32	1.29240e-31	1.98629e-31	3.04773e-31	4.67146e-31	7.15529e-31	1.09549e-30	1.67672e-30	2.56583e-30	3.92592e-30	6.00646e-30	9.18907e-30	1.40575e-29	2.15048e-29	3.28968e-29	5.03230e-29	7.69796e-29	1.17755e-28	1.80128e-28	2.75538e-28	4.21479e-28	6.44715e-28	9.86180e-28	1.50848e-27	2.30737e-27	3.52932e-27	5.39830e-27	8.25688e-27	1.26289e-26	1.93155e-26	2.95417e-26	4.51804e-26	6.90957e-26	1.05666e-25	1.61583e-25	2.47079e-25	3.77788e-25	5.77603e-25	8.83030e-25	1.34983e-24	2.06318e-24	3.15312e-24	4.81816e-24	7.36121e-24	1.12443e-23	1.71720e-23	2.62179e-23	4.00173e-23	6.10589e-23	9.31281e-23	1.41976e-22	2.16334e-22	3.29437e-22	5.01324e-22	7.62283e-22	1.15801e-21	1.75730e-21	2.66344e-21	4.03108e-21	6.09094e-21	9.18586e-21	1.38229e-20	2.07476e-20	3.10495e-20	4.63080e-20	6.87913e-20	1.01722e-19	1.49615e-19	2.18699e-19	3.17393e-19	4.56802e-19	6.51125e-19	9.17797e-19	1.27711e-18	1.75092e-18	2.36015e-18	3.12067e-18	4.03794e-18	5.10087e-18	6.27697e-18	7.51103e-18	8.72958e-18	9.85233e-18	1.08085e-17	1.15532e-17	1.20771e-17	1.24053e-17	1.25855e-17	1.26706e-17	1.27044e-17	1.27154e-17	1.27183e-17	1.27189e-17	1.27189e-17	1.27189e-17	1.27189e-17	1.27189e-17	1.27189e-17	1.27189e-17	1.27189e-17	1.27189e-17	1.27189e-17	1.27189e-17	1.27189e-17	1.27189e-17	1.27189e-17	1.27189e-17	1.27189e-17	1.27189e-17	1.27189e-17	1.27189e-17	1.27189e-17	1.27189e-17	1.27189e-17	1.27189e-17	1.27189e-17	1.27189e-17	1.27189e-17	1.27189e-17	1.27189e-17	1.27189e-17	1.27189e-17	1.27189e-17	1.27189e-17	1.27189e-17	1.27189e-17	1.27189e-17	1.27189e-17	1.27189e-17	1.27189e-17	1.27189e-17	1.27189e-17	1.27189e-17	1.27189e-17	1.27189e-17	1.27189e-17	1.27189e-17	1.27189e-17	1.27189e-17	1.27189e-17	1.27189e-17	1.27189e-17	1.27189e-17	1.27189e-17	1.27189e-17	1.27189e-17	1.27189e-17	1.27189e-17	1.27189e-17	1.27189e-17	1.27189e-17	1.27189e-17	1.27189e-17	1.27189e-17	1.27189e-17	1.27189e-17	1.27189e-17	1.27189e-17	1.27189e-17	1.27189e-17	1.27189e-17	1.27189e-17	1.27189e-17	1.27189e-17	1.27189e-17	1.27189e-17	1.27189e-17	1.27189e-17	1.27189e-17	1.27189e-17	1.27189e-17	1.27189e-17	1.27189e-17	1.27189e-17	1.27189e-17	1.27189e-17	1.27189e-17	1.27189e-17	1.27189e-17	1.27189e-17	1.27189e-17	1.27189e-17	1.27189e-17	1.27189e-17	1.27189e-17	1.27189e-17
24.27	1.01315e-34	9.46607e-34	2.23967e-33	4.21772e-33	7.24362e-33	1.18724e-32	1.89532e-32	2.97848e-32	4.63543e-32	7.17011e-32	1.10475e-31	1.69788e-31	2.60520e-31	3.99316e-31	6.11635e-31	9.36424e-31	1.43326e-30	2.19328e-30	3.35588e-30	5.13434e-30	7.85486e-30	1.20164e-29	1.83824e-29	2.81204e-29	4.30166e-29	6.58029e-29	1.00659e-28	1.53976e-28	2.35534e-28	3.60289e-28	5.51117e-28	8.43012e-28	1.28949e-27	1.97243e-27	3.01701e-27	4.61473e-27	7.05843e-27	1.07960e-26	1.65123e-26	2.52547e-26	3.86247e-26	5.90708e-26	9.03368e-26	1.38146e-25	2.11246e-25	3.23009e-25	4.93869e-25	7.55051e-25	1.15426e-24	1.76434e-24	2.69659e-24	4.12085e-24	6.29638e-24	9.61873e-24	1.46911e-23	2.24330e-23	3.42454e-23	5.22611e-23	7.97254e-23	1.21571e-22	1.85292e-22	2.82252e-22	4.29671e-22	6.53599e-22	9.93375e-22	1.50828e-21	2.28746e-21	3.46456e-21	5.23935e-21	7.90928e-21	1.19153e-20	1.79080e-20	2.68407e-20	4.01015e-20	5.96938e-20	8.84797e-20	1.30500e-19	1.91373e-19	2.78779e-19	4.02983e-19	5.77331e-19	8.18583e-19	1.14683e-18	1.58470e-18	2.15540e-18	2.87924e-18	3.76862e-18	4.82178e-18	6.01661e-18	7.30697e-18	8.62391e-18	9.88398e-18	1.10043e-17	1.19206e-17	1.26023e-17	1.30576e-17	1.33265e-17	1.34646e-17	1.35250e-17	1.35470e-17	1.35535e-17	1.35550e-17	1.35552e-17	1.35553e-17	1.35553e-17	1.35553e-17	1.35553e-17	1.35553e-17	1.35553e-17	1.35553e-17	1.35553e-17	1.35553e-17	1.35553e-17	1.35553e-17	1.35553e-17	1.35553e-17	1.35553e-17	1.35553e-17	1.35553e-17	1.35553e-17	1.35553e-17	1.35553e-17	1.35553e-17	1.35553e-17	1.35553e-17	1.35553e-17	1.35553e-17	1.35553e-17	1.35553e-17	1.35553e-17	1.35553e-17	1.35553e-17	1.35553e-17	1.35553e-17	1.35553e-17	1.35553e-17	1.35553e-17	1.35553e-17	1.35553e-17	1.35553e-17	1.35553e-17	1.35553e-17	1.35553e-17	1.35553e-17	1.35553e-17	1.35553e-17	1.35553e-17	1.35553e-17	1.35553e-17	1.35553e-17	1.35553e-17	1.35553e-17	1.35553e-17	1.35553e-17	1.35553e-17	1.35553e-17	1.35553e-17	1.35553e-17	1.35553e-17	1.35553e-17	1.35553e-17	1.35553e-17	1.35553e-17	1.35553e-17	1.35553e-17	1.35553e-17	1.35553e-17	1.35553e-17	1.35553e-17	1.35553e-17	1.35553e-17	1.35553e-17	1.35553e-17	1.35553e-17	1.35553e-17	1.35553e-17	1.35553e-17	1.35553e-17	1.35553e-17	1.35553e-17	1.35553e-17	1.35553e-17	1.35553e-17	1.35553e-17	1.35553e-17	1.35553e-17	1.35553e-17	1.35553e-17	1.35553e-17	1.35553e-17	1.35553e-17	1.35553e-17	1.35553e-17	1.35553e-17	1.35553e-17
24.31	8.66043e-35	8.09159e-34	1.91447e-33	3.60530e-33	6.19184e-33	1.01485e-32	1.62012e-32	2.54601e-32	3.96236e-32	6.12901e-32	9.44338e-32	1.45135e-31	2.22693e-31	3.41336e-31	5.22826e-31	8.00456e-31	1.22515e-30	1.87482e-30	2.86862e-30	4.38885e-30	6.71436e-30	1.02717e-29	1.57134e-29	2.40375e-29	3.67709e-29	5.62490e-29	8.60442e-29	1.31621e-28	2.01338e-28	3.07981e-28	4.71107e-28	7.20627e-28	1.10230e-27	1.68609e-27	2.57905e-27	3.94487e-27	6.03391e-27	9.22906e-27	1.41159e-26	2.15897e-26	3.30199e-26	5.04999e-26	7.72308e-26	1.18106e-25	1.80607e-25	2.76168e-25	4.22265e-25	6.45604e-25	9.86987e-25	1.50874e-24	2.30606e-24	3.52430e-24	5.38532e-24	8.22769e-24	1.25678e-23	1.91931e-23	2.93035e-23	4.47266e-23	6.82438e-23	1.04086e-22	1.58680e-22	2.41782e-22	3.68185e-22	5.60280e-22	8.51915e-22	1.29415e-21	1.96385e-21	2.97642e-21	4.50465e-21	6.80631e-21	1.02644e-20	1.54454e-20	2.31822e-20	3.46918e-20	5.17386e-20	7.68566e-20	1.13646e-19	1.67152e-19	2.44337e-19	3.54616e-19	5.10413e-19	7.27632e-19	1.02583e-18	1.42782e-18	1.95827e-18	2.64095e-18	3.49417e-18	4.52482e-18	5.72145e-18	7.04866e-18	8.44537e-18	9.82947e-18	1.11103e-17	1.22067e-17	1.30660e-17	1.36749e-17	1.40599e-17	1.42735e-17	1.43756e-17	1.44168e-17	1.44305e-17	1.44341e-17	1.44348e-17	1.44350e-17	1.44350e-17	1.44350e-17	1.44350e-17	1.44350e-17	1.44350e-17	1.44350e-17	1.44350e-17	1.44350e-17	1.44350e-17	1.44350e-17	1.44350e-17	1.44350e-17	1.44350e-17	1.44350e-17	1.44350e-17	1.44350e-17	1.44350e-17	1.44350e-17	1.44350e-17	1.44350e-17	1.44350e-17	1.44350e-17	1.44350e-17	1.44350e-17	1.44350e-17	1.44350e-17	1.44350e-17	1.44350e-17	1.44350e-17	1.44350e-17	1.44350e-17	1.44350e-17	1.44350e-17	1.44350e-17	1.44350e-17	1.44350e-17	1.44350e-17	1.44350e-17	1.44350e-17	1.44350e-17	1.44350e-17	1.44350e-17	1.44350e-17	1.44350e-17	1.44350e-17	1.44350e-17	1.44350e-17	1.44350e-17	1.44350e-17	1.44350e-17	1.44350e-17	1.44350e-17	1.44350e-17	1.44350e-17	1.44350e-17	1.44350e-17	1.44350e-17	1.44350e-17	1.44350e-17	1.44350e-17	1.44350e-17	1.44350e-17	1.44350e-17	1.44350e-17	1.44350e-17	1.44350e-17	1.44350e-17	1.44350e-17	1.44350e-17	1.44350e-17	1.44350e-17	1.44350e-17	1.44350e-17	1.44350e-17	1.44350e-17	1.44350e-17	1.44350e-17	1.44350e-17	1.44350e-17	1.44350e-17	1.44350e-17	1.44350e-17	1.44350e-17	1.44350e-17	1.44350e-17	1.44350e-17	1.44350e-17	1.44350e-17	1.44350e-17	1.44350e-17	1.44350e-17
24.34	7.40293e-35	6.91668e-34	1.63648e-33	3.08181e-33	5.29278e-33	8.67494e-33	1.38487e-32	2.17632e-32	3.38703e-32	5.23907e-32	8.07220e-32	1.24061e-31	1.90358e-31	2.91774e-31	4.46912e-31	6.84231e-31	1.04726e-30	1.60260e-30	2.45210e-30	3.75160e-30	5.73946e-30	8.78030e-30	1.34319e-29	2.05474e-29	3.14320e-29	4.80821e-29	7.35514e-29	1.12511e-28	1.72107e-28	2.63267e-28	4.02711e-28	6.16008e-28	9.42271e-28	1.44132e-27	2.20466e-27	3.37223e-27	5.15807e-27	7.88950e-27	1.20671e-26	1.84565e-26	2.82282e-26	4.31722e-26	6.60255e-26	1.00972e-25	1.54410e-25	2.36116e-25	3.61036e-25	5.52010e-25	8.43936e-25	1.29013e-24	1.97203e-24	3.01400e-24	4.60589e-24	7.03745e-24	1.07508e-23	1.64200e-23	2.50728e-23	3.82748e-23	5.84096e-23	8.91040e-23	1.35871e-22	2.07082e-22	3.15439e-22	4.80182e-22	7.30417e-22	1.11010e-21	1.68546e-21	2.55607e-21	3.87125e-21	5.85413e-21	8.83695e-21	1.33122e-20	2.00063e-20	2.99840e-20	4.47951e-20	6.66766e-20	9.88241e-20	1.45749e-19	2.13727e-19	3.11336e-19	4.50044e-19	6.44778e-19	9.14293e-19	1.28112e-18	1.77068e-18	2.40918e-18	3.21977e-18	4.21695e-18	5.39965e-18	6.74413e-18	8.19976e-18	9.69000e-18	1.11213e-17	1.23996e-17	1.34510e-17	1.42384e-17	1.47685e-17	1.50846e-17	1.52488e-17	1.53216e-17	1.53485e-17	1.53566e-17	1.53586e-17	1.53589e-17	1.53590e-17	1.53590e-17	1.53590e-17	1.53590e-17	1.53590e-17	1.53590e-17	1.53590e-17	1.53590e-17	1.53590e-17	1.53590e-17	1.53590e-17	1.53590e-17	1.53590e-17	1.53590e-17	1.53590e-17	1.53590e-17	1.53590e-17	1.53590e-17	1.53590e-17	1.53590e-17	1.53590e-17	1.53590e-17	1.53590e-17	1.53590e-17	1.53590e-17	1.53590e-17	1.53590e-17	1.53590e-17	1.53590e-17	1.53590e-17	1.53590e-17	1.53590e-17	1.53590e-17	1.53590e-17	1.53590e-17	1.53590e-17	1.53590e-17	1.53590e-17	1.53590e-17	1.53590e-17	1.53590e-17	1.53590e-17	1.53590e-17	1.53590e-17	1.53590e-17	1.53590e-17	1.53590e-17	1.53590e-17	1.53590e-17	1.53590e-17	1.53590e-17	1.53590e-17	1.53590e-17	1.53590e-17	1.53590e-17	1.53590e-17	1.53590e-17	1.53590e-17	1.53590e-17	1.53590e-17	1.53590e-17	1.53590e-17	1.53590e-17	1.53590e-17	1.53590e-17	1.53590e-17	1.53590e-17	1.53590e-17	1.53590e-17	1.53590e-17	1.53590e-17	1.53590e-17	1.53590e-17	1.53590e-17	1.53590e-17	1.53590e-17	1.53590e-17	1.53590e-17	1.53590e-17	1.53590e-17	1.53590e-17	1.53590e-17	1.53590e-17	1.53590e-17	1.53590e-17	1.53590e-17	1.53590e-17	1.53590e-17	1.53590e-17	1.53590e-17	1.53590e-17
24.38	6.32801e-35	5.91237e-34	1.39886e-33	2.63433e-33	4.52426e-33	7.41533e-33	1.18379e-32	1.86032e-32	2.89523e-32	4.47836e-32	6.90011e-32	1.06047e-31	1.62718e-31	2.49408e-31	3.82021e-31	5.84881e-31	8.95200e-31	1.36990e-30	2.09606e-30	3.20688e-30	4.90611e-30	7.50544e-30	1.14816e-29	1.75641e-29	2.68683e-29	4.11010e-29	6.28724e-29	9.61758e-29	1.47119e-28	2.25045e-28	3.44244e-28	5.26576e-28	8.05476e-28	1.23208e-27	1.88462e-27	2.88271e-27	4.40934e-27	6.74434e-27	1.03157e-26	1.57778e-26	2.41316e-26	3.69075e-26	5.64454e-26	8.63233e-26	1.32011e-25	2.01869e-25	3.08680e-25	4.71975e-25	7.21602e-25	1.10317e-24	1.68633e-24	2.57749e-24	3.93910e-24	6.01911e-24	9.19591e-24	1.40467e-23	2.14513e-23	3.27509e-23	4.99877e-23	7.62702e-23	1.16325e-22	1.77336e-22	2.70202e-22	4.11452e-22	6.26103e-22	9.51967e-22	1.44608e-21	2.19431e-21	3.32555e-21	5.03277e-21	7.60382e-21	1.14663e-20	1.72527e-20	2.58928e-20	3.87449e-20	5.77781e-20	8.58202e-20	1.26888e-19	1.86612e-19	2.72760e-19	3.95840e-19	5.69725e-19	8.12180e-19	1.14508e-18	1.59398e-18	2.18661e-18	2.94982e-18	3.90459e-18	5.05935e-18	6.40230e-18	7.89495e-18	9.46993e-18	1.10358e-17	1.24907e-17	1.37422e-17	1.47288e-17	1.54330e-17	1.58820e-17	1.61337e-17	1.62556e-17	1.63055e-17	1.63224e-17	1.63269e-17	1.63279e-17	1.63281e-17	1.63281e-17	1.63281e-17	1.63281e-17	1.63281e-17	1.63281e-17	1.63281e-17	1.63281e-17	1.63281e-17	1.63281e-17	1.63281e-17	1.63281e-17	1.63281e-17	1.63281e-17	1.63281e-17	1.63281e-17	1.63281e-17	1.63281e-17	1.63281e-17	1.63281e-17	1.63281e-17	1.63281e-17	1.63281e-17	1.63281e-17	1.63281e-17	1.63281e-17	1.63281e-17	1.63281e-17	1.63281e-17	1.63281e-17	1.63281e-17	1.63281e-17	1.63281e-17	1.63281e-17	1.63281e-17	1.63281e-17	1.63281e-17	1.63281e-17	1.63281e-17	1.63281e-17	1.63281e-17	1.63281e-17	1.63281e-17	1.63281e-17	1.63281e-17	1.63281e-17	1.63281e-17	1.63281e-17	1.63281e-17	1.63281e-17	1.63281e-17	1.63281e-17	1.63281e-17	1.63281e-17	1.63281e-17	1.63281e-17	1.63281e-17	1.63281e-17	1.63281e-17	1.63281e-17	1.63281e-17	1.63281e-17	1.63281e-17	1.63281e-17	1.63281e-17	1.63281e-17	1.63281e-17	1.63281e-17	1.63281e-17	1.63281e-17	1.63281e-17	1.63281e-17	1.63281e-17	1.63281e-17	1.63281e-17	1.63281e-17	1.63281e-17	1.63281e-17	1.63281e-17	1.63281e-17	1.63281e-17	1.63281e-17	1.63281e-17	1.63281e-17	1.63281e-17	1.63281e-17	1.63281e-17	1.63281e-17	1.63281e-17	1.63281e-17	1.63281e-17
24.41	5.40918e-35	5.05389e-34	1.19575e-33	2.25182e-33	3.86733e-33	6.33862e-33	1.01190e-32	1.59020e-32	2.47484e-32	3.82810e-32	5.89821e-32	9.06492e-32	1.39091e-31	2.13194e-31	3.26551e-31	4.99957e-31	7.65218e-31	1.17099e-30	1.79172e-30	2.74125e-30	4.19376e-30	6.41567e-30	9.81456e-30	1.50138e-29	2.29672e-29	3.51334e-29	5.37439e-29	8.22121e-29	1.25759e-28	1.92372e-28	2.94266e-28	4.50127e-28	6.88539e-28	1.05322e-27	1.61103e-27	2.46424e-27	3.76928e-27	5.76537e-27	8.81839e-27	1.34879e-26	2.06294e-26	3.15515e-26	4.82549e-26	7.37986e-26	1.12860e-25	1.72588e-25	2.63912e-25	4.03536e-25	6.16988e-25	9.43274e-25	1.44198e-24	2.20413e-24	3.36871e-24	5.14790e-24	7.86553e-24	1.20157e-23	1.83517e-23	2.80221e-23	4.27763e-23	6.52781e-23	9.95797e-23	1.51841e-22	2.31417e-22	3.52495e-22	5.36573e-22	8.16163e-22	1.24036e-21	1.88313e-21	2.85570e-21	4.32476e-21	6.53945e-21	9.87064e-21	1.48680e-20	2.23422e-20	3.34812e-20	5.00140e-20	7.44353e-20	1.10309e-19	1.62665e-19	2.38500e-19	3.47377e-19	5.02084e-19	7.19268e-19	1.01986e-18	1.42904e-18	1.97528e-18	2.68799e-18	3.59343e-18	4.70835e-18	6.03243e-18	7.54025e-18	9.17636e-18	1.08561e-17	1.24750e-17	1.39271e-17	1.51276e-17	1.60325e-17	1.66464e-17	1.70159e-17	1.72100e-17	1.72972e-17	1.73300e-17	1.73400e-17	1.73425e-17	1.73429e-17	1.73430e-17	1.73430e-17	1.73430e-17	1.73430e-17	1.73430e-17	1.73430e-17	1.73430e-17	1.73430e-17	1.73430e-17	1.73430e-17	1.73430e-17	1.73430e-17	1.73430e-17	1.73430e-17	1.73430e-17	1.73430e-17	1.73430e-17	1.73430e-17	1.73430e-17	1.73430e-17	1.73430e-17	1.73430e-17	1.73430e-17	1.73430e-17	1.73430e-17	1.73430e-17	1.73430e-17	1.73430e-17	1.73430e-17	1.73430e-17	1.73430e-17	1.73430e-17	1.73430e-17	1.73430e-17	1.73430e-17	1.73430e-17	1.73430e-17	1.73430e-17	1.73430e-17	1.73430e-17	1.73430e-17	1.73430e-17	1.73430e-17	1.73430e-17	1.73430e-17	1.73430e-17	1.73430e-17	1.73430e-17	1.73430e-17	1.73430e-17	1.73430e-17	1.73430e-17	1.73430e-17	1.73430e-17	1.73430e-17	1.73430e-17	1.73430e-17	1.73430e-17	1.73430e-17	1.73430e-17	1.73430e-17	1.73430e-17	1.73430e-17	1.73430e-17	1.73430e-17	1.73430e-17	1.73430e-17	1.73430e-17	1.73430e-17	1.73430e-17	1.73430e-17	1.73430e-17	1.73430e-17	1.73430e-17	1.73430e-17	1.73430e-17	1.73430e-17	1.73430e-17	1.73430e-17	1.73430e-17	1.73430e-17	1.73430e-17	1.73430e-17	1.73430e-17	1.73430e-17	1.73430e-17	1.73430e-17	1.73430e-17	1.73430e-17	1.73430e-17
24.44	4.62376e-35	4.32006e-34	1.02212e-33	1.92485e-33	3.30579e-33	5.41824e-33	8.64972e-33	1.35930e-32	2.11549e-32	3.27225e-32	5.04179e-32	7.74869e-32	1.18895e-31	1.82238e-31	2.79136e-31	4.27363e-31	6.54109e-31	1.00097e-30	1.53156e-30	2.34322e-30	3.58483e-30	5.48414e-30	8.38952e-30	1.28339e-29	1.96325e-29	3.00323e-29	4.59407e-29	7.02756e-29	1.07500e-28	1.64442e-28	2.51543e-28	3.84777e-28	5.88577e-28	9.00314e-28	1.37715e-27	2.10651e-27	3.22212e-27	4.92848e-27	7.53839e-27	1.15302e-26	1.76354e-26	2.69727e-26	4.12526e-26	6.30906e-26	9.64856e-26	1.47551e-25	2.25633e-25	3.45015e-25	5.27530e-25	8.06537e-25	1.23301e-24	1.88479e-24	2.88081e-24	4.40261e-24	6.72731e-24	1.02778e-23	1.56990e-23	2.39743e-23	3.66022e-23	5.58648e-23	8.52353e-23	1.29995e-22	1.98169e-22	3.01935e-22	4.59755e-22	6.99573e-22	1.06362e-21	1.61560e-21	2.45137e-21	3.71485e-21	5.62144e-21	8.49240e-21	1.28049e-20	1.92645e-20	2.89082e-20	4.32509e-20	6.44874e-20	9.57695e-20	1.41573e-19	2.08171e-19	3.04214e-19	4.41405e-19	6.35195e-19	9.05379e-19	1.27634e-18	1.77660e-18	2.43720e-18	3.28830e-18	4.35375e-18	5.64365e-18	7.14583e-18	8.81851e-18	1.05876e-17	1.23518e-17	1.39970e-17	1.54188e-17	1.65460e-17	1.73561e-17	1.78769e-17	1.81719e-17	1.83165e-17	1.83765e-17	1.83972e-17	1.84029e-17	1.84041e-17	1.84043e-17	1.84043e-17	1.84043e-17	1.84043e-17	1.84043e-17	1.84043e-17	1.84043e-17	1.84043e-17	1.84043e-17	1.84043e-17	1.84043e-17	1.84043e-17	1.84043e-17	1.84043e-17	1.84043e-17	1.84043e-17	1.84043e-17	1.84043e-17	1.84043e-17	1.84043e-17	1.84043e-17	1.84043e-17	1.84043e-17	1.84043e-17	1.84043e-17	1.84043e-17	1.84043e-17	1.84043e-17	1.84043e-17	1.84043e-17	1.84043e-17	1.84043e-17	1.84043e-17	1.84043e-17	1.84043e-17	1.84043e-17	1.84043e-17	1.84043e-17	1.84043e-17	1.84043e-17	1.84043e-17	1.84043e-17	1.84043e-17	1.84043e-17	1.84043e-17	1.84043e-17	1.84043e-17	1.84043e-17	1.84043e-17	1.84043e-17	1.84043e-17	1.84043e-17	1.84043e-17	1.84043e-17	1.84043e-17	1.84043e-17	1.84043e-17	1.84043e-17	1.84043e-17	1.84043e-17	1.84043e-17	1.84043e-17	1.84043e-17	1.84043e-17	1.84043e-17	1.84043e-17	1.84043e-17	1.84043e-17	1.84043e-17	1.84043e-17	1.84043e-17	1.84043e-17	1.84043e-17	1.84043e-17	1.84043e-17	1.84043e-17	1.84043e-17	1.84043e-17	1.84043e-17	1.84043e-17	1.84043e-17	1.84043e-17	1.84043e-17	1.84043e-17	1.84043e-17	1.84043e-17	1.84043e-17	1.84043e-17	1.84043e-17	1.84043e-17
24.48	3.95238e-35	3.69278e-34	8.73710e-34	1.64536e-33	2.82579e-33	4.63151e-33	7.39377e-33	1.16193e-32	1.80832e-32	2.79712e-32	4.30972e-32	6.62358e-32	1.01632e-31	1.55777e-31	2.38606e-31	3.65310e-31	5.59133e-31	8.55627e-31	1.30918e-30	2.00299e-30	3.06432e-30	4.68786e-30	7.17139e-30	1.09705e-29	1.67819e-29	2.56718e-29	3.92704e-29	6.00722e-29	9.18923e-29	1.40567e-28	2.15022e-28	3.28913e-28	5.03126e-28	7.69608e-28	1.17722e-27	1.80071e-27	2.75438e-27	4.21306e-27	6.44416e-27	9.85661e-27	1.50758e-26	2.30581e-26	3.52660e-26	5.39357e-26	8.24864e-26	1.26145e-25	1.92904e-25	2.94977e-25	4.51034e-25	6.89606e-25	1.05429e-24	1.61168e-24	2.46350e-24	3.76508e-24	5.75354e-24	8.79079e-24	1.34289e-23	2.05098e-23	3.13168e-23	4.78047e-23	7.29497e-23	1.11279e-22	1.69675e-22	2.58587e-22	3.93864e-22	5.99514e-22	9.11847e-22	1.38568e-21	2.10361e-21	3.18977e-21	4.83022e-21	7.30296e-21	1.10217e-20	1.65996e-20	2.49405e-20	3.73686e-20	5.58106e-20	8.30455e-20	1.23042e-19	1.81400e-19	2.65904e-19	3.87196e-19	5.59499e-19	8.01331e-19	1.13599e-18	1.59149e-18	2.19958e-18	2.99318e-18	4.00179e-18	5.24462e-18	6.72212e-18	8.40711e-18	1.02390e-17	1.21245e-17	1.39476e-17	1.55895e-17	1.69536e-17	1.79881e-17	1.86952e-17	1.91247e-17	1.93528e-17	1.94566e-17	1.94963e-17	1.95087e-17	1.95118e-17	1.95124e-17	1.95124e-17	1.95124e-17	1.95124e-17	1.95124e-17	1.95124e-17	1.95124e-17	1.95124e-17	1.95124e-17	1.95124e-17	1.95124e-17	1.95124e-17	1.95124e-17	1.95124e-17	1.95124e-17	1.95124e-17	1.95124e-17	1.95124e-17	1.95124e-17	1.95124e-17	1.95124e-17	1.95124e-17	1.95124e-17	1.95124e-17	1.95124e-17	1.95124e-17	1.95124e-17	1.95124e-17	1.95124e-17	1.95124e-17	1.95124e-17	1.95124e-17	1.95124e-17	1.95124e-17	1.95124e-17	1.95124e-17	1.95124e-17	1.95124e-17	1.95124e-17	1.95124e-17	1.95124e-17	1.95124e-17	1.95124e-17	1.95124e-17	1.95124e-17	1.95124e-17	1.95124e-17	1.95124e-17	1.95124e-17	1.95124e-17	1.95124e-17	1.95124e-17	1.95124e-17	1.95124e-17	1.95124e-17	1.95124e-17	1.95124e-17	1.95124e-17	1.95124e-17	1.95124e-17	1.95124e-17	1.95124e-17	1.95124e-17	1.95124e-17	1.95124e-17	1.95124e-17	1.95124e-17	1.95124e-17	1.95124e-17	1.95124e-17	1.95124e-17	1.95124e-17	1.95124e-17	1.95124e-17	1.95124e-17	1.95124e-17	1.95124e-17	1.95124e-17	1.95124e-17	1.95124e-17	1.95124e-17	1.95124e-17	1.95124e-17	1.95124e-17	1.95124e-17	1.95124e-17	1.95124e-17	1.95124e-17	1.95124e-17	1.95124e-17
24.51	3.37849e-35	3.15658e-34	7.46846e-34	1.40645e-33	2.41548e-33	3.95901e-33	6.32019e-33	9.93216e-33	1.54575e-32	2.39098e-32	3.68394e-32	5.66183e-32	8.68746e-32	1.33158e-31	2.03960e-31	3.12267e-31	4.77947e-31	7.31391e-31	1.11909e-30	1.71216e-30	2.61939e-30	4.00719e-30	6.13013e-30	9.37760e-30	1.43453e-29	2.19443e-29	3.35686e-29	5.13502e-29	7.85503e-29	1.20158e-28	1.83804e-28	2.81160e-28	4.30081e-28	6.57876e-28	1.00632e-27	1.53929e-27	2.35453e-27	3.60148e-27	5.50874e-27	8.42591e-27	1.28876e-26	1.97116e-26	3.01480e-26	4.61089e-26	7.05176e-26	1.07844e-25	1.64920e-25	2.52191e-25	3.85624e-25	5.89617e-25	9.01455e-25	1.37810e-24	2.10657e-24	3.21975e-24	4.92053e-24	7.51861e-24	1.14865e-23	1.75450e-23	2.67927e-23	4.09042e-23	6.24291e-23	9.52476e-23	1.45260e-22	2.21430e-22	3.37359e-22	5.13666e-22	7.81556e-22	1.18818e-21	1.80465e-21	2.73796e-21	4.14871e-21	6.27722e-21	9.48180e-21	1.42946e-20	2.15019e-20	3.22596e-20	4.82548e-20	7.19316e-20	1.06798e-19	1.57833e-19	2.32011e-19	3.38950e-19	4.91652e-19	7.07282e-19	1.00783e-18	1.42037e-18	1.97664e-18	2.71119e-18	3.65773e-18	4.84317e-18	6.27935e-18	7.95373e-18	9.82104e-18	1.18002e-17	1.37791e-17	1.56311e-17	1.72386e-17	1.85198e-17	1.94468e-17	2.00476e-17	2.03913e-17	2.05617e-17	2.06335e-17	2.06586e-17	2.06657e-17	2.06673e-17	2.06675e-17	2.06676e-17	2.06676e-17	2.06676e-17	2.06676e-17	2.06676e-17	2.06676e-17	2.06676e-17	2.06676e-17	2.06676e-17	2.06676e-17	2.06676e-17	2.06676e-17	2.06676e-17	2.06676e-17	2.06676e-17	2.06676e-17	2.06676e-17	2.06676e-17	2.06676e-17	2.06676e-17	2.06676e-17	2.06676e-17	2.06676e-17	2.06676e-17	2.06676e-17	2.06676e-17	2.06676e-17	2.06676e-17	2.06676e-17	2.06676e-17	2.06676e-17	2.06676e-17	2.06676e-17	2.06676e-17	2.06676e-17	2.06676e-17	2.06676e-17	2.06676e-17	2.06676e-17	2.06676e-17	2.06676e-17	2.06676e-17	2.06676e-17	2.06676e-17	2.06676e-17	2.06676e-17	2.06676e-17	2.06676e-17	2.06676e-17	2.06676e-17	2.06676e-17	2.06676e-17	2.06676e-17	2.06676e-17	2.06676e-17	2.06676e-17	2.06676e-17	2.06676e-17	2.06676e-17	2.06676e-17	2.06676e-17	2.06676e-17	2.06676e-17	2.06676e-17	2.06676e-17	2.06676e-17	2.06676e-17	2.06676e-17	2.06676e-17	2.06676e-17	2.06676e-17	2.06676e-17	2.06676e-17	2.06676e-17	2.06676e-17	2.06676e-17	2.06676e-17	2.06676e-17	2.06676e-17	2.06676e-17	2.06676e-17	2.06676e-17	2.06676e-17	2.06676e-17	2.06676e-17	2.06676e-17	2.06676e-17	2.06676e-17
24.55	2.88793e-35	2.69824e-34	6.38403e-34	1.20224e-33	2.06475e-33	3.38415e-33	5.40249e-33	8.49000e-33	1.32131e-32	2.04380e-32	3.14903e-32	4.83973e-32	7.42604e-32	1.13824e-31	1.74345e-31	2.66926e-31	4.08549e-31	6.25193e-31	9.56598e-31	1.46356e-30	2.23906e-30	3.42535e-30	5.24005e-30	8.01600e-30	1.22624e-29	1.87581e-29	2.86946e-29	4.38945e-29	6.71455e-29	1.02712e-28	1.57117e-28	2.40339e-28	3.67640e-28	5.62364e-28	8.60220e-28	1.31583e-27	2.01272e-27	3.07866e-27	4.70908e-27	7.20284e-27	1.10170e-26	1.68506e-26	2.57726e-26	3.94176e-26	6.02849e-26	9.21961e-26	1.40994e-25	2.15609e-25	3.29694e-25	5.04116e-25	7.70760e-25	1.17835e-24	1.80131e-24	2.75332e-24	4.20797e-24	6.43025e-24	9.82456e-24	1.50078e-23	2.29207e-23	3.49971e-23	5.34211e-23	8.15173e-23	1.24344e-22	1.89586e-22	2.88917e-22	4.40034e-22	6.69744e-22	1.01859e-21	1.54775e-21	2.34940e-21	3.56206e-21	5.39327e-21	8.15303e-21	1.23026e-20	1.85252e-20	2.78278e-20	4.16849e-20	6.22409e-20	9.25873e-20	1.37137e-19	2.02111e-19	2.96159e-19	4.31089e-19	6.22685e-19	8.91484e-19	1.26332e-18	1.76927e-18	2.44459e-18	3.32587e-18	4.44610e-18	5.82707e-18	7.47005e-18	9.34599e-18	1.13889e-17	1.34963e-17	1.55401e-17	1.73876e-17	1.89300e-17	2.01065e-17	2.09165e-17	2.14129e-17	2.16793e-17	2.18022e-17	2.18499e-17	2.18651e-17	2.18689e-17	2.18697e-17	2.18698e-17	2.18698e-17	2.18698e-17	2.18698e-17	2.18698e-17	2.18698e-17	2.18698e-17	2.18698e-17	2.18698e-17	2.18698e-17	2.18698e-17	2.18698e-17	2.18698e-17	2.18698e-17	2.18698e-17	2.18698e-17	2.18698e-17	2.18698e-17	2.18698e-17	2.18698e-17	2.18698e-17	2.18698e-17	2.18698e-17	2.18698e-17	2.18698e-17	2.18698e-17	2.18698e-17	2.18698e-17	2.18698e-17	2.18698e-17	2.18698e-17	2.18698e-17	2.18698e-17	2.18698e-17	2.18698e-17	2.18698e-17	2.18698e-17	2.18698e-17	2.18698e-17	2.18698e-17	2.18698e-17	2.18698e-17	2.18698e-17	2.18698e-17	2.18698e-17	2.18698e-17	2.18698e-17	2.18698e-17	2.18698e-17	2.18698e-17	2.18698e-17	2.18698e-17	2.18698e-17	2.18698e-17	2.18698e-17	2.18698e-17	2.18698e-17	2.18698e-17	2.18698e-17	2.18698e-17	2.18698e-17	2.18698e-17	2.18698e-17	2.18698e-17	2.18698e-17	2.18698e-17	2.18698e-17	2.18698e-17	2.18698e-17	2.18698e-17	2.18698e-17	2.18698e-17	2.18698e-17	2.18698e-17	2.18698e-17	2.18698e-17	2.18698e-17	2.18698e-17	2.18698e-17	2.18698e-17	2.18698e-17	2.18698e-17	2.18698e-17	2.18698e-17	2.18698e-17	2.18698e-17	2.18698e-17	2.18698e-17
24.58	2.46860e-35	2.30646e-34	5.45706e-34	1.02767e-33	1.76495e-33	2.89277e-33	4.61804e-33	7.25725e-33	1.12945e-32	1.74704e-32	2.69179e-32	4.13700e-32	6.34777e-32	9.72965e-32	1.49030e-31	2.28168e-31	3.49228e-31	5.34415e-31	8.17701e-31	1.25105e-30	1.91395e-30	2.92800e-30	4.47920e-30	6.85210e-30	1.04819e-29	1.60345e-29	2.45283e-29	3.75213e-29	5.73964e-29	8.77992e-29	1.34306e-28	2.05445e-28	3.14264e-28	4.80718e-28	7.35333e-28	1.12480e-27	1.72052e-27	2.63173e-27	4.02549e-27	6.15728e-27	9.41788e-27	1.44049e-26	2.20321e-26	3.36971e-26	5.15367e-26	7.88183e-26	1.20537e-25	1.84331e-25	2.81873e-25	4.31006e-25	6.59001e-25	1.00753e-24	1.54024e-24	2.35439e-24	3.59848e-24	5.49923e-24	8.40270e-24	1.28369e-23	1.96071e-23	2.99410e-23	4.57091e-23	6.97599e-23	1.06428e-22	1.62302e-22	2.47395e-22	3.76894e-22	5.73820e-22	8.73008e-22	1.32708e-21	2.01540e-21	3.05732e-21	4.63198e-21	7.00730e-21	1.05827e-20	1.59510e-20	2.39880e-20	3.59802e-20	5.38047e-20	8.01794e-20	1.19002e-19	1.75803e-19	2.58323e-19	3.77226e-19	5.46925e-19	7.86432e-19	1.12009e-18	1.57788e-18	2.19493e-18	3.00953e-18	4.05915e-18	5.37389e-18	6.96745e-18	8.82686e-18	1.09032e-17	1.31079e-17	1.53179e-17	1.73928e-17	1.92012e-17	2.06500e-17	2.17051e-17	2.23944e-17	2.27925e-17	2.29922e-17	2.30775e-17	2.31079e-17	2.31166e-17	2.31186e-17	2.31190e-17	2.31190e-17	2.31190e-17	2.31190e-17	2.31190e-17	2.31190e-17	2.31190e-17	2.31190e-17	2.31190e-17	2.31190e-17	2.31190e-17	2.31190e-17	2.31190e-17	2.31190e-17	2.31190e-17	2.31190e-17	2.31190e-17	2.31190e-17	2.31190e-17	2.31190e-17	2.31190e-17	2.31190e-17	2.31190e-17	2.31190e-17	2.31190e-17	2.31190e-17	2.31190e-17	2.31190e-17	2.31190e-17	2.31190e-17	2.31190e-17	2.31190e-17	2.31190e-17	2.31190e-17	2.31190e-17	2.31190e-17	2.31190e-17	2.31190e-17	2.31190e-17	2.31190e-17	2.31190e-17	2.31190e-17	2.31190e-17	2.31190e-17	2.31190e-17	2.31190e-17	2.31190e-17	2.31190e-17	2.31190e-17	2.31190e-17	2.31190e-17	2.31190e-17	2.31190e-17	2.31190e-17	2.31190e-17	2.31190e-17	2.31190e-17	2.31190e-17	2.31190e-17	2.31190e-17	2.31190e-17	2.31190e-17	2.31190e-17	2.31190e-17	2.31190e-17	2.31190e-17	2.31190e-17	2.31190e-17	2.31190e-17	2.31190e-17	2.31190e-17	2.31190e-17	2.31190e-17	2.31190e-17	2.31190e-17	2.31190e-17	2.31190e-17	2.31190e-17	2.31190e-17	2.31190e-17	2.31190e-17	2.31190e-17	2.31190e-17	2.31190e-17	2.31190e-17	2.31190e-17	2.31190e-17	2.31190e-17
24.62	2.11015e-35	1.97155e-34	4.66469e-34	8.78450e-34	1.50867e-33	2.47274e-33	3.94750e-33	6.20349e-33	9.65453e-33	1.49337e-32	2.30094e-32	3.53630e-32	5.42607e-32	8.31690e-32	1.27391e-31	1.95038e-31	2.98520e-31	4.56818e-31	6.98971e-31	1.06940e-30	1.63605e-30	2.50286e-30	3.82883e-30	5.85720e-30	8.96000e-30	1.37064e-29	2.09669e-29	3.20734e-29	4.90629e-29	7.50514e-29	1.14806e-28	1.75617e-28	2.68637e-28	4.10925e-28	6.28576e-28	9.61500e-28	1.47074e-27	2.24968e-27	3.44112e-27	5.26348e-27	8.05082e-27	1.23140e-26	1.88343e-26	2.88066e-26	4.40576e-26	6.73811e-26	1.03048e-25	1.57588e-25	2.40984e-25	3.68494e-25	5.63437e-25	8.61450e-25	1.31698e-24	2.01321e-24	3.07717e-24	4.70283e-24	7.18631e-24	1.09795e-23	1.67716e-23	2.56137e-23	3.91076e-23	5.96931e-23	9.10840e-23	1.38929e-22	2.11812e-22	3.22765e-22	4.91548e-22	7.48084e-22	1.13761e-21	1.72841e-21	2.62329e-21	3.97671e-21	6.02006e-21	9.09878e-21	1.37267e-20	2.06646e-20	3.10328e-20	4.64715e-20	6.93641e-20	1.03145e-19	1.52710e-19	2.24962e-19	3.29484e-19	4.79351e-19	6.92026e-19	9.90216e-19	1.40246e-18	1.96311e-18	2.71110e-18	3.68693e-18	4.92722e-18	6.45646e-18	8.27675e-18	1.03571e-17	1.26258e-17	1.49709e-17	1.72513e-17	1.93202e-17	2.10552e-17	2.23862e-17	2.33091e-17	2.38796e-17	2.41890e-17	2.43335e-17	2.43905e-17	2.44090e-17	2.44137e-17	2.44147e-17	2.44149e-17	2.44149e-17	2.44149e-17	2.44149e-17	2.44149e-17	2.44149e-17	2.44149e-17	2.44149e-17	2.44149e-17	2.44149e-17	2.44149e-17	2.44149e-17	2.44149e-17	2.44149e-17	2.44149e-17	2.44149e-17	2.44149e-17	2.44149e-17	2.44149e-17	2.44149e-17	2.44149e-17	2.44149e-17	2.44149e-17	2.44149e-17	2.44149e-17	2.44149e-17	2.44149e-17	2.44149e-17	2.44149e-17	2.44149e-17	2.44149e-17	2.44149e-17	2.44149e-17	2.44149e-17	2.44149e-17	2.44149e-17	2.44149e-17	2.44149e-17	2.44149e-17	2.44149e-17	2.44149e-17	2.44149e-17	2.44149e-17	2.44149e-17	2.44149e-17	2.44149e-17	2.44149e-17	2.44149e-17	2.44149e-17	2.44149e-17	2.44149e-17	2.44149e-17	2.44149e-17	2.44149e-17	2.44149e-17	2.44149e-17	2.44149e-17	2.44149e-17	2.44149e-17	2.44149e-17	2.44149e-17	2.44149e-17	2.44149e-17	2.44149e-17	2.44149e-17	2.44149e-17	2.44149e-17	2.44149e-17	2.44149e-17	2.44149e-17	2.44149e-17	2.44149e-17	2.44149e-17	2.44149e-17	2.44149e-17	2.44149e-17	2.44149e-17	2.44149e-17	2.44149e-17	2.44149e-17	2.44149e-17	2.44149e-17	2.44149e-17	2.44149e-17	2.44149e-17	2.44149e-17	2.44149e-17
24.65	1.80376e-35	1.68528e-34	3.98737e-34	7.50898e-34	1.28961e-33	2.11369e-33	3.37432e-33	5.30273e-33	8.25268e-33	1.27653e-32	1.96684e-32	3.02283e-32	4.63820e-32	7.10928e-32	1.08894e-31	1.66719e-31	2.55175e-31	3.90488e-31	5.97481e-31	9.14122e-31	1.39849e-30	2.13945e-30	3.27289e-30	5.00674e-30	7.65903e-30	1.17163e-29	1.79226e-29	2.74165e-29	4.19392e-29	6.41545e-29	9.81369e-29	1.50119e-28	2.29634e-28	3.51265e-28	5.37317e-28	8.21909e-28	1.25723e-27	1.92309e-27	2.94157e-27	4.49941e-27	6.88216e-27	1.05266e-26	1.61006e-26	2.46257e-26	3.76637e-26	5.76030e-26	8.80955e-26	1.34724e-25	2.06025e-25	3.15044e-25	4.81723e-25	7.36538e-25	1.12606e-24	1.72142e-24	2.63130e-24	4.02163e-24	6.14577e-24	9.39038e-24	1.43454e-23	2.19105e-23	3.34572e-23	5.10750e-23	7.79454e-23	1.18909e-22	1.81325e-22	2.76371e-22	4.21004e-22	6.40917e-22	9.74984e-22	1.48192e-21	2.25022e-21	3.41301e-21	5.16991e-21	7.81948e-21	1.18065e-20	1.77910e-20	2.67472e-20	4.01055e-20	5.99518e-20	8.93033e-20	1.32484e-19	1.95624e-19	2.87295e-19	4.19296e-19	6.07555e-19	8.73066e-19	1.24269e-18	1.74948e-18	2.43216e-18	3.33295e-18	4.49325e-18	5.94647e-18	7.70823e-18	9.76509e-18	1.20643e-17	1.45095e-17	1.69662e-17	1.92797e-17	2.13040e-17	2.29339e-17	2.41283e-17	2.49147e-17	2.53732e-17	2.56059e-17	2.57067e-17	2.57432e-17	2.57539e-17	2.57564e-17	2.57568e-17	2.57569e-17	2.57569e-17	2.57569e-17	2.57569e-17	2.57569e-17	2.57569e-17	2.57569e-17	2.57569e-17	2.57569e-17	2.57569e-17	2.57569e-17	2.57569e-17	2.57569e-17	2.57569e-17	2.57569e-17	2.57569e-17	2.57569e-17	2.57569e-17	2.57569e-17	2.57569e-17	2.57569e-17	2.57569e-17	2.57569e-17	2.57569e-17	2.57569e-17	2.57569e-17	2.57569e-17	2.57569e-17	2.57569e-17	2.57569e-17	2.57569e-17	2.57569e-17	2.57569e-17	2.57569e-17	2.57569e-17	2.57569e-17	2.57569e-17	2.57569e-17	2.57569e-17	2.57569e-17	2.57569e-17	2.57569e-17	2.57569e-17	2.57569e-17	2.57569e-17	2.57569e-17	2.57569e-17	2.57569e-17	2.57569e-17	2.57569e-17	2.57569e-17	2.57569e-17	2.57569e-17	2.57569e-17	2.57569e-17	2.57569e-17	2.57569e-17	2.57569e-17	2.57569e-17	2.57569e-17	2.57569e-17	2.57569e-17	2.57569e-17	2.57569e-17	2.57569e-17	2.57569e-17	2.57569e-17	2.57569e-17	2.57569e-17	2.57569e-17	2.57569e-17	2.57569e-17	2.57569e-17	2.57569e-17	2.57569e-17	2.57569e-17	2.57569e-17	2.57569e-17	2.57569e-17	2.57569e-17	2.57569e-17	2.57569e-17	2.57569e-17	2.57569e-17	2.57569e-17	2.57569e-17
24.68	1.54185e-35	1.44058e-34	3.40840e-34	6.41867e-34	1.10236e-33	1.80678e-33	2.88436e-33	4.53277e-33	7.05438e-33	1.09118e-32	1.68125e-32	2.58391e-32	3.96473e-32	6.07701e-32	9.30822e-32	1.42511e-31	2.18123e-31	3.33789e-31	5.10727e-31	7.81392e-31	1.19543e-30	1.82880e-30	2.79767e-30	4.27977e-30	6.54696e-30	1.00151e-29	1.53203e-29	2.34358e-29	3.58499e-29	5.48397e-29	8.38882e-29	1.28323e-28	1.96294e-28	3.00266e-28	4.59307e-28	7.02582e-28	1.07470e-27	1.64390e-27	2.51454e-27	3.84624e-27	5.88313e-27	8.99858e-27	1.37636e-26	2.10514e-26	3.21974e-26	4.92435e-26	7.53119e-26	1.15176e-25	1.76134e-25	2.69343e-25	4.11853e-25	6.29728e-25	9.62792e-25	1.47189e-24	2.24998e-24	3.43900e-24	5.25571e-24	8.03095e-24	1.22696e-23	1.87417e-23	2.86214e-23	4.36979e-23	6.66964e-23	1.01764e-22	1.55209e-22	2.36615e-22	3.60530e-22	5.49007e-22	8.35437e-22	1.27029e-21	1.92970e-21	2.92831e-21	4.43825e-21	6.71729e-21	1.01501e-20	1.53085e-20	2.30387e-20	3.45860e-20	5.17722e-20	7.72425e-20	1.14804e-19	1.69884e-19	2.50117e-19	3.66098e-19	5.32268e-19	7.67886e-19	1.09797e-18	1.55394e-18	2.17358e-18	2.99971e-18	4.07689e-18	5.44552e-18	7.13284e-18	9.14181e-18	1.14393e-17	1.39479e-17	1.65456e-17	1.90781e-17	2.13834e-17	2.33252e-17	2.48230e-17	2.58687e-17	2.65207e-17	2.68780e-17	2.70470e-17	2.71147e-17	2.71370e-17	2.71429e-17	2.71441e-17	2.71443e-17	2.71443e-17	2.71443e-17	2.71443e-17	2.71443e-17	2.71443e-17	2.71443e-17	2.71443e-17	2.71443e-17	2.71443e-17	2.71443e-17	2.71443e-17	2.71443e-17	2.71443e-17	2.71443e-17	2.71443e-17	2.71443e-17	2.71443e-17	2.71443e-17	2.71443e-17	2.71443e-17	2.71443e-17	2.71443e-17	2.71443e-17	2.71443e-17	2.71443e-17	2.71443e-17	2.71443e-17	2.71443e-17	2.71443e-17	2.71443e-17	2.71443e-17	2.71443e-17	2.71443e-17	2.71443e-17	2.71443e-17	2.71443e-17	2.71443e-17	2.71443e-17	2.71443e-17	2.71443e-17	2.71443e-17	2.71443e-17	2.71443e-17	2.71443e-17	2.71443e-17	2.71443e-17	2.71443e-17	2.71443e-17	2.71443e-17	2.71443e-17	2.71443e-17	2.71443e-17	2.71443e-17	2.71443e-17	2.71443e-17	2.71443e-17	2.71443e-17	2.71443e-17	2.71443e-17	2.71443e-17	2.71443e-17	2.71443e-17	2.71443e-17	2.71443e-17	2.71443e-17	2.71443e-17	2.71443e-17	2.71443e-17	2.71443e-17	2.71443e-17	2.71443e-17	2.71443e-17	2.71443e-17	2.71443e-17	2.71443e-17	2.71443e-17	2.71443e-17	2.71443e-17	2.71443e-17	2.71443e-17	2.71443e-17	2.71443e-17	2.71443e-17	2.71443e-17	2.71443e-17
24.72	1.31797e-35	1.23140e-34	2.91350e-34	5.48667e-34	9.42295e-34	1.54444e-33	2.46555e-33	3.87461e-33	6.03008e-33	9.32737e-33	1.43713e-32	2.20872e-32	3.38905e-32	5.19462e-32	7.95666e-32	1.21818e-31	1.86452e-31	2.85323e-31	4.36569e-31	6.67934e-31	1.02186e-30	1.56326e-30	2.39146e-30	3.65836e-30	5.59636e-30	8.56093e-30	1.30959e-29	2.00330e-29	3.06447e-29	4.68773e-29	7.17082e-29	1.09692e-28	1.67794e-28	2.56671e-28	3.92622e-28	6.00579e-28	9.18676e-28	1.40524e-27	2.14949e-27	3.28788e-27	5.02910e-27	7.69235e-27	1.17658e-26	1.79959e-26	2.75244e-26	4.20969e-26	6.43828e-26	9.84636e-26	1.50579e-25	2.30268e-25	3.52113e-25	5.38398e-25	8.23183e-25	1.25851e-24	1.92386e-24	2.94069e-24	4.49440e-24	6.86806e-24	1.04937e-23	1.60303e-23	2.44831e-23	3.73838e-23	5.70663e-23	8.70836e-23	1.32841e-22	2.02554e-22	3.08700e-22	4.70202e-22	7.15731e-22	1.08865e-21	1.65443e-21	2.51173e-21	3.80888e-21	5.76827e-21	8.72227e-21	1.31658e-20	1.98327e-20	2.98058e-20	4.46734e-20	6.67494e-20	9.93782e-20	1.47348e-19	2.17438e-19	3.19117e-19	4.65405e-19	6.73852e-19	9.67564e-19	1.37606e-18	1.93565e-18	2.68881e-18	3.68186e-18	4.96024e-18	6.56081e-18	8.50108e-18	1.07671e-17	1.33022e-17	1.60021e-17	1.87201e-17	2.12870e-17	2.35416e-17	2.53658e-17	2.67107e-17	2.76029e-17	2.81280e-17	2.83976e-17	2.85160e-17	2.85595e-17	2.85726e-17	2.85757e-17	2.85763e-17	2.85763e-17	2.85763e-17	2.85763e-17	2.85763e-17	2.85763e-17	2.85763e-17	2.85763e-17	2.85763e-17	2.85763e-17	2.85763e-17	2.85763e-17	2.85763e-17	2.85763e-17	2.85763e-17	2.85763e-17	2.85763e-17	2.85763e-17	2.85763e-17	2.85763e-17	2.85763e-17	2.85763e-17	2.85763e-17	2.85763e-17	2.85763e-17	2.85763e-17	2.85763e-17	2.85763e-17	2.85763e-17	2.85763e-17	2.85763e-17	2.85763e-17	2.85763e-17	2.85763e-17	2.85763e-17	2.85763e-17	2.85763e-17	2.85763e-17	2.85763e-17	2.85763e-17	2.85763e-17	2.85763e-17	2.85763e-17	2.85763e-17	2.85763e-17	2.85763e-17	2.85763e-17	2.85763e-17	2.85763e-17	2.85763e-17	2.85763e-17	2.85763e-17	2.85763e-17	2.85763e-17	2.85763e-17	2.85763e-17	2.85763e-17	2.85763e-17	2.85763e-17	2.85763e-17	2.85763e-17	2.85763e-17	2.85763e-17	2.85763e-17	2.85763e-17	2.85763e-17	2.85763e-17	2.85763e-17	2.85763e-17	2.85763e-17	2.85763e-17	2.85763e-17	2.85763e-17	2.85763e-17	2.85763e-17	2.85763e-17	2.85763e-17	2.85763e-17	2.85763e-17	2.85763e-17	2.85763e-17	2.85763e-17	2.85763e-17	2.85763e-17	2.85763e-17	2.85763e-17
24.75	1.12660e-35	1.05260e-34	2.49045e-34	4.69000e-34	8.05472e-34	1.32018e-33	2.10755e-33	3.31201e-33	5.15450e-33	7.97303e-33	1.22846e-32	1.88802e-32	2.89696e-32	4.44036e-32	6.80135e-32	1.04130e-31	1.59379e-31	2.43894e-31	3.73179e-31	5.70950e-31	8.73484e-31	1.33628e-30	2.04422e-30	3.12717e-30	4.78378e-30	7.31791e-30	1.11944e-29	1.71243e-29	2.61952e-29	4.00710e-29	6.12966e-29	9.37652e-29	1.43432e-28	2.19405e-28	3.35618e-28	5.13383e-28	7.85300e-28	1.20123e-27	1.83744e-27	2.81057e-27	4.29904e-27	6.57570e-27	1.00579e-26	1.53838e-26	2.35294e-26	3.59872e-26	5.50394e-26	8.41754e-26	1.28730e-25	1.96860e-25	3.01034e-25	4.60307e-25	7.03806e-25	1.07603e-24	1.64498e-24	2.51452e-24	3.84325e-24	5.87336e-24	8.97447e-24	1.37106e-23	2.09420e-23	3.19801e-23	4.88232e-23	7.45145e-23	1.13685e-22	1.73377e-22	2.64287e-22	4.02650e-22	6.13073e-22	9.32797e-22	1.41810e-21	2.15385e-21	3.26778e-21	4.95160e-21	7.49225e-21	1.13177e-20	1.70636e-20	2.56702e-20	3.85199e-20	5.76330e-20	8.59405e-20	1.27656e-19	1.88778e-19	2.77738e-19	4.06215e-19	5.90106e-19	8.50589e-19	1.21513e-18	1.71817e-18	2.40108e-18	3.31073e-18	4.49587e-18	6.00076e-18	7.85548e-18	1.00638e-17	1.25904e-17	1.53518e-17	1.82160e-17	2.10148e-17	2.35709e-17	2.57328e-17	2.74096e-17	2.85882e-17	2.93292e-17	2.97395e-17	2.99360e-17	3.00158e-17	3.00427e-17	3.00499e-17	3.00515e-17	3.00517e-17	3.00517e-17	3.00517e-17	3.00517e-17	3.00517e-17	3.00517e-17	3.00517e-17	3.00517e-17	3.00517e-17	3.00517e-17	3.00517e-17	3.00517e-17	3.00517e-17	3.00517e-17	3.00517e-17	3.00517e-17	3.00517e-17	3.00517e-17	3.00517e-17	3.00517e-17	3.00517e-17	3.00517e-17	3.00517e-17	3.00517e-17	3.00517e-17	3.00517e-17	3.00517e-17	3.00517e-17	3.00517e-17	3.00517e-17	3.00517e-17	3.00517e-17	3.00517e-17	3.00517e-17	3.00517e-17	3.00517e-17	3.00517e-17	3.00517e-17	3.00517e-17	3.00517e-17	3.00517e-17	3.00517e-17	3.00517e-17	3.00517e-17	3.00517e-17	3.00517e-17	3.00517e-17	3.00517e-17	3.00517e-17	3.00517e-17	3.00517e-17	3.00517e-17	3.00517e-17	3.00517e-17	3.00517e-17	3.00517e-17	3.00517e-17	3.00517e-17	3.00517e-17	3.00517e-17	3.00517e-17	3.00517e-17	3.00517e-17	3.00517e-17	3.00517e-17	3.00517e-17	3.00517e-17	3.00517e-17	3.00517e-17	3.00517e-17	3.00517e-17	3.00517e-17	3.00517e-17	3.00517e-17	3.00517e-17	3.00517e-17	3.00517e-17	3.00517e-17	3.00517e-17	3.00517e-17	3.00517e-17	3.00517e-17	3.00517e-17	3.00517e-17	3.00517e-17
24.79	9.63016e-36	8.99763e-35	2.12883e-34	4.00900e-34	6.88517e-34	1.12849e-33	1.80153e-33	2.83110e-33	4.40606e-33	6.81534e-33	1.05009e-32	1.61387e-32	2.47631e-32	3.79562e-32	5.81379e-32	8.90104e-32	1.36237e-31	2.08481e-31	3.18994e-31	4.88048e-31	7.46654e-31	1.14225e-30	1.74740e-30	2.67311e-30	4.08918e-30	6.25536e-30	9.56899e-30	1.46379e-29	2.23918e-29	3.42529e-29	5.23967e-29	8.01512e-29	1.22607e-28	1.87549e-28	2.86890e-28	4.38847e-28	6.71287e-28	1.02683e-27	1.57068e-27	2.40254e-27	3.67494e-27	5.62113e-27	8.59787e-27	1.31508e-26	2.01142e-26	3.07640e-26	4.70515e-26	7.19599e-26	1.10051e-25	1.68298e-25	2.57361e-25	3.93537e-25	6.01730e-25	9.20000e-25	1.40650e-24	2.15005e-24	3.28635e-24	5.02255e-24	7.67491e-24	1.17260e-23	1.79121e-23	2.73558e-23	4.17680e-23	6.37547e-23	9.72831e-23	1.48387e-22	2.26237e-22	3.44756e-22	5.25056e-22	7.99113e-22	1.21527e-21	1.84652e-21	2.80276e-21	4.24918e-21	6.43329e-21	9.72479e-21	1.46739e-20	2.20956e-20	3.31917e-20	4.97231e-20	7.42528e-20	1.10481e-19	1.63697e-19	2.41383e-19	3.53971e-19	5.15783e-19	7.46097e-19	1.07025e-18	1.52056e-18	2.13672e-18	2.96512e-18	4.05628e-18	5.45982e-18	7.21604e-18	9.34441e-18	1.18304e-17	1.46133e-17	1.75806e-17	2.05735e-17	2.34076e-17	2.59059e-17	2.79369e-17	2.94433e-17	3.04503e-17	3.10483e-17	3.13589e-17	3.14971e-17	3.15488e-17	3.15646e-17	3.15684e-17	3.15691e-17	3.15692e-17	3.15692e-17	3.15692e-17	3.15692e-17	3.15692e-17	3.15692e-17	3.15692e-17	3.15692e-17	3.15692e-17	3.15692e-17	3.15692e-17	3.15692e-17	3.15692e-17	3.15692e-17	3.15692e-17	3.15692e-17	3.15692e-17	3.15692e-17	3.15692e-17	3.15692e-17	3.15692e-17	3.15692e-17	3.15692e-17	3.15692e-17	3.15692e-17	3.15692e-17	3.15692e-17	3.15692e-17	3.15692e-17	3.15692e-17	3.15692e-17	3.15692e-17	3.15692e-17	3.15692e-17	3.15692e-17	3.15692e-17	3.15692e-17	3.15692e-17	3.15692e-17	3.15692e-17	3.15692e-17	3.15692e-17	3.15692e-17	3.15692e-17	3.15692e-17	3.15692e-17	3.15692e-17	3.15692e-17	3.15692e-17	3.15692e-17	3.15692e-17	3.15692e-17	3.15692e-17	3.15692e-17	3.15692e-17	3.15692e-17	3.15692e-17	3.15692e-17	3.15692e-17	3.15692e-17	3.15692e-17	3.15692e-17	3.15692e-17	3.15692e-17	3.15692e-17	3.15692e-17	3.15692e-17	3.15692e-17	3.15692e-17	3.15692e-17	3.15692e-17	3.15692e-17	3.15692e-17	3.15692e-17	3.15692e-17	3.15692e-17	3.15692e-17	3.15692e-17	3.15692e-17	3.15692e-17	3.15692e-17	3.15692e-17	3.15692e-17	3.15692e-17
24.82	8.23184e-36	7.69116e-35	1.81973e-34	3.42689e-34	5.88543e-34	9.64631e-34	1.53995e-33	2.42002e-33	3.76630e-33	5.82574e-33	8.97613e-33	1.37954e-32	2.11675e-32	3.24449e-32	4.96962e-32	7.60860e-32	1.16455e-31	1.78209e-31	2.72676e-31	4.17183e-31	6.38240e-31	9.76395e-31	1.49368e-30	2.28498e-30	3.49544e-30	5.34710e-30	8.17960e-30	1.25125e-29	1.91406e-29	2.92795e-29	4.47890e-29	6.85137e-29	1.04805e-28	1.60319e-28	2.45237e-28	3.75132e-28	5.73826e-28	8.77754e-28	1.34265e-27	2.05375e-27	3.14144e-27	4.80512e-27	7.34977e-27	1.12418e-26	1.71946e-26	2.62988e-26	4.02227e-26	6.15168e-26	9.40810e-26	1.43878e-25	2.20022e-25	3.36448e-25	5.14452e-25	7.86580e-25	1.20256e-24	1.83837e-24	2.81007e-24	4.29485e-24	6.56330e-24	1.00283e-23	1.53200e-23	2.33990e-23	3.57301e-23	5.45448e-23	8.32406e-23	1.26987e-22	1.93644e-22	2.95149e-22	4.49611e-22	6.84474e-22	1.04126e-21	1.58268e-21	2.40330e-21	3.64532e-21	5.52210e-21	8.35277e-21	1.26129e-20	1.90086e-20	2.85829e-20	4.28681e-20	6.41014e-20	9.55239e-20	1.41790e-19	2.09514e-19	3.07980e-19	4.50029e-19	6.53107e-19	9.40410e-19	1.34197e-18	1.89540e-18	2.64579e-18	3.64414e-18	4.94350e-18	6.59206e-18	8.62271e-18	1.10400e-17	1.38064e-17	1.68323e-17	1.99755e-17	2.30537e-17	2.58735e-17	2.82684e-17	3.01357e-17	3.14571e-17	3.22947e-17	3.27632e-17	3.29905e-17	3.30841e-17	3.31162e-17	3.31250e-17	3.31270e-17	3.31273e-17	3.31273e-17	3.31273e-17	3.31273e-17	3.31273e-17	3.31273e-17	3.31273e-17	3.31273e-17	3.31273e-17	3.31273e-17	3.31273e-17	3.31273e-17	3.31273e-17	3.31273e-17	3.31273e-17	3.31273e-17	3.31273e-17	3.31273e-17	3.31273e-17	3.31273e-17	3.31273e-17	3.31273e-17	3.31273e-17	3.31273e-17	3.31273e-17	3.31273e-17	3.31273e-17	3.31273e-17	3.31273e-17	3.31273e-17	3.31273e-17	3.31273e-17	3.31273e-17	3.31273e-17	3.31273e-17	3.31273e-17	3.31273e-17	3.31273e-17	3.31273e-17	3.31273e-17	3.31273e-17	3.31273e-17	3.31273e-17	3.31273e-17	3.31273e-17	3.31273e-17	3.31273e-17	3.31273e-17	3.31273e-17	3.31273e-17	3.31273e-17	3.31273e-17	3.31273e-17	3.31273e-17	3.31273e-17	3.31273e-17	3.31273e-17	3.31273e-17	3.31273e-17	3.31273e-17	3.31273e-17	3.31273e-17	3.31273e-17	3.31273e-17	3.31273e-17	3.31273e-17	3.31273e-17	3.31273e-17	3.31273e-17	3.31273e-17	3.31273e-17	3.31273e-17	3.31273e-17	3.31273e-17	3.31273e-17	3.31273e-17	3.31273e-17	3.31273e-17	3.31273e-17	3.31273e-17	3.31273e-17	3.31273e-17	3.31273e-17	3.31273e-17
24.85	7.03657e-36	6.57439e-35	1.55550e-34	2.92930e-34	5.03086e-34	8.24565e-34	1.31634e-33	2.06863e-33	3.21943e-33	4.97984e-33	7.67278e-33	1.17923e-32	1.80940e-32	2.77339e-32	4.24803e-32	6.50383e-32	9.95459e-32	1.52333e-31	2.33083e-31	3.56608e-31	5.45568e-31	8.34623e-31	1.27680e-30	1.95320e-30	2.98790e-30	4.57071e-30	6.99194e-30	1.06957e-29	1.63614e-29	2.50282e-29	3.82859e-29	5.85659e-29	8.95881e-29	1.37042e-28	2.09631e-28	3.20667e-28	4.90514e-28	7.50318e-28	1.14772e-27	1.75559e-27	2.68538e-27	4.10756e-27	6.28283e-27	9.60994e-27	1.46987e-26	2.24816e-26	3.43848e-26	5.25888e-26	8.04279e-26	1.23000e-25	1.88099e-25	2.87638e-25	4.39827e-25	6.72498e-25	1.02818e-24	1.57184e-24	2.40275e-24	3.67249e-24	5.61251e-24	8.57610e-24	1.31023e-23	2.00135e-23	3.05633e-23	4.66622e-23	7.12198e-23	1.08664e-22	1.65730e-22	2.52650e-22	3.84955e-22	5.86190e-22	8.92000e-22	1.35627e-21	2.06028e-21	3.12641e-21	4.73846e-21	7.17168e-21	1.08369e-20	1.63449e-20	2.46000e-20	3.69338e-20	5.52956e-20	8.25188e-20	1.22688e-19	1.81636e-19	2.67593e-19	3.92025e-19	5.70634e-19	8.24522e-19	1.18136e-18	1.67640e-18	2.35282e-18	3.26102e-18	4.45584e-18	5.99108e-18	7.91053e-18	1.02356e-17	1.29511e-17	1.59922e-17	1.92381e-17	2.25179e-17	2.56316e-17	2.83861e-17	3.06358e-17	3.23143e-17	3.34447e-17	3.41222e-17	3.44779e-17	3.46385e-17	3.46994e-17	3.47185e-17	3.47232e-17	3.47241e-17	3.47242e-17	3.47242e-17	3.47242e-17	3.47242e-17	3.47242e-17	3.47242e-17	3.47242e-17	3.47242e-17	3.47242e-17	3.47242e-17	3.47242e-17	3.47242e-17	3.47242e-17	3.47242e-17	3.47242e-17	3.47242e-17	3.47242e-17	3.47242e-17	3.47242e-17	3.47242e-17	3.47242e-17	3.47242e-17	3.47242e-17	3.47242e-17	3.47242e-17	3.47242e-17	3.47242e-17	3.47242e-17	3.47242e-17	3.47242e-17	3.47242e-17	3.47242e-17	3.47242e-17	3.47242e-17	3.47242e-17	3.47242e-17	3.47242e-17	3.47242e-17	3.47242e-17	3.47242e-17	3.47242e-17	3.47242e-17	3.47242e-17	3.47242e-17	3.47242e-17	3.47242e-17	3.47242e-17	3.47242e-17	3.47242e-17	3.47242e-17	3.47242e-17	3.47242e-17	3.47242e-17	3.47242e-17	3.47242e-17	3.47242e-17	3.47242e-17	3.47242e-17	3.47242e-17	3.47242e-17	3.47242e-17	3.47242e-17	3.47242e-17	3.47242e-17	3.47242e-17	3.47242e-17	3.47242e-17	3.47242e-17	3.47242e-17	3.47242e-17	3.47242e-17	3.47242e-17	3.47242e-17	3.47242e-17	3.47242e-17	3.47242e-17	3.47242e-17	3.47242e-17	3.47242e-17	3.47242e-17	3.47242e-17	3.47242e-17	3.47242e-17
24.89	6.01485e-36	5.61978e-35	1.32964e-34	2.50396e-34	4.30037e-34	7.04837e-34	1.12521e-33	1.76826e-33	2.75196e-33	4.25676e-33	6.55869e-33	1.00800e-32	1.54667e-32	2.37069e-32	3.63121e-32	5.55947e-32	8.50918e-32	1.30214e-31	1.99239e-31	3.04829e-31	4.66351e-31	7.13436e-31	1.09141e-30	1.66960e-30	2.55406e-30	3.90705e-30	5.97672e-30	9.14273e-30	1.39858e-29	2.13942e-29	3.27269e-29	5.00625e-29	7.65804e-29	1.17144e-28	1.79194e-28	2.74110e-28	4.19297e-28	6.41383e-28	9.81091e-28	1.50071e-27	2.29552e-27	3.51125e-27	5.37076e-27	8.21492e-27	1.25650e-26	1.92184e-26	2.93940e-26	4.49563e-26	6.87558e-26	1.05151e-25	1.60805e-25	2.45905e-25	3.76022e-25	5.74953e-25	8.79067e-25	1.34393e-24	2.05443e-24	3.14023e-24	4.79932e-24	7.33392e-24	1.12053e-23	1.71171e-23	2.61423e-23	3.99164e-23	6.09306e-23	9.29777e-23	1.41827e-22	2.16248e-22	3.29556e-22	5.01947e-22	7.64012e-22	1.16202e-21	1.76583e-21	2.68069e-21	4.06484e-21	6.15551e-21	9.30725e-21	1.40481e-20	2.11610e-20	3.18017e-20	4.76659e-20	7.12261e-20	1.06059e-19	1.57294e-19	2.32206e-19	3.40990e-19	4.97717e-19	7.21467e-19	1.03756e-18	1.47869e-18	2.08574e-18	2.90761e-18	3.99953e-18	5.41889e-18	7.21779e-18	9.43193e-18	1.20666e-17	1.50821e-17	1.83825e-17	2.18153e-17	2.51842e-17	2.82796e-17	3.09192e-17	3.29881e-17	3.44618e-17	3.54037e-17	3.59359e-17	3.61972e-17	3.63064e-17	3.63445e-17	3.63552e-17	3.63576e-17	3.63580e-17	3.63581e-17	3.63581e-17	3.63581e-17	3.63581e-17	3.63581e-17	3.63581e-17	3.63581e-17	3.63581e-17	3.63581e-17	3.63581e-17	3.63581e-17	3.63581e-17	3.63581e-17	3.63581e-17	3.63581e-17	3.63581e-17	3.63581e-17	3.63581e-17	3.63581e-17	3.63581e-17	3.63581e-17	3.63581e-17	3.63581e-17	3.63581e-17	3.63581e-17	3.63581e-17	3.63581e-17	3.63581e-17	3.63581e-17	3.63581e-17	3.63581e-17	3.63581e-17	3.63581e-17	3.63581e-17	3.63581e-17	3.63581e-17	3.63581e-17	3.63581e-17	3.63581e-17	3.63581e-17	3.63581e-17	3.63581e-17	3.63581e-17	3.63581e-17	3.63581e-17	3.63581e-17	3.63581e-17	3.63581e-17	3.63581e-17	3.63581e-17	3.63581e-17	3.63581e-17	3.63581e-17	3.63581e-17	3.63581e-17	3.63581e-17	3.63581e-17	3.63581e-17	3.63581e-17	3.63581e-17	3.63581e-17	3.63581e-17	3.63581e-17	3.63581e-17	3.63581e-17	3.63581e-17	3.63581e-17	3.63581e-17	3.63581e-17	3.63581e-17	3.63581e-17	3.63581e-17	3.63581e-17	3.63581e-17	3.63581e-17	3.63581e-17	3.63581e-17	3.63581e-17	3.63581e-17	3.63581e-17	3.63581e-17	3.63581e-17
24.92	5.14148e-36	4.80378e-35	1.13657e-34	2.14038e-34	3.67595e-34	6.02494e-34	9.61827e-34	1.51151e-33	2.35237e-33	3.63867e-33	5.60636e-33	8.61639e-33	1.32209e-32	2.02646e-32	3.10396e-32	4.75223e-32	7.27364e-32	1.11307e-31	1.70310e-31	2.60567e-31	3.98637e-31	6.09845e-31	9.32935e-31	1.42717e-30	2.18321e-30	3.33975e-30	5.10891e-30	7.81522e-30	1.19551e-29	1.82879e-29	2.79751e-29	4.27936e-29	6.54614e-29	1.00136e-28	1.53177e-28	2.34311e-28	3.58420e-28	5.48262e-28	8.38651e-28	1.28284e-27	1.96226e-27	3.00150e-27	4.59107e-27	7.02238e-27	1.07411e-26	1.64287e-26	2.51275e-26	3.84313e-26	5.87771e-26	8.98913e-26	1.37471e-25	2.10226e-25	3.21469e-25	4.91551e-25	7.51569e-25	1.14904e-24	1.75657e-24	2.68505e-24	4.10383e-24	6.27146e-24	9.58255e-24	1.46392e-23	2.23597e-23	3.41438e-23	5.21245e-23	7.95496e-23	1.21361e-22	1.85072e-22	2.82097e-22	4.29754e-22	6.54288e-22	9.95418e-22	1.51315e-21	2.29797e-21	3.48604e-21	5.28167e-21	7.99065e-21	1.20690e-20	1.81940e-20	2.73673e-20	4.10623e-20	6.14326e-20	9.16042e-20	1.36076e-19	2.01262e-19	2.96194e-19	4.33429e-19	6.30128e-19	9.09301e-19	1.30106e-18	1.84364e-18	2.58384e-18	3.57611e-18	4.87965e-18	6.55245e-18	8.64175e-18	1.11708e-17	1.41239e-17	1.74319e-17	2.09660e-17	2.45427e-17	2.79469e-17	3.09687e-17	3.34480e-17	3.53088e-17	3.65711e-17	3.73347e-17	3.77400e-17	3.79254e-17	3.79970e-17	3.80197e-17	3.80255e-17	3.80266e-17	3.80268e-17	3.80268e-17	3.80268e-17	3.80268e-17	3.80268e-17	3.80268e-17	3.80268e-17	3.80268e-17	3.80268e-17	3.80268e-17	3.80268e-17	3.80268e-17	3.80268e-17	3.80268e-17	3.80268e-17	3.80268e-17	3.80268e-17	3.80268e-17	3.80268e-17	3.80268e-17	3.80268e-17	3.80268e-17	3.80268e-17	3.80268e-17	3.80268e-17	3.80268e-17	3.80268e-17	3.80268e-17	3.80268e-17	3.80268e-17	3.80268e-17	3.80268e-17	3.80268e-17	3.80268e-17	3.80268e-17	3.80268e-17	3.80268e-17	3.80268e-17	3.80268e-17	3.80268e-17	3.80268e-17	3.80268e-17	3.80268e-17	3.80268e-17	3.80268e-17	3.80268e-17	3.80268e-17	3.80268e-17	3.80268e-17	3.80268e-17	3.80268e-17	3.80268e-17	3.80268e-17	3.80268e-17	3.80268e-17	3.80268e-17	3.80268e-17	3.80268e-17	3.80268e-17	3.80268e-17	3.80268e-17	3.80268e-17	3.80268e-17	3.80268e-17	3.80268e-17	3.80268e-17	3.80268e-17	3.80268e-17	3.80268e-17	3.80268e-17	3.80268e-17	3.80268e-17	3.80268e-17	3.80268e-17	3.80268e-17	3.80268e-17	3.80268e-17	3.80268e-17	3.80268e-17	3.80268e-17	3.80268e-17	3.80268e-17
24.96	4.39493e-36	4.10626e-35	9.71541e-35	1.82960e-34	3.14220e-34	5.15011e-34	8.22168e-34	1.29204e-33	2.01081e-33	3.11033e-33	4.79231e-33	7.36528e-33	1.13012e-32	1.73222e-32	2.65326e-32	4.06220e-32	6.21750e-32	9.51452e-32	1.45581e-31	2.22733e-31	3.40755e-31	5.21295e-31	7.97473e-31	1.21995e-30	1.86621e-30	2.85482e-30	4.36710e-30	6.68046e-30	1.02192e-29	1.56325e-29	2.39132e-29	3.65802e-29	5.59567e-29	8.55968e-29	1.30937e-28	2.00291e-28	3.06381e-28	4.68661e-28	7.16891e-28	1.09659e-27	1.67738e-27	2.56575e-27	3.92457e-27	6.00294e-27	9.18185e-27	1.40439e-26	2.14802e-26	3.28531e-26	5.02464e-26	7.68457e-26	1.17522e-25	1.79721e-25	2.74828e-25	4.20241e-25	6.42553e-25	9.82400e-25	1.50187e-24	2.29580e-24	3.50904e-24	5.36276e-24	8.19454e-24	1.25195e-23	1.91235e-23	2.92046e-23	4.45885e-23	6.80561e-23	1.03840e-22	1.58376e-22	2.41447e-22	3.67899e-22	5.60244e-22	8.52565e-22	1.29639e-21	1.96947e-21	2.98890e-21	4.53058e-21	6.85800e-21	1.03647e-20	1.56360e-20	2.35391e-20	3.53524e-20	5.29489e-20	7.90558e-20	1.17611e-19	1.74253e-19	2.56961e-19	3.76894e-19	5.49422e-19	7.95332e-19	1.14214e-18	1.62531e-18	2.28906e-18	3.18615e-18	4.37607e-18	5.92055e-18	7.87555e-18	1.02796e-17	1.31385e-17	1.64105e-17	1.99936e-17	2.37249e-17	2.73941e-17	3.07753e-17	3.36701e-17	3.59507e-17	3.75859e-17	3.86396e-17	3.92410e-17	3.95399e-17	3.96667e-17	3.97117e-17	3.97246e-17	3.97276e-17	3.97281e-17	3.97281e-17	3.97282e-17	3.97282e-17	3.97282e-17	3.97282e-17	3.97282e-17	3.97282e-17	3.97282e-17	3.97282e-17	3.97282e-17	3.97282e-17	3.97282e-17	3.97282e-17	3.97282e-17	3.97282e-17	3.97282e-17	3.97282e-17	3.97282e-17	3.97282e-17	3.97282e-17	3.97282e-17	3.97282e-17	3.97282e-17	3.97282e-17	3.97282e-17	3.97282e-17	3.97282e-17	3.97282e-17	3.97282e-17	3.97282e-17	3.97282e-17	3.97282e-17	3.97282e-17	3.97282e-17	3.97282e-17	3.97282e-17	3.97282e-17	3.97282e-17	3.97282e-17	3.97282e-17	3.97282e-17	3.97282e-17	3.97282e-17	3.97282e-17	3.97282e-17	3.97282e-17	3.97282e-17	3.97282e-17	3.97282e-17	3.97282e-17	3.97282e-17	3.97282e-17	3.97282e-17	3.97282e-17	3.97282e-17	3.97282e-17	3.97282e-17	3.97282e-17	3.97282e-17	3.97282e-17	3.97282e-17	3.97282e-17	3.97282e-17	3.97282e-17	3.97282e-17	3.97282e-17	3.97282e-17	3.97282e-17	3.97282e-17	3.97282e-17	3.97282e-17	3.97282e-17	3.97282e-17	3.97282e-17	3.97282e-17	3.97282e-17	3.97282e-17	3.97282e-17	3.97282e-17	3.97282e-17	3.97282e-17
24.99	3.75678e-36	3.51003e-35	8.30472e-35	1.56394e-34	2.68595e-34	4.40231e-34	7.02788e-34	1.10443e-33	1.71883e-33	2.65871e-33	4.09646e-33	6.29583e-33	9.66028e-33	1.48070e-32	2.26800e-32	3.47236e-32	5.31471e-32	8.13300e-32	1.24442e-31	1.90392e-31	2.91277e-31	4.45603e-31	6.81680e-31	1.04281e-30	1.59524e-30	2.44030e-30	3.73300e-30	5.71047e-30	8.73542e-30	1.33627e-29	2.04411e-29	3.12689e-29	4.78321e-29	7.31686e-29	1.11925e-28	1.71211e-28	2.61897e-28	4.00617e-28	6.12808e-28	9.37381e-28	1.43385e-27	2.19325e-27	3.35482e-27	5.13148e-27	7.84894e-27	1.20053e-26	1.83622e-26	2.80845e-26	4.29535e-26	6.56928e-26	1.00467e-25	1.53642e-25	2.34951e-25	3.59272e-25	5.49343e-25	8.39912e-25	1.28407e-24	1.96294e-24	3.00039e-24	4.58560e-24	7.00736e-24	1.07064e-23	1.63551e-23	2.49787e-23	3.81399e-23	5.82195e-23	8.88417e-23	1.35520e-22	2.06635e-22	3.14912e-22	4.79654e-22	7.30103e-22	1.11049e-21	1.68759e-21	2.56207e-21	3.88526e-21	5.88409e-21	8.89787e-21	1.34321e-20	2.02368e-20	3.04197e-20	4.56078e-20	6.81759e-20	1.01565e-19	1.50718e-19	2.22667e-19	3.27295e-19	4.78306e-19	6.94387e-19	1.00053e-18	1.42934e-18	2.02216e-18	2.82940e-18	3.90961e-18	5.32631e-18	7.14166e-18	9.40629e-18	1.21453e-17	1.53422e-17	1.89240e-17	2.27536e-17	2.66355e-17	3.03389e-17	3.36378e-17	3.63567e-17	3.84092e-17	3.98118e-17	4.06680e-17	4.11275e-17	4.13405e-17	4.14240e-17	4.14510e-17	4.14580e-17	4.14594e-17	4.14597e-17	4.14597e-17	4.14597e-17	4.14597e-17	4.14597e-17	4.14597e-17	4.14597e-17	4.14597e-17	4.14597e-17	4.14597e-17	4.14597e-17	4.14597e-17	4.14597e-17	4.14597e-17	4.14597e-17	4.14597e-17	4.14597e-17	4.14597e-17	4.14597e-17	4.14597e-17	4.14597e-17	4.14597e-17	4.14597e-17	4.14597e-17	4.14597e-17	4.14597e-17	4.14597e-17	4.14597e-17	4.14597e-17	4.14597e-17	4.14597e-17	4.14597e-17	4.14597e-17	4.14597e-17	4.14597e-17	4.14597e-17	4.14597e-17	4.14597e-17	4.14597e-17	4.14597e-17	4.14597e-17	4.14597e-17	4.14597e-17	4.14597e-17	4.14597e-17	4.14597e-17	4.14597e-17	4.14597e-17	4.14597e-17	4.14597e-17	4.14597e-17	4.14597e-17	4.14597e-17	4.14597e-17	4.14597e-17	4.14597e-17	4.14597e-17	4.14597e-17	4.14597e-17	4.14597e-17	4.14597e-17	4.14597e-17	4.14597e-17	4.14597e-17	4.14597e-17	4.14597e-17	4.14597e-17	4.14597e-17	4.14597e-17	4.14597e-17	4.14597e-17	4.14597e-17	4.14597e-17	4.14597e-17	4.14597e-17	4.14597e-17	4.14597e-17	4.14597e-17	4.14597e-17	4.14597e-17	4.14597e-17
25.02	3.21129e-36	3.00037e-35	7.09886e-35	1.33685e-34	2.29594e-34	3.76309e-34	6.00742e-34	9.44066e-34	1.46926e-33	2.27266e-33	3.50165e-33	5.38167e-33	8.25759e-33	1.26570e-32	1.93869e-32	2.96817e-32	4.54301e-32	6.95208e-32	1.06373e-31	1.62747e-31	2.48983e-31	3.80901e-31	5.82700e-31	8.91395e-31	1.36361e-30	2.08597e-30	3.19098e-30	4.88132e-30	7.46705e-30	1.14225e-29	1.74731e-29	2.67287e-29	4.08871e-29	6.25449e-29	9.56745e-29	1.46352e-28	2.23872e-28	3.42451e-28	5.23835e-28	8.01286e-28	1.22568e-27	1.87484e-27	2.86777e-27	4.38652e-27	6.70951e-27	1.02625e-26	1.56967e-26	2.40080e-26	3.67190e-26	5.61583e-26	8.58862e-26	1.31346e-25	2.00859e-25	3.07146e-25	4.69649e-25	7.18081e-25	1.09784e-24	1.67830e-24	2.56541e-24	3.92097e-24	5.99200e-24	9.15554e-24	1.39869e-23	2.13633e-23	3.26223e-23	4.98018e-23	7.60047e-23	1.15953e-22	1.76826e-22	2.69528e-22	4.10608e-22	6.25144e-22	9.51091e-22	1.44579e-21	2.19573e-21	3.33104e-21	5.04705e-21	7.63615e-21	1.15345e-20	1.73901e-20	2.61620e-20	3.92613e-20	5.87532e-20	8.76385e-20	1.30243e-19	1.92745e-19	2.83872e-19	4.15798e-19	6.05247e-19	8.74779e-19	1.25418e-18	1.78172e-18	2.50500e-18	3.48067e-18	4.77245e-18	6.44634e-18	8.56212e-18	1.11610e-17	1.42495e-17	1.77835e-17	2.16553e-17	2.56917e-17	2.96687e-17	3.33441e-17	3.65033e-17	3.90050e-17	4.08105e-17	4.19835e-17	4.26596e-17	4.29997e-17	4.31462e-17	4.31990e-17	4.32145e-17	4.32181e-17	4.32188e-17	4.32189e-17	4.32189e-17	4.32189e-17	4.32189e-17	4.32189e-17	4.32189e-17	4.32189e-17	4.32189e-17	4.32189e-17	4.32189e-17	4.32189e-17	4.32189e-17	4.32189e-17	4.32189e-17	4.32189e-17	4.32189e-17	4.32189e-17	4.32189e-17	4.32189e-17	4.32189e-17	4.32189e-17	4.32189e-17	4.32189e-17	4.32189e-17	4.32189e-17	4.32189e-17	4.32189e-17	4.32189e-17	4.32189e-17	4.32189e-17	4.32189e-17	4.32189e-17	4.32189e-17	4.32189e-17	4.32189e-17	4.32189e-17	4.32189e-17	4.32189e-17	4.32189e-17	4.32189e-17	4.32189e-17	4.32189e-17	4.32189e-17	4.32189e-17	4.32189e-17	4.32189e-17	4.32189e-17	4.32189e-17	4.32189e-17	4.32189e-17	4.32189e-17	4.32189e-17	4.32189e-17	4.32189e-17	4.32189e-17	4.32189e-17	4.32189e-17	4.32189e-17	4.32189e-17	4.32189e-17	4.32189e-17	4.32189e-17	4.32189e-17	4.32189e-17	4.32189e-17	4.32189e-17	4.32189e-17	4.32189e-17	4.32189e-17	4.32189e-17	4.32189e-17	4.32189e-17	4.32189e-17	4.32189e-17	4.32189e-17	4.32189e-17	4.32189e-17	4.32189e-17	4.32189e-17	4.32189e-17
25.06	2.74501e-36	2.56471e-35	6.06809e-35	1.14274e-34	1.96257e-34	3.21668e-34	5.13514e-34	8.06986e-34	1.25592e-33	1.94267e-33	2.99320e-33	4.60024e-33	7.05858e-33	1.08192e-32	1.65719e-32	2.53719e-32	3.88336e-32	5.94263e-32	9.09276e-32	1.39116e-31	2.12831e-31	3.25594e-31	4.98091e-31	7.61964e-31	1.16562e-30	1.78309e-30	2.72765e-30	4.17256e-30	6.38285e-30	9.76395e-30	1.49360e-29	2.28478e-29	3.49504e-29	5.34637e-29	8.17831e-29	1.25103e-28	1.91368e-28	2.92730e-28	4.47780e-28	6.84950e-28	1.04773e-27	1.60264e-27	2.45143e-27	3.74970e-27	5.73547e-27	8.77272e-27	1.34181e-26	2.05230e-26	3.13892e-26	4.80073e-26	7.34212e-26	1.12285e-25	1.71712e-25	2.62580e-25	4.01511e-25	6.13913e-25	9.38610e-25	1.43492e-24	2.19345e-24	3.35259e-24	5.12363e-24	7.82909e-24	1.19611e-23	1.82704e-23	2.79016e-23	4.25988e-23	6.50185e-23	9.92040e-23	1.51304e-22	2.30663e-22	3.51462e-22	5.35206e-22	8.14454e-22	1.23842e-21	1.88140e-21	2.85522e-21	4.32795e-21	6.55136e-21	9.90146e-21	1.49378e-20	2.24896e-20	3.37797e-20	5.06011e-20	7.55666e-20	1.12454e-19	1.66680e-19	2.45931e-19	3.60983e-19	5.26741e-19	7.63474e-19	1.09821e-18	1.56611e-18	2.21162e-18	3.08881e-18	4.26030e-18	5.79387e-18	7.75574e-18	1.01998e-17	1.31530e-17	1.65981e-17	2.04583e-17	2.45886e-17	2.87816e-17	3.27915e-17	3.63754e-17	3.93426e-17	4.15956e-17	4.31465e-17	4.41017e-17	4.46201e-17	4.48635e-17	4.49605e-17	4.49925e-17	4.50010e-17	4.50027e-17	4.50030e-17	4.50030e-17	4.50030e-17	4.50030e-17	4.50030e-17	4.50030e-17	4.50030e-17	4.50030e-17	4.50030e-17	4.50030e-17	4.50030e-17	4.50030e-17	4.50030e-17	4.50030e-17	4.50030e-17	4.50030e-17	4.50030e-17	4.50030e-17	4.50030e-17	4.50030e-17	4.50030e-17	4.50030e-17	4.50030e-17	4.50030e-17	4.50030e-17	4.50030e-17	4.50030e-17	4.50030e-17	4.50030e-17	4.50030e-17	4.50030e-17	4.50030e-17	4.50030e-17	4.50030e-17	4.50030e-17	4.50030e-17	4.50030e-17	4.50030e-17	4.50030e-17	4.50030e-17	4.50030e-17	4.50030e-17	4.50030e-17	4.50030e-17	4.50030e-17	4.50030e-17	4.50030e-17	4.50030e-17	4.50030e-17	4.50030e-17	4.50030e-17	4.50030e-17	4.50030e-17	4.50030e-17	4.50030e-17	4.50030e-17	4.50030e-17	4.50030e-17	4.50030e-17	4.50030e-17	4.50030e-17	4.50030e-17	4.50030e-17	4.50030e-17	4.50030e-17	4.50030e-17	4.50030e-17	4.50030e-17	4.50030e-17	4.50030e-17	4.50030e-17	4.50030e-17	4.50030e-17	4.50030e-17	4.50030e-17	4.50030e-17	4.50030e-17	4.50030e-17	4.50030e-17	4.50030e-17
25.09	2.34643e-36	2.19231e-35	5.18700e-35	9.76811e-35	1.67760e-34	2.74961e-34	4.38951e-34	6.89810e-34	1.07356e-33	1.66059e-33	2.55859e-33	3.93228e-33	6.03367e-33	9.24822e-33	1.41656e-32	2.16879e-32	3.31949e-32	5.07976e-32	7.77248e-32	1.18916e-31	1.81928e-31	2.78318e-31	4.25768e-31	6.51327e-31	9.96368e-31	1.52418e-30	2.33160e-30	3.56670e-30	5.45607e-30	8.34624e-30	1.27674e-29	1.95304e-29	2.98757e-29	4.57010e-29	6.99086e-29	1.06939e-28	1.63582e-28	2.50228e-28	3.82767e-28	5.85503e-28	8.95614e-28	1.36996e-27	2.09553e-27	3.20533e-27	4.90282e-27	7.49918e-27	1.14703e-26	1.75439e-26	2.68329e-26	4.10392e-26	6.27649e-26	9.59888e-26	1.46793e-25	2.24478e-25	3.43255e-25	5.24850e-25	8.02460e-25	1.22681e-24	1.87538e-24	2.86654e-24	4.38099e-24	6.69463e-24	1.02285e-23	1.56248e-23	2.38630e-23	3.64358e-23	5.56171e-23	8.48686e-23	1.29456e-22	1.97384e-22	3.00805e-22	4.58153e-22	6.97351e-22	1.06063e-21	1.61177e-21	2.44687e-21	3.71041e-21	5.61910e-21	8.49690e-21	1.28266e-20	1.93244e-20	2.90489e-20	4.35550e-20	6.51140e-20	9.70199e-20	1.44011e-19	2.12838e-19	3.13015e-19	4.57774e-19	6.65243e-19	9.59805e-19	1.37355e-18	1.94761e-18	2.73294e-18	3.79007e-18	5.18688e-18	6.99354e-18	9.27353e-18	1.20706e-17	1.53920e-17	1.91915e-17	2.33556e-17	2.77015e-17	3.19918e-17	3.59681e-17	3.93993e-17	4.21304e-17	4.41145e-17	4.54139e-17	4.61704e-17	4.65556e-17	4.67238e-17	4.67855e-17	4.68040e-17	4.68084e-17	4.68092e-17	4.68094e-17	4.68094e-17	4.68094e-17	4.68094e-17	4.68094e-17	4.68094e-17	4.68094e-17	4.68094e-17	4.68094e-17	4.68094e-17	4.68094e-17	4.68094e-17	4.68094e-17	4.68094e-17	4.68094e-17	4.68094e-17	4.68094e-17	4.68094e-17	4.68094e-17	4.68094e-17	4.68094e-17	4.68094e-17	4.68094e-17	4.68094e-17	4.68094e-17	4.68094e-17	4.68094e-17	4.68094e-17	4.68094e-17	4.68094e-17	4.68094e-17	4.68094e-17	4.68094e-17	4.68094e-17	4.68094e-17	4.68094e-17	4.68094e-17	4.68094e-17	4.68094e-17	4.68094e-17	4.68094e-17	4.68094e-17	4.68094e-17	4.68094e-17	4.68094e-17	4.68094e-17	4.68094e-17	4.68094e-17	4.68094e-17	4.68094e-17	4.68094e-17	4.68094e-17	4.68094e-17	4.68094e-17	4.68094e-17	4.68094e-17	4.68094e-17	4.68094e-17	4.68094e-17	4.68094e-17	4.68094e-17	4.68094e-17	4.68094e-17	4.68094e-17	4.68094e-17	4.68094e-17	4.68094e-17	4.68094e-17	4.68094e-17	4.68094e-17	4.68094e-17	4.68094e-17	4.68094e-17	4.68094e-17	4.68094e-17	4.68094e-17	4.68094e-17	4.68094e-17	4.68094e-17
25.13	2.00572e-36	1.87398e-35	4.43384e-35	8.34977e-35	1.43401e-34	2.35037e-34	3.75214e-34	5.89649e-34	9.17676e-34	1.41947e-33	2.18708e-33	3.36131e-33	5.15757e-33	7.90536e-33	1.21087e-32	1.85388e-32	2.83750e-32	4.34217e-32	6.64391e-32	1.01649e-31	1.55512e-31	2.37906e-31	3.63947e-31	5.56754e-31	8.51695e-31	1.30287e-30	1.99305e-30	3.04882e-30	4.66385e-30	7.13438e-30	1.09136e-29	1.66946e-29	2.55379e-29	3.90653e-29	5.97582e-29	9.14117e-29	1.39831e-28	2.13897e-28	3.27192e-28	5.00494e-28	7.65582e-28	1.17107e-27	1.79129e-27	2.73998e-27	4.19105e-27	6.41050e-27	9.80516e-27	1.49972e-26	2.29379e-26	3.50823e-26	5.36550e-26	8.20574e-26	1.25490e-25	1.91903e-25	2.93449e-25	4.48703e-25	6.86050e-25	1.04887e-24	1.60341e-24	2.45091e-24	3.74591e-24	5.72440e-24	8.74652e-24	1.33617e-23	2.04081e-23	3.11629e-23	4.75725e-23	7.26003e-23	1.10755e-22	1.68893e-22	2.57425e-22	3.92151e-22	5.97011e-22	9.08234e-22	1.38055e-21	2.09650e-21	3.18027e-21	4.81825e-21	7.28941e-21	1.10099e-20	1.65981e-20	2.49691e-20	3.74699e-20	5.60726e-20	8.36441e-20	1.24322e-19	1.84021e-19	2.71118e-19	3.97321e-19	5.78778e-19	8.37381e-19	1.20223e-18	1.71107e-18	2.41147e-18	3.36108e-18	4.62656e-18	6.27981e-18	8.39101e-18	1.10172e-17	1.41871e-17	1.78827e-17	2.20237e-17	2.64575e-17	3.09653e-17	3.52865e-17	3.91618e-17	4.23847e-17	4.48462e-17	4.65530e-17	4.76137e-17	4.81956e-17	4.84725e-17	4.85846e-17	4.86222e-17	4.86324e-17	4.86346e-17	4.86350e-17	4.86350e-17	4.86350e-17	4.86350e-17	4.86350e-17	4.86350e-17	4.86350e-17	4.86350e-17	4.86350e-17	4.86350e-17	4.86350e-17	4.86350e-17	4.86350e-17	4.86350e-17	4.86350e-17	4.86350e-17	4.86350e-17	4.86350e-17	4.86350e-17	4.86350e-17	4.86350e-17	4.86350e-17	4.86350e-17	4.86350e-17	4.86350e-17	4.86350e-17	4.86350e-17	4.86350e-17	4.86350e-17	4.86350e-17	4.86350e-17	4.86350e-17	4.86350e-17	4.86350e-17	4.86350e-17	4.86350e-17	4.86350e-17	4.86350e-17	4.86350e-17	4.86350e-17	4.86350e-17	4.86350e-17	4.86350e-17	4.86350e-17	4.86350e-17	4.86350e-17	4.86350e-17	4.86350e-17	4.86350e-17	4.86350e-17	4.86350e-17	4.86350e-17	4.86350e-17	4.86350e-17	4.86350e-17	4.86350e-17	4.86350e-17	4.86350e-17	4.86350e-17	4.86350e-17	4.86350e-17	4.86350e-17	4.86350e-17	4.86350e-17	4.86350e-17	4.86350e-17	4.86350e-17	4.86350e-17	4.86350e-17	4.86350e-17	4.86350e-17	4.86350e-17	4.86350e-17	4.86350e-17	4.86350e-17	4.86350e-17	4.86350e-17	4.86350e-17	4.86350e-17
25.16	1.71449e-36	1.60188e-35	3.79004e-35	7.13737e-35	1.22579e-34	2.00909e-34	3.20733e-34	5.04031e-34	7.84428e-34	1.21336e-33	1.86951e-33	2.87324e-33	4.40868e-33	6.75750e-33	1.03505e-32	1.58469e-32	2.42549e-32	3.71168e-32	5.67921e-32	8.68899e-32	1.32931e-31	2.03362e-31	3.11101e-31	4.75913e-31	7.28029e-31	1.11370e-30	1.70366e-30	2.60613e-30	3.98666e-30	6.09848e-30	9.32893e-30	1.42706e-29	2.18298e-29	3.33932e-29	5.10815e-29	7.81392e-29	1.19529e-28	1.82841e-28	2.79687e-28	4.27827e-28	6.54428e-28	1.00104e-27	1.53122e-27	2.34218e-27	3.58260e-27	5.47986e-27	8.38173e-27	1.28201e-26	1.96082e-26	2.99899e-26	4.58671e-26	7.01476e-26	1.07278e-25	1.64054e-25	2.50868e-25	3.83599e-25	5.86520e-25	8.96720e-25	1.37086e-24	2.09550e-24	3.20283e-24	4.89467e-24	7.47908e-24	1.14261e-23	1.74527e-23	2.66520e-23	4.06895e-23	6.21020e-23	9.47496e-23	1.44503e-22	2.20282e-22	3.35623e-22	5.11048e-22	7.77628e-22	1.18232e-21	1.79599e-21	2.72532e-21	4.13056e-21	6.25180e-21	9.44752e-21	1.42512e-20	2.14532e-20	3.22192e-20	4.82591e-20	7.20648e-20	1.07242e-19	1.58965e-19	2.34588e-19	3.44441e-19	5.02855e-19	7.29399e-19	1.05031e-18	1.50001e-18	2.12246e-18	2.97198e-18	4.11287e-18	5.61708e-18	7.55878e-18	1.00050e-17	1.30020e-17	1.65578e-17	2.06239e-17	2.50817e-17	2.97391e-17	3.43457e-17	3.86275e-17	4.23370e-17	4.53048e-17	4.74750e-17	4.89078e-17	4.97503e-17	5.01844e-17	5.03767e-17	5.04485e-17	5.04704e-17	5.04758e-17	5.04768e-17	5.04770e-17	5.04770e-17	5.04770e-17	5.04770e-17	5.04770e-17	5.04770e-17	5.04770e-17	5.04770e-17	5.04770e-17	5.04770e-17	5.04770e-17	5.04770e-17	5.04770e-17	5.04770e-17	5.04770e-17	5.04770e-17	5.04770e-17	5.04770e-17	5.04770e-17	5.04770e-17	5.04770e-17	5.04770e-17	5.04770e-17	5.04770e-17	5.04770e-17	5.04770e-17	5.04770e-17	5.04770e-17	5.04770e-17	5.04770e-17	5.04770e-17	5.04770e-17	5.04770e-17	5.04770e-17	5.04770e-17	5.04770e-17	5.04770e-17	5.04770e-17	5.04770e-17	5.04770e-17	5.04770e-17	5.04770e-17	5.04770e-17	5.04770e-17	5.04770e-17	5.04770e-17	5.04770e-17	5.04770e-17	5.04770e-17	5.04770e-17	5.04770e-17	5.04770e-17	5.04770e-17	5.04770e-17	5.04770e-17	5.04770e-17	5.04770e-17	5.04770e-17	5.04770e-17	5.04770e-17	5.04770e-17	5.04770e-17	5.04770e-17	5.04770e-17	5.04770e-17	5.04770e-17	5.04770e-17	5.04770e-17	5.04770e-17	5.04770e-17	5.04770e-17	5.04770e-17	5.04770e-17	5.04770e-17	5.04770e-17	5.04770e-17	5.04770e-17	5.04770e-17
25.19	1.46554e-36	1.36928e-35	3.23972e-35	6.10101e-35	1.04780e-34	1.71737e-34	2.74162e-34	4.30845e-34	6.70528e-34	1.03718e-33	1.59805e-33	2.45604e-33	3.76854e-33	5.77630e-33	8.84763e-33	1.35459e-32	2.07331e-32	3.17274e-32	4.85458e-32	7.42734e-32	1.13629e-31	1.73834e-31	2.65929e-31	4.06810e-31	6.22319e-31	9.51987e-31	1.45629e-30	2.22772e-30	3.40780e-30	5.21298e-30	7.97439e-30	1.21985e-29	1.86602e-29	2.85446e-29	4.36647e-29	6.67937e-29	1.02174e-28	1.56293e-28	2.39078e-28	3.65711e-28	5.59412e-28	8.55703e-28	1.30891e-27	2.00214e-27	3.06247e-27	4.68431e-27	7.16492e-27	1.09590e-26	1.67618e-26	2.56366e-26	3.92094e-26	5.99661e-26	9.17078e-26	1.40246e-25	2.14463e-25	3.27939e-25	5.01425e-25	7.66634e-25	1.17202e-24	1.79160e-24	2.73843e-24	4.18511e-24	6.39513e-24	9.77060e-24	1.49249e-23	2.27932e-23	3.48008e-23	5.31189e-23	8.10520e-23	1.23627e-22	1.88482e-22	2.87216e-22	4.37417e-22	6.65721e-22	1.01241e-21	1.53830e-21	2.33500e-21	3.54025e-21	5.36052e-21	8.10448e-21	1.22319e-20	1.84251e-20	2.76917e-20	4.15126e-20	6.20508e-20	9.24442e-20	1.37209e-19	2.02788e-19	2.98272e-19	4.36336e-19	6.34403e-19	9.16017e-19	1.31237e-18	1.86378e-18	2.62088e-18	3.64489e-18	5.00631e-18	6.78110e-18	9.04315e-18	1.18526e-17	1.52396e-17	1.91860e-17	2.36079e-17	2.83455e-17	3.31694e-17	3.78048e-17	4.19759e-17	4.54608e-17	4.81378e-17	5.00077e-17	5.11802e-17	5.18304e-17	5.21439e-17	5.22728e-17	5.23168e-17	5.23291e-17	5.23318e-17	5.23322e-17	5.23323e-17	5.23323e-17	5.23323e-17	5.23323e-17	5.23323e-17	5.23323e-17	5.23323e-17	5.23323e-17	5.23323e-17	5.23323e-17	5.23323e-17	5.23323e-17	5.23323e-17	5.23323e-17	5.23323e-17	5.23323e-17	5.23323e-17	5.23323e-17	5.23323e-17	5.23323e-17	5.23323e-17	5.23323e-17	5.23323e-17	5.23323e-17	5.23323e-17	5.23323e-17	5.23323e-17	5.23323e-17	5.23323e-17	5.23323e-17	5.23323e-17	5.23323e-17	5.23323e-17	5.23323e-17	5.23323e-17	5.23323e-17	5.23323e-17	5.23323e-17	5.23323e-17	5.23323e-17	5.23323e-17	5.23323e-17	5.23323e-17	5.23323e-17	5.23323e-17	5.23323e-17	5.23323e-17	5.23323e-17	5.23323e-17	5.23323e-17	5.23323e-17	5.23323e-17	5.23323e-17	5.23323e-17	5.23323e-17	5.23323e-17	5.23323e-17	5.23323e-17	5.23323e-17	5.23323e-17	5.23323e-17	5.23323e-17	5.23323e-17	5.23323e-17	5.23323e-17	5.23323e-17	5.23323e-17	5.23323e-17	5.23323e-17	5.23323e-17	5.23323e-17	5.23323e-17	5.23323e-17	5.23323e-17	5.23323e-17	5.23323e-17	5.23323e-17
25.23	1.25274e-36	1.17046e-35	2.76931e-35	5.21514e-35	8.95661e-35	1.46800e-34	2.34353e-34	3.68286e-34	5.73166e-34	8.86579e-34	1.36601e-33	2.09942e-33	3.22134e-33	4.93757e-33	7.56294e-33	1.15790e-32	1.77226e-32	2.71206e-32	4.14969e-32	6.34888e-32	9.71304e-32	1.48593e-31	2.27316e-31	3.47741e-31	5.31958e-31	8.13759e-31	1.24483e-30	1.90426e-30	2.91299e-30	4.45606e-30	6.81651e-30	1.04273e-29	1.59508e-29	2.44000e-29	3.73247e-29	5.70955e-29	8.73385e-29	1.33601e-28	2.04366e-28	3.12612e-28	4.78191e-28	7.31465e-28	1.11888e-27	1.71146e-27	2.61786e-27	4.00424e-27	6.12475e-27	9.36805e-27	1.43285e-26	2.19152e-26	3.35179e-26	5.12621e-26	7.83973e-26	1.19892e-25	1.83340e-25	2.80352e-25	4.28671e-25	6.55412e-25	1.00201e-24	1.53175e-24	2.34132e-24	3.57833e-24	5.46815e-24	8.35472e-24	1.27627e-23	1.94923e-23	2.97631e-23	4.54330e-23	6.93308e-23	1.05760e-22	1.61261e-22	2.45770e-22	3.74357e-22	5.69853e-22	8.66802e-22	1.31738e-21	2.00023e-21	3.03368e-21	4.59523e-21	6.95048e-21	1.04955e-20	1.58187e-20	2.37905e-20	3.56920e-20	5.33984e-20	7.96365e-20	1.18342e-19	1.75146e-19	2.58030e-19	3.78174e-19	5.51030e-19	7.97633e-19	1.14609e-18	1.63314e-18	2.30556e-18	3.22093e-18	4.44723e-18	6.06030e-18	8.13814e-18	1.07512e-17	1.39481e-17	1.77374e-17	2.20692e-17	2.68196e-17	3.17881e-17	3.67120e-17	4.13019e-17	4.52942e-17	4.85048e-17	5.08680e-17	5.24410e-17	5.33750e-17	5.38620e-17	5.40809e-17	5.41639e-17	5.41899e-17	5.41964e-17	5.41976e-17	5.41978e-17	5.41978e-17	5.41978e-17	5.41978e-17	5.41978e-17	5.41978e-17	5.41978e-17	5.41978e-17	5.41978e-17	5.41978e-17	5.41978e-17	5.41978e-17	5.41978e-17	5.41978e-17	5.41978e-17	5.41978e-17	5.41978e-17	5.41978e-17	5.41978e-17	5.41978e-17	5.41978e-17	5.41978e-17	5.41978e-17	5.41978e-17	5.41978e-17	5.41978e-17	5.41978e-17	5.41978e-17	5.41978e-17	5.41978e-17	5.41978e-17	5.41978e-17	5.41978e-17	5.41978e-17	5.41978e-17	5.41978e-17	5.41978e-17	5.41978e-17	5.41978e-17	5.41978e-17	5.41978e-17	5.41978e-17	5.41978e-17	5.41978e-17	5.41978e-17	5.41978e-17	5.41978e-17	5.41978e-17	5.41978e-17	5.41978e-17	5.41978e-17	5.41978e-17	5.41978e-17	5.41978e-17	5.41978e-17	5.41978e-17	5.41978e-17	5.41978e-17	5.41978e-17	5.41978e-17	5.41978e-17	5.41978e-17	5.41978e-17	5.41978e-17	5.41978e-17	5.41978e-17	5.41978e-17	5.41978e-17	5.41978e-17	5.41978e-17	5.41978e-17	5.41978e-17	5.41978e-17	5.41978e-17	5.41978e-17	5.41978e-17	5.41978e-17
25.26	1.07084e-36	1.00051e-35	2.36720e-35	4.45789e-35	7.65610e-35	1.25485e-34	2.00325e-34	3.14810e-34	4.89942e-34	7.57846e-34	1.16767e-33	1.79458e-33	2.75360e-33	4.22063e-33	6.46479e-33	9.89776e-33	1.51493e-32	2.31826e-32	3.54715e-32	5.42702e-32	8.30270e-32	1.27017e-31	1.94310e-31	2.97249e-31	4.54717e-31	6.95601e-31	1.06408e-30	1.62776e-30	2.49003e-30	3.80904e-30	5.82676e-30	8.91328e-30	1.36347e-29	2.08572e-29	3.19053e-29	4.88054e-29	7.46574e-29	1.14202e-28	1.74693e-28	2.67223e-28	4.08762e-28	6.25264e-28	9.56429e-28	1.46298e-27	2.23779e-27	3.42290e-27	5.23558e-27	8.00806e-27	1.22485e-26	1.87339e-26	2.86525e-26	4.38213e-26	6.70183e-26	1.02491e-25	1.56732e-25	2.39668e-25	3.66470e-25	5.60320e-25	8.56647e-25	1.30957e-24	2.00177e-24	3.05947e-24	4.67544e-24	7.14383e-24	1.09135e-23	1.66689e-23	2.54536e-23	3.88575e-23	5.93015e-23	9.04694e-23	1.37962e-22	2.10288e-22	3.20358e-22	4.87739e-22	7.42045e-22	1.12803e-21	1.71318e-21	2.59910e-21	3.93834e-21	5.95931e-21	9.00299e-21	1.35765e-20	2.04310e-20	3.06739e-20	4.59288e-20	6.85622e-20	1.01998e-19	1.51151e-19	2.23011e-19	3.27411e-19	4.78015e-19	6.93542e-19	9.99197e-19	1.42825e-18	2.02357e-18	2.83880e-18	3.93856e-18	5.39710e-18	7.29417e-18	9.70725e-18	1.26993e-17	1.63022e-17	2.04973e-17	2.51977e-17	3.02373e-17	3.53763e-17	4.03264e-17	4.47962e-17	4.85477e-17	5.14464e-17	5.34860e-17	5.47764e-17	5.54999e-17	5.58532e-17	5.60007e-17	5.60521e-17	5.60667e-17	5.60699e-17	5.60705e-17	5.60706e-17	5.60706e-17	5.60706e-17	5.60706e-17	5.60706e-17	5.60706e-17	5.60706e-17	5.60706e-17	5.60706e-17	5.60706e-17	5.60706e-17	5.60706e-17	5.60706e-17	5.60706e-17	5.60706e-17	5.60706e-17	5.60706e-17	5.60706e-17	5.60706e-17	5.60706e-17	5.60706e-17	5.60706e-17	5.60706e-17	5.60706e-17	5.60706e-17	5.60706e-17	5.60706e-17	5.60706e-17	5.60706e-17	5.60706e-17	5.60706e-17	5.60706e-17	5.60706e-17	5.60706e-17	5.60706e-17	5.60706e-17	5.60706e-17	5.60706e-17	5.60706e-17	5.60706e-17	5.60706e-17	5.60706e-17	5.60706e-17	5.60706e-17	5.60706e-17	5.60706e-17	5.60706e-17	5.60706e-17	5.60706e-17	5.60706e-17	5.60706e-17	5.60706e-17	5.60706e-17	5.60706e-17	5.60706e-17	5.60706e-17	5.60706e-17	5.60706e-17	5.60706e-17	5.60706e-17	5.60706e-17	5.60706e-17	5.60706e-17	5.60706e-17	5.60706e-17	5.60706e-17	5.60706e-17	5.60706e-17	5.60706e-17	5.60706e-17	5.60706e-17	5.60706e-17	5.60706e-17	5.60706e-17	5.60706e-17	5.60706e-17
25.30	9.15356e-37	8.55233e-36	2.02348e-35	3.81060e-35	6.54442e-35	1.07264e-34	1.71237e-34	2.69099e-34	4.18801e-34	6.47806e-34	9.98120e-34	1.53401e-33	2.35377e-33	3.60779e-33	5.52610e-33	8.46059e-33	1.29496e-32	1.98165e-32	3.03210e-32	4.63901e-32	7.09714e-32	1.08574e-31	1.66096e-31	2.54088e-31	3.88692e-31	5.94599e-31	9.09579e-31	1.39141e-30	2.12847e-30	3.25597e-30	4.98072e-30	7.61908e-30	1.16550e-29	1.78287e-29	2.72727e-29	4.17190e-29	6.38174e-29	9.76208e-29	1.49329e-28	2.28424e-28	3.49413e-28	5.34481e-28	8.17566e-28	1.25057e-27	1.91290e-27	2.92596e-27	4.47548e-27	6.84548e-27	1.04703e-26	1.60143e-26	2.44932e-26	3.74603e-26	5.72906e-26	8.76152e-26	1.33985e-25	2.04887e-25	3.13291e-25	4.79020e-25	7.32365e-25	1.11960e-24	1.71143e-24	2.61580e-24	3.99756e-24	6.10830e-24	9.33193e-24	1.42540e-23	2.17673e-23	3.32322e-23	5.07206e-23	7.73854e-23	1.18022e-22	1.79916e-22	2.74125e-22	4.17416e-22	6.35172e-22	9.65767e-22	1.46711e-21	2.22640e-21	3.37468e-21	5.10831e-21	7.72065e-21	1.16485e-20	1.75396e-20	2.63504e-20	3.94853e-20	5.89955e-20	8.78556e-20	1.30347e-19	1.92579e-19	2.83181e-19	4.14199e-19	6.02230e-19	8.69781e-19	1.24682e-18	1.77237e-18	2.49595e-18	3.47830e-18	4.79093e-18	6.51334e-18	8.72719e-18	1.15061e-17	1.49010e-17	1.89212e-17	2.35152e-17	2.85549e-17	3.38318e-17	3.90715e-17	4.39703e-17	4.82483e-17	5.17068e-17	5.42691e-17	5.59885e-17	5.70196e-17	5.75637e-17	5.78117e-17	5.79073e-17	5.79378e-17	5.79456e-17	5.79472e-17	5.79474e-17	5.79474e-17	5.79474e-17	5.79474e-17	5.79474e-17	5.79474e-17	5.79474e-17	5.79474e-17	5.79474e-17	5.79474e-17	5.79474e-17	5.79474e-17	5.79474e-17	5.79474e-17	5.79474e-17	5.79474e-17	5.79474e-17	5.79474e-17	5.79474e-17	5.79474e-17	5.79474e-17	5.79474e-17	5.79474e-17	5.79474e-17	5.79474e-17	5.79474e-17	5.79474e-17	5.79474e-17	5.79474e-17	5.79474e-17	5.79474e-17	5.79474e-17	5.79474e-17	5.79474e-17	5.79474e-17	5.79474e-17	5.79474e-17	5.79474e-17	5.79474e-17	5.79474e-17	5.79474e-17	5.79474e-17	5.79474e-17	5.79474e-17	5.79474e-17	5.79474e-17	5.79474e-17	5.79474e-17	5.79474e-17	5.79474e-17	5.79474e-17	5.79474e-17	5.79474e-17	5.79474e-17	5.79474e-17	5.79474e-17	5.79474e-17	5.79474e-17	5.79474e-17	5.79474e-17	5.79474e-17	5.79474e-17	5.79474e-17	5.79474e-17	5.79474e-17	5.79474e-17	5.79474e-17	5.79474e-17	5.79474e-17	5.79474e-17	5.79474e-17	5.79474e-17	5.79474e-17	5.79474e-17	5.79474e-17	5.79474e-17
25.33	7.82445e-37	7.31052e-36	1.72967e-35	3.25729e-35	5.59416e-35	9.16892e-35	1.46373e-34	2.30026e-34	3.57991e-34	5.53743e-34	8.53192e-34	1.31127e-33	2.01200e-33	3.08393e-33	4.72370e-33	7.23210e-33	1.10693e-32	1.69391e-32	2.59184e-32	3.96542e-32	6.06663e-32	9.28090e-32	1.41979e-31	2.17194e-31	3.32254e-31	5.08263e-31	7.77508e-31	1.18938e-30	1.81942e-30	2.78321e-30	4.25752e-30	6.51280e-30	9.96271e-30	1.52400e-29	2.33128e-29	3.56616e-29	5.45513e-29	8.34466e-29	1.27647e-28	1.95258e-28	2.98681e-28	4.56879e-28	6.98864e-28	1.06901e-27	1.63517e-27	2.50116e-27	3.82572e-27	5.85167e-27	8.95031e-27	1.36895e-26	2.09376e-26	3.20226e-26	4.89747e-26	7.48982e-26	1.14539e-25	1.75152e-25	2.67827e-25	4.09512e-25	6.26106e-25	9.57180e-25	1.46318e-24	2.23643e-24	3.41790e-24	5.22276e-24	7.97937e-24	1.21886e-23	1.86143e-23	2.84202e-23	4.33794e-23	6.61903e-23	1.00958e-22	1.53920e-22	2.34546e-22	3.57201e-22	5.43635e-22	8.26747e-22	1.25620e-21	1.90683e-21	2.89116e-21	4.37789e-21	6.61934e-21	9.99147e-21	1.50525e-20	2.26277e-20	3.39309e-20	5.07379e-20	7.56296e-20	1.12330e-19	1.66170e-19	2.44703e-19	3.58523e-19	5.22299e-19	7.56049e-19	1.08664e-18	1.54938e-18	2.18963e-18	3.06391e-18	4.24014e-18	5.79608e-18	7.81505e-18	1.03779e-17	1.35504e-17	1.73659e-17	2.18055e-17	2.67798e-17	3.21170e-17	3.75679e-17	4.28313e-17	4.76007e-17	5.16221e-17	5.47478e-17	5.69632e-17	5.83775e-17	5.91790e-17	5.95756e-17	5.97436e-17	5.98033e-17	5.98205e-17	5.98245e-17	5.98252e-17	5.98253e-17	5.98253e-17	5.98253e-17	5.98253e-17	5.98253e-17	5.98253e-17	5.98253e-17	5.98253e-17	5.98253e-17	5.98253e-17	5.98253e-17	5.98253e-17	5.98253e-17	5.98253e-17	5.98253e-17	5.98253e-17	5.98253e-17	5.98253e-17	5.98253e-17	5.98253e-17	5.98253e-17	5.98253e-17	5.98253e-17	5.98253e-17	5.98253e-17	5.98253e-17	5.98253e-17	5.98253e-17	5.98253e-17	5.98253e-17	5.98253e-17	5.98253e-17	5.98253e-17	5.98253e-17	5.98253e-17	5.98253e-17	5.98253e-17	5.98253e-17	5.98253e-17	5.98253e-17	5.98253e-17	5.98253e-17	5.98253e-17	5.98253e-17	5.98253e-17	5.98253e-17	5.98253e-17	5.98253e-17	5.98253e-17	5.98253e-17	5.98253e-17	5.98253e-17	5.98253e-17	5.98253e-17	5.98253e-17	5.98253e-17	5.98253e-17	5.98253e-17	5.98253e-17	5.98253e-17	5.98253e-17	5.98253e-17	5.98253e-17	5.98253e-17	5.98253e-17	5.98253e-17	5.98253e-17	5.98253e-17	5.98253e-17	5.98253e-17	5.98253e-17	5.98253e-17	5.98253e-17	5.98253e-17	5.98253e-17
25.36	6.68833e-37	6.24902e-36	1.47852e-35	2.78433e-35	4.78188e-35	7.83758e-35	1.25120e-34	1.96626e-34	3.06010e-34	4.73339e-34	7.29307e-34	1.12087e-33	1.71986e-33	2.63614e-33	4.03781e-33	6.18199e-33	9.46200e-33	1.44795e-32	2.21550e-32	3.38964e-32	5.18574e-32	7.93330e-32	1.21363e-31	1.85658e-31	2.84010e-31	4.34463e-31	6.64613e-31	1.01668e-30	1.55524e-30	2.37909e-30	3.63933e-30	5.56715e-30	8.51613e-30	1.30272e-29	1.99278e-29	3.04836e-29	4.66306e-29	7.13305e-29	1.09113e-28	1.66908e-28	2.55314e-28	3.90544e-28	5.97395e-28	9.13797e-28	1.39776e-27	2.13803e-27	3.27030e-27	5.00212e-27	7.65094e-27	1.17022e-26	1.78982e-26	2.73741e-26	4.18656e-26	6.40267e-26	9.79146e-26	1.49732e-25	2.28959e-25	3.50087e-25	5.35260e-25	8.18311e-25	1.25093e-24	1.91205e-24	2.92224e-24	4.46551e-24	6.82270e-24	1.04222e-23	1.59175e-23	2.43041e-23	3.70992e-23	5.66121e-23	8.63560e-23	1.31671e-22	2.00667e-22	3.05646e-22	4.65245e-22	7.07660e-22	1.07548e-21	1.63289e-21	2.47649e-21	3.75118e-21	5.67383e-21	8.56791e-21	1.29142e-20	1.94242e-20	2.91460e-20	4.36156e-20	6.50696e-20	9.67430e-20	1.43278e-19	2.11275e-19	3.10028e-19	4.52465e-19	6.56328e-19	9.45591e-19	1.35205e-18	1.91697e-18	2.69248e-18	3.74236e-18	5.14142e-18	6.97265e-18	9.32110e-18	1.22634e-17	1.58526e-17	2.00989e-17	2.49496e-17	3.02729e-17	3.58530e-17	4.14052e-17	4.66116e-17	5.11767e-17	5.48869e-17	5.76537e-17	5.95256e-17	6.06592e-17	6.12644e-17	6.15442e-17	6.16540e-17	6.16896e-17	6.16989e-17	6.17009e-17	6.17012e-17	6.17012e-17	6.17012e-17	6.17012e-17	6.17012e-17	6.17012e-17	6.17012e-17	6.17012e-17	6.17012e-17	6.17012e-17	6.17012e-17	6.17012e-17	6.17012e-17	6.17012e-17	6.17012e-17	6.17012e-17	6.17012e-17	6.17012e-17	6.17012e-17	6.17012e-17	6.17012e-17	6.17012e-17	6.17012e-17	6.17012e-17	6.17012e-17	6.17012e-17	6.17012e-17	6.17012e-17	6.17012e-17	6.17012e-17	6.17012e-17	6.17012e-17	6.17012e-17	6.17012e-17	6.17012e-17	6.17012e-17	6.17012e-17	6.17012e-17	6.17012e-17	6.17012e-17	6.17012e-17	6.17012e-17	6.17012e-17	6.17012e-17	6.17012e-17	6.17012e-17	6.17012e-17	6.17012e-17	6.17012e-17	6.17012e-17	6.17012e-17	6.17012e-17	6.17012e-17	6.17012e-17	6.17012e-17	6.17012e-17	6.17012e-17	6.17012e-17	6.17012e-17	6.17012e-17	6.17012e-17	6.17012e-17	6.17012e-17	6.17012e-17	6.17012e-17	6.17012e-17	6.17012e-17	6.17012e-17	6.17012e-17	6.17012e-17	6.17012e-17	6.17012e-17	6.17012e-17	6.17012e-17	6.17012e-17
25.40	5.71717e-37	5.34165e-36	1.26383e-35	2.38004e-35	4.08754e-35	6.69955e-35	1.06952e-34	1.68075e-34	2.61577e-34	4.04610e-34	6.23411e-34	9.58118e-34	1.47013e-33	2.25337e-33	3.45152e-33	5.28436e-33	8.08811e-33	1.23771e-32	1.89381e-32	2.89746e-32	4.43277e-32	6.78138e-32	1.03741e-31	1.58700e-31	2.42772e-31	3.71379e-31	5.68111e-31	8.69057e-31	1.32942e-30	2.03364e-30	3.11090e-30	4.75880e-30	7.27960e-30	1.11357e-29	1.70343e-29	2.60574e-29	3.98600e-29	6.09735e-29	9.32704e-29	1.42674e-28	2.18244e-28	3.33840e-28	5.10658e-28	7.81123e-28	1.19482e-27	1.82761e-27	2.79550e-27	4.27591e-27	6.54019e-27	1.00033e-26	1.52999e-26	2.34003e-26	3.57884e-26	5.47330e-26	8.37026e-26	1.28000e-25	1.95731e-25	2.99283e-25	4.57591e-25	6.99581e-25	1.06945e-24	1.63470e-24	2.49842e-24	3.81798e-24	5.83356e-24	8.91162e-24	1.36110e-23	2.07835e-23	3.17271e-23	4.84178e-23	7.38625e-23	1.12632e-22	1.71670e-22	2.61512e-22	3.98123e-22	6.05664e-22	9.20643e-22	1.39812e-21	2.12096e-21	3.21360e-21	4.86236e-21	7.34539e-21	1.10765e-20	1.66688e-20	2.50266e-20	3.74770e-20	5.59563e-20	8.32706e-20	1.23457e-19	1.82273e-19	2.67853e-19	3.91560e-19	5.69073e-19	8.21704e-19	1.17794e-18	1.67510e-18	2.36091e-18	3.29467e-18	4.54736e-18	6.20006e-18	8.33942e-18	1.10494e-17	1.43984e-17	1.84213e-17	2.30993e-17	2.83407e-17	3.39689e-17	3.97262e-17	4.52996e-17	5.03678e-17	5.46611e-17	5.80180e-17	6.04148e-17	6.19586e-17	6.28430e-17	6.32863e-17	6.34770e-17	6.35459e-17	6.35663e-17	6.35711e-17	6.35720e-17	6.35721e-17	6.35721e-17	6.35721e-17	6.35721e-17	6.35721e-17	6.35721e-17	6.35721e-17	6.35721e-17	6.35721e-17	6.35721e-17	6.35721e-17	6.35721e-17	6.35721e-17	6.35721e-17	6.35721e-17	6.35721e-17	6.35721e-17	6.35721e-17	6.35721e-17	6.35721e-17	6.35721e-17	6.35721e-17	6.35721e-17	6.35721e-17	6.35721e-17	6.35721e-17	6.35721e-17	6.35721e-17	6.35721e-17	6.35721e-17	6.35721e-17	6.35721e-17	6.35721e-17	6.35721e-17	6.35721e-17	6.35721e-17	6.35721e-17	6.35721e-17	6.35721e-17	6.35721e-17	6.35721e-17	6.35721e-17	6.35721e-17	6.35721e-17	6.35721e-17	6.35721e-17	6.35721e-17	6.35721e-17	6.35721e-17	6.35721e-17	6.35721e-17	6.35721e-17	6.35721e-17	6.35721e-17	6.35721e-17	6.35721e-17	6.35721e-17	6.35721e-17	6.35721e-17	6.35721e-17	6.35721e-17	6.35721e-17	6.35721e-17	6.35721e-17	6.35721e-17	6.35721e-17	6.35721e-17	6.35721e-17	6.35721e-17	6.35721e-17	6.35721e-17	6.35721e-17	6.35721e-17	6.35721e-17
25.43	4.88703e-37	4.56604e-36	1.08032e-35	2.03446e-35	3.49403e-35	5.72676e-35	9.14226e-35	1.43670e-34	2.23596e-34	3.45860e-34	5.32891e-34	8.18998e-34	1.25666e-33	1.92618e-33	2.95035e-33	4.51706e-33	6.91370e-33	1.05799e-32	1.61882e-32	2.47674e-32	3.78913e-32	5.79671e-32	8.86778e-32	1.35657e-31	2.07521e-31	3.17454e-31	4.85621e-31	7.42869e-31	1.13639e-30	1.73836e-30	2.65920e-30	4.06782e-30	6.22261e-30	9.51879e-30	1.45610e-29	2.22739e-29	3.40724e-29	5.21204e-29	7.97279e-29	1.21958e-28	1.86556e-28	2.85368e-28	4.36515e-28	6.67711e-28	1.02135e-27	1.56227e-27	2.38963e-27	3.65512e-27	5.59068e-27	8.55106e-27	1.30788e-26	2.00033e-26	3.05932e-26	4.67880e-26	7.15531e-26	1.09422e-25	1.67323e-25	2.55850e-25	3.91188e-25	5.98073e-25	9.14291e-25	1.39756e-24	2.13604e-24	3.26429e-24	4.98773e-24	7.61977e-24	1.16384e-23	1.77723e-23	2.71319e-23	4.14079e-23	6.31735e-23	9.63410e-23	1.46855e-22	2.23735e-22	3.40657e-22	5.18320e-22	7.88015e-22	1.19695e-21	1.81621e-21	2.75260e-21	4.16614e-21	6.29590e-21	9.49786e-21	1.43000e-20	2.14819e-20	3.21895e-20	4.80971e-20	7.16361e-20	1.06312e-19	1.57140e-19	2.31224e-19	3.38530e-19	4.92871e-19	7.13129e-19	1.02472e-18	1.46121e-18	2.06602e-18	2.89378e-18	4.01110e-18	5.49590e-18	7.43438e-18	9.91472e-18	1.30164e-17	1.67944e-17	2.12602e-17	2.63600e-17	3.19591e-17	3.78354e-17	4.36944e-17	4.92053e-17	5.40576e-17	5.80219e-17	6.09981e-17	6.30279e-17	6.42693e-17	6.49399e-17	6.52543e-17	6.53797e-17	6.54212e-17	6.54324e-17	6.54347e-17	6.54351e-17	6.54351e-17	6.54351e-17	6.54351e-17	6.54351e-17	6.54351e-17	6.54351e-17	6.54351e-17	6.54351e-17	6.54351e-17	6.54351e-17	6.54351e-17	6.54351e-17	6.54351e-17	6.54351e-17	6.54351e-17	6.54351e-17	6.54351e-17	6.54351e-17	6.54351e-17	6.54351e-17	6.54351e-17	6.54351e-17	6.54351e-17	6.54351e-17	6.54351e-17	6.54351e-17	6.54351e-17	6.54351e-17	6.54351e-17	6.54351e-17	6.54351e-17	6.54351e-17	6.54351e-17	6.54351e-17	6.54351e-17	6.54351e-17	6.54351e-17	6.54351e-17	6.54351e-17	6.54351e-17	6.54351e-17	6.54351e-17	6.54351e-17	6.54351e-17	6.54351e-17	6.54351e-17	6.54351e-17	6.54351e-17	6.54351e-17	6.54351e-17	6.54351e-17	6.54351e-17	6.54351e-17	6.54351e-17	6.54351e-17	6.54351e-17	6.54351e-17	6.54351e-17	6.54351e-17	6.54351e-17	6.54351e-17	6.54351e-17	6.54351e-17	6.54351e-17	6.54351e-17	6.54351e-17	6.54351e-17	6.54351e-17	6.54351e-17	6.54351e-17	6.54351e-17	6.54351e-17	6.54351e-17
25.47	4.17742e-37	3.90304e-36	9.23458e-36	1.73905e-35	2.98669e-35	4.89523e-35	7.81479e-35	1.22809e-34	1.91129e-34	2.95640e-34	4.55514e-34	7.00078e-34	1.07420e-33	1.64649e-33	2.52196e-33	3.86118e-33	5.90982e-33	9.04370e-33	1.38377e-32	2.11712e-32	3.23894e-32	4.95502e-32	7.58016e-32	1.15959e-31	1.77389e-31	2.71360e-31	4.15109e-31	6.35004e-31	9.71383e-31	1.48595e-30	2.27308e-30	3.47718e-30	5.31909e-30	8.13667e-30	1.24467e-29	1.90398e-29	2.91252e-29	4.45526e-29	6.81517e-29	1.04250e-28	1.59469e-28	2.43934e-28	3.73136e-28	5.70765e-28	8.73059e-28	1.33544e-27	2.04269e-27	3.12445e-27	4.77902e-27	7.30963e-27	1.11800e-26	1.70994e-26	2.61521e-26	3.99962e-26	6.11668e-26	9.35393e-26	1.43038e-25	2.18718e-25	3.34419e-25	5.11288e-25	7.81634e-25	1.19481e-24	1.82619e-24	2.79086e-24	4.26447e-24	6.51505e-24	9.95145e-24	1.51970e-23	2.32015e-23	3.54116e-23	5.40290e-23	8.24021e-23	1.25619e-22	1.91402e-22	2.91463e-22	4.43534e-22	6.74425e-22	1.02460e-21	1.55504e-21	2.35736e-21	3.56897e-21	5.39525e-21	8.14227e-21	1.22644e-20	1.84335e-20	2.76379e-20	4.13243e-20	6.15970e-20	9.14968e-20	1.35383e-19	1.99452e-19	2.92424e-19	4.26437e-19	6.18169e-19	8.90204e-19	1.27261e-18	1.80462e-18	2.53622e-18	3.52931e-18	4.85774e-18	6.60563e-18	8.86271e-18	1.17158e-17	1.52358e-17	1.94591e-17	2.43673e-17	2.98671e-17	3.57777e-17	4.18340e-17	4.77121e-17	5.30766e-17	5.76425e-17	6.12339e-17	6.38171e-17	6.54959e-17	6.64680e-17	6.69615e-17	6.71771e-17	6.72564e-17	6.72804e-17	6.72861e-17	6.72872e-17	6.72874e-17	6.72874e-17	6.72874e-17	6.72874e-17	6.72874e-17	6.72874e-17	6.72874e-17	6.72874e-17	6.72874e-17	6.72874e-17	6.72874e-17	6.72874e-17	6.72874e-17	6.72874e-17	6.72874e-17	6.72874e-17	6.72874e-17	6.72874e-17	6.72874e-17	6.72874e-17	6.72874e-17	6.72874e-17	6.72874e-17	6.72874e-17	6.72874e-17	6.72874e-17	6.72874e-17	6.72874e-17	6.72874e-17	6.72874e-17	6.72874e-17	6.72874e-17	6.72874e-17	6.72874e-17	6.72874e-17	6.72874e-17	6.72874e-17	6.72874e-17	6.72874e-17	6.72874e-17	6.72874e-17	6.72874e-17	6.72874e-17	6.72874e-17	6.72874e-17	6.72874e-17	6.72874e-17	6.72874e-17	6.72874e-17	6.72874e-17	6.72874e-17	6.72874e-17	6.72874e-17	6.72874e-17	6.72874e-17	6.72874e-17	6.72874e-17	6.72874e-17	6.72874e-17	6.72874e-17	6.72874e-17	6.72874e-17	6.72874e-17	6.72874e-17	6.72874e-17	6.72874e-17	6.72874e-17	6.72874e-17	6.72874e-17	6.72874e-17	6.72874e-17	6.72874e-17	6.72874e-17
25.50	3.57086e-37	3.33631e-36	7.89371e-36	1.48654e-35	2.55302e-35	4.18443e-35	6.68007e-35	1.04977e-34	1.63377e-34	2.52713e-34	3.89373e-34	5.98426e-34	9.18221e-34	1.40742e-33	2.15577e-33	3.30053e-33	5.05171e-33	7.73054e-33	1.18284e-32	1.80971e-32	2.76864e-32	4.23555e-32	6.47952e-32	9.91217e-32	1.51632e-31	2.31958e-31	3.54834e-31	5.42801e-31	8.30338e-31	1.27019e-30	1.94303e-30	2.97229e-30	4.54676e-30	6.95523e-30	1.06395e-29	1.62753e-29	2.48963e-29	3.80837e-29	5.82562e-29	8.91136e-29	1.36315e-28	2.08516e-28	3.18959e-28	4.87894e-28	7.46299e-28	1.14155e-27	1.74612e-27	2.67083e-27	4.08519e-27	6.24842e-27	9.55696e-27	1.46170e-26	2.23556e-26	3.41902e-26	5.22879e-26	7.99619e-26	1.22277e-25	1.86975e-25	2.85887e-25	4.37093e-25	6.68218e-25	1.02146e-24	1.56127e-24	2.38605e-24	3.64602e-24	5.57039e-24	8.50883e-24	1.29945e-23	1.98399e-23	3.02826e-23	4.62064e-23	7.04767e-23	1.07448e-22	1.63732e-22	2.49356e-22	3.79507e-22	5.77154e-22	8.76982e-22	1.33126e-21	2.01859e-21	3.05689e-21	4.62255e-21	6.97863e-21	1.05160e-20	1.58130e-20	2.37218e-20	3.54912e-20	5.29408e-20	7.87047e-20	1.16568e-19	1.71925e-19	2.52392e-19	3.68611e-19	5.35269e-19	7.72371e-19	1.10673e-18	1.57361e-18	2.21847e-18	3.09830e-18	4.28234e-18	5.85134e-18	7.89447e-18	1.05028e-17	1.37583e-17	1.77183e-17	2.23949e-17	2.77345e-17	3.35995e-17	3.97628e-17	4.59213e-17	5.17321e-17	5.68698e-17	6.10899e-17	6.42792e-17	6.64722e-17	6.78266e-17	6.85669e-17	6.89188e-17	6.90614e-17	6.91096e-17	6.91228e-17	6.91256e-17	6.91261e-17	6.91261e-17	6.91262e-17	6.91262e-17	6.91262e-17	6.91262e-17	6.91262e-17	6.91262e-17	6.91262e-17	6.91262e-17	6.91262e-17	6.91262e-17	6.91262e-17	6.91262e-17	6.91262e-17	6.91262e-17	6.91262e-17	6.91262e-17	6.91262e-17	6.91262e-17	6.91262e-17	6.91262e-17	6.91262e-17	6.91262e-17	6.91262e-17	6.91262e-17	6.91262e-17	6.91262e-17	6.91262e-17	6.91262e-17	6.91262e-17	6.91262e-17	6.91262e-17	6.91262e-17	6.91262e-17	6.91262e-17	6.91262e-17	6.91262e-17	6.91262e-17	6.91262e-17	6.91262e-17	6.91262e-17	6.91262e-17	6.91262e-17	6.91262e-17	6.91262e-17	6.91262e-17	6.91262e-17	6.91262e-17	6.91262e-17	6.91262e-17	6.91262e-17	6.91262e-17	6.91262e-17	6.91262e-17	6.91262e-17	6.91262e-17	6.91262e-17	6.91262e-17	6.91262e-17	6.91262e-17	6.91262e-17	6.91262e-17	6.91262e-17	6.91262e-17	6.91262e-17	6.91262e-17	6.91262e-17	6.91262e-17	6.91262e-17	6.91262e-17	6.91262e-17	6.91262e-17
25.54	3.05236e-37	2.85188e-36	6.74753e-36	1.27069e-35	2.18231e-35	3.57685e-35	5.71011e-35	8.97344e-35	1.39654e-34	2.16019e-34	3.32835e-34	5.11534e-34	7.84894e-34	1.20306e-33	1.84274e-33	2.82129e-33	4.31819e-33	6.60806e-33	1.01109e-32	1.54694e-32	2.36663e-32	3.62054e-32	5.53868e-32	8.47291e-32	1.29615e-31	1.98277e-31	3.03312e-31	4.63986e-31	7.09772e-31	1.08576e-30	1.66090e-30	2.54071e-30	3.88657e-30	5.94533e-30	9.09463e-30	1.39121e-29	2.12814e-29	3.25540e-29	4.97976e-29	7.61746e-29	1.16523e-28	1.78241e-28	2.72648e-28	4.17055e-28	6.37942e-28	9.75809e-28	1.49260e-27	2.28306e-27	3.49208e-27	5.34126e-27	8.16949e-27	1.24950e-26	1.91102e-26	2.92269e-26	4.46977e-26	6.83549e-26	1.04529e-25	1.59837e-25	2.44395e-25	3.73662e-25	5.71254e-25	8.73253e-25	1.33476e-24	2.03993e-24	3.11721e-24	4.76262e-24	7.27519e-24	1.11109e-23	1.69648e-23	2.58956e-23	3.95149e-23	6.02746e-23	9.19014e-23	1.40054e-22	2.13318e-22	3.24698e-22	4.93870e-22	7.50553e-22	1.13955e-21	1.72827e-21	2.61788e-21	3.95982e-21	5.98007e-21	9.01466e-21	1.35614e-20	2.03543e-20	3.04705e-20	4.54821e-20	6.76684e-20	1.00312e-19	1.48102e-19	2.17678e-19	3.18350e-19	4.63023e-19	6.69356e-19	9.61168e-19	1.37004e-18	1.93701e-18	2.71421e-18	3.76591e-18	5.16861e-18	7.00920e-18	9.38021e-18	1.23712e-17	1.60551e-17	2.04703e-17	2.55988e-17	3.13464e-17	3.75289e-17	4.38749e-17	5.00506e-17	5.57076e-17	6.05455e-17	6.43737e-17	6.71477e-17	6.89667e-17	7.00313e-17	7.05787e-17	7.08214e-17	7.09123e-17	7.09403e-17	7.09473e-17	7.09486e-17	7.09488e-17	7.09488e-17	7.09488e-17	7.09488e-17	7.09488e-17	7.09488e-17	7.09488e-17	7.09488e-17	7.09488e-17	7.09488e-17	7.09488e-17	7.09488e-17	7.09488e-17	7.09488e-17	7.09488e-17	7.09488e-17	7.09488e-17	7.09488e-17	7.09488e-17	7.09488e-17	7.09488e-17	7.09488e-17	7.09488e-17	7.09488e-17	7.09488e-17	7.09488e-17	7.09488e-17	7.09488e-17	7.09488e-17	7.09488e-17	7.09488e-17	7.09488e-17	7.09488e-17	7.09488e-17	7.09488e-17	7.09488e-17	7.09488e-17	7.09488e-17	7.09488e-17	7.09488e-17	7.09488e-17	7.09488e-17	7.09488e-17	7.09488e-17	7.09488e-17	7.09488e-17	7.09488e-17	7.09488e-17	7.09488e-17	7.09488e-17	7.09488e-17	7.09488e-17	7.09488e-17	7.09488e-17	7.09488e-17	7.09488e-17	7.09488e-17	7.09488e-17	7.09488e-17	7.09488e-17	7.09488e-17	7.09488e-17	7.09488e-17	7.09488e-17	7.09488e-17	7.09488e-17	7.09488e-17	7.09488e-17	7.09488e-17	7.09488e-17	7.09488e-17	7.09488e-17
25.57	2.60915e-37	2.43778e-36	5.76778e-36	1.08618e-35	1.86544e-35	3.05748e-35	4.88100e-35	7.67048e-35	1.19376e-34	1.84652e-34	2.84507e-34	4.37258e-34	6.70926e-34	1.02838e-33	1.57518e-33	2.41163e-33	3.69119e-33	5.64856e-33	8.64281e-33	1.32232e-32	2.02299e-32	3.09484e-32	4.73446e-32	7.24264e-32	1.10795e-31	1.69487e-31	2.59271e-31	3.96615e-31	6.06713e-31	9.28103e-31	1.41974e-30	2.17180e-30	3.32224e-30	5.08207e-30	7.77409e-30	1.18921e-29	1.81913e-29	2.78272e-29	4.25671e-29	6.51142e-29	9.96039e-29	1.52361e-28	2.33061e-28	3.56501e-28	5.45318e-28	8.34130e-28	1.27589e-27	1.95159e-27	2.98508e-27	4.56580e-27	6.98343e-27	1.06810e-26	1.63359e-26	2.49841e-26	3.82092e-26	5.84326e-26	8.93560e-26	1.36637e-25	2.08925e-25	3.19433e-25	4.88356e-25	7.46542e-25	1.14111e-24	1.74400e-24	2.66506e-24	4.07191e-24	6.22029e-24	9.50019e-24	1.45060e-23	2.21435e-23	3.37913e-23	5.15473e-23	7.86005e-23	1.19795e-22	1.82478e-22	2.77786e-22	4.22571e-22	6.42292e-22	9.75346e-22	1.47953e-21	2.24161e-21	3.39156e-21	5.12343e-21	7.72601e-21	1.16274e-20	1.74597e-20	2.61514e-20	3.90592e-20	5.81538e-20	8.62783e-20	1.27504e-19	1.87609e-19	2.74724e-19	4.00158e-19	5.79461e-19	8.33719e-19	1.19108e-18	1.68845e-18	2.37314e-18	3.30435e-18	4.55371e-18	6.20457e-18	8.34876e-18	1.10800e-17	1.44826e-17	1.86159e-17	2.34935e-17	2.90615e-17	3.51810e-17	4.16205e-17	4.80694e-17	5.41737e-17	5.95938e-17	6.40701e-17	6.74758e-17	6.98367e-17	7.13091e-17	7.21234e-17	7.25158e-17	7.26775e-17	7.27331e-17	7.27487e-17	7.27521e-17	7.27527e-17	7.27528e-17	7.27528e-17	7.27528e-17	7.27528e-17	7.27528e-17	7.27528e-17	7.27528e-17	7.27528e-17	7.27528e-17	7.27528e-17	7.27528e-17	7.27528e-17	7.27528e-17	7.27528e-17	7.27528e-17	7.27528e-17	7.27528e-17	7.27528e-17	7.27528e-17	7.27528e-17	7.27528e-17	7.27528e-17	7.27528e-17	7.27528e-17	7.27528e-17	7.27528e-17	7.27528e-17	7.27528e-17	7.27528e-17	7.27528e-17	7.27528e-17	7.27528e-17	7.27528e-17	7.27528e-17	7.27528e-17	7.27528e-17	7.27528e-17	7.27528e-17	7.27528e-17	7.27528e-17	7.27528e-17	7.27528e-17	7.27528e-17	7.27528e-17	7.27528e-17	7.27528e-17	7.27528e-17	7.27528e-17	7.27528e-17	7.27528e-17	7.27528e-17	7.27528e-17	7.27528e-17	7.27528e-17	7.27528e-17	7.27528e-17	7.27528e-17	7.27528e-17	7.27528e-17	7.27528e-17	7.27528e-17	7.27528e-17	7.27528e-17	7.27528e-17	7.27528e-17	7.27528e-17	7.27528e-17	7.27528e-17	7.27528e-17	7.27528e-17	7.27528e-17
25.60	2.23030e-37	2.08381e-36	4.93029e-36	9.28468e-36	1.59457e-35	2.61353e-35	4.17227e-35	6.55671e-35	1.02043e-34	1.57841e-34	2.43196e-34	3.73768e-34	5.73507e-34	8.79054e-34	1.34646e-33	2.06146e-33	3.15522e-33	4.82838e-33	7.38786e-33	1.13032e-32	1.72925e-32	2.64546e-32	4.04701e-32	6.19100e-32	9.47071e-32	1.44878e-31	2.21625e-31	3.39026e-31	5.18618e-31	7.93342e-31	1.21359e-30	1.85646e-30	2.83985e-30	4.34416e-30	6.64530e-30	1.01654e-29	1.55500e-29	2.37868e-29	3.63864e-29	5.56598e-29	8.51417e-29	1.30239e-28	1.99221e-28	3.04739e-28	4.66141e-28	7.13021e-28	1.09064e-27	1.66824e-27	2.55168e-27	3.90291e-27	5.96956e-27	9.13034e-27	1.39643e-26	2.13571e-26	3.26624e-26	4.99504e-26	7.63854e-26	1.16805e-25	1.78601e-25	2.73073e-25	4.17485e-25	6.38211e-25	9.75537e-25	1.49098e-24	2.27846e-24	3.48132e-24	5.31825e-24	8.12278e-24	1.24033e-23	1.89345e-23	2.88959e-23	4.40821e-23	6.72219e-23	1.02460e-22	1.56088e-22	2.37637e-22	3.61538e-22	5.49599e-22	8.34721e-22	1.26644e-21	1.91917e-21	2.90441e-21	4.38874e-21	6.62025e-21	9.96699e-21	1.49728e-20	2.24375e-20	3.35313e-20	4.99565e-20	7.41728e-20	1.09710e-19	1.61591e-19	2.36902e-19	3.45534e-19	5.01144e-19	7.22346e-19	1.03413e-18	1.46952e-18	2.07125e-18	2.89339e-18	4.00240e-18	5.47718e-18	7.40709e-18	9.88722e-18	1.30095e-17	1.68492e-17	2.14462e-17	2.67836e-17	3.27667e-17	3.92090e-17	4.58338e-17	5.22987e-17	5.82426e-17	6.33508e-17	6.74173e-17	7.03859e-17	7.23499e-17	7.35118e-17	7.41168e-17	7.43892e-17	7.44929e-17	7.45256e-17	7.45338e-17	7.45354e-17	7.45357e-17	7.45357e-17	7.45357e-17	7.45357e-17	7.45357e-17	7.45357e-17	7.45357e-17	7.45357e-17	7.45357e-17	7.45357e-17	7.45357e-17	7.45357e-17	7.45357e-17	7.45357e-17	7.45357e-17	7.45357e-17	7.45357e-17	7.45357e-17	7.45357e-17	7.45357e-17	7.45357e-17	7.45357e-17	7.45357e-17	7.45357e-17	7.45357e-17	7.45357e-17	7.45357e-17	7.45357e-17	7.45357e-17	7.45357e-17	7.45357e-17	7.45357e-17	7.45357e-17	7.45357e-17	7.45357e-17	7.45357e-17	7.45357e-17	7.45357e-17	7.45357e-17	7.45357e-17	7.45357e-17	7.45357e-17	7.45357e-17	7.45357e-17	7.45357e-17	7.45357e-17	7.45357e-17	7.45357e-17	7.45357e-17	7.45357e-17	7.45357e-17	7.45357e-17	7.45357e-17	7.45357e-17	7.45357e-17	7.45357e-17	7.45357e-17	7.45357e-17	7.45357e-17	7.45357e-17	7.45357e-17	7.45357e-17	7.45357e-17	7.45357e-17	7.45357e-17	7.45357e-17	7.45357e-17	7.45357e-17	7.45357e-17	7.45357e-17	7.45357e-17
25.64	1.90646e-37	1.78124e-36	4.21440e-36	7.93653e-36	1.36304e-35	2.23404e-35	3.56645e-35	5.60467e-35	8.72260e-35	1.34922e-34	2.07884e-34	3.19496e-34	4.90233e-34	7.51414e-34	1.15095e-33	1.76213e-33	2.69708e-33	4.12729e-33	6.31513e-33	9.66193e-33	1.47816e-32	2.26134e-32	3.45938e-32	5.29206e-32	8.09555e-32	1.23841e-31	1.89445e-31	2.89799e-31	4.43314e-31	6.78148e-31	1.03738e-30	1.58690e-30	2.42750e-30	3.71339e-30	5.68040e-30	8.68935e-30	1.32921e-29	2.03330e-29	3.11032e-29	4.75781e-29	7.27794e-29	1.11329e-28	1.70295e-28	2.60493e-28	3.98460e-28	6.09496e-28	9.32292e-28	1.42603e-27	2.18121e-27	3.33626e-27	5.10288e-27	7.80479e-27	1.19370e-26	1.82566e-26	2.79208e-26	4.26993e-26	6.52973e-26	9.98499e-26	1.52678e-25	2.33440e-25	3.56896e-25	5.45596e-25	8.33983e-25	1.27466e-24	1.94792e-24	2.97635e-24	4.54695e-24	6.94496e-24	1.06052e-23	1.61902e-23	2.47089e-23	3.76967e-23	5.74883e-23	8.76306e-23	1.33507e-22	2.03278e-22	3.09299e-22	4.70247e-22	7.14307e-22	1.08393e-21	1.64291e-21	2.48688e-21	3.75881e-21	5.67170e-21	8.54185e-21	1.28370e-20	1.92456e-20	2.87764e-20	4.28984e-20	6.37380e-20	9.43519e-20	1.39100e-19	2.04149e-19	2.98133e-19	4.33020e-19	6.25193e-19	8.96774e-19	1.27718e-18	1.80481e-18	2.52874e-18	3.51012e-18	4.82278e-18	6.55237e-18	8.79310e-18	1.16410e-17	1.51828e-17	1.94797e-17	2.45467e-17	3.03306e-17	3.66915e-17	4.33949e-17	5.01235e-17	5.65136e-17	6.22121e-17	6.69440e-17	7.05683e-17	7.31014e-17	7.46968e-17	7.55893e-17	7.60254e-17	7.62080e-17	7.62720e-17	7.62903e-17	7.62945e-17	7.62952e-17	7.62953e-17	7.62953e-17	7.62953e-17	7.62953e-17	7.62953e-17	7.62953e-17	7.62953e-17	7.62953e-17	7.62953e-17	7.62953e-17	7.62953e-17	7.62953e-17	7.62953e-17	7.62953e-17	7.62953e-17	7.62953e-17	7.62953e-17	7.62953e-17	7.62953e-17	7.62953e-17	7.62953e-17	7.62953e-17	7.62953e-17	7.62953e-17	7.62953e-17	7.62953e-17	7.62953e-17	7.62953e-17	7.62953e-17	7.62953e-17	7.62953e-17	7.62953e-17	7.62953e-17	7.62953e-17	7.62953e-17	7.62953e-17	7.62953e-17	7.62953e-17	7.62953e-17	7.62953e-17	7.62953e-17	7.62953e-17	7.62953e-17	7.62953e-17	7.62953e-17	7.62953e-17	7.62953e-17	7.62953e-17	7.62953e-17	7.62953e-17	7.62953e-17	7.62953e-17	7.62953e-17	7.62953e-17	7.62953e-17	7.62953e-17	7.62953e-17	7.62953e-17	7.62953e-17	7.62953e-17	7.62953e-17	7.62953e-17	7.62953e-17	7.62953e-17	7.62953e-17	7.62953e-17	7.62953e-17	7.62953e-17	7.62953e-17	7.62953e-17
25.67	1.62964e-37	1.52260e-36	3.60247e-36	6.78413e-36	1.16512e-35	1.90966e-35	3.04860e-35	4.79086e-35	7.45606e-35	1.15331e-34	1.77699e-34	2.73105e-34	4.19050e-34	6.42307e-34	9.83831e-34	1.50627e-33	2.30546e-33	3.52800e-33	5.39817e-33	8.25901e-33	1.26353e-32	1.93299e-32	2.95707e-32	4.52364e-32	6.92007e-32	1.05859e-31	1.61937e-31	2.47720e-31	3.78945e-31	5.79681e-31	8.86751e-31	1.35648e-30	2.07503e-30	3.17420e-30	4.85561e-30	7.42766e-30	1.13621e-29	1.73806e-29	2.65870e-29	4.06699e-29	6.22120e-29	9.51640e-29	1.45569e-28	2.22670e-28	3.40606e-28	5.21001e-28	7.96930e-28	1.21898e-27	1.86452e-27	2.85188e-27	4.36202e-27	6.67167e-27	1.02040e-26	1.56062e-26	2.38675e-26	3.65007e-26	5.58185e-26	8.53560e-26	1.30517e-25	1.99558e-25	3.05099e-25	4.66418e-25	7.12962e-25	1.08971e-24	1.66531e-24	2.54459e-24	3.88745e-24	5.93781e-24	9.06754e-24	1.38433e-23	2.11281e-23	3.22353e-23	4.91623e-23	7.49442e-23	1.14188e-22	1.73878e-22	2.64592e-22	4.02323e-22	6.11212e-22	9.27631e-22	1.40626e-21	2.12911e-21	3.21881e-21	4.85823e-21	7.31904e-21	1.10033e-20	1.65035e-20	2.46883e-20	3.68246e-20	5.47490e-20	8.11060e-20	1.19675e-19	1.75814e-19	2.57049e-19	3.73844e-19	5.40584e-19	7.76789e-19	1.10857e-18	1.57027e-18	2.20619e-18	3.07217e-18	4.23664e-18	5.78061e-18	7.79567e-18	1.03791e-17	1.36252e-17	1.76111e-17	2.23788e-17	2.79123e-17	3.41173e-17	4.08059e-17	4.76973e-17	5.44413e-17	6.06657e-17	6.60411e-17	7.03465e-17	7.35130e-17	7.56267e-17	7.68905e-17	7.75570e-17	7.78614e-17	7.79794e-17	7.80173e-17	7.80271e-17	7.80291e-17	7.80294e-17	7.80294e-17	7.80295e-17	7.80295e-17	7.80295e-17	7.80295e-17	7.80295e-17	7.80295e-17	7.80295e-17	7.80295e-17	7.80295e-17	7.80295e-17	7.80295e-17	7.80295e-17	7.80295e-17	7.80295e-17	7.80295e-17	7.80295e-17	7.80295e-17	7.80295e-17	7.80295e-17	7.80295e-17	7.80295e-17	7.80295e-17	7.80295e-17	7.80295e-17	7.80295e-17	7.80295e-17	7.80295e-17	7.80295e-17	7.80295e-17	7.80295e-17	7.80295e-17	7.80295e-17	7.80295e-17	7.80295e-17	7.80295e-17	7.80295e-17	7.80295e-17	7.80295e-17	7.80295e-17	7.80295e-17	7.80295e-17	7.80295e-17	7.80295e-17	7.80295e-17	7.80295e-17	7.80295e-17	7.80295e-17	7.80295e-17	7.80295e-17	7.80295e-17	7.80295e-17	7.80295e-17	7.80295e-17	7.80295e-17	7.80295e-17	7.80295e-17	7.80295e-17	7.80295e-17	7.80295e-17	7.80295e-17	7.80295e-17	7.80295e-17	7.80295e-17	7.80295e-17	7.80295e-17	7.80295e-17	7.80295e-17	7.80295e-17
25.71	1.39301e-37	1.30152e-36	3.07938e-36	5.79907e-36	9.95947e-36	1.63237e-35	2.60593e-35	4.09522e-35	6.37343e-35	9.85848e-35	1.51897e-34	2.33449e-34	3.58203e-34	5.49043e-34	8.40977e-34	1.28756e-33	1.97070e-33	3.01573e-33	4.61435e-33	7.05979e-33	1.08007e-32	1.65232e-32	2.52770e-32	3.86681e-32	5.91527e-32	9.04885e-32	1.38424e-31	2.11751e-31	3.23921e-31	4.95511e-31	7.57994e-31	1.15952e-30	1.77373e-30	2.71331e-30	4.15058e-30	6.34917e-30	9.71235e-30	1.48570e-29	2.27266e-29	3.47647e-29	5.31789e-29	8.13465e-29	1.24433e-28	1.90340e-28	2.91152e-28	4.45355e-28	6.81222e-28	1.04200e-27	1.59381e-27	2.43782e-27	3.72871e-27	5.70305e-27	8.72259e-27	1.33405e-26	2.04025e-26	3.12019e-26	4.77156e-26	7.29657e-26	1.11572e-25	1.70593e-25	2.60817e-25	3.98727e-25	6.09499e-25	9.31584e-25	1.42369e-24	2.17544e-24	3.32356e-24	5.07664e-24	7.75269e-24	1.18364e-23	1.80657e-23	2.75643e-23	4.20408e-23	6.40919e-23	9.76597e-23	1.48722e-22	2.26334e-22	3.44187e-22	5.22956e-22	7.93800e-22	1.20358e-21	1.82259e-21	2.75602e-21	4.16078e-21	6.27015e-21	9.42960e-21	1.41486e-20	2.11750e-20	3.16007e-20	4.70103e-20	6.96896e-20	1.02911e-19	1.51325e-19	2.21480e-19	3.22507e-19	4.67009e-19	6.72164e-19	9.61073e-19	1.36433e-18	1.92170e-18	2.68387e-18	3.71374e-18	5.08706e-18	6.89152e-18	9.22344e-18	1.21810e-17	1.58530e-17	2.03024e-17	2.55463e-17	3.15322e-17	3.81203e-17	4.50738e-17	5.20705e-17	5.87374e-17	6.47088e-17	6.96947e-17	7.35395e-17	7.62487e-17	7.79717e-17	7.89468e-17	7.94298e-17	7.96353e-17	7.97087e-17	7.97301e-17	7.97351e-17	7.97360e-17	7.97361e-17	7.97362e-17	7.97362e-17	7.97362e-17	7.97362e-17	7.97362e-17	7.97362e-17	7.97362e-17	7.97362e-17	7.97362e-17	7.97362e-17	7.97362e-17	7.97362e-17	7.97362e-17	7.97362e-17	7.97362e-17	7.97362e-17	7.97362e-17	7.97362e-17	7.97362e-17	7.97362e-17	7.97362e-17	7.97362e-17	7.97362e-17	7.97362e-17	7.97362e-17	7.97362e-17	7.97362e-17	7.97362e-17	7.97362e-17	7.97362e-17	7.97362e-17	7.97362e-17	7.97362e-17	7.97362e-17	7.97362e-17	7.97362e-17	7.97362e-17	7.97362e-17	7.97362e-17	7.97362e-17	7.97362e-17	7.97362e-17	7.97362e-17	7.97362e-17	7.97362e-17	7.97362e-17	7.97362e-17	7.97362e-17	7.97362e-17	7.97362e-17	7.97362e-17	7.97362e-17	7.97362e-17	7.97362e-17	7.97362e-17	7.97362e-17	7.97362e-17	7.97362e-17	7.97362e-17	7.97362e-17	7.97362e-17	7.97362e-17	7.97362e-17	7.97362e-17	7.97362e-17	7.97362e-17	7.97362e-17	7.97362e-17
25.74	1.19074e-37	1.11253e-36	2.63225e-36	4.95703e-36	8.51334e-36	1.39535e-35	2.22755e-35	3.50059e-35	5.44800e-35	8.42701e-35	1.29841e-34	1.99552e-34	3.06192e-34	4.69321e-34	7.18866e-34	1.10060e-33	1.68455e-33	2.57784e-33	3.94434e-33	6.03470e-33	9.23238e-33	1.41240e-32	2.16068e-32	3.30534e-32	5.05636e-32	7.73494e-32	1.18324e-31	1.81005e-31	2.76888e-31	4.23562e-31	6.47933e-31	9.91155e-31	1.51619e-30	2.31933e-30	3.54791e-30	5.42727e-30	8.30212e-30	1.26998e-29	1.94268e-29	2.97169e-29	4.54574e-29	6.95351e-29	1.06366e-28	1.62703e-28	2.48878e-28	3.80692e-28	5.82313e-28	8.90705e-28	1.36241e-27	2.08388e-27	3.18735e-27	4.87505e-27	7.45622e-27	1.14037e-26	1.74406e-26	2.66722e-26	4.07888e-26	6.23737e-26	9.53761e-26	1.45831e-25	2.22961e-25	3.40858e-25	5.21046e-25	7.96400e-25	1.21712e-24	1.85982e-24	2.84143e-24	4.34030e-24	6.62839e-24	1.01202e-23	1.54469e-23	2.35696e-23	3.59498e-23	5.48092e-23	8.35207e-23	1.27200e-22	1.93597e-22	2.94433e-22	4.47412e-22	6.79222e-22	1.03001e-21	1.56002e-21	2.35946e-21	3.56294e-21	5.37067e-21	8.07940e-21	1.21271e-20	1.81571e-20	2.71097e-20	4.03515e-20	5.98564e-20	8.84554e-20	1.30179e-19	1.90715e-19	2.78023e-19	4.03118e-19	5.81079e-19	8.32286e-19	1.18388e-18	1.67143e-18	2.34064e-18	3.24893e-18	4.46647e-18	6.07611e-18	8.17139e-18	1.08516e-17	1.42130e-17	1.83347e-17	2.32606e-17	2.89766e-17	3.53888e-17	4.23091e-17	4.94535e-17	5.64656e-17	6.29626e-17	6.86014e-17	7.31456e-17	7.65125e-17	7.87803e-17	8.01506e-17	8.08823e-17	8.12215e-17	8.13553e-17	8.13991e-17	8.14108e-17	8.14132e-17	8.14135e-17	8.14136e-17	8.14136e-17	8.14136e-17	8.14136e-17	8.14136e-17	8.14136e-17	8.14136e-17	8.14136e-17	8.14136e-17	8.14136e-17	8.14136e-17	8.14136e-17	8.14136e-17	8.14136e-17	8.14136e-17	8.14136e-17	8.14136e-17	8.14136e-17	8.14136e-17	8.14136e-17	8.14136e-17	8.14136e-17	8.14136e-17	8.14136e-17	8.14136e-17	8.14136e-17	8.14136e-17	8.14136e-17	8.14136e-17	8.14136e-17	8.14136e-17	8.14136e-17	8.14136e-17	8.14136e-17	8.14136e-17	8.14136e-17	8.14136e-17	8.14136e-17	8.14136e-17	8.14136e-17	8.14136e-17	8.14136e-17	8.14136e-17	8.14136e-17	8.14136e-17	8.14136e-17	8.14136e-17	8.14136e-17	8.14136e-17	8.14136e-17	8.14136e-17	8.14136e-17	8.14136e-17	8.14136e-17	8.14136e-17	8.14136e-17	8.14136e-17	8.14136e-17	8.14136e-17	8.14136e-17	8.14136e-17	8.14136e-17	8.14136e-17	8.14136e-17	8.14136e-17	8.14136e-17	8.14136e-17	8.14136e-17
25.77	1.01785e-37	9.50992e-37	2.25004e-36	4.23726e-36	7.27719e-36	1.19274e-35	1.90411e-35	2.99230e-35	4.65694e-35	7.20340e-35	1.10988e-34	1.70577e-34	2.61732e-34	4.01175e-34	6.14486e-34	9.40793e-34	1.43995e-33	2.20354e-33	3.37161e-33	5.15845e-33	7.89183e-33	1.20732e-32	1.84694e-32	2.82540e-32	4.32217e-32	6.61182e-32	1.01144e-31	1.54722e-31	2.36683e-31	3.62061e-31	5.53852e-31	8.47239e-31	1.29604e-30	1.98257e-30	3.03275e-30	4.63923e-30	7.09665e-30	1.08558e-29	1.66060e-29	2.54020e-29	3.88571e-29	5.94388e-29	9.09216e-29	1.39079e-28	2.12742e-28	3.25417e-28	4.97764e-28	7.61381e-28	1.16460e-27	1.78132e-27	2.72458e-27	4.16726e-27	6.37369e-27	9.74810e-27	1.49086e-26	2.28001e-26	3.48674e-26	5.33192e-26	8.15312e-26	1.24663e-25	1.90599e-25	2.91386e-25	4.45426e-25	6.80827e-25	1.04050e-24	1.58997e-24	2.42920e-24	3.71071e-24	5.66705e-24	8.65265e-24	1.32074e-23	2.01533e-23	3.07405e-23	4.68694e-23	7.14260e-23	1.08788e-22	1.65587e-22	2.51857e-22	3.82756e-22	5.81137e-22	8.81392e-22	1.33515e-21	2.01973e-21	3.05058e-21	4.59951e-21	6.92129e-21	1.03922e-20	1.55655e-20	2.32506e-20	3.46250e-20	5.13919e-20	7.59979e-20	1.11932e-19	1.64132e-19	2.39518e-19	3.47704e-19	5.01898e-19	7.20027e-19	1.02610e-18	1.45178e-18	2.03809e-18	2.83712e-18	3.91331e-18	5.34411e-18	7.21894e-18	9.63597e-18	1.26953e-17	1.64875e-17	2.10778e-17	2.64849e-17	3.26581e-17	3.94581e-17	4.66472e-17	5.38989e-17	6.08325e-17	6.70705e-17	7.23081e-17	7.63744e-17	7.92632e-17	8.11183e-17	8.21803e-17	8.27135e-17	8.29439e-17	8.30278e-17	8.30528e-17	8.30588e-17	8.30599e-17	8.30601e-17	8.30601e-17	8.30601e-17	8.30601e-17	8.30601e-17	8.30601e-17	8.30601e-17	8.30601e-17	8.30601e-17	8.30601e-17	8.30601e-17	8.30601e-17	8.30601e-17	8.30601e-17	8.30601e-17	8.30601e-17	8.30601e-17	8.30601e-17	8.30601e-17	8.30601e-17	8.30601e-17	8.30601e-17	8.30601e-17	8.30601e-17	8.30601e-17	8.30601e-17	8.30601e-17	8.30601e-17	8.30601e-17	8.30601e-17	8.30601e-17	8.30601e-17	8.30601e-17	8.30601e-17	8.30601e-17	8.30601e-17	8.30601e-17	8.30601e-17	8.30601e-17	8.30601e-17	8.30601e-17	8.30601e-17	8.30601e-17	8.30601e-17	8.30601e-17	8.30601e-17	8.30601e-17	8.30601e-17	8.30601e-17	8.30601e-17	8.30601e-17	8.30601e-17	8.30601e-17	8.30601e-17	8.30601e-17	8.30601e-17	8.30601e-17	8.30601e-17	8.30601e-17	8.30601e-17	8.30601e-17	8.30601e-17	8.30601e-17	8.30601e-17	8.30601e-17	8.30601e-17	8.30601e-17	8.30601e-17
25.81	8.70054e-38	8.12907e-37	1.92333e-36	3.62201e-36	6.22053e-36	1.01955e-35	1.62763e-35	2.55781e-35	3.98075e-35	6.15745e-35	9.48723e-35	1.45809e-34	2.23728e-34	3.42924e-34	5.25261e-34	8.04188e-34	1.23087e-33	1.88358e-33	2.88205e-33	4.40944e-33	6.74593e-33	1.03201e-32	1.57877e-32	2.41515e-32	3.69459e-32	5.65178e-32	8.64574e-32	1.32257e-31	2.02317e-31	3.09489e-31	4.73432e-31	7.24219e-31	1.10785e-30	1.69470e-30	2.59240e-30	3.96561e-30	6.06622e-30	9.27950e-30	1.41948e-29	2.17137e-29	3.32151e-29	5.08084e-29	7.77200e-29	1.18885e-28	1.81852e-28	2.78168e-28	4.25492e-28	6.50833e-28	9.95505e-28	1.52269e-27	2.32900e-27	3.56223e-27	5.44832e-27	8.33284e-27	1.27441e-26	1.94900e-26	2.98056e-26	4.55789e-26	6.96958e-26	1.06567e-25	1.62933e-25	2.49093e-25	3.80779e-25	5.82021e-25	8.89513e-25	1.35927e-24	2.07676e-24	3.17241e-24	4.84506e-24	7.39781e-24	1.12924e-23	1.72317e-23	2.62853e-23	4.00786e-23	6.10807e-23	9.30369e-23	1.41623e-22	2.15426e-22	3.27423e-22	4.97182e-22	7.54158e-22	1.14259e-21	1.72874e-21	2.61158e-21	3.93852e-21	5.92821e-21	8.90384e-21	1.33409e-20	1.99357e-20	2.97024e-20	4.41095e-20	6.52694e-20	9.62001e-20	1.41180e-19	2.06222e-19	2.99700e-19	4.33158e-19	6.22330e-19	8.88387e-19	1.25942e-18	1.77209e-18	2.47335e-18	3.42201e-18	4.68974e-18	6.36097e-18	8.53090e-18	1.13006e-17	1.47680e-17	1.90144e-17	2.40855e-17	2.99691e-17	3.65731e-17	4.37096e-17	5.10926e-17	5.83607e-17	6.51217e-17	7.10190e-17	7.58009e-17	7.93706e-17	8.17964e-17	8.32777e-17	8.40786e-17	8.44553e-17	8.46064e-17	8.46570e-17	8.46707e-17	8.46736e-17	8.46740e-17	8.46741e-17	8.46741e-17	8.46741e-17	8.46741e-17	8.46741e-17	8.46741e-17	8.46741e-17	8.46741e-17	8.46741e-17	8.46741e-17	8.46741e-17	8.46741e-17	8.46741e-17	8.46741e-17	8.46741e-17	8.46741e-17	8.46741e-17	8.46741e-17	8.46741e-17	8.46741e-17	8.46741e-17	8.46741e-17	8.46741e-17	8.46741e-17	8.46741e-17	8.46741e-17	8.46741e-17	8.46741e-17	8.46741e-17	8.46741e-17	8.46741e-17	8.46741e-17	8.46741e-17	8.46741e-17	8.46741e-17	8.46741e-17	8.46741e-17	8.46741e-17	8.46741e-17	8.46741e-17	8.46741e-17	8.46741e-17	8.46741e-17	8.46741e-17	8.46741e-17	8.46741e-17	8.46741e-17	8.46741e-17	8.46741e-17	8.46741e-17	8.46741e-17	8.46741e-17	8.46741e-17	8.46741e-17	8.46741e-17	8.46741e-17	8.46741e-17	8.46741e-17	8.46741e-17	8.46741e-17	8.46741e-17	8.46741e-17	8.46741e-17	8.46741e-17	8.46741e-17	8.46741e-17	8.46741e-17
25.84	7.43720e-38	6.94871e-37	1.64406e-36	3.09609e-36	5.31730e-36	8.71514e-36	1.39129e-35	2.18641e-35	3.40274e-35	5.26338e-35	8.10967e-35	1.24637e-34	1.91243e-34	2.93131e-34	4.48993e-34	6.87419e-34	1.05215e-33	1.61008e-33	2.46357e-33	3.76918e-33	5.76641e-33	8.82162e-33	1.34953e-32	2.06447e-32	3.15813e-32	4.83113e-32	7.39036e-32	1.13053e-31	1.72940e-31	2.64551e-31	4.04690e-31	6.19062e-31	9.46990e-31	1.44863e-30	2.21598e-30	3.38981e-30	5.18541e-30	7.93212e-30	1.21337e-29	1.85609e-29	2.83923e-29	4.34311e-29	6.64352e-29	1.01623e-28	1.55448e-28	2.37779e-28	3.63712e-28	5.56336e-28	8.50964e-28	1.30160e-27	1.99085e-27	3.04503e-27	4.65730e-27	7.12304e-27	1.08939e-26	1.66605e-26	2.54786e-26	3.89621e-26	5.95783e-26	9.10976e-26	1.39283e-25	2.12937e-25	3.25513e-25	4.97552e-25	7.60426e-25	1.16203e-24	1.77544e-24	2.71216e-24	4.14224e-24	6.32485e-24	9.65486e-24	1.47334e-23	2.24752e-23	3.42708e-23	5.22321e-23	7.95636e-23	1.21122e-22	1.84256e-22	2.80074e-22	4.25328e-22	6.45243e-22	9.77712e-22	1.47952e-21	2.23550e-21	3.37207e-21	5.07684e-21	7.62729e-21	1.14319e-20	1.70895e-20	2.54728e-20	3.78472e-20	5.60352e-20	8.26447e-20	1.21379e-19	1.77455e-19	2.58157e-19	3.73556e-19	5.37427e-19	7.68394e-19	1.09129e-18	1.53875e-18	2.15291e-18	2.98705e-18	4.10699e-18	5.59157e-18	7.53172e-18	1.00272e-17	1.31796e-17	1.70817e-17	2.18003e-17	2.73564e-17	3.37014e-17	4.06973e-17	4.81064e-17	5.55993e-17	6.27888e-17	6.92862e-17	7.47722e-17	7.90604e-17	8.21318e-17	8.41233e-17	8.52766e-17	8.58634e-17	8.61210e-17	8.62164e-17	8.62456e-17	8.62527e-17	8.62541e-17	8.62543e-17	8.62543e-17	8.62543e-17	8.62543e-17	8.62543e-17	8.62543e-17	8.62543e-17	8.62543e-17	8.62543e-17	8.62543e-17	8.62543e-17	8.62543e-17	8.62543e-17	8.62543e-17	8.62543e-17	8.62543e-17	8.62543e-17	8.62543e-17	8.62543e-17	8.62543e-17	8.62543e-17	8.62543e-17	8.62543e-17	8.62543e-17	8.62543e-17	8.62543e-17	8.62543e-17	8.62543e-17	8.62543e-17	8.62543e-17	8.62543e-17	8.62543e-17	8.62543e-17	8.62543e-17	8.62543e-17	8.62543e-17	8.62543e-17	8.62543e-17	8.62543e-17	8.62543e-17	8.62543e-17	8.62543e-17	8.62543e-17	8.62543e-17	8.62543e-17	8.62543e-17	8.62543e-17	8.62543e-17	8.62543e-17	8.62543e-17	8.62543e-17	8.62543e-17	8.62543e-17	8.62543e-17	8.62543e-17	8.62543e-17	8.62543e-17	8.62543e-17	8.62543e-17	8.62543e-17	8.62543e-17	8.62543e-17	8.62543e-17	8.62543e-17	8.62543e-17	8.62543e-17	8.62543e-17
25.88	6.35731e-38	5.93975e-37	1.40534e-36	2.64653e-36	4.54522e-36	7.44969e-36	1.18927e-35	1.86894e-35	2.90865e-35	4.49913e-35	6.93213e-35	1.06540e-34	1.63474e-34	2.50568e-34	3.83798e-34	5.87605e-34	8.99374e-34	1.37630e-33	2.10586e-33	3.22189e-33	4.92912e-33	7.54071e-33	1.15357e-32	1.76470e-32	2.69956e-32	4.12965e-32	6.31727e-32	9.66374e-32	1.47829e-31	2.26138e-31	3.45928e-31	5.29174e-31	8.09487e-31	1.23828e-30	1.89422e-30	2.89760e-30	4.43248e-30	6.78038e-30	1.03719e-29	1.58659e-29	2.42698e-29	3.71250e-29	5.67889e-29	8.68678e-29	1.32877e-28	2.03254e-28	3.10903e-28	4.75559e-28	7.27410e-28	1.11262e-27	1.70180e-27	2.60292e-27	3.98112e-27	6.08888e-27	9.31230e-27	1.42417e-26	2.17797e-26	3.33058e-26	5.09293e-26	7.78735e-26	1.19064e-25	1.82029e-25	2.78266e-25	4.25339e-25	6.50068e-25	9.93398e-25	1.51782e-24	2.31866e-24	3.54133e-24	5.40744e-24	8.25465e-24	1.25971e-23	1.92170e-23	2.93038e-23	4.46640e-23	6.80392e-23	1.03584e-22	1.57589e-22	2.39559e-22	3.63836e-22	5.52019e-22	8.36561e-22	1.26611e-21	1.91338e-21	2.88673e-21	4.34713e-21	6.53270e-21	9.79430e-21	1.46465e-20	2.18401e-20	3.24646e-20	4.80915e-20	7.09722e-20	1.04309e-19	1.52624e-19	2.22242e-19	3.21935e-19	4.63742e-19	6.64001e-19	9.44610e-19	1.33451e-18	1.87132e-18	2.60310e-18	3.58982e-18	4.90441e-18	6.63265e-18	8.87115e-18	1.17224e-17	1.52862e-17	1.96454e-17	2.48480e-17	3.08841e-17	3.76637e-17	4.50001e-17	5.26068e-17	6.01180e-17	6.71334e-17	7.32836e-17	7.83016e-17	8.20756e-17	8.46631e-17	8.62599e-17	8.71339e-17	8.75510e-17	8.77212e-17	8.77792e-17	8.77952e-17	8.77988e-17	8.77994e-17	8.77994e-17	8.77994e-17	8.77994e-17	8.77994e-17	8.77994e-17	8.77994e-17	8.77994e-17	8.77994e-17	8.77994e-17	8.77994e-17	8.77994e-17	8.77994e-17	8.77994e-17	8.77994e-17	8.77994e-17	8.77994e-17	8.77994e-17	8.77994e-17	8.77994e-17	8.77994e-17	8.77994e-17	8.77994e-17	8.77994e-17	8.77994e-17	8.77994e-17	8.77994e-17	8.77994e-17	8.77994e-17	8.77994e-17	8.77994e-17	8.77994e-17	8.77994e-17	8.77994e-17	8.77994e-17	8.77994e-17	8.77994e-17	8.77994e-17	8.77994e-17	8.77994e-17	8.77994e-17	8.77994e-17	8.77994e-17	8.77994e-17	8.77994e-17	8.77994e-17	8.77994e-17	8.77994e-17	8.77994e-17	8.77994e-17	8.77994e-17	8.77994e-17	8.77994e-17	8.77994e-17	8.77994e-17	8.77994e-17	8.77994e-17	8.77994e-17	8.77994e-17	8.77994e-17	8.77994e-17	8.77994e-17	8.77994e-17	8.77994e-17	8.77994e-17	8.77994e-17	8.77994e-17
25.91	5.43422e-38	5.07729e-37	1.20128e-36	2.26225e-36	3.88525e-36	6.36798e-36	1.01659e-35	1.59757e-35	2.48631e-35	3.84585e-35	5.92558e-35	9.10700e-35	1.39737e-34	2.14185e-34	3.28070e-34	5.02284e-34	7.68783e-34	1.17646e-33	1.80008e-33	2.75407e-33	4.21340e-33	6.44579e-33	9.86073e-33	1.50847e-32	2.30758e-32	3.53002e-32	5.40000e-32	8.26055e-32	1.26364e-31	1.93302e-31	2.95699e-31	4.52337e-31	6.91948e-31	1.05848e-30	1.61918e-30	2.47687e-30	3.78889e-30	5.79587e-30	8.86592e-30	1.35621e-29	2.07458e-29	3.17344e-29	4.85433e-29	7.42548e-29	1.13584e-28	1.73742e-28	2.65761e-28	4.06510e-28	6.21794e-28	9.51076e-28	1.45471e-27	2.22500e-27	3.40310e-27	5.20485e-27	7.96030e-27	1.21741e-26	1.86177e-26	2.84706e-26	4.35358e-26	6.65688e-26	1.01781e-25	1.55606e-25	2.37876e-25	3.63605e-25	5.55722e-25	8.49234e-25	1.29757e-24	1.98224e-24	3.02755e-24	4.62303e-24	7.05740e-24	1.07703e-23	1.64308e-23	2.50561e-23	3.81915e-23	5.81822e-23	8.85830e-23	1.34776e-22	2.04895e-22	3.11218e-22	4.72234e-22	7.15735e-22	1.08339e-21	1.63751e-21	2.47098e-21	3.72182e-21	5.59435e-21	8.38979e-21	1.25502e-20	1.87211e-20	2.78402e-20	4.12613e-20	6.09267e-20	8.96037e-20	1.31205e-19	1.91219e-19	2.77273e-19	3.99868e-19	5.73308e-19	8.16847e-19	1.15606e-18	1.62444e-18	2.26507e-18	3.13228e-18	4.29299e-18	5.82724e-18	7.82718e-18	1.03939e-17	1.36305e-17	1.76313e-17	2.24653e-17	2.81558e-17	3.46565e-17	4.18318e-17	4.94449e-17	5.71647e-17	6.45983e-17	7.13471e-17	7.70775e-17	8.15875e-17	8.48440e-17	8.69762e-17	8.82249e-17	8.88689e-17	8.91559e-17	8.92643e-17	8.92981e-17	8.93066e-17	8.93082e-17	8.93084e-17	8.93085e-17	8.93085e-17	8.93085e-17	8.93085e-17	8.93085e-17	8.93085e-17	8.93085e-17	8.93085e-17	8.93085e-17	8.93085e-17	8.93085e-17	8.93085e-17	8.93085e-17	8.93085e-17	8.93085e-17	8.93085e-17	8.93085e-17	8.93085e-17	8.93085e-17	8.93085e-17	8.93085e-17	8.93085e-17	8.93085e-17	8.93085e-17	8.93085e-17	8.93085e-17	8.93085e-17	8.93085e-17	8.93085e-17	8.93085e-17	8.93085e-17	8.93085e-17	8.93085e-17	8.93085e-17	8.93085e-17	8.93085e-17	8.93085e-17	8.93085e-17	8.93085e-17	8.93085e-17	8.93085e-17	8.93085e-17	8.93085e-17	8.93085e-17	8.93085e-17	8.93085e-17	8.93085e-17	8.93085e-17	8.93085e-17	8.93085e-17	8.93085e-17	8.93085e-17	8.93085e-17	8.93085e-17	8.93085e-17	8.93085e-17	8.93085e-17	8.93085e-17	8.93085e-17	8.93085e-17	8.93085e-17	8.93085e-17	8.93085e-17	8.93085e-17	8.93085e-17
25.94	4.64516e-38	4.34006e-37	1.02686e-36	1.93377e-36	3.32110e-36	5.44334e-36	8.68980e-36	1.36560e-35	2.12530e-35	3.28743e-35	5.06517e-35	7.78465e-35	1.19447e-34	1.83085e-34	2.80434e-34	4.29351e-34	6.57155e-34	1.00563e-33	1.53871e-33	2.35417e-33	3.60161e-33	5.50985e-33	8.42894e-33	1.28943e-32	1.97252e-32	3.01745e-32	4.61591e-32	7.06111e-32	1.08016e-31	1.65235e-31	2.52763e-31	3.86657e-31	5.91477e-31	9.04792e-31	1.38407e-30	2.11723e-30	3.23874e-30	4.95431e-30	7.57859e-30	1.15929e-29	1.77335e-29	2.71266e-29	4.14949e-29	6.34731e-29	9.70918e-29	1.48516e-28	2.27173e-28	3.47487e-28	5.31512e-28	8.12986e-28	1.24350e-27	1.90195e-27	2.90901e-27	4.44917e-27	6.80457e-27	1.04066e-26	1.59148e-26	2.43373e-26	3.72155e-26	5.69050e-26	8.70057e-26	1.33019e-25	2.03347e-25	3.10829e-25	4.75066e-25	7.25987e-25	1.10927e-24	1.69461e-24	2.58829e-24	3.95236e-24	6.03371e-24	9.20831e-24	1.40483e-23	2.14237e-23	3.26561e-23	4.97517e-23	7.57517e-23	1.15260e-22	1.75239e-22	2.66195e-22	4.03957e-22	6.12319e-22	9.26968e-22	1.40128e-21	2.11488e-21	3.18607e-21	4.79013e-21	7.18554e-21	1.07519e-20	1.60441e-20	2.38686e-20	3.53911e-20	5.22861e-20	7.69423e-20	1.12743e-19	1.64444e-19	2.38668e-19	3.44560e-19	4.94618e-19	7.05731e-19	1.00044e-18	1.40844e-18	1.96819e-18	2.72866e-18	3.75080e-18	5.10858e-18	6.88886e-18	9.18940e-18	1.21140e-17	1.57638e-17	2.02238e-17	2.55438e-17	3.17169e-17	3.86556e-17	4.61753e-17	5.39900e-17	6.17309e-17	6.89904e-17	7.53872e-17	8.06391e-17	8.46185e-17	8.73711e-17	8.90876e-17	9.00388e-17	9.04992e-17	9.06902e-17	9.07566e-17	9.07754e-17	9.07797e-17	9.07804e-17	9.07805e-17	9.07805e-17	9.07805e-17	9.07805e-17	9.07805e-17	9.07805e-17	9.07805e-17	9.07805e-17	9.07805e-17	9.07805e-17	9.07805e-17	9.07805e-17	9.07805e-17	9.07805e-17	9.07805e-17	9.07805e-17	9.07805e-17	9.07805e-17	9.07805e-17	9.07805e-17	9.07805e-17	9.07805e-17	9.07805e-17	9.07805e-17	9.07805e-17	9.07805e-17	9.07805e-17	9.07805e-17	9.07805e-17	9.07805e-17	9.07805e-17	9.07805e-17	9.07805e-17	9.07805e-17	9.07805e-17	9.07805e-17	9.07805e-17	9.07805e-17	9.07805e-17	9.07805e-17	9.07805e-17	9.07805e-17	9.07805e-17	9.07805e-17	9.07805e-17	9.07805e-17	9.07805e-17	9.07805e-17	9.07805e-17	9.07805e-17	9.07805e-17	9.07805e-17	9.07805e-17	9.07805e-17	9.07805e-17	9.07805e-17	9.07805e-17	9.07805e-17	9.07805e-17	9.07805e-17	9.07805e-17	9.07805e-17	9.07805e-17	9.07805e-17	9.07805e-17
25.98	3.97068e-38	3.70988e-37	8.77755e-37	1.65298e-36	2.83887e-36	4.65296e-36	7.42803e-36	1.16731e-35	1.81670e-35	2.81009e-35	4.32970e-35	6.65431e-35	1.02103e-34	1.56501e-34	2.39714e-34	3.67009e-34	5.61735e-34	8.59613e-34	1.31529e-33	2.01234e-33	3.07865e-33	4.70981e-33	7.20505e-33	1.10221e-32	1.68611e-32	2.57931e-32	3.94568e-32	6.03583e-32	9.23318e-32	1.41242e-31	2.16062e-31	3.30514e-31	5.05594e-31	7.73415e-31	1.18310e-30	1.80981e-30	2.76847e-30	4.23494e-30	6.47818e-30	9.90963e-30	1.51586e-29	2.31879e-29	3.54698e-29	5.42569e-29	8.29943e-29	1.26951e-28	1.94188e-28	2.97033e-28	4.54339e-28	6.94945e-28	1.06295e-27	1.62580e-27	2.48665e-27	3.80320e-27	5.81664e-27	8.89572e-27	1.36042e-26	2.08041e-26	3.18127e-26	4.86440e-26	7.43753e-26	1.13709e-25	1.73830e-25	2.65712e-25	4.06114e-25	6.20622e-25	9.48289e-25	1.44870e-24	2.21274e-24	3.37895e-24	5.15844e-24	7.87272e-24	1.20110e-23	1.83174e-23	2.79224e-23	4.25417e-23	6.47770e-23	9.85675e-23	1.49870e-22	2.27675e-22	3.45532e-22	5.23812e-22	7.93073e-22	1.19904e-21	1.80992e-21	2.72714e-21	4.10099e-21	6.15324e-21	9.20980e-21	1.37473e-20	2.04590e-20	3.03482e-20	4.48573e-20	6.60470e-20	9.68403e-20	1.41352e-19	2.05328e-19	2.96719e-19	4.26425e-19	6.09227e-19	8.64945e-19	1.21981e-18	1.70804e-18	2.37352e-18	3.27146e-18	4.46967e-18	6.04912e-18	8.10298e-18	1.07334e-17	1.40448e-17	1.81331e-17	2.30692e-17	2.88790e-17	3.55193e-17	4.28573e-17	5.06579e-17	5.85896e-17	6.62552e-17	7.32467e-17	7.92170e-17	8.39479e-17	8.73920e-17	8.96686e-17	9.10171e-17	9.17217e-17	9.20408e-17	9.21633e-17	9.22024e-17	9.22124e-17	9.22144e-17	9.22147e-17	9.22147e-17	9.22147e-17	9.22147e-17	9.22147e-17	9.22147e-17	9.22147e-17	9.22147e-17	9.22147e-17	9.22147e-17	9.22147e-17	9.22147e-17	9.22147e-17	9.22147e-17	9.22147e-17	9.22147e-17	9.22147e-17	9.22147e-17	9.22147e-17	9.22147e-17	9.22147e-17	9.22147e-17	9.22147e-17	9.22147e-17	9.22147e-17	9.22147e-17	9.22147e-17	9.22147e-17	9.22147e-17	9.22147e-17	9.22147e-17	9.22147e-17	9.22147e-17	9.22147e-17	9.22147e-17	9.22147e-17	9.22147e-17	9.22147e-17	9.22147e-17	9.22147e-17	9.22147e-17	9.22147e-17	9.22147e-17	9.22147e-17	9.22147e-17	9.22147e-17	9.22147e-17	9.22147e-17	9.22147e-17	9.22147e-17	9.22147e-17	9.22147e-17	9.22147e-17	9.22147e-17	9.22147e-17	9.22147e-17	9.22147e-17	9.22147e-17	9.22147e-17	9.22147e-17	9.22147e-17	9.22147e-17	9.22147e-17	9.22147e-17	9.22147e-17
26.01	3.39413e-38	3.17120e-37	7.50304e-37	1.41297e-36	2.42666e-36	3.97734e-36	6.34946e-36	9.97818e-36	1.55291e-35	2.40206e-35	3.70102e-35	5.68809e-35	8.72777e-35	1.33777e-34	2.04908e-34	3.13719e-34	4.80170e-34	7.34796e-34	1.12431e-33	1.72015e-33	2.63163e-33	4.02594e-33	6.15886e-33	9.42165e-33	1.44128e-32	2.20479e-32	3.37276e-32	5.15942e-32	7.89251e-32	1.20734e-31	1.84689e-31	2.82523e-31	4.32181e-31	6.61115e-31	1.01132e-30	1.54702e-30	2.36649e-30	3.62003e-30	5.53755e-30	8.47075e-30	1.29576e-29	1.98210e-29	3.03197e-29	4.63789e-29	7.09437e-29	1.08518e-28	1.65993e-28	2.53905e-28	3.88371e-28	5.94042e-28	9.08617e-28	1.38975e-27	2.12561e-27	3.25101e-27	4.97213e-27	7.60418e-27	1.16291e-26	1.77837e-26	2.71942e-26	4.15821e-26	6.35782e-26	9.72025e-26	1.48597e-25	2.27143e-25	3.47168e-25	5.30546e-25	8.10665e-25	1.23847e-24	1.89166e-24	2.88869e-24	4.41009e-24	6.73075e-24	1.02691e-23	1.56613e-23	2.38743e-23	3.63756e-23	5.53906e-23	8.42894e-23	1.28168e-22	1.94721e-22	2.95543e-22	4.48072e-22	6.78473e-22	1.02590e-21	1.54880e-21	2.33408e-21	3.51058e-21	5.26853e-21	7.88760e-21	1.17771e-20	1.75328e-20	2.60175e-20	3.84733e-20	5.66763e-20	8.31498e-20	1.21451e-19	1.76559e-19	2.55376e-19	3.67391e-19	5.25519e-19	7.47140e-19	1.05537e-18	1.48053e-18	2.06179e-18	2.84887e-18	3.90352e-18	5.30051e-18	7.12756e-18	9.48334e-18	1.24727e-17	1.61982e-17	2.07464e-17	2.61698e-17	3.24642e-17	3.95452e-17	4.72315e-17	5.52382e-17	6.31949e-17	7.06878e-17	7.73243e-17	8.28071e-17	8.69925e-17	8.99134e-17	9.17538e-17	9.27861e-17	9.32930e-17	9.35068e-17	9.35825e-17	9.36045e-17	9.36095e-17	9.36104e-17	9.36106e-17	9.36106e-17	9.36106e-17	9.36106e-17	9.36106e-17	9.36106e-17	9.36106e-17	9.36106e-17	9.36106e-17	9.36106e-17	9.36106e-17	9.36106e-17	9.36106e-17	9.36106e-17	9.36106e-17	9.36106e-17	9.36106e-17	9.36106e-17	9.36106e-17	9.36106e-17	9.36106e-17	9.36106e-17	9.36106e-17	9.36106e-17	9.36106e-17	9.36106e-17	9.36106e-17	9.36106e-17	9.36106e-17	9.36106e-17	9.36106e-17	9.36106e-17	9.36106e-17	9.36106e-17	9.36106e-17	9.36106e-17	9.36106e-17	9.36106e-17	9.36106e-17	9.36106e-17	9.36106e-17	9.36106e-17	9.36106e-17	9.36106e-17	9.36106e-17	9.36106e-17	9.36106e-17	9.36106e-17	9.36106e-17	9.36106e-17	9.36106e-17	9.36106e-17	9.36106e-17	9.36106e-17	9.36106e-17	9.36106e-17	9.36106e-17	9.36106e-17	9.36106e-17	9.36106e-17	9.36106e-17	9.36106e-17	9.36106e-17	9.36106e-17
26.05	2.90130e-38	2.71073e-37	6.41359e-37	1.20780e-36	2.07431e-36	3.39983e-36	5.42751e-36	8.52933e-36	1.32743e-35	2.05328e-35	3.16363e-35	4.86217e-35	7.46049e-35	1.14352e-34	1.75155e-34	2.68166e-34	4.10449e-34	6.28103e-34	9.61054e-34	1.47038e-33	2.24951e-33	3.44137e-33	5.26459e-33	8.05361e-33	1.23201e-32	1.88466e-32	2.88303e-32	4.41027e-32	6.74651e-32	1.03203e-31	1.57872e-31	2.41501e-31	3.69428e-31	5.65120e-31	8.64472e-31	1.32239e-30	2.02287e-30	3.09440e-30	4.73349e-30	7.24080e-30	1.10762e-29	1.69430e-29	2.59173e-29	3.96447e-29	6.06427e-29	9.27617e-29	1.41891e-28	2.17038e-28	3.31981e-28	5.07790e-28	7.76690e-28	1.18797e-27	1.81698e-27	2.77899e-27	4.25023e-27	6.50015e-27	9.94073e-27	1.52018e-26	2.32462e-26	3.55453e-26	5.43484e-26	8.30918e-26	1.27026e-25	1.94171e-25	2.96776e-25	4.53541e-25	6.93009e-25	1.05874e-24	1.61715e-24	2.46955e-24	3.77026e-24	5.75435e-24	8.77960e-24	1.33901e-23	2.04127e-23	3.11026e-23	4.73632e-23	7.20773e-23	1.09605e-22	1.66529e-22	2.52774e-22	3.83263e-22	5.80397e-22	8.77707e-22	1.32524e-21	1.99747e-21	3.00484e-21	4.51045e-21	6.75424e-21	1.00875e-20	1.50222e-20	2.22999e-20	3.29894e-20	4.86208e-20	7.13703e-20	1.04311e-19	1.51751e-19	2.19677e-19	3.16338e-19	4.52995e-19	6.44857e-19	9.12239e-19	1.28193e-18	1.78876e-18	2.47727e-18	3.40335e-18	4.63551e-18	6.25546e-18	8.35711e-18	1.10435e-17	1.44202e-17	1.85844e-17	2.36094e-17	2.95235e-17	3.62872e-17	4.37708e-17	5.17424e-17	5.98709e-17	6.77559e-17	7.49809e-17	8.11859e-17	8.61365e-17	8.97699e-17	9.21948e-17	9.36472e-17	9.44162e-17	9.47697e-17	9.49079e-17	9.49529e-17	9.49647e-17	9.49671e-17	9.49675e-17	9.49675e-17	9.49675e-17	9.49675e-17	9.49675e-17	9.49675e-17	9.49675e-17	9.49675e-17	9.49675e-17	9.49675e-17	9.49675e-17	9.49675e-17	9.49675e-17	9.49675e-17	9.49675e-17	9.49675e-17	9.49675e-17	9.49675e-17	9.49675e-17	9.49675e-17	9.49675e-17	9.49675e-17	9.49675e-17	9.49675e-17	9.49675e-17	9.49675e-17	9.49675e-17	9.49675e-17	9.49675e-17	9.49675e-17	9.49675e-17	9.49675e-17	9.49675e-17	9.49675e-17	9.49675e-17	9.49675e-17	9.49675e-17	9.49675e-17	9.49675e-17	9.49675e-17	9.49675e-17	9.49675e-17	9.49675e-17	9.49675e-17	9.49675e-17	9.49675e-17	9.49675e-17	9.49675e-17	9.49675e-17	9.49675e-17	9.49675e-17	9.49675e-17	9.49675e-17	9.49675e-17	9.49675e-17	9.49675e-17	9.49675e-17	9.49675e-17	9.49675e-17	9.49675e-17	9.49675e-17	9.49675e-17	9.49675e-17	9.49675e-17
26.08	2.48002e-38	2.31713e-37	5.48232e-37	1.03243e-36	1.77312e-36	2.90617e-36	4.63943e-36	7.29086e-36	1.13468e-35	1.75514e-35	2.70427e-35	4.15618e-35	6.37721e-35	9.77480e-35	1.49722e-34	2.29228e-34	3.50851e-34	5.36901e-34	8.21508e-34	1.25688e-33	1.92288e-33	2.94168e-33	4.50016e-33	6.88422e-33	1.05312e-32	1.61100e-32	2.46441e-32	3.76989e-32	5.76691e-32	8.82179e-32	1.34949e-31	2.06434e-31	3.15787e-31	4.83064e-31	7.38950e-31	1.13038e-30	1.72915e-30	2.64509e-30	4.04619e-30	6.18943e-30	9.46790e-30	1.44829e-29	2.21541e-29	3.38883e-29	5.18375e-29	7.92929e-29	1.21289e-28	1.85525e-28	2.83779e-28	4.34061e-28	6.63919e-28	1.01548e-27	1.55317e-27	2.37551e-27	3.63314e-27	5.55640e-27	8.49747e-27	1.29947e-26	1.98712e-26	3.03849e-26	4.64583e-26	7.10293e-26	1.08586e-25	1.65985e-25	2.53698e-25	3.87710e-25	5.92426e-25	9.05082e-25	1.38247e-24	2.11120e-24	3.22322e-24	4.91954e-24	7.50606e-24	1.14481e-23	1.74527e-23	2.65933e-23	4.04981e-23	6.16328e-23	9.37274e-23	1.42414e-22	2.16185e-22	3.27812e-22	4.96470e-22	7.50867e-22	1.13387e-21	1.70927e-21	2.57170e-21	3.86100e-21	5.78296e-21	8.63905e-21	1.28688e-20	1.91096e-20	2.82805e-20	4.16988e-20	6.12403e-20	8.95577e-20	1.30375e-19	1.88877e-19	2.72227e-19	3.90227e-19	5.56161e-19	7.87840e-19	1.10886e-18	1.55009e-18	2.15126e-18	2.96268e-18	4.04669e-18	5.47869e-18	7.34702e-18	9.75104e-18	1.27965e-17	1.65871e-17	2.12113e-17	2.67238e-17	3.31237e-17	4.03306e-17	4.81665e-17	5.63493e-17	6.45076e-17	7.22226e-17	7.90914e-17	8.48017e-17	8.91934e-17	9.22853e-17	9.42537e-17	9.53712e-17	9.59277e-17	9.61663e-17	9.62524e-17	9.62779e-17	9.62840e-17	9.62851e-17	9.62852e-17	9.62852e-17	9.62852e-17	9.62852e-17	9.62852e-17	9.62852e-17	9.62852e-17	9.62852e-17	9.62852e-17	9.62852e-17	9.62852e-17	9.62852e-17	9.62852e-17	9.62852e-17	9.62852e-17	9.62852e-17	9.62852e-17	9.62852e-17	9.62852e-17	9.62852e-17	9.62852e-17	9.62852e-17	9.62852e-17	9.62852e-17	9.62852e-17	9.62852e-17	9.62852e-17	9.62852e-17	9.62852e-17	9.62852e-17	9.62852e-17	9.62852e-17	9.62852e-17	9.62852e-17	9.62852e-17	9.62852e-17	9.62852e-17	9.62852e-17	9.62852e-17	9.62852e-17	9.62852e-17	9.62852e-17	9.62852e-17	9.62852e-17	9.62852e-17	9.62852e-17	9.62852e-17	9.62852e-17	9.62852e-17	9.62852e-17	9.62852e-17	9.62852e-17	9.62852e-17	9.62852e-17	9.62852e-17	9.62852e-17	9.62852e-17	9.62852e-17	9.62852e-17	9.62852e-17	9.62852e-17	9.62852e-17	9.62852e-17
26.11	2.11992e-38	1.98068e-37	4.68628e-37	8.82517e-37	1.51566e-36	2.48419e-36	3.96578e-36	6.23221e-36	9.69925e-36	1.50029e-35	2.31160e-35	3.55269e-35	5.45123e-35	8.35549e-35	1.27982e-34	1.95944e-34	2.99907e-34	4.58942e-34	7.02224e-34	1.07438e-33	1.64367e-33	2.51454e-33	3.84673e-33	5.88462e-33	9.00203e-33	1.37708e-32	2.10657e-32	3.22250e-32	4.92955e-32	7.54086e-32	1.15354e-31	1.76460e-31	2.69934e-31	4.12923e-31	6.31654e-31	9.66248e-31	1.47808e-30	2.26102e-30	3.45868e-30	5.29073e-30	8.09316e-30	1.23800e-29	1.89373e-29	2.89678e-29	4.43107e-29	6.77797e-29	1.03678e-28	1.58587e-28	2.42575e-28	3.71037e-28	5.67521e-28	8.68038e-28	1.32766e-27	2.03060e-27	3.10564e-27	4.74967e-27	7.26375e-27	1.11081e-26	1.69863e-26	2.59736e-26	3.97136e-26	6.07177e-26	9.28228e-26	1.41890e-25	2.16871e-25	3.31433e-25	5.06439e-25	7.73723e-25	1.18184e-24	1.80484e-24	2.75553e-24	4.20579e-24	6.41718e-24	9.78757e-24	1.49216e-23	2.27374e-23	3.46273e-23	5.27005e-23	8.01475e-23	1.21787e-22	1.84884e-22	2.80370e-22	4.24656e-22	6.42319e-22	9.70060e-22	1.46252e-21	2.20079e-21	3.30470e-21	4.95073e-21	7.39750e-21	1.10223e-20	1.63726e-20	2.42384e-20	3.57533e-20	5.25328e-20	7.68649e-20	1.11966e-19	1.62323e-19	2.34146e-19	3.35957e-19	4.79335e-19	6.79865e-19	9.58282e-19	1.34184e-18	1.86586e-18	2.57539e-18	3.52684e-18	4.78924e-18	6.44477e-18	8.58794e-18	1.13224e-17	1.47547e-17	1.89835e-17	2.40841e-17	3.00878e-17	3.69586e-17	4.45712e-17	5.26972e-17	6.10072e-17	6.90985e-17	7.65476e-17	8.29815e-17	8.81502e-17	9.19743e-17	9.45509e-17	9.61115e-17	9.69485e-17	9.73391e-17	9.74946e-17	9.75462e-17	9.75600e-17	9.75630e-17	9.75634e-17	9.75635e-17	9.75635e-17	9.75635e-17	9.75635e-17	9.75635e-17	9.75635e-17	9.75635e-17	9.75635e-17	9.75635e-17	9.75635e-17	9.75635e-17	9.75635e-17	9.75635e-17	9.75635e-17	9.75635e-17	9.75635e-17	9.75635e-17	9.75635e-17	9.75635e-17	9.75635e-17	9.75635e-17	9.75635e-17	9.75635e-17	9.75635e-17	9.75635e-17	9.75635e-17	9.75635e-17	9.75635e-17	9.75635e-17	9.75635e-17	9.75635e-17	9.75635e-17	9.75635e-17	9.75635e-17	9.75635e-17	9.75635e-17	9.75635e-17	9.75635e-17	9.75635e-17	9.75635e-17	9.75635e-17	9.75635e-17	9.75635e-17	9.75635e-17	9.75635e-17	9.75635e-17	9.75635e-17	9.75635e-17	9.75635e-17	9.75635e-17	9.75635e-17	9.75635e-17	9.75635e-17	9.75635e-17	9.75635e-17	9.75635e-17	9.75635e-17	9.75635e-17	9.75635e-17	9.75635e-17	9.75635e-17	9.75635e-17
26.15	1.81210e-38	1.69308e-37	4.00583e-37	7.54374e-37	1.29558e-36	2.12348e-36	3.38994e-36	5.32729e-36	8.29091e-36	1.28244e-35	1.97595e-35	3.03684e-35	4.65971e-35	7.14226e-35	1.09399e-34	1.67492e-34	2.56360e-34	3.92303e-34	6.00260e-34	9.18377e-34	1.40501e-33	2.14943e-33	3.28818e-33	5.03016e-33	7.69492e-33	1.17713e-32	1.80070e-32	2.75459e-32	4.21377e-32	6.44592e-32	9.86047e-32	1.50838e-31	2.30739e-31	3.52966e-31	5.39937e-31	8.25948e-31	1.26346e-30	1.93272e-30	2.95648e-30	4.52251e-30	6.91803e-30	1.05824e-29	1.61876e-29	2.47617e-29	3.78769e-29	5.79381e-29	8.86240e-29	1.35561e-28	2.07353e-28	3.17163e-28	4.85119e-28	7.42003e-28	1.13489e-27	1.73577e-27	2.65473e-27	4.06007e-27	6.20913e-27	9.49535e-27	1.45201e-26	2.22027e-26	3.39481e-26	5.19030e-26	7.93476e-26	1.21292e-25	1.85390e-25	2.83324e-25	4.32930e-25	6.61424e-25	1.01032e-24	1.54292e-24	2.35568e-24	3.59555e-24	5.48619e-24	8.36780e-24	1.27574e-23	1.94402e-23	2.96069e-23	4.50616e-23	6.85332e-23	1.04144e-22	1.58110e-22	2.39785e-22	3.63213e-22	5.49431e-22	8.29864e-22	1.25131e-21	1.88321e-21	2.82828e-21	4.23779e-21	6.33355e-21	9.43929e-21	1.40251e-20	2.07699e-20	3.06483e-20	4.50513e-20	6.59507e-20	9.61221e-20	1.39445e-19	2.01297e-19	2.89075e-19	4.12860e-19	5.86258e-19	8.27447e-19	1.16043e-18	1.61648e-18	2.23580e-18	3.06911e-18	4.17920e-18	5.64186e-18	7.54585e-18	9.99105e-18	1.30839e-17	1.69292e-17	2.16170e-17	2.72047e-17	3.36947e-17	4.10110e-17	4.89799e-17	5.73226e-17	6.56683e-17	7.35940e-17	8.06872e-17	8.66210e-17	9.12188e-17	9.44842e-17	9.65846e-17	9.77914e-17	9.84007e-17	9.86662e-17	9.87639e-17	9.87935e-17	9.88006e-17	9.88020e-17	9.88022e-17	9.88022e-17	9.88022e-17	9.88022e-17	9.88022e-17	9.88022e-17	9.88022e-17	9.88022e-17	9.88022e-17	9.88022e-17	9.88022e-17	9.88022e-17	9.88022e-17	9.88022e-17	9.88022e-17	9.88022e-17	9.88022e-17	9.88022e-17	9.88022e-17	9.88022e-17	9.88022e-17	9.88022e-17	9.88022e-17	9.88022e-17	9.88022e-17	9.88022e-17	9.88022e-17	9.88022e-17	9.88022e-17	9.88022e-17	9.88022e-17	9.88022e-17	9.88022e-17	9.88022e-17	9.88022e-17	9.88022e-17	9.88022e-17	9.88022e-17	9.88022e-17	9.88022e-17	9.88022e-17	9.88022e-17	9.88022e-17	9.88022e-17	9.88022e-17	9.88022e-17	9.88022e-17	9.88022e-17	9.88022e-17	9.88022e-17	9.88022e-17	9.88022e-17	9.88022e-17	9.88022e-17	9.88022e-17	9.88022e-17	9.88022e-17	9.88022e-17	9.88022e-17	9.88022e-17	9.88022e-17	9.88022e-17
26.18	1.54898e-38	1.44724e-37	3.42417e-37	6.44838e-37	1.10746e-36	1.81515e-36	2.89772e-36	4.55376e-36	7.08705e-36	1.09623e-35	1.68904e-35	2.59588e-35	3.98311e-35	6.10519e-35	9.35140e-35	1.43172e-34	2.19136e-34	3.35340e-34	5.13101e-34	7.85027e-34	1.20100e-33	1.83733e-33	2.81073e-33	4.29978e-33	6.57761e-33	1.00621e-32	1.53923e-32	2.35462e-32	3.60193e-32	5.50996e-32	8.42872e-32	1.28936e-31	1.97236e-31	3.01715e-31	4.61538e-31	7.06019e-31	1.08000e-30	1.65209e-30	2.52720e-30	3.86584e-30	5.91353e-30	9.04583e-30	1.38372e-29	2.11663e-29	3.23772e-29	4.95256e-29	7.57559e-29	1.15878e-28	1.77246e-28	2.71112e-28	4.14681e-28	6.34267e-28	9.70111e-28	1.48375e-27	2.26928e-27	3.47058e-27	5.30763e-27	8.11674e-27	1.24120e-26	1.89793e-26	2.90195e-26	4.43679e-26	6.78284e-26	1.03684e-25	1.58478e-25	2.42197e-25	3.70089e-25	5.65422e-25	8.63686e-25	1.31900e-24	2.01384e-24	3.07383e-24	4.69022e-24	7.15389e-24	1.09070e-23	1.66209e-23	2.53140e-23	3.85291e-23	5.86005e-23	8.90545e-23	1.35209e-22	2.05066e-22	3.10645e-22	4.69952e-22	7.09887e-22	1.07052e-21	1.61133e-21	2.42032e-21	3.62713e-21	5.42195e-21	8.08250e-21	1.20123e-20	1.77943e-20	2.62666e-20	3.86258e-20	5.65700e-20	8.24931e-20	1.19745e-19	1.72980e-19	2.48610e-19	3.55396e-19	5.05198e-19	7.13918e-19	1.00264e-18	1.39898e-18	1.93865e-18	2.66706e-18	3.64098e-18	4.92975e-18	6.61589e-18	8.79424e-18	1.15690e-17	1.50474e-17	1.93295e-17	2.44926e-17	3.05712e-17	3.75333e-17	4.52584e-17	5.35224e-17	6.19986e-17	7.02833e-17	7.79464e-17	8.46033e-17	8.99877e-17	9.40038e-17	9.67354e-17	9.84082e-17	9.93170e-17	9.97476e-17	9.99219e-17	9.99809e-17	9.99972e-17	1.00001e-16	1.00001e-16	1.00001e-16	1.00001e-16	1.00001e-16	1.00001e-16	1.00001e-16	1.00001e-16	1.00001e-16	1.00001e-16	1.00001e-16	1.00001e-16	1.00001e-16	1.00001e-16	1.00001e-16	1.00001e-16	1.00001e-16	1.00001e-16	1.00001e-16	1.00001e-16	1.00001e-16	1.00001e-16	1.00001e-16	1.00001e-16	1.00001e-16	1.00001e-16	1.00001e-16	1.00001e-16	1.00001e-16	1.00001e-16	1.00001e-16	1.00001e-16	1.00001e-16	1.00001e-16	1.00001e-16	1.00001e-16	1.00001e-16	1.00001e-16	1.00001e-16	1.00001e-16	1.00001e-16	1.00001e-16	1.00001e-16	1.00001e-16	1.00001e-16	1.00001e-16	1.00001e-16	1.00001e-16	1.00001e-16	1.00001e-16	1.00001e-16	1.00001e-16	1.00001e-16	1.00001e-16	1.00001e-16	1.00001e-16	1.00001e-16	1.00001e-16	1.00001e-16	1.00001e-16	1.00001e-16	1.00001e-16	1.00001e-16
26.22	1.32407e-38	1.23710e-37	2.92698e-37	5.51206e-37	9.46656e-37	1.55158e-36	2.47696e-36	3.89254e-36	6.05800e-36	9.37057e-36	1.44379e-35	2.21896e-35	3.40476e-35	5.21871e-35	7.99356e-35	1.22383e-34	1.87317e-34	2.86648e-34	4.38598e-34	6.71040e-34	1.02661e-33	1.57054e-33	2.40261e-33	3.67544e-33	5.62253e-33	8.60104e-33	1.31573e-32	2.01272e-32	3.07892e-32	4.70991e-32	7.20486e-32	1.10214e-31	1.68597e-31	2.57906e-31	3.94522e-31	6.03505e-31	9.23186e-31	1.41220e-30	2.16025e-30	3.30452e-30	5.05489e-30	7.73237e-30	1.18280e-29	1.80929e-29	2.76760e-29	4.23345e-29	6.47562e-29	9.90523e-29	1.51510e-28	2.31747e-28	3.54471e-28	5.42174e-28	8.29255e-28	1.26832e-27	1.93980e-27	2.96668e-27	4.53701e-27	6.93828e-27	1.06100e-26	1.62238e-26	2.48064e-26	3.79266e-26	5.79814e-26	8.86324e-26	1.35472e-25	2.07039e-25	3.16369e-25	4.83351e-25	7.38330e-25	1.12757e-24	1.72159e-24	2.62779e-24	4.00969e-24	6.11601e-24	9.32482e-24	1.42102e-23	2.16431e-23	3.29429e-23	5.01061e-23	7.61491e-23	1.15621e-22	1.75368e-22	2.65675e-22	4.01951e-22	6.07222e-22	9.15792e-22	1.37860e-21	2.07103e-21	3.10417e-21	4.64104e-21	6.91984e-21	1.02868e-20	1.52425e-20	2.25069e-20	3.31091e-20	4.85108e-20	7.07751e-20	1.02793e-19	1.48587e-19	2.13709e-19	3.05765e-19	4.35076e-19	6.15523e-19	8.65584e-19	1.20958e-18	1.67912e-18	2.31470e-18	3.16736e-18	4.30011e-18	5.78900e-18	7.72301e-18	1.02023e-17	1.33340e-17	1.72237e-17	2.19631e-17	2.76123e-17	3.41774e-17	4.15870e-17	4.96725e-17	5.81593e-17	6.66780e-17	7.48026e-17	8.21120e-17	8.82652e-17	9.30684e-17	9.65096e-17	9.87457e-17	1.00046e-16	1.00711e-16	1.01006e-16	1.01116e-16	1.01151e-16	1.01159e-16	1.01161e-16	1.01161e-16	1.01161e-16	1.01161e-16	1.01161e-16	1.01161e-16	1.01161e-16	1.01161e-16	1.01161e-16	1.01161e-16	1.01161e-16	1.01161e-16	1.01161e-16	1.01161e-16	1.01161e-16	1.01161e-16	1.01161e-16	1.01161e-16	1.01161e-16	1.01161e-16	1.01161e-16	1.01161e-16	1.01161e-16	1.01161e-16	1.01161e-16	1.01161e-16	1.01161e-16	1.01161e-16	1.01161e-16	1.01161e-16	1.01161e-16	1.01161e-16	1.01161e-16	1.01161e-16	1.01161e-16	1.01161e-16	1.01161e-16	1.01161e-16	1.01161e-16	1.01161e-16	1.01161e-16	1.01161e-16	1.01161e-16	1.01161e-16	1.01161e-16	1.01161e-16	1.01161e-16	1.01161e-16	1.01161e-16	1.01161e-16	1.01161e-16	1.01161e-16	1.01161e-16	1.01161e-16	1.01161e-16	1.01161e-16	1.01161e-16	1.01161e-16	1.01161e-16	1.01161e-16	1.01161e-16	1.01161e-16
26.25	1.13181e-38	1.05747e-37	2.50198e-37	4.71170e-37	8.09200e-37	1.32629e-36	2.11730e-36	3.32734e-36	5.17837e-36	8.00995e-36	1.23415e-35	1.89676e-35	2.91038e-35	4.46094e-35	6.83289e-35	1.04613e-34	1.60118e-34	2.45027e-34	3.74913e-34	5.73604e-34	8.77548e-34	1.34250e-33	2.05375e-33	3.14176e-33	4.80613e-33	7.35216e-33	1.12469e-32	1.72047e-32	2.63186e-32	4.02602e-32	6.15870e-32	9.42110e-32	1.44116e-31	2.20457e-31	3.37237e-31	5.15875e-31	7.89139e-31	1.20715e-30	1.84658e-30	2.82470e-30	4.32091e-30	6.60963e-30	1.01106e-29	1.54659e-29	2.36575e-29	3.61876e-29	5.53537e-29	8.46700e-29	1.29511e-28	1.98098e-28	3.03003e-28	4.63452e-28	7.08851e-28	1.08416e-27	1.65815e-27	2.53594e-27	3.87828e-27	5.93091e-27	9.06951e-27	1.38683e-26	2.12049e-26	3.24204e-26	4.95638e-26	7.57653e-26	1.15806e-25	1.76984e-25	2.70445e-25	4.13191e-25	6.31164e-25	9.63918e-25	1.47174e-24	2.24645e-24	3.42787e-24	5.22865e-24	7.97205e-24	1.21490e-23	1.85042e-23	2.81661e-23	4.28421e-23	6.51122e-23	9.88675e-23	1.49966e-22	2.27206e-22	3.43774e-22	5.19377e-22	7.83382e-22	1.17941e-21	1.77201e-21	2.65636e-21	3.97219e-21	5.92372e-21	8.80792e-21	1.30545e-20	1.92818e-20	2.83743e-20	4.15896e-20	6.07045e-20	8.82119e-20	1.27585e-19	1.83629e-19	2.62934e-19	3.74471e-19	5.30338e-19	7.46694e-19	1.04490e-18	1.45285e-18	2.00652e-18	2.75157e-18	3.74496e-18	5.05618e-18	6.76791e-18	8.97515e-18	1.17824e-17	1.52976e-17	1.96220e-17	2.48351e-17	3.09744e-17	3.80125e-17	4.58338e-17	5.42198e-17	6.28470e-17	7.13118e-17	7.91789e-17	8.60523e-17	9.16499e-17	9.58586e-17	9.87484e-17	1.00538e-16	1.01522e-16	1.01995e-16	1.02190e-16	1.02258e-16	1.02277e-16	1.02281e-16	1.02281e-16	1.02282e-16	1.02282e-16	1.02282e-16	1.02282e-16	1.02282e-16	1.02282e-16	1.02282e-16	1.02282e-16	1.02282e-16	1.02282e-16	1.02282e-16	1.02282e-16	1.02282e-16	1.02282e-16	1.02282e-16	1.02282e-16	1.02282e-16	1.02282e-16	1.02282e-16	1.02282e-16	1.02282e-16	1.02282e-16	1.02282e-16	1.02282e-16	1.02282e-16	1.02282e-16	1.02282e-16	1.02282e-16	1.02282e-16	1.02282e-16	1.02282e-16	1.02282e-16	1.02282e-16	1.02282e-16	1.02282e-16	1.02282e-16	1.02282e-16	1.02282e-16	1.02282e-16	1.02282e-16	1.02282e-16	1.02282e-16	1.02282e-16	1.02282e-16	1.02282e-16	1.02282e-16	1.02282e-16	1.02282e-16	1.02282e-16	1.02282e-16	1.02282e-16	1.02282e-16	1.02282e-16	1.02282e-16	1.02282e-16	1.02282e-16	1.02282e-16	1.02282e-16	1.02282e-16	1.02282e-16
26.28	9.67472e-39	9.03926e-38	2.13869e-37	4.02756e-37	6.91703e-37	1.13371e-36	1.80987e-36	2.84421e-36	4.42646e-36	6.84689e-36	1.05495e-35	1.62135e-35	2.48779e-35	3.81321e-35	5.84074e-35	8.94232e-35	1.36869e-34	2.09448e-34	3.20475e-34	4.90316e-34	7.50126e-34	1.14757e-33	1.75554e-33	2.68558e-33	4.10827e-33	6.28461e-33	9.61382e-33	1.47066e-32	2.24971e-32	3.44144e-32	5.26445e-32	8.05315e-32	1.23191e-31	1.88447e-31	2.88270e-31	4.40970e-31	6.74555e-31	1.03187e-30	1.57845e-30	2.41455e-30	3.69352e-30	5.64991e-30	8.64253e-30	1.32202e-29	2.02224e-29	3.09331e-29	4.73164e-29	7.23760e-29	1.10707e-28	1.69335e-28	2.59007e-28	3.96161e-28	6.05929e-28	9.26748e-28	1.41739e-27	2.16774e-27	3.31518e-27	5.06980e-27	7.75272e-27	1.18548e-26	1.81263e-26	2.77135e-26	4.23681e-26	6.47660e-26	9.89938e-26	1.51292e-25	2.31186e-25	3.53214e-25	5.39551e-25	8.24013e-25	1.25814e-24	1.92044e-24	2.93045e-24	4.46999e-24	6.81546e-24	1.03866e-23	1.58203e-23	2.40815e-23	3.66305e-23	5.56738e-23	8.45396e-23	1.28239e-22	1.94300e-22	2.94005e-22	4.44220e-22	6.70081e-22	1.00893e-21	1.51605e-21	2.27297e-21	3.39941e-21	5.07042e-21	7.54071e-21	1.11790e-20	1.65160e-20	2.43119e-20	3.56479e-20	5.20534e-20	7.56766e-20	1.09515e-19	1.57720e-19	2.26000e-19	3.22139e-19	4.56663e-19	6.43679e-19	9.01902e-19	1.25589e-18	1.73748e-18	2.38736e-18	3.25672e-18	4.40869e-18	5.91937e-18	7.87779e-18	1.03843e-17	1.35463e-17	1.74704e-17	2.22499e-17	2.79474e-17	3.45730e-17	4.20603e-17	5.02464e-17	5.88616e-17	6.75392e-17	7.58509e-17	8.33680e-17	8.97359e-17	9.47435e-17	9.83625e-17	1.00738e-16	1.02135e-16	1.02861e-16	1.03187e-16	1.03311e-16	1.03351e-16	1.03361e-16	1.03363e-16	1.03363e-16	1.03363e-16	1.03363e-16	1.03363e-16	1.03363e-16	1.03363e-16	1.03363e-16	1.03363e-16	1.03363e-16	1.03363e-16	1.03363e-16	1.03363e-16	1.03363e-16	1.03363e-16	1.03363e-16	1.03363e-16	1.03363e-16	1.03363e-16	1.03363e-16	1.03363e-16	1.03363e-16	1.03363e-16	1.03363e-16	1.03363e-16	1.03363e-16	1.03363e-16	1.03363e-16	1.03363e-16	1.03363e-16	1.03363e-16	1.03363e-16	1.03363e-16	1.03363e-16	1.03363e-16	1.03363e-16	1.03363e-16	1.03363e-16	1.03363e-16	1.03363e-16	1.03363e-16	1.03363e-16	1.03363e-16	1.03363e-16	1.03363e-16	1.03363e-16	1.03363e-16	1.03363e-16	1.03363e-16	1.03363e-16	1.03363e-16	1.03363e-16	1.03363e-16	1.03363e-16	1.03363e-16	1.03363e-16	1.03363e-16	1.03363e-16	1.03363e-16	1.03363e-16	1.03363e-16
26.32	8.26993e-39	7.72675e-38	1.82815e-37	3.44275e-37	5.91267e-37	9.69095e-37	1.54707e-36	2.43122e-36	3.78373e-36	5.85271e-36	9.01769e-36	1.38593e-35	2.12656e-35	3.25952e-35	4.99266e-35	7.64388e-35	1.16995e-34	1.79036e-34	2.73942e-34	4.19121e-34	6.41207e-34	9.80938e-34	1.50063e-33	2.29563e-33	3.51175e-33	5.37208e-33	8.21788e-33	1.25712e-32	1.92305e-32	2.94174e-32	4.50005e-32	6.88382e-32	1.05303e-31	1.61084e-31	2.46413e-31	3.76940e-31	5.76609e-31	8.82041e-31	1.34926e-30	2.06396e-30	3.15721e-30	4.82954e-30	7.38764e-30	1.13006e-29	1.72861e-29	2.64417e-29	4.04461e-29	6.18671e-29	9.46321e-29	1.44748e-28	2.21400e-28	3.38639e-28	5.17950e-28	7.92188e-28	1.21160e-27	1.85299e-27	2.83384e-27	4.33371e-27	6.62710e-27	1.01336e-26	1.54946e-26	2.36899e-26	3.62171e-26	5.53634e-26	8.46224e-26	1.29329e-25	1.97626e-25	3.01941e-25	4.61233e-25	7.04410e-25	1.07554e-24	1.64173e-24	2.50519e-24	3.82137e-24	5.82660e-24	8.87980e-24	1.35255e-23	2.05889e-23	3.13189e-23	4.76024e-23	7.22863e-23	1.09657e-22	1.66154e-22	2.51432e-22	3.79922e-22	5.73138e-22	8.63045e-22	1.29698e-21	1.94476e-21	2.90896e-21	4.33960e-21	6.45505e-21	9.57157e-21	1.41448e-20	2.08273e-20	3.05487e-20	4.46245e-20	6.49047e-20	9.39738e-20	1.35417e-19	1.94171e-19	2.76984e-19	3.93002e-19	5.54516e-19	7.77891e-19	1.08469e-18	1.50300e-18	2.06896e-18	2.82834e-18	3.83815e-18	5.16792e-18	6.90026e-18	9.13021e-18	1.19624e-17	1.55054e-17	1.98615e-17	2.51123e-17	3.12987e-17	3.83978e-17	4.62999e-17	5.47921e-17	6.35555e-17	7.21873e-17	8.02480e-17	8.73312e-17	9.31391e-17	9.75409e-17	1.00592e-16	1.02501e-16	1.03565e-16	1.04084e-16	1.04302e-16	1.04378e-16	1.04400e-16	1.04405e-16	1.04406e-16	1.04406e-16	1.04406e-16	1.04406e-16	1.04406e-16	1.04406e-16	1.04406e-16	1.04406e-16	1.04406e-16	1.04406e-16	1.04406e-16	1.04406e-16	1.04406e-16	1.04406e-16	1.04406e-16	1.04406e-16	1.04406e-16	1.04406e-16	1.04406e-16	1.04406e-16	1.04406e-16	1.04406e-16	1.04406e-16	1.04406e-16	1.04406e-16	1.04406e-16	1.04406e-16	1.04406e-16	1.04406e-16	1.04406e-16	1.04406e-16	1.04406e-16	1.04406e-16	1.04406e-16	1.04406e-16	1.04406e-16	1.04406e-16	1.04406e-16	1.04406e-16	1.04406e-16	1.04406e-16	1.04406e-16	1.04406e-16	1.04406e-16	1.04406e-16	1.04406e-16	1.04406e-16	1.04406e-16	1.04406e-16	1.04406e-16	1.04406e-16	1.04406e-16	1.04406e-16	1.04406e-16	1.04406e-16	1.04406e-16	1.04406e-16	1.04406e-16	1.04406e-16	1.04406e-16
26.35	7.06913e-39	6.60481e-38	1.56270e-37	2.94286e-37	5.05414e-37	8.28381e-37	1.32244e-36	2.07821e-36	3.23433e-36	5.00289e-36	7.70831e-36	1.18469e-35	1.81778e-35	2.78624e-35	4.26772e-35	6.53398e-35	1.00008e-34	1.53040e-34	2.34165e-34	3.58264e-34	5.48103e-34	8.38504e-34	1.28274e-33	1.96230e-33	3.00184e-33	4.59205e-33	7.02463e-33	1.07458e-32	1.64382e-32	2.51459e-32	3.84663e-32	5.88428e-32	9.00130e-32	1.37694e-31	2.10633e-31	3.22208e-31	4.92885e-31	7.53968e-31	1.15335e-30	1.76427e-30	2.69878e-30	4.12829e-30	6.31495e-30	9.65978e-30	1.47762e-29	2.26023e-29	3.45733e-29	5.28840e-29	8.08916e-29	1.23730e-28	1.89253e-28	2.89470e-28	4.42745e-28	6.77166e-28	1.03568e-27	1.58395e-27	2.42239e-27	3.70449e-27	5.66491e-27	8.66233e-27	1.32450e-26	2.02505e-26	3.09590e-26	4.73257e-26	7.23372e-26	1.10554e-25	1.68937e-25	2.58110e-25	3.94281e-25	6.02164e-25	9.19429e-25	1.40346e-24	2.14163e-24	3.26684e-24	4.98117e-24	7.59150e-24	1.15634e-23	1.76026e-23	2.67770e-23	4.07004e-23	6.18076e-23	9.37650e-23	1.42082e-22	2.15016e-22	3.24918e-22	4.90196e-22	7.38214e-22	1.10949e-21	1.66383e-21	2.48907e-21	3.71377e-21	5.52510e-21	8.19428e-21	1.21122e-20	1.78393e-20	2.61739e-20	3.82474e-20	5.56520e-20	8.06146e-20	1.16228e-19	1.66760e-19	2.38052e-19	3.38040e-19	4.77418e-19	6.70467e-19	9.36077e-19	1.29897e-18	1.79111e-18	2.45327e-18	3.33668e-18	4.50441e-18	6.03248e-18	8.00983e-18	1.05368e-17	1.37211e-17	1.76699e-17	2.24783e-17	2.82114e-17	3.48835e-17	4.24336e-17	5.07048e-17	5.94332e-17	6.82555e-17	7.67426e-17	8.44588e-17	9.10363e-17	9.62471e-17	1.00045e-16	1.02564e-16	1.04063e-16	1.04851e-16	1.05211e-16	1.05351e-16	1.05397e-16	1.05408e-16	1.05411e-16	1.05411e-16	1.05411e-16	1.05411e-16	1.05411e-16	1.05411e-16	1.05411e-16	1.05411e-16	1.05411e-16	1.05411e-16	1.05411e-16	1.05411e-16	1.05411e-16	1.05411e-16	1.05411e-16	1.05411e-16	1.05411e-16	1.05411e-16	1.05411e-16	1.05411e-16	1.05411e-16	1.05411e-16	1.05411e-16	1.05411e-16	1.05411e-16	1.05411e-16	1.05411e-16	1.05411e-16	1.05411e-16	1.05411e-16	1.05411e-16	1.05411e-16	1.05411e-16	1.05411e-16	1.05411e-16	1.05411e-16	1.05411e-16	1.05411e-16	1.05411e-16	1.05411e-16	1.05411e-16	1.05411e-16	1.05411e-16	1.05411e-16	1.05411e-16	1.05411e-16	1.05411e-16	1.05411e-16	1.05411e-16	1.05411e-16	1.05411e-16	1.05411e-16	1.05411e-16	1.05411e-16	1.05411e-16	1.05411e-16	1.05411e-16	1.05411e-16	1.05411e-16	1.05411e-16
26.39	6.04268e-39	5.64578e-38	1.33579e-37	2.51555e-37	4.32027e-37	7.08099e-37	1.13042e-36	1.77645e-36	2.76470e-36	4.27646e-36	6.58905e-36	1.01267e-35	1.55383e-35	2.38167e-35	3.64804e-35	5.58524e-35	8.54863e-35	1.30818e-34	2.00164e-34	3.06244e-34	4.68517e-34	7.16752e-34	1.09648e-33	1.67737e-33	2.56597e-33	3.92527e-33	6.00464e-33	9.18550e-33	1.40513e-32	2.14947e-32	3.28810e-32	5.02987e-32	7.69430e-32	1.17701e-31	1.80049e-31	2.75423e-31	4.21317e-31	6.44491e-31	9.85879e-31	1.50809e-30	2.30692e-30	3.52886e-30	5.39801e-30	8.25717e-30	1.26307e-29	1.93205e-29	2.95533e-29	4.52053e-29	6.91462e-29	1.05765e-28	1.61774e-28	2.47439e-28	3.78460e-28	5.78843e-28	8.85302e-28	1.35397e-27	2.07067e-27	3.16662e-27	4.84241e-27	7.40465e-27	1.13219e-26	1.73104e-26	2.64642e-26	4.04549e-26	6.18354e-26	9.45041e-26	1.44412e-25	2.20641e-25	3.37047e-25	5.14757e-25	7.85976e-25	1.19976e-24	1.83081e-24	2.79276e-24	4.25837e-24	6.49003e-24	9.88587e-24	1.50493e-23	2.28934e-23	3.47985e-23	5.28468e-23	8.01742e-23	1.21493e-22	1.83869e-22	2.77866e-22	4.19240e-22	6.31407e-22	9.49056e-22	1.42338e-21	2.12962e-21	3.17791e-21	4.72865e-21	7.01436e-21	1.03704e-20	1.52775e-20	2.24217e-20	3.27749e-20	4.77071e-20	6.91357e-20	9.97279e-20	1.43168e-19	2.04507e-19	2.90626e-19	4.10813e-19	5.77510e-19	8.07232e-19	1.12168e-18	1.54905e-18	2.12553e-18	2.89691e-18	3.92012e-18	5.26456e-18	7.01265e-18	9.25931e-18	1.21092e-17	1.56713e-17	2.00489e-17	2.53258e-17	3.15462e-17	3.86922e-17	4.66600e-17	5.52432e-17	6.41281e-17	7.29140e-17	8.11580e-17	8.84440e-17	9.44588e-17	9.90539e-17	1.02268e-16	1.04302e-16	1.05449e-16	1.06017e-16	1.06259e-16	1.06346e-16	1.06371e-16	1.06377e-16	1.06379e-16	1.06379e-16	1.06379e-16	1.06379e-16	1.06379e-16	1.06379e-16	1.06379e-16	1.06379e-16	1.06379e-16	1.06379e-16	1.06379e-16	1.06379e-16	1.06379e-16	1.06379e-16	1.06379e-16	1.06379e-16	1.06379e-16	1.06379e-16	1.06379e-16	1.06379e-16	1.06379e-16	1.06379e-16	1.06379e-16	1.06379e-16	1.06379e-16	1.06379e-16	1.06379e-16	1.06379e-16	1.06379e-16	1.06379e-16	1.06379e-16	1.06379e-16	1.06379e-16	1.06379e-16	1.06379e-16	1.06379e-16	1.06379e-16	1.06379e-16	1.06379e-16	1.06379e-16	1.06379e-16	1.06379e-16	1.06379e-16	1.06379e-16	1.06379e-16	1.06379e-16	1.06379e-16	1.06379e-16	1.06379e-16	1.06379e-16	1.06379e-16	1.06379e-16	1.06379e-16	1.06379e-16	1.06379e-16	1.06379e-16	1.06379e-16	1.06379e-16	1.06379e-16
26.42	5.16527e-39	4.82601e-38	1.14183e-37	2.15029e-37	3.69296e-37	6.05282e-37	9.66278e-37	1.51850e-36	2.36326e-36	3.65551e-36	5.63231e-36	8.65628e-36	1.32821e-35	2.03585e-35	3.11834e-35	4.77425e-35	7.30735e-35	1.11823e-34	1.71100e-34	2.61777e-34	4.00488e-34	6.12678e-34	9.37272e-34	1.43381e-33	2.19338e-33	3.35532e-33	5.13276e-33	7.85175e-33	1.20111e-32	1.83736e-32	2.81066e-32	4.29953e-32	6.57708e-32	1.00611e-31	1.53906e-31	2.35431e-31	3.60141e-31	5.50910e-31	8.42728e-31	1.28912e-30	1.97195e-30	3.01647e-30	4.61422e-30	7.05823e-30	1.07967e-29	1.65151e-29	2.52621e-29	3.86415e-29	5.91062e-29	9.04080e-29	1.38285e-28	2.11511e-28	3.23508e-28	4.94797e-28	7.56759e-28	1.15738e-27	1.77002e-27	2.70685e-27	4.13933e-27	6.32956e-27	9.67811e-27	1.47972e-26	2.26220e-26	3.45815e-26	5.28581e-26	8.07843e-26	1.23447e-25	1.88611e-25	2.88120e-25	4.40036e-25	6.71890e-25	1.02562e-24	1.56510e-24	2.38746e-24	3.64042e-24	5.54833e-24	8.45158e-24	1.28661e-23	1.95728e-23	2.97519e-23	4.51842e-23	6.85517e-23	1.03885e-22	1.57228e-22	2.37620e-22	3.58540e-22	5.40029e-22	8.11776e-22	1.21761e-21	1.82196e-21	2.71915e-21	4.04663e-21	6.00370e-21	8.87789e-21	1.30818e-20	1.92042e-20	2.80802e-20	4.08875e-20	5.92766e-20	8.55452e-20	1.22872e-19	1.75622e-19	2.49752e-19	3.53320e-19	4.97149e-19	6.95649e-19	9.67825e-19	1.33848e-18	1.83964e-18	2.51206e-18	3.40685e-18	4.58695e-18	6.12812e-18	8.11908e-18	1.06600e-17	1.38587e-17	1.78232e-17	2.26498e-17	2.84065e-17	3.51118e-17	4.27103e-17	5.10516e-17	5.98785e-17	6.88318e-17	7.74826e-17	8.53889e-17	9.21708e-17	9.75831e-17	1.01562e-16	1.04227e-16	1.05831e-16	1.06686e-16	1.07083e-16	1.07240e-16	1.07292e-16	1.07306e-16	1.07309e-16	1.07309e-16	1.07309e-16	1.07309e-16	1.07309e-16	1.07309e-16	1.07309e-16	1.07309e-16	1.07309e-16	1.07309e-16	1.07309e-16	1.07309e-16	1.07309e-16	1.07309e-16	1.07309e-16	1.07309e-16	1.07309e-16	1.07309e-16	1.07309e-16	1.07309e-16	1.07309e-16	1.07309e-16	1.07309e-16	1.07309e-16	1.07309e-16	1.07309e-16	1.07309e-16	1.07309e-16	1.07309e-16	1.07309e-16	1.07309e-16	1.07309e-16	1.07309e-16	1.07309e-16	1.07309e-16	1.07309e-16	1.07309e-16	1.07309e-16	1.07309e-16	1.07309e-16	1.07309e-16	1.07309e-16	1.07309e-16	1.07309e-16	1.07309e-16	1.07309e-16	1.07309e-16	1.07309e-16	1.07309e-16	1.07309e-16	1.07309e-16	1.07309e-16	1.07309e-16	1.07309e-16	1.07309e-16	1.07309e-16	1.07309e-16	1.07309e-16	1.07309e-16
26.45	4.41527e-39	4.12526e-38	9.76036e-38	1.83806e-37	3.15674e-37	5.17394e-37	8.25973e-37	1.29802e-36	2.02011e-36	3.12473e-36	4.81449e-36	7.39938e-36	1.13536e-35	1.74024e-35	2.66555e-35	4.08102e-35	6.24632e-35	9.55863e-35	1.46256e-34	2.23766e-34	3.42336e-34	5.23717e-34	8.01179e-34	1.22562e-33	1.87490e-33	2.86812e-33	4.38748e-33	6.71167e-33	1.02670e-32	1.57058e-32	2.40255e-32	3.67523e-32	5.62208e-32	8.60019e-32	1.31558e-31	2.01246e-31	3.07848e-31	4.70917e-31	7.20363e-31	1.10194e-30	1.68562e-30	2.57847e-30	3.94423e-30	6.03337e-30	9.22900e-30	1.41171e-29	2.15941e-29	3.30308e-29	5.05240e-29	7.72808e-29	1.18206e-28	1.80800e-28	2.76535e-28	4.22954e-28	6.46880e-28	9.89331e-28	1.51302e-27	2.31383e-27	3.53833e-27	5.41056e-27	8.27294e-27	1.26488e-26	1.93376e-26	2.95608e-26	4.51841e-26	6.90561e-26	1.05526e-25	1.61230e-25	2.46295e-25	3.76160e-25	5.74362e-25	8.76757e-25	1.33794e-24	2.04097e-24	3.11212e-24	4.74322e-24	7.22531e-24	1.09995e-23	1.67336e-23	2.54368e-23	3.86320e-23	5.86129e-23	8.88271e-23	1.34444e-22	2.03197e-22	3.06618e-22	4.61855e-22	6.94319e-22	1.04153e-21	1.55864e-21	2.32644e-21	3.46268e-21	5.13815e-21	7.59935e-21	1.12002e-20	1.64459e-20	2.40537e-20	3.50358e-20	5.08116e-20	7.33600e-20	1.05421e-19	1.50764e-19	2.14539e-19	3.03730e-19	4.27739e-19	5.99116e-19	8.34473e-19	1.15558e-18	1.59067e-18	2.17590e-18	2.95696e-18	3.99059e-18	5.34591e-18	7.10506e-18	9.36267e-18	1.22233e-17	1.57962e-17	2.01858e-17	2.54777e-17	3.17198e-17	3.88991e-17	4.69183e-17	5.55777e-17	6.45701e-17	7.34972e-17	8.19141e-17	8.93957e-17	9.56139e-17	1.00402e-16	1.03782e-16	1.05944e-16	1.07179e-16	1.07799e-16	1.08067e-16	1.08165e-16	1.08195e-16	1.08202e-16	1.08204e-16	1.08204e-16	1.08204e-16	1.08204e-16	1.08204e-16	1.08204e-16	1.08204e-16	1.08204e-16	1.08204e-16	1.08204e-16	1.08204e-16	1.08204e-16	1.08204e-16	1.08204e-16	1.08204e-16	1.08204e-16	1.08204e-16	1.08204e-16	1.08204e-16	1.08204e-16	1.08204e-16	1.08204e-16	1.08204e-16	1.08204e-16	1.08204e-16	1.08204e-16	1.08204e-16	1.08204e-16	1.08204e-16	1.08204e-16	1.08204e-16	1.08204e-16	1.08204e-16	1.08204e-16	1.08204e-16	1.08204e-16	1.08204e-16	1.08204e-16	1.08204e-16	1.08204e-16	1.08204e-16	1.08204e-16	1.08204e-16	1.08204e-16	1.08204e-16	1.08204e-16	1.08204e-16	1.08204e-16	1.08204e-16	1.08204e-16	1.08204e-16	1.08204e-16	1.08204e-16	1.08204e-16	1.08204e-16	1.08204e-16	1.08204e-16	1.08204e-16
26.49	3.77416e-39	3.52627e-38	8.34314e-38	1.57117e-37	2.69837e-37	4.42268e-37	7.06040e-37	1.10954e-36	1.72679e-36	2.67101e-36	4.11542e-36	6.32498e-36	9.70501e-36	1.48755e-35	2.27851e-35	3.48845e-35	5.33934e-35	8.17070e-35	1.25019e-34	1.91275e-34	2.92629e-34	4.47672e-34	6.84847e-34	1.04766e-33	1.60266e-33	2.45167e-33	3.75041e-33	5.73712e-33	8.77625e-33	1.34253e-32	2.05370e-32	3.14158e-32	4.80574e-32	7.35143e-32	1.12456e-31	1.72025e-31	2.63149e-31	4.02540e-31	6.15766e-31	9.41935e-31	1.44087e-30	2.20408e-30	3.37153e-30	5.15732e-30	7.88895e-30	1.20673e-29	1.84586e-29	2.82347e-29	4.31880e-29	6.60597e-29	1.01042e-28	1.54548e-28	2.36383e-28	3.61542e-28	5.52955e-28	8.45684e-28	1.29334e-27	1.97787e-27	3.02458e-27	4.62498e-27	7.07179e-27	1.08123e-26	1.65300e-26	2.52690e-26	3.86241e-26	5.90305e-26	9.02059e-26	1.37824e-25	2.10540e-25	3.21555e-25	4.90988e-25	7.49493e-25	1.14374e-24	1.74475e-24	2.66047e-24	4.05491e-24	6.17691e-24	9.40365e-24	1.43061e-23	2.17472e-23	3.30294e-23	5.01141e-23	7.59500e-23	1.14959e-22	1.73755e-22	2.62206e-22	3.94982e-22	5.93831e-22	8.90860e-22	1.33330e-21	1.99032e-21	2.96276e-21	4.39698e-21	6.50426e-21	9.58806e-21	1.40819e-20	2.06013e-20	3.00160e-20	4.35463e-20	6.28950e-20	9.04229e-20	1.29382e-19	1.84221e-19	2.60987e-19	3.67835e-19	5.15681e-19	7.19016e-19	9.96904e-19	1.37417e-18	1.88280e-18	2.56344e-18	3.46701e-18	4.65615e-18	6.20628e-18	8.20575e-18	1.07545e-17	1.39603e-17	1.79316e-17	2.27665e-17	2.85355e-17	3.52613e-17	4.28945e-17	5.12918e-17	6.02028e-17	6.92737e-17	7.80765e-17	8.61641e-17	9.31448e-17	9.87566e-17	1.02918e-16	1.05732e-16	1.07446e-16	1.08371e-16	1.08808e-16	1.08983e-16	1.09042e-16	1.09058e-16	1.09062e-16	1.09063e-16	1.09063e-16	1.09063e-16	1.09063e-16	1.09063e-16	1.09063e-16	1.09063e-16	1.09063e-16	1.09063e-16	1.09063e-16	1.09063e-16	1.09063e-16	1.09063e-16	1.09063e-16	1.09063e-16	1.09063e-16	1.09063e-16	1.09063e-16	1.09063e-16	1.09063e-16	1.09063e-16	1.09063e-16	1.09063e-16	1.09063e-16	1.09063e-16	1.09063e-16	1.09063e-16	1.09063e-16	1.09063e-16	1.09063e-16	1.09063e-16	1.09063e-16	1.09063e-16	1.09063e-16	1.09063e-16	1.09063e-16	1.09063e-16	1.09063e-16	1.09063e-16	1.09063e-16	1.09063e-16	1.09063e-16	1.09063e-16	1.09063e-16	1.09063e-16	1.09063e-16	1.09063e-16	1.09063e-16	1.09063e-16	1.09063e-16	1.09063e-16	1.09063e-16	1.09063e-16	1.09063e-16	1.09063e-16	1.09063e-16	1.09063e-16
26.52	3.22615e-39	3.01425e-38	7.13170e-38	1.34304e-37	2.30657e-37	3.78050e-37	6.03522e-37	9.48434e-37	1.47606e-36	2.28318e-36	3.51785e-36	5.40658e-36	8.29582e-36	1.27156e-35	1.94766e-35	2.98192e-35	4.56406e-35	6.98430e-35	1.06866e-34	1.63502e-34	2.50139e-34	3.82670e-34	5.85406e-34	8.95537e-34	1.36995e-33	2.09568e-33	3.20584e-33	4.90409e-33	7.50193e-33	1.14759e-32	1.75550e-32	2.68542e-32	4.10794e-32	6.28399e-32	9.61272e-32	1.47047e-31	2.24939e-31	3.44090e-31	5.26356e-31	8.05165e-31	1.23165e-30	1.88404e-30	2.88198e-30	4.40847e-30	6.74347e-30	1.03151e-29	1.57784e-29	2.41350e-29	3.69171e-29	5.64679e-29	8.63712e-29	1.32108e-28	2.02061e-28	3.09047e-28	4.72667e-28	7.22893e-28	1.10555e-27	1.69070e-27	2.58543e-27	3.95347e-27	6.04502e-27	9.24246e-27	1.41300e-26	2.16003e-26	3.30165e-26	5.04603e-26	7.71099e-26	1.17815e-25	1.79976e-25	2.74875e-25	4.19715e-25	6.40700e-25	9.77730e-25	1.49151e-24	2.27435e-24	3.46645e-24	5.28058e-24	8.03922e-24	1.22306e-23	1.85926e-23	2.82388e-23	4.28468e-23	6.49383e-23	9.82952e-23	1.48575e-22	2.24219e-22	3.37780e-22	5.07864e-22	7.61953e-22	1.14047e-21	1.70264e-21	2.53483e-21	3.76241e-21	5.56643e-21	8.20705e-21	1.20561e-20	1.76418e-20	2.57110e-20	3.73124e-20	5.39107e-20	7.75384e-20	1.10999e-19	1.58133e-19	2.24170e-19	3.16175e-19	4.43630e-19	6.19154e-19	8.59407e-19	1.18617e-18	1.62764e-18	2.21986e-18	3.00831e-18	4.04946e-18	5.41203e-18	7.17773e-18	9.44080e-18	1.23056e-17	1.58816e-17	2.02740e-17	2.55706e-17	3.18227e-17	3.90226e-17	4.70794e-17	5.58012e-17	6.48872e-17	7.39431e-17	8.25226e-17	9.01924e-17	9.66101e-17	1.01591e-16	1.05139e-16	1.07433e-16	1.08759e-16	1.09434e-16	1.09731e-16	1.09842e-16	1.09876e-16	1.09885e-16	1.09886e-16	1.09887e-16	1.09887e-16	1.09887e-16	1.09887e-16	1.09887e-16	1.09887e-16	1.09887e-16	1.09887e-16	1.09887e-16	1.09887e-16	1.09887e-16	1.09887e-16	1.09887e-16	1.09887e-16	1.09887e-16	1.09887e-16	1.09887e-16	1.09887e-16	1.09887e-16	1.09887e-16	1.09887e-16	1.09887e-16	1.09887e-16	1.09887e-16	1.09887e-16	1.09887e-16	1.09887e-16	1.09887e-16	1.09887e-16	1.09887e-16	1.09887e-16	1.09887e-16	1.09887e-16	1.09887e-16	1.09887e-16	1.09887e-16	1.09887e-16	1.09887e-16	1.09887e-16	1.09887e-16	1.09887e-16	1.09887e-16	1.09887e-16	1.09887e-16	1.09887e-16	1.09887e-16	1.09887e-16	1.09887e-16	1.09887e-16	1.09887e-16	1.09887e-16	1.09887e-16	1.09887e-16	1.09887e-16	1.09887e-16	1.09887e-16
26.56	2.75771e-39	2.57657e-38	6.09617e-38	1.14803e-37	1.97165e-37	3.23156e-37	5.15890e-37	8.10720e-37	1.26173e-36	1.95166e-36	3.00706e-36	4.62154e-36	7.09126e-36	1.08693e-35	1.66486e-35	2.54894e-35	3.90135e-35	5.97017e-35	9.13491e-35	1.39761e-34	2.13818e-34	3.27105e-34	5.00404e-34	7.65504e-34	1.17103e-33	1.79138e-33	2.74035e-33	4.19200e-33	6.41263e-33	9.80958e-33	1.50060e-32	2.29549e-32	3.51146e-32	5.37155e-32	8.21694e-32	1.25696e-31	1.92278e-31	2.94128e-31	4.49928e-31	6.88254e-31	1.05282e-30	1.61048e-30	2.46351e-30	3.76836e-30	5.76431e-30	8.81738e-30	1.34874e-29	2.06306e-29	3.15567e-29	4.82687e-29	7.38302e-29	1.12926e-28	1.72722e-28	2.64174e-28	4.04037e-28	6.17931e-28	9.45028e-28	1.44521e-27	2.21004e-27	3.37945e-27	5.16733e-27	7.90053e-27	1.20785e-26	1.84642e-26	2.82230e-26	4.31343e-26	6.59150e-26	1.00711e-25	1.53848e-25	2.34972e-25	3.58787e-25	5.47696e-25	8.35809e-25	1.27503e-24	1.94426e-24	2.96338e-24	4.51428e-24	6.87270e-24	1.04561e-23	1.58953e-23	2.41427e-23	3.66328e-23	5.55221e-23	8.40451e-23	1.27041e-22	1.91730e-22	2.88852e-22	4.34327e-22	6.51670e-22	9.75483e-22	1.45646e-21	2.16857e-21	3.21917e-21	4.76340e-21	7.02423e-21	1.03205e-20	1.51054e-20	2.20200e-20	3.19652e-20	4.62001e-20	6.64739e-20	9.52015e-20	1.35697e-19	1.92476e-19	2.71655e-19	3.81458e-19	5.32860e-19	7.40391e-19	1.02312e-18	1.40583e-18	1.92039e-18	2.60726e-18	3.51707e-18	4.71207e-18	6.26720e-18	8.27034e-18	1.08210e-17	1.40269e-17	1.79971e-17	2.28308e-17	2.86014e-17	3.53358e-17	4.29909e-17	5.14306e-17	6.04122e-17	6.95876e-17	7.85308e-17	8.67908e-17	9.39646e-17	9.97737e-17	1.04118e-16	1.07084e-16	1.08911e-16	1.09911e-16	1.10390e-16	1.10586e-16	1.10653e-16	1.10672e-16	1.10676e-16	1.10677e-16	1.10677e-16	1.10677e-16	1.10677e-16	1.10677e-16	1.10677e-16	1.10677e-16	1.10677e-16	1.10677e-16	1.10677e-16	1.10677e-16	1.10677e-16	1.10677e-16	1.10677e-16	1.10677e-16	1.10677e-16	1.10677e-16	1.10677e-16	1.10677e-16	1.10677e-16	1.10677e-16	1.10677e-16	1.10677e-16	1.10677e-16	1.10677e-16	1.10677e-16	1.10677e-16	1.10677e-16	1.10677e-16	1.10677e-16	1.10677e-16	1.10677e-16	1.10677e-16	1.10677e-16	1.10677e-16	1.10677e-16	1.10677e-16	1.10677e-16	1.10677e-16	1.10677e-16	1.10677e-16	1.10677e-16	1.10677e-16	1.10677e-16	1.10677e-16	1.10677e-16	1.10677e-16	1.10677e-16	1.10677e-16	1.10677e-16	1.10677e-16	1.10677e-16	1.10677e-16	1.10677e-16	1.10677e-16	1.10677e-16
26.59	2.35728e-39	2.20245e-38	5.21099e-38	9.81330e-38	1.68536e-37	2.76233e-37	4.40982e-37	6.93002e-37	1.07853e-36	1.66827e-36	2.57043e-36	3.95048e-36	6.06160e-36	9.29103e-36	1.42312e-35	2.17883e-35	3.33487e-35	5.10329e-35	7.80850e-35	1.19467e-34	1.82771e-34	2.79609e-34	4.27745e-34	6.54352e-34	1.00100e-33	1.53127e-33	2.34245e-33	3.58332e-33	5.48151e-33	8.38522e-33	1.28271e-32	1.96219e-32	3.00159e-32	4.59159e-32	7.02383e-32	1.07444e-31	1.64359e-31	2.51420e-31	3.84598e-31	5.88319e-31	8.99946e-31	1.37663e-30	2.10581e-30	3.22119e-30	4.92733e-30	7.53709e-30	1.15290e-29	1.76350e-29	2.69747e-29	4.12601e-29	6.31101e-29	9.65293e-29	1.47643e-28	2.25816e-28	3.45372e-28	5.28209e-28	8.07813e-28	1.23537e-27	1.88915e-27	2.88877e-27	4.41707e-27	6.75344e-27	1.03248e-26	1.57834e-26	2.41253e-26	3.68719e-26	5.63453e-26	8.60899e-26	1.31513e-25	2.00860e-25	3.06703e-25	4.68191e-25	7.14486e-25	1.08996e-24	1.66207e-24	2.53329e-24	3.85916e-24	5.87540e-24	8.93891e-24	1.35892e-23	2.06405e-23	3.13195e-23	4.74704e-23	7.18594e-23	1.08626e-22	1.63945e-22	2.47004e-22	3.71424e-22	5.57326e-22	8.34324e-22	1.24581e-21	1.85511e-21	2.75416e-21	4.07587e-21	6.01131e-21	8.83377e-21	1.29320e-20	1.88561e-20	2.73796e-20	3.95846e-20	5.69755e-20	8.16315e-20	1.16409e-19	1.65206e-19	2.33312e-19	3.27852e-19	4.58354e-19	6.37473e-19	8.81867e-19	1.21328e-18	1.65979e-18	2.25726e-18	3.05089e-18	4.09676e-18	5.46311e-18	7.23111e-18	9.49448e-18	1.23573e-17	1.59290e-17	2.03159e-17	2.56076e-17	3.18588e-17	3.90671e-17	4.71488e-17	5.59195e-17	6.50859e-17	7.42584e-17	8.29901e-17	9.08406e-17	9.74539e-17	1.02627e-16	1.06345e-16	1.08774e-16	1.10195e-16	1.10929e-16	1.11258e-16	1.11382e-16	1.11422e-16	1.11432e-16	1.11434e-16	1.11434e-16	1.11434e-16	1.11434e-16	1.11434e-16	1.11434e-16	1.11434e-16	1.11434e-16	1.11434e-16	1.11434e-16	1.11434e-16	1.11434e-16	1.11434e-16	1.11434e-16	1.11434e-16	1.11434e-16	1.11434e-16	1.11434e-16	1.11434e-16	1.11434e-16	1.11434e-16	1.11434e-16	1.11434e-16	1.11434e-16	1.11434e-16	1.11434e-16	1.11434e-16	1.11434e-16	1.11434e-16	1.11434e-16	1.11434e-16	1.11434e-16	1.11434e-16	1.11434e-16	1.11434e-16	1.11434e-16	1.11434e-16	1.11434e-16	1.11434e-16	1.11434e-16	1.11434e-16	1.11434e-16	1.11434e-16	1.11434e-16	1.11434e-16	1.11434e-16	1.11434e-16	1.11434e-16	1.11434e-16	1.11434e-16	1.11434e-16	1.11434e-16	1.11434e-16	1.11434e-16	1.11434e-16	1.11434e-16
26.63	2.01500e-39	1.88265e-38	4.45435e-38	8.38839e-38	1.44064e-37	2.36124e-37	3.76950e-37	5.92377e-37	9.21922e-37	1.42604e-36	2.19720e-36	3.37687e-36	5.18144e-36	7.94196e-36	1.21648e-35	1.86246e-35	2.85064e-35	4.36229e-35	6.67470e-35	1.02121e-34	1.56233e-34	2.39009e-34	3.65635e-34	5.59339e-34	8.55652e-34	1.30893e-33	2.00232e-33	3.06302e-33	4.68559e-33	7.16767e-33	1.09646e-32	1.67727e-32	2.56576e-32	3.92489e-32	6.00396e-32	9.18433e-32	1.40494e-31	2.14914e-31	3.28754e-31	5.02894e-31	7.69273e-31	1.17675e-30	1.80004e-30	2.75347e-30	4.21188e-30	6.44270e-30	9.85500e-30	1.50744e-29	2.30580e-29	3.52692e-29	5.39465e-29	8.25133e-29	1.26205e-28	1.93028e-28	2.95224e-28	4.51514e-28	6.90520e-28	1.05600e-27	1.61486e-27	2.46934e-27	3.77573e-27	5.77289e-27	8.82574e-27	1.34918e-26	2.06226e-26	3.15186e-26	4.81649e-26	7.35912e-26	1.12420e-25	1.71701e-25	2.62179e-25	4.00226e-25	6.10771e-25	9.31745e-25	1.42082e-24	2.16562e-24	3.29908e-24	5.02278e-24	7.64183e-24	1.16175e-23	1.76461e-23	2.67765e-23	4.05857e-23	6.14394e-23	9.28776e-23	1.40182e-22	2.11212e-22	3.17620e-22	4.76623e-22	7.13559e-22	1.06557e-21	1.58686e-21	2.35617e-21	3.48731e-21	5.14400e-21	7.56046e-21	1.10701e-20	1.61446e-20	2.34483e-20	3.39104e-20	4.88243e-20	6.99791e-20	9.98352e-20	1.41756e-19	2.00309e-19	2.81661e-19	3.94076e-19	5.48556e-19	7.59630e-19	1.04632e-18	1.43332e-18	1.95231e-18	2.64349e-18	3.55709e-18	4.75491e-18	6.31130e-18	8.31356e-18	1.08607e-17	1.40603e-17	1.80217e-17	2.28455e-17	2.86078e-17	3.53398e-17	4.30047e-17	5.14739e-17	6.05128e-17	6.97802e-17	7.88527e-17	8.72760e-17	9.46371e-17	1.00641e-16	1.05168e-16	1.08290e-16	1.10235e-16	1.11313e-16	1.11836e-16	1.12054e-16	1.12131e-16	1.12153e-16	1.12158e-16	1.12158e-16	1.12159e-16	1.12159e-16	1.12159e-16	1.12159e-16	1.12159e-16	1.12159e-16	1.12159e-16	1.12159e-16	1.12159e-16	1.12159e-16	1.12159e-16	1.12159e-16	1.12159e-16	1.12159e-16	1.12159e-16	1.12159e-16	1.12159e-16	1.12159e-16	1.12159e-16	1.12159e-16	1.12159e-16	1.12159e-16	1.12159e-16	1.12159e-16	1.12159e-16	1.12159e-16	1.12159e-16	1.12159e-16	1.12159e-16	1.12159e-16	1.12159e-16	1.12159e-16	1.12159e-16	1.12159e-16	1.12159e-16	1.12159e-16	1.12159e-16	1.12159e-16	1.12159e-16	1.12159e-16	1.12159e-16	1.12159e-16	1.12159e-16	1.12159e-16	1.12159e-16	1.12159e-16	1.12159e-16	1.12159e-16	1.12159e-16	1.12159e-16	1.12159e-16	1.12159e-16	1.12159e-16	1.12159e-16
26.66	1.72242e-39	1.60929e-38	3.80757e-38	7.17039e-38	1.23146e-37	2.01838e-37	3.22217e-37	5.06363e-37	7.88058e-37	1.21897e-36	1.87816e-36	2.88654e-36	4.42909e-36	6.78878e-36	1.03985e-35	1.59203e-35	2.43672e-35	3.72888e-35	5.70552e-35	8.72925e-35	1.33547e-34	2.04305e-34	3.12545e-34	4.78122e-34	7.31410e-34	1.11887e-33	1.71158e-33	2.61826e-33	4.00523e-33	6.12691e-33	9.37249e-33	1.43373e-32	2.19321e-32	3.35499e-32	5.13218e-32	7.85075e-32	1.20094e-31	1.83708e-31	2.81019e-31	4.29873e-31	6.57574e-31	1.00588e-30	1.53867e-30	2.35367e-30	3.60031e-30	5.50722e-30	8.42405e-30	1.28856e-29	1.97099e-29	3.01481e-29	4.61135e-29	7.05324e-29	1.07880e-28	1.65000e-28	2.52358e-28	3.85955e-28	5.90259e-28	9.02674e-28	1.38038e-27	2.11080e-27	3.22752e-27	4.93470e-27	7.54431e-27	1.15329e-26	1.76284e-26	2.69425e-26	4.11720e-26	6.29071e-26	9.60989e-26	1.46774e-25	2.24117e-25	3.42126e-25	5.22109e-25	7.96496e-25	1.21459e-24	1.85129e-24	2.82027e-24	4.29385e-24	6.53291e-24	9.93186e-24	1.50860e-23	2.28922e-23	3.46990e-23	5.25295e-23	7.94110e-23	1.19861e-22	1.80603e-22	2.71603e-22	4.07591e-22	6.10251e-22	9.11368e-22	1.35734e-21	2.01557e-21	2.98353e-21	4.40146e-21	6.47008e-21	9.47515e-21	1.38213e-20	2.00785e-20	2.90448e-20	4.18313e-20	5.99770e-20	8.55999e-20	1.21599e-19	1.71917e-19	2.41885e-19	3.38662e-19	4.71801e-19	6.53950e-19	9.01727e-19	1.23678e-18	1.68703e-18	2.28808e-18	3.08477e-18	4.13269e-18	5.49954e-18	7.26583e-18	9.52470e-18	1.23798e-17	1.59406e-17	2.03140e-17	2.55917e-17	3.18320e-17	3.90376e-17	4.71319e-17	5.59388e-17	6.51730e-17	7.44501e-17	8.33239e-17	9.13477e-17	9.81521e-17	1.03516e-16	1.07406e-16	1.09974e-16	1.11494e-16	1.12291e-16	1.12653e-16	1.12793e-16	1.12838e-16	1.12849e-16	1.12852e-16	1.12852e-16	1.12852e-16	1.12852e-16	1.12852e-16	1.12852e-16	1.12852e-16	1.12852e-16	1.12852e-16	1.12852e-16	1.12852e-16	1.12852e-16	1.12852e-16	1.12852e-16	1.12852e-16	1.12852e-16	1.12852e-16	1.12852e-16	1.12852e-16	1.12852e-16	1.12852e-16	1.12852e-16	1.12852e-16	1.12852e-16	1.12852e-16	1.12852e-16	1.12852e-16	1.12852e-16	1.12852e-16	1.12852e-16	1.12852e-16	1.12852e-16	1.12852e-16	1.12852e-16	1.12852e-16	1.12852e-16	1.12852e-16	1.12852e-16	1.12852e-16	1.12852e-16	1.12852e-16	1.12852e-16	1.12852e-16	1.12852e-16	1.12852e-16	1.12852e-16	1.12852e-16	1.12852e-16	1.12852e-16	1.12852e-16	1.12852e-16	1.12852e-16	1.12852e-16	1.12852e-16	1.12852e-16
26.69	1.47232e-39	1.37562e-38	3.25471e-38	6.12924e-38	1.05265e-37	1.72531e-37	2.75430e-37	4.32838e-37	6.73630e-37	1.04198e-36	1.60545e-36	2.46741e-36	3.78598e-36	5.80304e-36	8.88859e-36	1.36087e-35	2.08291e-35	3.18744e-35	4.87707e-35	7.46175e-35	1.14156e-34	1.74640e-34	2.67163e-34	4.08698e-34	6.25208e-34	9.56409e-34	1.46306e-33	2.23809e-33	3.42367e-33	5.23728e-33	8.01159e-33	1.22555e-32	1.87475e-32	2.86784e-32	4.38698e-32	6.71081e-32	1.02656e-31	1.57033e-31	2.40214e-31	3.67455e-31	5.62093e-31	8.59826e-31	1.31526e-30	2.01191e-30	3.07754e-30	4.70756e-30	7.20087e-30	1.10146e-29	1.68480e-29	2.57706e-29	3.94178e-29	6.02911e-29	9.22160e-29	1.41042e-28	2.15716e-28	3.29915e-28	5.04554e-28	7.71608e-28	1.17996e-27	1.80432e-27	2.75890e-27	4.21821e-27	6.44893e-27	9.85843e-27	1.50690e-26	2.30308e-26	3.51944e-26	5.37740e-26	8.21471e-26	1.25465e-25	1.91581e-25	2.92459e-25	4.46317e-25	6.80876e-25	1.03829e-24	1.58258e-24	2.41094e-24	3.67069e-24	5.58486e-24	8.49068e-24	1.28971e-23	1.95711e-23	2.96657e-23	4.49109e-23	6.78957e-23	1.02484e-22	1.54425e-22	2.32245e-22	3.48547e-22	5.21880e-22	7.79445e-22	1.16095e-21	1.72410e-21	2.55236e-21	3.76583e-21	5.53647e-21	8.10922e-21	1.18310e-20	1.71908e-20	2.48735e-20	3.58337e-20	5.13941e-20	7.33772e-20	1.04280e-19	1.47504e-19	2.07652e-19	2.90921e-19	4.05594e-19	5.62666e-19	7.76626e-19	1.06642e-18	1.45657e-18	1.97853e-18	2.67216e-18	3.58725e-18	4.78501e-18	6.33915e-18	8.33630e-18	1.08749e-17	1.40622e-17	1.80078e-17	2.28136e-17	2.85584e-17	3.52778e-17	4.29411e-17	5.14277e-17	6.05116e-17	6.98587e-17	7.90494e-17	8.76272e-17	9.51695e-17	1.01365e-16	1.06076e-16	1.09356e-16	1.11422e-16	1.12582e-16	1.13153e-16	1.13396e-16	1.13482e-16	1.13508e-16	1.13514e-16	1.13515e-16	1.13515e-16	1.13515e-16	1.13515e-16	1.13515e-16	1.13515e-16	1.13515e-16	1.13515e-16	1.13515e-16	1.13515e-16	1.13515e-16	1.13515e-16	1.13515e-16	1.13515e-16	1.13515e-16	1.13515e-16	1.13515e-16	1.13515e-16	1.13515e-16	1.13515e-16	1.13515e-16	1.13515e-16	1.13515e-16	1.13515e-16	1.13515e-16	1.13515e-16	1.13515e-16	1.13515e-16	1.13515e-16	1.13515e-16	1.13515e-16	1.13515e-16	1.13515e-16	1.13515e-16	1.13515e-16	1.13515e-16	1.13515e-16	1.13515e-16	1.13515e-16	1.13515e-16	1.13515e-16	1.13515e-16	1.13515e-16	1.13515e-16	1.13515e-16	1.13515e-16	1.13515e-16	1.13515e-16	1.13515e-16	1.13515e-16	1.13515e-16	1.13515e-16	1.13515e-16	1.13515e-16
26.73	1.25854e-39	1.17588e-38	2.78212e-38	5.23926e-38	8.99804e-38	1.47479e-37	2.35437e-37	3.69990e-37	5.75818e-37	8.90681e-37	1.37234e-36	2.10914e-36	3.23625e-36	4.96043e-36	7.59795e-36	1.16327e-35	1.78047e-35	2.72462e-35	4.16891e-35	6.37829e-35	9.75805e-35	1.49282e-34	2.28370e-34	3.49354e-34	5.34427e-34	8.17537e-34	1.25062e-33	1.91311e-33	2.92655e-33	4.47682e-33	6.84830e-33	1.04760e-32	1.60253e-32	2.45142e-32	3.74998e-32	5.73639e-32	8.77502e-32	1.34232e-31	2.05335e-31	3.14100e-31	4.80477e-31	7.34978e-31	1.12428e-30	1.71978e-30	2.63068e-30	4.02402e-30	6.15530e-30	9.41529e-30	1.44017e-29	2.20287e-29	3.36943e-29	5.15369e-29	7.88263e-29	1.20563e-28	1.84394e-28	2.82012e-28	4.31294e-28	6.59572e-28	1.00863e-27	1.54234e-27	2.35832e-27	3.60575e-27	5.51258e-27	8.42706e-27	1.28811e-26	1.96869e-26	3.00846e-26	4.59668e-26	7.02208e-26	1.07250e-25	1.63768e-25	2.50002e-25	3.81525e-25	5.82037e-25	8.87570e-25	1.35287e-24	2.06101e-24	3.13794e-24	4.77436e-24	7.25857e-24	1.10258e-23	1.67316e-23	2.53622e-23	3.83967e-23	5.80493e-23	8.76242e-23	1.32039e-22	1.98586e-22	2.98046e-22	4.46290e-22	6.66592e-22	9.92934e-22	1.47471e-21	2.18337e-21	3.22177e-21	4.73721e-21	6.93956e-21	1.01263e-20	1.47166e-20	2.12983e-20	3.06910e-20	4.40312e-20	6.28864e-20	8.94059e-20	1.26521e-19	1.78206e-19	2.49816e-19	3.48526e-19	4.83881e-19	6.68494e-19	9.18905e-19	1.25662e-18	1.70934e-18	2.31236e-18	3.11009e-18	4.15757e-18	5.52184e-18	7.28272e-18	9.53262e-18	1.23747e-17	1.59183e-17	2.02712e-17	2.55267e-17	3.17466e-17	3.89390e-17	4.70347e-17	5.58658e-17	6.51556e-17	7.45258e-17	8.35317e-17	9.17212e-17	9.87121e-17	1.04265e-16	1.08329e-16	1.11039e-16	1.12663e-16	1.13525e-16	1.13923e-16	1.14080e-16	1.14131e-16	1.14145e-16	1.14148e-16	1.14148e-16	1.14148e-16	1.14148e-16	1.14148e-16	1.14148e-16	1.14148e-16	1.14148e-16	1.14148e-16	1.14148e-16	1.14148e-16	1.14148e-16	1.14148e-16	1.14148e-16	1.14148e-16	1.14148e-16	1.14148e-16	1.14148e-16	1.14148e-16	1.14148e-16	1.14148e-16	1.14148e-16	1.14148e-16	1.14148e-16	1.14148e-16	1.14148e-16	1.14148e-16	1.14148e-16	1.14148e-16	1.14148e-16	1.14148e-16	1.14148e-16	1.14148e-16	1.14148e-16	1.14148e-16	1.14148e-16	1.14148e-16	1.14148e-16	1.14148e-16	1.14148e-16	1.14148e-16	1.14148e-16	1.14148e-16	1.14148e-16	1.14148e-16	1.14148e-16	1.14148e-16	1.14148e-16	1.14148e-16	1.14148e-16	1.14148e-16	1.14148e-16	1.14148e-16	1.14148e-16
26.76	1.07580e-39	1.00514e-38	2.37815e-38	4.47851e-38	7.69151e-38	1.26065e-37	2.01252e-37	3.16267e-37	4.92209e-37	7.61353e-37	1.17307e-36	1.80289e-36	2.76634e-36	4.24016e-36	6.49472e-36	9.94358e-36	1.52194e-35	2.32900e-35	3.56358e-35	5.45216e-35	8.34117e-35	1.27606e-34	1.95211e-34	2.98628e-34	4.56827e-34	6.98830e-34	1.06903e-33	1.63533e-33	2.50161e-33	3.82678e-33	5.85391e-33	8.95486e-33	1.36984e-32	2.09547e-32	3.20548e-32	4.90346e-32	7.50087e-32	1.14741e-31	1.75520e-31	2.68492e-31	4.10711e-31	6.28259e-31	9.61034e-31	1.47007e-30	2.24870e-30	3.43973e-30	5.26154e-30	8.04818e-30	1.23106e-29	1.88301e-29	2.88019e-29	4.40537e-29	6.73807e-29	1.03057e-28	1.57620e-28	2.41064e-28	3.68671e-28	5.63804e-28	8.62180e-28	1.31840e-27	2.01590e-27	3.08221e-27	4.71219e-27	7.20351e-27	1.10109e-26	1.68286e-26	2.57167e-26	3.92930e-26	6.00258e-26	9.16795e-26	1.39992e-25	2.13708e-25	3.26139e-25	4.97545e-25	7.58729e-25	1.15649e-24	1.76186e-24	2.68250e-24	4.08145e-24	6.20521e-24	9.42584e-24	1.43040e-23	2.16827e-23	3.28270e-23	4.96300e-23	7.49177e-23	1.12895e-22	1.69801e-22	2.54856e-22	3.81637e-22	5.70058e-22	8.49197e-22	1.26133e-21	1.86762e-21	2.75613e-21	4.05302e-21	5.93810e-21	8.66627e-21	1.25970e-20	1.82346e-20	2.62824e-20	3.77167e-20	5.38847e-20	7.66359e-20	1.08495e-19	1.52889e-19	2.14444e-19	2.99367e-19	4.15935e-19	5.75110e-19	7.91311e-19	1.08335e-18	1.47556e-18	1.99910e-18	2.69343e-18	3.60782e-18	4.80284e-18	6.35149e-18	8.33960e-18	1.08650e-17	1.40345e-17	1.79580e-17	2.27384e-17	2.84572e-17	3.51544e-17	4.28056e-17	5.12982e-17	6.04153e-17	6.98305e-17	7.91287e-17	8.78521e-17	9.55693e-17	1.01954e-16	1.06849e-16	1.10289e-16	1.12480e-16	1.13726e-16	1.14349e-16	1.14617e-16	1.14715e-16	1.14744e-16	1.14751e-16	1.14753e-16	1.14753e-16	1.14753e-16	1.14753e-16	1.14753e-16	1.14753e-16	1.14753e-16	1.14753e-16	1.14753e-16	1.14753e-16	1.14753e-16	1.14753e-16	1.14753e-16	1.14753e-16	1.14753e-16	1.14753e-16	1.14753e-16	1.14753e-16	1.14753e-16	1.14753e-16	1.14753e-16	1.14753e-16	1.14753e-16	1.14753e-16	1.14753e-16	1.14753e-16	1.14753e-16	1.14753e-16	1.14753e-16	1.14753e-16	1.14753e-16	1.14753e-16	1.14753e-16	1.14753e-16	1.14753e-16	1.14753e-16	1.14753e-16	1.14753e-16	1.14753e-16	1.14753e-16	1.14753e-16	1.14753e-16	1.14753e-16	1.14753e-16	1.14753e-16	1.14753e-16	1.14753e-16	1.14753e-16	1.14753e-16	1.14753e-16	1.14753e-16	1.14753e-16	1.14753e-16
26.80	9.19590e-40	8.59189e-39	2.03284e-38	3.82823e-38	6.57469e-38	1.07760e-37	1.72030e-37	2.70344e-37	4.20739e-37	6.50803e-37	1.00274e-36	1.54111e-36	2.36466e-36	3.62449e-36	5.55167e-36	8.49975e-36	1.30095e-35	1.99082e-35	3.04614e-35	4.66050e-35	7.13002e-35	1.09077e-34	1.66866e-34	2.55266e-34	3.90495e-34	5.97358e-34	9.13802e-34	1.39787e-33	2.13837e-33	3.27112e-33	5.00392e-33	7.65460e-33	1.17094e-32	1.79121e-32	2.74004e-32	4.19147e-32	6.41173e-32	9.80807e-32	1.50034e-31	2.29507e-31	3.51075e-31	5.37035e-31	8.21491e-31	1.25661e-30	1.92219e-30	2.94028e-30	4.49756e-30	6.87958e-30	1.05231e-29	1.60960e-29	2.46199e-29	3.76571e-29	5.75971e-29	8.80936e-29	1.34734e-28	2.06062e-28	3.15140e-28	4.81940e-28	7.36994e-28	1.12697e-27	1.72320e-27	2.63469e-27	4.02800e-27	6.15761e-27	9.41217e-27	1.43852e-26	2.19829e-26	3.35881e-26	5.13109e-26	7.83692e-26	1.19668e-25	1.82682e-25	2.78792e-25	4.25316e-25	6.48589e-25	9.88616e-25	1.50612e-24	2.29315e-24	3.48909e-24	5.30467e-24	8.05801e-24	1.22284e-23	1.85368e-23	2.80648e-23	4.24312e-23	6.40527e-23	9.65256e-23	1.45185e-22	2.17919e-22	3.26340e-22	4.87487e-22	7.26239e-22	1.07877e-21	1.59745e-21	2.35765e-21	3.46742e-21	5.08077e-21	7.41612e-21	1.07816e-20	1.56097e-20	2.25040e-20	3.23026e-20	4.61632e-20	6.56761e-20	9.30145e-20	1.31132e-19	1.84021e-19	2.57047e-19	3.57377e-19	4.94528e-19	6.81046e-19	9.33358e-19	1.27279e-18	1.72677e-18	2.33024e-18	3.12710e-18	4.17181e-18	5.53066e-18	7.28269e-18	9.51953e-18	1.23437e-17	1.58646e-17	2.01902e-17	2.54160e-17	3.16069e-17	3.87765e-17	4.68629e-17	5.57069e-17	6.50408e-17	7.44930e-17	8.36212e-17	9.19686e-17	9.91414e-17	1.04883e-16	1.09122e-16	1.11977e-16	1.13708e-16	1.14639e-16	1.15076e-16	1.15251e-16	1.15310e-16	1.15326e-16	1.15329e-16	1.15330e-16	1.15330e-16	1.15330e-16	1.15330e-16	1.15330e-16	1.15330e-16	1.15330e-16	1.15330e-16	1.15330e-16	1.15330e-16	1.15330e-16	1.15330e-16	1.15330e-16	1.15330e-16	1.15330e-16	1.15330e-16	1.15330e-16	1.15330e-16	1.15330e-16	1.15330e-16	1.15330e-16	1.15330e-16	1.15330e-16	1.15330e-16	1.15330e-16	1.15330e-16	1.15330e-16	1.15330e-16	1.15330e-16	1.15330e-16	1.15330e-16	1.15330e-16	1.15330e-16	1.15330e-16	1.15330e-16	1.15330e-16	1.15330e-16	1.15330e-16	1.15330e-16	1.15330e-16	1.15330e-16	1.15330e-16	1.15330e-16	1.15330e-16	1.15330e-16	1.15330e-16	1.15330e-16	1.15330e-16	1.15330e-16	1.15330e-16	1.15330e-16	1.15330e-16
26.83	7.86064e-40	7.34434e-39	1.73767e-38	3.27236e-38	5.62004e-38	9.21133e-38	1.47051e-37	2.31090e-37	3.59647e-37	5.56305e-37	8.57139e-37	1.31734e-36	2.02131e-36	3.09820e-36	4.74556e-36	7.26558e-36	1.11205e-35	1.70175e-35	2.60384e-35	3.98378e-35	6.09473e-35	9.32390e-35	1.42637e-34	2.18201e-34	3.33795e-34	5.10621e-34	7.81117e-34	1.19490e-33	1.82788e-33	2.79615e-33	4.27734e-33	6.54314e-33	1.00092e-32	1.53112e-32	2.34218e-32	3.58286e-32	5.48074e-32	8.38392e-32	1.28249e-31	1.96182e-31	3.00099e-31	4.59057e-31	7.02209e-31	1.07415e-30	1.64308e-30	2.51335e-30	3.84451e-30	5.88066e-30	8.99511e-30	1.37588e-29	2.10450e-29	3.21893e-29	4.92340e-29	7.53024e-29	1.15171e-28	1.76142e-28	2.69382e-28	4.11963e-28	6.29984e-28	9.63336e-28	1.47300e-27	2.25214e-27	3.44316e-27	5.26356e-27	8.04558e-27	1.22966e-26	1.87912e-26	2.87115e-26	4.38612e-26	6.69912e-26	1.02295e-25	1.56161e-25	2.38318e-25	3.63573e-25	5.54435e-25	8.45107e-25	1.28750e-24	1.96030e-24	2.98268e-24	4.53479e-24	6.88862e-24	1.04540e-23	1.58472e-23	2.39932e-23	3.62761e-23	5.47625e-23	8.25280e-23	1.24135e-22	1.86331e-22	2.79048e-22	4.16863e-22	6.21062e-22	9.22603e-22	1.36629e-21	2.01667e-21	2.96624e-21	4.34689e-21	6.34577e-21	9.22696e-21	1.33612e-20	1.92663e-20	2.76616e-20	3.95414e-20	5.62726e-20	7.97251e-20	1.12443e-19	1.57868e-19	2.20634e-19	3.06943e-19	4.25043e-19	5.85839e-19	8.03647e-19	1.09712e-18	1.49034e-18	2.01414e-18	2.70752e-18	3.61918e-18	4.80898e-18	6.34912e-18	8.32462e-18	1.08325e-17	1.39792e-17	1.78747e-17	2.26231e-17	2.83082e-17	3.49745e-17	4.26037e-17	5.10919e-17	6.02308e-17	6.97029e-17	7.90982e-17	8.79583e-17	9.58443e-17	1.02415e-16	1.07493e-16	1.11097e-16	1.13416e-16	1.14752e-16	1.15429e-16	1.15726e-16	1.15836e-16	1.15870e-16	1.15878e-16	1.15880e-16	1.15880e-16	1.15880e-16	1.15880e-16	1.15880e-16	1.15880e-16	1.15880e-16	1.15880e-16	1.15880e-16	1.15880e-16	1.15880e-16	1.15880e-16	1.15880e-16	1.15880e-16	1.15880e-16	1.15880e-16	1.15880e-16	1.15880e-16	1.15880e-16	1.15880e-16	1.15880e-16	1.15880e-16	1.15880e-16	1.15880e-16	1.15880e-16	1.15880e-16	1.15880e-16	1.15880e-16	1.15880e-16	1.15880e-16	1.15880e-16	1.15880e-16	1.15880e-16	1.15880e-16	1.15880e-16	1.15880e-16	1.15880e-16	1.15880e-16	1.15880e-16	1.15880e-16	1.15880e-16	1.15880e-16	1.15880e-16	1.15880e-16	1.15880e-16	1.15880e-16	1.15880e-16	1.15880e-16	1.15880e-16	1.15880e-16	1.15880e-16	1.15880e-16
26.86	6.71926e-40	6.27793e-39	1.48536e-38	2.79721e-38	4.80400e-38	7.87383e-38	1.25699e-37	1.97535e-37	3.07426e-37	4.75529e-37	7.32681e-37	1.12606e-36	1.72781e-36	2.64834e-36	4.05650e-36	6.21060e-36	9.50580e-36	1.45466e-35	2.22576e-35	3.40533e-35	5.20976e-35	7.97005e-35	1.21925e-34	1.86518e-34	2.85327e-34	4.36478e-34	6.67698e-34	1.02140e-33	1.56247e-33	2.39015e-33	3.65626e-33	5.59307e-33	8.55583e-33	1.30880e-32	2.00209e-32	3.06263e-32	4.68493e-32	7.16657e-32	1.09627e-31	1.67696e-31	2.56524e-31	3.92401e-31	6.00248e-31	9.18181e-31	1.40451e-30	2.14841e-30	3.28629e-30	5.02678e-30	7.68901e-30	1.17610e-29	1.79893e-29	2.75154e-29	4.20852e-29	6.43685e-29	9.84479e-29	1.50566e-28	2.30268e-28	3.52147e-28	5.38511e-28	8.23462e-28	1.25912e-27	1.92514e-27	2.94323e-27	4.49932e-27	6.87742e-27	1.05112e-26	1.60629e-26	2.45429e-26	3.74931e-26	5.72650e-26	8.74431e-26	1.33489e-25	2.03720e-25	3.10791e-25	4.73948e-25	7.22427e-25	1.10060e-24	1.67576e-24	2.54975e-24	3.87662e-24	5.88889e-24	8.93695e-24	1.35478e-23	2.05120e-23	3.10135e-23	4.68191e-23	7.05591e-23	1.06135e-22	1.59318e-22	2.38604e-22	3.56460e-22	5.31100e-22	7.89010e-22	1.16854e-21	1.72492e-21	2.53735e-21	3.71877e-21	5.42949e-21	7.89577e-21	1.14354e-20	1.64925e-20	2.36842e-20	3.38642e-20	4.82069e-20	6.83202e-20	9.63937e-20	1.35394e-19	1.89320e-19	2.63530e-19	3.65168e-19	5.03698e-19	6.91576e-19	9.45081e-19	1.28532e-18	1.73943e-18	2.34191e-18	3.13615e-18	4.17592e-18	5.52674e-18	7.26678e-18	9.48684e-18	1.22888e-17	1.57817e-17	2.00742e-17	2.52633e-17	3.14174e-17	3.85553e-17	4.66225e-17	5.54689e-17	6.48358e-17	7.43594e-17	8.36001e-17	9.20980e-17	9.94478e-17	1.05375e-16	1.09790e-16	1.12794e-16	1.14636e-16	1.15640e-16	1.16119e-16	1.16314e-16	1.16381e-16	1.16399e-16	1.16403e-16	1.16404e-16	1.16404e-16	1.16404e-16	1.16404e-16	1.16404e-16	1.16404e-16	1.16404e-16	1.16404e-16	1.16404e-16	1.16404e-16	1.16404e-16	1.16404e-16	1.16404e-16	1.16404e-16	1.16404e-16	1.16404e-16	1.16404e-16	1.16404e-16	1.16404e-16	1.16404e-16	1.16404e-16	1.16404e-16	1.16404e-16	1.16404e-16	1.16404e-16	1.16404e-16	1.16404e-16	1.16404e-16	1.16404e-16	1.16404e-16	1.16404e-16	1.16404e-16	1.16404e-16	1.16404e-16	1.16404e-16	1.16404e-16	1.16404e-16	1.16404e-16	1.16404e-16	1.16404e-16	1.16404e-16	1.16404e-16	1.16404e-16	1.16404e-16	1.16404e-16	1.16404e-16	1.16404e-16	1.16404e-16	1.16404e-16	1.16404e-16	1.16404e-16
26.90	5.74362e-40	5.36636e-39	1.26968e-38	2.39105e-38	4.10645e-38	6.73054e-38	1.07447e-37	1.68853e-37	2.62787e-37	4.06481e-37	6.26295e-37	9.62551e-37	1.47693e-36	2.26380e-36	3.46749e-36	5.30881e-36	8.12554e-36	1.24344e-35	1.90257e-35	2.91087e-35	4.45330e-35	6.81279e-35	1.04222e-34	1.59435e-34	2.43897e-34	3.73101e-34	5.70747e-34	8.73091e-34	1.33559e-33	2.04309e-33	3.12537e-33	4.78095e-33	7.31351e-33	1.11876e-32	1.71139e-32	2.61793e-32	4.00467e-32	6.12597e-32	9.37091e-32	1.43347e-31	2.19276e-31	3.35424e-31	5.13091e-31	7.84860e-31	1.20057e-30	1.83646e-30	2.80911e-30	4.29689e-30	6.57256e-30	1.00533e-29	1.53772e-29	2.35201e-29	3.59744e-29	5.50222e-29	8.41533e-29	1.28704e-28	1.96833e-28	3.01016e-28	4.60320e-28	7.03897e-28	1.07630e-27	1.64561e-27	2.51588e-27	3.84604e-27	5.87885e-27	8.98506e-27	1.37307e-26	2.09795e-26	3.20495e-26	4.89509e-26	7.47477e-26	1.14109e-25	1.74144e-25	2.65672e-25	4.05144e-25	6.17554e-25	9.40838e-25	1.43251e-24	2.17966e-24	3.31396e-24	5.03422e-24	7.63999e-24	1.15818e-23	1.75358e-23	2.65140e-23	4.00274e-23	6.03250e-23	9.07440e-23	1.36218e-22	2.04016e-22	3.04801e-22	4.54155e-22	6.74738e-22	9.99362e-22	1.47530e-21	2.17035e-21	3.18122e-21	4.64517e-21	6.75607e-21	9.78627e-21	1.41165e-20	2.02762e-20	2.89979e-20	4.12905e-20	5.85357e-20	8.26173e-20	1.16090e-19	1.62402e-19	2.26181e-19	3.13607e-19	4.32882e-19	5.94828e-19	8.13632e-19	1.10775e-18	1.50099e-18	2.02381e-18	2.71471e-18	3.62176e-18	4.80407e-18	6.33298e-18	8.29261e-18	1.07792e-17	1.38986e-17	1.77609e-17	2.24711e-17	2.81155e-17	3.47428e-17	4.23412e-17	5.08149e-17	5.99652e-17	6.94835e-17	7.89656e-17	8.79538e-17	9.60022e-17	1.02755e-16	1.08017e-16	1.11785e-16	1.14237e-16	1.15666e-16	1.16401e-16	1.16729e-16	1.16853e-16	1.16891e-16	1.16901e-16	1.16903e-16	1.16903e-16	1.16903e-16	1.16903e-16	1.16903e-16	1.16903e-16	1.16903e-16	1.16903e-16	1.16903e-16	1.16903e-16	1.16903e-16	1.16903e-16	1.16903e-16	1.16903e-16	1.16903e-16	1.16903e-16	1.16903e-16	1.16903e-16	1.16903e-16	1.16903e-16	1.16903e-16	1.16903e-16	1.16903e-16	1.16903e-16	1.16903e-16	1.16903e-16	1.16903e-16	1.16903e-16	1.16903e-16	1.16903e-16	1.16903e-16	1.16903e-16	1.16903e-16	1.16903e-16	1.16903e-16	1.16903e-16	1.16903e-16	1.16903e-16	1.16903e-16	1.16903e-16	1.16903e-16	1.16903e-16	1.16903e-16	1.16903e-16	1.16903e-16	1.16903e-16	1.16903e-16	1.16903e-16	1.16903e-16	1.16903e-16	1.16903e-16
26.93	4.90963e-40	4.58716e-39	1.08532e-38	2.04387e-38	3.51019e-38	5.75325e-38	9.18455e-38	1.44335e-37	2.24630e-37	3.47460e-37	5.35356e-37	8.22787e-37	1.26248e-36	1.93509e-36	2.96400e-36	4.53797e-36	6.94570e-36	1.06289e-35	1.62632e-35	2.48821e-35	3.80667e-35	5.82356e-35	8.90886e-35	1.36285e-34	2.08483e-34	3.18926e-34	4.87874e-34	7.46317e-34	1.14166e-33	1.74643e-33	2.67156e-33	4.08675e-33	6.25158e-33	9.56315e-33	1.46289e-32	2.23780e-32	3.42319e-32	5.23647e-32	8.01024e-32	1.22532e-31	1.87437e-31	2.86720e-31	4.38589e-31	6.70898e-31	1.02625e-30	1.56980e-30	2.40123e-30	3.67298e-30	5.61822e-30	8.59357e-30	1.31445e-29	2.01050e-29	3.07509e-29	4.70330e-29	7.19343e-29	1.10016e-28	1.68253e-28	2.57308e-28	3.93482e-28	6.01692e-28	9.20023e-28	1.40668e-27	2.15058e-27	3.28761e-27	5.02527e-27	7.68049e-27	1.17371e-26	1.79335e-26	2.73963e-26	4.18438e-26	6.38953e-26	9.75421e-26	1.48861e-25	2.27102e-25	3.46327e-25	5.27903e-25	8.04260e-25	1.22457e-24	1.86327e-24	2.83295e-24	4.30356e-24	6.53121e-24	9.90110e-24	1.49913e-23	2.26671e-23	3.42205e-23	5.15747e-23	7.75832e-23	1.16466e-22	1.74439e-22	2.60623e-22	3.88346e-22	5.76996e-22	8.54647e-22	1.26176e-21	1.85635e-21	2.72121e-21	3.97390e-21	5.78045e-21	8.37423e-21	1.20816e-20	1.73565e-20	2.48276e-20	3.53609e-20	5.01436e-20	7.07955e-20	9.95155e-20	1.39275e-19	1.94066e-19	2.69230e-19	3.71868e-19	5.11372e-19	7.00083e-19	9.54105e-19	1.29430e-18	1.74745e-18	2.34762e-18	3.13761e-18	4.17046e-18	5.51087e-18	7.23609e-18	9.43601e-18	1.22118e-17	1.56721e-17	1.99261e-17	2.50723e-17	3.11824e-17	3.82806e-17	4.63196e-17	5.51583e-17	6.45478e-17	7.41324e-17	8.34763e-17	9.21169e-17	9.96387e-17	1.05751e-16	1.10342e-16	1.13497e-16	1.15455e-16	1.16536e-16	1.17059e-16	1.17276e-16	1.17351e-16	1.17373e-16	1.17378e-16	1.17379e-16	1.17379e-16	1.17379e-16	1.17379e-16	1.17379e-16	1.17379e-16	1.17379e-16	1.17379e-16	1.17379e-16	1.17379e-16	1.17379e-16	1.17379e-16	1.17379e-16	1.17379e-16	1.17379e-16	1.17379e-16	1.17379e-16	1.17379e-16	1.17379e-16	1.17379e-16	1.17379e-16	1.17379e-16	1.17379e-16	1.17379e-16	1.17379e-16	1.17379e-16	1.17379e-16	1.17379e-16	1.17379e-16	1.17379e-16	1.17379e-16	1.17379e-16	1.17379e-16	1.17379e-16	1.17379e-16	1.17379e-16	1.17379e-16	1.17379e-16	1.17379e-16	1.17379e-16	1.17379e-16	1.17379e-16	1.17379e-16	1.17379e-16	1.17379e-16	1.17379e-16	1.17379e-16	1.17379e-16	1.17379e-16	1.17379e-16
26.97	4.19675e-40	3.92110e-39	9.27730e-39	1.74709e-38	3.00050e-38	4.91787e-38	7.85094e-38	1.23377e-37	1.92013e-37	2.97008e-37	4.57621e-37	7.03317e-37	1.07917e-36	1.65411e-36	2.53363e-36	3.87905e-36	5.93718e-36	9.08556e-36	1.39017e-35	2.12692e-35	3.25394e-35	4.97797e-35	7.61528e-35	1.16496e-34	1.78211e-34	2.72618e-34	4.17034e-34	6.37950e-34	9.75892e-34	1.49285e-33	2.28365e-33	3.49335e-33	5.34384e-33	8.17457e-33	1.25048e-32	1.91287e-32	2.92614e-32	4.47613e-32	6.84714e-32	1.04741e-31	1.60221e-31	2.45088e-31	3.74906e-31	5.73483e-31	8.77235e-31	1.34186e-30	2.05257e-30	3.13966e-30	4.80245e-30	7.34578e-30	1.12359e-29	1.71858e-29	2.62859e-29	4.02038e-29	6.14894e-29	9.40419e-29	1.43823e-28	2.19947e-28	3.36349e-28	5.14328e-28	7.86438e-28	1.20243e-27	1.83832e-27	2.81026e-27	4.29563e-27	6.56532e-27	1.00329e-26	1.53297e-26	2.34186e-26	3.57685e-26	5.46186e-26	8.33804e-26	1.27249e-25	1.94131e-25	2.96049e-25	4.51266e-25	6.87507e-25	1.04680e-24	1.59280e-24	2.42175e-24	3.67893e-24	5.58331e-24	8.46421e-24	1.28159e-23	1.93781e-23	2.92557e-23	4.40930e-23	6.63302e-23	9.95758e-23	1.49146e-22	2.22842e-22	3.32065e-22	4.93399e-22	7.30863e-22	1.07908e-21	1.58770e-21	2.32760e-21	3.39942e-21	4.94536e-21	7.16535e-21	1.03390e-20	1.48557e-20	2.12545e-20	3.02786e-20	4.29477e-20	6.06539e-20	8.52888e-20	1.19411e-19	1.66463e-19	2.31056e-19	3.19333e-19	4.39433e-19	6.02076e-19	8.21294e-19	1.11532e-18	1.50766e-18	2.02835e-18	2.71535e-18	3.61608e-18	4.78883e-18	6.30404e-18	8.24487e-18	1.07067e-17	1.37948e-17	1.76191e-17	2.22856e-17	2.78830e-17	3.44640e-17	4.20233e-17	5.04734e-17	5.96252e-17	6.91794e-17	7.87386e-17	8.78463e-17	9.60506e-17	1.02982e-16	1.08427e-16	1.12362e-16	1.14949e-16	1.16476e-16	1.17273e-16	1.17633e-16	1.17772e-16	1.17817e-16	1.17828e-16	1.17830e-16	1.17831e-16	1.17831e-16	1.17831e-16	1.17831e-16	1.17831e-16	1.17831e-16	1.17831e-16	1.17831e-16	1.17831e-16	1.17831e-16	1.17831e-16	1.17831e-16	1.17831e-16	1.17831e-16	1.17831e-16	1.17831e-16	1.17831e-16	1.17831e-16	1.17831e-16	1.17831e-16	1.17831e-16	1.17831e-16	1.17831e-16	1.17831e-16	1.17831e-16	1.17831e-16	1.17831e-16	1.17831e-16	1.17831e-16	1.17831e-16	1.17831e-16	1.17831e-16	1.17831e-16	1.17831e-16	1.17831e-16	1.17831e-16	1.17831e-16	1.17831e-16	1.17831e-16	1.17831e-16	1.17831e-16	1.17831e-16	1.17831e-16	1.17831e-16	1.17831e-16	1.17831e-16	1.17831e-16	1.17831e-16	1.17831e-16
27.00	3.58737e-40	3.35175e-39	7.93022e-39	1.49341e-38	2.56483e-38	4.20379e-38	6.71097e-38	1.05463e-37	1.64133e-37	2.53882e-37	3.91174e-37	6.01194e-37	9.22469e-37	1.41393e-36	2.16574e-36	3.31580e-36	5.07509e-36	7.76632e-36	1.18832e-35	1.81809e-35	2.78146e-35	4.25516e-35	6.50953e-35	9.95809e-35	1.52334e-34	2.33033e-34	3.56480e-34	5.45319e-34	8.34191e-34	1.27608e-33	1.95206e-33	2.98611e-33	4.56791e-33	6.98761e-33	1.06891e-32	1.63512e-32	2.50126e-32	3.82619e-32	5.85293e-32	8.95321e-32	1.36957e-31	2.09501e-31	3.20469e-31	4.90212e-31	7.49859e-31	1.14702e-30	1.75453e-30	2.68378e-30	4.10513e-30	6.27916e-30	9.60441e-30	1.46904e-29	2.24691e-29	3.43662e-29	5.25611e-29	8.03870e-29	1.22940e-28	1.88011e-28	2.87511e-28	4.39648e-28	6.72248e-28	1.02784e-27	1.57140e-27	2.40222e-27	3.67192e-27	5.61207e-27	8.57620e-27	1.31039e-26	2.00184e-26	3.05753e-26	4.66886e-26	7.12747e-26	1.08775e-25	1.65947e-25	2.53069e-25	3.85754e-25	5.87701e-25	8.94844e-25	1.36159e-24	2.07022e-24	3.14494e-24	4.77295e-24	7.23581e-24	1.09560e-23	1.65662e-23	2.50109e-23	3.76962e-23	5.67086e-23	8.51339e-23	1.27519e-22	1.90535e-22	2.83933e-22	4.21901e-22	6.24987e-22	9.22813e-22	1.35787e-21	1.99082e-21	2.90782e-21	4.23064e-21	6.13052e-21	8.84706e-21	1.27139e-20	1.81935e-20	2.59234e-20	3.67789e-20	5.19561e-20	7.30814e-20	1.02357e-19	1.42748e-19	1.98235e-19	2.74124e-19	3.77462e-19	5.17549e-19	7.06590e-19	9.60493e-19	1.29984e-18	1.75105e-18	2.34768e-18	3.13192e-18	4.15607e-18	5.48392e-18	7.19176e-18	9.36854e-18	1.21146e-17	1.55382e-17	1.97489e-17	2.48466e-17	3.09063e-17	3.79573e-17	4.59596e-17	5.47814e-17	6.41838e-17	7.38194e-17	8.32573e-17	9.20331e-17	9.97218e-17	1.06016e-16	1.10785e-16	1.14094e-16	1.16170e-16	1.17332e-16	1.17902e-16	1.18143e-16	1.18229e-16	1.18254e-16	1.18260e-16	1.18261e-16	1.18261e-16	1.18261e-16	1.18261e-16	1.18261e-16	1.18261e-16	1.18261e-16	1.18261e-16	1.18261e-16	1.18261e-16	1.18261e-16	1.18261e-16	1.18261e-16	1.18261e-16	1.18261e-16	1.18261e-16	1.18261e-16	1.18261e-16	1.18261e-16	1.18261e-16	1.18261e-16	1.18261e-16	1.18261e-16	1.18261e-16	1.18261e-16	1.18261e-16	1.18261e-16	1.18261e-16	1.18261e-16	1.18261e-16	1.18261e-16	1.18261e-16	1.18261e-16	1.18261e-16	1.18261e-16	1.18261e-16	1.18261e-16	1.18261e-16	1.18261e-16	1.18261e-16	1.18261e-16	1.18261e-16	1.18261e-16	1.18261e-16	1.18261e-16	1.18261e-16	1.18261e-16	1.18261e-16	1.18261e-16
