# NeutrinoAntineutrinoInteraction/NeutrinoAntineutrinoResonanceMuon cumulative differential rate
# photon field: massive Cosmic Neutrino Background, T_CnuB = 1.94535456 K
# Produced with crpropa-data version: 60a1560e37035039ec25f414e0c42a2444bad49c
# log10(E/eV), d(1/lambda)/ds_kin [1/Mpc/eV^2] for log10(s_kin/eV^2) as given in first row
0.00	1.66769e+01	1.67385e+01	1.68000e+01	1.68615e+01	1.69231e+01	1.69846e+01	1.70462e+01	1.71077e+01	1.71692e+01	1.72308e+01	1.72923e+01	1.73538e+01	1.74154e+01	1.74769e+01	1.75385e+01	1.76000e+01	1.76615e+01	1.77231e+01	1.77846e+01	1.78462e+01	1.79077e+01	1.79692e+01	1.80308e+01	1.80923e+01	1.81538e+01	1.82154e+01	1.82769e+01	1.83385e+01	1.84000e+01	1.84615e+01	1.85231e+01	1.85846e+01	1.86462e+01	1.87077e+01	1.87692e+01	1.88308e+01	1.88923e+01	1.89538e+01	1.90154e+01	1.90769e+01	1.91385e+01	1.92000e+01	1.92615e+01	1.93231e+01	1.93846e+01	1.94462e+01	1.95077e+01	1.95692e+01	1.96308e+01	1.96923e+01	1.97538e+01	1.98154e+01	1.98769e+01	1.99385e+01	2.00000e+01	2.00615e+01	2.01231e+01	2.01846e+01	2.02462e+01	2.03077e+01	2.03692e+01	2.04308e+01	2.04923e+01	2.05538e+01	2.06154e+01	2.06769e+01	2.07385e+01	2.08000e+01	2.08615e+01	2.09231e+01	2.09846e+01	2.10462e+01	2.11077e+01	2.11692e+01	2.12308e+01	2.12923e+01	2.13538e+01	2.14154e+01	2.14769e+01	2.15385e+01	2.16000e+01	2.16615e+01	2.17231e+01	2.17846e+01	2.18462e+01	2.19077e+01	2.19692e+01	2.20308e+01	2.20923e+01	2.21538e+01	2.22154e+01	2.22769e+01	2.23385e+01	2.24000e+01	2.24615e+01	2.25231e+01	2.25846e+01	2.26462e+01	2.27077e+01	2.27692e+01	2.28308e+01	2.28923e+01	2.29538e+01	2.30154e+01	2.30769e+01	2.31385e+01	2.32000e+01	2.32615e+01	2.33231e+01	2.33846e+01	2.34462e+01	2.35077e+01	2.35692e+01	2.36308e+01	2.36923e+01	2.37538e+01	2.38154e+01	2.38769e+01	2.39385e+01	2.40000e+01	2.40615e+01	2.41231e+01	2.41846e+01	2.42462e+01	2.43077e+01	2.43692e+01	2.44308e+01	2.44923e+01	2.45538e+01	2.46154e+01	2.46769e+01	2.47385e+01	2.48000e+01	2.48615e+01	2.49231e+01	2.49846e+01	2.50462e+01	2.51077e+01	2.51692e+01	2.52308e+01	2.52923e+01	2.53538e+01	2.54154e+01	2.54769e+01	2.55385e+01	2.56000e+01	2.56615e+01	2.57231e+01	2.57846e+01	2.58462e+01	2.59077e+01	2.59692e+01	2.60308e+01	2.60923e+01	2.61538e+01	2.62154e+01	2.62769e+01	2.63385e+01	2.64000e+01	2.64615e+01	2.65231e+01	2.65846e+01	2.66462e+01	2.67077e+01	2.67692e+01	2.68308e+01	2.68923e+01	2.69538e+01	2.70154e+01	2.70769e+01	2.71385e+01	2.72000e+01	2.72615e+01	2.73231e+01	2.73846e+01	2.74462e+01	2.75077e+01	2.75692e+01	2.76308e+01	2.76923e+01	2.77538e+01	2.78154e+01	2.78769e+01	2.79385e+01	2.80000e+01
13.44	0.00000e+00	0.00000e+00	0.00000e+00	0.00000e+00	0.00000e+00	0.00000e+00	0.00000e+00	0.00000e+00	0.00000e+00	0.00000e+00	0.00000e+00	0.00000e+00	0.00000e+00	0.00000e+00	0.00000e+00	0.00000e+00	0.00000e+00	0.00000e+00	0.00000e+00	0.00000e+00	0.00000e+00	0.00000e+00	0.00000e+00	0.00000e+00	0.00000e+00	0.00000e+00	0.00000e+00	0.00000e+00	0.00000e+00	0.00000e+00	0.00000e+00	0.00000e+00	0.00000e+00	0.00000e+00	0.00000e+00	0.00000e+00	0.00000e+00	0.00000e+00	0.00000e+00	0.00000e+00	0.00000e+00	0.00000e+00	0.00000e+00	0.00000e+00	0.00000e+00	0.00000e+00	0.00000e+00	0.00000e+00	0.00000e+00	0.00000e+00	0.00000e+00	0.00000e+00	0.00000e+00	0.00000e+00	0.00000e+00	0.00000e+00	0.00000e+00	0.00000e+00	0.00000e+00	0.00000e+00	0.00000e+00	0.00000e+00	0.00000e+00	0.00000e+00	0.00000e+00	0.00000e+00	0.00000e+00	0.00000e+00	0.00000e+00	0.00000e+00	0.00000e+00	0.00000e+00	0.00000e+00	0.00000e+00	0.00000e+00	0.00000e+00	0.00000e+00	0.00000e+00	0.00000e+00	0.00000e+00	0.00000e+00	0.00000e+00	0.00000e+00	0.00000e+00	0.00000e+00	0.00000e+00	0.00000e+00	0.00000e+00	0.00000e+00	0.00000e+00	0.00000e+00	0.00000e+00	0.00000e+00	0.00000e+00	0.00000e+00	0.00000e+00	0.00000e+00	0.00000e+00	0.00000e+00	0.00000e+00	0.00000e+00	0.00000e+00	0.00000e+00	0.00000e+00	0.00000e+00	0.00000e+00	0.00000e+00	0.00000e+00	0.00000e+00	0.00000e+00	0.00000e+00	0.00000e+00	0.00000e+00	0.00000e+00	0.00000e+00	0.00000e+00	0.00000e+00	0.00000e+00	0.00000e+00	0.00000e+00	0.00000e+00	0.00000e+00	0.00000e+00	0.00000e+00	0.00000e+00	0.00000e+00	0.00000e+00	0.00000e+00	0.00000e+00	0.00000e+00	0.00000e+00	0.00000e+00	0.00000e+00	0.00000e+00	0.00000e+00	0.00000e+00	0.00000e+00	0.00000e+00	0.00000e+00	0.00000e+00	0.00000e+00	0.00000e+00	0.00000e+00	0.00000e+00	0.00000e+00	0.00000e+00	0.00000e+00	0.00000e+00	0.00000e+00	0.00000e+00	0.00000e+00	0.00000e+00	0.00000e+00	0.00000e+00	0.00000e+00	0.00000e+00	0.00000e+00	0.00000e+00	0.00000e+00	0.00000e+00	0.00000e+00	0.00000e+00	0.00000e+00	0.00000e+00	0.00000e+00	0.00000e+00	0.00000e+00	0.00000e+00	0.00000e+00	0.00000e+00	0.00000e+00	0.00000e+00	0.00000e+00	0.00000e+00	0.00000e+00	0.00000e+00	0.00000e+00	0.00000e+00	0.00000e+00	0.00000e+00	0.00000e+00	0.00000e+00	0.00000e+00	0.00000e+00	0.00000e+00
13.47	0.00000e+00	0.00000e+00	0.00000e+00	0.00000e+00	0.00000e+00	0.00000e+00	0.00000e+00	0.00000e+00	0.00000e+00	0.00000e+00	0.00000e+00	0.00000e+00	0.00000e+00	0.00000e+00	0.00000e+00	0.00000e+00	0.00000e+00	0.00000e+00	0.00000e+00	0.00000e+00	0.00000e+00	0.00000e+00	0.00000e+00	0.00000e+00	0.00000e+00	0.00000e+00	0.00000e+00	0.00000e+00	0.00000e+00	0.00000e+00	0.00000e+00	0.00000e+00	0.00000e+00	0.00000e+00	0.00000e+00	0.00000e+00	0.00000e+00	0.00000e+00	0.00000e+00	0.00000e+00	0.00000e+00	0.00000e+00	0.00000e+00	0.00000e+00	0.00000e+00	0.00000e+00	0.00000e+00	0.00000e+00	0.00000e+00	0.00000e+00	0.00000e+00	0.00000e+00	0.00000e+00	0.00000e+00	0.00000e+00	0.00000e+00	0.00000e+00	0.00000e+00	0.00000e+00	0.00000e+00	0.00000e+00	0.00000e+00	0.00000e+00	0.00000e+00	0.00000e+00	0.00000e+00	0.00000e+00	0.00000e+00	0.00000e+00	0.00000e+00	0.00000e+00	0.00000e+00	0.00000e+00	0.00000e+00	0.00000e+00	0.00000e+00	0.00000e+00	0.00000e+00	0.00000e+00	0.00000e+00	0.00000e+00	0.00000e+00	0.00000e+00	0.00000e+00	0.00000e+00	0.00000e+00	0.00000e+00	0.00000e+00	0.00000e+00	0.00000e+00	0.00000e+00	0.00000e+00	0.00000e+00	0.00000e+00	0.00000e+00	0.00000e+00	0.00000e+00	0.00000e+00	0.00000e+00	0.00000e+00	0.00000e+00	0.00000e+00	0.00000e+00	0.00000e+00	0.00000e+00	0.00000e+00	0.00000e+00	0.00000e+00	0.00000e+00	0.00000e+00	0.00000e+00	0.00000e+00	0.00000e+00	0.00000e+00	0.00000e+00	0.00000e+00	0.00000e+00	0.00000e+00	0.00000e+00	0.00000e+00	0.00000e+00	0.00000e+00	0.00000e+00	0.00000e+00	0.00000e+00	0.00000e+00	0.00000e+00	0.00000e+00	0.00000e+00	0.00000e+00	0.00000e+00	0.00000e+00	0.00000e+00	0.00000e+00	0.00000e+00	0.00000e+00	0.00000e+00	0.00000e+00	0.00000e+00	0.00000e+00	0.00000e+00	0.00000e+00	0.00000e+00	0.00000e+00	0.00000e+00	0.00000e+00	0.00000e+00	0.00000e+00	0.00000e+00	0.00000e+00	0.00000e+00	0.00000e+00	0.00000e+00	0.00000e+00	0.00000e+00	0.00000e+00	0.00000e+00	0.00000e+00	0.00000e+00	0.00000e+00	0.00000e+00	0.00000e+00	0.00000e+00	0.00000e+00	0.00000e+00	0.00000e+00	0.00000e+00	0.00000e+00	0.00000e+00	0.00000e+00	0.00000e+00	0.00000e+00	0.00000e+00	0.00000e+00	0.00000e+00	0.00000e+00	0.00000e+00	0.00000e+00	0.00000e+00	0.00000e+00	0.00000e+00	0.00000e+00	0.00000e+00	0.00000e+00	0.00000e+00
13.51	0.00000e+00	0.00000e+00	0.00000e+00	0.00000e+00	0.00000e+00	0.00000e+00	0.00000e+00	0.00000e+00	0.00000e+00	0.00000e+00	0.00000e+00	0.00000e+00	0.00000e+00	0.00000e+00	0.00000e+00	0.00000e+00	0.00000e+00	0.00000e+00	0.00000e+00	0.00000e+00	0.00000e+00	0.00000e+00	0.00000e+00	0.00000e+00	0.00000e+00	0.00000e+00	0.00000e+00	0.00000e+00	0.00000e+00	0.00000e+00	0.00000e+00	0.00000e+00	0.00000e+00	0.00000e+00	0.00000e+00	0.00000e+00	0.00000e+00	0.00000e+00	0.00000e+00	0.00000e+00	0.00000e+00	0.00000e+00	0.00000e+00	0.00000e+00	0.00000e+00	0.00000e+00	0.00000e+00	0.00000e+00	0.00000e+00	0.00000e+00	0.00000e+00	0.00000e+00	0.00000e+00	0.00000e+00	0.00000e+00	0.00000e+00	0.00000e+00	0.00000e+00	0.00000e+00	0.00000e+00	0.00000e+00	0.00000e+00	0.00000e+00	0.00000e+00	0.00000e+00	0.00000e+00	0.00000e+00	0.00000e+00	0.00000e+00	0.00000e+00	0.00000e+00	0.00000e+00	0.00000e+00	0.00000e+00	0.00000e+00	0.00000e+00	0.00000e+00	0.00000e+00	0.00000e+00	0.00000e+00	0.00000e+00	0.00000e+00	0.00000e+00	0.00000e+00	0.00000e+00	0.00000e+00	0.00000e+00	0.00000e+00	0.00000e+00	0.00000e+00	0.00000e+00	0.00000e+00	0.00000e+00	0.00000e+00	0.00000e+00	0.00000e+00	0.00000e+00	0.00000e+00	0.00000e+00	0.00000e+00	0.00000e+00	0.00000e+00	0.00000e+00	0.00000e+00	0.00000e+00	0.00000e+00	0.00000e+00	0.00000e+00	0.00000e+00	0.00000e+00	0.00000e+00	0.00000e+00	0.00000e+00	0.00000e+00	0.00000e+00	0.00000e+00	0.00000e+00	0.00000e+00	0.00000e+00	0.00000e+00	0.00000e+00	0.00000e+00	0.00000e+00	0.00000e+00	0.00000e+00	0.00000e+00	0.00000e+00	0.00000e+00	0.00000e+00	0.00000e+00	0.00000e+00	0.00000e+00	0.00000e+00	0.00000e+00	0.00000e+00	0.00000e+00	0.00000e+00	0.00000e+00	0.00000e+00	0.00000e+00	0.00000e+00	0.00000e+00	0.00000e+00	0.00000e+00	0.00000e+00	0.00000e+00	0.00000e+00	0.00000e+00	0.00000e+00	0.00000e+00	0.00000e+00	0.00000e+00	0.00000e+00	0.00000e+00	0.00000e+00	0.00000e+00	0.00000e+00	0.00000e+00	0.00000e+00	0.00000e+00	0.00000e+00	0.00000e+00	0.00000e+00	0.00000e+00	0.00000e+00	0.00000e+00	0.00000e+00	0.00000e+00	0.00000e+00	0.00000e+00	0.00000e+00	0.00000e+00	0.00000e+00	0.00000e+00	0.00000e+00	0.00000e+00	0.00000e+00	0.00000e+00	0.00000e+00	0.00000e+00	0.00000e+00	0.00000e+00	0.00000e+00	0.00000e+00	0.00000e+00
13.54	0.00000e+00	0.00000e+00	0.00000e+00	0.00000e+00	0.00000e+00	0.00000e+00	0.00000e+00	0.00000e+00	0.00000e+00	0.00000e+00	0.00000e+00	0.00000e+00	0.00000e+00	0.00000e+00	0.00000e+00	0.00000e+00	0.00000e+00	0.00000e+00	0.00000e+00	0.00000e+00	0.00000e+00	0.00000e+00	0.00000e+00	0.00000e+00	0.00000e+00	0.00000e+00	0.00000e+00	0.00000e+00	0.00000e+00	0.00000e+00	0.00000e+00	0.00000e+00	0.00000e+00	0.00000e+00	0.00000e+00	0.00000e+00	0.00000e+00	0.00000e+00	0.00000e+00	0.00000e+00	0.00000e+00	0.00000e+00	0.00000e+00	0.00000e+00	0.00000e+00	0.00000e+00	0.00000e+00	0.00000e+00	0.00000e+00	0.00000e+00	0.00000e+00	0.00000e+00	0.00000e+00	0.00000e+00	0.00000e+00	0.00000e+00	0.00000e+00	0.00000e+00	0.00000e+00	0.00000e+00	0.00000e+00	0.00000e+00	0.00000e+00	0.00000e+00	0.00000e+00	0.00000e+00	0.00000e+00	0.00000e+00	0.00000e+00	0.00000e+00	0.00000e+00	0.00000e+00	0.00000e+00	0.00000e+00	0.00000e+00	0.00000e+00	0.00000e+00	0.00000e+00	0.00000e+00	0.00000e+00	0.00000e+00	0.00000e+00	0.00000e+00	0.00000e+00	0.00000e+00	0.00000e+00	0.00000e+00	0.00000e+00	0.00000e+00	0.00000e+00	0.00000e+00	0.00000e+00	0.00000e+00	0.00000e+00	0.00000e+00	0.00000e+00	0.00000e+00	0.00000e+00	0.00000e+00	0.00000e+00	0.00000e+00	0.00000e+00	0.00000e+00	0.00000e+00	0.00000e+00	0.00000e+00	0.00000e+00	0.00000e+00	0.00000e+00	0.00000e+00	0.00000e+00	0.00000e+00	0.00000e+00	0.00000e+00	0.00000e+00	0.00000e+00	0.00000e+00	0.00000e+00	0.00000e+00	0.00000e+00	0.00000e+00	0.00000e+00	0.00000e+00	0.00000e+00	0.00000e+00	0.00000e+00	0.00000e+00	0.00000e+00	0.00000e+00	0.00000e+00	0.00000e+00	0.00000e+00	0.00000e+00	0.00000e+00	0.00000e+00	0.00000e+00	0.00000e+00	0.00000e+00	0.00000e+00	0.00000e+00	0.00000e+00	0.00000e+00	0.00000e+00	0.00000e+00	0.00000e+00	0.00000e+00	0.00000e+00	0.00000e+00	0.00000e+00	0.00000e+00	0.00000e+00	0.00000e+00	0.00000e+00	0.00000e+00	0.00000e+00	0.00000e+00	0.00000e+00	0.00000e+00	0.00000e+00	0.00000e+00	0.00000e+00	0.00000e+00	0.00000e+00	0.00000e+00	0.00000e+00	0.00000e+00	0.00000e+00	0.00000e+00	0.00000e+00	0.00000e+00	0.00000e+00	0.00000e+00	0.00000e+00	0.00000e+00	0.00000e+00	0.00000e+00	0.00000e+00	0.00000e+00	0.00000e+00	0.00000e+00	0.00000e+00	0.00000e+00	0.00000e+00	0.00000e+00	0.00000e+00
13.58	0.00000e+00	0.00000e+00	0.00000e+00	0.00000e+00	0.00000e+00	0.00000e+00	0.00000e+00	0.00000e+00	0.00000e+00	0.00000e+00	0.00000e+00	0.00000e+00	0.00000e+00	0.00000e+00	0.00000e+00	0.00000e+00	0.00000e+00	0.00000e+00	0.00000e+00	0.00000e+00	0.00000e+00	0.00000e+00	0.00000e+00	0.00000e+00	0.00000e+00	0.00000e+00	0.00000e+00	0.00000e+00	0.00000e+00	0.00000e+00	0.00000e+00	0.00000e+00	0.00000e+00	0.00000e+00	0.00000e+00	0.00000e+00	0.00000e+00	0.00000e+00	0.00000e+00	0.00000e+00	0.00000e+00	0.00000e+00	0.00000e+00	0.00000e+00	0.00000e+00	0.00000e+00	0.00000e+00	0.00000e+00	0.00000e+00	0.00000e+00	0.00000e+00	0.00000e+00	0.00000e+00	0.00000e+00	0.00000e+00	0.00000e+00	0.00000e+00	0.00000e+00	0.00000e+00	0.00000e+00	0.00000e+00	0.00000e+00	0.00000e+00	0.00000e+00	0.00000e+00	0.00000e+00	0.00000e+00	0.00000e+00	0.00000e+00	0.00000e+00	0.00000e+00	0.00000e+00	0.00000e+00	0.00000e+00	0.00000e+00	0.00000e+00	0.00000e+00	0.00000e+00	0.00000e+00	0.00000e+00	0.00000e+00	0.00000e+00	0.00000e+00	0.00000e+00	0.00000e+00	0.00000e+00	0.00000e+00	0.00000e+00	0.00000e+00	0.00000e+00	0.00000e+00	0.00000e+00	0.00000e+00	0.00000e+00	0.00000e+00	0.00000e+00	0.00000e+00	0.00000e+00	0.00000e+00	0.00000e+00	0.00000e+00	0.00000e+00	0.00000e+00	0.00000e+00	0.00000e+00	0.00000e+00	0.00000e+00	0.00000e+00	0.00000e+00	0.00000e+00	0.00000e+00	0.00000e+00	0.00000e+00	0.00000e+00	0.00000e+00	0.00000e+00	0.00000e+00	0.00000e+00	0.00000e+00	0.00000e+00	0.00000e+00	0.00000e+00	0.00000e+00	0.00000e+00	0.00000e+00	0.00000e+00	0.00000e+00	0.00000e+00	0.00000e+00	0.00000e+00	0.00000e+00	0.00000e+00	0.00000e+00	0.00000e+00	0.00000e+00	0.00000e+00	0.00000e+00	0.00000e+00	0.00000e+00	0.00000e+00	0.00000e+00	0.00000e+00	0.00000e+00	0.00000e+00	0.00000e+00	0.00000e+00	0.00000e+00	0.00000e+00	0.00000e+00	0.00000e+00	0.00000e+00	0.00000e+00	0.00000e+00	0.00000e+00	0.00000e+00	0.00000e+00	0.00000e+00	0.00000e+00	0.00000e+00	0.00000e+00	0.00000e+00	0.00000e+00	0.00000e+00	0.00000e+00	0.00000e+00	0.00000e+00	0.00000e+00	0.00000e+00	0.00000e+00	0.00000e+00	0.00000e+00	0.00000e+00	0.00000e+00	0.00000e+00	0.00000e+00	0.00000e+00	0.00000e+00	0.00000e+00	0.00000e+00	0.00000e+00	0.00000e+00	0.00000e+00	0.00000e+00	0.00000e+00	0.00000e+00
13.61	0.00000e+00	0.00000e+00	0.00000e+00	0.00000e+00	0.00000e+00	0.00000e+00	0.00000e+00	0.00000e+00	0.00000e+00	0.00000e+00	0.00000e+00	0.00000e+00	0.00000e+00	0.00000e+00	0.00000e+00	0.00000e+00	0.00000e+00	0.00000e+00	0.00000e+00	0.00000e+00	0.00000e+00	0.00000e+00	0.00000e+00	0.00000e+00	0.00000e+00	0.00000e+00	0.00000e+00	0.00000e+00	0.00000e+00	0.00000e+00	0.00000e+00	0.00000e+00	0.00000e+00	0.00000e+00	0.00000e+00	0.00000e+00	0.00000e+00	0.00000e+00	0.00000e+00	0.00000e+00	0.00000e+00	0.00000e+00	0.00000e+00	0.00000e+00	0.00000e+00	0.00000e+00	0.00000e+00	0.00000e+00	0.00000e+00	0.00000e+00	0.00000e+00	0.00000e+00	0.00000e+00	0.00000e+00	0.00000e+00	0.00000e+00	0.00000e+00	0.00000e+00	0.00000e+00	0.00000e+00	0.00000e+00	0.00000e+00	0.00000e+00	0.00000e+00	0.00000e+00	0.00000e+00	0.00000e+00	0.00000e+00	0.00000e+00	0.00000e+00	0.00000e+00	0.00000e+00	0.00000e+00	0.00000e+00	0.00000e+00	0.00000e+00	0.00000e+00	0.00000e+00	0.00000e+00	0.00000e+00	0.00000e+00	0.00000e+00	0.00000e+00	0.00000e+00	0.00000e+00	0.00000e+00	0.00000e+00	0.00000e+00	0.00000e+00	0.00000e+00	0.00000e+00	0.00000e+00	0.00000e+00	0.00000e+00	0.00000e+00	0.00000e+00	0.00000e+00	0.00000e+00	0.00000e+00	0.00000e+00	0.00000e+00	0.00000e+00	0.00000e+00	0.00000e+00	0.00000e+00	0.00000e+00	0.00000e+00	0.00000e+00	0.00000e+00	0.00000e+00	0.00000e+00	0.00000e+00	0.00000e+00	0.00000e+00	0.00000e+00	0.00000e+00	0.00000e+00	0.00000e+00	0.00000e+00	0.00000e+00	0.00000e+00	0.00000e+00	0.00000e+00	0.00000e+00	0.00000e+00	0.00000e+00	0.00000e+00	0.00000e+00	0.00000e+00	0.00000e+00	0.00000e+00	0.00000e+00	0.00000e+00	0.00000e+00	0.00000e+00	0.00000e+00	0.00000e+00	0.00000e+00	0.00000e+00	0.00000e+00	0.00000e+00	0.00000e+00	0.00000e+00	0.00000e+00	0.00000e+00	0.00000e+00	0.00000e+00	0.00000e+00	0.00000e+00	0.00000e+00	0.00000e+00	0.00000e+00	0.00000e+00	0.00000e+00	0.00000e+00	0.00000e+00	0.00000e+00	0.00000e+00	0.00000e+00	0.00000e+00	0.00000e+00	0.00000e+00	0.00000e+00	0.00000e+00	0.00000e+00	0.00000e+00	0.00000e+00	0.00000e+00	0.00000e+00	0.00000e+00	0.00000e+00	0.00000e+00	0.00000e+00	0.00000e+00	0.00000e+00	0.00000e+00	0.00000e+00	0.00000e+00	0.00000e+00	0.00000e+00	0.00000e+00	0.00000e+00	0.00000e+00	0.00000e+00	0.00000e+00
13.65	0.00000e+00	0.00000e+00	0.00000e+00	0.00000e+00	0.00000e+00	0.00000e+00	0.00000e+00	0.00000e+00	0.00000e+00	0.00000e+00	0.00000e+00	0.00000e+00	0.00000e+00	0.00000e+00	0.00000e+00	0.00000e+00	0.00000e+00	0.00000e+00	0.00000e+00	0.00000e+00	0.00000e+00	0.00000e+00	0.00000e+00	0.00000e+00	0.00000e+00	0.00000e+00	0.00000e+00	0.00000e+00	0.00000e+00	0.00000e+00	0.00000e+00	0.00000e+00	0.00000e+00	0.00000e+00	0.00000e+00	0.00000e+00	0.00000e+00	0.00000e+00	0.00000e+00	0.00000e+00	0.00000e+00	0.00000e+00	0.00000e+00	0.00000e+00	0.00000e+00	0.00000e+00	0.00000e+00	0.00000e+00	0.00000e+00	0.00000e+00	0.00000e+00	0.00000e+00	0.00000e+00	0.00000e+00	0.00000e+00	0.00000e+00	0.00000e+00	0.00000e+00	0.00000e+00	0.00000e+00	0.00000e+00	0.00000e+00	0.00000e+00	0.00000e+00	0.00000e+00	0.00000e+00	0.00000e+00	0.00000e+00	0.00000e+00	0.00000e+00	0.00000e+00	0.00000e+00	0.00000e+00	0.00000e+00	0.00000e+00	0.00000e+00	0.00000e+00	0.00000e+00	0.00000e+00	0.00000e+00	0.00000e+00	0.00000e+00	0.00000e+00	0.00000e+00	0.00000e+00	0.00000e+00	0.00000e+00	0.00000e+00	0.00000e+00	0.00000e+00	0.00000e+00	0.00000e+00	0.00000e+00	0.00000e+00	0.00000e+00	0.00000e+00	0.00000e+00	0.00000e+00	0.00000e+00	0.00000e+00	0.00000e+00	0.00000e+00	0.00000e+00	0.00000e+00	0.00000e+00	0.00000e+00	0.00000e+00	0.00000e+00	0.00000e+00	0.00000e+00	0.00000e+00	0.00000e+00	0.00000e+00	0.00000e+00	0.00000e+00	0.00000e+00	0.00000e+00	0.00000e+00	0.00000e+00	0.00000e+00	0.00000e+00	0.00000e+00	0.00000e+00	0.00000e+00	0.00000e+00	0.00000e+00	0.00000e+00	0.00000e+00	0.00000e+00	0.00000e+00	0.00000e+00	0.00000e+00	0.00000e+00	0.00000e+00	0.00000e+00	0.00000e+00	0.00000e+00	0.00000e+00	0.00000e+00	0.00000e+00	0.00000e+00	0.00000e+00	0.00000e+00	0.00000e+00	0.00000e+00	0.00000e+00	0.00000e+00	0.00000e+00	0.00000e+00	0.00000e+00	0.00000e+00	0.00000e+00	0.00000e+00	0.00000e+00	0.00000e+00	0.00000e+00	0.00000e+00	0.00000e+00	0.00000e+00	0.00000e+00	0.00000e+00	0.00000e+00	0.00000e+00	0.00000e+00	0.00000e+00	0.00000e+00	0.00000e+00	0.00000e+00	0.00000e+00	0.00000e+00	0.00000e+00	0.00000e+00	0.00000e+00	0.00000e+00	0.00000e+00	0.00000e+00	0.00000e+00	0.00000e+00	0.00000e+00	0.00000e+00	0.00000e+00	0.00000e+00	0.00000e+00	0.00000e+00	0.00000e+00
13.68	0.00000e+00	0.00000e+00	0.00000e+00	0.00000e+00	0.00000e+00	0.00000e+00	0.00000e+00	0.00000e+00	0.00000e+00	0.00000e+00	0.00000e+00	0.00000e+00	0.00000e+00	0.00000e+00	0.00000e+00	0.00000e+00	0.00000e+00	0.00000e+00	0.00000e+00	0.00000e+00	0.00000e+00	0.00000e+00	0.00000e+00	0.00000e+00	0.00000e+00	0.00000e+00	0.00000e+00	0.00000e+00	0.00000e+00	0.00000e+00	0.00000e+00	0.00000e+00	0.00000e+00	0.00000e+00	0.00000e+00	0.00000e+00	0.00000e+00	0.00000e+00	0.00000e+00	0.00000e+00	0.00000e+00	0.00000e+00	0.00000e+00	0.00000e+00	0.00000e+00	0.00000e+00	0.00000e+00	0.00000e+00	0.00000e+00	0.00000e+00	0.00000e+00	0.00000e+00	0.00000e+00	0.00000e+00	0.00000e+00	0.00000e+00	0.00000e+00	0.00000e+00	0.00000e+00	0.00000e+00	0.00000e+00	0.00000e+00	0.00000e+00	0.00000e+00	0.00000e+00	0.00000e+00	0.00000e+00	0.00000e+00	0.00000e+00	0.00000e+00	0.00000e+00	0.00000e+00	0.00000e+00	0.00000e+00	0.00000e+00	0.00000e+00	0.00000e+00	0.00000e+00	0.00000e+00	0.00000e+00	0.00000e+00	0.00000e+00	0.00000e+00	0.00000e+00	0.00000e+00	0.00000e+00	0.00000e+00	0.00000e+00	0.00000e+00	0.00000e+00	0.00000e+00	0.00000e+00	0.00000e+00	0.00000e+00	0.00000e+00	0.00000e+00	0.00000e+00	0.00000e+00	0.00000e+00	0.00000e+00	0.00000e+00	0.00000e+00	0.00000e+00	0.00000e+00	0.00000e+00	0.00000e+00	0.00000e+00	0.00000e+00	0.00000e+00	0.00000e+00	0.00000e+00	0.00000e+00	0.00000e+00	0.00000e+00	0.00000e+00	0.00000e+00	0.00000e+00	0.00000e+00	0.00000e+00	0.00000e+00	0.00000e+00	0.00000e+00	0.00000e+00	0.00000e+00	0.00000e+00	0.00000e+00	0.00000e+00	0.00000e+00	0.00000e+00	0.00000e+00	0.00000e+00	0.00000e+00	0.00000e+00	0.00000e+00	0.00000e+00	0.00000e+00	0.00000e+00	0.00000e+00	0.00000e+00	0.00000e+00	0.00000e+00	0.00000e+00	0.00000e+00	0.00000e+00	0.00000e+00	0.00000e+00	0.00000e+00	0.00000e+00	0.00000e+00	0.00000e+00	0.00000e+00	0.00000e+00	0.00000e+00	0.00000e+00	0.00000e+00	0.00000e+00	0.00000e+00	0.00000e+00	0.00000e+00	0.00000e+00	0.00000e+00	0.00000e+00	0.00000e+00	0.00000e+00	0.00000e+00	0.00000e+00	0.00000e+00	0.00000e+00	0.00000e+00	0.00000e+00	0.00000e+00	0.00000e+00	0.00000e+00	0.00000e+00	0.00000e+00	0.00000e+00	0.00000e+00	0.00000e+00	0.00000e+00	0.00000e+00	0.00000e+00	0.00000e+00	0.00000e+00	0.00000e+00	0.00000e+00
13.71	0.00000e+00	0.00000e+00	0.00000e+00	0.00000e+00	0.00000e+00	0.00000e+00	0.00000e+00	0.00000e+00	0.00000e+00	0.00000e+00	0.00000e+00	0.00000e+00	0.00000e+00	0.00000e+00	0.00000e+00	0.00000e+00	0.00000e+00	0.00000e+00	0.00000e+00	0.00000e+00	0.00000e+00	0.00000e+00	0.00000e+00	0.00000e+00	0.00000e+00	0.00000e+00	0.00000e+00	0.00000e+00	0.00000e+00	0.00000e+00	0.00000e+00	0.00000e+00	0.00000e+00	0.00000e+00	0.00000e+00	0.00000e+00	0.00000e+00	0.00000e+00	0.00000e+00	0.00000e+00	0.00000e+00	0.00000e+00	0.00000e+00	0.00000e+00	0.00000e+00	0.00000e+00	0.00000e+00	0.00000e+00	0.00000e+00	0.00000e+00	0.00000e+00	0.00000e+00	0.00000e+00	0.00000e+00	0.00000e+00	0.00000e+00	0.00000e+00	0.00000e+00	0.00000e+00	0.00000e+00	0.00000e+00	0.00000e+00	0.00000e+00	0.00000e+00	0.00000e+00	0.00000e+00	0.00000e+00	0.00000e+00	0.00000e+00	0.00000e+00	0.00000e+00	0.00000e+00	0.00000e+00	0.00000e+00	0.00000e+00	0.00000e+00	0.00000e+00	0.00000e+00	0.00000e+00	0.00000e+00	0.00000e+00	0.00000e+00	0.00000e+00	0.00000e+00	0.00000e+00	0.00000e+00	0.00000e+00	0.00000e+00	0.00000e+00	0.00000e+00	0.00000e+00	0.00000e+00	0.00000e+00	0.00000e+00	0.00000e+00	0.00000e+00	0.00000e+00	0.00000e+00	0.00000e+00	0.00000e+00	0.00000e+00	0.00000e+00	0.00000e+00	0.00000e+00	0.00000e+00	0.00000e+00	0.00000e+00	0.00000e+00	0.00000e+00	0.00000e+00	0.00000e+00	0.00000e+00	0.00000e+00	0.00000e+00	0.00000e+00	0.00000e+00	0.00000e+00	0.00000e+00	0.00000e+00	0.00000e+00	0.00000e+00	0.00000e+00	0.00000e+00	0.00000e+00	0.00000e+00	0.00000e+00	0.00000e+00	0.00000e+00	0.00000e+00	0.00000e+00	0.00000e+00	0.00000e+00	0.00000e+00	0.00000e+00	0.00000e+00	0.00000e+00	0.00000e+00	0.00000e+00	0.00000e+00	0.00000e+00	0.00000e+00	0.00000e+00	0.00000e+00	0.00000e+00	0.00000e+00	0.00000e+00	0.00000e+00	0.00000e+00	0.00000e+00	0.00000e+00	0.00000e+00	0.00000e+00	0.00000e+00	0.00000e+00	0.00000e+00	0.00000e+00	0.00000e+00	0.00000e+00	0.00000e+00	0.00000e+00	0.00000e+00	0.00000e+00	0.00000e+00	0.00000e+00	0.00000e+00	0.00000e+00	0.00000e+00	0.00000e+00	0.00000e+00	0.00000e+00	0.00000e+00	0.00000e+00	0.00000e+00	0.00000e+00	0.00000e+00	0.00000e+00	0.00000e+00	0.00000e+00	0.00000e+00	0.00000e+00	0.00000e+00	0.00000e+00	0.00000e+00	0.00000e+00	0.00000e+00
13.75	0.00000e+00	0.00000e+00	0.00000e+00	0.00000e+00	0.00000e+00	0.00000e+00	0.00000e+00	0.00000e+00	0.00000e+00	0.00000e+00	0.00000e+00	0.00000e+00	0.00000e+00	0.00000e+00	0.00000e+00	0.00000e+00	0.00000e+00	0.00000e+00	0.00000e+00	0.00000e+00	0.00000e+00	0.00000e+00	0.00000e+00	0.00000e+00	0.00000e+00	0.00000e+00	0.00000e+00	0.00000e+00	0.00000e+00	0.00000e+00	0.00000e+00	0.00000e+00	0.00000e+00	0.00000e+00	0.00000e+00	0.00000e+00	0.00000e+00	0.00000e+00	0.00000e+00	0.00000e+00	0.00000e+00	0.00000e+00	0.00000e+00	0.00000e+00	0.00000e+00	0.00000e+00	0.00000e+00	0.00000e+00	0.00000e+00	0.00000e+00	0.00000e+00	0.00000e+00	0.00000e+00	0.00000e+00	0.00000e+00	0.00000e+00	0.00000e+00	0.00000e+00	0.00000e+00	0.00000e+00	0.00000e+00	0.00000e+00	0.00000e+00	0.00000e+00	0.00000e+00	0.00000e+00	0.00000e+00	0.00000e+00	0.00000e+00	0.00000e+00	0.00000e+00	0.00000e+00	0.00000e+00	0.00000e+00	0.00000e+00	0.00000e+00	0.00000e+00	0.00000e+00	0.00000e+00	0.00000e+00	0.00000e+00	0.00000e+00	0.00000e+00	0.00000e+00	0.00000e+00	0.00000e+00	0.00000e+00	0.00000e+00	0.00000e+00	0.00000e+00	0.00000e+00	0.00000e+00	0.00000e+00	0.00000e+00	0.00000e+00	0.00000e+00	0.00000e+00	0.00000e+00	0.00000e+00	0.00000e+00	0.00000e+00	0.00000e+00	0.00000e+00	0.00000e+00	0.00000e+00	0.00000e+00	0.00000e+00	0.00000e+00	0.00000e+00	0.00000e+00	0.00000e+00	0.00000e+00	0.00000e+00	0.00000e+00	0.00000e+00	0.00000e+00	0.00000e+00	0.00000e+00	0.00000e+00	0.00000e+00	0.00000e+00	0.00000e+00	0.00000e+00	0.00000e+00	0.00000e+00	0.00000e+00	0.00000e+00	0.00000e+00	0.00000e+00	0.00000e+00	0.00000e+00	0.00000e+00	0.00000e+00	0.00000e+00	0.00000e+00	0.00000e+00	0.00000e+00	0.00000e+00	0.00000e+00	0.00000e+00	0.00000e+00	0.00000e+00	0.00000e+00	0.00000e+00	0.00000e+00	0.00000e+00	0.00000e+00	0.00000e+00	0.00000e+00	0.00000e+00	0.00000e+00	0.00000e+00	0.00000e+00	0.00000e+00	0.00000e+00	0.00000e+00	0.00000e+00	0.00000e+00	0.00000e+00	0.00000e+00	0.00000e+00	0.00000e+00	0.00000e+00	0.00000e+00	0.00000e+00	0.00000e+00	0.00000e+00	0.00000e+00	0.00000e+00	0.00000e+00	0.00000e+00	0.00000e+00	0.00000e+00	0.00000e+00	0.00000e+00	0.00000e+00	0.00000e+00	0.00000e+00	0.00000e+00	0.00000e+00	0.00000e+00	0.00000e+00	0.00000e+00	0.00000e+00	0.00000e+00
13.78	0.00000e+00	0.00000e+00	0.00000e+00	0.00000e+00	0.00000e+00	0.00000e+00	0.00000e+00	0.00000e+00	0.00000e+00	0.00000e+00	0.00000e+00	0.00000e+00	0.00000e+00	0.00000e+00	0.00000e+00	0.00000e+00	0.00000e+00	0.00000e+00	0.00000e+00	0.00000e+00	0.00000e+00	0.00000e+00	0.00000e+00	0.00000e+00	0.00000e+00	0.00000e+00	0.00000e+00	0.00000e+00	0.00000e+00	0.00000e+00	0.00000e+00	0.00000e+00	0.00000e+00	0.00000e+00	0.00000e+00	0.00000e+00	0.00000e+00	0.00000e+00	0.00000e+00	0.00000e+00	0.00000e+00	0.00000e+00	0.00000e+00	0.00000e+00	0.00000e+00	0.00000e+00	0.00000e+00	0.00000e+00	0.00000e+00	0.00000e+00	0.00000e+00	0.00000e+00	0.00000e+00	0.00000e+00	0.00000e+00	0.00000e+00	0.00000e+00	0.00000e+00	0.00000e+00	0.00000e+00	0.00000e+00	0.00000e+00	0.00000e+00	0.00000e+00	0.00000e+00	0.00000e+00	0.00000e+00	0.00000e+00	0.00000e+00	0.00000e+00	0.00000e+00	0.00000e+00	0.00000e+00	0.00000e+00	0.00000e+00	0.00000e+00	0.00000e+00	0.00000e+00	0.00000e+00	0.00000e+00	0.00000e+00	0.00000e+00	0.00000e+00	0.00000e+00	0.00000e+00	0.00000e+00	0.00000e+00	0.00000e+00	0.00000e+00	0.00000e+00	0.00000e+00	0.00000e+00	0.00000e+00	0.00000e+00	0.00000e+00	0.00000e+00	0.00000e+00	0.00000e+00	0.00000e+00	0.00000e+00	0.00000e+00	0.00000e+00	0.00000e+00	0.00000e+00	0.00000e+00	0.00000e+00	0.00000e+00	0.00000e+00	0.00000e+00	0.00000e+00	0.00000e+00	0.00000e+00	0.00000e+00	0.00000e+00	0.00000e+00	0.00000e+00	0.00000e+00	0.00000e+00	0.00000e+00	0.00000e+00	0.00000e+00	0.00000e+00	0.00000e+00	0.00000e+00	0.00000e+00	0.00000e+00	0.00000e+00	0.00000e+00	0.00000e+00	0.00000e+00	0.00000e+00	0.00000e+00	0.00000e+00	0.00000e+00	0.00000e+00	0.00000e+00	0.00000e+00	0.00000e+00	0.00000e+00	0.00000e+00	0.00000e+00	0.00000e+00	0.00000e+00	0.00000e+00	0.00000e+00	0.00000e+00	0.00000e+00	0.00000e+00	0.00000e+00	0.00000e+00	0.00000e+00	0.00000e+00	0.00000e+00	0.00000e+00	0.00000e+00	0.00000e+00	0.00000e+00	0.00000e+00	0.00000e+00	0.00000e+00	0.00000e+00	0.00000e+00	0.00000e+00	0.00000e+00	0.00000e+00	0.00000e+00	0.00000e+00	0.00000e+00	0.00000e+00	0.00000e+00	0.00000e+00	0.00000e+00	0.00000e+00	0.00000e+00	0.00000e+00	0.00000e+00	0.00000e+00	0.00000e+00	0.00000e+00	0.00000e+00	0.00000e+00	0.00000e+00	0.00000e+00	0.00000e+00	0.00000e+00
13.82	0.00000e+00	0.00000e+00	0.00000e+00	0.00000e+00	0.00000e+00	0.00000e+00	0.00000e+00	0.00000e+00	0.00000e+00	0.00000e+00	0.00000e+00	0.00000e+00	0.00000e+00	0.00000e+00	0.00000e+00	0.00000e+00	0.00000e+00	0.00000e+00	0.00000e+00	0.00000e+00	0.00000e+00	0.00000e+00	0.00000e+00	0.00000e+00	0.00000e+00	0.00000e+00	0.00000e+00	0.00000e+00	0.00000e+00	0.00000e+00	0.00000e+00	0.00000e+00	0.00000e+00	0.00000e+00	0.00000e+00	0.00000e+00	0.00000e+00	0.00000e+00	0.00000e+00	0.00000e+00	0.00000e+00	0.00000e+00	0.00000e+00	0.00000e+00	0.00000e+00	0.00000e+00	0.00000e+00	0.00000e+00	0.00000e+00	0.00000e+00	0.00000e+00	0.00000e+00	0.00000e+00	0.00000e+00	0.00000e+00	0.00000e+00	0.00000e+00	0.00000e+00	0.00000e+00	0.00000e+00	0.00000e+00	0.00000e+00	0.00000e+00	0.00000e+00	0.00000e+00	0.00000e+00	0.00000e+00	0.00000e+00	0.00000e+00	0.00000e+00	0.00000e+00	0.00000e+00	0.00000e+00	0.00000e+00	0.00000e+00	0.00000e+00	0.00000e+00	0.00000e+00	0.00000e+00	0.00000e+00	0.00000e+00	0.00000e+00	0.00000e+00	0.00000e+00	0.00000e+00	0.00000e+00	0.00000e+00	0.00000e+00	0.00000e+00	0.00000e+00	0.00000e+00	0.00000e+00	0.00000e+00	0.00000e+00	0.00000e+00	0.00000e+00	0.00000e+00	0.00000e+00	0.00000e+00	0.00000e+00	0.00000e+00	0.00000e+00	0.00000e+00	0.00000e+00	0.00000e+00	0.00000e+00	0.00000e+00	0.00000e+00	0.00000e+00	0.00000e+00	0.00000e+00	0.00000e+00	0.00000e+00	0.00000e+00	0.00000e+00	0.00000e+00	0.00000e+00	0.00000e+00	0.00000e+00	0.00000e+00	0.00000e+00	0.00000e+00	0.00000e+00	0.00000e+00	0.00000e+00	0.00000e+00	0.00000e+00	0.00000e+00	0.00000e+00	0.00000e+00	0.00000e+00	0.00000e+00	0.00000e+00	0.00000e+00	0.00000e+00	0.00000e+00	0.00000e+00	0.00000e+00	0.00000e+00	0.00000e+00	0.00000e+00	0.00000e+00	0.00000e+00	0.00000e+00	0.00000e+00	0.00000e+00	0.00000e+00	0.00000e+00	0.00000e+00	0.00000e+00	0.00000e+00	0.00000e+00	0.00000e+00	0.00000e+00	0.00000e+00	0.00000e+00	0.00000e+00	0.00000e+00	0.00000e+00	0.00000e+00	0.00000e+00	0.00000e+00	0.00000e+00	0.00000e+00	0.00000e+00	0.00000e+00	0.00000e+00	0.00000e+00	0.00000e+00	0.00000e+00	0.00000e+00	0.00000e+00	0.00000e+00	0.00000e+00	0.00000e+00	0.00000e+00	0.00000e+00	0.00000e+00	0.00000e+00	0.00000e+00	0.00000e+00	0.00000e+00	0.00000e+00	0.00000e+00	0.00000e+00
13.85	0.00000e+00	0.00000e+00	0.00000e+00	0.00000e+00	0.00000e+00	0.00000e+00	0.00000e+00	0.00000e+00	0.00000e+00	0.00000e+00	0.00000e+00	0.00000e+00	0.00000e+00	0.00000e+00	0.00000e+00	0.00000e+00	0.00000e+00	0.00000e+00	0.00000e+00	0.00000e+00	0.00000e+00	0.00000e+00	0.00000e+00	0.00000e+00	0.00000e+00	0.00000e+00	0.00000e+00	0.00000e+00	0.00000e+00	0.00000e+00	0.00000e+00	0.00000e+00	0.00000e+00	0.00000e+00	0.00000e+00	0.00000e+00	0.00000e+00	0.00000e+00	0.00000e+00	0.00000e+00	0.00000e+00	0.00000e+00	0.00000e+00	0.00000e+00	0.00000e+00	0.00000e+00	0.00000e+00	0.00000e+00	0.00000e+00	0.00000e+00	0.00000e+00	0.00000e+00	0.00000e+00	0.00000e+00	0.00000e+00	0.00000e+00	0.00000e+00	0.00000e+00	0.00000e+00	0.00000e+00	0.00000e+00	0.00000e+00	0.00000e+00	0.00000e+00	0.00000e+00	0.00000e+00	0.00000e+00	0.00000e+00	0.00000e+00	0.00000e+00	0.00000e+00	0.00000e+00	0.00000e+00	0.00000e+00	0.00000e+00	0.00000e+00	0.00000e+00	0.00000e+00	0.00000e+00	0.00000e+00	0.00000e+00	0.00000e+00	0.00000e+00	0.00000e+00	0.00000e+00	0.00000e+00	0.00000e+00	0.00000e+00	0.00000e+00	0.00000e+00	0.00000e+00	0.00000e+00	0.00000e+00	0.00000e+00	0.00000e+00	0.00000e+00	0.00000e+00	0.00000e+00	0.00000e+00	0.00000e+00	0.00000e+00	0.00000e+00	0.00000e+00	0.00000e+00	0.00000e+00	0.00000e+00	0.00000e+00	0.00000e+00	0.00000e+00	0.00000e+00	0.00000e+00	0.00000e+00	0.00000e+00	0.00000e+00	0.00000e+00	0.00000e+00	0.00000e+00	0.00000e+00	0.00000e+00	0.00000e+00	0.00000e+00	0.00000e+00	0.00000e+00	0.00000e+00	0.00000e+00	0.00000e+00	0.00000e+00	0.00000e+00	0.00000e+00	0.00000e+00	0.00000e+00	0.00000e+00	0.00000e+00	0.00000e+00	0.00000e+00	0.00000e+00	0.00000e+00	0.00000e+00	0.00000e+00	0.00000e+00	0.00000e+00	0.00000e+00	0.00000e+00	0.00000e+00	0.00000e+00	0.00000e+00	0.00000e+00	0.00000e+00	0.00000e+00	0.00000e+00	0.00000e+00	0.00000e+00	0.00000e+00	0.00000e+00	0.00000e+00	0.00000e+00	0.00000e+00	0.00000e+00	0.00000e+00	0.00000e+00	0.00000e+00	0.00000e+00	0.00000e+00	0.00000e+00	0.00000e+00	0.00000e+00	0.00000e+00	0.00000e+00	0.00000e+00	0.00000e+00	0.00000e+00	0.00000e+00	0.00000e+00	0.00000e+00	0.00000e+00	0.00000e+00	0.00000e+00	0.00000e+00	0.00000e+00	0.00000e+00	0.00000e+00	0.00000e+00	0.00000e+00	0.00000e+00	0.00000e+00
13.88	0.00000e+00	0.00000e+00	0.00000e+00	0.00000e+00	0.00000e+00	0.00000e+00	0.00000e+00	0.00000e+00	0.00000e+00	0.00000e+00	0.00000e+00	0.00000e+00	0.00000e+00	0.00000e+00	0.00000e+00	0.00000e+00	0.00000e+00	0.00000e+00	0.00000e+00	0.00000e+00	0.00000e+00	0.00000e+00	0.00000e+00	0.00000e+00	0.00000e+00	0.00000e+00	0.00000e+00	0.00000e+00	0.00000e+00	0.00000e+00	0.00000e+00	0.00000e+00	0.00000e+00	0.00000e+00	0.00000e+00	0.00000e+00	0.00000e+00	0.00000e+00	0.00000e+00	0.00000e+00	0.00000e+00	0.00000e+00	0.00000e+00	0.00000e+00	0.00000e+00	0.00000e+00	0.00000e+00	0.00000e+00	0.00000e+00	0.00000e+00	0.00000e+00	0.00000e+00	0.00000e+00	0.00000e+00	0.00000e+00	0.00000e+00	0.00000e+00	0.00000e+00	0.00000e+00	0.00000e+00	0.00000e+00	0.00000e+00	0.00000e+00	0.00000e+00	0.00000e+00	0.00000e+00	0.00000e+00	0.00000e+00	0.00000e+00	0.00000e+00	0.00000e+00	0.00000e+00	0.00000e+00	0.00000e+00	0.00000e+00	0.00000e+00	0.00000e+00	0.00000e+00	0.00000e+00	0.00000e+00	0.00000e+00	0.00000e+00	0.00000e+00	0.00000e+00	0.00000e+00	0.00000e+00	0.00000e+00	0.00000e+00	0.00000e+00	0.00000e+00	0.00000e+00	0.00000e+00	0.00000e+00	0.00000e+00	0.00000e+00	0.00000e+00	0.00000e+00	0.00000e+00	0.00000e+00	0.00000e+00	0.00000e+00	0.00000e+00	0.00000e+00	0.00000e+00	0.00000e+00	0.00000e+00	0.00000e+00	0.00000e+00	0.00000e+00	0.00000e+00	0.00000e+00	0.00000e+00	0.00000e+00	0.00000e+00	0.00000e+00	0.00000e+00	0.00000e+00	0.00000e+00	0.00000e+00	0.00000e+00	0.00000e+00	0.00000e+00	0.00000e+00	0.00000e+00	0.00000e+00	0.00000e+00	0.00000e+00	0.00000e+00	0.00000e+00	0.00000e+00	0.00000e+00	0.00000e+00	0.00000e+00	0.00000e+00	0.00000e+00	0.00000e+00	0.00000e+00	0.00000e+00	0.00000e+00	0.00000e+00	0.00000e+00	0.00000e+00	0.00000e+00	0.00000e+00	0.00000e+00	0.00000e+00	0.00000e+00	0.00000e+00	0.00000e+00	0.00000e+00	0.00000e+00	0.00000e+00	0.00000e+00	0.00000e+00	0.00000e+00	0.00000e+00	0.00000e+00	0.00000e+00	0.00000e+00	0.00000e+00	0.00000e+00	0.00000e+00	0.00000e+00	0.00000e+00	0.00000e+00	0.00000e+00	0.00000e+00	0.00000e+00	0.00000e+00	0.00000e+00	0.00000e+00	0.00000e+00	0.00000e+00	0.00000e+00	0.00000e+00	0.00000e+00	0.00000e+00	0.00000e+00	0.00000e+00	0.00000e+00	0.00000e+00	0.00000e+00	0.00000e+00	0.00000e+00	0.00000e+00
13.92	0.00000e+00	0.00000e+00	0.00000e+00	0.00000e+00	0.00000e+00	0.00000e+00	0.00000e+00	0.00000e+00	0.00000e+00	0.00000e+00	0.00000e+00	0.00000e+00	0.00000e+00	0.00000e+00	0.00000e+00	0.00000e+00	0.00000e+00	0.00000e+00	0.00000e+00	0.00000e+00	0.00000e+00	0.00000e+00	0.00000e+00	0.00000e+00	0.00000e+00	0.00000e+00	0.00000e+00	0.00000e+00	0.00000e+00	0.00000e+00	0.00000e+00	0.00000e+00	0.00000e+00	0.00000e+00	0.00000e+00	0.00000e+00	0.00000e+00	0.00000e+00	0.00000e+00	0.00000e+00	0.00000e+00	0.00000e+00	0.00000e+00	0.00000e+00	0.00000e+00	0.00000e+00	0.00000e+00	0.00000e+00	0.00000e+00	0.00000e+00	0.00000e+00	0.00000e+00	0.00000e+00	0.00000e+00	0.00000e+00	0.00000e+00	0.00000e+00	0.00000e+00	0.00000e+00	0.00000e+00	0.00000e+00	0.00000e+00	0.00000e+00	0.00000e+00	0.00000e+00	0.00000e+00	0.00000e+00	0.00000e+00	0.00000e+00	0.00000e+00	0.00000e+00	0.00000e+00	0.00000e+00	0.00000e+00	0.00000e+00	0.00000e+00	0.00000e+00	0.00000e+00	0.00000e+00	0.00000e+00	0.00000e+00	0.00000e+00	0.00000e+00	0.00000e+00	0.00000e+00	0.00000e+00	0.00000e+00	0.00000e+00	0.00000e+00	0.00000e+00	0.00000e+00	0.00000e+00	0.00000e+00	0.00000e+00	0.00000e+00	0.00000e+00	0.00000e+00	0.00000e+00	0.00000e+00	0.00000e+00	0.00000e+00	0.00000e+00	0.00000e+00	0.00000e+00	0.00000e+00	0.00000e+00	0.00000e+00	0.00000e+00	0.00000e+00	0.00000e+00	0.00000e+00	0.00000e+00	0.00000e+00	0.00000e+00	0.00000e+00	0.00000e+00	0.00000e+00	0.00000e+00	0.00000e+00	0.00000e+00	0.00000e+00	0.00000e+00	0.00000e+00	0.00000e+00	0.00000e+00	0.00000e+00	0.00000e+00	0.00000e+00	0.00000e+00	0.00000e+00	0.00000e+00	0.00000e+00	0.00000e+00	0.00000e+00	0.00000e+00	0.00000e+00	0.00000e+00	0.00000e+00	0.00000e+00	0.00000e+00	0.00000e+00	0.00000e+00	0.00000e+00	0.00000e+00	0.00000e+00	0.00000e+00	0.00000e+00	0.00000e+00	0.00000e+00	0.00000e+00	0.00000e+00	0.00000e+00	0.00000e+00	0.00000e+00	0.00000e+00	0.00000e+00	0.00000e+00	0.00000e+00	0.00000e+00	0.00000e+00	0.00000e+00	0.00000e+00	0.00000e+00	0.00000e+00	0.00000e+00	0.00000e+00	0.00000e+00	0.00000e+00	0.00000e+00	0.00000e+00	0.00000e+00	0.00000e+00	0.00000e+00	0.00000e+00	0.00000e+00	0.00000e+00	0.00000e+00	0.00000e+00	0.00000e+00	0.00000e+00	0.00000e+00	0.00000e+00	0.00000e+00	0.00000e+00	0.00000e+00
13.95	0.00000e+00	0.00000e+00	0.00000e+00	0.00000e+00	0.00000e+00	0.00000e+00	0.00000e+00	0.00000e+00	0.00000e+00	0.00000e+00	0.00000e+00	0.00000e+00	0.00000e+00	0.00000e+00	0.00000e+00	0.00000e+00	0.00000e+00	0.00000e+00	0.00000e+00	0.00000e+00	0.00000e+00	0.00000e+00	0.00000e+00	0.00000e+00	0.00000e+00	0.00000e+00	0.00000e+00	0.00000e+00	0.00000e+00	0.00000e+00	0.00000e+00	0.00000e+00	0.00000e+00	0.00000e+00	0.00000e+00	0.00000e+00	0.00000e+00	0.00000e+00	0.00000e+00	0.00000e+00	0.00000e+00	0.00000e+00	0.00000e+00	0.00000e+00	0.00000e+00	0.00000e+00	0.00000e+00	0.00000e+00	0.00000e+00	0.00000e+00	0.00000e+00	0.00000e+00	0.00000e+00	0.00000e+00	0.00000e+00	0.00000e+00	0.00000e+00	0.00000e+00	0.00000e+00	0.00000e+00	0.00000e+00	0.00000e+00	0.00000e+00	0.00000e+00	0.00000e+00	0.00000e+00	0.00000e+00	0.00000e+00	0.00000e+00	0.00000e+00	0.00000e+00	0.00000e+00	0.00000e+00	0.00000e+00	0.00000e+00	0.00000e+00	0.00000e+00	0.00000e+00	0.00000e+00	0.00000e+00	0.00000e+00	0.00000e+00	0.00000e+00	0.00000e+00	0.00000e+00	0.00000e+00	0.00000e+00	0.00000e+00	0.00000e+00	0.00000e+00	0.00000e+00	0.00000e+00	0.00000e+00	0.00000e+00	0.00000e+00	0.00000e+00	0.00000e+00	0.00000e+00	0.00000e+00	0.00000e+00	0.00000e+00	0.00000e+00	0.00000e+00	0.00000e+00	0.00000e+00	0.00000e+00	0.00000e+00	0.00000e+00	0.00000e+00	0.00000e+00	0.00000e+00	0.00000e+00	0.00000e+00	0.00000e+00	0.00000e+00	0.00000e+00	0.00000e+00	0.00000e+00	0.00000e+00	0.00000e+00	0.00000e+00	0.00000e+00	0.00000e+00	0.00000e+00	0.00000e+00	0.00000e+00	0.00000e+00	0.00000e+00	0.00000e+00	0.00000e+00	0.00000e+00	0.00000e+00	0.00000e+00	0.00000e+00	0.00000e+00	0.00000e+00	0.00000e+00	0.00000e+00	0.00000e+00	0.00000e+00	0.00000e+00	0.00000e+00	0.00000e+00	0.00000e+00	0.00000e+00	0.00000e+00	0.00000e+00	0.00000e+00	0.00000e+00	0.00000e+00	0.00000e+00	0.00000e+00	0.00000e+00	0.00000e+00	0.00000e+00	0.00000e+00	0.00000e+00	0.00000e+00	0.00000e+00	0.00000e+00	0.00000e+00	0.00000e+00	0.00000e+00	0.00000e+00	0.00000e+00	0.00000e+00	0.00000e+00	0.00000e+00	0.00000e+00	0.00000e+00	0.00000e+00	0.00000e+00	0.00000e+00	0.00000e+00	0.00000e+00	0.00000e+00	0.00000e+00	0.00000e+00	0.00000e+00	0.00000e+00	0.00000e+00	0.00000e+00	0.00000e+00	0.00000e+00	0.00000e+00
13.99	0.00000e+00	0.00000e+00	0.00000e+00	0.00000e+00	0.00000e+00	0.00000e+00	0.00000e+00	0.00000e+00	0.00000e+00	0.00000e+00	0.00000e+00	0.00000e+00	0.00000e+00	0.00000e+00	0.00000e+00	0.00000e+00	0.00000e+00	0.00000e+00	0.00000e+00	0.00000e+00	0.00000e+00	0.00000e+00	0.00000e+00	0.00000e+00	0.00000e+00	0.00000e+00	0.00000e+00	0.00000e+00	0.00000e+00	0.00000e+00	0.00000e+00	0.00000e+00	0.00000e+00	0.00000e+00	0.00000e+00	0.00000e+00	0.00000e+00	0.00000e+00	0.00000e+00	0.00000e+00	0.00000e+00	0.00000e+00	0.00000e+00	0.00000e+00	0.00000e+00	0.00000e+00	0.00000e+00	0.00000e+00	0.00000e+00	0.00000e+00	0.00000e+00	0.00000e+00	0.00000e+00	0.00000e+00	0.00000e+00	0.00000e+00	0.00000e+00	0.00000e+00	0.00000e+00	0.00000e+00	0.00000e+00	0.00000e+00	0.00000e+00	0.00000e+00	0.00000e+00	0.00000e+00	0.00000e+00	0.00000e+00	0.00000e+00	0.00000e+00	0.00000e+00	0.00000e+00	0.00000e+00	0.00000e+00	0.00000e+00	0.00000e+00	0.00000e+00	0.00000e+00	0.00000e+00	0.00000e+00	0.00000e+00	0.00000e+00	0.00000e+00	0.00000e+00	0.00000e+00	0.00000e+00	0.00000e+00	0.00000e+00	0.00000e+00	0.00000e+00	0.00000e+00	0.00000e+00	0.00000e+00	0.00000e+00	0.00000e+00	0.00000e+00	0.00000e+00	0.00000e+00	0.00000e+00	0.00000e+00	0.00000e+00	0.00000e+00	0.00000e+00	0.00000e+00	0.00000e+00	0.00000e+00	0.00000e+00	0.00000e+00	0.00000e+00	0.00000e+00	0.00000e+00	0.00000e+00	0.00000e+00	0.00000e+00	0.00000e+00	0.00000e+00	0.00000e+00	0.00000e+00	0.00000e+00	0.00000e+00	0.00000e+00	0.00000e+00	0.00000e+00	0.00000e+00	0.00000e+00	0.00000e+00	0.00000e+00	0.00000e+00	0.00000e+00	0.00000e+00	0.00000e+00	0.00000e+00	0.00000e+00	0.00000e+00	0.00000e+00	0.00000e+00	0.00000e+00	0.00000e+00	0.00000e+00	0.00000e+00	0.00000e+00	0.00000e+00	0.00000e+00	0.00000e+00	0.00000e+00	0.00000e+00	0.00000e+00	0.00000e+00	0.00000e+00	0.00000e+00	0.00000e+00	0.00000e+00	0.00000e+00	0.00000e+00	0.00000e+00	0.00000e+00	0.00000e+00	0.00000e+00	0.00000e+00	0.00000e+00	0.00000e+00	0.00000e+00	0.00000e+00	0.00000e+00	0.00000e+00	0.00000e+00	0.00000e+00	0.00000e+00	0.00000e+00	0.00000e+00	0.00000e+00	0.00000e+00	0.00000e+00	0.00000e+00	0.00000e+00	0.00000e+00	0.00000e+00	0.00000e+00	0.00000e+00	0.00000e+00	0.00000e+00	0.00000e+00	0.00000e+00	0.00000e+00	0.00000e+00
14.02	0.00000e+00	0.00000e+00	0.00000e+00	0.00000e+00	0.00000e+00	0.00000e+00	0.00000e+00	0.00000e+00	0.00000e+00	0.00000e+00	0.00000e+00	0.00000e+00	0.00000e+00	0.00000e+00	0.00000e+00	0.00000e+00	0.00000e+00	0.00000e+00	0.00000e+00	0.00000e+00	0.00000e+00	0.00000e+00	0.00000e+00	0.00000e+00	0.00000e+00	0.00000e+00	0.00000e+00	0.00000e+00	0.00000e+00	0.00000e+00	0.00000e+00	0.00000e+00	0.00000e+00	0.00000e+00	0.00000e+00	0.00000e+00	0.00000e+00	0.00000e+00	0.00000e+00	0.00000e+00	0.00000e+00	0.00000e+00	0.00000e+00	0.00000e+00	0.00000e+00	0.00000e+00	0.00000e+00	0.00000e+00	0.00000e+00	0.00000e+00	0.00000e+00	0.00000e+00	0.00000e+00	0.00000e+00	0.00000e+00	0.00000e+00	0.00000e+00	0.00000e+00	0.00000e+00	0.00000e+00	0.00000e+00	0.00000e+00	0.00000e+00	0.00000e+00	0.00000e+00	0.00000e+00	0.00000e+00	0.00000e+00	0.00000e+00	0.00000e+00	0.00000e+00	0.00000e+00	0.00000e+00	0.00000e+00	0.00000e+00	0.00000e+00	0.00000e+00	0.00000e+00	0.00000e+00	0.00000e+00	0.00000e+00	0.00000e+00	0.00000e+00	0.00000e+00	0.00000e+00	0.00000e+00	0.00000e+00	0.00000e+00	0.00000e+00	0.00000e+00	0.00000e+00	0.00000e+00	0.00000e+00	0.00000e+00	0.00000e+00	0.00000e+00	0.00000e+00	0.00000e+00	0.00000e+00	0.00000e+00	0.00000e+00	0.00000e+00	0.00000e+00	0.00000e+00	0.00000e+00	0.00000e+00	0.00000e+00	0.00000e+00	0.00000e+00	0.00000e+00	0.00000e+00	0.00000e+00	0.00000e+00	0.00000e+00	0.00000e+00	0.00000e+00	0.00000e+00	0.00000e+00	0.00000e+00	0.00000e+00	0.00000e+00	0.00000e+00	0.00000e+00	0.00000e+00	0.00000e+00	0.00000e+00	0.00000e+00	0.00000e+00	0.00000e+00	0.00000e+00	0.00000e+00	0.00000e+00	0.00000e+00	0.00000e+00	0.00000e+00	0.00000e+00	0.00000e+00	0.00000e+00	0.00000e+00	0.00000e+00	0.00000e+00	0.00000e+00	0.00000e+00	0.00000e+00	0.00000e+00	0.00000e+00	0.00000e+00	0.00000e+00	0.00000e+00	0.00000e+00	0.00000e+00	0.00000e+00	0.00000e+00	0.00000e+00	0.00000e+00	0.00000e+00	0.00000e+00	0.00000e+00	0.00000e+00	0.00000e+00	0.00000e+00	0.00000e+00	0.00000e+00	0.00000e+00	0.00000e+00	0.00000e+00	0.00000e+00	0.00000e+00	0.00000e+00	0.00000e+00	0.00000e+00	0.00000e+00	0.00000e+00	0.00000e+00	0.00000e+00	0.00000e+00	0.00000e+00	0.00000e+00	0.00000e+00	0.00000e+00	0.00000e+00	0.00000e+00	0.00000e+00	0.00000e+00	0.00000e+00
14.05	0.00000e+00	0.00000e+00	0.00000e+00	0.00000e+00	0.00000e+00	0.00000e+00	0.00000e+00	0.00000e+00	0.00000e+00	0.00000e+00	0.00000e+00	0.00000e+00	0.00000e+00	0.00000e+00	0.00000e+00	0.00000e+00	0.00000e+00	0.00000e+00	0.00000e+00	0.00000e+00	0.00000e+00	0.00000e+00	0.00000e+00	0.00000e+00	0.00000e+00	0.00000e+00	0.00000e+00	0.00000e+00	0.00000e+00	0.00000e+00	0.00000e+00	0.00000e+00	0.00000e+00	0.00000e+00	0.00000e+00	0.00000e+00	0.00000e+00	0.00000e+00	0.00000e+00	0.00000e+00	0.00000e+00	0.00000e+00	0.00000e+00	0.00000e+00	0.00000e+00	0.00000e+00	0.00000e+00	0.00000e+00	0.00000e+00	0.00000e+00	0.00000e+00	0.00000e+00	0.00000e+00	0.00000e+00	0.00000e+00	0.00000e+00	0.00000e+00	0.00000e+00	0.00000e+00	0.00000e+00	0.00000e+00	0.00000e+00	0.00000e+00	0.00000e+00	0.00000e+00	0.00000e+00	0.00000e+00	0.00000e+00	0.00000e+00	0.00000e+00	0.00000e+00	0.00000e+00	0.00000e+00	0.00000e+00	0.00000e+00	0.00000e+00	0.00000e+00	0.00000e+00	0.00000e+00	0.00000e+00	0.00000e+00	0.00000e+00	0.00000e+00	0.00000e+00	0.00000e+00	0.00000e+00	0.00000e+00	0.00000e+00	0.00000e+00	0.00000e+00	0.00000e+00	0.00000e+00	0.00000e+00	0.00000e+00	0.00000e+00	0.00000e+00	0.00000e+00	0.00000e+00	0.00000e+00	0.00000e+00	0.00000e+00	0.00000e+00	0.00000e+00	0.00000e+00	0.00000e+00	0.00000e+00	0.00000e+00	0.00000e+00	0.00000e+00	0.00000e+00	0.00000e+00	0.00000e+00	0.00000e+00	0.00000e+00	0.00000e+00	0.00000e+00	0.00000e+00	0.00000e+00	0.00000e+00	0.00000e+00	0.00000e+00	0.00000e+00	0.00000e+00	0.00000e+00	0.00000e+00	0.00000e+00	0.00000e+00	0.00000e+00	0.00000e+00	0.00000e+00	0.00000e+00	0.00000e+00	0.00000e+00	0.00000e+00	0.00000e+00	0.00000e+00	0.00000e+00	0.00000e+00	0.00000e+00	0.00000e+00	0.00000e+00	0.00000e+00	0.00000e+00	0.00000e+00	0.00000e+00	0.00000e+00	0.00000e+00	0.00000e+00	0.00000e+00	0.00000e+00	0.00000e+00	0.00000e+00	0.00000e+00	0.00000e+00	0.00000e+00	0.00000e+00	0.00000e+00	0.00000e+00	0.00000e+00	0.00000e+00	0.00000e+00	0.00000e+00	0.00000e+00	0.00000e+00	0.00000e+00	0.00000e+00	0.00000e+00	0.00000e+00	0.00000e+00	0.00000e+00	0.00000e+00	0.00000e+00	0.00000e+00	0.00000e+00	0.00000e+00	0.00000e+00	0.00000e+00	0.00000e+00	0.00000e+00	0.00000e+00	0.00000e+00	0.00000e+00	0.00000e+00	0.00000e+00	0.00000e+00
14.09	0.00000e+00	0.00000e+00	0.00000e+00	0.00000e+00	0.00000e+00	0.00000e+00	0.00000e+00	0.00000e+00	0.00000e+00	0.00000e+00	0.00000e+00	0.00000e+00	0.00000e+00	0.00000e+00	0.00000e+00	0.00000e+00	0.00000e+00	0.00000e+00	0.00000e+00	0.00000e+00	0.00000e+00	0.00000e+00	0.00000e+00	0.00000e+00	0.00000e+00	0.00000e+00	0.00000e+00	0.00000e+00	0.00000e+00	0.00000e+00	0.00000e+00	0.00000e+00	0.00000e+00	0.00000e+00	0.00000e+00	0.00000e+00	0.00000e+00	0.00000e+00	0.00000e+00	0.00000e+00	0.00000e+00	0.00000e+00	0.00000e+00	0.00000e+00	0.00000e+00	0.00000e+00	0.00000e+00	0.00000e+00	0.00000e+00	0.00000e+00	0.00000e+00	0.00000e+00	0.00000e+00	0.00000e+00	0.00000e+00	0.00000e+00	0.00000e+00	0.00000e+00	0.00000e+00	0.00000e+00	0.00000e+00	0.00000e+00	0.00000e+00	0.00000e+00	0.00000e+00	0.00000e+00	0.00000e+00	0.00000e+00	0.00000e+00	0.00000e+00	0.00000e+00	0.00000e+00	0.00000e+00	0.00000e+00	0.00000e+00	0.00000e+00	0.00000e+00	0.00000e+00	0.00000e+00	0.00000e+00	0.00000e+00	0.00000e+00	0.00000e+00	0.00000e+00	0.00000e+00	0.00000e+00	0.00000e+00	0.00000e+00	0.00000e+00	0.00000e+00	0.00000e+00	0.00000e+00	0.00000e+00	0.00000e+00	0.00000e+00	0.00000e+00	0.00000e+00	0.00000e+00	0.00000e+00	0.00000e+00	0.00000e+00	0.00000e+00	0.00000e+00	0.00000e+00	0.00000e+00	0.00000e+00	0.00000e+00	0.00000e+00	0.00000e+00	0.00000e+00	0.00000e+00	0.00000e+00	0.00000e+00	0.00000e+00	0.00000e+00	0.00000e+00	0.00000e+00	0.00000e+00	0.00000e+00	0.00000e+00	0.00000e+00	0.00000e+00	0.00000e+00	0.00000e+00	0.00000e+00	0.00000e+00	0.00000e+00	0.00000e+00	0.00000e+00	0.00000e+00	0.00000e+00	0.00000e+00	0.00000e+00	0.00000e+00	0.00000e+00	0.00000e+00	0.00000e+00	0.00000e+00	0.00000e+00	0.00000e+00	0.00000e+00	0.00000e+00	0.00000e+00	0.00000e+00	0.00000e+00	0.00000e+00	0.00000e+00	0.00000e+00	0.00000e+00	0.00000e+00	0.00000e+00	0.00000e+00	0.00000e+00	0.00000e+00	0.00000e+00	0.00000e+00	0.00000e+00	0.00000e+00	0.00000e+00	0.00000e+00	0.00000e+00	0.00000e+00	0.00000e+00	0.00000e+00	0.00000e+00	0.00000e+00	0.00000e+00	0.00000e+00	0.00000e+00	0.00000e+00	0.00000e+00	0.00000e+00	0.00000e+00	0.00000e+00	0.00000e+00	0.00000e+00	0.00000e+00	0.00000e+00	0.00000e+00	0.00000e+00	0.00000e+00	0.00000e+00	0.00000e+00	0.00000e+00	0.00000e+00
14.12	0.00000e+00	0.00000e+00	0.00000e+00	0.00000e+00	0.00000e+00	0.00000e+00	0.00000e+00	0.00000e+00	0.00000e+00	0.00000e+00	0.00000e+00	0.00000e+00	0.00000e+00	0.00000e+00	0.00000e+00	0.00000e+00	0.00000e+00	0.00000e+00	0.00000e+00	0.00000e+00	0.00000e+00	0.00000e+00	0.00000e+00	0.00000e+00	0.00000e+00	0.00000e+00	0.00000e+00	0.00000e+00	0.00000e+00	0.00000e+00	0.00000e+00	0.00000e+00	0.00000e+00	0.00000e+00	0.00000e+00	0.00000e+00	0.00000e+00	0.00000e+00	0.00000e+00	0.00000e+00	0.00000e+00	0.00000e+00	0.00000e+00	0.00000e+00	0.00000e+00	0.00000e+00	0.00000e+00	0.00000e+00	0.00000e+00	0.00000e+00	0.00000e+00	0.00000e+00	0.00000e+00	0.00000e+00	0.00000e+00	0.00000e+00	0.00000e+00	0.00000e+00	0.00000e+00	0.00000e+00	0.00000e+00	0.00000e+00	0.00000e+00	0.00000e+00	0.00000e+00	0.00000e+00	0.00000e+00	0.00000e+00	0.00000e+00	0.00000e+00	0.00000e+00	0.00000e+00	0.00000e+00	0.00000e+00	0.00000e+00	0.00000e+00	0.00000e+00	0.00000e+00	0.00000e+00	0.00000e+00	0.00000e+00	0.00000e+00	0.00000e+00	0.00000e+00	0.00000e+00	0.00000e+00	0.00000e+00	0.00000e+00	0.00000e+00	0.00000e+00	0.00000e+00	0.00000e+00	0.00000e+00	0.00000e+00	0.00000e+00	0.00000e+00	0.00000e+00	0.00000e+00	0.00000e+00	0.00000e+00	0.00000e+00	0.00000e+00	0.00000e+00	0.00000e+00	0.00000e+00	0.00000e+00	0.00000e+00	0.00000e+00	0.00000e+00	0.00000e+00	0.00000e+00	0.00000e+00	0.00000e+00	0.00000e+00	0.00000e+00	0.00000e+00	0.00000e+00	0.00000e+00	0.00000e+00	0.00000e+00	0.00000e+00	0.00000e+00	0.00000e+00	0.00000e+00	0.00000e+00	0.00000e+00	0.00000e+00	0.00000e+00	0.00000e+00	0.00000e+00	0.00000e+00	0.00000e+00	0.00000e+00	0.00000e+00	0.00000e+00	0.00000e+00	0.00000e+00	0.00000e+00	0.00000e+00	0.00000e+00	0.00000e+00	0.00000e+00	0.00000e+00	0.00000e+00	0.00000e+00	0.00000e+00	0.00000e+00	0.00000e+00	0.00000e+00	0.00000e+00	0.00000e+00	0.00000e+00	0.00000e+00	0.00000e+00	0.00000e+00	0.00000e+00	0.00000e+00	0.00000e+00	0.00000e+00	0.00000e+00	0.00000e+00	0.00000e+00	0.00000e+00	0.00000e+00	0.00000e+00	0.00000e+00	0.00000e+00	0.00000e+00	0.00000e+00	0.00000e+00	0.00000e+00	0.00000e+00	0.00000e+00	0.00000e+00	0.00000e+00	0.00000e+00	0.00000e+00	0.00000e+00	0.00000e+00	0.00000e+00	0.00000e+00	0.00000e+00	0.00000e+00	0.00000e+00	0.00000e+00
14.16	0.00000e+00	0.00000e+00	0.00000e+00	0.00000e+00	0.00000e+00	0.00000e+00	0.00000e+00	0.00000e+00	0.00000e+00	0.00000e+00	0.00000e+00	0.00000e+00	0.00000e+00	0.00000e+00	0.00000e+00	0.00000e+00	0.00000e+00	0.00000e+00	0.00000e+00	0.00000e+00	0.00000e+00	0.00000e+00	0.00000e+00	0.00000e+00	0.00000e+00	0.00000e+00	0.00000e+00	0.00000e+00	0.00000e+00	0.00000e+00	0.00000e+00	0.00000e+00	0.00000e+00	0.00000e+00	0.00000e+00	0.00000e+00	0.00000e+00	0.00000e+00	0.00000e+00	0.00000e+00	0.00000e+00	0.00000e+00	0.00000e+00	0.00000e+00	0.00000e+00	0.00000e+00	0.00000e+00	0.00000e+00	0.00000e+00	0.00000e+00	0.00000e+00	0.00000e+00	0.00000e+00	0.00000e+00	0.00000e+00	0.00000e+00	0.00000e+00	0.00000e+00	0.00000e+00	0.00000e+00	0.00000e+00	0.00000e+00	0.00000e+00	0.00000e+00	0.00000e+00	0.00000e+00	0.00000e+00	0.00000e+00	0.00000e+00	0.00000e+00	0.00000e+00	0.00000e+00	0.00000e+00	0.00000e+00	0.00000e+00	0.00000e+00	0.00000e+00	0.00000e+00	0.00000e+00	0.00000e+00	0.00000e+00	0.00000e+00	0.00000e+00	0.00000e+00	0.00000e+00	0.00000e+00	0.00000e+00	0.00000e+00	0.00000e+00	0.00000e+00	0.00000e+00	0.00000e+00	0.00000e+00	0.00000e+00	0.00000e+00	0.00000e+00	0.00000e+00	0.00000e+00	0.00000e+00	0.00000e+00	0.00000e+00	0.00000e+00	0.00000e+00	0.00000e+00	0.00000e+00	0.00000e+00	0.00000e+00	0.00000e+00	0.00000e+00	0.00000e+00	0.00000e+00	0.00000e+00	0.00000e+00	0.00000e+00	0.00000e+00	0.00000e+00	0.00000e+00	0.00000e+00	0.00000e+00	0.00000e+00	0.00000e+00	0.00000e+00	0.00000e+00	0.00000e+00	0.00000e+00	0.00000e+00	0.00000e+00	0.00000e+00	0.00000e+00	0.00000e+00	0.00000e+00	0.00000e+00	0.00000e+00	0.00000e+00	0.00000e+00	0.00000e+00	0.00000e+00	0.00000e+00	0.00000e+00	0.00000e+00	0.00000e+00	0.00000e+00	0.00000e+00	0.00000e+00	0.00000e+00	0.00000e+00	0.00000e+00	0.00000e+00	0.00000e+00	0.00000e+00	0.00000e+00	0.00000e+00	0.00000e+00	0.00000e+00	0.00000e+00	0.00000e+00	0.00000e+00	0.00000e+00	0.00000e+00	0.00000e+00	0.00000e+00	0.00000e+00	0.00000e+00	0.00000e+00	0.00000e+00	0.00000e+00	0.00000e+00	0.00000e+00	0.00000e+00	0.00000e+00	0.00000e+00	0.00000e+00	0.00000e+00	0.00000e+00	0.00000e+00	0.00000e+00	0.00000e+00	0.00000e+00	0.00000e+00	0.00000e+00	0.00000e+00	0.00000e+00	0.00000e+00	0.00000e+00	0.00000e+00
14.19	0.00000e+00	0.00000e+00	0.00000e+00	0.00000e+00	0.00000e+00	0.00000e+00	0.00000e+00	0.00000e+00	0.00000e+00	0.00000e+00	0.00000e+00	0.00000e+00	0.00000e+00	0.00000e+00	0.00000e+00	0.00000e+00	0.00000e+00	0.00000e+00	0.00000e+00	0.00000e+00	0.00000e+00	0.00000e+00	0.00000e+00	0.00000e+00	0.00000e+00	0.00000e+00	0.00000e+00	0.00000e+00	0.00000e+00	0.00000e+00	0.00000e+00	0.00000e+00	0.00000e+00	0.00000e+00	0.00000e+00	0.00000e+00	0.00000e+00	0.00000e+00	0.00000e+00	0.00000e+00	0.00000e+00	0.00000e+00	0.00000e+00	0.00000e+00	0.00000e+00	0.00000e+00	0.00000e+00	0.00000e+00	0.00000e+00	0.00000e+00	0.00000e+00	0.00000e+00	0.00000e+00	0.00000e+00	0.00000e+00	0.00000e+00	0.00000e+00	0.00000e+00	0.00000e+00	0.00000e+00	0.00000e+00	0.00000e+00	0.00000e+00	0.00000e+00	0.00000e+00	0.00000e+00	0.00000e+00	0.00000e+00	0.00000e+00	0.00000e+00	0.00000e+00	0.00000e+00	0.00000e+00	0.00000e+00	0.00000e+00	0.00000e+00	0.00000e+00	0.00000e+00	0.00000e+00	0.00000e+00	0.00000e+00	0.00000e+00	0.00000e+00	0.00000e+00	0.00000e+00	0.00000e+00	0.00000e+00	0.00000e+00	0.00000e+00	0.00000e+00	0.00000e+00	0.00000e+00	0.00000e+00	0.00000e+00	0.00000e+00	0.00000e+00	0.00000e+00	0.00000e+00	0.00000e+00	0.00000e+00	0.00000e+00	0.00000e+00	0.00000e+00	0.00000e+00	0.00000e+00	0.00000e+00	0.00000e+00	0.00000e+00	0.00000e+00	0.00000e+00	0.00000e+00	0.00000e+00	0.00000e+00	0.00000e+00	0.00000e+00	0.00000e+00	0.00000e+00	0.00000e+00	0.00000e+00	0.00000e+00	0.00000e+00	0.00000e+00	0.00000e+00	0.00000e+00	0.00000e+00	0.00000e+00	0.00000e+00	0.00000e+00	0.00000e+00	0.00000e+00	0.00000e+00	0.00000e+00	0.00000e+00	0.00000e+00	0.00000e+00	0.00000e+00	0.00000e+00	0.00000e+00	0.00000e+00	0.00000e+00	0.00000e+00	0.00000e+00	0.00000e+00	0.00000e+00	0.00000e+00	0.00000e+00	0.00000e+00	0.00000e+00	0.00000e+00	0.00000e+00	0.00000e+00	0.00000e+00	0.00000e+00	0.00000e+00	0.00000e+00	0.00000e+00	0.00000e+00	0.00000e+00	0.00000e+00	0.00000e+00	0.00000e+00	0.00000e+00	0.00000e+00	0.00000e+00	0.00000e+00	0.00000e+00	0.00000e+00	0.00000e+00	0.00000e+00	0.00000e+00	0.00000e+00	0.00000e+00	0.00000e+00	0.00000e+00	0.00000e+00	0.00000e+00	0.00000e+00	0.00000e+00	0.00000e+00	0.00000e+00	0.00000e+00	0.00000e+00	0.00000e+00	0.00000e+00	0.00000e+00
14.22	0.00000e+00	0.00000e+00	0.00000e+00	0.00000e+00	0.00000e+00	0.00000e+00	0.00000e+00	0.00000e+00	0.00000e+00	0.00000e+00	0.00000e+00	0.00000e+00	0.00000e+00	0.00000e+00	0.00000e+00	0.00000e+00	0.00000e+00	0.00000e+00	0.00000e+00	0.00000e+00	0.00000e+00	0.00000e+00	0.00000e+00	0.00000e+00	0.00000e+00	0.00000e+00	0.00000e+00	0.00000e+00	0.00000e+00	0.00000e+00	0.00000e+00	0.00000e+00	0.00000e+00	0.00000e+00	0.00000e+00	0.00000e+00	0.00000e+00	0.00000e+00	0.00000e+00	0.00000e+00	0.00000e+00	0.00000e+00	0.00000e+00	0.00000e+00	0.00000e+00	0.00000e+00	0.00000e+00	0.00000e+00	0.00000e+00	0.00000e+00	0.00000e+00	0.00000e+00	0.00000e+00	0.00000e+00	0.00000e+00	0.00000e+00	0.00000e+00	0.00000e+00	0.00000e+00	0.00000e+00	0.00000e+00	0.00000e+00	0.00000e+00	0.00000e+00	0.00000e+00	0.00000e+00	0.00000e+00	0.00000e+00	0.00000e+00	0.00000e+00	0.00000e+00	0.00000e+00	0.00000e+00	0.00000e+00	0.00000e+00	0.00000e+00	0.00000e+00	0.00000e+00	0.00000e+00	0.00000e+00	0.00000e+00	0.00000e+00	0.00000e+00	0.00000e+00	0.00000e+00	0.00000e+00	0.00000e+00	0.00000e+00	0.00000e+00	0.00000e+00	0.00000e+00	0.00000e+00	0.00000e+00	0.00000e+00	0.00000e+00	0.00000e+00	0.00000e+00	0.00000e+00	0.00000e+00	0.00000e+00	0.00000e+00	0.00000e+00	0.00000e+00	0.00000e+00	0.00000e+00	0.00000e+00	0.00000e+00	0.00000e+00	0.00000e+00	0.00000e+00	0.00000e+00	0.00000e+00	0.00000e+00	0.00000e+00	0.00000e+00	0.00000e+00	0.00000e+00	0.00000e+00	0.00000e+00	0.00000e+00	0.00000e+00	0.00000e+00	0.00000e+00	0.00000e+00	0.00000e+00	0.00000e+00	0.00000e+00	0.00000e+00	0.00000e+00	0.00000e+00	0.00000e+00	0.00000e+00	0.00000e+00	0.00000e+00	0.00000e+00	0.00000e+00	0.00000e+00	0.00000e+00	0.00000e+00	0.00000e+00	0.00000e+00	0.00000e+00	0.00000e+00	0.00000e+00	0.00000e+00	0.00000e+00	0.00000e+00	0.00000e+00	0.00000e+00	0.00000e+00	0.00000e+00	0.00000e+00	0.00000e+00	0.00000e+00	0.00000e+00	0.00000e+00	0.00000e+00	0.00000e+00	0.00000e+00	0.00000e+00	0.00000e+00	0.00000e+00	0.00000e+00	0.00000e+00	0.00000e+00	0.00000e+00	0.00000e+00	0.00000e+00	0.00000e+00	0.00000e+00	0.00000e+00	0.00000e+00	0.00000e+00	0.00000e+00	0.00000e+00	0.00000e+00	0.00000e+00	0.00000e+00	0.00000e+00	0.00000e+00	0.00000e+00	0.00000e+00	0.00000e+00	0.00000e+00	0.00000e+00
14.26	0.00000e+00	0.00000e+00	0.00000e+00	0.00000e+00	0.00000e+00	0.00000e+00	0.00000e+00	0.00000e+00	0.00000e+00	0.00000e+00	0.00000e+00	0.00000e+00	0.00000e+00	0.00000e+00	0.00000e+00	0.00000e+00	0.00000e+00	0.00000e+00	0.00000e+00	0.00000e+00	0.00000e+00	0.00000e+00	0.00000e+00	0.00000e+00	0.00000e+00	0.00000e+00	0.00000e+00	0.00000e+00	0.00000e+00	0.00000e+00	0.00000e+00	0.00000e+00	0.00000e+00	0.00000e+00	0.00000e+00	0.00000e+00	0.00000e+00	0.00000e+00	0.00000e+00	0.00000e+00	0.00000e+00	0.00000e+00	0.00000e+00	0.00000e+00	0.00000e+00	0.00000e+00	0.00000e+00	0.00000e+00	0.00000e+00	0.00000e+00	0.00000e+00	0.00000e+00	0.00000e+00	0.00000e+00	0.00000e+00	0.00000e+00	0.00000e+00	0.00000e+00	0.00000e+00	0.00000e+00	0.00000e+00	0.00000e+00	0.00000e+00	0.00000e+00	0.00000e+00	0.00000e+00	0.00000e+00	0.00000e+00	0.00000e+00	0.00000e+00	0.00000e+00	0.00000e+00	0.00000e+00	0.00000e+00	0.00000e+00	0.00000e+00	0.00000e+00	0.00000e+00	0.00000e+00	0.00000e+00	0.00000e+00	0.00000e+00	0.00000e+00	0.00000e+00	0.00000e+00	0.00000e+00	0.00000e+00	0.00000e+00	0.00000e+00	0.00000e+00	0.00000e+00	0.00000e+00	0.00000e+00	0.00000e+00	0.00000e+00	0.00000e+00	0.00000e+00	0.00000e+00	0.00000e+00	0.00000e+00	0.00000e+00	0.00000e+00	0.00000e+00	0.00000e+00	0.00000e+00	0.00000e+00	0.00000e+00	0.00000e+00	0.00000e+00	0.00000e+00	0.00000e+00	0.00000e+00	0.00000e+00	0.00000e+00	0.00000e+00	0.00000e+00	0.00000e+00	0.00000e+00	0.00000e+00	0.00000e+00	0.00000e+00	0.00000e+00	0.00000e+00	0.00000e+00	0.00000e+00	0.00000e+00	0.00000e+00	0.00000e+00	0.00000e+00	0.00000e+00	0.00000e+00	0.00000e+00	0.00000e+00	0.00000e+00	0.00000e+00	0.00000e+00	0.00000e+00	0.00000e+00	0.00000e+00	0.00000e+00	0.00000e+00	0.00000e+00	0.00000e+00	0.00000e+00	0.00000e+00	0.00000e+00	0.00000e+00	0.00000e+00	0.00000e+00	0.00000e+00	0.00000e+00	0.00000e+00	0.00000e+00	0.00000e+00	0.00000e+00	0.00000e+00	0.00000e+00	0.00000e+00	0.00000e+00	0.00000e+00	0.00000e+00	0.00000e+00	0.00000e+00	0.00000e+00	0.00000e+00	0.00000e+00	0.00000e+00	0.00000e+00	0.00000e+00	0.00000e+00	0.00000e+00	0.00000e+00	0.00000e+00	0.00000e+00	0.00000e+00	0.00000e+00	0.00000e+00	0.00000e+00	0.00000e+00	0.00000e+00	0.00000e+00	0.00000e+00	0.00000e+00	0.00000e+00	0.00000e+00
14.29	0.00000e+00	0.00000e+00	0.00000e+00	0.00000e+00	0.00000e+00	0.00000e+00	0.00000e+00	0.00000e+00	0.00000e+00	0.00000e+00	0.00000e+00	0.00000e+00	0.00000e+00	0.00000e+00	0.00000e+00	0.00000e+00	0.00000e+00	0.00000e+00	0.00000e+00	0.00000e+00	0.00000e+00	0.00000e+00	0.00000e+00	0.00000e+00	0.00000e+00	0.00000e+00	0.00000e+00	0.00000e+00	0.00000e+00	0.00000e+00	0.00000e+00	0.00000e+00	0.00000e+00	0.00000e+00	0.00000e+00	0.00000e+00	0.00000e+00	0.00000e+00	0.00000e+00	0.00000e+00	0.00000e+00	0.00000e+00	0.00000e+00	0.00000e+00	0.00000e+00	0.00000e+00	0.00000e+00	0.00000e+00	0.00000e+00	0.00000e+00	0.00000e+00	0.00000e+00	0.00000e+00	0.00000e+00	0.00000e+00	0.00000e+00	0.00000e+00	0.00000e+00	0.00000e+00	0.00000e+00	0.00000e+00	0.00000e+00	0.00000e+00	0.00000e+00	0.00000e+00	0.00000e+00	0.00000e+00	0.00000e+00	0.00000e+00	0.00000e+00	0.00000e+00	0.00000e+00	0.00000e+00	0.00000e+00	0.00000e+00	0.00000e+00	0.00000e+00	0.00000e+00	0.00000e+00	0.00000e+00	0.00000e+00	0.00000e+00	0.00000e+00	0.00000e+00	0.00000e+00	0.00000e+00	0.00000e+00	0.00000e+00	0.00000e+00	0.00000e+00	0.00000e+00	0.00000e+00	0.00000e+00	0.00000e+00	0.00000e+00	0.00000e+00	0.00000e+00	0.00000e+00	0.00000e+00	0.00000e+00	0.00000e+00	0.00000e+00	0.00000e+00	0.00000e+00	0.00000e+00	0.00000e+00	0.00000e+00	0.00000e+00	0.00000e+00	0.00000e+00	0.00000e+00	0.00000e+00	0.00000e+00	0.00000e+00	0.00000e+00	0.00000e+00	0.00000e+00	0.00000e+00	0.00000e+00	0.00000e+00	0.00000e+00	0.00000e+00	0.00000e+00	0.00000e+00	0.00000e+00	0.00000e+00	0.00000e+00	0.00000e+00	0.00000e+00	0.00000e+00	0.00000e+00	0.00000e+00	0.00000e+00	0.00000e+00	0.00000e+00	0.00000e+00	0.00000e+00	0.00000e+00	0.00000e+00	0.00000e+00	0.00000e+00	0.00000e+00	0.00000e+00	0.00000e+00	0.00000e+00	0.00000e+00	0.00000e+00	0.00000e+00	0.00000e+00	0.00000e+00	0.00000e+00	0.00000e+00	0.00000e+00	0.00000e+00	0.00000e+00	0.00000e+00	0.00000e+00	0.00000e+00	0.00000e+00	0.00000e+00	0.00000e+00	0.00000e+00	0.00000e+00	0.00000e+00	0.00000e+00	0.00000e+00	0.00000e+00	0.00000e+00	0.00000e+00	0.00000e+00	0.00000e+00	0.00000e+00	0.00000e+00	0.00000e+00	0.00000e+00	0.00000e+00	0.00000e+00	0.00000e+00	0.00000e+00	0.00000e+00	0.00000e+00	0.00000e+00	0.00000e+00	0.00000e+00	0.00000e+00
14.33	0.00000e+00	0.00000e+00	0.00000e+00	0.00000e+00	0.00000e+00	0.00000e+00	0.00000e+00	0.00000e+00	0.00000e+00	0.00000e+00	0.00000e+00	0.00000e+00	0.00000e+00	0.00000e+00	0.00000e+00	0.00000e+00	0.00000e+00	0.00000e+00	0.00000e+00	0.00000e+00	0.00000e+00	0.00000e+00	0.00000e+00	0.00000e+00	0.00000e+00	0.00000e+00	0.00000e+00	0.00000e+00	0.00000e+00	0.00000e+00	0.00000e+00	0.00000e+00	0.00000e+00	0.00000e+00	0.00000e+00	0.00000e+00	0.00000e+00	0.00000e+00	0.00000e+00	0.00000e+00	0.00000e+00	0.00000e+00	0.00000e+00	0.00000e+00	0.00000e+00	0.00000e+00	0.00000e+00	0.00000e+00	0.00000e+00	0.00000e+00	0.00000e+00	0.00000e+00	0.00000e+00	0.00000e+00	0.00000e+00	0.00000e+00	0.00000e+00	0.00000e+00	0.00000e+00	0.00000e+00	0.00000e+00	0.00000e+00	0.00000e+00	0.00000e+00	0.00000e+00	0.00000e+00	0.00000e+00	0.00000e+00	0.00000e+00	0.00000e+00	0.00000e+00	0.00000e+00	0.00000e+00	0.00000e+00	0.00000e+00	0.00000e+00	0.00000e+00	0.00000e+00	0.00000e+00	0.00000e+00	0.00000e+00	0.00000e+00	0.00000e+00	0.00000e+00	0.00000e+00	0.00000e+00	0.00000e+00	0.00000e+00	0.00000e+00	0.00000e+00	0.00000e+00	0.00000e+00	0.00000e+00	0.00000e+00	0.00000e+00	0.00000e+00	0.00000e+00	0.00000e+00	0.00000e+00	0.00000e+00	0.00000e+00	0.00000e+00	0.00000e+00	0.00000e+00	0.00000e+00	0.00000e+00	0.00000e+00	0.00000e+00	0.00000e+00	0.00000e+00	0.00000e+00	0.00000e+00	0.00000e+00	0.00000e+00	0.00000e+00	0.00000e+00	0.00000e+00	0.00000e+00	0.00000e+00	0.00000e+00	0.00000e+00	0.00000e+00	0.00000e+00	0.00000e+00	0.00000e+00	0.00000e+00	0.00000e+00	0.00000e+00	0.00000e+00	0.00000e+00	0.00000e+00	0.00000e+00	0.00000e+00	0.00000e+00	0.00000e+00	0.00000e+00	0.00000e+00	0.00000e+00	0.00000e+00	0.00000e+00	0.00000e+00	0.00000e+00	0.00000e+00	0.00000e+00	0.00000e+00	0.00000e+00	0.00000e+00	0.00000e+00	0.00000e+00	0.00000e+00	0.00000e+00	0.00000e+00	0.00000e+00	0.00000e+00	0.00000e+00	0.00000e+00	0.00000e+00	0.00000e+00	0.00000e+00	0.00000e+00	0.00000e+00	0.00000e+00	0.00000e+00	0.00000e+00	0.00000e+00	0.00000e+00	0.00000e+00	0.00000e+00	0.00000e+00	0.00000e+00	0.00000e+00	0.00000e+00	0.00000e+00	0.00000e+00	0.00000e+00	0.00000e+00	0.00000e+00	0.00000e+00	0.00000e+00	0.00000e+00	0.00000e+00	0.00000e+00	0.00000e+00	0.00000e+00	0.00000e+00
14.36	0.00000e+00	0.00000e+00	0.00000e+00	0.00000e+00	0.00000e+00	0.00000e+00	0.00000e+00	0.00000e+00	0.00000e+00	0.00000e+00	0.00000e+00	0.00000e+00	0.00000e+00	0.00000e+00	0.00000e+00	0.00000e+00	0.00000e+00	0.00000e+00	0.00000e+00	0.00000e+00	0.00000e+00	0.00000e+00	0.00000e+00	0.00000e+00	0.00000e+00	0.00000e+00	0.00000e+00	0.00000e+00	0.00000e+00	0.00000e+00	0.00000e+00	0.00000e+00	0.00000e+00	0.00000e+00	0.00000e+00	0.00000e+00	0.00000e+00	0.00000e+00	0.00000e+00	0.00000e+00	0.00000e+00	0.00000e+00	0.00000e+00	0.00000e+00	0.00000e+00	0.00000e+00	0.00000e+00	0.00000e+00	0.00000e+00	0.00000e+00	0.00000e+00	0.00000e+00	0.00000e+00	0.00000e+00	0.00000e+00	0.00000e+00	0.00000e+00	0.00000e+00	0.00000e+00	0.00000e+00	0.00000e+00	0.00000e+00	0.00000e+00	0.00000e+00	0.00000e+00	0.00000e+00	0.00000e+00	0.00000e+00	0.00000e+00	0.00000e+00	0.00000e+00	0.00000e+00	0.00000e+00	0.00000e+00	0.00000e+00	0.00000e+00	0.00000e+00	0.00000e+00	0.00000e+00	0.00000e+00	0.00000e+00	0.00000e+00	0.00000e+00	0.00000e+00	0.00000e+00	0.00000e+00	0.00000e+00	0.00000e+00	0.00000e+00	0.00000e+00	0.00000e+00	0.00000e+00	0.00000e+00	0.00000e+00	0.00000e+00	0.00000e+00	0.00000e+00	0.00000e+00	0.00000e+00	0.00000e+00	0.00000e+00	0.00000e+00	0.00000e+00	0.00000e+00	0.00000e+00	0.00000e+00	0.00000e+00	0.00000e+00	0.00000e+00	0.00000e+00	0.00000e+00	0.00000e+00	0.00000e+00	0.00000e+00	0.00000e+00	0.00000e+00	0.00000e+00	0.00000e+00	0.00000e+00	0.00000e+00	0.00000e+00	0.00000e+00	0.00000e+00	0.00000e+00	0.00000e+00	0.00000e+00	0.00000e+00	0.00000e+00	0.00000e+00	0.00000e+00	0.00000e+00	0.00000e+00	0.00000e+00	0.00000e+00	0.00000e+00	0.00000e+00	0.00000e+00	0.00000e+00	0.00000e+00	0.00000e+00	0.00000e+00	0.00000e+00	0.00000e+00	0.00000e+00	0.00000e+00	0.00000e+00	0.00000e+00	0.00000e+00	0.00000e+00	0.00000e+00	0.00000e+00	0.00000e+00	0.00000e+00	0.00000e+00	0.00000e+00	0.00000e+00	0.00000e+00	0.00000e+00	0.00000e+00	0.00000e+00	0.00000e+00	0.00000e+00	0.00000e+00	0.00000e+00	0.00000e+00	0.00000e+00	0.00000e+00	0.00000e+00	0.00000e+00	0.00000e+00	0.00000e+00	0.00000e+00	0.00000e+00	0.00000e+00	0.00000e+00	0.00000e+00	0.00000e+00	0.00000e+00	0.00000e+00	0.00000e+00	0.00000e+00	0.00000e+00	0.00000e+00	0.00000e+00	0.00000e+00
14.39	0.00000e+00	0.00000e+00	0.00000e+00	0.00000e+00	0.00000e+00	0.00000e+00	0.00000e+00	0.00000e+00	0.00000e+00	0.00000e+00	0.00000e+00	0.00000e+00	0.00000e+00	0.00000e+00	0.00000e+00	0.00000e+00	0.00000e+00	0.00000e+00	0.00000e+00	0.00000e+00	0.00000e+00	0.00000e+00	0.00000e+00	0.00000e+00	0.00000e+00	0.00000e+00	0.00000e+00	0.00000e+00	0.00000e+00	0.00000e+00	0.00000e+00	0.00000e+00	0.00000e+00	0.00000e+00	0.00000e+00	0.00000e+00	0.00000e+00	0.00000e+00	0.00000e+00	0.00000e+00	0.00000e+00	0.00000e+00	0.00000e+00	0.00000e+00	0.00000e+00	0.00000e+00	0.00000e+00	0.00000e+00	0.00000e+00	0.00000e+00	0.00000e+00	0.00000e+00	0.00000e+00	0.00000e+00	0.00000e+00	0.00000e+00	0.00000e+00	0.00000e+00	0.00000e+00	0.00000e+00	0.00000e+00	0.00000e+00	0.00000e+00	0.00000e+00	0.00000e+00	0.00000e+00	0.00000e+00	0.00000e+00	0.00000e+00	0.00000e+00	0.00000e+00	0.00000e+00	0.00000e+00	0.00000e+00	0.00000e+00	0.00000e+00	0.00000e+00	0.00000e+00	0.00000e+00	0.00000e+00	0.00000e+00	0.00000e+00	0.00000e+00	0.00000e+00	0.00000e+00	0.00000e+00	0.00000e+00	0.00000e+00	0.00000e+00	0.00000e+00	0.00000e+00	0.00000e+00	0.00000e+00	0.00000e+00	0.00000e+00	0.00000e+00	0.00000e+00	0.00000e+00	0.00000e+00	0.00000e+00	0.00000e+00	0.00000e+00	0.00000e+00	0.00000e+00	0.00000e+00	0.00000e+00	0.00000e+00	0.00000e+00	0.00000e+00	0.00000e+00	0.00000e+00	0.00000e+00	0.00000e+00	0.00000e+00	0.00000e+00	0.00000e+00	0.00000e+00	0.00000e+00	0.00000e+00	0.00000e+00	0.00000e+00	0.00000e+00	0.00000e+00	0.00000e+00	0.00000e+00	0.00000e+00	0.00000e+00	0.00000e+00	0.00000e+00	0.00000e+00	0.00000e+00	0.00000e+00	0.00000e+00	0.00000e+00	0.00000e+00	0.00000e+00	0.00000e+00	0.00000e+00	0.00000e+00	0.00000e+00	0.00000e+00	0.00000e+00	0.00000e+00	0.00000e+00	0.00000e+00	0.00000e+00	0.00000e+00	0.00000e+00	0.00000e+00	0.00000e+00	0.00000e+00	0.00000e+00	0.00000e+00	0.00000e+00	0.00000e+00	0.00000e+00	0.00000e+00	0.00000e+00	0.00000e+00	0.00000e+00	0.00000e+00	0.00000e+00	0.00000e+00	0.00000e+00	0.00000e+00	0.00000e+00	0.00000e+00	0.00000e+00	0.00000e+00	0.00000e+00	0.00000e+00	0.00000e+00	0.00000e+00	0.00000e+00	0.00000e+00	0.00000e+00	0.00000e+00	0.00000e+00	0.00000e+00	0.00000e+00	0.00000e+00	0.00000e+00	0.00000e+00	0.00000e+00	0.00000e+00
14.43	0.00000e+00	0.00000e+00	0.00000e+00	0.00000e+00	0.00000e+00	0.00000e+00	0.00000e+00	0.00000e+00	0.00000e+00	0.00000e+00	0.00000e+00	0.00000e+00	0.00000e+00	0.00000e+00	0.00000e+00	0.00000e+00	0.00000e+00	0.00000e+00	0.00000e+00	0.00000e+00	0.00000e+00	0.00000e+00	0.00000e+00	0.00000e+00	0.00000e+00	0.00000e+00	0.00000e+00	0.00000e+00	0.00000e+00	0.00000e+00	0.00000e+00	0.00000e+00	0.00000e+00	0.00000e+00	0.00000e+00	0.00000e+00	0.00000e+00	0.00000e+00	0.00000e+00	0.00000e+00	0.00000e+00	0.00000e+00	0.00000e+00	0.00000e+00	0.00000e+00	0.00000e+00	0.00000e+00	0.00000e+00	0.00000e+00	0.00000e+00	0.00000e+00	0.00000e+00	0.00000e+00	0.00000e+00	0.00000e+00	0.00000e+00	0.00000e+00	0.00000e+00	0.00000e+00	0.00000e+00	0.00000e+00	0.00000e+00	0.00000e+00	0.00000e+00	0.00000e+00	0.00000e+00	0.00000e+00	0.00000e+00	0.00000e+00	0.00000e+00	0.00000e+00	0.00000e+00	0.00000e+00	0.00000e+00	0.00000e+00	0.00000e+00	0.00000e+00	0.00000e+00	0.00000e+00	0.00000e+00	0.00000e+00	0.00000e+00	0.00000e+00	0.00000e+00	0.00000e+00	0.00000e+00	0.00000e+00	0.00000e+00	0.00000e+00	0.00000e+00	0.00000e+00	0.00000e+00	0.00000e+00	0.00000e+00	0.00000e+00	0.00000e+00	0.00000e+00	0.00000e+00	0.00000e+00	0.00000e+00	0.00000e+00	0.00000e+00	0.00000e+00	0.00000e+00	0.00000e+00	0.00000e+00	0.00000e+00	0.00000e+00	0.00000e+00	0.00000e+00	0.00000e+00	0.00000e+00	0.00000e+00	0.00000e+00	0.00000e+00	0.00000e+00	0.00000e+00	0.00000e+00	0.00000e+00	0.00000e+00	0.00000e+00	0.00000e+00	0.00000e+00	0.00000e+00	0.00000e+00	0.00000e+00	0.00000e+00	0.00000e+00	0.00000e+00	0.00000e+00	0.00000e+00	0.00000e+00	0.00000e+00	0.00000e+00	0.00000e+00	0.00000e+00	0.00000e+00	0.00000e+00	0.00000e+00	0.00000e+00	0.00000e+00	0.00000e+00	0.00000e+00	0.00000e+00	0.00000e+00	0.00000e+00	0.00000e+00	0.00000e+00	0.00000e+00	0.00000e+00	0.00000e+00	0.00000e+00	0.00000e+00	0.00000e+00	0.00000e+00	0.00000e+00	0.00000e+00	0.00000e+00	0.00000e+00	0.00000e+00	0.00000e+00	0.00000e+00	0.00000e+00	0.00000e+00	0.00000e+00	0.00000e+00	0.00000e+00	0.00000e+00	0.00000e+00	0.00000e+00	0.00000e+00	0.00000e+00	0.00000e+00	0.00000e+00	0.00000e+00	0.00000e+00	0.00000e+00	0.00000e+00	0.00000e+00	0.00000e+00	0.00000e+00	0.00000e+00	0.00000e+00	0.00000e+00	0.00000e+00
14.46	0.00000e+00	0.00000e+00	0.00000e+00	0.00000e+00	0.00000e+00	0.00000e+00	0.00000e+00	0.00000e+00	0.00000e+00	0.00000e+00	0.00000e+00	0.00000e+00	0.00000e+00	0.00000e+00	0.00000e+00	0.00000e+00	0.00000e+00	0.00000e+00	0.00000e+00	0.00000e+00	0.00000e+00	0.00000e+00	0.00000e+00	0.00000e+00	0.00000e+00	0.00000e+00	0.00000e+00	0.00000e+00	0.00000e+00	0.00000e+00	0.00000e+00	0.00000e+00	0.00000e+00	0.00000e+00	0.00000e+00	0.00000e+00	0.00000e+00	0.00000e+00	0.00000e+00	0.00000e+00	0.00000e+00	0.00000e+00	0.00000e+00	0.00000e+00	0.00000e+00	0.00000e+00	0.00000e+00	0.00000e+00	0.00000e+00	0.00000e+00	0.00000e+00	0.00000e+00	0.00000e+00	0.00000e+00	0.00000e+00	0.00000e+00	0.00000e+00	0.00000e+00	0.00000e+00	0.00000e+00	0.00000e+00	0.00000e+00	0.00000e+00	0.00000e+00	0.00000e+00	0.00000e+00	0.00000e+00	0.00000e+00	0.00000e+00	0.00000e+00	0.00000e+00	0.00000e+00	0.00000e+00	0.00000e+00	0.00000e+00	0.00000e+00	0.00000e+00	0.00000e+00	0.00000e+00	0.00000e+00	0.00000e+00	0.00000e+00	0.00000e+00	0.00000e+00	0.00000e+00	0.00000e+00	0.00000e+00	0.00000e+00	0.00000e+00	0.00000e+00	0.00000e+00	0.00000e+00	0.00000e+00	0.00000e+00	0.00000e+00	0.00000e+00	0.00000e+00	0.00000e+00	0.00000e+00	0.00000e+00	0.00000e+00	0.00000e+00	0.00000e+00	0.00000e+00	0.00000e+00	0.00000e+00	0.00000e+00	0.00000e+00	0.00000e+00	0.00000e+00	0.00000e+00	0.00000e+00	0.00000e+00	0.00000e+00	0.00000e+00	0.00000e+00	0.00000e+00	0.00000e+00	0.00000e+00	0.00000e+00	0.00000e+00	0.00000e+00	0.00000e+00	0.00000e+00	0.00000e+00	0.00000e+00	0.00000e+00	0.00000e+00	0.00000e+00	0.00000e+00	0.00000e+00	0.00000e+00	0.00000e+00	0.00000e+00	0.00000e+00	0.00000e+00	0.00000e+00	0.00000e+00	0.00000e+00	0.00000e+00	0.00000e+00	0.00000e+00	0.00000e+00	0.00000e+00	0.00000e+00	0.00000e+00	0.00000e+00	0.00000e+00	0.00000e+00	0.00000e+00	0.00000e+00	0.00000e+00	0.00000e+00	0.00000e+00	0.00000e+00	0.00000e+00	0.00000e+00	0.00000e+00	0.00000e+00	0.00000e+00	0.00000e+00	0.00000e+00	0.00000e+00	0.00000e+00	0.00000e+00	0.00000e+00	0.00000e+00	0.00000e+00	0.00000e+00	0.00000e+00	0.00000e+00	0.00000e+00	0.00000e+00	0.00000e+00	0.00000e+00	0.00000e+00	0.00000e+00	0.00000e+00	0.00000e+00	0.00000e+00	0.00000e+00	0.00000e+00	0.00000e+00	0.00000e+00	0.00000e+00
14.50	0.00000e+00	0.00000e+00	0.00000e+00	0.00000e+00	0.00000e+00	0.00000e+00	0.00000e+00	0.00000e+00	0.00000e+00	0.00000e+00	0.00000e+00	0.00000e+00	0.00000e+00	0.00000e+00	0.00000e+00	0.00000e+00	0.00000e+00	0.00000e+00	0.00000e+00	0.00000e+00	0.00000e+00	0.00000e+00	0.00000e+00	0.00000e+00	0.00000e+00	0.00000e+00	0.00000e+00	0.00000e+00	0.00000e+00	0.00000e+00	0.00000e+00	0.00000e+00	0.00000e+00	0.00000e+00	0.00000e+00	0.00000e+00	0.00000e+00	0.00000e+00	0.00000e+00	0.00000e+00	0.00000e+00	0.00000e+00	0.00000e+00	0.00000e+00	0.00000e+00	0.00000e+00	0.00000e+00	0.00000e+00	0.00000e+00	0.00000e+00	0.00000e+00	0.00000e+00	0.00000e+00	0.00000e+00	0.00000e+00	0.00000e+00	0.00000e+00	0.00000e+00	0.00000e+00	0.00000e+00	0.00000e+00	0.00000e+00	0.00000e+00	0.00000e+00	0.00000e+00	0.00000e+00	0.00000e+00	0.00000e+00	0.00000e+00	0.00000e+00	0.00000e+00	0.00000e+00	0.00000e+00	0.00000e+00	0.00000e+00	0.00000e+00	0.00000e+00	0.00000e+00	0.00000e+00	0.00000e+00	0.00000e+00	0.00000e+00	0.00000e+00	0.00000e+00	0.00000e+00	0.00000e+00	0.00000e+00	0.00000e+00	0.00000e+00	0.00000e+00	0.00000e+00	0.00000e+00	0.00000e+00	0.00000e+00	0.00000e+00	0.00000e+00	0.00000e+00	0.00000e+00	0.00000e+00	0.00000e+00	0.00000e+00	0.00000e+00	0.00000e+00	0.00000e+00	0.00000e+00	0.00000e+00	0.00000e+00	0.00000e+00	0.00000e+00	0.00000e+00	0.00000e+00	0.00000e+00	0.00000e+00	0.00000e+00	0.00000e+00	0.00000e+00	0.00000e+00	0.00000e+00	0.00000e+00	0.00000e+00	0.00000e+00	0.00000e+00	0.00000e+00	0.00000e+00	0.00000e+00	0.00000e+00	0.00000e+00	0.00000e+00	0.00000e+00	0.00000e+00	0.00000e+00	0.00000e+00	0.00000e+00	0.00000e+00	0.00000e+00	0.00000e+00	0.00000e+00	0.00000e+00	0.00000e+00	0.00000e+00	0.00000e+00	0.00000e+00	0.00000e+00	0.00000e+00	0.00000e+00	0.00000e+00	0.00000e+00	0.00000e+00	0.00000e+00	0.00000e+00	0.00000e+00	0.00000e+00	0.00000e+00	0.00000e+00	0.00000e+00	0.00000e+00	0.00000e+00	0.00000e+00	0.00000e+00	0.00000e+00	0.00000e+00	0.00000e+00	0.00000e+00	0.00000e+00	0.00000e+00	0.00000e+00	0.00000e+00	0.00000e+00	0.00000e+00	0.00000e+00	0.00000e+00	0.00000e+00	0.00000e+00	0.00000e+00	0.00000e+00	0.00000e+00	0.00000e+00	0.00000e+00	0.00000e+00	0.00000e+00	0.00000e+00	0.00000e+00	0.00000e+00	0.00000e+00	0.00000e+00
14.53	0.00000e+00	0.00000e+00	0.00000e+00	0.00000e+00	0.00000e+00	0.00000e+00	0.00000e+00	0.00000e+00	0.00000e+00	0.00000e+00	0.00000e+00	0.00000e+00	0.00000e+00	0.00000e+00	0.00000e+00	0.00000e+00	0.00000e+00	0.00000e+00	0.00000e+00	0.00000e+00	0.00000e+00	0.00000e+00	0.00000e+00	0.00000e+00	0.00000e+00	0.00000e+00	0.00000e+00	0.00000e+00	0.00000e+00	0.00000e+00	0.00000e+00	0.00000e+00	0.00000e+00	0.00000e+00	0.00000e+00	0.00000e+00	0.00000e+00	0.00000e+00	0.00000e+00	0.00000e+00	0.00000e+00	0.00000e+00	0.00000e+00	0.00000e+00	0.00000e+00	0.00000e+00	0.00000e+00	0.00000e+00	0.00000e+00	0.00000e+00	0.00000e+00	0.00000e+00	0.00000e+00	0.00000e+00	0.00000e+00	0.00000e+00	0.00000e+00	0.00000e+00	0.00000e+00	0.00000e+00	0.00000e+00	0.00000e+00	0.00000e+00	0.00000e+00	0.00000e+00	0.00000e+00	0.00000e+00	0.00000e+00	0.00000e+00	0.00000e+00	0.00000e+00	0.00000e+00	0.00000e+00	0.00000e+00	0.00000e+00	0.00000e+00	0.00000e+00	0.00000e+00	0.00000e+00	0.00000e+00	0.00000e+00	0.00000e+00	0.00000e+00	0.00000e+00	0.00000e+00	0.00000e+00	0.00000e+00	0.00000e+00	0.00000e+00	0.00000e+00	0.00000e+00	0.00000e+00	0.00000e+00	0.00000e+00	0.00000e+00	0.00000e+00	0.00000e+00	0.00000e+00	0.00000e+00	0.00000e+00	0.00000e+00	0.00000e+00	0.00000e+00	0.00000e+00	0.00000e+00	0.00000e+00	0.00000e+00	0.00000e+00	0.00000e+00	0.00000e+00	0.00000e+00	0.00000e+00	0.00000e+00	0.00000e+00	0.00000e+00	0.00000e+00	0.00000e+00	0.00000e+00	0.00000e+00	0.00000e+00	0.00000e+00	0.00000e+00	0.00000e+00	0.00000e+00	0.00000e+00	0.00000e+00	0.00000e+00	0.00000e+00	0.00000e+00	0.00000e+00	0.00000e+00	0.00000e+00	0.00000e+00	0.00000e+00	0.00000e+00	0.00000e+00	0.00000e+00	0.00000e+00	0.00000e+00	0.00000e+00	0.00000e+00	0.00000e+00	0.00000e+00	0.00000e+00	0.00000e+00	0.00000e+00	0.00000e+00	0.00000e+00	0.00000e+00	0.00000e+00	0.00000e+00	0.00000e+00	0.00000e+00	0.00000e+00	0.00000e+00	0.00000e+00	0.00000e+00	0.00000e+00	0.00000e+00	0.00000e+00	0.00000e+00	0.00000e+00	0.00000e+00	0.00000e+00	0.00000e+00	0.00000e+00	0.00000e+00	0.00000e+00	0.00000e+00	0.00000e+00	0.00000e+00	0.00000e+00	0.00000e+00	0.00000e+00	0.00000e+00	0.00000e+00	0.00000e+00	0.00000e+00	0.00000e+00	0.00000e+00	0.00000e+00	0.00000e+00	0.00000e+00	0.00000e+00	0.00000e+00
14.57	0.00000e+00	0.00000e+00	0.00000e+00	0.00000e+00	0.00000e+00	0.00000e+00	0.00000e+00	0.00000e+00	0.00000e+00	0.00000e+00	0.00000e+00	0.00000e+00	0.00000e+00	0.00000e+00	0.00000e+00	0.00000e+00	0.00000e+00	0.00000e+00	0.00000e+00	0.00000e+00	0.00000e+00	0.00000e+00	0.00000e+00	0.00000e+00	0.00000e+00	0.00000e+00	0.00000e+00	0.00000e+00	0.00000e+00	0.00000e+00	0.00000e+00	0.00000e+00	0.00000e+00	0.00000e+00	0.00000e+00	0.00000e+00	0.00000e+00	0.00000e+00	0.00000e+00	0.00000e+00	0.00000e+00	0.00000e+00	0.00000e+00	0.00000e+00	0.00000e+00	0.00000e+00	0.00000e+00	0.00000e+00	0.00000e+00	0.00000e+00	0.00000e+00	0.00000e+00	0.00000e+00	0.00000e+00	0.00000e+00	0.00000e+00	0.00000e+00	0.00000e+00	0.00000e+00	0.00000e+00	0.00000e+00	0.00000e+00	0.00000e+00	0.00000e+00	0.00000e+00	0.00000e+00	0.00000e+00	0.00000e+00	0.00000e+00	0.00000e+00	0.00000e+00	0.00000e+00	0.00000e+00	0.00000e+00	0.00000e+00	0.00000e+00	0.00000e+00	0.00000e+00	0.00000e+00	0.00000e+00	0.00000e+00	0.00000e+00	0.00000e+00	0.00000e+00	0.00000e+00	0.00000e+00	0.00000e+00	0.00000e+00	0.00000e+00	0.00000e+00	0.00000e+00	0.00000e+00	0.00000e+00	0.00000e+00	0.00000e+00	0.00000e+00	0.00000e+00	0.00000e+00	0.00000e+00	0.00000e+00	0.00000e+00	0.00000e+00	0.00000e+00	0.00000e+00	0.00000e+00	0.00000e+00	0.00000e+00	0.00000e+00	0.00000e+00	0.00000e+00	0.00000e+00	0.00000e+00	0.00000e+00	0.00000e+00	0.00000e+00	0.00000e+00	0.00000e+00	0.00000e+00	0.00000e+00	0.00000e+00	0.00000e+00	0.00000e+00	0.00000e+00	0.00000e+00	0.00000e+00	0.00000e+00	0.00000e+00	0.00000e+00	0.00000e+00	0.00000e+00	0.00000e+00	0.00000e+00	0.00000e+00	0.00000e+00	0.00000e+00	0.00000e+00	0.00000e+00	0.00000e+00	0.00000e+00	0.00000e+00	0.00000e+00	0.00000e+00	0.00000e+00	0.00000e+00	0.00000e+00	0.00000e+00	0.00000e+00	0.00000e+00	0.00000e+00	0.00000e+00	0.00000e+00	0.00000e+00	0.00000e+00	0.00000e+00	0.00000e+00	0.00000e+00	0.00000e+00	0.00000e+00	0.00000e+00	0.00000e+00	0.00000e+00	0.00000e+00	0.00000e+00	0.00000e+00	0.00000e+00	0.00000e+00	0.00000e+00	0.00000e+00	0.00000e+00	0.00000e+00	0.00000e+00	0.00000e+00	0.00000e+00	0.00000e+00	0.00000e+00	0.00000e+00	0.00000e+00	0.00000e+00	0.00000e+00	0.00000e+00	0.00000e+00	0.00000e+00	0.00000e+00	0.00000e+00	0.00000e+00
14.60	0.00000e+00	0.00000e+00	0.00000e+00	0.00000e+00	0.00000e+00	0.00000e+00	0.00000e+00	0.00000e+00	0.00000e+00	0.00000e+00	0.00000e+00	0.00000e+00	0.00000e+00	0.00000e+00	0.00000e+00	0.00000e+00	0.00000e+00	0.00000e+00	0.00000e+00	0.00000e+00	0.00000e+00	0.00000e+00	0.00000e+00	0.00000e+00	0.00000e+00	0.00000e+00	0.00000e+00	0.00000e+00	0.00000e+00	0.00000e+00	0.00000e+00	0.00000e+00	0.00000e+00	0.00000e+00	0.00000e+00	0.00000e+00	0.00000e+00	0.00000e+00	0.00000e+00	0.00000e+00	0.00000e+00	0.00000e+00	0.00000e+00	0.00000e+00	0.00000e+00	0.00000e+00	0.00000e+00	0.00000e+00	0.00000e+00	0.00000e+00	0.00000e+00	0.00000e+00	0.00000e+00	0.00000e+00	0.00000e+00	0.00000e+00	0.00000e+00	0.00000e+00	0.00000e+00	0.00000e+00	0.00000e+00	0.00000e+00	0.00000e+00	0.00000e+00	0.00000e+00	0.00000e+00	0.00000e+00	0.00000e+00	0.00000e+00	0.00000e+00	0.00000e+00	0.00000e+00	0.00000e+00	0.00000e+00	0.00000e+00	0.00000e+00	0.00000e+00	0.00000e+00	0.00000e+00	0.00000e+00	0.00000e+00	0.00000e+00	0.00000e+00	0.00000e+00	0.00000e+00	0.00000e+00	0.00000e+00	0.00000e+00	0.00000e+00	0.00000e+00	0.00000e+00	0.00000e+00	0.00000e+00	0.00000e+00	0.00000e+00	0.00000e+00	0.00000e+00	0.00000e+00	0.00000e+00	0.00000e+00	0.00000e+00	0.00000e+00	0.00000e+00	0.00000e+00	0.00000e+00	0.00000e+00	0.00000e+00	0.00000e+00	0.00000e+00	0.00000e+00	0.00000e+00	0.00000e+00	0.00000e+00	0.00000e+00	0.00000e+00	0.00000e+00	0.00000e+00	0.00000e+00	0.00000e+00	0.00000e+00	0.00000e+00	0.00000e+00	0.00000e+00	0.00000e+00	0.00000e+00	0.00000e+00	0.00000e+00	0.00000e+00	0.00000e+00	0.00000e+00	0.00000e+00	0.00000e+00	0.00000e+00	0.00000e+00	0.00000e+00	0.00000e+00	0.00000e+00	0.00000e+00	0.00000e+00	0.00000e+00	0.00000e+00	0.00000e+00	0.00000e+00	0.00000e+00	0.00000e+00	0.00000e+00	0.00000e+00	0.00000e+00	0.00000e+00	0.00000e+00	0.00000e+00	0.00000e+00	0.00000e+00	0.00000e+00	0.00000e+00	0.00000e+00	0.00000e+00	0.00000e+00	0.00000e+00	0.00000e+00	0.00000e+00	0.00000e+00	0.00000e+00	0.00000e+00	0.00000e+00	0.00000e+00	0.00000e+00	0.00000e+00	0.00000e+00	0.00000e+00	0.00000e+00	0.00000e+00	0.00000e+00	0.00000e+00	0.00000e+00	0.00000e+00	0.00000e+00	0.00000e+00	0.00000e+00	0.00000e+00	0.00000e+00	0.00000e+00	0.00000e+00	0.00000e+00	0.00000e+00
14.63	0.00000e+00	0.00000e+00	0.00000e+00	0.00000e+00	0.00000e+00	0.00000e+00	0.00000e+00	0.00000e+00	0.00000e+00	0.00000e+00	0.00000e+00	0.00000e+00	0.00000e+00	0.00000e+00	0.00000e+00	0.00000e+00	0.00000e+00	0.00000e+00	0.00000e+00	0.00000e+00	0.00000e+00	0.00000e+00	0.00000e+00	0.00000e+00	0.00000e+00	0.00000e+00	0.00000e+00	0.00000e+00	0.00000e+00	0.00000e+00	0.00000e+00	0.00000e+00	0.00000e+00	0.00000e+00	0.00000e+00	0.00000e+00	0.00000e+00	0.00000e+00	0.00000e+00	0.00000e+00	0.00000e+00	0.00000e+00	0.00000e+00	0.00000e+00	0.00000e+00	0.00000e+00	0.00000e+00	0.00000e+00	0.00000e+00	0.00000e+00	0.00000e+00	0.00000e+00	0.00000e+00	0.00000e+00	0.00000e+00	0.00000e+00	0.00000e+00	0.00000e+00	0.00000e+00	0.00000e+00	0.00000e+00	0.00000e+00	0.00000e+00	0.00000e+00	0.00000e+00	0.00000e+00	0.00000e+00	0.00000e+00	0.00000e+00	0.00000e+00	0.00000e+00	0.00000e+00	0.00000e+00	0.00000e+00	0.00000e+00	0.00000e+00	0.00000e+00	0.00000e+00	0.00000e+00	0.00000e+00	0.00000e+00	0.00000e+00	0.00000e+00	0.00000e+00	0.00000e+00	0.00000e+00	0.00000e+00	0.00000e+00	0.00000e+00	0.00000e+00	0.00000e+00	0.00000e+00	0.00000e+00	0.00000e+00	0.00000e+00	0.00000e+00	0.00000e+00	0.00000e+00	0.00000e+00	0.00000e+00	0.00000e+00	0.00000e+00	0.00000e+00	0.00000e+00	0.00000e+00	0.00000e+00	0.00000e+00	0.00000e+00	0.00000e+00	0.00000e+00	0.00000e+00	0.00000e+00	0.00000e+00	0.00000e+00	0.00000e+00	0.00000e+00	0.00000e+00	0.00000e+00	0.00000e+00	0.00000e+00	0.00000e+00	0.00000e+00	0.00000e+00	0.00000e+00	0.00000e+00	0.00000e+00	0.00000e+00	0.00000e+00	0.00000e+00	0.00000e+00	0.00000e+00	0.00000e+00	0.00000e+00	0.00000e+00	0.00000e+00	0.00000e+00	0.00000e+00	0.00000e+00	0.00000e+00	0.00000e+00	0.00000e+00	0.00000e+00	0.00000e+00	0.00000e+00	0.00000e+00	0.00000e+00	0.00000e+00	0.00000e+00	0.00000e+00	0.00000e+00	0.00000e+00	0.00000e+00	0.00000e+00	0.00000e+00	0.00000e+00	0.00000e+00	0.00000e+00	0.00000e+00	0.00000e+00	0.00000e+00	0.00000e+00	0.00000e+00	0.00000e+00	0.00000e+00	0.00000e+00	0.00000e+00	0.00000e+00	0.00000e+00	0.00000e+00	0.00000e+00	0.00000e+00	0.00000e+00	0.00000e+00	0.00000e+00	0.00000e+00	0.00000e+00	0.00000e+00	0.00000e+00	0.00000e+00	0.00000e+00	0.00000e+00	0.00000e+00	0.00000e+00	0.00000e+00	0.00000e+00
14.67	0.00000e+00	0.00000e+00	0.00000e+00	0.00000e+00	0.00000e+00	0.00000e+00	0.00000e+00	0.00000e+00	0.00000e+00	0.00000e+00	0.00000e+00	0.00000e+00	0.00000e+00	0.00000e+00	0.00000e+00	0.00000e+00	0.00000e+00	0.00000e+00	0.00000e+00	0.00000e+00	0.00000e+00	0.00000e+00	0.00000e+00	0.00000e+00	0.00000e+00	0.00000e+00	0.00000e+00	0.00000e+00	0.00000e+00	0.00000e+00	0.00000e+00	0.00000e+00	0.00000e+00	0.00000e+00	0.00000e+00	0.00000e+00	0.00000e+00	0.00000e+00	0.00000e+00	0.00000e+00	0.00000e+00	0.00000e+00	0.00000e+00	0.00000e+00	0.00000e+00	0.00000e+00	0.00000e+00	0.00000e+00	0.00000e+00	0.00000e+00	0.00000e+00	0.00000e+00	0.00000e+00	0.00000e+00	0.00000e+00	0.00000e+00	0.00000e+00	0.00000e+00	0.00000e+00	0.00000e+00	0.00000e+00	0.00000e+00	0.00000e+00	0.00000e+00	0.00000e+00	0.00000e+00	0.00000e+00	0.00000e+00	0.00000e+00	0.00000e+00	0.00000e+00	0.00000e+00	0.00000e+00	0.00000e+00	0.00000e+00	0.00000e+00	0.00000e+00	0.00000e+00	0.00000e+00	0.00000e+00	0.00000e+00	0.00000e+00	0.00000e+00	0.00000e+00	0.00000e+00	0.00000e+00	0.00000e+00	0.00000e+00	0.00000e+00	0.00000e+00	0.00000e+00	0.00000e+00	0.00000e+00	0.00000e+00	0.00000e+00	0.00000e+00	0.00000e+00	0.00000e+00	0.00000e+00	0.00000e+00	0.00000e+00	0.00000e+00	0.00000e+00	0.00000e+00	0.00000e+00	0.00000e+00	0.00000e+00	0.00000e+00	0.00000e+00	0.00000e+00	0.00000e+00	0.00000e+00	0.00000e+00	0.00000e+00	0.00000e+00	0.00000e+00	0.00000e+00	0.00000e+00	0.00000e+00	0.00000e+00	0.00000e+00	0.00000e+00	0.00000e+00	0.00000e+00	0.00000e+00	0.00000e+00	0.00000e+00	0.00000e+00	0.00000e+00	0.00000e+00	0.00000e+00	0.00000e+00	0.00000e+00	0.00000e+00	0.00000e+00	0.00000e+00	0.00000e+00	0.00000e+00	0.00000e+00	0.00000e+00	0.00000e+00	0.00000e+00	0.00000e+00	0.00000e+00	0.00000e+00	0.00000e+00	0.00000e+00	0.00000e+00	0.00000e+00	0.00000e+00	0.00000e+00	0.00000e+00	0.00000e+00	0.00000e+00	0.00000e+00	0.00000e+00	0.00000e+00	0.00000e+00	0.00000e+00	0.00000e+00	0.00000e+00	0.00000e+00	0.00000e+00	0.00000e+00	0.00000e+00	0.00000e+00	0.00000e+00	0.00000e+00	0.00000e+00	0.00000e+00	0.00000e+00	0.00000e+00	0.00000e+00	0.00000e+00	0.00000e+00	0.00000e+00	0.00000e+00	0.00000e+00	0.00000e+00	0.00000e+00	0.00000e+00	0.00000e+00	0.00000e+00	0.00000e+00	0.00000e+00
14.70	0.00000e+00	0.00000e+00	0.00000e+00	0.00000e+00	0.00000e+00	0.00000e+00	0.00000e+00	0.00000e+00	0.00000e+00	0.00000e+00	0.00000e+00	0.00000e+00	0.00000e+00	0.00000e+00	0.00000e+00	0.00000e+00	0.00000e+00	0.00000e+00	0.00000e+00	0.00000e+00	0.00000e+00	0.00000e+00	0.00000e+00	0.00000e+00	0.00000e+00	0.00000e+00	0.00000e+00	0.00000e+00	0.00000e+00	0.00000e+00	0.00000e+00	0.00000e+00	0.00000e+00	0.00000e+00	0.00000e+00	0.00000e+00	0.00000e+00	0.00000e+00	0.00000e+00	0.00000e+00	0.00000e+00	0.00000e+00	0.00000e+00	0.00000e+00	0.00000e+00	0.00000e+00	0.00000e+00	0.00000e+00	0.00000e+00	0.00000e+00	0.00000e+00	0.00000e+00	0.00000e+00	0.00000e+00	0.00000e+00	0.00000e+00	0.00000e+00	0.00000e+00	0.00000e+00	0.00000e+00	0.00000e+00	0.00000e+00	0.00000e+00	0.00000e+00	0.00000e+00	0.00000e+00	0.00000e+00	0.00000e+00	0.00000e+00	0.00000e+00	0.00000e+00	0.00000e+00	0.00000e+00	0.00000e+00	0.00000e+00	0.00000e+00	0.00000e+00	0.00000e+00	0.00000e+00	0.00000e+00	0.00000e+00	0.00000e+00	0.00000e+00	0.00000e+00	0.00000e+00	0.00000e+00	0.00000e+00	0.00000e+00	0.00000e+00	0.00000e+00	0.00000e+00	0.00000e+00	0.00000e+00	0.00000e+00	0.00000e+00	0.00000e+00	0.00000e+00	0.00000e+00	0.00000e+00	0.00000e+00	0.00000e+00	0.00000e+00	0.00000e+00	0.00000e+00	0.00000e+00	0.00000e+00	0.00000e+00	0.00000e+00	0.00000e+00	0.00000e+00	0.00000e+00	0.00000e+00	0.00000e+00	0.00000e+00	0.00000e+00	0.00000e+00	0.00000e+00	0.00000e+00	0.00000e+00	0.00000e+00	0.00000e+00	0.00000e+00	0.00000e+00	0.00000e+00	0.00000e+00	0.00000e+00	0.00000e+00	0.00000e+00	0.00000e+00	0.00000e+00	0.00000e+00	0.00000e+00	0.00000e+00	0.00000e+00	0.00000e+00	0.00000e+00	0.00000e+00	0.00000e+00	0.00000e+00	0.00000e+00	0.00000e+00	0.00000e+00	0.00000e+00	0.00000e+00	0.00000e+00	0.00000e+00	0.00000e+00	0.00000e+00	0.00000e+00	0.00000e+00	0.00000e+00	0.00000e+00	0.00000e+00	0.00000e+00	0.00000e+00	0.00000e+00	0.00000e+00	0.00000e+00	0.00000e+00	0.00000e+00	0.00000e+00	0.00000e+00	0.00000e+00	0.00000e+00	0.00000e+00	0.00000e+00	0.00000e+00	0.00000e+00	0.00000e+00	0.00000e+00	0.00000e+00	0.00000e+00	0.00000e+00	0.00000e+00	0.00000e+00	0.00000e+00	0.00000e+00	0.00000e+00	0.00000e+00	0.00000e+00	0.00000e+00	0.00000e+00	0.00000e+00	0.00000e+00	0.00000e+00
14.74	0.00000e+00	0.00000e+00	0.00000e+00	0.00000e+00	0.00000e+00	0.00000e+00	0.00000e+00	0.00000e+00	0.00000e+00	0.00000e+00	0.00000e+00	0.00000e+00	0.00000e+00	0.00000e+00	0.00000e+00	0.00000e+00	0.00000e+00	0.00000e+00	0.00000e+00	0.00000e+00	0.00000e+00	0.00000e+00	0.00000e+00	0.00000e+00	0.00000e+00	0.00000e+00	0.00000e+00	0.00000e+00	0.00000e+00	0.00000e+00	0.00000e+00	0.00000e+00	0.00000e+00	0.00000e+00	0.00000e+00	0.00000e+00	0.00000e+00	0.00000e+00	0.00000e+00	0.00000e+00	0.00000e+00	0.00000e+00	0.00000e+00	0.00000e+00	0.00000e+00	0.00000e+00	0.00000e+00	0.00000e+00	0.00000e+00	0.00000e+00	0.00000e+00	0.00000e+00	0.00000e+00	0.00000e+00	0.00000e+00	0.00000e+00	0.00000e+00	0.00000e+00	0.00000e+00	0.00000e+00	0.00000e+00	0.00000e+00	0.00000e+00	0.00000e+00	0.00000e+00	0.00000e+00	0.00000e+00	0.00000e+00	0.00000e+00	0.00000e+00	0.00000e+00	0.00000e+00	0.00000e+00	0.00000e+00	0.00000e+00	0.00000e+00	0.00000e+00	0.00000e+00	0.00000e+00	0.00000e+00	0.00000e+00	0.00000e+00	0.00000e+00	0.00000e+00	0.00000e+00	0.00000e+00	0.00000e+00	0.00000e+00	0.00000e+00	0.00000e+00	0.00000e+00	0.00000e+00	0.00000e+00	0.00000e+00	0.00000e+00	0.00000e+00	0.00000e+00	0.00000e+00	0.00000e+00	0.00000e+00	0.00000e+00	0.00000e+00	0.00000e+00	0.00000e+00	0.00000e+00	0.00000e+00	0.00000e+00	0.00000e+00	0.00000e+00	0.00000e+00	0.00000e+00	0.00000e+00	0.00000e+00	0.00000e+00	0.00000e+00	0.00000e+00	0.00000e+00	0.00000e+00	0.00000e+00	0.00000e+00	0.00000e+00	0.00000e+00	0.00000e+00	0.00000e+00	0.00000e+00	0.00000e+00	0.00000e+00	0.00000e+00	0.00000e+00	0.00000e+00	0.00000e+00	0.00000e+00	0.00000e+00	0.00000e+00	0.00000e+00	0.00000e+00	0.00000e+00	0.00000e+00	0.00000e+00	0.00000e+00	0.00000e+00	0.00000e+00	0.00000e+00	0.00000e+00	0.00000e+00	0.00000e+00	0.00000e+00	0.00000e+00	0.00000e+00	0.00000e+00	0.00000e+00	0.00000e+00	0.00000e+00	0.00000e+00	0.00000e+00	0.00000e+00	0.00000e+00	0.00000e+00	0.00000e+00	0.00000e+00	0.00000e+00	0.00000e+00	0.00000e+00	0.00000e+00	0.00000e+00	0.00000e+00	0.00000e+00	0.00000e+00	0.00000e+00	0.00000e+00	0.00000e+00	0.00000e+00	0.00000e+00	0.00000e+00	0.00000e+00	0.00000e+00	0.00000e+00	0.00000e+00	0.00000e+00	0.00000e+00	0.00000e+00	0.00000e+00	0.00000e+00	0.00000e+00	0.00000e+00
14.77	0.00000e+00	0.00000e+00	0.00000e+00	0.00000e+00	0.00000e+00	0.00000e+00	0.00000e+00	0.00000e+00	0.00000e+00	0.00000e+00	0.00000e+00	0.00000e+00	0.00000e+00	0.00000e+00	0.00000e+00	0.00000e+00	0.00000e+00	0.00000e+00	0.00000e+00	0.00000e+00	0.00000e+00	0.00000e+00	0.00000e+00	0.00000e+00	0.00000e+00	0.00000e+00	0.00000e+00	0.00000e+00	0.00000e+00	0.00000e+00	0.00000e+00	0.00000e+00	0.00000e+00	0.00000e+00	0.00000e+00	0.00000e+00	0.00000e+00	0.00000e+00	0.00000e+00	0.00000e+00	0.00000e+00	0.00000e+00	0.00000e+00	0.00000e+00	0.00000e+00	0.00000e+00	0.00000e+00	0.00000e+00	0.00000e+00	0.00000e+00	0.00000e+00	0.00000e+00	0.00000e+00	0.00000e+00	0.00000e+00	0.00000e+00	0.00000e+00	0.00000e+00	0.00000e+00	0.00000e+00	0.00000e+00	0.00000e+00	0.00000e+00	0.00000e+00	0.00000e+00	0.00000e+00	0.00000e+00	0.00000e+00	0.00000e+00	0.00000e+00	0.00000e+00	0.00000e+00	0.00000e+00	0.00000e+00	0.00000e+00	0.00000e+00	0.00000e+00	0.00000e+00	0.00000e+00	0.00000e+00	0.00000e+00	0.00000e+00	0.00000e+00	0.00000e+00	0.00000e+00	0.00000e+00	0.00000e+00	0.00000e+00	0.00000e+00	0.00000e+00	0.00000e+00	0.00000e+00	0.00000e+00	0.00000e+00	0.00000e+00	0.00000e+00	0.00000e+00	0.00000e+00	0.00000e+00	0.00000e+00	0.00000e+00	0.00000e+00	0.00000e+00	0.00000e+00	0.00000e+00	0.00000e+00	0.00000e+00	0.00000e+00	0.00000e+00	0.00000e+00	0.00000e+00	0.00000e+00	0.00000e+00	0.00000e+00	0.00000e+00	0.00000e+00	0.00000e+00	0.00000e+00	0.00000e+00	0.00000e+00	0.00000e+00	0.00000e+00	0.00000e+00	0.00000e+00	0.00000e+00	0.00000e+00	0.00000e+00	0.00000e+00	0.00000e+00	0.00000e+00	0.00000e+00	0.00000e+00	0.00000e+00	0.00000e+00	0.00000e+00	0.00000e+00	0.00000e+00	0.00000e+00	0.00000e+00	0.00000e+00	0.00000e+00	0.00000e+00	0.00000e+00	0.00000e+00	0.00000e+00	0.00000e+00	0.00000e+00	0.00000e+00	0.00000e+00	0.00000e+00	0.00000e+00	0.00000e+00	0.00000e+00	0.00000e+00	0.00000e+00	0.00000e+00	0.00000e+00	0.00000e+00	0.00000e+00	0.00000e+00	0.00000e+00	0.00000e+00	0.00000e+00	0.00000e+00	0.00000e+00	0.00000e+00	0.00000e+00	0.00000e+00	0.00000e+00	0.00000e+00	0.00000e+00	0.00000e+00	0.00000e+00	0.00000e+00	0.00000e+00	0.00000e+00	0.00000e+00	0.00000e+00	0.00000e+00	0.00000e+00	0.00000e+00	0.00000e+00	0.00000e+00	0.00000e+00	0.00000e+00
14.80	0.00000e+00	0.00000e+00	0.00000e+00	0.00000e+00	0.00000e+00	0.00000e+00	0.00000e+00	0.00000e+00	0.00000e+00	0.00000e+00	0.00000e+00	0.00000e+00	0.00000e+00	0.00000e+00	0.00000e+00	0.00000e+00	0.00000e+00	0.00000e+00	0.00000e+00	0.00000e+00	0.00000e+00	0.00000e+00	0.00000e+00	0.00000e+00	0.00000e+00	0.00000e+00	0.00000e+00	0.00000e+00	0.00000e+00	0.00000e+00	0.00000e+00	0.00000e+00	0.00000e+00	0.00000e+00	0.00000e+00	0.00000e+00	0.00000e+00	0.00000e+00	0.00000e+00	0.00000e+00	0.00000e+00	0.00000e+00	0.00000e+00	0.00000e+00	0.00000e+00	0.00000e+00	0.00000e+00	0.00000e+00	0.00000e+00	0.00000e+00	0.00000e+00	0.00000e+00	0.00000e+00	0.00000e+00	0.00000e+00	0.00000e+00	0.00000e+00	0.00000e+00	0.00000e+00	0.00000e+00	0.00000e+00	0.00000e+00	0.00000e+00	0.00000e+00	0.00000e+00	0.00000e+00	0.00000e+00	0.00000e+00	0.00000e+00	0.00000e+00	0.00000e+00	0.00000e+00	0.00000e+00	0.00000e+00	0.00000e+00	0.00000e+00	0.00000e+00	0.00000e+00	0.00000e+00	0.00000e+00	0.00000e+00	0.00000e+00	0.00000e+00	0.00000e+00	0.00000e+00	0.00000e+00	0.00000e+00	0.00000e+00	0.00000e+00	0.00000e+00	0.00000e+00	0.00000e+00	0.00000e+00	0.00000e+00	0.00000e+00	0.00000e+00	0.00000e+00	0.00000e+00	0.00000e+00	0.00000e+00	0.00000e+00	0.00000e+00	0.00000e+00	0.00000e+00	0.00000e+00	0.00000e+00	0.00000e+00	0.00000e+00	0.00000e+00	0.00000e+00	0.00000e+00	0.00000e+00	0.00000e+00	0.00000e+00	0.00000e+00	0.00000e+00	0.00000e+00	0.00000e+00	0.00000e+00	0.00000e+00	0.00000e+00	0.00000e+00	0.00000e+00	0.00000e+00	0.00000e+00	0.00000e+00	0.00000e+00	0.00000e+00	0.00000e+00	0.00000e+00	0.00000e+00	0.00000e+00	0.00000e+00	0.00000e+00	0.00000e+00	0.00000e+00	0.00000e+00	0.00000e+00	0.00000e+00	0.00000e+00	0.00000e+00	0.00000e+00	0.00000e+00	0.00000e+00	0.00000e+00	0.00000e+00	0.00000e+00	0.00000e+00	0.00000e+00	0.00000e+00	0.00000e+00	0.00000e+00	0.00000e+00	0.00000e+00	0.00000e+00	0.00000e+00	0.00000e+00	0.00000e+00	0.00000e+00	0.00000e+00	0.00000e+00	0.00000e+00	0.00000e+00	0.00000e+00	0.00000e+00	0.00000e+00	0.00000e+00	0.00000e+00	0.00000e+00	0.00000e+00	0.00000e+00	0.00000e+00	0.00000e+00	0.00000e+00	0.00000e+00	0.00000e+00	0.00000e+00	0.00000e+00	0.00000e+00	0.00000e+00	0.00000e+00	0.00000e+00	0.00000e+00	0.00000e+00	0.00000e+00
14.84	0.00000e+00	0.00000e+00	0.00000e+00	0.00000e+00	0.00000e+00	0.00000e+00	0.00000e+00	0.00000e+00	0.00000e+00	0.00000e+00	0.00000e+00	0.00000e+00	0.00000e+00	0.00000e+00	0.00000e+00	0.00000e+00	0.00000e+00	0.00000e+00	0.00000e+00	0.00000e+00	0.00000e+00	0.00000e+00	0.00000e+00	0.00000e+00	0.00000e+00	0.00000e+00	0.00000e+00	0.00000e+00	0.00000e+00	0.00000e+00	0.00000e+00	0.00000e+00	0.00000e+00	0.00000e+00	0.00000e+00	0.00000e+00	0.00000e+00	0.00000e+00	0.00000e+00	0.00000e+00	0.00000e+00	0.00000e+00	0.00000e+00	0.00000e+00	0.00000e+00	0.00000e+00	0.00000e+00	0.00000e+00	0.00000e+00	0.00000e+00	0.00000e+00	0.00000e+00	0.00000e+00	0.00000e+00	0.00000e+00	0.00000e+00	0.00000e+00	0.00000e+00	0.00000e+00	0.00000e+00	0.00000e+00	0.00000e+00	0.00000e+00	0.00000e+00	0.00000e+00	0.00000e+00	0.00000e+00	0.00000e+00	0.00000e+00	0.00000e+00	0.00000e+00	0.00000e+00	0.00000e+00	0.00000e+00	0.00000e+00	0.00000e+00	0.00000e+00	0.00000e+00	0.00000e+00	0.00000e+00	0.00000e+00	0.00000e+00	0.00000e+00	0.00000e+00	0.00000e+00	0.00000e+00	0.00000e+00	0.00000e+00	0.00000e+00	0.00000e+00	0.00000e+00	0.00000e+00	0.00000e+00	0.00000e+00	0.00000e+00	0.00000e+00	0.00000e+00	0.00000e+00	0.00000e+00	0.00000e+00	0.00000e+00	0.00000e+00	0.00000e+00	0.00000e+00	0.00000e+00	0.00000e+00	0.00000e+00	0.00000e+00	0.00000e+00	0.00000e+00	0.00000e+00	0.00000e+00	0.00000e+00	0.00000e+00	0.00000e+00	0.00000e+00	0.00000e+00	0.00000e+00	0.00000e+00	0.00000e+00	0.00000e+00	0.00000e+00	0.00000e+00	0.00000e+00	0.00000e+00	0.00000e+00	0.00000e+00	0.00000e+00	0.00000e+00	0.00000e+00	0.00000e+00	0.00000e+00	0.00000e+00	0.00000e+00	0.00000e+00	0.00000e+00	0.00000e+00	0.00000e+00	0.00000e+00	0.00000e+00	0.00000e+00	0.00000e+00	0.00000e+00	0.00000e+00	0.00000e+00	0.00000e+00	0.00000e+00	0.00000e+00	0.00000e+00	0.00000e+00	0.00000e+00	0.00000e+00	0.00000e+00	0.00000e+00	0.00000e+00	0.00000e+00	0.00000e+00	0.00000e+00	0.00000e+00	0.00000e+00	0.00000e+00	0.00000e+00	0.00000e+00	0.00000e+00	0.00000e+00	0.00000e+00	0.00000e+00	0.00000e+00	0.00000e+00	0.00000e+00	0.00000e+00	0.00000e+00	0.00000e+00	0.00000e+00	0.00000e+00	0.00000e+00	0.00000e+00	0.00000e+00	0.00000e+00	0.00000e+00	0.00000e+00	0.00000e+00	0.00000e+00	0.00000e+00	0.00000e+00
14.87	0.00000e+00	0.00000e+00	0.00000e+00	0.00000e+00	0.00000e+00	0.00000e+00	0.00000e+00	0.00000e+00	0.00000e+00	0.00000e+00	0.00000e+00	0.00000e+00	0.00000e+00	0.00000e+00	0.00000e+00	0.00000e+00	0.00000e+00	0.00000e+00	0.00000e+00	0.00000e+00	0.00000e+00	0.00000e+00	0.00000e+00	0.00000e+00	0.00000e+00	0.00000e+00	0.00000e+00	0.00000e+00	0.00000e+00	0.00000e+00	0.00000e+00	0.00000e+00	0.00000e+00	0.00000e+00	0.00000e+00	0.00000e+00	0.00000e+00	0.00000e+00	0.00000e+00	0.00000e+00	0.00000e+00	0.00000e+00	0.00000e+00	0.00000e+00	0.00000e+00	0.00000e+00	0.00000e+00	0.00000e+00	0.00000e+00	0.00000e+00	0.00000e+00	0.00000e+00	0.00000e+00	0.00000e+00	0.00000e+00	0.00000e+00	0.00000e+00	0.00000e+00	0.00000e+00	0.00000e+00	0.00000e+00	0.00000e+00	0.00000e+00	0.00000e+00	0.00000e+00	0.00000e+00	0.00000e+00	0.00000e+00	0.00000e+00	0.00000e+00	0.00000e+00	0.00000e+00	0.00000e+00	0.00000e+00	0.00000e+00	0.00000e+00	0.00000e+00	0.00000e+00	0.00000e+00	0.00000e+00	0.00000e+00	0.00000e+00	0.00000e+00	0.00000e+00	0.00000e+00	0.00000e+00	0.00000e+00	0.00000e+00	0.00000e+00	0.00000e+00	0.00000e+00	0.00000e+00	0.00000e+00	0.00000e+00	0.00000e+00	0.00000e+00	0.00000e+00	0.00000e+00	0.00000e+00	0.00000e+00	0.00000e+00	0.00000e+00	0.00000e+00	0.00000e+00	0.00000e+00	0.00000e+00	0.00000e+00	0.00000e+00	0.00000e+00	0.00000e+00	0.00000e+00	0.00000e+00	0.00000e+00	0.00000e+00	0.00000e+00	0.00000e+00	0.00000e+00	0.00000e+00	0.00000e+00	0.00000e+00	0.00000e+00	0.00000e+00	0.00000e+00	0.00000e+00	0.00000e+00	0.00000e+00	0.00000e+00	0.00000e+00	0.00000e+00	0.00000e+00	0.00000e+00	0.00000e+00	0.00000e+00	0.00000e+00	0.00000e+00	0.00000e+00	0.00000e+00	0.00000e+00	0.00000e+00	0.00000e+00	0.00000e+00	0.00000e+00	0.00000e+00	0.00000e+00	0.00000e+00	0.00000e+00	0.00000e+00	0.00000e+00	0.00000e+00	0.00000e+00	0.00000e+00	0.00000e+00	0.00000e+00	0.00000e+00	0.00000e+00	0.00000e+00	0.00000e+00	0.00000e+00	0.00000e+00	0.00000e+00	0.00000e+00	0.00000e+00	0.00000e+00	0.00000e+00	0.00000e+00	0.00000e+00	0.00000e+00	0.00000e+00	0.00000e+00	0.00000e+00	0.00000e+00	0.00000e+00	0.00000e+00	0.00000e+00	0.00000e+00	0.00000e+00	0.00000e+00	0.00000e+00	0.00000e+00	0.00000e+00	0.00000e+00	0.00000e+00	0.00000e+00	0.00000e+00	0.00000e+00
14.91	0.00000e+00	0.00000e+00	0.00000e+00	0.00000e+00	0.00000e+00	0.00000e+00	0.00000e+00	0.00000e+00	0.00000e+00	0.00000e+00	0.00000e+00	0.00000e+00	0.00000e+00	0.00000e+00	0.00000e+00	0.00000e+00	0.00000e+00	0.00000e+00	0.00000e+00	0.00000e+00	0.00000e+00	0.00000e+00	0.00000e+00	0.00000e+00	0.00000e+00	0.00000e+00	0.00000e+00	0.00000e+00	0.00000e+00	0.00000e+00	0.00000e+00	0.00000e+00	0.00000e+00	0.00000e+00	0.00000e+00	0.00000e+00	0.00000e+00	0.00000e+00	0.00000e+00	0.00000e+00	0.00000e+00	0.00000e+00	0.00000e+00	0.00000e+00	0.00000e+00	0.00000e+00	0.00000e+00	0.00000e+00	0.00000e+00	0.00000e+00	0.00000e+00	0.00000e+00	0.00000e+00	0.00000e+00	0.00000e+00	0.00000e+00	0.00000e+00	0.00000e+00	0.00000e+00	0.00000e+00	0.00000e+00	0.00000e+00	0.00000e+00	0.00000e+00	0.00000e+00	0.00000e+00	0.00000e+00	0.00000e+00	0.00000e+00	0.00000e+00	0.00000e+00	0.00000e+00	0.00000e+00	0.00000e+00	0.00000e+00	0.00000e+00	0.00000e+00	0.00000e+00	0.00000e+00	0.00000e+00	0.00000e+00	0.00000e+00	0.00000e+00	0.00000e+00	0.00000e+00	0.00000e+00	0.00000e+00	0.00000e+00	0.00000e+00	0.00000e+00	0.00000e+00	0.00000e+00	0.00000e+00	0.00000e+00	0.00000e+00	0.00000e+00	0.00000e+00	0.00000e+00	0.00000e+00	0.00000e+00	0.00000e+00	0.00000e+00	0.00000e+00	0.00000e+00	0.00000e+00	0.00000e+00	0.00000e+00	0.00000e+00	0.00000e+00	0.00000e+00	0.00000e+00	0.00000e+00	0.00000e+00	0.00000e+00	0.00000e+00	0.00000e+00	0.00000e+00	0.00000e+00	0.00000e+00	0.00000e+00	0.00000e+00	0.00000e+00	0.00000e+00	0.00000e+00	0.00000e+00	0.00000e+00	0.00000e+00	0.00000e+00	0.00000e+00	0.00000e+00	0.00000e+00	0.00000e+00	0.00000e+00	0.00000e+00	0.00000e+00	0.00000e+00	0.00000e+00	0.00000e+00	0.00000e+00	0.00000e+00	0.00000e+00	0.00000e+00	0.00000e+00	0.00000e+00	0.00000e+00	0.00000e+00	0.00000e+00	0.00000e+00	0.00000e+00	0.00000e+00	0.00000e+00	0.00000e+00	0.00000e+00	0.00000e+00	0.00000e+00	0.00000e+00	0.00000e+00	0.00000e+00	0.00000e+00	0.00000e+00	0.00000e+00	0.00000e+00	0.00000e+00	0.00000e+00	0.00000e+00	0.00000e+00	0.00000e+00	0.00000e+00	0.00000e+00	0.00000e+00	0.00000e+00	0.00000e+00	0.00000e+00	0.00000e+00	0.00000e+00	0.00000e+00	0.00000e+00	0.00000e+00	0.00000e+00	0.00000e+00	0.00000e+00	0.00000e+00	0.00000e+00	0.00000e+00	0.00000e+00
14.94	0.00000e+00	0.00000e+00	0.00000e+00	0.00000e+00	0.00000e+00	0.00000e+00	0.00000e+00	0.00000e+00	0.00000e+00	0.00000e+00	0.00000e+00	0.00000e+00	0.00000e+00	0.00000e+00	0.00000e+00	0.00000e+00	0.00000e+00	0.00000e+00	0.00000e+00	0.00000e+00	0.00000e+00	0.00000e+00	0.00000e+00	0.00000e+00	0.00000e+00	0.00000e+00	0.00000e+00	0.00000e+00	0.00000e+00	0.00000e+00	0.00000e+00	0.00000e+00	0.00000e+00	0.00000e+00	0.00000e+00	0.00000e+00	0.00000e+00	0.00000e+00	0.00000e+00	0.00000e+00	0.00000e+00	0.00000e+00	0.00000e+00	0.00000e+00	0.00000e+00	0.00000e+00	0.00000e+00	0.00000e+00	0.00000e+00	0.00000e+00	0.00000e+00	0.00000e+00	0.00000e+00	0.00000e+00	0.00000e+00	0.00000e+00	0.00000e+00	0.00000e+00	0.00000e+00	0.00000e+00	0.00000e+00	0.00000e+00	0.00000e+00	0.00000e+00	0.00000e+00	0.00000e+00	0.00000e+00	0.00000e+00	0.00000e+00	0.00000e+00	0.00000e+00	0.00000e+00	0.00000e+00	0.00000e+00	0.00000e+00	0.00000e+00	0.00000e+00	0.00000e+00	0.00000e+00	0.00000e+00	0.00000e+00	0.00000e+00	0.00000e+00	0.00000e+00	0.00000e+00	0.00000e+00	0.00000e+00	0.00000e+00	0.00000e+00	0.00000e+00	0.00000e+00	0.00000e+00	0.00000e+00	0.00000e+00	0.00000e+00	0.00000e+00	0.00000e+00	0.00000e+00	0.00000e+00	0.00000e+00	0.00000e+00	0.00000e+00	0.00000e+00	0.00000e+00	0.00000e+00	0.00000e+00	0.00000e+00	0.00000e+00	0.00000e+00	0.00000e+00	0.00000e+00	0.00000e+00	0.00000e+00	0.00000e+00	0.00000e+00	0.00000e+00	0.00000e+00	0.00000e+00	0.00000e+00	0.00000e+00	0.00000e+00	0.00000e+00	0.00000e+00	0.00000e+00	0.00000e+00	0.00000e+00	0.00000e+00	0.00000e+00	0.00000e+00	0.00000e+00	0.00000e+00	0.00000e+00	0.00000e+00	0.00000e+00	0.00000e+00	0.00000e+00	0.00000e+00	0.00000e+00	0.00000e+00	0.00000e+00	0.00000e+00	0.00000e+00	0.00000e+00	0.00000e+00	0.00000e+00	0.00000e+00	0.00000e+00	0.00000e+00	0.00000e+00	0.00000e+00	0.00000e+00	0.00000e+00	0.00000e+00	0.00000e+00	0.00000e+00	0.00000e+00	0.00000e+00	0.00000e+00	0.00000e+00	0.00000e+00	0.00000e+00	0.00000e+00	0.00000e+00	0.00000e+00	0.00000e+00	0.00000e+00	0.00000e+00	0.00000e+00	0.00000e+00	0.00000e+00	0.00000e+00	0.00000e+00	0.00000e+00	0.00000e+00	0.00000e+00	0.00000e+00	0.00000e+00	0.00000e+00	0.00000e+00	0.00000e+00	0.00000e+00	0.00000e+00	0.00000e+00	0.00000e+00	0.00000e+00
14.97	0.00000e+00	0.00000e+00	0.00000e+00	0.00000e+00	0.00000e+00	0.00000e+00	0.00000e+00	0.00000e+00	0.00000e+00	0.00000e+00	0.00000e+00	0.00000e+00	0.00000e+00	0.00000e+00	0.00000e+00	0.00000e+00	0.00000e+00	0.00000e+00	0.00000e+00	0.00000e+00	0.00000e+00	0.00000e+00	0.00000e+00	0.00000e+00	0.00000e+00	0.00000e+00	0.00000e+00	0.00000e+00	0.00000e+00	0.00000e+00	0.00000e+00	0.00000e+00	0.00000e+00	0.00000e+00	0.00000e+00	0.00000e+00	0.00000e+00	0.00000e+00	0.00000e+00	0.00000e+00	0.00000e+00	0.00000e+00	0.00000e+00	0.00000e+00	0.00000e+00	0.00000e+00	0.00000e+00	0.00000e+00	0.00000e+00	0.00000e+00	0.00000e+00	0.00000e+00	0.00000e+00	0.00000e+00	0.00000e+00	0.00000e+00	0.00000e+00	0.00000e+00	0.00000e+00	0.00000e+00	0.00000e+00	0.00000e+00	0.00000e+00	0.00000e+00	0.00000e+00	0.00000e+00	0.00000e+00	0.00000e+00	0.00000e+00	0.00000e+00	0.00000e+00	0.00000e+00	0.00000e+00	0.00000e+00	0.00000e+00	0.00000e+00	0.00000e+00	0.00000e+00	0.00000e+00	0.00000e+00	0.00000e+00	0.00000e+00	0.00000e+00	0.00000e+00	0.00000e+00	0.00000e+00	0.00000e+00	0.00000e+00	0.00000e+00	0.00000e+00	0.00000e+00	0.00000e+00	0.00000e+00	0.00000e+00	0.00000e+00	0.00000e+00	0.00000e+00	0.00000e+00	0.00000e+00	0.00000e+00	0.00000e+00	0.00000e+00	0.00000e+00	0.00000e+00	0.00000e+00	0.00000e+00	0.00000e+00	0.00000e+00	0.00000e+00	0.00000e+00	0.00000e+00	0.00000e+00	0.00000e+00	0.00000e+00	0.00000e+00	0.00000e+00	0.00000e+00	0.00000e+00	0.00000e+00	0.00000e+00	0.00000e+00	0.00000e+00	0.00000e+00	0.00000e+00	0.00000e+00	0.00000e+00	0.00000e+00	0.00000e+00	0.00000e+00	0.00000e+00	0.00000e+00	0.00000e+00	0.00000e+00	0.00000e+00	0.00000e+00	0.00000e+00	0.00000e+00	0.00000e+00	0.00000e+00	0.00000e+00	0.00000e+00	0.00000e+00	0.00000e+00	0.00000e+00	0.00000e+00	0.00000e+00	0.00000e+00	0.00000e+00	0.00000e+00	0.00000e+00	0.00000e+00	0.00000e+00	0.00000e+00	0.00000e+00	0.00000e+00	0.00000e+00	0.00000e+00	0.00000e+00	0.00000e+00	0.00000e+00	0.00000e+00	0.00000e+00	0.00000e+00	0.00000e+00	0.00000e+00	0.00000e+00	0.00000e+00	0.00000e+00	0.00000e+00	0.00000e+00	0.00000e+00	0.00000e+00	0.00000e+00	0.00000e+00	0.00000e+00	0.00000e+00	0.00000e+00	0.00000e+00	0.00000e+00	0.00000e+00	0.00000e+00	0.00000e+00	0.00000e+00	0.00000e+00	0.00000e+00
15.01	0.00000e+00	0.00000e+00	0.00000e+00	0.00000e+00	0.00000e+00	0.00000e+00	0.00000e+00	0.00000e+00	0.00000e+00	0.00000e+00	0.00000e+00	0.00000e+00	0.00000e+00	0.00000e+00	0.00000e+00	0.00000e+00	0.00000e+00	0.00000e+00	0.00000e+00	0.00000e+00	0.00000e+00	0.00000e+00	0.00000e+00	0.00000e+00	0.00000e+00	0.00000e+00	0.00000e+00	0.00000e+00	0.00000e+00	0.00000e+00	0.00000e+00	0.00000e+00	0.00000e+00	0.00000e+00	0.00000e+00	0.00000e+00	0.00000e+00	0.00000e+00	0.00000e+00	0.00000e+00	0.00000e+00	0.00000e+00	0.00000e+00	0.00000e+00	0.00000e+00	0.00000e+00	0.00000e+00	0.00000e+00	0.00000e+00	0.00000e+00	0.00000e+00	0.00000e+00	0.00000e+00	0.00000e+00	0.00000e+00	0.00000e+00	0.00000e+00	0.00000e+00	0.00000e+00	0.00000e+00	0.00000e+00	0.00000e+00	0.00000e+00	0.00000e+00	0.00000e+00	0.00000e+00	0.00000e+00	0.00000e+00	0.00000e+00	0.00000e+00	0.00000e+00	0.00000e+00	0.00000e+00	0.00000e+00	0.00000e+00	0.00000e+00	0.00000e+00	0.00000e+00	0.00000e+00	0.00000e+00	0.00000e+00	0.00000e+00	0.00000e+00	0.00000e+00	0.00000e+00	0.00000e+00	0.00000e+00	0.00000e+00	0.00000e+00	0.00000e+00	0.00000e+00	0.00000e+00	0.00000e+00	0.00000e+00	0.00000e+00	0.00000e+00	0.00000e+00	0.00000e+00	0.00000e+00	0.00000e+00	0.00000e+00	0.00000e+00	0.00000e+00	0.00000e+00	0.00000e+00	0.00000e+00	0.00000e+00	0.00000e+00	0.00000e+00	0.00000e+00	0.00000e+00	0.00000e+00	0.00000e+00	0.00000e+00	0.00000e+00	0.00000e+00	0.00000e+00	0.00000e+00	0.00000e+00	0.00000e+00	0.00000e+00	0.00000e+00	0.00000e+00	0.00000e+00	0.00000e+00	0.00000e+00	0.00000e+00	0.00000e+00	0.00000e+00	0.00000e+00	0.00000e+00	0.00000e+00	0.00000e+00	0.00000e+00	0.00000e+00	0.00000e+00	0.00000e+00	0.00000e+00	0.00000e+00	0.00000e+00	0.00000e+00	0.00000e+00	0.00000e+00	0.00000e+00	0.00000e+00	0.00000e+00	0.00000e+00	0.00000e+00	0.00000e+00	0.00000e+00	0.00000e+00	0.00000e+00	0.00000e+00	0.00000e+00	0.00000e+00	0.00000e+00	0.00000e+00	0.00000e+00	0.00000e+00	0.00000e+00	0.00000e+00	0.00000e+00	0.00000e+00	0.00000e+00	0.00000e+00	0.00000e+00	0.00000e+00	0.00000e+00	0.00000e+00	0.00000e+00	0.00000e+00	0.00000e+00	0.00000e+00	0.00000e+00	0.00000e+00	0.00000e+00	0.00000e+00	0.00000e+00	0.00000e+00	0.00000e+00	0.00000e+00	0.00000e+00	0.00000e+00	0.00000e+00	0.00000e+00
15.04	0.00000e+00	0.00000e+00	0.00000e+00	0.00000e+00	0.00000e+00	0.00000e+00	0.00000e+00	0.00000e+00	0.00000e+00	0.00000e+00	0.00000e+00	0.00000e+00	0.00000e+00	0.00000e+00	0.00000e+00	0.00000e+00	0.00000e+00	0.00000e+00	0.00000e+00	0.00000e+00	0.00000e+00	0.00000e+00	0.00000e+00	0.00000e+00	0.00000e+00	0.00000e+00	0.00000e+00	0.00000e+00	0.00000e+00	0.00000e+00	0.00000e+00	0.00000e+00	0.00000e+00	0.00000e+00	0.00000e+00	0.00000e+00	0.00000e+00	0.00000e+00	0.00000e+00	0.00000e+00	0.00000e+00	0.00000e+00	0.00000e+00	0.00000e+00	0.00000e+00	0.00000e+00	0.00000e+00	0.00000e+00	0.00000e+00	0.00000e+00	0.00000e+00	0.00000e+00	0.00000e+00	0.00000e+00	0.00000e+00	0.00000e+00	0.00000e+00	0.00000e+00	0.00000e+00	0.00000e+00	0.00000e+00	0.00000e+00	0.00000e+00	0.00000e+00	0.00000e+00	0.00000e+00	0.00000e+00	0.00000e+00	0.00000e+00	0.00000e+00	0.00000e+00	0.00000e+00	0.00000e+00	0.00000e+00	0.00000e+00	0.00000e+00	0.00000e+00	0.00000e+00	0.00000e+00	0.00000e+00	0.00000e+00	0.00000e+00	0.00000e+00	0.00000e+00	0.00000e+00	0.00000e+00	0.00000e+00	0.00000e+00	0.00000e+00	0.00000e+00	0.00000e+00	0.00000e+00	0.00000e+00	0.00000e+00	0.00000e+00	0.00000e+00	0.00000e+00	0.00000e+00	0.00000e+00	0.00000e+00	0.00000e+00	0.00000e+00	0.00000e+00	0.00000e+00	0.00000e+00	0.00000e+00	0.00000e+00	0.00000e+00	0.00000e+00	0.00000e+00	0.00000e+00	0.00000e+00	0.00000e+00	0.00000e+00	0.00000e+00	0.00000e+00	0.00000e+00	0.00000e+00	0.00000e+00	0.00000e+00	0.00000e+00	0.00000e+00	0.00000e+00	0.00000e+00	0.00000e+00	0.00000e+00	0.00000e+00	0.00000e+00	0.00000e+00	0.00000e+00	0.00000e+00	0.00000e+00	0.00000e+00	0.00000e+00	0.00000e+00	0.00000e+00	0.00000e+00	0.00000e+00	0.00000e+00	0.00000e+00	0.00000e+00	0.00000e+00	0.00000e+00	0.00000e+00	0.00000e+00	0.00000e+00	0.00000e+00	0.00000e+00	0.00000e+00	0.00000e+00	0.00000e+00	0.00000e+00	0.00000e+00	0.00000e+00	0.00000e+00	0.00000e+00	0.00000e+00	0.00000e+00	0.00000e+00	0.00000e+00	0.00000e+00	0.00000e+00	0.00000e+00	0.00000e+00	0.00000e+00	0.00000e+00	0.00000e+00	0.00000e+00	0.00000e+00	0.00000e+00	0.00000e+00	0.00000e+00	0.00000e+00	0.00000e+00	0.00000e+00	0.00000e+00	0.00000e+00	0.00000e+00	0.00000e+00	0.00000e+00	0.00000e+00	0.00000e+00	0.00000e+00	0.00000e+00	0.00000e+00
15.08	0.00000e+00	0.00000e+00	0.00000e+00	0.00000e+00	0.00000e+00	0.00000e+00	0.00000e+00	0.00000e+00	0.00000e+00	0.00000e+00	0.00000e+00	0.00000e+00	0.00000e+00	0.00000e+00	0.00000e+00	0.00000e+00	0.00000e+00	0.00000e+00	0.00000e+00	0.00000e+00	0.00000e+00	0.00000e+00	0.00000e+00	0.00000e+00	0.00000e+00	0.00000e+00	0.00000e+00	0.00000e+00	0.00000e+00	0.00000e+00	0.00000e+00	0.00000e+00	0.00000e+00	0.00000e+00	0.00000e+00	0.00000e+00	0.00000e+00	0.00000e+00	0.00000e+00	0.00000e+00	0.00000e+00	0.00000e+00	0.00000e+00	0.00000e+00	0.00000e+00	0.00000e+00	0.00000e+00	0.00000e+00	0.00000e+00	0.00000e+00	0.00000e+00	0.00000e+00	0.00000e+00	0.00000e+00	0.00000e+00	0.00000e+00	0.00000e+00	0.00000e+00	0.00000e+00	0.00000e+00	0.00000e+00	0.00000e+00	0.00000e+00	0.00000e+00	0.00000e+00	0.00000e+00	0.00000e+00	0.00000e+00	0.00000e+00	0.00000e+00	0.00000e+00	0.00000e+00	0.00000e+00	0.00000e+00	0.00000e+00	0.00000e+00	0.00000e+00	0.00000e+00	0.00000e+00	0.00000e+00	0.00000e+00	0.00000e+00	0.00000e+00	0.00000e+00	0.00000e+00	0.00000e+00	0.00000e+00	0.00000e+00	0.00000e+00	0.00000e+00	0.00000e+00	0.00000e+00	0.00000e+00	0.00000e+00	0.00000e+00	0.00000e+00	0.00000e+00	0.00000e+00	0.00000e+00	0.00000e+00	0.00000e+00	0.00000e+00	0.00000e+00	0.00000e+00	0.00000e+00	0.00000e+00	0.00000e+00	0.00000e+00	0.00000e+00	0.00000e+00	0.00000e+00	0.00000e+00	0.00000e+00	0.00000e+00	0.00000e+00	0.00000e+00	0.00000e+00	0.00000e+00	0.00000e+00	0.00000e+00	0.00000e+00	0.00000e+00	0.00000e+00	0.00000e+00	0.00000e+00	0.00000e+00	0.00000e+00	0.00000e+00	0.00000e+00	0.00000e+00	0.00000e+00	0.00000e+00	0.00000e+00	0.00000e+00	0.00000e+00	0.00000e+00	0.00000e+00	0.00000e+00	0.00000e+00	0.00000e+00	0.00000e+00	0.00000e+00	0.00000e+00	0.00000e+00	0.00000e+00	0.00000e+00	0.00000e+00	0.00000e+00	0.00000e+00	0.00000e+00	0.00000e+00	0.00000e+00	0.00000e+00	0.00000e+00	0.00000e+00	0.00000e+00	0.00000e+00	0.00000e+00	0.00000e+00	0.00000e+00	0.00000e+00	0.00000e+00	0.00000e+00	0.00000e+00	0.00000e+00	0.00000e+00	0.00000e+00	0.00000e+00	0.00000e+00	0.00000e+00	0.00000e+00	0.00000e+00	0.00000e+00	0.00000e+00	0.00000e+00	0.00000e+00	0.00000e+00	0.00000e+00	0.00000e+00	0.00000e+00	0.00000e+00	0.00000e+00	0.00000e+00	0.00000e+00	0.00000e+00
15.11	0.00000e+00	0.00000e+00	0.00000e+00	0.00000e+00	0.00000e+00	0.00000e+00	0.00000e+00	0.00000e+00	0.00000e+00	0.00000e+00	0.00000e+00	0.00000e+00	0.00000e+00	0.00000e+00	0.00000e+00	0.00000e+00	0.00000e+00	0.00000e+00	0.00000e+00	0.00000e+00	0.00000e+00	0.00000e+00	0.00000e+00	0.00000e+00	0.00000e+00	0.00000e+00	0.00000e+00	0.00000e+00	0.00000e+00	0.00000e+00	0.00000e+00	0.00000e+00	0.00000e+00	0.00000e+00	0.00000e+00	0.00000e+00	0.00000e+00	0.00000e+00	0.00000e+00	0.00000e+00	0.00000e+00	0.00000e+00	0.00000e+00	0.00000e+00	0.00000e+00	0.00000e+00	0.00000e+00	0.00000e+00	0.00000e+00	0.00000e+00	0.00000e+00	0.00000e+00	0.00000e+00	0.00000e+00	0.00000e+00	0.00000e+00	0.00000e+00	0.00000e+00	0.00000e+00	0.00000e+00	0.00000e+00	0.00000e+00	0.00000e+00	0.00000e+00	0.00000e+00	0.00000e+00	0.00000e+00	0.00000e+00	0.00000e+00	0.00000e+00	0.00000e+00	0.00000e+00	0.00000e+00	0.00000e+00	0.00000e+00	0.00000e+00	0.00000e+00	0.00000e+00	0.00000e+00	0.00000e+00	0.00000e+00	0.00000e+00	0.00000e+00	0.00000e+00	0.00000e+00	0.00000e+00	0.00000e+00	0.00000e+00	0.00000e+00	0.00000e+00	0.00000e+00	0.00000e+00	0.00000e+00	0.00000e+00	0.00000e+00	0.00000e+00	0.00000e+00	0.00000e+00	0.00000e+00	0.00000e+00	0.00000e+00	0.00000e+00	0.00000e+00	0.00000e+00	0.00000e+00	0.00000e+00	0.00000e+00	0.00000e+00	0.00000e+00	0.00000e+00	0.00000e+00	0.00000e+00	0.00000e+00	0.00000e+00	0.00000e+00	0.00000e+00	0.00000e+00	0.00000e+00	0.00000e+00	0.00000e+00	0.00000e+00	0.00000e+00	0.00000e+00	0.00000e+00	0.00000e+00	0.00000e+00	0.00000e+00	0.00000e+00	0.00000e+00	0.00000e+00	0.00000e+00	0.00000e+00	0.00000e+00	0.00000e+00	0.00000e+00	0.00000e+00	0.00000e+00	0.00000e+00	0.00000e+00	0.00000e+00	0.00000e+00	0.00000e+00	0.00000e+00	0.00000e+00	0.00000e+00	0.00000e+00	0.00000e+00	0.00000e+00	0.00000e+00	0.00000e+00	0.00000e+00	0.00000e+00	0.00000e+00	0.00000e+00	0.00000e+00	0.00000e+00	0.00000e+00	0.00000e+00	0.00000e+00	0.00000e+00	0.00000e+00	0.00000e+00	0.00000e+00	0.00000e+00	0.00000e+00	0.00000e+00	0.00000e+00	0.00000e+00	0.00000e+00	0.00000e+00	0.00000e+00	0.00000e+00	0.00000e+00	0.00000e+00	0.00000e+00	0.00000e+00	0.00000e+00	0.00000e+00	0.00000e+00	0.00000e+00	0.00000e+00	0.00000e+00	0.00000e+00	0.00000e+00	0.00000e+00
15.14	0.00000e+00	0.00000e+00	0.00000e+00	0.00000e+00	0.00000e+00	0.00000e+00	0.00000e+00	0.00000e+00	0.00000e+00	0.00000e+00	0.00000e+00	0.00000e+00	0.00000e+00	0.00000e+00	0.00000e+00	0.00000e+00	0.00000e+00	0.00000e+00	0.00000e+00	0.00000e+00	0.00000e+00	0.00000e+00	0.00000e+00	0.00000e+00	0.00000e+00	0.00000e+00	0.00000e+00	0.00000e+00	0.00000e+00	0.00000e+00	0.00000e+00	0.00000e+00	0.00000e+00	0.00000e+00	0.00000e+00	0.00000e+00	0.00000e+00	0.00000e+00	0.00000e+00	0.00000e+00	0.00000e+00	0.00000e+00	0.00000e+00	0.00000e+00	0.00000e+00	0.00000e+00	0.00000e+00	0.00000e+00	0.00000e+00	0.00000e+00	0.00000e+00	0.00000e+00	0.00000e+00	0.00000e+00	0.00000e+00	0.00000e+00	0.00000e+00	0.00000e+00	0.00000e+00	0.00000e+00	0.00000e+00	0.00000e+00	0.00000e+00	0.00000e+00	0.00000e+00	0.00000e+00	0.00000e+00	0.00000e+00	0.00000e+00	0.00000e+00	0.00000e+00	0.00000e+00	0.00000e+00	0.00000e+00	0.00000e+00	0.00000e+00	0.00000e+00	0.00000e+00	0.00000e+00	0.00000e+00	0.00000e+00	0.00000e+00	0.00000e+00	0.00000e+00	0.00000e+00	0.00000e+00	0.00000e+00	0.00000e+00	0.00000e+00	0.00000e+00	0.00000e+00	0.00000e+00	0.00000e+00	0.00000e+00	0.00000e+00	0.00000e+00	0.00000e+00	0.00000e+00	0.00000e+00	0.00000e+00	0.00000e+00	0.00000e+00	0.00000e+00	0.00000e+00	0.00000e+00	0.00000e+00	0.00000e+00	0.00000e+00	0.00000e+00	0.00000e+00	0.00000e+00	0.00000e+00	0.00000e+00	0.00000e+00	0.00000e+00	0.00000e+00	0.00000e+00	0.00000e+00	0.00000e+00	0.00000e+00	0.00000e+00	0.00000e+00	0.00000e+00	0.00000e+00	0.00000e+00	0.00000e+00	0.00000e+00	0.00000e+00	0.00000e+00	0.00000e+00	0.00000e+00	0.00000e+00	0.00000e+00	0.00000e+00	0.00000e+00	0.00000e+00	0.00000e+00	0.00000e+00	0.00000e+00	0.00000e+00	0.00000e+00	0.00000e+00	0.00000e+00	0.00000e+00	0.00000e+00	0.00000e+00	0.00000e+00	0.00000e+00	0.00000e+00	0.00000e+00	0.00000e+00	0.00000e+00	0.00000e+00	0.00000e+00	0.00000e+00	0.00000e+00	0.00000e+00	0.00000e+00	0.00000e+00	0.00000e+00	0.00000e+00	0.00000e+00	0.00000e+00	0.00000e+00	0.00000e+00	0.00000e+00	0.00000e+00	0.00000e+00	0.00000e+00	0.00000e+00	0.00000e+00	0.00000e+00	0.00000e+00	0.00000e+00	0.00000e+00	0.00000e+00	0.00000e+00	0.00000e+00	0.00000e+00	0.00000e+00	0.00000e+00	0.00000e+00	0.00000e+00	0.00000e+00	0.00000e+00
15.18	0.00000e+00	0.00000e+00	0.00000e+00	0.00000e+00	0.00000e+00	0.00000e+00	0.00000e+00	0.00000e+00	0.00000e+00	0.00000e+00	0.00000e+00	0.00000e+00	0.00000e+00	0.00000e+00	0.00000e+00	0.00000e+00	0.00000e+00	0.00000e+00	0.00000e+00	0.00000e+00	0.00000e+00	0.00000e+00	0.00000e+00	0.00000e+00	0.00000e+00	0.00000e+00	0.00000e+00	0.00000e+00	0.00000e+00	0.00000e+00	0.00000e+00	0.00000e+00	0.00000e+00	0.00000e+00	0.00000e+00	0.00000e+00	0.00000e+00	0.00000e+00	0.00000e+00	0.00000e+00	0.00000e+00	0.00000e+00	0.00000e+00	0.00000e+00	0.00000e+00	0.00000e+00	0.00000e+00	0.00000e+00	0.00000e+00	0.00000e+00	0.00000e+00	0.00000e+00	0.00000e+00	0.00000e+00	0.00000e+00	0.00000e+00	0.00000e+00	0.00000e+00	0.00000e+00	0.00000e+00	0.00000e+00	0.00000e+00	0.00000e+00	0.00000e+00	0.00000e+00	0.00000e+00	0.00000e+00	0.00000e+00	0.00000e+00	0.00000e+00	0.00000e+00	0.00000e+00	0.00000e+00	0.00000e+00	0.00000e+00	0.00000e+00	0.00000e+00	0.00000e+00	0.00000e+00	0.00000e+00	0.00000e+00	0.00000e+00	0.00000e+00	0.00000e+00	0.00000e+00	0.00000e+00	0.00000e+00	0.00000e+00	0.00000e+00	0.00000e+00	0.00000e+00	0.00000e+00	0.00000e+00	0.00000e+00	0.00000e+00	0.00000e+00	0.00000e+00	0.00000e+00	0.00000e+00	0.00000e+00	0.00000e+00	0.00000e+00	0.00000e+00	0.00000e+00	0.00000e+00	0.00000e+00	0.00000e+00	0.00000e+00	0.00000e+00	0.00000e+00	0.00000e+00	0.00000e+00	0.00000e+00	0.00000e+00	0.00000e+00	0.00000e+00	0.00000e+00	0.00000e+00	0.00000e+00	0.00000e+00	0.00000e+00	0.00000e+00	0.00000e+00	0.00000e+00	0.00000e+00	0.00000e+00	0.00000e+00	0.00000e+00	0.00000e+00	0.00000e+00	0.00000e+00	0.00000e+00	0.00000e+00	0.00000e+00	0.00000e+00	0.00000e+00	0.00000e+00	0.00000e+00	0.00000e+00	0.00000e+00	0.00000e+00	0.00000e+00	0.00000e+00	0.00000e+00	0.00000e+00	0.00000e+00	0.00000e+00	0.00000e+00	0.00000e+00	0.00000e+00	0.00000e+00	0.00000e+00	0.00000e+00	0.00000e+00	0.00000e+00	0.00000e+00	0.00000e+00	0.00000e+00	0.00000e+00	0.00000e+00	0.00000e+00	0.00000e+00	0.00000e+00	0.00000e+00	0.00000e+00	0.00000e+00	0.00000e+00	0.00000e+00	0.00000e+00	0.00000e+00	0.00000e+00	0.00000e+00	0.00000e+00	0.00000e+00	0.00000e+00	0.00000e+00	0.00000e+00	0.00000e+00	0.00000e+00	0.00000e+00	0.00000e+00	0.00000e+00	0.00000e+00	0.00000e+00	0.00000e+00
15.21	0.00000e+00	0.00000e+00	0.00000e+00	0.00000e+00	0.00000e+00	0.00000e+00	0.00000e+00	0.00000e+00	0.00000e+00	0.00000e+00	0.00000e+00	0.00000e+00	0.00000e+00	0.00000e+00	0.00000e+00	0.00000e+00	0.00000e+00	0.00000e+00	0.00000e+00	0.00000e+00	0.00000e+00	0.00000e+00	0.00000e+00	0.00000e+00	0.00000e+00	0.00000e+00	0.00000e+00	0.00000e+00	0.00000e+00	0.00000e+00	0.00000e+00	0.00000e+00	0.00000e+00	0.00000e+00	0.00000e+00	0.00000e+00	0.00000e+00	0.00000e+00	0.00000e+00	0.00000e+00	0.00000e+00	0.00000e+00	0.00000e+00	0.00000e+00	0.00000e+00	0.00000e+00	0.00000e+00	0.00000e+00	0.00000e+00	0.00000e+00	0.00000e+00	0.00000e+00	0.00000e+00	0.00000e+00	0.00000e+00	0.00000e+00	0.00000e+00	0.00000e+00	0.00000e+00	0.00000e+00	0.00000e+00	0.00000e+00	0.00000e+00	0.00000e+00	0.00000e+00	0.00000e+00	0.00000e+00	0.00000e+00	0.00000e+00	0.00000e+00	0.00000e+00	0.00000e+00	0.00000e+00	0.00000e+00	0.00000e+00	0.00000e+00	0.00000e+00	0.00000e+00	0.00000e+00	0.00000e+00	0.00000e+00	0.00000e+00	0.00000e+00	0.00000e+00	0.00000e+00	0.00000e+00	0.00000e+00	0.00000e+00	0.00000e+00	0.00000e+00	0.00000e+00	0.00000e+00	0.00000e+00	0.00000e+00	0.00000e+00	0.00000e+00	0.00000e+00	0.00000e+00	0.00000e+00	0.00000e+00	0.00000e+00	0.00000e+00	0.00000e+00	0.00000e+00	0.00000e+00	0.00000e+00	0.00000e+00	0.00000e+00	0.00000e+00	0.00000e+00	0.00000e+00	0.00000e+00	0.00000e+00	0.00000e+00	0.00000e+00	0.00000e+00	0.00000e+00	0.00000e+00	0.00000e+00	0.00000e+00	0.00000e+00	0.00000e+00	0.00000e+00	0.00000e+00	0.00000e+00	0.00000e+00	0.00000e+00	0.00000e+00	0.00000e+00	0.00000e+00	0.00000e+00	0.00000e+00	0.00000e+00	0.00000e+00	0.00000e+00	0.00000e+00	0.00000e+00	0.00000e+00	0.00000e+00	0.00000e+00	0.00000e+00	0.00000e+00	0.00000e+00	0.00000e+00	0.00000e+00	0.00000e+00	0.00000e+00	0.00000e+00	0.00000e+00	0.00000e+00	0.00000e+00	0.00000e+00	0.00000e+00	0.00000e+00	0.00000e+00	0.00000e+00	0.00000e+00	0.00000e+00	0.00000e+00	0.00000e+00	0.00000e+00	0.00000e+00	0.00000e+00	0.00000e+00	0.00000e+00	0.00000e+00	0.00000e+00	0.00000e+00	0.00000e+00	0.00000e+00	0.00000e+00	0.00000e+00	0.00000e+00	0.00000e+00	0.00000e+00	0.00000e+00	0.00000e+00	0.00000e+00	0.00000e+00	0.00000e+00	0.00000e+00	0.00000e+00	0.00000e+00	0.00000e+00	0.00000e+00
15.25	0.00000e+00	0.00000e+00	0.00000e+00	0.00000e+00	0.00000e+00	0.00000e+00	0.00000e+00	0.00000e+00	0.00000e+00	0.00000e+00	0.00000e+00	0.00000e+00	0.00000e+00	0.00000e+00	0.00000e+00	0.00000e+00	0.00000e+00	0.00000e+00	0.00000e+00	0.00000e+00	0.00000e+00	0.00000e+00	0.00000e+00	0.00000e+00	0.00000e+00	0.00000e+00	0.00000e+00	0.00000e+00	0.00000e+00	0.00000e+00	0.00000e+00	0.00000e+00	0.00000e+00	0.00000e+00	0.00000e+00	0.00000e+00	0.00000e+00	0.00000e+00	0.00000e+00	0.00000e+00	0.00000e+00	0.00000e+00	0.00000e+00	0.00000e+00	0.00000e+00	0.00000e+00	0.00000e+00	0.00000e+00	0.00000e+00	0.00000e+00	0.00000e+00	0.00000e+00	0.00000e+00	0.00000e+00	0.00000e+00	0.00000e+00	0.00000e+00	0.00000e+00	0.00000e+00	0.00000e+00	0.00000e+00	0.00000e+00	0.00000e+00	0.00000e+00	0.00000e+00	0.00000e+00	0.00000e+00	0.00000e+00	0.00000e+00	0.00000e+00	0.00000e+00	0.00000e+00	0.00000e+00	0.00000e+00	0.00000e+00	0.00000e+00	0.00000e+00	0.00000e+00	0.00000e+00	0.00000e+00	0.00000e+00	0.00000e+00	0.00000e+00	0.00000e+00	0.00000e+00	0.00000e+00	0.00000e+00	0.00000e+00	0.00000e+00	0.00000e+00	0.00000e+00	0.00000e+00	0.00000e+00	0.00000e+00	0.00000e+00	0.00000e+00	0.00000e+00	0.00000e+00	0.00000e+00	0.00000e+00	0.00000e+00	0.00000e+00	0.00000e+00	0.00000e+00	0.00000e+00	0.00000e+00	0.00000e+00	0.00000e+00	0.00000e+00	0.00000e+00	0.00000e+00	0.00000e+00	0.00000e+00	0.00000e+00	0.00000e+00	0.00000e+00	0.00000e+00	0.00000e+00	0.00000e+00	0.00000e+00	0.00000e+00	0.00000e+00	0.00000e+00	0.00000e+00	0.00000e+00	0.00000e+00	0.00000e+00	0.00000e+00	0.00000e+00	0.00000e+00	0.00000e+00	0.00000e+00	0.00000e+00	0.00000e+00	0.00000e+00	0.00000e+00	0.00000e+00	0.00000e+00	0.00000e+00	0.00000e+00	0.00000e+00	0.00000e+00	0.00000e+00	0.00000e+00	0.00000e+00	0.00000e+00	0.00000e+00	0.00000e+00	0.00000e+00	0.00000e+00	0.00000e+00	0.00000e+00	0.00000e+00	0.00000e+00	0.00000e+00	0.00000e+00	0.00000e+00	0.00000e+00	0.00000e+00	0.00000e+00	0.00000e+00	0.00000e+00	0.00000e+00	0.00000e+00	0.00000e+00	0.00000e+00	0.00000e+00	0.00000e+00	0.00000e+00	0.00000e+00	0.00000e+00	0.00000e+00	0.00000e+00	0.00000e+00	0.00000e+00	0.00000e+00	0.00000e+00	0.00000e+00	0.00000e+00	0.00000e+00	0.00000e+00	0.00000e+00	0.00000e+00	0.00000e+00	0.00000e+00
15.28	0.00000e+00	0.00000e+00	0.00000e+00	0.00000e+00	0.00000e+00	0.00000e+00	0.00000e+00	0.00000e+00	0.00000e+00	0.00000e+00	0.00000e+00	0.00000e+00	0.00000e+00	0.00000e+00	0.00000e+00	0.00000e+00	0.00000e+00	0.00000e+00	0.00000e+00	0.00000e+00	0.00000e+00	0.00000e+00	0.00000e+00	0.00000e+00	0.00000e+00	0.00000e+00	0.00000e+00	0.00000e+00	0.00000e+00	0.00000e+00	0.00000e+00	0.00000e+00	0.00000e+00	0.00000e+00	0.00000e+00	0.00000e+00	0.00000e+00	0.00000e+00	0.00000e+00	0.00000e+00	0.00000e+00	0.00000e+00	0.00000e+00	0.00000e+00	0.00000e+00	0.00000e+00	0.00000e+00	0.00000e+00	0.00000e+00	0.00000e+00	0.00000e+00	0.00000e+00	0.00000e+00	0.00000e+00	0.00000e+00	0.00000e+00	0.00000e+00	0.00000e+00	0.00000e+00	0.00000e+00	0.00000e+00	0.00000e+00	0.00000e+00	0.00000e+00	0.00000e+00	0.00000e+00	0.00000e+00	0.00000e+00	0.00000e+00	0.00000e+00	0.00000e+00	0.00000e+00	0.00000e+00	0.00000e+00	0.00000e+00	0.00000e+00	0.00000e+00	0.00000e+00	0.00000e+00	0.00000e+00	0.00000e+00	0.00000e+00	0.00000e+00	0.00000e+00	0.00000e+00	0.00000e+00	0.00000e+00	0.00000e+00	0.00000e+00	0.00000e+00	0.00000e+00	0.00000e+00	0.00000e+00	0.00000e+00	0.00000e+00	0.00000e+00	0.00000e+00	0.00000e+00	0.00000e+00	0.00000e+00	0.00000e+00	0.00000e+00	0.00000e+00	0.00000e+00	0.00000e+00	0.00000e+00	0.00000e+00	0.00000e+00	0.00000e+00	0.00000e+00	0.00000e+00	0.00000e+00	0.00000e+00	0.00000e+00	0.00000e+00	0.00000e+00	0.00000e+00	0.00000e+00	0.00000e+00	0.00000e+00	0.00000e+00	0.00000e+00	0.00000e+00	0.00000e+00	0.00000e+00	0.00000e+00	0.00000e+00	0.00000e+00	0.00000e+00	0.00000e+00	0.00000e+00	0.00000e+00	0.00000e+00	0.00000e+00	0.00000e+00	0.00000e+00	0.00000e+00	0.00000e+00	0.00000e+00	0.00000e+00	0.00000e+00	0.00000e+00	0.00000e+00	0.00000e+00	0.00000e+00	0.00000e+00	0.00000e+00	0.00000e+00	0.00000e+00	0.00000e+00	0.00000e+00	0.00000e+00	0.00000e+00	0.00000e+00	0.00000e+00	0.00000e+00	0.00000e+00	0.00000e+00	0.00000e+00	0.00000e+00	0.00000e+00	0.00000e+00	0.00000e+00	0.00000e+00	0.00000e+00	0.00000e+00	0.00000e+00	0.00000e+00	0.00000e+00	0.00000e+00	0.00000e+00	0.00000e+00	0.00000e+00	0.00000e+00	0.00000e+00	0.00000e+00	0.00000e+00	0.00000e+00	0.00000e+00	0.00000e+00	0.00000e+00	0.00000e+00	0.00000e+00	0.00000e+00	0.00000e+00
15.31	0.00000e+00	0.00000e+00	0.00000e+00	0.00000e+00	0.00000e+00	0.00000e+00	0.00000e+00	0.00000e+00	0.00000e+00	0.00000e+00	0.00000e+00	0.00000e+00	0.00000e+00	0.00000e+00	0.00000e+00	0.00000e+00	0.00000e+00	0.00000e+00	0.00000e+00	0.00000e+00	0.00000e+00	0.00000e+00	0.00000e+00	0.00000e+00	0.00000e+00	0.00000e+00	0.00000e+00	0.00000e+00	0.00000e+00	0.00000e+00	0.00000e+00	0.00000e+00	0.00000e+00	0.00000e+00	0.00000e+00	0.00000e+00	0.00000e+00	0.00000e+00	0.00000e+00	0.00000e+00	0.00000e+00	0.00000e+00	0.00000e+00	0.00000e+00	0.00000e+00	0.00000e+00	0.00000e+00	0.00000e+00	0.00000e+00	0.00000e+00	0.00000e+00	0.00000e+00	0.00000e+00	0.00000e+00	0.00000e+00	0.00000e+00	0.00000e+00	0.00000e+00	0.00000e+00	0.00000e+00	0.00000e+00	0.00000e+00	0.00000e+00	0.00000e+00	0.00000e+00	0.00000e+00	0.00000e+00	0.00000e+00	0.00000e+00	0.00000e+00	0.00000e+00	0.00000e+00	0.00000e+00	0.00000e+00	0.00000e+00	0.00000e+00	0.00000e+00	0.00000e+00	0.00000e+00	0.00000e+00	0.00000e+00	0.00000e+00	0.00000e+00	0.00000e+00	0.00000e+00	0.00000e+00	0.00000e+00	0.00000e+00	0.00000e+00	0.00000e+00	0.00000e+00	0.00000e+00	0.00000e+00	0.00000e+00	0.00000e+00	0.00000e+00	0.00000e+00	0.00000e+00	0.00000e+00	0.00000e+00	0.00000e+00	0.00000e+00	0.00000e+00	0.00000e+00	0.00000e+00	0.00000e+00	0.00000e+00	0.00000e+00	0.00000e+00	0.00000e+00	0.00000e+00	0.00000e+00	0.00000e+00	0.00000e+00	0.00000e+00	0.00000e+00	0.00000e+00	0.00000e+00	0.00000e+00	0.00000e+00	0.00000e+00	0.00000e+00	0.00000e+00	0.00000e+00	0.00000e+00	0.00000e+00	0.00000e+00	0.00000e+00	0.00000e+00	0.00000e+00	0.00000e+00	0.00000e+00	0.00000e+00	0.00000e+00	0.00000e+00	0.00000e+00	0.00000e+00	0.00000e+00	0.00000e+00	0.00000e+00	0.00000e+00	0.00000e+00	0.00000e+00	0.00000e+00	0.00000e+00	0.00000e+00	0.00000e+00	0.00000e+00	0.00000e+00	0.00000e+00	0.00000e+00	0.00000e+00	0.00000e+00	0.00000e+00	0.00000e+00	0.00000e+00	0.00000e+00	0.00000e+00	0.00000e+00	0.00000e+00	0.00000e+00	0.00000e+00	0.00000e+00	0.00000e+00	0.00000e+00	0.00000e+00	0.00000e+00	0.00000e+00	0.00000e+00	0.00000e+00	0.00000e+00	0.00000e+00	0.00000e+00	0.00000e+00	0.00000e+00	0.00000e+00	0.00000e+00	0.00000e+00	0.00000e+00	0.00000e+00	0.00000e+00	0.00000e+00	0.00000e+00	0.00000e+00	0.00000e+00
15.35	0.00000e+00	0.00000e+00	0.00000e+00	0.00000e+00	0.00000e+00	0.00000e+00	0.00000e+00	0.00000e+00	0.00000e+00	0.00000e+00	0.00000e+00	0.00000e+00	0.00000e+00	0.00000e+00	0.00000e+00	0.00000e+00	0.00000e+00	0.00000e+00	0.00000e+00	0.00000e+00	0.00000e+00	0.00000e+00	0.00000e+00	0.00000e+00	0.00000e+00	0.00000e+00	0.00000e+00	0.00000e+00	0.00000e+00	0.00000e+00	0.00000e+00	0.00000e+00	0.00000e+00	0.00000e+00	0.00000e+00	0.00000e+00	0.00000e+00	0.00000e+00	0.00000e+00	0.00000e+00	0.00000e+00	0.00000e+00	0.00000e+00	0.00000e+00	0.00000e+00	0.00000e+00	0.00000e+00	0.00000e+00	0.00000e+00	0.00000e+00	0.00000e+00	0.00000e+00	0.00000e+00	0.00000e+00	0.00000e+00	0.00000e+00	0.00000e+00	0.00000e+00	0.00000e+00	0.00000e+00	0.00000e+00	0.00000e+00	0.00000e+00	0.00000e+00	0.00000e+00	0.00000e+00	0.00000e+00	0.00000e+00	0.00000e+00	0.00000e+00	0.00000e+00	0.00000e+00	0.00000e+00	0.00000e+00	0.00000e+00	0.00000e+00	0.00000e+00	0.00000e+00	0.00000e+00	0.00000e+00	0.00000e+00	0.00000e+00	0.00000e+00	0.00000e+00	0.00000e+00	0.00000e+00	0.00000e+00	0.00000e+00	0.00000e+00	0.00000e+00	0.00000e+00	0.00000e+00	0.00000e+00	0.00000e+00	0.00000e+00	0.00000e+00	0.00000e+00	0.00000e+00	0.00000e+00	0.00000e+00	0.00000e+00	0.00000e+00	0.00000e+00	0.00000e+00	0.00000e+00	0.00000e+00	0.00000e+00	0.00000e+00	0.00000e+00	0.00000e+00	0.00000e+00	0.00000e+00	0.00000e+00	0.00000e+00	0.00000e+00	0.00000e+00	0.00000e+00	0.00000e+00	0.00000e+00	0.00000e+00	0.00000e+00	0.00000e+00	0.00000e+00	0.00000e+00	0.00000e+00	0.00000e+00	0.00000e+00	0.00000e+00	0.00000e+00	0.00000e+00	0.00000e+00	0.00000e+00	0.00000e+00	0.00000e+00	0.00000e+00	0.00000e+00	0.00000e+00	0.00000e+00	0.00000e+00	0.00000e+00	0.00000e+00	0.00000e+00	0.00000e+00	0.00000e+00	0.00000e+00	0.00000e+00	0.00000e+00	0.00000e+00	0.00000e+00	0.00000e+00	0.00000e+00	0.00000e+00	0.00000e+00	0.00000e+00	0.00000e+00	0.00000e+00	0.00000e+00	0.00000e+00	0.00000e+00	0.00000e+00	0.00000e+00	0.00000e+00	0.00000e+00	0.00000e+00	0.00000e+00	0.00000e+00	0.00000e+00	0.00000e+00	0.00000e+00	0.00000e+00	0.00000e+00	0.00000e+00	0.00000e+00	0.00000e+00	0.00000e+00	0.00000e+00	0.00000e+00	0.00000e+00	0.00000e+00	0.00000e+00	0.00000e+00	0.00000e+00	0.00000e+00	0.00000e+00	0.00000e+00
15.38	0.00000e+00	0.00000e+00	0.00000e+00	0.00000e+00	0.00000e+00	0.00000e+00	0.00000e+00	0.00000e+00	0.00000e+00	0.00000e+00	0.00000e+00	0.00000e+00	0.00000e+00	0.00000e+00	0.00000e+00	0.00000e+00	0.00000e+00	0.00000e+00	0.00000e+00	0.00000e+00	0.00000e+00	0.00000e+00	0.00000e+00	0.00000e+00	0.00000e+00	0.00000e+00	0.00000e+00	0.00000e+00	0.00000e+00	0.00000e+00	0.00000e+00	0.00000e+00	0.00000e+00	0.00000e+00	0.00000e+00	0.00000e+00	0.00000e+00	0.00000e+00	0.00000e+00	0.00000e+00	0.00000e+00	0.00000e+00	0.00000e+00	0.00000e+00	0.00000e+00	0.00000e+00	0.00000e+00	0.00000e+00	0.00000e+00	0.00000e+00	0.00000e+00	0.00000e+00	0.00000e+00	0.00000e+00	0.00000e+00	0.00000e+00	0.00000e+00	0.00000e+00	0.00000e+00	0.00000e+00	0.00000e+00	0.00000e+00	0.00000e+00	0.00000e+00	0.00000e+00	0.00000e+00	0.00000e+00	0.00000e+00	0.00000e+00	0.00000e+00	0.00000e+00	0.00000e+00	0.00000e+00	0.00000e+00	0.00000e+00	0.00000e+00	0.00000e+00	0.00000e+00	0.00000e+00	0.00000e+00	0.00000e+00	0.00000e+00	0.00000e+00	0.00000e+00	0.00000e+00	0.00000e+00	0.00000e+00	0.00000e+00	0.00000e+00	0.00000e+00	0.00000e+00	0.00000e+00	0.00000e+00	0.00000e+00	0.00000e+00	0.00000e+00	0.00000e+00	0.00000e+00	0.00000e+00	0.00000e+00	0.00000e+00	0.00000e+00	0.00000e+00	0.00000e+00	0.00000e+00	0.00000e+00	0.00000e+00	0.00000e+00	0.00000e+00	0.00000e+00	0.00000e+00	0.00000e+00	0.00000e+00	0.00000e+00	0.00000e+00	0.00000e+00	0.00000e+00	0.00000e+00	0.00000e+00	0.00000e+00	0.00000e+00	0.00000e+00	0.00000e+00	0.00000e+00	0.00000e+00	0.00000e+00	0.00000e+00	0.00000e+00	0.00000e+00	0.00000e+00	0.00000e+00	0.00000e+00	0.00000e+00	0.00000e+00	0.00000e+00	0.00000e+00	0.00000e+00	0.00000e+00	0.00000e+00	0.00000e+00	0.00000e+00	0.00000e+00	0.00000e+00	0.00000e+00	0.00000e+00	0.00000e+00	0.00000e+00	0.00000e+00	0.00000e+00	0.00000e+00	0.00000e+00	0.00000e+00	0.00000e+00	0.00000e+00	0.00000e+00	0.00000e+00	0.00000e+00	0.00000e+00	0.00000e+00	0.00000e+00	0.00000e+00	0.00000e+00	0.00000e+00	0.00000e+00	0.00000e+00	0.00000e+00	0.00000e+00	0.00000e+00	0.00000e+00	0.00000e+00	0.00000e+00	0.00000e+00	0.00000e+00	0.00000e+00	0.00000e+00	0.00000e+00	0.00000e+00	0.00000e+00	0.00000e+00	0.00000e+00	0.00000e+00	0.00000e+00	0.00000e+00	0.00000e+00	0.00000e+00
15.42	0.00000e+00	0.00000e+00	0.00000e+00	0.00000e+00	0.00000e+00	0.00000e+00	0.00000e+00	0.00000e+00	0.00000e+00	0.00000e+00	0.00000e+00	0.00000e+00	0.00000e+00	0.00000e+00	0.00000e+00	0.00000e+00	0.00000e+00	0.00000e+00	0.00000e+00	0.00000e+00	0.00000e+00	0.00000e+00	0.00000e+00	0.00000e+00	0.00000e+00	0.00000e+00	0.00000e+00	0.00000e+00	0.00000e+00	0.00000e+00	0.00000e+00	0.00000e+00	0.00000e+00	0.00000e+00	0.00000e+00	0.00000e+00	0.00000e+00	0.00000e+00	0.00000e+00	0.00000e+00	0.00000e+00	0.00000e+00	0.00000e+00	0.00000e+00	0.00000e+00	0.00000e+00	0.00000e+00	0.00000e+00	0.00000e+00	0.00000e+00	0.00000e+00	0.00000e+00	0.00000e+00	0.00000e+00	0.00000e+00	0.00000e+00	0.00000e+00	0.00000e+00	0.00000e+00	0.00000e+00	0.00000e+00	0.00000e+00	0.00000e+00	0.00000e+00	0.00000e+00	0.00000e+00	0.00000e+00	0.00000e+00	0.00000e+00	0.00000e+00	0.00000e+00	0.00000e+00	0.00000e+00	0.00000e+00	0.00000e+00	0.00000e+00	0.00000e+00	0.00000e+00	0.00000e+00	0.00000e+00	0.00000e+00	0.00000e+00	0.00000e+00	0.00000e+00	0.00000e+00	0.00000e+00	0.00000e+00	0.00000e+00	0.00000e+00	0.00000e+00	0.00000e+00	0.00000e+00	0.00000e+00	0.00000e+00	0.00000e+00	0.00000e+00	0.00000e+00	0.00000e+00	0.00000e+00	0.00000e+00	0.00000e+00	0.00000e+00	0.00000e+00	0.00000e+00	0.00000e+00	0.00000e+00	0.00000e+00	0.00000e+00	0.00000e+00	0.00000e+00	0.00000e+00	0.00000e+00	0.00000e+00	0.00000e+00	0.00000e+00	0.00000e+00	0.00000e+00	0.00000e+00	0.00000e+00	0.00000e+00	0.00000e+00	0.00000e+00	0.00000e+00	0.00000e+00	0.00000e+00	0.00000e+00	0.00000e+00	0.00000e+00	0.00000e+00	0.00000e+00	0.00000e+00	0.00000e+00	0.00000e+00	0.00000e+00	0.00000e+00	0.00000e+00	0.00000e+00	0.00000e+00	0.00000e+00	0.00000e+00	0.00000e+00	0.00000e+00	0.00000e+00	0.00000e+00	0.00000e+00	0.00000e+00	0.00000e+00	0.00000e+00	0.00000e+00	0.00000e+00	0.00000e+00	0.00000e+00	0.00000e+00	0.00000e+00	0.00000e+00	0.00000e+00	0.00000e+00	0.00000e+00	0.00000e+00	0.00000e+00	0.00000e+00	0.00000e+00	0.00000e+00	0.00000e+00	0.00000e+00	0.00000e+00	0.00000e+00	0.00000e+00	0.00000e+00	0.00000e+00	0.00000e+00	0.00000e+00	0.00000e+00	0.00000e+00	0.00000e+00	0.00000e+00	0.00000e+00	0.00000e+00	0.00000e+00	0.00000e+00	0.00000e+00	0.00000e+00	0.00000e+00	0.00000e+00	0.00000e+00
15.45	0.00000e+00	0.00000e+00	0.00000e+00	0.00000e+00	0.00000e+00	0.00000e+00	0.00000e+00	0.00000e+00	0.00000e+00	0.00000e+00	0.00000e+00	0.00000e+00	0.00000e+00	0.00000e+00	0.00000e+00	0.00000e+00	0.00000e+00	0.00000e+00	0.00000e+00	0.00000e+00	0.00000e+00	0.00000e+00	0.00000e+00	0.00000e+00	0.00000e+00	0.00000e+00	0.00000e+00	0.00000e+00	0.00000e+00	0.00000e+00	0.00000e+00	0.00000e+00	0.00000e+00	0.00000e+00	0.00000e+00	0.00000e+00	0.00000e+00	0.00000e+00	0.00000e+00	0.00000e+00	0.00000e+00	0.00000e+00	0.00000e+00	0.00000e+00	0.00000e+00	0.00000e+00	0.00000e+00	0.00000e+00	0.00000e+00	0.00000e+00	0.00000e+00	0.00000e+00	0.00000e+00	0.00000e+00	0.00000e+00	0.00000e+00	0.00000e+00	0.00000e+00	0.00000e+00	0.00000e+00	0.00000e+00	0.00000e+00	0.00000e+00	0.00000e+00	0.00000e+00	0.00000e+00	0.00000e+00	0.00000e+00	0.00000e+00	0.00000e+00	0.00000e+00	0.00000e+00	0.00000e+00	0.00000e+00	0.00000e+00	0.00000e+00	0.00000e+00	0.00000e+00	0.00000e+00	0.00000e+00	0.00000e+00	0.00000e+00	0.00000e+00	0.00000e+00	0.00000e+00	0.00000e+00	0.00000e+00	0.00000e+00	0.00000e+00	0.00000e+00	0.00000e+00	0.00000e+00	0.00000e+00	0.00000e+00	0.00000e+00	0.00000e+00	0.00000e+00	0.00000e+00	0.00000e+00	0.00000e+00	0.00000e+00	0.00000e+00	0.00000e+00	0.00000e+00	0.00000e+00	0.00000e+00	0.00000e+00	0.00000e+00	0.00000e+00	0.00000e+00	0.00000e+00	0.00000e+00	0.00000e+00	0.00000e+00	0.00000e+00	0.00000e+00	0.00000e+00	0.00000e+00	0.00000e+00	0.00000e+00	0.00000e+00	0.00000e+00	0.00000e+00	0.00000e+00	0.00000e+00	0.00000e+00	0.00000e+00	0.00000e+00	0.00000e+00	0.00000e+00	0.00000e+00	0.00000e+00	0.00000e+00	0.00000e+00	0.00000e+00	0.00000e+00	0.00000e+00	0.00000e+00	0.00000e+00	0.00000e+00	0.00000e+00	0.00000e+00	0.00000e+00	0.00000e+00	0.00000e+00	0.00000e+00	0.00000e+00	0.00000e+00	0.00000e+00	0.00000e+00	0.00000e+00	0.00000e+00	0.00000e+00	0.00000e+00	0.00000e+00	0.00000e+00	0.00000e+00	0.00000e+00	0.00000e+00	0.00000e+00	0.00000e+00	0.00000e+00	0.00000e+00	0.00000e+00	0.00000e+00	0.00000e+00	0.00000e+00	0.00000e+00	0.00000e+00	0.00000e+00	0.00000e+00	0.00000e+00	0.00000e+00	0.00000e+00	0.00000e+00	0.00000e+00	0.00000e+00	0.00000e+00	0.00000e+00	0.00000e+00	0.00000e+00	0.00000e+00	0.00000e+00	0.00000e+00	0.00000e+00
15.48	0.00000e+00	0.00000e+00	0.00000e+00	0.00000e+00	0.00000e+00	0.00000e+00	0.00000e+00	0.00000e+00	0.00000e+00	0.00000e+00	0.00000e+00	0.00000e+00	0.00000e+00	0.00000e+00	0.00000e+00	0.00000e+00	0.00000e+00	0.00000e+00	0.00000e+00	0.00000e+00	0.00000e+00	0.00000e+00	0.00000e+00	0.00000e+00	0.00000e+00	0.00000e+00	0.00000e+00	0.00000e+00	0.00000e+00	0.00000e+00	0.00000e+00	0.00000e+00	0.00000e+00	0.00000e+00	0.00000e+00	0.00000e+00	0.00000e+00	0.00000e+00	0.00000e+00	0.00000e+00	0.00000e+00	0.00000e+00	0.00000e+00	0.00000e+00	0.00000e+00	0.00000e+00	0.00000e+00	0.00000e+00	0.00000e+00	0.00000e+00	0.00000e+00	0.00000e+00	0.00000e+00	0.00000e+00	0.00000e+00	0.00000e+00	0.00000e+00	0.00000e+00	0.00000e+00	0.00000e+00	0.00000e+00	0.00000e+00	0.00000e+00	0.00000e+00	0.00000e+00	0.00000e+00	0.00000e+00	0.00000e+00	0.00000e+00	0.00000e+00	0.00000e+00	0.00000e+00	0.00000e+00	0.00000e+00	0.00000e+00	0.00000e+00	0.00000e+00	0.00000e+00	0.00000e+00	0.00000e+00	0.00000e+00	0.00000e+00	0.00000e+00	0.00000e+00	0.00000e+00	0.00000e+00	0.00000e+00	0.00000e+00	0.00000e+00	0.00000e+00	0.00000e+00	0.00000e+00	0.00000e+00	0.00000e+00	0.00000e+00	0.00000e+00	0.00000e+00	0.00000e+00	0.00000e+00	0.00000e+00	0.00000e+00	0.00000e+00	0.00000e+00	0.00000e+00	0.00000e+00	0.00000e+00	0.00000e+00	0.00000e+00	0.00000e+00	0.00000e+00	0.00000e+00	0.00000e+00	0.00000e+00	0.00000e+00	0.00000e+00	0.00000e+00	0.00000e+00	0.00000e+00	0.00000e+00	0.00000e+00	0.00000e+00	0.00000e+00	0.00000e+00	0.00000e+00	0.00000e+00	0.00000e+00	0.00000e+00	0.00000e+00	0.00000e+00	0.00000e+00	0.00000e+00	0.00000e+00	0.00000e+00	0.00000e+00	0.00000e+00	0.00000e+00	0.00000e+00	0.00000e+00	0.00000e+00	0.00000e+00	0.00000e+00	0.00000e+00	0.00000e+00	0.00000e+00	0.00000e+00	0.00000e+00	0.00000e+00	0.00000e+00	0.00000e+00	0.00000e+00	0.00000e+00	0.00000e+00	0.00000e+00	0.00000e+00	0.00000e+00	0.00000e+00	0.00000e+00	0.00000e+00	0.00000e+00	0.00000e+00	0.00000e+00	0.00000e+00	0.00000e+00	0.00000e+00	0.00000e+00	0.00000e+00	0.00000e+00	0.00000e+00	0.00000e+00	0.00000e+00	0.00000e+00	0.00000e+00	0.00000e+00	0.00000e+00	0.00000e+00	0.00000e+00	0.00000e+00	0.00000e+00	0.00000e+00	0.00000e+00	0.00000e+00	0.00000e+00	0.00000e+00	0.00000e+00	0.00000e+00
15.52	0.00000e+00	0.00000e+00	0.00000e+00	0.00000e+00	0.00000e+00	0.00000e+00	0.00000e+00	0.00000e+00	0.00000e+00	0.00000e+00	0.00000e+00	0.00000e+00	0.00000e+00	0.00000e+00	0.00000e+00	0.00000e+00	0.00000e+00	0.00000e+00	0.00000e+00	0.00000e+00	0.00000e+00	0.00000e+00	0.00000e+00	0.00000e+00	0.00000e+00	0.00000e+00	0.00000e+00	0.00000e+00	0.00000e+00	0.00000e+00	0.00000e+00	0.00000e+00	0.00000e+00	0.00000e+00	0.00000e+00	0.00000e+00	0.00000e+00	0.00000e+00	0.00000e+00	0.00000e+00	0.00000e+00	0.00000e+00	0.00000e+00	0.00000e+00	0.00000e+00	0.00000e+00	0.00000e+00	0.00000e+00	0.00000e+00	0.00000e+00	0.00000e+00	0.00000e+00	0.00000e+00	0.00000e+00	0.00000e+00	0.00000e+00	0.00000e+00	0.00000e+00	0.00000e+00	0.00000e+00	0.00000e+00	0.00000e+00	0.00000e+00	0.00000e+00	0.00000e+00	0.00000e+00	0.00000e+00	0.00000e+00	0.00000e+00	0.00000e+00	0.00000e+00	0.00000e+00	0.00000e+00	0.00000e+00	0.00000e+00	0.00000e+00	0.00000e+00	0.00000e+00	0.00000e+00	0.00000e+00	0.00000e+00	0.00000e+00	0.00000e+00	0.00000e+00	0.00000e+00	0.00000e+00	0.00000e+00	0.00000e+00	0.00000e+00	0.00000e+00	0.00000e+00	0.00000e+00	0.00000e+00	0.00000e+00	0.00000e+00	0.00000e+00	0.00000e+00	0.00000e+00	0.00000e+00	0.00000e+00	0.00000e+00	0.00000e+00	0.00000e+00	0.00000e+00	0.00000e+00	0.00000e+00	0.00000e+00	0.00000e+00	0.00000e+00	0.00000e+00	0.00000e+00	0.00000e+00	0.00000e+00	0.00000e+00	0.00000e+00	0.00000e+00	0.00000e+00	0.00000e+00	0.00000e+00	0.00000e+00	0.00000e+00	0.00000e+00	0.00000e+00	0.00000e+00	0.00000e+00	0.00000e+00	0.00000e+00	0.00000e+00	0.00000e+00	0.00000e+00	0.00000e+00	0.00000e+00	0.00000e+00	0.00000e+00	0.00000e+00	0.00000e+00	0.00000e+00	0.00000e+00	0.00000e+00	0.00000e+00	0.00000e+00	0.00000e+00	0.00000e+00	0.00000e+00	0.00000e+00	0.00000e+00	0.00000e+00	0.00000e+00	0.00000e+00	0.00000e+00	0.00000e+00	0.00000e+00	0.00000e+00	0.00000e+00	0.00000e+00	0.00000e+00	0.00000e+00	0.00000e+00	0.00000e+00	0.00000e+00	0.00000e+00	0.00000e+00	0.00000e+00	0.00000e+00	0.00000e+00	0.00000e+00	0.00000e+00	0.00000e+00	0.00000e+00	0.00000e+00	0.00000e+00	0.00000e+00	0.00000e+00	0.00000e+00	0.00000e+00	0.00000e+00	0.00000e+00	0.00000e+00	0.00000e+00	0.00000e+00	0.00000e+00	0.00000e+00	0.00000e+00	0.00000e+00	0.00000e+00
15.55	0.00000e+00	0.00000e+00	0.00000e+00	0.00000e+00	0.00000e+00	0.00000e+00	0.00000e+00	0.00000e+00	0.00000e+00	0.00000e+00	0.00000e+00	0.00000e+00	0.00000e+00	0.00000e+00	0.00000e+00	0.00000e+00	0.00000e+00	0.00000e+00	0.00000e+00	0.00000e+00	0.00000e+00	0.00000e+00	0.00000e+00	0.00000e+00	0.00000e+00	0.00000e+00	0.00000e+00	0.00000e+00	0.00000e+00	0.00000e+00	0.00000e+00	0.00000e+00	0.00000e+00	0.00000e+00	0.00000e+00	0.00000e+00	0.00000e+00	0.00000e+00	0.00000e+00	0.00000e+00	0.00000e+00	0.00000e+00	0.00000e+00	0.00000e+00	0.00000e+00	0.00000e+00	0.00000e+00	0.00000e+00	0.00000e+00	0.00000e+00	0.00000e+00	0.00000e+00	0.00000e+00	0.00000e+00	0.00000e+00	0.00000e+00	0.00000e+00	0.00000e+00	0.00000e+00	0.00000e+00	0.00000e+00	0.00000e+00	0.00000e+00	0.00000e+00	0.00000e+00	0.00000e+00	0.00000e+00	0.00000e+00	0.00000e+00	0.00000e+00	0.00000e+00	0.00000e+00	0.00000e+00	0.00000e+00	0.00000e+00	0.00000e+00	0.00000e+00	0.00000e+00	0.00000e+00	0.00000e+00	0.00000e+00	0.00000e+00	0.00000e+00	0.00000e+00	0.00000e+00	0.00000e+00	0.00000e+00	0.00000e+00	0.00000e+00	0.00000e+00	0.00000e+00	0.00000e+00	0.00000e+00	0.00000e+00	0.00000e+00	0.00000e+00	0.00000e+00	0.00000e+00	0.00000e+00	0.00000e+00	0.00000e+00	0.00000e+00	0.00000e+00	0.00000e+00	0.00000e+00	0.00000e+00	0.00000e+00	0.00000e+00	0.00000e+00	0.00000e+00	0.00000e+00	0.00000e+00	0.00000e+00	0.00000e+00	0.00000e+00	0.00000e+00	0.00000e+00	0.00000e+00	0.00000e+00	0.00000e+00	0.00000e+00	0.00000e+00	0.00000e+00	0.00000e+00	0.00000e+00	0.00000e+00	0.00000e+00	0.00000e+00	0.00000e+00	0.00000e+00	0.00000e+00	0.00000e+00	0.00000e+00	0.00000e+00	0.00000e+00	0.00000e+00	0.00000e+00	0.00000e+00	0.00000e+00	0.00000e+00	0.00000e+00	0.00000e+00	0.00000e+00	0.00000e+00	0.00000e+00	0.00000e+00	0.00000e+00	0.00000e+00	0.00000e+00	0.00000e+00	0.00000e+00	0.00000e+00	0.00000e+00	0.00000e+00	0.00000e+00	0.00000e+00	0.00000e+00	0.00000e+00	0.00000e+00	0.00000e+00	0.00000e+00	0.00000e+00	0.00000e+00	0.00000e+00	0.00000e+00	0.00000e+00	0.00000e+00	0.00000e+00	0.00000e+00	0.00000e+00	0.00000e+00	0.00000e+00	0.00000e+00	0.00000e+00	0.00000e+00	0.00000e+00	0.00000e+00	0.00000e+00	0.00000e+00	0.00000e+00	0.00000e+00	0.00000e+00	0.00000e+00	0.00000e+00	0.00000e+00
15.59	0.00000e+00	0.00000e+00	0.00000e+00	0.00000e+00	0.00000e+00	0.00000e+00	0.00000e+00	0.00000e+00	0.00000e+00	0.00000e+00	0.00000e+00	0.00000e+00	0.00000e+00	0.00000e+00	0.00000e+00	0.00000e+00	0.00000e+00	0.00000e+00	0.00000e+00	0.00000e+00	0.00000e+00	0.00000e+00	0.00000e+00	0.00000e+00	0.00000e+00	0.00000e+00	0.00000e+00	0.00000e+00	0.00000e+00	0.00000e+00	0.00000e+00	0.00000e+00	0.00000e+00	0.00000e+00	0.00000e+00	0.00000e+00	0.00000e+00	0.00000e+00	0.00000e+00	0.00000e+00	0.00000e+00	0.00000e+00	0.00000e+00	0.00000e+00	0.00000e+00	0.00000e+00	0.00000e+00	0.00000e+00	0.00000e+00	0.00000e+00	0.00000e+00	0.00000e+00	0.00000e+00	0.00000e+00	0.00000e+00	0.00000e+00	0.00000e+00	0.00000e+00	0.00000e+00	0.00000e+00	0.00000e+00	0.00000e+00	0.00000e+00	0.00000e+00	0.00000e+00	0.00000e+00	0.00000e+00	0.00000e+00	0.00000e+00	0.00000e+00	0.00000e+00	0.00000e+00	0.00000e+00	0.00000e+00	0.00000e+00	0.00000e+00	0.00000e+00	0.00000e+00	0.00000e+00	0.00000e+00	0.00000e+00	0.00000e+00	0.00000e+00	0.00000e+00	0.00000e+00	0.00000e+00	0.00000e+00	0.00000e+00	0.00000e+00	0.00000e+00	0.00000e+00	0.00000e+00	0.00000e+00	0.00000e+00	0.00000e+00	0.00000e+00	0.00000e+00	0.00000e+00	0.00000e+00	0.00000e+00	0.00000e+00	0.00000e+00	0.00000e+00	0.00000e+00	0.00000e+00	0.00000e+00	0.00000e+00	0.00000e+00	0.00000e+00	0.00000e+00	0.00000e+00	0.00000e+00	0.00000e+00	0.00000e+00	0.00000e+00	0.00000e+00	0.00000e+00	0.00000e+00	0.00000e+00	0.00000e+00	0.00000e+00	0.00000e+00	0.00000e+00	0.00000e+00	0.00000e+00	0.00000e+00	0.00000e+00	0.00000e+00	0.00000e+00	0.00000e+00	0.00000e+00	0.00000e+00	0.00000e+00	0.00000e+00	0.00000e+00	0.00000e+00	0.00000e+00	0.00000e+00	0.00000e+00	0.00000e+00	0.00000e+00	0.00000e+00	0.00000e+00	0.00000e+00	0.00000e+00	0.00000e+00	0.00000e+00	0.00000e+00	0.00000e+00	0.00000e+00	0.00000e+00	0.00000e+00	0.00000e+00	0.00000e+00	0.00000e+00	0.00000e+00	0.00000e+00	0.00000e+00	0.00000e+00	0.00000e+00	0.00000e+00	0.00000e+00	0.00000e+00	0.00000e+00	0.00000e+00	0.00000e+00	0.00000e+00	0.00000e+00	0.00000e+00	0.00000e+00	0.00000e+00	0.00000e+00	0.00000e+00	0.00000e+00	0.00000e+00	0.00000e+00	0.00000e+00	0.00000e+00	0.00000e+00	0.00000e+00	0.00000e+00	0.00000e+00	0.00000e+00	0.00000e+00	0.00000e+00
15.62	0.00000e+00	0.00000e+00	0.00000e+00	0.00000e+00	0.00000e+00	0.00000e+00	0.00000e+00	0.00000e+00	0.00000e+00	0.00000e+00	0.00000e+00	0.00000e+00	0.00000e+00	0.00000e+00	0.00000e+00	0.00000e+00	0.00000e+00	0.00000e+00	0.00000e+00	0.00000e+00	0.00000e+00	0.00000e+00	0.00000e+00	0.00000e+00	0.00000e+00	0.00000e+00	0.00000e+00	0.00000e+00	0.00000e+00	0.00000e+00	0.00000e+00	0.00000e+00	0.00000e+00	0.00000e+00	0.00000e+00	0.00000e+00	0.00000e+00	0.00000e+00	0.00000e+00	0.00000e+00	0.00000e+00	0.00000e+00	0.00000e+00	0.00000e+00	0.00000e+00	0.00000e+00	0.00000e+00	0.00000e+00	0.00000e+00	0.00000e+00	0.00000e+00	0.00000e+00	0.00000e+00	0.00000e+00	0.00000e+00	0.00000e+00	0.00000e+00	0.00000e+00	0.00000e+00	0.00000e+00	0.00000e+00	0.00000e+00	0.00000e+00	0.00000e+00	0.00000e+00	0.00000e+00	0.00000e+00	0.00000e+00	0.00000e+00	0.00000e+00	0.00000e+00	0.00000e+00	0.00000e+00	0.00000e+00	0.00000e+00	0.00000e+00	0.00000e+00	0.00000e+00	0.00000e+00	0.00000e+00	0.00000e+00	0.00000e+00	0.00000e+00	0.00000e+00	0.00000e+00	0.00000e+00	0.00000e+00	0.00000e+00	0.00000e+00	0.00000e+00	0.00000e+00	0.00000e+00	0.00000e+00	0.00000e+00	0.00000e+00	0.00000e+00	0.00000e+00	0.00000e+00	0.00000e+00	0.00000e+00	0.00000e+00	0.00000e+00	0.00000e+00	0.00000e+00	0.00000e+00	0.00000e+00	0.00000e+00	0.00000e+00	0.00000e+00	0.00000e+00	0.00000e+00	0.00000e+00	0.00000e+00	0.00000e+00	0.00000e+00	0.00000e+00	0.00000e+00	0.00000e+00	0.00000e+00	0.00000e+00	0.00000e+00	0.00000e+00	0.00000e+00	0.00000e+00	0.00000e+00	0.00000e+00	0.00000e+00	0.00000e+00	0.00000e+00	0.00000e+00	0.00000e+00	0.00000e+00	0.00000e+00	0.00000e+00	0.00000e+00	0.00000e+00	0.00000e+00	0.00000e+00	0.00000e+00	0.00000e+00	0.00000e+00	0.00000e+00	0.00000e+00	0.00000e+00	0.00000e+00	0.00000e+00	0.00000e+00	0.00000e+00	0.00000e+00	0.00000e+00	0.00000e+00	0.00000e+00	0.00000e+00	0.00000e+00	0.00000e+00	0.00000e+00	0.00000e+00	0.00000e+00	0.00000e+00	0.00000e+00	0.00000e+00	0.00000e+00	0.00000e+00	0.00000e+00	0.00000e+00	0.00000e+00	0.00000e+00	0.00000e+00	0.00000e+00	0.00000e+00	0.00000e+00	0.00000e+00	0.00000e+00	0.00000e+00	0.00000e+00	0.00000e+00	0.00000e+00	0.00000e+00	0.00000e+00	0.00000e+00	0.00000e+00	0.00000e+00	0.00000e+00	0.00000e+00	0.00000e+00
15.66	0.00000e+00	0.00000e+00	0.00000e+00	0.00000e+00	0.00000e+00	0.00000e+00	0.00000e+00	0.00000e+00	0.00000e+00	0.00000e+00	0.00000e+00	0.00000e+00	0.00000e+00	0.00000e+00	0.00000e+00	0.00000e+00	0.00000e+00	0.00000e+00	0.00000e+00	0.00000e+00	0.00000e+00	0.00000e+00	0.00000e+00	0.00000e+00	0.00000e+00	0.00000e+00	0.00000e+00	0.00000e+00	0.00000e+00	0.00000e+00	0.00000e+00	0.00000e+00	0.00000e+00	0.00000e+00	0.00000e+00	0.00000e+00	0.00000e+00	0.00000e+00	0.00000e+00	0.00000e+00	0.00000e+00	0.00000e+00	0.00000e+00	0.00000e+00	0.00000e+00	0.00000e+00	0.00000e+00	0.00000e+00	0.00000e+00	0.00000e+00	0.00000e+00	0.00000e+00	0.00000e+00	0.00000e+00	0.00000e+00	0.00000e+00	0.00000e+00	0.00000e+00	0.00000e+00	0.00000e+00	0.00000e+00	0.00000e+00	0.00000e+00	0.00000e+00	0.00000e+00	0.00000e+00	0.00000e+00	0.00000e+00	0.00000e+00	0.00000e+00	0.00000e+00	0.00000e+00	0.00000e+00	0.00000e+00	0.00000e+00	0.00000e+00	0.00000e+00	0.00000e+00	0.00000e+00	0.00000e+00	0.00000e+00	0.00000e+00	0.00000e+00	0.00000e+00	0.00000e+00	0.00000e+00	0.00000e+00	0.00000e+00	0.00000e+00	0.00000e+00	0.00000e+00	0.00000e+00	0.00000e+00	0.00000e+00	0.00000e+00	0.00000e+00	0.00000e+00	0.00000e+00	0.00000e+00	0.00000e+00	0.00000e+00	0.00000e+00	0.00000e+00	0.00000e+00	0.00000e+00	0.00000e+00	0.00000e+00	0.00000e+00	0.00000e+00	0.00000e+00	0.00000e+00	0.00000e+00	0.00000e+00	0.00000e+00	0.00000e+00	0.00000e+00	0.00000e+00	0.00000e+00	0.00000e+00	0.00000e+00	0.00000e+00	0.00000e+00	0.00000e+00	0.00000e+00	0.00000e+00	0.00000e+00	0.00000e+00	0.00000e+00	0.00000e+00	0.00000e+00	0.00000e+00	0.00000e+00	0.00000e+00	0.00000e+00	0.00000e+00	0.00000e+00	0.00000e+00	0.00000e+00	0.00000e+00	0.00000e+00	0.00000e+00	0.00000e+00	0.00000e+00	0.00000e+00	0.00000e+00	0.00000e+00	0.00000e+00	0.00000e+00	0.00000e+00	0.00000e+00	0.00000e+00	0.00000e+00	0.00000e+00	0.00000e+00	0.00000e+00	0.00000e+00	0.00000e+00	0.00000e+00	0.00000e+00	0.00000e+00	0.00000e+00	0.00000e+00	0.00000e+00	0.00000e+00	0.00000e+00	0.00000e+00	0.00000e+00	0.00000e+00	0.00000e+00	0.00000e+00	0.00000e+00	0.00000e+00	0.00000e+00	0.00000e+00	0.00000e+00	0.00000e+00	0.00000e+00	0.00000e+00	0.00000e+00	0.00000e+00	0.00000e+00	0.00000e+00	0.00000e+00	0.00000e+00	0.00000e+00
15.69	0.00000e+00	0.00000e+00	0.00000e+00	0.00000e+00	0.00000e+00	0.00000e+00	0.00000e+00	0.00000e+00	0.00000e+00	0.00000e+00	0.00000e+00	0.00000e+00	0.00000e+00	0.00000e+00	0.00000e+00	0.00000e+00	0.00000e+00	0.00000e+00	0.00000e+00	0.00000e+00	0.00000e+00	0.00000e+00	0.00000e+00	0.00000e+00	0.00000e+00	0.00000e+00	0.00000e+00	0.00000e+00	0.00000e+00	0.00000e+00	0.00000e+00	0.00000e+00	0.00000e+00	0.00000e+00	0.00000e+00	0.00000e+00	0.00000e+00	0.00000e+00	0.00000e+00	0.00000e+00	0.00000e+00	0.00000e+00	0.00000e+00	0.00000e+00	0.00000e+00	0.00000e+00	0.00000e+00	0.00000e+00	0.00000e+00	0.00000e+00	0.00000e+00	0.00000e+00	0.00000e+00	0.00000e+00	0.00000e+00	0.00000e+00	0.00000e+00	0.00000e+00	0.00000e+00	0.00000e+00	0.00000e+00	0.00000e+00	0.00000e+00	0.00000e+00	0.00000e+00	0.00000e+00	0.00000e+00	0.00000e+00	0.00000e+00	0.00000e+00	0.00000e+00	0.00000e+00	0.00000e+00	0.00000e+00	0.00000e+00	0.00000e+00	0.00000e+00	0.00000e+00	0.00000e+00	0.00000e+00	0.00000e+00	0.00000e+00	0.00000e+00	0.00000e+00	0.00000e+00	0.00000e+00	0.00000e+00	0.00000e+00	0.00000e+00	0.00000e+00	0.00000e+00	0.00000e+00	0.00000e+00	0.00000e+00	0.00000e+00	0.00000e+00	0.00000e+00	0.00000e+00	0.00000e+00	0.00000e+00	0.00000e+00	0.00000e+00	0.00000e+00	0.00000e+00	0.00000e+00	0.00000e+00	0.00000e+00	0.00000e+00	0.00000e+00	0.00000e+00	0.00000e+00	0.00000e+00	0.00000e+00	0.00000e+00	0.00000e+00	0.00000e+00	0.00000e+00	0.00000e+00	0.00000e+00	0.00000e+00	0.00000e+00	0.00000e+00	0.00000e+00	0.00000e+00	0.00000e+00	0.00000e+00	0.00000e+00	0.00000e+00	0.00000e+00	0.00000e+00	0.00000e+00	0.00000e+00	0.00000e+00	0.00000e+00	0.00000e+00	0.00000e+00	0.00000e+00	0.00000e+00	0.00000e+00	0.00000e+00	0.00000e+00	0.00000e+00	0.00000e+00	0.00000e+00	0.00000e+00	0.00000e+00	0.00000e+00	0.00000e+00	0.00000e+00	0.00000e+00	0.00000e+00	0.00000e+00	0.00000e+00	0.00000e+00	0.00000e+00	0.00000e+00	0.00000e+00	0.00000e+00	0.00000e+00	0.00000e+00	0.00000e+00	0.00000e+00	0.00000e+00	0.00000e+00	0.00000e+00	0.00000e+00	0.00000e+00	0.00000e+00	0.00000e+00	0.00000e+00	0.00000e+00	0.00000e+00	0.00000e+00	0.00000e+00	0.00000e+00	0.00000e+00	0.00000e+00	0.00000e+00	0.00000e+00	0.00000e+00	0.00000e+00	0.00000e+00	0.00000e+00	0.00000e+00	0.00000e+00
15.72	0.00000e+00	0.00000e+00	0.00000e+00	0.00000e+00	0.00000e+00	0.00000e+00	0.00000e+00	0.00000e+00	0.00000e+00	0.00000e+00	0.00000e+00	0.00000e+00	0.00000e+00	0.00000e+00	0.00000e+00	0.00000e+00	0.00000e+00	0.00000e+00	0.00000e+00	0.00000e+00	0.00000e+00	0.00000e+00	0.00000e+00	0.00000e+00	0.00000e+00	0.00000e+00	0.00000e+00	0.00000e+00	0.00000e+00	0.00000e+00	0.00000e+00	0.00000e+00	0.00000e+00	0.00000e+00	0.00000e+00	0.00000e+00	0.00000e+00	0.00000e+00	0.00000e+00	0.00000e+00	0.00000e+00	0.00000e+00	0.00000e+00	0.00000e+00	0.00000e+00	0.00000e+00	0.00000e+00	0.00000e+00	0.00000e+00	0.00000e+00	0.00000e+00	0.00000e+00	0.00000e+00	0.00000e+00	0.00000e+00	0.00000e+00	0.00000e+00	0.00000e+00	0.00000e+00	0.00000e+00	0.00000e+00	0.00000e+00	0.00000e+00	0.00000e+00	0.00000e+00	0.00000e+00	0.00000e+00	0.00000e+00	0.00000e+00	0.00000e+00	0.00000e+00	0.00000e+00	0.00000e+00	0.00000e+00	0.00000e+00	0.00000e+00	0.00000e+00	0.00000e+00	0.00000e+00	0.00000e+00	0.00000e+00	0.00000e+00	0.00000e+00	0.00000e+00	0.00000e+00	0.00000e+00	0.00000e+00	0.00000e+00	0.00000e+00	0.00000e+00	0.00000e+00	0.00000e+00	0.00000e+00	0.00000e+00	0.00000e+00	0.00000e+00	0.00000e+00	0.00000e+00	0.00000e+00	0.00000e+00	0.00000e+00	0.00000e+00	0.00000e+00	0.00000e+00	0.00000e+00	0.00000e+00	0.00000e+00	0.00000e+00	0.00000e+00	0.00000e+00	0.00000e+00	0.00000e+00	0.00000e+00	0.00000e+00	0.00000e+00	0.00000e+00	0.00000e+00	0.00000e+00	0.00000e+00	0.00000e+00	0.00000e+00	0.00000e+00	0.00000e+00	0.00000e+00	0.00000e+00	0.00000e+00	0.00000e+00	0.00000e+00	0.00000e+00	0.00000e+00	0.00000e+00	0.00000e+00	0.00000e+00	0.00000e+00	0.00000e+00	0.00000e+00	0.00000e+00	0.00000e+00	0.00000e+00	0.00000e+00	0.00000e+00	0.00000e+00	0.00000e+00	0.00000e+00	0.00000e+00	0.00000e+00	0.00000e+00	0.00000e+00	0.00000e+00	0.00000e+00	0.00000e+00	0.00000e+00	0.00000e+00	0.00000e+00	0.00000e+00	0.00000e+00	0.00000e+00	0.00000e+00	0.00000e+00	0.00000e+00	0.00000e+00	0.00000e+00	0.00000e+00	0.00000e+00	0.00000e+00	0.00000e+00	0.00000e+00	0.00000e+00	0.00000e+00	0.00000e+00	0.00000e+00	0.00000e+00	0.00000e+00	0.00000e+00	0.00000e+00	0.00000e+00	0.00000e+00	0.00000e+00	0.00000e+00	0.00000e+00	0.00000e+00	0.00000e+00	0.00000e+00	0.00000e+00	0.00000e+00
15.76	0.00000e+00	0.00000e+00	0.00000e+00	0.00000e+00	0.00000e+00	0.00000e+00	0.00000e+00	0.00000e+00	0.00000e+00	0.00000e+00	0.00000e+00	0.00000e+00	0.00000e+00	0.00000e+00	0.00000e+00	0.00000e+00	0.00000e+00	0.00000e+00	0.00000e+00	0.00000e+00	0.00000e+00	0.00000e+00	0.00000e+00	0.00000e+00	0.00000e+00	0.00000e+00	0.00000e+00	0.00000e+00	0.00000e+00	0.00000e+00	0.00000e+00	0.00000e+00	0.00000e+00	0.00000e+00	0.00000e+00	0.00000e+00	0.00000e+00	0.00000e+00	0.00000e+00	0.00000e+00	0.00000e+00	0.00000e+00	0.00000e+00	0.00000e+00	0.00000e+00	0.00000e+00	0.00000e+00	0.00000e+00	0.00000e+00	0.00000e+00	0.00000e+00	0.00000e+00	0.00000e+00	0.00000e+00	0.00000e+00	0.00000e+00	0.00000e+00	0.00000e+00	0.00000e+00	0.00000e+00	0.00000e+00	0.00000e+00	0.00000e+00	0.00000e+00	0.00000e+00	0.00000e+00	0.00000e+00	0.00000e+00	0.00000e+00	0.00000e+00	0.00000e+00	0.00000e+00	0.00000e+00	0.00000e+00	0.00000e+00	0.00000e+00	0.00000e+00	0.00000e+00	0.00000e+00	0.00000e+00	0.00000e+00	0.00000e+00	0.00000e+00	0.00000e+00	0.00000e+00	0.00000e+00	0.00000e+00	0.00000e+00	0.00000e+00	0.00000e+00	0.00000e+00	0.00000e+00	0.00000e+00	0.00000e+00	0.00000e+00	0.00000e+00	0.00000e+00	0.00000e+00	0.00000e+00	0.00000e+00	0.00000e+00	0.00000e+00	0.00000e+00	0.00000e+00	0.00000e+00	0.00000e+00	0.00000e+00	0.00000e+00	0.00000e+00	0.00000e+00	0.00000e+00	0.00000e+00	0.00000e+00	0.00000e+00	0.00000e+00	0.00000e+00	0.00000e+00	0.00000e+00	0.00000e+00	0.00000e+00	0.00000e+00	0.00000e+00	0.00000e+00	0.00000e+00	0.00000e+00	0.00000e+00	0.00000e+00	0.00000e+00	0.00000e+00	0.00000e+00	0.00000e+00	0.00000e+00	0.00000e+00	0.00000e+00	0.00000e+00	0.00000e+00	0.00000e+00	0.00000e+00	0.00000e+00	0.00000e+00	0.00000e+00	0.00000e+00	0.00000e+00	0.00000e+00	0.00000e+00	0.00000e+00	0.00000e+00	0.00000e+00	0.00000e+00	0.00000e+00	0.00000e+00	0.00000e+00	0.00000e+00	0.00000e+00	0.00000e+00	0.00000e+00	0.00000e+00	0.00000e+00	0.00000e+00	0.00000e+00	0.00000e+00	0.00000e+00	0.00000e+00	0.00000e+00	0.00000e+00	0.00000e+00	0.00000e+00	0.00000e+00	0.00000e+00	0.00000e+00	0.00000e+00	0.00000e+00	0.00000e+00	0.00000e+00	0.00000e+00	0.00000e+00	0.00000e+00	0.00000e+00	0.00000e+00	0.00000e+00	0.00000e+00	0.00000e+00	0.00000e+00	0.00000e+00	0.00000e+00
15.79	0.00000e+00	0.00000e+00	0.00000e+00	0.00000e+00	0.00000e+00	0.00000e+00	0.00000e+00	0.00000e+00	0.00000e+00	0.00000e+00	0.00000e+00	0.00000e+00	0.00000e+00	0.00000e+00	0.00000e+00	0.00000e+00	0.00000e+00	0.00000e+00	0.00000e+00	0.00000e+00	0.00000e+00	0.00000e+00	0.00000e+00	0.00000e+00	0.00000e+00	0.00000e+00	0.00000e+00	0.00000e+00	0.00000e+00	0.00000e+00	0.00000e+00	0.00000e+00	0.00000e+00	0.00000e+00	0.00000e+00	0.00000e+00	0.00000e+00	0.00000e+00	0.00000e+00	0.00000e+00	0.00000e+00	0.00000e+00	0.00000e+00	0.00000e+00	0.00000e+00	0.00000e+00	0.00000e+00	0.00000e+00	0.00000e+00	0.00000e+00	0.00000e+00	0.00000e+00	0.00000e+00	0.00000e+00	0.00000e+00	0.00000e+00	0.00000e+00	0.00000e+00	0.00000e+00	0.00000e+00	0.00000e+00	0.00000e+00	0.00000e+00	0.00000e+00	0.00000e+00	0.00000e+00	0.00000e+00	0.00000e+00	0.00000e+00	0.00000e+00	0.00000e+00	0.00000e+00	0.00000e+00	0.00000e+00	0.00000e+00	0.00000e+00	0.00000e+00	0.00000e+00	0.00000e+00	0.00000e+00	0.00000e+00	0.00000e+00	0.00000e+00	0.00000e+00	0.00000e+00	0.00000e+00	0.00000e+00	0.00000e+00	0.00000e+00	0.00000e+00	0.00000e+00	0.00000e+00	0.00000e+00	0.00000e+00	0.00000e+00	0.00000e+00	0.00000e+00	0.00000e+00	0.00000e+00	0.00000e+00	0.00000e+00	0.00000e+00	0.00000e+00	0.00000e+00	0.00000e+00	0.00000e+00	0.00000e+00	0.00000e+00	0.00000e+00	0.00000e+00	0.00000e+00	0.00000e+00	0.00000e+00	0.00000e+00	0.00000e+00	0.00000e+00	0.00000e+00	0.00000e+00	0.00000e+00	0.00000e+00	0.00000e+00	0.00000e+00	0.00000e+00	0.00000e+00	0.00000e+00	0.00000e+00	0.00000e+00	0.00000e+00	0.00000e+00	0.00000e+00	0.00000e+00	0.00000e+00	0.00000e+00	0.00000e+00	0.00000e+00	0.00000e+00	0.00000e+00	0.00000e+00	0.00000e+00	0.00000e+00	0.00000e+00	0.00000e+00	0.00000e+00	0.00000e+00	0.00000e+00	0.00000e+00	0.00000e+00	0.00000e+00	0.00000e+00	0.00000e+00	0.00000e+00	0.00000e+00	0.00000e+00	0.00000e+00	0.00000e+00	0.00000e+00	0.00000e+00	0.00000e+00	0.00000e+00	0.00000e+00	0.00000e+00	0.00000e+00	0.00000e+00	0.00000e+00	0.00000e+00	0.00000e+00	0.00000e+00	0.00000e+00	0.00000e+00	0.00000e+00	0.00000e+00	0.00000e+00	0.00000e+00	0.00000e+00	0.00000e+00	0.00000e+00	0.00000e+00	0.00000e+00	0.00000e+00	0.00000e+00	0.00000e+00	0.00000e+00	0.00000e+00	0.00000e+00	0.00000e+00
15.83	0.00000e+00	0.00000e+00	0.00000e+00	0.00000e+00	0.00000e+00	0.00000e+00	0.00000e+00	0.00000e+00	0.00000e+00	0.00000e+00	0.00000e+00	0.00000e+00	0.00000e+00	0.00000e+00	0.00000e+00	0.00000e+00	0.00000e+00	0.00000e+00	0.00000e+00	0.00000e+00	0.00000e+00	0.00000e+00	0.00000e+00	0.00000e+00	0.00000e+00	0.00000e+00	0.00000e+00	0.00000e+00	0.00000e+00	0.00000e+00	0.00000e+00	0.00000e+00	0.00000e+00	0.00000e+00	0.00000e+00	0.00000e+00	0.00000e+00	0.00000e+00	0.00000e+00	0.00000e+00	0.00000e+00	0.00000e+00	0.00000e+00	0.00000e+00	0.00000e+00	0.00000e+00	0.00000e+00	0.00000e+00	0.00000e+00	0.00000e+00	0.00000e+00	0.00000e+00	0.00000e+00	0.00000e+00	0.00000e+00	0.00000e+00	0.00000e+00	0.00000e+00	0.00000e+00	0.00000e+00	0.00000e+00	0.00000e+00	0.00000e+00	0.00000e+00	0.00000e+00	0.00000e+00	0.00000e+00	0.00000e+00	0.00000e+00	0.00000e+00	0.00000e+00	0.00000e+00	0.00000e+00	0.00000e+00	0.00000e+00	0.00000e+00	0.00000e+00	0.00000e+00	0.00000e+00	0.00000e+00	0.00000e+00	0.00000e+00	0.00000e+00	0.00000e+00	0.00000e+00	0.00000e+00	0.00000e+00	0.00000e+00	0.00000e+00	0.00000e+00	0.00000e+00	0.00000e+00	0.00000e+00	0.00000e+00	0.00000e+00	0.00000e+00	0.00000e+00	0.00000e+00	0.00000e+00	0.00000e+00	0.00000e+00	0.00000e+00	0.00000e+00	0.00000e+00	0.00000e+00	0.00000e+00	0.00000e+00	0.00000e+00	0.00000e+00	0.00000e+00	0.00000e+00	0.00000e+00	0.00000e+00	0.00000e+00	0.00000e+00	0.00000e+00	0.00000e+00	0.00000e+00	0.00000e+00	0.00000e+00	0.00000e+00	0.00000e+00	0.00000e+00	0.00000e+00	0.00000e+00	0.00000e+00	0.00000e+00	0.00000e+00	0.00000e+00	0.00000e+00	0.00000e+00	0.00000e+00	0.00000e+00	0.00000e+00	0.00000e+00	0.00000e+00	0.00000e+00	0.00000e+00	0.00000e+00	0.00000e+00	0.00000e+00	0.00000e+00	0.00000e+00	0.00000e+00	0.00000e+00	0.00000e+00	0.00000e+00	0.00000e+00	0.00000e+00	0.00000e+00	0.00000e+00	0.00000e+00	0.00000e+00	0.00000e+00	0.00000e+00	0.00000e+00	0.00000e+00	0.00000e+00	0.00000e+00	0.00000e+00	0.00000e+00	0.00000e+00	0.00000e+00	0.00000e+00	0.00000e+00	0.00000e+00	0.00000e+00	0.00000e+00	0.00000e+00	0.00000e+00	0.00000e+00	0.00000e+00	0.00000e+00	0.00000e+00	0.00000e+00	0.00000e+00	0.00000e+00	0.00000e+00	0.00000e+00	0.00000e+00	0.00000e+00	0.00000e+00	0.00000e+00	0.00000e+00	0.00000e+00
15.86	0.00000e+00	0.00000e+00	0.00000e+00	0.00000e+00	0.00000e+00	0.00000e+00	0.00000e+00	0.00000e+00	0.00000e+00	0.00000e+00	0.00000e+00	0.00000e+00	0.00000e+00	0.00000e+00	0.00000e+00	0.00000e+00	0.00000e+00	0.00000e+00	0.00000e+00	0.00000e+00	0.00000e+00	0.00000e+00	0.00000e+00	0.00000e+00	0.00000e+00	0.00000e+00	0.00000e+00	0.00000e+00	0.00000e+00	0.00000e+00	0.00000e+00	0.00000e+00	0.00000e+00	0.00000e+00	0.00000e+00	0.00000e+00	0.00000e+00	0.00000e+00	0.00000e+00	0.00000e+00	0.00000e+00	0.00000e+00	0.00000e+00	0.00000e+00	0.00000e+00	0.00000e+00	0.00000e+00	0.00000e+00	0.00000e+00	0.00000e+00	0.00000e+00	0.00000e+00	0.00000e+00	0.00000e+00	0.00000e+00	0.00000e+00	0.00000e+00	0.00000e+00	0.00000e+00	0.00000e+00	0.00000e+00	0.00000e+00	0.00000e+00	0.00000e+00	0.00000e+00	0.00000e+00	0.00000e+00	0.00000e+00	0.00000e+00	0.00000e+00	0.00000e+00	0.00000e+00	0.00000e+00	0.00000e+00	0.00000e+00	0.00000e+00	0.00000e+00	0.00000e+00	0.00000e+00	0.00000e+00	0.00000e+00	0.00000e+00	0.00000e+00	0.00000e+00	0.00000e+00	0.00000e+00	0.00000e+00	0.00000e+00	0.00000e+00	0.00000e+00	0.00000e+00	0.00000e+00	0.00000e+00	0.00000e+00	0.00000e+00	0.00000e+00	0.00000e+00	0.00000e+00	0.00000e+00	0.00000e+00	0.00000e+00	0.00000e+00	0.00000e+00	0.00000e+00	0.00000e+00	0.00000e+00	0.00000e+00	0.00000e+00	0.00000e+00	0.00000e+00	0.00000e+00	0.00000e+00	0.00000e+00	0.00000e+00	0.00000e+00	0.00000e+00	0.00000e+00	0.00000e+00	0.00000e+00	0.00000e+00	0.00000e+00	0.00000e+00	0.00000e+00	0.00000e+00	0.00000e+00	0.00000e+00	0.00000e+00	0.00000e+00	0.00000e+00	0.00000e+00	0.00000e+00	0.00000e+00	0.00000e+00	0.00000e+00	0.00000e+00	0.00000e+00	0.00000e+00	0.00000e+00	0.00000e+00	0.00000e+00	0.00000e+00	0.00000e+00	0.00000e+00	0.00000e+00	0.00000e+00	0.00000e+00	0.00000e+00	0.00000e+00	0.00000e+00	0.00000e+00	0.00000e+00	0.00000e+00	0.00000e+00	0.00000e+00	0.00000e+00	0.00000e+00	0.00000e+00	0.00000e+00	0.00000e+00	0.00000e+00	0.00000e+00	0.00000e+00	0.00000e+00	0.00000e+00	0.00000e+00	0.00000e+00	0.00000e+00	0.00000e+00	0.00000e+00	0.00000e+00	0.00000e+00	0.00000e+00	0.00000e+00	0.00000e+00	0.00000e+00	0.00000e+00	0.00000e+00	0.00000e+00	0.00000e+00	0.00000e+00	0.00000e+00	0.00000e+00	0.00000e+00	0.00000e+00	0.00000e+00
15.89	0.00000e+00	0.00000e+00	0.00000e+00	0.00000e+00	0.00000e+00	0.00000e+00	0.00000e+00	0.00000e+00	0.00000e+00	0.00000e+00	0.00000e+00	0.00000e+00	0.00000e+00	0.00000e+00	0.00000e+00	0.00000e+00	0.00000e+00	0.00000e+00	0.00000e+00	0.00000e+00	0.00000e+00	0.00000e+00	0.00000e+00	0.00000e+00	0.00000e+00	0.00000e+00	0.00000e+00	0.00000e+00	0.00000e+00	0.00000e+00	0.00000e+00	0.00000e+00	0.00000e+00	0.00000e+00	0.00000e+00	0.00000e+00	0.00000e+00	0.00000e+00	0.00000e+00	0.00000e+00	0.00000e+00	0.00000e+00	0.00000e+00	0.00000e+00	0.00000e+00	0.00000e+00	0.00000e+00	0.00000e+00	0.00000e+00	0.00000e+00	0.00000e+00	0.00000e+00	0.00000e+00	0.00000e+00	0.00000e+00	0.00000e+00	0.00000e+00	0.00000e+00	0.00000e+00	0.00000e+00	0.00000e+00	0.00000e+00	0.00000e+00	0.00000e+00	0.00000e+00	0.00000e+00	0.00000e+00	0.00000e+00	0.00000e+00	0.00000e+00	0.00000e+00	0.00000e+00	0.00000e+00	0.00000e+00	0.00000e+00	0.00000e+00	0.00000e+00	0.00000e+00	0.00000e+00	0.00000e+00	0.00000e+00	0.00000e+00	0.00000e+00	0.00000e+00	0.00000e+00	0.00000e+00	0.00000e+00	0.00000e+00	0.00000e+00	0.00000e+00	0.00000e+00	0.00000e+00	0.00000e+00	0.00000e+00	0.00000e+00	0.00000e+00	0.00000e+00	0.00000e+00	0.00000e+00	0.00000e+00	0.00000e+00	0.00000e+00	0.00000e+00	0.00000e+00	0.00000e+00	0.00000e+00	0.00000e+00	0.00000e+00	0.00000e+00	0.00000e+00	0.00000e+00	0.00000e+00	0.00000e+00	0.00000e+00	0.00000e+00	0.00000e+00	0.00000e+00	0.00000e+00	0.00000e+00	0.00000e+00	0.00000e+00	0.00000e+00	0.00000e+00	0.00000e+00	0.00000e+00	0.00000e+00	0.00000e+00	0.00000e+00	0.00000e+00	0.00000e+00	0.00000e+00	0.00000e+00	0.00000e+00	0.00000e+00	0.00000e+00	0.00000e+00	0.00000e+00	0.00000e+00	0.00000e+00	0.00000e+00	0.00000e+00	0.00000e+00	0.00000e+00	0.00000e+00	0.00000e+00	0.00000e+00	0.00000e+00	0.00000e+00	0.00000e+00	0.00000e+00	0.00000e+00	0.00000e+00	0.00000e+00	0.00000e+00	0.00000e+00	0.00000e+00	0.00000e+00	0.00000e+00	0.00000e+00	0.00000e+00	0.00000e+00	0.00000e+00	0.00000e+00	0.00000e+00	0.00000e+00	0.00000e+00	0.00000e+00	0.00000e+00	0.00000e+00	0.00000e+00	0.00000e+00	0.00000e+00	0.00000e+00	0.00000e+00	0.00000e+00	0.00000e+00	0.00000e+00	0.00000e+00	0.00000e+00	0.00000e+00	0.00000e+00	0.00000e+00	0.00000e+00	0.00000e+00	0.00000e+00
15.93	0.00000e+00	0.00000e+00	0.00000e+00	0.00000e+00	0.00000e+00	0.00000e+00	0.00000e+00	0.00000e+00	0.00000e+00	0.00000e+00	0.00000e+00	0.00000e+00	0.00000e+00	0.00000e+00	0.00000e+00	0.00000e+00	0.00000e+00	0.00000e+00	0.00000e+00	0.00000e+00	0.00000e+00	0.00000e+00	0.00000e+00	0.00000e+00	0.00000e+00	0.00000e+00	0.00000e+00	0.00000e+00	0.00000e+00	0.00000e+00	0.00000e+00	0.00000e+00	0.00000e+00	0.00000e+00	0.00000e+00	0.00000e+00	0.00000e+00	0.00000e+00	0.00000e+00	0.00000e+00	0.00000e+00	0.00000e+00	0.00000e+00	0.00000e+00	0.00000e+00	0.00000e+00	0.00000e+00	0.00000e+00	0.00000e+00	0.00000e+00	0.00000e+00	0.00000e+00	0.00000e+00	0.00000e+00	0.00000e+00	0.00000e+00	0.00000e+00	0.00000e+00	0.00000e+00	0.00000e+00	0.00000e+00	0.00000e+00	0.00000e+00	0.00000e+00	0.00000e+00	0.00000e+00	0.00000e+00	0.00000e+00	0.00000e+00	0.00000e+00	0.00000e+00	0.00000e+00	0.00000e+00	0.00000e+00	0.00000e+00	0.00000e+00	0.00000e+00	0.00000e+00	0.00000e+00	0.00000e+00	0.00000e+00	0.00000e+00	0.00000e+00	0.00000e+00	0.00000e+00	0.00000e+00	0.00000e+00	0.00000e+00	0.00000e+00	0.00000e+00	0.00000e+00	0.00000e+00	0.00000e+00	0.00000e+00	0.00000e+00	0.00000e+00	0.00000e+00	0.00000e+00	0.00000e+00	0.00000e+00	0.00000e+00	0.00000e+00	0.00000e+00	0.00000e+00	0.00000e+00	0.00000e+00	0.00000e+00	0.00000e+00	0.00000e+00	0.00000e+00	0.00000e+00	0.00000e+00	0.00000e+00	0.00000e+00	0.00000e+00	0.00000e+00	0.00000e+00	0.00000e+00	0.00000e+00	0.00000e+00	0.00000e+00	0.00000e+00	0.00000e+00	0.00000e+00	0.00000e+00	0.00000e+00	0.00000e+00	0.00000e+00	0.00000e+00	0.00000e+00	0.00000e+00	0.00000e+00	0.00000e+00	0.00000e+00	0.00000e+00	0.00000e+00	0.00000e+00	0.00000e+00	0.00000e+00	0.00000e+00	0.00000e+00	0.00000e+00	0.00000e+00	0.00000e+00	0.00000e+00	0.00000e+00	0.00000e+00	0.00000e+00	0.00000e+00	0.00000e+00	0.00000e+00	0.00000e+00	0.00000e+00	0.00000e+00	0.00000e+00	0.00000e+00	0.00000e+00	0.00000e+00	0.00000e+00	0.00000e+00	0.00000e+00	0.00000e+00	0.00000e+00	0.00000e+00	0.00000e+00	0.00000e+00	0.00000e+00	0.00000e+00	0.00000e+00	0.00000e+00	0.00000e+00	0.00000e+00	0.00000e+00	0.00000e+00	0.00000e+00	0.00000e+00	0.00000e+00	0.00000e+00	0.00000e+00	0.00000e+00	0.00000e+00	0.00000e+00	0.00000e+00	0.00000e+00	0.00000e+00
15.96	0.00000e+00	0.00000e+00	0.00000e+00	0.00000e+00	0.00000e+00	0.00000e+00	0.00000e+00	0.00000e+00	0.00000e+00	0.00000e+00	0.00000e+00	0.00000e+00	0.00000e+00	0.00000e+00	0.00000e+00	0.00000e+00	0.00000e+00	0.00000e+00	0.00000e+00	0.00000e+00	0.00000e+00	0.00000e+00	0.00000e+00	0.00000e+00	0.00000e+00	0.00000e+00	0.00000e+00	0.00000e+00	0.00000e+00	0.00000e+00	0.00000e+00	0.00000e+00	0.00000e+00	0.00000e+00	0.00000e+00	0.00000e+00	0.00000e+00	0.00000e+00	0.00000e+00	0.00000e+00	0.00000e+00	0.00000e+00	0.00000e+00	0.00000e+00	0.00000e+00	0.00000e+00	0.00000e+00	0.00000e+00	0.00000e+00	0.00000e+00	0.00000e+00	0.00000e+00	0.00000e+00	0.00000e+00	0.00000e+00	0.00000e+00	0.00000e+00	0.00000e+00	0.00000e+00	0.00000e+00	0.00000e+00	0.00000e+00	0.00000e+00	0.00000e+00	0.00000e+00	0.00000e+00	0.00000e+00	0.00000e+00	0.00000e+00	0.00000e+00	0.00000e+00	0.00000e+00	0.00000e+00	0.00000e+00	0.00000e+00	0.00000e+00	0.00000e+00	0.00000e+00	0.00000e+00	0.00000e+00	0.00000e+00	0.00000e+00	0.00000e+00	0.00000e+00	0.00000e+00	0.00000e+00	0.00000e+00	0.00000e+00	0.00000e+00	0.00000e+00	0.00000e+00	0.00000e+00	0.00000e+00	0.00000e+00	0.00000e+00	0.00000e+00	0.00000e+00	0.00000e+00	0.00000e+00	0.00000e+00	0.00000e+00	0.00000e+00	0.00000e+00	0.00000e+00	0.00000e+00	0.00000e+00	0.00000e+00	0.00000e+00	0.00000e+00	0.00000e+00	0.00000e+00	0.00000e+00	0.00000e+00	0.00000e+00	0.00000e+00	0.00000e+00	0.00000e+00	0.00000e+00	0.00000e+00	0.00000e+00	0.00000e+00	0.00000e+00	0.00000e+00	0.00000e+00	0.00000e+00	0.00000e+00	0.00000e+00	0.00000e+00	0.00000e+00	0.00000e+00	0.00000e+00	0.00000e+00	0.00000e+00	0.00000e+00	0.00000e+00	0.00000e+00	0.00000e+00	0.00000e+00	0.00000e+00	0.00000e+00	0.00000e+00	0.00000e+00	0.00000e+00	0.00000e+00	0.00000e+00	0.00000e+00	0.00000e+00	0.00000e+00	0.00000e+00	0.00000e+00	0.00000e+00	0.00000e+00	0.00000e+00	0.00000e+00	0.00000e+00	0.00000e+00	0.00000e+00	0.00000e+00	0.00000e+00	0.00000e+00	0.00000e+00	0.00000e+00	0.00000e+00	0.00000e+00	0.00000e+00	0.00000e+00	0.00000e+00	0.00000e+00	0.00000e+00	0.00000e+00	0.00000e+00	0.00000e+00	0.00000e+00	0.00000e+00	0.00000e+00	0.00000e+00	0.00000e+00	0.00000e+00	0.00000e+00	0.00000e+00	0.00000e+00	0.00000e+00	0.00000e+00	0.00000e+00	0.00000e+00
16.00	0.00000e+00	0.00000e+00	0.00000e+00	0.00000e+00	0.00000e+00	0.00000e+00	0.00000e+00	0.00000e+00	0.00000e+00	0.00000e+00	0.00000e+00	0.00000e+00	0.00000e+00	0.00000e+00	0.00000e+00	0.00000e+00	0.00000e+00	0.00000e+00	0.00000e+00	0.00000e+00	0.00000e+00	0.00000e+00	0.00000e+00	0.00000e+00	0.00000e+00	0.00000e+00	0.00000e+00	0.00000e+00	0.00000e+00	0.00000e+00	0.00000e+00	0.00000e+00	0.00000e+00	0.00000e+00	0.00000e+00	0.00000e+00	0.00000e+00	0.00000e+00	0.00000e+00	0.00000e+00	0.00000e+00	0.00000e+00	0.00000e+00	0.00000e+00	0.00000e+00	0.00000e+00	0.00000e+00	0.00000e+00	0.00000e+00	0.00000e+00	0.00000e+00	0.00000e+00	0.00000e+00	0.00000e+00	0.00000e+00	0.00000e+00	0.00000e+00	0.00000e+00	0.00000e+00	0.00000e+00	0.00000e+00	0.00000e+00	0.00000e+00	0.00000e+00	0.00000e+00	0.00000e+00	0.00000e+00	0.00000e+00	0.00000e+00	0.00000e+00	0.00000e+00	0.00000e+00	0.00000e+00	0.00000e+00	0.00000e+00	0.00000e+00	0.00000e+00	0.00000e+00	0.00000e+00	0.00000e+00	0.00000e+00	0.00000e+00	0.00000e+00	0.00000e+00	0.00000e+00	0.00000e+00	0.00000e+00	0.00000e+00	0.00000e+00	0.00000e+00	0.00000e+00	0.00000e+00	0.00000e+00	0.00000e+00	0.00000e+00	0.00000e+00	0.00000e+00	0.00000e+00	0.00000e+00	0.00000e+00	0.00000e+00	0.00000e+00	0.00000e+00	0.00000e+00	0.00000e+00	0.00000e+00	0.00000e+00	0.00000e+00	0.00000e+00	0.00000e+00	0.00000e+00	0.00000e+00	0.00000e+00	0.00000e+00	0.00000e+00	0.00000e+00	0.00000e+00	0.00000e+00	0.00000e+00	0.00000e+00	0.00000e+00	0.00000e+00	0.00000e+00	0.00000e+00	0.00000e+00	0.00000e+00	0.00000e+00	0.00000e+00	0.00000e+00	0.00000e+00	0.00000e+00	0.00000e+00	0.00000e+00	0.00000e+00	0.00000e+00	0.00000e+00	0.00000e+00	0.00000e+00	0.00000e+00	0.00000e+00	0.00000e+00	0.00000e+00	0.00000e+00	0.00000e+00	0.00000e+00	0.00000e+00	0.00000e+00	0.00000e+00	0.00000e+00	0.00000e+00	0.00000e+00	0.00000e+00	0.00000e+00	0.00000e+00	0.00000e+00	0.00000e+00	0.00000e+00	0.00000e+00	0.00000e+00	0.00000e+00	0.00000e+00	0.00000e+00	0.00000e+00	0.00000e+00	0.00000e+00	0.00000e+00	0.00000e+00	0.00000e+00	0.00000e+00	0.00000e+00	0.00000e+00	0.00000e+00	0.00000e+00	0.00000e+00	0.00000e+00	0.00000e+00	0.00000e+00	0.00000e+00	0.00000e+00	0.00000e+00	0.00000e+00	0.00000e+00	0.00000e+00	0.00000e+00	0.00000e+00
16.03	0.00000e+00	0.00000e+00	0.00000e+00	0.00000e+00	0.00000e+00	0.00000e+00	0.00000e+00	0.00000e+00	0.00000e+00	0.00000e+00	0.00000e+00	0.00000e+00	0.00000e+00	0.00000e+00	0.00000e+00	0.00000e+00	0.00000e+00	0.00000e+00	0.00000e+00	0.00000e+00	0.00000e+00	0.00000e+00	0.00000e+00	0.00000e+00	0.00000e+00	0.00000e+00	0.00000e+00	0.00000e+00	0.00000e+00	0.00000e+00	0.00000e+00	0.00000e+00	0.00000e+00	0.00000e+00	0.00000e+00	0.00000e+00	0.00000e+00	0.00000e+00	0.00000e+00	0.00000e+00	0.00000e+00	0.00000e+00	0.00000e+00	0.00000e+00	0.00000e+00	0.00000e+00	0.00000e+00	0.00000e+00	0.00000e+00	0.00000e+00	0.00000e+00	0.00000e+00	0.00000e+00	0.00000e+00	0.00000e+00	0.00000e+00	0.00000e+00	0.00000e+00	0.00000e+00	0.00000e+00	0.00000e+00	0.00000e+00	0.00000e+00	0.00000e+00	0.00000e+00	0.00000e+00	0.00000e+00	0.00000e+00	0.00000e+00	0.00000e+00	0.00000e+00	0.00000e+00	0.00000e+00	0.00000e+00	0.00000e+00	0.00000e+00	0.00000e+00	0.00000e+00	0.00000e+00	0.00000e+00	0.00000e+00	0.00000e+00	0.00000e+00	0.00000e+00	0.00000e+00	0.00000e+00	0.00000e+00	0.00000e+00	0.00000e+00	0.00000e+00	0.00000e+00	0.00000e+00	0.00000e+00	0.00000e+00	0.00000e+00	0.00000e+00	0.00000e+00	0.00000e+00	0.00000e+00	0.00000e+00	0.00000e+00	0.00000e+00	0.00000e+00	0.00000e+00	0.00000e+00	0.00000e+00	0.00000e+00	0.00000e+00	0.00000e+00	0.00000e+00	0.00000e+00	0.00000e+00	0.00000e+00	0.00000e+00	0.00000e+00	0.00000e+00	0.00000e+00	0.00000e+00	0.00000e+00	0.00000e+00	0.00000e+00	0.00000e+00	0.00000e+00	0.00000e+00	0.00000e+00	0.00000e+00	0.00000e+00	0.00000e+00	0.00000e+00	0.00000e+00	0.00000e+00	0.00000e+00	0.00000e+00	0.00000e+00	0.00000e+00	0.00000e+00	0.00000e+00	0.00000e+00	0.00000e+00	0.00000e+00	0.00000e+00	0.00000e+00	0.00000e+00	0.00000e+00	0.00000e+00	0.00000e+00	0.00000e+00	0.00000e+00	0.00000e+00	0.00000e+00	0.00000e+00	0.00000e+00	0.00000e+00	0.00000e+00	0.00000e+00	0.00000e+00	0.00000e+00	0.00000e+00	0.00000e+00	0.00000e+00	0.00000e+00	0.00000e+00	0.00000e+00	0.00000e+00	0.00000e+00	0.00000e+00	0.00000e+00	0.00000e+00	0.00000e+00	0.00000e+00	0.00000e+00	0.00000e+00	0.00000e+00	0.00000e+00	0.00000e+00	0.00000e+00	0.00000e+00	0.00000e+00	0.00000e+00	0.00000e+00	0.00000e+00	0.00000e+00	0.00000e+00	0.00000e+00	0.00000e+00
16.06	0.00000e+00	0.00000e+00	0.00000e+00	0.00000e+00	0.00000e+00	0.00000e+00	0.00000e+00	0.00000e+00	0.00000e+00	0.00000e+00	0.00000e+00	0.00000e+00	0.00000e+00	0.00000e+00	0.00000e+00	0.00000e+00	0.00000e+00	0.00000e+00	0.00000e+00	0.00000e+00	0.00000e+00	0.00000e+00	0.00000e+00	0.00000e+00	0.00000e+00	0.00000e+00	0.00000e+00	0.00000e+00	0.00000e+00	0.00000e+00	0.00000e+00	0.00000e+00	0.00000e+00	0.00000e+00	0.00000e+00	0.00000e+00	0.00000e+00	0.00000e+00	0.00000e+00	0.00000e+00	0.00000e+00	0.00000e+00	0.00000e+00	0.00000e+00	0.00000e+00	0.00000e+00	0.00000e+00	0.00000e+00	0.00000e+00	0.00000e+00	0.00000e+00	0.00000e+00	0.00000e+00	0.00000e+00	0.00000e+00	0.00000e+00	0.00000e+00	0.00000e+00	0.00000e+00	0.00000e+00	0.00000e+00	0.00000e+00	0.00000e+00	0.00000e+00	0.00000e+00	0.00000e+00	0.00000e+00	0.00000e+00	0.00000e+00	0.00000e+00	0.00000e+00	0.00000e+00	0.00000e+00	0.00000e+00	0.00000e+00	0.00000e+00	0.00000e+00	0.00000e+00	0.00000e+00	0.00000e+00	0.00000e+00	0.00000e+00	0.00000e+00	0.00000e+00	0.00000e+00	0.00000e+00	0.00000e+00	0.00000e+00	0.00000e+00	0.00000e+00	0.00000e+00	0.00000e+00	0.00000e+00	0.00000e+00	0.00000e+00	0.00000e+00	0.00000e+00	0.00000e+00	0.00000e+00	0.00000e+00	0.00000e+00	0.00000e+00	0.00000e+00	0.00000e+00	0.00000e+00	0.00000e+00	0.00000e+00	0.00000e+00	0.00000e+00	0.00000e+00	0.00000e+00	0.00000e+00	0.00000e+00	0.00000e+00	0.00000e+00	0.00000e+00	0.00000e+00	0.00000e+00	0.00000e+00	0.00000e+00	0.00000e+00	0.00000e+00	0.00000e+00	0.00000e+00	0.00000e+00	0.00000e+00	0.00000e+00	0.00000e+00	0.00000e+00	0.00000e+00	0.00000e+00	0.00000e+00	0.00000e+00	0.00000e+00	0.00000e+00	0.00000e+00	0.00000e+00	0.00000e+00	0.00000e+00	0.00000e+00	0.00000e+00	0.00000e+00	0.00000e+00	0.00000e+00	0.00000e+00	0.00000e+00	0.00000e+00	0.00000e+00	0.00000e+00	0.00000e+00	0.00000e+00	0.00000e+00	0.00000e+00	0.00000e+00	0.00000e+00	0.00000e+00	0.00000e+00	0.00000e+00	0.00000e+00	0.00000e+00	0.00000e+00	0.00000e+00	0.00000e+00	0.00000e+00	0.00000e+00	0.00000e+00	0.00000e+00	0.00000e+00	0.00000e+00	0.00000e+00	0.00000e+00	0.00000e+00	0.00000e+00	0.00000e+00	0.00000e+00	0.00000e+00	0.00000e+00	0.00000e+00	0.00000e+00	0.00000e+00	0.00000e+00	0.00000e+00	0.00000e+00	0.00000e+00	0.00000e+00
16.10	0.00000e+00	0.00000e+00	0.00000e+00	0.00000e+00	0.00000e+00	0.00000e+00	0.00000e+00	0.00000e+00	0.00000e+00	0.00000e+00	0.00000e+00	0.00000e+00	0.00000e+00	0.00000e+00	0.00000e+00	0.00000e+00	0.00000e+00	0.00000e+00	0.00000e+00	0.00000e+00	0.00000e+00	0.00000e+00	0.00000e+00	0.00000e+00	0.00000e+00	0.00000e+00	0.00000e+00	0.00000e+00	0.00000e+00	0.00000e+00	0.00000e+00	0.00000e+00	0.00000e+00	0.00000e+00	0.00000e+00	0.00000e+00	0.00000e+00	0.00000e+00	0.00000e+00	0.00000e+00	0.00000e+00	0.00000e+00	0.00000e+00	0.00000e+00	0.00000e+00	0.00000e+00	0.00000e+00	0.00000e+00	0.00000e+00	0.00000e+00	0.00000e+00	0.00000e+00	0.00000e+00	0.00000e+00	0.00000e+00	0.00000e+00	0.00000e+00	0.00000e+00	0.00000e+00	0.00000e+00	0.00000e+00	0.00000e+00	0.00000e+00	0.00000e+00	0.00000e+00	0.00000e+00	0.00000e+00	0.00000e+00	0.00000e+00	0.00000e+00	0.00000e+00	0.00000e+00	0.00000e+00	0.00000e+00	0.00000e+00	0.00000e+00	0.00000e+00	0.00000e+00	0.00000e+00	0.00000e+00	0.00000e+00	0.00000e+00	0.00000e+00	0.00000e+00	0.00000e+00	0.00000e+00	0.00000e+00	0.00000e+00	0.00000e+00	0.00000e+00	0.00000e+00	0.00000e+00	0.00000e+00	0.00000e+00	0.00000e+00	0.00000e+00	0.00000e+00	0.00000e+00	0.00000e+00	0.00000e+00	0.00000e+00	0.00000e+00	0.00000e+00	0.00000e+00	0.00000e+00	0.00000e+00	0.00000e+00	0.00000e+00	0.00000e+00	0.00000e+00	0.00000e+00	0.00000e+00	0.00000e+00	0.00000e+00	0.00000e+00	0.00000e+00	0.00000e+00	0.00000e+00	0.00000e+00	0.00000e+00	0.00000e+00	0.00000e+00	0.00000e+00	0.00000e+00	0.00000e+00	0.00000e+00	0.00000e+00	0.00000e+00	0.00000e+00	0.00000e+00	0.00000e+00	0.00000e+00	0.00000e+00	0.00000e+00	0.00000e+00	0.00000e+00	0.00000e+00	0.00000e+00	0.00000e+00	0.00000e+00	0.00000e+00	0.00000e+00	0.00000e+00	0.00000e+00	0.00000e+00	0.00000e+00	0.00000e+00	0.00000e+00	0.00000e+00	0.00000e+00	0.00000e+00	0.00000e+00	0.00000e+00	0.00000e+00	0.00000e+00	0.00000e+00	0.00000e+00	0.00000e+00	0.00000e+00	0.00000e+00	0.00000e+00	0.00000e+00	0.00000e+00	0.00000e+00	0.00000e+00	0.00000e+00	0.00000e+00	0.00000e+00	0.00000e+00	0.00000e+00	0.00000e+00	0.00000e+00	0.00000e+00	0.00000e+00	0.00000e+00	0.00000e+00	0.00000e+00	0.00000e+00	0.00000e+00	0.00000e+00	0.00000e+00	0.00000e+00	0.00000e+00	0.00000e+00	0.00000e+00
16.13	0.00000e+00	0.00000e+00	0.00000e+00	0.00000e+00	0.00000e+00	0.00000e+00	0.00000e+00	0.00000e+00	0.00000e+00	0.00000e+00	0.00000e+00	0.00000e+00	0.00000e+00	0.00000e+00	0.00000e+00	0.00000e+00	0.00000e+00	0.00000e+00	0.00000e+00	0.00000e+00	0.00000e+00	0.00000e+00	0.00000e+00	0.00000e+00	0.00000e+00	0.00000e+00	0.00000e+00	0.00000e+00	0.00000e+00	0.00000e+00	0.00000e+00	0.00000e+00	0.00000e+00	0.00000e+00	0.00000e+00	0.00000e+00	0.00000e+00	0.00000e+00	0.00000e+00	0.00000e+00	0.00000e+00	0.00000e+00	0.00000e+00	0.00000e+00	0.00000e+00	0.00000e+00	0.00000e+00	0.00000e+00	0.00000e+00	0.00000e+00	0.00000e+00	0.00000e+00	0.00000e+00	0.00000e+00	0.00000e+00	0.00000e+00	0.00000e+00	0.00000e+00	0.00000e+00	0.00000e+00	0.00000e+00	0.00000e+00	0.00000e+00	0.00000e+00	0.00000e+00	0.00000e+00	0.00000e+00	0.00000e+00	0.00000e+00	0.00000e+00	0.00000e+00	0.00000e+00	0.00000e+00	0.00000e+00	0.00000e+00	0.00000e+00	0.00000e+00	0.00000e+00	0.00000e+00	0.00000e+00	0.00000e+00	0.00000e+00	0.00000e+00	0.00000e+00	0.00000e+00	0.00000e+00	0.00000e+00	0.00000e+00	0.00000e+00	0.00000e+00	0.00000e+00	0.00000e+00	0.00000e+00	0.00000e+00	0.00000e+00	0.00000e+00	0.00000e+00	0.00000e+00	0.00000e+00	0.00000e+00	0.00000e+00	0.00000e+00	0.00000e+00	0.00000e+00	0.00000e+00	0.00000e+00	0.00000e+00	0.00000e+00	0.00000e+00	0.00000e+00	0.00000e+00	0.00000e+00	0.00000e+00	0.00000e+00	0.00000e+00	0.00000e+00	0.00000e+00	0.00000e+00	0.00000e+00	0.00000e+00	0.00000e+00	0.00000e+00	0.00000e+00	0.00000e+00	0.00000e+00	0.00000e+00	0.00000e+00	0.00000e+00	0.00000e+00	0.00000e+00	0.00000e+00	0.00000e+00	0.00000e+00	0.00000e+00	0.00000e+00	0.00000e+00	0.00000e+00	0.00000e+00	0.00000e+00	0.00000e+00	0.00000e+00	0.00000e+00	0.00000e+00	0.00000e+00	0.00000e+00	0.00000e+00	0.00000e+00	0.00000e+00	0.00000e+00	0.00000e+00	0.00000e+00	0.00000e+00	0.00000e+00	0.00000e+00	0.00000e+00	0.00000e+00	0.00000e+00	0.00000e+00	0.00000e+00	0.00000e+00	0.00000e+00	0.00000e+00	0.00000e+00	0.00000e+00	0.00000e+00	0.00000e+00	0.00000e+00	0.00000e+00	0.00000e+00	0.00000e+00	0.00000e+00	0.00000e+00	0.00000e+00	0.00000e+00	0.00000e+00	0.00000e+00	0.00000e+00	0.00000e+00	0.00000e+00	0.00000e+00	0.00000e+00	0.00000e+00	0.00000e+00	0.00000e+00	0.00000e+00
16.17	0.00000e+00	0.00000e+00	0.00000e+00	0.00000e+00	0.00000e+00	0.00000e+00	0.00000e+00	0.00000e+00	0.00000e+00	0.00000e+00	0.00000e+00	0.00000e+00	0.00000e+00	0.00000e+00	0.00000e+00	0.00000e+00	0.00000e+00	0.00000e+00	0.00000e+00	0.00000e+00	0.00000e+00	0.00000e+00	0.00000e+00	0.00000e+00	0.00000e+00	0.00000e+00	0.00000e+00	0.00000e+00	0.00000e+00	0.00000e+00	0.00000e+00	0.00000e+00	0.00000e+00	0.00000e+00	0.00000e+00	0.00000e+00	0.00000e+00	0.00000e+00	0.00000e+00	0.00000e+00	0.00000e+00	0.00000e+00	0.00000e+00	0.00000e+00	0.00000e+00	0.00000e+00	0.00000e+00	0.00000e+00	0.00000e+00	0.00000e+00	0.00000e+00	0.00000e+00	0.00000e+00	0.00000e+00	0.00000e+00	0.00000e+00	0.00000e+00	0.00000e+00	0.00000e+00	0.00000e+00	0.00000e+00	0.00000e+00	0.00000e+00	0.00000e+00	0.00000e+00	0.00000e+00	0.00000e+00	0.00000e+00	0.00000e+00	0.00000e+00	0.00000e+00	0.00000e+00	0.00000e+00	0.00000e+00	0.00000e+00	0.00000e+00	0.00000e+00	0.00000e+00	0.00000e+00	0.00000e+00	0.00000e+00	0.00000e+00	0.00000e+00	0.00000e+00	0.00000e+00	0.00000e+00	0.00000e+00	0.00000e+00	0.00000e+00	0.00000e+00	0.00000e+00	0.00000e+00	0.00000e+00	0.00000e+00	0.00000e+00	0.00000e+00	0.00000e+00	0.00000e+00	0.00000e+00	0.00000e+00	0.00000e+00	0.00000e+00	0.00000e+00	0.00000e+00	0.00000e+00	0.00000e+00	0.00000e+00	0.00000e+00	0.00000e+00	0.00000e+00	0.00000e+00	0.00000e+00	0.00000e+00	0.00000e+00	0.00000e+00	0.00000e+00	0.00000e+00	0.00000e+00	0.00000e+00	0.00000e+00	0.00000e+00	0.00000e+00	0.00000e+00	0.00000e+00	0.00000e+00	0.00000e+00	0.00000e+00	0.00000e+00	0.00000e+00	0.00000e+00	0.00000e+00	0.00000e+00	0.00000e+00	0.00000e+00	0.00000e+00	0.00000e+00	0.00000e+00	0.00000e+00	0.00000e+00	0.00000e+00	0.00000e+00	0.00000e+00	0.00000e+00	0.00000e+00	0.00000e+00	0.00000e+00	0.00000e+00	0.00000e+00	0.00000e+00	0.00000e+00	0.00000e+00	0.00000e+00	0.00000e+00	0.00000e+00	0.00000e+00	0.00000e+00	0.00000e+00	0.00000e+00	0.00000e+00	0.00000e+00	0.00000e+00	0.00000e+00	0.00000e+00	0.00000e+00	0.00000e+00	0.00000e+00	0.00000e+00	0.00000e+00	0.00000e+00	0.00000e+00	0.00000e+00	0.00000e+00	0.00000e+00	0.00000e+00	0.00000e+00	0.00000e+00	0.00000e+00	0.00000e+00	0.00000e+00	0.00000e+00	0.00000e+00	0.00000e+00	0.00000e+00	0.00000e+00	0.00000e+00
16.20	0.00000e+00	0.00000e+00	0.00000e+00	0.00000e+00	0.00000e+00	0.00000e+00	0.00000e+00	0.00000e+00	0.00000e+00	0.00000e+00	0.00000e+00	0.00000e+00	0.00000e+00	0.00000e+00	0.00000e+00	0.00000e+00	0.00000e+00	0.00000e+00	0.00000e+00	0.00000e+00	0.00000e+00	0.00000e+00	0.00000e+00	0.00000e+00	0.00000e+00	0.00000e+00	0.00000e+00	0.00000e+00	0.00000e+00	0.00000e+00	0.00000e+00	0.00000e+00	0.00000e+00	0.00000e+00	0.00000e+00	0.00000e+00	0.00000e+00	0.00000e+00	0.00000e+00	0.00000e+00	0.00000e+00	0.00000e+00	0.00000e+00	0.00000e+00	0.00000e+00	0.00000e+00	0.00000e+00	0.00000e+00	0.00000e+00	0.00000e+00	0.00000e+00	0.00000e+00	0.00000e+00	0.00000e+00	0.00000e+00	0.00000e+00	0.00000e+00	0.00000e+00	0.00000e+00	0.00000e+00	0.00000e+00	0.00000e+00	0.00000e+00	0.00000e+00	0.00000e+00	0.00000e+00	0.00000e+00	0.00000e+00	0.00000e+00	0.00000e+00	0.00000e+00	0.00000e+00	0.00000e+00	0.00000e+00	0.00000e+00	0.00000e+00	0.00000e+00	0.00000e+00	0.00000e+00	0.00000e+00	0.00000e+00	0.00000e+00	0.00000e+00	0.00000e+00	0.00000e+00	0.00000e+00	0.00000e+00	0.00000e+00	0.00000e+00	0.00000e+00	0.00000e+00	0.00000e+00	0.00000e+00	0.00000e+00	0.00000e+00	0.00000e+00	0.00000e+00	0.00000e+00	0.00000e+00	0.00000e+00	0.00000e+00	0.00000e+00	0.00000e+00	0.00000e+00	0.00000e+00	0.00000e+00	0.00000e+00	0.00000e+00	0.00000e+00	0.00000e+00	0.00000e+00	0.00000e+00	0.00000e+00	0.00000e+00	0.00000e+00	0.00000e+00	0.00000e+00	0.00000e+00	0.00000e+00	0.00000e+00	0.00000e+00	0.00000e+00	0.00000e+00	0.00000e+00	0.00000e+00	0.00000e+00	0.00000e+00	0.00000e+00	0.00000e+00	0.00000e+00	0.00000e+00	0.00000e+00	0.00000e+00	0.00000e+00	0.00000e+00	0.00000e+00	0.00000e+00	0.00000e+00	0.00000e+00	0.00000e+00	0.00000e+00	0.00000e+00	0.00000e+00	0.00000e+00	0.00000e+00	0.00000e+00	0.00000e+00	0.00000e+00	0.00000e+00	0.00000e+00	0.00000e+00	0.00000e+00	0.00000e+00	0.00000e+00	0.00000e+00	0.00000e+00	0.00000e+00	0.00000e+00	0.00000e+00	0.00000e+00	0.00000e+00	0.00000e+00	0.00000e+00	0.00000e+00	0.00000e+00	0.00000e+00	0.00000e+00	0.00000e+00	0.00000e+00	0.00000e+00	0.00000e+00	0.00000e+00	0.00000e+00	0.00000e+00	0.00000e+00	0.00000e+00	0.00000e+00	0.00000e+00	0.00000e+00	0.00000e+00	0.00000e+00	0.00000e+00	0.00000e+00	0.00000e+00	0.00000e+00
16.23	0.00000e+00	0.00000e+00	0.00000e+00	0.00000e+00	0.00000e+00	0.00000e+00	0.00000e+00	0.00000e+00	0.00000e+00	0.00000e+00	0.00000e+00	0.00000e+00	0.00000e+00	0.00000e+00	0.00000e+00	0.00000e+00	0.00000e+00	0.00000e+00	0.00000e+00	0.00000e+00	0.00000e+00	0.00000e+00	0.00000e+00	0.00000e+00	0.00000e+00	0.00000e+00	0.00000e+00	0.00000e+00	0.00000e+00	0.00000e+00	0.00000e+00	0.00000e+00	0.00000e+00	0.00000e+00	0.00000e+00	0.00000e+00	0.00000e+00	0.00000e+00	0.00000e+00	0.00000e+00	0.00000e+00	0.00000e+00	0.00000e+00	0.00000e+00	0.00000e+00	0.00000e+00	0.00000e+00	0.00000e+00	0.00000e+00	0.00000e+00	0.00000e+00	0.00000e+00	0.00000e+00	0.00000e+00	0.00000e+00	0.00000e+00	0.00000e+00	0.00000e+00	0.00000e+00	0.00000e+00	0.00000e+00	0.00000e+00	0.00000e+00	0.00000e+00	0.00000e+00	0.00000e+00	0.00000e+00	0.00000e+00	0.00000e+00	0.00000e+00	0.00000e+00	0.00000e+00	0.00000e+00	0.00000e+00	0.00000e+00	0.00000e+00	0.00000e+00	0.00000e+00	0.00000e+00	0.00000e+00	0.00000e+00	0.00000e+00	0.00000e+00	0.00000e+00	0.00000e+00	0.00000e+00	0.00000e+00	0.00000e+00	0.00000e+00	0.00000e+00	0.00000e+00	0.00000e+00	0.00000e+00	0.00000e+00	0.00000e+00	0.00000e+00	0.00000e+00	0.00000e+00	0.00000e+00	0.00000e+00	0.00000e+00	0.00000e+00	0.00000e+00	0.00000e+00	0.00000e+00	0.00000e+00	0.00000e+00	0.00000e+00	0.00000e+00	0.00000e+00	0.00000e+00	0.00000e+00	0.00000e+00	0.00000e+00	0.00000e+00	0.00000e+00	0.00000e+00	0.00000e+00	0.00000e+00	0.00000e+00	0.00000e+00	0.00000e+00	0.00000e+00	0.00000e+00	0.00000e+00	0.00000e+00	0.00000e+00	0.00000e+00	0.00000e+00	0.00000e+00	0.00000e+00	0.00000e+00	0.00000e+00	0.00000e+00	0.00000e+00	0.00000e+00	0.00000e+00	0.00000e+00	0.00000e+00	0.00000e+00	0.00000e+00	0.00000e+00	0.00000e+00	0.00000e+00	0.00000e+00	0.00000e+00	0.00000e+00	0.00000e+00	0.00000e+00	0.00000e+00	0.00000e+00	0.00000e+00	0.00000e+00	0.00000e+00	0.00000e+00	0.00000e+00	0.00000e+00	0.00000e+00	0.00000e+00	0.00000e+00	0.00000e+00	0.00000e+00	0.00000e+00	0.00000e+00	0.00000e+00	0.00000e+00	0.00000e+00	0.00000e+00	0.00000e+00	0.00000e+00	0.00000e+00	0.00000e+00	0.00000e+00	0.00000e+00	0.00000e+00	0.00000e+00	0.00000e+00	0.00000e+00	0.00000e+00	0.00000e+00	0.00000e+00	0.00000e+00	0.00000e+00	0.00000e+00	0.00000e+00
16.27	0.00000e+00	0.00000e+00	0.00000e+00	0.00000e+00	0.00000e+00	0.00000e+00	0.00000e+00	0.00000e+00	0.00000e+00	0.00000e+00	0.00000e+00	0.00000e+00	0.00000e+00	0.00000e+00	0.00000e+00	0.00000e+00	0.00000e+00	0.00000e+00	0.00000e+00	0.00000e+00	0.00000e+00	0.00000e+00	0.00000e+00	0.00000e+00	0.00000e+00	0.00000e+00	0.00000e+00	0.00000e+00	0.00000e+00	0.00000e+00	0.00000e+00	0.00000e+00	0.00000e+00	0.00000e+00	0.00000e+00	0.00000e+00	0.00000e+00	0.00000e+00	0.00000e+00	0.00000e+00	0.00000e+00	0.00000e+00	0.00000e+00	0.00000e+00	0.00000e+00	0.00000e+00	0.00000e+00	0.00000e+00	0.00000e+00	0.00000e+00	0.00000e+00	0.00000e+00	0.00000e+00	0.00000e+00	0.00000e+00	0.00000e+00	0.00000e+00	0.00000e+00	0.00000e+00	0.00000e+00	0.00000e+00	0.00000e+00	0.00000e+00	0.00000e+00	0.00000e+00	0.00000e+00	0.00000e+00	0.00000e+00	0.00000e+00	0.00000e+00	0.00000e+00	0.00000e+00	0.00000e+00	0.00000e+00	0.00000e+00	0.00000e+00	0.00000e+00	0.00000e+00	0.00000e+00	0.00000e+00	0.00000e+00	0.00000e+00	0.00000e+00	0.00000e+00	0.00000e+00	0.00000e+00	0.00000e+00	0.00000e+00	0.00000e+00	0.00000e+00	0.00000e+00	0.00000e+00	0.00000e+00	0.00000e+00	0.00000e+00	0.00000e+00	0.00000e+00	0.00000e+00	0.00000e+00	0.00000e+00	0.00000e+00	0.00000e+00	0.00000e+00	0.00000e+00	0.00000e+00	0.00000e+00	0.00000e+00	0.00000e+00	0.00000e+00	0.00000e+00	0.00000e+00	0.00000e+00	0.00000e+00	0.00000e+00	0.00000e+00	0.00000e+00	0.00000e+00	0.00000e+00	0.00000e+00	0.00000e+00	0.00000e+00	0.00000e+00	0.00000e+00	0.00000e+00	0.00000e+00	0.00000e+00	0.00000e+00	0.00000e+00	0.00000e+00	0.00000e+00	0.00000e+00	0.00000e+00	0.00000e+00	0.00000e+00	0.00000e+00	0.00000e+00	0.00000e+00	0.00000e+00	0.00000e+00	0.00000e+00	0.00000e+00	0.00000e+00	0.00000e+00	0.00000e+00	0.00000e+00	0.00000e+00	0.00000e+00	0.00000e+00	0.00000e+00	0.00000e+00	0.00000e+00	0.00000e+00	0.00000e+00	0.00000e+00	0.00000e+00	0.00000e+00	0.00000e+00	0.00000e+00	0.00000e+00	0.00000e+00	0.00000e+00	0.00000e+00	0.00000e+00	0.00000e+00	0.00000e+00	0.00000e+00	0.00000e+00	0.00000e+00	0.00000e+00	0.00000e+00	0.00000e+00	0.00000e+00	0.00000e+00	0.00000e+00	0.00000e+00	0.00000e+00	0.00000e+00	0.00000e+00	0.00000e+00	0.00000e+00	0.00000e+00	0.00000e+00	0.00000e+00	0.00000e+00	0.00000e+00
16.30	0.00000e+00	0.00000e+00	0.00000e+00	0.00000e+00	0.00000e+00	0.00000e+00	0.00000e+00	0.00000e+00	0.00000e+00	0.00000e+00	0.00000e+00	0.00000e+00	0.00000e+00	0.00000e+00	0.00000e+00	0.00000e+00	0.00000e+00	0.00000e+00	0.00000e+00	0.00000e+00	0.00000e+00	0.00000e+00	0.00000e+00	0.00000e+00	0.00000e+00	0.00000e+00	0.00000e+00	0.00000e+00	0.00000e+00	0.00000e+00	0.00000e+00	0.00000e+00	0.00000e+00	0.00000e+00	0.00000e+00	0.00000e+00	0.00000e+00	0.00000e+00	0.00000e+00	0.00000e+00	0.00000e+00	0.00000e+00	0.00000e+00	0.00000e+00	0.00000e+00	0.00000e+00	0.00000e+00	0.00000e+00	0.00000e+00	0.00000e+00	0.00000e+00	0.00000e+00	0.00000e+00	0.00000e+00	0.00000e+00	0.00000e+00	0.00000e+00	0.00000e+00	0.00000e+00	0.00000e+00	0.00000e+00	0.00000e+00	0.00000e+00	0.00000e+00	0.00000e+00	0.00000e+00	0.00000e+00	0.00000e+00	0.00000e+00	0.00000e+00	0.00000e+00	0.00000e+00	0.00000e+00	0.00000e+00	0.00000e+00	0.00000e+00	0.00000e+00	0.00000e+00	0.00000e+00	0.00000e+00	0.00000e+00	0.00000e+00	0.00000e+00	0.00000e+00	0.00000e+00	0.00000e+00	0.00000e+00	0.00000e+00	0.00000e+00	0.00000e+00	0.00000e+00	0.00000e+00	0.00000e+00	0.00000e+00	0.00000e+00	0.00000e+00	0.00000e+00	0.00000e+00	0.00000e+00	0.00000e+00	0.00000e+00	0.00000e+00	0.00000e+00	0.00000e+00	0.00000e+00	0.00000e+00	0.00000e+00	0.00000e+00	0.00000e+00	0.00000e+00	0.00000e+00	0.00000e+00	0.00000e+00	0.00000e+00	0.00000e+00	0.00000e+00	0.00000e+00	0.00000e+00	0.00000e+00	0.00000e+00	0.00000e+00	0.00000e+00	0.00000e+00	0.00000e+00	0.00000e+00	0.00000e+00	0.00000e+00	0.00000e+00	0.00000e+00	0.00000e+00	0.00000e+00	0.00000e+00	0.00000e+00	0.00000e+00	0.00000e+00	0.00000e+00	0.00000e+00	0.00000e+00	0.00000e+00	0.00000e+00	0.00000e+00	0.00000e+00	0.00000e+00	0.00000e+00	0.00000e+00	0.00000e+00	0.00000e+00	0.00000e+00	0.00000e+00	0.00000e+00	0.00000e+00	0.00000e+00	0.00000e+00	0.00000e+00	0.00000e+00	0.00000e+00	0.00000e+00	0.00000e+00	0.00000e+00	0.00000e+00	0.00000e+00	0.00000e+00	0.00000e+00	0.00000e+00	0.00000e+00	0.00000e+00	0.00000e+00	0.00000e+00	0.00000e+00	0.00000e+00	0.00000e+00	0.00000e+00	0.00000e+00	0.00000e+00	0.00000e+00	0.00000e+00	0.00000e+00	0.00000e+00	0.00000e+00	0.00000e+00	0.00000e+00	0.00000e+00	0.00000e+00	0.00000e+00	0.00000e+00
16.34	0.00000e+00	0.00000e+00	0.00000e+00	0.00000e+00	0.00000e+00	0.00000e+00	0.00000e+00	0.00000e+00	0.00000e+00	0.00000e+00	0.00000e+00	0.00000e+00	0.00000e+00	0.00000e+00	0.00000e+00	0.00000e+00	0.00000e+00	0.00000e+00	0.00000e+00	0.00000e+00	0.00000e+00	0.00000e+00	0.00000e+00	0.00000e+00	0.00000e+00	0.00000e+00	0.00000e+00	0.00000e+00	0.00000e+00	0.00000e+00	0.00000e+00	0.00000e+00	0.00000e+00	0.00000e+00	0.00000e+00	0.00000e+00	0.00000e+00	0.00000e+00	0.00000e+00	0.00000e+00	0.00000e+00	0.00000e+00	0.00000e+00	0.00000e+00	0.00000e+00	0.00000e+00	0.00000e+00	0.00000e+00	0.00000e+00	0.00000e+00	0.00000e+00	0.00000e+00	0.00000e+00	0.00000e+00	0.00000e+00	0.00000e+00	0.00000e+00	0.00000e+00	0.00000e+00	0.00000e+00	0.00000e+00	0.00000e+00	0.00000e+00	0.00000e+00	0.00000e+00	0.00000e+00	0.00000e+00	0.00000e+00	0.00000e+00	0.00000e+00	0.00000e+00	0.00000e+00	0.00000e+00	0.00000e+00	0.00000e+00	0.00000e+00	0.00000e+00	0.00000e+00	0.00000e+00	0.00000e+00	0.00000e+00	0.00000e+00	0.00000e+00	0.00000e+00	0.00000e+00	0.00000e+00	0.00000e+00	0.00000e+00	0.00000e+00	0.00000e+00	0.00000e+00	0.00000e+00	0.00000e+00	0.00000e+00	0.00000e+00	0.00000e+00	0.00000e+00	0.00000e+00	0.00000e+00	0.00000e+00	0.00000e+00	0.00000e+00	0.00000e+00	0.00000e+00	0.00000e+00	0.00000e+00	0.00000e+00	0.00000e+00	0.00000e+00	0.00000e+00	0.00000e+00	0.00000e+00	0.00000e+00	0.00000e+00	0.00000e+00	0.00000e+00	0.00000e+00	0.00000e+00	0.00000e+00	0.00000e+00	0.00000e+00	0.00000e+00	0.00000e+00	0.00000e+00	0.00000e+00	0.00000e+00	0.00000e+00	0.00000e+00	0.00000e+00	0.00000e+00	0.00000e+00	0.00000e+00	0.00000e+00	0.00000e+00	0.00000e+00	0.00000e+00	0.00000e+00	0.00000e+00	0.00000e+00	0.00000e+00	0.00000e+00	0.00000e+00	0.00000e+00	0.00000e+00	0.00000e+00	0.00000e+00	0.00000e+00	0.00000e+00	0.00000e+00	0.00000e+00	0.00000e+00	0.00000e+00	0.00000e+00	0.00000e+00	0.00000e+00	0.00000e+00	0.00000e+00	0.00000e+00	0.00000e+00	0.00000e+00	0.00000e+00	0.00000e+00	0.00000e+00	0.00000e+00	0.00000e+00	0.00000e+00	0.00000e+00	0.00000e+00	0.00000e+00	0.00000e+00	0.00000e+00	0.00000e+00	0.00000e+00	0.00000e+00	0.00000e+00	0.00000e+00	0.00000e+00	0.00000e+00	0.00000e+00	0.00000e+00	0.00000e+00	0.00000e+00	0.00000e+00	0.00000e+00	0.00000e+00
16.37	0.00000e+00	0.00000e+00	0.00000e+00	0.00000e+00	0.00000e+00	0.00000e+00	0.00000e+00	0.00000e+00	0.00000e+00	0.00000e+00	0.00000e+00	0.00000e+00	0.00000e+00	0.00000e+00	0.00000e+00	0.00000e+00	0.00000e+00	0.00000e+00	0.00000e+00	0.00000e+00	0.00000e+00	0.00000e+00	0.00000e+00	0.00000e+00	0.00000e+00	0.00000e+00	0.00000e+00	0.00000e+00	0.00000e+00	0.00000e+00	0.00000e+00	0.00000e+00	0.00000e+00	0.00000e+00	0.00000e+00	0.00000e+00	0.00000e+00	0.00000e+00	0.00000e+00	0.00000e+00	0.00000e+00	0.00000e+00	0.00000e+00	0.00000e+00	0.00000e+00	0.00000e+00	0.00000e+00	0.00000e+00	0.00000e+00	0.00000e+00	0.00000e+00	0.00000e+00	0.00000e+00	0.00000e+00	0.00000e+00	0.00000e+00	0.00000e+00	0.00000e+00	0.00000e+00	0.00000e+00	0.00000e+00	0.00000e+00	0.00000e+00	0.00000e+00	0.00000e+00	0.00000e+00	0.00000e+00	0.00000e+00	0.00000e+00	0.00000e+00	0.00000e+00	0.00000e+00	0.00000e+00	0.00000e+00	0.00000e+00	0.00000e+00	0.00000e+00	0.00000e+00	0.00000e+00	0.00000e+00	0.00000e+00	0.00000e+00	0.00000e+00	0.00000e+00	0.00000e+00	0.00000e+00	0.00000e+00	0.00000e+00	0.00000e+00	0.00000e+00	0.00000e+00	0.00000e+00	0.00000e+00	0.00000e+00	0.00000e+00	0.00000e+00	0.00000e+00	0.00000e+00	0.00000e+00	0.00000e+00	0.00000e+00	0.00000e+00	0.00000e+00	0.00000e+00	0.00000e+00	0.00000e+00	0.00000e+00	0.00000e+00	0.00000e+00	0.00000e+00	0.00000e+00	0.00000e+00	0.00000e+00	0.00000e+00	0.00000e+00	0.00000e+00	0.00000e+00	0.00000e+00	0.00000e+00	0.00000e+00	0.00000e+00	0.00000e+00	0.00000e+00	0.00000e+00	0.00000e+00	0.00000e+00	0.00000e+00	0.00000e+00	0.00000e+00	0.00000e+00	0.00000e+00	0.00000e+00	0.00000e+00	0.00000e+00	0.00000e+00	0.00000e+00	0.00000e+00	0.00000e+00	0.00000e+00	0.00000e+00	0.00000e+00	0.00000e+00	0.00000e+00	0.00000e+00	0.00000e+00	0.00000e+00	0.00000e+00	0.00000e+00	0.00000e+00	0.00000e+00	0.00000e+00	0.00000e+00	0.00000e+00	0.00000e+00	0.00000e+00	0.00000e+00	0.00000e+00	0.00000e+00	0.00000e+00	0.00000e+00	0.00000e+00	0.00000e+00	0.00000e+00	0.00000e+00	0.00000e+00	0.00000e+00	0.00000e+00	0.00000e+00	0.00000e+00	0.00000e+00	0.00000e+00	0.00000e+00	0.00000e+00	0.00000e+00	0.00000e+00	0.00000e+00	0.00000e+00	0.00000e+00	0.00000e+00	0.00000e+00	0.00000e+00	0.00000e+00	0.00000e+00	0.00000e+00	0.00000e+00
16.40	0.00000e+00	0.00000e+00	0.00000e+00	0.00000e+00	0.00000e+00	0.00000e+00	0.00000e+00	0.00000e+00	0.00000e+00	0.00000e+00	0.00000e+00	0.00000e+00	0.00000e+00	0.00000e+00	0.00000e+00	0.00000e+00	0.00000e+00	0.00000e+00	0.00000e+00	0.00000e+00	0.00000e+00	0.00000e+00	0.00000e+00	0.00000e+00	0.00000e+00	0.00000e+00	0.00000e+00	0.00000e+00	0.00000e+00	0.00000e+00	0.00000e+00	0.00000e+00	0.00000e+00	0.00000e+00	0.00000e+00	0.00000e+00	0.00000e+00	0.00000e+00	0.00000e+00	0.00000e+00	0.00000e+00	0.00000e+00	0.00000e+00	0.00000e+00	0.00000e+00	0.00000e+00	0.00000e+00	0.00000e+00	0.00000e+00	0.00000e+00	0.00000e+00	0.00000e+00	0.00000e+00	0.00000e+00	0.00000e+00	0.00000e+00	0.00000e+00	0.00000e+00	0.00000e+00	0.00000e+00	0.00000e+00	0.00000e+00	0.00000e+00	0.00000e+00	0.00000e+00	0.00000e+00	0.00000e+00	0.00000e+00	0.00000e+00	0.00000e+00	0.00000e+00	0.00000e+00	0.00000e+00	0.00000e+00	0.00000e+00	0.00000e+00	0.00000e+00	0.00000e+00	0.00000e+00	0.00000e+00	0.00000e+00	0.00000e+00	0.00000e+00	0.00000e+00	0.00000e+00	0.00000e+00	0.00000e+00	0.00000e+00	0.00000e+00	0.00000e+00	0.00000e+00	0.00000e+00	0.00000e+00	0.00000e+00	0.00000e+00	0.00000e+00	0.00000e+00	0.00000e+00	0.00000e+00	0.00000e+00	0.00000e+00	0.00000e+00	0.00000e+00	0.00000e+00	0.00000e+00	0.00000e+00	0.00000e+00	0.00000e+00	0.00000e+00	0.00000e+00	0.00000e+00	0.00000e+00	0.00000e+00	0.00000e+00	0.00000e+00	0.00000e+00	0.00000e+00	0.00000e+00	0.00000e+00	0.00000e+00	0.00000e+00	0.00000e+00	0.00000e+00	0.00000e+00	0.00000e+00	0.00000e+00	0.00000e+00	0.00000e+00	0.00000e+00	0.00000e+00	0.00000e+00	0.00000e+00	0.00000e+00	0.00000e+00	0.00000e+00	0.00000e+00	0.00000e+00	0.00000e+00	0.00000e+00	0.00000e+00	0.00000e+00	0.00000e+00	0.00000e+00	0.00000e+00	0.00000e+00	0.00000e+00	0.00000e+00	0.00000e+00	0.00000e+00	0.00000e+00	0.00000e+00	0.00000e+00	0.00000e+00	0.00000e+00	0.00000e+00	0.00000e+00	0.00000e+00	0.00000e+00	0.00000e+00	0.00000e+00	0.00000e+00	0.00000e+00	0.00000e+00	0.00000e+00	0.00000e+00	0.00000e+00	0.00000e+00	0.00000e+00	0.00000e+00	0.00000e+00	0.00000e+00	0.00000e+00	0.00000e+00	0.00000e+00	0.00000e+00	0.00000e+00	0.00000e+00	0.00000e+00	0.00000e+00	0.00000e+00	0.00000e+00	0.00000e+00	0.00000e+00	0.00000e+00	0.00000e+00
16.44	0.00000e+00	0.00000e+00	0.00000e+00	0.00000e+00	0.00000e+00	0.00000e+00	0.00000e+00	0.00000e+00	0.00000e+00	0.00000e+00	0.00000e+00	0.00000e+00	0.00000e+00	0.00000e+00	0.00000e+00	0.00000e+00	0.00000e+00	0.00000e+00	0.00000e+00	0.00000e+00	0.00000e+00	0.00000e+00	0.00000e+00	0.00000e+00	0.00000e+00	0.00000e+00	0.00000e+00	0.00000e+00	0.00000e+00	0.00000e+00	0.00000e+00	0.00000e+00	0.00000e+00	0.00000e+00	0.00000e+00	0.00000e+00	0.00000e+00	0.00000e+00	0.00000e+00	0.00000e+00	0.00000e+00	0.00000e+00	0.00000e+00	0.00000e+00	0.00000e+00	0.00000e+00	0.00000e+00	0.00000e+00	0.00000e+00	0.00000e+00	0.00000e+00	0.00000e+00	0.00000e+00	0.00000e+00	0.00000e+00	0.00000e+00	0.00000e+00	0.00000e+00	0.00000e+00	0.00000e+00	0.00000e+00	0.00000e+00	0.00000e+00	0.00000e+00	0.00000e+00	0.00000e+00	0.00000e+00	0.00000e+00	0.00000e+00	0.00000e+00	0.00000e+00	0.00000e+00	0.00000e+00	0.00000e+00	0.00000e+00	0.00000e+00	0.00000e+00	0.00000e+00	0.00000e+00	0.00000e+00	0.00000e+00	0.00000e+00	0.00000e+00	0.00000e+00	0.00000e+00	0.00000e+00	0.00000e+00	0.00000e+00	0.00000e+00	0.00000e+00	0.00000e+00	0.00000e+00	0.00000e+00	0.00000e+00	0.00000e+00	0.00000e+00	0.00000e+00	0.00000e+00	0.00000e+00	0.00000e+00	0.00000e+00	0.00000e+00	0.00000e+00	0.00000e+00	0.00000e+00	0.00000e+00	0.00000e+00	0.00000e+00	0.00000e+00	0.00000e+00	0.00000e+00	0.00000e+00	0.00000e+00	0.00000e+00	0.00000e+00	0.00000e+00	0.00000e+00	0.00000e+00	0.00000e+00	0.00000e+00	0.00000e+00	0.00000e+00	0.00000e+00	0.00000e+00	0.00000e+00	0.00000e+00	0.00000e+00	0.00000e+00	0.00000e+00	0.00000e+00	0.00000e+00	0.00000e+00	0.00000e+00	0.00000e+00	0.00000e+00	0.00000e+00	0.00000e+00	0.00000e+00	0.00000e+00	0.00000e+00	0.00000e+00	0.00000e+00	0.00000e+00	0.00000e+00	0.00000e+00	0.00000e+00	0.00000e+00	0.00000e+00	0.00000e+00	0.00000e+00	0.00000e+00	0.00000e+00	0.00000e+00	0.00000e+00	0.00000e+00	0.00000e+00	0.00000e+00	0.00000e+00	0.00000e+00	0.00000e+00	0.00000e+00	0.00000e+00	0.00000e+00	0.00000e+00	0.00000e+00	0.00000e+00	0.00000e+00	0.00000e+00	0.00000e+00	0.00000e+00	0.00000e+00	0.00000e+00	0.00000e+00	0.00000e+00	0.00000e+00	0.00000e+00	0.00000e+00	0.00000e+00	0.00000e+00	0.00000e+00	0.00000e+00	0.00000e+00	0.00000e+00	0.00000e+00	0.00000e+00
16.47	0.00000e+00	0.00000e+00	0.00000e+00	0.00000e+00	0.00000e+00	0.00000e+00	0.00000e+00	0.00000e+00	0.00000e+00	0.00000e+00	0.00000e+00	0.00000e+00	0.00000e+00	0.00000e+00	0.00000e+00	0.00000e+00	0.00000e+00	0.00000e+00	0.00000e+00	0.00000e+00	0.00000e+00	0.00000e+00	0.00000e+00	0.00000e+00	0.00000e+00	0.00000e+00	0.00000e+00	0.00000e+00	0.00000e+00	0.00000e+00	0.00000e+00	0.00000e+00	0.00000e+00	0.00000e+00	0.00000e+00	0.00000e+00	0.00000e+00	0.00000e+00	0.00000e+00	0.00000e+00	0.00000e+00	0.00000e+00	0.00000e+00	0.00000e+00	0.00000e+00	0.00000e+00	0.00000e+00	0.00000e+00	0.00000e+00	0.00000e+00	0.00000e+00	0.00000e+00	0.00000e+00	0.00000e+00	0.00000e+00	0.00000e+00	0.00000e+00	0.00000e+00	0.00000e+00	0.00000e+00	0.00000e+00	0.00000e+00	0.00000e+00	0.00000e+00	0.00000e+00	0.00000e+00	0.00000e+00	0.00000e+00	0.00000e+00	0.00000e+00	0.00000e+00	0.00000e+00	0.00000e+00	0.00000e+00	0.00000e+00	0.00000e+00	0.00000e+00	0.00000e+00	0.00000e+00	0.00000e+00	0.00000e+00	0.00000e+00	0.00000e+00	0.00000e+00	0.00000e+00	0.00000e+00	0.00000e+00	0.00000e+00	0.00000e+00	0.00000e+00	0.00000e+00	0.00000e+00	0.00000e+00	0.00000e+00	0.00000e+00	0.00000e+00	0.00000e+00	0.00000e+00	0.00000e+00	0.00000e+00	0.00000e+00	0.00000e+00	0.00000e+00	0.00000e+00	0.00000e+00	0.00000e+00	0.00000e+00	0.00000e+00	0.00000e+00	0.00000e+00	0.00000e+00	0.00000e+00	0.00000e+00	0.00000e+00	0.00000e+00	0.00000e+00	0.00000e+00	0.00000e+00	0.00000e+00	0.00000e+00	0.00000e+00	0.00000e+00	0.00000e+00	0.00000e+00	0.00000e+00	0.00000e+00	0.00000e+00	0.00000e+00	0.00000e+00	0.00000e+00	0.00000e+00	0.00000e+00	0.00000e+00	0.00000e+00	0.00000e+00	0.00000e+00	0.00000e+00	0.00000e+00	0.00000e+00	0.00000e+00	0.00000e+00	0.00000e+00	0.00000e+00	0.00000e+00	0.00000e+00	0.00000e+00	0.00000e+00	0.00000e+00	0.00000e+00	0.00000e+00	0.00000e+00	0.00000e+00	0.00000e+00	0.00000e+00	0.00000e+00	0.00000e+00	0.00000e+00	0.00000e+00	0.00000e+00	0.00000e+00	0.00000e+00	0.00000e+00	0.00000e+00	0.00000e+00	0.00000e+00	0.00000e+00	0.00000e+00	0.00000e+00	0.00000e+00	0.00000e+00	0.00000e+00	0.00000e+00	0.00000e+00	0.00000e+00	0.00000e+00	0.00000e+00	0.00000e+00	0.00000e+00	0.00000e+00	0.00000e+00	0.00000e+00	0.00000e+00	0.00000e+00	0.00000e+00	0.00000e+00
16.51	0.00000e+00	0.00000e+00	0.00000e+00	0.00000e+00	0.00000e+00	0.00000e+00	0.00000e+00	0.00000e+00	0.00000e+00	0.00000e+00	0.00000e+00	0.00000e+00	0.00000e+00	0.00000e+00	0.00000e+00	0.00000e+00	0.00000e+00	0.00000e+00	0.00000e+00	0.00000e+00	0.00000e+00	0.00000e+00	0.00000e+00	0.00000e+00	0.00000e+00	0.00000e+00	0.00000e+00	0.00000e+00	0.00000e+00	0.00000e+00	0.00000e+00	0.00000e+00	0.00000e+00	0.00000e+00	0.00000e+00	0.00000e+00	0.00000e+00	0.00000e+00	0.00000e+00	0.00000e+00	0.00000e+00	0.00000e+00	0.00000e+00	0.00000e+00	0.00000e+00	0.00000e+00	0.00000e+00	0.00000e+00	0.00000e+00	0.00000e+00	0.00000e+00	0.00000e+00	0.00000e+00	0.00000e+00	0.00000e+00	0.00000e+00	0.00000e+00	0.00000e+00	0.00000e+00	0.00000e+00	0.00000e+00	0.00000e+00	0.00000e+00	0.00000e+00	0.00000e+00	0.00000e+00	0.00000e+00	0.00000e+00	0.00000e+00	0.00000e+00	0.00000e+00	0.00000e+00	0.00000e+00	0.00000e+00	0.00000e+00	0.00000e+00	0.00000e+00	0.00000e+00	0.00000e+00	0.00000e+00	0.00000e+00	0.00000e+00	0.00000e+00	0.00000e+00	0.00000e+00	0.00000e+00	0.00000e+00	0.00000e+00	0.00000e+00	0.00000e+00	0.00000e+00	0.00000e+00	0.00000e+00	0.00000e+00	0.00000e+00	0.00000e+00	0.00000e+00	0.00000e+00	0.00000e+00	0.00000e+00	0.00000e+00	0.00000e+00	0.00000e+00	0.00000e+00	0.00000e+00	0.00000e+00	0.00000e+00	0.00000e+00	0.00000e+00	0.00000e+00	0.00000e+00	0.00000e+00	0.00000e+00	0.00000e+00	0.00000e+00	0.00000e+00	0.00000e+00	0.00000e+00	0.00000e+00	0.00000e+00	0.00000e+00	0.00000e+00	0.00000e+00	0.00000e+00	0.00000e+00	0.00000e+00	0.00000e+00	0.00000e+00	0.00000e+00	0.00000e+00	0.00000e+00	0.00000e+00	0.00000e+00	0.00000e+00	0.00000e+00	0.00000e+00	0.00000e+00	0.00000e+00	0.00000e+00	0.00000e+00	0.00000e+00	0.00000e+00	0.00000e+00	0.00000e+00	0.00000e+00	0.00000e+00	0.00000e+00	0.00000e+00	0.00000e+00	0.00000e+00	0.00000e+00	0.00000e+00	0.00000e+00	0.00000e+00	0.00000e+00	0.00000e+00	0.00000e+00	0.00000e+00	0.00000e+00	0.00000e+00	0.00000e+00	0.00000e+00	0.00000e+00	0.00000e+00	0.00000e+00	0.00000e+00	0.00000e+00	0.00000e+00	0.00000e+00	0.00000e+00	0.00000e+00	0.00000e+00	0.00000e+00	0.00000e+00	0.00000e+00	0.00000e+00	0.00000e+00	0.00000e+00	0.00000e+00	0.00000e+00	0.00000e+00	0.00000e+00	0.00000e+00	0.00000e+00	0.00000e+00
16.54	0.00000e+00	0.00000e+00	0.00000e+00	0.00000e+00	0.00000e+00	0.00000e+00	0.00000e+00	0.00000e+00	0.00000e+00	0.00000e+00	0.00000e+00	0.00000e+00	0.00000e+00	0.00000e+00	0.00000e+00	0.00000e+00	0.00000e+00	0.00000e+00	0.00000e+00	0.00000e+00	0.00000e+00	0.00000e+00	0.00000e+00	0.00000e+00	0.00000e+00	0.00000e+00	0.00000e+00	0.00000e+00	0.00000e+00	0.00000e+00	0.00000e+00	0.00000e+00	0.00000e+00	0.00000e+00	0.00000e+00	0.00000e+00	0.00000e+00	0.00000e+00	0.00000e+00	0.00000e+00	0.00000e+00	0.00000e+00	0.00000e+00	0.00000e+00	0.00000e+00	0.00000e+00	0.00000e+00	0.00000e+00	0.00000e+00	0.00000e+00	0.00000e+00	0.00000e+00	0.00000e+00	0.00000e+00	0.00000e+00	0.00000e+00	0.00000e+00	0.00000e+00	0.00000e+00	0.00000e+00	0.00000e+00	0.00000e+00	0.00000e+00	0.00000e+00	0.00000e+00	0.00000e+00	0.00000e+00	0.00000e+00	0.00000e+00	0.00000e+00	0.00000e+00	0.00000e+00	0.00000e+00	0.00000e+00	0.00000e+00	0.00000e+00	0.00000e+00	0.00000e+00	0.00000e+00	0.00000e+00	0.00000e+00	0.00000e+00	0.00000e+00	0.00000e+00	0.00000e+00	0.00000e+00	0.00000e+00	0.00000e+00	0.00000e+00	0.00000e+00	0.00000e+00	0.00000e+00	0.00000e+00	0.00000e+00	0.00000e+00	0.00000e+00	0.00000e+00	0.00000e+00	0.00000e+00	0.00000e+00	0.00000e+00	0.00000e+00	0.00000e+00	0.00000e+00	0.00000e+00	0.00000e+00	0.00000e+00	0.00000e+00	0.00000e+00	0.00000e+00	0.00000e+00	0.00000e+00	0.00000e+00	0.00000e+00	0.00000e+00	0.00000e+00	0.00000e+00	0.00000e+00	0.00000e+00	0.00000e+00	0.00000e+00	0.00000e+00	0.00000e+00	0.00000e+00	0.00000e+00	0.00000e+00	0.00000e+00	0.00000e+00	0.00000e+00	0.00000e+00	0.00000e+00	0.00000e+00	0.00000e+00	0.00000e+00	0.00000e+00	0.00000e+00	0.00000e+00	0.00000e+00	0.00000e+00	0.00000e+00	0.00000e+00	0.00000e+00	0.00000e+00	0.00000e+00	0.00000e+00	0.00000e+00	0.00000e+00	0.00000e+00	0.00000e+00	0.00000e+00	0.00000e+00	0.00000e+00	0.00000e+00	0.00000e+00	0.00000e+00	0.00000e+00	0.00000e+00	0.00000e+00	0.00000e+00	0.00000e+00	0.00000e+00	0.00000e+00	0.00000e+00	0.00000e+00	0.00000e+00	0.00000e+00	0.00000e+00	0.00000e+00	0.00000e+00	0.00000e+00	0.00000e+00	0.00000e+00	0.00000e+00	0.00000e+00	0.00000e+00	0.00000e+00	0.00000e+00	0.00000e+00	0.00000e+00	0.00000e+00	0.00000e+00	0.00000e+00	0.00000e+00	0.00000e+00	0.00000e+00
16.58	0.00000e+00	0.00000e+00	0.00000e+00	0.00000e+00	0.00000e+00	0.00000e+00	0.00000e+00	0.00000e+00	0.00000e+00	0.00000e+00	0.00000e+00	0.00000e+00	0.00000e+00	0.00000e+00	0.00000e+00	0.00000e+00	0.00000e+00	0.00000e+00	0.00000e+00	0.00000e+00	0.00000e+00	0.00000e+00	0.00000e+00	0.00000e+00	0.00000e+00	0.00000e+00	0.00000e+00	0.00000e+00	0.00000e+00	0.00000e+00	0.00000e+00	0.00000e+00	0.00000e+00	0.00000e+00	0.00000e+00	0.00000e+00	0.00000e+00	0.00000e+00	0.00000e+00	0.00000e+00	0.00000e+00	0.00000e+00	0.00000e+00	0.00000e+00	0.00000e+00	0.00000e+00	0.00000e+00	0.00000e+00	0.00000e+00	0.00000e+00	0.00000e+00	0.00000e+00	0.00000e+00	0.00000e+00	0.00000e+00	0.00000e+00	0.00000e+00	0.00000e+00	0.00000e+00	0.00000e+00	0.00000e+00	0.00000e+00	0.00000e+00	0.00000e+00	0.00000e+00	0.00000e+00	0.00000e+00	0.00000e+00	0.00000e+00	0.00000e+00	0.00000e+00	0.00000e+00	0.00000e+00	0.00000e+00	0.00000e+00	0.00000e+00	0.00000e+00	0.00000e+00	0.00000e+00	0.00000e+00	0.00000e+00	0.00000e+00	0.00000e+00	0.00000e+00	0.00000e+00	0.00000e+00	0.00000e+00	0.00000e+00	0.00000e+00	0.00000e+00	0.00000e+00	0.00000e+00	0.00000e+00	0.00000e+00	0.00000e+00	0.00000e+00	0.00000e+00	0.00000e+00	0.00000e+00	0.00000e+00	0.00000e+00	0.00000e+00	0.00000e+00	0.00000e+00	0.00000e+00	0.00000e+00	0.00000e+00	0.00000e+00	0.00000e+00	0.00000e+00	0.00000e+00	0.00000e+00	0.00000e+00	0.00000e+00	0.00000e+00	0.00000e+00	0.00000e+00	0.00000e+00	0.00000e+00	0.00000e+00	0.00000e+00	0.00000e+00	0.00000e+00	0.00000e+00	0.00000e+00	0.00000e+00	0.00000e+00	0.00000e+00	0.00000e+00	0.00000e+00	0.00000e+00	0.00000e+00	0.00000e+00	0.00000e+00	0.00000e+00	0.00000e+00	0.00000e+00	0.00000e+00	0.00000e+00	0.00000e+00	0.00000e+00	0.00000e+00	0.00000e+00	0.00000e+00	0.00000e+00	0.00000e+00	0.00000e+00	0.00000e+00	0.00000e+00	0.00000e+00	0.00000e+00	0.00000e+00	0.00000e+00	0.00000e+00	0.00000e+00	0.00000e+00	0.00000e+00	0.00000e+00	0.00000e+00	0.00000e+00	0.00000e+00	0.00000e+00	0.00000e+00	0.00000e+00	0.00000e+00	0.00000e+00	0.00000e+00	0.00000e+00	0.00000e+00	0.00000e+00	0.00000e+00	0.00000e+00	0.00000e+00	0.00000e+00	0.00000e+00	0.00000e+00	0.00000e+00	0.00000e+00	0.00000e+00	0.00000e+00	0.00000e+00	0.00000e+00	0.00000e+00	0.00000e+00	0.00000e+00
16.61	0.00000e+00	0.00000e+00	0.00000e+00	0.00000e+00	0.00000e+00	0.00000e+00	0.00000e+00	0.00000e+00	0.00000e+00	0.00000e+00	0.00000e+00	0.00000e+00	0.00000e+00	0.00000e+00	0.00000e+00	0.00000e+00	0.00000e+00	0.00000e+00	0.00000e+00	0.00000e+00	0.00000e+00	0.00000e+00	0.00000e+00	0.00000e+00	0.00000e+00	0.00000e+00	0.00000e+00	0.00000e+00	0.00000e+00	0.00000e+00	0.00000e+00	0.00000e+00	0.00000e+00	0.00000e+00	0.00000e+00	0.00000e+00	0.00000e+00	0.00000e+00	0.00000e+00	0.00000e+00	0.00000e+00	0.00000e+00	0.00000e+00	0.00000e+00	0.00000e+00	0.00000e+00	0.00000e+00	0.00000e+00	0.00000e+00	0.00000e+00	0.00000e+00	0.00000e+00	0.00000e+00	0.00000e+00	0.00000e+00	0.00000e+00	0.00000e+00	0.00000e+00	0.00000e+00	0.00000e+00	0.00000e+00	0.00000e+00	0.00000e+00	0.00000e+00	0.00000e+00	0.00000e+00	0.00000e+00	0.00000e+00	0.00000e+00	0.00000e+00	0.00000e+00	0.00000e+00	0.00000e+00	0.00000e+00	0.00000e+00	0.00000e+00	0.00000e+00	0.00000e+00	0.00000e+00	0.00000e+00	0.00000e+00	0.00000e+00	0.00000e+00	0.00000e+00	0.00000e+00	0.00000e+00	0.00000e+00	0.00000e+00	0.00000e+00	0.00000e+00	0.00000e+00	0.00000e+00	0.00000e+00	0.00000e+00	0.00000e+00	0.00000e+00	0.00000e+00	0.00000e+00	0.00000e+00	0.00000e+00	0.00000e+00	0.00000e+00	0.00000e+00	0.00000e+00	0.00000e+00	0.00000e+00	0.00000e+00	0.00000e+00	0.00000e+00	0.00000e+00	0.00000e+00	0.00000e+00	0.00000e+00	0.00000e+00	0.00000e+00	0.00000e+00	0.00000e+00	0.00000e+00	0.00000e+00	0.00000e+00	0.00000e+00	0.00000e+00	0.00000e+00	0.00000e+00	0.00000e+00	0.00000e+00	0.00000e+00	0.00000e+00	0.00000e+00	0.00000e+00	0.00000e+00	0.00000e+00	0.00000e+00	0.00000e+00	0.00000e+00	0.00000e+00	0.00000e+00	0.00000e+00	0.00000e+00	0.00000e+00	0.00000e+00	0.00000e+00	0.00000e+00	0.00000e+00	0.00000e+00	0.00000e+00	0.00000e+00	0.00000e+00	0.00000e+00	0.00000e+00	0.00000e+00	0.00000e+00	0.00000e+00	0.00000e+00	0.00000e+00	0.00000e+00	0.00000e+00	0.00000e+00	0.00000e+00	0.00000e+00	0.00000e+00	0.00000e+00	0.00000e+00	0.00000e+00	0.00000e+00	0.00000e+00	0.00000e+00	0.00000e+00	0.00000e+00	0.00000e+00	0.00000e+00	0.00000e+00	0.00000e+00	0.00000e+00	0.00000e+00	0.00000e+00	0.00000e+00	0.00000e+00	0.00000e+00	0.00000e+00	0.00000e+00	0.00000e+00	0.00000e+00	0.00000e+00	0.00000e+00
16.64	0.00000e+00	0.00000e+00	0.00000e+00	0.00000e+00	0.00000e+00	0.00000e+00	0.00000e+00	0.00000e+00	0.00000e+00	0.00000e+00	0.00000e+00	0.00000e+00	0.00000e+00	0.00000e+00	0.00000e+00	0.00000e+00	0.00000e+00	0.00000e+00	0.00000e+00	0.00000e+00	0.00000e+00	0.00000e+00	0.00000e+00	0.00000e+00	0.00000e+00	0.00000e+00	0.00000e+00	0.00000e+00	0.00000e+00	0.00000e+00	0.00000e+00	0.00000e+00	0.00000e+00	0.00000e+00	0.00000e+00	0.00000e+00	0.00000e+00	0.00000e+00	0.00000e+00	0.00000e+00	0.00000e+00	0.00000e+00	0.00000e+00	0.00000e+00	0.00000e+00	0.00000e+00	0.00000e+00	0.00000e+00	0.00000e+00	0.00000e+00	0.00000e+00	0.00000e+00	0.00000e+00	0.00000e+00	0.00000e+00	0.00000e+00	0.00000e+00	0.00000e+00	0.00000e+00	0.00000e+00	0.00000e+00	0.00000e+00	0.00000e+00	0.00000e+00	0.00000e+00	0.00000e+00	0.00000e+00	0.00000e+00	0.00000e+00	0.00000e+00	0.00000e+00	0.00000e+00	0.00000e+00	0.00000e+00	0.00000e+00	0.00000e+00	0.00000e+00	0.00000e+00	0.00000e+00	0.00000e+00	0.00000e+00	0.00000e+00	0.00000e+00	0.00000e+00	0.00000e+00	0.00000e+00	0.00000e+00	0.00000e+00	0.00000e+00	0.00000e+00	0.00000e+00	0.00000e+00	0.00000e+00	0.00000e+00	0.00000e+00	0.00000e+00	0.00000e+00	0.00000e+00	0.00000e+00	0.00000e+00	0.00000e+00	0.00000e+00	0.00000e+00	0.00000e+00	0.00000e+00	0.00000e+00	0.00000e+00	0.00000e+00	0.00000e+00	0.00000e+00	0.00000e+00	0.00000e+00	0.00000e+00	0.00000e+00	0.00000e+00	0.00000e+00	0.00000e+00	0.00000e+00	0.00000e+00	0.00000e+00	0.00000e+00	0.00000e+00	0.00000e+00	0.00000e+00	0.00000e+00	0.00000e+00	0.00000e+00	0.00000e+00	0.00000e+00	0.00000e+00	0.00000e+00	0.00000e+00	0.00000e+00	0.00000e+00	0.00000e+00	0.00000e+00	0.00000e+00	0.00000e+00	0.00000e+00	0.00000e+00	0.00000e+00	0.00000e+00	0.00000e+00	0.00000e+00	0.00000e+00	0.00000e+00	0.00000e+00	0.00000e+00	0.00000e+00	0.00000e+00	0.00000e+00	0.00000e+00	0.00000e+00	0.00000e+00	0.00000e+00	0.00000e+00	0.00000e+00	0.00000e+00	0.00000e+00	0.00000e+00	0.00000e+00	0.00000e+00	0.00000e+00	0.00000e+00	0.00000e+00	0.00000e+00	0.00000e+00	0.00000e+00	0.00000e+00	0.00000e+00	0.00000e+00	0.00000e+00	0.00000e+00	0.00000e+00	0.00000e+00	0.00000e+00	0.00000e+00	0.00000e+00	0.00000e+00	0.00000e+00	0.00000e+00	0.00000e+00	0.00000e+00	0.00000e+00	0.00000e+00
16.68	0.00000e+00	0.00000e+00	0.00000e+00	0.00000e+00	0.00000e+00	0.00000e+00	0.00000e+00	0.00000e+00	0.00000e+00	0.00000e+00	0.00000e+00	0.00000e+00	0.00000e+00	0.00000e+00	0.00000e+00	0.00000e+00	0.00000e+00	0.00000e+00	0.00000e+00	0.00000e+00	0.00000e+00	0.00000e+00	0.00000e+00	0.00000e+00	0.00000e+00	0.00000e+00	0.00000e+00	0.00000e+00	0.00000e+00	0.00000e+00	0.00000e+00	0.00000e+00	0.00000e+00	0.00000e+00	0.00000e+00	0.00000e+00	0.00000e+00	0.00000e+00	0.00000e+00	0.00000e+00	0.00000e+00	0.00000e+00	0.00000e+00	0.00000e+00	0.00000e+00	0.00000e+00	0.00000e+00	0.00000e+00	0.00000e+00	0.00000e+00	0.00000e+00	0.00000e+00	0.00000e+00	0.00000e+00	0.00000e+00	0.00000e+00	0.00000e+00	0.00000e+00	0.00000e+00	0.00000e+00	0.00000e+00	0.00000e+00	0.00000e+00	0.00000e+00	0.00000e+00	0.00000e+00	0.00000e+00	0.00000e+00	0.00000e+00	0.00000e+00	0.00000e+00	0.00000e+00	0.00000e+00	0.00000e+00	0.00000e+00	0.00000e+00	0.00000e+00	0.00000e+00	0.00000e+00	0.00000e+00	0.00000e+00	0.00000e+00	0.00000e+00	0.00000e+00	0.00000e+00	0.00000e+00	0.00000e+00	0.00000e+00	0.00000e+00	0.00000e+00	0.00000e+00	0.00000e+00	0.00000e+00	0.00000e+00	0.00000e+00	0.00000e+00	0.00000e+00	0.00000e+00	0.00000e+00	0.00000e+00	0.00000e+00	0.00000e+00	0.00000e+00	0.00000e+00	0.00000e+00	0.00000e+00	0.00000e+00	0.00000e+00	0.00000e+00	0.00000e+00	0.00000e+00	0.00000e+00	0.00000e+00	0.00000e+00	0.00000e+00	0.00000e+00	0.00000e+00	0.00000e+00	0.00000e+00	0.00000e+00	0.00000e+00	0.00000e+00	0.00000e+00	0.00000e+00	0.00000e+00	0.00000e+00	0.00000e+00	0.00000e+00	0.00000e+00	0.00000e+00	0.00000e+00	0.00000e+00	0.00000e+00	0.00000e+00	0.00000e+00	0.00000e+00	0.00000e+00	0.00000e+00	0.00000e+00	0.00000e+00	0.00000e+00	0.00000e+00	0.00000e+00	0.00000e+00	0.00000e+00	0.00000e+00	0.00000e+00	0.00000e+00	0.00000e+00	0.00000e+00	0.00000e+00	0.00000e+00	0.00000e+00	0.00000e+00	0.00000e+00	0.00000e+00	0.00000e+00	0.00000e+00	0.00000e+00	0.00000e+00	0.00000e+00	0.00000e+00	0.00000e+00	0.00000e+00	0.00000e+00	0.00000e+00	0.00000e+00	0.00000e+00	0.00000e+00	0.00000e+00	0.00000e+00	0.00000e+00	0.00000e+00	0.00000e+00	0.00000e+00	0.00000e+00	0.00000e+00	0.00000e+00	0.00000e+00	0.00000e+00	0.00000e+00	0.00000e+00	0.00000e+00	0.00000e+00	0.00000e+00
16.71	0.00000e+00	0.00000e+00	0.00000e+00	0.00000e+00	0.00000e+00	0.00000e+00	0.00000e+00	0.00000e+00	0.00000e+00	0.00000e+00	0.00000e+00	0.00000e+00	0.00000e+00	0.00000e+00	0.00000e+00	0.00000e+00	0.00000e+00	0.00000e+00	0.00000e+00	0.00000e+00	0.00000e+00	0.00000e+00	0.00000e+00	0.00000e+00	0.00000e+00	0.00000e+00	0.00000e+00	0.00000e+00	0.00000e+00	0.00000e+00	0.00000e+00	0.00000e+00	0.00000e+00	0.00000e+00	0.00000e+00	0.00000e+00	0.00000e+00	0.00000e+00	0.00000e+00	0.00000e+00	0.00000e+00	0.00000e+00	0.00000e+00	0.00000e+00	0.00000e+00	0.00000e+00	0.00000e+00	0.00000e+00	0.00000e+00	0.00000e+00	0.00000e+00	0.00000e+00	0.00000e+00	0.00000e+00	0.00000e+00	0.00000e+00	0.00000e+00	0.00000e+00	0.00000e+00	0.00000e+00	0.00000e+00	0.00000e+00	0.00000e+00	0.00000e+00	0.00000e+00	0.00000e+00	0.00000e+00	0.00000e+00	0.00000e+00	0.00000e+00	0.00000e+00	0.00000e+00	0.00000e+00	0.00000e+00	0.00000e+00	0.00000e+00	0.00000e+00	0.00000e+00	0.00000e+00	0.00000e+00	0.00000e+00	0.00000e+00	0.00000e+00	0.00000e+00	0.00000e+00	0.00000e+00	0.00000e+00	0.00000e+00	0.00000e+00	0.00000e+00	0.00000e+00	0.00000e+00	0.00000e+00	0.00000e+00	0.00000e+00	0.00000e+00	0.00000e+00	0.00000e+00	0.00000e+00	0.00000e+00	0.00000e+00	0.00000e+00	0.00000e+00	0.00000e+00	0.00000e+00	0.00000e+00	0.00000e+00	0.00000e+00	0.00000e+00	0.00000e+00	0.00000e+00	0.00000e+00	0.00000e+00	0.00000e+00	0.00000e+00	0.00000e+00	0.00000e+00	0.00000e+00	0.00000e+00	0.00000e+00	0.00000e+00	0.00000e+00	0.00000e+00	0.00000e+00	0.00000e+00	0.00000e+00	0.00000e+00	0.00000e+00	0.00000e+00	0.00000e+00	0.00000e+00	0.00000e+00	0.00000e+00	0.00000e+00	0.00000e+00	0.00000e+00	0.00000e+00	0.00000e+00	0.00000e+00	0.00000e+00	0.00000e+00	0.00000e+00	0.00000e+00	0.00000e+00	0.00000e+00	0.00000e+00	0.00000e+00	0.00000e+00	0.00000e+00	0.00000e+00	0.00000e+00	0.00000e+00	0.00000e+00	0.00000e+00	0.00000e+00	0.00000e+00	0.00000e+00	0.00000e+00	0.00000e+00	0.00000e+00	0.00000e+00	0.00000e+00	0.00000e+00	0.00000e+00	0.00000e+00	0.00000e+00	0.00000e+00	0.00000e+00	0.00000e+00	0.00000e+00	0.00000e+00	0.00000e+00	0.00000e+00	0.00000e+00	0.00000e+00	0.00000e+00	0.00000e+00	0.00000e+00	0.00000e+00	0.00000e+00	0.00000e+00	0.00000e+00	0.00000e+00	0.00000e+00	0.00000e+00
16.75	0.00000e+00	0.00000e+00	0.00000e+00	0.00000e+00	0.00000e+00	0.00000e+00	0.00000e+00	0.00000e+00	0.00000e+00	0.00000e+00	0.00000e+00	0.00000e+00	0.00000e+00	0.00000e+00	0.00000e+00	0.00000e+00	0.00000e+00	0.00000e+00	0.00000e+00	0.00000e+00	0.00000e+00	0.00000e+00	0.00000e+00	0.00000e+00	0.00000e+00	0.00000e+00	0.00000e+00	0.00000e+00	0.00000e+00	0.00000e+00	0.00000e+00	0.00000e+00	0.00000e+00	0.00000e+00	0.00000e+00	0.00000e+00	0.00000e+00	0.00000e+00	0.00000e+00	0.00000e+00	0.00000e+00	0.00000e+00	0.00000e+00	0.00000e+00	0.00000e+00	0.00000e+00	0.00000e+00	0.00000e+00	0.00000e+00	0.00000e+00	0.00000e+00	0.00000e+00	0.00000e+00	0.00000e+00	0.00000e+00	0.00000e+00	0.00000e+00	0.00000e+00	0.00000e+00	0.00000e+00	0.00000e+00	0.00000e+00	0.00000e+00	0.00000e+00	0.00000e+00	0.00000e+00	0.00000e+00	0.00000e+00	0.00000e+00	0.00000e+00	0.00000e+00	0.00000e+00	0.00000e+00	0.00000e+00	0.00000e+00	0.00000e+00	0.00000e+00	0.00000e+00	0.00000e+00	0.00000e+00	0.00000e+00	0.00000e+00	0.00000e+00	0.00000e+00	0.00000e+00	0.00000e+00	0.00000e+00	0.00000e+00	0.00000e+00	0.00000e+00	0.00000e+00	0.00000e+00	0.00000e+00	0.00000e+00	0.00000e+00	0.00000e+00	0.00000e+00	0.00000e+00	0.00000e+00	0.00000e+00	0.00000e+00	0.00000e+00	0.00000e+00	0.00000e+00	0.00000e+00	0.00000e+00	0.00000e+00	0.00000e+00	0.00000e+00	0.00000e+00	0.00000e+00	0.00000e+00	0.00000e+00	0.00000e+00	0.00000e+00	0.00000e+00	0.00000e+00	0.00000e+00	0.00000e+00	0.00000e+00	0.00000e+00	0.00000e+00	0.00000e+00	0.00000e+00	0.00000e+00	0.00000e+00	0.00000e+00	0.00000e+00	0.00000e+00	0.00000e+00	0.00000e+00	0.00000e+00	0.00000e+00	0.00000e+00	0.00000e+00	0.00000e+00	0.00000e+00	0.00000e+00	0.00000e+00	0.00000e+00	0.00000e+00	0.00000e+00	0.00000e+00	0.00000e+00	0.00000e+00	0.00000e+00	0.00000e+00	0.00000e+00	0.00000e+00	0.00000e+00	0.00000e+00	0.00000e+00	0.00000e+00	0.00000e+00	0.00000e+00	0.00000e+00	0.00000e+00	0.00000e+00	0.00000e+00	0.00000e+00	0.00000e+00	0.00000e+00	0.00000e+00	0.00000e+00	0.00000e+00	0.00000e+00	0.00000e+00	0.00000e+00	0.00000e+00	0.00000e+00	0.00000e+00	0.00000e+00	0.00000e+00	0.00000e+00	0.00000e+00	0.00000e+00	0.00000e+00	0.00000e+00	0.00000e+00	0.00000e+00	0.00000e+00	0.00000e+00	0.00000e+00	0.00000e+00	0.00000e+00
16.78	0.00000e+00	0.00000e+00	0.00000e+00	0.00000e+00	0.00000e+00	0.00000e+00	0.00000e+00	0.00000e+00	0.00000e+00	0.00000e+00	0.00000e+00	0.00000e+00	0.00000e+00	0.00000e+00	0.00000e+00	0.00000e+00	0.00000e+00	0.00000e+00	0.00000e+00	0.00000e+00	0.00000e+00	0.00000e+00	0.00000e+00	0.00000e+00	0.00000e+00	0.00000e+00	0.00000e+00	0.00000e+00	0.00000e+00	0.00000e+00	0.00000e+00	0.00000e+00	0.00000e+00	0.00000e+00	0.00000e+00	0.00000e+00	0.00000e+00	0.00000e+00	0.00000e+00	0.00000e+00	0.00000e+00	0.00000e+00	0.00000e+00	0.00000e+00	0.00000e+00	0.00000e+00	0.00000e+00	0.00000e+00	0.00000e+00	0.00000e+00	0.00000e+00	0.00000e+00	0.00000e+00	0.00000e+00	0.00000e+00	0.00000e+00	0.00000e+00	0.00000e+00	0.00000e+00	0.00000e+00	0.00000e+00	0.00000e+00	0.00000e+00	0.00000e+00	0.00000e+00	0.00000e+00	0.00000e+00	0.00000e+00	0.00000e+00	0.00000e+00	0.00000e+00	0.00000e+00	0.00000e+00	0.00000e+00	0.00000e+00	0.00000e+00	0.00000e+00	0.00000e+00	0.00000e+00	0.00000e+00	0.00000e+00	0.00000e+00	0.00000e+00	0.00000e+00	0.00000e+00	0.00000e+00	0.00000e+00	0.00000e+00	0.00000e+00	0.00000e+00	0.00000e+00	0.00000e+00	0.00000e+00	0.00000e+00	0.00000e+00	0.00000e+00	0.00000e+00	0.00000e+00	0.00000e+00	0.00000e+00	0.00000e+00	0.00000e+00	0.00000e+00	0.00000e+00	0.00000e+00	0.00000e+00	0.00000e+00	0.00000e+00	0.00000e+00	0.00000e+00	0.00000e+00	0.00000e+00	0.00000e+00	0.00000e+00	0.00000e+00	0.00000e+00	0.00000e+00	0.00000e+00	0.00000e+00	0.00000e+00	0.00000e+00	0.00000e+00	0.00000e+00	0.00000e+00	0.00000e+00	0.00000e+00	0.00000e+00	0.00000e+00	0.00000e+00	0.00000e+00	0.00000e+00	0.00000e+00	0.00000e+00	0.00000e+00	0.00000e+00	0.00000e+00	0.00000e+00	0.00000e+00	0.00000e+00	0.00000e+00	0.00000e+00	0.00000e+00	0.00000e+00	0.00000e+00	0.00000e+00	0.00000e+00	0.00000e+00	0.00000e+00	0.00000e+00	0.00000e+00	0.00000e+00	0.00000e+00	0.00000e+00	0.00000e+00	0.00000e+00	0.00000e+00	0.00000e+00	0.00000e+00	0.00000e+00	0.00000e+00	0.00000e+00	0.00000e+00	0.00000e+00	0.00000e+00	0.00000e+00	0.00000e+00	0.00000e+00	0.00000e+00	0.00000e+00	0.00000e+00	0.00000e+00	0.00000e+00	0.00000e+00	0.00000e+00	0.00000e+00	0.00000e+00	0.00000e+00	0.00000e+00	0.00000e+00	0.00000e+00	0.00000e+00	0.00000e+00	0.00000e+00	0.00000e+00	0.00000e+00
16.81	0.00000e+00	0.00000e+00	0.00000e+00	0.00000e+00	0.00000e+00	0.00000e+00	0.00000e+00	0.00000e+00	0.00000e+00	0.00000e+00	0.00000e+00	0.00000e+00	0.00000e+00	0.00000e+00	0.00000e+00	0.00000e+00	0.00000e+00	0.00000e+00	0.00000e+00	0.00000e+00	0.00000e+00	0.00000e+00	0.00000e+00	0.00000e+00	0.00000e+00	0.00000e+00	0.00000e+00	0.00000e+00	0.00000e+00	0.00000e+00	0.00000e+00	0.00000e+00	0.00000e+00	0.00000e+00	0.00000e+00	0.00000e+00	0.00000e+00	0.00000e+00	0.00000e+00	0.00000e+00	0.00000e+00	0.00000e+00	0.00000e+00	0.00000e+00	0.00000e+00	0.00000e+00	0.00000e+00	0.00000e+00	0.00000e+00	0.00000e+00	0.00000e+00	0.00000e+00	0.00000e+00	0.00000e+00	0.00000e+00	0.00000e+00	0.00000e+00	0.00000e+00	0.00000e+00	0.00000e+00	0.00000e+00	0.00000e+00	0.00000e+00	0.00000e+00	0.00000e+00	0.00000e+00	0.00000e+00	0.00000e+00	0.00000e+00	0.00000e+00	0.00000e+00	0.00000e+00	0.00000e+00	0.00000e+00	0.00000e+00	0.00000e+00	0.00000e+00	0.00000e+00	0.00000e+00	0.00000e+00	0.00000e+00	0.00000e+00	0.00000e+00	0.00000e+00	0.00000e+00	0.00000e+00	0.00000e+00	0.00000e+00	0.00000e+00	0.00000e+00	0.00000e+00	0.00000e+00	0.00000e+00	0.00000e+00	0.00000e+00	0.00000e+00	0.00000e+00	0.00000e+00	0.00000e+00	0.00000e+00	0.00000e+00	0.00000e+00	0.00000e+00	0.00000e+00	0.00000e+00	0.00000e+00	0.00000e+00	0.00000e+00	0.00000e+00	0.00000e+00	0.00000e+00	0.00000e+00	0.00000e+00	0.00000e+00	0.00000e+00	0.00000e+00	0.00000e+00	0.00000e+00	0.00000e+00	0.00000e+00	0.00000e+00	0.00000e+00	0.00000e+00	0.00000e+00	0.00000e+00	0.00000e+00	0.00000e+00	0.00000e+00	0.00000e+00	0.00000e+00	0.00000e+00	0.00000e+00	0.00000e+00	0.00000e+00	0.00000e+00	0.00000e+00	0.00000e+00	0.00000e+00	0.00000e+00	0.00000e+00	0.00000e+00	0.00000e+00	0.00000e+00	0.00000e+00	0.00000e+00	0.00000e+00	0.00000e+00	0.00000e+00	0.00000e+00	0.00000e+00	0.00000e+00	0.00000e+00	0.00000e+00	0.00000e+00	0.00000e+00	0.00000e+00	0.00000e+00	0.00000e+00	0.00000e+00	0.00000e+00	0.00000e+00	0.00000e+00	0.00000e+00	0.00000e+00	0.00000e+00	0.00000e+00	0.00000e+00	0.00000e+00	0.00000e+00	0.00000e+00	0.00000e+00	0.00000e+00	0.00000e+00	0.00000e+00	0.00000e+00	0.00000e+00	0.00000e+00	0.00000e+00	0.00000e+00	0.00000e+00	0.00000e+00	0.00000e+00	0.00000e+00	0.00000e+00	0.00000e+00
16.85	0.00000e+00	0.00000e+00	0.00000e+00	0.00000e+00	0.00000e+00	0.00000e+00	0.00000e+00	0.00000e+00	0.00000e+00	0.00000e+00	0.00000e+00	0.00000e+00	0.00000e+00	0.00000e+00	0.00000e+00	0.00000e+00	0.00000e+00	0.00000e+00	0.00000e+00	0.00000e+00	0.00000e+00	0.00000e+00	0.00000e+00	0.00000e+00	0.00000e+00	0.00000e+00	0.00000e+00	0.00000e+00	0.00000e+00	0.00000e+00	0.00000e+00	0.00000e+00	0.00000e+00	0.00000e+00	0.00000e+00	0.00000e+00	0.00000e+00	0.00000e+00	0.00000e+00	0.00000e+00	0.00000e+00	0.00000e+00	0.00000e+00	0.00000e+00	0.00000e+00	0.00000e+00	0.00000e+00	0.00000e+00	0.00000e+00	0.00000e+00	0.00000e+00	0.00000e+00	0.00000e+00	0.00000e+00	0.00000e+00	0.00000e+00	0.00000e+00	0.00000e+00	0.00000e+00	0.00000e+00	0.00000e+00	0.00000e+00	0.00000e+00	0.00000e+00	0.00000e+00	0.00000e+00	0.00000e+00	0.00000e+00	0.00000e+00	0.00000e+00	0.00000e+00	0.00000e+00	0.00000e+00	0.00000e+00	0.00000e+00	0.00000e+00	0.00000e+00	0.00000e+00	0.00000e+00	0.00000e+00	0.00000e+00	0.00000e+00	0.00000e+00	0.00000e+00	0.00000e+00	0.00000e+00	0.00000e+00	0.00000e+00	0.00000e+00	0.00000e+00	0.00000e+00	0.00000e+00	0.00000e+00	0.00000e+00	0.00000e+00	0.00000e+00	0.00000e+00	0.00000e+00	0.00000e+00	0.00000e+00	0.00000e+00	0.00000e+00	0.00000e+00	0.00000e+00	0.00000e+00	0.00000e+00	0.00000e+00	0.00000e+00	0.00000e+00	0.00000e+00	0.00000e+00	0.00000e+00	0.00000e+00	0.00000e+00	0.00000e+00	0.00000e+00	0.00000e+00	0.00000e+00	0.00000e+00	0.00000e+00	0.00000e+00	0.00000e+00	0.00000e+00	0.00000e+00	0.00000e+00	0.00000e+00	0.00000e+00	0.00000e+00	0.00000e+00	0.00000e+00	0.00000e+00	0.00000e+00	0.00000e+00	0.00000e+00	0.00000e+00	0.00000e+00	0.00000e+00	0.00000e+00	0.00000e+00	0.00000e+00	0.00000e+00	0.00000e+00	0.00000e+00	0.00000e+00	0.00000e+00	0.00000e+00	0.00000e+00	0.00000e+00	0.00000e+00	0.00000e+00	0.00000e+00	0.00000e+00	0.00000e+00	0.00000e+00	0.00000e+00	0.00000e+00	0.00000e+00	0.00000e+00	0.00000e+00	0.00000e+00	0.00000e+00	0.00000e+00	0.00000e+00	0.00000e+00	0.00000e+00	0.00000e+00	0.00000e+00	0.00000e+00	0.00000e+00	0.00000e+00	0.00000e+00	0.00000e+00	0.00000e+00	0.00000e+00	0.00000e+00	0.00000e+00	0.00000e+00	0.00000e+00	0.00000e+00	0.00000e+00	0.00000e+00	0.00000e+00	0.00000e+00	0.00000e+00	0.00000e+00
16.88	0.00000e+00	0.00000e+00	0.00000e+00	0.00000e+00	0.00000e+00	0.00000e+00	0.00000e+00	0.00000e+00	0.00000e+00	0.00000e+00	0.00000e+00	0.00000e+00	0.00000e+00	0.00000e+00	0.00000e+00	0.00000e+00	0.00000e+00	0.00000e+00	0.00000e+00	0.00000e+00	0.00000e+00	0.00000e+00	0.00000e+00	0.00000e+00	0.00000e+00	0.00000e+00	0.00000e+00	0.00000e+00	0.00000e+00	0.00000e+00	0.00000e+00	0.00000e+00	0.00000e+00	0.00000e+00	0.00000e+00	0.00000e+00	0.00000e+00	0.00000e+00	0.00000e+00	0.00000e+00	0.00000e+00	0.00000e+00	0.00000e+00	0.00000e+00	0.00000e+00	0.00000e+00	0.00000e+00	0.00000e+00	0.00000e+00	0.00000e+00	0.00000e+00	0.00000e+00	0.00000e+00	0.00000e+00	0.00000e+00	0.00000e+00	0.00000e+00	0.00000e+00	0.00000e+00	0.00000e+00	0.00000e+00	0.00000e+00	0.00000e+00	0.00000e+00	0.00000e+00	0.00000e+00	0.00000e+00	0.00000e+00	0.00000e+00	0.00000e+00	0.00000e+00	0.00000e+00	0.00000e+00	0.00000e+00	0.00000e+00	0.00000e+00	0.00000e+00	0.00000e+00	0.00000e+00	0.00000e+00	0.00000e+00	0.00000e+00	0.00000e+00	0.00000e+00	0.00000e+00	0.00000e+00	0.00000e+00	0.00000e+00	0.00000e+00	0.00000e+00	0.00000e+00	0.00000e+00	0.00000e+00	0.00000e+00	0.00000e+00	0.00000e+00	0.00000e+00	0.00000e+00	0.00000e+00	0.00000e+00	0.00000e+00	0.00000e+00	0.00000e+00	0.00000e+00	0.00000e+00	0.00000e+00	0.00000e+00	0.00000e+00	0.00000e+00	0.00000e+00	0.00000e+00	0.00000e+00	0.00000e+00	0.00000e+00	0.00000e+00	0.00000e+00	0.00000e+00	0.00000e+00	0.00000e+00	0.00000e+00	0.00000e+00	0.00000e+00	0.00000e+00	0.00000e+00	0.00000e+00	0.00000e+00	0.00000e+00	0.00000e+00	0.00000e+00	0.00000e+00	0.00000e+00	0.00000e+00	0.00000e+00	0.00000e+00	0.00000e+00	0.00000e+00	0.00000e+00	0.00000e+00	0.00000e+00	0.00000e+00	0.00000e+00	0.00000e+00	0.00000e+00	0.00000e+00	0.00000e+00	0.00000e+00	0.00000e+00	0.00000e+00	0.00000e+00	0.00000e+00	0.00000e+00	0.00000e+00	0.00000e+00	0.00000e+00	0.00000e+00	0.00000e+00	0.00000e+00	0.00000e+00	0.00000e+00	0.00000e+00	0.00000e+00	0.00000e+00	0.00000e+00	0.00000e+00	0.00000e+00	0.00000e+00	0.00000e+00	0.00000e+00	0.00000e+00	0.00000e+00	0.00000e+00	0.00000e+00	0.00000e+00	0.00000e+00	0.00000e+00	0.00000e+00	0.00000e+00	0.00000e+00	0.00000e+00	0.00000e+00	0.00000e+00	0.00000e+00	0.00000e+00	0.00000e+00	0.00000e+00
16.92	0.00000e+00	0.00000e+00	0.00000e+00	0.00000e+00	0.00000e+00	0.00000e+00	0.00000e+00	0.00000e+00	0.00000e+00	0.00000e+00	0.00000e+00	0.00000e+00	0.00000e+00	0.00000e+00	0.00000e+00	0.00000e+00	0.00000e+00	0.00000e+00	0.00000e+00	0.00000e+00	0.00000e+00	0.00000e+00	0.00000e+00	0.00000e+00	0.00000e+00	0.00000e+00	0.00000e+00	0.00000e+00	0.00000e+00	0.00000e+00	0.00000e+00	0.00000e+00	0.00000e+00	0.00000e+00	0.00000e+00	0.00000e+00	0.00000e+00	0.00000e+00	0.00000e+00	0.00000e+00	0.00000e+00	0.00000e+00	0.00000e+00	0.00000e+00	0.00000e+00	0.00000e+00	0.00000e+00	0.00000e+00	0.00000e+00	0.00000e+00	0.00000e+00	0.00000e+00	0.00000e+00	0.00000e+00	0.00000e+00	0.00000e+00	0.00000e+00	0.00000e+00	0.00000e+00	0.00000e+00	0.00000e+00	0.00000e+00	0.00000e+00	0.00000e+00	0.00000e+00	0.00000e+00	0.00000e+00	0.00000e+00	0.00000e+00	0.00000e+00	0.00000e+00	0.00000e+00	0.00000e+00	0.00000e+00	0.00000e+00	0.00000e+00	0.00000e+00	0.00000e+00	0.00000e+00	0.00000e+00	0.00000e+00	0.00000e+00	0.00000e+00	0.00000e+00	0.00000e+00	0.00000e+00	0.00000e+00	0.00000e+00	0.00000e+00	0.00000e+00	0.00000e+00	0.00000e+00	0.00000e+00	0.00000e+00	0.00000e+00	0.00000e+00	0.00000e+00	0.00000e+00	0.00000e+00	0.00000e+00	0.00000e+00	0.00000e+00	0.00000e+00	0.00000e+00	0.00000e+00	0.00000e+00	0.00000e+00	0.00000e+00	0.00000e+00	0.00000e+00	0.00000e+00	0.00000e+00	0.00000e+00	0.00000e+00	0.00000e+00	0.00000e+00	0.00000e+00	0.00000e+00	0.00000e+00	0.00000e+00	0.00000e+00	0.00000e+00	0.00000e+00	0.00000e+00	0.00000e+00	0.00000e+00	0.00000e+00	0.00000e+00	0.00000e+00	0.00000e+00	0.00000e+00	0.00000e+00	0.00000e+00	0.00000e+00	0.00000e+00	0.00000e+00	0.00000e+00	0.00000e+00	0.00000e+00	0.00000e+00	0.00000e+00	0.00000e+00	0.00000e+00	0.00000e+00	0.00000e+00	0.00000e+00	0.00000e+00	0.00000e+00	0.00000e+00	0.00000e+00	0.00000e+00	0.00000e+00	0.00000e+00	0.00000e+00	0.00000e+00	0.00000e+00	0.00000e+00	0.00000e+00	0.00000e+00	0.00000e+00	0.00000e+00	0.00000e+00	0.00000e+00	0.00000e+00	0.00000e+00	0.00000e+00	0.00000e+00	0.00000e+00	0.00000e+00	0.00000e+00	0.00000e+00	0.00000e+00	0.00000e+00	0.00000e+00	0.00000e+00	0.00000e+00	0.00000e+00	0.00000e+00	0.00000e+00	0.00000e+00	0.00000e+00	0.00000e+00	0.00000e+00	0.00000e+00	0.00000e+00
16.95	0.00000e+00	0.00000e+00	0.00000e+00	0.00000e+00	0.00000e+00	0.00000e+00	0.00000e+00	0.00000e+00	0.00000e+00	0.00000e+00	0.00000e+00	0.00000e+00	0.00000e+00	0.00000e+00	0.00000e+00	0.00000e+00	0.00000e+00	0.00000e+00	0.00000e+00	0.00000e+00	0.00000e+00	0.00000e+00	0.00000e+00	0.00000e+00	0.00000e+00	0.00000e+00	0.00000e+00	0.00000e+00	0.00000e+00	0.00000e+00	0.00000e+00	0.00000e+00	0.00000e+00	0.00000e+00	0.00000e+00	0.00000e+00	0.00000e+00	0.00000e+00	0.00000e+00	0.00000e+00	0.00000e+00	0.00000e+00	0.00000e+00	0.00000e+00	0.00000e+00	0.00000e+00	0.00000e+00	0.00000e+00	0.00000e+00	0.00000e+00	0.00000e+00	0.00000e+00	0.00000e+00	0.00000e+00	0.00000e+00	0.00000e+00	0.00000e+00	0.00000e+00	0.00000e+00	0.00000e+00	0.00000e+00	0.00000e+00	0.00000e+00	0.00000e+00	0.00000e+00	0.00000e+00	0.00000e+00	0.00000e+00	0.00000e+00	0.00000e+00	0.00000e+00	0.00000e+00	0.00000e+00	0.00000e+00	0.00000e+00	0.00000e+00	0.00000e+00	0.00000e+00	0.00000e+00	0.00000e+00	0.00000e+00	0.00000e+00	0.00000e+00	0.00000e+00	0.00000e+00	0.00000e+00	0.00000e+00	0.00000e+00	0.00000e+00	0.00000e+00	0.00000e+00	0.00000e+00	0.00000e+00	0.00000e+00	0.00000e+00	0.00000e+00	0.00000e+00	0.00000e+00	0.00000e+00	0.00000e+00	0.00000e+00	0.00000e+00	0.00000e+00	0.00000e+00	0.00000e+00	0.00000e+00	0.00000e+00	0.00000e+00	0.00000e+00	0.00000e+00	0.00000e+00	0.00000e+00	0.00000e+00	0.00000e+00	0.00000e+00	0.00000e+00	0.00000e+00	0.00000e+00	0.00000e+00	0.00000e+00	0.00000e+00	0.00000e+00	0.00000e+00	0.00000e+00	0.00000e+00	0.00000e+00	0.00000e+00	0.00000e+00	0.00000e+00	0.00000e+00	0.00000e+00	0.00000e+00	0.00000e+00	0.00000e+00	0.00000e+00	0.00000e+00	0.00000e+00	0.00000e+00	0.00000e+00	0.00000e+00	0.00000e+00	0.00000e+00	0.00000e+00	0.00000e+00	0.00000e+00	0.00000e+00	0.00000e+00	0.00000e+00	0.00000e+00	0.00000e+00	0.00000e+00	0.00000e+00	0.00000e+00	0.00000e+00	0.00000e+00	0.00000e+00	0.00000e+00	0.00000e+00	0.00000e+00	0.00000e+00	0.00000e+00	0.00000e+00	0.00000e+00	0.00000e+00	0.00000e+00	0.00000e+00	0.00000e+00	0.00000e+00	0.00000e+00	0.00000e+00	0.00000e+00	0.00000e+00	0.00000e+00	0.00000e+00	0.00000e+00	0.00000e+00	0.00000e+00	0.00000e+00	0.00000e+00	0.00000e+00	0.00000e+00	0.00000e+00	0.00000e+00	0.00000e+00	0.00000e+00
16.98	0.00000e+00	0.00000e+00	0.00000e+00	0.00000e+00	0.00000e+00	0.00000e+00	0.00000e+00	0.00000e+00	0.00000e+00	0.00000e+00	0.00000e+00	0.00000e+00	0.00000e+00	0.00000e+00	0.00000e+00	0.00000e+00	0.00000e+00	0.00000e+00	0.00000e+00	0.00000e+00	0.00000e+00	0.00000e+00	0.00000e+00	0.00000e+00	0.00000e+00	0.00000e+00	0.00000e+00	0.00000e+00	0.00000e+00	0.00000e+00	0.00000e+00	0.00000e+00	0.00000e+00	0.00000e+00	0.00000e+00	0.00000e+00	0.00000e+00	0.00000e+00	0.00000e+00	0.00000e+00	0.00000e+00	0.00000e+00	0.00000e+00	0.00000e+00	0.00000e+00	0.00000e+00	0.00000e+00	0.00000e+00	0.00000e+00	0.00000e+00	0.00000e+00	0.00000e+00	0.00000e+00	0.00000e+00	0.00000e+00	0.00000e+00	0.00000e+00	0.00000e+00	0.00000e+00	0.00000e+00	0.00000e+00	0.00000e+00	0.00000e+00	0.00000e+00	0.00000e+00	0.00000e+00	0.00000e+00	0.00000e+00	0.00000e+00	0.00000e+00	0.00000e+00	0.00000e+00	0.00000e+00	0.00000e+00	0.00000e+00	0.00000e+00	0.00000e+00	0.00000e+00	0.00000e+00	0.00000e+00	0.00000e+00	0.00000e+00	0.00000e+00	0.00000e+00	0.00000e+00	0.00000e+00	0.00000e+00	0.00000e+00	0.00000e+00	0.00000e+00	0.00000e+00	0.00000e+00	0.00000e+00	0.00000e+00	0.00000e+00	0.00000e+00	0.00000e+00	0.00000e+00	0.00000e+00	0.00000e+00	0.00000e+00	0.00000e+00	0.00000e+00	0.00000e+00	0.00000e+00	0.00000e+00	0.00000e+00	0.00000e+00	0.00000e+00	0.00000e+00	0.00000e+00	0.00000e+00	0.00000e+00	0.00000e+00	0.00000e+00	0.00000e+00	0.00000e+00	0.00000e+00	0.00000e+00	0.00000e+00	0.00000e+00	0.00000e+00	0.00000e+00	0.00000e+00	0.00000e+00	0.00000e+00	0.00000e+00	0.00000e+00	0.00000e+00	0.00000e+00	0.00000e+00	0.00000e+00	0.00000e+00	0.00000e+00	0.00000e+00	0.00000e+00	0.00000e+00	0.00000e+00	0.00000e+00	0.00000e+00	0.00000e+00	0.00000e+00	0.00000e+00	0.00000e+00	0.00000e+00	0.00000e+00	0.00000e+00	0.00000e+00	0.00000e+00	0.00000e+00	0.00000e+00	0.00000e+00	0.00000e+00	0.00000e+00	0.00000e+00	0.00000e+00	0.00000e+00	0.00000e+00	0.00000e+00	0.00000e+00	0.00000e+00	0.00000e+00	0.00000e+00	0.00000e+00	0.00000e+00	0.00000e+00	0.00000e+00	0.00000e+00	0.00000e+00	0.00000e+00	0.00000e+00	0.00000e+00	0.00000e+00	0.00000e+00	0.00000e+00	0.00000e+00	0.00000e+00	0.00000e+00	0.00000e+00	0.00000e+00	0.00000e+00	0.00000e+00	0.00000e+00	0.00000e+00	0.00000e+00
17.02	0.00000e+00	0.00000e+00	0.00000e+00	0.00000e+00	0.00000e+00	0.00000e+00	0.00000e+00	0.00000e+00	0.00000e+00	0.00000e+00	0.00000e+00	0.00000e+00	0.00000e+00	0.00000e+00	0.00000e+00	0.00000e+00	0.00000e+00	0.00000e+00	0.00000e+00	0.00000e+00	0.00000e+00	0.00000e+00	0.00000e+00	0.00000e+00	0.00000e+00	0.00000e+00	0.00000e+00	0.00000e+00	0.00000e+00	0.00000e+00	0.00000e+00	0.00000e+00	0.00000e+00	0.00000e+00	0.00000e+00	0.00000e+00	0.00000e+00	0.00000e+00	0.00000e+00	0.00000e+00	0.00000e+00	0.00000e+00	0.00000e+00	0.00000e+00	0.00000e+00	0.00000e+00	0.00000e+00	0.00000e+00	0.00000e+00	0.00000e+00	0.00000e+00	0.00000e+00	0.00000e+00	0.00000e+00	0.00000e+00	0.00000e+00	0.00000e+00	0.00000e+00	0.00000e+00	0.00000e+00	0.00000e+00	0.00000e+00	0.00000e+00	0.00000e+00	0.00000e+00	0.00000e+00	0.00000e+00	0.00000e+00	0.00000e+00	0.00000e+00	0.00000e+00	0.00000e+00	0.00000e+00	0.00000e+00	0.00000e+00	0.00000e+00	0.00000e+00	0.00000e+00	0.00000e+00	0.00000e+00	0.00000e+00	0.00000e+00	0.00000e+00	0.00000e+00	0.00000e+00	0.00000e+00	0.00000e+00	0.00000e+00	0.00000e+00	0.00000e+00	0.00000e+00	0.00000e+00	0.00000e+00	0.00000e+00	0.00000e+00	0.00000e+00	0.00000e+00	0.00000e+00	0.00000e+00	0.00000e+00	0.00000e+00	0.00000e+00	0.00000e+00	0.00000e+00	0.00000e+00	0.00000e+00	0.00000e+00	0.00000e+00	0.00000e+00	0.00000e+00	0.00000e+00	0.00000e+00	0.00000e+00	0.00000e+00	0.00000e+00	0.00000e+00	0.00000e+00	0.00000e+00	0.00000e+00	0.00000e+00	0.00000e+00	0.00000e+00	0.00000e+00	0.00000e+00	0.00000e+00	0.00000e+00	0.00000e+00	0.00000e+00	0.00000e+00	0.00000e+00	0.00000e+00	0.00000e+00	0.00000e+00	0.00000e+00	0.00000e+00	0.00000e+00	0.00000e+00	0.00000e+00	0.00000e+00	0.00000e+00	0.00000e+00	0.00000e+00	0.00000e+00	0.00000e+00	0.00000e+00	0.00000e+00	0.00000e+00	0.00000e+00	0.00000e+00	0.00000e+00	0.00000e+00	0.00000e+00	0.00000e+00	0.00000e+00	0.00000e+00	0.00000e+00	0.00000e+00	0.00000e+00	0.00000e+00	0.00000e+00	0.00000e+00	0.00000e+00	0.00000e+00	0.00000e+00	0.00000e+00	0.00000e+00	0.00000e+00	0.00000e+00	0.00000e+00	0.00000e+00	0.00000e+00	0.00000e+00	0.00000e+00	0.00000e+00	0.00000e+00	0.00000e+00	0.00000e+00	0.00000e+00	0.00000e+00	0.00000e+00	0.00000e+00	0.00000e+00	0.00000e+00	0.00000e+00	0.00000e+00
17.05	8.28708e-286	8.28708e-286	8.28708e-286	8.28708e-286	8.28708e-286	8.28708e-286	8.28708e-286	8.28708e-286	8.28708e-286	8.28708e-286	8.28708e-286	8.28708e-286	8.28708e-286	8.28708e-286	8.28708e-286	8.28708e-286	8.28708e-286	8.28708e-286	8.28708e-286	8.28708e-286	8.28708e-286	8.28708e-286	8.28708e-286	8.28708e-286	8.28708e-286	8.28708e-286	8.28708e-286	8.28708e-286	8.28708e-286	8.28708e-286	8.28708e-286	8.28708e-286	8.28708e-286	8.28708e-286	8.28708e-286	8.28708e-286	8.28708e-286	8.28708e-286	8.28708e-286	8.28708e-286	8.28708e-286	8.28708e-286	8.28708e-286	8.28708e-286	8.28708e-286	8.28708e-286	8.28708e-286	8.28708e-286	8.28708e-286	8.28708e-286	8.28708e-286	8.28708e-286	8.28708e-286	8.28708e-286	8.28708e-286	8.28708e-286	8.28708e-286	8.28708e-286	8.28708e-286	8.28708e-286	8.28708e-286	8.28708e-286	8.28708e-286	8.28708e-286	8.28708e-286	8.28708e-286	8.28708e-286	8.28708e-286	8.28708e-286	8.28708e-286	8.28708e-286	8.28708e-286	8.28708e-286	8.28708e-286	8.28708e-286	8.28708e-286	8.28708e-286	8.28708e-286	8.28708e-286	8.28708e-286	8.28708e-286	8.28708e-286	8.28708e-286	8.28708e-286	8.28708e-286	8.28708e-286	8.28708e-286	8.28708e-286	8.28708e-286	8.28708e-286	8.28708e-286	8.28708e-286	8.28708e-286	8.28708e-286	8.28708e-286	8.28708e-286	8.28708e-286	8.28708e-286	8.28708e-286	8.28708e-286	8.28708e-286	8.28708e-286	8.28708e-286	8.28708e-286	8.28708e-286	8.28708e-286	8.28708e-286	8.28708e-286	8.28708e-286	8.28708e-286	8.28708e-286	8.28708e-286	8.28708e-286	8.28708e-286	8.28708e-286	8.28708e-286	8.28708e-286	8.28708e-286	8.28708e-286	8.28708e-286	8.28708e-286	8.28708e-286	8.28708e-286	8.28708e-286	8.28708e-286	8.28708e-286	8.28708e-286	8.28708e-286	8.28708e-286	8.28708e-286	8.28708e-286	8.28708e-286	8.28708e-286	8.28708e-286	8.28708e-286	8.28708e-286	8.28708e-286	8.28708e-286	8.28708e-286	8.28708e-286	8.28708e-286	8.28708e-286	8.28708e-286	8.28708e-286	8.28708e-286	8.28708e-286	8.28708e-286	8.28708e-286	8.28708e-286	8.28708e-286	8.28708e-286	8.28708e-286	8.28708e-286	8.28708e-286	8.28708e-286	8.28708e-286	8.28708e-286	8.28708e-286	8.28708e-286	8.28708e-286	8.28708e-286	8.28708e-286	8.28708e-286	8.28708e-286	8.28708e-286	8.28708e-286	8.28708e-286	8.28708e-286	8.28708e-286	8.28708e-286	8.28708e-286	8.28708e-286	8.28708e-286	8.28708e-286	8.28708e-286	8.28708e-286	8.28708e-286	8.28708e-286	8.28708e-286	8.28708e-286	8.28708e-286	8.28708e-286	8.28708e-286	8.28708e-286	8.28708e-286
17.09	4.37047e-265	4.37047e-265	4.37047e-265	4.37047e-265	4.37047e-265	4.37047e-265	4.37047e-265	4.37047e-265	4.37047e-265	4.37047e-265	4.37047e-265	4.37047e-265	4.37047e-265	4.37047e-265	4.37047e-265	4.37047e-265	4.37047e-265	4.37047e-265	4.37047e-265	4.37047e-265	4.37047e-265	4.37047e-265	4.37047e-265	4.37047e-265	4.37047e-265	4.37047e-265	4.37047e-265	4.37047e-265	4.37047e-265	4.37047e-265	4.37047e-265	4.37047e-265	4.37047e-265	4.37047e-265	4.37047e-265	4.37047e-265	4.37047e-265	4.37047e-265	4.37047e-265	4.37047e-265	4.37047e-265	4.37047e-265	4.37047e-265	4.37047e-265	4.37047e-265	4.37047e-265	4.37047e-265	4.37047e-265	4.37047e-265	4.37047e-265	4.37047e-265	4.37047e-265	4.37047e-265	4.37047e-265	4.37047e-265	4.37047e-265	4.37047e-265	4.37047e-265	4.37047e-265	4.37047e-265	4.37047e-265	4.37047e-265	4.37047e-265	4.37047e-265	4.37047e-265	4.37047e-265	4.37047e-265	4.37047e-265	4.37047e-265	4.37047e-265	4.37047e-265	4.37047e-265	4.37047e-265	4.37047e-265	4.37047e-265	4.37047e-265	4.37047e-265	4.37047e-265	4.37047e-265	4.37047e-265	4.37047e-265	4.37047e-265	4.37047e-265	4.37047e-265	4.37047e-265	4.37047e-265	4.37047e-265	4.37047e-265	4.37047e-265	4.37047e-265	4.37047e-265	4.37047e-265	4.37047e-265	4.37047e-265	4.37047e-265	4.37047e-265	4.37047e-265	4.37047e-265	4.37047e-265	4.37047e-265	4.37047e-265	4.37047e-265	4.37047e-265	4.37047e-265	4.37047e-265	4.37047e-265	4.37047e-265	4.37047e-265	4.37047e-265	4.37047e-265	4.37047e-265	4.37047e-265	4.37047e-265	4.37047e-265	4.37047e-265	4.37047e-265	4.37047e-265	4.37047e-265	4.37047e-265	4.37047e-265	4.37047e-265	4.37047e-265	4.37047e-265	4.37047e-265	4.37047e-265	4.37047e-265	4.37047e-265	4.37047e-265	4.37047e-265	4.37047e-265	4.37047e-265	4.37047e-265	4.37047e-265	4.37047e-265	4.37047e-265	4.37047e-265	4.37047e-265	4.37047e-265	4.37047e-265	4.37047e-265	4.37047e-265	4.37047e-265	4.37047e-265	4.37047e-265	4.37047e-265	4.37047e-265	4.37047e-265	4.37047e-265	4.37047e-265	4.37047e-265	4.37047e-265	4.37047e-265	4.37047e-265	4.37047e-265	4.37047e-265	4.37047e-265	4.37047e-265	4.37047e-265	4.37047e-265	4.37047e-265	4.37047e-265	4.37047e-265	4.37047e-265	4.37047e-265	4.37047e-265	4.37047e-265	4.37047e-265	4.37047e-265	4.37047e-265	4.37047e-265	4.37047e-265	4.37047e-265	4.37047e-265	4.37047e-265	4.37047e-265	4.37047e-265	4.37047e-265	4.37047e-265	4.37047e-265	4.37047e-265	4.37047e-265	4.37047e-265	4.37047e-265	4.37047e-265	4.37047e-265
17.12	4.42111e-246	4.42111e-246	4.42111e-246	4.42111e-246	4.42111e-246	4.42111e-246	4.42111e-246	4.42111e-246	4.42111e-246	4.42111e-246	4.42111e-246	4.42111e-246	4.42111e-246	4.42111e-246	4.42111e-246	4.42111e-246	4.42111e-246	4.42111e-246	4.42111e-246	4.42111e-246	4.42111e-246	4.42111e-246	4.42111e-246	4.42111e-246	4.42111e-246	4.42111e-246	4.42111e-246	4.42111e-246	4.42111e-246	4.42111e-246	4.42111e-246	4.42111e-246	4.42111e-246	4.42111e-246	4.42111e-246	4.42111e-246	4.42111e-246	4.42111e-246	4.42111e-246	4.42111e-246	4.42111e-246	4.42111e-246	4.42111e-246	4.42111e-246	4.42111e-246	4.42111e-246	4.42111e-246	4.42111e-246	4.42111e-246	4.42111e-246	4.42111e-246	4.42111e-246	4.42111e-246	4.42111e-246	4.42111e-246	4.42111e-246	4.42111e-246	4.42111e-246	4.42111e-246	4.42111e-246	4.42111e-246	4.42111e-246	4.42111e-246	4.42111e-246	4.42111e-246	4.42111e-246	4.42111e-246	4.42111e-246	4.42111e-246	4.42111e-246	4.42111e-246	4.42111e-246	4.42111e-246	4.42111e-246	4.42111e-246	4.42111e-246	4.42111e-246	4.42111e-246	4.42111e-246	4.42111e-246	4.42111e-246	4.42111e-246	4.42111e-246	4.42111e-246	4.42111e-246	4.42111e-246	4.42111e-246	4.42111e-246	4.42111e-246	4.42111e-246	4.42111e-246	4.42111e-246	4.42111e-246	4.42111e-246	4.42111e-246	4.42111e-246	4.42111e-246	4.42111e-246	4.42111e-246	4.42111e-246	4.42111e-246	4.42111e-246	4.42111e-246	4.42111e-246	4.42111e-246	4.42111e-246	4.42111e-246	4.42111e-246	4.42111e-246	4.42111e-246	4.42111e-246	4.42111e-246	4.42111e-246	4.42111e-246	4.42111e-246	4.42111e-246	4.42111e-246	4.42111e-246	4.42111e-246	4.42111e-246	4.42111e-246	4.42111e-246	4.42111e-246	4.42111e-246	4.42111e-246	4.42111e-246	4.42111e-246	4.42111e-246	4.42111e-246	4.42111e-246	4.42111e-246	4.42111e-246	4.42111e-246	4.42111e-246	4.42111e-246	4.42111e-246	4.42111e-246	4.42111e-246	4.42111e-246	4.42111e-246	4.42111e-246	4.42111e-246	4.42111e-246	4.42111e-246	4.42111e-246	4.42111e-246	4.42111e-246	4.42111e-246	4.42111e-246	4.42111e-246	4.42111e-246	4.42111e-246	4.42111e-246	4.42111e-246	4.42111e-246	4.42111e-246	4.42111e-246	4.42111e-246	4.42111e-246	4.42111e-246	4.42111e-246	4.42111e-246	4.42111e-246	4.42111e-246	4.42111e-246	4.42111e-246	4.42111e-246	4.42111e-246	4.42111e-246	4.42111e-246	4.42111e-246	4.42111e-246	4.42111e-246	4.42111e-246	4.42111e-246	4.42111e-246	4.42111e-246	4.42111e-246	4.42111e-246	4.42111e-246	4.42111e-246	4.42111e-246	4.42111e-246	4.42111e-246	4.42111e-246
17.15	5.04909e-228	5.04909e-228	5.04909e-228	5.04909e-228	5.04909e-228	5.04909e-228	5.04909e-228	5.04909e-228	5.04909e-228	5.04909e-228	5.04909e-228	5.04909e-228	5.04909e-228	5.04909e-228	5.04909e-228	5.04909e-228	5.04909e-228	5.04909e-228	5.04909e-228	5.04909e-228	5.04909e-228	5.04909e-228	5.04909e-228	5.04909e-228	5.04909e-228	5.04909e-228	5.04909e-228	5.04909e-228	5.04909e-228	5.04909e-228	5.04909e-228	5.04909e-228	5.04909e-228	5.04909e-228	5.04909e-228	5.04909e-228	5.04909e-228	5.04909e-228	5.04909e-228	5.04909e-228	5.04909e-228	5.04909e-228	5.04909e-228	5.04909e-228	5.04909e-228	5.04909e-228	5.04909e-228	5.04909e-228	5.04909e-228	5.04909e-228	5.04909e-228	5.04909e-228	5.04909e-228	5.04909e-228	5.04909e-228	5.04909e-228	5.04909e-228	5.04909e-228	5.04909e-228	5.04909e-228	5.04909e-228	5.04909e-228	5.04909e-228	5.04909e-228	5.04909e-228	5.04909e-228	5.04909e-228	5.04909e-228	5.04909e-228	5.04909e-228	5.04909e-228	5.04909e-228	5.04909e-228	5.04909e-228	5.04909e-228	5.04909e-228	5.04909e-228	5.04909e-228	5.04909e-228	5.04909e-228	5.04909e-228	5.04909e-228	5.04909e-228	5.04909e-228	5.04909e-228	5.04909e-228	5.04909e-228	5.04909e-228	5.04909e-228	5.04909e-228	5.04909e-228	5.04909e-228	5.04909e-228	5.04909e-228	5.04909e-228	5.04909e-228	5.04909e-228	5.04909e-228	5.04909e-228	5.04909e-228	5.04909e-228	5.04909e-228	5.04909e-228	5.04909e-228	5.04909e-228	5.04909e-228	5.04909e-228	5.04909e-228	5.04909e-228	5.04909e-228	5.04909e-228	5.04909e-228	5.04909e-228	5.04909e-228	5.04909e-228	5.04909e-228	5.04909e-228	5.04909e-228	5.04909e-228	5.04909e-228	5.04909e-228	5.04909e-228	5.04909e-228	5.04909e-228	5.04909e-228	5.04909e-228	5.04909e-228	5.04909e-228	5.04909e-228	5.04909e-228	5.04909e-228	5.04909e-228	5.04909e-228	5.04909e-228	5.04909e-228	5.04909e-228	5.04909e-228	5.04909e-228	5.04909e-228	5.04909e-228	5.04909e-228	5.04909e-228	5.04909e-228	5.04909e-228	5.04909e-228	5.04909e-228	5.04909e-228	5.04909e-228	5.04909e-228	5.04909e-228	5.04909e-228	5.04909e-228	5.04909e-228	5.04909e-228	5.04909e-228	5.04909e-228	5.04909e-228	5.04909e-228	5.04909e-228	5.04909e-228	5.04909e-228	5.04909e-228	5.04909e-228	5.04909e-228	5.04909e-228	5.04909e-228	5.04909e-228	5.04909e-228	5.04909e-228	5.04909e-228	5.04909e-228	5.04909e-228	5.04909e-228	5.04909e-228	5.04909e-228	5.04909e-228	5.04909e-228	5.04909e-228	5.04909e-228	5.04909e-228	5.04909e-228	5.04909e-228	5.04909e-228	5.04909e-228	5.04909e-228
17.19	3.85948e-211	3.85948e-211	3.85948e-211	3.85948e-211	3.85948e-211	3.85948e-211	3.85948e-211	3.85948e-211	3.85948e-211	3.85948e-211	3.85948e-211	3.85948e-211	3.85948e-211	3.85948e-211	3.85948e-211	3.85948e-211	3.85948e-211	3.85948e-211	3.85948e-211	3.85948e-211	3.85948e-211	3.85948e-211	3.85948e-211	3.85948e-211	3.85948e-211	3.85948e-211	3.85948e-211	3.85948e-211	3.85948e-211	3.85948e-211	3.85948e-211	3.85948e-211	3.85948e-211	3.85948e-211	3.85948e-211	3.85948e-211	3.85948e-211	3.85948e-211	3.85948e-211	3.85948e-211	3.85948e-211	3.85948e-211	3.85948e-211	3.85948e-211	3.85948e-211	3.85948e-211	3.85948e-211	3.85948e-211	3.85948e-211	3.85948e-211	3.85948e-211	3.85948e-211	3.85948e-211	3.85948e-211	3.85948e-211	3.85948e-211	3.85948e-211	3.85948e-211	3.85948e-211	3.85948e-211	3.85948e-211	3.85948e-211	3.85948e-211	3.85948e-211	3.85948e-211	3.85948e-211	3.85948e-211	3.85948e-211	3.85948e-211	3.85948e-211	3.85948e-211	3.85948e-211	3.85948e-211	3.85948e-211	3.85948e-211	3.85948e-211	3.85948e-211	3.85948e-211	3.85948e-211	3.85948e-211	3.85948e-211	3.85948e-211	3.85948e-211	3.85948e-211	3.85948e-211	3.85948e-211	3.85948e-211	3.85948e-211	3.85948e-211	3.85948e-211	3.85948e-211	3.85948e-211	3.85948e-211	3.85948e-211	3.85948e-211	3.85948e-211	3.85948e-211	3.85948e-211	3.85948e-211	3.85948e-211	3.85948e-211	3.85948e-211	3.85948e-211	3.85948e-211	3.85948e-211	3.85948e-211	3.85948e-211	3.85948e-211	3.85948e-211	3.85948e-211	3.85948e-211	3.85948e-211	3.85948e-211	3.85948e-211	3.85948e-211	3.85948e-211	3.85948e-211	3.85948e-211	3.85948e-211	3.85948e-211	3.85948e-211	3.85948e-211	3.85948e-211	3.85948e-211	3.85948e-211	3.85948e-211	3.85948e-211	3.85948e-211	3.85948e-211	3.85948e-211	3.85948e-211	3.85948e-211	3.85948e-211	3.85948e-211	3.85948e-211	3.85948e-211	3.85948e-211	3.85948e-211	3.85948e-211	3.85948e-211	3.85948e-211	3.85948e-211	3.85948e-211	3.85948e-211	3.85948e-211	3.85948e-211	3.85948e-211	3.85948e-211	3.85948e-211	3.85948e-211	3.85948e-211	3.85948e-211	3.85948e-211	3.85948e-211	3.85948e-211	3.85948e-211	3.85948e-211	3.85948e-211	3.85948e-211	3.85948e-211	3.85948e-211	3.85948e-211	3.85948e-211	3.85948e-211	3.85948e-211	3.85948e-211	3.85948e-211	3.85948e-211	3.85948e-211	3.85948e-211	3.85948e-211	3.85948e-211	3.85948e-211	3.85948e-211	3.85948e-211	3.85948e-211	3.85948e-211	3.85948e-211	3.85948e-211	3.85948e-211	3.85948e-211	3.85948e-211	3.85948e-211	3.85948e-211	3.85948e-211
17.22	2.70146e-195	2.70146e-195	2.70146e-195	2.70146e-195	2.70146e-195	2.70146e-195	2.70146e-195	2.70146e-195	2.70146e-195	2.70146e-195	2.70146e-195	2.70146e-195	2.70146e-195	2.70146e-195	2.70146e-195	2.70146e-195	2.70146e-195	2.70146e-195	2.70146e-195	2.70146e-195	2.70146e-195	2.70146e-195	2.70146e-195	2.70146e-195	2.70146e-195	2.70146e-195	2.70146e-195	2.70146e-195	2.70146e-195	2.70146e-195	2.70146e-195	2.70146e-195	2.70146e-195	2.70146e-195	2.70146e-195	2.70146e-195	2.70146e-195	2.70146e-195	2.70146e-195	2.70146e-195	2.70146e-195	2.70146e-195	2.70146e-195	2.70146e-195	2.70146e-195	2.70146e-195	2.70146e-195	2.70146e-195	2.70146e-195	2.70146e-195	2.70146e-195	2.70146e-195	2.70146e-195	2.70146e-195	2.70146e-195	2.70146e-195	2.70146e-195	2.70146e-195	2.70146e-195	2.70146e-195	2.70146e-195	2.70146e-195	2.70146e-195	2.70146e-195	2.70146e-195	2.70146e-195	2.70146e-195	2.70146e-195	2.70146e-195	2.70146e-195	2.70146e-195	2.70146e-195	2.70146e-195	2.70146e-195	2.70146e-195	2.70146e-195	2.70146e-195	2.70146e-195	2.70146e-195	2.70146e-195	2.70146e-195	2.70146e-195	2.70146e-195	2.70146e-195	2.70146e-195	2.70146e-195	2.70146e-195	2.70146e-195	2.70146e-195	2.70146e-195	2.70146e-195	2.70146e-195	2.70146e-195	2.70146e-195	2.70146e-195	2.70146e-195	2.70146e-195	2.70146e-195	2.70146e-195	2.70146e-195	2.70146e-195	2.70146e-195	2.70146e-195	2.70146e-195	2.70146e-195	2.70146e-195	2.70146e-195	2.70146e-195	2.70146e-195	2.70146e-195	2.70146e-195	2.70146e-195	2.70146e-195	2.70146e-195	2.70146e-195	2.70146e-195	2.70146e-195	2.70146e-195	2.70146e-195	2.70146e-195	2.70146e-195	2.70146e-195	2.70146e-195	2.70146e-195	2.70146e-195	2.70146e-195	2.70146e-195	2.70146e-195	2.70146e-195	2.70146e-195	2.70146e-195	2.70146e-195	2.70146e-195	2.70146e-195	2.70146e-195	2.70146e-195	2.70146e-195	2.70146e-195	2.70146e-195	2.70146e-195	2.70146e-195	2.70146e-195	2.70146e-195	2.70146e-195	2.70146e-195	2.70146e-195	2.70146e-195	2.70146e-195	2.70146e-195	2.70146e-195	2.70146e-195	2.70146e-195	2.70146e-195	2.70146e-195	2.70146e-195	2.70146e-195	2.70146e-195	2.70146e-195	2.70146e-195	2.70146e-195	2.70146e-195	2.70146e-195	2.70146e-195	2.70146e-195	2.70146e-195	2.70146e-195	2.70146e-195	2.70146e-195	2.70146e-195	2.70146e-195	2.70146e-195	2.70146e-195	2.70146e-195	2.70146e-195	2.70146e-195	2.70146e-195	2.70146e-195	2.70146e-195	2.70146e-195	2.70146e-195	2.70146e-195	2.70146e-195	2.70146e-195	2.70146e-195	2.70146e-195
17.26	2.21608e-180	2.21608e-180	2.21608e-180	2.21608e-180	2.21608e-180	2.21608e-180	2.21608e-180	2.21608e-180	2.21608e-180	2.21608e-180	2.21608e-180	2.21608e-180	2.21608e-180	2.21608e-180	2.21608e-180	2.21608e-180	2.21608e-180	2.21608e-180	2.21608e-180	2.21608e-180	2.21608e-180	2.21608e-180	2.21608e-180	2.21608e-180	2.21608e-180	2.21608e-180	2.21608e-180	2.21608e-180	2.21608e-180	2.21608e-180	2.21608e-180	2.21608e-180	2.21608e-180	2.21608e-180	2.21608e-180	2.21608e-180	2.21608e-180	2.21608e-180	2.21608e-180	2.21608e-180	2.21608e-180	2.21608e-180	2.21608e-180	2.21608e-180	2.21608e-180	2.21608e-180	2.21608e-180	2.21608e-180	2.21608e-180	2.21608e-180	2.21608e-180	2.21608e-180	2.21608e-180	2.21608e-180	2.21608e-180	2.21608e-180	2.21608e-180	2.21608e-180	2.21608e-180	2.21608e-180	2.21608e-180	2.21608e-180	2.21608e-180	2.21608e-180	2.21608e-180	2.21608e-180	2.21608e-180	2.21608e-180	2.21608e-180	2.21608e-180	2.21608e-180	2.21608e-180	2.21608e-180	2.21608e-180	2.21608e-180	2.21608e-180	2.21608e-180	2.21608e-180	2.21608e-180	2.21608e-180	2.21608e-180	2.21608e-180	2.21608e-180	2.21608e-180	2.21608e-180	2.21608e-180	2.21608e-180	2.21608e-180	2.21608e-180	2.21608e-180	2.21608e-180	2.21608e-180	2.21608e-180	2.21608e-180	2.21608e-180	2.21608e-180	2.21608e-180	2.21608e-180	2.21608e-180	2.21608e-180	2.21608e-180	2.21608e-180	2.21608e-180	2.21608e-180	2.21608e-180	2.21608e-180	2.21608e-180	2.21608e-180	2.21608e-180	2.21608e-180	2.21608e-180	2.21608e-180	2.21608e-180	2.21608e-180	2.21608e-180	2.21608e-180	2.21608e-180	2.21608e-180	2.21608e-180	2.21608e-180	2.21608e-180	2.21608e-180	2.21608e-180	2.21608e-180	2.21608e-180	2.21608e-180	2.21608e-180	2.21608e-180	2.21608e-180	2.21608e-180	2.21608e-180	2.21608e-180	2.21608e-180	2.21608e-180	2.21608e-180	2.21608e-180	2.21608e-180	2.21608e-180	2.21608e-180	2.21608e-180	2.21608e-180	2.21608e-180	2.21608e-180	2.21608e-180	2.21608e-180	2.21608e-180	2.21608e-180	2.21608e-180	2.21608e-180	2.21608e-180	2.21608e-180	2.21608e-180	2.21608e-180	2.21608e-180	2.21608e-180	2.21608e-180	2.21608e-180	2.21608e-180	2.21608e-180	2.21608e-180	2.21608e-180	2.21608e-180	2.21608e-180	2.21608e-180	2.21608e-180	2.21608e-180	2.21608e-180	2.21608e-180	2.21608e-180	2.21608e-180	2.21608e-180	2.21608e-180	2.21608e-180	2.21608e-180	2.21608e-180	2.21608e-180	2.21608e-180	2.21608e-180	2.21608e-180	2.21608e-180	2.21608e-180	2.21608e-180	2.21608e-180	2.21608e-180	2.21608e-180
17.29	2.98330e-166	2.98330e-166	2.98330e-166	2.98330e-166	2.98330e-166	2.98330e-166	2.98330e-166	2.98330e-166	2.98330e-166	2.98330e-166	2.98330e-166	2.98330e-166	2.98330e-166	2.98330e-166	2.98330e-166	2.98330e-166	2.98330e-166	2.98330e-166	2.98330e-166	2.98330e-166	2.98330e-166	2.98330e-166	2.98330e-166	2.98330e-166	2.98330e-166	2.98330e-166	2.98330e-166	2.98330e-166	2.98330e-166	2.98330e-166	2.98330e-166	2.98330e-166	2.98330e-166	2.98330e-166	2.98330e-166	2.98330e-166	2.98330e-166	2.98330e-166	2.98330e-166	2.98330e-166	2.98330e-166	2.98330e-166	2.98330e-166	2.98330e-166	2.98330e-166	2.98330e-166	2.98330e-166	2.98330e-166	2.98330e-166	2.98330e-166	2.98330e-166	2.98330e-166	2.98330e-166	2.98330e-166	2.98330e-166	2.98330e-166	2.98330e-166	2.98330e-166	2.98330e-166	2.98330e-166	2.98330e-166	2.98330e-166	2.98330e-166	2.98330e-166	2.98330e-166	2.98330e-166	2.98330e-166	2.98330e-166	2.98330e-166	2.98330e-166	2.98330e-166	2.98330e-166	2.98330e-166	2.98330e-166	2.98330e-166	2.98330e-166	2.98330e-166	2.98330e-166	2.98330e-166	2.98330e-166	2.98330e-166	2.98330e-166	2.98330e-166	2.98330e-166	2.98330e-166	2.98330e-166	2.98330e-166	2.98330e-166	2.98330e-166	2.98330e-166	2.98330e-166	2.98330e-166	2.98330e-166	2.98330e-166	2.98330e-166	2.98330e-166	2.98330e-166	2.98330e-166	2.98330e-166	2.98330e-166	2.98330e-166	2.98330e-166	2.98330e-166	2.98330e-166	2.98330e-166	2.98330e-166	2.98330e-166	2.98330e-166	2.98330e-166	2.98330e-166	2.98330e-166	2.98330e-166	2.98330e-166	2.98330e-166	2.98330e-166	2.98330e-166	2.98330e-166	2.98330e-166	2.98330e-166	2.98330e-166	2.98330e-166	2.98330e-166	2.98330e-166	2.98330e-166	2.98330e-166	2.98330e-166	2.98330e-166	2.98330e-166	2.98330e-166	2.98330e-166	2.98330e-166	2.98330e-166	2.98330e-166	2.98330e-166	2.98330e-166	2.98330e-166	2.98330e-166	2.98330e-166	2.98330e-166	2.98330e-166	2.98330e-166	2.98330e-166	2.98330e-166	2.98330e-166	2.98330e-166	2.98330e-166	2.98330e-166	2.98330e-166	2.98330e-166	2.98330e-166	2.98330e-166	2.98330e-166	2.98330e-166	2.98330e-166	2.98330e-166	2.98330e-166	2.98330e-166	2.98330e-166	2.98330e-166	2.98330e-166	2.98330e-166	2.98330e-166	2.98330e-166	2.98330e-166	2.98330e-166	2.98330e-166	2.98330e-166	2.98330e-166	2.98330e-166	2.98330e-166	2.98330e-166	2.98330e-166	2.98330e-166	2.98330e-166	2.98330e-166	2.98330e-166	2.98330e-166	2.98330e-166	2.98330e-166	2.98330e-166	2.98330e-166	2.98330e-166	2.98330e-166	2.98330e-166	2.98330e-166
17.32	6.65616e-153	6.65616e-153	6.65616e-153	6.65616e-153	6.65616e-153	6.65616e-153	6.65616e-153	6.65616e-153	6.65616e-153	6.65616e-153	6.65616e-153	6.65616e-153	6.65616e-153	6.65616e-153	6.65616e-153	6.65616e-153	6.65616e-153	6.65616e-153	6.65616e-153	6.65616e-153	6.65616e-153	6.65616e-153	6.65616e-153	6.65616e-153	6.65616e-153	6.65616e-153	6.65616e-153	6.65616e-153	6.65616e-153	6.65616e-153	6.65616e-153	6.65616e-153	6.65616e-153	6.65616e-153	6.65616e-153	6.65616e-153	6.65616e-153	6.65616e-153	6.65616e-153	6.65616e-153	6.65616e-153	6.65616e-153	6.65616e-153	6.65616e-153	6.65616e-153	6.65616e-153	6.65616e-153	6.65616e-153	6.65616e-153	6.65616e-153	6.65616e-153	6.65616e-153	6.65616e-153	6.65616e-153	6.65616e-153	6.65616e-153	6.65616e-153	6.65616e-153	6.65616e-153	6.65616e-153	6.65616e-153	6.65616e-153	6.65616e-153	6.65616e-153	6.65616e-153	6.65616e-153	6.65616e-153	6.65616e-153	6.65616e-153	6.65616e-153	6.65616e-153	6.65616e-153	6.65616e-153	6.65616e-153	6.65616e-153	6.65616e-153	6.65616e-153	6.65616e-153	6.65616e-153	6.65616e-153	6.65616e-153	6.65616e-153	6.65616e-153	6.65616e-153	6.65616e-153	6.65616e-153	6.65616e-153	6.65616e-153	6.65616e-153	6.65616e-153	6.65616e-153	6.65616e-153	6.65616e-153	6.65616e-153	6.65616e-153	6.65616e-153	6.65616e-153	6.65616e-153	6.65616e-153	6.65616e-153	6.65616e-153	6.65616e-153	6.65616e-153	6.65616e-153	6.65616e-153	6.65616e-153	6.65616e-153	6.65616e-153	6.65616e-153	6.65616e-153	6.65616e-153	6.65616e-153	6.65616e-153	6.65616e-153	6.65616e-153	6.65616e-153	6.65616e-153	6.65616e-153	6.65616e-153	6.65616e-153	6.65616e-153	6.65616e-153	6.65616e-153	6.65616e-153	6.65616e-153	6.65616e-153	6.65616e-153	6.65616e-153	6.65616e-153	6.65616e-153	6.65616e-153	6.65616e-153	6.65616e-153	6.65616e-153	6.65616e-153	6.65616e-153	6.65616e-153	6.65616e-153	6.65616e-153	6.65616e-153	6.65616e-153	6.65616e-153	6.65616e-153	6.65616e-153	6.65616e-153	6.65616e-153	6.65616e-153	6.65616e-153	6.65616e-153	6.65616e-153	6.65616e-153	6.65616e-153	6.65616e-153	6.65616e-153	6.65616e-153	6.65616e-153	6.65616e-153	6.65616e-153	6.65616e-153	6.65616e-153	6.65616e-153	6.65616e-153	6.65616e-153	6.65616e-153	6.65616e-153	6.65616e-153	6.65616e-153	6.65616e-153	6.65616e-153	6.65616e-153	6.65616e-153	6.65616e-153	6.65616e-153	6.65616e-153	6.65616e-153	6.65616e-153	6.65616e-153	6.65616e-153	6.65616e-153	6.65616e-153	6.65616e-153	6.65616e-153	6.65616e-153	6.65616e-153	6.65616e-153
17.36	3.53148e-140	3.53148e-140	3.53148e-140	3.53148e-140	3.53148e-140	3.53148e-140	3.53148e-140	3.53148e-140	3.53148e-140	3.53148e-140	3.53148e-140	3.53148e-140	3.53148e-140	3.53148e-140	3.53148e-140	3.53148e-140	3.53148e-140	3.53148e-140	3.53148e-140	3.53148e-140	3.53148e-140	3.53148e-140	3.53148e-140	3.53148e-140	3.53148e-140	3.53148e-140	3.53148e-140	3.53148e-140	3.53148e-140	3.53148e-140	3.53148e-140	3.53148e-140	3.53148e-140	3.53148e-140	3.53148e-140	3.53148e-140	3.53148e-140	3.53148e-140	3.53148e-140	3.53148e-140	3.53148e-140	3.53148e-140	3.53148e-140	3.53148e-140	3.53148e-140	3.53148e-140	3.53148e-140	3.53148e-140	3.53148e-140	3.53148e-140	3.53148e-140	3.53148e-140	3.53148e-140	3.53148e-140	3.53148e-140	3.53148e-140	3.53148e-140	3.53148e-140	3.53148e-140	3.53148e-140	3.53148e-140	3.53148e-140	3.53148e-140	3.53148e-140	3.53148e-140	3.53148e-140	3.53148e-140	3.53148e-140	3.53148e-140	3.53148e-140	3.53148e-140	3.53148e-140	3.53148e-140	3.53148e-140	3.53148e-140	3.53148e-140	3.53148e-140	3.53148e-140	3.53148e-140	3.53148e-140	3.53148e-140	3.53148e-140	3.53148e-140	3.53148e-140	3.53148e-140	3.53148e-140	3.53148e-140	3.53148e-140	3.53148e-140	3.53148e-140	3.53148e-140	3.53148e-140	3.53148e-140	3.53148e-140	3.53148e-140	3.53148e-140	3.53148e-140	3.53148e-140	3.53148e-140	3.53148e-140	3.53148e-140	3.53148e-140	3.53148e-140	3.53148e-140	3.53148e-140	3.53148e-140	3.53148e-140	3.53148e-140	3.53148e-140	3.53148e-140	3.53148e-140	3.53148e-140	3.53148e-140	3.53148e-140	3.53148e-140	3.53148e-140	3.53148e-140	3.53148e-140	3.53148e-140	3.53148e-140	3.53148e-140	3.53148e-140	3.53148e-140	3.53148e-140	3.53148e-140	3.53148e-140	3.53148e-140	3.53148e-140	3.53148e-140	3.53148e-140	3.53148e-140	3.53148e-140	3.53148e-140	3.53148e-140	3.53148e-140	3.53148e-140	3.53148e-140	3.53148e-140	3.53148e-140	3.53148e-140	3.53148e-140	3.53148e-140	3.53148e-140	3.53148e-140	3.53148e-140	3.53148e-140	3.53148e-140	3.53148e-140	3.53148e-140	3.53148e-140	3.53148e-140	3.53148e-140	3.53148e-140	3.53148e-140	3.53148e-140	3.53148e-140	3.53148e-140	3.53148e-140	3.53148e-140	3.53148e-140	3.53148e-140	3.53148e-140	3.53148e-140	3.53148e-140	3.53148e-140	3.53148e-140	3.53148e-140	3.53148e-140	3.53148e-140	3.53148e-140	3.53148e-140	3.53148e-140	3.53148e-140	3.53148e-140	3.53148e-140	3.53148e-140	3.53148e-140	3.53148e-140	3.53148e-140	3.53148e-140	3.53148e-140	3.53148e-140	3.53148e-140	3.53148e-140	3.53148e-140
17.39	4.84920e-128	4.84920e-128	4.84920e-128	4.84920e-128	4.84920e-128	4.84920e-128	4.84920e-128	4.84920e-128	4.84920e-128	4.84920e-128	4.84920e-128	4.84920e-128	4.84920e-128	4.84920e-128	4.84920e-128	4.84920e-128	4.84920e-128	4.84920e-128	4.84920e-128	4.84920e-128	4.84920e-128	4.84920e-128	4.84920e-128	4.84920e-128	4.84920e-128	4.84920e-128	4.84920e-128	4.84920e-128	4.84920e-128	4.84920e-128	4.84920e-128	4.84920e-128	4.84920e-128	4.84920e-128	4.84920e-128	4.84920e-128	4.84920e-128	4.84920e-128	4.84920e-128	4.84920e-128	4.84920e-128	4.84920e-128	4.84920e-128	4.84920e-128	4.84920e-128	4.84920e-128	4.84920e-128	4.84920e-128	4.84920e-128	4.84920e-128	4.84920e-128	4.84920e-128	4.84920e-128	4.84920e-128	4.84920e-128	4.84920e-128	4.84920e-128	4.84920e-128	4.84920e-128	4.84920e-128	4.84920e-128	4.84920e-128	4.84920e-128	4.84920e-128	4.84920e-128	4.84920e-128	4.84920e-128	4.84920e-128	4.84920e-128	4.84920e-128	4.84920e-128	4.84920e-128	4.84920e-128	4.84920e-128	4.84920e-128	4.84920e-128	4.84920e-128	4.84920e-128	4.84920e-128	4.84920e-128	4.84920e-128	4.84920e-128	4.84920e-128	4.84920e-128	4.84920e-128	4.84920e-128	4.84920e-128	4.84920e-128	4.84920e-128	4.84920e-128	4.84920e-128	4.84920e-128	4.84920e-128	4.84920e-128	4.84920e-128	4.84920e-128	4.84920e-128	4.84920e-128	4.84920e-128	4.84920e-128	4.84920e-128	4.84920e-128	4.84920e-128	4.84920e-128	4.84920e-128	4.84920e-128	4.84920e-128	4.84920e-128	4.84920e-128	4.84920e-128	4.84920e-128	4.84920e-128	4.84920e-128	4.84920e-128	4.84920e-128	4.84920e-128	4.84920e-128	4.84920e-128	4.84920e-128	4.84920e-128	4.84920e-128	4.84920e-128	4.84920e-128	4.84920e-128	4.84920e-128	4.84920e-128	4.84920e-128	4.84920e-128	4.84920e-128	4.84920e-128	4.84920e-128	4.84920e-128	4.84920e-128	4.84920e-128	4.84920e-128	4.84920e-128	4.84920e-128	4.84920e-128	4.84920e-128	4.84920e-128	4.84920e-128	4.84920e-128	4.84920e-128	4.84920e-128	4.84920e-128	4.84920e-128	4.84920e-128	4.84920e-128	4.84920e-128	4.84920e-128	4.84920e-128	4.84920e-128	4.84920e-128	4.84920e-128	4.84920e-128	4.84920e-128	4.84920e-128	4.84920e-128	4.84920e-128	4.84920e-128	4.84920e-128	4.84920e-128	4.84920e-128	4.84920e-128	4.84920e-128	4.84920e-128	4.84920e-128	4.84920e-128	4.84920e-128	4.84920e-128	4.84920e-128	4.84920e-128	4.84920e-128	4.84920e-128	4.84920e-128	4.84920e-128	4.84920e-128	4.84920e-128	4.84920e-128	4.84920e-128	4.84920e-128	4.84920e-128	4.84920e-128	4.84920e-128	4.84920e-128
17.43	2.14423e-116	2.14423e-116	2.14423e-116	2.14423e-116	2.14423e-116	2.14423e-116	2.14423e-116	2.14423e-116	2.14423e-116	2.14423e-116	2.14423e-116	2.14423e-116	2.14423e-116	2.14423e-116	2.14423e-116	2.14423e-116	2.14423e-116	2.14423e-116	2.14423e-116	2.14423e-116	2.14423e-116	2.14423e-116	2.14423e-116	2.14423e-116	2.14423e-116	2.14423e-116	2.14423e-116	2.14423e-116	2.14423e-116	2.14423e-116	2.14423e-116	2.14423e-116	2.14423e-116	2.14423e-116	2.14423e-116	2.14423e-116	2.14423e-116	2.14423e-116	2.14423e-116	2.14423e-116	2.14423e-116	2.14423e-116	2.14423e-116	2.14423e-116	2.14423e-116	2.14423e-116	2.14423e-116	2.14423e-116	2.14423e-116	2.14423e-116	2.14423e-116	2.14423e-116	2.14423e-116	2.14423e-116	2.14423e-116	2.14423e-116	2.14423e-116	2.14423e-116	2.14423e-116	2.14423e-116	2.14423e-116	2.14423e-116	2.14423e-116	2.14423e-116	2.14423e-116	2.14423e-116	2.14423e-116	2.14423e-116	2.14423e-116	2.14423e-116	2.14423e-116	2.14423e-116	2.14423e-116	2.14423e-116	2.14423e-116	2.14423e-116	2.14423e-116	2.14423e-116	2.14423e-116	2.14423e-116	2.14423e-116	2.14423e-116	2.14423e-116	2.14423e-116	2.14423e-116	2.14423e-116	2.14423e-116	2.14423e-116	2.14423e-116	2.14423e-116	2.14423e-116	2.14423e-116	2.14423e-116	2.14423e-116	2.14423e-116	2.14423e-116	2.14423e-116	2.14423e-116	2.14423e-116	2.14423e-116	2.14423e-116	2.14423e-116	2.14423e-116	2.14423e-116	2.14423e-116	2.14423e-116	2.14423e-116	2.14423e-116	2.14423e-116	2.14423e-116	2.14423e-116	2.14423e-116	2.14423e-116	2.14423e-116	2.14423e-116	2.14423e-116	2.14423e-116	2.14423e-116	2.14423e-116	2.14423e-116	2.14423e-116	2.14423e-116	2.14423e-116	2.14423e-116	2.14423e-116	2.14423e-116	2.14423e-116	2.14423e-116	2.14423e-116	2.14423e-116	2.14423e-116	2.14423e-116	2.14423e-116	2.14423e-116	2.14423e-116	2.14423e-116	2.14423e-116	2.14423e-116	2.14423e-116	2.14423e-116	2.14423e-116	2.14423e-116	2.14423e-116	2.14423e-116	2.14423e-116	2.14423e-116	2.14423e-116	2.14423e-116	2.14423e-116	2.14423e-116	2.14423e-116	2.14423e-116	2.14423e-116	2.14423e-116	2.14423e-116	2.14423e-116	2.14423e-116	2.14423e-116	2.14423e-116	2.14423e-116	2.14423e-116	2.14423e-116	2.14423e-116	2.14423e-116	2.14423e-116	2.14423e-116	2.14423e-116	2.14423e-116	2.14423e-116	2.14423e-116	2.14423e-116	2.14423e-116	2.14423e-116	2.14423e-116	2.14423e-116	2.14423e-116	2.14423e-116	2.14423e-116	2.14423e-116	2.14423e-116	2.14423e-116	2.14423e-116	2.14423e-116	2.14423e-116	2.14423e-116
17.46	3.52263e-105	3.52263e-105	3.52263e-105	3.52263e-105	3.52263e-105	3.52263e-105	3.52263e-105	3.52263e-105	3.52263e-105	3.52263e-105	3.52263e-105	3.52263e-105	3.52263e-105	3.52263e-105	3.52263e-105	3.52263e-105	3.52263e-105	3.52263e-105	3.52263e-105	3.52263e-105	3.52263e-105	3.52263e-105	3.52263e-105	3.52263e-105	3.52263e-105	3.52263e-105	3.52263e-105	3.52263e-105	3.52263e-105	3.52263e-105	3.52263e-105	3.52263e-105	3.52263e-105	3.52263e-105	3.52263e-105	3.52263e-105	3.52263e-105	3.52263e-105	3.52263e-105	3.52263e-105	3.52263e-105	3.52263e-105	3.52263e-105	3.52263e-105	3.52263e-105	3.52263e-105	3.52263e-105	3.52263e-105	3.52263e-105	3.52263e-105	3.52263e-105	3.52263e-105	3.52263e-105	3.52263e-105	3.52263e-105	3.52263e-105	3.52263e-105	3.52263e-105	3.52263e-105	3.52263e-105	3.52263e-105	3.52263e-105	3.52263e-105	3.52263e-105	3.52263e-105	3.52263e-105	3.52263e-105	3.52263e-105	3.52263e-105	3.52263e-105	3.52263e-105	3.52263e-105	3.52263e-105	3.52263e-105	3.52263e-105	3.52263e-105	3.52263e-105	3.52263e-105	3.52263e-105	3.52263e-105	3.52263e-105	3.52263e-105	3.52263e-105	3.52263e-105	3.52263e-105	3.52263e-105	3.52263e-105	3.52263e-105	3.52263e-105	3.52263e-105	3.52263e-105	3.52263e-105	3.52263e-105	3.52263e-105	3.52263e-105	3.52263e-105	3.52263e-105	3.52263e-105	3.52263e-105	3.52263e-105	3.52263e-105	3.52263e-105	3.52263e-105	3.52263e-105	3.52263e-105	3.52263e-105	3.52263e-105	3.52263e-105	3.52263e-105	3.52263e-105	3.52263e-105	3.52263e-105	3.52263e-105	3.52263e-105	3.52263e-105	3.52263e-105	3.52263e-105	3.52263e-105	3.52263e-105	3.52263e-105	3.52263e-105	3.52263e-105	3.52263e-105	3.52263e-105	3.52263e-105	3.52263e-105	3.52263e-105	3.52263e-105	3.52263e-105	3.52263e-105	3.52263e-105	3.52263e-105	3.52263e-105	3.52263e-105	3.52263e-105	3.52263e-105	3.52263e-105	3.52263e-105	3.52263e-105	3.52263e-105	3.52263e-105	3.52263e-105	3.52263e-105	3.52263e-105	3.52263e-105	3.52263e-105	3.52263e-105	3.52263e-105	3.52263e-105	3.52263e-105	3.52263e-105	3.52263e-105	3.52263e-105	3.52263e-105	3.52263e-105	3.52263e-105	3.52263e-105	3.52263e-105	3.52263e-105	3.52263e-105	3.52263e-105	3.52263e-105	3.52263e-105	3.52263e-105	3.52263e-105	3.52263e-105	3.52263e-105	3.52263e-105	3.52263e-105	3.52263e-105	3.52263e-105	3.52263e-105	3.52263e-105	3.52263e-105	3.52263e-105	3.52263e-105	3.52263e-105	3.52263e-105	3.52263e-105	3.52263e-105	3.52263e-105	3.52263e-105	3.52263e-105	3.52263e-105	3.52263e-105
17.49	2.49920e-94	2.49920e-94	2.49920e-94	2.49920e-94	2.49920e-94	2.49920e-94	2.49920e-94	2.49920e-94	2.49920e-94	2.49920e-94	2.49920e-94	2.49920e-94	2.49920e-94	2.49920e-94	2.49920e-94	2.49920e-94	2.49920e-94	2.49920e-94	2.49920e-94	2.49920e-94	2.49920e-94	2.49920e-94	2.49920e-94	2.49920e-94	2.49920e-94	2.49920e-94	2.49920e-94	2.49920e-94	2.49920e-94	2.49920e-94	2.49920e-94	2.49920e-94	2.49920e-94	2.49920e-94	2.49920e-94	2.49920e-94	2.49920e-94	2.49920e-94	2.49920e-94	2.49920e-94	2.49920e-94	2.49920e-94	2.49920e-94	2.49920e-94	2.49920e-94	2.49920e-94	2.49920e-94	2.49920e-94	2.49920e-94	2.49920e-94	2.49920e-94	2.49920e-94	2.49920e-94	2.49920e-94	2.49920e-94	2.49920e-94	2.49920e-94	2.49920e-94	2.49920e-94	2.49920e-94	2.49920e-94	2.49920e-94	2.49920e-94	2.49920e-94	2.49920e-94	2.49920e-94	2.49920e-94	2.49920e-94	2.49920e-94	2.49920e-94	2.49920e-94	2.49920e-94	2.49920e-94	2.49920e-94	2.49920e-94	2.49920e-94	2.49920e-94	2.49920e-94	2.49920e-94	2.49920e-94	2.49920e-94	2.49920e-94	2.49920e-94	2.49920e-94	2.49920e-94	2.49920e-94	2.49920e-94	2.49920e-94	2.49920e-94	2.49920e-94	2.49920e-94	2.49920e-94	2.49920e-94	2.49920e-94	2.49920e-94	2.49920e-94	2.49920e-94	2.49920e-94	2.49920e-94	2.49920e-94	2.49920e-94	2.49920e-94	2.49920e-94	2.49920e-94	2.49920e-94	2.49920e-94	2.49920e-94	2.49920e-94	2.49920e-94	2.49920e-94	2.49920e-94	2.49920e-94	2.49920e-94	2.49920e-94	2.49920e-94	2.49920e-94	2.49920e-94	2.49920e-94	2.49920e-94	2.49920e-94	2.49920e-94	2.49920e-94	2.49920e-94	2.49920e-94	2.49920e-94	2.49920e-94	2.49920e-94	2.49920e-94	2.49920e-94	2.49920e-94	2.49920e-94	2.49920e-94	2.49920e-94	2.49920e-94	2.49920e-94	2.49920e-94	2.49920e-94	2.49920e-94	2.49920e-94	2.49920e-94	2.49920e-94	2.49920e-94	2.49920e-94	2.49920e-94	2.49920e-94	2.49920e-94	2.49920e-94	2.49920e-94	2.49920e-94	2.49920e-94	2.49920e-94	2.49920e-94	2.49920e-94	2.49920e-94	2.49920e-94	2.49920e-94	2.49920e-94	2.49920e-94	2.49920e-94	2.49920e-94	2.49920e-94	2.49920e-94	2.49920e-94	2.49920e-94	2.49920e-94	2.49920e-94	2.49920e-94	2.49920e-94	2.49920e-94	2.49920e-94	2.49920e-94	2.49920e-94	2.49920e-94	2.49920e-94	2.49920e-94	2.49920e-94	2.49920e-94	2.49920e-94	2.49920e-94	2.49920e-94	2.49920e-94	2.49920e-94	2.49920e-94	2.49920e-94	2.49920e-94
17.53	8.83219e-84	8.83219e-84	8.83219e-84	8.83219e-84	8.83219e-84	8.83219e-84	8.83219e-84	8.83219e-84	8.83219e-84	8.83219e-84	8.83219e-84	8.83219e-84	8.83219e-84	8.83219e-84	8.83219e-84	8.83219e-84	8.83219e-84	8.83219e-84	8.83219e-84	8.83219e-84	8.83219e-84	8.83219e-84	8.83219e-84	8.83219e-84	8.83219e-84	8.83219e-84	8.83219e-84	8.83219e-84	8.83219e-84	8.83219e-84	8.83219e-84	8.83219e-84	8.83219e-84	8.83219e-84	8.83219e-84	8.83219e-84	8.83219e-84	8.83219e-84	8.83219e-84	8.83219e-84	8.83219e-84	8.83219e-84	8.83219e-84	8.83219e-84	8.83219e-84	8.83219e-84	8.83219e-84	8.83219e-84	8.83219e-84	8.83219e-84	8.83219e-84	8.83219e-84	8.83219e-84	8.83219e-84	8.83219e-84	8.83219e-84	8.83219e-84	8.83219e-84	8.83219e-84	8.83219e-84	8.83219e-84	8.83219e-84	8.83219e-84	8.83219e-84	8.83219e-84	8.83219e-84	8.83219e-84	8.83219e-84	8.83219e-84	8.83219e-84	8.83219e-84	8.83219e-84	8.83219e-84	8.83219e-84	8.83219e-84	8.83219e-84	8.83219e-84	8.83219e-84	8.83219e-84	8.83219e-84	8.83219e-84	8.83219e-84	8.83219e-84	8.83219e-84	8.83219e-84	8.83219e-84	8.83219e-84	8.83219e-84	8.83219e-84	8.83219e-84	8.83219e-84	8.83219e-84	8.83219e-84	8.83219e-84	8.83219e-84	8.83219e-84	8.83219e-84	8.83219e-84	8.83219e-84	8.83219e-84	8.83219e-84	8.83219e-84	8.83219e-84	8.83219e-84	8.83219e-84	8.83219e-84	8.83219e-84	8.83219e-84	8.83219e-84	8.83219e-84	8.83219e-84	8.83219e-84	8.83219e-84	8.83219e-84	8.83219e-84	8.83219e-84	8.83219e-84	8.83219e-84	8.83219e-84	8.83219e-84	8.83219e-84	8.83219e-84	8.83219e-84	8.83219e-84	8.83219e-84	8.83219e-84	8.83219e-84	8.83219e-84	8.83219e-84	8.83219e-84	8.83219e-84	8.83219e-84	8.83219e-84	8.83219e-84	8.83219e-84	8.83219e-84	8.83219e-84	8.83219e-84	8.83219e-84	8.83219e-84	8.83219e-84	8.83219e-84	8.83219e-84	8.83219e-84	8.83219e-84	8.83219e-84	8.83219e-84	8.83219e-84	8.83219e-84	8.83219e-84	8.83219e-84	8.83219e-84	8.83219e-84	8.83219e-84	8.83219e-84	8.83219e-84	8.83219e-84	8.83219e-84	8.83219e-84	8.83219e-84	8.83219e-84	8.83219e-84	8.83219e-84	8.83219e-84	8.83219e-84	8.83219e-84	8.83219e-84	8.83219e-84	8.83219e-84	8.83219e-84	8.83219e-84	8.83219e-84	8.83219e-84	8.83219e-84	8.83219e-84	8.83219e-84	8.83219e-84	8.83219e-84	8.83219e-84	8.83219e-84	8.83219e-84	8.83219e-84	8.83219e-84	8.83219e-84	8.83219e-84
17.56	5.79274e-49	5.79274e-49	5.79274e-49	5.79274e-49	5.79274e-49	5.79274e-49	5.79274e-49	5.79274e-49	5.79274e-49	5.79274e-49	5.79274e-49	5.79274e-49	5.79274e-49	5.79274e-49	5.79274e-49	5.79274e-49	5.79274e-49	5.79274e-49	5.79274e-49	5.79274e-49	5.79274e-49	5.79274e-49	5.79274e-49	5.79274e-49	5.79274e-49	5.79274e-49	5.79274e-49	5.79274e-49	5.79274e-49	5.79274e-49	5.79274e-49	5.79274e-49	5.79274e-49	5.79274e-49	5.79274e-49	5.79274e-49	5.79274e-49	5.79274e-49	5.79274e-49	5.79274e-49	5.79274e-49	5.79274e-49	5.79274e-49	5.79274e-49	5.79274e-49	5.79274e-49	5.79274e-49	5.79274e-49	5.79274e-49	5.79274e-49	5.79274e-49	5.79274e-49	5.79274e-49	5.79274e-49	5.79274e-49	5.79274e-49	5.79274e-49	5.79274e-49	5.79274e-49	5.79274e-49	5.79274e-49	5.79274e-49	5.79274e-49	5.79274e-49	5.79274e-49	5.79274e-49	5.79274e-49	5.79274e-49	5.79274e-49	5.79274e-49	5.79274e-49	5.79274e-49	5.79274e-49	5.79274e-49	5.79274e-49	5.79274e-49	5.79274e-49	5.79274e-49	5.79274e-49	5.79274e-49	5.79274e-49	5.79274e-49	5.79274e-49	5.79274e-49	5.79274e-49	5.79274e-49	5.79274e-49	5.79274e-49	5.79274e-49	5.79274e-49	5.79274e-49	5.79274e-49	5.79274e-49	5.79274e-49	5.79274e-49	5.79274e-49	5.79274e-49	5.79274e-49	5.79274e-49	5.79274e-49	5.79274e-49	5.79274e-49	5.79274e-49	5.79274e-49	5.79274e-49	5.79274e-49	5.79274e-49	5.79274e-49	5.79274e-49	5.79274e-49	5.79274e-49	5.79274e-49	5.79274e-49	5.79274e-49	5.79274e-49	5.79274e-49	5.79274e-49	5.79274e-49	5.79274e-49	5.79274e-49	5.79274e-49	5.79274e-49	5.79274e-49	5.79274e-49	5.79274e-49	5.79274e-49	5.79274e-49	5.79274e-49	5.79274e-49	5.79274e-49	5.79274e-49	5.79274e-49	5.79274e-49	5.79274e-49	5.79274e-49	5.79274e-49	5.79274e-49	5.79274e-49	5.79274e-49	5.79274e-49	5.79274e-49	5.79274e-49	5.79274e-49	5.79274e-49	5.79274e-49	5.79274e-49	5.79274e-49	5.79274e-49	5.79274e-49	5.79274e-49	5.79274e-49	5.79274e-49	5.79274e-49	5.79274e-49	5.79274e-49	5.79274e-49	5.79274e-49	5.79274e-49	5.79274e-49	5.79274e-49	5.79274e-49	5.79274e-49	5.79274e-49	5.79274e-49	5.79274e-49	5.79274e-49	5.79274e-49	5.79274e-49	5.79274e-49	5.79274e-49	5.79274e-49	5.79274e-49	5.79274e-49	5.79274e-49	5.79274e-49	5.79274e-49	5.79274e-49	5.79274e-49	5.79274e-49	5.79274e-49	5.79274e-49	5.79274e-49	5.79274e-49	5.79274e-49	5.79274e-49
17.60	7.25374e-38	7.25374e-38	7.25374e-38	7.25374e-38	7.25374e-38	7.25374e-38	7.25374e-38	7.25374e-38	7.25374e-38	7.25374e-38	7.25374e-38	7.25374e-38	7.25374e-38	7.25374e-38	7.25374e-38	7.25374e-38	7.25374e-38	7.25374e-38	7.25374e-38	7.25374e-38	7.25374e-38	7.25374e-38	7.25374e-38	7.25374e-38	7.25374e-38	7.25374e-38	7.25374e-38	7.25374e-38	7.25374e-38	7.25374e-38	7.25374e-38	7.25374e-38	7.25374e-38	7.25374e-38	7.25374e-38	7.25374e-38	7.25374e-38	7.25374e-38	7.25374e-38	7.25374e-38	7.25374e-38	7.25374e-38	7.25374e-38	7.25374e-38	7.25374e-38	7.25374e-38	7.25374e-38	7.25374e-38	7.25374e-38	7.25374e-38	7.25374e-38	7.25374e-38	7.25374e-38	7.25374e-38	7.25374e-38	7.25374e-38	7.25374e-38	7.25374e-38	7.25374e-38	7.25374e-38	7.25374e-38	7.25374e-38	7.25374e-38	7.25374e-38	7.25374e-38	7.25374e-38	7.25374e-38	7.25374e-38	7.25374e-38	7.25374e-38	7.25374e-38	7.25374e-38	7.25374e-38	7.25374e-38	7.25374e-38	7.25374e-38	7.25374e-38	7.25374e-38	7.25374e-38	7.25374e-38	7.25374e-38	7.25374e-38	7.25374e-38	7.25374e-38	7.25374e-38	7.25374e-38	7.25374e-38	7.25374e-38	7.25374e-38	7.25374e-38	7.25374e-38	7.25374e-38	7.25374e-38	7.25374e-38	7.25374e-38	7.25374e-38	7.25374e-38	7.25374e-38	7.25374e-38	7.25374e-38	7.25374e-38	7.25374e-38	7.25374e-38	7.25374e-38	7.25374e-38	7.25374e-38	7.25374e-38	7.25374e-38	7.25374e-38	7.25374e-38	7.25374e-38	7.25374e-38	7.25374e-38	7.25374e-38	7.25374e-38	7.25374e-38	7.25374e-38	7.25374e-38	7.25374e-38	7.25374e-38	7.25374e-38	7.25374e-38	7.25374e-38	7.25374e-38	7.25374e-38	7.25374e-38	7.25374e-38	7.25374e-38	7.25374e-38	7.25374e-38	7.25374e-38	7.25374e-38	7.25374e-38	7.25374e-38	7.25374e-38	7.25374e-38	7.25374e-38	7.25374e-38	7.25374e-38	7.25374e-38	7.25374e-38	7.25374e-38	7.25374e-38	7.25374e-38	7.25374e-38	7.25374e-38	7.25374e-38	7.25374e-38	7.25374e-38	7.25374e-38	7.25374e-38	7.25374e-38	7.25374e-38	7.25374e-38	7.25374e-38	7.25374e-38	7.25374e-38	7.25374e-38	7.25374e-38	7.25374e-38	7.25374e-38	7.25374e-38	7.25374e-38	7.25374e-38	7.25374e-38	7.25374e-38	7.25374e-38	7.25374e-38	7.25374e-38	7.25374e-38	7.25374e-38	7.25374e-38	7.25374e-38	7.25374e-38	7.25374e-38	7.25374e-38	7.25374e-38	7.25374e-38	7.25374e-38	7.25374e-38	7.25374e-38	7.25374e-38	7.25374e-38	7.25374e-38	7.25374e-38
17.63	3.81208e-28	3.81208e-28	3.81208e-28	3.81208e-28	3.81208e-28	3.81208e-28	3.81208e-28	3.81208e-28	3.81208e-28	3.81208e-28	3.81208e-28	3.81208e-28	3.81208e-28	3.81208e-28	3.81208e-28	3.81208e-28	3.81208e-28	3.81208e-28	3.81208e-28	3.81208e-28	3.81208e-28	3.81208e-28	3.81208e-28	3.81208e-28	3.81208e-28	3.81208e-28	3.81208e-28	3.81208e-28	3.81208e-28	3.81208e-28	3.81208e-28	3.81208e-28	3.81208e-28	3.81208e-28	3.81208e-28	3.81208e-28	3.81208e-28	3.81208e-28	3.81208e-28	3.81208e-28	3.81208e-28	3.81208e-28	3.81208e-28	3.81208e-28	3.81208e-28	3.81208e-28	3.81208e-28	3.81208e-28	3.81208e-28	3.81208e-28	3.81208e-28	3.81208e-28	3.81208e-28	3.81208e-28	3.81208e-28	3.81208e-28	3.81208e-28	3.81208e-28	3.81208e-28	3.81208e-28	3.81208e-28	3.81208e-28	3.81208e-28	3.81208e-28	3.81208e-28	3.81208e-28	3.81208e-28	3.81208e-28	3.81208e-28	3.81208e-28	3.81208e-28	3.81208e-28	3.81208e-28	3.81208e-28	3.81208e-28	3.81208e-28	3.81208e-28	3.81208e-28	3.81208e-28	3.81208e-28	3.81208e-28	3.81208e-28	3.81208e-28	3.81208e-28	3.81208e-28	3.81208e-28	3.81208e-28	3.81208e-28	3.81208e-28	3.81208e-28	3.81208e-28	3.81208e-28	3.81208e-28	3.81208e-28	3.81208e-28	3.81208e-28	3.81208e-28	3.81208e-28	3.81208e-28	3.81208e-28	3.81208e-28	3.81208e-28	3.81208e-28	3.81208e-28	3.81208e-28	3.81208e-28	3.81208e-28	3.81208e-28	3.81208e-28	3.81208e-28	3.81208e-28	3.81208e-28	3.81208e-28	3.81208e-28	3.81208e-28	3.81208e-28	3.81208e-28	3.81208e-28	3.81208e-28	3.81208e-28	3.81208e-28	3.81208e-28	3.81208e-28	3.81208e-28	3.81208e-28	3.81208e-28	3.81208e-28	3.81208e-28	3.81208e-28	3.81208e-28	3.81208e-28	3.81208e-28	3.81208e-28	3.81208e-28	3.81208e-28	3.81208e-28	3.81208e-28	3.81208e-28	3.81208e-28	3.81208e-28	3.81208e-28	3.81208e-28	3.81208e-28	3.81208e-28	3.81208e-28	3.81208e-28	3.81208e-28	3.81208e-28	3.81208e-28	3.81208e-28	3.81208e-28	3.81208e-28	3.81208e-28	3.81208e-28	3.81208e-28	3.81208e-28	3.81208e-28	3.81208e-28	3.81208e-28	3.81208e-28	3.81208e-28	3.81208e-28	3.81208e-28	3.81208e-28	3.81208e-28	3.81208e-28	3.81208e-28	3.81208e-28	3.81208e-28	3.81208e-28	3.81208e-28	3.81208e-28	3.81208e-28	3.81208e-28	3.81208e-28	3.81208e-28	3.81208e-28	3.81208e-28	3.81208e-28	3.81208e-28	3.81208e-28	3.81208e-28	3.81208e-28	3.81208e-28	3.81208e-28
17.67	8.87703e-23	8.88037e-23	8.88037e-23	8.88037e-23	8.88037e-23	8.88037e-23	8.88037e-23	8.88037e-23	8.88037e-23	8.88037e-23	8.88037e-23	8.88037e-23	8.88037e-23	8.88037e-23	8.88037e-23	8.88037e-23	8.88037e-23	8.88037e-23	8.88037e-23	8.88037e-23	8.88037e-23	8.88037e-23	8.88037e-23	8.88037e-23	8.88037e-23	8.88037e-23	8.88037e-23	8.88037e-23	8.88037e-23	8.88037e-23	8.88037e-23	8.88037e-23	8.88037e-23	8.88037e-23	8.88037e-23	8.88037e-23	8.88037e-23	8.88037e-23	8.88037e-23	8.88037e-23	8.88037e-23	8.88037e-23	8.88037e-23	8.88037e-23	8.88037e-23	8.88037e-23	8.88037e-23	8.88037e-23	8.88037e-23	8.88037e-23	8.88037e-23	8.88037e-23	8.88037e-23	8.88037e-23	8.88037e-23	8.88037e-23	8.88037e-23	8.88037e-23	8.88037e-23	8.88037e-23	8.88037e-23	8.88037e-23	8.88037e-23	8.88037e-23	8.88037e-23	8.88037e-23	8.88037e-23	8.88037e-23	8.88037e-23	8.88037e-23	8.88037e-23	8.88037e-23	8.88037e-23	8.88037e-23	8.88037e-23	8.88037e-23	8.88037e-23	8.88037e-23	8.88037e-23	8.88037e-23	8.88037e-23	8.88037e-23	8.88037e-23	8.88037e-23	8.88037e-23	8.88037e-23	8.88037e-23	8.88037e-23	8.88037e-23	8.88037e-23	8.88037e-23	8.88037e-23	8.88037e-23	8.88037e-23	8.88037e-23	8.88037e-23	8.88037e-23	8.88037e-23	8.88037e-23	8.88037e-23	8.88037e-23	8.88037e-23	8.88037e-23	8.88037e-23	8.88037e-23	8.88037e-23	8.88037e-23	8.88037e-23	8.88037e-23	8.88037e-23	8.88037e-23	8.88037e-23	8.88037e-23	8.88037e-23	8.88037e-23	8.88037e-23	8.88037e-23	8.88037e-23	8.88037e-23	8.88037e-23	8.88037e-23	8.88037e-23	8.88037e-23	8.88037e-23	8.88037e-23	8.88037e-23	8.88037e-23	8.88037e-23	8.88037e-23	8.88037e-23	8.88037e-23	8.88037e-23	8.88037e-23	8.88037e-23	8.88037e-23	8.88037e-23	8.88037e-23	8.88037e-23	8.88037e-23	8.88037e-23	8.88037e-23	8.88037e-23	8.88037e-23	8.88037e-23	8.88037e-23	8.88037e-23	8.88037e-23	8.88037e-23	8.88037e-23	8.88037e-23	8.88037e-23	8.88037e-23	8.88037e-23	8.88037e-23	8.88037e-23	8.88037e-23	8.88037e-23	8.88037e-23	8.88037e-23	8.88037e-23	8.88037e-23	8.88037e-23	8.88037e-23	8.88037e-23	8.88037e-23	8.88037e-23	8.88037e-23	8.88037e-23	8.88037e-23	8.88037e-23	8.88037e-23	8.88037e-23	8.88037e-23	8.88037e-23	8.88037e-23	8.88037e-23	8.88037e-23	8.88037e-23	8.88037e-23	8.88037e-23	8.88037e-23	8.88037e-23	8.88037e-23	8.88037e-23	8.88037e-23
17.70	1.13370e-22	2.42591e-22	2.42591e-22	2.42591e-22	2.42591e-22	2.42591e-22	2.42591e-22	2.42591e-22	2.42591e-22	2.42591e-22	2.42591e-22	2.42591e-22	2.42591e-22	2.42591e-22	2.42591e-22	2.42591e-22	2.42591e-22	2.42591e-22	2.42591e-22	2.42591e-22	2.42591e-22	2.42591e-22	2.42591e-22	2.42591e-22	2.42591e-22	2.42591e-22	2.42591e-22	2.42591e-22	2.42591e-22	2.42591e-22	2.42591e-22	2.42591e-22	2.42591e-22	2.42591e-22	2.42591e-22	2.42591e-22	2.42591e-22	2.42591e-22	2.42591e-22	2.42591e-22	2.42591e-22	2.42591e-22	2.42591e-22	2.42591e-22	2.42591e-22	2.42591e-22	2.42591e-22	2.42591e-22	2.42591e-22	2.42591e-22	2.42591e-22	2.42591e-22	2.42591e-22	2.42591e-22	2.42591e-22	2.42591e-22	2.42591e-22	2.42591e-22	2.42591e-22	2.42591e-22	2.42591e-22	2.42591e-22	2.42591e-22	2.42591e-22	2.42591e-22	2.42591e-22	2.42591e-22	2.42591e-22	2.42591e-22	2.42591e-22	2.42591e-22	2.42591e-22	2.42591e-22	2.42591e-22	2.42591e-22	2.42591e-22	2.42591e-22	2.42591e-22	2.42591e-22	2.42591e-22	2.42591e-22	2.42591e-22	2.42591e-22	2.42591e-22	2.42591e-22	2.42591e-22	2.42591e-22	2.42591e-22	2.42591e-22	2.42591e-22	2.42591e-22	2.42591e-22	2.42591e-22	2.42591e-22	2.42591e-22	2.42591e-22	2.42591e-22	2.42591e-22	2.42591e-22	2.42591e-22	2.42591e-22	2.42591e-22	2.42591e-22	2.42591e-22	2.42591e-22	2.42591e-22	2.42591e-22	2.42591e-22	2.42591e-22	2.42591e-22	2.42591e-22	2.42591e-22	2.42591e-22	2.42591e-22	2.42591e-22	2.42591e-22	2.42591e-22	2.42591e-22	2.42591e-22	2.42591e-22	2.42591e-22	2.42591e-22	2.42591e-22	2.42591e-22	2.42591e-22	2.42591e-22	2.42591e-22	2.42591e-22	2.42591e-22	2.42591e-22	2.42591e-22	2.42591e-22	2.42591e-22	2.42591e-22	2.42591e-22	2.42591e-22	2.42591e-22	2.42591e-22	2.42591e-22	2.42591e-22	2.42591e-22	2.42591e-22	2.42591e-22	2.42591e-22	2.42591e-22	2.42591e-22	2.42591e-22	2.42591e-22	2.42591e-22	2.42591e-22	2.42591e-22	2.42591e-22	2.42591e-22	2.42591e-22	2.42591e-22	2.42591e-22	2.42591e-22	2.42591e-22	2.42591e-22	2.42591e-22	2.42591e-22	2.42591e-22	2.42591e-22	2.42591e-22	2.42591e-22	2.42591e-22	2.42591e-22	2.42591e-22	2.42591e-22	2.42591e-22	2.42591e-22	2.42591e-22	2.42591e-22	2.42591e-22	2.42591e-22	2.42591e-22	2.42591e-22	2.42591e-22	2.42591e-22	2.42591e-22	2.42591e-22	2.42591e-22	2.42591e-22	2.42591e-22	2.42591e-22
17.73	9.69082e-23	3.85768e-22	3.87649e-22	3.87649e-22	3.87649e-22	3.87649e-22	3.87649e-22	3.87649e-22	3.87649e-22	3.87649e-22	3.87649e-22	3.87649e-22	3.87649e-22	3.87649e-22	3.87649e-22	3.87649e-22	3.87649e-22	3.87649e-22	3.87649e-22	3.87649e-22	3.87649e-22	3.87649e-22	3.87649e-22	3.87649e-22	3.87649e-22	3.87649e-22	3.87649e-22	3.87649e-22	3.87649e-22	3.87649e-22	3.87649e-22	3.87649e-22	3.87649e-22	3.87649e-22	3.87649e-22	3.87649e-22	3.87649e-22	3.87649e-22	3.87649e-22	3.87649e-22	3.87649e-22	3.87649e-22	3.87649e-22	3.87649e-22	3.87649e-22	3.87649e-22	3.87649e-22	3.87649e-22	3.87649e-22	3.87649e-22	3.87649e-22	3.87649e-22	3.87649e-22	3.87649e-22	3.87649e-22	3.87649e-22	3.87649e-22	3.87649e-22	3.87649e-22	3.87649e-22	3.87649e-22	3.87649e-22	3.87649e-22	3.87649e-22	3.87649e-22	3.87649e-22	3.87649e-22	3.87649e-22	3.87649e-22	3.87649e-22	3.87649e-22	3.87649e-22	3.87649e-22	3.87649e-22	3.87649e-22	3.87649e-22	3.87649e-22	3.87649e-22	3.87649e-22	3.87649e-22	3.87649e-22	3.87649e-22	3.87649e-22	3.87649e-22	3.87649e-22	3.87649e-22	3.87649e-22	3.87649e-22	3.87649e-22	3.87649e-22	3.87649e-22	3.87649e-22	3.87649e-22	3.87649e-22	3.87649e-22	3.87649e-22	3.87649e-22	3.87649e-22	3.87649e-22	3.87649e-22	3.87649e-22	3.87649e-22	3.87649e-22	3.87649e-22	3.87649e-22	3.87649e-22	3.87649e-22	3.87649e-22	3.87649e-22	3.87649e-22	3.87649e-22	3.87649e-22	3.87649e-22	3.87649e-22	3.87649e-22	3.87649e-22	3.87649e-22	3.87649e-22	3.87649e-22	3.87649e-22	3.87649e-22	3.87649e-22	3.87649e-22	3.87649e-22	3.87649e-22	3.87649e-22	3.87649e-22	3.87649e-22	3.87649e-22	3.87649e-22	3.87649e-22	3.87649e-22	3.87649e-22	3.87649e-22	3.87649e-22	3.87649e-22	3.87649e-22	3.87649e-22	3.87649e-22	3.87649e-22	3.87649e-22	3.87649e-22	3.87649e-22	3.87649e-22	3.87649e-22	3.87649e-22	3.87649e-22	3.87649e-22	3.87649e-22	3.87649e-22	3.87649e-22	3.87649e-22	3.87649e-22	3.87649e-22	3.87649e-22	3.87649e-22	3.87649e-22	3.87649e-22	3.87649e-22	3.87649e-22	3.87649e-22	3.87649e-22	3.87649e-22	3.87649e-22	3.87649e-22	3.87649e-22	3.87649e-22	3.87649e-22	3.87649e-22	3.87649e-22	3.87649e-22	3.87649e-22	3.87649e-22	3.87649e-22	3.87649e-22	3.87649e-22	3.87649e-22	3.87649e-22	3.87649e-22	3.87649e-22	3.87649e-22	3.87649e-22	3.87649e-22	3.87649e-22	3.87649e-22
17.77	8.28370e-23	3.40491e-22	5.26358e-22	5.26358e-22	5.26358e-22	5.26358e-22	5.26358e-22	5.26358e-22	5.26358e-22	5.26358e-22	5.26358e-22	5.26358e-22	5.26358e-22	5.26358e-22	5.26358e-22	5.26358e-22	5.26358e-22	5.26358e-22	5.26358e-22	5.26358e-22	5.26358e-22	5.26358e-22	5.26358e-22	5.26358e-22	5.26358e-22	5.26358e-22	5.26358e-22	5.26358e-22	5.26358e-22	5.26358e-22	5.26358e-22	5.26358e-22	5.26358e-22	5.26358e-22	5.26358e-22	5.26358e-22	5.26358e-22	5.26358e-22	5.26358e-22	5.26358e-22	5.26358e-22	5.26358e-22	5.26358e-22	5.26358e-22	5.26358e-22	5.26358e-22	5.26358e-22	5.26358e-22	5.26358e-22	5.26358e-22	5.26358e-22	5.26358e-22	5.26358e-22	5.26358e-22	5.26358e-22	5.26358e-22	5.26358e-22	5.26358e-22	5.26358e-22	5.26358e-22	5.26358e-22	5.26358e-22	5.26358e-22	5.26358e-22	5.26358e-22	5.26358e-22	5.26358e-22	5.26358e-22	5.26358e-22	5.26358e-22	5.26358e-22	5.26358e-22	5.26358e-22	5.26358e-22	5.26358e-22	5.26358e-22	5.26358e-22	5.26358e-22	5.26358e-22	5.26358e-22	5.26358e-22	5.26358e-22	5.26358e-22	5.26358e-22	5.26358e-22	5.26358e-22	5.26358e-22	5.26358e-22	5.26358e-22	5.26358e-22	5.26358e-22	5.26358e-22	5.26358e-22	5.26358e-22	5.26358e-22	5.26358e-22	5.26358e-22	5.26358e-22	5.26358e-22	5.26358e-22	5.26358e-22	5.26358e-22	5.26358e-22	5.26358e-22	5.26358e-22	5.26358e-22	5.26358e-22	5.26358e-22	5.26358e-22	5.26358e-22	5.26358e-22	5.26358e-22	5.26358e-22	5.26358e-22	5.26358e-22	5.26358e-22	5.26358e-22	5.26358e-22	5.26358e-22	5.26358e-22	5.26358e-22	5.26358e-22	5.26358e-22	5.26358e-22	5.26358e-22	5.26358e-22	5.26358e-22	5.26358e-22	5.26358e-22	5.26358e-22	5.26358e-22	5.26358e-22	5.26358e-22	5.26358e-22	5.26358e-22	5.26358e-22	5.26358e-22	5.26358e-22	5.26358e-22	5.26358e-22	5.26358e-22	5.26358e-22	5.26358e-22	5.26358e-22	5.26358e-22	5.26358e-22	5.26358e-22	5.26358e-22	5.26358e-22	5.26358e-22	5.26358e-22	5.26358e-22	5.26358e-22	5.26358e-22	5.26358e-22	5.26358e-22	5.26358e-22	5.26358e-22	5.26358e-22	5.26358e-22	5.26358e-22	5.26358e-22	5.26358e-22	5.26358e-22	5.26358e-22	5.26358e-22	5.26358e-22	5.26358e-22	5.26358e-22	5.26358e-22	5.26358e-22	5.26358e-22	5.26358e-22	5.26358e-22	5.26358e-22	5.26358e-22	5.26358e-22	5.26358e-22	5.26358e-22	5.26358e-22	5.26358e-22	5.26358e-22	5.26358e-22	5.26358e-22	5.26358e-22
17.80	7.08089e-23	2.91051e-22	6.27963e-22	6.60837e-22	6.60837e-22	6.60837e-22	6.60837e-22	6.60837e-22	6.60837e-22	6.60837e-22	6.60837e-22	6.60837e-22	6.60837e-22	6.60837e-22	6.60837e-22	6.60837e-22	6.60837e-22	6.60837e-22	6.60837e-22	6.60837e-22	6.60837e-22	6.60837e-22	6.60837e-22	6.60837e-22	6.60837e-22	6.60837e-22	6.60837e-22	6.60837e-22	6.60837e-22	6.60837e-22	6.60837e-22	6.60837e-22	6.60837e-22	6.60837e-22	6.60837e-22	6.60837e-22	6.60837e-22	6.60837e-22	6.60837e-22	6.60837e-22	6.60837e-22	6.60837e-22	6.60837e-22	6.60837e-22	6.60837e-22	6.60837e-22	6.60837e-22	6.60837e-22	6.60837e-22	6.60837e-22	6.60837e-22	6.60837e-22	6.60837e-22	6.60837e-22	6.60837e-22	6.60837e-22	6.60837e-22	6.60837e-22	6.60837e-22	6.60837e-22	6.60837e-22	6.60837e-22	6.60837e-22	6.60837e-22	6.60837e-22	6.60837e-22	6.60837e-22	6.60837e-22	6.60837e-22	6.60837e-22	6.60837e-22	6.60837e-22	6.60837e-22	6.60837e-22	6.60837e-22	6.60837e-22	6.60837e-22	6.60837e-22	6.60837e-22	6.60837e-22	6.60837e-22	6.60837e-22	6.60837e-22	6.60837e-22	6.60837e-22	6.60837e-22	6.60837e-22	6.60837e-22	6.60837e-22	6.60837e-22	6.60837e-22	6.60837e-22	6.60837e-22	6.60837e-22	6.60837e-22	6.60837e-22	6.60837e-22	6.60837e-22	6.60837e-22	6.60837e-22	6.60837e-22	6.60837e-22	6.60837e-22	6.60837e-22	6.60837e-22	6.60837e-22	6.60837e-22	6.60837e-22	6.60837e-22	6.60837e-22	6.60837e-22	6.60837e-22	6.60837e-22	6.60837e-22	6.60837e-22	6.60837e-22	6.60837e-22	6.60837e-22	6.60837e-22	6.60837e-22	6.60837e-22	6.60837e-22	6.60837e-22	6.60837e-22	6.60837e-22	6.60837e-22	6.60837e-22	6.60837e-22	6.60837e-22	6.60837e-22	6.60837e-22	6.60837e-22	6.60837e-22	6.60837e-22	6.60837e-22	6.60837e-22	6.60837e-22	6.60837e-22	6.60837e-22	6.60837e-22	6.60837e-22	6.60837e-22	6.60837e-22	6.60837e-22	6.60837e-22	6.60837e-22	6.60837e-22	6.60837e-22	6.60837e-22	6.60837e-22	6.60837e-22	6.60837e-22	6.60837e-22	6.60837e-22	6.60837e-22	6.60837e-22	6.60837e-22	6.60837e-22	6.60837e-22	6.60837e-22	6.60837e-22	6.60837e-22	6.60837e-22	6.60837e-22	6.60837e-22	6.60837e-22	6.60837e-22	6.60837e-22	6.60837e-22	6.60837e-22	6.60837e-22	6.60837e-22	6.60837e-22	6.60837e-22	6.60837e-22	6.60837e-22	6.60837e-22	6.60837e-22	6.60837e-22	6.60837e-22	6.60837e-22	6.60837e-22	6.60837e-22	6.60837e-22	6.60837e-22
17.84	6.05274e-23	2.48790e-22	5.36782e-22	7.93002e-22	7.93002e-22	7.93002e-22	7.93002e-22	7.93002e-22	7.93002e-22	7.93002e-22	7.93002e-22	7.93002e-22	7.93002e-22	7.93002e-22	7.93002e-22	7.93002e-22	7.93002e-22	7.93002e-22	7.93002e-22	7.93002e-22	7.93002e-22	7.93002e-22	7.93002e-22	7.93002e-22	7.93002e-22	7.93002e-22	7.93002e-22	7.93002e-22	7.93002e-22	7.93002e-22	7.93002e-22	7.93002e-22	7.93002e-22	7.93002e-22	7.93002e-22	7.93002e-22	7.93002e-22	7.93002e-22	7.93002e-22	7.93002e-22	7.93002e-22	7.93002e-22	7.93002e-22	7.93002e-22	7.93002e-22	7.93002e-22	7.93002e-22	7.93002e-22	7.93002e-22	7.93002e-22	7.93002e-22	7.93002e-22	7.93002e-22	7.93002e-22	7.93002e-22	7.93002e-22	7.93002e-22	7.93002e-22	7.93002e-22	7.93002e-22	7.93002e-22	7.93002e-22	7.93002e-22	7.93002e-22	7.93002e-22	7.93002e-22	7.93002e-22	7.93002e-22	7.93002e-22	7.93002e-22	7.93002e-22	7.93002e-22	7.93002e-22	7.93002e-22	7.93002e-22	7.93002e-22	7.93002e-22	7.93002e-22	7.93002e-22	7.93002e-22	7.93002e-22	7.93002e-22	7.93002e-22	7.93002e-22	7.93002e-22	7.93002e-22	7.93002e-22	7.93002e-22	7.93002e-22	7.93002e-22	7.93002e-22	7.93002e-22	7.93002e-22	7.93002e-22	7.93002e-22	7.93002e-22	7.93002e-22	7.93002e-22	7.93002e-22	7.93002e-22	7.93002e-22	7.93002e-22	7.93002e-22	7.93002e-22	7.93002e-22	7.93002e-22	7.93002e-22	7.93002e-22	7.93002e-22	7.93002e-22	7.93002e-22	7.93002e-22	7.93002e-22	7.93002e-22	7.93002e-22	7.93002e-22	7.93002e-22	7.93002e-22	7.93002e-22	7.93002e-22	7.93002e-22	7.93002e-22	7.93002e-22	7.93002e-22	7.93002e-22	7.93002e-22	7.93002e-22	7.93002e-22	7.93002e-22	7.93002e-22	7.93002e-22	7.93002e-22	7.93002e-22	7.93002e-22	7.93002e-22	7.93002e-22	7.93002e-22	7.93002e-22	7.93002e-22	7.93002e-22	7.93002e-22	7.93002e-22	7.93002e-22	7.93002e-22	7.93002e-22	7.93002e-22	7.93002e-22	7.93002e-22	7.93002e-22	7.93002e-22	7.93002e-22	7.93002e-22	7.93002e-22	7.93002e-22	7.93002e-22	7.93002e-22	7.93002e-22	7.93002e-22	7.93002e-22	7.93002e-22	7.93002e-22	7.93002e-22	7.93002e-22	7.93002e-22	7.93002e-22	7.93002e-22	7.93002e-22	7.93002e-22	7.93002e-22	7.93002e-22	7.93002e-22	7.93002e-22	7.93002e-22	7.93002e-22	7.93002e-22	7.93002e-22	7.93002e-22	7.93002e-22	7.93002e-22	7.93002e-22	7.93002e-22	7.93002e-22	7.93002e-22	7.93002e-22	7.93002e-22
17.87	5.17387e-23	2.12665e-22	4.58840e-22	8.35423e-22	9.24592e-22	9.24592e-22	9.24592e-22	9.24592e-22	9.24592e-22	9.24592e-22	9.24592e-22	9.24592e-22	9.24592e-22	9.24592e-22	9.24592e-22	9.24592e-22	9.24592e-22	9.24592e-22	9.24592e-22	9.24592e-22	9.24592e-22	9.24592e-22	9.24592e-22	9.24592e-22	9.24592e-22	9.24592e-22	9.24592e-22	9.24592e-22	9.24592e-22	9.24592e-22	9.24592e-22	9.24592e-22	9.24592e-22	9.24592e-22	9.24592e-22	9.24592e-22	9.24592e-22	9.24592e-22	9.24592e-22	9.24592e-22	9.24592e-22	9.24592e-22	9.24592e-22	9.24592e-22	9.24592e-22	9.24592e-22	9.24592e-22	9.24592e-22	9.24592e-22	9.24592e-22	9.24592e-22	9.24592e-22	9.24592e-22	9.24592e-22	9.24592e-22	9.24592e-22	9.24592e-22	9.24592e-22	9.24592e-22	9.24592e-22	9.24592e-22	9.24592e-22	9.24592e-22	9.24592e-22	9.24592e-22	9.24592e-22	9.24592e-22	9.24592e-22	9.24592e-22	9.24592e-22	9.24592e-22	9.24592e-22	9.24592e-22	9.24592e-22	9.24592e-22	9.24592e-22	9.24592e-22	9.24592e-22	9.24592e-22	9.24592e-22	9.24592e-22	9.24592e-22	9.24592e-22	9.24592e-22	9.24592e-22	9.24592e-22	9.24592e-22	9.24592e-22	9.24592e-22	9.24592e-22	9.24592e-22	9.24592e-22	9.24592e-22	9.24592e-22	9.24592e-22	9.24592e-22	9.24592e-22	9.24592e-22	9.24592e-22	9.24592e-22	9.24592e-22	9.24592e-22	9.24592e-22	9.24592e-22	9.24592e-22	9.24592e-22	9.24592e-22	9.24592e-22	9.24592e-22	9.24592e-22	9.24592e-22	9.24592e-22	9.24592e-22	9.24592e-22	9.24592e-22	9.24592e-22	9.24592e-22	9.24592e-22	9.24592e-22	9.24592e-22	9.24592e-22	9.24592e-22	9.24592e-22	9.24592e-22	9.24592e-22	9.24592e-22	9.24592e-22	9.24592e-22	9.24592e-22	9.24592e-22	9.24592e-22	9.24592e-22	9.24592e-22	9.24592e-22	9.24592e-22	9.24592e-22	9.24592e-22	9.24592e-22	9.24592e-22	9.24592e-22	9.24592e-22	9.24592e-22	9.24592e-22	9.24592e-22	9.24592e-22	9.24592e-22	9.24592e-22	9.24592e-22	9.24592e-22	9.24592e-22	9.24592e-22	9.24592e-22	9.24592e-22	9.24592e-22	9.24592e-22	9.24592e-22	9.24592e-22	9.24592e-22	9.24592e-22	9.24592e-22	9.24592e-22	9.24592e-22	9.24592e-22	9.24592e-22	9.24592e-22	9.24592e-22	9.24592e-22	9.24592e-22	9.24592e-22	9.24592e-22	9.24592e-22	9.24592e-22	9.24592e-22	9.24592e-22	9.24592e-22	9.24592e-22	9.24592e-22	9.24592e-22	9.24592e-22	9.24592e-22	9.24592e-22	9.24592e-22	9.24592e-22	9.24592e-22	9.24592e-22
17.90	4.42262e-23	1.81786e-22	3.92216e-22	7.14118e-22	1.05721e-21	1.05721e-21	1.05721e-21	1.05721e-21	1.05721e-21	1.05721e-21	1.05721e-21	1.05721e-21	1.05721e-21	1.05721e-21	1.05721e-21	1.05721e-21	1.05721e-21	1.05721e-21	1.05721e-21	1.05721e-21	1.05721e-21	1.05721e-21	1.05721e-21	1.05721e-21	1.05721e-21	1.05721e-21	1.05721e-21	1.05721e-21	1.05721e-21	1.05721e-21	1.05721e-21	1.05721e-21	1.05721e-21	1.05721e-21	1.05721e-21	1.05721e-21	1.05721e-21	1.05721e-21	1.05721e-21	1.05721e-21	1.05721e-21	1.05721e-21	1.05721e-21	1.05721e-21	1.05721e-21	1.05721e-21	1.05721e-21	1.05721e-21	1.05721e-21	1.05721e-21	1.05721e-21	1.05721e-21	1.05721e-21	1.05721e-21	1.05721e-21	1.05721e-21	1.05721e-21	1.05721e-21	1.05721e-21	1.05721e-21	1.05721e-21	1.05721e-21	1.05721e-21	1.05721e-21	1.05721e-21	1.05721e-21	1.05721e-21	1.05721e-21	1.05721e-21	1.05721e-21	1.05721e-21	1.05721e-21	1.05721e-21	1.05721e-21	1.05721e-21	1.05721e-21	1.05721e-21	1.05721e-21	1.05721e-21	1.05721e-21	1.05721e-21	1.05721e-21	1.05721e-21	1.05721e-21	1.05721e-21	1.05721e-21	1.05721e-21	1.05721e-21	1.05721e-21	1.05721e-21	1.05721e-21	1.05721e-21	1.05721e-21	1.05721e-21	1.05721e-21	1.05721e-21	1.05721e-21	1.05721e-21	1.05721e-21	1.05721e-21	1.05721e-21	1.05721e-21	1.05721e-21	1.05721e-21	1.05721e-21	1.05721e-21	1.05721e-21	1.05721e-21	1.05721e-21	1.05721e-21	1.05721e-21	1.05721e-21	1.05721e-21	1.05721e-21	1.05721e-21	1.05721e-21	1.05721e-21	1.05721e-21	1.05721e-21	1.05721e-21	1.05721e-21	1.05721e-21	1.05721e-21	1.05721e-21	1.05721e-21	1.05721e-21	1.05721e-21	1.05721e-21	1.05721e-21	1.05721e-21	1.05721e-21	1.05721e-21	1.05721e-21	1.05721e-21	1.05721e-21	1.05721e-21	1.05721e-21	1.05721e-21	1.05721e-21	1.05721e-21	1.05721e-21	1.05721e-21	1.05721e-21	1.05721e-21	1.05721e-21	1.05721e-21	1.05721e-21	1.05721e-21	1.05721e-21	1.05721e-21	1.05721e-21	1.05721e-21	1.05721e-21	1.05721e-21	1.05721e-21	1.05721e-21	1.05721e-21	1.05721e-21	1.05721e-21	1.05721e-21	1.05721e-21	1.05721e-21	1.05721e-21	1.05721e-21	1.05721e-21	1.05721e-21	1.05721e-21	1.05721e-21	1.05721e-21	1.05721e-21	1.05721e-21	1.05721e-21	1.05721e-21	1.05721e-21	1.05721e-21	1.05721e-21	1.05721e-21	1.05721e-21	1.05721e-21	1.05721e-21	1.05721e-21	1.05721e-21	1.05721e-21	1.05721e-21	1.05721e-21
17.94	3.78044e-23	1.55390e-22	3.35266e-22	6.10427e-22	1.03135e-21	1.19235e-21	1.19235e-21	1.19235e-21	1.19235e-21	1.19235e-21	1.19235e-21	1.19235e-21	1.19235e-21	1.19235e-21	1.19235e-21	1.19235e-21	1.19235e-21	1.19235e-21	1.19235e-21	1.19235e-21	1.19235e-21	1.19235e-21	1.19235e-21	1.19235e-21	1.19235e-21	1.19235e-21	1.19235e-21	1.19235e-21	1.19235e-21	1.19235e-21	1.19235e-21	1.19235e-21	1.19235e-21	1.19235e-21	1.19235e-21	1.19235e-21	1.19235e-21	1.19235e-21	1.19235e-21	1.19235e-21	1.19235e-21	1.19235e-21	1.19235e-21	1.19235e-21	1.19235e-21	1.19235e-21	1.19235e-21	1.19235e-21	1.19235e-21	1.19235e-21	1.19235e-21	1.19235e-21	1.19235e-21	1.19235e-21	1.19235e-21	1.19235e-21	1.19235e-21	1.19235e-21	1.19235e-21	1.19235e-21	1.19235e-21	1.19235e-21	1.19235e-21	1.19235e-21	1.19235e-21	1.19235e-21	1.19235e-21	1.19235e-21	1.19235e-21	1.19235e-21	1.19235e-21	1.19235e-21	1.19235e-21	1.19235e-21	1.19235e-21	1.19235e-21	1.19235e-21	1.19235e-21	1.19235e-21	1.19235e-21	1.19235e-21	1.19235e-21	1.19235e-21	1.19235e-21	1.19235e-21	1.19235e-21	1.19235e-21	1.19235e-21	1.19235e-21	1.19235e-21	1.19235e-21	1.19235e-21	1.19235e-21	1.19235e-21	1.19235e-21	1.19235e-21	1.19235e-21	1.19235e-21	1.19235e-21	1.19235e-21	1.19235e-21	1.19235e-21	1.19235e-21	1.19235e-21	1.19235e-21	1.19235e-21	1.19235e-21	1.19235e-21	1.19235e-21	1.19235e-21	1.19235e-21	1.19235e-21	1.19235e-21	1.19235e-21	1.19235e-21	1.19235e-21	1.19235e-21	1.19235e-21	1.19235e-21	1.19235e-21	1.19235e-21	1.19235e-21	1.19235e-21	1.19235e-21	1.19235e-21	1.19235e-21	1.19235e-21	1.19235e-21	1.19235e-21	1.19235e-21	1.19235e-21	1.19235e-21	1.19235e-21	1.19235e-21	1.19235e-21	1.19235e-21	1.19235e-21	1.19235e-21	1.19235e-21	1.19235e-21	1.19235e-21	1.19235e-21	1.19235e-21	1.19235e-21	1.19235e-21	1.19235e-21	1.19235e-21	1.19235e-21	1.19235e-21	1.19235e-21	1.19235e-21	1.19235e-21	1.19235e-21	1.19235e-21	1.19235e-21	1.19235e-21	1.19235e-21	1.19235e-21	1.19235e-21	1.19235e-21	1.19235e-21	1.19235e-21	1.19235e-21	1.19235e-21	1.19235e-21	1.19235e-21	1.19235e-21	1.19235e-21	1.19235e-21	1.19235e-21	1.19235e-21	1.19235e-21	1.19235e-21	1.19235e-21	1.19235e-21	1.19235e-21	1.19235e-21	1.19235e-21	1.19235e-21	1.19235e-21	1.19235e-21	1.19235e-21	1.19235e-21	1.19235e-21	1.19235e-21
17.97	3.23152e-23	1.32827e-22	2.86585e-22	5.21792e-22	8.81598e-22	1.33138e-21	1.33142e-21	1.33142e-21	1.33142e-21	1.33142e-21	1.33142e-21	1.33142e-21	1.33142e-21	1.33142e-21	1.33142e-21	1.33142e-21	1.33142e-21	1.33142e-21	1.33142e-21	1.33142e-21	1.33142e-21	1.33142e-21	1.33142e-21	1.33142e-21	1.33142e-21	1.33142e-21	1.33142e-21	1.33142e-21	1.33142e-21	1.33142e-21	1.33142e-21	1.33142e-21	1.33142e-21	1.33142e-21	1.33142e-21	1.33142e-21	1.33142e-21	1.33142e-21	1.33142e-21	1.33142e-21	1.33142e-21	1.33142e-21	1.33142e-21	1.33142e-21	1.33142e-21	1.33142e-21	1.33142e-21	1.33142e-21	1.33142e-21	1.33142e-21	1.33142e-21	1.33142e-21	1.33142e-21	1.33142e-21	1.33142e-21	1.33142e-21	1.33142e-21	1.33142e-21	1.33142e-21	1.33142e-21	1.33142e-21	1.33142e-21	1.33142e-21	1.33142e-21	1.33142e-21	1.33142e-21	1.33142e-21	1.33142e-21	1.33142e-21	1.33142e-21	1.33142e-21	1.33142e-21	1.33142e-21	1.33142e-21	1.33142e-21	1.33142e-21	1.33142e-21	1.33142e-21	1.33142e-21	1.33142e-21	1.33142e-21	1.33142e-21	1.33142e-21	1.33142e-21	1.33142e-21	1.33142e-21	1.33142e-21	1.33142e-21	1.33142e-21	1.33142e-21	1.33142e-21	1.33142e-21	1.33142e-21	1.33142e-21	1.33142e-21	1.33142e-21	1.33142e-21	1.33142e-21	1.33142e-21	1.33142e-21	1.33142e-21	1.33142e-21	1.33142e-21	1.33142e-21	1.33142e-21	1.33142e-21	1.33142e-21	1.33142e-21	1.33142e-21	1.33142e-21	1.33142e-21	1.33142e-21	1.33142e-21	1.33142e-21	1.33142e-21	1.33142e-21	1.33142e-21	1.33142e-21	1.33142e-21	1.33142e-21	1.33142e-21	1.33142e-21	1.33142e-21	1.33142e-21	1.33142e-21	1.33142e-21	1.33142e-21	1.33142e-21	1.33142e-21	1.33142e-21	1.33142e-21	1.33142e-21	1.33142e-21	1.33142e-21	1.33142e-21	1.33142e-21	1.33142e-21	1.33142e-21	1.33142e-21	1.33142e-21	1.33142e-21	1.33142e-21	1.33142e-21	1.33142e-21	1.33142e-21	1.33142e-21	1.33142e-21	1.33142e-21	1.33142e-21	1.33142e-21	1.33142e-21	1.33142e-21	1.33142e-21	1.33142e-21	1.33142e-21	1.33142e-21	1.33142e-21	1.33142e-21	1.33142e-21	1.33142e-21	1.33142e-21	1.33142e-21	1.33142e-21	1.33142e-21	1.33142e-21	1.33142e-21	1.33142e-21	1.33142e-21	1.33142e-21	1.33142e-21	1.33142e-21	1.33142e-21	1.33142e-21	1.33142e-21	1.33142e-21	1.33142e-21	1.33142e-21	1.33142e-21	1.33142e-21	1.33142e-21	1.33142e-21	1.33142e-21	1.33142e-21	1.33142e-21	1.33142e-21
18.01	2.76230e-23	1.13541e-22	2.44972e-22	4.46027e-22	7.53589e-22	1.22408e-21	1.47578e-21	1.47578e-21	1.47578e-21	1.47578e-21	1.47578e-21	1.47578e-21	1.47578e-21	1.47578e-21	1.47578e-21	1.47578e-21	1.47578e-21	1.47578e-21	1.47578e-21	1.47578e-21	1.47578e-21	1.47578e-21	1.47578e-21	1.47578e-21	1.47578e-21	1.47578e-21	1.47578e-21	1.47578e-21	1.47578e-21	1.47578e-21	1.47578e-21	1.47578e-21	1.47578e-21	1.47578e-21	1.47578e-21	1.47578e-21	1.47578e-21	1.47578e-21	1.47578e-21	1.47578e-21	1.47578e-21	1.47578e-21	1.47578e-21	1.47578e-21	1.47578e-21	1.47578e-21	1.47578e-21	1.47578e-21	1.47578e-21	1.47578e-21	1.47578e-21	1.47578e-21	1.47578e-21	1.47578e-21	1.47578e-21	1.47578e-21	1.47578e-21	1.47578e-21	1.47578e-21	1.47578e-21	1.47578e-21	1.47578e-21	1.47578e-21	1.47578e-21	1.47578e-21	1.47578e-21	1.47578e-21	1.47578e-21	1.47578e-21	1.47578e-21	1.47578e-21	1.47578e-21	1.47578e-21	1.47578e-21	1.47578e-21	1.47578e-21	1.47578e-21	1.47578e-21	1.47578e-21	1.47578e-21	1.47578e-21	1.47578e-21	1.47578e-21	1.47578e-21	1.47578e-21	1.47578e-21	1.47578e-21	1.47578e-21	1.47578e-21	1.47578e-21	1.47578e-21	1.47578e-21	1.47578e-21	1.47578e-21	1.47578e-21	1.47578e-21	1.47578e-21	1.47578e-21	1.47578e-21	1.47578e-21	1.47578e-21	1.47578e-21	1.47578e-21	1.47578e-21	1.47578e-21	1.47578e-21	1.47578e-21	1.47578e-21	1.47578e-21	1.47578e-21	1.47578e-21	1.47578e-21	1.47578e-21	1.47578e-21	1.47578e-21	1.47578e-21	1.47578e-21	1.47578e-21	1.47578e-21	1.47578e-21	1.47578e-21	1.47578e-21	1.47578e-21	1.47578e-21	1.47578e-21	1.47578e-21	1.47578e-21	1.47578e-21	1.47578e-21	1.47578e-21	1.47578e-21	1.47578e-21	1.47578e-21	1.47578e-21	1.47578e-21	1.47578e-21	1.47578e-21	1.47578e-21	1.47578e-21	1.47578e-21	1.47578e-21	1.47578e-21	1.47578e-21	1.47578e-21	1.47578e-21	1.47578e-21	1.47578e-21	1.47578e-21	1.47578e-21	1.47578e-21	1.47578e-21	1.47578e-21	1.47578e-21	1.47578e-21	1.47578e-21	1.47578e-21	1.47578e-21	1.47578e-21	1.47578e-21	1.47578e-21	1.47578e-21	1.47578e-21	1.47578e-21	1.47578e-21	1.47578e-21	1.47578e-21	1.47578e-21	1.47578e-21	1.47578e-21	1.47578e-21	1.47578e-21	1.47578e-21	1.47578e-21	1.47578e-21	1.47578e-21	1.47578e-21	1.47578e-21	1.47578e-21	1.47578e-21	1.47578e-21	1.47578e-21	1.47578e-21	1.47578e-21	1.47578e-21	1.47578e-21
18.04	2.36121e-23	9.70544e-23	2.09402e-22	3.81263e-22	6.44166e-22	1.04634e-21	1.62464e-21	1.62673e-21	1.62673e-21	1.62673e-21	1.62673e-21	1.62673e-21	1.62673e-21	1.62673e-21	1.62673e-21	1.62673e-21	1.62673e-21	1.62673e-21	1.62673e-21	1.62673e-21	1.62673e-21	1.62673e-21	1.62673e-21	1.62673e-21	1.62673e-21	1.62673e-21	1.62673e-21	1.62673e-21	1.62673e-21	1.62673e-21	1.62673e-21	1.62673e-21	1.62673e-21	1.62673e-21	1.62673e-21	1.62673e-21	1.62673e-21	1.62673e-21	1.62673e-21	1.62673e-21	1.62673e-21	1.62673e-21	1.62673e-21	1.62673e-21	1.62673e-21	1.62673e-21	1.62673e-21	1.62673e-21	1.62673e-21	1.62673e-21	1.62673e-21	1.62673e-21	1.62673e-21	1.62673e-21	1.62673e-21	1.62673e-21	1.62673e-21	1.62673e-21	1.62673e-21	1.62673e-21	1.62673e-21	1.62673e-21	1.62673e-21	1.62673e-21	1.62673e-21	1.62673e-21	1.62673e-21	1.62673e-21	1.62673e-21	1.62673e-21	1.62673e-21	1.62673e-21	1.62673e-21	1.62673e-21	1.62673e-21	1.62673e-21	1.62673e-21	1.62673e-21	1.62673e-21	1.62673e-21	1.62673e-21	1.62673e-21	1.62673e-21	1.62673e-21	1.62673e-21	1.62673e-21	1.62673e-21	1.62673e-21	1.62673e-21	1.62673e-21	1.62673e-21	1.62673e-21	1.62673e-21	1.62673e-21	1.62673e-21	1.62673e-21	1.62673e-21	1.62673e-21	1.62673e-21	1.62673e-21	1.62673e-21	1.62673e-21	1.62673e-21	1.62673e-21	1.62673e-21	1.62673e-21	1.62673e-21	1.62673e-21	1.62673e-21	1.62673e-21	1.62673e-21	1.62673e-21	1.62673e-21	1.62673e-21	1.62673e-21	1.62673e-21	1.62673e-21	1.62673e-21	1.62673e-21	1.62673e-21	1.62673e-21	1.62673e-21	1.62673e-21	1.62673e-21	1.62673e-21	1.62673e-21	1.62673e-21	1.62673e-21	1.62673e-21	1.62673e-21	1.62673e-21	1.62673e-21	1.62673e-21	1.62673e-21	1.62673e-21	1.62673e-21	1.62673e-21	1.62673e-21	1.62673e-21	1.62673e-21	1.62673e-21	1.62673e-21	1.62673e-21	1.62673e-21	1.62673e-21	1.62673e-21	1.62673e-21	1.62673e-21	1.62673e-21	1.62673e-21	1.62673e-21	1.62673e-21	1.62673e-21	1.62673e-21	1.62673e-21	1.62673e-21	1.62673e-21	1.62673e-21	1.62673e-21	1.62673e-21	1.62673e-21	1.62673e-21	1.62673e-21	1.62673e-21	1.62673e-21	1.62673e-21	1.62673e-21	1.62673e-21	1.62673e-21	1.62673e-21	1.62673e-21	1.62673e-21	1.62673e-21	1.62673e-21	1.62673e-21	1.62673e-21	1.62673e-21	1.62673e-21	1.62673e-21	1.62673e-21	1.62673e-21	1.62673e-21	1.62673e-21	1.62673e-21	1.62673e-21
18.07	2.01836e-23	8.29620e-23	1.78996e-22	3.25903e-22	5.50632e-22	8.94409e-22	1.42030e-21	1.78557e-21	1.78557e-21	1.78557e-21	1.78557e-21	1.78557e-21	1.78557e-21	1.78557e-21	1.78557e-21	1.78557e-21	1.78557e-21	1.78557e-21	1.78557e-21	1.78557e-21	1.78557e-21	1.78557e-21	1.78557e-21	1.78557e-21	1.78557e-21	1.78557e-21	1.78557e-21	1.78557e-21	1.78557e-21	1.78557e-21	1.78557e-21	1.78557e-21	1.78557e-21	1.78557e-21	1.78557e-21	1.78557e-21	1.78557e-21	1.78557e-21	1.78557e-21	1.78557e-21	1.78557e-21	1.78557e-21	1.78557e-21	1.78557e-21	1.78557e-21	1.78557e-21	1.78557e-21	1.78557e-21	1.78557e-21	1.78557e-21	1.78557e-21	1.78557e-21	1.78557e-21	1.78557e-21	1.78557e-21	1.78557e-21	1.78557e-21	1.78557e-21	1.78557e-21	1.78557e-21	1.78557e-21	1.78557e-21	1.78557e-21	1.78557e-21	1.78557e-21	1.78557e-21	1.78557e-21	1.78557e-21	1.78557e-21	1.78557e-21	1.78557e-21	1.78557e-21	1.78557e-21	1.78557e-21	1.78557e-21	1.78557e-21	1.78557e-21	1.78557e-21	1.78557e-21	1.78557e-21	1.78557e-21	1.78557e-21	1.78557e-21	1.78557e-21	1.78557e-21	1.78557e-21	1.78557e-21	1.78557e-21	1.78557e-21	1.78557e-21	1.78557e-21	1.78557e-21	1.78557e-21	1.78557e-21	1.78557e-21	1.78557e-21	1.78557e-21	1.78557e-21	1.78557e-21	1.78557e-21	1.78557e-21	1.78557e-21	1.78557e-21	1.78557e-21	1.78557e-21	1.78557e-21	1.78557e-21	1.78557e-21	1.78557e-21	1.78557e-21	1.78557e-21	1.78557e-21	1.78557e-21	1.78557e-21	1.78557e-21	1.78557e-21	1.78557e-21	1.78557e-21	1.78557e-21	1.78557e-21	1.78557e-21	1.78557e-21	1.78557e-21	1.78557e-21	1.78557e-21	1.78557e-21	1.78557e-21	1.78557e-21	1.78557e-21	1.78557e-21	1.78557e-21	1.78557e-21	1.78557e-21	1.78557e-21	1.78557e-21	1.78557e-21	1.78557e-21	1.78557e-21	1.78557e-21	1.78557e-21	1.78557e-21	1.78557e-21	1.78557e-21	1.78557e-21	1.78557e-21	1.78557e-21	1.78557e-21	1.78557e-21	1.78557e-21	1.78557e-21	1.78557e-21	1.78557e-21	1.78557e-21	1.78557e-21	1.78557e-21	1.78557e-21	1.78557e-21	1.78557e-21	1.78557e-21	1.78557e-21	1.78557e-21	1.78557e-21	1.78557e-21	1.78557e-21	1.78557e-21	1.78557e-21	1.78557e-21	1.78557e-21	1.78557e-21	1.78557e-21	1.78557e-21	1.78557e-21	1.78557e-21	1.78557e-21	1.78557e-21	1.78557e-21	1.78557e-21	1.78557e-21	1.78557e-21	1.78557e-21	1.78557e-21	1.78557e-21	1.78557e-21	1.78557e-21	1.78557e-21
18.11	1.72529e-23	7.09158e-23	1.53006e-22	2.78582e-22	4.70680e-22	7.64539e-22	1.21407e-21	1.90173e-21	1.95358e-21	1.95358e-21	1.95358e-21	1.95358e-21	1.95358e-21	1.95358e-21	1.95358e-21	1.95358e-21	1.95358e-21	1.95358e-21	1.95358e-21	1.95358e-21	1.95358e-21	1.95358e-21	1.95358e-21	1.95358e-21	1.95358e-21	1.95358e-21	1.95358e-21	1.95358e-21	1.95358e-21	1.95358e-21	1.95358e-21	1.95358e-21	1.95358e-21	1.95358e-21	1.95358e-21	1.95358e-21	1.95358e-21	1.95358e-21	1.95358e-21	1.95358e-21	1.95358e-21	1.95358e-21	1.95358e-21	1.95358e-21	1.95358e-21	1.95358e-21	1.95358e-21	1.95358e-21	1.95358e-21	1.95358e-21	1.95358e-21	1.95358e-21	1.95358e-21	1.95358e-21	1.95358e-21	1.95358e-21	1.95358e-21	1.95358e-21	1.95358e-21	1.95358e-21	1.95358e-21	1.95358e-21	1.95358e-21	1.95358e-21	1.95358e-21	1.95358e-21	1.95358e-21	1.95358e-21	1.95358e-21	1.95358e-21	1.95358e-21	1.95358e-21	1.95358e-21	1.95358e-21	1.95358e-21	1.95358e-21	1.95358e-21	1.95358e-21	1.95358e-21	1.95358e-21	1.95358e-21	1.95358e-21	1.95358e-21	1.95358e-21	1.95358e-21	1.95358e-21	1.95358e-21	1.95358e-21	1.95358e-21	1.95358e-21	1.95358e-21	1.95358e-21	1.95358e-21	1.95358e-21	1.95358e-21	1.95358e-21	1.95358e-21	1.95358e-21	1.95358e-21	1.95358e-21	1.95358e-21	1.95358e-21	1.95358e-21	1.95358e-21	1.95358e-21	1.95358e-21	1.95358e-21	1.95358e-21	1.95358e-21	1.95358e-21	1.95358e-21	1.95358e-21	1.95358e-21	1.95358e-21	1.95358e-21	1.95358e-21	1.95358e-21	1.95358e-21	1.95358e-21	1.95358e-21	1.95358e-21	1.95358e-21	1.95358e-21	1.95358e-21	1.95358e-21	1.95358e-21	1.95358e-21	1.95358e-21	1.95358e-21	1.95358e-21	1.95358e-21	1.95358e-21	1.95358e-21	1.95358e-21	1.95358e-21	1.95358e-21	1.95358e-21	1.95358e-21	1.95358e-21	1.95358e-21	1.95358e-21	1.95358e-21	1.95358e-21	1.95358e-21	1.95358e-21	1.95358e-21	1.95358e-21	1.95358e-21	1.95358e-21	1.95358e-21	1.95358e-21	1.95358e-21	1.95358e-21	1.95358e-21	1.95358e-21	1.95358e-21	1.95358e-21	1.95358e-21	1.95358e-21	1.95358e-21	1.95358e-21	1.95358e-21	1.95358e-21	1.95358e-21	1.95358e-21	1.95358e-21	1.95358e-21	1.95358e-21	1.95358e-21	1.95358e-21	1.95358e-21	1.95358e-21	1.95358e-21	1.95358e-21	1.95358e-21	1.95358e-21	1.95358e-21	1.95358e-21	1.95358e-21	1.95358e-21	1.95358e-21	1.95358e-21	1.95358e-21	1.95358e-21	1.95358e-21
18.14	1.47477e-23	6.06187e-23	1.30789e-22	2.38131e-22	4.02336e-22	6.53527e-22	1.03778e-21	1.62559e-21	2.13207e-21	2.13207e-21	2.13207e-21	2.13207e-21	2.13207e-21	2.13207e-21	2.13207e-21	2.13207e-21	2.13207e-21	2.13207e-21	2.13207e-21	2.13207e-21	2.13207e-21	2.13207e-21	2.13207e-21	2.13207e-21	2.13207e-21	2.13207e-21	2.13207e-21	2.13207e-21	2.13207e-21	2.13207e-21	2.13207e-21	2.13207e-21	2.13207e-21	2.13207e-21	2.13207e-21	2.13207e-21	2.13207e-21	2.13207e-21	2.13207e-21	2.13207e-21	2.13207e-21	2.13207e-21	2.13207e-21	2.13207e-21	2.13207e-21	2.13207e-21	2.13207e-21	2.13207e-21	2.13207e-21	2.13207e-21	2.13207e-21	2.13207e-21	2.13207e-21	2.13207e-21	2.13207e-21	2.13207e-21	2.13207e-21	2.13207e-21	2.13207e-21	2.13207e-21	2.13207e-21	2.13207e-21	2.13207e-21	2.13207e-21	2.13207e-21	2.13207e-21	2.13207e-21	2.13207e-21	2.13207e-21	2.13207e-21	2.13207e-21	2.13207e-21	2.13207e-21	2.13207e-21	2.13207e-21	2.13207e-21	2.13207e-21	2.13207e-21	2.13207e-21	2.13207e-21	2.13207e-21	2.13207e-21	2.13207e-21	2.13207e-21	2.13207e-21	2.13207e-21	2.13207e-21	2.13207e-21	2.13207e-21	2.13207e-21	2.13207e-21	2.13207e-21	2.13207e-21	2.13207e-21	2.13207e-21	2.13207e-21	2.13207e-21	2.13207e-21	2.13207e-21	2.13207e-21	2.13207e-21	2.13207e-21	2.13207e-21	2.13207e-21	2.13207e-21	2.13207e-21	2.13207e-21	2.13207e-21	2.13207e-21	2.13207e-21	2.13207e-21	2.13207e-21	2.13207e-21	2.13207e-21	2.13207e-21	2.13207e-21	2.13207e-21	2.13207e-21	2.13207e-21	2.13207e-21	2.13207e-21	2.13207e-21	2.13207e-21	2.13207e-21	2.13207e-21	2.13207e-21	2.13207e-21	2.13207e-21	2.13207e-21	2.13207e-21	2.13207e-21	2.13207e-21	2.13207e-21	2.13207e-21	2.13207e-21	2.13207e-21	2.13207e-21	2.13207e-21	2.13207e-21	2.13207e-21	2.13207e-21	2.13207e-21	2.13207e-21	2.13207e-21	2.13207e-21	2.13207e-21	2.13207e-21	2.13207e-21	2.13207e-21	2.13207e-21	2.13207e-21	2.13207e-21	2.13207e-21	2.13207e-21	2.13207e-21	2.13207e-21	2.13207e-21	2.13207e-21	2.13207e-21	2.13207e-21	2.13207e-21	2.13207e-21	2.13207e-21	2.13207e-21	2.13207e-21	2.13207e-21	2.13207e-21	2.13207e-21	2.13207e-21	2.13207e-21	2.13207e-21	2.13207e-21	2.13207e-21	2.13207e-21	2.13207e-21	2.13207e-21	2.13207e-21	2.13207e-21	2.13207e-21	2.13207e-21	2.13207e-21	2.13207e-21	2.13207e-21	2.13207e-21	2.13207e-21
18.18	1.26063e-23	5.18168e-23	1.11798e-22	2.03554e-22	3.43916e-22	5.58634e-22	8.87095e-22	1.38955e-21	2.15819e-21	2.32235e-21	2.32235e-21	2.32235e-21	2.32235e-21	2.32235e-21	2.32235e-21	2.32235e-21	2.32235e-21	2.32235e-21	2.32235e-21	2.32235e-21	2.32235e-21	2.32235e-21	2.32235e-21	2.32235e-21	2.32235e-21	2.32235e-21	2.32235e-21	2.32235e-21	2.32235e-21	2.32235e-21	2.32235e-21	2.32235e-21	2.32235e-21	2.32235e-21	2.32235e-21	2.32235e-21	2.32235e-21	2.32235e-21	2.32235e-21	2.32235e-21	2.32235e-21	2.32235e-21	2.32235e-21	2.32235e-21	2.32235e-21	2.32235e-21	2.32235e-21	2.32235e-21	2.32235e-21	2.32235e-21	2.32235e-21	2.32235e-21	2.32235e-21	2.32235e-21	2.32235e-21	2.32235e-21	2.32235e-21	2.32235e-21	2.32235e-21	2.32235e-21	2.32235e-21	2.32235e-21	2.32235e-21	2.32235e-21	2.32235e-21	2.32235e-21	2.32235e-21	2.32235e-21	2.32235e-21	2.32235e-21	2.32235e-21	2.32235e-21	2.32235e-21	2.32235e-21	2.32235e-21	2.32235e-21	2.32235e-21	2.32235e-21	2.32235e-21	2.32235e-21	2.32235e-21	2.32235e-21	2.32235e-21	2.32235e-21	2.32235e-21	2.32235e-21	2.32235e-21	2.32235e-21	2.32235e-21	2.32235e-21	2.32235e-21	2.32235e-21	2.32235e-21	2.32235e-21	2.32235e-21	2.32235e-21	2.32235e-21	2.32235e-21	2.32235e-21	2.32235e-21	2.32235e-21	2.32235e-21	2.32235e-21	2.32235e-21	2.32235e-21	2.32235e-21	2.32235e-21	2.32235e-21	2.32235e-21	2.32235e-21	2.32235e-21	2.32235e-21	2.32235e-21	2.32235e-21	2.32235e-21	2.32235e-21	2.32235e-21	2.32235e-21	2.32235e-21	2.32235e-21	2.32235e-21	2.32235e-21	2.32235e-21	2.32235e-21	2.32235e-21	2.32235e-21	2.32235e-21	2.32235e-21	2.32235e-21	2.32235e-21	2.32235e-21	2.32235e-21	2.32235e-21	2.32235e-21	2.32235e-21	2.32235e-21	2.32235e-21	2.32235e-21	2.32235e-21	2.32235e-21	2.32235e-21	2.32235e-21	2.32235e-21	2.32235e-21	2.32235e-21	2.32235e-21	2.32235e-21	2.32235e-21	2.32235e-21	2.32235e-21	2.32235e-21	2.32235e-21	2.32235e-21	2.32235e-21	2.32235e-21	2.32235e-21	2.32235e-21	2.32235e-21	2.32235e-21	2.32235e-21	2.32235e-21	2.32235e-21	2.32235e-21	2.32235e-21	2.32235e-21	2.32235e-21	2.32235e-21	2.32235e-21	2.32235e-21	2.32235e-21	2.32235e-21	2.32235e-21	2.32235e-21	2.32235e-21	2.32235e-21	2.32235e-21	2.32235e-21	2.32235e-21	2.32235e-21	2.32235e-21	2.32235e-21	2.32235e-21	2.32235e-21	2.32235e-21	2.32235e-21
18.21	1.07759e-23	4.42929e-23	9.55650e-23	1.73998e-22	2.93979e-22	4.77519e-22	7.58287e-22	1.18779e-21	1.84481e-21	2.52580e-21	2.52580e-21	2.52580e-21	2.52580e-21	2.52580e-21	2.52580e-21	2.52580e-21	2.52580e-21	2.52580e-21	2.52580e-21	2.52580e-21	2.52580e-21	2.52580e-21	2.52580e-21	2.52580e-21	2.52580e-21	2.52580e-21	2.52580e-21	2.52580e-21	2.52580e-21	2.52580e-21	2.52580e-21	2.52580e-21	2.52580e-21	2.52580e-21	2.52580e-21	2.52580e-21	2.52580e-21	2.52580e-21	2.52580e-21	2.52580e-21	2.52580e-21	2.52580e-21	2.52580e-21	2.52580e-21	2.52580e-21	2.52580e-21	2.52580e-21	2.52580e-21	2.52580e-21	2.52580e-21	2.52580e-21	2.52580e-21	2.52580e-21	2.52580e-21	2.52580e-21	2.52580e-21	2.52580e-21	2.52580e-21	2.52580e-21	2.52580e-21	2.52580e-21	2.52580e-21	2.52580e-21	2.52580e-21	2.52580e-21	2.52580e-21	2.52580e-21	2.52580e-21	2.52580e-21	2.52580e-21	2.52580e-21	2.52580e-21	2.52580e-21	2.52580e-21	2.52580e-21	2.52580e-21	2.52580e-21	2.52580e-21	2.52580e-21	2.52580e-21	2.52580e-21	2.52580e-21	2.52580e-21	2.52580e-21	2.52580e-21	2.52580e-21	2.52580e-21	2.52580e-21	2.52580e-21	2.52580e-21	2.52580e-21	2.52580e-21	2.52580e-21	2.52580e-21	2.52580e-21	2.52580e-21	2.52580e-21	2.52580e-21	2.52580e-21	2.52580e-21	2.52580e-21	2.52580e-21	2.52580e-21	2.52580e-21	2.52580e-21	2.52580e-21	2.52580e-21	2.52580e-21	2.52580e-21	2.52580e-21	2.52580e-21	2.52580e-21	2.52580e-21	2.52580e-21	2.52580e-21	2.52580e-21	2.52580e-21	2.52580e-21	2.52580e-21	2.52580e-21	2.52580e-21	2.52580e-21	2.52580e-21	2.52580e-21	2.52580e-21	2.52580e-21	2.52580e-21	2.52580e-21	2.52580e-21	2.52580e-21	2.52580e-21	2.52580e-21	2.52580e-21	2.52580e-21	2.52580e-21	2.52580e-21	2.52580e-21	2.52580e-21	2.52580e-21	2.52580e-21	2.52580e-21	2.52580e-21	2.52580e-21	2.52580e-21	2.52580e-21	2.52580e-21	2.52580e-21	2.52580e-21	2.52580e-21	2.52580e-21	2.52580e-21	2.52580e-21	2.52580e-21	2.52580e-21	2.52580e-21	2.52580e-21	2.52580e-21	2.52580e-21	2.52580e-21	2.52580e-21	2.52580e-21	2.52580e-21	2.52580e-21	2.52580e-21	2.52580e-21	2.52580e-21	2.52580e-21	2.52580e-21	2.52580e-21	2.52580e-21	2.52580e-21	2.52580e-21	2.52580e-21	2.52580e-21	2.52580e-21	2.52580e-21	2.52580e-21	2.52580e-21	2.52580e-21	2.52580e-21	2.52580e-21	2.52580e-21	2.52580e-21	2.52580e-21	2.52580e-21
18.24	9.21120e-24	3.78615e-23	8.16888e-23	1.48733e-22	2.51293e-22	4.08183e-22	6.48183e-22	1.01532e-21	1.57694e-21	2.43608e-21	2.74382e-21	2.74382e-21	2.74382e-21	2.74382e-21	2.74382e-21	2.74382e-21	2.74382e-21	2.74382e-21	2.74382e-21	2.74382e-21	2.74382e-21	2.74382e-21	2.74382e-21	2.74382e-21	2.74382e-21	2.74382e-21	2.74382e-21	2.74382e-21	2.74382e-21	2.74382e-21	2.74382e-21	2.74382e-21	2.74382e-21	2.74382e-21	2.74382e-21	2.74382e-21	2.74382e-21	2.74382e-21	2.74382e-21	2.74382e-21	2.74382e-21	2.74382e-21	2.74382e-21	2.74382e-21	2.74382e-21	2.74382e-21	2.74382e-21	2.74382e-21	2.74382e-21	2.74382e-21	2.74382e-21	2.74382e-21	2.74382e-21	2.74382e-21	2.74382e-21	2.74382e-21	2.74382e-21	2.74382e-21	2.74382e-21	2.74382e-21	2.74382e-21	2.74382e-21	2.74382e-21	2.74382e-21	2.74382e-21	2.74382e-21	2.74382e-21	2.74382e-21	2.74382e-21	2.74382e-21	2.74382e-21	2.74382e-21	2.74382e-21	2.74382e-21	2.74382e-21	2.74382e-21	2.74382e-21	2.74382e-21	2.74382e-21	2.74382e-21	2.74382e-21	2.74382e-21	2.74382e-21	2.74382e-21	2.74382e-21	2.74382e-21	2.74382e-21	2.74382e-21	2.74382e-21	2.74382e-21	2.74382e-21	2.74382e-21	2.74382e-21	2.74382e-21	2.74382e-21	2.74382e-21	2.74382e-21	2.74382e-21	2.74382e-21	2.74382e-21	2.74382e-21	2.74382e-21	2.74382e-21	2.74382e-21	2.74382e-21	2.74382e-21	2.74382e-21	2.74382e-21	2.74382e-21	2.74382e-21	2.74382e-21	2.74382e-21	2.74382e-21	2.74382e-21	2.74382e-21	2.74382e-21	2.74382e-21	2.74382e-21	2.74382e-21	2.74382e-21	2.74382e-21	2.74382e-21	2.74382e-21	2.74382e-21	2.74382e-21	2.74382e-21	2.74382e-21	2.74382e-21	2.74382e-21	2.74382e-21	2.74382e-21	2.74382e-21	2.74382e-21	2.74382e-21	2.74382e-21	2.74382e-21	2.74382e-21	2.74382e-21	2.74382e-21	2.74382e-21	2.74382e-21	2.74382e-21	2.74382e-21	2.74382e-21	2.74382e-21	2.74382e-21	2.74382e-21	2.74382e-21	2.74382e-21	2.74382e-21	2.74382e-21	2.74382e-21	2.74382e-21	2.74382e-21	2.74382e-21	2.74382e-21	2.74382e-21	2.74382e-21	2.74382e-21	2.74382e-21	2.74382e-21	2.74382e-21	2.74382e-21	2.74382e-21	2.74382e-21	2.74382e-21	2.74382e-21	2.74382e-21	2.74382e-21	2.74382e-21	2.74382e-21	2.74382e-21	2.74382e-21	2.74382e-21	2.74382e-21	2.74382e-21	2.74382e-21	2.74382e-21	2.74382e-21	2.74382e-21	2.74382e-21	2.74382e-21	2.74382e-21	2.74382e-21	2.74382e-21
18.28	7.87372e-24	3.23639e-23	6.98275e-23	1.27137e-22	2.14805e-22	3.48914e-22	5.54066e-22	8.67894e-22	1.34797e-21	2.08236e-21	2.97788e-21	2.97791e-21	2.97791e-21	2.97791e-21	2.97791e-21	2.97791e-21	2.97791e-21	2.97791e-21	2.97791e-21	2.97791e-21	2.97791e-21	2.97791e-21	2.97791e-21	2.97791e-21	2.97791e-21	2.97791e-21	2.97791e-21	2.97791e-21	2.97791e-21	2.97791e-21	2.97791e-21	2.97791e-21	2.97791e-21	2.97791e-21	2.97791e-21	2.97791e-21	2.97791e-21	2.97791e-21	2.97791e-21	2.97791e-21	2.97791e-21	2.97791e-21	2.97791e-21	2.97791e-21	2.97791e-21	2.97791e-21	2.97791e-21	2.97791e-21	2.97791e-21	2.97791e-21	2.97791e-21	2.97791e-21	2.97791e-21	2.97791e-21	2.97791e-21	2.97791e-21	2.97791e-21	2.97791e-21	2.97791e-21	2.97791e-21	2.97791e-21	2.97791e-21	2.97791e-21	2.97791e-21	2.97791e-21	2.97791e-21	2.97791e-21	2.97791e-21	2.97791e-21	2.97791e-21	2.97791e-21	2.97791e-21	2.97791e-21	2.97791e-21	2.97791e-21	2.97791e-21	2.97791e-21	2.97791e-21	2.97791e-21	2.97791e-21	2.97791e-21	2.97791e-21	2.97791e-21	2.97791e-21	2.97791e-21	2.97791e-21	2.97791e-21	2.97791e-21	2.97791e-21	2.97791e-21	2.97791e-21	2.97791e-21	2.97791e-21	2.97791e-21	2.97791e-21	2.97791e-21	2.97791e-21	2.97791e-21	2.97791e-21	2.97791e-21	2.97791e-21	2.97791e-21	2.97791e-21	2.97791e-21	2.97791e-21	2.97791e-21	2.97791e-21	2.97791e-21	2.97791e-21	2.97791e-21	2.97791e-21	2.97791e-21	2.97791e-21	2.97791e-21	2.97791e-21	2.97791e-21	2.97791e-21	2.97791e-21	2.97791e-21	2.97791e-21	2.97791e-21	2.97791e-21	2.97791e-21	2.97791e-21	2.97791e-21	2.97791e-21	2.97791e-21	2.97791e-21	2.97791e-21	2.97791e-21	2.97791e-21	2.97791e-21	2.97791e-21	2.97791e-21	2.97791e-21	2.97791e-21	2.97791e-21	2.97791e-21	2.97791e-21	2.97791e-21	2.97791e-21	2.97791e-21	2.97791e-21	2.97791e-21	2.97791e-21	2.97791e-21	2.97791e-21	2.97791e-21	2.97791e-21	2.97791e-21	2.97791e-21	2.97791e-21	2.97791e-21	2.97791e-21	2.97791e-21	2.97791e-21	2.97791e-21	2.97791e-21	2.97791e-21	2.97791e-21	2.97791e-21	2.97791e-21	2.97791e-21	2.97791e-21	2.97791e-21	2.97791e-21	2.97791e-21	2.97791e-21	2.97791e-21	2.97791e-21	2.97791e-21	2.97791e-21	2.97791e-21	2.97791e-21	2.97791e-21	2.97791e-21	2.97791e-21	2.97791e-21	2.97791e-21	2.97791e-21	2.97791e-21	2.97791e-21	2.97791e-21	2.97791e-21	2.97791e-21
18.31	6.73045e-24	2.76646e-23	5.96884e-23	1.08676e-22	1.83615e-22	2.98251e-22	4.73614e-22	7.41874e-22	1.15224e-21	1.78000e-21	2.74030e-21	3.22963e-21	3.22963e-21	3.22963e-21	3.22963e-21	3.22963e-21	3.22963e-21	3.22963e-21	3.22963e-21	3.22963e-21	3.22963e-21	3.22963e-21	3.22963e-21	3.22963e-21	3.22963e-21	3.22963e-21	3.22963e-21	3.22963e-21	3.22963e-21	3.22963e-21	3.22963e-21	3.22963e-21	3.22963e-21	3.22963e-21	3.22963e-21	3.22963e-21	3.22963e-21	3.22963e-21	3.22963e-21	3.22963e-21	3.22963e-21	3.22963e-21	3.22963e-21	3.22963e-21	3.22963e-21	3.22963e-21	3.22963e-21	3.22963e-21	3.22963e-21	3.22963e-21	3.22963e-21	3.22963e-21	3.22963e-21	3.22963e-21	3.22963e-21	3.22963e-21	3.22963e-21	3.22963e-21	3.22963e-21	3.22963e-21	3.22963e-21	3.22963e-21	3.22963e-21	3.22963e-21	3.22963e-21	3.22963e-21	3.22963e-21	3.22963e-21	3.22963e-21	3.22963e-21	3.22963e-21	3.22963e-21	3.22963e-21	3.22963e-21	3.22963e-21	3.22963e-21	3.22963e-21	3.22963e-21	3.22963e-21	3.22963e-21	3.22963e-21	3.22963e-21	3.22963e-21	3.22963e-21	3.22963e-21	3.22963e-21	3.22963e-21	3.22963e-21	3.22963e-21	3.22963e-21	3.22963e-21	3.22963e-21	3.22963e-21	3.22963e-21	3.22963e-21	3.22963e-21	3.22963e-21	3.22963e-21	3.22963e-21	3.22963e-21	3.22963e-21	3.22963e-21	3.22963e-21	3.22963e-21	3.22963e-21	3.22963e-21	3.22963e-21	3.22963e-21	3.22963e-21	3.22963e-21	3.22963e-21	3.22963e-21	3.22963e-21	3.22963e-21	3.22963e-21	3.22963e-21	3.22963e-21	3.22963e-21	3.22963e-21	3.22963e-21	3.22963e-21	3.22963e-21	3.22963e-21	3.22963e-21	3.22963e-21	3.22963e-21	3.22963e-21	3.22963e-21	3.22963e-21	3.22963e-21	3.22963e-21	3.22963e-21	3.22963e-21	3.22963e-21	3.22963e-21	3.22963e-21	3.22963e-21	3.22963e-21	3.22963e-21	3.22963e-21	3.22963e-21	3.22963e-21	3.22963e-21	3.22963e-21	3.22963e-21	3.22963e-21	3.22963e-21	3.22963e-21	3.22963e-21	3.22963e-21	3.22963e-21	3.22963e-21	3.22963e-21	3.22963e-21	3.22963e-21	3.22963e-21	3.22963e-21	3.22963e-21	3.22963e-21	3.22963e-21	3.22963e-21	3.22963e-21	3.22963e-21	3.22963e-21	3.22963e-21	3.22963e-21	3.22963e-21	3.22963e-21	3.22963e-21	3.22963e-21	3.22963e-21	3.22963e-21	3.22963e-21	3.22963e-21	3.22963e-21	3.22963e-21	3.22963e-21	3.22963e-21	3.22963e-21	3.22963e-21	3.22963e-21	3.22963e-21	3.22963e-21	3.22963e-21	3.22963e-21
18.35	5.75318e-24	2.36477e-23	5.10216e-23	9.28964e-23	1.56954e-22	2.54945e-22	4.04845e-22	6.34153e-22	9.84935e-22	1.52154e-21	2.34241e-21	3.49835e-21	3.50063e-21	3.50063e-21	3.50063e-21	3.50063e-21	3.50063e-21	3.50063e-21	3.50063e-21	3.50063e-21	3.50063e-21	3.50063e-21	3.50063e-21	3.50063e-21	3.50063e-21	3.50063e-21	3.50063e-21	3.50063e-21	3.50063e-21	3.50063e-21	3.50063e-21	3.50063e-21	3.50063e-21	3.50063e-21	3.50063e-21	3.50063e-21	3.50063e-21	3.50063e-21	3.50063e-21	3.50063e-21	3.50063e-21	3.50063e-21	3.50063e-21	3.50063e-21	3.50063e-21	3.50063e-21	3.50063e-21	3.50063e-21	3.50063e-21	3.50063e-21	3.50063e-21	3.50063e-21	3.50063e-21	3.50063e-21	3.50063e-21	3.50063e-21	3.50063e-21	3.50063e-21	3.50063e-21	3.50063e-21	3.50063e-21	3.50063e-21	3.50063e-21	3.50063e-21	3.50063e-21	3.50063e-21	3.50063e-21	3.50063e-21	3.50063e-21	3.50063e-21	3.50063e-21	3.50063e-21	3.50063e-21	3.50063e-21	3.50063e-21	3.50063e-21	3.50063e-21	3.50063e-21	3.50063e-21	3.50063e-21	3.50063e-21	3.50063e-21	3.50063e-21	3.50063e-21	3.50063e-21	3.50063e-21	3.50063e-21	3.50063e-21	3.50063e-21	3.50063e-21	3.50063e-21	3.50063e-21	3.50063e-21	3.50063e-21	3.50063e-21	3.50063e-21	3.50063e-21	3.50063e-21	3.50063e-21	3.50063e-21	3.50063e-21	3.50063e-21	3.50063e-21	3.50063e-21	3.50063e-21	3.50063e-21	3.50063e-21	3.50063e-21	3.50063e-21	3.50063e-21	3.50063e-21	3.50063e-21	3.50063e-21	3.50063e-21	3.50063e-21	3.50063e-21	3.50063e-21	3.50063e-21	3.50063e-21	3.50063e-21	3.50063e-21	3.50063e-21	3.50063e-21	3.50063e-21	3.50063e-21	3.50063e-21	3.50063e-21	3.50063e-21	3.50063e-21	3.50063e-21	3.50063e-21	3.50063e-21	3.50063e-21	3.50063e-21	3.50063e-21	3.50063e-21	3.50063e-21	3.50063e-21	3.50063e-21	3.50063e-21	3.50063e-21	3.50063e-21	3.50063e-21	3.50063e-21	3.50063e-21	3.50063e-21	3.50063e-21	3.50063e-21	3.50063e-21	3.50063e-21	3.50063e-21	3.50063e-21	3.50063e-21	3.50063e-21	3.50063e-21	3.50063e-21	3.50063e-21	3.50063e-21	3.50063e-21	3.50063e-21	3.50063e-21	3.50063e-21	3.50063e-21	3.50063e-21	3.50063e-21	3.50063e-21	3.50063e-21	3.50063e-21	3.50063e-21	3.50063e-21	3.50063e-21	3.50063e-21	3.50063e-21	3.50063e-21	3.50063e-21	3.50063e-21	3.50063e-21	3.50063e-21	3.50063e-21	3.50063e-21	3.50063e-21	3.50063e-21	3.50063e-21	3.50063e-21	3.50063e-21
18.38	4.91781e-24	2.02140e-23	4.36132e-23	7.94077e-23	1.34164e-22	2.17926e-22	3.46061e-22	5.42073e-22	8.41921e-22	1.30061e-21	2.00228e-21	3.07567e-21	3.79266e-21	3.79266e-21	3.79266e-21	3.79266e-21	3.79266e-21	3.79266e-21	3.79266e-21	3.79266e-21	3.79266e-21	3.79266e-21	3.79266e-21	3.79266e-21	3.79266e-21	3.79266e-21	3.79266e-21	3.79266e-21	3.79266e-21	3.79266e-21	3.79266e-21	3.79266e-21	3.79266e-21	3.79266e-21	3.79266e-21	3.79266e-21	3.79266e-21	3.79266e-21	3.79266e-21	3.79266e-21	3.79266e-21	3.79266e-21	3.79266e-21	3.79266e-21	3.79266e-21	3.79266e-21	3.79266e-21	3.79266e-21	3.79266e-21	3.79266e-21	3.79266e-21	3.79266e-21	3.79266e-21	3.79266e-21	3.79266e-21	3.79266e-21	3.79266e-21	3.79266e-21	3.79266e-21	3.79266e-21	3.79266e-21	3.79266e-21	3.79266e-21	3.79266e-21	3.79266e-21	3.79266e-21	3.79266e-21	3.79266e-21	3.79266e-21	3.79266e-21	3.79266e-21	3.79266e-21	3.79266e-21	3.79266e-21	3.79266e-21	3.79266e-21	3.79266e-21	3.79266e-21	3.79266e-21	3.79266e-21	3.79266e-21	3.79266e-21	3.79266e-21	3.79266e-21	3.79266e-21	3.79266e-21	3.79266e-21	3.79266e-21	3.79266e-21	3.79266e-21	3.79266e-21	3.79266e-21	3.79266e-21	3.79266e-21	3.79266e-21	3.79266e-21	3.79266e-21	3.79266e-21	3.79266e-21	3.79266e-21	3.79266e-21	3.79266e-21	3.79266e-21	3.79266e-21	3.79266e-21	3.79266e-21	3.79266e-21	3.79266e-21	3.79266e-21	3.79266e-21	3.79266e-21	3.79266e-21	3.79266e-21	3.79266e-21	3.79266e-21	3.79266e-21	3.79266e-21	3.79266e-21	3.79266e-21	3.79266e-21	3.79266e-21	3.79266e-21	3.79266e-21	3.79266e-21	3.79266e-21	3.79266e-21	3.79266e-21	3.79266e-21	3.79266e-21	3.79266e-21	3.79266e-21	3.79266e-21	3.79266e-21	3.79266e-21	3.79266e-21	3.79266e-21	3.79266e-21	3.79266e-21	3.79266e-21	3.79266e-21	3.79266e-21	3.79266e-21	3.79266e-21	3.79266e-21	3.79266e-21	3.79266e-21	3.79266e-21	3.79266e-21	3.79266e-21	3.79266e-21	3.79266e-21	3.79266e-21	3.79266e-21	3.79266e-21	3.79266e-21	3.79266e-21	3.79266e-21	3.79266e-21	3.79266e-21	3.79266e-21	3.79266e-21	3.79266e-21	3.79266e-21	3.79266e-21	3.79266e-21	3.79266e-21	3.79266e-21	3.79266e-21	3.79266e-21	3.79266e-21	3.79266e-21	3.79266e-21	3.79266e-21	3.79266e-21	3.79266e-21	3.79266e-21	3.79266e-21	3.79266e-21	3.79266e-21	3.79266e-21	3.79266e-21	3.79266e-21	3.79266e-21	3.79266e-21	3.79266e-21
18.41	4.20373e-24	1.72789e-23	3.72805e-23	6.78775e-23	1.14683e-22	1.86283e-22	2.95812e-22	4.63363e-22	7.19672e-22	1.11176e-21	1.71155e-21	2.62908e-21	4.03244e-21	4.10761e-21	4.10761e-21	4.10761e-21	4.10761e-21	4.10761e-21	4.10761e-21	4.10761e-21	4.10761e-21	4.10761e-21	4.10761e-21	4.10761e-21	4.10761e-21	4.10761e-21	4.10761e-21	4.10761e-21	4.10761e-21	4.10761e-21	4.10761e-21	4.10761e-21	4.10761e-21	4.10761e-21	4.10761e-21	4.10761e-21	4.10761e-21	4.10761e-21	4.10761e-21	4.10761e-21	4.10761e-21	4.10761e-21	4.10761e-21	4.10761e-21	4.10761e-21	4.10761e-21	4.10761e-21	4.10761e-21	4.10761e-21	4.10761e-21	4.10761e-21	4.10761e-21	4.10761e-21	4.10761e-21	4.10761e-21	4.10761e-21	4.10761e-21	4.10761e-21	4.10761e-21	4.10761e-21	4.10761e-21	4.10761e-21	4.10761e-21	4.10761e-21	4.10761e-21	4.10761e-21	4.10761e-21	4.10761e-21	4.10761e-21	4.10761e-21	4.10761e-21	4.10761e-21	4.10761e-21	4.10761e-21	4.10761e-21	4.10761e-21	4.10761e-21	4.10761e-21	4.10761e-21	4.10761e-21	4.10761e-21	4.10761e-21	4.10761e-21	4.10761e-21	4.10761e-21	4.10761e-21	4.10761e-21	4.10761e-21	4.10761e-21	4.10761e-21	4.10761e-21	4.10761e-21	4.10761e-21	4.10761e-21	4.10761e-21	4.10761e-21	4.10761e-21	4.10761e-21	4.10761e-21	4.10761e-21	4.10761e-21	4.10761e-21	4.10761e-21	4.10761e-21	4.10761e-21	4.10761e-21	4.10761e-21	4.10761e-21	4.10761e-21	4.10761e-21	4.10761e-21	4.10761e-21	4.10761e-21	4.10761e-21	4.10761e-21	4.10761e-21	4.10761e-21	4.10761e-21	4.10761e-21	4.10761e-21	4.10761e-21	4.10761e-21	4.10761e-21	4.10761e-21	4.10761e-21	4.10761e-21	4.10761e-21	4.10761e-21	4.10761e-21	4.10761e-21	4.10761e-21	4.10761e-21	4.10761e-21	4.10761e-21	4.10761e-21	4.10761e-21	4.10761e-21	4.10761e-21	4.10761e-21	4.10761e-21	4.10761e-21	4.10761e-21	4.10761e-21	4.10761e-21	4.10761e-21	4.10761e-21	4.10761e-21	4.10761e-21	4.10761e-21	4.10761e-21	4.10761e-21	4.10761e-21	4.10761e-21	4.10761e-21	4.10761e-21	4.10761e-21	4.10761e-21	4.10761e-21	4.10761e-21	4.10761e-21	4.10761e-21	4.10761e-21	4.10761e-21	4.10761e-21	4.10761e-21	4.10761e-21	4.10761e-21	4.10761e-21	4.10761e-21	4.10761e-21	4.10761e-21	4.10761e-21	4.10761e-21	4.10761e-21	4.10761e-21	4.10761e-21	4.10761e-21	4.10761e-21	4.10761e-21	4.10761e-21	4.10761e-21	4.10761e-21	4.10761e-21	4.10761e-21	4.10761e-21
18.45	3.59334e-24	1.47700e-23	3.18673e-23	5.80216e-23	9.80309e-23	1.59234e-22	2.52860e-22	3.96082e-22	6.15175e-22	9.50330e-22	1.46303e-21	2.24733e-21	3.44711e-21	4.44746e-21	4.44746e-21	4.44746e-21	4.44746e-21	4.44746e-21	4.44746e-21	4.44746e-21	4.44746e-21	4.44746e-21	4.44746e-21	4.44746e-21	4.44746e-21	4.44746e-21	4.44746e-21	4.44746e-21	4.44746e-21	4.44746e-21	4.44746e-21	4.44746e-21	4.44746e-21	4.44746e-21	4.44746e-21	4.44746e-21	4.44746e-21	4.44746e-21	4.44746e-21	4.44746e-21	4.44746e-21	4.44746e-21	4.44746e-21	4.44746e-21	4.44746e-21	4.44746e-21	4.44746e-21	4.44746e-21	4.44746e-21	4.44746e-21	4.44746e-21	4.44746e-21	4.44746e-21	4.44746e-21	4.44746e-21	4.44746e-21	4.44746e-21	4.44746e-21	4.44746e-21	4.44746e-21	4.44746e-21	4.44746e-21	4.44746e-21	4.44746e-21	4.44746e-21	4.44746e-21	4.44746e-21	4.44746e-21	4.44746e-21	4.44746e-21	4.44746e-21	4.44746e-21	4.44746e-21	4.44746e-21	4.44746e-21	4.44746e-21	4.44746e-21	4.44746e-21	4.44746e-21	4.44746e-21	4.44746e-21	4.44746e-21	4.44746e-21	4.44746e-21	4.44746e-21	4.44746e-21	4.44746e-21	4.44746e-21	4.44746e-21	4.44746e-21	4.44746e-21	4.44746e-21	4.44746e-21	4.44746e-21	4.44746e-21	4.44746e-21	4.44746e-21	4.44746e-21	4.44746e-21	4.44746e-21	4.44746e-21	4.44746e-21	4.44746e-21	4.44746e-21	4.44746e-21	4.44746e-21	4.44746e-21	4.44746e-21	4.44746e-21	4.44746e-21	4.44746e-21	4.44746e-21	4.44746e-21	4.44746e-21	4.44746e-21	4.44746e-21	4.44746e-21	4.44746e-21	4.44746e-21	4.44746e-21	4.44746e-21	4.44746e-21	4.44746e-21	4.44746e-21	4.44746e-21	4.44746e-21	4.44746e-21	4.44746e-21	4.44746e-21	4.44746e-21	4.44746e-21	4.44746e-21	4.44746e-21	4.44746e-21	4.44746e-21	4.44746e-21	4.44746e-21	4.44746e-21	4.44746e-21	4.44746e-21	4.44746e-21	4.44746e-21	4.44746e-21	4.44746e-21	4.44746e-21	4.44746e-21	4.44746e-21	4.44746e-21	4.44746e-21	4.44746e-21	4.44746e-21	4.44746e-21	4.44746e-21	4.44746e-21	4.44746e-21	4.44746e-21	4.44746e-21	4.44746e-21	4.44746e-21	4.44746e-21	4.44746e-21	4.44746e-21	4.44746e-21	4.44746e-21	4.44746e-21	4.44746e-21	4.44746e-21	4.44746e-21	4.44746e-21	4.44746e-21	4.44746e-21	4.44746e-21	4.44746e-21	4.44746e-21	4.44746e-21	4.44746e-21	4.44746e-21	4.44746e-21	4.44746e-21	4.44746e-21	4.44746e-21	4.44746e-21	4.44746e-21	4.44746e-21	4.44746e-21
18.48	3.07158e-24	1.26254e-23	2.72401e-23	4.95968e-23	8.37966e-23	1.36113e-22	2.16144e-22	3.38570e-22	5.25851e-22	8.12340e-22	1.25060e-21	1.92101e-21	2.94658e-21	4.51544e-21	4.81438e-21	4.81438e-21	4.81438e-21	4.81438e-21	4.81438e-21	4.81438e-21	4.81438e-21	4.81438e-21	4.81438e-21	4.81438e-21	4.81438e-21	4.81438e-21	4.81438e-21	4.81438e-21	4.81438e-21	4.81438e-21	4.81438e-21	4.81438e-21	4.81438e-21	4.81438e-21	4.81438e-21	4.81438e-21	4.81438e-21	4.81438e-21	4.81438e-21	4.81438e-21	4.81438e-21	4.81438e-21	4.81438e-21	4.81438e-21	4.81438e-21	4.81438e-21	4.81438e-21	4.81438e-21	4.81438e-21	4.81438e-21	4.81438e-21	4.81438e-21	4.81438e-21	4.81438e-21	4.81438e-21	4.81438e-21	4.81438e-21	4.81438e-21	4.81438e-21	4.81438e-21	4.81438e-21	4.81438e-21	4.81438e-21	4.81438e-21	4.81438e-21	4.81438e-21	4.81438e-21	4.81438e-21	4.81438e-21	4.81438e-21	4.81438e-21	4.81438e-21	4.81438e-21	4.81438e-21	4.81438e-21	4.81438e-21	4.81438e-21	4.81438e-21	4.81438e-21	4.81438e-21	4.81438e-21	4.81438e-21	4.81438e-21	4.81438e-21	4.81438e-21	4.81438e-21	4.81438e-21	4.81438e-21	4.81438e-21	4.81438e-21	4.81438e-21	4.81438e-21	4.81438e-21	4.81438e-21	4.81438e-21	4.81438e-21	4.81438e-21	4.81438e-21	4.81438e-21	4.81438e-21	4.81438e-21	4.81438e-21	4.81438e-21	4.81438e-21	4.81438e-21	4.81438e-21	4.81438e-21	4.81438e-21	4.81438e-21	4.81438e-21	4.81438e-21	4.81438e-21	4.81438e-21	4.81438e-21	4.81438e-21	4.81438e-21	4.81438e-21	4.81438e-21	4.81438e-21	4.81438e-21	4.81438e-21	4.81438e-21	4.81438e-21	4.81438e-21	4.81438e-21	4.81438e-21	4.81438e-21	4.81438e-21	4.81438e-21	4.81438e-21	4.81438e-21	4.81438e-21	4.81438e-21	4.81438e-21	4.81438e-21	4.81438e-21	4.81438e-21	4.81438e-21	4.81438e-21	4.81438e-21	4.81438e-21	4.81438e-21	4.81438e-21	4.81438e-21	4.81438e-21	4.81438e-21	4.81438e-21	4.81438e-21	4.81438e-21	4.81438e-21	4.81438e-21	4.81438e-21	4.81438e-21	4.81438e-21	4.81438e-21	4.81438e-21	4.81438e-21	4.81438e-21	4.81438e-21	4.81438e-21	4.81438e-21	4.81438e-21	4.81438e-21	4.81438e-21	4.81438e-21	4.81438e-21	4.81438e-21	4.81438e-21	4.81438e-21	4.81438e-21	4.81438e-21	4.81438e-21	4.81438e-21	4.81438e-21	4.81438e-21	4.81438e-21	4.81438e-21	4.81438e-21	4.81438e-21	4.81438e-21	4.81438e-21	4.81438e-21	4.81438e-21	4.81438e-21	4.81438e-21
18.52	2.62559e-24	1.07921e-23	2.32848e-23	4.23953e-23	7.16292e-23	1.16349e-22	1.84760e-22	2.89409e-22	4.49496e-22	6.94387e-22	1.06901e-21	1.64208e-21	2.51873e-21	3.85979e-21	5.21067e-21	5.21067e-21	5.21067e-21	5.21067e-21	5.21067e-21	5.21067e-21	5.21067e-21	5.21067e-21	5.21067e-21	5.21067e-21	5.21067e-21	5.21067e-21	5.21067e-21	5.21067e-21	5.21067e-21	5.21067e-21	5.21067e-21	5.21067e-21	5.21067e-21	5.21067e-21	5.21067e-21	5.21067e-21	5.21067e-21	5.21067e-21	5.21067e-21	5.21067e-21	5.21067e-21	5.21067e-21	5.21067e-21	5.21067e-21	5.21067e-21	5.21067e-21	5.21067e-21	5.21067e-21	5.21067e-21	5.21067e-21	5.21067e-21	5.21067e-21	5.21067e-21	5.21067e-21	5.21067e-21	5.21067e-21	5.21067e-21	5.21067e-21	5.21067e-21	5.21067e-21	5.21067e-21	5.21067e-21	5.21067e-21	5.21067e-21	5.21067e-21	5.21067e-21	5.21067e-21	5.21067e-21	5.21067e-21	5.21067e-21	5.21067e-21	5.21067e-21	5.21067e-21	5.21067e-21	5.21067e-21	5.21067e-21	5.21067e-21	5.21067e-21	5.21067e-21	5.21067e-21	5.21067e-21	5.21067e-21	5.21067e-21	5.21067e-21	5.21067e-21	5.21067e-21	5.21067e-21	5.21067e-21	5.21067e-21	5.21067e-21	5.21067e-21	5.21067e-21	5.21067e-21	5.21067e-21	5.21067e-21	5.21067e-21	5.21067e-21	5.21067e-21	5.21067e-21	5.21067e-21	5.21067e-21	5.21067e-21	5.21067e-21	5.21067e-21	5.21067e-21	5.21067e-21	5.21067e-21	5.21067e-21	5.21067e-21	5.21067e-21	5.21067e-21	5.21067e-21	5.21067e-21	5.21067e-21	5.21067e-21	5.21067e-21	5.21067e-21	5.21067e-21	5.21067e-21	5.21067e-21	5.21067e-21	5.21067e-21	5.21067e-21	5.21067e-21	5.21067e-21	5.21067e-21	5.21067e-21	5.21067e-21	5.21067e-21	5.21067e-21	5.21067e-21	5.21067e-21	5.21067e-21	5.21067e-21	5.21067e-21	5.21067e-21	5.21067e-21	5.21067e-21	5.21067e-21	5.21067e-21	5.21067e-21	5.21067e-21	5.21067e-21	5.21067e-21	5.21067e-21	5.21067e-21	5.21067e-21	5.21067e-21	5.21067e-21	5.21067e-21	5.21067e-21	5.21067e-21	5.21067e-21	5.21067e-21	5.21067e-21	5.21067e-21	5.21067e-21	5.21067e-21	5.21067e-21	5.21067e-21	5.21067e-21	5.21067e-21	5.21067e-21	5.21067e-21	5.21067e-21	5.21067e-21	5.21067e-21	5.21067e-21	5.21067e-21	5.21067e-21	5.21067e-21	5.21067e-21	5.21067e-21	5.21067e-21	5.21067e-21	5.21067e-21	5.21067e-21	5.21067e-21	5.21067e-21	5.21067e-21	5.21067e-21	5.21067e-21	5.21067e-21	5.21067e-21	5.21067e-21
18.55	2.24435e-24	9.22510e-24	1.99038e-23	3.62394e-23	6.12285e-23	9.94554e-23	1.57932e-22	2.47387e-22	3.84229e-22	5.93561e-22	9.13786e-22	1.40365e-21	2.15301e-21	3.29934e-21	5.05294e-21	5.63881e-21	5.63881e-21	5.63881e-21	5.63881e-21	5.63881e-21	5.63881e-21	5.63881e-21	5.63881e-21	5.63881e-21	5.63881e-21	5.63881e-21	5.63881e-21	5.63881e-21	5.63881e-21	5.63881e-21	5.63881e-21	5.63881e-21	5.63881e-21	5.63881e-21	5.63881e-21	5.63881e-21	5.63881e-21	5.63881e-21	5.63881e-21	5.63881e-21	5.63881e-21	5.63881e-21	5.63881e-21	5.63881e-21	5.63881e-21	5.63881e-21	5.63881e-21	5.63881e-21	5.63881e-21	5.63881e-21	5.63881e-21	5.63881e-21	5.63881e-21	5.63881e-21	5.63881e-21	5.63881e-21	5.63881e-21	5.63881e-21	5.63881e-21	5.63881e-21	5.63881e-21	5.63881e-21	5.63881e-21	5.63881e-21	5.63881e-21	5.63881e-21	5.63881e-21	5.63881e-21	5.63881e-21	5.63881e-21	5.63881e-21	5.63881e-21	5.63881e-21	5.63881e-21	5.63881e-21	5.63881e-21	5.63881e-21	5.63881e-21	5.63881e-21	5.63881e-21	5.63881e-21	5.63881e-21	5.63881e-21	5.63881e-21	5.63881e-21	5.63881e-21	5.63881e-21	5.63881e-21	5.63881e-21	5.63881e-21	5.63881e-21	5.63881e-21	5.63881e-21	5.63881e-21	5.63881e-21	5.63881e-21	5.63881e-21	5.63881e-21	5.63881e-21	5.63881e-21	5.63881e-21	5.63881e-21	5.63881e-21	5.63881e-21	5.63881e-21	5.63881e-21	5.63881e-21	5.63881e-21	5.63881e-21	5.63881e-21	5.63881e-21	5.63881e-21	5.63881e-21	5.63881e-21	5.63881e-21	5.63881e-21	5.63881e-21	5.63881e-21	5.63881e-21	5.63881e-21	5.63881e-21	5.63881e-21	5.63881e-21	5.63881e-21	5.63881e-21	5.63881e-21	5.63881e-21	5.63881e-21	5.63881e-21	5.63881e-21	5.63881e-21	5.63881e-21	5.63881e-21	5.63881e-21	5.63881e-21	5.63881e-21	5.63881e-21	5.63881e-21	5.63881e-21	5.63881e-21	5.63881e-21	5.63881e-21	5.63881e-21	5.63881e-21	5.63881e-21	5.63881e-21	5.63881e-21	5.63881e-21	5.63881e-21	5.63881e-21	5.63881e-21	5.63881e-21	5.63881e-21	5.63881e-21	5.63881e-21	5.63881e-21	5.63881e-21	5.63881e-21	5.63881e-21	5.63881e-21	5.63881e-21	5.63881e-21	5.63881e-21	5.63881e-21	5.63881e-21	5.63881e-21	5.63881e-21	5.63881e-21	5.63881e-21	5.63881e-21	5.63881e-21	5.63881e-21	5.63881e-21	5.63881e-21	5.63881e-21	5.63881e-21	5.63881e-21	5.63881e-21	5.63881e-21	5.63881e-21	5.63881e-21	5.63881e-21	5.63881e-21	5.63881e-21	5.63881e-21
18.59	1.91846e-24	7.88560e-24	1.70137e-23	3.09774e-23	5.23381e-23	8.50143e-23	1.35000e-22	2.11466e-22	3.28438e-22	5.07375e-22	7.81103e-22	1.19984e-21	1.84039e-21	2.82027e-21	4.31925e-21	6.10143e-21	6.10147e-21	6.10147e-21	6.10147e-21	6.10147e-21	6.10147e-21	6.10147e-21	6.10147e-21	6.10147e-21	6.10147e-21	6.10147e-21	6.10147e-21	6.10147e-21	6.10147e-21	6.10147e-21	6.10147e-21	6.10147e-21	6.10147e-21	6.10147e-21	6.10147e-21	6.10147e-21	6.10147e-21	6.10147e-21	6.10147e-21	6.10147e-21	6.10147e-21	6.10147e-21	6.10147e-21	6.10147e-21	6.10147e-21	6.10147e-21	6.10147e-21	6.10147e-21	6.10147e-21	6.10147e-21	6.10147e-21	6.10147e-21	6.10147e-21	6.10147e-21	6.10147e-21	6.10147e-21	6.10147e-21	6.10147e-21	6.10147e-21	6.10147e-21	6.10147e-21	6.10147e-21	6.10147e-21	6.10147e-21	6.10147e-21	6.10147e-21	6.10147e-21	6.10147e-21	6.10147e-21	6.10147e-21	6.10147e-21	6.10147e-21	6.10147e-21	6.10147e-21	6.10147e-21	6.10147e-21	6.10147e-21	6.10147e-21	6.10147e-21	6.10147e-21	6.10147e-21	6.10147e-21	6.10147e-21	6.10147e-21	6.10147e-21	6.10147e-21	6.10147e-21	6.10147e-21	6.10147e-21	6.10147e-21	6.10147e-21	6.10147e-21	6.10147e-21	6.10147e-21	6.10147e-21	6.10147e-21	6.10147e-21	6.10147e-21	6.10147e-21	6.10147e-21	6.10147e-21	6.10147e-21	6.10147e-21	6.10147e-21	6.10147e-21	6.10147e-21	6.10147e-21	6.10147e-21	6.10147e-21	6.10147e-21	6.10147e-21	6.10147e-21	6.10147e-21	6.10147e-21	6.10147e-21	6.10147e-21	6.10147e-21	6.10147e-21	6.10147e-21	6.10147e-21	6.10147e-21	6.10147e-21	6.10147e-21	6.10147e-21	6.10147e-21	6.10147e-21	6.10147e-21	6.10147e-21	6.10147e-21	6.10147e-21	6.10147e-21	6.10147e-21	6.10147e-21	6.10147e-21	6.10147e-21	6.10147e-21	6.10147e-21	6.10147e-21	6.10147e-21	6.10147e-21	6.10147e-21	6.10147e-21	6.10147e-21	6.10147e-21	6.10147e-21	6.10147e-21	6.10147e-21	6.10147e-21	6.10147e-21	6.10147e-21	6.10147e-21	6.10147e-21	6.10147e-21	6.10147e-21	6.10147e-21	6.10147e-21	6.10147e-21	6.10147e-21	6.10147e-21	6.10147e-21	6.10147e-21	6.10147e-21	6.10147e-21	6.10147e-21	6.10147e-21	6.10147e-21	6.10147e-21	6.10147e-21	6.10147e-21	6.10147e-21	6.10147e-21	6.10147e-21	6.10147e-21	6.10147e-21	6.10147e-21	6.10147e-21	6.10147e-21	6.10147e-21	6.10147e-21	6.10147e-21	6.10147e-21	6.10147e-21	6.10147e-21	6.10147e-21	6.10147e-21
18.62	1.63990e-24	6.74060e-24	1.45433e-23	2.64794e-23	4.47385e-23	7.26701e-23	1.15398e-22	1.80761e-22	2.80748e-22	4.33704e-22	6.67685e-22	1.02562e-21	1.57316e-21	2.41077e-21	3.69209e-21	5.65219e-21	6.60153e-21	6.60153e-21	6.60153e-21	6.60153e-21	6.60153e-21	6.60153e-21	6.60153e-21	6.60153e-21	6.60153e-21	6.60153e-21	6.60153e-21	6.60153e-21	6.60153e-21	6.60153e-21	6.60153e-21	6.60153e-21	6.60153e-21	6.60153e-21	6.60153e-21	6.60153e-21	6.60153e-21	6.60153e-21	6.60153e-21	6.60153e-21	6.60153e-21	6.60153e-21	6.60153e-21	6.60153e-21	6.60153e-21	6.60153e-21	6.60153e-21	6.60153e-21	6.60153e-21	6.60153e-21	6.60153e-21	6.60153e-21	6.60153e-21	6.60153e-21	6.60153e-21	6.60153e-21	6.60153e-21	6.60153e-21	6.60153e-21	6.60153e-21	6.60153e-21	6.60153e-21	6.60153e-21	6.60153e-21	6.60153e-21	6.60153e-21	6.60153e-21	6.60153e-21	6.60153e-21	6.60153e-21	6.60153e-21	6.60153e-21	6.60153e-21	6.60153e-21	6.60153e-21	6.60153e-21	6.60153e-21	6.60153e-21	6.60153e-21	6.60153e-21	6.60153e-21	6.60153e-21	6.60153e-21	6.60153e-21	6.60153e-21	6.60153e-21	6.60153e-21	6.60153e-21	6.60153e-21	6.60153e-21	6.60153e-21	6.60153e-21	6.60153e-21	6.60153e-21	6.60153e-21	6.60153e-21	6.60153e-21	6.60153e-21	6.60153e-21	6.60153e-21	6.60153e-21	6.60153e-21	6.60153e-21	6.60153e-21	6.60153e-21	6.60153e-21	6.60153e-21	6.60153e-21	6.60153e-21	6.60153e-21	6.60153e-21	6.60153e-21	6.60153e-21	6.60153e-21	6.60153e-21	6.60153e-21	6.60153e-21	6.60153e-21	6.60153e-21	6.60153e-21	6.60153e-21	6.60153e-21	6.60153e-21	6.60153e-21	6.60153e-21	6.60153e-21	6.60153e-21	6.60153e-21	6.60153e-21	6.60153e-21	6.60153e-21	6.60153e-21	6.60153e-21	6.60153e-21	6.60153e-21	6.60153e-21	6.60153e-21	6.60153e-21	6.60153e-21	6.60153e-21	6.60153e-21	6.60153e-21	6.60153e-21	6.60153e-21	6.60153e-21	6.60153e-21	6.60153e-21	6.60153e-21	6.60153e-21	6.60153e-21	6.60153e-21	6.60153e-21	6.60153e-21	6.60153e-21	6.60153e-21	6.60153e-21	6.60153e-21	6.60153e-21	6.60153e-21	6.60153e-21	6.60153e-21	6.60153e-21	6.60153e-21	6.60153e-21	6.60153e-21	6.60153e-21	6.60153e-21	6.60153e-21	6.60153e-21	6.60153e-21	6.60153e-21	6.60153e-21	6.60153e-21	6.60153e-21	6.60153e-21	6.60153e-21	6.60153e-21	6.60153e-21	6.60153e-21	6.60153e-21	6.60153e-21	6.60153e-21	6.60153e-21	6.60153e-21	6.60153e-21
18.65	1.40178e-24	5.76186e-24	1.24316e-23	2.26346e-23	3.82424e-23	6.21183e-23	9.86421e-23	1.54514e-22	2.39983e-22	3.70729e-22	5.70736e-22	8.76696e-22	1.34474e-21	2.06072e-21	3.15599e-21	4.83148e-21	7.13964e-21	7.14209e-21	7.14209e-21	7.14209e-21	7.14209e-21	7.14209e-21	7.14209e-21	7.14209e-21	7.14209e-21	7.14209e-21	7.14209e-21	7.14209e-21	7.14209e-21	7.14209e-21	7.14209e-21	7.14209e-21	7.14209e-21	7.14209e-21	7.14209e-21	7.14209e-21	7.14209e-21	7.14209e-21	7.14209e-21	7.14209e-21	7.14209e-21	7.14209e-21	7.14209e-21	7.14209e-21	7.14209e-21	7.14209e-21	7.14209e-21	7.14209e-21	7.14209e-21	7.14209e-21	7.14209e-21	7.14209e-21	7.14209e-21	7.14209e-21	7.14209e-21	7.14209e-21	7.14209e-21	7.14209e-21	7.14209e-21	7.14209e-21	7.14209e-21	7.14209e-21	7.14209e-21	7.14209e-21	7.14209e-21	7.14209e-21	7.14209e-21	7.14209e-21	7.14209e-21	7.14209e-21	7.14209e-21	7.14209e-21	7.14209e-21	7.14209e-21	7.14209e-21	7.14209e-21	7.14209e-21	7.14209e-21	7.14209e-21	7.14209e-21	7.14209e-21	7.14209e-21	7.14209e-21	7.14209e-21	7.14209e-21	7.14209e-21	7.14209e-21	7.14209e-21	7.14209e-21	7.14209e-21	7.14209e-21	7.14209e-21	7.14209e-21	7.14209e-21	7.14209e-21	7.14209e-21	7.14209e-21	7.14209e-21	7.14209e-21	7.14209e-21	7.14209e-21	7.14209e-21	7.14209e-21	7.14209e-21	7.14209e-21	7.14209e-21	7.14209e-21	7.14209e-21	7.14209e-21	7.14209e-21	7.14209e-21	7.14209e-21	7.14209e-21	7.14209e-21	7.14209e-21	7.14209e-21	7.14209e-21	7.14209e-21	7.14209e-21	7.14209e-21	7.14209e-21	7.14209e-21	7.14209e-21	7.14209e-21	7.14209e-21	7.14209e-21	7.14209e-21	7.14209e-21	7.14209e-21	7.14209e-21	7.14209e-21	7.14209e-21	7.14209e-21	7.14209e-21	7.14209e-21	7.14209e-21	7.14209e-21	7.14209e-21	7.14209e-21	7.14209e-21	7.14209e-21	7.14209e-21	7.14209e-21	7.14209e-21	7.14209e-21	7.14209e-21	7.14209e-21	7.14209e-21	7.14209e-21	7.14209e-21	7.14209e-21	7.14209e-21	7.14209e-21	7.14209e-21	7.14209e-21	7.14209e-21	7.14209e-21	7.14209e-21	7.14209e-21	7.14209e-21	7.14209e-21	7.14209e-21	7.14209e-21	7.14209e-21	7.14209e-21	7.14209e-21	7.14209e-21	7.14209e-21	7.14209e-21	7.14209e-21	7.14209e-21	7.14209e-21	7.14209e-21	7.14209e-21	7.14209e-21	7.14209e-21	7.14209e-21	7.14209e-21	7.14209e-21	7.14209e-21	7.14209e-21	7.14209e-21	7.14209e-21	7.14209e-21	7.14209e-21
18.69	1.19824e-24	4.92523e-24	1.06265e-23	1.93480e-23	3.26895e-23	5.30986e-23	8.43191e-23	1.32078e-22	2.05137e-22	3.16899e-22	4.87865e-22	7.49398e-22	1.14948e-21	1.76150e-21	2.69774e-21	4.12994e-21	6.32087e-21	7.72651e-21	7.72651e-21	7.72651e-21	7.72651e-21	7.72651e-21	7.72651e-21	7.72651e-21	7.72651e-21	7.72651e-21	7.72651e-21	7.72651e-21	7.72651e-21	7.72651e-21	7.72651e-21	7.72651e-21	7.72651e-21	7.72651e-21	7.72651e-21	7.72651e-21	7.72651e-21	7.72651e-21	7.72651e-21	7.72651e-21	7.72651e-21	7.72651e-21	7.72651e-21	7.72651e-21	7.72651e-21	7.72651e-21	7.72651e-21	7.72651e-21	7.72651e-21	7.72651e-21	7.72651e-21	7.72651e-21	7.72651e-21	7.72651e-21	7.72651e-21	7.72651e-21	7.72651e-21	7.72651e-21	7.72651e-21	7.72651e-21	7.72651e-21	7.72651e-21	7.72651e-21	7.72651e-21	7.72651e-21	7.72651e-21	7.72651e-21	7.72651e-21	7.72651e-21	7.72651e-21	7.72651e-21	7.72651e-21	7.72651e-21	7.72651e-21	7.72651e-21	7.72651e-21	7.72651e-21	7.72651e-21	7.72651e-21	7.72651e-21	7.72651e-21	7.72651e-21	7.72651e-21	7.72651e-21	7.72651e-21	7.72651e-21	7.72651e-21	7.72651e-21	7.72651e-21	7.72651e-21	7.72651e-21	7.72651e-21	7.72651e-21	7.72651e-21	7.72651e-21	7.72651e-21	7.72651e-21	7.72651e-21	7.72651e-21	7.72651e-21	7.72651e-21	7.72651e-21	7.72651e-21	7.72651e-21	7.72651e-21	7.72651e-21	7.72651e-21	7.72651e-21	7.72651e-21	7.72651e-21	7.72651e-21	7.72651e-21	7.72651e-21	7.72651e-21	7.72651e-21	7.72651e-21	7.72651e-21	7.72651e-21	7.72651e-21	7.72651e-21	7.72651e-21	7.72651e-21	7.72651e-21	7.72651e-21	7.72651e-21	7.72651e-21	7.72651e-21	7.72651e-21	7.72651e-21	7.72651e-21	7.72651e-21	7.72651e-21	7.72651e-21	7.72651e-21	7.72651e-21	7.72651e-21	7.72651e-21	7.72651e-21	7.72651e-21	7.72651e-21	7.72651e-21	7.72651e-21	7.72651e-21	7.72651e-21	7.72651e-21	7.72651e-21	7.72651e-21	7.72651e-21	7.72651e-21	7.72651e-21	7.72651e-21	7.72651e-21	7.72651e-21	7.72651e-21	7.72651e-21	7.72651e-21	7.72651e-21	7.72651e-21	7.72651e-21	7.72651e-21	7.72651e-21	7.72651e-21	7.72651e-21	7.72651e-21	7.72651e-21	7.72651e-21	7.72651e-21	7.72651e-21	7.72651e-21	7.72651e-21	7.72651e-21	7.72651e-21	7.72651e-21	7.72651e-21	7.72651e-21	7.72651e-21	7.72651e-21	7.72651e-21	7.72651e-21	7.72651e-21	7.72651e-21	7.72651e-21	7.72651e-21	7.72651e-21	7.72651e-21
18.72	1.02426e-24	4.21008e-24	9.08353e-24	1.65386e-23	2.79430e-23	4.53886e-23	7.20758e-23	1.12900e-22	1.75351e-22	2.70885e-22	4.17026e-22	6.40585e-22	9.82572e-22	1.50573e-21	2.30602e-21	3.53027e-21	5.40307e-21	8.25931e-21	8.35841e-21	8.35841e-21	8.35841e-21	8.35841e-21	8.35841e-21	8.35841e-21	8.35841e-21	8.35841e-21	8.35841e-21	8.35841e-21	8.35841e-21	8.35841e-21	8.35841e-21	8.35841e-21	8.35841e-21	8.35841e-21	8.35841e-21	8.35841e-21	8.35841e-21	8.35841e-21	8.35841e-21	8.35841e-21	8.35841e-21	8.35841e-21	8.35841e-21	8.35841e-21	8.35841e-21	8.35841e-21	8.35841e-21	8.35841e-21	8.35841e-21	8.35841e-21	8.35841e-21	8.35841e-21	8.35841e-21	8.35841e-21	8.35841e-21	8.35841e-21	8.35841e-21	8.35841e-21	8.35841e-21	8.35841e-21	8.35841e-21	8.35841e-21	8.35841e-21	8.35841e-21	8.35841e-21	8.35841e-21	8.35841e-21	8.35841e-21	8.35841e-21	8.35841e-21	8.35841e-21	8.35841e-21	8.35841e-21	8.35841e-21	8.35841e-21	8.35841e-21	8.35841e-21	8.35841e-21	8.35841e-21	8.35841e-21	8.35841e-21	8.35841e-21	8.35841e-21	8.35841e-21	8.35841e-21	8.35841e-21	8.35841e-21	8.35841e-21	8.35841e-21	8.35841e-21	8.35841e-21	8.35841e-21	8.35841e-21	8.35841e-21	8.35841e-21	8.35841e-21	8.35841e-21	8.35841e-21	8.35841e-21	8.35841e-21	8.35841e-21	8.35841e-21	8.35841e-21	8.35841e-21	8.35841e-21	8.35841e-21	8.35841e-21	8.35841e-21	8.35841e-21	8.35841e-21	8.35841e-21	8.35841e-21	8.35841e-21	8.35841e-21	8.35841e-21	8.35841e-21	8.35841e-21	8.35841e-21	8.35841e-21	8.35841e-21	8.35841e-21	8.35841e-21	8.35841e-21	8.35841e-21	8.35841e-21	8.35841e-21	8.35841e-21	8.35841e-21	8.35841e-21	8.35841e-21	8.35841e-21	8.35841e-21	8.35841e-21	8.35841e-21	8.35841e-21	8.35841e-21	8.35841e-21	8.35841e-21	8.35841e-21	8.35841e-21	8.35841e-21	8.35841e-21	8.35841e-21	8.35841e-21	8.35841e-21	8.35841e-21	8.35841e-21	8.35841e-21	8.35841e-21	8.35841e-21	8.35841e-21	8.35841e-21	8.35841e-21	8.35841e-21	8.35841e-21	8.35841e-21	8.35841e-21	8.35841e-21	8.35841e-21	8.35841e-21	8.35841e-21	8.35841e-21	8.35841e-21	8.35841e-21	8.35841e-21	8.35841e-21	8.35841e-21	8.35841e-21	8.35841e-21	8.35841e-21	8.35841e-21	8.35841e-21	8.35841e-21	8.35841e-21	8.35841e-21	8.35841e-21	8.35841e-21	8.35841e-21	8.35841e-21	8.35841e-21	8.35841e-21	8.35841e-21	8.35841e-21	8.35841e-21	8.35841e-21
18.76	8.75533e-25	3.59877e-24	7.76459e-24	1.41372e-23	2.38856e-23	3.87981e-23	6.16103e-23	9.65070e-23	1.49890e-22	2.31552e-22	3.56473e-22	5.47571e-22	8.39901e-22	1.28709e-21	1.97118e-21	3.01767e-21	4.61854e-21	7.06747e-21	9.04169e-21	9.04169e-21	9.04169e-21	9.04169e-21	9.04169e-21	9.04169e-21	9.04169e-21	9.04169e-21	9.04169e-21	9.04169e-21	9.04169e-21	9.04169e-21	9.04169e-21	9.04169e-21	9.04169e-21	9.04169e-21	9.04169e-21	9.04169e-21	9.04169e-21	9.04169e-21	9.04169e-21	9.04169e-21	9.04169e-21	9.04169e-21	9.04169e-21	9.04169e-21	9.04169e-21	9.04169e-21	9.04169e-21	9.04169e-21	9.04169e-21	9.04169e-21	9.04169e-21	9.04169e-21	9.04169e-21	9.04169e-21	9.04169e-21	9.04169e-21	9.04169e-21	9.04169e-21	9.04169e-21	9.04169e-21	9.04169e-21	9.04169e-21	9.04169e-21	9.04169e-21	9.04169e-21	9.04169e-21	9.04169e-21	9.04169e-21	9.04169e-21	9.04169e-21	9.04169e-21	9.04169e-21	9.04169e-21	9.04169e-21	9.04169e-21	9.04169e-21	9.04169e-21	9.04169e-21	9.04169e-21	9.04169e-21	9.04169e-21	9.04169e-21	9.04169e-21	9.04169e-21	9.04169e-21	9.04169e-21	9.04169e-21	9.04169e-21	9.04169e-21	9.04169e-21	9.04169e-21	9.04169e-21	9.04169e-21	9.04169e-21	9.04169e-21	9.04169e-21	9.04169e-21	9.04169e-21	9.04169e-21	9.04169e-21	9.04169e-21	9.04169e-21	9.04169e-21	9.04169e-21	9.04169e-21	9.04169e-21	9.04169e-21	9.04169e-21	9.04169e-21	9.04169e-21	9.04169e-21	9.04169e-21	9.04169e-21	9.04169e-21	9.04169e-21	9.04169e-21	9.04169e-21	9.04169e-21	9.04169e-21	9.04169e-21	9.04169e-21	9.04169e-21	9.04169e-21	9.04169e-21	9.04169e-21	9.04169e-21	9.04169e-21	9.04169e-21	9.04169e-21	9.04169e-21	9.04169e-21	9.04169e-21	9.04169e-21	9.04169e-21	9.04169e-21	9.04169e-21	9.04169e-21	9.04169e-21	9.04169e-21	9.04169e-21	9.04169e-21	9.04169e-21	9.04169e-21	9.04169e-21	9.04169e-21	9.04169e-21	9.04169e-21	9.04169e-21	9.04169e-21	9.04169e-21	9.04169e-21	9.04169e-21	9.04169e-21	9.04169e-21	9.04169e-21	9.04169e-21	9.04169e-21	9.04169e-21	9.04169e-21	9.04169e-21	9.04169e-21	9.04169e-21	9.04169e-21	9.04169e-21	9.04169e-21	9.04169e-21	9.04169e-21	9.04169e-21	9.04169e-21	9.04169e-21	9.04169e-21	9.04169e-21	9.04169e-21	9.04169e-21	9.04169e-21	9.04169e-21	9.04169e-21	9.04169e-21	9.04169e-21	9.04169e-21	9.04169e-21	9.04169e-21	9.04169e-21	9.04169e-21	9.04169e-21
18.79	7.48404e-25	3.07622e-24	6.63716e-24	1.20845e-23	2.04174e-23	3.31646e-23	5.26644e-23	8.24940e-23	1.28126e-22	1.97930e-22	3.04713e-22	4.68063e-22	7.17946e-22	1.10020e-21	1.68496e-21	2.57950e-21	3.94792e-21	6.04126e-21	9.24358e-21	9.78057e-21	9.78057e-21	9.78057e-21	9.78057e-21	9.78057e-21	9.78057e-21	9.78057e-21	9.78057e-21	9.78057e-21	9.78057e-21	9.78057e-21	9.78057e-21	9.78057e-21	9.78057e-21	9.78057e-21	9.78057e-21	9.78057e-21	9.78057e-21	9.78057e-21	9.78057e-21	9.78057e-21	9.78057e-21	9.78057e-21	9.78057e-21	9.78057e-21	9.78057e-21	9.78057e-21	9.78057e-21	9.78057e-21	9.78057e-21	9.78057e-21	9.78057e-21	9.78057e-21	9.78057e-21	9.78057e-21	9.78057e-21	9.78057e-21	9.78057e-21	9.78057e-21	9.78057e-21	9.78057e-21	9.78057e-21	9.78057e-21	9.78057e-21	9.78057e-21	9.78057e-21	9.78057e-21	9.78057e-21	9.78057e-21	9.78057e-21	9.78057e-21	9.78057e-21	9.78057e-21	9.78057e-21	9.78057e-21	9.78057e-21	9.78057e-21	9.78057e-21	9.78057e-21	9.78057e-21	9.78057e-21	9.78057e-21	9.78057e-21	9.78057e-21	9.78057e-21	9.78057e-21	9.78057e-21	9.78057e-21	9.78057e-21	9.78057e-21	9.78057e-21	9.78057e-21	9.78057e-21	9.78057e-21	9.78057e-21	9.78057e-21	9.78057e-21	9.78057e-21	9.78057e-21	9.78057e-21	9.78057e-21	9.78057e-21	9.78057e-21	9.78057e-21	9.78057e-21	9.78057e-21	9.78057e-21	9.78057e-21	9.78057e-21	9.78057e-21	9.78057e-21	9.78057e-21	9.78057e-21	9.78057e-21	9.78057e-21	9.78057e-21	9.78057e-21	9.78057e-21	9.78057e-21	9.78057e-21	9.78057e-21	9.78057e-21	9.78057e-21	9.78057e-21	9.78057e-21	9.78057e-21	9.78057e-21	9.78057e-21	9.78057e-21	9.78057e-21	9.78057e-21	9.78057e-21	9.78057e-21	9.78057e-21	9.78057e-21	9.78057e-21	9.78057e-21	9.78057e-21	9.78057e-21	9.78057e-21	9.78057e-21	9.78057e-21	9.78057e-21	9.78057e-21	9.78057e-21	9.78057e-21	9.78057e-21	9.78057e-21	9.78057e-21	9.78057e-21	9.78057e-21	9.78057e-21	9.78057e-21	9.78057e-21	9.78057e-21	9.78057e-21	9.78057e-21	9.78057e-21	9.78057e-21	9.78057e-21	9.78057e-21	9.78057e-21	9.78057e-21	9.78057e-21	9.78057e-21	9.78057e-21	9.78057e-21	9.78057e-21	9.78057e-21	9.78057e-21	9.78057e-21	9.78057e-21	9.78057e-21	9.78057e-21	9.78057e-21	9.78057e-21	9.78057e-21	9.78057e-21	9.78057e-21	9.78057e-21	9.78057e-21	9.78057e-21	9.78057e-21	9.78057e-21	9.78057e-21	9.78057e-21
18.82	6.39735e-25	2.62955e-24	5.67343e-24	1.03298e-23	1.74527e-23	2.83490e-23	4.50174e-23	7.05158e-23	1.09522e-22	1.69190e-22	2.60468e-22	4.00099e-22	6.13699e-22	9.40453e-22	1.44030e-21	2.20495e-21	3.37467e-21	5.16406e-21	7.90140e-21	1.05796e-20	1.05796e-20	1.05796e-20	1.05796e-20	1.05796e-20	1.05796e-20	1.05796e-20	1.05796e-20	1.05796e-20	1.05796e-20	1.05796e-20	1.05796e-20	1.05796e-20	1.05796e-20	1.05796e-20	1.05796e-20	1.05796e-20	1.05796e-20	1.05796e-20	1.05796e-20	1.05796e-20	1.05796e-20	1.05796e-20	1.05796e-20	1.05796e-20	1.05796e-20	1.05796e-20	1.05796e-20	1.05796e-20	1.05796e-20	1.05796e-20	1.05796e-20	1.05796e-20	1.05796e-20	1.05796e-20	1.05796e-20	1.05796e-20	1.05796e-20	1.05796e-20	1.05796e-20	1.05796e-20	1.05796e-20	1.05796e-20	1.05796e-20	1.05796e-20	1.05796e-20	1.05796e-20	1.05796e-20	1.05796e-20	1.05796e-20	1.05796e-20	1.05796e-20	1.05796e-20	1.05796e-20	1.05796e-20	1.05796e-20	1.05796e-20	1.05796e-20	1.05796e-20	1.05796e-20	1.05796e-20	1.05796e-20	1.05796e-20	1.05796e-20	1.05796e-20	1.05796e-20	1.05796e-20	1.05796e-20	1.05796e-20	1.05796e-20	1.05796e-20	1.05796e-20	1.05796e-20	1.05796e-20	1.05796e-20	1.05796e-20	1.05796e-20	1.05796e-20	1.05796e-20	1.05796e-20	1.05796e-20	1.05796e-20	1.05796e-20	1.05796e-20	1.05796e-20	1.05796e-20	1.05796e-20	1.05796e-20	1.05796e-20	1.05796e-20	1.05796e-20	1.05796e-20	1.05796e-20	1.05796e-20	1.05796e-20	1.05796e-20	1.05796e-20	1.05796e-20	1.05796e-20	1.05796e-20	1.05796e-20	1.05796e-20	1.05796e-20	1.05796e-20	1.05796e-20	1.05796e-20	1.05796e-20	1.05796e-20	1.05796e-20	1.05796e-20	1.05796e-20	1.05796e-20	1.05796e-20	1.05796e-20	1.05796e-20	1.05796e-20	1.05796e-20	1.05796e-20	1.05796e-20	1.05796e-20	1.05796e-20	1.05796e-20	1.05796e-20	1.05796e-20	1.05796e-20	1.05796e-20	1.05796e-20	1.05796e-20	1.05796e-20	1.05796e-20	1.05796e-20	1.05796e-20	1.05796e-20	1.05796e-20	1.05796e-20	1.05796e-20	1.05796e-20	1.05796e-20	1.05796e-20	1.05796e-20	1.05796e-20	1.05796e-20	1.05796e-20	1.05796e-20	1.05796e-20	1.05796e-20	1.05796e-20	1.05796e-20	1.05796e-20	1.05796e-20	1.05796e-20	1.05796e-20	1.05796e-20	1.05796e-20	1.05796e-20	1.05796e-20	1.05796e-20	1.05796e-20	1.05796e-20	1.05796e-20	1.05796e-20	1.05796e-20	1.05796e-20	1.05796e-20	1.05796e-20	1.05796e-20
18.86	5.46844e-25	2.24773e-24	4.84964e-24	8.82988e-24	1.49186e-23	2.42327e-23	3.84808e-23	6.02768e-23	9.36189e-23	1.44624e-22	2.22648e-22	3.42004e-22	5.24589e-22	8.03898e-22	1.23117e-21	1.88479e-21	2.88467e-21	4.41423e-21	6.75410e-21	1.03336e-20	1.14438e-20	1.14438e-20	1.14438e-20	1.14438e-20	1.14438e-20	1.14438e-20	1.14438e-20	1.14438e-20	1.14438e-20	1.14438e-20	1.14438e-20	1.14438e-20	1.14438e-20	1.14438e-20	1.14438e-20	1.14438e-20	1.14438e-20	1.14438e-20	1.14438e-20	1.14438e-20	1.14438e-20	1.14438e-20	1.14438e-20	1.14438e-20	1.14438e-20	1.14438e-20	1.14438e-20	1.14438e-20	1.14438e-20	1.14438e-20	1.14438e-20	1.14438e-20	1.14438e-20	1.14438e-20	1.14438e-20	1.14438e-20	1.14438e-20	1.14438e-20	1.14438e-20	1.14438e-20	1.14438e-20	1.14438e-20	1.14438e-20	1.14438e-20	1.14438e-20	1.14438e-20	1.14438e-20	1.14438e-20	1.14438e-20	1.14438e-20	1.14438e-20	1.14438e-20	1.14438e-20	1.14438e-20	1.14438e-20	1.14438e-20	1.14438e-20	1.14438e-20	1.14438e-20	1.14438e-20	1.14438e-20	1.14438e-20	1.14438e-20	1.14438e-20	1.14438e-20	1.14438e-20	1.14438e-20	1.14438e-20	1.14438e-20	1.14438e-20	1.14438e-20	1.14438e-20	1.14438e-20	1.14438e-20	1.14438e-20	1.14438e-20	1.14438e-20	1.14438e-20	1.14438e-20	1.14438e-20	1.14438e-20	1.14438e-20	1.14438e-20	1.14438e-20	1.14438e-20	1.14438e-20	1.14438e-20	1.14438e-20	1.14438e-20	1.14438e-20	1.14438e-20	1.14438e-20	1.14438e-20	1.14438e-20	1.14438e-20	1.14438e-20	1.14438e-20	1.14438e-20	1.14438e-20	1.14438e-20	1.14438e-20	1.14438e-20	1.14438e-20	1.14438e-20	1.14438e-20	1.14438e-20	1.14438e-20	1.14438e-20	1.14438e-20	1.14438e-20	1.14438e-20	1.14438e-20	1.14438e-20	1.14438e-20	1.14438e-20	1.14438e-20	1.14438e-20	1.14438e-20	1.14438e-20	1.14438e-20	1.14438e-20	1.14438e-20	1.14438e-20	1.14438e-20	1.14438e-20	1.14438e-20	1.14438e-20	1.14438e-20	1.14438e-20	1.14438e-20	1.14438e-20	1.14438e-20	1.14438e-20	1.14438e-20	1.14438e-20	1.14438e-20	1.14438e-20	1.14438e-20	1.14438e-20	1.14438e-20	1.14438e-20	1.14438e-20	1.14438e-20	1.14438e-20	1.14438e-20	1.14438e-20	1.14438e-20	1.14438e-20	1.14438e-20	1.14438e-20	1.14438e-20	1.14438e-20	1.14438e-20	1.14438e-20	1.14438e-20	1.14438e-20	1.14438e-20	1.14438e-20	1.14438e-20	1.14438e-20	1.14438e-20	1.14438e-20	1.14438e-20	1.14438e-20	1.14438e-20
18.89	4.67442e-25	1.92136e-24	4.14547e-24	7.54776e-24	1.27524e-23	2.07141e-23	3.28934e-23	5.15245e-23	8.00253e-23	1.23624e-22	1.90319e-22	2.92345e-22	4.48418e-22	6.87171e-22	1.05240e-21	1.61112e-21	2.46581e-21	3.77328e-21	5.77340e-21	8.83310e-21	1.23783e-20	1.23784e-20	1.23784e-20	1.23784e-20	1.23784e-20	1.23784e-20	1.23784e-20	1.23784e-20	1.23784e-20	1.23784e-20	1.23784e-20	1.23784e-20	1.23784e-20	1.23784e-20	1.23784e-20	1.23784e-20	1.23784e-20	1.23784e-20	1.23784e-20	1.23784e-20	1.23784e-20	1.23784e-20	1.23784e-20	1.23784e-20	1.23784e-20	1.23784e-20	1.23784e-20	1.23784e-20	1.23784e-20	1.23784e-20	1.23784e-20	1.23784e-20	1.23784e-20	1.23784e-20	1.23784e-20	1.23784e-20	1.23784e-20	1.23784e-20	1.23784e-20	1.23784e-20	1.23784e-20	1.23784e-20	1.23784e-20	1.23784e-20	1.23784e-20	1.23784e-20	1.23784e-20	1.23784e-20	1.23784e-20	1.23784e-20	1.23784e-20	1.23784e-20	1.23784e-20	1.23784e-20	1.23784e-20	1.23784e-20	1.23784e-20	1.23784e-20	1.23784e-20	1.23784e-20	1.23784e-20	1.23784e-20	1.23784e-20	1.23784e-20	1.23784e-20	1.23784e-20	1.23784e-20	1.23784e-20	1.23784e-20	1.23784e-20	1.23784e-20	1.23784e-20	1.23784e-20	1.23784e-20	1.23784e-20	1.23784e-20	1.23784e-20	1.23784e-20	1.23784e-20	1.23784e-20	1.23784e-20	1.23784e-20	1.23784e-20	1.23784e-20	1.23784e-20	1.23784e-20	1.23784e-20	1.23784e-20	1.23784e-20	1.23784e-20	1.23784e-20	1.23784e-20	1.23784e-20	1.23784e-20	1.23784e-20	1.23784e-20	1.23784e-20	1.23784e-20	1.23784e-20	1.23784e-20	1.23784e-20	1.23784e-20	1.23784e-20	1.23784e-20	1.23784e-20	1.23784e-20	1.23784e-20	1.23784e-20	1.23784e-20	1.23784e-20	1.23784e-20	1.23784e-20	1.23784e-20	1.23784e-20	1.23784e-20	1.23784e-20	1.23784e-20	1.23784e-20	1.23784e-20	1.23784e-20	1.23784e-20	1.23784e-20	1.23784e-20	1.23784e-20	1.23784e-20	1.23784e-20	1.23784e-20	1.23784e-20	1.23784e-20	1.23784e-20	1.23784e-20	1.23784e-20	1.23784e-20	1.23784e-20	1.23784e-20	1.23784e-20	1.23784e-20	1.23784e-20	1.23784e-20	1.23784e-20	1.23784e-20	1.23784e-20	1.23784e-20	1.23784e-20	1.23784e-20	1.23784e-20	1.23784e-20	1.23784e-20	1.23784e-20	1.23784e-20	1.23784e-20	1.23784e-20	1.23784e-20	1.23784e-20	1.23784e-20	1.23784e-20	1.23784e-20	1.23784e-20	1.23784e-20	1.23784e-20	1.23784e-20	1.23784e-20	1.23784e-20	1.23784e-20	1.23784e-20
18.93	3.99568e-25	1.64237e-24	3.54354e-24	6.45182e-24	1.09007e-23	1.77064e-23	2.81172e-23	4.40431e-23	6.84055e-23	1.05674e-22	1.62684e-22	2.49896e-22	3.83307e-22	5.87393e-22	8.99592e-22	1.37718e-21	2.10777e-21	3.22539e-21	4.93509e-21	7.55052e-21	1.15515e-20	1.33892e-20	1.33892e-20	1.33892e-20	1.33892e-20	1.33892e-20	1.33892e-20	1.33892e-20	1.33892e-20	1.33892e-20	1.33892e-20	1.33892e-20	1.33892e-20	1.33892e-20	1.33892e-20	1.33892e-20	1.33892e-20	1.33892e-20	1.33892e-20	1.33892e-20	1.33892e-20	1.33892e-20	1.33892e-20	1.33892e-20	1.33892e-20	1.33892e-20	1.33892e-20	1.33892e-20	1.33892e-20	1.33892e-20	1.33892e-20	1.33892e-20	1.33892e-20	1.33892e-20	1.33892e-20	1.33892e-20	1.33892e-20	1.33892e-20	1.33892e-20	1.33892e-20	1.33892e-20	1.33892e-20	1.33892e-20	1.33892e-20	1.33892e-20	1.33892e-20	1.33892e-20	1.33892e-20	1.33892e-20	1.33892e-20	1.33892e-20	1.33892e-20	1.33892e-20	1.33892e-20	1.33892e-20	1.33892e-20	1.33892e-20	1.33892e-20	1.33892e-20	1.33892e-20	1.33892e-20	1.33892e-20	1.33892e-20	1.33892e-20	1.33892e-20	1.33892e-20	1.33892e-20	1.33892e-20	1.33892e-20	1.33892e-20	1.33892e-20	1.33892e-20	1.33892e-20	1.33892e-20	1.33892e-20	1.33892e-20	1.33892e-20	1.33892e-20	1.33892e-20	1.33892e-20	1.33892e-20	1.33892e-20	1.33892e-20	1.33892e-20	1.33892e-20	1.33892e-20	1.33892e-20	1.33892e-20	1.33892e-20	1.33892e-20	1.33892e-20	1.33892e-20	1.33892e-20	1.33892e-20	1.33892e-20	1.33892e-20	1.33892e-20	1.33892e-20	1.33892e-20	1.33892e-20	1.33892e-20	1.33892e-20	1.33892e-20	1.33892e-20	1.33892e-20	1.33892e-20	1.33892e-20	1.33892e-20	1.33892e-20	1.33892e-20	1.33892e-20	1.33892e-20	1.33892e-20	1.33892e-20	1.33892e-20	1.33892e-20	1.33892e-20	1.33892e-20	1.33892e-20	1.33892e-20	1.33892e-20	1.33892e-20	1.33892e-20	1.33892e-20	1.33892e-20	1.33892e-20	1.33892e-20	1.33892e-20	1.33892e-20	1.33892e-20	1.33892e-20	1.33892e-20	1.33892e-20	1.33892e-20	1.33892e-20	1.33892e-20	1.33892e-20	1.33892e-20	1.33892e-20	1.33892e-20	1.33892e-20	1.33892e-20	1.33892e-20	1.33892e-20	1.33892e-20	1.33892e-20	1.33892e-20	1.33892e-20	1.33892e-20	1.33892e-20	1.33892e-20	1.33892e-20	1.33892e-20	1.33892e-20	1.33892e-20	1.33892e-20	1.33892e-20	1.33892e-20	1.33892e-20	1.33892e-20	1.33892e-20	1.33892e-20	1.33892e-20	1.33892e-20	1.33892e-20
18.96	3.41550e-25	1.40390e-24	3.02901e-24	5.51500e-24	9.31791e-24	1.51354e-23	2.40345e-23	3.76479e-23	5.84729e-23	9.03296e-23	1.39062e-22	2.13611e-22	3.27650e-22	5.02102e-22	7.68970e-22	1.17721e-21	1.80172e-21	2.75706e-21	4.21851e-21	6.45418e-21	9.87423e-21	1.44798e-20	1.44824e-20	1.44824e-20	1.44824e-20	1.44824e-20	1.44824e-20	1.44824e-20	1.44824e-20	1.44824e-20	1.44824e-20	1.44824e-20	1.44824e-20	1.44824e-20	1.44824e-20	1.44824e-20	1.44824e-20	1.44824e-20	1.44824e-20	1.44824e-20	1.44824e-20	1.44824e-20	1.44824e-20	1.44824e-20	1.44824e-20	1.44824e-20	1.44824e-20	1.44824e-20	1.44824e-20	1.44824e-20	1.44824e-20	1.44824e-20	1.44824e-20	1.44824e-20	1.44824e-20	1.44824e-20	1.44824e-20	1.44824e-20	1.44824e-20	1.44824e-20	1.44824e-20	1.44824e-20	1.44824e-20	1.44824e-20	1.44824e-20	1.44824e-20	1.44824e-20	1.44824e-20	1.44824e-20	1.44824e-20	1.44824e-20	1.44824e-20	1.44824e-20	1.44824e-20	1.44824e-20	1.44824e-20	1.44824e-20	1.44824e-20	1.44824e-20	1.44824e-20	1.44824e-20	1.44824e-20	1.44824e-20	1.44824e-20	1.44824e-20	1.44824e-20	1.44824e-20	1.44824e-20	1.44824e-20	1.44824e-20	1.44824e-20	1.44824e-20	1.44824e-20	1.44824e-20	1.44824e-20	1.44824e-20	1.44824e-20	1.44824e-20	1.44824e-20	1.44824e-20	1.44824e-20	1.44824e-20	1.44824e-20	1.44824e-20	1.44824e-20	1.44824e-20	1.44824e-20	1.44824e-20	1.44824e-20	1.44824e-20	1.44824e-20	1.44824e-20	1.44824e-20	1.44824e-20	1.44824e-20	1.44824e-20	1.44824e-20	1.44824e-20	1.44824e-20	1.44824e-20	1.44824e-20	1.44824e-20	1.44824e-20	1.44824e-20	1.44824e-20	1.44824e-20	1.44824e-20	1.44824e-20	1.44824e-20	1.44824e-20	1.44824e-20	1.44824e-20	1.44824e-20	1.44824e-20	1.44824e-20	1.44824e-20	1.44824e-20	1.44824e-20	1.44824e-20	1.44824e-20	1.44824e-20	1.44824e-20	1.44824e-20	1.44824e-20	1.44824e-20	1.44824e-20	1.44824e-20	1.44824e-20	1.44824e-20	1.44824e-20	1.44824e-20	1.44824e-20	1.44824e-20	1.44824e-20	1.44824e-20	1.44824e-20	1.44824e-20	1.44824e-20	1.44824e-20	1.44824e-20	1.44824e-20	1.44824e-20	1.44824e-20	1.44824e-20	1.44824e-20	1.44824e-20	1.44824e-20	1.44824e-20	1.44824e-20	1.44824e-20	1.44824e-20	1.44824e-20	1.44824e-20	1.44824e-20	1.44824e-20	1.44824e-20	1.44824e-20	1.44824e-20	1.44824e-20	1.44824e-20	1.44824e-20	1.44824e-20	1.44824e-20	1.44824e-20	1.44824e-20
18.99	2.91957e-25	1.20005e-24	2.58919e-24	4.71422e-24	7.96494e-24	1.29377e-23	2.05447e-23	3.21814e-23	4.99825e-23	7.72136e-23	1.18870e-22	1.82594e-22	2.80075e-22	4.29196e-22	6.57314e-22	1.00628e-21	1.54011e-21	2.35673e-21	3.60597e-21	5.51702e-21	8.44048e-21	1.29127e-20	1.56648e-20	1.56648e-20	1.56648e-20	1.56648e-20	1.56648e-20	1.56648e-20	1.56648e-20	1.56648e-20	1.56648e-20	1.56648e-20	1.56648e-20	1.56648e-20	1.56648e-20	1.56648e-20	1.56648e-20	1.56648e-20	1.56648e-20	1.56648e-20	1.56648e-20	1.56648e-20	1.56648e-20	1.56648e-20	1.56648e-20	1.56648e-20	1.56648e-20	1.56648e-20	1.56648e-20	1.56648e-20	1.56648e-20	1.56648e-20	1.56648e-20	1.56648e-20	1.56648e-20	1.56648e-20	1.56648e-20	1.56648e-20	1.56648e-20	1.56648e-20	1.56648e-20	1.56648e-20	1.56648e-20	1.56648e-20	1.56648e-20	1.56648e-20	1.56648e-20	1.56648e-20	1.56648e-20	1.56648e-20	1.56648e-20	1.56648e-20	1.56648e-20	1.56648e-20	1.56648e-20	1.56648e-20	1.56648e-20	1.56648e-20	1.56648e-20	1.56648e-20	1.56648e-20	1.56648e-20	1.56648e-20	1.56648e-20	1.56648e-20	1.56648e-20	1.56648e-20	1.56648e-20	1.56648e-20	1.56648e-20	1.56648e-20	1.56648e-20	1.56648e-20	1.56648e-20	1.56648e-20	1.56648e-20	1.56648e-20	1.56648e-20	1.56648e-20	1.56648e-20	1.56648e-20	1.56648e-20	1.56648e-20	1.56648e-20	1.56648e-20	1.56648e-20	1.56648e-20	1.56648e-20	1.56648e-20	1.56648e-20	1.56648e-20	1.56648e-20	1.56648e-20	1.56648e-20	1.56648e-20	1.56648e-20	1.56648e-20	1.56648e-20	1.56648e-20	1.56648e-20	1.56648e-20	1.56648e-20	1.56648e-20	1.56648e-20	1.56648e-20	1.56648e-20	1.56648e-20	1.56648e-20	1.56648e-20	1.56648e-20	1.56648e-20	1.56648e-20	1.56648e-20	1.56648e-20	1.56648e-20	1.56648e-20	1.56648e-20	1.56648e-20	1.56648e-20	1.56648e-20	1.56648e-20	1.56648e-20	1.56648e-20	1.56648e-20	1.56648e-20	1.56648e-20	1.56648e-20	1.56648e-20	1.56648e-20	1.56648e-20	1.56648e-20	1.56648e-20	1.56648e-20	1.56648e-20	1.56648e-20	1.56648e-20	1.56648e-20	1.56648e-20	1.56648e-20	1.56648e-20	1.56648e-20	1.56648e-20	1.56648e-20	1.56648e-20	1.56648e-20	1.56648e-20	1.56648e-20	1.56648e-20	1.56648e-20	1.56648e-20	1.56648e-20	1.56648e-20	1.56648e-20	1.56648e-20	1.56648e-20	1.56648e-20	1.56648e-20	1.56648e-20	1.56648e-20	1.56648e-20	1.56648e-20	1.56648e-20	1.56648e-20	1.56648e-20	1.56648e-20
19.03	2.49564e-25	1.02580e-24	2.21324e-24	4.02970e-24	6.80842e-24	1.10591e-23	1.75616e-23	2.75086e-23	4.27250e-23	6.60021e-23	1.01610e-22	1.56081e-22	2.39408e-22	3.66876e-22	5.61871e-22	8.60164e-22	1.31648e-21	2.01453e-21	3.08238e-21	4.71594e-21	7.21491e-21	1.10378e-20	1.68217e-20	1.69437e-20	1.69437e-20	1.69437e-20	1.69437e-20	1.69437e-20	1.69437e-20	1.69437e-20	1.69437e-20	1.69437e-20	1.69437e-20	1.69437e-20	1.69437e-20	1.69437e-20	1.69437e-20	1.69437e-20	1.69437e-20	1.69437e-20	1.69437e-20	1.69437e-20	1.69437e-20	1.69437e-20	1.69437e-20	1.69437e-20	1.69437e-20	1.69437e-20	1.69437e-20	1.69437e-20	1.69437e-20	1.69437e-20	1.69437e-20	1.69437e-20	1.69437e-20	1.69437e-20	1.69437e-20	1.69437e-20	1.69437e-20	1.69437e-20	1.69437e-20	1.69437e-20	1.69437e-20	1.69437e-20	1.69437e-20	1.69437e-20	1.69437e-20	1.69437e-20	1.69437e-20	1.69437e-20	1.69437e-20	1.69437e-20	1.69437e-20	1.69437e-20	1.69437e-20	1.69437e-20	1.69437e-20	1.69437e-20	1.69437e-20	1.69437e-20	1.69437e-20	1.69437e-20	1.69437e-20	1.69437e-20	1.69437e-20	1.69437e-20	1.69437e-20	1.69437e-20	1.69437e-20	1.69437e-20	1.69437e-20	1.69437e-20	1.69437e-20	1.69437e-20	1.69437e-20	1.69437e-20	1.69437e-20	1.69437e-20	1.69437e-20	1.69437e-20	1.69437e-20	1.69437e-20	1.69437e-20	1.69437e-20	1.69437e-20	1.69437e-20	1.69437e-20	1.69437e-20	1.69437e-20	1.69437e-20	1.69437e-20	1.69437e-20	1.69437e-20	1.69437e-20	1.69437e-20	1.69437e-20	1.69437e-20	1.69437e-20	1.69437e-20	1.69437e-20	1.69437e-20	1.69437e-20	1.69437e-20	1.69437e-20	1.69437e-20	1.69437e-20	1.69437e-20	1.69437e-20	1.69437e-20	1.69437e-20	1.69437e-20	1.69437e-20	1.69437e-20	1.69437e-20	1.69437e-20	1.69437e-20	1.69437e-20	1.69437e-20	1.69437e-20	1.69437e-20	1.69437e-20	1.69437e-20	1.69437e-20	1.69437e-20	1.69437e-20	1.69437e-20	1.69437e-20	1.69437e-20	1.69437e-20	1.69437e-20	1.69437e-20	1.69437e-20	1.69437e-20	1.69437e-20	1.69437e-20	1.69437e-20	1.69437e-20	1.69437e-20	1.69437e-20	1.69437e-20	1.69437e-20	1.69437e-20	1.69437e-20	1.69437e-20	1.69437e-20	1.69437e-20	1.69437e-20	1.69437e-20	1.69437e-20	1.69437e-20	1.69437e-20	1.69437e-20	1.69437e-20	1.69437e-20	1.69437e-20	1.69437e-20	1.69437e-20	1.69437e-20	1.69437e-20	1.69437e-20	1.69437e-20	1.69437e-20	1.69437e-20	1.69437e-20	1.69437e-20
19.06	2.13327e-25	8.76854e-25	1.89187e-24	3.44459e-24	5.81982e-24	9.45331e-24	1.50116e-23	2.35143e-23	3.65213e-23	5.64185e-23	8.68561e-23	1.33418e-22	2.04645e-22	3.13605e-22	4.80287e-22	7.35267e-22	1.12532e-21	1.72202e-21	2.63481e-21	4.03118e-21	6.16729e-21	9.43506e-21	1.44340e-20	1.83269e-20	1.83269e-20	1.83269e-20	1.83269e-20	1.83269e-20	1.83269e-20	1.83269e-20	1.83269e-20	1.83269e-20	1.83269e-20	1.83269e-20	1.83269e-20	1.83269e-20	1.83269e-20	1.83269e-20	1.83269e-20	1.83269e-20	1.83269e-20	1.83269e-20	1.83269e-20	1.83269e-20	1.83269e-20	1.83269e-20	1.83269e-20	1.83269e-20	1.83269e-20	1.83269e-20	1.83269e-20	1.83269e-20	1.83269e-20	1.83269e-20	1.83269e-20	1.83269e-20	1.83269e-20	1.83269e-20	1.83269e-20	1.83269e-20	1.83269e-20	1.83269e-20	1.83269e-20	1.83269e-20	1.83269e-20	1.83269e-20	1.83269e-20	1.83269e-20	1.83269e-20	1.83269e-20	1.83269e-20	1.83269e-20	1.83269e-20	1.83269e-20	1.83269e-20	1.83269e-20	1.83269e-20	1.83269e-20	1.83269e-20	1.83269e-20	1.83269e-20	1.83269e-20	1.83269e-20	1.83269e-20	1.83269e-20	1.83269e-20	1.83269e-20	1.83269e-20	1.83269e-20	1.83269e-20	1.83269e-20	1.83269e-20	1.83269e-20	1.83269e-20	1.83269e-20	1.83269e-20	1.83269e-20	1.83269e-20	1.83269e-20	1.83269e-20	1.83269e-20	1.83269e-20	1.83269e-20	1.83269e-20	1.83269e-20	1.83269e-20	1.83269e-20	1.83269e-20	1.83269e-20	1.83269e-20	1.83269e-20	1.83269e-20	1.83269e-20	1.83269e-20	1.83269e-20	1.83269e-20	1.83269e-20	1.83269e-20	1.83269e-20	1.83269e-20	1.83269e-20	1.83269e-20	1.83269e-20	1.83269e-20	1.83269e-20	1.83269e-20	1.83269e-20	1.83269e-20	1.83269e-20	1.83269e-20	1.83269e-20	1.83269e-20	1.83269e-20	1.83269e-20	1.83269e-20	1.83269e-20	1.83269e-20	1.83269e-20	1.83269e-20	1.83269e-20	1.83269e-20	1.83269e-20	1.83269e-20	1.83269e-20	1.83269e-20	1.83269e-20	1.83269e-20	1.83269e-20	1.83269e-20	1.83269e-20	1.83269e-20	1.83269e-20	1.83269e-20	1.83269e-20	1.83269e-20	1.83269e-20	1.83269e-20	1.83269e-20	1.83269e-20	1.83269e-20	1.83269e-20	1.83269e-20	1.83269e-20	1.83269e-20	1.83269e-20	1.83269e-20	1.83269e-20	1.83269e-20	1.83269e-20	1.83269e-20	1.83269e-20	1.83269e-20	1.83269e-20	1.83269e-20	1.83269e-20	1.83269e-20	1.83269e-20	1.83269e-20	1.83269e-20	1.83269e-20	1.83269e-20	1.83269e-20	1.83269e-20	1.83269e-20	1.83269e-20
19.10	1.82352e-25	7.49533e-25	1.61717e-24	2.94443e-24	4.97478e-24	8.08068e-24	1.28319e-23	2.01000e-23	3.12183e-23	4.82264e-23	7.42445e-23	1.14045e-22	1.74930e-22	2.68069e-22	4.10548e-22	6.28505e-22	9.61926e-22	1.47198e-21	2.25224e-21	3.44584e-21	5.27179e-21	8.06508e-21	1.23382e-20	1.88752e-20	1.98230e-20	1.98230e-20	1.98230e-20	1.98230e-20	1.98230e-20	1.98230e-20	1.98230e-20	1.98230e-20	1.98230e-20	1.98230e-20	1.98230e-20	1.98230e-20	1.98230e-20	1.98230e-20	1.98230e-20	1.98230e-20	1.98230e-20	1.98230e-20	1.98230e-20	1.98230e-20	1.98230e-20	1.98230e-20	1.98230e-20	1.98230e-20	1.98230e-20	1.98230e-20	1.98230e-20	1.98230e-20	1.98230e-20	1.98230e-20	1.98230e-20	1.98230e-20	1.98230e-20	1.98230e-20	1.98230e-20	1.98230e-20	1.98230e-20	1.98230e-20	1.98230e-20	1.98230e-20	1.98230e-20	1.98230e-20	1.98230e-20	1.98230e-20	1.98230e-20	1.98230e-20	1.98230e-20	1.98230e-20	1.98230e-20	1.98230e-20	1.98230e-20	1.98230e-20	1.98230e-20	1.98230e-20	1.98230e-20	1.98230e-20	1.98230e-20	1.98230e-20	1.98230e-20	1.98230e-20	1.98230e-20	1.98230e-20	1.98230e-20	1.98230e-20	1.98230e-20	1.98230e-20	1.98230e-20	1.98230e-20	1.98230e-20	1.98230e-20	1.98230e-20	1.98230e-20	1.98230e-20	1.98230e-20	1.98230e-20	1.98230e-20	1.98230e-20	1.98230e-20	1.98230e-20	1.98230e-20	1.98230e-20	1.98230e-20	1.98230e-20	1.98230e-20	1.98230e-20	1.98230e-20	1.98230e-20	1.98230e-20	1.98230e-20	1.98230e-20	1.98230e-20	1.98230e-20	1.98230e-20	1.98230e-20	1.98230e-20	1.98230e-20	1.98230e-20	1.98230e-20	1.98230e-20	1.98230e-20	1.98230e-20	1.98230e-20	1.98230e-20	1.98230e-20	1.98230e-20	1.98230e-20	1.98230e-20	1.98230e-20	1.98230e-20	1.98230e-20	1.98230e-20	1.98230e-20	1.98230e-20	1.98230e-20	1.98230e-20	1.98230e-20	1.98230e-20	1.98230e-20	1.98230e-20	1.98230e-20	1.98230e-20	1.98230e-20	1.98230e-20	1.98230e-20	1.98230e-20	1.98230e-20	1.98230e-20	1.98230e-20	1.98230e-20	1.98230e-20	1.98230e-20	1.98230e-20	1.98230e-20	1.98230e-20	1.98230e-20	1.98230e-20	1.98230e-20	1.98230e-20	1.98230e-20	1.98230e-20	1.98230e-20	1.98230e-20	1.98230e-20	1.98230e-20	1.98230e-20	1.98230e-20	1.98230e-20	1.98230e-20	1.98230e-20	1.98230e-20	1.98230e-20	1.98230e-20	1.98230e-20	1.98230e-20	1.98230e-20	1.98230e-20	1.98230e-20	1.98230e-20	1.98230e-20	1.98230e-20	1.98230e-20
19.13	1.55874e-25	6.40700e-25	1.38235e-24	2.51689e-24	4.25243e-24	6.90735e-24	1.09687e-23	1.71815e-23	2.66854e-23	4.12239e-23	6.34641e-23	9.74858e-23	1.49530e-22	2.29145e-22	3.50936e-22	5.37245e-22	8.22253e-22	1.25824e-21	1.92521e-21	2.94550e-21	4.50632e-21	6.89402e-21	1.05467e-20	1.61345e-20	2.14412e-20	2.14412e-20	2.14412e-20	2.14412e-20	2.14412e-20	2.14412e-20	2.14412e-20	2.14412e-20	2.14412e-20	2.14412e-20	2.14412e-20	2.14412e-20	2.14412e-20	2.14412e-20	2.14412e-20	2.14412e-20	2.14412e-20	2.14412e-20	2.14412e-20	2.14412e-20	2.14412e-20	2.14412e-20	2.14412e-20	2.14412e-20	2.14412e-20	2.14412e-20	2.14412e-20	2.14412e-20	2.14412e-20	2.14412e-20	2.14412e-20	2.14412e-20	2.14412e-20	2.14412e-20	2.14412e-20	2.14412e-20	2.14412e-20	2.14412e-20	2.14412e-20	2.14412e-20	2.14412e-20	2.14412e-20	2.14412e-20	2.14412e-20	2.14412e-20	2.14412e-20	2.14412e-20	2.14412e-20	2.14412e-20	2.14412e-20	2.14412e-20	2.14412e-20	2.14412e-20	2.14412e-20	2.14412e-20	2.14412e-20	2.14412e-20	2.14412e-20	2.14412e-20	2.14412e-20	2.14412e-20	2.14412e-20	2.14412e-20	2.14412e-20	2.14412e-20	2.14412e-20	2.14412e-20	2.14412e-20	2.14412e-20	2.14412e-20	2.14412e-20	2.14412e-20	2.14412e-20	2.14412e-20	2.14412e-20	2.14412e-20	2.14412e-20	2.14412e-20	2.14412e-20	2.14412e-20	2.14412e-20	2.14412e-20	2.14412e-20	2.14412e-20	2.14412e-20	2.14412e-20	2.14412e-20	2.14412e-20	2.14412e-20	2.14412e-20	2.14412e-20	2.14412e-20	2.14412e-20	2.14412e-20	2.14412e-20	2.14412e-20	2.14412e-20	2.14412e-20	2.14412e-20	2.14412e-20	2.14412e-20	2.14412e-20	2.14412e-20	2.14412e-20	2.14412e-20	2.14412e-20	2.14412e-20	2.14412e-20	2.14412e-20	2.14412e-20	2.14412e-20	2.14412e-20	2.14412e-20	2.14412e-20	2.14412e-20	2.14412e-20	2.14412e-20	2.14412e-20	2.14412e-20	2.14412e-20	2.14412e-20	2.14412e-20	2.14412e-20	2.14412e-20	2.14412e-20	2.14412e-20	2.14412e-20	2.14412e-20	2.14412e-20	2.14412e-20	2.14412e-20	2.14412e-20	2.14412e-20	2.14412e-20	2.14412e-20	2.14412e-20	2.14412e-20	2.14412e-20	2.14412e-20	2.14412e-20	2.14412e-20	2.14412e-20	2.14412e-20	2.14412e-20	2.14412e-20	2.14412e-20	2.14412e-20	2.14412e-20	2.14412e-20	2.14412e-20	2.14412e-20	2.14412e-20	2.14412e-20	2.14412e-20	2.14412e-20	2.14412e-20	2.14412e-20	2.14412e-20	2.14412e-20	2.14412e-20	2.14412e-20
19.16	1.33241e-25	5.47669e-25	1.18163e-24	2.15143e-24	3.63497e-24	5.90439e-24	9.37601e-24	1.46867e-23	2.28106e-23	3.52381e-23	5.42490e-23	8.33307e-23	1.27818e-22	1.95873e-22	2.99979e-22	4.59236e-22	7.02860e-22	1.07555e-21	1.64566e-21	2.51781e-21	3.85199e-21	5.89299e-21	9.01528e-21	1.37917e-20	2.10987e-20	2.31916e-20	2.31916e-20	2.31916e-20	2.31916e-20	2.31916e-20	2.31916e-20	2.31916e-20	2.31916e-20	2.31916e-20	2.31916e-20	2.31916e-20	2.31916e-20	2.31916e-20	2.31916e-20	2.31916e-20	2.31916e-20	2.31916e-20	2.31916e-20	2.31916e-20	2.31916e-20	2.31916e-20	2.31916e-20	2.31916e-20	2.31916e-20	2.31916e-20	2.31916e-20	2.31916e-20	2.31916e-20	2.31916e-20	2.31916e-20	2.31916e-20	2.31916e-20	2.31916e-20	2.31916e-20	2.31916e-20	2.31916e-20	2.31916e-20	2.31916e-20	2.31916e-20	2.31916e-20	2.31916e-20	2.31916e-20	2.31916e-20	2.31916e-20	2.31916e-20	2.31916e-20	2.31916e-20	2.31916e-20	2.31916e-20	2.31916e-20	2.31916e-20	2.31916e-20	2.31916e-20	2.31916e-20	2.31916e-20	2.31916e-20	2.31916e-20	2.31916e-20	2.31916e-20	2.31916e-20	2.31916e-20	2.31916e-20	2.31916e-20	2.31916e-20	2.31916e-20	2.31916e-20	2.31916e-20	2.31916e-20	2.31916e-20	2.31916e-20	2.31916e-20	2.31916e-20	2.31916e-20	2.31916e-20	2.31916e-20	2.31916e-20	2.31916e-20	2.31916e-20	2.31916e-20	2.31916e-20	2.31916e-20	2.31916e-20	2.31916e-20	2.31916e-20	2.31916e-20	2.31916e-20	2.31916e-20	2.31916e-20	2.31916e-20	2.31916e-20	2.31916e-20	2.31916e-20	2.31916e-20	2.31916e-20	2.31916e-20	2.31916e-20	2.31916e-20	2.31916e-20	2.31916e-20	2.31916e-20	2.31916e-20	2.31916e-20	2.31916e-20	2.31916e-20	2.31916e-20	2.31916e-20	2.31916e-20	2.31916e-20	2.31916e-20	2.31916e-20	2.31916e-20	2.31916e-20	2.31916e-20	2.31916e-20	2.31916e-20	2.31916e-20	2.31916e-20	2.31916e-20	2.31916e-20	2.31916e-20	2.31916e-20	2.31916e-20	2.31916e-20	2.31916e-20	2.31916e-20	2.31916e-20	2.31916e-20	2.31916e-20	2.31916e-20	2.31916e-20	2.31916e-20	2.31916e-20	2.31916e-20	2.31916e-20	2.31916e-20	2.31916e-20	2.31916e-20	2.31916e-20	2.31916e-20	2.31916e-20	2.31916e-20	2.31916e-20	2.31916e-20	2.31916e-20	2.31916e-20	2.31916e-20	2.31916e-20	2.31916e-20	2.31916e-20	2.31916e-20	2.31916e-20	2.31916e-20	2.31916e-20	2.31916e-20	2.31916e-20	2.31916e-20	2.31916e-20	2.31916e-20	2.31916e-20	2.31916e-20
19.20	1.13894e-25	4.68147e-25	1.01006e-24	1.83904e-24	3.10717e-24	5.04707e-24	8.01460e-24	1.25541e-23	1.94985e-23	3.01215e-23	4.63719e-23	7.12309e-23	1.09259e-22	1.67432e-22	2.56422e-22	3.92555e-22	6.00804e-22	9.19375e-22	1.40671e-21	2.15222e-21	3.29268e-21	5.03732e-21	7.70624e-21	1.17891e-20	1.80351e-20	2.50847e-20	2.50848e-20	2.50848e-20	2.50848e-20	2.50848e-20	2.50848e-20	2.50848e-20	2.50848e-20	2.50848e-20	2.50848e-20	2.50848e-20	2.50848e-20	2.50848e-20	2.50848e-20	2.50848e-20	2.50848e-20	2.50848e-20	2.50848e-20	2.50848e-20	2.50848e-20	2.50848e-20	2.50848e-20	2.50848e-20	2.50848e-20	2.50848e-20	2.50848e-20	2.50848e-20	2.50848e-20	2.50848e-20	2.50848e-20	2.50848e-20	2.50848e-20	2.50848e-20	2.50848e-20	2.50848e-20	2.50848e-20	2.50848e-20	2.50848e-20	2.50848e-20	2.50848e-20	2.50848e-20	2.50848e-20	2.50848e-20	2.50848e-20	2.50848e-20	2.50848e-20	2.50848e-20	2.50848e-20	2.50848e-20	2.50848e-20	2.50848e-20	2.50848e-20	2.50848e-20	2.50848e-20	2.50848e-20	2.50848e-20	2.50848e-20	2.50848e-20	2.50848e-20	2.50848e-20	2.50848e-20	2.50848e-20	2.50848e-20	2.50848e-20	2.50848e-20	2.50848e-20	2.50848e-20	2.50848e-20	2.50848e-20	2.50848e-20	2.50848e-20	2.50848e-20	2.50848e-20	2.50848e-20	2.50848e-20	2.50848e-20	2.50848e-20	2.50848e-20	2.50848e-20	2.50848e-20	2.50848e-20	2.50848e-20	2.50848e-20	2.50848e-20	2.50848e-20	2.50848e-20	2.50848e-20	2.50848e-20	2.50848e-20	2.50848e-20	2.50848e-20	2.50848e-20	2.50848e-20	2.50848e-20	2.50848e-20	2.50848e-20	2.50848e-20	2.50848e-20	2.50848e-20	2.50848e-20	2.50848e-20	2.50848e-20	2.50848e-20	2.50848e-20	2.50848e-20	2.50848e-20	2.50848e-20	2.50848e-20	2.50848e-20	2.50848e-20	2.50848e-20	2.50848e-20	2.50848e-20	2.50848e-20	2.50848e-20	2.50848e-20	2.50848e-20	2.50848e-20	2.50848e-20	2.50848e-20	2.50848e-20	2.50848e-20	2.50848e-20	2.50848e-20	2.50848e-20	2.50848e-20	2.50848e-20	2.50848e-20	2.50848e-20	2.50848e-20	2.50848e-20	2.50848e-20	2.50848e-20	2.50848e-20	2.50848e-20	2.50848e-20	2.50848e-20	2.50848e-20	2.50848e-20	2.50848e-20	2.50848e-20	2.50848e-20	2.50848e-20	2.50848e-20	2.50848e-20	2.50848e-20	2.50848e-20	2.50848e-20	2.50848e-20	2.50848e-20	2.50848e-20	2.50848e-20	2.50848e-20	2.50848e-20	2.50848e-20	2.50848e-20	2.50848e-20	2.50848e-20	2.50848e-20	2.50848e-20
19.23	9.73564e-26	4.00171e-25	8.63397e-25	1.57201e-24	2.65600e-24	4.31422e-24	6.85087e-24	1.07313e-23	1.66673e-23	2.57478e-23	3.96387e-23	6.08881e-23	9.33943e-23	1.43121e-22	2.19189e-22	3.35555e-22	5.13566e-22	7.85880e-22	1.20245e-21	1.83972e-21	2.81458e-21	4.30590e-21	6.58729e-21	1.00773e-20	1.54164e-20	2.35841e-20	2.71325e-20	2.71325e-20	2.71325e-20	2.71325e-20	2.71325e-20	2.71325e-20	2.71325e-20	2.71325e-20	2.71325e-20	2.71325e-20	2.71325e-20	2.71325e-20	2.71325e-20	2.71325e-20	2.71325e-20	2.71325e-20	2.71325e-20	2.71325e-20	2.71325e-20	2.71325e-20	2.71325e-20	2.71325e-20	2.71325e-20	2.71325e-20	2.71325e-20	2.71325e-20	2.71325e-20	2.71325e-20	2.71325e-20	2.71325e-20	2.71325e-20	2.71325e-20	2.71325e-20	2.71325e-20	2.71325e-20	2.71325e-20	2.71325e-20	2.71325e-20	2.71325e-20	2.71325e-20	2.71325e-20	2.71325e-20	2.71325e-20	2.71325e-20	2.71325e-20	2.71325e-20	2.71325e-20	2.71325e-20	2.71325e-20	2.71325e-20	2.71325e-20	2.71325e-20	2.71325e-20	2.71325e-20	2.71325e-20	2.71325e-20	2.71325e-20	2.71325e-20	2.71325e-20	2.71325e-20	2.71325e-20	2.71325e-20	2.71325e-20	2.71325e-20	2.71325e-20	2.71325e-20	2.71325e-20	2.71325e-20	2.71325e-20	2.71325e-20	2.71325e-20	2.71325e-20	2.71325e-20	2.71325e-20	2.71325e-20	2.71325e-20	2.71325e-20	2.71325e-20	2.71325e-20	2.71325e-20	2.71325e-20	2.71325e-20	2.71325e-20	2.71325e-20	2.71325e-20	2.71325e-20	2.71325e-20	2.71325e-20	2.71325e-20	2.71325e-20	2.71325e-20	2.71325e-20	2.71325e-20	2.71325e-20	2.71325e-20	2.71325e-20	2.71325e-20	2.71325e-20	2.71325e-20	2.71325e-20	2.71325e-20	2.71325e-20	2.71325e-20	2.71325e-20	2.71325e-20	2.71325e-20	2.71325e-20	2.71325e-20	2.71325e-20	2.71325e-20	2.71325e-20	2.71325e-20	2.71325e-20	2.71325e-20	2.71325e-20	2.71325e-20	2.71325e-20	2.71325e-20	2.71325e-20	2.71325e-20	2.71325e-20	2.71325e-20	2.71325e-20	2.71325e-20	2.71325e-20	2.71325e-20	2.71325e-20	2.71325e-20	2.71325e-20	2.71325e-20	2.71325e-20	2.71325e-20	2.71325e-20	2.71325e-20	2.71325e-20	2.71325e-20	2.71325e-20	2.71325e-20	2.71325e-20	2.71325e-20	2.71325e-20	2.71325e-20	2.71325e-20	2.71325e-20	2.71325e-20	2.71325e-20	2.71325e-20	2.71325e-20	2.71325e-20	2.71325e-20	2.71325e-20	2.71325e-20	2.71325e-20	2.71325e-20	2.71325e-20	2.71325e-20	2.71325e-20	2.71325e-20	2.71325e-20
19.27	8.32201e-26	3.42066e-25	7.38031e-25	1.34375e-24	2.27035e-24	3.68779e-24	5.85611e-24	9.17307e-24	1.42472e-23	2.20092e-23	3.38831e-23	5.20471e-23	7.98333e-23	1.22339e-22	1.87363e-22	2.86832e-22	4.38996e-22	6.71769e-22	1.02786e-21	1.57259e-21	2.40590e-21	3.68067e-21	5.63080e-21	8.61409e-21	1.31779e-20	2.01597e-20	2.93447e-20	2.93475e-20	2.93475e-20	2.93475e-20	2.93475e-20	2.93475e-20	2.93475e-20	2.93475e-20	2.93475e-20	2.93475e-20	2.93475e-20	2.93475e-20	2.93475e-20	2.93475e-20	2.93475e-20	2.93475e-20	2.93475e-20	2.93475e-20	2.93475e-20	2.93475e-20	2.93475e-20	2.93475e-20	2.93475e-20	2.93475e-20	2.93475e-20	2.93475e-20	2.93475e-20	2.93475e-20	2.93475e-20	2.93475e-20	2.93475e-20	2.93475e-20	2.93475e-20	2.93475e-20	2.93475e-20	2.93475e-20	2.93475e-20	2.93475e-20	2.93475e-20	2.93475e-20	2.93475e-20	2.93475e-20	2.93475e-20	2.93475e-20	2.93475e-20	2.93475e-20	2.93475e-20	2.93475e-20	2.93475e-20	2.93475e-20	2.93475e-20	2.93475e-20	2.93475e-20	2.93475e-20	2.93475e-20	2.93475e-20	2.93475e-20	2.93475e-20	2.93475e-20	2.93475e-20	2.93475e-20	2.93475e-20	2.93475e-20	2.93475e-20	2.93475e-20	2.93475e-20	2.93475e-20	2.93475e-20	2.93475e-20	2.93475e-20	2.93475e-20	2.93475e-20	2.93475e-20	2.93475e-20	2.93475e-20	2.93475e-20	2.93475e-20	2.93475e-20	2.93475e-20	2.93475e-20	2.93475e-20	2.93475e-20	2.93475e-20	2.93475e-20	2.93475e-20	2.93475e-20	2.93475e-20	2.93475e-20	2.93475e-20	2.93475e-20	2.93475e-20	2.93475e-20	2.93475e-20	2.93475e-20	2.93475e-20	2.93475e-20	2.93475e-20	2.93475e-20	2.93475e-20	2.93475e-20	2.93475e-20	2.93475e-20	2.93475e-20	2.93475e-20	2.93475e-20	2.93475e-20	2.93475e-20	2.93475e-20	2.93475e-20	2.93475e-20	2.93475e-20	2.93475e-20	2.93475e-20	2.93475e-20	2.93475e-20	2.93475e-20	2.93475e-20	2.93475e-20	2.93475e-20	2.93475e-20	2.93475e-20	2.93475e-20	2.93475e-20	2.93475e-20	2.93475e-20	2.93475e-20	2.93475e-20	2.93475e-20	2.93475e-20	2.93475e-20	2.93475e-20	2.93475e-20	2.93475e-20	2.93475e-20	2.93475e-20	2.93475e-20	2.93475e-20	2.93475e-20	2.93475e-20	2.93475e-20	2.93475e-20	2.93475e-20	2.93475e-20	2.93475e-20	2.93475e-20	2.93475e-20	2.93475e-20	2.93475e-20	2.93475e-20	2.93475e-20	2.93475e-20	2.93475e-20	2.93475e-20	2.93475e-20	2.93475e-20	2.93475e-20	2.93475e-20	2.93475e-20	2.93475e-20
19.30	7.11364e-26	2.92397e-25	6.30868e-25	1.14864e-24	1.94069e-24	3.15232e-24	5.00579e-24	7.84113e-24	1.21784e-23	1.88134e-23	2.89632e-23	4.44897e-23	6.82414e-23	1.04575e-22	1.60157e-22	2.45184e-22	3.75253e-22	5.74227e-22	8.78610e-22	1.34424e-21	2.05656e-21	3.14623e-21	4.81320e-21	7.36331e-21	1.12645e-20	1.72325e-20	2.63624e-20	3.17433e-20	3.17433e-20	3.17433e-20	3.17433e-20	3.17433e-20	3.17433e-20	3.17433e-20	3.17433e-20	3.17433e-20	3.17433e-20	3.17433e-20	3.17433e-20	3.17433e-20	3.17433e-20	3.17433e-20	3.17433e-20	3.17433e-20	3.17433e-20	3.17433e-20	3.17433e-20	3.17433e-20	3.17433e-20	3.17433e-20	3.17433e-20	3.17433e-20	3.17433e-20	3.17433e-20	3.17433e-20	3.17433e-20	3.17433e-20	3.17433e-20	3.17433e-20	3.17433e-20	3.17433e-20	3.17433e-20	3.17433e-20	3.17433e-20	3.17433e-20	3.17433e-20	3.17433e-20	3.17433e-20	3.17433e-20	3.17433e-20	3.17433e-20	3.17433e-20	3.17433e-20	3.17433e-20	3.17433e-20	3.17433e-20	3.17433e-20	3.17433e-20	3.17433e-20	3.17433e-20	3.17433e-20	3.17433e-20	3.17433e-20	3.17433e-20	3.17433e-20	3.17433e-20	3.17433e-20	3.17433e-20	3.17433e-20	3.17433e-20	3.17433e-20	3.17433e-20	3.17433e-20	3.17433e-20	3.17433e-20	3.17433e-20	3.17433e-20	3.17433e-20	3.17433e-20	3.17433e-20	3.17433e-20	3.17433e-20	3.17433e-20	3.17433e-20	3.17433e-20	3.17433e-20	3.17433e-20	3.17433e-20	3.17433e-20	3.17433e-20	3.17433e-20	3.17433e-20	3.17433e-20	3.17433e-20	3.17433e-20	3.17433e-20	3.17433e-20	3.17433e-20	3.17433e-20	3.17433e-20	3.17433e-20	3.17433e-20	3.17433e-20	3.17433e-20	3.17433e-20	3.17433e-20	3.17433e-20	3.17433e-20	3.17433e-20	3.17433e-20	3.17433e-20	3.17433e-20	3.17433e-20	3.17433e-20	3.17433e-20	3.17433e-20	3.17433e-20	3.17433e-20	3.17433e-20	3.17433e-20	3.17433e-20	3.17433e-20	3.17433e-20	3.17433e-20	3.17433e-20	3.17433e-20	3.17433e-20	3.17433e-20	3.17433e-20	3.17433e-20	3.17433e-20	3.17433e-20	3.17433e-20	3.17433e-20	3.17433e-20	3.17433e-20	3.17433e-20	3.17433e-20	3.17433e-20	3.17433e-20	3.17433e-20	3.17433e-20	3.17433e-20	3.17433e-20	3.17433e-20	3.17433e-20	3.17433e-20	3.17433e-20	3.17433e-20	3.17433e-20	3.17433e-20	3.17433e-20	3.17433e-20	3.17433e-20	3.17433e-20	3.17433e-20	3.17433e-20	3.17433e-20	3.17433e-20	3.17433e-20	3.17433e-20	3.17433e-20	3.17433e-20	3.17433e-20	3.17433e-20
19.33	6.08073e-26	2.49941e-25	5.39265e-25	9.81854e-25	1.65890e-24	2.69460e-24	4.27895e-24	6.70258e-24	1.04101e-23	1.60817e-23	2.47577e-23	3.80298e-23	5.83326e-23	8.93909e-23	1.36902e-22	2.09583e-22	3.20766e-22	4.90848e-22	7.51034e-22	1.14906e-21	1.75794e-21	2.68940e-21	4.11432e-21	6.29414e-21	9.62884e-21	1.47303e-20	2.25346e-20	3.41915e-20	3.43348e-20	3.43348e-20	3.43348e-20	3.43348e-20	3.43348e-20	3.43348e-20	3.43348e-20	3.43348e-20	3.43348e-20	3.43348e-20	3.43348e-20	3.43348e-20	3.43348e-20	3.43348e-20	3.43348e-20	3.43348e-20	3.43348e-20	3.43348e-20	3.43348e-20	3.43348e-20	3.43348e-20	3.43348e-20	3.43348e-20	3.43348e-20	3.43348e-20	3.43348e-20	3.43348e-20	3.43348e-20	3.43348e-20	3.43348e-20	3.43348e-20	3.43348e-20	3.43348e-20	3.43348e-20	3.43348e-20	3.43348e-20	3.43348e-20	3.43348e-20	3.43348e-20	3.43348e-20	3.43348e-20	3.43348e-20	3.43348e-20	3.43348e-20	3.43348e-20	3.43348e-20	3.43348e-20	3.43348e-20	3.43348e-20	3.43348e-20	3.43348e-20	3.43348e-20	3.43348e-20	3.43348e-20	3.43348e-20	3.43348e-20	3.43348e-20	3.43348e-20	3.43348e-20	3.43348e-20	3.43348e-20	3.43348e-20	3.43348e-20	3.43348e-20	3.43348e-20	3.43348e-20	3.43348e-20	3.43348e-20	3.43348e-20	3.43348e-20	3.43348e-20	3.43348e-20	3.43348e-20	3.43348e-20	3.43348e-20	3.43348e-20	3.43348e-20	3.43348e-20	3.43348e-20	3.43348e-20	3.43348e-20	3.43348e-20	3.43348e-20	3.43348e-20	3.43348e-20	3.43348e-20	3.43348e-20	3.43348e-20	3.43348e-20	3.43348e-20	3.43348e-20	3.43348e-20	3.43348e-20	3.43348e-20	3.43348e-20	3.43348e-20	3.43348e-20	3.43348e-20	3.43348e-20	3.43348e-20	3.43348e-20	3.43348e-20	3.43348e-20	3.43348e-20	3.43348e-20	3.43348e-20	3.43348e-20	3.43348e-20	3.43348e-20	3.43348e-20	3.43348e-20	3.43348e-20	3.43348e-20	3.43348e-20	3.43348e-20	3.43348e-20	3.43348e-20	3.43348e-20	3.43348e-20	3.43348e-20	3.43348e-20	3.43348e-20	3.43348e-20	3.43348e-20	3.43348e-20	3.43348e-20	3.43348e-20	3.43348e-20	3.43348e-20	3.43348e-20	3.43348e-20	3.43348e-20	3.43348e-20	3.43348e-20	3.43348e-20	3.43348e-20	3.43348e-20	3.43348e-20	3.43348e-20	3.43348e-20	3.43348e-20	3.43348e-20	3.43348e-20	3.43348e-20	3.43348e-20	3.43348e-20	3.43348e-20	3.43348e-20	3.43348e-20	3.43348e-20	3.43348e-20	3.43348e-20	3.43348e-20	3.43348e-20	3.43348e-20	3.43348e-20	3.43348e-20
19.37	5.19780e-26	2.13649e-25	4.60963e-25	8.39287e-25	1.41802e-24	2.30334e-24	3.65764e-24	5.72936e-24	8.89855e-24	1.37466e-23	2.11628e-23	3.25078e-23	4.98626e-23	7.64112e-23	1.17024e-22	1.79151e-22	2.74190e-22	4.19576e-22	6.41983e-22	9.82213e-22	1.50269e-21	2.29889e-21	3.51691e-21	5.38023e-21	8.23072e-21	1.25914e-20	1.92625e-20	2.94681e-20	3.71379e-20	3.71379e-20	3.71379e-20	3.71379e-20	3.71379e-20	3.71379e-20	3.71379e-20	3.71379e-20	3.71379e-20	3.71379e-20	3.71379e-20	3.71379e-20	3.71379e-20	3.71379e-20	3.71379e-20	3.71379e-20	3.71379e-20	3.71379e-20	3.71379e-20	3.71379e-20	3.71379e-20	3.71379e-20	3.71379e-20	3.71379e-20	3.71379e-20	3.71379e-20	3.71379e-20	3.71379e-20	3.71379e-20	3.71379e-20	3.71379e-20	3.71379e-20	3.71379e-20	3.71379e-20	3.71379e-20	3.71379e-20	3.71379e-20	3.71379e-20	3.71379e-20	3.71379e-20	3.71379e-20	3.71379e-20	3.71379e-20	3.71379e-20	3.71379e-20	3.71379e-20	3.71379e-20	3.71379e-20	3.71379e-20	3.71379e-20	3.71379e-20	3.71379e-20	3.71379e-20	3.71379e-20	3.71379e-20	3.71379e-20	3.71379e-20	3.71379e-20	3.71379e-20	3.71379e-20	3.71379e-20	3.71379e-20	3.71379e-20	3.71379e-20	3.71379e-20	3.71379e-20	3.71379e-20	3.71379e-20	3.71379e-20	3.71379e-20	3.71379e-20	3.71379e-20	3.71379e-20	3.71379e-20	3.71379e-20	3.71379e-20	3.71379e-20	3.71379e-20	3.71379e-20	3.71379e-20	3.71379e-20	3.71379e-20	3.71379e-20	3.71379e-20	3.71379e-20	3.71379e-20	3.71379e-20	3.71379e-20	3.71379e-20	3.71379e-20	3.71379e-20	3.71379e-20	3.71379e-20	3.71379e-20	3.71379e-20	3.71379e-20	3.71379e-20	3.71379e-20	3.71379e-20	3.71379e-20	3.71379e-20	3.71379e-20	3.71379e-20	3.71379e-20	3.71379e-20	3.71379e-20	3.71379e-20	3.71379e-20	3.71379e-20	3.71379e-20	3.71379e-20	3.71379e-20	3.71379e-20	3.71379e-20	3.71379e-20	3.71379e-20	3.71379e-20	3.71379e-20	3.71379e-20	3.71379e-20	3.71379e-20	3.71379e-20	3.71379e-20	3.71379e-20	3.71379e-20	3.71379e-20	3.71379e-20	3.71379e-20	3.71379e-20	3.71379e-20	3.71379e-20	3.71379e-20	3.71379e-20	3.71379e-20	3.71379e-20	3.71379e-20	3.71379e-20	3.71379e-20	3.71379e-20	3.71379e-20	3.71379e-20	3.71379e-20	3.71379e-20	3.71379e-20	3.71379e-20	3.71379e-20	3.71379e-20	3.71379e-20	3.71379e-20	3.71379e-20	3.71379e-20	3.71379e-20	3.71379e-20	3.71379e-20	3.71379e-20	3.71379e-20	3.71379e-20
19.40	4.44307e-26	1.82627e-25	3.94030e-25	7.17421e-25	1.21212e-24	1.96889e-24	3.12654e-24	4.89745e-24	7.60647e-24	1.17506e-23	1.80900e-23	2.77876e-23	4.26225e-23	6.53162e-23	1.00032e-22	1.53138e-22	2.34377e-22	3.58653e-22	5.48766e-22	8.39594e-22	1.28449e-21	1.96509e-21	3.00625e-21	4.59901e-21	7.03560e-21	1.07631e-20	1.64656e-20	2.51893e-20	3.85353e-20	4.01699e-20	4.01699e-20	4.01699e-20	4.01699e-20	4.01699e-20	4.01699e-20	4.01699e-20	4.01699e-20	4.01699e-20	4.01699e-20	4.01699e-20	4.01699e-20	4.01699e-20	4.01699e-20	4.01699e-20	4.01699e-20	4.01699e-20	4.01699e-20	4.01699e-20	4.01699e-20	4.01699e-20	4.01699e-20	4.01699e-20	4.01699e-20	4.01699e-20	4.01699e-20	4.01699e-20	4.01699e-20	4.01699e-20	4.01699e-20	4.01699e-20	4.01699e-20	4.01699e-20	4.01699e-20	4.01699e-20	4.01699e-20	4.01699e-20	4.01699e-20	4.01699e-20	4.01699e-20	4.01699e-20	4.01699e-20	4.01699e-20	4.01699e-20	4.01699e-20	4.01699e-20	4.01699e-20	4.01699e-20	4.01699e-20	4.01699e-20	4.01699e-20	4.01699e-20	4.01699e-20	4.01699e-20	4.01699e-20	4.01699e-20	4.01699e-20	4.01699e-20	4.01699e-20	4.01699e-20	4.01699e-20	4.01699e-20	4.01699e-20	4.01699e-20	4.01699e-20	4.01699e-20	4.01699e-20	4.01699e-20	4.01699e-20	4.01699e-20	4.01699e-20	4.01699e-20	4.01699e-20	4.01699e-20	4.01699e-20	4.01699e-20	4.01699e-20	4.01699e-20	4.01699e-20	4.01699e-20	4.01699e-20	4.01699e-20	4.01699e-20	4.01699e-20	4.01699e-20	4.01699e-20	4.01699e-20	4.01699e-20	4.01699e-20	4.01699e-20	4.01699e-20	4.01699e-20	4.01699e-20	4.01699e-20	4.01699e-20	4.01699e-20	4.01699e-20	4.01699e-20	4.01699e-20	4.01699e-20	4.01699e-20	4.01699e-20	4.01699e-20	4.01699e-20	4.01699e-20	4.01699e-20	4.01699e-20	4.01699e-20	4.01699e-20	4.01699e-20	4.01699e-20	4.01699e-20	4.01699e-20	4.01699e-20	4.01699e-20	4.01699e-20	4.01699e-20	4.01699e-20	4.01699e-20	4.01699e-20	4.01699e-20	4.01699e-20	4.01699e-20	4.01699e-20	4.01699e-20	4.01699e-20	4.01699e-20	4.01699e-20	4.01699e-20	4.01699e-20	4.01699e-20	4.01699e-20	4.01699e-20	4.01699e-20	4.01699e-20	4.01699e-20	4.01699e-20	4.01699e-20	4.01699e-20	4.01699e-20	4.01699e-20	4.01699e-20	4.01699e-20	4.01699e-20	4.01699e-20	4.01699e-20	4.01699e-20	4.01699e-20	4.01699e-20	4.01699e-20	4.01699e-20	4.01699e-20	4.01699e-20	4.01699e-20	4.01699e-20	4.01699e-20
19.44	3.79793e-26	1.56109e-25	3.36816e-25	6.13251e-25	1.03612e-24	1.68300e-24	2.67256e-24	4.18633e-24	6.50200e-24	1.00444e-23	1.54633e-23	2.37528e-23	3.64337e-23	5.58321e-23	8.55069e-23	1.30902e-22	2.00345e-22	3.06576e-22	4.69084e-22	7.17684e-22	1.09798e-21	1.67975e-21	2.56974e-21	3.93123e-21	6.01402e-21	9.20030e-21	1.40747e-20	2.15318e-20	3.29399e-20	4.34496e-20	4.34496e-20	4.34496e-20	4.34496e-20	4.34496e-20	4.34496e-20	4.34496e-20	4.34496e-20	4.34496e-20	4.34496e-20	4.34496e-20	4.34496e-20	4.34496e-20	4.34496e-20	4.34496e-20	4.34496e-20	4.34496e-20	4.34496e-20	4.34496e-20	4.34496e-20	4.34496e-20	4.34496e-20	4.34496e-20	4.34496e-20	4.34496e-20	4.34496e-20	4.34496e-20	4.34496e-20	4.34496e-20	4.34496e-20	4.34496e-20	4.34496e-20	4.34496e-20	4.34496e-20	4.34496e-20	4.34496e-20	4.34496e-20	4.34496e-20	4.34496e-20	4.34496e-20	4.34496e-20	4.34496e-20	4.34496e-20	4.34496e-20	4.34496e-20	4.34496e-20	4.34496e-20	4.34496e-20	4.34496e-20	4.34496e-20	4.34496e-20	4.34496e-20	4.34496e-20	4.34496e-20	4.34496e-20	4.34496e-20	4.34496e-20	4.34496e-20	4.34496e-20	4.34496e-20	4.34496e-20	4.34496e-20	4.34496e-20	4.34496e-20	4.34496e-20	4.34496e-20	4.34496e-20	4.34496e-20	4.34496e-20	4.34496e-20	4.34496e-20	4.34496e-20	4.34496e-20	4.34496e-20	4.34496e-20	4.34496e-20	4.34496e-20	4.34496e-20	4.34496e-20	4.34496e-20	4.34496e-20	4.34496e-20	4.34496e-20	4.34496e-20	4.34496e-20	4.34496e-20	4.34496e-20	4.34496e-20	4.34496e-20	4.34496e-20	4.34496e-20	4.34496e-20	4.34496e-20	4.34496e-20	4.34496e-20	4.34496e-20	4.34496e-20	4.34496e-20	4.34496e-20	4.34496e-20	4.34496e-20	4.34496e-20	4.34496e-20	4.34496e-20	4.34496e-20	4.34496e-20	4.34496e-20	4.34496e-20	4.34496e-20	4.34496e-20	4.34496e-20	4.34496e-20	4.34496e-20	4.34496e-20	4.34496e-20	4.34496e-20	4.34496e-20	4.34496e-20	4.34496e-20	4.34496e-20	4.34496e-20	4.34496e-20	4.34496e-20	4.34496e-20	4.34496e-20	4.34496e-20	4.34496e-20	4.34496e-20	4.34496e-20	4.34496e-20	4.34496e-20	4.34496e-20	4.34496e-20	4.34496e-20	4.34496e-20	4.34496e-20	4.34496e-20	4.34496e-20	4.34496e-20	4.34496e-20	4.34496e-20	4.34496e-20	4.34496e-20	4.34496e-20	4.34496e-20	4.34496e-20	4.34496e-20	4.34496e-20	4.34496e-20	4.34496e-20	4.34496e-20	4.34496e-20	4.34496e-20	4.34496e-20	4.34496e-20	4.34496e-20
19.47	3.24646e-26	1.33442e-25	2.87910e-25	5.24206e-25	8.85675e-25	1.43863e-24	2.28450e-24	3.57847e-24	5.55790e-24	8.58591e-24	1.32180e-23	2.03039e-23	3.11434e-23	4.77252e-23	7.30912e-23	1.11895e-22	1.71255e-22	2.62061e-22	4.00973e-22	6.13475e-22	9.38554e-22	1.43585e-21	2.19661e-21	3.36041e-21	5.14078e-21	7.86440e-21	1.20311e-20	1.84053e-20	2.81570e-20	4.30757e-20	4.69972e-20	4.69972e-20	4.69972e-20	4.69972e-20	4.69972e-20	4.69972e-20	4.69972e-20	4.69972e-20	4.69972e-20	4.69972e-20	4.69972e-20	4.69972e-20	4.69972e-20	4.69972e-20	4.69972e-20	4.69972e-20	4.69972e-20	4.69972e-20	4.69972e-20	4.69972e-20	4.69972e-20	4.69972e-20	4.69972e-20	4.69972e-20	4.69972e-20	4.69972e-20	4.69972e-20	4.69972e-20	4.69972e-20	4.69972e-20	4.69972e-20	4.69972e-20	4.69972e-20	4.69972e-20	4.69972e-20	4.69972e-20	4.69972e-20	4.69972e-20	4.69972e-20	4.69972e-20	4.69972e-20	4.69972e-20	4.69972e-20	4.69972e-20	4.69972e-20	4.69972e-20	4.69972e-20	4.69972e-20	4.69972e-20	4.69972e-20	4.69972e-20	4.69972e-20	4.69972e-20	4.69972e-20	4.69972e-20	4.69972e-20	4.69972e-20	4.69972e-20	4.69972e-20	4.69972e-20	4.69972e-20	4.69972e-20	4.69972e-20	4.69972e-20	4.69972e-20	4.69972e-20	4.69972e-20	4.69972e-20	4.69972e-20	4.69972e-20	4.69972e-20	4.69972e-20	4.69972e-20	4.69972e-20	4.69972e-20	4.69972e-20	4.69972e-20	4.69972e-20	4.69972e-20	4.69972e-20	4.69972e-20	4.69972e-20	4.69972e-20	4.69972e-20	4.69972e-20	4.69972e-20	4.69972e-20	4.69972e-20	4.69972e-20	4.69972e-20	4.69972e-20	4.69972e-20	4.69972e-20	4.69972e-20	4.69972e-20	4.69972e-20	4.69972e-20	4.69972e-20	4.69972e-20	4.69972e-20	4.69972e-20	4.69972e-20	4.69972e-20	4.69972e-20	4.69972e-20	4.69972e-20	4.69972e-20	4.69972e-20	4.69972e-20	4.69972e-20	4.69972e-20	4.69972e-20	4.69972e-20	4.69972e-20	4.69972e-20	4.69972e-20	4.69972e-20	4.69972e-20	4.69972e-20	4.69972e-20	4.69972e-20	4.69972e-20	4.69972e-20	4.69972e-20	4.69972e-20	4.69972e-20	4.69972e-20	4.69972e-20	4.69972e-20	4.69972e-20	4.69972e-20	4.69972e-20	4.69972e-20	4.69972e-20	4.69972e-20	4.69972e-20	4.69972e-20	4.69972e-20	4.69972e-20	4.69972e-20	4.69972e-20	4.69972e-20	4.69972e-20	4.69972e-20	4.69972e-20	4.69972e-20	4.69972e-20	4.69972e-20	4.69972e-20	4.69972e-20	4.69972e-20	4.69972e-20	4.69972e-20	4.69972e-20	4.69972e-20
19.51	2.77507e-26	1.14066e-25	2.46105e-25	4.48090e-25	7.57074e-25	1.22974e-24	1.95279e-24	3.05887e-24	4.75088e-24	7.33922e-24	1.12987e-23	1.73557e-23	2.66214e-23	4.07955e-23	6.24782e-23	9.56475e-23	1.46388e-22	2.24009e-22	3.42751e-22	5.24397e-22	8.02274e-22	1.22736e-21	1.87766e-21	2.87247e-21	4.39433e-21	6.72248e-21	1.02841e-20	1.57329e-20	2.40686e-20	3.68211e-20	5.08346e-20	5.08346e-20	5.08346e-20	5.08346e-20	5.08346e-20	5.08346e-20	5.08346e-20	5.08346e-20	5.08346e-20	5.08346e-20	5.08346e-20	5.08346e-20	5.08346e-20	5.08346e-20	5.08346e-20	5.08346e-20	5.08346e-20	5.08346e-20	5.08346e-20	5.08346e-20	5.08346e-20	5.08346e-20	5.08346e-20	5.08346e-20	5.08346e-20	5.08346e-20	5.08346e-20	5.08346e-20	5.08346e-20	5.08346e-20	5.08346e-20	5.08346e-20	5.08346e-20	5.08346e-20	5.08346e-20	5.08346e-20	5.08346e-20	5.08346e-20	5.08346e-20	5.08346e-20	5.08346e-20	5.08346e-20	5.08346e-20	5.08346e-20	5.08346e-20	5.08346e-20	5.08346e-20	5.08346e-20	5.08346e-20	5.08346e-20	5.08346e-20	5.08346e-20	5.08346e-20	5.08346e-20	5.08346e-20	5.08346e-20	5.08346e-20	5.08346e-20	5.08346e-20	5.08346e-20	5.08346e-20	5.08346e-20	5.08346e-20	5.08346e-20	5.08346e-20	5.08346e-20	5.08346e-20	5.08346e-20	5.08346e-20	5.08346e-20	5.08346e-20	5.08346e-20	5.08346e-20	5.08346e-20	5.08346e-20	5.08346e-20	5.08346e-20	5.08346e-20	5.08346e-20	5.08346e-20	5.08346e-20	5.08346e-20	5.08346e-20	5.08346e-20	5.08346e-20	5.08346e-20	5.08346e-20	5.08346e-20	5.08346e-20	5.08346e-20	5.08346e-20	5.08346e-20	5.08346e-20	5.08346e-20	5.08346e-20	5.08346e-20	5.08346e-20	5.08346e-20	5.08346e-20	5.08346e-20	5.08346e-20	5.08346e-20	5.08346e-20	5.08346e-20	5.08346e-20	5.08346e-20	5.08346e-20	5.08346e-20	5.08346e-20	5.08346e-20	5.08346e-20	5.08346e-20	5.08346e-20	5.08346e-20	5.08346e-20	5.08346e-20	5.08346e-20	5.08346e-20	5.08346e-20	5.08346e-20	5.08346e-20	5.08346e-20	5.08346e-20	5.08346e-20	5.08346e-20	5.08346e-20	5.08346e-20	5.08346e-20	5.08346e-20	5.08346e-20	5.08346e-20	5.08346e-20	5.08346e-20	5.08346e-20	5.08346e-20	5.08346e-20	5.08346e-20	5.08346e-20	5.08346e-20	5.08346e-20	5.08346e-20	5.08346e-20	5.08346e-20	5.08346e-20	5.08346e-20	5.08346e-20	5.08346e-20	5.08346e-20	5.08346e-20	5.08346e-20	5.08346e-20	5.08346e-20	5.08346e-20	5.08346e-20	5.08346e-20
19.54	2.37213e-26	9.75033e-26	2.10370e-25	3.83027e-25	6.47146e-25	1.05118e-24	1.66924e-24	2.61472e-24	4.06105e-24	6.27355e-24	9.65812e-24	1.48356e-23	2.27559e-23	3.48719e-23	5.34063e-23	8.17593e-23	1.25132e-22	1.91483e-22	2.92983e-22	4.48254e-22	6.85783e-22	1.04915e-21	1.60502e-21	2.45538e-21	3.75627e-21	5.74637e-21	8.79086e-21	1.34484e-20	2.05738e-20	3.14746e-20	4.81516e-20	5.49856e-20	5.49856e-20	5.49856e-20	5.49856e-20	5.49856e-20	5.49856e-20	5.49856e-20	5.49856e-20	5.49856e-20	5.49856e-20	5.49856e-20	5.49856e-20	5.49856e-20	5.49856e-20	5.49856e-20	5.49856e-20	5.49856e-20	5.49856e-20	5.49856e-20	5.49856e-20	5.49856e-20	5.49856e-20	5.49856e-20	5.49856e-20	5.49856e-20	5.49856e-20	5.49856e-20	5.49856e-20	5.49856e-20	5.49856e-20	5.49856e-20	5.49856e-20	5.49856e-20	5.49856e-20	5.49856e-20	5.49856e-20	5.49856e-20	5.49856e-20	5.49856e-20	5.49856e-20	5.49856e-20	5.49856e-20	5.49856e-20	5.49856e-20	5.49856e-20	5.49856e-20	5.49856e-20	5.49856e-20	5.49856e-20	5.49856e-20	5.49856e-20	5.49856e-20	5.49856e-20	5.49856e-20	5.49856e-20	5.49856e-20	5.49856e-20	5.49856e-20	5.49856e-20	5.49856e-20	5.49856e-20	5.49856e-20	5.49856e-20	5.49856e-20	5.49856e-20	5.49856e-20	5.49856e-20	5.49856e-20	5.49856e-20	5.49856e-20	5.49856e-20	5.49856e-20	5.49856e-20	5.49856e-20	5.49856e-20	5.49856e-20	5.49856e-20	5.49856e-20	5.49856e-20	5.49856e-20	5.49856e-20	5.49856e-20	5.49856e-20	5.49856e-20	5.49856e-20	5.49856e-20	5.49856e-20	5.49856e-20	5.49856e-20	5.49856e-20	5.49856e-20	5.49856e-20	5.49856e-20	5.49856e-20	5.49856e-20	5.49856e-20	5.49856e-20	5.49856e-20	5.49856e-20	5.49856e-20	5.49856e-20	5.49856e-20	5.49856e-20	5.49856e-20	5.49856e-20	5.49856e-20	5.49856e-20	5.49856e-20	5.49856e-20	5.49856e-20	5.49856e-20	5.49856e-20	5.49856e-20	5.49856e-20	5.49856e-20	5.49856e-20	5.49856e-20	5.49856e-20	5.49856e-20	5.49856e-20	5.49856e-20	5.49856e-20	5.49856e-20	5.49856e-20	5.49856e-20	5.49856e-20	5.49856e-20	5.49856e-20	5.49856e-20	5.49856e-20	5.49856e-20	5.49856e-20	5.49856e-20	5.49856e-20	5.49856e-20	5.49856e-20	5.49856e-20	5.49856e-20	5.49856e-20	5.49856e-20	5.49856e-20	5.49856e-20	5.49856e-20	5.49856e-20	5.49856e-20	5.49856e-20	5.49856e-20	5.49856e-20	5.49856e-20	5.49856e-20	5.49856e-20	5.49856e-20	5.49856e-20	5.49856e-20
19.57	2.02769e-26	8.33457e-26	1.79824e-25	3.27411e-25	5.53179e-25	8.98545e-25	1.42686e-24	2.23506e-24	3.47138e-24	5.36262e-24	8.25574e-24	1.26815e-23	1.94517e-23	2.98084e-23	4.56516e-23	6.98878e-23	1.06963e-22	1.63679e-22	2.50441e-22	3.83167e-22	5.86206e-22	8.96811e-22	1.37197e-21	2.09886e-21	3.21085e-21	4.91198e-21	7.51441e-21	1.14957e-20	1.75864e-20	2.69044e-20	4.11599e-20	5.94727e-20	5.94757e-20	5.94757e-20	5.94757e-20	5.94757e-20	5.94757e-20	5.94757e-20	5.94757e-20	5.94757e-20	5.94757e-20	5.94757e-20	5.94757e-20	5.94757e-20	5.94757e-20	5.94757e-20	5.94757e-20	5.94757e-20	5.94757e-20	5.94757e-20	5.94757e-20	5.94757e-20	5.94757e-20	5.94757e-20	5.94757e-20	5.94757e-20	5.94757e-20	5.94757e-20	5.94757e-20	5.94757e-20	5.94757e-20	5.94757e-20	5.94757e-20	5.94757e-20	5.94757e-20	5.94757e-20	5.94757e-20	5.94757e-20	5.94757e-20	5.94757e-20	5.94757e-20	5.94757e-20	5.94757e-20	5.94757e-20	5.94757e-20	5.94757e-20	5.94757e-20	5.94757e-20	5.94757e-20	5.94757e-20	5.94757e-20	5.94757e-20	5.94757e-20	5.94757e-20	5.94757e-20	5.94757e-20	5.94757e-20	5.94757e-20	5.94757e-20	5.94757e-20	5.94757e-20	5.94757e-20	5.94757e-20	5.94757e-20	5.94757e-20	5.94757e-20	5.94757e-20	5.94757e-20	5.94757e-20	5.94757e-20	5.94757e-20	5.94757e-20	5.94757e-20	5.94757e-20	5.94757e-20	5.94757e-20	5.94757e-20	5.94757e-20	5.94757e-20	5.94757e-20	5.94757e-20	5.94757e-20	5.94757e-20	5.94757e-20	5.94757e-20	5.94757e-20	5.94757e-20	5.94757e-20	5.94757e-20	5.94757e-20	5.94757e-20	5.94757e-20	5.94757e-20	5.94757e-20	5.94757e-20	5.94757e-20	5.94757e-20	5.94757e-20	5.94757e-20	5.94757e-20	5.94757e-20	5.94757e-20	5.94757e-20	5.94757e-20	5.94757e-20	5.94757e-20	5.94757e-20	5.94757e-20	5.94757e-20	5.94757e-20	5.94757e-20	5.94757e-20	5.94757e-20	5.94757e-20	5.94757e-20	5.94757e-20	5.94757e-20	5.94757e-20	5.94757e-20	5.94757e-20	5.94757e-20	5.94757e-20	5.94757e-20	5.94757e-20	5.94757e-20	5.94757e-20	5.94757e-20	5.94757e-20	5.94757e-20	5.94757e-20	5.94757e-20	5.94757e-20	5.94757e-20	5.94757e-20	5.94757e-20	5.94757e-20	5.94757e-20	5.94757e-20	5.94757e-20	5.94757e-20	5.94757e-20	5.94757e-20	5.94757e-20	5.94757e-20	5.94757e-20	5.94757e-20	5.94757e-20	5.94757e-20	5.94757e-20	5.94757e-20	5.94757e-20	5.94757e-20	5.94757e-20	5.94757e-20	5.94757e-20
19.61	1.73327e-26	7.12437e-26	1.53713e-25	2.79870e-25	4.72857e-25	7.68075e-25	1.21968e-24	1.91052e-24	2.96733e-24	4.58396e-24	7.05700e-24	1.08401e-23	1.66273e-23	2.54802e-23	3.90229e-23	5.97399e-23	9.14318e-23	1.39913e-22	2.14077e-22	3.27530e-22	5.01088e-22	7.66592e-22	1.17276e-21	1.79410e-21	2.74463e-21	4.19876e-21	6.42331e-21	9.82650e-21	1.50328e-20	2.29979e-20	3.51834e-20	5.38262e-20	6.43327e-20	6.43327e-20	6.43327e-20	6.43327e-20	6.43327e-20	6.43327e-20	6.43327e-20	6.43327e-20	6.43327e-20	6.43327e-20	6.43327e-20	6.43327e-20	6.43327e-20	6.43327e-20	6.43327e-20	6.43327e-20	6.43327e-20	6.43327e-20	6.43327e-20	6.43327e-20	6.43327e-20	6.43327e-20	6.43327e-20	6.43327e-20	6.43327e-20	6.43327e-20	6.43327e-20	6.43327e-20	6.43327e-20	6.43327e-20	6.43327e-20	6.43327e-20	6.43327e-20	6.43327e-20	6.43327e-20	6.43327e-20	6.43327e-20	6.43327e-20	6.43327e-20	6.43327e-20	6.43327e-20	6.43327e-20	6.43327e-20	6.43327e-20	6.43327e-20	6.43327e-20	6.43327e-20	6.43327e-20	6.43327e-20	6.43327e-20	6.43327e-20	6.43327e-20	6.43327e-20	6.43327e-20	6.43327e-20	6.43327e-20	6.43327e-20	6.43327e-20	6.43327e-20	6.43327e-20	6.43327e-20	6.43327e-20	6.43327e-20	6.43327e-20	6.43327e-20	6.43327e-20	6.43327e-20	6.43327e-20	6.43327e-20	6.43327e-20	6.43327e-20	6.43327e-20	6.43327e-20	6.43327e-20	6.43327e-20	6.43327e-20	6.43327e-20	6.43327e-20	6.43327e-20	6.43327e-20	6.43327e-20	6.43327e-20	6.43327e-20	6.43327e-20	6.43327e-20	6.43327e-20	6.43327e-20	6.43327e-20	6.43327e-20	6.43327e-20	6.43327e-20	6.43327e-20	6.43327e-20	6.43327e-20	6.43327e-20	6.43327e-20	6.43327e-20	6.43327e-20	6.43327e-20	6.43327e-20	6.43327e-20	6.43327e-20	6.43327e-20	6.43327e-20	6.43327e-20	6.43327e-20	6.43327e-20	6.43327e-20	6.43327e-20	6.43327e-20	6.43327e-20	6.43327e-20	6.43327e-20	6.43327e-20	6.43327e-20	6.43327e-20	6.43327e-20	6.43327e-20	6.43327e-20	6.43327e-20	6.43327e-20	6.43327e-20	6.43327e-20	6.43327e-20	6.43327e-20	6.43327e-20	6.43327e-20	6.43327e-20	6.43327e-20	6.43327e-20	6.43327e-20	6.43327e-20	6.43327e-20	6.43327e-20	6.43327e-20	6.43327e-20	6.43327e-20	6.43327e-20	6.43327e-20	6.43327e-20	6.43327e-20	6.43327e-20	6.43327e-20	6.43327e-20	6.43327e-20	6.43327e-20	6.43327e-20	6.43327e-20	6.43327e-20	6.43327e-20	6.43327e-20	6.43327e-20	6.43327e-20
19.64	1.48159e-26	6.08990e-26	1.31394e-25	2.39233e-25	4.04197e-25	6.56549e-25	1.04258e-24	1.63311e-24	2.53647e-24	3.91836e-24	6.03231e-24	9.26610e-24	1.42130e-23	2.17804e-23	3.33568e-23	5.10656e-23	7.81558e-23	1.19597e-22	1.82993e-22	2.79972e-22	4.28329e-22	6.55282e-22	1.00247e-21	1.53359e-21	2.34611e-21	3.58909e-21	5.49063e-21	8.39967e-21	1.28501e-20	1.96585e-20	3.00747e-20	4.60105e-20	6.94236e-20	6.95866e-20	6.95866e-20	6.95866e-20	6.95866e-20	6.95866e-20	6.95866e-20	6.95866e-20	6.95866e-20	6.95866e-20	6.95866e-20	6.95866e-20	6.95866e-20	6.95866e-20	6.95866e-20	6.95866e-20	6.95866e-20	6.95866e-20	6.95866e-20	6.95866e-20	6.95866e-20	6.95866e-20	6.95866e-20	6.95866e-20	6.95866e-20	6.95866e-20	6.95866e-20	6.95866e-20	6.95866e-20	6.95866e-20	6.95866e-20	6.95866e-20	6.95866e-20	6.95866e-20	6.95866e-20	6.95866e-20	6.95866e-20	6.95866e-20	6.95866e-20	6.95866e-20	6.95866e-20	6.95866e-20	6.95866e-20	6.95866e-20	6.95866e-20	6.95866e-20	6.95866e-20	6.95866e-20	6.95866e-20	6.95866e-20	6.95866e-20	6.95866e-20	6.95866e-20	6.95866e-20	6.95866e-20	6.95866e-20	6.95866e-20	6.95866e-20	6.95866e-20	6.95866e-20	6.95866e-20	6.95866e-20	6.95866e-20	6.95866e-20	6.95866e-20	6.95866e-20	6.95866e-20	6.95866e-20	6.95866e-20	6.95866e-20	6.95866e-20	6.95866e-20	6.95866e-20	6.95866e-20	6.95866e-20	6.95866e-20	6.95866e-20	6.95866e-20	6.95866e-20	6.95866e-20	6.95866e-20	6.95866e-20	6.95866e-20	6.95866e-20	6.95866e-20	6.95866e-20	6.95866e-20	6.95866e-20	6.95866e-20	6.95866e-20	6.95866e-20	6.95866e-20	6.95866e-20	6.95866e-20	6.95866e-20	6.95866e-20	6.95866e-20	6.95866e-20	6.95866e-20	6.95866e-20	6.95866e-20	6.95866e-20	6.95866e-20	6.95866e-20	6.95866e-20	6.95866e-20	6.95866e-20	6.95866e-20	6.95866e-20	6.95866e-20	6.95866e-20	6.95866e-20	6.95866e-20	6.95866e-20	6.95866e-20	6.95866e-20	6.95866e-20	6.95866e-20	6.95866e-20	6.95866e-20	6.95866e-20	6.95866e-20	6.95866e-20	6.95866e-20	6.95866e-20	6.95866e-20	6.95866e-20	6.95866e-20	6.95866e-20	6.95866e-20	6.95866e-20	6.95866e-20	6.95866e-20	6.95866e-20	6.95866e-20	6.95866e-20	6.95866e-20	6.95866e-20	6.95866e-20	6.95866e-20	6.95866e-20	6.95866e-20	6.95866e-20	6.95866e-20	6.95866e-20	6.95866e-20	6.95866e-20	6.95866e-20	6.95866e-20	6.95866e-20	6.95866e-20	6.95866e-20	6.95866e-20
19.68	1.26646e-26	5.20564e-26	1.12315e-25	2.04496e-25	3.45507e-25	5.61217e-25	8.91198e-25	1.39598e-24	2.16817e-24	3.34941e-24	5.15641e-24	7.92065e-24	1.21492e-23	1.86179e-23	2.85133e-23	4.36508e-23	6.68075e-23	1.02231e-22	1.56422e-22	2.39320e-22	3.66135e-22	5.60134e-22	8.56910e-22	1.31091e-21	2.00545e-21	3.06795e-21	4.69339e-21	7.18003e-21	1.09842e-20	1.68041e-20	2.57078e-20	3.93297e-20	6.01703e-20	7.52701e-20	7.52701e-20	7.52701e-20	7.52701e-20	7.52701e-20	7.52701e-20	7.52701e-20	7.52701e-20	7.52701e-20	7.52701e-20	7.52701e-20	7.52701e-20	7.52701e-20	7.52701e-20	7.52701e-20	7.52701e-20	7.52701e-20	7.52701e-20	7.52701e-20	7.52701e-20	7.52701e-20	7.52701e-20	7.52701e-20	7.52701e-20	7.52701e-20	7.52701e-20	7.52701e-20	7.52701e-20	7.52701e-20	7.52701e-20	7.52701e-20	7.52701e-20	7.52701e-20	7.52701e-20	7.52701e-20	7.52701e-20	7.52701e-20	7.52701e-20	7.52701e-20	7.52701e-20	7.52701e-20	7.52701e-20	7.52701e-20	7.52701e-20	7.52701e-20	7.52701e-20	7.52701e-20	7.52701e-20	7.52701e-20	7.52701e-20	7.52701e-20	7.52701e-20	7.52701e-20	7.52701e-20	7.52701e-20	7.52701e-20	7.52701e-20	7.52701e-20	7.52701e-20	7.52701e-20	7.52701e-20	7.52701e-20	7.52701e-20	7.52701e-20	7.52701e-20	7.52701e-20	7.52701e-20	7.52701e-20	7.52701e-20	7.52701e-20	7.52701e-20	7.52701e-20	7.52701e-20	7.52701e-20	7.52701e-20	7.52701e-20	7.52701e-20	7.52701e-20	7.52701e-20	7.52701e-20	7.52701e-20	7.52701e-20	7.52701e-20	7.52701e-20	7.52701e-20	7.52701e-20	7.52701e-20	7.52701e-20	7.52701e-20	7.52701e-20	7.52701e-20	7.52701e-20	7.52701e-20	7.52701e-20	7.52701e-20	7.52701e-20	7.52701e-20	7.52701e-20	7.52701e-20	7.52701e-20	7.52701e-20	7.52701e-20	7.52701e-20	7.52701e-20	7.52701e-20	7.52701e-20	7.52701e-20	7.52701e-20	7.52701e-20	7.52701e-20	7.52701e-20	7.52701e-20	7.52701e-20	7.52701e-20	7.52701e-20	7.52701e-20	7.52701e-20	7.52701e-20	7.52701e-20	7.52701e-20	7.52701e-20	7.52701e-20	7.52701e-20	7.52701e-20	7.52701e-20	7.52701e-20	7.52701e-20	7.52701e-20	7.52701e-20	7.52701e-20	7.52701e-20	7.52701e-20	7.52701e-20	7.52701e-20	7.52701e-20	7.52701e-20	7.52701e-20	7.52701e-20	7.52701e-20	7.52701e-20	7.52701e-20	7.52701e-20	7.52701e-20	7.52701e-20	7.52701e-20	7.52701e-20	7.52701e-20	7.52701e-20	7.52701e-20	7.52701e-20	7.52701e-20	7.52701e-20
19.71	1.08257e-26	4.44977e-26	9.60070e-26	1.74803e-25	2.95339e-25	4.79728e-25	7.61794e-25	1.19328e-24	1.85335e-24	2.86307e-24	4.40769e-24	6.77056e-24	1.03851e-23	1.59145e-23	2.43731e-23	3.73126e-23	5.71069e-23	8.73873e-23	1.33709e-22	2.04570e-22	3.12972e-22	4.78802e-22	7.32485e-22	1.12057e-21	1.71425e-21	2.62248e-21	4.01190e-21	6.13748e-21	9.38928e-21	1.43641e-20	2.19750e-20	3.36190e-20	5.14335e-20	7.86891e-20	8.14181e-20	8.14181e-20	8.14181e-20	8.14181e-20	8.14181e-20	8.14181e-20	8.14181e-20	8.14181e-20	8.14181e-20	8.14181e-20	8.14181e-20	8.14181e-20	8.14181e-20	8.14181e-20	8.14181e-20	8.14181e-20	8.14181e-20	8.14181e-20	8.14181e-20	8.14181e-20	8.14181e-20	8.14181e-20	8.14181e-20	8.14181e-20	8.14181e-20	8.14181e-20	8.14181e-20	8.14181e-20	8.14181e-20	8.14181e-20	8.14181e-20	8.14181e-20	8.14181e-20	8.14181e-20	8.14181e-20	8.14181e-20	8.14181e-20	8.14181e-20	8.14181e-20	8.14181e-20	8.14181e-20	8.14181e-20	8.14181e-20	8.14181e-20	8.14181e-20	8.14181e-20	8.14181e-20	8.14181e-20	8.14181e-20	8.14181e-20	8.14181e-20	8.14181e-20	8.14181e-20	8.14181e-20	8.14181e-20	8.14181e-20	8.14181e-20	8.14181e-20	8.14181e-20	8.14181e-20	8.14181e-20	8.14181e-20	8.14181e-20	8.14181e-20	8.14181e-20	8.14181e-20	8.14181e-20	8.14181e-20	8.14181e-20	8.14181e-20	8.14181e-20	8.14181e-20	8.14181e-20	8.14181e-20	8.14181e-20	8.14181e-20	8.14181e-20	8.14181e-20	8.14181e-20	8.14181e-20	8.14181e-20	8.14181e-20	8.14181e-20	8.14181e-20	8.14181e-20	8.14181e-20	8.14181e-20	8.14181e-20	8.14181e-20	8.14181e-20	8.14181e-20	8.14181e-20	8.14181e-20	8.14181e-20	8.14181e-20	8.14181e-20	8.14181e-20	8.14181e-20	8.14181e-20	8.14181e-20	8.14181e-20	8.14181e-20	8.14181e-20	8.14181e-20	8.14181e-20	8.14181e-20	8.14181e-20	8.14181e-20	8.14181e-20	8.14181e-20	8.14181e-20	8.14181e-20	8.14181e-20	8.14181e-20	8.14181e-20	8.14181e-20	8.14181e-20	8.14181e-20	8.14181e-20	8.14181e-20	8.14181e-20	8.14181e-20	8.14181e-20	8.14181e-20	8.14181e-20	8.14181e-20	8.14181e-20	8.14181e-20	8.14181e-20	8.14181e-20	8.14181e-20	8.14181e-20	8.14181e-20	8.14181e-20	8.14181e-20	8.14181e-20	8.14181e-20	8.14181e-20	8.14181e-20	8.14181e-20	8.14181e-20	8.14181e-20	8.14181e-20	8.14181e-20	8.14181e-20	8.14181e-20	8.14181e-20	8.14181e-20	8.14181e-20	8.14181e-20	8.14181e-20
19.74	9.25381e-27	3.80366e-26	8.20666e-26	1.49421e-25	2.52455e-25	4.10071e-25	6.51181e-25	1.02002e-24	1.58424e-24	2.44735e-24	3.76769e-24	5.78746e-24	8.87721e-24	1.36037e-23	2.08341e-23	3.18948e-23	4.88149e-23	7.46985e-23	1.14294e-22	1.74866e-22	2.67528e-22	4.09279e-22	6.26127e-22	9.57859e-22	1.46534e-21	2.24169e-21	3.42936e-21	5.24631e-21	8.02595e-21	1.22784e-20	1.87842e-20	2.87375e-20	4.39653e-20	6.72633e-20	8.80688e-20	8.80688e-20	8.80688e-20	8.80688e-20	8.80688e-20	8.80688e-20	8.80688e-20	8.80688e-20	8.80688e-20	8.80688e-20	8.80688e-20	8.80688e-20	8.80688e-20	8.80688e-20	8.80688e-20	8.80688e-20	8.80688e-20	8.80688e-20	8.80688e-20	8.80688e-20	8.80688e-20	8.80688e-20	8.80688e-20	8.80688e-20	8.80688e-20	8.80688e-20	8.80688e-20	8.80688e-20	8.80688e-20	8.80688e-20	8.80688e-20	8.80688e-20	8.80688e-20	8.80688e-20	8.80688e-20	8.80688e-20	8.80688e-20	8.80688e-20	8.80688e-20	8.80688e-20	8.80688e-20	8.80688e-20	8.80688e-20	8.80688e-20	8.80688e-20	8.80688e-20	8.80688e-20	8.80688e-20	8.80688e-20	8.80688e-20	8.80688e-20	8.80688e-20	8.80688e-20	8.80688e-20	8.80688e-20	8.80688e-20	8.80688e-20	8.80688e-20	8.80688e-20	8.80688e-20	8.80688e-20	8.80688e-20	8.80688e-20	8.80688e-20	8.80688e-20	8.80688e-20	8.80688e-20	8.80688e-20	8.80688e-20	8.80688e-20	8.80688e-20	8.80688e-20	8.80688e-20	8.80688e-20	8.80688e-20	8.80688e-20	8.80688e-20	8.80688e-20	8.80688e-20	8.80688e-20	8.80688e-20	8.80688e-20	8.80688e-20	8.80688e-20	8.80688e-20	8.80688e-20	8.80688e-20	8.80688e-20	8.80688e-20	8.80688e-20	8.80688e-20	8.80688e-20	8.80688e-20	8.80688e-20	8.80688e-20	8.80688e-20	8.80688e-20	8.80688e-20	8.80688e-20	8.80688e-20	8.80688e-20	8.80688e-20	8.80688e-20	8.80688e-20	8.80688e-20	8.80688e-20	8.80688e-20	8.80688e-20	8.80688e-20	8.80688e-20	8.80688e-20	8.80688e-20	8.80688e-20	8.80688e-20	8.80688e-20	8.80688e-20	8.80688e-20	8.80688e-20	8.80688e-20	8.80688e-20	8.80688e-20	8.80688e-20	8.80688e-20	8.80688e-20	8.80688e-20	8.80688e-20	8.80688e-20	8.80688e-20	8.80688e-20	8.80688e-20	8.80688e-20	8.80688e-20	8.80688e-20	8.80688e-20	8.80688e-20	8.80688e-20	8.80688e-20	8.80688e-20	8.80688e-20	8.80688e-20	8.80688e-20	8.80688e-20	8.80688e-20	8.80688e-20	8.80688e-20	8.80688e-20	8.80688e-20	8.80688e-20	8.80688e-20	8.80688e-20	8.80688e-20
19.78	7.91014e-27	3.25136e-26	7.01504e-26	1.27725e-25	2.15798e-25	3.50528e-25	5.56628e-25	8.71908e-25	1.35420e-24	2.09199e-24	3.22061e-24	4.94712e-24	7.58822e-24	1.16284e-23	1.78090e-23	2.72636e-23	4.17269e-23	6.38522e-23	9.76986e-23	1.49476e-22	2.28682e-22	3.49851e-22	5.35212e-22	8.18776e-22	1.25257e-21	1.91619e-21	2.93142e-21	4.48453e-21	6.86057e-21	1.04956e-20	1.60567e-20	2.45647e-20	3.75814e-20	5.74966e-20	8.79667e-20	9.52634e-20	9.52634e-20	9.52634e-20	9.52634e-20	9.52634e-20	9.52634e-20	9.52634e-20	9.52634e-20	9.52634e-20	9.52634e-20	9.52634e-20	9.52634e-20	9.52634e-20	9.52634e-20	9.52634e-20	9.52634e-20	9.52634e-20	9.52634e-20	9.52634e-20	9.52634e-20	9.52634e-20	9.52634e-20	9.52634e-20	9.52634e-20	9.52634e-20	9.52634e-20	9.52634e-20	9.52634e-20	9.52634e-20	9.52634e-20	9.52634e-20	9.52634e-20	9.52634e-20	9.52634e-20	9.52634e-20	9.52634e-20	9.52634e-20	9.52634e-20	9.52634e-20	9.52634e-20	9.52634e-20	9.52634e-20	9.52634e-20	9.52634e-20	9.52634e-20	9.52634e-20	9.52634e-20	9.52634e-20	9.52634e-20	9.52634e-20	9.52634e-20	9.52634e-20	9.52634e-20	9.52634e-20	9.52634e-20	9.52634e-20	9.52634e-20	9.52634e-20	9.52634e-20	9.52634e-20	9.52634e-20	9.52634e-20	9.52634e-20	9.52634e-20	9.52634e-20	9.52634e-20	9.52634e-20	9.52634e-20	9.52634e-20	9.52634e-20	9.52634e-20	9.52634e-20	9.52634e-20	9.52634e-20	9.52634e-20	9.52634e-20	9.52634e-20	9.52634e-20	9.52634e-20	9.52634e-20	9.52634e-20	9.52634e-20	9.52634e-20	9.52634e-20	9.52634e-20	9.52634e-20	9.52634e-20	9.52634e-20	9.52634e-20	9.52634e-20	9.52634e-20	9.52634e-20	9.52634e-20	9.52634e-20	9.52634e-20	9.52634e-20	9.52634e-20	9.52634e-20	9.52634e-20	9.52634e-20	9.52634e-20	9.52634e-20	9.52634e-20	9.52634e-20	9.52634e-20	9.52634e-20	9.52634e-20	9.52634e-20	9.52634e-20	9.52634e-20	9.52634e-20	9.52634e-20	9.52634e-20	9.52634e-20	9.52634e-20	9.52634e-20	9.52634e-20	9.52634e-20	9.52634e-20	9.52634e-20	9.52634e-20	9.52634e-20	9.52634e-20	9.52634e-20	9.52634e-20	9.52634e-20	9.52634e-20	9.52634e-20	9.52634e-20	9.52634e-20	9.52634e-20	9.52634e-20	9.52634e-20	9.52634e-20	9.52634e-20	9.52634e-20	9.52634e-20	9.52634e-20	9.52634e-20	9.52634e-20	9.52634e-20	9.52634e-20	9.52634e-20	9.52634e-20	9.52634e-20	9.52634e-20	9.52634e-20	9.52634e-20	9.52634e-20	9.52634e-20
19.81	6.76158e-27	2.77926e-26	5.99645e-26	1.09179e-25	1.84464e-25	2.99631e-25	4.75805e-25	7.45306e-25	1.15757e-24	1.78823e-24	2.75298e-24	4.22879e-24	6.48640e-24	9.93998e-24	1.52231e-23	2.33049e-23	3.56681e-23	5.45808e-23	8.35126e-23	1.27771e-22	1.95477e-22	2.99052e-22	4.57499e-22	6.99889e-22	1.07070e-21	1.63796e-21	2.50577e-21	3.83337e-21	5.86440e-21	8.97160e-21	1.37253e-20	2.09979e-20	3.21246e-20	4.91480e-20	7.51938e-20	1.03046e-19	1.03046e-19	1.03046e-19	1.03046e-19	1.03046e-19	1.03046e-19	1.03046e-19	1.03046e-19	1.03046e-19	1.03046e-19	1.03046e-19	1.03046e-19	1.03046e-19	1.03046e-19	1.03046e-19	1.03046e-19	1.03046e-19	1.03046e-19	1.03046e-19	1.03046e-19	1.03046e-19	1.03046e-19	1.03046e-19	1.03046e-19	1.03046e-19	1.03046e-19	1.03046e-19	1.03046e-19	1.03046e-19	1.03046e-19	1.03046e-19	1.03046e-19	1.03046e-19	1.03046e-19	1.03046e-19	1.03046e-19	1.03046e-19	1.03046e-19	1.03046e-19	1.03046e-19	1.03046e-19	1.03046e-19	1.03046e-19	1.03046e-19	1.03046e-19	1.03046e-19	1.03046e-19	1.03046e-19	1.03046e-19	1.03046e-19	1.03046e-19	1.03046e-19	1.03046e-19	1.03046e-19	1.03046e-19	1.03046e-19	1.03046e-19	1.03046e-19	1.03046e-19	1.03046e-19	1.03046e-19	1.03046e-19	1.03046e-19	1.03046e-19	1.03046e-19	1.03046e-19	1.03046e-19	1.03046e-19	1.03046e-19	1.03046e-19	1.03046e-19	1.03046e-19	1.03046e-19	1.03046e-19	1.03046e-19	1.03046e-19	1.03046e-19	1.03046e-19	1.03046e-19	1.03046e-19	1.03046e-19	1.03046e-19	1.03046e-19	1.03046e-19	1.03046e-19	1.03046e-19	1.03046e-19	1.03046e-19	1.03046e-19	1.03046e-19	1.03046e-19	1.03046e-19	1.03046e-19	1.03046e-19	1.03046e-19	1.03046e-19	1.03046e-19	1.03046e-19	1.03046e-19	1.03046e-19	1.03046e-19	1.03046e-19	1.03046e-19	1.03046e-19	1.03046e-19	1.03046e-19	1.03046e-19	1.03046e-19	1.03046e-19	1.03046e-19	1.03046e-19	1.03046e-19	1.03046e-19	1.03046e-19	1.03046e-19	1.03046e-19	1.03046e-19	1.03046e-19	1.03046e-19	1.03046e-19	1.03046e-19	1.03046e-19	1.03046e-19	1.03046e-19	1.03046e-19	1.03046e-19	1.03046e-19	1.03046e-19	1.03046e-19	1.03046e-19	1.03046e-19	1.03046e-19	1.03046e-19	1.03046e-19	1.03046e-19	1.03046e-19	1.03046e-19	1.03046e-19	1.03046e-19	1.03046e-19	1.03046e-19	1.03046e-19	1.03046e-19	1.03046e-19	1.03046e-19	1.03046e-19	1.03046e-19	1.03046e-19	1.03046e-19	1.03046e-19
19.85	5.77978e-27	2.37571e-26	5.12575e-26	9.33260e-26	1.57680e-25	2.56124e-25	4.06717e-25	6.37086e-25	9.89490e-25	1.52858e-24	2.35324e-24	3.61476e-24	5.54457e-24	8.49668e-24	1.30127e-23	1.99210e-23	3.04890e-23	4.66555e-23	7.13864e-23	1.09219e-22	1.67094e-22	2.55629e-22	3.91069e-22	5.98264e-22	9.15229e-22	1.40013e-21	2.14193e-21	3.27676e-21	5.01288e-21	7.66891e-21	1.17323e-20	1.79490e-20	2.74600e-20	4.20116e-20	6.42755e-20	9.83402e-20	1.11466e-19	1.11466e-19	1.11466e-19	1.11466e-19	1.11466e-19	1.11466e-19	1.11466e-19	1.11466e-19	1.11466e-19	1.11466e-19	1.11466e-19	1.11466e-19	1.11466e-19	1.11466e-19	1.11466e-19	1.11466e-19	1.11466e-19	1.11466e-19	1.11466e-19	1.11466e-19	1.11466e-19	1.11466e-19	1.11466e-19	1.11466e-19	1.11466e-19	1.11466e-19	1.11466e-19	1.11466e-19	1.11466e-19	1.11466e-19	1.11466e-19	1.11466e-19	1.11466e-19	1.11466e-19	1.11466e-19	1.11466e-19	1.11466e-19	1.11466e-19	1.11466e-19	1.11466e-19	1.11466e-19	1.11466e-19	1.11466e-19	1.11466e-19	1.11466e-19	1.11466e-19	1.11466e-19	1.11466e-19	1.11466e-19	1.11466e-19	1.11466e-19	1.11466e-19	1.11466e-19	1.11466e-19	1.11466e-19	1.11466e-19	1.11466e-19	1.11466e-19	1.11466e-19	1.11466e-19	1.11466e-19	1.11466e-19	1.11466e-19	1.11466e-19	1.11466e-19	1.11466e-19	1.11466e-19	1.11466e-19	1.11466e-19	1.11466e-19	1.11466e-19	1.11466e-19	1.11466e-19	1.11466e-19	1.11466e-19	1.11466e-19	1.11466e-19	1.11466e-19	1.11466e-19	1.11466e-19	1.11466e-19	1.11466e-19	1.11466e-19	1.11466e-19	1.11466e-19	1.11466e-19	1.11466e-19	1.11466e-19	1.11466e-19	1.11466e-19	1.11466e-19	1.11466e-19	1.11466e-19	1.11466e-19	1.11466e-19	1.11466e-19	1.11466e-19	1.11466e-19	1.11466e-19	1.11466e-19	1.11466e-19	1.11466e-19	1.11466e-19	1.11466e-19	1.11466e-19	1.11466e-19	1.11466e-19	1.11466e-19	1.11466e-19	1.11466e-19	1.11466e-19	1.11466e-19	1.11466e-19	1.11466e-19	1.11466e-19	1.11466e-19	1.11466e-19	1.11466e-19	1.11466e-19	1.11466e-19	1.11466e-19	1.11466e-19	1.11466e-19	1.11466e-19	1.11466e-19	1.11466e-19	1.11466e-19	1.11466e-19	1.11466e-19	1.11466e-19	1.11466e-19	1.11466e-19	1.11466e-19	1.11466e-19	1.11466e-19	1.11466e-19	1.11466e-19	1.11466e-19	1.11466e-19	1.11466e-19	1.11466e-19	1.11466e-19	1.11466e-19	1.11466e-19	1.11466e-19	1.11466e-19	1.11466e-19	1.11466e-19	1.11466e-19
19.88	4.94055e-27	2.03075e-26	4.38149e-26	7.97749e-26	1.34784e-25	2.18934e-25	3.47661e-25	5.44580e-25	8.45815e-25	1.30662e-24	2.01155e-24	3.08989e-24	4.73949e-24	7.26295e-24	1.11232e-23	1.70284e-23	2.60620e-23	3.98811e-23	6.10210e-23	9.33601e-23	1.42831e-22	2.18512e-22	3.34285e-22	5.11395e-22	7.82336e-22	1.19682e-21	1.83092e-21	2.80097e-21	4.28500e-21	6.55537e-21	1.00288e-20	1.53428e-20	2.34728e-20	3.59115e-20	5.49426e-20	8.40611e-20	1.20572e-19	1.20575e-19	1.20575e-19	1.20575e-19	1.20575e-19	1.20575e-19	1.20575e-19	1.20575e-19	1.20575e-19	1.20575e-19	1.20575e-19	1.20575e-19	1.20575e-19	1.20575e-19	1.20575e-19	1.20575e-19	1.20575e-19	1.20575e-19	1.20575e-19	1.20575e-19	1.20575e-19	1.20575e-19	1.20575e-19	1.20575e-19	1.20575e-19	1.20575e-19	1.20575e-19	1.20575e-19	1.20575e-19	1.20575e-19	1.20575e-19	1.20575e-19	1.20575e-19	1.20575e-19	1.20575e-19	1.20575e-19	1.20575e-19	1.20575e-19	1.20575e-19	1.20575e-19	1.20575e-19	1.20575e-19	1.20575e-19	1.20575e-19	1.20575e-19	1.20575e-19	1.20575e-19	1.20575e-19	1.20575e-19	1.20575e-19	1.20575e-19	1.20575e-19	1.20575e-19	1.20575e-19	1.20575e-19	1.20575e-19	1.20575e-19	1.20575e-19	1.20575e-19	1.20575e-19	1.20575e-19	1.20575e-19	1.20575e-19	1.20575e-19	1.20575e-19	1.20575e-19	1.20575e-19	1.20575e-19	1.20575e-19	1.20575e-19	1.20575e-19	1.20575e-19	1.20575e-19	1.20575e-19	1.20575e-19	1.20575e-19	1.20575e-19	1.20575e-19	1.20575e-19	1.20575e-19	1.20575e-19	1.20575e-19	1.20575e-19	1.20575e-19	1.20575e-19	1.20575e-19	1.20575e-19	1.20575e-19	1.20575e-19	1.20575e-19	1.20575e-19	1.20575e-19	1.20575e-19	1.20575e-19	1.20575e-19	1.20575e-19	1.20575e-19	1.20575e-19	1.20575e-19	1.20575e-19	1.20575e-19	1.20575e-19	1.20575e-19	1.20575e-19	1.20575e-19	1.20575e-19	1.20575e-19	1.20575e-19	1.20575e-19	1.20575e-19	1.20575e-19	1.20575e-19	1.20575e-19	1.20575e-19	1.20575e-19	1.20575e-19	1.20575e-19	1.20575e-19	1.20575e-19	1.20575e-19	1.20575e-19	1.20575e-19	1.20575e-19	1.20575e-19	1.20575e-19	1.20575e-19	1.20575e-19	1.20575e-19	1.20575e-19	1.20575e-19	1.20575e-19	1.20575e-19	1.20575e-19	1.20575e-19	1.20575e-19	1.20575e-19	1.20575e-19	1.20575e-19	1.20575e-19	1.20575e-19	1.20575e-19	1.20575e-19	1.20575e-19	1.20575e-19	1.20575e-19	1.20575e-19	1.20575e-19	1.20575e-19	1.20575e-19
19.91	4.22318e-27	1.73588e-26	3.74529e-26	6.81915e-26	1.15213e-25	1.87145e-25	2.97180e-25	4.65506e-25	7.23001e-25	1.11690e-24	1.71947e-24	2.64123e-24	4.05131e-24	6.20835e-24	9.50810e-24	1.45559e-23	2.22777e-23	3.40903e-23	5.21607e-23	7.98041e-23	1.22092e-22	1.86783e-22	2.85747e-22	4.37140e-22	6.68740e-22	1.02304e-21	1.56506e-21	2.39426e-21	3.66281e-21	5.60352e-21	8.57258e-21	1.31150e-20	2.00645e-20	3.06971e-20	4.69649e-20	7.18553e-20	1.09940e-19	1.30429e-19	1.30429e-19	1.30429e-19	1.30429e-19	1.30429e-19	1.30429e-19	1.30429e-19	1.30429e-19	1.30429e-19	1.30429e-19	1.30429e-19	1.30429e-19	1.30429e-19	1.30429e-19	1.30429e-19	1.30429e-19	1.30429e-19	1.30429e-19	1.30429e-19	1.30429e-19	1.30429e-19	1.30429e-19	1.30429e-19	1.30429e-19	1.30429e-19	1.30429e-19	1.30429e-19	1.30429e-19	1.30429e-19	1.30429e-19	1.30429e-19	1.30429e-19	1.30429e-19	1.30429e-19	1.30429e-19	1.30429e-19	1.30429e-19	1.30429e-19	1.30429e-19	1.30429e-19	1.30429e-19	1.30429e-19	1.30429e-19	1.30429e-19	1.30429e-19	1.30429e-19	1.30429e-19	1.30429e-19	1.30429e-19	1.30429e-19	1.30429e-19	1.30429e-19	1.30429e-19	1.30429e-19	1.30429e-19	1.30429e-19	1.30429e-19	1.30429e-19	1.30429e-19	1.30429e-19	1.30429e-19	1.30429e-19	1.30429e-19	1.30429e-19	1.30429e-19	1.30429e-19	1.30429e-19	1.30429e-19	1.30429e-19	1.30429e-19	1.30429e-19	1.30429e-19	1.30429e-19	1.30429e-19	1.30429e-19	1.30429e-19	1.30429e-19	1.30429e-19	1.30429e-19	1.30429e-19	1.30429e-19	1.30429e-19	1.30429e-19	1.30429e-19	1.30429e-19	1.30429e-19	1.30429e-19	1.30429e-19	1.30429e-19	1.30429e-19	1.30429e-19	1.30429e-19	1.30429e-19	1.30429e-19	1.30429e-19	1.30429e-19	1.30429e-19	1.30429e-19	1.30429e-19	1.30429e-19	1.30429e-19	1.30429e-19	1.30429e-19	1.30429e-19	1.30429e-19	1.30429e-19	1.30429e-19	1.30429e-19	1.30429e-19	1.30429e-19	1.30429e-19	1.30429e-19	1.30429e-19	1.30429e-19	1.30429e-19	1.30429e-19	1.30429e-19	1.30429e-19	1.30429e-19	1.30429e-19	1.30429e-19	1.30429e-19	1.30429e-19	1.30429e-19	1.30429e-19	1.30429e-19	1.30429e-19	1.30429e-19	1.30429e-19	1.30429e-19	1.30429e-19	1.30429e-19	1.30429e-19	1.30429e-19	1.30429e-19	1.30429e-19	1.30429e-19	1.30429e-19	1.30429e-19	1.30429e-19	1.30429e-19	1.30429e-19	1.30429e-19	1.30429e-19	1.30429e-19	1.30429e-19	1.30429e-19	1.30429e-19
19.95	3.60996e-27	1.48383e-26	3.20147e-26	5.82900e-26	9.84843e-26	1.59971e-25	2.54029e-25	3.97914e-25	6.18020e-25	9.54725e-25	1.46980e-24	2.25772e-24	3.46305e-24	5.30689e-24	8.12751e-24	1.24423e-23	1.90430e-23	2.91403e-23	4.45869e-23	6.82164e-23	1.04364e-22	1.59662e-22	2.44256e-22	3.73666e-22	5.71638e-22	8.74496e-22	1.33781e-21	2.04661e-21	3.13097e-21	4.78988e-21	7.32783e-21	1.12106e-20	1.71511e-20	2.62398e-20	4.01455e-20	6.14218e-20	9.39763e-20	1.40908e-19	1.41089e-19	1.41089e-19	1.41089e-19	1.41089e-19	1.41089e-19	1.41089e-19	1.41089e-19	1.41089e-19	1.41089e-19	1.41089e-19	1.41089e-19	1.41089e-19	1.41089e-19	1.41089e-19	1.41089e-19	1.41089e-19	1.41089e-19	1.41089e-19	1.41089e-19	1.41089e-19	1.41089e-19	1.41089e-19	1.41089e-19	1.41089e-19	1.41089e-19	1.41089e-19	1.41089e-19	1.41089e-19	1.41089e-19	1.41089e-19	1.41089e-19	1.41089e-19	1.41089e-19	1.41089e-19	1.41089e-19	1.41089e-19	1.41089e-19	1.41089e-19	1.41089e-19	1.41089e-19	1.41089e-19	1.41089e-19	1.41089e-19	1.41089e-19	1.41089e-19	1.41089e-19	1.41089e-19	1.41089e-19	1.41089e-19	1.41089e-19	1.41089e-19	1.41089e-19	1.41089e-19	1.41089e-19	1.41089e-19	1.41089e-19	1.41089e-19	1.41089e-19	1.41089e-19	1.41089e-19	1.41089e-19	1.41089e-19	1.41089e-19	1.41089e-19	1.41089e-19	1.41089e-19	1.41089e-19	1.41089e-19	1.41089e-19	1.41089e-19	1.41089e-19	1.41089e-19	1.41089e-19	1.41089e-19	1.41089e-19	1.41089e-19	1.41089e-19	1.41089e-19	1.41089e-19	1.41089e-19	1.41089e-19	1.41089e-19	1.41089e-19	1.41089e-19	1.41089e-19	1.41089e-19	1.41089e-19	1.41089e-19	1.41089e-19	1.41089e-19	1.41089e-19	1.41089e-19	1.41089e-19	1.41089e-19	1.41089e-19	1.41089e-19	1.41089e-19	1.41089e-19	1.41089e-19	1.41089e-19	1.41089e-19	1.41089e-19	1.41089e-19	1.41089e-19	1.41089e-19	1.41089e-19	1.41089e-19	1.41089e-19	1.41089e-19	1.41089e-19	1.41089e-19	1.41089e-19	1.41089e-19	1.41089e-19	1.41089e-19	1.41089e-19	1.41089e-19	1.41089e-19	1.41089e-19	1.41089e-19	1.41089e-19	1.41089e-19	1.41089e-19	1.41089e-19	1.41089e-19	1.41089e-19	1.41089e-19	1.41089e-19	1.41089e-19	1.41089e-19	1.41089e-19	1.41089e-19	1.41089e-19	1.41089e-19	1.41089e-19	1.41089e-19	1.41089e-19	1.41089e-19	1.41089e-19	1.41089e-19	1.41089e-19	1.41089e-19	1.41089e-19	1.41089e-19	1.41089e-19	1.41089e-19	1.41089e-19
19.98	3.08579e-27	1.26838e-26	2.73661e-26	4.98262e-26	8.41842e-26	1.36743e-25	2.17144e-25	3.40136e-25	5.28283e-25	8.16098e-25	1.25638e-24	1.92990e-24	2.96021e-24	4.53632e-24	6.94738e-24	1.06357e-23	1.62779e-23	2.49091e-23	3.81128e-23	5.83113e-23	8.92103e-23	1.36479e-22	2.08789e-22	3.19409e-22	4.88635e-22	7.47518e-22	1.14356e-21	1.74944e-21	2.67635e-21	4.09438e-21	6.26382e-21	9.58284e-21	1.46607e-20	2.24297e-20	3.43163e-20	5.25032e-20	8.03308e-20	1.22911e-19	1.52623e-19	1.52623e-19	1.52623e-19	1.52623e-19	1.52623e-19	1.52623e-19	1.52623e-19	1.52623e-19	1.52623e-19	1.52623e-19	1.52623e-19	1.52623e-19	1.52623e-19	1.52623e-19	1.52623e-19	1.52623e-19	1.52623e-19	1.52623e-19	1.52623e-19	1.52623e-19	1.52623e-19	1.52623e-19	1.52623e-19	1.52623e-19	1.52623e-19	1.52623e-19	1.52623e-19	1.52623e-19	1.52623e-19	1.52623e-19	1.52623e-19	1.52623e-19	1.52623e-19	1.52623e-19	1.52623e-19	1.52623e-19	1.52623e-19	1.52623e-19	1.52623e-19	1.52623e-19	1.52623e-19	1.52623e-19	1.52623e-19	1.52623e-19	1.52623e-19	1.52623e-19	1.52623e-19	1.52623e-19	1.52623e-19	1.52623e-19	1.52623e-19	1.52623e-19	1.52623e-19	1.52623e-19	1.52623e-19	1.52623e-19	1.52623e-19	1.52623e-19	1.52623e-19	1.52623e-19	1.52623e-19	1.52623e-19	1.52623e-19	1.52623e-19	1.52623e-19	1.52623e-19	1.52623e-19	1.52623e-19	1.52623e-19	1.52623e-19	1.52623e-19	1.52623e-19	1.52623e-19	1.52623e-19	1.52623e-19	1.52623e-19	1.52623e-19	1.52623e-19	1.52623e-19	1.52623e-19	1.52623e-19	1.52623e-19	1.52623e-19	1.52623e-19	1.52623e-19	1.52623e-19	1.52623e-19	1.52623e-19	1.52623e-19	1.52623e-19	1.52623e-19	1.52623e-19	1.52623e-19	1.52623e-19	1.52623e-19	1.52623e-19	1.52623e-19	1.52623e-19	1.52623e-19	1.52623e-19	1.52623e-19	1.52623e-19	1.52623e-19	1.52623e-19	1.52623e-19	1.52623e-19	1.52623e-19	1.52623e-19	1.52623e-19	1.52623e-19	1.52623e-19	1.52623e-19	1.52623e-19	1.52623e-19	1.52623e-19	1.52623e-19	1.52623e-19	1.52623e-19	1.52623e-19	1.52623e-19	1.52623e-19	1.52623e-19	1.52623e-19	1.52623e-19	1.52623e-19	1.52623e-19	1.52623e-19	1.52623e-19	1.52623e-19	1.52623e-19	1.52623e-19	1.52623e-19	1.52623e-19	1.52623e-19	1.52623e-19	1.52623e-19	1.52623e-19	1.52623e-19	1.52623e-19	1.52623e-19	1.52623e-19	1.52623e-19	1.52623e-19	1.52623e-19	1.52623e-19	1.52623e-19	1.52623e-19
20.02	2.63773e-27	1.08421e-26	2.33925e-26	4.25913e-26	7.19605e-26	1.16888e-25	1.85614e-25	2.90748e-25	4.51575e-25	6.97599e-25	1.07395e-24	1.64967e-24	2.53038e-24	3.87764e-24	5.93861e-24	9.09137e-24	1.39143e-23	2.12923e-23	3.25787e-23	4.98444e-23	7.62568e-23	1.16662e-22	1.78473e-22	2.73031e-22	4.17685e-22	6.38977e-22	9.77515e-22	1.49542e-21	2.28774e-21	3.49987e-21	5.35430e-21	8.19140e-21	1.25320e-20	1.91729e-20	2.93335e-20	4.48797e-20	6.86667e-20	1.05064e-19	1.60760e-19	1.65101e-19	1.65101e-19	1.65101e-19	1.65101e-19	1.65101e-19	1.65101e-19	1.65101e-19	1.65101e-19	1.65101e-19	1.65101e-19	1.65101e-19	1.65101e-19	1.65101e-19	1.65101e-19	1.65101e-19	1.65101e-19	1.65101e-19	1.65101e-19	1.65101e-19	1.65101e-19	1.65101e-19	1.65101e-19	1.65101e-19	1.65101e-19	1.65101e-19	1.65101e-19	1.65101e-19	1.65101e-19	1.65101e-19	1.65101e-19	1.65101e-19	1.65101e-19	1.65101e-19	1.65101e-19	1.65101e-19	1.65101e-19	1.65101e-19	1.65101e-19	1.65101e-19	1.65101e-19	1.65101e-19	1.65101e-19	1.65101e-19	1.65101e-19	1.65101e-19	1.65101e-19	1.65101e-19	1.65101e-19	1.65101e-19	1.65101e-19	1.65101e-19	1.65101e-19	1.65101e-19	1.65101e-19	1.65101e-19	1.65101e-19	1.65101e-19	1.65101e-19	1.65101e-19	1.65101e-19	1.65101e-19	1.65101e-19	1.65101e-19	1.65101e-19	1.65101e-19	1.65101e-19	1.65101e-19	1.65101e-19	1.65101e-19	1.65101e-19	1.65101e-19	1.65101e-19	1.65101e-19	1.65101e-19	1.65101e-19	1.65101e-19	1.65101e-19	1.65101e-19	1.65101e-19	1.65101e-19	1.65101e-19	1.65101e-19	1.65101e-19	1.65101e-19	1.65101e-19	1.65101e-19	1.65101e-19	1.65101e-19	1.65101e-19	1.65101e-19	1.65101e-19	1.65101e-19	1.65101e-19	1.65101e-19	1.65101e-19	1.65101e-19	1.65101e-19	1.65101e-19	1.65101e-19	1.65101e-19	1.65101e-19	1.65101e-19	1.65101e-19	1.65101e-19	1.65101e-19	1.65101e-19	1.65101e-19	1.65101e-19	1.65101e-19	1.65101e-19	1.65101e-19	1.65101e-19	1.65101e-19	1.65101e-19	1.65101e-19	1.65101e-19	1.65101e-19	1.65101e-19	1.65101e-19	1.65101e-19	1.65101e-19	1.65101e-19	1.65101e-19	1.65101e-19	1.65101e-19	1.65101e-19	1.65101e-19	1.65101e-19	1.65101e-19	1.65101e-19	1.65101e-19	1.65101e-19	1.65101e-19	1.65101e-19	1.65101e-19	1.65101e-19	1.65101e-19	1.65101e-19	1.65101e-19	1.65101e-19	1.65101e-19	1.65101e-19	1.65101e-19	1.65101e-19	1.65101e-19	1.65101e-19
20.05	2.25473e-27	9.26777e-27	1.99959e-26	3.64070e-26	6.15117e-26	9.99153e-26	1.58663e-25	2.48531e-25	3.86006e-25	5.96307e-25	9.18012e-25	1.41014e-24	2.16297e-24	3.31460e-24	5.07631e-24	7.77129e-24	1.18939e-23	1.82006e-23	2.78483e-23	4.26069e-23	6.51842e-23	9.97225e-23	1.52558e-22	2.33386e-22	3.57036e-22	5.46197e-22	8.35578e-22	1.27828e-21	1.95555e-21	2.99169e-21	4.57685e-21	7.00200e-21	1.07123e-20	1.63890e-20	2.50743e-20	3.83631e-20	5.86962e-20	8.98087e-20	1.37417e-19	1.78601e-19	1.78601e-19	1.78601e-19	1.78601e-19	1.78601e-19	1.78601e-19	1.78601e-19	1.78601e-19	1.78601e-19	1.78601e-19	1.78601e-19	1.78601e-19	1.78601e-19	1.78601e-19	1.78601e-19	1.78601e-19	1.78601e-19	1.78601e-19	1.78601e-19	1.78601e-19	1.78601e-19	1.78601e-19	1.78601e-19	1.78601e-19	1.78601e-19	1.78601e-19	1.78601e-19	1.78601e-19	1.78601e-19	1.78601e-19	1.78601e-19	1.78601e-19	1.78601e-19	1.78601e-19	1.78601e-19	1.78601e-19	1.78601e-19	1.78601e-19	1.78601e-19	1.78601e-19	1.78601e-19	1.78601e-19	1.78601e-19	1.78601e-19	1.78601e-19	1.78601e-19	1.78601e-19	1.78601e-19	1.78601e-19	1.78601e-19	1.78601e-19	1.78601e-19	1.78601e-19	1.78601e-19	1.78601e-19	1.78601e-19	1.78601e-19	1.78601e-19	1.78601e-19	1.78601e-19	1.78601e-19	1.78601e-19	1.78601e-19	1.78601e-19	1.78601e-19	1.78601e-19	1.78601e-19	1.78601e-19	1.78601e-19	1.78601e-19	1.78601e-19	1.78601e-19	1.78601e-19	1.78601e-19	1.78601e-19	1.78601e-19	1.78601e-19	1.78601e-19	1.78601e-19	1.78601e-19	1.78601e-19	1.78601e-19	1.78601e-19	1.78601e-19	1.78601e-19	1.78601e-19	1.78601e-19	1.78601e-19	1.78601e-19	1.78601e-19	1.78601e-19	1.78601e-19	1.78601e-19	1.78601e-19	1.78601e-19	1.78601e-19	1.78601e-19	1.78601e-19	1.78601e-19	1.78601e-19	1.78601e-19	1.78601e-19	1.78601e-19	1.78601e-19	1.78601e-19	1.78601e-19	1.78601e-19	1.78601e-19	1.78601e-19	1.78601e-19	1.78601e-19	1.78601e-19	1.78601e-19	1.78601e-19	1.78601e-19	1.78601e-19	1.78601e-19	1.78601e-19	1.78601e-19	1.78601e-19	1.78601e-19	1.78601e-19	1.78601e-19	1.78601e-19	1.78601e-19	1.78601e-19	1.78601e-19	1.78601e-19	1.78601e-19	1.78601e-19	1.78601e-19	1.78601e-19	1.78601e-19	1.78601e-19	1.78601e-19	1.78601e-19	1.78601e-19	1.78601e-19	1.78601e-19	1.78601e-19	1.78601e-19	1.78601e-19	1.78601e-19	1.78601e-19	1.78601e-19	1.78601e-19
20.08	1.92734e-27	7.92207e-27	1.70924e-26	3.11207e-26	5.25801e-26	8.54075e-26	1.35625e-25	2.12444e-25	3.29957e-25	5.09722e-25	7.84715e-25	1.20538e-24	1.84890e-24	2.83332e-24	4.33923e-24	6.64289e-24	1.01669e-23	1.55578e-23	2.38047e-23	3.64203e-23	5.57194e-23	8.52426e-23	1.30407e-22	1.99498e-22	3.05194e-22	4.66888e-22	7.14251e-22	1.09267e-21	1.67160e-21	2.55729e-21	3.91228e-21	5.98530e-21	9.15687e-21	1.40093e-20	2.14334e-20	3.27927e-20	5.01734e-20	7.67683e-20	1.17464e-19	1.79740e-19	1.93208e-19	1.93208e-19	1.93208e-19	1.93208e-19	1.93208e-19	1.93208e-19	1.93208e-19	1.93208e-19	1.93208e-19	1.93208e-19	1.93208e-19	1.93208e-19	1.93208e-19	1.93208e-19	1.93208e-19	1.93208e-19	1.93208e-19	1.93208e-19	1.93208e-19	1.93208e-19	1.93208e-19	1.93208e-19	1.93208e-19	1.93208e-19	1.93208e-19	1.93208e-19	1.93208e-19	1.93208e-19	1.93208e-19	1.93208e-19	1.93208e-19	1.93208e-19	1.93208e-19	1.93208e-19	1.93208e-19	1.93208e-19	1.93208e-19	1.93208e-19	1.93208e-19	1.93208e-19	1.93208e-19	1.93208e-19	1.93208e-19	1.93208e-19	1.93208e-19	1.93208e-19	1.93208e-19	1.93208e-19	1.93208e-19	1.93208e-19	1.93208e-19	1.93208e-19	1.93208e-19	1.93208e-19	1.93208e-19	1.93208e-19	1.93208e-19	1.93208e-19	1.93208e-19	1.93208e-19	1.93208e-19	1.93208e-19	1.93208e-19	1.93208e-19	1.93208e-19	1.93208e-19	1.93208e-19	1.93208e-19	1.93208e-19	1.93208e-19	1.93208e-19	1.93208e-19	1.93208e-19	1.93208e-19	1.93208e-19	1.93208e-19	1.93208e-19	1.93208e-19	1.93208e-19	1.93208e-19	1.93208e-19	1.93208e-19	1.93208e-19	1.93208e-19	1.93208e-19	1.93208e-19	1.93208e-19	1.93208e-19	1.93208e-19	1.93208e-19	1.93208e-19	1.93208e-19	1.93208e-19	1.93208e-19	1.93208e-19	1.93208e-19	1.93208e-19	1.93208e-19	1.93208e-19	1.93208e-19	1.93208e-19	1.93208e-19	1.93208e-19	1.93208e-19	1.93208e-19	1.93208e-19	1.93208e-19	1.93208e-19	1.93208e-19	1.93208e-19	1.93208e-19	1.93208e-19	1.93208e-19	1.93208e-19	1.93208e-19	1.93208e-19	1.93208e-19	1.93208e-19	1.93208e-19	1.93208e-19	1.93208e-19	1.93208e-19	1.93208e-19	1.93208e-19	1.93208e-19	1.93208e-19	1.93208e-19	1.93208e-19	1.93208e-19	1.93208e-19	1.93208e-19	1.93208e-19	1.93208e-19	1.93208e-19	1.93208e-19	1.93208e-19	1.93208e-19	1.93208e-19	1.93208e-19	1.93208e-19	1.93208e-19	1.93208e-19	1.93208e-19	1.93208e-19	1.93208e-19
20.12	1.64748e-27	6.77178e-27	1.46106e-26	2.66019e-26	4.49454e-26	7.30062e-26	1.15932e-25	1.81597e-25	2.82047e-25	4.35709e-25	6.70774e-25	1.03036e-24	1.58044e-24	2.42191e-24	3.70916e-24	5.67833e-24	8.69067e-24	1.32988e-23	2.03482e-23	3.11320e-23	4.76288e-23	7.28652e-23	1.11471e-22	1.70531e-22	2.60879e-22	3.99095e-22	6.10541e-22	9.34017e-22	1.42888e-21	2.18597e-21	3.34421e-21	5.11622e-21	7.82728e-21	1.19751e-20	1.83213e-20	2.80312e-20	4.28881e-20	6.56214e-20	1.00408e-19	1.53641e-19	2.09012e-19	2.09012e-19	2.09012e-19	2.09012e-19	2.09012e-19	2.09012e-19	2.09012e-19	2.09012e-19	2.09012e-19	2.09012e-19	2.09012e-19	2.09012e-19	2.09012e-19	2.09012e-19	2.09012e-19	2.09012e-19	2.09012e-19	2.09012e-19	2.09012e-19	2.09012e-19	2.09012e-19	2.09012e-19	2.09012e-19	2.09012e-19	2.09012e-19	2.09012e-19	2.09012e-19	2.09012e-19	2.09012e-19	2.09012e-19	2.09012e-19	2.09012e-19	2.09012e-19	2.09012e-19	2.09012e-19	2.09012e-19	2.09012e-19	2.09012e-19	2.09012e-19	2.09012e-19	2.09012e-19	2.09012e-19	2.09012e-19	2.09012e-19	2.09012e-19	2.09012e-19	2.09012e-19	2.09012e-19	2.09012e-19	2.09012e-19	2.09012e-19	2.09012e-19	2.09012e-19	2.09012e-19	2.09012e-19	2.09012e-19	2.09012e-19	2.09012e-19	2.09012e-19	2.09012e-19	2.09012e-19	2.09012e-19	2.09012e-19	2.09012e-19	2.09012e-19	2.09012e-19	2.09012e-19	2.09012e-19	2.09012e-19	2.09012e-19	2.09012e-19	2.09012e-19	2.09012e-19	2.09012e-19	2.09012e-19	2.09012e-19	2.09012e-19	2.09012e-19	2.09012e-19	2.09012e-19	2.09012e-19	2.09012e-19	2.09012e-19	2.09012e-19	2.09012e-19	2.09012e-19	2.09012e-19	2.09012e-19	2.09012e-19	2.09012e-19	2.09012e-19	2.09012e-19	2.09012e-19	2.09012e-19	2.09012e-19	2.09012e-19	2.09012e-19	2.09012e-19	2.09012e-19	2.09012e-19	2.09012e-19	2.09012e-19	2.09012e-19	2.09012e-19	2.09012e-19	2.09012e-19	2.09012e-19	2.09012e-19	2.09012e-19	2.09012e-19	2.09012e-19	2.09012e-19	2.09012e-19	2.09012e-19	2.09012e-19	2.09012e-19	2.09012e-19	2.09012e-19	2.09012e-19	2.09012e-19	2.09012e-19	2.09012e-19	2.09012e-19	2.09012e-19	2.09012e-19	2.09012e-19	2.09012e-19	2.09012e-19	2.09012e-19	2.09012e-19	2.09012e-19	2.09012e-19	2.09012e-19	2.09012e-19	2.09012e-19	2.09012e-19	2.09012e-19	2.09012e-19	2.09012e-19	2.09012e-19	2.09012e-19	2.09012e-19	2.09012e-19	2.09012e-19	2.09012e-19
20.15	1.40827e-27	5.78850e-27	1.24891e-26	2.27393e-26	3.84193e-26	6.24056e-26	9.90983e-26	1.55229e-25	2.41093e-25	3.72444e-25	5.73376e-25	8.80751e-25	1.35096e-24	2.07025e-24	3.17059e-24	4.85383e-24	7.42877e-24	1.13678e-23	1.73936e-23	2.66116e-23	4.07131e-23	6.22851e-23	9.52856e-23	1.45769e-22	2.22999e-22	3.41146e-22	5.21889e-22	7.98396e-22	1.22141e-21	1.86856e-21	2.85863e-21	4.37334e-21	6.69075e-21	1.02363e-20	1.56610e-20	2.39610e-20	3.66607e-20	5.60931e-20	8.58286e-20	1.31332e-19	2.00969e-19	2.26112e-19	2.26112e-19	2.26112e-19	2.26112e-19	2.26112e-19	2.26112e-19	2.26112e-19	2.26112e-19	2.26112e-19	2.26112e-19	2.26112e-19	2.26112e-19	2.26112e-19	2.26112e-19	2.26112e-19	2.26112e-19	2.26112e-19	2.26112e-19	2.26112e-19	2.26112e-19	2.26112e-19	2.26112e-19	2.26112e-19	2.26112e-19	2.26112e-19	2.26112e-19	2.26112e-19	2.26112e-19	2.26112e-19	2.26112e-19	2.26112e-19	2.26112e-19	2.26112e-19	2.26112e-19	2.26112e-19	2.26112e-19	2.26112e-19	2.26112e-19	2.26112e-19	2.26112e-19	2.26112e-19	2.26112e-19	2.26112e-19	2.26112e-19	2.26112e-19	2.26112e-19	2.26112e-19	2.26112e-19	2.26112e-19	2.26112e-19	2.26112e-19	2.26112e-19	2.26112e-19	2.26112e-19	2.26112e-19	2.26112e-19	2.26112e-19	2.26112e-19	2.26112e-19	2.26112e-19	2.26112e-19	2.26112e-19	2.26112e-19	2.26112e-19	2.26112e-19	2.26112e-19	2.26112e-19	2.26112e-19	2.26112e-19	2.26112e-19	2.26112e-19	2.26112e-19	2.26112e-19	2.26112e-19	2.26112e-19	2.26112e-19	2.26112e-19	2.26112e-19	2.26112e-19	2.26112e-19	2.26112e-19	2.26112e-19	2.26112e-19	2.26112e-19	2.26112e-19	2.26112e-19	2.26112e-19	2.26112e-19	2.26112e-19	2.26112e-19	2.26112e-19	2.26112e-19	2.26112e-19	2.26112e-19	2.26112e-19	2.26112e-19	2.26112e-19	2.26112e-19	2.26112e-19	2.26112e-19	2.26112e-19	2.26112e-19	2.26112e-19	2.26112e-19	2.26112e-19	2.26112e-19	2.26112e-19	2.26112e-19	2.26112e-19	2.26112e-19	2.26112e-19	2.26112e-19	2.26112e-19	2.26112e-19	2.26112e-19	2.26112e-19	2.26112e-19	2.26112e-19	2.26112e-19	2.26112e-19	2.26112e-19	2.26112e-19	2.26112e-19	2.26112e-19	2.26112e-19	2.26112e-19	2.26112e-19	2.26112e-19	2.26112e-19	2.26112e-19	2.26112e-19	2.26112e-19	2.26112e-19	2.26112e-19	2.26112e-19	2.26112e-19	2.26112e-19	2.26112e-19	2.26112e-19	2.26112e-19	2.26112e-19	2.26112e-19	2.26112e-19	2.26112e-19
20.19	1.20378e-27	4.94800e-27	1.06757e-26	1.94375e-26	3.28407e-26	5.33442e-26	8.47091e-26	1.32689e-25	2.06086e-25	3.18364e-25	4.90121e-25	7.52865e-25	1.15479e-24	1.76965e-24	2.71021e-24	4.14905e-24	6.35010e-24	9.71719e-24	1.48680e-23	2.27476e-23	3.48015e-23	5.32412e-23	8.14500e-23	1.24603e-22	1.90619e-22	2.91611e-22	4.46110e-22	6.82468e-22	1.04406e-21	1.59724e-21	2.44355e-21	3.73832e-21	5.71924e-21	8.74997e-21	1.33870e-20	2.04818e-20	3.13375e-20	4.79483e-20	7.33662e-20	1.12263e-19	1.71788e-19	2.44612e-19	2.44615e-19	2.44615e-19	2.44615e-19	2.44615e-19	2.44615e-19	2.44615e-19	2.44615e-19	2.44615e-19	2.44615e-19	2.44615e-19	2.44615e-19	2.44615e-19	2.44615e-19	2.44615e-19	2.44615e-19	2.44615e-19	2.44615e-19	2.44615e-19	2.44615e-19	2.44615e-19	2.44615e-19	2.44615e-19	2.44615e-19	2.44615e-19	2.44615e-19	2.44615e-19	2.44615e-19	2.44615e-19	2.44615e-19	2.44615e-19	2.44615e-19	2.44615e-19	2.44615e-19	2.44615e-19	2.44615e-19	2.44615e-19	2.44615e-19	2.44615e-19	2.44615e-19	2.44615e-19	2.44615e-19	2.44615e-19	2.44615e-19	2.44615e-19	2.44615e-19	2.44615e-19	2.44615e-19	2.44615e-19	2.44615e-19	2.44615e-19	2.44615e-19	2.44615e-19	2.44615e-19	2.44615e-19	2.44615e-19	2.44615e-19	2.44615e-19	2.44615e-19	2.44615e-19	2.44615e-19	2.44615e-19	2.44615e-19	2.44615e-19	2.44615e-19	2.44615e-19	2.44615e-19	2.44615e-19	2.44615e-19	2.44615e-19	2.44615e-19	2.44615e-19	2.44615e-19	2.44615e-19	2.44615e-19	2.44615e-19	2.44615e-19	2.44615e-19	2.44615e-19	2.44615e-19	2.44615e-19	2.44615e-19	2.44615e-19	2.44615e-19	2.44615e-19	2.44615e-19	2.44615e-19	2.44615e-19	2.44615e-19	2.44615e-19	2.44615e-19	2.44615e-19	2.44615e-19	2.44615e-19	2.44615e-19	2.44615e-19	2.44615e-19	2.44615e-19	2.44615e-19	2.44615e-19	2.44615e-19	2.44615e-19	2.44615e-19	2.44615e-19	2.44615e-19	2.44615e-19	2.44615e-19	2.44615e-19	2.44615e-19	2.44615e-19	2.44615e-19	2.44615e-19	2.44615e-19	2.44615e-19	2.44615e-19	2.44615e-19	2.44615e-19	2.44615e-19	2.44615e-19	2.44615e-19	2.44615e-19	2.44615e-19	2.44615e-19	2.44615e-19	2.44615e-19	2.44615e-19	2.44615e-19	2.44615e-19	2.44615e-19	2.44615e-19	2.44615e-19	2.44615e-19	2.44615e-19	2.44615e-19	2.44615e-19	2.44615e-19	2.44615e-19	2.44615e-19	2.44615e-19	2.44615e-19	2.44615e-19	2.44615e-19	2.44615e-19	2.44615e-19
20.22	1.02899e-27	4.22955e-27	9.12555e-27	1.66151e-26	2.80722e-26	4.55985e-26	7.24092e-26	1.13422e-25	1.76162e-25	2.72137e-25	4.18955e-25	6.43547e-25	9.87117e-25	1.51269e-24	2.31669e-24	3.54660e-24	5.42806e-24	8.30624e-24	1.27092e-23	1.94446e-23	2.97482e-23	4.55105e-23	6.96233e-23	1.06511e-22	1.62941e-22	2.49269e-22	3.81334e-22	5.83372e-22	8.92459e-22	1.36532e-21	2.08874e-21	3.19551e-21	4.88880e-21	7.47946e-21	1.14432e-20	1.75078e-20	2.67873e-20	4.09861e-20	6.27133e-20	9.59618e-20	1.46844e-19	2.24717e-19	2.64637e-19	2.64637e-19	2.64637e-19	2.64637e-19	2.64637e-19	2.64637e-19	2.64637e-19	2.64637e-19	2.64637e-19	2.64637e-19	2.64637e-19	2.64637e-19	2.64637e-19	2.64637e-19	2.64637e-19	2.64637e-19	2.64637e-19	2.64637e-19	2.64637e-19	2.64637e-19	2.64637e-19	2.64637e-19	2.64637e-19	2.64637e-19	2.64637e-19	2.64637e-19	2.64637e-19	2.64637e-19	2.64637e-19	2.64637e-19	2.64637e-19	2.64637e-19	2.64637e-19	2.64637e-19	2.64637e-19	2.64637e-19	2.64637e-19	2.64637e-19	2.64637e-19	2.64637e-19	2.64637e-19	2.64637e-19	2.64637e-19	2.64637e-19	2.64637e-19	2.64637e-19	2.64637e-19	2.64637e-19	2.64637e-19	2.64637e-19	2.64637e-19	2.64637e-19	2.64637e-19	2.64637e-19	2.64637e-19	2.64637e-19	2.64637e-19	2.64637e-19	2.64637e-19	2.64637e-19	2.64637e-19	2.64637e-19	2.64637e-19	2.64637e-19	2.64637e-19	2.64637e-19	2.64637e-19	2.64637e-19	2.64637e-19	2.64637e-19	2.64637e-19	2.64637e-19	2.64637e-19	2.64637e-19	2.64637e-19	2.64637e-19	2.64637e-19	2.64637e-19	2.64637e-19	2.64637e-19	2.64637e-19	2.64637e-19	2.64637e-19	2.64637e-19	2.64637e-19	2.64637e-19	2.64637e-19	2.64637e-19	2.64637e-19	2.64637e-19	2.64637e-19	2.64637e-19	2.64637e-19	2.64637e-19	2.64637e-19	2.64637e-19	2.64637e-19	2.64637e-19	2.64637e-19	2.64637e-19	2.64637e-19	2.64637e-19	2.64637e-19	2.64637e-19	2.64637e-19	2.64637e-19	2.64637e-19	2.64637e-19	2.64637e-19	2.64637e-19	2.64637e-19	2.64637e-19	2.64637e-19	2.64637e-19	2.64637e-19	2.64637e-19	2.64637e-19	2.64637e-19	2.64637e-19	2.64637e-19	2.64637e-19	2.64637e-19	2.64637e-19	2.64637e-19	2.64637e-19	2.64637e-19	2.64637e-19	2.64637e-19	2.64637e-19	2.64637e-19	2.64637e-19	2.64637e-19	2.64637e-19	2.64637e-19	2.64637e-19	2.64637e-19	2.64637e-19	2.64637e-19	2.64637e-19	2.64637e-19	2.64637e-19	2.64637e-19	2.64637e-19
20.25	8.79582e-28	3.61541e-27	7.80050e-27	1.42026e-26	2.39961e-26	3.89776e-26	6.18953e-26	9.69534e-26	1.50583e-25	2.32623e-25	3.58122e-25	5.50103e-25	8.43786e-25	1.29305e-24	1.98030e-24	3.03163e-24	4.63990e-24	7.10016e-24	1.08638e-23	1.66212e-23	2.54287e-23	3.89023e-23	5.95139e-23	9.10453e-23	1.39282e-22	2.13075e-22	3.25964e-22	4.98666e-22	7.62873e-22	1.16707e-21	1.78545e-21	2.73152e-21	4.17894e-21	6.39343e-21	9.78161e-21	1.49657e-20	2.28977e-20	3.50349e-20	5.36072e-20	8.20280e-20	1.25522e-19	1.92088e-19	2.86104e-19	2.86303e-19	2.86303e-19	2.86303e-19	2.86303e-19	2.86303e-19	2.86303e-19	2.86303e-19	2.86303e-19	2.86303e-19	2.86303e-19	2.86303e-19	2.86303e-19	2.86303e-19	2.86303e-19	2.86303e-19	2.86303e-19	2.86303e-19	2.86303e-19	2.86303e-19	2.86303e-19	2.86303e-19	2.86303e-19	2.86303e-19	2.86303e-19	2.86303e-19	2.86303e-19	2.86303e-19	2.86303e-19	2.86303e-19	2.86303e-19	2.86303e-19	2.86303e-19	2.86303e-19	2.86303e-19	2.86303e-19	2.86303e-19	2.86303e-19	2.86303e-19	2.86303e-19	2.86303e-19	2.86303e-19	2.86303e-19	2.86303e-19	2.86303e-19	2.86303e-19	2.86303e-19	2.86303e-19	2.86303e-19	2.86303e-19	2.86303e-19	2.86303e-19	2.86303e-19	2.86303e-19	2.86303e-19	2.86303e-19	2.86303e-19	2.86303e-19	2.86303e-19	2.86303e-19	2.86303e-19	2.86303e-19	2.86303e-19	2.86303e-19	2.86303e-19	2.86303e-19	2.86303e-19	2.86303e-19	2.86303e-19	2.86303e-19	2.86303e-19	2.86303e-19	2.86303e-19	2.86303e-19	2.86303e-19	2.86303e-19	2.86303e-19	2.86303e-19	2.86303e-19	2.86303e-19	2.86303e-19	2.86303e-19	2.86303e-19	2.86303e-19	2.86303e-19	2.86303e-19	2.86303e-19	2.86303e-19	2.86303e-19	2.86303e-19	2.86303e-19	2.86303e-19	2.86303e-19	2.86303e-19	2.86303e-19	2.86303e-19	2.86303e-19	2.86303e-19	2.86303e-19	2.86303e-19	2.86303e-19	2.86303e-19	2.86303e-19	2.86303e-19	2.86303e-19	2.86303e-19	2.86303e-19	2.86303e-19	2.86303e-19	2.86303e-19	2.86303e-19	2.86303e-19	2.86303e-19	2.86303e-19	2.86303e-19	2.86303e-19	2.86303e-19	2.86303e-19	2.86303e-19	2.86303e-19	2.86303e-19	2.86303e-19	2.86303e-19	2.86303e-19	2.86303e-19	2.86303e-19	2.86303e-19	2.86303e-19	2.86303e-19	2.86303e-19	2.86303e-19	2.86303e-19	2.86303e-19	2.86303e-19	2.86303e-19	2.86303e-19	2.86303e-19	2.86303e-19	2.86303e-19	2.86303e-19	2.86303e-19	2.86303e-19	2.86303e-19
20.29	7.51865e-28	3.09045e-27	6.66786e-27	1.21403e-26	2.05118e-26	3.33180e-26	5.29080e-26	8.28756e-26	1.28718e-25	1.98845e-25	3.06122e-25	4.70227e-25	7.21267e-25	1.10529e-24	1.69276e-24	2.59143e-24	3.96618e-24	6.06920e-24	9.28633e-24	1.42078e-23	2.17365e-23	3.32536e-23	5.08724e-23	7.78254e-23	1.19058e-22	1.82136e-22	2.78633e-22	4.26259e-22	6.52102e-22	9.97613e-22	1.52620e-21	2.33490e-21	3.57215e-21	5.46510e-21	8.36130e-21	1.27926e-20	1.95729e-20	2.99478e-20	4.58234e-20	7.01174e-20	1.07296e-19	1.64196e-19	2.51286e-19	3.09749e-19	3.09749e-19	3.09749e-19	3.09749e-19	3.09749e-19	3.09749e-19	3.09749e-19	3.09749e-19	3.09749e-19	3.09749e-19	3.09749e-19	3.09749e-19	3.09749e-19	3.09749e-19	3.09749e-19	3.09749e-19	3.09749e-19	3.09749e-19	3.09749e-19	3.09749e-19	3.09749e-19	3.09749e-19	3.09749e-19	3.09749e-19	3.09749e-19	3.09749e-19	3.09749e-19	3.09749e-19	3.09749e-19	3.09749e-19	3.09749e-19	3.09749e-19	3.09749e-19	3.09749e-19	3.09749e-19	3.09749e-19	3.09749e-19	3.09749e-19	3.09749e-19	3.09749e-19	3.09749e-19	3.09749e-19	3.09749e-19	3.09749e-19	3.09749e-19	3.09749e-19	3.09749e-19	3.09749e-19	3.09749e-19	3.09749e-19	3.09749e-19	3.09749e-19	3.09749e-19	3.09749e-19	3.09749e-19	3.09749e-19	3.09749e-19	3.09749e-19	3.09749e-19	3.09749e-19	3.09749e-19	3.09749e-19	3.09749e-19	3.09749e-19	3.09749e-19	3.09749e-19	3.09749e-19	3.09749e-19	3.09749e-19	3.09749e-19	3.09749e-19	3.09749e-19	3.09749e-19	3.09749e-19	3.09749e-19	3.09749e-19	3.09749e-19	3.09749e-19	3.09749e-19	3.09749e-19	3.09749e-19	3.09749e-19	3.09749e-19	3.09749e-19	3.09749e-19	3.09749e-19	3.09749e-19	3.09749e-19	3.09749e-19	3.09749e-19	3.09749e-19	3.09749e-19	3.09749e-19	3.09749e-19	3.09749e-19	3.09749e-19	3.09749e-19	3.09749e-19	3.09749e-19	3.09749e-19	3.09749e-19	3.09749e-19	3.09749e-19	3.09749e-19	3.09749e-19	3.09749e-19	3.09749e-19	3.09749e-19	3.09749e-19	3.09749e-19	3.09749e-19	3.09749e-19	3.09749e-19	3.09749e-19	3.09749e-19	3.09749e-19	3.09749e-19	3.09749e-19	3.09749e-19	3.09749e-19	3.09749e-19	3.09749e-19	3.09749e-19	3.09749e-19	3.09749e-19	3.09749e-19	3.09749e-19	3.09749e-19	3.09749e-19	3.09749e-19	3.09749e-19	3.09749e-19	3.09749e-19	3.09749e-19	3.09749e-19	3.09749e-19	3.09749e-19	3.09749e-19	3.09749e-19	3.09749e-19	3.09749e-19	3.09749e-19
20.32	6.42693e-28	2.64171e-27	5.69967e-27	1.03776e-26	1.75335e-26	2.84801e-26	4.52257e-26	7.08419e-26	1.10028e-25	1.69973e-25	2.61673e-25	4.01950e-25	6.16538e-25	9.44803e-25	1.44697e-24	2.21515e-24	3.39028e-24	5.18795e-24	7.93794e-24	1.21448e-23	1.85803e-23	2.84252e-23	4.34856e-23	6.65250e-23	1.01771e-22	1.55689e-22	2.38175e-22	3.64365e-22	5.57416e-22	8.52758e-22	1.30460e-21	1.99587e-21	3.05347e-21	4.67155e-21	7.14723e-21	1.09351e-20	1.67309e-20	2.55993e-20	3.91697e-20	5.99363e-20	9.17165e-20	1.40355e-19	2.14799e-19	3.28741e-19	3.35122e-19	3.35122e-19	3.35122e-19	3.35122e-19	3.35122e-19	3.35122e-19	3.35122e-19	3.35122e-19	3.35122e-19	3.35122e-19	3.35122e-19	3.35122e-19	3.35122e-19	3.35122e-19	3.35122e-19	3.35122e-19	3.35122e-19	3.35122e-19	3.35122e-19	3.35122e-19	3.35122e-19	3.35122e-19	3.35122e-19	3.35122e-19	3.35122e-19	3.35122e-19	3.35122e-19	3.35122e-19	3.35122e-19	3.35122e-19	3.35122e-19	3.35122e-19	3.35122e-19	3.35122e-19	3.35122e-19	3.35122e-19	3.35122e-19	3.35122e-19	3.35122e-19	3.35122e-19	3.35122e-19	3.35122e-19	3.35122e-19	3.35122e-19	3.35122e-19	3.35122e-19	3.35122e-19	3.35122e-19	3.35122e-19	3.35122e-19	3.35122e-19	3.35122e-19	3.35122e-19	3.35122e-19	3.35122e-19	3.35122e-19	3.35122e-19	3.35122e-19	3.35122e-19	3.35122e-19	3.35122e-19	3.35122e-19	3.35122e-19	3.35122e-19	3.35122e-19	3.35122e-19	3.35122e-19	3.35122e-19	3.35122e-19	3.35122e-19	3.35122e-19	3.35122e-19	3.35122e-19	3.35122e-19	3.35122e-19	3.35122e-19	3.35122e-19	3.35122e-19	3.35122e-19	3.35122e-19	3.35122e-19	3.35122e-19	3.35122e-19	3.35122e-19	3.35122e-19	3.35122e-19	3.35122e-19	3.35122e-19	3.35122e-19	3.35122e-19	3.35122e-19	3.35122e-19	3.35122e-19	3.35122e-19	3.35122e-19	3.35122e-19	3.35122e-19	3.35122e-19	3.35122e-19	3.35122e-19	3.35122e-19	3.35122e-19	3.35122e-19	3.35122e-19	3.35122e-19	3.35122e-19	3.35122e-19	3.35122e-19	3.35122e-19	3.35122e-19	3.35122e-19	3.35122e-19	3.35122e-19	3.35122e-19	3.35122e-19	3.35122e-19	3.35122e-19	3.35122e-19	3.35122e-19	3.35122e-19	3.35122e-19	3.35122e-19	3.35122e-19	3.35122e-19	3.35122e-19	3.35122e-19	3.35122e-19	3.35122e-19	3.35122e-19	3.35122e-19	3.35122e-19	3.35122e-19	3.35122e-19	3.35122e-19	3.35122e-19	3.35122e-19	3.35122e-19	3.35122e-19	3.35122e-19	3.35122e-19	3.35122e-19
20.36	5.49373e-28	2.25813e-27	4.87207e-27	8.87071e-27	1.49876e-26	2.43448e-26	3.86588e-26	6.05556e-26	9.40519e-26	1.45292e-25	2.23677e-25	3.43586e-25	5.27016e-25	8.07616e-25	1.23686e-24	1.89351e-24	2.89801e-24	4.43465e-24	6.78534e-24	1.03813e-23	1.58824e-23	2.42978e-23	3.71715e-23	5.68655e-23	8.69933e-23	1.33083e-22	2.03592e-22	3.11459e-22	4.76479e-22	7.28936e-22	1.11517e-21	1.70606e-21	2.61010e-21	3.99324e-21	6.10944e-21	9.34732e-21	1.43016e-20	2.18822e-20	3.34822e-20	5.12334e-20	7.83991e-20	1.19975e-19	1.83610e-19	2.81015e-19	3.62583e-19	3.62583e-19	3.62583e-19	3.62583e-19	3.62583e-19	3.62583e-19	3.62583e-19	3.62583e-19	3.62583e-19	3.62583e-19	3.62583e-19	3.62583e-19	3.62583e-19	3.62583e-19	3.62583e-19	3.62583e-19	3.62583e-19	3.62583e-19	3.62583e-19	3.62583e-19	3.62583e-19	3.62583e-19	3.62583e-19	3.62583e-19	3.62583e-19	3.62583e-19	3.62583e-19	3.62583e-19	3.62583e-19	3.62583e-19	3.62583e-19	3.62583e-19	3.62583e-19	3.62583e-19	3.62583e-19	3.62583e-19	3.62583e-19	3.62583e-19	3.62583e-19	3.62583e-19	3.62583e-19	3.62583e-19	3.62583e-19	3.62583e-19	3.62583e-19	3.62583e-19	3.62583e-19	3.62583e-19	3.62583e-19	3.62583e-19	3.62583e-19	3.62583e-19	3.62583e-19	3.62583e-19	3.62583e-19	3.62583e-19	3.62583e-19	3.62583e-19	3.62583e-19	3.62583e-19	3.62583e-19	3.62583e-19	3.62583e-19	3.62583e-19	3.62583e-19	3.62583e-19	3.62583e-19	3.62583e-19	3.62583e-19	3.62583e-19	3.62583e-19	3.62583e-19	3.62583e-19	3.62583e-19	3.62583e-19	3.62583e-19	3.62583e-19	3.62583e-19	3.62583e-19	3.62583e-19	3.62583e-19	3.62583e-19	3.62583e-19	3.62583e-19	3.62583e-19	3.62583e-19	3.62583e-19	3.62583e-19	3.62583e-19	3.62583e-19	3.62583e-19	3.62583e-19	3.62583e-19	3.62583e-19	3.62583e-19	3.62583e-19	3.62583e-19	3.62583e-19	3.62583e-19	3.62583e-19	3.62583e-19	3.62583e-19	3.62583e-19	3.62583e-19	3.62583e-19	3.62583e-19	3.62583e-19	3.62583e-19	3.62583e-19	3.62583e-19	3.62583e-19	3.62583e-19	3.62583e-19	3.62583e-19	3.62583e-19	3.62583e-19	3.62583e-19	3.62583e-19	3.62583e-19	3.62583e-19	3.62583e-19	3.62583e-19	3.62583e-19	3.62583e-19	3.62583e-19	3.62583e-19	3.62583e-19	3.62583e-19	3.62583e-19	3.62583e-19	3.62583e-19	3.62583e-19	3.62583e-19	3.62583e-19	3.62583e-19	3.62583e-19	3.62583e-19	3.62583e-19	3.62583e-19	3.62583e-19	3.62583e-19
20.39	4.69603e-28	1.93025e-27	4.16464e-27	7.58267e-27	1.28114e-26	2.08099e-26	3.30455e-26	5.17628e-26	8.03954e-26	1.24196e-25	1.91199e-25	2.93697e-25	4.50492e-25	6.90349e-25	1.05727e-24	1.61857e-24	2.47721e-24	3.79073e-24	5.80010e-24	8.87396e-24	1.35763e-23	2.07697e-23	3.17741e-23	4.86085e-23	7.43617e-23	1.13759e-22	1.74030e-22	2.66235e-22	4.07293e-22	6.23093e-22	9.53243e-22	1.45834e-21	2.23111e-21	3.41341e-21	5.22234e-21	7.99007e-21	1.22249e-20	1.87049e-20	2.86206e-20	4.37943e-20	6.70155e-20	1.02554e-19	1.56949e-19	2.40211e-19	3.67671e-19	3.92303e-19	3.92303e-19	3.92303e-19	3.92303e-19	3.92303e-19	3.92303e-19	3.92303e-19	3.92303e-19	3.92303e-19	3.92303e-19	3.92303e-19	3.92303e-19	3.92303e-19	3.92303e-19	3.92303e-19	3.92303e-19	3.92303e-19	3.92303e-19	3.92303e-19	3.92303e-19	3.92303e-19	3.92303e-19	3.92303e-19	3.92303e-19	3.92303e-19	3.92303e-19	3.92303e-19	3.92303e-19	3.92303e-19	3.92303e-19	3.92303e-19	3.92303e-19	3.92303e-19	3.92303e-19	3.92303e-19	3.92303e-19	3.92303e-19	3.92303e-19	3.92303e-19	3.92303e-19	3.92303e-19	3.92303e-19	3.92303e-19	3.92303e-19	3.92303e-19	3.92303e-19	3.92303e-19	3.92303e-19	3.92303e-19	3.92303e-19	3.92303e-19	3.92303e-19	3.92303e-19	3.92303e-19	3.92303e-19	3.92303e-19	3.92303e-19	3.92303e-19	3.92303e-19	3.92303e-19	3.92303e-19	3.92303e-19	3.92303e-19	3.92303e-19	3.92303e-19	3.92303e-19	3.92303e-19	3.92303e-19	3.92303e-19	3.92303e-19	3.92303e-19	3.92303e-19	3.92303e-19	3.92303e-19	3.92303e-19	3.92303e-19	3.92303e-19	3.92303e-19	3.92303e-19	3.92303e-19	3.92303e-19	3.92303e-19	3.92303e-19	3.92303e-19	3.92303e-19	3.92303e-19	3.92303e-19	3.92303e-19	3.92303e-19	3.92303e-19	3.92303e-19	3.92303e-19	3.92303e-19	3.92303e-19	3.92303e-19	3.92303e-19	3.92303e-19	3.92303e-19	3.92303e-19	3.92303e-19	3.92303e-19	3.92303e-19	3.92303e-19	3.92303e-19	3.92303e-19	3.92303e-19	3.92303e-19	3.92303e-19	3.92303e-19	3.92303e-19	3.92303e-19	3.92303e-19	3.92303e-19	3.92303e-19	3.92303e-19	3.92303e-19	3.92303e-19	3.92303e-19	3.92303e-19	3.92303e-19	3.92303e-19	3.92303e-19	3.92303e-19	3.92303e-19	3.92303e-19	3.92303e-19	3.92303e-19	3.92303e-19	3.92303e-19	3.92303e-19	3.92303e-19	3.92303e-19	3.92303e-19	3.92303e-19	3.92303e-19	3.92303e-19	3.92303e-19	3.92303e-19	3.92303e-19	3.92303e-19
20.42	4.01416e-28	1.64997e-27	3.55993e-27	6.48166e-27	1.09511e-26	1.77882e-26	2.82472e-26	4.42468e-26	6.87218e-26	1.06162e-25	1.63437e-25	2.51052e-25	3.85080e-25	5.90109e-25	9.03752e-25	1.38355e-24	2.11752e-24	3.24031e-24	4.95792e-24	7.58545e-24	1.16050e-23	1.77539e-23	2.71605e-23	4.15505e-23	6.35643e-23	9.72412e-23	1.48761e-22	2.27577e-22	3.48153e-22	5.32619e-22	8.14831e-22	1.24659e-21	1.90715e-21	2.91778e-21	4.46405e-21	6.82990e-21	1.04499e-20	1.59889e-20	2.44648e-20	3.74353e-20	5.72847e-20	8.76634e-20	1.34160e-19	2.05332e-19	3.14285e-19	4.24472e-19	4.24472e-19	4.24472e-19	4.24472e-19	4.24472e-19	4.24472e-19	4.24472e-19	4.24472e-19	4.24472e-19	4.24472e-19	4.24472e-19	4.24472e-19	4.24472e-19	4.24472e-19	4.24472e-19	4.24472e-19	4.24472e-19	4.24472e-19	4.24472e-19	4.24472e-19	4.24472e-19	4.24472e-19	4.24472e-19	4.24472e-19	4.24472e-19	4.24472e-19	4.24472e-19	4.24472e-19	4.24472e-19	4.24472e-19	4.24472e-19	4.24472e-19	4.24472e-19	4.24472e-19	4.24472e-19	4.24472e-19	4.24472e-19	4.24472e-19	4.24472e-19	4.24472e-19	4.24472e-19	4.24472e-19	4.24472e-19	4.24472e-19	4.24472e-19	4.24472e-19	4.24472e-19	4.24472e-19	4.24472e-19	4.24472e-19	4.24472e-19	4.24472e-19	4.24472e-19	4.24472e-19	4.24472e-19	4.24472e-19	4.24472e-19	4.24472e-19	4.24472e-19	4.24472e-19	4.24472e-19	4.24472e-19	4.24472e-19	4.24472e-19	4.24472e-19	4.24472e-19	4.24472e-19	4.24472e-19	4.24472e-19	4.24472e-19	4.24472e-19	4.24472e-19	4.24472e-19	4.24472e-19	4.24472e-19	4.24472e-19	4.24472e-19	4.24472e-19	4.24472e-19	4.24472e-19	4.24472e-19	4.24472e-19	4.24472e-19	4.24472e-19	4.24472e-19	4.24472e-19	4.24472e-19	4.24472e-19	4.24472e-19	4.24472e-19	4.24472e-19	4.24472e-19	4.24472e-19	4.24472e-19	4.24472e-19	4.24472e-19	4.24472e-19	4.24472e-19	4.24472e-19	4.24472e-19	4.24472e-19	4.24472e-19	4.24472e-19	4.24472e-19	4.24472e-19	4.24472e-19	4.24472e-19	4.24472e-19	4.24472e-19	4.24472e-19	4.24472e-19	4.24472e-19	4.24472e-19	4.24472e-19	4.24472e-19	4.24472e-19	4.24472e-19	4.24472e-19	4.24472e-19	4.24472e-19	4.24472e-19	4.24472e-19	4.24472e-19	4.24472e-19	4.24472e-19	4.24472e-19	4.24472e-19	4.24472e-19	4.24472e-19	4.24472e-19	4.24472e-19	4.24472e-19	4.24472e-19	4.24472e-19	4.24472e-19	4.24472e-19	4.24472e-19	4.24472e-19	4.24472e-19	4.24472e-19
20.46	3.43130e-28	1.41039e-27	3.04302e-27	5.54051e-27	9.36101e-27	1.52054e-26	2.41457e-26	3.78221e-26	5.87433e-26	9.07474e-26	1.39705e-25	2.14598e-25	3.29166e-25	5.04424e-25	7.72526e-25	1.18265e-24	1.81005e-24	2.76981e-24	4.23802e-24	6.48403e-24	9.91990e-24	1.51760e-23	2.32167e-23	3.55173e-23	5.43347e-23	8.31216e-23	1.27160e-22	1.94532e-22	2.97601e-22	4.55282e-22	6.96516e-22	1.06558e-21	1.63023e-21	2.49411e-21	3.81586e-21	5.83819e-21	8.93253e-21	1.36673e-20	2.09125e-20	3.19996e-20	4.89669e-20	7.49345e-20	1.14680e-19	1.75517e-19	2.68650e-19	4.11237e-19	4.59292e-19	4.59292e-19	4.59292e-19	4.59292e-19	4.59292e-19	4.59292e-19	4.59292e-19	4.59292e-19	4.59292e-19	4.59292e-19	4.59292e-19	4.59292e-19	4.59292e-19	4.59292e-19	4.59292e-19	4.59292e-19	4.59292e-19	4.59292e-19	4.59292e-19	4.59292e-19	4.59292e-19	4.59292e-19	4.59292e-19	4.59292e-19	4.59292e-19	4.59292e-19	4.59292e-19	4.59292e-19	4.59292e-19	4.59292e-19	4.59292e-19	4.59292e-19	4.59292e-19	4.59292e-19	4.59292e-19	4.59292e-19	4.59292e-19	4.59292e-19	4.59292e-19	4.59292e-19	4.59292e-19	4.59292e-19	4.59292e-19	4.59292e-19	4.59292e-19	4.59292e-19	4.59292e-19	4.59292e-19	4.59292e-19	4.59292e-19	4.59292e-19	4.59292e-19	4.59292e-19	4.59292e-19	4.59292e-19	4.59292e-19	4.59292e-19	4.59292e-19	4.59292e-19	4.59292e-19	4.59292e-19	4.59292e-19	4.59292e-19	4.59292e-19	4.59292e-19	4.59292e-19	4.59292e-19	4.59292e-19	4.59292e-19	4.59292e-19	4.59292e-19	4.59292e-19	4.59292e-19	4.59292e-19	4.59292e-19	4.59292e-19	4.59292e-19	4.59292e-19	4.59292e-19	4.59292e-19	4.59292e-19	4.59292e-19	4.59292e-19	4.59292e-19	4.59292e-19	4.59292e-19	4.59292e-19	4.59292e-19	4.59292e-19	4.59292e-19	4.59292e-19	4.59292e-19	4.59292e-19	4.59292e-19	4.59292e-19	4.59292e-19	4.59292e-19	4.59292e-19	4.59292e-19	4.59292e-19	4.59292e-19	4.59292e-19	4.59292e-19	4.59292e-19	4.59292e-19	4.59292e-19	4.59292e-19	4.59292e-19	4.59292e-19	4.59292e-19	4.59292e-19	4.59292e-19	4.59292e-19	4.59292e-19	4.59292e-19	4.59292e-19	4.59292e-19	4.59292e-19	4.59292e-19	4.59292e-19	4.59292e-19	4.59292e-19	4.59292e-19	4.59292e-19	4.59292e-19	4.59292e-19	4.59292e-19	4.59292e-19	4.59292e-19	4.59292e-19	4.59292e-19	4.59292e-19	4.59292e-19	4.59292e-19	4.59292e-19	4.59292e-19	4.59292e-19	4.59292e-19	4.59292e-19
20.49	2.93307e-28	1.20560e-27	2.60117e-27	4.73602e-27	8.00178e-27	1.29975e-26	2.06397e-26	3.23302e-26	5.02137e-26	7.75708e-26	1.19420e-25	1.83438e-25	2.81370e-25	4.31181e-25	6.60354e-25	1.01093e-24	1.54723e-24	2.36763e-24	3.62265e-24	5.54254e-24	8.47952e-24	1.29724e-23	1.98456e-23	3.03601e-23	4.64452e-23	7.10522e-23	1.08697e-22	1.66286e-22	2.54389e-22	3.89175e-22	5.95381e-22	9.10857e-22	1.39352e-21	2.13197e-21	3.26179e-21	4.99048e-21	7.63551e-21	1.16828e-20	1.78760e-20	2.73532e-20	4.18568e-20	6.40539e-20	9.80281e-20	1.50032e-19	2.29642e-19	3.51525e-19	4.96981e-19	4.96984e-19	4.96984e-19	4.96984e-19	4.96984e-19	4.96984e-19	4.96984e-19	4.96984e-19	4.96984e-19	4.96984e-19	4.96984e-19	4.96984e-19	4.96984e-19	4.96984e-19	4.96984e-19	4.96984e-19	4.96984e-19	4.96984e-19	4.96984e-19	4.96984e-19	4.96984e-19	4.96984e-19	4.96984e-19	4.96984e-19	4.96984e-19	4.96984e-19	4.96984e-19	4.96984e-19	4.96984e-19	4.96984e-19	4.96984e-19	4.96984e-19	4.96984e-19	4.96984e-19	4.96984e-19	4.96984e-19	4.96984e-19	4.96984e-19	4.96984e-19	4.96984e-19	4.96984e-19	4.96984e-19	4.96984e-19	4.96984e-19	4.96984e-19	4.96984e-19	4.96984e-19	4.96984e-19	4.96984e-19	4.96984e-19	4.96984e-19	4.96984e-19	4.96984e-19	4.96984e-19	4.96984e-19	4.96984e-19	4.96984e-19	4.96984e-19	4.96984e-19	4.96984e-19	4.96984e-19	4.96984e-19	4.96984e-19	4.96984e-19	4.96984e-19	4.96984e-19	4.96984e-19	4.96984e-19	4.96984e-19	4.96984e-19	4.96984e-19	4.96984e-19	4.96984e-19	4.96984e-19	4.96984e-19	4.96984e-19	4.96984e-19	4.96984e-19	4.96984e-19	4.96984e-19	4.96984e-19	4.96984e-19	4.96984e-19	4.96984e-19	4.96984e-19	4.96984e-19	4.96984e-19	4.96984e-19	4.96984e-19	4.96984e-19	4.96984e-19	4.96984e-19	4.96984e-19	4.96984e-19	4.96984e-19	4.96984e-19	4.96984e-19	4.96984e-19	4.96984e-19	4.96984e-19	4.96984e-19	4.96984e-19	4.96984e-19	4.96984e-19	4.96984e-19	4.96984e-19	4.96984e-19	4.96984e-19	4.96984e-19	4.96984e-19	4.96984e-19	4.96984e-19	4.96984e-19	4.96984e-19	4.96984e-19	4.96984e-19	4.96984e-19	4.96984e-19	4.96984e-19	4.96984e-19	4.96984e-19	4.96984e-19	4.96984e-19	4.96984e-19	4.96984e-19	4.96984e-19	4.96984e-19	4.96984e-19	4.96984e-19	4.96984e-19	4.96984e-19	4.96984e-19	4.96984e-19	4.96984e-19	4.96984e-19	4.96984e-19	4.96984e-19	4.96984e-19	4.96984e-19
20.53	2.50718e-28	1.03055e-27	2.22348e-27	4.04834e-27	6.83991e-27	1.11103e-26	1.76428e-26	2.76358e-26	4.29226e-26	6.63074e-26	1.02080e-25	1.56803e-25	2.40515e-25	3.68573e-25	5.64470e-25	8.64143e-25	1.32257e-24	2.02385e-24	3.09664e-24	4.73775e-24	7.24828e-24	1.10888e-23	1.69640e-23	2.59518e-23	3.97013e-23	6.07353e-23	9.29136e-23	1.42141e-22	2.17451e-22	3.32666e-22	5.08931e-22	7.78599e-22	1.19117e-21	1.82240e-21	2.78818e-21	4.26585e-21	6.52682e-21	9.98643e-21	1.52803e-20	2.33815e-20	3.57791e-20	5.47532e-20	8.37942e-20	1.28247e-19	1.96297e-19	3.00483e-19	4.60012e-19	5.37789e-19	5.37789e-19	5.37789e-19	5.37789e-19	5.37789e-19	5.37789e-19	5.37789e-19	5.37789e-19	5.37789e-19	5.37789e-19	5.37789e-19	5.37789e-19	5.37789e-19	5.37789e-19	5.37789e-19	5.37789e-19	5.37789e-19	5.37789e-19	5.37789e-19	5.37789e-19	5.37789e-19	5.37789e-19	5.37789e-19	5.37789e-19	5.37789e-19	5.37789e-19	5.37789e-19	5.37789e-19	5.37789e-19	5.37789e-19	5.37789e-19	5.37789e-19	5.37789e-19	5.37789e-19	5.37789e-19	5.37789e-19	5.37789e-19	5.37789e-19	5.37789e-19	5.37789e-19	5.37789e-19	5.37789e-19	5.37789e-19	5.37789e-19	5.37789e-19	5.37789e-19	5.37789e-19	5.37789e-19	5.37789e-19	5.37789e-19	5.37789e-19	5.37789e-19	5.37789e-19	5.37789e-19	5.37789e-19	5.37789e-19	5.37789e-19	5.37789e-19	5.37789e-19	5.37789e-19	5.37789e-19	5.37789e-19	5.37789e-19	5.37789e-19	5.37789e-19	5.37789e-19	5.37789e-19	5.37789e-19	5.37789e-19	5.37789e-19	5.37789e-19	5.37789e-19	5.37789e-19	5.37789e-19	5.37789e-19	5.37789e-19	5.37789e-19	5.37789e-19	5.37789e-19	5.37789e-19	5.37789e-19	5.37789e-19	5.37789e-19	5.37789e-19	5.37789e-19	5.37789e-19	5.37789e-19	5.37789e-19	5.37789e-19	5.37789e-19	5.37789e-19	5.37789e-19	5.37789e-19	5.37789e-19	5.37789e-19	5.37789e-19	5.37789e-19	5.37789e-19	5.37789e-19	5.37789e-19	5.37789e-19	5.37789e-19	5.37789e-19	5.37789e-19	5.37789e-19	5.37789e-19	5.37789e-19	5.37789e-19	5.37789e-19	5.37789e-19	5.37789e-19	5.37789e-19	5.37789e-19	5.37789e-19	5.37789e-19	5.37789e-19	5.37789e-19	5.37789e-19	5.37789e-19	5.37789e-19	5.37789e-19	5.37789e-19	5.37789e-19	5.37789e-19	5.37789e-19	5.37789e-19	5.37789e-19	5.37789e-19	5.37789e-19	5.37789e-19	5.37789e-19	5.37789e-19	5.37789e-19	5.37789e-19	5.37789e-19	5.37789e-19	5.37789e-19	5.37789e-19
20.56	2.14314e-28	8.80909e-28	1.90062e-27	3.46052e-27	5.84674e-27	9.49704e-27	1.50810e-26	2.36231e-26	3.66902e-26	5.66794e-26	8.72578e-26	1.34035e-25	2.05592e-25	3.15056e-25	4.82508e-25	7.38668e-25	1.13053e-24	1.72998e-24	2.64700e-24	4.04982e-24	6.19582e-24	9.47870e-24	1.45008e-23	2.21835e-23	3.39366e-23	5.19165e-23	7.94224e-23	1.21502e-22	1.85877e-22	2.84362e-22	4.35033e-22	6.65546e-22	1.01821e-21	1.55779e-21	2.38333e-21	3.64644e-21	5.57912e-21	8.53639e-21	1.30616e-20	1.99865e-20	3.05840e-20	4.68030e-20	7.16272e-20	1.09625e-19	1.67795e-19	2.56852e-19	3.93217e-19	5.81750e-19	5.81966e-19	5.81966e-19	5.81966e-19	5.81966e-19	5.81966e-19	5.81966e-19	5.81966e-19	5.81966e-19	5.81966e-19	5.81966e-19	5.81966e-19	5.81966e-19	5.81966e-19	5.81966e-19	5.81966e-19	5.81966e-19	5.81966e-19	5.81966e-19	5.81966e-19	5.81966e-19	5.81966e-19	5.81966e-19	5.81966e-19	5.81966e-19	5.81966e-19	5.81966e-19	5.81966e-19	5.81966e-19	5.81966e-19	5.81966e-19	5.81966e-19	5.81966e-19	5.81966e-19	5.81966e-19	5.81966e-19	5.81966e-19	5.81966e-19	5.81966e-19	5.81966e-19	5.81966e-19	5.81966e-19	5.81966e-19	5.81966e-19	5.81966e-19	5.81966e-19	5.81966e-19	5.81966e-19	5.81966e-19	5.81966e-19	5.81966e-19	5.81966e-19	5.81966e-19	5.81966e-19	5.81966e-19	5.81966e-19	5.81966e-19	5.81966e-19	5.81966e-19	5.81966e-19	5.81966e-19	5.81966e-19	5.81966e-19	5.81966e-19	5.81966e-19	5.81966e-19	5.81966e-19	5.81966e-19	5.81966e-19	5.81966e-19	5.81966e-19	5.81966e-19	5.81966e-19	5.81966e-19	5.81966e-19	5.81966e-19	5.81966e-19	5.81966e-19	5.81966e-19	5.81966e-19	5.81966e-19	5.81966e-19	5.81966e-19	5.81966e-19	5.81966e-19	5.81966e-19	5.81966e-19	5.81966e-19	5.81966e-19	5.81966e-19	5.81966e-19	5.81966e-19	5.81966e-19	5.81966e-19	5.81966e-19	5.81966e-19	5.81966e-19	5.81966e-19	5.81966e-19	5.81966e-19	5.81966e-19	5.81966e-19	5.81966e-19	5.81966e-19	5.81966e-19	5.81966e-19	5.81966e-19	5.81966e-19	5.81966e-19	5.81966e-19	5.81966e-19	5.81966e-19	5.81966e-19	5.81966e-19	5.81966e-19	5.81966e-19	5.81966e-19	5.81966e-19	5.81966e-19	5.81966e-19	5.81966e-19	5.81966e-19	5.81966e-19	5.81966e-19	5.81966e-19	5.81966e-19	5.81966e-19	5.81966e-19	5.81966e-19	5.81966e-19	5.81966e-19	5.81966e-19	5.81966e-19	5.81966e-19	5.81966e-19	5.81966e-19	5.81966e-19	5.81966e-19
20.60	1.83195e-28	7.53000e-28	1.62465e-27	2.95804e-27	4.99779e-27	8.11805e-27	1.28912e-26	2.01930e-26	3.13627e-26	4.84495e-26	7.45878e-26	1.14573e-25	1.75740e-25	2.69309e-25	4.12447e-25	6.31412e-25	9.66375e-25	1.47879e-24	2.26265e-24	3.46178e-24	5.29617e-24	8.10238e-24	1.23953e-23	1.89625e-23	2.90089e-23	4.43781e-23	6.78902e-23	1.03860e-22	1.58887e-22	2.43072e-22	3.71866e-22	5.68907e-22	8.70368e-22	1.33159e-21	2.03727e-21	3.11697e-21	4.76902e-21	7.29689e-21	1.11650e-20	1.70844e-20	2.61431e-20	4.00071e-20	6.12268e-20	9.37077e-20	1.43431e-19	2.19557e-19	3.36122e-19	5.14632e-19	6.29797e-19	6.29797e-19	6.29797e-19	6.29797e-19	6.29797e-19	6.29797e-19	6.29797e-19	6.29797e-19	6.29797e-19	6.29797e-19	6.29797e-19	6.29797e-19	6.29797e-19	6.29797e-19	6.29797e-19	6.29797e-19	6.29797e-19	6.29797e-19	6.29797e-19	6.29797e-19	6.29797e-19	6.29797e-19	6.29797e-19	6.29797e-19	6.29797e-19	6.29797e-19	6.29797e-19	6.29797e-19	6.29797e-19	6.29797e-19	6.29797e-19	6.29797e-19	6.29797e-19	6.29797e-19	6.29797e-19	6.29797e-19	6.29797e-19	6.29797e-19	6.29797e-19	6.29797e-19	6.29797e-19	6.29797e-19	6.29797e-19	6.29797e-19	6.29797e-19	6.29797e-19	6.29797e-19	6.29797e-19	6.29797e-19	6.29797e-19	6.29797e-19	6.29797e-19	6.29797e-19	6.29797e-19	6.29797e-19	6.29797e-19	6.29797e-19	6.29797e-19	6.29797e-19	6.29797e-19	6.29797e-19	6.29797e-19	6.29797e-19	6.29797e-19	6.29797e-19	6.29797e-19	6.29797e-19	6.29797e-19	6.29797e-19	6.29797e-19	6.29797e-19	6.29797e-19	6.29797e-19	6.29797e-19	6.29797e-19	6.29797e-19	6.29797e-19	6.29797e-19	6.29797e-19	6.29797e-19	6.29797e-19	6.29797e-19	6.29797e-19	6.29797e-19	6.29797e-19	6.29797e-19	6.29797e-19	6.29797e-19	6.29797e-19	6.29797e-19	6.29797e-19	6.29797e-19	6.29797e-19	6.29797e-19	6.29797e-19	6.29797e-19	6.29797e-19	6.29797e-19	6.29797e-19	6.29797e-19	6.29797e-19	6.29797e-19	6.29797e-19	6.29797e-19	6.29797e-19	6.29797e-19	6.29797e-19	6.29797e-19	6.29797e-19	6.29797e-19	6.29797e-19	6.29797e-19	6.29797e-19	6.29797e-19	6.29797e-19	6.29797e-19	6.29797e-19	6.29797e-19	6.29797e-19	6.29797e-19	6.29797e-19	6.29797e-19	6.29797e-19	6.29797e-19	6.29797e-19	6.29797e-19	6.29797e-19	6.29797e-19	6.29797e-19	6.29797e-19	6.29797e-19	6.29797e-19	6.29797e-19	6.29797e-19	6.29797e-19	6.29797e-19	6.29797e-19
20.63	1.56595e-28	6.43663e-28	1.38875e-27	2.52853e-27	4.27210e-27	6.93930e-27	1.10194e-26	1.72609e-26	2.68088e-26	4.14145e-26	6.37576e-26	9.79367e-26	1.50222e-25	2.30205e-25	3.52559e-25	5.39730e-25	8.26056e-25	1.26406e-24	1.93411e-24	2.95913e-24	4.52716e-24	6.92590e-24	1.05954e-23	1.62091e-23	2.47968e-23	3.79343e-23	5.80324e-23	8.87790e-23	1.35817e-22	2.07778e-22	3.17870e-22	4.86301e-22	7.43989e-22	1.13824e-21	1.74145e-21	2.66438e-21	4.07655e-21	6.23737e-21	9.54386e-21	1.46037e-20	2.23471e-20	3.41980e-20	5.23366e-20	8.01012e-20	1.22604e-19	1.87677e-19	2.87316e-19	4.39907e-19	6.73052e-19	6.81590e-19	6.81590e-19	6.81590e-19	6.81590e-19	6.81590e-19	6.81590e-19	6.81590e-19	6.81590e-19	6.81590e-19	6.81590e-19	6.81590e-19	6.81590e-19	6.81590e-19	6.81590e-19	6.81590e-19	6.81590e-19	6.81590e-19	6.81590e-19	6.81590e-19	6.81590e-19	6.81590e-19	6.81590e-19	6.81590e-19	6.81590e-19	6.81590e-19	6.81590e-19	6.81590e-19	6.81590e-19	6.81590e-19	6.81590e-19	6.81590e-19	6.81590e-19	6.81590e-19	6.81590e-19	6.81590e-19	6.81590e-19	6.81590e-19	6.81590e-19	6.81590e-19	6.81590e-19	6.81590e-19	6.81590e-19	6.81590e-19	6.81590e-19	6.81590e-19	6.81590e-19	6.81590e-19	6.81590e-19	6.81590e-19	6.81590e-19	6.81590e-19	6.81590e-19	6.81590e-19	6.81590e-19	6.81590e-19	6.81590e-19	6.81590e-19	6.81590e-19	6.81590e-19	6.81590e-19	6.81590e-19	6.81590e-19	6.81590e-19	6.81590e-19	6.81590e-19	6.81590e-19	6.81590e-19	6.81590e-19	6.81590e-19	6.81590e-19	6.81590e-19	6.81590e-19	6.81590e-19	6.81590e-19	6.81590e-19	6.81590e-19	6.81590e-19	6.81590e-19	6.81590e-19	6.81590e-19	6.81590e-19	6.81590e-19	6.81590e-19	6.81590e-19	6.81590e-19	6.81590e-19	6.81590e-19	6.81590e-19	6.81590e-19	6.81590e-19	6.81590e-19	6.81590e-19	6.81590e-19	6.81590e-19	6.81590e-19	6.81590e-19	6.81590e-19	6.81590e-19	6.81590e-19	6.81590e-19	6.81590e-19	6.81590e-19	6.81590e-19	6.81590e-19	6.81590e-19	6.81590e-19	6.81590e-19	6.81590e-19	6.81590e-19	6.81590e-19	6.81590e-19	6.81590e-19	6.81590e-19	6.81590e-19	6.81590e-19	6.81590e-19	6.81590e-19	6.81590e-19	6.81590e-19	6.81590e-19	6.81590e-19	6.81590e-19	6.81590e-19	6.81590e-19	6.81590e-19	6.81590e-19	6.81590e-19	6.81590e-19	6.81590e-19	6.81590e-19	6.81590e-19	6.81590e-19	6.81590e-19	6.81590e-19	6.81590e-19	6.81590e-19
20.66	1.33857e-28	5.50202e-28	1.18710e-27	2.16138e-27	3.65178e-27	5.93170e-27	9.41938e-27	1.47546e-26	2.29161e-26	3.54011e-26	5.44999e-26	8.37161e-26	1.28409e-25	1.96779e-25	3.01367e-25	4.61360e-25	7.06111e-25	1.08052e-24	1.65328e-24	2.52946e-24	3.86981e-24	5.92025e-24	9.05697e-24	1.38555e-23	2.11963e-23	3.24262e-23	4.96060e-23	7.58882e-23	1.16096e-22	1.77608e-22	2.71715e-22	4.15689e-22	6.35961e-22	9.72968e-22	1.48859e-21	2.27751e-21	3.48463e-21	5.33170e-21	8.15808e-21	1.24832e-20	1.91023e-20	2.92324e-20	4.47372e-20	6.84703e-20	1.04802e-19	1.60426e-19	2.45597e-19	3.76031e-19	5.75816e-19	7.37678e-19	7.37678e-19	7.37678e-19	7.37678e-19	7.37678e-19	7.37678e-19	7.37678e-19	7.37678e-19	7.37678e-19	7.37678e-19	7.37678e-19	7.37678e-19	7.37678e-19	7.37678e-19	7.37678e-19	7.37678e-19	7.37678e-19	7.37678e-19	7.37678e-19	7.37678e-19	7.37678e-19	7.37678e-19	7.37678e-19	7.37678e-19	7.37678e-19	7.37678e-19	7.37678e-19	7.37678e-19	7.37678e-19	7.37678e-19	7.37678e-19	7.37678e-19	7.37678e-19	7.37678e-19	7.37678e-19	7.37678e-19	7.37678e-19	7.37678e-19	7.37678e-19	7.37678e-19	7.37678e-19	7.37678e-19	7.37678e-19	7.37678e-19	7.37678e-19	7.37678e-19	7.37678e-19	7.37678e-19	7.37678e-19	7.37678e-19	7.37678e-19	7.37678e-19	7.37678e-19	7.37678e-19	7.37678e-19	7.37678e-19	7.37678e-19	7.37678e-19	7.37678e-19	7.37678e-19	7.37678e-19	7.37678e-19	7.37678e-19	7.37678e-19	7.37678e-19	7.37678e-19	7.37678e-19	7.37678e-19	7.37678e-19	7.37678e-19	7.37678e-19	7.37678e-19	7.37678e-19	7.37678e-19	7.37678e-19	7.37678e-19	7.37678e-19	7.37678e-19	7.37678e-19	7.37678e-19	7.37678e-19	7.37678e-19	7.37678e-19	7.37678e-19	7.37678e-19	7.37678e-19	7.37678e-19	7.37678e-19	7.37678e-19	7.37678e-19	7.37678e-19	7.37678e-19	7.37678e-19	7.37678e-19	7.37678e-19	7.37678e-19	7.37678e-19	7.37678e-19	7.37678e-19	7.37678e-19	7.37678e-19	7.37678e-19	7.37678e-19	7.37678e-19	7.37678e-19	7.37678e-19	7.37678e-19	7.37678e-19	7.37678e-19	7.37678e-19	7.37678e-19	7.37678e-19	7.37678e-19	7.37678e-19	7.37678e-19	7.37678e-19	7.37678e-19	7.37678e-19	7.37678e-19	7.37678e-19	7.37678e-19	7.37678e-19	7.37678e-19	7.37678e-19	7.37678e-19	7.37678e-19	7.37678e-19	7.37678e-19	7.37678e-19	7.37678e-19	7.37678e-19	7.37678e-19	7.37678e-19	7.37678e-19	7.37678e-19	7.37678e-19
20.70	1.14421e-28	4.70312e-28	1.01473e-27	1.84755e-27	3.12154e-27	5.07041e-27	8.05167e-27	1.26122e-26	1.95887e-26	3.02608e-26	4.65864e-26	7.15604e-26	1.09764e-25	1.68206e-25	2.57608e-25	3.94370e-25	6.03583e-25	9.23627e-25	1.41322e-24	2.16218e-24	3.30791e-24	5.06062e-24	7.74189e-24	1.18437e-23	1.81185e-23	2.77179e-23	4.24031e-23	6.48691e-23	9.92386e-23	1.51819e-22	2.32261e-22	3.55331e-22	5.43618e-22	8.31692e-22	1.27244e-21	1.94681e-21	2.97866e-21	4.55752e-21	6.97351e-21	1.06706e-20	1.63286e-20	2.49878e-20	3.82413e-20	5.85283e-20	8.95845e-20	1.37132e-19	2.09936e-19	3.21431e-19	4.92206e-19	7.53832e-19	7.98423e-19	7.98423e-19	7.98423e-19	7.98423e-19	7.98423e-19	7.98423e-19	7.98423e-19	7.98423e-19	7.98423e-19	7.98423e-19	7.98423e-19	7.98423e-19	7.98423e-19	7.98423e-19	7.98423e-19	7.98423e-19	7.98423e-19	7.98423e-19	7.98423e-19	7.98423e-19	7.98423e-19	7.98423e-19	7.98423e-19	7.98423e-19	7.98423e-19	7.98423e-19	7.98423e-19	7.98423e-19	7.98423e-19	7.98423e-19	7.98423e-19	7.98423e-19	7.98423e-19	7.98423e-19	7.98423e-19	7.98423e-19	7.98423e-19	7.98423e-19	7.98423e-19	7.98423e-19	7.98423e-19	7.98423e-19	7.98423e-19	7.98423e-19	7.98423e-19	7.98423e-19	7.98423e-19	7.98423e-19	7.98423e-19	7.98423e-19	7.98423e-19	7.98423e-19	7.98423e-19	7.98423e-19	7.98423e-19	7.98423e-19	7.98423e-19	7.98423e-19	7.98423e-19	7.98423e-19	7.98423e-19	7.98423e-19	7.98423e-19	7.98423e-19	7.98423e-19	7.98423e-19	7.98423e-19	7.98423e-19	7.98423e-19	7.98423e-19	7.98423e-19	7.98423e-19	7.98423e-19	7.98423e-19	7.98423e-19	7.98423e-19	7.98423e-19	7.98423e-19	7.98423e-19	7.98423e-19	7.98423e-19	7.98423e-19	7.98423e-19	7.98423e-19	7.98423e-19	7.98423e-19	7.98423e-19	7.98423e-19	7.98423e-19	7.98423e-19	7.98423e-19	7.98423e-19	7.98423e-19	7.98423e-19	7.98423e-19	7.98423e-19	7.98423e-19	7.98423e-19	7.98423e-19	7.98423e-19	7.98423e-19	7.98423e-19	7.98423e-19	7.98423e-19	7.98423e-19	7.98423e-19	7.98423e-19	7.98423e-19	7.98423e-19	7.98423e-19	7.98423e-19	7.98423e-19	7.98423e-19	7.98423e-19	7.98423e-19	7.98423e-19	7.98423e-19	7.98423e-19	7.98423e-19	7.98423e-19	7.98423e-19	7.98423e-19	7.98423e-19	7.98423e-19	7.98423e-19	7.98423e-19	7.98423e-19	7.98423e-19	7.98423e-19	7.98423e-19	7.98423e-19	7.98423e-19	7.98423e-19	7.98423e-19	7.98423e-19
20.73	9.78067e-29	4.02022e-28	8.67391e-28	1.57928e-27	2.66829e-27	4.33418e-27	6.88255e-27	1.07809e-26	1.67444e-26	2.58669e-26	3.98220e-26	6.11697e-26	9.38263e-26	1.43782e-25	2.20203e-25	3.37107e-25	5.15942e-25	7.89515e-25	1.20802e-24	1.84822e-24	2.82759e-24	4.32581e-24	6.61775e-24	1.01239e-23	1.54877e-23	2.36932e-23	3.62461e-23	5.54500e-23	8.48290e-23	1.29775e-22	1.98537e-22	3.03736e-22	4.64684e-22	7.10929e-22	1.08768e-21	1.66413e-21	2.54615e-21	3.89577e-21	5.96095e-21	9.12125e-21	1.39576e-20	2.13595e-20	3.26886e-20	5.00299e-20	7.65767e-20	1.17220e-19	1.79453e-19	2.74759e-19	4.20737e-19	6.44374e-19	8.64219e-19	8.64219e-19	8.64219e-19	8.64219e-19	8.64219e-19	8.64219e-19	8.64219e-19	8.64219e-19	8.64219e-19	8.64219e-19	8.64219e-19	8.64219e-19	8.64219e-19	8.64219e-19	8.64219e-19	8.64219e-19	8.64219e-19	8.64219e-19	8.64219e-19	8.64219e-19	8.64219e-19	8.64219e-19	8.64219e-19	8.64219e-19	8.64219e-19	8.64219e-19	8.64219e-19	8.64219e-19	8.64219e-19	8.64219e-19	8.64219e-19	8.64219e-19	8.64219e-19	8.64219e-19	8.64219e-19	8.64219e-19	8.64219e-19	8.64219e-19	8.64219e-19	8.64219e-19	8.64219e-19	8.64219e-19	8.64219e-19	8.64219e-19	8.64219e-19	8.64219e-19	8.64219e-19	8.64219e-19	8.64219e-19	8.64219e-19	8.64219e-19	8.64219e-19	8.64219e-19	8.64219e-19	8.64219e-19	8.64219e-19	8.64219e-19	8.64219e-19	8.64219e-19	8.64219e-19	8.64219e-19	8.64219e-19	8.64219e-19	8.64219e-19	8.64219e-19	8.64219e-19	8.64219e-19	8.64219e-19	8.64219e-19	8.64219e-19	8.64219e-19	8.64219e-19	8.64219e-19	8.64219e-19	8.64219e-19	8.64219e-19	8.64219e-19	8.64219e-19	8.64219e-19	8.64219e-19	8.64219e-19	8.64219e-19	8.64219e-19	8.64219e-19	8.64219e-19	8.64219e-19	8.64219e-19	8.64219e-19	8.64219e-19	8.64219e-19	8.64219e-19	8.64219e-19	8.64219e-19	8.64219e-19	8.64219e-19	8.64219e-19	8.64219e-19	8.64219e-19	8.64219e-19	8.64219e-19	8.64219e-19	8.64219e-19	8.64219e-19	8.64219e-19	8.64219e-19	8.64219e-19	8.64219e-19	8.64219e-19	8.64219e-19	8.64219e-19	8.64219e-19	8.64219e-19	8.64219e-19	8.64219e-19	8.64219e-19	8.64219e-19	8.64219e-19	8.64219e-19	8.64219e-19	8.64219e-19	8.64219e-19	8.64219e-19	8.64219e-19	8.64219e-19	8.64219e-19	8.64219e-19	8.64219e-19	8.64219e-19	8.64219e-19	8.64219e-19	8.64219e-19	8.64219e-19	8.64219e-19	8.64219e-19	8.64219e-19
20.77	8.36050e-29	3.43648e-28	7.41444e-28	1.34997e-27	2.28085e-27	3.70485e-27	5.88320e-27	9.21550e-27	1.43130e-26	2.21110e-26	3.40398e-26	5.22878e-26	8.02025e-26	1.22905e-25	1.88229e-25	2.88159e-25	4.41026e-25	6.74876e-25	1.03261e-24	1.57986e-24	2.41702e-24	3.69770e-24	5.65684e-24	8.65393e-24	1.32389e-23	2.02529e-23	3.09831e-23	4.73986e-23	7.25117e-23	1.10931e-22	1.69709e-22	2.59633e-22	3.97211e-22	6.07701e-22	9.29750e-22	1.42250e-21	2.17645e-21	3.33009e-21	5.09541e-21	7.79683e-21	1.19310e-20	1.82581e-20	2.79422e-20	4.27655e-20	6.54577e-20	1.00200e-19	1.53396e-19	2.34863e-19	3.59646e-19	5.50810e-19	8.43738e-19	9.35493e-19	9.35493e-19	9.35493e-19	9.35493e-19	9.35493e-19	9.35493e-19	9.35493e-19	9.35493e-19	9.35493e-19	9.35493e-19	9.35493e-19	9.35493e-19	9.35493e-19	9.35493e-19	9.35493e-19	9.35493e-19	9.35493e-19	9.35493e-19	9.35493e-19	9.35493e-19	9.35493e-19	9.35493e-19	9.35493e-19	9.35493e-19	9.35493e-19	9.35493e-19	9.35493e-19	9.35493e-19	9.35493e-19	9.35493e-19	9.35493e-19	9.35493e-19	9.35493e-19	9.35493e-19	9.35493e-19	9.35493e-19	9.35493e-19	9.35493e-19	9.35493e-19	9.35493e-19	9.35493e-19	9.35493e-19	9.35493e-19	9.35493e-19	9.35493e-19	9.35493e-19	9.35493e-19	9.35493e-19	9.35493e-19	9.35493e-19	9.35493e-19	9.35493e-19	9.35493e-19	9.35493e-19	9.35493e-19	9.35493e-19	9.35493e-19	9.35493e-19	9.35493e-19	9.35493e-19	9.35493e-19	9.35493e-19	9.35493e-19	9.35493e-19	9.35493e-19	9.35493e-19	9.35493e-19	9.35493e-19	9.35493e-19	9.35493e-19	9.35493e-19	9.35493e-19	9.35493e-19	9.35493e-19	9.35493e-19	9.35493e-19	9.35493e-19	9.35493e-19	9.35493e-19	9.35493e-19	9.35493e-19	9.35493e-19	9.35493e-19	9.35493e-19	9.35493e-19	9.35493e-19	9.35493e-19	9.35493e-19	9.35493e-19	9.35493e-19	9.35493e-19	9.35493e-19	9.35493e-19	9.35493e-19	9.35493e-19	9.35493e-19	9.35493e-19	9.35493e-19	9.35493e-19	9.35493e-19	9.35493e-19	9.35493e-19	9.35493e-19	9.35493e-19	9.35493e-19	9.35493e-19	9.35493e-19	9.35493e-19	9.35493e-19	9.35493e-19	9.35493e-19	9.35493e-19	9.35493e-19	9.35493e-19	9.35493e-19	9.35493e-19	9.35493e-19	9.35493e-19	9.35493e-19	9.35493e-19	9.35493e-19	9.35493e-19	9.35493e-19	9.35493e-19	9.35493e-19	9.35493e-19	9.35493e-19	9.35493e-19	9.35493e-19	9.35493e-19	9.35493e-19	9.35493e-19	9.35493e-19	9.35493e-19
20.80	7.14654e-29	2.93750e-28	6.33785e-28	1.15395e-27	1.94966e-27	3.16690e-27	5.02895e-27	7.87739e-27	1.22348e-26	1.89004e-26	2.90971e-26	4.46955e-26	6.85570e-26	1.05059e-25	1.60898e-25	2.46318e-25	3.76988e-25	5.76883e-25	8.82674e-25	1.35046e-24	2.06607e-24	3.16078e-24	4.83546e-24	7.39736e-24	1.13166e-23	1.73122e-23	2.64843e-23	4.05162e-23	6.19829e-23	9.48239e-23	1.45067e-22	2.21934e-22	3.39536e-22	5.19462e-22	7.94749e-22	1.21595e-21	1.86042e-21	2.84656e-21	4.35555e-21	6.66472e-21	1.01986e-20	1.56070e-20	2.38849e-20	3.65559e-20	5.59531e-20	8.56504e-20	1.31123e-19	2.00761e-19	3.07424e-19	4.70832e-19	7.21226e-19	1.01271e-18	1.01271e-18	1.01271e-18	1.01271e-18	1.01271e-18	1.01271e-18	1.01271e-18	1.01271e-18	1.01271e-18	1.01271e-18	1.01271e-18	1.01271e-18	1.01271e-18	1.01271e-18	1.01271e-18	1.01271e-18	1.01271e-18	1.01271e-18	1.01271e-18	1.01271e-18	1.01271e-18	1.01271e-18	1.01271e-18	1.01271e-18	1.01271e-18	1.01271e-18	1.01271e-18	1.01271e-18	1.01271e-18	1.01271e-18	1.01271e-18	1.01271e-18	1.01271e-18	1.01271e-18	1.01271e-18	1.01271e-18	1.01271e-18	1.01271e-18	1.01271e-18	1.01271e-18	1.01271e-18	1.01271e-18	1.01271e-18	1.01271e-18	1.01271e-18	1.01271e-18	1.01271e-18	1.01271e-18	1.01271e-18	1.01271e-18	1.01271e-18	1.01271e-18	1.01271e-18	1.01271e-18	1.01271e-18	1.01271e-18	1.01271e-18	1.01271e-18	1.01271e-18	1.01271e-18	1.01271e-18	1.01271e-18	1.01271e-18	1.01271e-18	1.01271e-18	1.01271e-18	1.01271e-18	1.01271e-18	1.01271e-18	1.01271e-18	1.01271e-18	1.01271e-18	1.01271e-18	1.01271e-18	1.01271e-18	1.01271e-18	1.01271e-18	1.01271e-18	1.01271e-18	1.01271e-18	1.01271e-18	1.01271e-18	1.01271e-18	1.01271e-18	1.01271e-18	1.01271e-18	1.01271e-18	1.01271e-18	1.01271e-18	1.01271e-18	1.01271e-18	1.01271e-18	1.01271e-18	1.01271e-18	1.01271e-18	1.01271e-18	1.01271e-18	1.01271e-18	1.01271e-18	1.01271e-18	1.01271e-18	1.01271e-18	1.01271e-18	1.01271e-18	1.01271e-18	1.01271e-18	1.01271e-18	1.01271e-18	1.01271e-18	1.01271e-18	1.01271e-18	1.01271e-18	1.01271e-18	1.01271e-18	1.01271e-18	1.01271e-18	1.01271e-18	1.01271e-18	1.01271e-18	1.01271e-18	1.01271e-18	1.01271e-18	1.01271e-18	1.01271e-18	1.01271e-18	1.01271e-18	1.01271e-18	1.01271e-18	1.01271e-18	1.01271e-18	1.01271e-18	1.01271e-18	1.01271e-18	1.01271e-18
20.83	6.10885e-29	2.51097e-28	5.41759e-28	9.86395e-28	1.66657e-27	2.70706e-27	4.29874e-27	6.73358e-27	1.04583e-26	1.61561e-26	2.48722e-26	3.82057e-26	5.86024e-26	8.98043e-26	1.37535e-25	2.10552e-25	3.22249e-25	4.93119e-25	7.54508e-25	1.15437e-24	1.76607e-24	2.70183e-24	4.13335e-24	6.32326e-24	9.67337e-24	1.47984e-23	2.26388e-23	3.46332e-23	5.29829e-23	8.10553e-23	1.24003e-22	1.89709e-22	2.90235e-22	4.44035e-22	6.79350e-22	1.03939e-21	1.59029e-21	2.43323e-21	3.72312e-21	5.69699e-21	8.71773e-21	1.33408e-20	2.04168e-20	3.12479e-20	4.78286e-20	7.32138e-20	1.12084e-19	1.71610e-19	2.62786e-19	4.02466e-19	6.16503e-19	9.44563e-19	1.09639e-18	1.09639e-18	1.09639e-18	1.09639e-18	1.09639e-18	1.09639e-18	1.09639e-18	1.09639e-18	1.09639e-18	1.09639e-18	1.09639e-18	1.09639e-18	1.09639e-18	1.09639e-18	1.09639e-18	1.09639e-18	1.09639e-18	1.09639e-18	1.09639e-18	1.09639e-18	1.09639e-18	1.09639e-18	1.09639e-18	1.09639e-18	1.09639e-18	1.09639e-18	1.09639e-18	1.09639e-18	1.09639e-18	1.09639e-18	1.09639e-18	1.09639e-18	1.09639e-18	1.09639e-18	1.09639e-18	1.09639e-18	1.09639e-18	1.09639e-18	1.09639e-18	1.09639e-18	1.09639e-18	1.09639e-18	1.09639e-18	1.09639e-18	1.09639e-18	1.09639e-18	1.09639e-18	1.09639e-18	1.09639e-18	1.09639e-18	1.09639e-18	1.09639e-18	1.09639e-18	1.09639e-18	1.09639e-18	1.09639e-18	1.09639e-18	1.09639e-18	1.09639e-18	1.09639e-18	1.09639e-18	1.09639e-18	1.09639e-18	1.09639e-18	1.09639e-18	1.09639e-18	1.09639e-18	1.09639e-18	1.09639e-18	1.09639e-18	1.09639e-18	1.09639e-18	1.09639e-18	1.09639e-18	1.09639e-18	1.09639e-18	1.09639e-18	1.09639e-18	1.09639e-18	1.09639e-18	1.09639e-18	1.09639e-18	1.09639e-18	1.09639e-18	1.09639e-18	1.09639e-18	1.09639e-18	1.09639e-18	1.09639e-18	1.09639e-18	1.09639e-18	1.09639e-18	1.09639e-18	1.09639e-18	1.09639e-18	1.09639e-18	1.09639e-18	1.09639e-18	1.09639e-18	1.09639e-18	1.09639e-18	1.09639e-18	1.09639e-18	1.09639e-18	1.09639e-18	1.09639e-18	1.09639e-18	1.09639e-18	1.09639e-18	1.09639e-18	1.09639e-18	1.09639e-18	1.09639e-18	1.09639e-18	1.09639e-18	1.09639e-18	1.09639e-18	1.09639e-18	1.09639e-18	1.09639e-18	1.09639e-18	1.09639e-18	1.09639e-18	1.09639e-18	1.09639e-18	1.09639e-18	1.09639e-18	1.09639e-18	1.09639e-18	1.09639e-18	1.09639e-18	1.09639e-18	1.09639e-18
20.87	5.22184e-29	2.14637e-28	4.63095e-28	8.43169e-28	1.42458e-27	2.31399e-27	3.67455e-27	5.75586e-27	8.93971e-27	1.38102e-26	2.12607e-26	3.26581e-26	5.00933e-26	7.67646e-26	1.17565e-25	1.79979e-25	2.75458e-25	4.21517e-25	6.44952e-25	9.86755e-25	1.50964e-24	2.30952e-24	3.53318e-24	5.40511e-24	8.26878e-24	1.26497e-23	1.93516e-23	2.96044e-23	4.52897e-23	6.92860e-23	1.05998e-22	1.62163e-22	2.48092e-22	3.79561e-22	5.80707e-22	8.88470e-22	1.35937e-21	2.07992e-21	3.18251e-21	4.86978e-21	7.45190e-21	1.14037e-20	1.74522e-20	2.67107e-20	4.08838e-20	6.25831e-20	9.58090e-20	1.46692e-19	2.24629e-19	3.44027e-19	5.26985e-19	8.07411e-19	1.18683e-18	1.18706e-18	1.18706e-18	1.18706e-18	1.18706e-18	1.18706e-18	1.18706e-18	1.18706e-18	1.18706e-18	1.18706e-18	1.18706e-18	1.18706e-18	1.18706e-18	1.18706e-18	1.18706e-18	1.18706e-18	1.18706e-18	1.18706e-18	1.18706e-18	1.18706e-18	1.18706e-18	1.18706e-18	1.18706e-18	1.18706e-18	1.18706e-18	1.18706e-18	1.18706e-18	1.18706e-18	1.18706e-18	1.18706e-18	1.18706e-18	1.18706e-18	1.18706e-18	1.18706e-18	1.18706e-18	1.18706e-18	1.18706e-18	1.18706e-18	1.18706e-18	1.18706e-18	1.18706e-18	1.18706e-18	1.18706e-18	1.18706e-18	1.18706e-18	1.18706e-18	1.18706e-18	1.18706e-18	1.18706e-18	1.18706e-18	1.18706e-18	1.18706e-18	1.18706e-18	1.18706e-18	1.18706e-18	1.18706e-18	1.18706e-18	1.18706e-18	1.18706e-18	1.18706e-18	1.18706e-18	1.18706e-18	1.18706e-18	1.18706e-18	1.18706e-18	1.18706e-18	1.18706e-18	1.18706e-18	1.18706e-18	1.18706e-18	1.18706e-18	1.18706e-18	1.18706e-18	1.18706e-18	1.18706e-18	1.18706e-18	1.18706e-18	1.18706e-18	1.18706e-18	1.18706e-18	1.18706e-18	1.18706e-18	1.18706e-18	1.18706e-18	1.18706e-18	1.18706e-18	1.18706e-18	1.18706e-18	1.18706e-18	1.18706e-18	1.18706e-18	1.18706e-18	1.18706e-18	1.18706e-18	1.18706e-18	1.18706e-18	1.18706e-18	1.18706e-18	1.18706e-18	1.18706e-18	1.18706e-18	1.18706e-18	1.18706e-18	1.18706e-18	1.18706e-18	1.18706e-18	1.18706e-18	1.18706e-18	1.18706e-18	1.18706e-18	1.18706e-18	1.18706e-18	1.18706e-18	1.18706e-18	1.18706e-18	1.18706e-18	1.18706e-18	1.18706e-18	1.18706e-18	1.18706e-18	1.18706e-18	1.18706e-18	1.18706e-18	1.18706e-18	1.18706e-18	1.18706e-18	1.18706e-18	1.18706e-18	1.18706e-18	1.18706e-18	1.18706e-18	1.18706e-18	1.18706e-18
20.90	4.46362e-29	1.83471e-28	3.95852e-28	7.20739e-28	1.21773e-27	1.97800e-27	3.14100e-27	4.92010e-27	7.64165e-27	1.18049e-26	1.81736e-26	2.79161e-26	4.28196e-26	6.56182e-26	1.00494e-25	1.53846e-25	2.35461e-25	3.60312e-25	5.51304e-25	8.43477e-25	1.29043e-24	1.97418e-24	3.02015e-24	4.62028e-24	7.06814e-24	1.08129e-23	1.65417e-23	2.53058e-23	3.87135e-23	5.92256e-23	9.06065e-23	1.38617e-22	2.12069e-22	3.24448e-22	4.96388e-22	7.59463e-22	1.16199e-21	1.77792e-21	2.72041e-21	4.16268e-21	6.36988e-21	9.74789e-21	1.49182e-20	2.28322e-20	3.49474e-20	5.34959e-20	8.18974e-20	1.25392e-19	1.92013e-19	2.94074e-19	4.50466e-19	6.90174e-19	1.05769e-18	1.28535e-18	1.28535e-18	1.28535e-18	1.28535e-18	1.28535e-18	1.28535e-18	1.28535e-18	1.28535e-18	1.28535e-18	1.28535e-18	1.28535e-18	1.28535e-18	1.28535e-18	1.28535e-18	1.28535e-18	1.28535e-18	1.28535e-18	1.28535e-18	1.28535e-18	1.28535e-18	1.28535e-18	1.28535e-18	1.28535e-18	1.28535e-18	1.28535e-18	1.28535e-18	1.28535e-18	1.28535e-18	1.28535e-18	1.28535e-18	1.28535e-18	1.28535e-18	1.28535e-18	1.28535e-18	1.28535e-18	1.28535e-18	1.28535e-18	1.28535e-18	1.28535e-18	1.28535e-18	1.28535e-18	1.28535e-18	1.28535e-18	1.28535e-18	1.28535e-18	1.28535e-18	1.28535e-18	1.28535e-18	1.28535e-18	1.28535e-18	1.28535e-18	1.28535e-18	1.28535e-18	1.28535e-18	1.28535e-18	1.28535e-18	1.28535e-18	1.28535e-18	1.28535e-18	1.28535e-18	1.28535e-18	1.28535e-18	1.28535e-18	1.28535e-18	1.28535e-18	1.28535e-18	1.28535e-18	1.28535e-18	1.28535e-18	1.28535e-18	1.28535e-18	1.28535e-18	1.28535e-18	1.28535e-18	1.28535e-18	1.28535e-18	1.28535e-18	1.28535e-18	1.28535e-18	1.28535e-18	1.28535e-18	1.28535e-18	1.28535e-18	1.28535e-18	1.28535e-18	1.28535e-18	1.28535e-18	1.28535e-18	1.28535e-18	1.28535e-18	1.28535e-18	1.28535e-18	1.28535e-18	1.28535e-18	1.28535e-18	1.28535e-18	1.28535e-18	1.28535e-18	1.28535e-18	1.28535e-18	1.28535e-18	1.28535e-18	1.28535e-18	1.28535e-18	1.28535e-18	1.28535e-18	1.28535e-18	1.28535e-18	1.28535e-18	1.28535e-18	1.28535e-18	1.28535e-18	1.28535e-18	1.28535e-18	1.28535e-18	1.28535e-18	1.28535e-18	1.28535e-18	1.28535e-18	1.28535e-18	1.28535e-18	1.28535e-18	1.28535e-18	1.28535e-18	1.28535e-18	1.28535e-18	1.28535e-18	1.28535e-18	1.28535e-18	1.28535e-18	1.28535e-18	1.28535e-18
20.94	3.81550e-29	1.56831e-28	3.38374e-28	6.16087e-28	1.04091e-27	1.69079e-27	2.68492e-27	4.20569e-27	6.53207e-27	1.00908e-26	1.55348e-26	2.38627e-26	3.66022e-26	5.60904e-26	8.59024e-26	1.31507e-25	2.01272e-25	3.07994e-25	4.71254e-25	7.21003e-25	1.10306e-24	1.68752e-24	2.58162e-24	3.94941e-24	6.04184e-24	9.24285e-24	1.41398e-23	2.16314e-23	3.30923e-23	5.06259e-23	7.74503e-23	1.18489e-22	1.81276e-22	2.77337e-22	4.24312e-22	6.49188e-22	9.93268e-22	1.51976e-21	2.32540e-21	3.55825e-21	5.44496e-21	8.33248e-21	1.27520e-20	1.95170e-20	2.98730e-20	4.57282e-20	7.00057e-20	1.07185e-19	1.64132e-19	2.51374e-19	3.85058e-19	5.89959e-19	9.04112e-19	1.38120e-18	1.39190e-18	1.39190e-18	1.39190e-18	1.39190e-18	1.39190e-18	1.39190e-18	1.39190e-18	1.39190e-18	1.39190e-18	1.39190e-18	1.39190e-18	1.39190e-18	1.39190e-18	1.39190e-18	1.39190e-18	1.39190e-18	1.39190e-18	1.39190e-18	1.39190e-18	1.39190e-18	1.39190e-18	1.39190e-18	1.39190e-18	1.39190e-18	1.39190e-18	1.39190e-18	1.39190e-18	1.39190e-18	1.39190e-18	1.39190e-18	1.39190e-18	1.39190e-18	1.39190e-18	1.39190e-18	1.39190e-18	1.39190e-18	1.39190e-18	1.39190e-18	1.39190e-18	1.39190e-18	1.39190e-18	1.39190e-18	1.39190e-18	1.39190e-18	1.39190e-18	1.39190e-18	1.39190e-18	1.39190e-18	1.39190e-18	1.39190e-18	1.39190e-18	1.39190e-18	1.39190e-18	1.39190e-18	1.39190e-18	1.39190e-18	1.39190e-18	1.39190e-18	1.39190e-18	1.39190e-18	1.39190e-18	1.39190e-18	1.39190e-18	1.39190e-18	1.39190e-18	1.39190e-18	1.39190e-18	1.39190e-18	1.39190e-18	1.39190e-18	1.39190e-18	1.39190e-18	1.39190e-18	1.39190e-18	1.39190e-18	1.39190e-18	1.39190e-18	1.39190e-18	1.39190e-18	1.39190e-18	1.39190e-18	1.39190e-18	1.39190e-18	1.39190e-18	1.39190e-18	1.39190e-18	1.39190e-18	1.39190e-18	1.39190e-18	1.39190e-18	1.39190e-18	1.39190e-18	1.39190e-18	1.39190e-18	1.39190e-18	1.39190e-18	1.39190e-18	1.39190e-18	1.39190e-18	1.39190e-18	1.39190e-18	1.39190e-18	1.39190e-18	1.39190e-18	1.39190e-18	1.39190e-18	1.39190e-18	1.39190e-18	1.39190e-18	1.39190e-18	1.39190e-18	1.39190e-18	1.39190e-18	1.39190e-18	1.39190e-18	1.39190e-18	1.39190e-18	1.39190e-18	1.39190e-18	1.39190e-18	1.39190e-18	1.39190e-18	1.39190e-18	1.39190e-18	1.39190e-18	1.39190e-18	1.39190e-18	1.39190e-18	1.39190e-18	1.39190e-18	1.39190e-18
20.97	3.26148e-29	1.34059e-28	2.89242e-28	5.26630e-28	8.89772e-28	1.44528e-27	2.29507e-27	3.59502e-27	5.58360e-27	8.62562e-27	1.32791e-26	2.03978e-26	3.12875e-26	4.79460e-26	7.34293e-26	1.12412e-25	1.72047e-25	2.63273e-25	4.02827e-25	6.16312e-25	9.42895e-25	1.44249e-24	2.20677e-24	3.37595e-24	5.16455e-24	7.90078e-24	1.20867e-23	1.84905e-23	2.82872e-23	4.32750e-23	6.62044e-23	1.01284e-22	1.54954e-22	2.37068e-22	3.62701e-22	5.54925e-22	8.49044e-22	1.29909e-21	1.98775e-21	3.04159e-21	4.65434e-21	7.12259e-21	1.09004e-20	1.66831e-20	2.55354e-20	3.90884e-20	5.98408e-20	9.16216e-20	1.40300e-19	2.14874e-19	3.29147e-19	5.04296e-19	7.72834e-19	1.18470e-18	1.50742e-18	1.50742e-18	1.50742e-18	1.50742e-18	1.50742e-18	1.50742e-18	1.50742e-18	1.50742e-18	1.50742e-18	1.50742e-18	1.50742e-18	1.50742e-18	1.50742e-18	1.50742e-18	1.50742e-18	1.50742e-18	1.50742e-18	1.50742e-18	1.50742e-18	1.50742e-18	1.50742e-18	1.50742e-18	1.50742e-18	1.50742e-18	1.50742e-18	1.50742e-18	1.50742e-18	1.50742e-18	1.50742e-18	1.50742e-18	1.50742e-18	1.50742e-18	1.50742e-18	1.50742e-18	1.50742e-18	1.50742e-18	1.50742e-18	1.50742e-18	1.50742e-18	1.50742e-18	1.50742e-18	1.50742e-18	1.50742e-18	1.50742e-18	1.50742e-18	1.50742e-18	1.50742e-18	1.50742e-18	1.50742e-18	1.50742e-18	1.50742e-18	1.50742e-18	1.50742e-18	1.50742e-18	1.50742e-18	1.50742e-18	1.50742e-18	1.50742e-18	1.50742e-18	1.50742e-18	1.50742e-18	1.50742e-18	1.50742e-18	1.50742e-18	1.50742e-18	1.50742e-18	1.50742e-18	1.50742e-18	1.50742e-18	1.50742e-18	1.50742e-18	1.50742e-18	1.50742e-18	1.50742e-18	1.50742e-18	1.50742e-18	1.50742e-18	1.50742e-18	1.50742e-18	1.50742e-18	1.50742e-18	1.50742e-18	1.50742e-18	1.50742e-18	1.50742e-18	1.50742e-18	1.50742e-18	1.50742e-18	1.50742e-18	1.50742e-18	1.50742e-18	1.50742e-18	1.50742e-18	1.50742e-18	1.50742e-18	1.50742e-18	1.50742e-18	1.50742e-18	1.50742e-18	1.50742e-18	1.50742e-18	1.50742e-18	1.50742e-18	1.50742e-18	1.50742e-18	1.50742e-18	1.50742e-18	1.50742e-18	1.50742e-18	1.50742e-18	1.50742e-18	1.50742e-18	1.50742e-18	1.50742e-18	1.50742e-18	1.50742e-18	1.50742e-18	1.50742e-18	1.50742e-18	1.50742e-18	1.50742e-18	1.50742e-18	1.50742e-18	1.50742e-18	1.50742e-18	1.50742e-18	1.50742e-18	1.50742e-18	1.50742e-18	1.50742e-18	1.50742e-18
21.00	2.78791e-29	1.14593e-28	2.47243e-28	4.50163e-28	7.60576e-28	1.23543e-27	1.96182e-27	3.07302e-27	4.77285e-27	7.37316e-27	1.13510e-26	1.74360e-26	2.67445e-26	4.09841e-26	6.27672e-26	9.60899e-26	1.47065e-25	2.25045e-25	3.44336e-25	5.26823e-25	8.05985e-25	1.23304e-24	1.88634e-24	2.88575e-24	4.41465e-24	6.75357e-24	1.03317e-23	1.58056e-23	2.41799e-23	3.69914e-23	5.65914e-23	8.65777e-23	1.32455e-22	2.02645e-22	3.10036e-22	4.74349e-22	7.25762e-22	1.11046e-21	1.69912e-21	2.59995e-21	3.97853e-21	6.08838e-21	9.31765e-21	1.42607e-20	2.18276e-20	3.34127e-20	5.11518e-20	7.83180e-20	1.19928e-19	1.83674e-19	2.81354e-19	4.31072e-19	6.60617e-19	1.01268e-18	1.55286e-18	1.63272e-18	1.63272e-18	1.63272e-18	1.63272e-18	1.63272e-18	1.63272e-18	1.63272e-18	1.63272e-18	1.63272e-18	1.63272e-18	1.63272e-18	1.63272e-18	1.63272e-18	1.63272e-18	1.63272e-18	1.63272e-18	1.63272e-18	1.63272e-18	1.63272e-18	1.63272e-18	1.63272e-18	1.63272e-18	1.63272e-18	1.63272e-18	1.63272e-18	1.63272e-18	1.63272e-18	1.63272e-18	1.63272e-18	1.63272e-18	1.63272e-18	1.63272e-18	1.63272e-18	1.63272e-18	1.63272e-18	1.63272e-18	1.63272e-18	1.63272e-18	1.63272e-18	1.63272e-18	1.63272e-18	1.63272e-18	1.63272e-18	1.63272e-18	1.63272e-18	1.63272e-18	1.63272e-18	1.63272e-18	1.63272e-18	1.63272e-18	1.63272e-18	1.63272e-18	1.63272e-18	1.63272e-18	1.63272e-18	1.63272e-18	1.63272e-18	1.63272e-18	1.63272e-18	1.63272e-18	1.63272e-18	1.63272e-18	1.63272e-18	1.63272e-18	1.63272e-18	1.63272e-18	1.63272e-18	1.63272e-18	1.63272e-18	1.63272e-18	1.63272e-18	1.63272e-18	1.63272e-18	1.63272e-18	1.63272e-18	1.63272e-18	1.63272e-18	1.63272e-18	1.63272e-18	1.63272e-18	1.63272e-18	1.63272e-18	1.63272e-18	1.63272e-18	1.63272e-18	1.63272e-18	1.63272e-18	1.63272e-18	1.63272e-18	1.63272e-18	1.63272e-18	1.63272e-18	1.63272e-18	1.63272e-18	1.63272e-18	1.63272e-18	1.63272e-18	1.63272e-18	1.63272e-18	1.63272e-18	1.63272e-18	1.63272e-18	1.63272e-18	1.63272e-18	1.63272e-18	1.63272e-18	1.63272e-18	1.63272e-18	1.63272e-18	1.63272e-18	1.63272e-18	1.63272e-18	1.63272e-18	1.63272e-18	1.63272e-18	1.63272e-18	1.63272e-18	1.63272e-18	1.63272e-18	1.63272e-18	1.63272e-18	1.63272e-18	1.63272e-18	1.63272e-18	1.63272e-18	1.63272e-18	1.63272e-18	1.63272e-18	1.63272e-18	1.63272e-18
21.04	2.38310e-29	9.79543e-29	2.11343e-28	3.84798e-28	6.50139e-28	1.05604e-27	1.67696e-27	2.62681e-27	4.07983e-27	6.30257e-27	9.70279e-27	1.49042e-26	2.28611e-26	3.50332e-26	5.36533e-26	8.21375e-26	1.25711e-25	1.92368e-25	2.94338e-25	4.50327e-25	6.88955e-25	1.05400e-24	1.61244e-24	2.46674e-24	3.77364e-24	5.77294e-24	8.83152e-24	1.35106e-23	2.06689e-23	3.16202e-23	4.83743e-23	7.40065e-23	1.13222e-22	1.73221e-22	2.65018e-22	4.05473e-22	6.20380e-22	9.49219e-22	1.45241e-21	2.22243e-21	3.40084e-21	5.20434e-21	7.96471e-21	1.21900e-20	1.86582e-20	2.85611e-20	4.37245e-20	6.69461e-20	1.02514e-19	1.57004e-19	2.40501e-19	3.68479e-19	5.64695e-19	8.65634e-19	1.32738e-18	1.76862e-18	1.76863e-18	1.76863e-18	1.76863e-18	1.76863e-18	1.76863e-18	1.76863e-18	1.76863e-18	1.76863e-18	1.76863e-18	1.76863e-18	1.76863e-18	1.76863e-18	1.76863e-18	1.76863e-18	1.76863e-18	1.76863e-18	1.76863e-18	1.76863e-18	1.76863e-18	1.76863e-18	1.76863e-18	1.76863e-18	1.76863e-18	1.76863e-18	1.76863e-18	1.76863e-18	1.76863e-18	1.76863e-18	1.76863e-18	1.76863e-18	1.76863e-18	1.76863e-18	1.76863e-18	1.76863e-18	1.76863e-18	1.76863e-18	1.76863e-18	1.76863e-18	1.76863e-18	1.76863e-18	1.76863e-18	1.76863e-18	1.76863e-18	1.76863e-18	1.76863e-18	1.76863e-18	1.76863e-18	1.76863e-18	1.76863e-18	1.76863e-18	1.76863e-18	1.76863e-18	1.76863e-18	1.76863e-18	1.76863e-18	1.76863e-18	1.76863e-18	1.76863e-18	1.76863e-18	1.76863e-18	1.76863e-18	1.76863e-18	1.76863e-18	1.76863e-18	1.76863e-18	1.76863e-18	1.76863e-18	1.76863e-18	1.76863e-18	1.76863e-18	1.76863e-18	1.76863e-18	1.76863e-18	1.76863e-18	1.76863e-18	1.76863e-18	1.76863e-18	1.76863e-18	1.76863e-18	1.76863e-18	1.76863e-18	1.76863e-18	1.76863e-18	1.76863e-18	1.76863e-18	1.76863e-18	1.76863e-18	1.76863e-18	1.76863e-18	1.76863e-18	1.76863e-18	1.76863e-18	1.76863e-18	1.76863e-18	1.76863e-18	1.76863e-18	1.76863e-18	1.76863e-18	1.76863e-18	1.76863e-18	1.76863e-18	1.76863e-18	1.76863e-18	1.76863e-18	1.76863e-18	1.76863e-18	1.76863e-18	1.76863e-18	1.76863e-18	1.76863e-18	1.76863e-18	1.76863e-18	1.76863e-18	1.76863e-18	1.76863e-18	1.76863e-18	1.76863e-18	1.76863e-18	1.76863e-18	1.76863e-18	1.76863e-18	1.76863e-18	1.76863e-18	1.76863e-18	1.76863e-18	1.76863e-18	1.76863e-18	1.76863e-18	1.76863e-18
21.07	2.03707e-29	8.37311e-29	1.80656e-28	3.28925e-28	5.55738e-28	9.02701e-28	1.43346e-27	2.24539e-27	3.48743e-27	5.38743e-27	8.29393e-27	1.27401e-26	1.95417e-26	2.99463e-26	4.58628e-26	7.02110e-26	1.07458e-25	1.64436e-25	2.51600e-25	3.84939e-25	5.88917e-25	9.00958e-25	1.37831e-24	2.10856e-24	3.22570e-24	4.93470e-24	7.54917e-24	1.15489e-23	1.76678e-23	2.70289e-23	4.13503e-23	6.32607e-23	9.67821e-23	1.48069e-22	2.26537e-22	3.46597e-22	5.30300e-22	8.11391e-22	1.24152e-21	1.89973e-21	2.90703e-21	4.44866e-21	6.80822e-21	1.04200e-20	1.59490e-20	2.44140e-20	3.73756e-20	5.72254e-20	8.76291e-20	1.34207e-19	2.05580e-19	3.14976e-19	4.82700e-19	7.39943e-19	1.13464e-18	1.74052e-18	1.91609e-18	1.91609e-18	1.91609e-18	1.91609e-18	1.91609e-18	1.91609e-18	1.91609e-18	1.91609e-18	1.91609e-18	1.91609e-18	1.91609e-18	1.91609e-18	1.91609e-18	1.91609e-18	1.91609e-18	1.91609e-18	1.91609e-18	1.91609e-18	1.91609e-18	1.91609e-18	1.91609e-18	1.91609e-18	1.91609e-18	1.91609e-18	1.91609e-18	1.91609e-18	1.91609e-18	1.91609e-18	1.91609e-18	1.91609e-18	1.91609e-18	1.91609e-18	1.91609e-18	1.91609e-18	1.91609e-18	1.91609e-18	1.91609e-18	1.91609e-18	1.91609e-18	1.91609e-18	1.91609e-18	1.91609e-18	1.91609e-18	1.91609e-18	1.91609e-18	1.91609e-18	1.91609e-18	1.91609e-18	1.91609e-18	1.91609e-18	1.91609e-18	1.91609e-18	1.91609e-18	1.91609e-18	1.91609e-18	1.91609e-18	1.91609e-18	1.91609e-18	1.91609e-18	1.91609e-18	1.91609e-18	1.91609e-18	1.91609e-18	1.91609e-18	1.91609e-18	1.91609e-18	1.91609e-18	1.91609e-18	1.91609e-18	1.91609e-18	1.91609e-18	1.91609e-18	1.91609e-18	1.91609e-18	1.91609e-18	1.91609e-18	1.91609e-18	1.91609e-18	1.91609e-18	1.91609e-18	1.91609e-18	1.91609e-18	1.91609e-18	1.91609e-18	1.91609e-18	1.91609e-18	1.91609e-18	1.91609e-18	1.91609e-18	1.91609e-18	1.91609e-18	1.91609e-18	1.91609e-18	1.91609e-18	1.91609e-18	1.91609e-18	1.91609e-18	1.91609e-18	1.91609e-18	1.91609e-18	1.91609e-18	1.91609e-18	1.91609e-18	1.91609e-18	1.91609e-18	1.91609e-18	1.91609e-18	1.91609e-18	1.91609e-18	1.91609e-18	1.91609e-18	1.91609e-18	1.91609e-18	1.91609e-18	1.91609e-18	1.91609e-18	1.91609e-18	1.91609e-18	1.91609e-18	1.91609e-18	1.91609e-18	1.91609e-18	1.91609e-18	1.91609e-18	1.91609e-18	1.91609e-18	1.91609e-18	1.91609e-18	1.91609e-18
21.11	1.74128e-29	7.15733e-29	1.54424e-28	2.81165e-28	4.75044e-28	7.71628e-28	1.22532e-27	1.91936e-27	2.98105e-27	4.60516e-27	7.08964e-27	1.08902e-26	1.67042e-26	2.55981e-26	3.92034e-26	6.00162e-26	9.18547e-26	1.40560e-25	2.15067e-25	3.29045e-25	5.03406e-25	7.70138e-25	1.17818e-24	1.80240e-24	2.75732e-24	4.21818e-24	6.45302e-24	9.87194e-24	1.51024e-23	2.31042e-23	3.53461e-23	5.40751e-23	8.27292e-23	1.26569e-22	1.93644e-22	2.96271e-22	4.53300e-22	6.93576e-22	1.06125e-21	1.62389e-21	2.48493e-21	3.80271e-21	5.81966e-21	8.90699e-21	1.36332e-20	2.08691e-20	3.19486e-20	4.89162e-20	7.49052e-20	1.14720e-19	1.75730e-19	2.69241e-19	4.12611e-19	6.32502e-19	9.69889e-19	1.48780e-18	2.07612e-18	2.07613e-18	2.07613e-18	2.07613e-18	2.07613e-18	2.07613e-18	2.07613e-18	2.07613e-18	2.07613e-18	2.07613e-18	2.07613e-18	2.07613e-18	2.07613e-18	2.07613e-18	2.07613e-18	2.07613e-18	2.07613e-18	2.07613e-18	2.07613e-18	2.07613e-18	2.07613e-18	2.07613e-18	2.07613e-18	2.07613e-18	2.07613e-18	2.07613e-18	2.07613e-18	2.07613e-18	2.07613e-18	2.07613e-18	2.07613e-18	2.07613e-18	2.07613e-18	2.07613e-18	2.07613e-18	2.07613e-18	2.07613e-18	2.07613e-18	2.07613e-18	2.07613e-18	2.07613e-18	2.07613e-18	2.07613e-18	2.07613e-18	2.07613e-18	2.07613e-18	2.07613e-18	2.07613e-18	2.07613e-18	2.07613e-18	2.07613e-18	2.07613e-18	2.07613e-18	2.07613e-18	2.07613e-18	2.07613e-18	2.07613e-18	2.07613e-18	2.07613e-18	2.07613e-18	2.07613e-18	2.07613e-18	2.07613e-18	2.07613e-18	2.07613e-18	2.07613e-18	2.07613e-18	2.07613e-18	2.07613e-18	2.07613e-18	2.07613e-18	2.07613e-18	2.07613e-18	2.07613e-18	2.07613e-18	2.07613e-18	2.07613e-18	2.07613e-18	2.07613e-18	2.07613e-18	2.07613e-18	2.07613e-18	2.07613e-18	2.07613e-18	2.07613e-18	2.07613e-18	2.07613e-18	2.07613e-18	2.07613e-18	2.07613e-18	2.07613e-18	2.07613e-18	2.07613e-18	2.07613e-18	2.07613e-18	2.07613e-18	2.07613e-18	2.07613e-18	2.07613e-18	2.07613e-18	2.07613e-18	2.07613e-18	2.07613e-18	2.07613e-18	2.07613e-18	2.07613e-18	2.07613e-18	2.07613e-18	2.07613e-18	2.07613e-18	2.07613e-18	2.07613e-18	2.07613e-18	2.07613e-18	2.07613e-18	2.07613e-18	2.07613e-18	2.07613e-18	2.07613e-18	2.07613e-18	2.07613e-18	2.07613e-18	2.07613e-18	2.07613e-18	2.07613e-18	2.07613e-18	2.07613e-18	2.07613e-18	2.07613e-18
21.14	1.48845e-29	6.11807e-29	1.32002e-28	2.40339e-28	4.06067e-28	6.59586e-28	1.04740e-27	1.64066e-27	2.54820e-27	3.93649e-27	6.06021e-27	9.30896e-27	1.42787e-26	2.18812e-26	3.35110e-26	5.13018e-26	7.85173e-26	1.20150e-25	1.83839e-25	2.81267e-25	4.30310e-25	6.58313e-25	1.00711e-24	1.54069e-24	2.35696e-24	3.60569e-24	5.51603e-24	8.43852e-24	1.29095e-23	1.97495e-23	3.02138e-23	4.62233e-23	7.07168e-23	1.08191e-22	1.65526e-22	2.53252e-22	3.87480e-22	5.92867e-22	9.07152e-22	1.38809e-21	2.12411e-21	3.25055e-21	4.97463e-21	7.61368e-21	1.16536e-20	1.78388e-20	2.73096e-20	4.18135e-20	6.40288e-20	9.80625e-20	1.50213e-19	2.30147e-19	3.52699e-19	5.40662e-19	8.29060e-19	1.27177e-18	1.95171e-18	2.24986e-18	2.24986e-18	2.24986e-18	2.24986e-18	2.24986e-18	2.24986e-18	2.24986e-18	2.24986e-18	2.24986e-18	2.24986e-18	2.24986e-18	2.24986e-18	2.24986e-18	2.24986e-18	2.24986e-18	2.24986e-18	2.24986e-18	2.24986e-18	2.24986e-18	2.24986e-18	2.24986e-18	2.24986e-18	2.24986e-18	2.24986e-18	2.24986e-18	2.24986e-18	2.24986e-18	2.24986e-18	2.24986e-18	2.24986e-18	2.24986e-18	2.24986e-18	2.24986e-18	2.24986e-18	2.24986e-18	2.24986e-18	2.24986e-18	2.24986e-18	2.24986e-18	2.24986e-18	2.24986e-18	2.24986e-18	2.24986e-18	2.24986e-18	2.24986e-18	2.24986e-18	2.24986e-18	2.24986e-18	2.24986e-18	2.24986e-18	2.24986e-18	2.24986e-18	2.24986e-18	2.24986e-18	2.24986e-18	2.24986e-18	2.24986e-18	2.24986e-18	2.24986e-18	2.24986e-18	2.24986e-18	2.24986e-18	2.24986e-18	2.24986e-18	2.24986e-18	2.24986e-18	2.24986e-18	2.24986e-18	2.24986e-18	2.24986e-18	2.24986e-18	2.24986e-18	2.24986e-18	2.24986e-18	2.24986e-18	2.24986e-18	2.24986e-18	2.24986e-18	2.24986e-18	2.24986e-18	2.24986e-18	2.24986e-18	2.24986e-18	2.24986e-18	2.24986e-18	2.24986e-18	2.24986e-18	2.24986e-18	2.24986e-18	2.24986e-18	2.24986e-18	2.24986e-18	2.24986e-18	2.24986e-18	2.24986e-18	2.24986e-18	2.24986e-18	2.24986e-18	2.24986e-18	2.24986e-18	2.24986e-18	2.24986e-18	2.24986e-18	2.24986e-18	2.24986e-18	2.24986e-18	2.24986e-18	2.24986e-18	2.24986e-18	2.24986e-18	2.24986e-18	2.24986e-18	2.24986e-18	2.24986e-18	2.24986e-18	2.24986e-18	2.24986e-18	2.24986e-18	2.24986e-18	2.24986e-18	2.24986e-18	2.24986e-18	2.24986e-18	2.24986e-18	2.24986e-18	2.24986e-18	2.24986e-18	2.24986e-18
21.17	1.27232e-29	5.22972e-29	1.12835e-28	2.05441e-28	3.47105e-28	5.63813e-28	8.95320e-28	1.40244e-27	2.17820e-27	3.36490e-27	5.18026e-27	7.95729e-27	1.22054e-26	1.87040e-26	2.86452e-26	4.38527e-26	6.71164e-26	1.02704e-25	1.57145e-25	2.40427e-25	3.67829e-25	5.62725e-25	8.60873e-25	1.31698e-24	2.01472e-24	3.08214e-24	4.71509e-24	7.21324e-24	1.10350e-23	1.68818e-23	2.58267e-23	3.95116e-23	6.04486e-23	9.24815e-23	1.41492e-22	2.16479e-22	3.31217e-22	5.06782e-22	7.75432e-22	1.18654e-21	1.81569e-21	2.77856e-21	4.25231e-21	6.50816e-21	9.96151e-21	1.52486e-20	2.33442e-20	3.57421e-20	5.47318e-20	8.38237e-20	1.28402e-19	1.96729e-19	3.01487e-19	4.62157e-19	7.08679e-19	1.08710e-18	1.66831e-18	2.43827e-18	2.43852e-18	2.43852e-18	2.43852e-18	2.43852e-18	2.43852e-18	2.43852e-18	2.43852e-18	2.43852e-18	2.43852e-18	2.43852e-18	2.43852e-18	2.43852e-18	2.43852e-18	2.43852e-18	2.43852e-18	2.43852e-18	2.43852e-18	2.43852e-18	2.43852e-18	2.43852e-18	2.43852e-18	2.43852e-18	2.43852e-18	2.43852e-18	2.43852e-18	2.43852e-18	2.43852e-18	2.43852e-18	2.43852e-18	2.43852e-18	2.43852e-18	2.43852e-18	2.43852e-18	2.43852e-18	2.43852e-18	2.43852e-18	2.43852e-18	2.43852e-18	2.43852e-18	2.43852e-18	2.43852e-18	2.43852e-18	2.43852e-18	2.43852e-18	2.43852e-18	2.43852e-18	2.43852e-18	2.43852e-18	2.43852e-18	2.43852e-18	2.43852e-18	2.43852e-18	2.43852e-18	2.43852e-18	2.43852e-18	2.43852e-18	2.43852e-18	2.43852e-18	2.43852e-18	2.43852e-18	2.43852e-18	2.43852e-18	2.43852e-18	2.43852e-18	2.43852e-18	2.43852e-18	2.43852e-18	2.43852e-18	2.43852e-18	2.43852e-18	2.43852e-18	2.43852e-18	2.43852e-18	2.43852e-18	2.43852e-18	2.43852e-18	2.43852e-18	2.43852e-18	2.43852e-18	2.43852e-18	2.43852e-18	2.43852e-18	2.43852e-18	2.43852e-18	2.43852e-18	2.43852e-18	2.43852e-18	2.43852e-18	2.43852e-18	2.43852e-18	2.43852e-18	2.43852e-18	2.43852e-18	2.43852e-18	2.43852e-18	2.43852e-18	2.43852e-18	2.43852e-18	2.43852e-18	2.43852e-18	2.43852e-18	2.43852e-18	2.43852e-18	2.43852e-18	2.43852e-18	2.43852e-18	2.43852e-18	2.43852e-18	2.43852e-18	2.43852e-18	2.43852e-18	2.43852e-18	2.43852e-18	2.43852e-18	2.43852e-18	2.43852e-18	2.43852e-18	2.43852e-18	2.43852e-18	2.43852e-18	2.43852e-18	2.43852e-18	2.43852e-18	2.43852e-18	2.43852e-18	2.43852e-18	2.43852e-18
21.21	1.08758e-29	4.47035e-29	9.64510e-29	1.75611e-28	2.96705e-28	4.81947e-28	7.65318e-28	1.19880e-27	1.86192e-27	2.87631e-27	4.42808e-27	6.80187e-27	1.04332e-26	1.59881e-26	2.44859e-26	3.74852e-26	5.73710e-26	8.77915e-26	1.34327e-25	2.05517e-25	3.14419e-25	4.81016e-25	7.35873e-25	1.12575e-24	1.72218e-24	2.63461e-24	4.03045e-24	6.16586e-24	9.43271e-24	1.44305e-23	2.20766e-23	3.37745e-23	5.16714e-23	7.90530e-23	1.20947e-22	1.85046e-22	2.83124e-22	4.33197e-22	6.62838e-22	1.01425e-21	1.55205e-21	2.37511e-21	3.63487e-21	5.56317e-21	8.51508e-21	1.30345e-20	1.99546e-20	3.05523e-20	4.67846e-20	7.16523e-20	1.09758e-19	1.68164e-19	2.57711e-19	3.95051e-19	6.05778e-19	9.29254e-19	1.42607e-18	2.18960e-18	2.64346e-18	2.64346e-18	2.64346e-18	2.64346e-18	2.64346e-18	2.64346e-18	2.64346e-18	2.64346e-18	2.64346e-18	2.64346e-18	2.64346e-18	2.64346e-18	2.64346e-18	2.64346e-18	2.64346e-18	2.64346e-18	2.64346e-18	2.64346e-18	2.64346e-18	2.64346e-18	2.64346e-18	2.64346e-18	2.64346e-18	2.64346e-18	2.64346e-18	2.64346e-18	2.64346e-18	2.64346e-18	2.64346e-18	2.64346e-18	2.64346e-18	2.64346e-18	2.64346e-18	2.64346e-18	2.64346e-18	2.64346e-18	2.64346e-18	2.64346e-18	2.64346e-18	2.64346e-18	2.64346e-18	2.64346e-18	2.64346e-18	2.64346e-18	2.64346e-18	2.64346e-18	2.64346e-18	2.64346e-18	2.64346e-18	2.64346e-18	2.64346e-18	2.64346e-18	2.64346e-18	2.64346e-18	2.64346e-18	2.64346e-18	2.64346e-18	2.64346e-18	2.64346e-18	2.64346e-18	2.64346e-18	2.64346e-18	2.64346e-18	2.64346e-18	2.64346e-18	2.64346e-18	2.64346e-18	2.64346e-18	2.64346e-18	2.64346e-18	2.64346e-18	2.64346e-18	2.64346e-18	2.64346e-18	2.64346e-18	2.64346e-18	2.64346e-18	2.64346e-18	2.64346e-18	2.64346e-18	2.64346e-18	2.64346e-18	2.64346e-18	2.64346e-18	2.64346e-18	2.64346e-18	2.64346e-18	2.64346e-18	2.64346e-18	2.64346e-18	2.64346e-18	2.64346e-18	2.64346e-18	2.64346e-18	2.64346e-18	2.64346e-18	2.64346e-18	2.64346e-18	2.64346e-18	2.64346e-18	2.64346e-18	2.64346e-18	2.64346e-18	2.64346e-18	2.64346e-18	2.64346e-18	2.64346e-18	2.64346e-18	2.64346e-18	2.64346e-18	2.64346e-18	2.64346e-18	2.64346e-18	2.64346e-18	2.64346e-18	2.64346e-18	2.64346e-18	2.64346e-18	2.64346e-18	2.64346e-18	2.64346e-18	2.64346e-18	2.64346e-18	2.64346e-18	2.64346e-18	2.64346e-18	2.64346e-18
21.24	9.29661e-30	3.82125e-29	8.24462e-29	1.50112e-28	2.53623e-28	4.11967e-28	6.54192e-28	1.02473e-27	1.59156e-27	2.45867e-27	3.78511e-27	5.81423e-27	8.91826e-27	1.36666e-26	2.09305e-26	3.20423e-26	4.90407e-26	7.50440e-26	1.14823e-25	1.75675e-25	2.68765e-25	4.11172e-25	6.29023e-25	9.62289e-25	1.47212e-24	2.25206e-24	3.44523e-24	5.27057e-24	8.06307e-24	1.23352e-23	1.88711e-23	2.88704e-23	4.41686e-23	6.75744e-23	1.03385e-22	1.58177e-22	2.42014e-22	3.70296e-22	5.66593e-22	8.66983e-22	1.32669e-21	2.03024e-21	3.10708e-21	4.75539e-21	7.27868e-21	1.11419e-20	1.70572e-20	2.61161e-20	3.99914e-20	6.12483e-20	9.38209e-20	1.43746e-19	2.20291e-19	3.37689e-19	5.17818e-19	7.94325e-19	1.21900e-18	1.87166e-18	2.85327e-18	2.86616e-18	2.86616e-18	2.86616e-18	2.86616e-18	2.86616e-18	2.86616e-18	2.86616e-18	2.86616e-18	2.86616e-18	2.86616e-18	2.86616e-18	2.86616e-18	2.86616e-18	2.86616e-18	2.86616e-18	2.86616e-18	2.86616e-18	2.86616e-18	2.86616e-18	2.86616e-18	2.86616e-18	2.86616e-18	2.86616e-18	2.86616e-18	2.86616e-18	2.86616e-18	2.86616e-18	2.86616e-18	2.86616e-18	2.86616e-18	2.86616e-18	2.86616e-18	2.86616e-18	2.86616e-18	2.86616e-18	2.86616e-18	2.86616e-18	2.86616e-18	2.86616e-18	2.86616e-18	2.86616e-18	2.86616e-18	2.86616e-18	2.86616e-18	2.86616e-18	2.86616e-18	2.86616e-18	2.86616e-18	2.86616e-18	2.86616e-18	2.86616e-18	2.86616e-18	2.86616e-18	2.86616e-18	2.86616e-18	2.86616e-18	2.86616e-18	2.86616e-18	2.86616e-18	2.86616e-18	2.86616e-18	2.86616e-18	2.86616e-18	2.86616e-18	2.86616e-18	2.86616e-18	2.86616e-18	2.86616e-18	2.86616e-18	2.86616e-18	2.86616e-18	2.86616e-18	2.86616e-18	2.86616e-18	2.86616e-18	2.86616e-18	2.86616e-18	2.86616e-18	2.86616e-18	2.86616e-18	2.86616e-18	2.86616e-18	2.86616e-18	2.86616e-18	2.86616e-18	2.86616e-18	2.86616e-18	2.86616e-18	2.86616e-18	2.86616e-18	2.86616e-18	2.86616e-18	2.86616e-18	2.86616e-18	2.86616e-18	2.86616e-18	2.86616e-18	2.86616e-18	2.86616e-18	2.86616e-18	2.86616e-18	2.86616e-18	2.86616e-18	2.86616e-18	2.86616e-18	2.86616e-18	2.86616e-18	2.86616e-18	2.86616e-18	2.86616e-18	2.86616e-18	2.86616e-18	2.86616e-18	2.86616e-18	2.86616e-18	2.86616e-18	2.86616e-18	2.86616e-18	2.86616e-18	2.86616e-18	2.86616e-18	2.86616e-18	2.86616e-18	2.86616e-18	2.86616e-18	2.86616e-18
21.28	7.94673e-30	3.26640e-29	7.04749e-29	1.28316e-28	2.16796e-28	3.52149e-28	5.59203e-28	8.75941e-28	1.36047e-27	2.10167e-27	3.23551e-27	4.97000e-27	7.62332e-27	1.16822e-26	1.78913e-26	2.73897e-26	4.19199e-26	6.41475e-26	9.81504e-26	1.50167e-25	2.29740e-25	3.51469e-25	5.37688e-25	8.22563e-25	1.25836e-24	1.92506e-24	2.94497e-24	4.50527e-24	6.89230e-24	1.05441e-23	1.61310e-23	2.46783e-23	3.77553e-23	5.77625e-23	8.83735e-23	1.35210e-22	2.06873e-22	3.16528e-22	4.84323e-22	7.41095e-22	1.13405e-21	1.73545e-21	2.65593e-21	4.06490e-21	6.22180e-21	9.52405e-21	1.45804e-20	2.23240e-20	3.41846e-20	5.23550e-20	8.01980e-20	1.22874e-19	1.88304e-19	2.88656e-19	4.42630e-19	6.78988e-19	1.04200e-18	1.59990e-18	2.45789e-18	3.10825e-18	3.10825e-18	3.10825e-18	3.10825e-18	3.10825e-18	3.10825e-18	3.10825e-18	3.10825e-18	3.10825e-18	3.10825e-18	3.10825e-18	3.10825e-18	3.10825e-18	3.10825e-18	3.10825e-18	3.10825e-18	3.10825e-18	3.10825e-18	3.10825e-18	3.10825e-18	3.10825e-18	3.10825e-18	3.10825e-18	3.10825e-18	3.10825e-18	3.10825e-18	3.10825e-18	3.10825e-18	3.10825e-18	3.10825e-18	3.10825e-18	3.10825e-18	3.10825e-18	3.10825e-18	3.10825e-18	3.10825e-18	3.10825e-18	3.10825e-18	3.10825e-18	3.10825e-18	3.10825e-18	3.10825e-18	3.10825e-18	3.10825e-18	3.10825e-18	3.10825e-18	3.10825e-18	3.10825e-18	3.10825e-18	3.10825e-18	3.10825e-18	3.10825e-18	3.10825e-18	3.10825e-18	3.10825e-18	3.10825e-18	3.10825e-18	3.10825e-18	3.10825e-18	3.10825e-18	3.10825e-18	3.10825e-18	3.10825e-18	3.10825e-18	3.10825e-18	3.10825e-18	3.10825e-18	3.10825e-18	3.10825e-18	3.10825e-18	3.10825e-18	3.10825e-18	3.10825e-18	3.10825e-18	3.10825e-18	3.10825e-18	3.10825e-18	3.10825e-18	3.10825e-18	3.10825e-18	3.10825e-18	3.10825e-18	3.10825e-18	3.10825e-18	3.10825e-18	3.10825e-18	3.10825e-18	3.10825e-18	3.10825e-18	3.10825e-18	3.10825e-18	3.10825e-18	3.10825e-18	3.10825e-18	3.10825e-18	3.10825e-18	3.10825e-18	3.10825e-18	3.10825e-18	3.10825e-18	3.10825e-18	3.10825e-18	3.10825e-18	3.10825e-18	3.10825e-18	3.10825e-18	3.10825e-18	3.10825e-18	3.10825e-18	3.10825e-18	3.10825e-18	3.10825e-18	3.10825e-18	3.10825e-18	3.10825e-18	3.10825e-18	3.10825e-18	3.10825e-18	3.10825e-18	3.10825e-18	3.10825e-18	3.10825e-18	3.10825e-18	3.10825e-18	3.10825e-18	3.10825e-18
21.31	6.79285e-30	2.79211e-29	6.02418e-29	1.09684e-28	1.85317e-28	3.01016e-28	4.78006e-28	7.48753e-28	1.16293e-27	1.79650e-27	2.76571e-27	4.24835e-27	6.51640e-27	9.98595e-27	1.52935e-26	2.34127e-26	3.58331e-26	5.48332e-26	8.38989e-26	1.28362e-25	1.96381e-25	3.00435e-25	4.59615e-25	7.03126e-25	1.07565e-24	1.64553e-24	2.51736e-24	3.85110e-24	5.89152e-24	9.01309e-24	1.37887e-23	2.10950e-23	3.22731e-23	4.93753e-23	7.55415e-23	1.15577e-22	1.76835e-22	2.70568e-22	4.13999e-22	6.33487e-22	9.69384e-22	1.48346e-21	2.27028e-21	3.47467e-21	5.31839e-21	8.14114e-21	1.24633e-20	1.90825e-20	2.92209e-20	4.47529e-20	6.85531e-20	1.05032e-19	1.60962e-19	2.46743e-19	3.78359e-19	5.80398e-19	8.90703e-19	1.36759e-18	2.10100e-18	3.22988e-18	3.37154e-18	3.37154e-18	3.37154e-18	3.37154e-18	3.37154e-18	3.37154e-18	3.37154e-18	3.37154e-18	3.37154e-18	3.37154e-18	3.37154e-18	3.37154e-18	3.37154e-18	3.37154e-18	3.37154e-18	3.37154e-18	3.37154e-18	3.37154e-18	3.37154e-18	3.37154e-18	3.37154e-18	3.37154e-18	3.37154e-18	3.37154e-18	3.37154e-18	3.37154e-18	3.37154e-18	3.37154e-18	3.37154e-18	3.37154e-18	3.37154e-18	3.37154e-18	3.37154e-18	3.37154e-18	3.37154e-18	3.37154e-18	3.37154e-18	3.37154e-18	3.37154e-18	3.37154e-18	3.37154e-18	3.37154e-18	3.37154e-18	3.37154e-18	3.37154e-18	3.37154e-18	3.37154e-18	3.37154e-18	3.37154e-18	3.37154e-18	3.37154e-18	3.37154e-18	3.37154e-18	3.37154e-18	3.37154e-18	3.37154e-18	3.37154e-18	3.37154e-18	3.37154e-18	3.37154e-18	3.37154e-18	3.37154e-18	3.37154e-18	3.37154e-18	3.37154e-18	3.37154e-18	3.37154e-18	3.37154e-18	3.37154e-18	3.37154e-18	3.37154e-18	3.37154e-18	3.37154e-18	3.37154e-18	3.37154e-18	3.37154e-18	3.37154e-18	3.37154e-18	3.37154e-18	3.37154e-18	3.37154e-18	3.37154e-18	3.37154e-18	3.37154e-18	3.37154e-18	3.37154e-18	3.37154e-18	3.37154e-18	3.37154e-18	3.37154e-18	3.37154e-18	3.37154e-18	3.37154e-18	3.37154e-18	3.37154e-18	3.37154e-18	3.37154e-18	3.37154e-18	3.37154e-18	3.37154e-18	3.37154e-18	3.37154e-18	3.37154e-18	3.37154e-18	3.37154e-18	3.37154e-18	3.37154e-18	3.37154e-18	3.37154e-18	3.37154e-18	3.37154e-18	3.37154e-18	3.37154e-18	3.37154e-18	3.37154e-18	3.37154e-18	3.37154e-18	3.37154e-18	3.37154e-18	3.37154e-18	3.37154e-18	3.37154e-18	3.37154e-18	3.37154e-18	3.37154e-18
21.34	5.80652e-30	2.38669e-29	5.14946e-29	9.37576e-29	1.58409e-28	2.57308e-28	4.08598e-28	6.40033e-28	9.94067e-28	1.53565e-27	2.36412e-27	3.63148e-27	5.57021e-27	8.53597e-27	1.30728e-26	2.00131e-26	3.06300e-26	4.68713e-26	7.17166e-26	1.09724e-25	1.67867e-25	2.56812e-25	3.92878e-25	6.01031e-25	9.19462e-25	1.40660e-24	2.15183e-24	3.29192e-24	5.03607e-24	7.70438e-24	1.17866e-23	1.80320e-23	2.75870e-23	4.22059e-23	6.45728e-23	9.87950e-23	1.51158e-22	2.31281e-22	3.53885e-22	5.41504e-22	8.28628e-22	1.26806e-21	1.94063e-21	2.97014e-21	4.54615e-21	6.95903e-21	1.06536e-20	1.63117e-20	2.49780e-20	3.82547e-20	5.85991e-20	8.97815e-20	1.37590e-19	2.10915e-19	3.23421e-19	4.96123e-19	7.61372e-19	1.16901e-18	1.79593e-18	2.76090e-18	3.65800e-18	3.65800e-18	3.65800e-18	3.65800e-18	3.65800e-18	3.65800e-18	3.65800e-18	3.65800e-18	3.65800e-18	3.65800e-18	3.65800e-18	3.65800e-18	3.65800e-18	3.65800e-18	3.65800e-18	3.65800e-18	3.65800e-18	3.65800e-18	3.65800e-18	3.65800e-18	3.65800e-18	3.65800e-18	3.65800e-18	3.65800e-18	3.65800e-18	3.65800e-18	3.65800e-18	3.65800e-18	3.65800e-18	3.65800e-18	3.65800e-18	3.65800e-18	3.65800e-18	3.65800e-18	3.65800e-18	3.65800e-18	3.65800e-18	3.65800e-18	3.65800e-18	3.65800e-18	3.65800e-18	3.65800e-18	3.65800e-18	3.65800e-18	3.65800e-18	3.65800e-18	3.65800e-18	3.65800e-18	3.65800e-18	3.65800e-18	3.65800e-18	3.65800e-18	3.65800e-18	3.65800e-18	3.65800e-18	3.65800e-18	3.65800e-18	3.65800e-18	3.65800e-18	3.65800e-18	3.65800e-18	3.65800e-18	3.65800e-18	3.65800e-18	3.65800e-18	3.65800e-18	3.65800e-18	3.65800e-18	3.65800e-18	3.65800e-18	3.65800e-18	3.65800e-18	3.65800e-18	3.65800e-18	3.65800e-18	3.65800e-18	3.65800e-18	3.65800e-18	3.65800e-18	3.65800e-18	3.65800e-18	3.65800e-18	3.65800e-18	3.65800e-18	3.65800e-18	3.65800e-18	3.65800e-18	3.65800e-18	3.65800e-18	3.65800e-18	3.65800e-18	3.65800e-18	3.65800e-18	3.65800e-18	3.65800e-18	3.65800e-18	3.65800e-18	3.65800e-18	3.65800e-18	3.65800e-18	3.65800e-18	3.65800e-18	3.65800e-18	3.65800e-18	3.65800e-18	3.65800e-18	3.65800e-18	3.65800e-18	3.65800e-18	3.65800e-18	3.65800e-18	3.65800e-18	3.65800e-18	3.65800e-18	3.65800e-18	3.65800e-18	3.65800e-18	3.65800e-18	3.65800e-18	3.65800e-18	3.65800e-18	3.65800e-18	3.65800e-18	3.65800e-18	3.65800e-18
21.38	4.96340e-30	2.04014e-29	4.40175e-29	8.01439e-29	1.35408e-28	2.19947e-28	3.49269e-28	5.47099e-28	8.49727e-28	1.31267e-27	2.02085e-27	3.10418e-27	4.76141e-27	7.29654e-27	1.11746e-26	1.71072e-26	2.61825e-26	4.00655e-26	6.13032e-26	9.37919e-26	1.43492e-25	2.19522e-25	3.35831e-25	5.13760e-25	7.85955e-25	1.20236e-24	1.83938e-24	2.81392e-24	4.30482e-24	6.58569e-24	1.00752e-23	1.54137e-23	2.35814e-23	3.60775e-23	5.51967e-23	8.44498e-23	1.29210e-22	1.97699e-22	3.02501e-22	4.62877e-22	7.08310e-22	1.08393e-21	1.65885e-21	2.53887e-21	3.88604e-21	5.94857e-21	9.10672e-21	1.39432e-20	2.13512e-20	3.27001e-20	5.00904e-20	7.67451e-20	1.17612e-19	1.80290e-19	2.76460e-19	4.24085e-19	6.50819e-19	9.99270e-19	1.53516e-18	2.36001e-18	3.63085e-18	3.96983e-18	3.96983e-18	3.96983e-18	3.96983e-18	3.96983e-18	3.96983e-18	3.96983e-18	3.96983e-18	3.96983e-18	3.96983e-18	3.96983e-18	3.96983e-18	3.96983e-18	3.96983e-18	3.96983e-18	3.96983e-18	3.96983e-18	3.96983e-18	3.96983e-18	3.96983e-18	3.96983e-18	3.96983e-18	3.96983e-18	3.96983e-18	3.96983e-18	3.96983e-18	3.96983e-18	3.96983e-18	3.96983e-18	3.96983e-18	3.96983e-18	3.96983e-18	3.96983e-18	3.96983e-18	3.96983e-18	3.96983e-18	3.96983e-18	3.96983e-18	3.96983e-18	3.96983e-18	3.96983e-18	3.96983e-18	3.96983e-18	3.96983e-18	3.96983e-18	3.96983e-18	3.96983e-18	3.96983e-18	3.96983e-18	3.96983e-18	3.96983e-18	3.96983e-18	3.96983e-18	3.96983e-18	3.96983e-18	3.96983e-18	3.96983e-18	3.96983e-18	3.96983e-18	3.96983e-18	3.96983e-18	3.96983e-18	3.96983e-18	3.96983e-18	3.96983e-18	3.96983e-18	3.96983e-18	3.96983e-18	3.96983e-18	3.96983e-18	3.96983e-18	3.96983e-18	3.96983e-18	3.96983e-18	3.96983e-18	3.96983e-18	3.96983e-18	3.96983e-18	3.96983e-18	3.96983e-18	3.96983e-18	3.96983e-18	3.96983e-18	3.96983e-18	3.96983e-18	3.96983e-18	3.96983e-18	3.96983e-18	3.96983e-18	3.96983e-18	3.96983e-18	3.96983e-18	3.96983e-18	3.96983e-18	3.96983e-18	3.96983e-18	3.96983e-18	3.96983e-18	3.96983e-18	3.96983e-18	3.96983e-18	3.96983e-18	3.96983e-18	3.96983e-18	3.96983e-18	3.96983e-18	3.96983e-18	3.96983e-18	3.96983e-18	3.96983e-18	3.96983e-18	3.96983e-18	3.96983e-18	3.96983e-18	3.96983e-18	3.96983e-18	3.96983e-18	3.96983e-18	3.96983e-18	3.96983e-18	3.96983e-18	3.96983e-18	3.96983e-18	3.96983e-18
21.41	4.24271e-30	1.74391e-29	3.76261e-29	6.85069e-29	1.15746e-28	1.88010e-28	2.98555e-28	4.67659e-28	7.26345e-28	1.12207e-27	1.72742e-27	2.65345e-27	4.07004e-27	6.23707e-27	9.55207e-27	1.46232e-26	2.23808e-26	3.42480e-26	5.24019e-26	8.01732e-26	1.22657e-25	1.87647e-25	2.87068e-25	4.39161e-25	6.71833e-25	1.02778e-24	1.57230e-24	2.40534e-24	3.67975e-24	5.62944e-24	8.61223e-24	1.31756e-23	2.01573e-23	3.08390e-23	4.71821e-23	7.21876e-23	1.10448e-22	1.68992e-22	2.58577e-22	3.95666e-22	6.05462e-22	9.26545e-22	1.41798e-21	2.17022e-21	3.32178e-21	5.08483e-21	7.78441e-21	1.19186e-20	1.82510e-20	2.79520e-20	4.28172e-20	6.56016e-20	1.00534e-19	1.54112e-19	2.36317e-19	3.62507e-19	5.56319e-19	8.54174e-19	1.31225e-18	2.01733e-18	3.10365e-18	4.30945e-18	4.30945e-18	4.30945e-18	4.30945e-18	4.30945e-18	4.30945e-18	4.30945e-18	4.30945e-18	4.30945e-18	4.30945e-18	4.30945e-18	4.30945e-18	4.30945e-18	4.30945e-18	4.30945e-18	4.30945e-18	4.30945e-18	4.30945e-18	4.30945e-18	4.30945e-18	4.30945e-18	4.30945e-18	4.30945e-18	4.30945e-18	4.30945e-18	4.30945e-18	4.30945e-18	4.30945e-18	4.30945e-18	4.30945e-18	4.30945e-18	4.30945e-18	4.30945e-18	4.30945e-18	4.30945e-18	4.30945e-18	4.30945e-18	4.30945e-18	4.30945e-18	4.30945e-18	4.30945e-18	4.30945e-18	4.30945e-18	4.30945e-18	4.30945e-18	4.30945e-18	4.30945e-18	4.30945e-18	4.30945e-18	4.30945e-18	4.30945e-18	4.30945e-18	4.30945e-18	4.30945e-18	4.30945e-18	4.30945e-18	4.30945e-18	4.30945e-18	4.30945e-18	4.30945e-18	4.30945e-18	4.30945e-18	4.30945e-18	4.30945e-18	4.30945e-18	4.30945e-18	4.30945e-18	4.30945e-18	4.30945e-18	4.30945e-18	4.30945e-18	4.30945e-18	4.30945e-18	4.30945e-18	4.30945e-18	4.30945e-18	4.30945e-18	4.30945e-18	4.30945e-18	4.30945e-18	4.30945e-18	4.30945e-18	4.30945e-18	4.30945e-18	4.30945e-18	4.30945e-18	4.30945e-18	4.30945e-18	4.30945e-18	4.30945e-18	4.30945e-18	4.30945e-18	4.30945e-18	4.30945e-18	4.30945e-18	4.30945e-18	4.30945e-18	4.30945e-18	4.30945e-18	4.30945e-18	4.30945e-18	4.30945e-18	4.30945e-18	4.30945e-18	4.30945e-18	4.30945e-18	4.30945e-18	4.30945e-18	4.30945e-18	4.30945e-18	4.30945e-18	4.30945e-18	4.30945e-18	4.30945e-18	4.30945e-18	4.30945e-18	4.30945e-18	4.30945e-18	4.30945e-18	4.30945e-18	4.30945e-18	4.30945e-18	4.30945e-18	4.30945e-18
21.45	3.62666e-30	1.49069e-29	3.21627e-29	5.85596e-29	9.89397e-29	1.60711e-28	2.55204e-28	3.99754e-28	6.20879e-28	9.59141e-28	1.47659e-27	2.26817e-27	3.47907e-27	5.33144e-27	8.16510e-27	1.24999e-26	1.91310e-26	2.92751e-26	4.47931e-26	6.85319e-26	1.04847e-25	1.60401e-25	2.45385e-25	3.75394e-25	5.74282e-25	8.78541e-25	1.34400e-24	2.05608e-24	3.14545e-24	4.81203e-24	7.36172e-24	1.12625e-23	1.72304e-23	2.63612e-23	4.03312e-23	6.17058e-23	9.44110e-23	1.44454e-22	2.21031e-22	3.38215e-22	5.17548e-22	7.92009e-22	1.21209e-21	1.85510e-21	2.83946e-21	4.34650e-21	6.65410e-21	1.01880e-20	1.56009e-20	2.38933e-20	3.66001e-20	5.60761e-20	8.59366e-20	1.31734e-19	2.02004e-19	3.09871e-19	4.75541e-19	7.30147e-19	1.12171e-18	1.72441e-18	2.65299e-18	4.08524e-18	4.67957e-18	4.67957e-18	4.67957e-18	4.67957e-18	4.67957e-18	4.67957e-18	4.67957e-18	4.67957e-18	4.67957e-18	4.67957e-18	4.67957e-18	4.67957e-18	4.67957e-18	4.67957e-18	4.67957e-18	4.67957e-18	4.67957e-18	4.67957e-18	4.67957e-18	4.67957e-18	4.67957e-18	4.67957e-18	4.67957e-18	4.67957e-18	4.67957e-18	4.67957e-18	4.67957e-18	4.67957e-18	4.67957e-18	4.67957e-18	4.67957e-18	4.67957e-18	4.67957e-18	4.67957e-18	4.67957e-18	4.67957e-18	4.67957e-18	4.67957e-18	4.67957e-18	4.67957e-18	4.67957e-18	4.67957e-18	4.67957e-18	4.67957e-18	4.67957e-18	4.67957e-18	4.67957e-18	4.67957e-18	4.67957e-18	4.67957e-18	4.67957e-18	4.67957e-18	4.67957e-18	4.67957e-18	4.67957e-18	4.67957e-18	4.67957e-18	4.67957e-18	4.67957e-18	4.67957e-18	4.67957e-18	4.67957e-18	4.67957e-18	4.67957e-18	4.67957e-18	4.67957e-18	4.67957e-18	4.67957e-18	4.67957e-18	4.67957e-18	4.67957e-18	4.67957e-18	4.67957e-18	4.67957e-18	4.67957e-18	4.67957e-18	4.67957e-18	4.67957e-18	4.67957e-18	4.67957e-18	4.67957e-18	4.67957e-18	4.67957e-18	4.67957e-18	4.67957e-18	4.67957e-18	4.67957e-18	4.67957e-18	4.67957e-18	4.67957e-18	4.67957e-18	4.67957e-18	4.67957e-18	4.67957e-18	4.67957e-18	4.67957e-18	4.67957e-18	4.67957e-18	4.67957e-18	4.67957e-18	4.67957e-18	4.67957e-18	4.67957e-18	4.67957e-18	4.67957e-18	4.67957e-18	4.67957e-18	4.67957e-18	4.67957e-18	4.67957e-18	4.67957e-18	4.67957e-18	4.67957e-18	4.67957e-18	4.67957e-18	4.67957e-18	4.67957e-18	4.67957e-18	4.67957e-18	4.67957e-18	4.67957e-18	4.67957e-18	4.67957e-18
21.48	3.10006e-30	1.27424e-29	2.74927e-29	5.00566e-29	8.45735e-29	1.37375e-28	2.18148e-28	3.41709e-28	5.30726e-28	8.19872e-28	1.26219e-27	1.93882e-27	2.97390e-27	4.55730e-27	6.97951e-27	1.06849e-26	1.63532e-26	2.50243e-26	3.82891e-26	5.85810e-26	8.96229e-26	1.37110e-25	2.09755e-25	3.20887e-25	4.90895e-25	7.50975e-25	1.14885e-24	1.75753e-24	2.68872e-24	4.11332e-24	6.29279e-24	9.62717e-24	1.47285e-23	2.25335e-23	3.44750e-23	5.27461e-23	8.07024e-23	1.23479e-22	1.88937e-22	2.89106e-22	4.42399e-22	6.77008e-22	1.03609e-21	1.58574e-21	2.42716e-21	3.71539e-21	5.68792e-21	8.70871e-21	1.33356e-20	2.04240e-20	3.12857e-20	4.79338e-20	7.34585e-20	1.12606e-19	1.72673e-19	2.64877e-19	4.06492e-19	6.24128e-19	9.58838e-19	1.47403e-18	2.26777e-18	3.49206e-18	5.08289e-18	5.08316e-18	5.08316e-18	5.08316e-18	5.08316e-18	5.08316e-18	5.08316e-18	5.08316e-18	5.08316e-18	5.08316e-18	5.08316e-18	5.08316e-18	5.08316e-18	5.08316e-18	5.08316e-18	5.08316e-18	5.08316e-18	5.08316e-18	5.08316e-18	5.08316e-18	5.08316e-18	5.08316e-18	5.08316e-18	5.08316e-18	5.08316e-18	5.08316e-18	5.08316e-18	5.08316e-18	5.08316e-18	5.08316e-18	5.08316e-18	5.08316e-18	5.08316e-18	5.08316e-18	5.08316e-18	5.08316e-18	5.08316e-18	5.08316e-18	5.08316e-18	5.08316e-18	5.08316e-18	5.08316e-18	5.08316e-18	5.08316e-18	5.08316e-18	5.08316e-18	5.08316e-18	5.08316e-18	5.08316e-18	5.08316e-18	5.08316e-18	5.08316e-18	5.08316e-18	5.08316e-18	5.08316e-18	5.08316e-18	5.08316e-18	5.08316e-18	5.08316e-18	5.08316e-18	5.08316e-18	5.08316e-18	5.08316e-18	5.08316e-18	5.08316e-18	5.08316e-18	5.08316e-18	5.08316e-18	5.08316e-18	5.08316e-18	5.08316e-18	5.08316e-18	5.08316e-18	5.08316e-18	5.08316e-18	5.08316e-18	5.08316e-18	5.08316e-18	5.08316e-18	5.08316e-18	5.08316e-18	5.08316e-18	5.08316e-18	5.08316e-18	5.08316e-18	5.08316e-18	5.08316e-18	5.08316e-18	5.08316e-18	5.08316e-18	5.08316e-18	5.08316e-18	5.08316e-18	5.08316e-18	5.08316e-18	5.08316e-18	5.08316e-18	5.08316e-18	5.08316e-18	5.08316e-18	5.08316e-18	5.08316e-18	5.08316e-18	5.08316e-18	5.08316e-18	5.08316e-18	5.08316e-18	5.08316e-18	5.08316e-18	5.08316e-18	5.08316e-18	5.08316e-18	5.08316e-18	5.08316e-18	5.08316e-18	5.08316e-18	5.08316e-18	5.08316e-18	5.08316e-18	5.08316e-18	5.08316e-18	5.08316e-18	5.08316e-18
21.52	2.64993e-30	1.08922e-29	2.35007e-29	4.27883e-29	7.22933e-29	1.17428e-28	1.86473e-28	2.92093e-28	4.53664e-28	7.00825e-28	1.07892e-27	1.65730e-27	2.54209e-27	3.89558e-27	5.96608e-27	9.13342e-27	1.39787e-26	2.13907e-26	3.27294e-26	5.00749e-26	7.66095e-26	1.17202e-25	1.79298e-25	2.74293e-25	4.19616e-25	6.41933e-25	9.82036e-25	1.50234e-24	2.29832e-24	3.51606e-24	5.37906e-24	8.22929e-24	1.25899e-23	1.92616e-23	2.94692e-23	4.50873e-23	6.89843e-23	1.05550e-22	1.61503e-22	2.47127e-22	3.78162e-22	5.78705e-22	8.85650e-22	1.35549e-21	2.07473e-21	3.17591e-21	4.86202e-21	7.44419e-21	1.13993e-20	1.74584e-20	2.67430e-20	4.09737e-20	6.27922e-20	9.62558e-20	1.47600e-19	2.26417e-19	3.47468e-19	5.33504e-19	8.19613e-19	1.26000e-18	1.93849e-18	2.98501e-18	4.60128e-18	5.52356e-18	5.52356e-18	5.52356e-18	5.52356e-18	5.52356e-18	5.52356e-18	5.52356e-18	5.52356e-18	5.52356e-18	5.52356e-18	5.52356e-18	5.52356e-18	5.52356e-18	5.52356e-18	5.52356e-18	5.52356e-18	5.52356e-18	5.52356e-18	5.52356e-18	5.52356e-18	5.52356e-18	5.52356e-18	5.52356e-18	5.52356e-18	5.52356e-18	5.52356e-18	5.52356e-18	5.52356e-18	5.52356e-18	5.52356e-18	5.52356e-18	5.52356e-18	5.52356e-18	5.52356e-18	5.52356e-18	5.52356e-18	5.52356e-18	5.52356e-18	5.52356e-18	5.52356e-18	5.52356e-18	5.52356e-18	5.52356e-18	5.52356e-18	5.52356e-18	5.52356e-18	5.52356e-18	5.52356e-18	5.52356e-18	5.52356e-18	5.52356e-18	5.52356e-18	5.52356e-18	5.52356e-18	5.52356e-18	5.52356e-18	5.52356e-18	5.52356e-18	5.52356e-18	5.52356e-18	5.52356e-18	5.52356e-18	5.52356e-18	5.52356e-18	5.52356e-18	5.52356e-18	5.52356e-18	5.52356e-18	5.52356e-18	5.52356e-18	5.52356e-18	5.52356e-18	5.52356e-18	5.52356e-18	5.52356e-18	5.52356e-18	5.52356e-18	5.52356e-18	5.52356e-18	5.52356e-18	5.52356e-18	5.52356e-18	5.52356e-18	5.52356e-18	5.52356e-18	5.52356e-18	5.52356e-18	5.52356e-18	5.52356e-18	5.52356e-18	5.52356e-18	5.52356e-18	5.52356e-18	5.52356e-18	5.52356e-18	5.52356e-18	5.52356e-18	5.52356e-18	5.52356e-18	5.52356e-18	5.52356e-18	5.52356e-18	5.52356e-18	5.52356e-18	5.52356e-18	5.52356e-18	5.52356e-18	5.52356e-18	5.52356e-18	5.52356e-18	5.52356e-18	5.52356e-18	5.52356e-18	5.52356e-18	5.52356e-18	5.52356e-18	5.52356e-18	5.52356e-18	5.52356e-18	5.52356e-18	5.52356e-18	5.52356e-18
21.55	2.26516e-30	9.31063e-30	2.00883e-29	3.65754e-29	6.17962e-29	1.00377e-28	1.59397e-28	2.49680e-28	3.87791e-28	5.99064e-28	9.22258e-28	1.41666e-27	2.17297e-27	3.32993e-27	5.09979e-27	7.80724e-27	1.19490e-26	1.82848e-26	2.79771e-26	4.28040e-26	6.54857e-26	1.00184e-25	1.53264e-25	2.34466e-25	3.58687e-25	5.48723e-25	8.39443e-25	1.28420e-24	1.96460e-24	3.00552e-24	4.59802e-24	7.03438e-24	1.07619e-23	1.64648e-23	2.51902e-23	3.85405e-23	5.89676e-23	9.02240e-23	1.38053e-22	2.11244e-22	3.23252e-22	4.94677e-22	7.57052e-22	1.15867e-21	1.77348e-21	2.71476e-21	4.15605e-21	6.36328e-21	9.74407e-21	1.49234e-20	2.28598e-20	3.50243e-20	5.36747e-20	8.22793e-20	1.26168e-19	1.93540e-19	2.97015e-19	4.56038e-19	7.00604e-19	1.07704e-18	1.65702e-18	2.55158e-18	3.93316e-18	5.98910e-18	6.00448e-18	6.00448e-18	6.00448e-18	6.00448e-18	6.00448e-18	6.00448e-18	6.00448e-18	6.00448e-18	6.00448e-18	6.00448e-18	6.00448e-18	6.00448e-18	6.00448e-18	6.00448e-18	6.00448e-18	6.00448e-18	6.00448e-18	6.00448e-18	6.00448e-18	6.00448e-18	6.00448e-18	6.00448e-18	6.00448e-18	6.00448e-18	6.00448e-18	6.00448e-18	6.00448e-18	6.00448e-18	6.00448e-18	6.00448e-18	6.00448e-18	6.00448e-18	6.00448e-18	6.00448e-18	6.00448e-18	6.00448e-18	6.00448e-18	6.00448e-18	6.00448e-18	6.00448e-18	6.00448e-18	6.00448e-18	6.00448e-18	6.00448e-18	6.00448e-18	6.00448e-18	6.00448e-18	6.00448e-18	6.00448e-18	6.00448e-18	6.00448e-18	6.00448e-18	6.00448e-18	6.00448e-18	6.00448e-18	6.00448e-18	6.00448e-18	6.00448e-18	6.00448e-18	6.00448e-18	6.00448e-18	6.00448e-18	6.00448e-18	6.00448e-18	6.00448e-18	6.00448e-18	6.00448e-18	6.00448e-18	6.00448e-18	6.00448e-18	6.00448e-18	6.00448e-18	6.00448e-18	6.00448e-18	6.00448e-18	6.00448e-18	6.00448e-18	6.00448e-18	6.00448e-18	6.00448e-18	6.00448e-18	6.00448e-18	6.00448e-18	6.00448e-18	6.00448e-18	6.00448e-18	6.00448e-18	6.00448e-18	6.00448e-18	6.00448e-18	6.00448e-18	6.00448e-18	6.00448e-18	6.00448e-18	6.00448e-18	6.00448e-18	6.00448e-18	6.00448e-18	6.00448e-18	6.00448e-18	6.00448e-18	6.00448e-18	6.00448e-18	6.00448e-18	6.00448e-18	6.00448e-18	6.00448e-18	6.00448e-18	6.00448e-18	6.00448e-18	6.00448e-18	6.00448e-18	6.00448e-18	6.00448e-18	6.00448e-18	6.00448e-18	6.00448e-18	6.00448e-18	6.00448e-18	6.00448e-18	6.00448e-18
21.58	1.93625e-30	7.95871e-30	1.71715e-29	3.12646e-29	5.28233e-29	8.58025e-29	1.36252e-28	2.13426e-28	3.31483e-28	5.12079e-28	7.88345e-28	1.21096e-27	1.85745e-27	2.84642e-27	4.35929e-27	6.67361e-27	1.02139e-26	1.56298e-26	2.39147e-26	3.65888e-26	5.59771e-26	8.56368e-26	1.31010e-25	2.00421e-25	3.06606e-25	4.69048e-25	7.17555e-25	1.09773e-24	1.67934e-24	2.56912e-24	3.93038e-24	6.01298e-24	9.19922e-24	1.40741e-23	2.15326e-23	3.29444e-23	5.04054e-23	7.71234e-23	1.18007e-22	1.80571e-22	2.76316e-22	4.22849e-22	6.47127e-22	9.90429e-22	1.51597e-21	2.32057e-21	3.55258e-21	5.43932e-21	8.32922e-21	1.27565e-20	1.95406e-20	2.99387e-20	4.58810e-20	7.03322e-20	1.07849e-19	1.65438e-19	2.53888e-19	3.89821e-19	5.98876e-19	9.20654e-19	1.41642e-18	2.18109e-18	3.36206e-18	5.18875e-18	6.53008e-18	6.53008e-18	6.53008e-18	6.53008e-18	6.53008e-18	6.53008e-18	6.53008e-18	6.53008e-18	6.53008e-18	6.53008e-18	6.53008e-18	6.53008e-18	6.53008e-18	6.53008e-18	6.53008e-18	6.53008e-18	6.53008e-18	6.53008e-18	6.53008e-18	6.53008e-18	6.53008e-18	6.53008e-18	6.53008e-18	6.53008e-18	6.53008e-18	6.53008e-18	6.53008e-18	6.53008e-18	6.53008e-18	6.53008e-18	6.53008e-18	6.53008e-18	6.53008e-18	6.53008e-18	6.53008e-18	6.53008e-18	6.53008e-18	6.53008e-18	6.53008e-18	6.53008e-18	6.53008e-18	6.53008e-18	6.53008e-18	6.53008e-18	6.53008e-18	6.53008e-18	6.53008e-18	6.53008e-18	6.53008e-18	6.53008e-18	6.53008e-18	6.53008e-18	6.53008e-18	6.53008e-18	6.53008e-18	6.53008e-18	6.53008e-18	6.53008e-18	6.53008e-18	6.53008e-18	6.53008e-18	6.53008e-18	6.53008e-18	6.53008e-18	6.53008e-18	6.53008e-18	6.53008e-18	6.53008e-18	6.53008e-18	6.53008e-18	6.53008e-18	6.53008e-18	6.53008e-18	6.53008e-18	6.53008e-18	6.53008e-18	6.53008e-18	6.53008e-18	6.53008e-18	6.53008e-18	6.53008e-18	6.53008e-18	6.53008e-18	6.53008e-18	6.53008e-18	6.53008e-18	6.53008e-18	6.53008e-18	6.53008e-18	6.53008e-18	6.53008e-18	6.53008e-18	6.53008e-18	6.53008e-18	6.53008e-18	6.53008e-18	6.53008e-18	6.53008e-18	6.53008e-18	6.53008e-18	6.53008e-18	6.53008e-18	6.53008e-18	6.53008e-18	6.53008e-18	6.53008e-18	6.53008e-18	6.53008e-18	6.53008e-18	6.53008e-18	6.53008e-18	6.53008e-18	6.53008e-18	6.53008e-18	6.53008e-18	6.53008e-18	6.53008e-18	6.53008e-18	6.53008e-18	6.53008e-18	6.53008e-18
21.62	1.65510e-30	6.80310e-30	1.46782e-29	2.67249e-29	4.51533e-29	7.33438e-29	1.16468e-28	1.82437e-28	2.83351e-28	4.37725e-28	6.73876e-28	1.03513e-27	1.58775e-27	2.43312e-27	3.72632e-27	5.70459e-27	8.73087e-27	1.33603e-26	2.04423e-26	3.12760e-26	4.78491e-26	7.32022e-26	1.11987e-25	1.71319e-25	2.62086e-25	4.00941e-25	6.13365e-25	9.38336e-25	1.43549e-24	2.19608e-24	3.35968e-24	5.13988e-24	7.86348e-24	1.20305e-23	1.84060e-23	2.81608e-23	4.30865e-23	6.59249e-23	1.00872e-22	1.54352e-22	2.36194e-22	3.61450e-22	5.53163e-22	8.46617e-22	1.29585e-21	1.98362e-21	3.03674e-21	4.64952e-21	7.11980e-21	1.09042e-20	1.67032e-20	2.55915e-20	3.92190e-20	6.01199e-20	9.21888e-20	1.41416e-19	2.17023e-19	3.33218e-19	5.11918e-19	7.86974e-19	1.21075e-18	1.86439e-18	2.87389e-18	4.43533e-18	6.85478e-18	7.10499e-18	7.10499e-18	7.10499e-18	7.10499e-18	7.10499e-18	7.10499e-18	7.10499e-18	7.10499e-18	7.10499e-18	7.10499e-18	7.10499e-18	7.10499e-18	7.10499e-18	7.10499e-18	7.10499e-18	7.10499e-18	7.10499e-18	7.10499e-18	7.10499e-18	7.10499e-18	7.10499e-18	7.10499e-18	7.10499e-18	7.10499e-18	7.10499e-18	7.10499e-18	7.10499e-18	7.10499e-18	7.10499e-18	7.10499e-18	7.10499e-18	7.10499e-18	7.10499e-18	7.10499e-18	7.10499e-18	7.10499e-18	7.10499e-18	7.10499e-18	7.10499e-18	7.10499e-18	7.10499e-18	7.10499e-18	7.10499e-18	7.10499e-18	7.10499e-18	7.10499e-18	7.10499e-18	7.10499e-18	7.10499e-18	7.10499e-18	7.10499e-18	7.10499e-18	7.10499e-18	7.10499e-18	7.10499e-18	7.10499e-18	7.10499e-18	7.10499e-18	7.10499e-18	7.10499e-18	7.10499e-18	7.10499e-18	7.10499e-18	7.10499e-18	7.10499e-18	7.10499e-18	7.10499e-18	7.10499e-18	7.10499e-18	7.10499e-18	7.10499e-18	7.10499e-18	7.10499e-18	7.10499e-18	7.10499e-18	7.10499e-18	7.10499e-18	7.10499e-18	7.10499e-18	7.10499e-18	7.10499e-18	7.10499e-18	7.10499e-18	7.10499e-18	7.10499e-18	7.10499e-18	7.10499e-18	7.10499e-18	7.10499e-18	7.10499e-18	7.10499e-18	7.10499e-18	7.10499e-18	7.10499e-18	7.10499e-18	7.10499e-18	7.10499e-18	7.10499e-18	7.10499e-18	7.10499e-18	7.10499e-18	7.10499e-18	7.10499e-18	7.10499e-18	7.10499e-18	7.10499e-18	7.10499e-18	7.10499e-18	7.10499e-18	7.10499e-18	7.10499e-18	7.10499e-18	7.10499e-18	7.10499e-18	7.10499e-18	7.10499e-18	7.10499e-18	7.10499e-18	7.10499e-18	7.10499e-18
21.65	1.41478e-30	5.81528e-30	1.25469e-29	2.28444e-29	3.85970e-29	6.26942e-29	9.95566e-29	1.55947e-28	2.42208e-28	3.74166e-28	5.76028e-28	8.84824e-28	1.35720e-27	2.07982e-27	3.18525e-27	4.87628e-27	7.46313e-27	1.14204e-26	1.74740e-26	2.67347e-26	4.09014e-26	6.25732e-26	9.57263e-26	1.46444e-25	2.24031e-25	3.42724e-25	5.24303e-25	8.02089e-25	1.22706e-24	1.87720e-24	2.87185e-24	4.39357e-24	6.72169e-24	1.02836e-23	1.57334e-23	2.40718e-23	3.68303e-23	5.63525e-23	8.62256e-23	1.31940e-22	2.01898e-22	3.08967e-22	4.72843e-22	7.23687e-22	1.10769e-21	1.69560e-21	2.59580e-21	3.97441e-21	6.08599e-21	9.32092e-21	1.42779e-20	2.18756e-20	3.35244e-20	5.13904e-20	7.88028e-20	1.20882e-19	1.85511e-19	2.84834e-19	4.37587e-19	6.72704e-19	1.03495e-18	1.59368e-18	2.45659e-18	3.79132e-18	5.85946e-18	7.73444e-18	7.73444e-18	7.73444e-18	7.73444e-18	7.73444e-18	7.73444e-18	7.73444e-18	7.73444e-18	7.73444e-18	7.73444e-18	7.73444e-18	7.73444e-18	7.73444e-18	7.73444e-18	7.73444e-18	7.73444e-18	7.73444e-18	7.73444e-18	7.73444e-18	7.73444e-18	7.73444e-18	7.73444e-18	7.73444e-18	7.73444e-18	7.73444e-18	7.73444e-18	7.73444e-18	7.73444e-18	7.73444e-18	7.73444e-18	7.73444e-18	7.73444e-18	7.73444e-18	7.73444e-18	7.73444e-18	7.73444e-18	7.73444e-18	7.73444e-18	7.73444e-18	7.73444e-18	7.73444e-18	7.73444e-18	7.73444e-18	7.73444e-18	7.73444e-18	7.73444e-18	7.73444e-18	7.73444e-18	7.73444e-18	7.73444e-18	7.73444e-18	7.73444e-18	7.73444e-18	7.73444e-18	7.73444e-18	7.73444e-18	7.73444e-18	7.73444e-18	7.73444e-18	7.73444e-18	7.73444e-18	7.73444e-18	7.73444e-18	7.73444e-18	7.73444e-18	7.73444e-18	7.73444e-18	7.73444e-18	7.73444e-18	7.73444e-18	7.73444e-18	7.73444e-18	7.73444e-18	7.73444e-18	7.73444e-18	7.73444e-18	7.73444e-18	7.73444e-18	7.73444e-18	7.73444e-18	7.73444e-18	7.73444e-18	7.73444e-18	7.73444e-18	7.73444e-18	7.73444e-18	7.73444e-18	7.73444e-18	7.73444e-18	7.73444e-18	7.73444e-18	7.73444e-18	7.73444e-18	7.73444e-18	7.73444e-18	7.73444e-18	7.73444e-18	7.73444e-18	7.73444e-18	7.73444e-18	7.73444e-18	7.73444e-18	7.73444e-18	7.73444e-18	7.73444e-18	7.73444e-18	7.73444e-18	7.73444e-18	7.73444e-18	7.73444e-18	7.73444e-18	7.73444e-18	7.73444e-18	7.73444e-18	7.73444e-18	7.73444e-18	7.73444e-18	7.73444e-18	7.73444e-18	7.73444e-18
21.69	1.20935e-30	4.97089e-30	1.07250e-29	1.95274e-29	3.29926e-29	5.35909e-29	8.51009e-29	1.33303e-28	2.07039e-28	3.19837e-28	4.92388e-28	7.56347e-28	1.16014e-27	1.77783e-27	2.72275e-27	4.16824e-27	6.37947e-27	9.76213e-27	1.49368e-26	2.28528e-26	3.49624e-26	5.34874e-26	8.18267e-26	1.25180e-25	1.91501e-25	2.92960e-25	4.48173e-25	6.85624e-25	1.04889e-24	1.60463e-24	2.45485e-24	3.75561e-24	5.74569e-24	8.79044e-24	1.34489e-23	2.05765e-23	3.14825e-23	4.81701e-23	7.37055e-23	1.12782e-22	1.72582e-22	2.64105e-22	4.04186e-22	6.18606e-22	9.46850e-22	1.44939e-21	2.21889e-21	3.39732e-21	5.20230e-21	7.96751e-21	1.22047e-20	1.86992e-20	2.86566e-20	4.39284e-20	6.73605e-20	1.03330e-19	1.58575e-19	2.43476e-19	3.74048e-19	5.75026e-19	8.84671e-19	1.36227e-18	2.09989e-18	3.24081e-18	5.00865e-18	7.75354e-18	8.42433e-18	8.42433e-18	8.42433e-18	8.42433e-18	8.42433e-18	8.42433e-18	8.42433e-18	8.42433e-18	8.42433e-18	8.42433e-18	8.42433e-18	8.42433e-18	8.42433e-18	8.42433e-18	8.42433e-18	8.42433e-18	8.42433e-18	8.42433e-18	8.42433e-18	8.42433e-18	8.42433e-18	8.42433e-18	8.42433e-18	8.42433e-18	8.42433e-18	8.42433e-18	8.42433e-18	8.42433e-18	8.42433e-18	8.42433e-18	8.42433e-18	8.42433e-18	8.42433e-18	8.42433e-18	8.42433e-18	8.42433e-18	8.42433e-18	8.42433e-18	8.42433e-18	8.42433e-18	8.42433e-18	8.42433e-18	8.42433e-18	8.42433e-18	8.42433e-18	8.42433e-18	8.42433e-18	8.42433e-18	8.42433e-18	8.42433e-18	8.42433e-18	8.42433e-18	8.42433e-18	8.42433e-18	8.42433e-18	8.42433e-18	8.42433e-18	8.42433e-18	8.42433e-18	8.42433e-18	8.42433e-18	8.42433e-18	8.42433e-18	8.42433e-18	8.42433e-18	8.42433e-18	8.42433e-18	8.42433e-18	8.42433e-18	8.42433e-18	8.42433e-18	8.42433e-18	8.42433e-18	8.42433e-18	8.42433e-18	8.42433e-18	8.42433e-18	8.42433e-18	8.42433e-18	8.42433e-18	8.42433e-18	8.42433e-18	8.42433e-18	8.42433e-18	8.42433e-18	8.42433e-18	8.42433e-18	8.42433e-18	8.42433e-18	8.42433e-18	8.42433e-18	8.42433e-18	8.42433e-18	8.42433e-18	8.42433e-18	8.42433e-18	8.42433e-18	8.42433e-18	8.42433e-18	8.42433e-18	8.42433e-18	8.42433e-18	8.42433e-18	8.42433e-18	8.42433e-18	8.42433e-18	8.42433e-18	8.42433e-18	8.42433e-18	8.42433e-18	8.42433e-18	8.42433e-18	8.42433e-18	8.42433e-18	8.42433e-18	8.42433e-18	8.42433e-18	8.42433e-18	8.42433e-18
21.72	1.03375e-30	4.24911e-30	9.16775e-30	1.66920e-29	2.82020e-29	4.58094e-29	7.27441e-29	1.13947e-28	1.76977e-28	2.73396e-28	4.20892e-28	6.46524e-28	9.91682e-28	1.51969e-27	2.32740e-27	3.56300e-27	5.45316e-27	8.34465e-27	1.27679e-26	1.95345e-26	2.98858e-26	4.57210e-26	6.99453e-26	1.07003e-25	1.63695e-25	2.50422e-25	3.83098e-25	5.86070e-25	8.96587e-25	1.37164e-24	2.09840e-24	3.21029e-24	4.91141e-24	7.51405e-24	1.14961e-23	1.75888e-23	2.69112e-23	4.11757e-23	6.30033e-23	9.64057e-23	1.47523e-22	2.25756e-22	3.45497e-22	5.28784e-22	8.09366e-22	1.23894e-21	1.89670e-21	2.90402e-21	4.44692e-21	6.81061e-21	1.04326e-20	1.59841e-20	2.44956e-20	3.75499e-20	5.75797e-20	8.83264e-20	1.35549e-19	2.08123e-19	3.19736e-19	4.91532e-19	7.56216e-19	1.16447e-18	1.79498e-18	2.77024e-18	4.28139e-18	6.62771e-18	9.18129e-18	9.18130e-18	9.18130e-18	9.18130e-18	9.18130e-18	9.18130e-18	9.18130e-18	9.18130e-18	9.18130e-18	9.18130e-18	9.18130e-18	9.18130e-18	9.18130e-18	9.18130e-18	9.18130e-18	9.18130e-18	9.18130e-18	9.18130e-18	9.18130e-18	9.18130e-18	9.18130e-18	9.18130e-18	9.18130e-18	9.18130e-18	9.18130e-18	9.18130e-18	9.18130e-18	9.18130e-18	9.18130e-18	9.18130e-18	9.18130e-18	9.18130e-18	9.18130e-18	9.18130e-18	9.18130e-18	9.18130e-18	9.18130e-18	9.18130e-18	9.18130e-18	9.18130e-18	9.18130e-18	9.18130e-18	9.18130e-18	9.18130e-18	9.18130e-18	9.18130e-18	9.18130e-18	9.18130e-18	9.18130e-18	9.18130e-18	9.18130e-18	9.18130e-18	9.18130e-18	9.18130e-18	9.18130e-18	9.18130e-18	9.18130e-18	9.18130e-18	9.18130e-18	9.18130e-18	9.18130e-18	9.18130e-18	9.18130e-18	9.18130e-18	9.18130e-18	9.18130e-18	9.18130e-18	9.18130e-18	9.18130e-18	9.18130e-18	9.18130e-18	9.18130e-18	9.18130e-18	9.18130e-18	9.18130e-18	9.18130e-18	9.18130e-18	9.18130e-18	9.18130e-18	9.18130e-18	9.18130e-18	9.18130e-18	9.18130e-18	9.18130e-18	9.18130e-18	9.18130e-18	9.18130e-18	9.18130e-18	9.18130e-18	9.18130e-18	9.18130e-18	9.18130e-18	9.18130e-18	9.18130e-18	9.18130e-18	9.18130e-18	9.18130e-18	9.18130e-18	9.18130e-18	9.18130e-18	9.18130e-18	9.18130e-18	9.18130e-18	9.18130e-18	9.18130e-18	9.18130e-18	9.18130e-18	9.18130e-18	9.18130e-18	9.18130e-18	9.18130e-18	9.18130e-18	9.18130e-18	9.18130e-18	9.18130e-18	9.18130e-18	9.18130e-18	9.18130e-18	9.18130e-18
21.75	8.83650e-31	3.63213e-30	7.83658e-30	1.42683e-29	2.41071e-29	3.91578e-29	6.21815e-29	9.74018e-29	1.51280e-28	2.33699e-28	3.59778e-28	5.52648e-28	8.47688e-28	1.29903e-27	1.98946e-27	3.04565e-27	4.66136e-27	7.13300e-27	1.09140e-26	1.66981e-26	2.55464e-26	3.90822e-26	5.97891e-26	9.14664e-26	1.39926e-25	2.14060e-25	3.27472e-25	5.00972e-25	7.66401e-25	1.17247e-24	1.79371e-24	2.74415e-24	4.19826e-24	6.42300e-24	9.82685e-24	1.50349e-23	2.30036e-23	3.51969e-23	5.38552e-23	8.24074e-23	1.26103e-22	1.92976e-22	2.95331e-22	4.52003e-22	6.91845e-22	1.05904e-21	1.62130e-21	2.48235e-21	3.80122e-21	5.82170e-21	8.91775e-21	1.36632e-20	2.09388e-20	3.20976e-20	4.92190e-20	7.55013e-20	1.15867e-19	1.77903e-19	2.73310e-19	4.20160e-19	6.46412e-19	9.95386e-19	1.53435e-18	2.36800e-18	3.65972e-18	5.66536e-18	8.78697e-18	1.00129e-17	1.00129e-17	1.00129e-17	1.00129e-17	1.00129e-17	1.00129e-17	1.00129e-17	1.00129e-17	1.00129e-17	1.00129e-17	1.00129e-17	1.00129e-17	1.00129e-17	1.00129e-17	1.00129e-17	1.00129e-17	1.00129e-17	1.00129e-17	1.00129e-17	1.00129e-17	1.00129e-17	1.00129e-17	1.00129e-17	1.00129e-17	1.00129e-17	1.00129e-17	1.00129e-17	1.00129e-17	1.00129e-17	1.00129e-17	1.00129e-17	1.00129e-17	1.00129e-17	1.00129e-17	1.00129e-17	1.00129e-17	1.00129e-17	1.00129e-17	1.00129e-17	1.00129e-17	1.00129e-17	1.00129e-17	1.00129e-17	1.00129e-17	1.00129e-17	1.00129e-17	1.00129e-17	1.00129e-17	1.00129e-17	1.00129e-17	1.00129e-17	1.00129e-17	1.00129e-17	1.00129e-17	1.00129e-17	1.00129e-17	1.00129e-17	1.00129e-17	1.00129e-17	1.00129e-17	1.00129e-17	1.00129e-17	1.00129e-17	1.00129e-17	1.00129e-17	1.00129e-17	1.00129e-17	1.00129e-17	1.00129e-17	1.00129e-17	1.00129e-17	1.00129e-17	1.00129e-17	1.00129e-17	1.00129e-17	1.00129e-17	1.00129e-17	1.00129e-17	1.00129e-17	1.00129e-17	1.00129e-17	1.00129e-17	1.00129e-17	1.00129e-17	1.00129e-17	1.00129e-17	1.00129e-17	1.00129e-17	1.00129e-17	1.00129e-17	1.00129e-17	1.00129e-17	1.00129e-17	1.00129e-17	1.00129e-17	1.00129e-17	1.00129e-17	1.00129e-17	1.00129e-17	1.00129e-17	1.00129e-17	1.00129e-17	1.00129e-17	1.00129e-17	1.00129e-17	1.00129e-17	1.00129e-17	1.00129e-17	1.00129e-17	1.00129e-17	1.00129e-17	1.00129e-17	1.00129e-17	1.00129e-17	1.00129e-17	1.00129e-17	1.00129e-17	1.00129e-17
21.79	7.55343e-31	3.10474e-30	6.69870e-30	1.21965e-29	2.06067e-29	3.34720e-29	5.31527e-29	8.32589e-29	1.29314e-28	1.99765e-28	3.07538e-28	4.72402e-28	7.24603e-28	1.11041e-27	1.70059e-27	2.60341e-27	3.98452e-27	6.09727e-27	9.32928e-27	1.42735e-26	2.18370e-26	3.34074e-26	5.11077e-26	7.81853e-26	1.19609e-25	1.82978e-25	2.79922e-25	4.28230e-25	6.55118e-25	1.00223e-24	1.53326e-24	2.34570e-24	3.58867e-24	5.49037e-24	8.39998e-24	1.28518e-23	1.96635e-23	3.00863e-23	4.60353e-23	7.04417e-23	1.07792e-22	1.64956e-22	2.52448e-22	3.86372e-22	5.91388e-22	9.05268e-22	1.38588e-21	2.12191e-21	3.24928e-21	4.97638e-21	7.62288e-21	1.16793e-20	1.78985e-20	2.74370e-20	4.20724e-20	6.45384e-20	9.90433e-20	1.52071e-19	2.33625e-19	3.59152e-19	5.52552e-19	8.50855e-19	1.31156e-18	2.02416e-18	3.12833e-18	4.84274e-18	7.51109e-18	1.09274e-17	1.09277e-17	1.09277e-17	1.09277e-17	1.09277e-17	1.09277e-17	1.09277e-17	1.09277e-17	1.09277e-17	1.09277e-17	1.09277e-17	1.09277e-17	1.09277e-17	1.09277e-17	1.09277e-17	1.09277e-17	1.09277e-17	1.09277e-17	1.09277e-17	1.09277e-17	1.09277e-17	1.09277e-17	1.09277e-17	1.09277e-17	1.09277e-17	1.09277e-17	1.09277e-17	1.09277e-17	1.09277e-17	1.09277e-17	1.09277e-17	1.09277e-17	1.09277e-17	1.09277e-17	1.09277e-17	1.09277e-17	1.09277e-17	1.09277e-17	1.09277e-17	1.09277e-17	1.09277e-17	1.09277e-17	1.09277e-17	1.09277e-17	1.09277e-17	1.09277e-17	1.09277e-17	1.09277e-17	1.09277e-17	1.09277e-17	1.09277e-17	1.09277e-17	1.09277e-17	1.09277e-17	1.09277e-17	1.09277e-17	1.09277e-17	1.09277e-17	1.09277e-17	1.09277e-17	1.09277e-17	1.09277e-17	1.09277e-17	1.09277e-17	1.09277e-17	1.09277e-17	1.09277e-17	1.09277e-17	1.09277e-17	1.09277e-17	1.09277e-17	1.09277e-17	1.09277e-17	1.09277e-17	1.09277e-17	1.09277e-17	1.09277e-17	1.09277e-17	1.09277e-17	1.09277e-17	1.09277e-17	1.09277e-17	1.09277e-17	1.09277e-17	1.09277e-17	1.09277e-17	1.09277e-17	1.09277e-17	1.09277e-17	1.09277e-17	1.09277e-17	1.09277e-17	1.09277e-17	1.09277e-17	1.09277e-17	1.09277e-17	1.09277e-17	1.09277e-17	1.09277e-17	1.09277e-17	1.09277e-17	1.09277e-17	1.09277e-17	1.09277e-17	1.09277e-17	1.09277e-17	1.09277e-17	1.09277e-17	1.09277e-17	1.09277e-17	1.09277e-17	1.09277e-17	1.09277e-17	1.09277e-17	1.09277e-17	1.09277e-17	1.09277e-17	1.09277e-17
21.82	6.45666e-31	2.65393e-30	5.72604e-30	1.04255e-29	1.76146e-29	2.86119e-29	4.54348e-29	7.11696e-29	1.10537e-28	1.70759e-28	2.62883e-28	4.03809e-28	6.19389e-28	9.49173e-28	1.45366e-27	2.22540e-27	3.40596e-27	5.21194e-27	7.97466e-27	1.22010e-26	1.86662e-26	2.85566e-26	4.36868e-26	6.68327e-26	1.02241e-25	1.56409e-25	2.39277e-25	3.66050e-25	5.59994e-25	8.56702e-25	1.31063e-24	2.00510e-24	3.06759e-24	4.69316e-24	7.18029e-24	1.09857e-23	1.68083e-23	2.57177e-23	3.93509e-23	6.02135e-23	9.21407e-23	1.41004e-22	2.15792e-22	3.30270e-22	5.05517e-22	7.73822e-22	1.18465e-21	1.81381e-21	2.77748e-21	4.25380e-21	6.51603e-21	9.98341e-21	1.52996e-20	2.34531e-20	3.59634e-20	5.51673e-20	8.46621e-20	1.29990e-19	1.99702e-19	3.07003e-19	4.72321e-19	7.27309e-19	1.12112e-18	1.73025e-18	2.67409e-18	4.13957e-18	6.42046e-18	9.98052e-18	1.19354e-17	1.19354e-17	1.19354e-17	1.19354e-17	1.19354e-17	1.19354e-17	1.19354e-17	1.19354e-17	1.19354e-17	1.19354e-17	1.19354e-17	1.19354e-17	1.19354e-17	1.19354e-17	1.19354e-17	1.19354e-17	1.19354e-17	1.19354e-17	1.19354e-17	1.19354e-17	1.19354e-17	1.19354e-17	1.19354e-17	1.19354e-17	1.19354e-17	1.19354e-17	1.19354e-17	1.19354e-17	1.19354e-17	1.19354e-17	1.19354e-17	1.19354e-17	1.19354e-17	1.19354e-17	1.19354e-17	1.19354e-17	1.19354e-17	1.19354e-17	1.19354e-17	1.19354e-17	1.19354e-17	1.19354e-17	1.19354e-17	1.19354e-17	1.19354e-17	1.19354e-17	1.19354e-17	1.19354e-17	1.19354e-17	1.19354e-17	1.19354e-17	1.19354e-17	1.19354e-17	1.19354e-17	1.19354e-17	1.19354e-17	1.19354e-17	1.19354e-17	1.19354e-17	1.19354e-17	1.19354e-17	1.19354e-17	1.19354e-17	1.19354e-17	1.19354e-17	1.19354e-17	1.19354e-17	1.19354e-17	1.19354e-17	1.19354e-17	1.19354e-17	1.19354e-17	1.19354e-17	1.19354e-17	1.19354e-17	1.19354e-17	1.19354e-17	1.19354e-17	1.19354e-17	1.19354e-17	1.19354e-17	1.19354e-17	1.19354e-17	1.19354e-17	1.19354e-17	1.19354e-17	1.19354e-17	1.19354e-17	1.19354e-17	1.19354e-17	1.19354e-17	1.19354e-17	1.19354e-17	1.19354e-17	1.19354e-17	1.19354e-17	1.19354e-17	1.19354e-17	1.19354e-17	1.19354e-17	1.19354e-17	1.19354e-17	1.19354e-17	1.19354e-17	1.19354e-17	1.19354e-17	1.19354e-17	1.19354e-17	1.19354e-17	1.19354e-17	1.19354e-17	1.19354e-17	1.19354e-17	1.19354e-17	1.19354e-17	1.19354e-17	1.19354e-17
21.86	5.51914e-31	2.26857e-30	4.89461e-30	8.91174e-30	1.50569e-29	2.44574e-29	3.88376e-29	6.08356e-29	9.44868e-29	1.45964e-28	2.24712e-28	3.45175e-28	5.29453e-28	8.11351e-28	1.24258e-27	1.90226e-27	2.91141e-27	4.45516e-27	6.81672e-27	1.04294e-26	1.59559e-26	2.44102e-26	3.73434e-26	5.71285e-26	8.73956e-26	1.33699e-25	2.04534e-25	3.12899e-25	4.78682e-25	7.32308e-25	1.12032e-24	1.71396e-24	2.62217e-24	4.01171e-24	6.13770e-24	9.39055e-24	1.43677e-23	2.19834e-23	3.36371e-23	5.14704e-23	7.87617e-23	1.20530e-22	1.84459e-22	2.82314e-22	4.32115e-22	6.61462e-22	1.01264e-21	1.55044e-21	2.37418e-21	3.63614e-21	5.56989e-21	8.53380e-21	1.30781e-20	2.00477e-20	3.07414e-20	4.71569e-20	7.23690e-20	1.11116e-19	1.70705e-19	2.62426e-19	4.03739e-19	6.21703e-19	9.58331e-19	1.47901e-18	2.28581e-18	3.53850e-18	5.48820e-18	8.53133e-18	1.30285e-17	1.30474e-17	1.30474e-17	1.30474e-17	1.30474e-17	1.30474e-17	1.30474e-17	1.30474e-17	1.30474e-17	1.30474e-17	1.30474e-17	1.30474e-17	1.30474e-17	1.30474e-17	1.30474e-17	1.30474e-17	1.30474e-17	1.30474e-17	1.30474e-17	1.30474e-17	1.30474e-17	1.30474e-17	1.30474e-17	1.30474e-17	1.30474e-17	1.30474e-17	1.30474e-17	1.30474e-17	1.30474e-17	1.30474e-17	1.30474e-17	1.30474e-17	1.30474e-17	1.30474e-17	1.30474e-17	1.30474e-17	1.30474e-17	1.30474e-17	1.30474e-17	1.30474e-17	1.30474e-17	1.30474e-17	1.30474e-17	1.30474e-17	1.30474e-17	1.30474e-17	1.30474e-17	1.30474e-17	1.30474e-17	1.30474e-17	1.30474e-17	1.30474e-17	1.30474e-17	1.30474e-17	1.30474e-17	1.30474e-17	1.30474e-17	1.30474e-17	1.30474e-17	1.30474e-17	1.30474e-17	1.30474e-17	1.30474e-17	1.30474e-17	1.30474e-17	1.30474e-17	1.30474e-17	1.30474e-17	1.30474e-17	1.30474e-17	1.30474e-17	1.30474e-17	1.30474e-17	1.30474e-17	1.30474e-17	1.30474e-17	1.30474e-17	1.30474e-17	1.30474e-17	1.30474e-17	1.30474e-17	1.30474e-17	1.30474e-17	1.30474e-17	1.30474e-17	1.30474e-17	1.30474e-17	1.30474e-17	1.30474e-17	1.30474e-17	1.30474e-17	1.30474e-17	1.30474e-17	1.30474e-17	1.30474e-17	1.30474e-17	1.30474e-17	1.30474e-17	1.30474e-17	1.30474e-17	1.30474e-17	1.30474e-17	1.30474e-17	1.30474e-17	1.30474e-17	1.30474e-17	1.30474e-17	1.30474e-17	1.30474e-17	1.30474e-17	1.30474e-17	1.30474e-17	1.30474e-17	1.30474e-17	1.30474e-17	1.30474e-17	1.30474e-17
21.89	4.71775e-31	1.93917e-30	4.18390e-30	7.61774e-30	1.28706e-29	2.09061e-29	3.31983e-29	5.20022e-29	8.07672e-29	1.24770e-28	1.92083e-28	2.95055e-28	4.52576e-28	6.93542e-28	1.06216e-27	1.62605e-27	2.48867e-27	3.80826e-27	5.82692e-27	8.91500e-27	1.36390e-26	2.08658e-26	3.19211e-26	4.88333e-26	7.47057e-26	1.14285e-25	1.74835e-25	2.67466e-25	4.09177e-25	6.25975e-25	9.57652e-25	1.46509e-24	2.24143e-24	3.42920e-24	5.24649e-24	8.02703e-24	1.22815e-23	1.87914e-23	2.87529e-23	4.39968e-23	6.73254e-23	1.03029e-22	1.57675e-22	2.41322e-22	3.69372e-22	5.65417e-22	8.65601e-22	1.32531e-21	2.02945e-21	3.10817e-21	4.76113e-21	7.29468e-21	1.11791e-20	1.71367e-20	2.62777e-20	4.03097e-20	6.18609e-20	9.49814e-20	1.45918e-19	2.24321e-19	3.45115e-19	5.31431e-19	8.19180e-19	1.26426e-18	1.95390e-18	3.02470e-18	4.69131e-18	7.29257e-18	1.13661e-17	1.42764e-17	1.42764e-17	1.42764e-17	1.42764e-17	1.42764e-17	1.42764e-17	1.42764e-17	1.42764e-17	1.42764e-17	1.42764e-17	1.42764e-17	1.42764e-17	1.42764e-17	1.42764e-17	1.42764e-17	1.42764e-17	1.42764e-17	1.42764e-17	1.42764e-17	1.42764e-17	1.42764e-17	1.42764e-17	1.42764e-17	1.42764e-17	1.42764e-17	1.42764e-17	1.42764e-17	1.42764e-17	1.42764e-17	1.42764e-17	1.42764e-17	1.42764e-17	1.42764e-17	1.42764e-17	1.42764e-17	1.42764e-17	1.42764e-17	1.42764e-17	1.42764e-17	1.42764e-17	1.42764e-17	1.42764e-17	1.42764e-17	1.42764e-17	1.42764e-17	1.42764e-17	1.42764e-17	1.42764e-17	1.42764e-17	1.42764e-17	1.42764e-17	1.42764e-17	1.42764e-17	1.42764e-17	1.42764e-17	1.42764e-17	1.42764e-17	1.42764e-17	1.42764e-17	1.42764e-17	1.42764e-17	1.42764e-17	1.42764e-17	1.42764e-17	1.42764e-17	1.42764e-17	1.42764e-17	1.42764e-17	1.42764e-17	1.42764e-17	1.42764e-17	1.42764e-17	1.42764e-17	1.42764e-17	1.42764e-17	1.42764e-17	1.42764e-17	1.42764e-17	1.42764e-17	1.42764e-17	1.42764e-17	1.42764e-17	1.42764e-17	1.42764e-17	1.42764e-17	1.42764e-17	1.42764e-17	1.42764e-17	1.42764e-17	1.42764e-17	1.42764e-17	1.42764e-17	1.42764e-17	1.42764e-17	1.42764e-17	1.42764e-17	1.42764e-17	1.42764e-17	1.42764e-17	1.42764e-17	1.42764e-17	1.42764e-17	1.42764e-17	1.42764e-17	1.42764e-17	1.42764e-17	1.42764e-17	1.42764e-17	1.42764e-17	1.42764e-17	1.42764e-17	1.42764e-17	1.42764e-17	1.42764e-17	1.42764e-17	1.42764e-17
21.92	4.03273e-31	1.65760e-30	3.57639e-30	6.51163e-30	1.10018e-29	1.78705e-29	2.83779e-29	4.44514e-29	6.90397e-29	1.06653e-28	1.64193e-28	2.52213e-28	3.86861e-28	5.92839e-28	9.07932e-28	1.38995e-27	2.12731e-27	3.25530e-27	4.98085e-27	7.62053e-27	1.16586e-26	1.78360e-26	2.72861e-26	4.17426e-26	6.38583e-26	9.76909e-26	1.49449e-25	2.28629e-25	3.49764e-25	5.35083e-25	8.18599e-25	1.25235e-24	1.91597e-24	2.93128e-24	4.48470e-24	6.86149e-24	1.04982e-23	1.60629e-23	2.45780e-23	3.76084e-23	5.75497e-23	8.80689e-23	1.34780e-22	2.06282e-22	3.15738e-22	4.83317e-22	7.39915e-22	1.13288e-21	1.73477e-21	2.65686e-21	4.06981e-21	6.23548e-21	9.55588e-21	1.46484e-20	2.24622e-20	3.44566e-20	5.28786e-20	8.11900e-20	1.24731e-19	1.91749e-19	2.95004e-19	4.54266e-19	7.00234e-19	1.08069e-18	1.67019e-18	2.58551e-18	4.01012e-18	6.23368e-18	9.71576e-18	1.51901e-17	1.56373e-17	1.56373e-17	1.56373e-17	1.56373e-17	1.56373e-17	1.56373e-17	1.56373e-17	1.56373e-17	1.56373e-17	1.56373e-17	1.56373e-17	1.56373e-17	1.56373e-17	1.56373e-17	1.56373e-17	1.56373e-17	1.56373e-17	1.56373e-17	1.56373e-17	1.56373e-17	1.56373e-17	1.56373e-17	1.56373e-17	1.56373e-17	1.56373e-17	1.56373e-17	1.56373e-17	1.56373e-17	1.56373e-17	1.56373e-17	1.56373e-17	1.56373e-17	1.56373e-17	1.56373e-17	1.56373e-17	1.56373e-17	1.56373e-17	1.56373e-17	1.56373e-17	1.56373e-17	1.56373e-17	1.56373e-17	1.56373e-17	1.56373e-17	1.56373e-17	1.56373e-17	1.56373e-17	1.56373e-17	1.56373e-17	1.56373e-17	1.56373e-17	1.56373e-17	1.56373e-17	1.56373e-17	1.56373e-17	1.56373e-17	1.56373e-17	1.56373e-17	1.56373e-17	1.56373e-17	1.56373e-17	1.56373e-17	1.56373e-17	1.56373e-17	1.56373e-17	1.56373e-17	1.56373e-17	1.56373e-17	1.56373e-17	1.56373e-17	1.56373e-17	1.56373e-17	1.56373e-17	1.56373e-17	1.56373e-17	1.56373e-17	1.56373e-17	1.56373e-17	1.56373e-17	1.56373e-17	1.56373e-17	1.56373e-17	1.56373e-17	1.56373e-17	1.56373e-17	1.56373e-17	1.56373e-17	1.56373e-17	1.56373e-17	1.56373e-17	1.56373e-17	1.56373e-17	1.56373e-17	1.56373e-17	1.56373e-17	1.56373e-17	1.56373e-17	1.56373e-17	1.56373e-17	1.56373e-17	1.56373e-17	1.56373e-17	1.56373e-17	1.56373e-17	1.56373e-17	1.56373e-17	1.56373e-17	1.56373e-17	1.56373e-17	1.56373e-17	1.56373e-17	1.56373e-17	1.56373e-17	1.56373e-17	1.56373e-17
21.96	3.44717e-31	1.41692e-30	3.05709e-30	5.56614e-30	9.40431e-30	1.52757e-29	2.42574e-29	3.79970e-29	5.90150e-29	9.11671e-29	1.40352e-28	2.15591e-28	3.30688e-28	5.06757e-28	7.76099e-28	1.18812e-27	1.81842e-27	2.78262e-27	4.25762e-27	6.51402e-27	9.96578e-27	1.52462e-26	2.33241e-26	3.56816e-26	5.45860e-26	8.35061e-26	1.27749e-25	1.95432e-25	2.98977e-25	4.57388e-25	6.99737e-25	1.07051e-24	1.63777e-24	2.50565e-24	3.83351e-24	5.86519e-24	8.97384e-24	1.37305e-23	2.10092e-23	3.21476e-23	4.91934e-23	7.52811e-23	1.15210e-22	1.76329e-22	2.69893e-22	4.13139e-22	6.32478e-22	9.68380e-22	1.48288e-21	2.27108e-21	3.47887e-21	5.33008e-21	8.16835e-21	1.25215e-20	1.92006e-20	2.94535e-20	4.52006e-20	6.94011e-20	1.06620e-19	1.63907e-19	2.52169e-19	3.88306e-19	5.98559e-19	9.23770e-19	1.42768e-18	2.21009e-18	3.42785e-18	5.32854e-18	8.30502e-18	1.29845e-17	1.71476e-17	1.71476e-17	1.71476e-17	1.71476e-17	1.71476e-17	1.71476e-17	1.71476e-17	1.71476e-17	1.71476e-17	1.71476e-17	1.71476e-17	1.71476e-17	1.71476e-17	1.71476e-17	1.71476e-17	1.71476e-17	1.71476e-17	1.71476e-17	1.71476e-17	1.71476e-17	1.71476e-17	1.71476e-17	1.71476e-17	1.71476e-17	1.71476e-17	1.71476e-17	1.71476e-17	1.71476e-17	1.71476e-17	1.71476e-17	1.71476e-17	1.71476e-17	1.71476e-17	1.71476e-17	1.71476e-17	1.71476e-17	1.71476e-17	1.71476e-17	1.71476e-17	1.71476e-17	1.71476e-17	1.71476e-17	1.71476e-17	1.71476e-17	1.71476e-17	1.71476e-17	1.71476e-17	1.71476e-17	1.71476e-17	1.71476e-17	1.71476e-17	1.71476e-17	1.71476e-17	1.71476e-17	1.71476e-17	1.71476e-17	1.71476e-17	1.71476e-17	1.71476e-17	1.71476e-17	1.71476e-17	1.71476e-17	1.71476e-17	1.71476e-17	1.71476e-17	1.71476e-17	1.71476e-17	1.71476e-17	1.71476e-17	1.71476e-17	1.71476e-17	1.71476e-17	1.71476e-17	1.71476e-17	1.71476e-17	1.71476e-17	1.71476e-17	1.71476e-17	1.71476e-17	1.71476e-17	1.71476e-17	1.71476e-17	1.71476e-17	1.71476e-17	1.71476e-17	1.71476e-17	1.71476e-17	1.71476e-17	1.71476e-17	1.71476e-17	1.71476e-17	1.71476e-17	1.71476e-17	1.71476e-17	1.71476e-17	1.71476e-17	1.71476e-17	1.71476e-17	1.71476e-17	1.71476e-17	1.71476e-17	1.71476e-17	1.71476e-17	1.71476e-17	1.71476e-17	1.71476e-17	1.71476e-17	1.71476e-17	1.71476e-17	1.71476e-17	1.71476e-17	1.71476e-17	1.71476e-17	1.71476e-17	1.71476e-17
21.99	2.94664e-31	1.21118e-30	2.61320e-30	4.75792e-30	8.03879e-30	1.30576e-29	2.07352e-29	3.24798e-29	5.04459e-29	7.79295e-29	1.19972e-28	1.84287e-28	2.82672e-28	4.33176e-28	6.63408e-28	1.01561e-27	1.55438e-27	2.37858e-27	3.63941e-27	5.56817e-27	8.51873e-27	1.30324e-26	1.99374e-26	3.05005e-26	4.66600e-26	7.13808e-26	1.09199e-25	1.67055e-25	2.55566e-25	3.90974e-25	5.98134e-25	9.15070e-25	1.39996e-24	2.14183e-24	3.27688e-24	5.01356e-24	7.67083e-24	1.17368e-23	1.79586e-23	2.74797e-23	4.20504e-23	6.43502e-23	9.84814e-23	1.50726e-22	2.30704e-22	3.53150e-22	5.40641e-22	8.27770e-22	1.26756e-21	1.94132e-21	2.97373e-21	4.55615e-21	6.98229e-21	1.07033e-20	1.64127e-20	2.51768e-20	3.86374e-20	5.93239e-20	9.11384e-20	1.40107e-19	2.15554e-19	3.31923e-19	5.11647e-19	7.89637e-19	1.22038e-18	1.88918e-18	2.93012e-18	4.55483e-18	7.09912e-18	1.10991e-17	1.74169e-17	1.88272e-17	1.88272e-17	1.88272e-17	1.88272e-17	1.88272e-17	1.88272e-17	1.88272e-17	1.88272e-17	1.88272e-17	1.88272e-17	1.88272e-17	1.88272e-17	1.88272e-17	1.88272e-17	1.88272e-17	1.88272e-17	1.88272e-17	1.88272e-17	1.88272e-17	1.88272e-17	1.88272e-17	1.88272e-17	1.88272e-17	1.88272e-17	1.88272e-17	1.88272e-17	1.88272e-17	1.88272e-17	1.88272e-17	1.88272e-17	1.88272e-17	1.88272e-17	1.88272e-17	1.88272e-17	1.88272e-17	1.88272e-17	1.88272e-17	1.88272e-17	1.88272e-17	1.88272e-17	1.88272e-17	1.88272e-17	1.88272e-17	1.88272e-17	1.88272e-17	1.88272e-17	1.88272e-17	1.88272e-17	1.88272e-17	1.88272e-17	1.88272e-17	1.88272e-17	1.88272e-17	1.88272e-17	1.88272e-17	1.88272e-17	1.88272e-17	1.88272e-17	1.88272e-17	1.88272e-17	1.88272e-17	1.88272e-17	1.88272e-17	1.88272e-17	1.88272e-17	1.88272e-17	1.88272e-17	1.88272e-17	1.88272e-17	1.88272e-17	1.88272e-17	1.88272e-17	1.88272e-17	1.88272e-17	1.88272e-17	1.88272e-17	1.88272e-17	1.88272e-17	1.88272e-17	1.88272e-17	1.88272e-17	1.88272e-17	1.88272e-17	1.88272e-17	1.88272e-17	1.88272e-17	1.88272e-17	1.88272e-17	1.88272e-17	1.88272e-17	1.88272e-17	1.88272e-17	1.88272e-17	1.88272e-17	1.88272e-17	1.88272e-17	1.88272e-17	1.88272e-17	1.88272e-17	1.88272e-17	1.88272e-17	1.88272e-17	1.88272e-17	1.88272e-17	1.88272e-17	1.88272e-17	1.88272e-17	1.88272e-17	1.88272e-17	1.88272e-17	1.88272e-17	1.88272e-17	1.88272e-17	1.88272e-17
22.03	2.51878e-31	1.03531e-30	2.23376e-30	4.06707e-30	6.87154e-30	1.11616e-29	1.77244e-29	2.77637e-29	4.31211e-29	6.66140e-29	1.02552e-28	1.57528e-28	2.41627e-28	3.70278e-28	5.67080e-28	8.68139e-28	1.32869e-27	2.03321e-27	3.11096e-27	4.75966e-27	7.28180e-27	1.11401e-26	1.70425e-26	2.60718e-26	3.98849e-26	6.10162e-26	9.33433e-26	1.42798e-25	2.18457e-25	3.34204e-25	5.11284e-25	7.82200e-25	1.19668e-24	1.83083e-24	2.80107e-24	4.28558e-24	6.55701e-24	1.00326e-23	1.53510e-23	2.34896e-23	3.59446e-23	5.50064e-23	8.41818e-23	1.28840e-22	1.97205e-22	3.01872e-22	4.62139e-22	7.07576e-22	1.08351e-21	1.65943e-21	2.54194e-21	3.89459e-21	5.96845e-21	9.14919e-21	1.40295e-20	2.15211e-20	3.30272e-20	5.07100e-20	7.79049e-20	1.19764e-19	1.84255e-19	2.83728e-19	4.37355e-19	6.74980e-19	1.04318e-18	1.61487e-18	2.50466e-18	3.89346e-18	6.06831e-18	9.48749e-18	1.48879e-17	2.06999e-17	2.06999e-17	2.06999e-17	2.06999e-17	2.06999e-17	2.06999e-17	2.06999e-17	2.06999e-17	2.06999e-17	2.06999e-17	2.06999e-17	2.06999e-17	2.06999e-17	2.06999e-17	2.06999e-17	2.06999e-17	2.06999e-17	2.06999e-17	2.06999e-17	2.06999e-17	2.06999e-17	2.06999e-17	2.06999e-17	2.06999e-17	2.06999e-17	2.06999e-17	2.06999e-17	2.06999e-17	2.06999e-17	2.06999e-17	2.06999e-17	2.06999e-17	2.06999e-17	2.06999e-17	2.06999e-17	2.06999e-17	2.06999e-17	2.06999e-17	2.06999e-17	2.06999e-17	2.06999e-17	2.06999e-17	2.06999e-17	2.06999e-17	2.06999e-17	2.06999e-17	2.06999e-17	2.06999e-17	2.06999e-17	2.06999e-17	2.06999e-17	2.06999e-17	2.06999e-17	2.06999e-17	2.06999e-17	2.06999e-17	2.06999e-17	2.06999e-17	2.06999e-17	2.06999e-17	2.06999e-17	2.06999e-17	2.06999e-17	2.06999e-17	2.06999e-17	2.06999e-17	2.06999e-17	2.06999e-17	2.06999e-17	2.06999e-17	2.06999e-17	2.06999e-17	2.06999e-17	2.06999e-17	2.06999e-17	2.06999e-17	2.06999e-17	2.06999e-17	2.06999e-17	2.06999e-17	2.06999e-17	2.06999e-17	2.06999e-17	2.06999e-17	2.06999e-17	2.06999e-17	2.06999e-17	2.06999e-17	2.06999e-17	2.06999e-17	2.06999e-17	2.06999e-17	2.06999e-17	2.06999e-17	2.06999e-17	2.06999e-17	2.06999e-17	2.06999e-17	2.06999e-17	2.06999e-17	2.06999e-17	2.06999e-17	2.06999e-17	2.06999e-17	2.06999e-17	2.06999e-17	2.06999e-17	2.06999e-17	2.06999e-17	2.06999e-17	2.06999e-17	2.06999e-17	2.06999e-17	2.06999e-17
22.06	2.15305e-31	8.84983e-31	1.90941e-30	3.47652e-30	5.87378e-30	9.54096e-30	1.51508e-29	2.37323e-29	3.68599e-29	5.69416e-29	8.76614e-29	1.34655e-28	2.06543e-28	3.16513e-28	4.84739e-28	7.42084e-28	1.13576e-27	1.73798e-27	2.65924e-27	4.06855e-27	6.22447e-27	9.52254e-27	1.45679e-26	2.22861e-26	3.40935e-26	5.21566e-26	7.97898e-26	1.22064e-25	1.86737e-25	2.85677e-25	4.37045e-25	6.68624e-25	1.02292e-24	1.56499e-24	2.39435e-24	3.66331e-24	5.60492e-24	8.57587e-24	1.31220e-23	2.00789e-23	3.07254e-23	4.70194e-23	7.19585e-23	1.10132e-22	1.68571e-22	2.58040e-22	3.95036e-22	6.04835e-22	9.26182e-22	1.41848e-21	2.17285e-21	3.32909e-21	5.10182e-21	7.82071e-21	1.19924e-20	1.83962e-20	2.82316e-20	4.33468e-20	6.65930e-20	1.02374e-19	1.57501e-19	2.42530e-19	3.73851e-19	5.76972e-19	8.91707e-19	1.38039e-18	2.14098e-18	3.32812e-18	5.18719e-18	8.10990e-18	1.27262e-17	2.00576e-17	2.27936e-17	2.27936e-17	2.27936e-17	2.27936e-17	2.27936e-17	2.27936e-17	2.27936e-17	2.27936e-17	2.27936e-17	2.27936e-17	2.27936e-17	2.27936e-17	2.27936e-17	2.27936e-17	2.27936e-17	2.27936e-17	2.27936e-17	2.27936e-17	2.27936e-17	2.27936e-17	2.27936e-17	2.27936e-17	2.27936e-17	2.27936e-17	2.27936e-17	2.27936e-17	2.27936e-17	2.27936e-17	2.27936e-17	2.27936e-17	2.27936e-17	2.27936e-17	2.27936e-17	2.27936e-17	2.27936e-17	2.27936e-17	2.27936e-17	2.27936e-17	2.27936e-17	2.27936e-17	2.27936e-17	2.27936e-17	2.27936e-17	2.27936e-17	2.27936e-17	2.27936e-17	2.27936e-17	2.27936e-17	2.27936e-17	2.27936e-17	2.27936e-17	2.27936e-17	2.27936e-17	2.27936e-17	2.27936e-17	2.27936e-17	2.27936e-17	2.27936e-17	2.27936e-17	2.27936e-17	2.27936e-17	2.27936e-17	2.27936e-17	2.27936e-17	2.27936e-17	2.27936e-17	2.27936e-17	2.27936e-17	2.27936e-17	2.27936e-17	2.27936e-17	2.27936e-17	2.27936e-17	2.27936e-17	2.27936e-17	2.27936e-17	2.27936e-17	2.27936e-17	2.27936e-17	2.27936e-17	2.27936e-17	2.27936e-17	2.27936e-17	2.27936e-17	2.27936e-17	2.27936e-17	2.27936e-17	2.27936e-17	2.27936e-17	2.27936e-17	2.27936e-17	2.27936e-17	2.27936e-17	2.27936e-17	2.27936e-17	2.27936e-17	2.27936e-17	2.27936e-17	2.27936e-17	2.27936e-17	2.27936e-17	2.27936e-17	2.27936e-17	2.27936e-17	2.27936e-17	2.27936e-17	2.27936e-17	2.27936e-17	2.27936e-17	2.27936e-17	2.27936e-17	2.27936e-17	2.27936e-17
22.09	1.84042e-31	7.56482e-31	1.63216e-30	2.97173e-30	5.02090e-30	8.15560e-30	1.29509e-29	2.02864e-29	3.15078e-29	4.86736e-29	7.49328e-29	1.15103e-28	1.76552e-28	2.70555e-28	4.14355e-28	6.34332e-28	9.70844e-28	1.48563e-27	2.27312e-27	3.47779e-27	5.32067e-27	8.13985e-27	1.24526e-26	1.90502e-26	2.91431e-26	4.45834e-26	6.82042e-26	1.04340e-25	1.59622e-25	2.44197e-25	3.73586e-25	5.71539e-25	8.74394e-25	1.33775e-24	2.04669e-24	3.13139e-24	4.79108e-24	7.33064e-24	1.12167e-23	1.71634e-23	2.62640e-23	4.01921e-23	6.15100e-23	9.41411e-23	1.44094e-22	2.20572e-22	3.37676e-22	5.17012e-22	7.91699e-22	1.21252e-21	1.85735e-21	2.84570e-21	4.36103e-21	6.68513e-21	1.02511e-20	1.57250e-20	2.41323e-20	3.70528e-20	5.69236e-20	8.75089e-20	1.34631e-19	2.07314e-19	3.19567e-19	4.93195e-19	7.62229e-19	1.17995e-18	1.83011e-18	2.84487e-18	4.43400e-18	6.93233e-18	1.08783e-17	1.71452e-17	2.51409e-17	2.51413e-17	2.51413e-17	2.51413e-17	2.51413e-17	2.51413e-17	2.51413e-17	2.51413e-17	2.51413e-17	2.51413e-17	2.51413e-17	2.51413e-17	2.51413e-17	2.51413e-17	2.51413e-17	2.51413e-17	2.51413e-17	2.51413e-17	2.51413e-17	2.51413e-17	2.51413e-17	2.51413e-17	2.51413e-17	2.51413e-17	2.51413e-17	2.51413e-17	2.51413e-17	2.51413e-17	2.51413e-17	2.51413e-17	2.51413e-17	2.51413e-17	2.51413e-17	2.51413e-17	2.51413e-17	2.51413e-17	2.51413e-17	2.51413e-17	2.51413e-17	2.51413e-17	2.51413e-17	2.51413e-17	2.51413e-17	2.51413e-17	2.51413e-17	2.51413e-17	2.51413e-17	2.51413e-17	2.51413e-17	2.51413e-17	2.51413e-17	2.51413e-17	2.51413e-17	2.51413e-17	2.51413e-17	2.51413e-17	2.51413e-17	2.51413e-17	2.51413e-17	2.51413e-17	2.51413e-17	2.51413e-17	2.51413e-17	2.51413e-17	2.51413e-17	2.51413e-17	2.51413e-17	2.51413e-17	2.51413e-17	2.51413e-17	2.51413e-17	2.51413e-17	2.51413e-17	2.51413e-17	2.51413e-17	2.51413e-17	2.51413e-17	2.51413e-17	2.51413e-17	2.51413e-17	2.51413e-17	2.51413e-17	2.51413e-17	2.51413e-17	2.51413e-17	2.51413e-17	2.51413e-17	2.51413e-17	2.51413e-17	2.51413e-17	2.51413e-17	2.51413e-17	2.51413e-17	2.51413e-17	2.51413e-17	2.51413e-17	2.51413e-17	2.51413e-17	2.51413e-17	2.51413e-17	2.51413e-17	2.51413e-17	2.51413e-17	2.51413e-17	2.51413e-17	2.51413e-17	2.51413e-17	2.51413e-17	2.51413e-17	2.51413e-17	2.51413e-17	2.51413e-17	2.51413e-17
22.13	1.57319e-31	6.46640e-31	1.39517e-30	2.54023e-30	4.29186e-30	6.97139e-30	1.10704e-29	1.73407e-29	2.69328e-29	4.16061e-29	6.40525e-29	9.83896e-29	1.50917e-28	2.31270e-28	3.54190e-28	5.42226e-28	8.29876e-28	1.26991e-27	1.94306e-27	2.97281e-27	4.54810e-27	6.95793e-27	1.06445e-26	1.62840e-26	2.49115e-26	3.81098e-26	5.83008e-26	8.91897e-26	1.36445e-25	2.08739e-25	3.19340e-25	4.88550e-25	7.47430e-25	1.14351e-24	1.74951e-24	2.67671e-24	4.09541e-24	6.26622e-24	9.58801e-24	1.46713e-23	2.24505e-23	3.43562e-23	5.25786e-23	8.04716e-23	1.23171e-22	1.88545e-22	2.88645e-22	4.41941e-22	6.76743e-22	1.03646e-21	1.58766e-21	2.43250e-21	3.72780e-21	5.71444e-21	8.76262e-21	1.34417e-20	2.06282e-20	3.16727e-20	4.86582e-20	7.48025e-20	1.15083e-19	1.77212e-19	2.73165e-19	4.21582e-19	6.51553e-19	1.00862e-18	1.56437e-18	2.43179e-18	3.79018e-18	5.92574e-18	9.29875e-18	1.46557e-17	2.32199e-17	2.77825e-17	2.77825e-17	2.77825e-17	2.77825e-17	2.77825e-17	2.77825e-17	2.77825e-17	2.77825e-17	2.77825e-17	2.77825e-17	2.77825e-17	2.77825e-17	2.77825e-17	2.77825e-17	2.77825e-17	2.77825e-17	2.77825e-17	2.77825e-17	2.77825e-17	2.77825e-17	2.77825e-17	2.77825e-17	2.77825e-17	2.77825e-17	2.77825e-17	2.77825e-17	2.77825e-17	2.77825e-17	2.77825e-17	2.77825e-17	2.77825e-17	2.77825e-17	2.77825e-17	2.77825e-17	2.77825e-17	2.77825e-17	2.77825e-17	2.77825e-17	2.77825e-17	2.77825e-17	2.77825e-17	2.77825e-17	2.77825e-17	2.77825e-17	2.77825e-17	2.77825e-17	2.77825e-17	2.77825e-17	2.77825e-17	2.77825e-17	2.77825e-17	2.77825e-17	2.77825e-17	2.77825e-17	2.77825e-17	2.77825e-17	2.77825e-17	2.77825e-17	2.77825e-17	2.77825e-17	2.77825e-17	2.77825e-17	2.77825e-17	2.77825e-17	2.77825e-17	2.77825e-17	2.77825e-17	2.77825e-17	2.77825e-17	2.77825e-17	2.77825e-17	2.77825e-17	2.77825e-17	2.77825e-17	2.77825e-17	2.77825e-17	2.77825e-17	2.77825e-17	2.77825e-17	2.77825e-17	2.77825e-17	2.77825e-17	2.77825e-17	2.77825e-17	2.77825e-17	2.77825e-17	2.77825e-17	2.77825e-17	2.77825e-17	2.77825e-17	2.77825e-17	2.77825e-17	2.77825e-17	2.77825e-17	2.77825e-17	2.77825e-17	2.77825e-17	2.77825e-17	2.77825e-17	2.77825e-17	2.77825e-17	2.77825e-17	2.77825e-17	2.77825e-17	2.77825e-17	2.77825e-17	2.77825e-17	2.77825e-17	2.77825e-17	2.77825e-17	2.77825e-17	2.77825e-17
22.16	1.34476e-31	5.52747e-31	1.19259e-30	2.17138e-30	3.66867e-30	5.95914e-30	9.46294e-30	1.48228e-29	2.30221e-29	3.55648e-29	5.47519e-29	8.41033e-29	1.29003e-28	1.97689e-28	3.02761e-28	4.63494e-28	7.09377e-28	1.08552e-27	1.66092e-27	2.54116e-27	3.88771e-27	5.94763e-27	9.09886e-27	1.39196e-26	2.12943e-26	3.25762e-26	4.98354e-26	7.62392e-26	1.16633e-25	1.78430e-25	2.72972e-25	4.17612e-25	6.38902e-25	9.77468e-25	1.49547e-24	2.28805e-24	3.50075e-24	5.35635e-24	8.19581e-24	1.25410e-23	1.91906e-23	2.93676e-23	4.49441e-23	6.87870e-23	1.05287e-22	1.61168e-22	2.46733e-22	3.77771e-22	5.78479e-22	8.85961e-22	1.35713e-21	2.07930e-21	3.18652e-21	4.88470e-21	7.49028e-21	1.14900e-20	1.76330e-20	2.70738e-20	4.15930e-20	6.39411e-20	9.83726e-20	1.51480e-19	2.33501e-19	3.60368e-19	5.56946e-19	8.62169e-19	1.33722e-18	2.07869e-18	3.23984e-18	5.06531e-18	7.94856e-18	1.25277e-17	1.98483e-17	3.07395e-17	3.07649e-17	3.07649e-17	3.07649e-17	3.07649e-17	3.07649e-17	3.07649e-17	3.07649e-17	3.07649e-17	3.07649e-17	3.07649e-17	3.07649e-17	3.07649e-17	3.07649e-17	3.07649e-17	3.07649e-17	3.07649e-17	3.07649e-17	3.07649e-17	3.07649e-17	3.07649e-17	3.07649e-17	3.07649e-17	3.07649e-17	3.07649e-17	3.07649e-17	3.07649e-17	3.07649e-17	3.07649e-17	3.07649e-17	3.07649e-17	3.07649e-17	3.07649e-17	3.07649e-17	3.07649e-17	3.07649e-17	3.07649e-17	3.07649e-17	3.07649e-17	3.07649e-17	3.07649e-17	3.07649e-17	3.07649e-17	3.07649e-17	3.07649e-17	3.07649e-17	3.07649e-17	3.07649e-17	3.07649e-17	3.07649e-17	3.07649e-17	3.07649e-17	3.07649e-17	3.07649e-17	3.07649e-17	3.07649e-17	3.07649e-17	3.07649e-17	3.07649e-17	3.07649e-17	3.07649e-17	3.07649e-17	3.07649e-17	3.07649e-17	3.07649e-17	3.07649e-17	3.07649e-17	3.07649e-17	3.07649e-17	3.07649e-17	3.07649e-17	3.07649e-17	3.07649e-17	3.07649e-17	3.07649e-17	3.07649e-17	3.07649e-17	3.07649e-17	3.07649e-17	3.07649e-17	3.07649e-17	3.07649e-17	3.07649e-17	3.07649e-17	3.07649e-17	3.07649e-17	3.07649e-17	3.07649e-17	3.07649e-17	3.07649e-17	3.07649e-17	3.07649e-17	3.07649e-17	3.07649e-17	3.07649e-17	3.07649e-17	3.07649e-17	3.07649e-17	3.07649e-17	3.07649e-17	3.07649e-17	3.07649e-17	3.07649e-17	3.07649e-17	3.07649e-17	3.07649e-17	3.07649e-17	3.07649e-17	3.07649e-17	3.07649e-17	3.07649e-17	3.07649e-17
22.20	1.14950e-31	4.72487e-31	1.01942e-30	1.85609e-30	3.13598e-30	5.09386e-30	8.08891e-30	1.26705e-29	1.96793e-29	3.04008e-29	4.68019e-29	7.18914e-29	1.10272e-28	1.68984e-28	2.58799e-28	3.96194e-28	6.06374e-28	9.27899e-28	1.41975e-27	2.17218e-27	3.32321e-27	5.08403e-27	7.77769e-27	1.18984e-26	1.82023e-26	2.78461e-26	4.25993e-26	6.51691e-26	9.96976e-26	1.52521e-25	2.33336e-25	3.56974e-25	5.46133e-25	8.35539e-25	1.27833e-24	1.95582e-24	2.99243e-24	4.57860e-24	7.00577e-24	1.07200e-23	1.64041e-23	2.51034e-23	3.84182e-23	5.87990e-23	8.99989e-23	1.37766e-22	2.10907e-22	3.22918e-22	4.94483e-22	7.57318e-22	1.16007e-21	1.77738e-21	2.72383e-21	4.17543e-21	6.40268e-21	9.82161e-21	1.50727e-20	2.31426e-20	3.55536e-20	5.46567e-20	8.40887e-20	1.29485e-19	1.99597e-19	3.08042e-19	4.76077e-19	7.36980e-19	1.14306e-18	1.77686e-18	2.76941e-18	4.32982e-18	6.79442e-18	1.07086e-17	1.69663e-17	2.70505e-17	3.41460e-17	3.41460e-17	3.41460e-17	3.41460e-17	3.41460e-17	3.41460e-17	3.41460e-17	3.41460e-17	3.41460e-17	3.41460e-17	3.41460e-17	3.41460e-17	3.41460e-17	3.41460e-17	3.41460e-17	3.41460e-17	3.41460e-17	3.41460e-17	3.41460e-17	3.41460e-17	3.41460e-17	3.41460e-17	3.41460e-17	3.41460e-17	3.41460e-17	3.41460e-17	3.41460e-17	3.41460e-17	3.41460e-17	3.41460e-17	3.41460e-17	3.41460e-17	3.41460e-17	3.41460e-17	3.41460e-17	3.41460e-17	3.41460e-17	3.41460e-17	3.41460e-17	3.41460e-17	3.41460e-17	3.41460e-17	3.41460e-17	3.41460e-17	3.41460e-17	3.41460e-17	3.41460e-17	3.41460e-17	3.41460e-17	3.41460e-17	3.41460e-17	3.41460e-17	3.41460e-17	3.41460e-17	3.41460e-17	3.41460e-17	3.41460e-17	3.41460e-17	3.41460e-17	3.41460e-17	3.41460e-17	3.41460e-17	3.41460e-17	3.41460e-17	3.41460e-17	3.41460e-17	3.41460e-17	3.41460e-17	3.41460e-17	3.41460e-17	3.41460e-17	3.41460e-17	3.41460e-17	3.41460e-17	3.41460e-17	3.41460e-17	3.41460e-17	3.41460e-17	3.41460e-17	3.41460e-17	3.41460e-17	3.41460e-17	3.41460e-17	3.41460e-17	3.41460e-17	3.41460e-17	3.41460e-17	3.41460e-17	3.41460e-17	3.41460e-17	3.41460e-17	3.41460e-17	3.41460e-17	3.41460e-17	3.41460e-17	3.41460e-17	3.41460e-17	3.41460e-17	3.41460e-17	3.41460e-17	3.41460e-17	3.41460e-17	3.41460e-17	3.41460e-17	3.41460e-17	3.41460e-17	3.41460e-17	3.41460e-17	3.41460e-17	3.41460e-17	3.41460e-17
22.23	9.82590e-32	4.03881e-31	8.71402e-31	1.58659e-30	2.68063e-30	4.35422e-30	6.91439e-30	1.08308e-29	1.68218e-29	2.59865e-29	4.00062e-29	6.14526e-29	9.42602e-29	1.44447e-28	2.21221e-28	3.38666e-28	5.18328e-28	7.93166e-28	1.21360e-27	1.85677e-27	2.84067e-27	4.34582e-27	6.64836e-27	1.01708e-26	1.55593e-26	2.38028e-26	3.64138e-26	5.57065e-26	8.52213e-26	1.30375e-25	1.99455e-25	3.05141e-25	4.66833e-25	7.14217e-25	1.09271e-24	1.67183e-24	2.55793e-24	3.91378e-24	5.98852e-24	9.16344e-24	1.40222e-23	2.14583e-23	3.28398e-23	5.02613e-23	7.69309e-23	1.17762e-22	1.80283e-22	2.76030e-22	4.22683e-22	6.47354e-22	9.91625e-22	1.51930e-21	2.32833e-21	3.56915e-21	5.47300e-21	8.39550e-21	1.28841e-20	1.97823e-20	3.03912e-20	4.67205e-20	7.18789e-20	1.10684e-19	1.70615e-19	2.63314e-19	4.06950e-19	6.29970e-19	9.77082e-19	1.51886e-18	2.36728e-18	3.70113e-18	5.80786e-18	9.15373e-18	1.45028e-17	2.31227e-17	3.71480e-17	3.79964e-17	3.79964e-17	3.79964e-17	3.79964e-17	3.79964e-17	3.79964e-17	3.79964e-17	3.79964e-17	3.79964e-17	3.79964e-17	3.79964e-17	3.79964e-17	3.79964e-17	3.79964e-17	3.79964e-17	3.79964e-17	3.79964e-17	3.79964e-17	3.79964e-17	3.79964e-17	3.79964e-17	3.79964e-17	3.79964e-17	3.79964e-17	3.79964e-17	3.79964e-17	3.79964e-17	3.79964e-17	3.79964e-17	3.79964e-17	3.79964e-17	3.79964e-17	3.79964e-17	3.79964e-17	3.79964e-17	3.79964e-17	3.79964e-17	3.79964e-17	3.79964e-17	3.79964e-17	3.79964e-17	3.79964e-17	3.79964e-17	3.79964e-17	3.79964e-17	3.79964e-17	3.79964e-17	3.79964e-17	3.79964e-17	3.79964e-17	3.79964e-17	3.79964e-17	3.79964e-17	3.79964e-17	3.79964e-17	3.79964e-17	3.79964e-17	3.79964e-17	3.79964e-17	3.79964e-17	3.79964e-17	3.79964e-17	3.79964e-17	3.79964e-17	3.79964e-17	3.79964e-17	3.79964e-17	3.79964e-17	3.79964e-17	3.79964e-17	3.79964e-17	3.79964e-17	3.79964e-17	3.79964e-17	3.79964e-17	3.79964e-17	3.79964e-17	3.79964e-17	3.79964e-17	3.79964e-17	3.79964e-17	3.79964e-17	3.79964e-17	3.79964e-17	3.79964e-17	3.79964e-17	3.79964e-17	3.79964e-17	3.79964e-17	3.79964e-17	3.79964e-17	3.79964e-17	3.79964e-17	3.79964e-17	3.79964e-17	3.79964e-17	3.79964e-17	3.79964e-17	3.79964e-17	3.79964e-17	3.79964e-17	3.79964e-17	3.79964e-17	3.79964e-17	3.79964e-17	3.79964e-17	3.79964e-17	3.79964e-17	3.79964e-17	3.79964e-17
22.26	8.39917e-32	3.45237e-31	7.44873e-31	1.35621e-30	2.29140e-30	3.72198e-30	5.91041e-30	9.25812e-30	1.43792e-29	2.22132e-29	3.41972e-29	5.25296e-29	8.05735e-29	1.23473e-28	1.89100e-28	2.89491e-28	4.43066e-28	6.77997e-28	1.03739e-27	1.58717e-27	2.42820e-27	3.71480e-27	5.68301e-27	8.69395e-27	1.33001e-26	2.03466e-26	3.11264e-26	4.76178e-26	7.28471e-26	1.11444e-25	1.70494e-25	2.60834e-25	3.99048e-25	6.10512e-25	9.34050e-25	1.42908e-24	2.18651e-24	3.34550e-24	5.11898e-24	7.83289e-24	1.19862e-23	1.83425e-23	2.80714e-23	4.29633e-23	6.57604e-23	1.00663e-22	1.54106e-22	2.35950e-22	3.61309e-22	5.53358e-22	8.47640e-22	1.29870e-21	1.99025e-21	3.05091e-21	4.67831e-21	7.17646e-21	1.10133e-20	1.69098e-20	2.59783e-20	3.99366e-20	6.14420e-20	9.46123e-20	1.45841e-19	2.25080e-19	3.47860e-19	5.38497e-19	8.35208e-19	1.29832e-18	2.02355e-18	3.16372e-18	4.96455e-18	7.82459e-18	1.23970e-17	1.97652e-17	3.17544e-17	4.24032e-17	4.24032e-17	4.24032e-17	4.24032e-17	4.24032e-17	4.24032e-17	4.24032e-17	4.24032e-17	4.24032e-17	4.24032e-17	4.24032e-17	4.24032e-17	4.24032e-17	4.24032e-17	4.24032e-17	4.24032e-17	4.24032e-17	4.24032e-17	4.24032e-17	4.24032e-17	4.24032e-17	4.24032e-17	4.24032e-17	4.24032e-17	4.24032e-17	4.24032e-17	4.24032e-17	4.24032e-17	4.24032e-17	4.24032e-17	4.24032e-17	4.24032e-17	4.24032e-17	4.24032e-17	4.24032e-17	4.24032e-17	4.24032e-17	4.24032e-17	4.24032e-17	4.24032e-17	4.24032e-17	4.24032e-17	4.24032e-17	4.24032e-17	4.24032e-17	4.24032e-17	4.24032e-17	4.24032e-17	4.24032e-17	4.24032e-17	4.24032e-17	4.24032e-17	4.24032e-17	4.24032e-17	4.24032e-17	4.24032e-17	4.24032e-17	4.24032e-17	4.24032e-17	4.24032e-17	4.24032e-17	4.24032e-17	4.24032e-17	4.24032e-17	4.24032e-17	4.24032e-17	4.24032e-17	4.24032e-17	4.24032e-17	4.24032e-17	4.24032e-17	4.24032e-17	4.24032e-17	4.24032e-17	4.24032e-17	4.24032e-17	4.24032e-17	4.24032e-17	4.24032e-17	4.24032e-17	4.24032e-17	4.24032e-17	4.24032e-17	4.24032e-17	4.24032e-17	4.24032e-17	4.24032e-17	4.24032e-17	4.24032e-17	4.24032e-17	4.24032e-17	4.24032e-17	4.24032e-17	4.24032e-17	4.24032e-17	4.24032e-17	4.24032e-17	4.24032e-17	4.24032e-17	4.24032e-17	4.24032e-17	4.24032e-17	4.24032e-17	4.24032e-17	4.24032e-17	4.24032e-17	4.24032e-17	4.24032e-17	4.24032e-17	4.24032e-17
22.30	7.17960e-32	2.95108e-31	6.36717e-31	1.15929e-30	1.95868e-30	3.18155e-30	5.05221e-30	7.91383e-30	1.22914e-29	1.89878e-29	2.92317e-29	4.49022e-29	6.88741e-29	1.05545e-28	1.61642e-28	2.47457e-28	3.78732e-28	5.79551e-28	8.86756e-28	1.35671e-27	2.07562e-27	3.17540e-27	4.85783e-27	7.43158e-27	1.13689e-26	1.73922e-26	2.66068e-26	4.07036e-26	6.22696e-26	9.52625e-26	1.45738e-25	2.22960e-25	3.41106e-25	5.21864e-25	7.98425e-25	1.22157e-24	1.86903e-24	2.85972e-24	4.37569e-24	6.69554e-24	1.02458e-23	1.56792e-23	2.39954e-23	3.67250e-23	5.62119e-23	8.60465e-23	1.31729e-22	2.01689e-22	3.08846e-22	4.73009e-22	7.24561e-22	1.11012e-21	1.70126e-21	2.60791e-21	3.99901e-21	6.13442e-21	9.41415e-21	1.44545e-20	2.22062e-20	3.41377e-20	5.25205e-20	8.08744e-20	1.24665e-19	1.92398e-19	2.97350e-19	4.60307e-19	7.13935e-19	1.10980e-18	1.72973e-18	2.70434e-18	4.24369e-18	6.68845e-18	1.05969e-17	1.68953e-17	2.71436e-17	4.40178e-17	4.74747e-17	4.74747e-17	4.74747e-17	4.74747e-17	4.74747e-17	4.74747e-17	4.74747e-17	4.74747e-17	4.74747e-17	4.74747e-17	4.74747e-17	4.74747e-17	4.74747e-17	4.74747e-17	4.74747e-17	4.74747e-17	4.74747e-17	4.74747e-17	4.74747e-17	4.74747e-17	4.74747e-17	4.74747e-17	4.74747e-17	4.74747e-17	4.74747e-17	4.74747e-17	4.74747e-17	4.74747e-17	4.74747e-17	4.74747e-17	4.74747e-17	4.74747e-17	4.74747e-17	4.74747e-17	4.74747e-17	4.74747e-17	4.74747e-17	4.74747e-17	4.74747e-17	4.74747e-17	4.74747e-17	4.74747e-17	4.74747e-17	4.74747e-17	4.74747e-17	4.74747e-17	4.74747e-17	4.74747e-17	4.74747e-17	4.74747e-17	4.74747e-17	4.74747e-17	4.74747e-17	4.74747e-17	4.74747e-17	4.74747e-17	4.74747e-17	4.74747e-17	4.74747e-17	4.74747e-17	4.74747e-17	4.74747e-17	4.74747e-17	4.74747e-17	4.74747e-17	4.74747e-17	4.74747e-17	4.74747e-17	4.74747e-17	4.74747e-17	4.74747e-17	4.74747e-17	4.74747e-17	4.74747e-17	4.74747e-17	4.74747e-17	4.74747e-17	4.74747e-17	4.74747e-17	4.74747e-17	4.74747e-17	4.74747e-17	4.74747e-17	4.74747e-17	4.74747e-17	4.74747e-17	4.74747e-17	4.74747e-17	4.74747e-17	4.74747e-17	4.74747e-17	4.74747e-17	4.74747e-17	4.74747e-17	4.74747e-17	4.74747e-17	4.74747e-17	4.74747e-17	4.74747e-17	4.74747e-17	4.74747e-17	4.74747e-17	4.74747e-17	4.74747e-17	4.74747e-17	4.74747e-17	4.74747e-17	4.74747e-17	4.74747e-17
22.33	6.13711e-32	2.52258e-31	5.44264e-31	9.90957e-31	1.67428e-30	2.71958e-30	4.31862e-30	6.76473e-30	1.05066e-29	1.62308e-29	2.49872e-29	3.83824e-29	5.88735e-29	9.02197e-29	1.38171e-28	2.11526e-28	3.23739e-28	4.95399e-28	7.57998e-28	1.15971e-27	1.77424e-27	2.71433e-27	4.15246e-27	6.35250e-27	9.71811e-27	1.48668e-26	2.27435e-26	3.47934e-26	5.32279e-26	8.14302e-26	1.24576e-25	1.90586e-25	2.91577e-25	4.46089e-25	6.82492e-25	1.04420e-24	1.59764e-24	2.44449e-24	3.74034e-24	5.72334e-24	8.75805e-24	1.34025e-23	2.05112e-23	3.13924e-23	4.80498e-23	7.35524e-23	1.12602e-22	1.72404e-22	2.64001e-22	4.04328e-22	6.19354e-22	9.48931e-22	1.45424e-21	2.22924e-21	3.41835e-21	5.24370e-21	8.04720e-21	1.23557e-20	1.89819e-20	2.91809e-20	4.48945e-20	6.91313e-20	1.06563e-19	1.64462e-19	2.54174e-19	3.93469e-19	6.10270e-19	9.48657e-19	1.47857e-18	2.31167e-18	3.62750e-18	5.71728e-18	9.05822e-18	1.44421e-17	2.32023e-17	3.76263e-17	5.33477e-17	5.33477e-17	5.33477e-17	5.33477e-17	5.33477e-17	5.33477e-17	5.33477e-17	5.33477e-17	5.33477e-17	5.33477e-17	5.33477e-17	5.33477e-17	5.33477e-17	5.33477e-17	5.33477e-17	5.33477e-17	5.33477e-17	5.33477e-17	5.33477e-17	5.33477e-17	5.33477e-17	5.33477e-17	5.33477e-17	5.33477e-17	5.33477e-17	5.33477e-17	5.33477e-17	5.33477e-17	5.33477e-17	5.33477e-17	5.33477e-17	5.33477e-17	5.33477e-17	5.33477e-17	5.33477e-17	5.33477e-17	5.33477e-17	5.33477e-17	5.33477e-17	5.33477e-17	5.33477e-17	5.33477e-17	5.33477e-17	5.33477e-17	5.33477e-17	5.33477e-17	5.33477e-17	5.33477e-17	5.33477e-17	5.33477e-17	5.33477e-17	5.33477e-17	5.33477e-17	5.33477e-17	5.33477e-17	5.33477e-17	5.33477e-17	5.33477e-17	5.33477e-17	5.33477e-17	5.33477e-17	5.33477e-17	5.33477e-17	5.33477e-17	5.33477e-17	5.33477e-17	5.33477e-17	5.33477e-17	5.33477e-17	5.33477e-17	5.33477e-17	5.33477e-17	5.33477e-17	5.33477e-17	5.33477e-17	5.33477e-17	5.33477e-17	5.33477e-17	5.33477e-17	5.33477e-17	5.33477e-17	5.33477e-17	5.33477e-17	5.33477e-17	5.33477e-17	5.33477e-17	5.33477e-17	5.33477e-17	5.33477e-17	5.33477e-17	5.33477e-17	5.33477e-17	5.33477e-17	5.33477e-17	5.33477e-17	5.33477e-17	5.33477e-17	5.33477e-17	5.33477e-17	5.33477e-17	5.33477e-17	5.33477e-17	5.33477e-17	5.33477e-17	5.33477e-17	5.33477e-17	5.33477e-17	5.33477e-17	5.33477e-17
22.37	5.24599e-32	2.15630e-31	4.65236e-31	8.47068e-31	1.43117e-30	2.32469e-30	3.69155e-30	5.78248e-30	8.98105e-30	1.38740e-29	2.13590e-29	3.28092e-29	5.03250e-29	7.71196e-29	1.18109e-28	1.80812e-28	2.76732e-28	4.23467e-28	6.47935e-28	9.91319e-28	1.51662e-27	2.32021e-27	3.54952e-27	5.43011e-27	8.30703e-27	1.27082e-26	1.94411e-26	2.97413e-26	4.54991e-26	6.96064e-26	1.06488e-25	1.62913e-25	2.49239e-25	3.81316e-25	5.83393e-25	8.92580e-25	1.36566e-24	2.08954e-24	3.19723e-24	4.89230e-24	7.48637e-24	1.14565e-23	1.75330e-23	2.68342e-23	4.10729e-23	6.28725e-23	9.62521e-23	1.47371e-22	2.25668e-22	3.45619e-22	5.29423e-22	8.11145e-22	1.24308e-21	1.90555e-21	2.92200e-21	4.48230e-21	6.87873e-21	1.05616e-20	1.62257e-20	2.49438e-20	3.83757e-20	5.90934e-20	9.10902e-20	1.40582e-19	2.17268e-19	3.36337e-19	5.21658e-19	8.10910e-19	1.26388e-18	1.97601e-18	3.10078e-18	4.88712e-18	7.74295e-18	1.23451e-17	1.98333e-17	3.21629e-17	5.27653e-17	6.01969e-17	6.01969e-17	6.01969e-17	6.01969e-17	6.01969e-17	6.01969e-17	6.01969e-17	6.01969e-17	6.01969e-17	6.01969e-17	6.01969e-17	6.01969e-17	6.01969e-17	6.01969e-17	6.01969e-17	6.01969e-17	6.01969e-17	6.01969e-17	6.01969e-17	6.01969e-17	6.01969e-17	6.01969e-17	6.01969e-17	6.01969e-17	6.01969e-17	6.01969e-17	6.01969e-17	6.01969e-17	6.01969e-17	6.01969e-17	6.01969e-17	6.01969e-17	6.01969e-17	6.01969e-17	6.01969e-17	6.01969e-17	6.01969e-17	6.01969e-17	6.01969e-17	6.01969e-17	6.01969e-17	6.01969e-17	6.01969e-17	6.01969e-17	6.01969e-17	6.01969e-17	6.01969e-17	6.01969e-17	6.01969e-17	6.01969e-17	6.01969e-17	6.01969e-17	6.01969e-17	6.01969e-17	6.01969e-17	6.01969e-17	6.01969e-17	6.01969e-17	6.01969e-17	6.01969e-17	6.01969e-17	6.01969e-17	6.01969e-17	6.01969e-17	6.01969e-17	6.01969e-17	6.01969e-17	6.01969e-17	6.01969e-17	6.01969e-17	6.01969e-17	6.01969e-17	6.01969e-17	6.01969e-17	6.01969e-17	6.01969e-17	6.01969e-17	6.01969e-17	6.01969e-17	6.01969e-17	6.01969e-17	6.01969e-17	6.01969e-17	6.01969e-17	6.01969e-17	6.01969e-17	6.01969e-17	6.01969e-17	6.01969e-17	6.01969e-17	6.01969e-17	6.01969e-17	6.01969e-17	6.01969e-17	6.01969e-17	6.01969e-17	6.01969e-17	6.01969e-17	6.01969e-17	6.01969e-17	6.01969e-17	6.01969e-17	6.01969e-17	6.01969e-17	6.01969e-17	6.01969e-17	6.01969e-17	6.01969e-17
22.40	4.48426e-32	1.84320e-31	3.97683e-31	7.24073e-31	1.22336e-30	1.98714e-30	3.15553e-30	4.94285e-30	7.67699e-30	1.18595e-29	1.82577e-29	2.80452e-29	4.30177e-29	6.59217e-29	1.00959e-28	1.54558e-28	2.36550e-28	3.61979e-28	5.53854e-28	8.47378e-28	1.29640e-27	1.98331e-27	3.03412e-27	4.64165e-27	7.10083e-27	1.08629e-26	1.66182e-26	2.54229e-26	3.88926e-26	5.94995e-26	9.10256e-26	1.39258e-25	2.13049e-25	3.25948e-25	4.98684e-25	7.62976e-25	1.16737e-24	1.78614e-24	2.73299e-24	4.18193e-24	6.39934e-24	9.79297e-24	1.49872e-23	2.29378e-23	3.51091e-23	5.37433e-23	8.22761e-23	1.25972e-22	1.92901e-22	2.95434e-22	4.52550e-22	6.93366e-22	1.06258e-21	1.62886e-21	2.49772e-21	3.83147e-21	5.87993e-21	9.02806e-21	1.38697e-20	2.13219e-20	3.28035e-20	5.05129e-20	7.78637e-20	1.20169e-19	1.85720e-19	2.87500e-19	4.45913e-19	6.93165e-19	1.08036e-18	1.68909e-18	2.65054e-18	4.17750e-18	6.61867e-18	1.05525e-17	1.69535e-17	2.74928e-17	4.51037e-17	6.82475e-17	6.82481e-17	6.82481e-17	6.82481e-17	6.82481e-17	6.82481e-17	6.82481e-17	6.82481e-17	6.82481e-17	6.82481e-17	6.82481e-17	6.82481e-17	6.82481e-17	6.82481e-17	6.82481e-17	6.82481e-17	6.82481e-17	6.82481e-17	6.82481e-17	6.82481e-17	6.82481e-17	6.82481e-17	6.82481e-17	6.82481e-17	6.82481e-17	6.82481e-17	6.82481e-17	6.82481e-17	6.82481e-17	6.82481e-17	6.82481e-17	6.82481e-17	6.82481e-17	6.82481e-17	6.82481e-17	6.82481e-17	6.82481e-17	6.82481e-17	6.82481e-17	6.82481e-17	6.82481e-17	6.82481e-17	6.82481e-17	6.82481e-17	6.82481e-17	6.82481e-17	6.82481e-17	6.82481e-17	6.82481e-17	6.82481e-17	6.82481e-17	6.82481e-17	6.82481e-17	6.82481e-17	6.82481e-17	6.82481e-17	6.82481e-17	6.82481e-17	6.82481e-17	6.82481e-17	6.82481e-17	6.82481e-17	6.82481e-17	6.82481e-17	6.82481e-17	6.82481e-17	6.82481e-17	6.82481e-17	6.82481e-17	6.82481e-17	6.82481e-17	6.82481e-17	6.82481e-17	6.82481e-17	6.82481e-17	6.82481e-17	6.82481e-17	6.82481e-17	6.82481e-17	6.82481e-17	6.82481e-17	6.82481e-17	6.82481e-17	6.82481e-17	6.82481e-17	6.82481e-17	6.82481e-17	6.82481e-17	6.82481e-17	6.82481e-17	6.82481e-17	6.82481e-17	6.82481e-17	6.82481e-17	6.82481e-17	6.82481e-17	6.82481e-17	6.82481e-17	6.82481e-17	6.82481e-17	6.82481e-17	6.82481e-17	6.82481e-17	6.82481e-17	6.82481e-17	6.82481e-17	6.82481e-17	6.82481e-17
22.43	3.83314e-32	1.57556e-31	3.39939e-31	6.18936e-31	1.04573e-30	1.69861e-30	2.69734e-30	4.22514e-30	6.56228e-30	1.01375e-29	1.56066e-29	2.39730e-29	3.67715e-29	5.63498e-29	8.62997e-29	1.32116e-28	2.02203e-28	3.09419e-28	4.73434e-28	7.24338e-28	1.10816e-27	1.69533e-27	2.59356e-27	3.96767e-27	6.06978e-27	9.28560e-27	1.42052e-26	2.17314e-26	3.32453e-26	5.08601e-26	7.78085e-26	1.19037e-25	1.82114e-25	2.78620e-25	4.26274e-25	6.52190e-25	9.97862e-25	1.52679e-24	2.33616e-24	3.57471e-24	5.47014e-24	8.37102e-24	1.28110e-23	1.96072e-23	3.00112e-23	4.59397e-23	7.03295e-23	1.07681e-22	1.64891e-22	2.52537e-22	3.86839e-22	5.92688e-22	9.08294e-22	1.39235e-21	2.13505e-21	3.27513e-21	5.02616e-21	7.71717e-21	1.18558e-20	1.82259e-20	2.80404e-20	4.31784e-20	6.65578e-20	1.02720e-19	1.58753e-19	2.45755e-19	3.81165e-19	5.92516e-19	9.23491e-19	1.44383e-18	2.26568e-18	3.57092e-18	5.65763e-18	9.02030e-18	1.44918e-17	2.35008e-17	3.85546e-17	6.41801e-17	7.77981e-17	7.77981e-17	7.77981e-17	7.77981e-17	7.77981e-17	7.77981e-17	7.77981e-17	7.77981e-17	7.77981e-17	7.77981e-17	7.77981e-17	7.77981e-17	7.77981e-17	7.77981e-17	7.77981e-17	7.77981e-17	7.77981e-17	7.77981e-17	7.77981e-17	7.77981e-17	7.77981e-17	7.77981e-17	7.77981e-17	7.77981e-17	7.77981e-17	7.77981e-17	7.77981e-17	7.77981e-17	7.77981e-17	7.77981e-17	7.77981e-17	7.77981e-17	7.77981e-17	7.77981e-17	7.77981e-17	7.77981e-17	7.77981e-17	7.77981e-17	7.77981e-17	7.77981e-17	7.77981e-17	7.77981e-17	7.77981e-17	7.77981e-17	7.77981e-17	7.77981e-17	7.77981e-17	7.77981e-17	7.77981e-17	7.77981e-17	7.77981e-17	7.77981e-17	7.77981e-17	7.77981e-17	7.77981e-17	7.77981e-17	7.77981e-17	7.77981e-17	7.77981e-17	7.77981e-17	7.77981e-17	7.77981e-17	7.77981e-17	7.77981e-17	7.77981e-17	7.77981e-17	7.77981e-17	7.77981e-17	7.77981e-17	7.77981e-17	7.77981e-17	7.77981e-17	7.77981e-17	7.77981e-17	7.77981e-17	7.77981e-17	7.77981e-17	7.77981e-17	7.77981e-17	7.77981e-17	7.77981e-17	7.77981e-17	7.77981e-17	7.77981e-17	7.77981e-17	7.77981e-17	7.77981e-17	7.77981e-17	7.77981e-17	7.77981e-17	7.77981e-17	7.77981e-17	7.77981e-17	7.77981e-17	7.77981e-17	7.77981e-17	7.77981e-17	7.77981e-17	7.77981e-17	7.77981e-17	7.77981e-17	7.77981e-17	7.77981e-17	7.77981e-17	7.77981e-17	7.77981e-17	7.77981e-17
22.47	3.27656e-32	1.34679e-31	2.90579e-31	5.29066e-31	8.93887e-31	1.45197e-30	2.30568e-30	3.61165e-30	5.60943e-30	8.66551e-30	1.33405e-29	2.04921e-29	3.14322e-29	4.81677e-29	7.37689e-29	1.12932e-28	1.72843e-28	2.64491e-28	4.04690e-28	6.19163e-28	9.47256e-28	1.44916e-27	2.21697e-27	3.39156e-27	5.18844e-27	7.93732e-27	1.21426e-26	1.85760e-26	2.84181e-26	4.34751e-26	6.65106e-26	1.01753e-25	1.55671e-25	2.38164e-25	3.64378e-25	5.57491e-25	8.52971e-25	1.30510e-24	1.99694e-24	3.05566e-24	4.67587e-24	7.15553e-24	1.09508e-23	1.67602e-23	2.56535e-23	3.92692e-23	6.01176e-23	9.20453e-23	1.40949e-22	2.15868e-22	3.30669e-22	5.06629e-22	7.76408e-22	1.19018e-21	1.82504e-21	2.79958e-21	4.29635e-21	6.59663e-21	1.01343e-20	1.55795e-20	2.39689e-20	3.69088e-20	5.68935e-20	8.78051e-20	1.35702e-19	2.10071e-19	3.25820e-19	5.06482e-19	7.89399e-19	1.23418e-18	1.93670e-18	3.05242e-18	4.83613e-18	7.71054e-18	1.23876e-17	2.00885e-17	3.29564e-17	5.48611e-17	8.91983e-17	8.92438e-17	8.92438e-17	8.92438e-17	8.92438e-17	8.92438e-17	8.92438e-17	8.92438e-17	8.92438e-17	8.92438e-17	8.92438e-17	8.92438e-17	8.92438e-17	8.92438e-17	8.92438e-17	8.92438e-17	8.92438e-17	8.92438e-17	8.92438e-17	8.92438e-17	8.92438e-17	8.92438e-17	8.92438e-17	8.92438e-17	8.92438e-17	8.92438e-17	8.92438e-17	8.92438e-17	8.92438e-17	8.92438e-17	8.92438e-17	8.92438e-17	8.92438e-17	8.92438e-17	8.92438e-17	8.92438e-17	8.92438e-17	8.92438e-17	8.92438e-17	8.92438e-17	8.92438e-17	8.92438e-17	8.92438e-17	8.92438e-17	8.92438e-17	8.92438e-17	8.92438e-17	8.92438e-17	8.92438e-17	8.92438e-17	8.92438e-17	8.92438e-17	8.92438e-17	8.92438e-17	8.92438e-17	8.92438e-17	8.92438e-17	8.92438e-17	8.92438e-17	8.92438e-17	8.92438e-17	8.92438e-17	8.92438e-17	8.92438e-17	8.92438e-17	8.92438e-17	8.92438e-17	8.92438e-17	8.92438e-17	8.92438e-17	8.92438e-17	8.92438e-17	8.92438e-17	8.92438e-17	8.92438e-17	8.92438e-17	8.92438e-17	8.92438e-17	8.92438e-17	8.92438e-17	8.92438e-17	8.92438e-17	8.92438e-17	8.92438e-17	8.92438e-17	8.92438e-17	8.92438e-17	8.92438e-17	8.92438e-17	8.92438e-17	8.92438e-17	8.92438e-17	8.92438e-17	8.92438e-17	8.92438e-17	8.92438e-17	8.92438e-17	8.92438e-17	8.92438e-17	8.92438e-17	8.92438e-17	8.92438e-17	8.92438e-17	8.92438e-17	8.92438e-17	8.92438e-17	8.92438e-17
22.50	2.80080e-32	1.15123e-31	2.48387e-31	4.52245e-31	7.64093e-31	1.24114e-30	1.97089e-30	3.08723e-30	4.79493e-30	7.40727e-30	1.14035e-29	1.75166e-29	2.68682e-29	4.11737e-29	6.30575e-29	9.65343e-29	1.47746e-28	2.26086e-28	3.45929e-28	5.29259e-28	8.09713e-28	1.23874e-27	1.89507e-27	2.89910e-27	4.43507e-27	6.78481e-27	1.03795e-26	1.58787e-26	2.42917e-26	3.71624e-26	5.68532e-26	8.69782e-26	1.33067e-25	2.03582e-25	3.11470e-25	4.76543e-25	7.29118e-25	1.11560e-24	1.70698e-24	2.61197e-24	3.99693e-24	6.11654e-24	9.36074e-24	1.43266e-23	2.19286e-23	3.35672e-23	5.13884e-23	7.86802e-23	1.20483e-22	1.84524e-22	2.82656e-22	4.33065e-22	6.63673e-22	1.01736e-21	1.56004e-21	2.39307e-21	3.67251e-21	5.63879e-21	8.66278e-21	1.33173e-20	2.04886e-20	3.15496e-20	4.86325e-20	7.50556e-20	1.15998e-19	1.79568e-19	2.78510e-19	4.32940e-19	6.74777e-19	1.05498e-18	1.65549e-18	2.60920e-18	4.13392e-18	6.59095e-18	1.05889e-17	1.71716e-17	2.81711e-17	4.68952e-17	7.95385e-17	1.03126e-16	1.03126e-16	1.03126e-16	1.03126e-16	1.03126e-16	1.03126e-16	1.03126e-16	1.03126e-16	1.03126e-16	1.03126e-16	1.03126e-16	1.03126e-16	1.03126e-16	1.03126e-16	1.03126e-16	1.03126e-16	1.03126e-16	1.03126e-16	1.03126e-16	1.03126e-16	1.03126e-16	1.03126e-16	1.03126e-16	1.03126e-16	1.03126e-16	1.03126e-16	1.03126e-16	1.03126e-16	1.03126e-16	1.03126e-16	1.03126e-16	1.03126e-16	1.03126e-16	1.03126e-16	1.03126e-16	1.03126e-16	1.03126e-16	1.03126e-16	1.03126e-16	1.03126e-16	1.03126e-16	1.03126e-16	1.03126e-16	1.03126e-16	1.03126e-16	1.03126e-16	1.03126e-16	1.03126e-16	1.03126e-16	1.03126e-16	1.03126e-16	1.03126e-16	1.03126e-16	1.03126e-16	1.03126e-16	1.03126e-16	1.03126e-16	1.03126e-16	1.03126e-16	1.03126e-16	1.03126e-16	1.03126e-16	1.03126e-16	1.03126e-16	1.03126e-16	1.03126e-16	1.03126e-16	1.03126e-16	1.03126e-16	1.03126e-16	1.03126e-16	1.03126e-16	1.03126e-16	1.03126e-16	1.03126e-16	1.03126e-16	1.03126e-16	1.03126e-16	1.03126e-16	1.03126e-16	1.03126e-16	1.03126e-16	1.03126e-16	1.03126e-16	1.03126e-16	1.03126e-16	1.03126e-16	1.03126e-16	1.03126e-16	1.03126e-16	1.03126e-16	1.03126e-16	1.03126e-16	1.03126e-16	1.03126e-16	1.03126e-16	1.03126e-16	1.03126e-16	1.03126e-16	1.03126e-16	1.03126e-16	1.03126e-16	1.03126e-16	1.03126e-16	1.03126e-16	1.03126e-16
22.54	2.39412e-32	9.84073e-32	2.12321e-31	3.86578e-31	6.53146e-31	1.06092e-30	1.68472e-30	2.63896e-30	4.09870e-30	6.33172e-30	9.74766e-30	1.49732e-29	2.29669e-29	3.51952e-29	5.39015e-29	8.25174e-29	1.26293e-28	1.93258e-28	2.95699e-28	4.52410e-28	6.92141e-28	1.05888e-27	1.61990e-27	2.47815e-27	3.79109e-27	5.79964e-27	8.87236e-27	1.35731e-26	2.07645e-26	3.17664e-26	4.85980e-26	7.43488e-26	1.13746e-25	1.74022e-25	2.66244e-25	4.07348e-25	6.23249e-25	9.53609e-25	1.45913e-24	2.23271e-24	3.41657e-24	5.22841e-24	8.00155e-24	1.22464e-23	1.87445e-23	2.86932e-23	4.39267e-23	6.72557e-23	1.02988e-22	1.57730e-22	2.41614e-22	3.70184e-22	5.67306e-22	8.69638e-22	1.33352e-21	2.04560e-21	3.13926e-21	4.82003e-21	7.40493e-21	1.13836e-20	1.75136e-20	2.69685e-20	4.15710e-20	6.41574e-20	9.91549e-20	1.53495e-19	2.38070e-19	3.70076e-19	5.76798e-19	9.01794e-19	1.41511e-18	2.23034e-18	3.53366e-18	5.63394e-18	9.05135e-18	1.46782e-17	2.40806e-17	4.00859e-17	6.79893e-17	1.18083e-16	1.20201e-16	1.20201e-16	1.20201e-16	1.20201e-16	1.20201e-16	1.20201e-16	1.20201e-16	1.20201e-16	1.20201e-16	1.20201e-16	1.20201e-16	1.20201e-16	1.20201e-16	1.20201e-16	1.20201e-16	1.20201e-16	1.20201e-16	1.20201e-16	1.20201e-16	1.20201e-16	1.20201e-16	1.20201e-16	1.20201e-16	1.20201e-16	1.20201e-16	1.20201e-16	1.20201e-16	1.20201e-16	1.20201e-16	1.20201e-16	1.20201e-16	1.20201e-16	1.20201e-16	1.20201e-16	1.20201e-16	1.20201e-16	1.20201e-16	1.20201e-16	1.20201e-16	1.20201e-16	1.20201e-16	1.20201e-16	1.20201e-16	1.20201e-16	1.20201e-16	1.20201e-16	1.20201e-16	1.20201e-16	1.20201e-16	1.20201e-16	1.20201e-16	1.20201e-16	1.20201e-16	1.20201e-16	1.20201e-16	1.20201e-16	1.20201e-16	1.20201e-16	1.20201e-16	1.20201e-16	1.20201e-16	1.20201e-16	1.20201e-16	1.20201e-16	1.20201e-16	1.20201e-16	1.20201e-16	1.20201e-16	1.20201e-16	1.20201e-16	1.20201e-16	1.20201e-16	1.20201e-16	1.20201e-16	1.20201e-16	1.20201e-16	1.20201e-16	1.20201e-16	1.20201e-16	1.20201e-16	1.20201e-16	1.20201e-16	1.20201e-16	1.20201e-16	1.20201e-16	1.20201e-16	1.20201e-16	1.20201e-16	1.20201e-16	1.20201e-16	1.20201e-16	1.20201e-16	1.20201e-16	1.20201e-16	1.20201e-16	1.20201e-16	1.20201e-16	1.20201e-16	1.20201e-16	1.20201e-16	1.20201e-16	1.20201e-16	1.20201e-16	1.20201e-16	1.20201e-16
22.57	2.04649e-32	8.41184e-32	1.81491e-31	3.30446e-31	5.58308e-31	9.06876e-31	1.44009e-30	2.25578e-30	3.50356e-30	5.41234e-30	8.33229e-30	1.27991e-29	1.96321e-29	3.00848e-29	4.60749e-29	7.05357e-29	1.07955e-28	1.65197e-28	2.52763e-28	3.86719e-28	5.91641e-28	9.05125e-28	1.38469e-27	2.11832e-27	3.24062e-27	4.95753e-27	7.58408e-27	1.16023e-26	1.77495e-26	2.71539e-26	4.15415e-26	6.35532e-26	9.72297e-26	1.48754e-25	2.27585e-25	3.48200e-25	5.32753e-25	8.15143e-25	1.24726e-24	1.90852e-24	2.92048e-24	4.46923e-24	6.83971e-24	1.04682e-23	1.60228e-23	2.45269e-23	3.75485e-23	5.74901e-23	8.80344e-23	1.34828e-22	2.06531e-22	3.16432e-22	4.84933e-22	7.43365e-22	1.13989e-21	1.74857e-21	2.68343e-21	4.12015e-21	6.32972e-21	9.73071e-21	1.49706e-20	2.30527e-20	3.55348e-20	5.48417e-20	8.47574e-20	1.31207e-19	2.03502e-19	3.16341e-19	4.93046e-19	7.70852e-19	1.20963e-18	1.90649e-18	3.02057e-18	4.81588e-18	7.73708e-18	1.25469e-17	2.05840e-17	3.42654e-17	5.81172e-17	1.01028e-16	1.41551e-16	1.41551e-16	1.41551e-16	1.41551e-16	1.41551e-16	1.41551e-16	1.41551e-16	1.41551e-16	1.41551e-16	1.41551e-16	1.41551e-16	1.41551e-16	1.41551e-16	1.41551e-16	1.41551e-16	1.41551e-16	1.41551e-16	1.41551e-16	1.41551e-16	1.41551e-16	1.41551e-16	1.41551e-16	1.41551e-16	1.41551e-16	1.41551e-16	1.41551e-16	1.41551e-16	1.41551e-16	1.41551e-16	1.41551e-16	1.41551e-16	1.41551e-16	1.41551e-16	1.41551e-16	1.41551e-16	1.41551e-16	1.41551e-16	1.41551e-16	1.41551e-16	1.41551e-16	1.41551e-16	1.41551e-16	1.41551e-16	1.41551e-16	1.41551e-16	1.41551e-16	1.41551e-16	1.41551e-16	1.41551e-16	1.41551e-16	1.41551e-16	1.41551e-16	1.41551e-16	1.41551e-16	1.41551e-16	1.41551e-16	1.41551e-16	1.41551e-16	1.41551e-16	1.41551e-16	1.41551e-16	1.41551e-16	1.41551e-16	1.41551e-16	1.41551e-16	1.41551e-16	1.41551e-16	1.41551e-16	1.41551e-16	1.41551e-16	1.41551e-16	1.41551e-16	1.41551e-16	1.41551e-16	1.41551e-16	1.41551e-16	1.41551e-16	1.41551e-16	1.41551e-16	1.41551e-16	1.41551e-16	1.41551e-16	1.41551e-16	1.41551e-16	1.41551e-16	1.41551e-16	1.41551e-16	1.41551e-16	1.41551e-16	1.41551e-16	1.41551e-16	1.41551e-16	1.41551e-16	1.41551e-16	1.41551e-16	1.41551e-16	1.41551e-16	1.41551e-16	1.41551e-16	1.41551e-16	1.41551e-16	1.41551e-16	1.41551e-16	1.41551e-16	1.41551e-16
22.61	1.74934e-32	7.19043e-32	1.55139e-31	2.82465e-31	4.77241e-31	7.75196e-31	1.23099e-30	1.92824e-30	2.99484e-30	4.62646e-30	7.12243e-30	1.09406e-29	1.67814e-29	2.57164e-29	3.93847e-29	6.02938e-29	9.22796e-29	1.41210e-28	2.16062e-28	3.30567e-28	5.05734e-28	7.73700e-28	1.18363e-27	1.81073e-27	2.77008e-27	4.23769e-27	6.48286e-27	9.91760e-27	1.51722e-26	2.32111e-26	3.55096e-26	5.43252e-26	8.31118e-26	1.27154e-25	1.94539e-25	2.97641e-25	4.55396e-25	6.96783e-25	1.06616e-24	1.63140e-24	2.49642e-24	3.82029e-24	5.84657e-24	8.94819e-24	1.36963e-23	2.09656e-23	3.20964e-23	4.91424e-23	7.52516e-23	1.15251e-22	1.76542e-22	2.70486e-22	4.14520e-22	6.35428e-22	9.74375e-22	1.49468e-21	2.29379e-21	3.52190e-21	5.41064e-21	8.31780e-21	1.27968e-20	1.97054e-20	3.03751e-20	4.68786e-20	7.24505e-20	1.12156e-19	1.73953e-19	2.70408e-19	4.21455e-19	6.58923e-19	1.03399e-18	1.62967e-18	2.58198e-18	4.11661e-18	6.61365e-18	1.07251e-17	1.75952e-17	2.92900e-17	4.96785e-17	8.63588e-17	1.55237e-16	1.68777e-16	1.68777e-16	1.68777e-16	1.68777e-16	1.68777e-16	1.68777e-16	1.68777e-16	1.68777e-16	1.68777e-16	1.68777e-16	1.68777e-16	1.68777e-16	1.68777e-16	1.68777e-16	1.68777e-16	1.68777e-16	1.68777e-16	1.68777e-16	1.68777e-16	1.68777e-16	1.68777e-16	1.68777e-16	1.68777e-16	1.68777e-16	1.68777e-16	1.68777e-16	1.68777e-16	1.68777e-16	1.68777e-16	1.68777e-16	1.68777e-16	1.68777e-16	1.68777e-16	1.68777e-16	1.68777e-16	1.68777e-16	1.68777e-16	1.68777e-16	1.68777e-16	1.68777e-16	1.68777e-16	1.68777e-16	1.68777e-16	1.68777e-16	1.68777e-16	1.68777e-16	1.68777e-16	1.68777e-16	1.68777e-16	1.68777e-16	1.68777e-16	1.68777e-16	1.68777e-16	1.68777e-16	1.68777e-16	1.68777e-16	1.68777e-16	1.68777e-16	1.68777e-16	1.68777e-16	1.68777e-16	1.68777e-16	1.68777e-16	1.68777e-16	1.68777e-16	1.68777e-16	1.68777e-16	1.68777e-16	1.68777e-16	1.68777e-16	1.68777e-16	1.68777e-16	1.68777e-16	1.68777e-16	1.68777e-16	1.68777e-16	1.68777e-16	1.68777e-16	1.68777e-16	1.68777e-16	1.68777e-16	1.68777e-16	1.68777e-16	1.68777e-16	1.68777e-16	1.68777e-16	1.68777e-16	1.68777e-16	1.68777e-16	1.68777e-16	1.68777e-16	1.68777e-16	1.68777e-16	1.68777e-16	1.68777e-16	1.68777e-16	1.68777e-16	1.68777e-16	1.68777e-16	1.68777e-16	1.68777e-16	1.68777e-16	1.68777e-16	1.68777e-16
22.64	1.49533e-32	6.14637e-32	1.32612e-31	2.41451e-31	4.07945e-31	6.62637e-31	1.05225e-30	1.64825e-30	2.55998e-30	3.95469e-30	6.08824e-30	9.35202e-30	1.43448e-29	2.19824e-29	3.36660e-29	5.15391e-29	7.88804e-29	1.20706e-28	1.84689e-28	2.82568e-28	4.32301e-28	6.61357e-28	1.01176e-27	1.54781e-27	2.36786e-27	3.62237e-27	5.54154e-27	8.47755e-27	1.29692e-26	1.98408e-26	3.03536e-26	4.64371e-26	7.10439e-26	1.08691e-25	1.66292e-25	2.54423e-25	3.89272e-25	5.95609e-25	9.11348e-25	1.39451e-24	2.13393e-24	3.26558e-24	4.99764e-24	7.64890e-24	1.17075e-23	1.79213e-23	2.74359e-23	4.20069e-23	6.43250e-23	9.85160e-23	1.50908e-22	2.31211e-22	3.54331e-22	5.43162e-22	8.32894e-22	1.27765e-21	1.96073e-21	3.01051e-21	4.62500e-21	7.11004e-21	1.09387e-20	1.68441e-20	2.59646e-20	4.00717e-20	6.19306e-20	9.58704e-20	1.48695e-19	2.31144e-19	3.60259e-19	5.63247e-19	8.83854e-19	1.39304e-18	2.20707e-18	3.51887e-18	5.65333e-18	9.16781e-18	1.50404e-17	2.50370e-17	4.24651e-17	7.38194e-17	1.32696e-16	2.04335e-16	2.04335e-16	2.04335e-16	2.04335e-16	2.04335e-16	2.04335e-16	2.04335e-16	2.04335e-16	2.04335e-16	2.04335e-16	2.04335e-16	2.04335e-16	2.04335e-16	2.04335e-16	2.04335e-16	2.04335e-16	2.04335e-16	2.04335e-16	2.04335e-16	2.04335e-16	2.04335e-16	2.04335e-16	2.04335e-16	2.04335e-16	2.04335e-16	2.04335e-16	2.04335e-16	2.04335e-16	2.04335e-16	2.04335e-16	2.04335e-16	2.04335e-16	2.04335e-16	2.04335e-16	2.04335e-16	2.04335e-16	2.04335e-16	2.04335e-16	2.04335e-16	2.04335e-16	2.04335e-16	2.04335e-16	2.04335e-16	2.04335e-16	2.04335e-16	2.04335e-16	2.04335e-16	2.04335e-16	2.04335e-16	2.04335e-16	2.04335e-16	2.04335e-16	2.04335e-16	2.04335e-16	2.04335e-16	2.04335e-16	2.04335e-16	2.04335e-16	2.04335e-16	2.04335e-16	2.04335e-16	2.04335e-16	2.04335e-16	2.04335e-16	2.04335e-16	2.04335e-16	2.04335e-16	2.04335e-16	2.04335e-16	2.04335e-16	2.04335e-16	2.04335e-16	2.04335e-16	2.04335e-16	2.04335e-16	2.04335e-16	2.04335e-16	2.04335e-16	2.04335e-16	2.04335e-16	2.04335e-16	2.04335e-16	2.04335e-16	2.04335e-16	2.04335e-16	2.04335e-16	2.04335e-16	2.04335e-16	2.04335e-16	2.04335e-16	2.04335e-16	2.04335e-16	2.04335e-16	2.04335e-16	2.04335e-16	2.04335e-16	2.04335e-16	2.04335e-16	2.04335e-16	2.04335e-16	2.04335e-16	2.04335e-16	2.04335e-16	2.04335e-16
22.67	1.27821e-32	5.25391e-32	1.13357e-31	2.06392e-31	3.48710e-31	5.66421e-31	8.99460e-31	1.40892e-30	2.18827e-30	3.38047e-30	5.20422e-30	7.99409e-30	1.22619e-29	1.87905e-29	2.87777e-29	4.40555e-29	6.74269e-29	1.03179e-28	1.57872e-28	2.41539e-28	3.69530e-28	5.65327e-28	8.64854e-28	1.32307e-27	2.02404e-27	3.09639e-27	4.73690e-27	7.24660e-27	1.10860e-26	1.69599e-26	2.59462e-26	3.96944e-26	6.07282e-26	9.29092e-26	1.42146e-25	2.17481e-25	3.32749e-25	5.09126e-25	7.79019e-25	1.19203e-24	1.82408e-24	2.79141e-24	4.27198e-24	6.53826e-24	1.00076e-23	1.53191e-23	2.34522e-23	3.59074e-23	5.49849e-23	8.42113e-23	1.28996e-22	1.97639e-22	3.02881e-22	4.64294e-22	7.11957e-22	1.09213e-21	1.67603e-21	2.57338e-21	3.95345e-21	6.07765e-21	9.35040e-21	1.43983e-20	2.21945e-20	3.42533e-20	5.29382e-20	8.19499e-20	1.27104e-19	1.97582e-19	3.07949e-19	4.81462e-19	7.55517e-19	1.19077e-18	1.88660e-18	3.00792e-18	4.83246e-18	7.83663e-18	1.28565e-17	2.14016e-17	3.62991e-17	6.31007e-17	1.13429e-16	2.13886e-16	2.52177e-16	2.52177e-16	2.52177e-16	2.52177e-16	2.52177e-16	2.52177e-16	2.52177e-16	2.52177e-16	2.52177e-16	2.52177e-16	2.52177e-16	2.52177e-16	2.52177e-16	2.52177e-16	2.52177e-16	2.52177e-16	2.52177e-16	2.52177e-16	2.52177e-16	2.52177e-16	2.52177e-16	2.52177e-16	2.52177e-16	2.52177e-16	2.52177e-16	2.52177e-16	2.52177e-16	2.52177e-16	2.52177e-16	2.52177e-16	2.52177e-16	2.52177e-16	2.52177e-16	2.52177e-16	2.52177e-16	2.52177e-16	2.52177e-16	2.52177e-16	2.52177e-16	2.52177e-16	2.52177e-16	2.52177e-16	2.52177e-16	2.52177e-16	2.52177e-16	2.52177e-16	2.52177e-16	2.52177e-16	2.52177e-16	2.52177e-16	2.52177e-16	2.52177e-16	2.52177e-16	2.52177e-16	2.52177e-16	2.52177e-16	2.52177e-16	2.52177e-16	2.52177e-16	2.52177e-16	2.52177e-16	2.52177e-16	2.52177e-16	2.52177e-16	2.52177e-16	2.52177e-16	2.52177e-16	2.52177e-16	2.52177e-16	2.52177e-16	2.52177e-16	2.52177e-16	2.52177e-16	2.52177e-16	2.52177e-16	2.52177e-16	2.52177e-16	2.52177e-16	2.52177e-16	2.52177e-16	2.52177e-16	2.52177e-16	2.52177e-16	2.52177e-16	2.52177e-16	2.52177e-16	2.52177e-16	2.52177e-16	2.52177e-16	2.52177e-16	2.52177e-16	2.52177e-16	2.52177e-16	2.52177e-16	2.52177e-16	2.52177e-16	2.52177e-16	2.52177e-16	2.52177e-16	2.52177e-16	2.52177e-16	2.52177e-16	2.52177e-16
22.71	1.09261e-32	4.49103e-32	9.68971e-32	1.76423e-31	2.98077e-31	4.84176e-31	7.68857e-31	1.20435e-30	1.87053e-30	2.88962e-30	4.44856e-30	6.83333e-30	1.04814e-29	1.60621e-29	2.45991e-29	3.76586e-29	5.76364e-29	8.81975e-29	1.34949e-28	2.06467e-28	3.15874e-28	4.83241e-28	7.39276e-28	1.13096e-27	1.73015e-27	2.64679e-27	4.04909e-27	6.19438e-27	9.47634e-27	1.44973e-26	2.21788e-26	3.39307e-26	5.19104e-26	7.94186e-26	1.21506e-25	1.85902e-25	2.84433e-25	4.35200e-25	6.65904e-25	1.01894e-24	1.55922e-24	2.38610e-24	3.65168e-24	5.58890e-24	8.55447e-24	1.30948e-23	2.00469e-23	3.06936e-23	4.70010e-23	7.19837e-23	1.10266e-22	1.68941e-22	2.58903e-22	3.96878e-22	6.08580e-22	9.33552e-22	1.43267e-21	2.19972e-21	3.37940e-21	5.19517e-21	7.99270e-21	1.23077e-20	1.89718e-20	2.92796e-20	4.52515e-20	7.00506e-20	1.08648e-19	1.68892e-19	2.63234e-19	4.11553e-19	6.45815e-19	1.01787e-18	1.61266e-18	2.57117e-18	4.13078e-18	6.69874e-18	1.09897e-17	1.82941e-17	3.10284e-17	5.39384e-17	9.69586e-17	1.82830e-16	3.19029e-16	3.19032e-16	3.19032e-16	3.19032e-16	3.19032e-16	3.19032e-16	3.19032e-16	3.19032e-16	3.19032e-16	3.19032e-16	3.19032e-16	3.19032e-16	3.19032e-16	3.19032e-16	3.19032e-16	3.19032e-16	3.19032e-16	3.19032e-16	3.19032e-16	3.19032e-16	3.19032e-16	3.19032e-16	3.19032e-16	3.19032e-16	3.19032e-16	3.19032e-16	3.19032e-16	3.19032e-16	3.19032e-16	3.19032e-16	3.19032e-16	3.19032e-16	3.19032e-16	3.19032e-16	3.19032e-16	3.19032e-16	3.19032e-16	3.19032e-16	3.19032e-16	3.19032e-16	3.19032e-16	3.19032e-16	3.19032e-16	3.19032e-16	3.19032e-16	3.19032e-16	3.19032e-16	3.19032e-16	3.19032e-16	3.19032e-16	3.19032e-16	3.19032e-16	3.19032e-16	3.19032e-16	3.19032e-16	3.19032e-16	3.19032e-16	3.19032e-16	3.19032e-16	3.19032e-16	3.19032e-16	3.19032e-16	3.19032e-16	3.19032e-16	3.19032e-16	3.19032e-16	3.19032e-16	3.19032e-16	3.19032e-16	3.19032e-16	3.19032e-16	3.19032e-16	3.19032e-16	3.19032e-16	3.19032e-16	3.19032e-16	3.19032e-16	3.19032e-16	3.19032e-16	3.19032e-16	3.19032e-16	3.19032e-16	3.19032e-16	3.19032e-16	3.19032e-16	3.19032e-16	3.19032e-16	3.19032e-16	3.19032e-16	3.19032e-16	3.19032e-16	3.19032e-16	3.19032e-16	3.19032e-16	3.19032e-16	3.19032e-16	3.19032e-16	3.19032e-16	3.19032e-16	3.19032e-16	3.19032e-16	3.19032e-16	3.19032e-16
22.74	9.33960e-33	3.83893e-32	8.28275e-32	1.50806e-31	2.54796e-31	4.13873e-31	6.57218e-31	1.02947e-30	1.59893e-30	2.47004e-30	3.80262e-30	5.84112e-30	8.95951e-30	1.37299e-29	2.10273e-29	3.21905e-29	4.92675e-29	7.53911e-29	1.15354e-28	1.76488e-28	2.70008e-28	4.13074e-28	6.31932e-28	9.66740e-28	1.47893e-27	2.26247e-27	3.46116e-27	5.29495e-27	8.10036e-27	1.23923e-26	1.89584e-26	2.90039e-26	4.43729e-26	6.78869e-26	1.03863e-25	1.58909e-25	2.43133e-25	3.72008e-25	5.69214e-25	8.70992e-25	1.33282e-24	2.03963e-24	3.12145e-24	4.77738e-24	7.31234e-24	1.11934e-23	1.71361e-23	2.62368e-23	4.01764e-23	6.15316e-23	9.42548e-23	1.44411e-22	2.21309e-22	3.39251e-22	5.20213e-22	7.97999e-22	1.22464e-21	1.88032e-21	2.88871e-21	4.44082e-21	6.83215e-21	1.05206e-20	1.62171e-20	2.50282e-20	3.86809e-20	5.98792e-20	9.28725e-20	1.44369e-19	2.25012e-19	3.51795e-19	5.52042e-19	8.70070e-19	1.37850e-18	2.19783e-18	3.53098e-18	5.72607e-18	9.39397e-18	1.56377e-17	2.65230e-17	4.61064e-17	8.28801e-17	1.56282e-16	3.17102e-16	4.17249e-16	4.17249e-16	4.17249e-16	4.17249e-16	4.17249e-16	4.17249e-16	4.17249e-16	4.17249e-16	4.17249e-16	4.17249e-16	4.17249e-16	4.17249e-16	4.17249e-16	4.17249e-16	4.17249e-16	4.17249e-16	4.17249e-16	4.17249e-16	4.17249e-16	4.17249e-16	4.17249e-16	4.17249e-16	4.17249e-16	4.17249e-16	4.17249e-16	4.17249e-16	4.17249e-16	4.17249e-16	4.17249e-16	4.17249e-16	4.17249e-16	4.17249e-16	4.17249e-16	4.17249e-16	4.17249e-16	4.17249e-16	4.17249e-16	4.17249e-16	4.17249e-16	4.17249e-16	4.17249e-16	4.17249e-16	4.17249e-16	4.17249e-16	4.17249e-16	4.17249e-16	4.17249e-16	4.17249e-16	4.17249e-16	4.17249e-16	4.17249e-16	4.17249e-16	4.17249e-16	4.17249e-16	4.17249e-16	4.17249e-16	4.17249e-16	4.17249e-16	4.17249e-16	4.17249e-16	4.17249e-16	4.17249e-16	4.17249e-16	4.17249e-16	4.17249e-16	4.17249e-16	4.17249e-16	4.17249e-16	4.17249e-16	4.17249e-16	4.17249e-16	4.17249e-16	4.17249e-16	4.17249e-16	4.17249e-16	4.17249e-16	4.17249e-16	4.17249e-16	4.17249e-16	4.17249e-16	4.17249e-16	4.17249e-16	4.17249e-16	4.17249e-16	4.17249e-16	4.17249e-16	4.17249e-16	4.17249e-16	4.17249e-16	4.17249e-16	4.17249e-16	4.17249e-16	4.17249e-16	4.17249e-16	4.17249e-16	4.17249e-16	4.17249e-16	4.17249e-16	4.17249e-16	4.17249e-16	4.17249e-16	4.17249e-16
22.78	7.98348e-33	3.28151e-32	7.08008e-32	1.28909e-31	2.17799e-31	3.53778e-31	5.61789e-31	8.79992e-31	1.36676e-30	2.11139e-30	3.25047e-30	4.99298e-30	7.65858e-30	1.17363e-29	1.79741e-29	2.75164e-29	4.21138e-29	6.44442e-29	9.86044e-29	1.50861e-28	2.30803e-28	3.53095e-28	5.40175e-28	8.26367e-28	1.26418e-27	1.93396e-27	2.95859e-27	4.52611e-27	6.92417e-27	1.05929e-26	1.62056e-26	2.47925e-26	3.79299e-26	5.80296e-26	8.87823e-26	1.35835e-25	2.07830e-25	3.17992e-25	4.86563e-25	7.44523e-25	1.13929e-24	1.74347e-24	2.66821e-24	4.08370e-24	6.25058e-24	9.56810e-24	1.46479e-23	2.24272e-23	3.43427e-23	5.25971e-23	8.05689e-23	1.23442e-22	1.89175e-22	2.89991e-22	4.44677e-22	6.82128e-22	1.04682e-21	1.60729e-21	2.46926e-21	3.79601e-21	5.84011e-21	8.99298e-21	1.38623e-20	2.13941e-20	3.30644e-20	5.11846e-20	7.93873e-20	1.23406e-19	1.92340e-19	3.00714e-19	4.71884e-19	7.43734e-19	1.17834e-18	1.87870e-18	3.01828e-18	4.89463e-18	8.02995e-18	1.33671e-17	2.26719e-17	3.94117e-17	7.08458e-17	1.33590e-16	2.71058e-16	5.71610e-16	5.71891e-16	5.71891e-16	5.71891e-16	5.71891e-16	5.71891e-16	5.71891e-16	5.71891e-16	5.71891e-16	5.71891e-16	5.71891e-16	5.71891e-16	5.71891e-16	5.71891e-16	5.71891e-16	5.71891e-16	5.71891e-16	5.71891e-16	5.71891e-16	5.71891e-16	5.71891e-16	5.71891e-16	5.71891e-16	5.71891e-16	5.71891e-16	5.71891e-16	5.71891e-16	5.71891e-16	5.71891e-16	5.71891e-16	5.71891e-16	5.71891e-16	5.71891e-16	5.71891e-16	5.71891e-16	5.71891e-16	5.71891e-16	5.71891e-16	5.71891e-16	5.71891e-16	5.71891e-16	5.71891e-16	5.71891e-16	5.71891e-16	5.71891e-16	5.71891e-16	5.71891e-16	5.71891e-16	5.71891e-16	5.71891e-16	5.71891e-16	5.71891e-16	5.71891e-16	5.71891e-16	5.71891e-16	5.71891e-16	5.71891e-16	5.71891e-16	5.71891e-16	5.71891e-16	5.71891e-16	5.71891e-16	5.71891e-16	5.71891e-16	5.71891e-16	5.71891e-16	5.71891e-16	5.71891e-16	5.71891e-16	5.71891e-16	5.71891e-16	5.71891e-16	5.71891e-16	5.71891e-16	5.71891e-16	5.71891e-16	5.71891e-16	5.71891e-16	5.71891e-16	5.71891e-16	5.71891e-16	5.71891e-16	5.71891e-16	5.71891e-16	5.71891e-16	5.71891e-16	5.71891e-16	5.71891e-16	5.71891e-16	5.71891e-16	5.71891e-16	5.71891e-16	5.71891e-16	5.71891e-16	5.71891e-16	5.71891e-16	5.71891e-16	5.71891e-16	5.71891e-16	5.71891e-16	5.71891e-16	5.71891e-16
22.81	6.82427e-33	2.80503e-32	6.05204e-32	1.10191e-31	1.86174e-31	3.02409e-31	4.80216e-31	7.52216e-31	1.16830e-30	1.80481e-30	2.77850e-30	4.26799e-30	6.54654e-30	1.00321e-29	1.53642e-29	2.35210e-29	3.59988e-29	5.50868e-29	8.42869e-29	1.28956e-28	1.97290e-28	3.01825e-28	4.61740e-28	7.06378e-28	1.08062e-27	1.65315e-27	2.52900e-27	3.86891e-27	5.91877e-27	9.05478e-27	1.38525e-26	2.11926e-26	3.24224e-26	4.96036e-26	7.58909e-26	1.16112e-25	1.77653e-25	2.71819e-25	4.15913e-25	6.36417e-25	9.73867e-25	1.49032e-24	2.28078e-24	3.49074e-24	5.34299e-24	8.17879e-24	1.25210e-23	1.91707e-23	2.93561e-23	4.49599e-23	6.88702e-23	1.05518e-22	1.61706e-22	2.47884e-22	3.80109e-22	5.83082e-22	8.94823e-22	1.37391e-21	2.11072e-21	3.24482e-21	4.99212e-21	7.68718e-21	1.18495e-20	1.82876e-20	2.82634e-20	4.37525e-20	6.78601e-20	1.05488e-19	1.64412e-19	2.57050e-19	4.03366e-19	6.35743e-19	1.00725e-18	1.60591e-18	2.58002e-18	4.18393e-18	6.86399e-18	1.14262e-17	1.93799e-17	3.36891e-17	6.05588e-17	1.14193e-16	2.31700e-16	5.33274e-16	8.41711e-16	8.41711e-16	8.41711e-16	8.41711e-16	8.41711e-16	8.41711e-16	8.41711e-16	8.41711e-16	8.41711e-16	8.41711e-16	8.41711e-16	8.41711e-16	8.41711e-16	8.41711e-16	8.41711e-16	8.41711e-16	8.41711e-16	8.41711e-16	8.41711e-16	8.41711e-16	8.41711e-16	8.41711e-16	8.41711e-16	8.41711e-16	8.41711e-16	8.41711e-16	8.41711e-16	8.41711e-16	8.41711e-16	8.41711e-16	8.41711e-16	8.41711e-16	8.41711e-16	8.41711e-16	8.41711e-16	8.41711e-16	8.41711e-16	8.41711e-16	8.41711e-16	8.41711e-16	8.41711e-16	8.41711e-16	8.41711e-16	8.41711e-16	8.41711e-16	8.41711e-16	8.41711e-16	8.41711e-16	8.41711e-16	8.41711e-16	8.41711e-16	8.41711e-16	8.41711e-16	8.41711e-16	8.41711e-16	8.41711e-16	8.41711e-16	8.41711e-16	8.41711e-16	8.41711e-16	8.41711e-16	8.41711e-16	8.41711e-16	8.41711e-16	8.41711e-16	8.41711e-16	8.41711e-16	8.41711e-16	8.41711e-16	8.41711e-16	8.41711e-16	8.41711e-16	8.41711e-16	8.41711e-16	8.41711e-16	8.41711e-16	8.41711e-16	8.41711e-16	8.41711e-16	8.41711e-16	8.41711e-16	8.41711e-16	8.41711e-16	8.41711e-16	8.41711e-16	8.41711e-16	8.41711e-16	8.41711e-16	8.41711e-16	8.41711e-16	8.41711e-16	8.41711e-16	8.41711e-16	8.41711e-16	8.41711e-16	8.41711e-16	8.41711e-16	8.41711e-16	8.41711e-16	8.41711e-16	8.41711e-16
22.84	5.83337e-33	2.39773e-32	5.17328e-32	9.41913e-32	1.59142e-31	2.58498e-31	4.10488e-31	6.42993e-31	9.98664e-31	1.54275e-30	2.37506e-30	3.64827e-30	5.59597e-30	8.57545e-30	1.31333e-29	2.01057e-29	3.07717e-29	4.70881e-29	7.20483e-29	1.10231e-28	1.68643e-28	2.57999e-28	3.94695e-28	6.03810e-28	9.23715e-28	1.41311e-27	2.16179e-27	3.30714e-27	5.05936e-27	7.74001e-27	1.18411e-26	1.81154e-26	2.77146e-26	4.24011e-26	6.48715e-26	9.92520e-26	1.51857e-25	2.32351e-25	3.55522e-25	5.44008e-25	8.32460e-25	1.27392e-24	1.94961e-24	2.98388e-24	4.56718e-24	6.99122e-24	1.07029e-23	1.63871e-23	2.50935e-23	3.84317e-23	5.88701e-23	9.01967e-23	1.38226e-22	2.11891e-22	3.24917e-22	4.98418e-22	7.64893e-22	1.17442e-21	1.80424e-21	2.77367e-21	4.26726e-21	6.57099e-21	1.01289e-20	1.56322e-20	2.41595e-20	3.73996e-20	5.80067e-20	9.01706e-20	1.40539e-19	2.19726e-19	3.44797e-19	5.43432e-19	8.60992e-19	1.37273e-18	2.20540e-18	3.57641e-18	5.86733e-18	9.76709e-18	1.65659e-17	2.87974e-17	5.17656e-17	9.76116e-17	1.98057e-16	4.55842e-16	1.36187e-15	1.39943e-15	1.39943e-15	1.39943e-15	1.39943e-15	1.39943e-15	1.39943e-15	1.39943e-15	1.39943e-15	1.39943e-15	1.39943e-15	1.39943e-15	1.39943e-15	1.39943e-15	1.39943e-15	1.39943e-15	1.39943e-15	1.39943e-15	1.39943e-15	1.39943e-15	1.39943e-15	1.39943e-15	1.39943e-15	1.39943e-15	1.39943e-15	1.39943e-15	1.39943e-15	1.39943e-15	1.39943e-15	1.39943e-15	1.39943e-15	1.39943e-15	1.39943e-15	1.39943e-15	1.39943e-15	1.39943e-15	1.39943e-15	1.39943e-15	1.39943e-15	1.39943e-15	1.39943e-15	1.39943e-15	1.39943e-15	1.39943e-15	1.39943e-15	1.39943e-15	1.39943e-15	1.39943e-15	1.39943e-15	1.39943e-15	1.39943e-15	1.39943e-15	1.39943e-15	1.39943e-15	1.39943e-15	1.39943e-15	1.39943e-15	1.39943e-15	1.39943e-15	1.39943e-15	1.39943e-15	1.39943e-15	1.39943e-15	1.39943e-15	1.39943e-15	1.39943e-15	1.39943e-15	1.39943e-15	1.39943e-15	1.39943e-15	1.39943e-15	1.39943e-15	1.39943e-15	1.39943e-15	1.39943e-15	1.39943e-15	1.39943e-15	1.39943e-15	1.39943e-15	1.39943e-15	1.39943e-15	1.39943e-15	1.39943e-15	1.39943e-15	1.39943e-15	1.39943e-15	1.39943e-15	1.39943e-15	1.39943e-15	1.39943e-15	1.39943e-15	1.39943e-15	1.39943e-15	1.39943e-15	1.39943e-15	1.39943e-15	1.39943e-15	1.39943e-15	1.39943e-15	1.39943e-15	1.39943e-15
22.88	4.98636e-33	2.04958e-32	4.42211e-32	8.05146e-32	1.36034e-31	2.20964e-31	3.50885e-31	5.49629e-31	8.53657e-31	1.31874e-30	2.03020e-30	3.11854e-30	4.78343e-30	7.33028e-30	1.12263e-29	1.71863e-29	2.63036e-29	4.02508e-29	6.15868e-29	9.42257e-29	1.44156e-28	2.20537e-28	3.37385e-28	5.16136e-28	7.89590e-28	1.20792e-27	1.84789e-27	2.82694e-27	4.32473e-27	6.61615e-27	1.01218e-26	1.54850e-26	2.36904e-26	3.62444e-26	5.54520e-26	8.48404e-26	1.29807e-25	1.98613e-25	3.03900e-25	4.65017e-25	7.11586e-25	1.08895e-24	1.66652e-24	2.55061e-24	3.90402e-24	5.97608e-24	9.14884e-24	1.40077e-23	2.14499e-23	3.28513e-23	5.03221e-23	7.71000e-23	1.18156e-22	1.81124e-22	2.77738e-22	4.26047e-22	6.53829e-22	1.00389e-21	1.54226e-21	2.37093e-21	3.64764e-21	5.61687e-21	8.65820e-21	1.33624e-20	2.06515e-20	3.19691e-20	4.95840e-20	7.70777e-20	1.20133e-19	1.87821e-19	2.94732e-19	4.64525e-19	7.35974e-19	1.17341e-18	1.88517e-18	3.05711e-18	5.01538e-18	8.34890e-18	1.41605e-17	2.46159e-17	4.42492e-17	8.34382e-17	1.69299e-16	3.89653e-16	1.17527e-15	3.01692e-15	3.01692e-15	3.01692e-15	3.01692e-15	3.01692e-15	3.01692e-15	3.01692e-15	3.01692e-15	3.01692e-15	3.01692e-15	3.01692e-15	3.01692e-15	3.01692e-15	3.01692e-15	3.01692e-15	3.01692e-15	3.01692e-15	3.01692e-15	3.01692e-15	3.01692e-15	3.01692e-15	3.01692e-15	3.01692e-15	3.01692e-15	3.01692e-15	3.01692e-15	3.01692e-15	3.01692e-15	3.01692e-15	3.01692e-15	3.01692e-15	3.01692e-15	3.01692e-15	3.01692e-15	3.01692e-15	3.01692e-15	3.01692e-15	3.01692e-15	3.01692e-15	3.01692e-15	3.01692e-15	3.01692e-15	3.01692e-15	3.01692e-15	3.01692e-15	3.01692e-15	3.01692e-15	3.01692e-15	3.01692e-15	3.01692e-15	3.01692e-15	3.01692e-15	3.01692e-15	3.01692e-15	3.01692e-15	3.01692e-15	3.01692e-15	3.01692e-15	3.01692e-15	3.01692e-15	3.01692e-15	3.01692e-15	3.01692e-15	3.01692e-15	3.01692e-15	3.01692e-15	3.01692e-15	3.01692e-15	3.01692e-15	3.01692e-15	3.01692e-15	3.01692e-15	3.01692e-15	3.01692e-15	3.01692e-15	3.01692e-15	3.01692e-15	3.01692e-15	3.01692e-15	3.01692e-15	3.01692e-15	3.01692e-15	3.01692e-15	3.01692e-15	3.01692e-15	3.01692e-15	3.01692e-15	3.01692e-15	3.01692e-15	3.01692e-15	3.01692e-15	3.01692e-15	3.01692e-15	3.01692e-15	3.01692e-15	3.01692e-15	3.01692e-15	3.01692e-15	3.01692e-15	3.01692e-15
22.91	4.26233e-33	1.75198e-32	3.78001e-32	6.88237e-32	1.16282e-31	1.88880e-31	2.99936e-31	4.69822e-31	7.29704e-31	1.12726e-30	1.73541e-30	2.66572e-30	4.08887e-30	6.26592e-30	9.59625e-30	1.46908e-29	2.24843e-29	3.44064e-29	5.26443e-29	8.05440e-29	1.23224e-28	1.88515e-28	2.88396e-28	4.41192e-28	6.74940e-28	1.03253e-27	1.57958e-27	2.41646e-27	3.69677e-27	5.65547e-27	8.65206e-27	1.32366e-26	2.02505e-26	3.09817e-26	4.74003e-26	7.25215e-26	1.10959e-25	1.69774e-25	2.59773e-25	3.97496e-25	6.08262e-25	9.30830e-25	1.42454e-24	2.18026e-24	3.33715e-24	5.10835e-24	7.82041e-24	1.19738e-23	1.83354e-23	2.80813e-23	4.30152e-23	6.59050e-23	1.00999e-22	1.54824e-22	2.37410e-22	3.64184e-22	5.58892e-22	8.58125e-22	1.31832e-21	2.02666e-21	3.11800e-21	4.80129e-21	7.40101e-21	1.14222e-20	1.76529e-20	2.73271e-20	4.23844e-20	6.58859e-20	1.02689e-19	1.60549e-19	2.51936e-19	3.97075e-19	6.29110e-19	1.00303e-18	1.61144e-18	2.61322e-18	4.28714e-18	7.13662e-18	1.21044e-17	2.10417e-17	3.78241e-17	7.13229e-17	1.44716e-16	3.33075e-16	1.00462e-15	8.84028e-15	1.46989e-14	1.46989e-14	1.46989e-14	1.46989e-14	1.46989e-14	1.46989e-14	1.46989e-14	1.46989e-14	1.46989e-14	1.46989e-14	1.46989e-14	1.46989e-14	1.46989e-14	1.46989e-14	1.46989e-14	1.46989e-14	1.46989e-14	1.46989e-14	1.46989e-14	1.46989e-14	1.46989e-14	1.46989e-14	1.46989e-14	1.46989e-14	1.46989e-14	1.46989e-14	1.46989e-14	1.46989e-14	1.46989e-14	1.46989e-14	1.46989e-14	1.46989e-14	1.46989e-14	1.46989e-14	1.46989e-14	1.46989e-14	1.46989e-14	1.46989e-14	1.46989e-14	1.46989e-14	1.46989e-14	1.46989e-14	1.46989e-14	1.46989e-14	1.46989e-14	1.46989e-14	1.46989e-14	1.46989e-14	1.46989e-14	1.46989e-14	1.46989e-14	1.46989e-14	1.46989e-14	1.46989e-14	1.46989e-14	1.46989e-14	1.46989e-14	1.46989e-14	1.46989e-14	1.46989e-14	1.46989e-14	1.46989e-14	1.46989e-14	1.46989e-14	1.46989e-14	1.46989e-14	1.46989e-14	1.46989e-14	1.46989e-14	1.46989e-14	1.46989e-14	1.46989e-14	1.46989e-14	1.46989e-14	1.46989e-14	1.46989e-14	1.46989e-14	1.46989e-14	1.46989e-14	1.46989e-14	1.46989e-14	1.46989e-14	1.46989e-14	1.46989e-14	1.46989e-14	1.46989e-14	1.46989e-14	1.46989e-14	1.46989e-14	1.46989e-14	1.46989e-14	1.46989e-14	1.46989e-14	1.46989e-14	1.46989e-14	1.46989e-14	1.46989e-14	1.46989e-14	1.46989e-14
22.95	3.64343e-33	1.49759e-32	3.23115e-32	5.88304e-32	9.93974e-32	1.61454e-31	2.56385e-31	4.01603e-31	6.23750e-31	9.63577e-31	1.48342e-30	2.27866e-30	3.49516e-30	5.35610e-30	8.20286e-30	1.25577e-29	1.92195e-29	2.94105e-29	4.50003e-29	6.88489e-29	1.05332e-28	1.61142e-28	2.46520e-28	3.77131e-28	5.76938e-28	8.82604e-28	1.35022e-27	2.06559e-27	3.16000e-27	4.83429e-27	7.39577e-27	1.13146e-26	1.73101e-26	2.64831e-26	4.05177e-26	6.19912e-26	9.48476e-26	1.45123e-25	2.22054e-25	3.39779e-25	5.19942e-25	7.95672e-25	1.21770e-24	1.86368e-24	2.85259e-24	4.36661e-24	6.68488e-24	1.02351e-23	1.56730e-23	2.40038e-23	3.67694e-23	5.63355e-23	8.63341e-23	1.32344e-22	2.02938e-22	3.11304e-22	4.77740e-22	7.33524e-22	1.12690e-21	1.73239e-21	2.66526e-21	4.10414e-21	6.32637e-21	9.76364e-21	1.50896e-20	2.33592e-20	3.62301e-20	5.63192e-20	8.77786e-20	1.37237e-19	2.15355e-19	3.39419e-19	5.37762e-19	8.57387e-19	1.37746e-18	2.23377e-18	3.66464e-18	6.10038e-18	1.03468e-17	1.79864e-17	3.23320e-17	6.09667e-17	1.23703e-16	2.84712e-16	8.58747e-16	7.55666e-15	3.29777e-14	3.29777e-14	3.29777e-14	3.29777e-14	3.29777e-14	3.29777e-14	3.29777e-14	3.29777e-14	3.29777e-14	3.29777e-14	3.29777e-14	3.29777e-14	3.29777e-14	3.29777e-14	3.29777e-14	3.29777e-14	3.29777e-14	3.29777e-14	3.29777e-14	3.29777e-14	3.29777e-14	3.29777e-14	3.29777e-14	3.29777e-14	3.29777e-14	3.29777e-14	3.29777e-14	3.29777e-14	3.29777e-14	3.29777e-14	3.29777e-14	3.29777e-14	3.29777e-14	3.29777e-14	3.29777e-14	3.29777e-14	3.29777e-14	3.29777e-14	3.29777e-14	3.29777e-14	3.29777e-14	3.29777e-14	3.29777e-14	3.29777e-14	3.29777e-14	3.29777e-14	3.29777e-14	3.29777e-14	3.29777e-14	3.29777e-14	3.29777e-14	3.29777e-14	3.29777e-14	3.29777e-14	3.29777e-14	3.29777e-14	3.29777e-14	3.29777e-14	3.29777e-14	3.29777e-14	3.29777e-14	3.29777e-14	3.29777e-14	3.29777e-14	3.29777e-14	3.29777e-14	3.29777e-14	3.29777e-14	3.29777e-14	3.29777e-14	3.29777e-14	3.29777e-14	3.29777e-14	3.29777e-14	3.29777e-14	3.29777e-14	3.29777e-14	3.29777e-14	3.29777e-14	3.29777e-14	3.29777e-14	3.29777e-14	3.29777e-14	3.29777e-14	3.29777e-14	3.29777e-14	3.29777e-14	3.29777e-14	3.29777e-14	3.29777e-14	3.29777e-14	3.29777e-14	3.29777e-14	3.29777e-14	3.29777e-14	3.29777e-14	3.29777e-14	3.29777e-14	3.29777e-14
22.98	3.11440e-33	1.28013e-32	2.76198e-32	5.02881e-32	8.49647e-32	1.38011e-31	2.19157e-31	3.43290e-31	5.33181e-31	8.23664e-31	1.26803e-30	1.94779e-30	2.98766e-30	4.57838e-30	7.01179e-30	1.07343e-29	1.64288e-29	2.51401e-29	3.84661e-29	5.88519e-29	9.00374e-29	1.37744e-28	2.10725e-28	3.22371e-28	4.93166e-28	7.54449e-28	1.15416e-27	1.76566e-27	2.70116e-27	4.13234e-27	6.32189e-27	9.67169e-27	1.47967e-26	2.26377e-26	3.46345e-26	5.29900e-26	8.10756e-26	1.24051e-25	1.89811e-25	2.90443e-25	4.44445e-25	6.80139e-25	1.04088e-24	1.59307e-24	2.43839e-24	3.73257e-24	5.71422e-24	8.74898e-24	1.33973e-23	2.05184e-23	3.14304e-23	4.81555e-23	7.37983e-23	1.13127e-22	1.73471e-22	2.66102e-22	4.08372e-22	6.27015e-22	9.63273e-22	1.48084e-21	2.27826e-21	3.50821e-21	5.40778e-21	8.34594e-21	1.28986e-20	1.99674e-20	3.09694e-20	4.81415e-20	7.50330e-20	1.17310e-19	1.84085e-19	2.90135e-19	4.59678e-19	7.32893e-19	1.17745e-18	1.90943e-18	3.13253e-18	5.21459e-18	8.84442e-18	1.53747e-17	2.76373e-17	5.21142e-17	1.05741e-16	2.43371e-16	7.34055e-16	6.45942e-15	3.01391e-14	3.08431e-14	3.08431e-14	3.08431e-14	3.08431e-14	3.08431e-14	3.08431e-14	3.08431e-14	3.08431e-14	3.08431e-14	3.08431e-14	3.08431e-14	3.08431e-14	3.08431e-14	3.08431e-14	3.08431e-14	3.08431e-14	3.08431e-14	3.08431e-14	3.08431e-14	3.08431e-14	3.08431e-14	3.08431e-14	3.08431e-14	3.08431e-14	3.08431e-14	3.08431e-14	3.08431e-14	3.08431e-14	3.08431e-14	3.08431e-14	3.08431e-14	3.08431e-14	3.08431e-14	3.08431e-14	3.08431e-14	3.08431e-14	3.08431e-14	3.08431e-14	3.08431e-14	3.08431e-14	3.08431e-14	3.08431e-14	3.08431e-14	3.08431e-14	3.08431e-14	3.08431e-14	3.08431e-14	3.08431e-14	3.08431e-14	3.08431e-14	3.08431e-14	3.08431e-14	3.08431e-14	3.08431e-14	3.08431e-14	3.08431e-14	3.08431e-14	3.08431e-14	3.08431e-14	3.08431e-14	3.08431e-14	3.08431e-14	3.08431e-14	3.08431e-14	3.08431e-14	3.08431e-14	3.08431e-14	3.08431e-14	3.08431e-14	3.08431e-14	3.08431e-14	3.08431e-14	3.08431e-14	3.08431e-14	3.08431e-14	3.08431e-14	3.08431e-14	3.08431e-14	3.08431e-14	3.08431e-14	3.08431e-14	3.08431e-14	3.08431e-14	3.08431e-14	3.08431e-14	3.08431e-14	3.08431e-14	3.08431e-14	3.08431e-14	3.08431e-14	3.08431e-14	3.08431e-14	3.08431e-14	3.08431e-14	3.08431e-14	3.08431e-14	3.08431e-14	3.08431e-14
23.01	2.66219e-33	1.09426e-32	2.36094e-32	4.29862e-32	7.26277e-32	1.17971e-31	1.87335e-31	2.93444e-31	4.55762e-31	7.04067e-31	1.08391e-30	1.66497e-30	2.55384e-30	3.91359e-30	5.99367e-30	9.17567e-30	1.40433e-29	2.14897e-29	3.28808e-29	5.03065e-29	7.69639e-29	1.17744e-28	1.80128e-28	2.75562e-28	4.21557e-28	6.44902e-28	9.86578e-28	1.50929e-27	2.30895e-27	3.53232e-27	5.40394e-27	8.26735e-27	1.26482e-26	1.93507e-26	2.96055e-26	4.52958e-26	6.93033e-26	1.06038e-25	1.62250e-25	2.48270e-25	3.79911e-25	5.81382e-25	8.89746e-25	1.36176e-24	2.08433e-24	3.19059e-24	4.88451e-24	7.47862e-24	1.14520e-23	1.75391e-23	2.68666e-23	4.11632e-23	6.30826e-23	9.67010e-23	1.48283e-22	2.27464e-22	3.49075e-22	5.35971e-22	8.23404e-22	1.26582e-21	1.94745e-21	2.99881e-21	4.62256e-21	7.13410e-21	1.10257e-20	1.70681e-20	2.64726e-20	4.11513e-20	6.41381e-20	1.00277e-19	1.57355e-19	2.48007e-19	3.92932e-19	6.26476e-19	1.00648e-18	1.63217e-18	2.67768e-18	4.45742e-18	7.56020e-18	1.31423e-17	2.36244e-17	4.45472e-17	9.03876e-17	2.08033e-16	6.27469e-16	5.52150e-15	2.57629e-14	2.72116e-14	2.72116e-14	2.72116e-14	2.72116e-14	2.72116e-14	2.72116e-14	2.72116e-14	2.72116e-14	2.72116e-14	2.72116e-14	2.72116e-14	2.72116e-14	2.72116e-14	2.72116e-14	2.72116e-14	2.72116e-14	2.72116e-14	2.72116e-14	2.72116e-14	2.72116e-14	2.72116e-14	2.72116e-14	2.72116e-14	2.72116e-14	2.72116e-14	2.72116e-14	2.72116e-14	2.72116e-14	2.72116e-14	2.72116e-14	2.72116e-14	2.72116e-14	2.72116e-14	2.72116e-14	2.72116e-14	2.72116e-14	2.72116e-14	2.72116e-14	2.72116e-14	2.72116e-14	2.72116e-14	2.72116e-14	2.72116e-14	2.72116e-14	2.72116e-14	2.72116e-14	2.72116e-14	2.72116e-14	2.72116e-14	2.72116e-14	2.72116e-14	2.72116e-14	2.72116e-14	2.72116e-14	2.72116e-14	2.72116e-14	2.72116e-14	2.72116e-14	2.72116e-14	2.72116e-14	2.72116e-14	2.72116e-14	2.72116e-14	2.72116e-14	2.72116e-14	2.72116e-14	2.72116e-14	2.72116e-14	2.72116e-14	2.72116e-14	2.72116e-14	2.72116e-14	2.72116e-14	2.72116e-14	2.72116e-14	2.72116e-14	2.72116e-14	2.72116e-14	2.72116e-14	2.72116e-14	2.72116e-14	2.72116e-14	2.72116e-14	2.72116e-14	2.72116e-14	2.72116e-14	2.72116e-14	2.72116e-14	2.72116e-14	2.72116e-14	2.72116e-14	2.72116e-14	2.72116e-14	2.72116e-14	2.72116e-14	2.72116e-14	2.72116e-14	2.72116e-14
23.05	2.27563e-33	9.35370e-33	2.01813e-32	3.67446e-32	6.20820e-32	1.00842e-31	1.60134e-31	2.50835e-31	3.89585e-31	6.01835e-31	9.26524e-31	1.42321e-30	2.18302e-30	3.34533e-30	5.12338e-30	7.84334e-30	1.20042e-29	1.83693e-29	2.81065e-29	4.30019e-29	6.57886e-29	1.00647e-28	1.53973e-28	2.35550e-28	3.60346e-28	5.51261e-28	8.43325e-28	1.29013e-27	1.97368e-27	3.01942e-27	4.61928e-27	7.06692e-27	1.08116e-26	1.65409e-26	2.53067e-26	3.87188e-26	5.92404e-26	9.06413e-26	1.38691e-25	2.12221e-25	3.24747e-25	4.96964e-25	7.60554e-25	1.16403e-24	1.78168e-24	2.72732e-24	4.17527e-24	6.39271e-24	9.78914e-24	1.49924e-23	2.29656e-23	3.51863e-23	5.39229e-23	8.26598e-23	1.26752e-22	1.94436e-22	2.98389e-22	4.58148e-22	7.03845e-22	1.08202e-21	1.66468e-21	2.56338e-21	3.95136e-21	6.09822e-21	9.42475e-21	1.45898e-20	2.26288e-20	3.51761e-20	5.48252e-20	8.57163e-20	1.34507e-19	2.11996e-19	3.35878e-19	5.35510e-19	8.60338e-19	1.39518e-18	2.28888e-18	3.81020e-18	6.46244e-18	1.12340e-17	2.01941e-17	3.80788e-17	7.72631e-17	1.77826e-16	5.36360e-16	4.71977e-15	2.20221e-14	2.34471e-14	2.36727e-14	2.36727e-14	2.36727e-14	2.36727e-14	2.36727e-14	2.36727e-14	2.36727e-14	2.36727e-14	2.36727e-14	2.36727e-14	2.36727e-14	2.36727e-14	2.36727e-14	2.36727e-14	2.36727e-14	2.36727e-14	2.36727e-14	2.36727e-14	2.36727e-14	2.36727e-14	2.36727e-14	2.36727e-14	2.36727e-14	2.36727e-14	2.36727e-14	2.36727e-14	2.36727e-14	2.36727e-14	2.36727e-14	2.36727e-14	2.36727e-14	2.36727e-14	2.36727e-14	2.36727e-14	2.36727e-14	2.36727e-14	2.36727e-14	2.36727e-14	2.36727e-14	2.36727e-14	2.36727e-14	2.36727e-14	2.36727e-14	2.36727e-14	2.36727e-14	2.36727e-14	2.36727e-14	2.36727e-14	2.36727e-14	2.36727e-14	2.36727e-14	2.36727e-14	2.36727e-14	2.36727e-14	2.36727e-14	2.36727e-14	2.36727e-14	2.36727e-14	2.36727e-14	2.36727e-14	2.36727e-14	2.36727e-14	2.36727e-14	2.36727e-14	2.36727e-14	2.36727e-14	2.36727e-14	2.36727e-14	2.36727e-14	2.36727e-14	2.36727e-14	2.36727e-14	2.36727e-14	2.36727e-14	2.36727e-14	2.36727e-14	2.36727e-14	2.36727e-14	2.36727e-14	2.36727e-14	2.36727e-14	2.36727e-14	2.36727e-14	2.36727e-14	2.36727e-14	2.36727e-14	2.36727e-14	2.36727e-14	2.36727e-14	2.36727e-14	2.36727e-14	2.36727e-14	2.36727e-14	2.36727e-14	2.36727e-14	2.36727e-14	2.36727e-14
23.08	1.94521e-33	7.99552e-33	1.72509e-32	3.14092e-32	5.30676e-32	8.61993e-32	1.36882e-31	2.14414e-31	3.33016e-31	5.14448e-31	7.91991e-31	1.21656e-30	1.86604e-30	2.85959e-30	4.37946e-30	6.70448e-30	1.02612e-29	1.57021e-29	2.40254e-29	3.67580e-29	5.62360e-29	8.60329e-29	1.31616e-28	2.01348e-28	3.08024e-28	4.71217e-28	7.20873e-28	1.10281e-27	1.68710e-27	2.58100e-27	3.94855e-27	6.04079e-27	9.24177e-27	1.41392e-26	2.16322e-26	3.30967e-26	5.06386e-26	7.74801e-26	1.18553e-25	1.81406e-25	2.77594e-25	4.24804e-25	6.50120e-25	9.95009e-25	1.52298e-24	2.33130e-24	3.56902e-24	5.46448e-24	8.36774e-24	1.28155e-23	1.96309e-23	3.00772e-23	4.60932e-23	7.06575e-23	1.08347e-22	1.66203e-22	2.55063e-22	3.91624e-22	6.01645e-22	9.24912e-22	1.42297e-21	2.19117e-21	3.37761e-21	5.21275e-21	8.05627e-21	1.24713e-20	1.93430e-20	3.00684e-20	4.68645e-20	7.32701e-20	1.14976e-19	1.81214e-19	2.87108e-19	4.57754e-19	7.35416e-19	1.19260e-18	1.95653e-18	3.25695e-18	5.52409e-18	9.60282e-18	1.72619e-17	3.25497e-17	6.60444e-17	1.52006e-16	4.58479e-16	4.03445e-15	1.88244e-14	2.00425e-14	2.04782e-14	2.04783e-14	2.04783e-14	2.04783e-14	2.04783e-14	2.04783e-14	2.04783e-14	2.04783e-14	2.04783e-14	2.04783e-14	2.04783e-14	2.04783e-14	2.04783e-14	2.04783e-14	2.04783e-14	2.04783e-14	2.04783e-14	2.04783e-14	2.04783e-14	2.04783e-14	2.04783e-14	2.04783e-14	2.04783e-14	2.04783e-14	2.04783e-14	2.04783e-14	2.04783e-14	2.04783e-14	2.04783e-14	2.04783e-14	2.04783e-14	2.04783e-14	2.04783e-14	2.04783e-14	2.04783e-14	2.04783e-14	2.04783e-14	2.04783e-14	2.04783e-14	2.04783e-14	2.04783e-14	2.04783e-14	2.04783e-14	2.04783e-14	2.04783e-14	2.04783e-14	2.04783e-14	2.04783e-14	2.04783e-14	2.04783e-14	2.04783e-14	2.04783e-14	2.04783e-14	2.04783e-14	2.04783e-14	2.04783e-14	2.04783e-14	2.04783e-14	2.04783e-14	2.04783e-14	2.04783e-14	2.04783e-14	2.04783e-14	2.04783e-14	2.04783e-14	2.04783e-14	2.04783e-14	2.04783e-14	2.04783e-14	2.04783e-14	2.04783e-14	2.04783e-14	2.04783e-14	2.04783e-14	2.04783e-14	2.04783e-14	2.04783e-14	2.04783e-14	2.04783e-14	2.04783e-14	2.04783e-14	2.04783e-14	2.04783e-14	2.04783e-14	2.04783e-14	2.04783e-14	2.04783e-14	2.04783e-14	2.04783e-14	2.04783e-14	2.04783e-14	2.04783e-14	2.04783e-14	2.04783e-14	2.04783e-14	2.04783e-14	2.04783e-14
23.12	1.66276e-33	6.83456e-33	1.47460e-32	2.68485e-32	4.53621e-32	7.36831e-32	1.17007e-31	1.83280e-31	2.84662e-31	4.39749e-31	6.76993e-31	1.03991e-30	1.59509e-30	2.44437e-30	3.74355e-30	5.73098e-30	8.77125e-30	1.34221e-29	2.05368e-29	3.14207e-29	4.80704e-29	7.35408e-29	1.12505e-28	1.72112e-28	2.63298e-28	4.02796e-28	6.16201e-28	9.42676e-28	1.44213e-27	2.20623e-27	3.37522e-27	5.16366e-27	7.89985e-27	1.20861e-26	1.84911e-26	2.82910e-26	4.32858e-26	6.62298e-26	1.01339e-25	1.55066e-25	2.37287e-25	3.63122e-25	5.55722e-25	8.50532e-25	1.30184e-24	1.99280e-24	3.05079e-24	4.67103e-24	7.15273e-24	1.09547e-23	1.67805e-23	2.57099e-23	3.94004e-23	6.03979e-23	9.26152e-23	1.42070e-22	2.18027e-22	3.34759e-22	5.14286e-22	7.90613e-22	1.21635e-21	1.87301e-21	2.88718e-21	4.45585e-21	6.88648e-21	1.06605e-20	1.65344e-20	2.57025e-20	4.00597e-20	6.26312e-20	9.82817e-20	1.54901e-19	2.45419e-19	3.91287e-19	6.28632e-19	1.01943e-18	1.67244e-18	2.78404e-18	4.72198e-18	8.20848e-18	1.47554e-17	2.78235e-17	5.64547e-17	1.29934e-16	3.91908e-16	3.44864e-15	1.60911e-14	1.71323e-14	1.75405e-14	1.76644e-14	1.76644e-14	1.76644e-14	1.76644e-14	1.76644e-14	1.76644e-14	1.76644e-14	1.76644e-14	1.76644e-14	1.76644e-14	1.76644e-14	1.76644e-14	1.76644e-14	1.76644e-14	1.76644e-14	1.76644e-14	1.76644e-14	1.76644e-14	1.76644e-14	1.76644e-14	1.76644e-14	1.76644e-14	1.76644e-14	1.76644e-14	1.76644e-14	1.76644e-14	1.76644e-14	1.76644e-14	1.76644e-14	1.76644e-14	1.76644e-14	1.76644e-14	1.76644e-14	1.76644e-14	1.76644e-14	1.76644e-14	1.76644e-14	1.76644e-14	1.76644e-14	1.76644e-14	1.76644e-14	1.76644e-14	1.76644e-14	1.76644e-14	1.76644e-14	1.76644e-14	1.76644e-14	1.76644e-14	1.76644e-14	1.76644e-14	1.76644e-14	1.76644e-14	1.76644e-14	1.76644e-14	1.76644e-14	1.76644e-14	1.76644e-14	1.76644e-14	1.76644e-14	1.76644e-14	1.76644e-14	1.76644e-14	1.76644e-14	1.76644e-14	1.76644e-14	1.76644e-14	1.76644e-14	1.76644e-14	1.76644e-14	1.76644e-14	1.76644e-14	1.76644e-14	1.76644e-14	1.76644e-14	1.76644e-14	1.76644e-14	1.76644e-14	1.76644e-14	1.76644e-14	1.76644e-14	1.76644e-14	1.76644e-14	1.76644e-14	1.76644e-14	1.76644e-14	1.76644e-14	1.76644e-14	1.76644e-14	1.76644e-14	1.76644e-14	1.76644e-14	1.76644e-14	1.76644e-14	1.76644e-14	1.76644e-14	1.76644e-14
23.15	1.42132e-33	5.84217e-33	1.26049e-32	2.29501e-32	3.87755e-32	6.29842e-32	1.00017e-31	1.56668e-31	2.43329e-31	3.75897e-31	5.78692e-31	8.88917e-31	1.36348e-30	2.08944e-30	3.19998e-30	4.89883e-30	7.49765e-30	1.14732e-29	1.75549e-29	2.68583e-29	4.10905e-29	6.28626e-29	9.61690e-29	1.47121e-28	2.25067e-28	3.44309e-28	5.26728e-28	8.05798e-28	1.23273e-27	1.88588e-27	2.88513e-27	4.41389e-27	6.75278e-27	1.03312e-26	1.58062e-26	2.41831e-26	3.70006e-26	5.66132e-26	8.66244e-26	1.32550e-25	2.02832e-25	3.10396e-25	4.75030e-25	7.27034e-25	1.11281e-24	1.70344e-24	2.60781e-24	3.99279e-24	6.11414e-24	9.36403e-24	1.43439e-23	2.19768e-23	3.36794e-23	5.16280e-23	7.91673e-23	1.21441e-22	1.86369e-22	2.86152e-22	4.39610e-22	6.75815e-22	1.03973e-21	1.60105e-21	2.46796e-21	3.80885e-21	5.88656e-21	9.11256e-21	1.41336e-20	2.19704e-20	3.42429e-20	5.35371e-20	8.40111e-20	1.32409e-19	2.09784e-19	3.34472e-19	5.37354e-19	8.71408e-19	1.42960e-18	2.37979e-18	4.03634e-18	7.01659e-18	1.26129e-17	2.37835e-17	4.82574e-17	1.11068e-16	3.35002e-16	2.94789e-15	1.37546e-14	1.46447e-14	1.49936e-14	1.52101e-14	1.52121e-14	1.52121e-14	1.52121e-14	1.52121e-14	1.52121e-14	1.52121e-14	1.52121e-14	1.52121e-14	1.52121e-14	1.52121e-14	1.52121e-14	1.52121e-14	1.52121e-14	1.52121e-14	1.52121e-14	1.52121e-14	1.52121e-14	1.52121e-14	1.52121e-14	1.52121e-14	1.52121e-14	1.52121e-14	1.52121e-14	1.52121e-14	1.52121e-14	1.52121e-14	1.52121e-14	1.52121e-14	1.52121e-14	1.52121e-14	1.52121e-14	1.52121e-14	1.52121e-14	1.52121e-14	1.52121e-14	1.52121e-14	1.52121e-14	1.52121e-14	1.52121e-14	1.52121e-14	1.52121e-14	1.52121e-14	1.52121e-14	1.52121e-14	1.52121e-14	1.52121e-14	1.52121e-14	1.52121e-14	1.52121e-14	1.52121e-14	1.52121e-14	1.52121e-14	1.52121e-14	1.52121e-14	1.52121e-14	1.52121e-14	1.52121e-14	1.52121e-14	1.52121e-14	1.52121e-14	1.52121e-14	1.52121e-14	1.52121e-14	1.52121e-14	1.52121e-14	1.52121e-14	1.52121e-14	1.52121e-14	1.52121e-14	1.52121e-14	1.52121e-14	1.52121e-14	1.52121e-14	1.52121e-14	1.52121e-14	1.52121e-14	1.52121e-14	1.52121e-14	1.52121e-14	1.52121e-14	1.52121e-14	1.52121e-14	1.52121e-14	1.52121e-14	1.52121e-14	1.52121e-14	1.52121e-14	1.52121e-14	1.52121e-14	1.52121e-14	1.52121e-14	1.52121e-14	1.52121e-14	1.52121e-14	1.52121e-14
23.18	1.21495e-33	4.99388e-33	1.07746e-32	1.96177e-32	3.31452e-32	5.38388e-32	8.54945e-32	1.33919e-31	2.07997e-31	3.21316e-31	4.94665e-31	7.59845e-31	1.16550e-30	1.78605e-30	2.73534e-30	4.18751e-30	6.40898e-30	9.80728e-30	1.50059e-29	2.29585e-29	3.51241e-29	5.37348e-29	8.22051e-29	1.25759e-28	1.92387e-28	2.94315e-28	4.50246e-28	6.88795e-28	1.05374e-27	1.61205e-27	2.46621e-27	3.77298e-27	5.77226e-27	8.83110e-27	1.35111e-26	2.06717e-26	3.16281e-26	4.83928e-26	7.40464e-26	1.13303e-25	1.73381e-25	2.65326e-25	4.06055e-25	6.21467e-25	9.51229e-25	1.45610e-24	2.22915e-24	3.41303e-24	5.22636e-24	8.00436e-24	1.22612e-23	1.87857e-23	2.87891e-23	4.41316e-23	6.76721e-23	1.03808e-22	1.59308e-22	2.44602e-22	3.75778e-22	5.77686e-22	8.88763e-22	1.36857e-21	2.10960e-21	3.25580e-21	5.03182e-21	7.78940e-21	1.20814e-20	1.87803e-20	2.92708e-20	4.57634e-20	7.18125e-20	1.13183e-19	1.79323e-19	2.85906e-19	4.59329e-19	7.44878e-19	1.22202e-18	2.03424e-18	3.45026e-18	5.99777e-18	1.07815e-17	2.03301e-17	4.12503e-17	9.49404e-17	2.86359e-16	2.51986e-15	1.17575e-14	1.25182e-14	1.28165e-14	1.30042e-14	1.30867e-14	1.30867e-14	1.30867e-14	1.30867e-14	1.30867e-14	1.30867e-14	1.30867e-14	1.30867e-14	1.30867e-14	1.30867e-14	1.30867e-14	1.30867e-14	1.30867e-14	1.30867e-14	1.30867e-14	1.30867e-14	1.30867e-14	1.30867e-14	1.30867e-14	1.30867e-14	1.30867e-14	1.30867e-14	1.30867e-14	1.30867e-14	1.30867e-14	1.30867e-14	1.30867e-14	1.30867e-14	1.30867e-14	1.30867e-14	1.30867e-14	1.30867e-14	1.30867e-14	1.30867e-14	1.30867e-14	1.30867e-14	1.30867e-14	1.30867e-14	1.30867e-14	1.30867e-14	1.30867e-14	1.30867e-14	1.30867e-14	1.30867e-14	1.30867e-14	1.30867e-14	1.30867e-14	1.30867e-14	1.30867e-14	1.30867e-14	1.30867e-14	1.30867e-14	1.30867e-14	1.30867e-14	1.30867e-14	1.30867e-14	1.30867e-14	1.30867e-14	1.30867e-14	1.30867e-14	1.30867e-14	1.30867e-14	1.30867e-14	1.30867e-14	1.30867e-14	1.30867e-14	1.30867e-14	1.30867e-14	1.30867e-14	1.30867e-14	1.30867e-14	1.30867e-14	1.30867e-14	1.30867e-14	1.30867e-14	1.30867e-14	1.30867e-14	1.30867e-14	1.30867e-14	1.30867e-14	1.30867e-14	1.30867e-14	1.30867e-14	1.30867e-14	1.30867e-14	1.30867e-14	1.30867e-14	1.30867e-14	1.30867e-14	1.30867e-14	1.30867e-14	1.30867e-14	1.30867e-14	1.30867e-14	1.30867e-14
23.22	1.03853e-33	4.26876e-33	9.21015e-33	1.67692e-32	2.83325e-32	4.60213e-32	7.30805e-32	1.14474e-31	1.77795e-31	2.74661e-31	4.22839e-31	6.49514e-31	9.96269e-31	1.52672e-30	2.33816e-30	3.57948e-30	5.47839e-30	8.38325e-30	1.28270e-29	1.96249e-29	3.00240e-29	4.59324e-29	7.02688e-29	1.07498e-28	1.64452e-28	2.51580e-28	3.84870e-28	5.88781e-28	9.00734e-28	1.37798e-27	2.10811e-27	3.22514e-27	4.93412e-27	7.54881e-27	1.15493e-26	1.76701e-26	2.70356e-26	4.13661e-26	6.32947e-26	9.68515e-26	1.48206e-25	2.26800e-25	3.47095e-25	5.31229e-25	8.13109e-25	1.24467e-24	1.90548e-24	2.91745e-24	4.46748e-24	6.84211e-24	1.04808e-23	1.60580e-23	2.46089e-23	3.77236e-23	5.78460e-23	8.87349e-23	1.36176e-22	2.09086e-22	3.21215e-22	4.93805e-22	7.59713e-22	1.16985e-21	1.80329e-21	2.78305e-21	4.30119e-21	6.65837e-21	1.03271e-20	1.60534e-20	2.50206e-20	3.91185e-20	6.13852e-20	9.67489e-20	1.53285e-19	2.44392e-19	3.92634e-19	6.36720e-19	1.04458e-18	1.73887e-18	2.94928e-18	5.12689e-18	9.21600e-18	1.73781e-17	3.52607e-17	8.11549e-17	2.44779e-16	2.15397e-15	1.00503e-14	1.07006e-14	1.09555e-14	1.11160e-14	1.12393e-14	1.12506e-14	1.12506e-14	1.12506e-14	1.12506e-14	1.12506e-14	1.12506e-14	1.12506e-14	1.12506e-14	1.12506e-14	1.12506e-14	1.12506e-14	1.12506e-14	1.12506e-14	1.12506e-14	1.12506e-14	1.12506e-14	1.12506e-14	1.12506e-14	1.12506e-14	1.12506e-14	1.12506e-14	1.12506e-14	1.12506e-14	1.12506e-14	1.12506e-14	1.12506e-14	1.12506e-14	1.12506e-14	1.12506e-14	1.12506e-14	1.12506e-14	1.12506e-14	1.12506e-14	1.12506e-14	1.12506e-14	1.12506e-14	1.12506e-14	1.12506e-14	1.12506e-14	1.12506e-14	1.12506e-14	1.12506e-14	1.12506e-14	1.12506e-14	1.12506e-14	1.12506e-14	1.12506e-14	1.12506e-14	1.12506e-14	1.12506e-14	1.12506e-14	1.12506e-14	1.12506e-14	1.12506e-14	1.12506e-14	1.12506e-14	1.12506e-14	1.12506e-14	1.12506e-14	1.12506e-14	1.12506e-14	1.12506e-14	1.12506e-14	1.12506e-14	1.12506e-14	1.12506e-14	1.12506e-14	1.12506e-14	1.12506e-14	1.12506e-14	1.12506e-14	1.12506e-14	1.12506e-14	1.12506e-14	1.12506e-14	1.12506e-14	1.12506e-14	1.12506e-14	1.12506e-14	1.12506e-14	1.12506e-14	1.12506e-14	1.12506e-14	1.12506e-14	1.12506e-14	1.12506e-14	1.12506e-14	1.12506e-14	1.12506e-14	1.12506e-14	1.12506e-14	1.12506e-14	1.12506e-14	1.12506e-14
23.25	8.87737e-34	3.64893e-33	7.87282e-33	1.43343e-32	2.42186e-32	3.93389e-32	6.24691e-32	9.78523e-32	1.51979e-31	2.34779e-31	3.61442e-31	5.55204e-31	8.51609e-31	1.30503e-30	1.99866e-30	3.05973e-30	4.68292e-30	7.16599e-30	1.09645e-29	1.67753e-29	2.56645e-29	3.92630e-29	6.00657e-29	9.18894e-29	1.40573e-28	2.15050e-28	3.28986e-28	5.03289e-28	7.69946e-28	1.17789e-27	1.80201e-27	2.75684e-27	4.21768e-27	6.45271e-27	9.87230e-27	1.51044e-26	2.31100e-26	3.53597e-26	5.41042e-26	8.27885e-26	1.26686e-25	1.93869e-25	2.96696e-25	4.54094e-25	6.95044e-25	1.06394e-24	1.62880e-24	2.49383e-24	3.81880e-24	5.84863e-24	8.95900e-24	1.37264e-23	2.10356e-23	3.22461e-23	4.94467e-23	7.58505e-23	1.16403e-22	1.78726e-22	2.74574e-22	4.22104e-22	6.49402e-22	9.99990e-22	1.54145e-21	2.37895e-21	3.67665e-21	5.69156e-21	8.82761e-21	1.37224e-20	2.13876e-20	3.34384e-20	5.24720e-20	8.27008e-20	1.31028e-19	2.08906e-19	3.35623e-19	5.44268e-19	8.92905e-19	1.48638e-18	2.52104e-18	4.38246e-18	7.87782e-18	1.48548e-17	3.01408e-17	6.93711e-17	2.09237e-16	1.84121e-15	8.59094e-15	9.14684e-15	9.36476e-15	9.50193e-15	9.60733e-15	9.66769e-15	9.66769e-15	9.66769e-15	9.66769e-15	9.66769e-15	9.66769e-15	9.66769e-15	9.66769e-15	9.66769e-15	9.66769e-15	9.66769e-15	9.66769e-15	9.66769e-15	9.66769e-15	9.66769e-15	9.66769e-15	9.66769e-15	9.66769e-15	9.66769e-15	9.66769e-15	9.66769e-15	9.66769e-15	9.66769e-15	9.66769e-15	9.66769e-15	9.66769e-15	9.66769e-15	9.66769e-15	9.66769e-15	9.66769e-15	9.66769e-15	9.66769e-15	9.66769e-15	9.66769e-15	9.66769e-15	9.66769e-15	9.66769e-15	9.66769e-15	9.66769e-15	9.66769e-15	9.66769e-15	9.66769e-15	9.66769e-15	9.66769e-15	9.66769e-15	9.66769e-15	9.66769e-15	9.66769e-15	9.66769e-15	9.66769e-15	9.66769e-15	9.66769e-15	9.66769e-15	9.66769e-15	9.66769e-15	9.66769e-15	9.66769e-15	9.66769e-15	9.66769e-15	9.66769e-15	9.66769e-15	9.66769e-15	9.66769e-15	9.66769e-15	9.66769e-15	9.66769e-15	9.66769e-15	9.66769e-15	9.66769e-15	9.66769e-15	9.66769e-15	9.66769e-15	9.66769e-15	9.66769e-15	9.66769e-15	9.66769e-15	9.66769e-15	9.66769e-15	9.66769e-15	9.66769e-15	9.66769e-15	9.66769e-15	9.66769e-15	9.66769e-15	9.66769e-15	9.66769e-15	9.66769e-15	9.66769e-15	9.66769e-15	9.66769e-15	9.66769e-15	9.66769e-15	9.66769e-15	9.66769e-15
23.29	7.58836e-34	3.11910e-33	6.72968e-33	1.22529e-32	2.07020e-32	3.36269e-32	5.33985e-32	8.36440e-32	1.29912e-31	2.00689e-31	3.08960e-31	4.74587e-31	7.27954e-31	1.11554e-30	1.70845e-30	2.61546e-30	4.00295e-30	6.12547e-30	9.37243e-30	1.43395e-29	2.19380e-29	3.35619e-29	5.13440e-29	7.85469e-29	1.20162e-28	1.83824e-28	2.81217e-28	4.30211e-28	6.58148e-28	1.00686e-27	1.54035e-27	2.35655e-27	3.60527e-27	5.51576e-27	8.43883e-27	1.29112e-26	1.97544e-26	3.02254e-26	4.62482e-26	7.07675e-26	1.08291e-25	1.65719e-25	2.53616e-25	3.88159e-25	5.94123e-25	9.09455e-25	1.39229e-24	2.13173e-24	3.26430e-24	4.99940e-24	7.65814e-24	1.17333e-23	1.79812e-23	2.75639e-23	4.22669e-23	6.48369e-23	9.95014e-23	1.52775e-22	2.34705e-22	3.60814e-22	5.55108e-22	8.54790e-22	1.31763e-21	2.03352e-21	3.14280e-21	4.86514e-21	7.54582e-21	1.17299e-20	1.82821e-20	2.85831e-20	4.48530e-20	7.06926e-20	1.12002e-19	1.78572e-19	2.86890e-19	4.65239e-19	7.63254e-19	1.27056e-18	2.15498e-18	3.74612e-18	6.73395e-18	1.26978e-17	2.57643e-17	5.92983e-17	1.78855e-16	1.57386e-15	7.34352e-15	7.81870e-15	8.00498e-15	8.12224e-15	8.21233e-15	8.28966e-15	8.30487e-15	8.30487e-15	8.30487e-15	8.30487e-15	8.30487e-15	8.30487e-15	8.30487e-15	8.30487e-15	8.30487e-15	8.30487e-15	8.30487e-15	8.30487e-15	8.30487e-15	8.30487e-15	8.30487e-15	8.30487e-15	8.30487e-15	8.30487e-15	8.30487e-15	8.30487e-15	8.30487e-15	8.30487e-15	8.30487e-15	8.30487e-15	8.30487e-15	8.30487e-15	8.30487e-15	8.30487e-15	8.30487e-15	8.30487e-15	8.30487e-15	8.30487e-15	8.30487e-15	8.30487e-15	8.30487e-15	8.30487e-15	8.30487e-15	8.30487e-15	8.30487e-15	8.30487e-15	8.30487e-15	8.30487e-15	8.30487e-15	8.30487e-15	8.30487e-15	8.30487e-15	8.30487e-15	8.30487e-15	8.30487e-15	8.30487e-15	8.30487e-15	8.30487e-15	8.30487e-15	8.30487e-15	8.30487e-15	8.30487e-15	8.30487e-15	8.30487e-15	8.30487e-15	8.30487e-15	8.30487e-15	8.30487e-15	8.30487e-15	8.30487e-15	8.30487e-15	8.30487e-15	8.30487e-15	8.30487e-15	8.30487e-15	8.30487e-15	8.30487e-15	8.30487e-15	8.30487e-15	8.30487e-15	8.30487e-15	8.30487e-15	8.30487e-15	8.30487e-15	8.30487e-15	8.30487e-15	8.30487e-15	8.30487e-15	8.30487e-15	8.30487e-15	8.30487e-15	8.30487e-15	8.30487e-15	8.30487e-15	8.30487e-15	8.30487e-15	8.30487e-15	8.30487e-15	8.30487e-15
23.32	6.48652e-34	2.66620e-33	5.75252e-33	1.04738e-32	1.76960e-32	2.87442e-32	4.56450e-32	7.14987e-32	1.11048e-31	1.71549e-31	2.64099e-31	4.05676e-31	6.22254e-31	9.53563e-31	1.46038e-30	2.23569e-30	3.42171e-30	5.23605e-30	8.01154e-30	1.22574e-29	1.87526e-29	2.86887e-29	4.38888e-29	6.71418e-29	1.02714e-28	1.57133e-28	2.40384e-28	3.67743e-28	5.62584e-28	8.60664e-28	1.31669e-27	2.01437e-27	3.08178e-27	4.71487e-27	7.21350e-27	1.10365e-26	1.68860e-26	2.58366e-26	3.95329e-26	6.04920e-26	9.25669e-26	1.41656e-25	2.16790e-25	3.31798e-25	5.07855e-25	7.77401e-25	1.19013e-24	1.82220e-24	2.79032e-24	4.27348e-24	6.54617e-24	1.00296e-23	1.53703e-23	2.35616e-23	3.61297e-23	5.54224e-23	8.50536e-23	1.30592e-22	2.00626e-22	3.08423e-22	4.74505e-22	7.30673e-22	1.12630e-21	1.73825e-21	2.68646e-21	4.15871e-21	6.45016e-21	1.00267e-20	1.56275e-20	2.44328e-20	3.83403e-20	6.04279e-20	9.57395e-20	1.52643e-19	2.45233e-19	3.97686e-19	6.52428e-19	1.08607e-18	1.84207e-18	3.20217e-18	5.75617e-18	1.08541e-17	2.20233e-17	5.06881e-17	1.52885e-16	1.34534e-15	6.27723e-15	6.68342e-15	6.84265e-15	6.94288e-15	7.01989e-15	7.08599e-15	7.13267e-15	7.13267e-15	7.13267e-15	7.13267e-15	7.13267e-15	7.13267e-15	7.13267e-15	7.13267e-15	7.13267e-15	7.13267e-15	7.13267e-15	7.13267e-15	7.13267e-15	7.13267e-15	7.13267e-15	7.13267e-15	7.13267e-15	7.13267e-15	7.13267e-15	7.13267e-15	7.13267e-15	7.13267e-15	7.13267e-15	7.13267e-15	7.13267e-15	7.13267e-15	7.13267e-15	7.13267e-15	7.13267e-15	7.13267e-15	7.13267e-15	7.13267e-15	7.13267e-15	7.13267e-15	7.13267e-15	7.13267e-15	7.13267e-15	7.13267e-15	7.13267e-15	7.13267e-15	7.13267e-15	7.13267e-15	7.13267e-15	7.13267e-15	7.13267e-15	7.13267e-15	7.13267e-15	7.13267e-15	7.13267e-15	7.13267e-15	7.13267e-15	7.13267e-15	7.13267e-15	7.13267e-15	7.13267e-15	7.13267e-15	7.13267e-15	7.13267e-15	7.13267e-15	7.13267e-15	7.13267e-15	7.13267e-15	7.13267e-15	7.13267e-15	7.13267e-15	7.13267e-15	7.13267e-15	7.13267e-15	7.13267e-15	7.13267e-15	7.13267e-15	7.13267e-15	7.13267e-15	7.13267e-15	7.13267e-15	7.13267e-15	7.13267e-15	7.13267e-15	7.13267e-15	7.13267e-15	7.13267e-15	7.13267e-15	7.13267e-15	7.13267e-15	7.13267e-15	7.13267e-15	7.13267e-15	7.13267e-15	7.13267e-15	7.13267e-15	7.13267e-15	7.13267e-15	7.13267e-15
23.35	5.54467e-34	2.27907e-33	4.91724e-33	8.95296e-33	1.51265e-32	2.45705e-32	3.90172e-32	6.11170e-32	9.49239e-32	1.46640e-31	2.25751e-31	3.46772e-31	5.31902e-31	8.15104e-31	1.24833e-30	1.91106e-30	2.92488e-30	4.47576e-30	6.84825e-30	1.04776e-29	1.60297e-29	2.45231e-29	3.75161e-29	5.73927e-29	8.77999e-29	1.34317e-28	2.05480e-28	3.14347e-28	4.80896e-28	7.35694e-28	1.12551e-27	1.72188e-27	2.63430e-27	4.03026e-27	6.16609e-27	9.43398e-27	1.44342e-26	2.20851e-26	3.37927e-26	5.17084e-26	7.91260e-26	1.21087e-25	1.85312e-25	2.83620e-25	4.34114e-25	6.64521e-25	1.01732e-24	1.55761e-24	2.38516e-24	3.65296e-24	5.59565e-24	8.57327e-24	1.31385e-23	2.01404e-23	3.08836e-23	4.73750e-23	7.27037e-23	1.11629e-22	1.71495e-22	2.63639e-22	4.05606e-22	6.24578e-22	9.62764e-22	1.48586e-21	2.29638e-21	3.55486e-21	5.51359e-21	8.57079e-21	1.33584e-20	2.08851e-20	3.27732e-20	5.16537e-20	8.18380e-20	1.30479e-19	2.09625e-19	3.39941e-19	5.57694e-19	9.28370e-19	1.57460e-18	2.73721e-18	4.92036e-18	9.27806e-18	1.88255e-17	4.33281e-17	1.30686e-16	1.14999e-15	5.36577e-15	5.71297e-15	5.84908e-15	5.93476e-15	6.00059e-15	6.05709e-15	6.10913e-15	6.12511e-15	6.12511e-15	6.12511e-15	6.12511e-15	6.12511e-15	6.12511e-15	6.12511e-15	6.12511e-15	6.12511e-15	6.12511e-15	6.12511e-15	6.12511e-15	6.12511e-15	6.12511e-15	6.12511e-15	6.12511e-15	6.12511e-15	6.12511e-15	6.12511e-15	6.12511e-15	6.12511e-15	6.12511e-15	6.12511e-15	6.12511e-15	6.12511e-15	6.12511e-15	6.12511e-15	6.12511e-15	6.12511e-15	6.12511e-15	6.12511e-15	6.12511e-15	6.12511e-15	6.12511e-15	6.12511e-15	6.12511e-15	6.12511e-15	6.12511e-15	6.12511e-15	6.12511e-15	6.12511e-15	6.12511e-15	6.12511e-15	6.12511e-15	6.12511e-15	6.12511e-15	6.12511e-15	6.12511e-15	6.12511e-15	6.12511e-15	6.12511e-15	6.12511e-15	6.12511e-15	6.12511e-15	6.12511e-15	6.12511e-15	6.12511e-15	6.12511e-15	6.12511e-15	6.12511e-15	6.12511e-15	6.12511e-15	6.12511e-15	6.12511e-15	6.12511e-15	6.12511e-15	6.12511e-15	6.12511e-15	6.12511e-15	6.12511e-15	6.12511e-15	6.12511e-15	6.12511e-15	6.12511e-15	6.12511e-15	6.12511e-15	6.12511e-15	6.12511e-15	6.12511e-15	6.12511e-15	6.12511e-15	6.12511e-15	6.12511e-15	6.12511e-15	6.12511e-15	6.12511e-15	6.12511e-15	6.12511e-15	6.12511e-15	6.12511e-15	6.12511e-15	6.12511e-15
23.39	4.73957e-34	1.94814e-33	4.20325e-33	7.65298e-33	1.29301e-32	2.10028e-32	3.33519e-32	5.22427e-32	8.11408e-32	1.25347e-31	1.92972e-31	2.96420e-31	4.54669e-31	6.96750e-31	1.06707e-30	1.63357e-30	2.50018e-30	3.82588e-30	5.85387e-30	8.95623e-30	1.37021e-29	2.09623e-29	3.20687e-29	4.90592e-29	7.50512e-29	1.14814e-28	1.75644e-28	2.68703e-28	4.11069e-28	6.28871e-28	9.62081e-28	1.47186e-27	2.25179e-27	3.44506e-27	5.27076e-27	8.06415e-27	1.23383e-26	1.88783e-26	2.88859e-26	4.42003e-26	6.76368e-26	1.03505e-25	1.58404e-25	2.42438e-25	3.71080e-25	5.68032e-25	8.69605e-25	1.33144e-24	2.03883e-24	3.12255e-24	4.78315e-24	7.32842e-24	1.12308e-23	1.72160e-23	2.63993e-23	4.04961e-23	6.21470e-23	9.54207e-23	1.46593e-22	2.25359e-22	3.46712e-22	5.33888e-22	8.22969e-22	1.27011e-21	1.96294e-21	3.03869e-21	4.71300e-21	7.32630e-21	1.14187e-20	1.78526e-20	2.80145e-20	4.41535e-20	6.99550e-20	1.11533e-19	1.79187e-19	2.90581e-19	4.76716e-19	7.93570e-19	1.34597e-18	2.33977e-18	4.20592e-18	7.93087e-18	1.60920e-17	3.70368e-17	1.11710e-16	9.83010e-16	4.58665e-15	4.88344e-15	4.99979e-15	5.07302e-15	5.12929e-15	5.17759e-15	5.22208e-15	5.25948e-15	5.25948e-15	5.25948e-15	5.25948e-15	5.25948e-15	5.25948e-15	5.25948e-15	5.25948e-15	5.25948e-15	5.25948e-15	5.25948e-15	5.25948e-15	5.25948e-15	5.25948e-15	5.25948e-15	5.25948e-15	5.25948e-15	5.25948e-15	5.25948e-15	5.25948e-15	5.25948e-15	5.25948e-15	5.25948e-15	5.25948e-15	5.25948e-15	5.25948e-15	5.25948e-15	5.25948e-15	5.25948e-15	5.25948e-15	5.25948e-15	5.25948e-15	5.25948e-15	5.25948e-15	5.25948e-15	5.25948e-15	5.25948e-15	5.25948e-15	5.25948e-15	5.25948e-15	5.25948e-15	5.25948e-15	5.25948e-15	5.25948e-15	5.25948e-15	5.25948e-15	5.25948e-15	5.25948e-15	5.25948e-15	5.25948e-15	5.25948e-15	5.25948e-15	5.25948e-15	5.25948e-15	5.25948e-15	5.25948e-15	5.25948e-15	5.25948e-15	5.25948e-15	5.25948e-15	5.25948e-15	5.25948e-15	5.25948e-15	5.25948e-15	5.25948e-15	5.25948e-15	5.25948e-15	5.25948e-15	5.25948e-15	5.25948e-15	5.25948e-15	5.25948e-15	5.25948e-15	5.25948e-15	5.25948e-15	5.25948e-15	5.25948e-15	5.25948e-15	5.25948e-15	5.25948e-15	5.25948e-15	5.25948e-15	5.25948e-15	5.25948e-15	5.25948e-15	5.25948e-15	5.25948e-15	5.25948e-15	5.25948e-15	5.25948e-15	5.25948e-15	5.25948e-15
23.42	4.05138e-34	1.66527e-33	3.59293e-33	6.54175e-33	1.10527e-32	1.79532e-32	2.85091e-32	4.46570e-32	6.93590e-32	1.07147e-31	1.64952e-31	2.53379e-31	3.88650e-31	5.95580e-31	9.12132e-31	1.39638e-30	2.13715e-30	3.27035e-30	5.00388e-30	7.65577e-30	1.17126e-29	1.79185e-29	2.74123e-29	4.19357e-29	6.41536e-29	9.81428e-29	1.50140e-28	2.29687e-28	3.51381e-28	5.37558e-28	8.22385e-28	1.25815e-27	1.92483e-27	2.94483e-27	4.50544e-27	6.89323e-27	1.05468e-26	1.61372e-26	2.46916e-26	3.77823e-26	5.78158e-26	8.84762e-26	1.35404e-25	2.07236e-25	3.17199e-25	4.85553e-25	7.43337e-25	1.13811e-24	1.74279e-24	2.66915e-24	4.08863e-24	6.26432e-24	9.60007e-24	1.47162e-23	2.25661e-23	3.46160e-23	5.31232e-23	8.15655e-23	1.25308e-22	1.92636e-22	2.96369e-22	4.56367e-22	7.03472e-22	1.08569e-21	1.67792e-21	2.59747e-21	4.02867e-21	6.26251e-21	9.76070e-21	1.52603e-20	2.39467e-20	3.77423e-20	5.97974e-20	9.53386e-20	1.53169e-19	2.48388e-19	4.07496e-19	6.78342e-19	1.15053e-18	2.00003e-18	3.59521e-18	6.77930e-18	1.37554e-17	3.16590e-17	9.54898e-17	8.40276e-16	3.92066e-15	4.17436e-15	4.27381e-15	4.33641e-15	4.38451e-15	4.42580e-15	4.46382e-15	4.50057e-15	4.51607e-15	4.51607e-15	4.51607e-15	4.51607e-15	4.51607e-15	4.51607e-15	4.51607e-15	4.51607e-15	4.51607e-15	4.51607e-15	4.51607e-15	4.51607e-15	4.51607e-15	4.51607e-15	4.51607e-15	4.51607e-15	4.51607e-15	4.51607e-15	4.51607e-15	4.51607e-15	4.51607e-15	4.51607e-15	4.51607e-15	4.51607e-15	4.51607e-15	4.51607e-15	4.51607e-15	4.51607e-15	4.51607e-15	4.51607e-15	4.51607e-15	4.51607e-15	4.51607e-15	4.51607e-15	4.51607e-15	4.51607e-15	4.51607e-15	4.51607e-15	4.51607e-15	4.51607e-15	4.51607e-15	4.51607e-15	4.51607e-15	4.51607e-15	4.51607e-15	4.51607e-15	4.51607e-15	4.51607e-15	4.51607e-15	4.51607e-15	4.51607e-15	4.51607e-15	4.51607e-15	4.51607e-15	4.51607e-15	4.51607e-15	4.51607e-15	4.51607e-15	4.51607e-15	4.51607e-15	4.51607e-15	4.51607e-15	4.51607e-15	4.51607e-15	4.51607e-15	4.51607e-15	4.51607e-15	4.51607e-15	4.51607e-15	4.51607e-15	4.51607e-15	4.51607e-15	4.51607e-15	4.51607e-15	4.51607e-15	4.51607e-15	4.51607e-15	4.51607e-15	4.51607e-15	4.51607e-15	4.51607e-15	4.51607e-15	4.51607e-15	4.51607e-15	4.51607e-15	4.51607e-15	4.51607e-15	4.51607e-15	4.51607e-15	4.51607e-15	4.51607e-15
23.46	3.46311e-34	1.42347e-33	3.07123e-33	5.59188e-33	9.44780e-33	1.53463e-32	2.43696e-32	3.81727e-32	5.92880e-32	9.15888e-32	1.41001e-31	2.16588e-31	3.32218e-31	5.09101e-31	7.79689e-31	1.19362e-30	1.82683e-30	2.79549e-30	4.27731e-30	6.54414e-30	1.00119e-29	1.53167e-29	2.34320e-29	3.58466e-29	5.48384e-29	8.38923e-29	1.28339e-28	1.96336e-28	3.00360e-28	4.59503e-28	7.02974e-28	1.07546e-27	1.64534e-27	2.51724e-27	3.85124e-27	5.89232e-27	9.01535e-27	1.37940e-26	2.11064e-26	3.22963e-26	4.94209e-26	7.56293e-26	1.15743e-25	1.77145e-25	2.71141e-25	4.15050e-25	6.35403e-25	9.72859e-25	1.48974e-24	2.28158e-24	3.49496e-24	5.35473e-24	8.20613e-24	1.25794e-23	1.92894e-23	2.95897e-23	4.54096e-23	6.97220e-23	1.07113e-22	1.64665e-22	2.53335e-22	3.90102e-22	6.01327e-22	9.28042e-22	1.43428e-21	2.22031e-21	3.44370e-21	5.35318e-21	8.34343e-21	1.30445e-20	2.04696e-20	3.22621e-20	5.11147e-20	8.14953e-20	1.30928e-19	2.12322e-19	3.48327e-19	5.79846e-19	9.83471e-19	1.70962e-18	3.07318e-18	5.79493e-18	1.17581e-17	2.70621e-17	8.16246e-17	7.18266e-16	3.35137e-15	3.56823e-15	3.65325e-15	3.70676e-15	3.74787e-15	3.78317e-15	3.81567e-15	3.84708e-15	3.87758e-15	3.87778e-15	3.87778e-15	3.87778e-15	3.87778e-15	3.87778e-15	3.87778e-15	3.87778e-15	3.87778e-15	3.87778e-15	3.87778e-15	3.87778e-15	3.87778e-15	3.87778e-15	3.87778e-15	3.87778e-15	3.87778e-15	3.87778e-15	3.87778e-15	3.87778e-15	3.87778e-15	3.87778e-15	3.87778e-15	3.87778e-15	3.87778e-15	3.87778e-15	3.87778e-15	3.87778e-15	3.87778e-15	3.87778e-15	3.87778e-15	3.87778e-15	3.87778e-15	3.87778e-15	3.87778e-15	3.87778e-15	3.87778e-15	3.87778e-15	3.87778e-15	3.87778e-15	3.87778e-15	3.87778e-15	3.87778e-15	3.87778e-15	3.87778e-15	3.87778e-15	3.87778e-15	3.87778e-15	3.87778e-15	3.87778e-15	3.87778e-15	3.87778e-15	3.87778e-15	3.87778e-15	3.87778e-15	3.87778e-15	3.87778e-15	3.87778e-15	3.87778e-15	3.87778e-15	3.87778e-15	3.87778e-15	3.87778e-15	3.87778e-15	3.87778e-15	3.87778e-15	3.87778e-15	3.87778e-15	3.87778e-15	3.87778e-15	3.87778e-15	3.87778e-15	3.87778e-15	3.87778e-15	3.87778e-15	3.87778e-15	3.87778e-15	3.87778e-15	3.87778e-15	3.87778e-15	3.87778e-15	3.87778e-15	3.87778e-15	3.87778e-15	3.87778e-15	3.87778e-15	3.87778e-15	3.87778e-15	3.87778e-15	3.87778e-15	3.87778e-15
23.49	2.96026e-34	1.21678e-33	2.62529e-33	4.77993e-33	8.07597e-33	1.31180e-32	2.08311e-32	3.26300e-32	5.06793e-32	7.82900e-32	1.20527e-31	1.85139e-31	2.83979e-31	4.35179e-31	6.66477e-31	1.02030e-30	1.56157e-30	2.38958e-30	3.65624e-30	5.59392e-30	8.55813e-30	1.30927e-29	2.00296e-29	3.06416e-29	4.68758e-29	7.17110e-29	1.09704e-28	1.67828e-28	2.56748e-28	3.92783e-28	6.00901e-28	9.19302e-28	1.40644e-27	2.15173e-27	3.29203e-27	5.03675e-27	7.70630e-27	1.17911e-26	1.80417e-26	2.76068e-26	4.22449e-26	6.46478e-26	9.89369e-26	1.51423e-25	2.31771e-25	3.54784e-25	5.43142e-25	8.31598e-25	1.27342e-24	1.95029e-24	2.98748e-24	4.57722e-24	7.01459e-24	1.07528e-23	1.64886e-23	2.52932e-23	3.88161e-23	5.95983e-23	9.15599e-23	1.40755e-22	2.16551e-22	3.33458e-22	5.14014e-22	7.93289e-22	1.22602e-21	1.89792e-21	2.94367e-21	4.57589e-21	7.13195e-21	1.11504e-20	1.74974e-20	2.75776e-20	4.36928e-20	6.96621e-20	1.11917e-19	1.81492e-19	2.97750e-19	4.95651e-19	8.40669e-19	1.46138e-18	2.62695e-18	4.95350e-18	1.00508e-17	2.31326e-17	6.97726e-17	6.13973e-16	2.86475e-15	3.05012e-15	3.12279e-15	3.16853e-15	3.20368e-15	3.23385e-15	3.26163e-15	3.28848e-15	3.31535e-15	3.32986e-15	3.32986e-15	3.32986e-15	3.32986e-15	3.32986e-15	3.32986e-15	3.32986e-15	3.32986e-15	3.32986e-15	3.32986e-15	3.32986e-15	3.32986e-15	3.32986e-15	3.32986e-15	3.32986e-15	3.32986e-15	3.32986e-15	3.32986e-15	3.32986e-15	3.32986e-15	3.32986e-15	3.32986e-15	3.32986e-15	3.32986e-15	3.32986e-15	3.32986e-15	3.32986e-15	3.32986e-15	3.32986e-15	3.32986e-15	3.32986e-15	3.32986e-15	3.32986e-15	3.32986e-15	3.32986e-15	3.32986e-15	3.32986e-15	3.32986e-15	3.32986e-15	3.32986e-15	3.32986e-15	3.32986e-15	3.32986e-15	3.32986e-15	3.32986e-15	3.32986e-15	3.32986e-15	3.32986e-15	3.32986e-15	3.32986e-15	3.32986e-15	3.32986e-15	3.32986e-15	3.32986e-15	3.32986e-15	3.32986e-15	3.32986e-15	3.32986e-15	3.32986e-15	3.32986e-15	3.32986e-15	3.32986e-15	3.32986e-15	3.32986e-15	3.32986e-15	3.32986e-15	3.32986e-15	3.32986e-15	3.32986e-15	3.32986e-15	3.32986e-15	3.32986e-15	3.32986e-15	3.32986e-15	3.32986e-15	3.32986e-15	3.32986e-15	3.32986e-15	3.32986e-15	3.32986e-15	3.32986e-15	3.32986e-15	3.32986e-15	3.32986e-15	3.32986e-15	3.32986e-15	3.32986e-15	3.32986e-15	3.32986e-15	3.32986e-15
23.53	2.53043e-34	1.04010e-33	2.24409e-33	4.08588e-33	6.90332e-33	1.12133e-32	1.78064e-32	2.78921e-32	4.33206e-32	6.69221e-32	1.03026e-31	1.58257e-31	2.42745e-31	3.71990e-31	5.69703e-31	8.72155e-31	1.33483e-30	2.04261e-30	3.12535e-30	4.78168e-30	7.31548e-30	1.11916e-29	1.71213e-29	2.61924e-29	4.00694e-29	6.12984e-29	9.37751e-29	1.43459e-28	2.19467e-28	3.35750e-28	5.13649e-28	7.85818e-28	1.20222e-27	1.83930e-27	2.81403e-27	4.30540e-27	6.58734e-27	1.00790e-26	1.54220e-26	2.35983e-26	3.61109e-26	5.52608e-26	8.45711e-26	1.29436e-25	1.98117e-25	3.03269e-25	4.64277e-25	7.10849e-25	1.08852e-24	1.66711e-24	2.55370e-24	3.91260e-24	5.99606e-24	9.19151e-24	1.40944e-23	2.16206e-23	3.31799e-23	5.09445e-23	7.82653e-23	1.20318e-22	1.85107e-22	2.85040e-22	4.39378e-22	6.78102e-22	1.04800e-21	1.62234e-21	2.51624e-21	3.91147e-21	6.09638e-21	9.53137e-21	1.49568e-20	2.35733e-20	3.73485e-20	5.95470e-20	9.56669e-20	1.55139e-19	2.54516e-19	4.23682e-19	7.18603e-19	1.24919e-18	2.24551e-18	4.23424e-18	8.59141e-18	1.97737e-17	5.96415e-17	5.24823e-16	2.44878e-15	2.60724e-15	2.66936e-15	2.70846e-15	2.73850e-15	2.76429e-15	2.78803e-15	2.81099e-15	2.83396e-15	2.85756e-15	2.85959e-15	2.85959e-15	2.85959e-15	2.85959e-15	2.85959e-15	2.85959e-15	2.85959e-15	2.85959e-15	2.85959e-15	2.85959e-15	2.85959e-15	2.85959e-15	2.85959e-15	2.85959e-15	2.85959e-15	2.85959e-15	2.85959e-15	2.85959e-15	2.85959e-15	2.85959e-15	2.85959e-15	2.85959e-15	2.85959e-15	2.85959e-15	2.85959e-15	2.85959e-15	2.85959e-15	2.85959e-15	2.85959e-15	2.85959e-15	2.85959e-15	2.85959e-15	2.85959e-15	2.85959e-15	2.85959e-15	2.85959e-15	2.85959e-15	2.85959e-15	2.85959e-15	2.85959e-15	2.85959e-15	2.85959e-15	2.85959e-15	2.85959e-15	2.85959e-15	2.85959e-15	2.85959e-15	2.85959e-15	2.85959e-15	2.85959e-15	2.85959e-15	2.85959e-15	2.85959e-15	2.85959e-15	2.85959e-15	2.85959e-15	2.85959e-15	2.85959e-15	2.85959e-15	2.85959e-15	2.85959e-15	2.85959e-15	2.85959e-15	2.85959e-15	2.85959e-15	2.85959e-15	2.85959e-15	2.85959e-15	2.85959e-15	2.85959e-15	2.85959e-15	2.85959e-15	2.85959e-15	2.85959e-15	2.85959e-15	2.85959e-15	2.85959e-15	2.85959e-15	2.85959e-15	2.85959e-15	2.85959e-15	2.85959e-15	2.85959e-15	2.85959e-15	2.85959e-15	2.85959e-15	2.85959e-15	2.85959e-15	2.85959e-15
23.56	2.16301e-34	8.89077e-34	1.91825e-33	3.49260e-33	5.90095e-33	9.58509e-33	1.52209e-32	2.38421e-32	3.70303e-32	5.72049e-32	8.80668e-32	1.35278e-31	2.07498e-31	3.17977e-31	4.86981e-31	7.45516e-31	1.14101e-30	1.74602e-30	2.67154e-30	4.08737e-30	6.25326e-30	9.56658e-30	1.46352e-29	2.23892e-29	3.42512e-29	5.23978e-29	8.01588e-29	1.22628e-28	1.87600e-28	2.86999e-28	4.39067e-28	6.71716e-28	1.02765e-27	1.57223e-27	2.40543e-27	3.68025e-27	5.63085e-27	8.61553e-27	1.31827e-26	2.01718e-26	3.08675e-26	4.72369e-26	7.22913e-26	1.10642e-25	1.69350e-25	2.59234e-25	3.96863e-25	6.07633e-25	9.30466e-25	1.42504e-24	2.18290e-24	3.34448e-24	5.12542e-24	7.85688e-24	1.20479e-23	1.84813e-23	2.83621e-23	4.35473e-23	6.69010e-23	1.02847e-22	1.58229e-22	2.43652e-22	3.75580e-22	5.79641e-22	8.95831e-22	1.38677e-21	2.15088e-21	3.34351e-21	5.21118e-21	8.14740e-21	1.27850e-20	2.01504e-20	3.19255e-20	5.09007e-20	8.17759e-20	1.32613e-19	2.17560e-19	3.62163e-19	6.14261e-19	1.06780e-18	1.91946e-18	3.61943e-18	7.34393e-18	1.69026e-17	5.09814e-17	4.48618e-16	2.09322e-15	2.22866e-15	2.28176e-15	2.31518e-15	2.34086e-15	2.36291e-15	2.38321e-15	2.40283e-15	2.42246e-15	2.44264e-15	2.45598e-15	2.45598e-15	2.45598e-15	2.45598e-15	2.45598e-15	2.45598e-15	2.45598e-15	2.45598e-15	2.45598e-15	2.45598e-15	2.45598e-15	2.45598e-15	2.45598e-15	2.45598e-15	2.45598e-15	2.45598e-15	2.45598e-15	2.45598e-15	2.45598e-15	2.45598e-15	2.45598e-15	2.45598e-15	2.45598e-15	2.45598e-15	2.45598e-15	2.45598e-15	2.45598e-15	2.45598e-15	2.45598e-15	2.45598e-15	2.45598e-15	2.45598e-15	2.45598e-15	2.45598e-15	2.45598e-15	2.45598e-15	2.45598e-15	2.45598e-15	2.45598e-15	2.45598e-15	2.45598e-15	2.45598e-15	2.45598e-15	2.45598e-15	2.45598e-15	2.45598e-15	2.45598e-15	2.45598e-15	2.45598e-15	2.45598e-15	2.45598e-15	2.45598e-15	2.45598e-15	2.45598e-15	2.45598e-15	2.45598e-15	2.45598e-15	2.45598e-15	2.45598e-15	2.45598e-15	2.45598e-15	2.45598e-15	2.45598e-15	2.45598e-15	2.45598e-15	2.45598e-15	2.45598e-15	2.45598e-15	2.45598e-15	2.45598e-15	2.45598e-15	2.45598e-15	2.45598e-15	2.45598e-15	2.45598e-15	2.45598e-15	2.45598e-15	2.45598e-15	2.45598e-15	2.45598e-15	2.45598e-15	2.45598e-15	2.45598e-15	2.45598e-15	2.45598e-15	2.45598e-15	2.45598e-15	2.45598e-15	2.45598e-15
23.59	1.84894e-34	7.59981e-34	1.63971e-33	2.98547e-33	5.04412e-33	8.19332e-33	1.30108e-32	2.03802e-32	3.16535e-32	4.88987e-32	7.52794e-32	1.15635e-31	1.77369e-31	2.71806e-31	4.16271e-31	6.37266e-31	9.75335e-31	1.49250e-30	2.28363e-30	3.49388e-30	5.34528e-30	8.17750e-30	1.25102e-29	1.91383e-29	2.92779e-29	4.47896e-29	6.85196e-29	1.04823e-28	1.60361e-28	2.45326e-28	3.75313e-28	5.74182e-28	8.78438e-28	1.34394e-27	2.05615e-27	3.14587e-27	4.81324e-27	7.36454e-27	1.12686e-26	1.72428e-26	2.63855e-26	4.03780e-26	6.17945e-26	9.45765e-26	1.44760e-25	2.21592e-25	3.39238e-25	5.19403e-25	7.95361e-25	1.21812e-24	1.86594e-24	2.85886e-24	4.38120e-24	6.71605e-24	1.02985e-23	1.57978e-23	2.42439e-23	3.72242e-23	5.71869e-23	8.79137e-23	1.35254e-22	2.08273e-22	3.21045e-22	4.95476e-22	7.65755e-22	1.18541e-21	1.83857e-21	2.85803e-21	4.45451e-21	6.96439e-21	1.09286e-20	1.72245e-20	2.72898e-20	4.35099e-20	6.99019e-20	1.13357e-19	1.85970e-19	3.09576e-19	5.25069e-19	9.12756e-19	1.64075e-18	3.09388e-18	6.27758e-18	1.44483e-17	4.35789e-17	3.83478e-16	1.78928e-15	1.90506e-15	1.95045e-15	1.97902e-15	2.00097e-15	2.01981e-15	2.03716e-15	2.05393e-15	2.07072e-15	2.08796e-15	2.10604e-15	2.10962e-15	2.10962e-15	2.10962e-15	2.10962e-15	2.10962e-15	2.10962e-15	2.10962e-15	2.10962e-15	2.10962e-15	2.10962e-15	2.10962e-15	2.10962e-15	2.10962e-15	2.10962e-15	2.10962e-15	2.10962e-15	2.10962e-15	2.10962e-15	2.10962e-15	2.10962e-15	2.10962e-15	2.10962e-15	2.10962e-15	2.10962e-15	2.10962e-15	2.10962e-15	2.10962e-15	2.10962e-15	2.10962e-15	2.10962e-15	2.10962e-15	2.10962e-15	2.10962e-15	2.10962e-15	2.10962e-15	2.10962e-15	2.10962e-15	2.10962e-15	2.10962e-15	2.10962e-15	2.10962e-15	2.10962e-15	2.10962e-15	2.10962e-15	2.10962e-15	2.10962e-15	2.10962e-15	2.10962e-15	2.10962e-15	2.10962e-15	2.10962e-15	2.10962e-15	2.10962e-15	2.10962e-15	2.10962e-15	2.10962e-15	2.10962e-15	2.10962e-15	2.10962e-15	2.10962e-15	2.10962e-15	2.10962e-15	2.10962e-15	2.10962e-15	2.10962e-15	2.10962e-15	2.10962e-15	2.10962e-15	2.10962e-15	2.10962e-15	2.10962e-15	2.10962e-15	2.10962e-15	2.10962e-15	2.10962e-15	2.10962e-15	2.10962e-15	2.10962e-15	2.10962e-15	2.10962e-15	2.10962e-15	2.10962e-15	2.10962e-15	2.10962e-15	2.10962e-15	2.10962e-15	2.10962e-15	2.10962e-15
23.63	1.58047e-34	6.49631e-34	1.40162e-33	2.55197e-33	4.31171e-33	7.00364e-33	1.11216e-32	1.74210e-32	2.70573e-32	4.17985e-32	6.43487e-32	9.88447e-32	1.51615e-31	2.32339e-31	3.55828e-31	5.44734e-31	8.33714e-31	1.27578e-30	1.95204e-30	2.98656e-30	4.56913e-30	6.99012e-30	1.06937e-29	1.63594e-29	2.50267e-29	3.82861e-29	5.85705e-29	8.96022e-29	1.37076e-28	2.09704e-28	3.20817e-28	4.90810e-28	7.50887e-28	1.14880e-27	1.75760e-27	2.68909e-27	4.11435e-27	6.29520e-27	9.63235e-27	1.47391e-26	2.25543e-26	3.45151e-26	5.28218e-26	8.08438e-26	1.23741e-25	1.89417e-25	2.89980e-25	4.43985e-25	6.79873e-25	1.04125e-24	1.59500e-24	2.44375e-24	3.74504e-24	5.74087e-24	8.80315e-24	1.35039e-23	2.07237e-23	3.18192e-23	4.88833e-23	7.51485e-23	1.15615e-22	1.78031e-22	2.74429e-22	4.23532e-22	6.54566e-22	1.01329e-21	1.57161e-21	2.44304e-21	3.80770e-21	5.95315e-21	9.34176e-21	1.47235e-20	2.33273e-20	3.71922e-20	5.97520e-20	9.68977e-20	1.58967e-19	2.64625e-19	4.48828e-19	7.80223e-19	1.40251e-18	2.64464e-18	5.36606e-18	1.23504e-17	3.72511e-17	3.27796e-16	1.52947e-15	1.62844e-15	1.66724e-15	1.69166e-15	1.71042e-15	1.72653e-15	1.74136e-15	1.75570e-15	1.77005e-15	1.78479e-15	1.80024e-15	1.81239e-15	1.81239e-15	1.81239e-15	1.81239e-15	1.81239e-15	1.81239e-15	1.81239e-15	1.81239e-15	1.81239e-15	1.81239e-15	1.81239e-15	1.81239e-15	1.81239e-15	1.81239e-15	1.81239e-15	1.81239e-15	1.81239e-15	1.81239e-15	1.81239e-15	1.81239e-15	1.81239e-15	1.81239e-15	1.81239e-15	1.81239e-15	1.81239e-15	1.81239e-15	1.81239e-15	1.81239e-15	1.81239e-15	1.81239e-15	1.81239e-15	1.81239e-15	1.81239e-15	1.81239e-15	1.81239e-15	1.81239e-15	1.81239e-15	1.81239e-15	1.81239e-15	1.81239e-15	1.81239e-15	1.81239e-15	1.81239e-15	1.81239e-15	1.81239e-15	1.81239e-15	1.81239e-15	1.81239e-15	1.81239e-15	1.81239e-15	1.81239e-15	1.81239e-15	1.81239e-15	1.81239e-15	1.81239e-15	1.81239e-15	1.81239e-15	1.81239e-15	1.81239e-15	1.81239e-15	1.81239e-15	1.81239e-15	1.81239e-15	1.81239e-15	1.81239e-15	1.81239e-15	1.81239e-15	1.81239e-15	1.81239e-15	1.81239e-15	1.81239e-15	1.81239e-15	1.81239e-15	1.81239e-15	1.81239e-15	1.81239e-15	1.81239e-15	1.81239e-15	1.81239e-15	1.81239e-15	1.81239e-15	1.81239e-15	1.81239e-15	1.81239e-15	1.81239e-15	1.81239e-15	1.81239e-15	1.81239e-15
23.66	1.35098e-34	5.55303e-34	1.19811e-33	2.18142e-33	3.68564e-33	5.98670e-33	9.50671e-33	1.48914e-32	2.31286e-32	3.57293e-32	5.50052e-32	8.44923e-32	1.29600e-31	1.98603e-31	3.04161e-31	4.65638e-31	7.12658e-31	1.09054e-30	1.66860e-30	2.55291e-30	3.90569e-30	5.97514e-30	9.14095e-30	1.39840e-29	2.13928e-29	3.27269e-29	5.00659e-29	7.65918e-29	1.17172e-28	1.79255e-28	2.74234e-28	4.19543e-28	6.41857e-28	9.81989e-28	1.50239e-27	2.29863e-27	3.51694e-27	5.38113e-27	8.23372e-27	1.25990e-26	1.92794e-26	2.95034e-26	4.51520e-26	6.91052e-26	1.05774e-25	1.61913e-25	2.47874e-25	3.79518e-25	5.81154e-25	8.90059e-25	1.36340e-24	2.08891e-24	3.20126e-24	4.90729e-24	7.52492e-24	1.15431e-23	1.77145e-23	2.71990e-23	4.17853e-23	6.42368e-23	9.88276e-23	1.52181e-22	2.34581e-22	3.62035e-22	5.59522e-22	8.66156e-22	1.34341e-21	2.08831e-21	3.25482e-21	5.08874e-21	7.98532e-21	1.25856e-20	1.99401e-20	3.17918e-20	5.10759e-20	8.28280e-20	1.35884e-19	2.26201e-19	3.83658e-19	6.66933e-19	1.19887e-18	2.26064e-18	4.58690e-18	1.05571e-17	3.18422e-17	2.80200e-16	1.30739e-15	1.39199e-15	1.42515e-15	1.44603e-15	1.46207e-15	1.47584e-15	1.48851e-15	1.50077e-15	1.51303e-15	1.52563e-15	1.53884e-15	1.55292e-15	1.55732e-15	1.55732e-15	1.55732e-15	1.55732e-15	1.55732e-15	1.55732e-15	1.55732e-15	1.55732e-15	1.55732e-15	1.55732e-15	1.55732e-15	1.55732e-15	1.55732e-15	1.55732e-15	1.55732e-15	1.55732e-15	1.55732e-15	1.55732e-15	1.55732e-15	1.55732e-15	1.55732e-15	1.55732e-15	1.55732e-15	1.55732e-15	1.55732e-15	1.55732e-15	1.55732e-15	1.55732e-15	1.55732e-15	1.55732e-15	1.55732e-15	1.55732e-15	1.55732e-15	1.55732e-15	1.55732e-15	1.55732e-15	1.55732e-15	1.55732e-15	1.55732e-15	1.55732e-15	1.55732e-15	1.55732e-15	1.55732e-15	1.55732e-15	1.55732e-15	1.55732e-15	1.55732e-15	1.55732e-15	1.55732e-15	1.55732e-15	1.55732e-15	1.55732e-15	1.55732e-15	1.55732e-15	1.55732e-15	1.55732e-15	1.55732e-15	1.55732e-15	1.55732e-15	1.55732e-15	1.55732e-15	1.55732e-15	1.55732e-15	1.55732e-15	1.55732e-15	1.55732e-15	1.55732e-15	1.55732e-15	1.55732e-15	1.55732e-15	1.55732e-15	1.55732e-15	1.55732e-15	1.55732e-15	1.55732e-15	1.55732e-15	1.55732e-15	1.55732e-15	1.55732e-15	1.55732e-15	1.55732e-15	1.55732e-15	1.55732e-15	1.55732e-15	1.55732e-15	1.55732e-15	1.55732e-15
23.70	1.15482e-34	4.74672e-34	1.02414e-33	1.86468e-33	3.15048e-33	5.11742e-33	8.12632e-33	1.27291e-32	1.97703e-32	3.05414e-32	4.70183e-32	7.22239e-32	1.10782e-31	1.69766e-31	2.59996e-31	3.98027e-31	6.09179e-31	9.32190e-31	1.42632e-30	2.18222e-30	3.33858e-30	5.10754e-30	7.81367e-30	1.19535e-29	1.82865e-29	2.79749e-29	4.27963e-29	6.54705e-29	1.00159e-28	1.53227e-28	2.34415e-28	3.58625e-28	5.48659e-28	8.39403e-28	1.28424e-27	1.96486e-27	3.00627e-27	4.59978e-27	7.03817e-27	1.07696e-26	1.64800e-26	2.52195e-26	3.85959e-26	5.90710e-26	9.04151e-26	1.38403e-25	2.11883e-25	3.24411e-25	4.96770e-25	7.60821e-25	1.16543e-24	1.78560e-24	2.73643e-24	4.19474e-24	6.43229e-24	9.86703e-24	1.51424e-23	2.32496e-23	3.57180e-23	5.49095e-23	8.44777e-23	1.30084e-22	2.00520e-22	3.09467e-22	4.78279e-22	7.40389e-22	1.14834e-21	1.78508e-21	2.78222e-21	4.34985e-21	6.82584e-21	1.07582e-20	1.70448e-20	2.71756e-20	4.36596e-20	7.08013e-20	1.16154e-19	1.93356e-19	3.27950e-19	5.70093e-19	1.02479e-18	1.93239e-18	3.92088e-18	9.02417e-18	2.72187e-17	2.39514e-16	1.11756e-15	1.18987e-15	1.21822e-15	1.23606e-15	1.24977e-15	1.26154e-15	1.27238e-15	1.28285e-15	1.29334e-15	1.30411e-15	1.31540e-15	1.32743e-15	1.33842e-15	1.33842e-15	1.33842e-15	1.33842e-15	1.33842e-15	1.33842e-15	1.33842e-15	1.33842e-15	1.33842e-15	1.33842e-15	1.33842e-15	1.33842e-15	1.33842e-15	1.33842e-15	1.33842e-15	1.33842e-15	1.33842e-15	1.33842e-15	1.33842e-15	1.33842e-15	1.33842e-15	1.33842e-15	1.33842e-15	1.33842e-15	1.33842e-15	1.33842e-15	1.33842e-15	1.33842e-15	1.33842e-15	1.33842e-15	1.33842e-15	1.33842e-15	1.33842e-15	1.33842e-15	1.33842e-15	1.33842e-15	1.33842e-15	1.33842e-15	1.33842e-15	1.33842e-15	1.33842e-15	1.33842e-15	1.33842e-15	1.33842e-15	1.33842e-15	1.33842e-15	1.33842e-15	1.33842e-15	1.33842e-15	1.33842e-15	1.33842e-15	1.33842e-15	1.33842e-15	1.33842e-15	1.33842e-15	1.33842e-15	1.33842e-15	1.33842e-15	1.33842e-15	1.33842e-15	1.33842e-15	1.33842e-15	1.33842e-15	1.33842e-15	1.33842e-15	1.33842e-15	1.33842e-15	1.33842e-15	1.33842e-15	1.33842e-15	1.33842e-15	1.33842e-15	1.33842e-15	1.33842e-15	1.33842e-15	1.33842e-15	1.33842e-15	1.33842e-15	1.33842e-15	1.33842e-15	1.33842e-15	1.33842e-15	1.33842e-15	1.33842e-15	1.33842e-15	1.33842e-15	1.33842e-15
23.73	9.87135e-35	4.05749e-34	8.75433e-34	1.59392e-33	2.69303e-33	4.37436e-33	6.94637e-33	1.08809e-32	1.68996e-32	2.61067e-32	4.01912e-32	6.17369e-32	9.46962e-32	1.45116e-31	2.22245e-31	3.40233e-31	5.20725e-31	7.96835e-31	1.21922e-30	1.86536e-30	2.85381e-30	4.36592e-30	6.67911e-30	1.02178e-29	1.56313e-29	2.39129e-29	3.65822e-29	5.59641e-29	8.56155e-29	1.30978e-28	2.00377e-28	3.06552e-28	4.68992e-28	7.17520e-28	1.09777e-27	1.67956e-27	2.56976e-27	3.93188e-27	6.01622e-27	9.20582e-27	1.40871e-26	2.15576e-26	3.29917e-26	5.04938e-26	7.72867e-26	1.18307e-25	1.81117e-25	2.77306e-25	4.24638e-25	6.50348e-25	9.96212e-25	1.52633e-24	2.33910e-24	3.58566e-24	5.49831e-24	8.43433e-24	1.29437e-23	1.98738e-23	3.05317e-23	4.69366e-23	7.22114e-23	1.11196e-22	1.71404e-22	2.64532e-22	4.08832e-22	6.32883e-22	9.81601e-22	1.52589e-21	2.37823e-21	3.71824e-21	5.83472e-21	9.19607e-21	1.45699e-20	2.32296e-20	3.73202e-20	6.05208e-20	9.92881e-20	1.65281e-19	2.80331e-19	4.87315e-19	8.75988e-19	1.65180e-18	3.35156e-18	7.71384e-18	2.32665e-17	2.04737e-16	9.55285e-16	1.01710e-15	1.04133e-15	1.05658e-15	1.06830e-15	1.07836e-15	1.08763e-15	1.09658e-15	1.10554e-15	1.11475e-15	1.12440e-15	1.13469e-15	1.14578e-15	1.15056e-15	1.15056e-15	1.15056e-15	1.15056e-15	1.15056e-15	1.15056e-15	1.15056e-15	1.15056e-15	1.15056e-15	1.15056e-15	1.15056e-15	1.15056e-15	1.15056e-15	1.15056e-15	1.15056e-15	1.15056e-15	1.15056e-15	1.15056e-15	1.15056e-15	1.15056e-15	1.15056e-15	1.15056e-15	1.15056e-15	1.15056e-15	1.15056e-15	1.15056e-15	1.15056e-15	1.15056e-15	1.15056e-15	1.15056e-15	1.15056e-15	1.15056e-15	1.15056e-15	1.15056e-15	1.15056e-15	1.15056e-15	1.15056e-15	1.15056e-15	1.15056e-15	1.15056e-15	1.15056e-15	1.15056e-15	1.15056e-15	1.15056e-15	1.15056e-15	1.15056e-15	1.15056e-15	1.15056e-15	1.15056e-15	1.15056e-15	1.15056e-15	1.15056e-15	1.15056e-15	1.15056e-15	1.15056e-15	1.15056e-15	1.15056e-15	1.15056e-15	1.15056e-15	1.15056e-15	1.15056e-15	1.15056e-15	1.15056e-15	1.15056e-15	1.15056e-15	1.15056e-15	1.15056e-15	1.15056e-15	1.15056e-15	1.15056e-15	1.15056e-15	1.15056e-15	1.15056e-15	1.15056e-15	1.15056e-15	1.15056e-15	1.15056e-15	1.15056e-15	1.15056e-15	1.15056e-15	1.15056e-15	1.15056e-15	1.15056e-15	1.15056e-15	1.15056e-15	1.15056e-15
23.76	8.43802e-35	3.46834e-34	7.48318e-34	1.36248e-33	2.30199e-33	3.73920e-33	5.93774e-33	9.30094e-33	1.44458e-32	2.23160e-32	3.43554e-32	5.27726e-32	8.09461e-32	1.24045e-31	1.89974e-31	2.90830e-31	4.45115e-31	6.81133e-31	1.04218e-30	1.59451e-30	2.43943e-30	3.73198e-30	5.70929e-30	8.73416e-30	1.33616e-29	2.04407e-29	3.12704e-29	4.78380e-29	7.31840e-29	1.11960e-28	1.71282e-28	2.62040e-28	4.00894e-28	6.13335e-28	9.38370e-28	1.43569e-27	2.19663e-27	3.36097e-27	5.14265e-27	7.86912e-27	1.20416e-26	1.84274e-26	2.82012e-26	4.31620e-26	6.60645e-26	1.01129e-25	1.54819e-25	2.37041e-25	3.62980e-25	5.55917e-25	8.51560e-25	1.30470e-24	1.99946e-24	3.06502e-24	4.69995e-24	7.20965e-24	1.10642e-23	1.69881e-23	2.60985e-23	4.01213e-23	6.17262e-23	9.50499e-23	1.46516e-22	2.26121e-22	3.49469e-22	5.40988e-22	8.39071e-22	1.30432e-21	2.03291e-21	3.17835e-21	4.98751e-21	7.86078e-21	1.24543e-20	1.98567e-20	3.19012e-20	5.17331e-20	8.48713e-20	1.41282e-19	2.39627e-19	4.16556e-19	7.48793e-19	1.41196e-18	2.86491e-18	6.59378e-18	1.98882e-17	1.75008e-16	8.16576e-16	8.69415e-16	8.90128e-16	9.03167e-16	9.13185e-16	9.21784e-16	9.29703e-16	9.37356e-16	9.45016e-16	9.52887e-16	9.61138e-16	9.69929e-16	9.79414e-16	9.89278e-16	9.89315e-16	9.89315e-16	9.89315e-16	9.89315e-16	9.89315e-16	9.89315e-16	9.89315e-16	9.89315e-16	9.89315e-16	9.89315e-16	9.89315e-16	9.89315e-16	9.89315e-16	9.89315e-16	9.89315e-16	9.89315e-16	9.89315e-16	9.89315e-16	9.89315e-16	9.89315e-16	9.89315e-16	9.89315e-16	9.89315e-16	9.89315e-16	9.89315e-16	9.89315e-16	9.89315e-16	9.89315e-16	9.89315e-16	9.89315e-16	9.89315e-16	9.89315e-16	9.89315e-16	9.89315e-16	9.89315e-16	9.89315e-16	9.89315e-16	9.89315e-16	9.89315e-16	9.89315e-16	9.89315e-16	9.89315e-16	9.89315e-16	9.89315e-16	9.89315e-16	9.89315e-16	9.89315e-16	9.89315e-16	9.89315e-16	9.89315e-16	9.89315e-16	9.89315e-16	9.89315e-16	9.89315e-16	9.89315e-16	9.89315e-16	9.89315e-16	9.89315e-16	9.89315e-16	9.89315e-16	9.89315e-16	9.89315e-16	9.89315e-16	9.89315e-16	9.89315e-16	9.89315e-16	9.89315e-16	9.89315e-16	9.89315e-16	9.89315e-16	9.89315e-16	9.89315e-16	9.89315e-16	9.89315e-16	9.89315e-16	9.89315e-16	9.89315e-16	9.89315e-16	9.89315e-16	9.89315e-16	9.89315e-16	9.89315e-16	9.89315e-16	9.89315e-16	9.89315e-16
23.80	7.21280e-35	2.96473e-34	6.39661e-34	1.16465e-33	1.96774e-33	3.19626e-33	5.07557e-33	7.95043e-33	1.23482e-32	1.90757e-32	2.93669e-32	4.51099e-32	6.91926e-32	1.06033e-31	1.62390e-31	2.48601e-31	3.80484e-31	5.82231e-31	8.90857e-31	1.36298e-30	2.08522e-30	3.19009e-30	4.88029e-30	7.46595e-30	1.14215e-29	1.74727e-29	2.67299e-29	4.08919e-29	6.25576e-29	9.57031e-29	1.46412e-28	2.23992e-28	3.42684e-28	5.24278e-28	8.02117e-28	1.22722e-27	1.87767e-27	2.87295e-27	4.39593e-27	6.72651e-27	1.02931e-26	1.57517e-26	2.41064e-26	3.68948e-26	5.64719e-26	8.64445e-26	1.32339e-25	2.02622e-25	3.10275e-25	4.75197e-25	7.27912e-25	1.11526e-24	1.70913e-24	2.61997e-24	4.01751e-24	6.16280e-24	9.45769e-24	1.45214e-23	2.23089e-23	3.42956e-23	5.27634e-23	8.12485e-23	1.25241e-22	1.93288e-22	2.98725e-22	4.62436e-22	7.17237e-22	1.11493e-21	1.73773e-21	2.71685e-21	4.26331e-21	6.71939e-21	1.06459e-20	1.69734e-20	2.72691e-20	4.42214e-20	7.25479e-20	1.20767e-19	2.04832e-19	3.56071e-19	6.40067e-19	1.20694e-18	2.44892e-18	5.63635e-18	1.70004e-17	1.49597e-16	6.98008e-16	7.43174e-16	7.60880e-16	7.72025e-16	7.80589e-16	7.87939e-16	7.94709e-16	8.01251e-16	8.07799e-16	8.14526e-16	8.21579e-16	8.29094e-16	8.37201e-16	8.46041e-16	8.50906e-16	8.50906e-16	8.50906e-16	8.50906e-16	8.50906e-16	8.50906e-16	8.50906e-16	8.50906e-16	8.50906e-16	8.50906e-16	8.50906e-16	8.50906e-16	8.50906e-16	8.50906e-16	8.50906e-16	8.50906e-16	8.50906e-16	8.50906e-16	8.50906e-16	8.50906e-16	8.50906e-16	8.50906e-16	8.50906e-16	8.50906e-16	8.50906e-16	8.50906e-16	8.50906e-16	8.50906e-16	8.50906e-16	8.50906e-16	8.50906e-16	8.50906e-16	8.50906e-16	8.50906e-16	8.50906e-16	8.50906e-16	8.50906e-16	8.50906e-16	8.50906e-16	8.50906e-16	8.50906e-16	8.50906e-16	8.50906e-16	8.50906e-16	8.50906e-16	8.50906e-16	8.50906e-16	8.50906e-16	8.50906e-16	8.50906e-16	8.50906e-16	8.50906e-16	8.50906e-16	8.50906e-16	8.50906e-16	8.50906e-16	8.50906e-16	8.50906e-16	8.50906e-16	8.50906e-16	8.50906e-16	8.50906e-16	8.50906e-16	8.50906e-16	8.50906e-16	8.50906e-16	8.50906e-16	8.50906e-16	8.50906e-16	8.50906e-16	8.50906e-16	8.50906e-16	8.50906e-16	8.50906e-16	8.50906e-16	8.50906e-16	8.50906e-16	8.50906e-16	8.50906e-16	8.50906e-16	8.50906e-16	8.50906e-16	8.50906e-16	8.50906e-16	8.50906e-16
23.83	6.16549e-35	2.53425e-34	5.46782e-34	9.95540e-34	1.68202e-33	2.73216e-33	4.33859e-33	6.79601e-33	1.05552e-32	1.63058e-32	2.51028e-32	3.85599e-32	5.91458e-32	9.06369e-32	1.38810e-31	2.12504e-31	3.25237e-31	4.97691e-31	7.61503e-31	1.16507e-30	1.78245e-30	2.72688e-30	4.17167e-30	6.38188e-30	9.76306e-30	1.49356e-29	2.28487e-29	3.49543e-29	5.34741e-29	8.18069e-29	1.25153e-28	1.91468e-28	2.92925e-28	4.48152e-28	6.85649e-28	1.04903e-27	1.60503e-27	2.45579e-27	3.75764e-27	5.74981e-27	8.79856e-27	1.34645e-26	2.06061e-26	3.15376e-26	4.82721e-26	7.38926e-26	1.13123e-25	1.73201e-25	2.65222e-25	4.06198e-25	6.22218e-25	9.53320e-25	1.46096e-24	2.23955e-24	3.43416e-24	5.26795e-24	8.08442e-24	1.24128e-23	1.90696e-23	2.93158e-23	4.51021e-23	6.94511e-23	1.07056e-22	1.65222e-22	2.55350e-22	3.95289e-22	6.13093e-22	9.53044e-22	1.48541e-21	2.32236e-21	3.64427e-21	5.74372e-21	9.10012e-21	1.45089e-20	2.33096e-20	3.78004e-20	6.20138e-20	1.03232e-19	1.75090e-19	3.04369e-19	5.47129e-19	1.03169e-18	2.09333e-18	4.81795e-18	1.45319e-17	1.27875e-16	5.96656e-16	6.35264e-16	6.50399e-16	6.59926e-16	6.67246e-16	6.73529e-16	6.79316e-16	6.84908e-16	6.90505e-16	6.96256e-16	7.02285e-16	7.08708e-16	7.15639e-16	7.23195e-16	7.31504e-16	7.32086e-16	7.32086e-16	7.32086e-16	7.32086e-16	7.32086e-16	7.32086e-16	7.32086e-16	7.32086e-16	7.32086e-16	7.32086e-16	7.32086e-16	7.32086e-16	7.32086e-16	7.32086e-16	7.32086e-16	7.32086e-16	7.32086e-16	7.32086e-16	7.32086e-16	7.32086e-16	7.32086e-16	7.32086e-16	7.32086e-16	7.32086e-16	7.32086e-16	7.32086e-16	7.32086e-16	7.32086e-16	7.32086e-16	7.32086e-16	7.32086e-16	7.32086e-16	7.32086e-16	7.32086e-16	7.32086e-16	7.32086e-16	7.32086e-16	7.32086e-16	7.32086e-16	7.32086e-16	7.32086e-16	7.32086e-16	7.32086e-16	7.32086e-16	7.32086e-16	7.32086e-16	7.32086e-16	7.32086e-16	7.32086e-16	7.32086e-16	7.32086e-16	7.32086e-16	7.32086e-16	7.32086e-16	7.32086e-16	7.32086e-16	7.32086e-16	7.32086e-16	7.32086e-16	7.32086e-16	7.32086e-16	7.32086e-16	7.32086e-16	7.32086e-16	7.32086e-16	7.32086e-16	7.32086e-16	7.32086e-16	7.32086e-16	7.32086e-16	7.32086e-16	7.32086e-16	7.32086e-16	7.32086e-16	7.32086e-16	7.32086e-16	7.32086e-16	7.32086e-16	7.32086e-16	7.32086e-16	7.32086e-16	7.32086e-16	7.32086e-16	7.32086e-16
23.87	5.27025e-35	2.16627e-34	4.67388e-34	8.50986e-34	1.43779e-33	2.33545e-33	3.70862e-33	5.80922e-33	9.02259e-33	1.39382e-32	2.14578e-32	3.29609e-32	5.05577e-32	7.74763e-32	1.18655e-31	1.81648e-31	2.78012e-31	4.25425e-31	6.50932e-31	9.95904e-31	1.52363e-30	2.33094e-30	3.56594e-30	5.45522e-30	8.34545e-30	1.27669e-29	1.95310e-29	2.98789e-29	4.57096e-29	6.99284e-29	1.06980e-28	1.63666e-28	2.50392e-28	3.83080e-28	5.86092e-28	8.96708e-28	1.37198e-27	2.09921e-27	3.21202e-27	4.91493e-27	7.52099e-27	1.15095e-26	1.76141e-26	2.69583e-26	4.12629e-26	6.31633e-26	9.66973e-26	1.48052e-25	2.26712e-25	3.47217e-25	5.31871e-25	8.14897e-25	1.24883e-24	1.91436e-24	2.93551e-24	4.50303e-24	6.91055e-24	1.06105e-23	1.63007e-23	2.50591e-23	3.85532e-23	5.93667e-23	9.15115e-23	1.41232e-22	2.18273e-22	3.37893e-22	5.24071e-22	8.14661e-22	1.26972e-21	1.98515e-21	3.11512e-21	4.90972e-21	7.77877e-21	1.24022e-20	1.99250e-20	3.23117e-20	5.30093e-20	8.82424e-20	1.49667e-19	2.60174e-19	4.67685e-19	8.81887e-19	1.78938e-18	4.11837e-18	1.24218e-17	1.09308e-16	5.10021e-16	5.43023e-16	5.55960e-16	5.64104e-16	5.70361e-16	5.75732e-16	5.80678e-16	5.85458e-16	5.90243e-16	5.95158e-16	6.00312e-16	6.05802e-16	6.11727e-16	6.18186e-16	6.25288e-16	6.30067e-16	6.30067e-16	6.30067e-16	6.30067e-16	6.30067e-16	6.30067e-16	6.30067e-16	6.30067e-16	6.30067e-16	6.30067e-16	6.30067e-16	6.30067e-16	6.30067e-16	6.30067e-16	6.30067e-16	6.30067e-16	6.30067e-16	6.30067e-16	6.30067e-16	6.30067e-16	6.30067e-16	6.30067e-16	6.30067e-16	6.30067e-16	6.30067e-16	6.30067e-16	6.30067e-16	6.30067e-16	6.30067e-16	6.30067e-16	6.30067e-16	6.30067e-16	6.30067e-16	6.30067e-16	6.30067e-16	6.30067e-16	6.30067e-16	6.30067e-16	6.30067e-16	6.30067e-16	6.30067e-16	6.30067e-16	6.30067e-16	6.30067e-16	6.30067e-16	6.30067e-16	6.30067e-16	6.30067e-16	6.30067e-16	6.30067e-16	6.30067e-16	6.30067e-16	6.30067e-16	6.30067e-16	6.30067e-16	6.30067e-16	6.30067e-16	6.30067e-16	6.30067e-16	6.30067e-16	6.30067e-16	6.30067e-16	6.30067e-16	6.30067e-16	6.30067e-16	6.30067e-16	6.30067e-16	6.30067e-16	6.30067e-16	6.30067e-16	6.30067e-16	6.30067e-16	6.30067e-16	6.30067e-16	6.30067e-16	6.30067e-16	6.30067e-16	6.30067e-16	6.30067e-16	6.30067e-16	6.30067e-16	6.30067e-16	6.30067e-16	6.30067e-16
23.90	4.50500e-35	1.85172e-34	3.99523e-34	7.27422e-34	1.22902e-33	1.99633e-33	3.17012e-33	4.96571e-33	7.71250e-33	1.19144e-32	1.83421e-32	2.81749e-32	4.32166e-32	6.62266e-32	1.01426e-31	1.55272e-31	2.37644e-31	3.63653e-31	5.56416e-31	8.51297e-31	1.30240e-30	1.99248e-30	3.04816e-30	4.66312e-30	7.13368e-30	1.09132e-29	1.66951e-29	2.55404e-29	3.90725e-29	5.97747e-29	9.14466e-29	1.39902e-28	2.14035e-28	3.27456e-28	5.00990e-28	7.66505e-28	1.17276e-27	1.79440e-27	2.74563e-27	4.20127e-27	6.42893e-27	9.83827e-27	1.50565e-26	2.30439e-26	3.52715e-26	5.39919e-26	8.26567e-26	1.26555e-25	1.93793e-25	2.96801e-25	4.54643e-25	6.96572e-25	1.06750e-24	1.63639e-24	2.50927e-24	3.84919e-24	5.90713e-24	9.06982e-24	1.39338e-23	2.14205e-23	3.29552e-23	5.07465e-23	7.82239e-23	1.20725e-22	1.86579e-22	2.88830e-22	4.47975e-22	6.96371e-22	1.08536e-21	1.69690e-21	2.66280e-21	4.19682e-21	6.64928e-21	1.06013e-20	1.70319e-20	2.76200e-20	4.53123e-20	7.54294e-20	1.27935e-19	2.22397e-19	3.99776e-19	7.53836e-19	1.52956e-18	3.52038e-18	1.06182e-17	9.34359e-17	4.35965e-16	4.64175e-16	4.75234e-16	4.82195e-16	4.87544e-16	4.92135e-16	4.96363e-16	5.00449e-16	5.04538e-16	5.08740e-16	5.13146e-16	5.17839e-16	5.22903e-16	5.28424e-16	5.34495e-16	5.41219e-16	5.42461e-16	5.42461e-16	5.42461e-16	5.42461e-16	5.42461e-16	5.42461e-16	5.42461e-16	5.42461e-16	5.42461e-16	5.42461e-16	5.42461e-16	5.42461e-16	5.42461e-16	5.42461e-16	5.42461e-16	5.42461e-16	5.42461e-16	5.42461e-16	5.42461e-16	5.42461e-16	5.42461e-16	5.42461e-16	5.42461e-16	5.42461e-16	5.42461e-16	5.42461e-16	5.42461e-16	5.42461e-16	5.42461e-16	5.42461e-16	5.42461e-16	5.42461e-16	5.42461e-16	5.42461e-16	5.42461e-16	5.42461e-16	5.42461e-16	5.42461e-16	5.42461e-16	5.42461e-16	5.42461e-16	5.42461e-16	5.42461e-16	5.42461e-16	5.42461e-16	5.42461e-16	5.42461e-16	5.42461e-16	5.42461e-16	5.42461e-16	5.42461e-16	5.42461e-16	5.42461e-16	5.42461e-16	5.42461e-16	5.42461e-16	5.42461e-16	5.42461e-16	5.42461e-16	5.42461e-16	5.42461e-16	5.42461e-16	5.42461e-16	5.42461e-16	5.42461e-16	5.42461e-16	5.42461e-16	5.42461e-16	5.42461e-16	5.42461e-16	5.42461e-16	5.42461e-16	5.42461e-16	5.42461e-16	5.42461e-16	5.42461e-16	5.42461e-16	5.42461e-16	5.42461e-16	5.42461e-16	5.42461e-16	5.42461e-16	5.42461e-16
23.93	3.85087e-35	1.58285e-34	3.41511e-34	6.21799e-34	1.05056e-33	1.70646e-33	2.70982e-33	4.24468e-33	6.59263e-33	1.01844e-32	1.56788e-32	2.40839e-32	3.69415e-32	5.66104e-32	8.66989e-32	1.32727e-31	2.03138e-31	3.10850e-31	4.75623e-31	7.27688e-31	1.11329e-30	1.70317e-30	2.60556e-30	3.98602e-30	6.09786e-30	9.32855e-30	1.42709e-29	2.18319e-29	3.33991e-29	5.10953e-29	7.81684e-29	1.19588e-28	1.82957e-28	2.79909e-28	4.28246e-28	6.55207e-28	1.00248e-27	1.53385e-27	2.34696e-27	3.59124e-27	5.49544e-27	8.40973e-27	1.28702e-26	1.96979e-26	3.01500e-26	4.61522e-26	7.06548e-26	1.08179e-25	1.65654e-25	2.53705e-25	3.88628e-25	5.95429e-25	9.12495e-25	1.39879e-24	2.14492e-24	3.29028e-24	5.04940e-24	7.75287e-24	1.19106e-23	1.83102e-23	2.81701e-23	4.33781e-23	6.68656e-23	1.03195e-22	1.59488e-22	2.46891e-22	3.82928e-22	5.95257e-22	9.27763e-22	1.45051e-21	2.27616e-21	3.58744e-21	5.68379e-21	9.06202e-21	1.45588e-20	2.36095e-20	3.87329e-20	6.44770e-20	1.09359e-19	1.90104e-19	3.41728e-19	6.44378e-19	1.30746e-18	3.00922e-18	9.07639e-18	7.98689e-17	3.72662e-16	3.96776e-16	4.06229e-16	4.12180e-16	4.16752e-16	4.20676e-16	4.24290e-16	4.27783e-16	4.31279e-16	4.34870e-16	4.38636e-16	4.42648e-16	4.46977e-16	4.51696e-16	4.56886e-16	4.62633e-16	4.67218e-16	4.67218e-16	4.67218e-16	4.67218e-16	4.67218e-16	4.67218e-16	4.67218e-16	4.67218e-16	4.67218e-16	4.67218e-16	4.67218e-16	4.67218e-16	4.67218e-16	4.67218e-16	4.67218e-16	4.67218e-16	4.67218e-16	4.67218e-16	4.67218e-16	4.67218e-16	4.67218e-16	4.67218e-16	4.67218e-16	4.67218e-16	4.67218e-16	4.67218e-16	4.67218e-16	4.67218e-16	4.67218e-16	4.67218e-16	4.67218e-16	4.67218e-16	4.67218e-16	4.67218e-16	4.67218e-16	4.67218e-16	4.67218e-16	4.67218e-16	4.67218e-16	4.67218e-16	4.67218e-16	4.67218e-16	4.67218e-16	4.67218e-16	4.67218e-16	4.67218e-16	4.67218e-16	4.67218e-16	4.67218e-16	4.67218e-16	4.67218e-16	4.67218e-16	4.67218e-16	4.67218e-16	4.67218e-16	4.67218e-16	4.67218e-16	4.67218e-16	4.67218e-16	4.67218e-16	4.67218e-16	4.67218e-16	4.67218e-16	4.67218e-16	4.67218e-16	4.67218e-16	4.67218e-16	4.67218e-16	4.67218e-16	4.67218e-16	4.67218e-16	4.67218e-16	4.67218e-16	4.67218e-16	4.67218e-16	4.67218e-16	4.67218e-16	4.67218e-16	4.67218e-16	4.67218e-16	4.67218e-16	4.67218e-16	4.67218e-16
23.97	3.29172e-35	1.35302e-34	2.91923e-34	5.31513e-34	8.98021e-34	1.45868e-33	2.31635e-33	3.62835e-33	5.63537e-33	8.70559e-33	1.34022e-32	2.05869e-32	3.15776e-32	4.83905e-32	7.41101e-32	1.13455e-31	1.73642e-31	2.65714e-31	4.06562e-31	6.22026e-31	9.51637e-31	1.45587e-30	2.22723e-30	3.40725e-30	5.21244e-30	7.97403e-30	1.21988e-29	1.86619e-29	2.85495e-29	4.36762e-29	6.68182e-29	1.02223e-28	1.56391e-28	2.39266e-28	3.66064e-28	5.60070e-28	8.56916e-28	1.31113e-27	2.00618e-27	3.06979e-27	4.69750e-27	7.18863e-27	1.10015e-26	1.68378e-26	2.57722e-26	3.94508e-26	6.03956e-26	9.24710e-26	1.41601e-25	2.16866e-25	3.32199e-25	5.08972e-25	7.79999e-25	1.19568e-24	1.83348e-24	2.81253e-24	4.31622e-24	6.62714e-24	1.01812e-23	1.56516e-23	2.40797e-23	3.70795e-23	5.71566e-23	8.82112e-23	1.36330e-22	2.11042e-22	3.27327e-22	5.08824e-22	7.93050e-22	1.23989e-21	1.94566e-21	3.06654e-21	4.85850e-21	7.74620e-21	1.24449e-20	2.01814e-20	3.31088e-20	5.51148e-20	9.34797e-20	1.62501e-19	2.92109e-19	5.50813e-19	1.11762e-18	2.57227e-18	7.75848e-18	6.82718e-17	3.18551e-16	3.39164e-16	3.47244e-16	3.52330e-16	3.56239e-16	3.59593e-16	3.62682e-16	3.65668e-16	3.68656e-16	3.71727e-16	3.74946e-16	3.78375e-16	3.82075e-16	3.86109e-16	3.90545e-16	3.95458e-16	4.00930e-16	4.02580e-16	4.02580e-16	4.02580e-16	4.02580e-16	4.02580e-16	4.02580e-16	4.02580e-16	4.02580e-16	4.02580e-16	4.02580e-16	4.02580e-16	4.02580e-16	4.02580e-16	4.02580e-16	4.02580e-16	4.02580e-16	4.02580e-16	4.02580e-16	4.02580e-16	4.02580e-16	4.02580e-16	4.02580e-16	4.02580e-16	4.02580e-16	4.02580e-16	4.02580e-16	4.02580e-16	4.02580e-16	4.02580e-16	4.02580e-16	4.02580e-16	4.02580e-16	4.02580e-16	4.02580e-16	4.02580e-16	4.02580e-16	4.02580e-16	4.02580e-16	4.02580e-16	4.02580e-16	4.02580e-16	4.02580e-16	4.02580e-16	4.02580e-16	4.02580e-16	4.02580e-16	4.02580e-16	4.02580e-16	4.02580e-16	4.02580e-16	4.02580e-16	4.02580e-16	4.02580e-16	4.02580e-16	4.02580e-16	4.02580e-16	4.02580e-16	4.02580e-16	4.02580e-16	4.02580e-16	4.02580e-16	4.02580e-16	4.02580e-16	4.02580e-16	4.02580e-16	4.02580e-16	4.02580e-16	4.02580e-16	4.02580e-16	4.02580e-16	4.02580e-16	4.02580e-16	4.02580e-16	4.02580e-16	4.02580e-16	4.02580e-16	4.02580e-16	4.02580e-16	4.02580e-16	4.02580e-16	4.02580e-16	4.02580e-16
24.00	2.81376e-35	1.15656e-34	2.49536e-34	4.54336e-34	7.67627e-34	1.24688e-33	1.98001e-33	3.10151e-33	4.81711e-33	7.44152e-33	1.14562e-32	1.75976e-32	2.69924e-32	4.13641e-32	6.33492e-32	9.69808e-32	1.48429e-31	2.27132e-31	3.47529e-31	5.31707e-31	8.13458e-31	1.24447e-30	1.90383e-30	2.91251e-30	4.45558e-30	6.81619e-30	1.04275e-29	1.59522e-29	2.44041e-29	3.73343e-29	5.71161e-29	8.73804e-29	1.33683e-28	2.04524e-28	3.12911e-28	4.78747e-28	7.32491e-28	1.12075e-27	1.71488e-27	2.62405e-27	4.01541e-27	6.14483e-27	9.40404e-27	1.43929e-26	2.20300e-26	3.37225e-26	5.16261e-26	7.90441e-26	1.21040e-25	1.85377e-25	2.83963e-25	4.35068e-25	6.66742e-25	1.02207e-24	1.56725e-24	2.40414e-24	3.68950e-24	5.66487e-24	8.70284e-24	1.33789e-23	2.05833e-23	3.16955e-23	4.88574e-23	7.54028e-23	1.16534e-22	1.80399e-22	2.79798e-22	4.34942e-22	6.77898e-22	1.05986e-21	1.66314e-21	2.62127e-21	4.15304e-21	6.62144e-21	1.06378e-20	1.72510e-20	2.83014e-20	4.71121e-20	7.99063e-20	1.38906e-19	2.49694e-19	4.70834e-19	9.55337e-19	2.19877e-18	6.63194e-18	5.83586e-17	2.72297e-16	2.89917e-16	2.96824e-16	3.01172e-16	3.04512e-16	3.07380e-16	3.10020e-16	3.12573e-16	3.15127e-16	3.17751e-16	3.20503e-16	3.23434e-16	3.26597e-16	3.30046e-16	3.33838e-16	3.38037e-16	3.42714e-16	3.47041e-16	3.47041e-16	3.47041e-16	3.47041e-16	3.47041e-16	3.47041e-16	3.47041e-16	3.47041e-16	3.47041e-16	3.47041e-16	3.47041e-16	3.47041e-16	3.47041e-16	3.47041e-16	3.47041e-16	3.47041e-16	3.47041e-16	3.47041e-16	3.47041e-16	3.47041e-16	3.47041e-16	3.47041e-16	3.47041e-16	3.47041e-16	3.47041e-16	3.47041e-16	3.47041e-16	3.47041e-16	3.47041e-16	3.47041e-16	3.47041e-16	3.47041e-16	3.47041e-16	3.47041e-16	3.47041e-16	3.47041e-16	3.47041e-16	3.47041e-16	3.47041e-16	3.47041e-16	3.47041e-16	3.47041e-16	3.47041e-16	3.47041e-16	3.47041e-16	3.47041e-16	3.47041e-16	3.47041e-16	3.47041e-16	3.47041e-16	3.47041e-16	3.47041e-16	3.47041e-16	3.47041e-16	3.47041e-16	3.47041e-16	3.47041e-16	3.47041e-16	3.47041e-16	3.47041e-16	3.47041e-16	3.47041e-16	3.47041e-16	3.47041e-16	3.47041e-16	3.47041e-16	3.47041e-16	3.47041e-16	3.47041e-16	3.47041e-16	3.47041e-16	3.47041e-16	3.47041e-16	3.47041e-16	3.47041e-16	3.47041e-16	3.47041e-16	3.47041e-16	3.47041e-16	3.47041e-16	3.47041e-16	3.47041e-16
24.04	2.40519e-35	9.88624e-35	2.13303e-34	3.88366e-34	6.56167e-34	1.06583e-33	1.69251e-33	2.65116e-33	4.11765e-33	6.36100e-33	9.79275e-33	1.50424e-32	2.30731e-32	3.53580e-32	5.41508e-32	8.28990e-32	1.26877e-31	1.94152e-31	2.97067e-31	4.54502e-31	6.95342e-31	1.06377e-30	1.62739e-30	2.48961e-30	3.80863e-30	5.82647e-30	8.91340e-30	1.36359e-29	2.08606e-29	3.19133e-29	4.88228e-29	7.46927e-29	1.14272e-28	1.74827e-28	2.67476e-28	4.09232e-28	6.26132e-28	9.58019e-28	1.46588e-27	2.24303e-27	3.43237e-27	5.25259e-27	8.03856e-27	1.23030e-26	1.88312e-26	2.88259e-26	4.41299e-26	6.75668e-26	1.03465e-25	1.58460e-25	2.42731e-25	3.71896e-25	5.69930e-25	8.73660e-25	1.33969e-24	2.05506e-24	3.15378e-24	4.84232e-24	7.43918e-24	1.14363e-23	1.75946e-23	2.70933e-23	4.17632e-23	6.44542e-23	9.96135e-23	1.54205e-22	2.39171e-22	3.71788e-22	5.79466e-22	9.05965e-22	1.42165e-21	2.24066e-21	3.55001e-21	5.66000e-21	9.09321e-21	1.47461e-20	2.41920e-20	4.02713e-20	6.83038e-20	1.18736e-19	2.13438e-19	4.02468e-19	8.16621e-19	1.87951e-18	5.66897e-18	4.98849e-17	2.32759e-16	2.47820e-16	2.53724e-16	2.57441e-16	2.60297e-16	2.62748e-16	2.65005e-16	2.67187e-16	2.69370e-16	2.71613e-16	2.73965e-16	2.76471e-16	2.79175e-16	2.82122e-16	2.85364e-16	2.88953e-16	2.92951e-16	2.97427e-16	2.99309e-16	2.99309e-16	2.99309e-16	2.99309e-16	2.99309e-16	2.99309e-16	2.99309e-16	2.99309e-16	2.99309e-16	2.99309e-16	2.99309e-16	2.99309e-16	2.99309e-16	2.99309e-16	2.99309e-16	2.99309e-16	2.99309e-16	2.99309e-16	2.99309e-16	2.99309e-16	2.99309e-16	2.99309e-16	2.99309e-16	2.99309e-16	2.99309e-16	2.99309e-16	2.99309e-16	2.99309e-16	2.99309e-16	2.99309e-16	2.99309e-16	2.99309e-16	2.99309e-16	2.99309e-16	2.99309e-16	2.99309e-16	2.99309e-16	2.99309e-16	2.99309e-16	2.99309e-16	2.99309e-16	2.99309e-16	2.99309e-16	2.99309e-16	2.99309e-16	2.99309e-16	2.99309e-16	2.99309e-16	2.99309e-16	2.99309e-16	2.99309e-16	2.99309e-16	2.99309e-16	2.99309e-16	2.99309e-16	2.99309e-16	2.99309e-16	2.99309e-16	2.99309e-16	2.99309e-16	2.99309e-16	2.99309e-16	2.99309e-16	2.99309e-16	2.99309e-16	2.99309e-16	2.99309e-16	2.99309e-16	2.99309e-16	2.99309e-16	2.99309e-16	2.99309e-16	2.99309e-16	2.99309e-16	2.99309e-16	2.99309e-16	2.99309e-16	2.99309e-16	2.99309e-16	2.99309e-16	2.99309e-16
24.07	2.05596e-35	8.45075e-35	1.82331e-34	3.31975e-34	5.60890e-34	9.11071e-34	1.44675e-33	2.26621e-33	3.51976e-33	5.43738e-33	8.37083e-33	1.28582e-32	1.97229e-32	3.02240e-32	4.62880e-32	7.08620e-32	1.08454e-31	1.65961e-31	2.53932e-31	3.88508e-31	5.94378e-31	9.09312e-31	1.39109e-30	2.12811e-30	3.25561e-30	4.98046e-30	7.61916e-30	1.16559e-29	1.78316e-29	2.72795e-29	4.17336e-29	6.38472e-29	9.76794e-29	1.49442e-28	2.28638e-28	3.49811e-28	5.35217e-28	8.18914e-28	1.25303e-27	1.91734e-27	2.93398e-27	4.48991e-27	6.87135e-27	1.05166e-26	1.60969e-26	2.46404e-26	3.77222e-26	5.77560e-26	8.84415e-26	1.35451e-25	2.07486e-25	3.17896e-25	4.87175e-25	7.46803e-25	1.14516e-24	1.75666e-24	2.69584e-24	4.13921e-24	6.35900e-24	9.77572e-24	1.50398e-23	2.31593e-23	3.56992e-23	5.50953e-23	8.51495e-23	1.31814e-22	2.04443e-22	3.17804e-22	4.95327e-22	7.74418e-22	1.21523e-21	1.91531e-21	3.03454e-21	4.83816e-21	7.77287e-21	1.26050e-20	2.06792e-20	3.44239e-20	5.83860e-20	1.01496e-19	1.82446e-19	3.44029e-19	6.98046e-19	1.60660e-18	4.84583e-18	4.26415e-17	1.98962e-16	2.11836e-16	2.16883e-16	2.20060e-16	2.22501e-16	2.24596e-16	2.26526e-16	2.28391e-16	2.30257e-16	2.32175e-16	2.34185e-16	2.36327e-16	2.38638e-16	2.41158e-16	2.43929e-16	2.46997e-16	2.50414e-16	2.54240e-16	2.58268e-16	2.58276e-16	2.58276e-16	2.58276e-16	2.58276e-16	2.58276e-16	2.58276e-16	2.58276e-16	2.58276e-16	2.58276e-16	2.58276e-16	2.58276e-16	2.58276e-16	2.58276e-16	2.58276e-16	2.58276e-16	2.58276e-16	2.58276e-16	2.58276e-16	2.58276e-16	2.58276e-16	2.58276e-16	2.58276e-16	2.58276e-16	2.58276e-16	2.58276e-16	2.58276e-16	2.58276e-16	2.58276e-16	2.58276e-16	2.58276e-16	2.58276e-16	2.58276e-16	2.58276e-16	2.58276e-16	2.58276e-16	2.58276e-16	2.58276e-16	2.58276e-16	2.58276e-16	2.58276e-16	2.58276e-16	2.58276e-16	2.58276e-16	2.58276e-16	2.58276e-16	2.58276e-16	2.58276e-16	2.58276e-16	2.58276e-16	2.58276e-16	2.58276e-16	2.58276e-16	2.58276e-16	2.58276e-16	2.58276e-16	2.58276e-16	2.58276e-16	2.58276e-16	2.58276e-16	2.58276e-16	2.58276e-16	2.58276e-16	2.58276e-16	2.58276e-16	2.58276e-16	2.58276e-16	2.58276e-16	2.58276e-16	2.58276e-16	2.58276e-16	2.58276e-16	2.58276e-16	2.58276e-16	2.58276e-16	2.58276e-16	2.58276e-16	2.58276e-16	2.58276e-16	2.58276e-16	2.58276e-16
24.10	1.75743e-35	7.22368e-35	1.55856e-34	2.83771e-34	4.79448e-34	7.78782e-34	1.23668e-33	1.93715e-33	3.00869e-33	4.64786e-33	7.15537e-33	1.09912e-32	1.68591e-32	2.58354e-32	3.95669e-32	6.05727e-32	9.27064e-32	1.41863e-31	2.17061e-31	3.32096e-31	5.08073e-31	7.77278e-31	1.18910e-30	1.81911e-30	2.78289e-30	4.25729e-30	6.51285e-30	9.96347e-30	1.52424e-29	2.33184e-29	3.56738e-29	5.45765e-29	8.34962e-29	1.27742e-28	1.95439e-28	2.99018e-28	4.57502e-28	7.00006e-28	1.07109e-27	1.63894e-27	2.50796e-27	3.83796e-27	5.87362e-27	8.98957e-27	1.37596e-26	2.10625e-26	3.22448e-26	4.93697e-26	7.55997e-26	1.15784e-25	1.77359e-25	2.71737e-25	4.16437e-25	6.38366e-25	9.78882e-25	1.50159e-24	2.30440e-24	3.53819e-24	5.43566e-24	8.35627e-24	1.28560e-23	1.97965e-23	3.05156e-23	4.70954e-23	7.27856e-23	1.12674e-22	1.74758e-22	2.71658e-22	4.23404e-22	6.61971e-22	1.03877e-21	1.63721e-21	2.59392e-21	4.13565e-21	6.64423e-21	1.07747e-20	1.76766e-20	2.94255e-20	4.99083e-20	8.67582e-20	1.55955e-19	2.94076e-19	5.96689e-19	1.37332e-18	4.14221e-18	3.64499e-17	1.70072e-16	1.81077e-16	1.85391e-16	1.88107e-16	1.90194e-16	1.91985e-16	1.93634e-16	1.95228e-16	1.96823e-16	1.98463e-16	2.00181e-16	2.02012e-16	2.03987e-16	2.06141e-16	2.08510e-16	2.11132e-16	2.14054e-16	2.17324e-16	2.21000e-16	2.22991e-16	2.22991e-16	2.22991e-16	2.22991e-16	2.22991e-16	2.22991e-16	2.22991e-16	2.22991e-16	2.22991e-16	2.22991e-16	2.22991e-16	2.22991e-16	2.22991e-16	2.22991e-16	2.22991e-16	2.22991e-16	2.22991e-16	2.22991e-16	2.22991e-16	2.22991e-16	2.22991e-16	2.22991e-16	2.22991e-16	2.22991e-16	2.22991e-16	2.22991e-16	2.22991e-16	2.22991e-16	2.22991e-16	2.22991e-16	2.22991e-16	2.22991e-16	2.22991e-16	2.22991e-16	2.22991e-16	2.22991e-16	2.22991e-16	2.22991e-16	2.22991e-16	2.22991e-16	2.22991e-16	2.22991e-16	2.22991e-16	2.22991e-16	2.22991e-16	2.22991e-16	2.22991e-16	2.22991e-16	2.22991e-16	2.22991e-16	2.22991e-16	2.22991e-16	2.22991e-16	2.22991e-16	2.22991e-16	2.22991e-16	2.22991e-16	2.22991e-16	2.22991e-16	2.22991e-16	2.22991e-16	2.22991e-16	2.22991e-16	2.22991e-16	2.22991e-16	2.22991e-16	2.22991e-16	2.22991e-16	2.22991e-16	2.22991e-16	2.22991e-16	2.22991e-16	2.22991e-16	2.22991e-16	2.22991e-16	2.22991e-16	2.22991e-16	2.22991e-16	2.22991e-16	2.22991e-16
24.14	1.50225e-35	6.17479e-35	1.33226e-34	2.42567e-34	4.09831e-34	6.65701e-34	1.05712e-33	1.65588e-33	2.57182e-33	3.97298e-33	6.11640e-33	9.39527e-33	1.44111e-32	2.20841e-32	3.38217e-32	5.17774e-32	7.92453e-32	1.21264e-31	1.85543e-31	2.83875e-31	4.34300e-31	6.64416e-31	1.01644e-30	1.55497e-30	2.37881e-30	3.63912e-30	5.56717e-30	8.51676e-30	1.30292e-29	1.99326e-29	3.04939e-29	4.66519e-29	7.13725e-29	1.09194e-28	1.67061e-28	2.55600e-28	3.91072e-28	5.98364e-28	9.15563e-28	1.40096e-27	2.14380e-27	3.28069e-27	5.02076e-27	7.68427e-27	1.17617e-26	1.80042e-26	2.75628e-26	4.22012e-26	6.46225e-26	9.89717e-26	1.51606e-25	2.32280e-25	3.55970e-25	5.45675e-25	8.36747e-25	1.28356e-24	1.96980e-24	3.02444e-24	4.64639e-24	7.14292e-24	1.09893e-23	1.69220e-23	2.60847e-23	4.02571e-23	6.22170e-23	9.63138e-23	1.49383e-22	2.32213e-22	3.61926e-22	5.65852e-22	8.87942e-22	1.39948e-21	2.21728e-21	3.53515e-21	5.67948e-21	9.21021e-21	1.51099e-20	2.51528e-20	4.26615e-20	7.41608e-20	1.33310e-19	2.51376e-19	5.10049e-19	1.17391e-18	3.54075e-18	3.11573e-17	1.45378e-16	1.54785e-16	1.58472e-16	1.60794e-16	1.62577e-16	1.64108e-16	1.65518e-16	1.66881e-16	1.68244e-16	1.69645e-16	1.71115e-16	1.72680e-16	1.74368e-16	1.76209e-16	1.78234e-16	1.80476e-16	1.82973e-16	1.85768e-16	1.88911e-16	1.92455e-16	1.92640e-16	1.92640e-16	1.92640e-16	1.92640e-16	1.92640e-16	1.92640e-16	1.92640e-16	1.92640e-16	1.92640e-16	1.92640e-16	1.92640e-16	1.92640e-16	1.92640e-16	1.92640e-16	1.92640e-16	1.92640e-16	1.92640e-16	1.92640e-16	1.92640e-16	1.92640e-16	1.92640e-16	1.92640e-16	1.92640e-16	1.92640e-16	1.92640e-16	1.92640e-16	1.92640e-16	1.92640e-16	1.92640e-16	1.92640e-16	1.92640e-16	1.92640e-16	1.92640e-16	1.92640e-16	1.92640e-16	1.92640e-16	1.92640e-16	1.92640e-16	1.92640e-16	1.92640e-16	1.92640e-16	1.92640e-16	1.92640e-16	1.92640e-16	1.92640e-16	1.92640e-16	1.92640e-16	1.92640e-16	1.92640e-16	1.92640e-16	1.92640e-16	1.92640e-16	1.92640e-16	1.92640e-16	1.92640e-16	1.92640e-16	1.92640e-16	1.92640e-16	1.92640e-16	1.92640e-16	1.92640e-16	1.92640e-16	1.92640e-16	1.92640e-16	1.92640e-16	1.92640e-16	1.92640e-16	1.92640e-16	1.92640e-16	1.92640e-16	1.92640e-16	1.92640e-16	1.92640e-16	1.92640e-16	1.92640e-16	1.92640e-16	1.92640e-16	1.92640e-16	1.92640e-16
24.17	1.28412e-35	5.27820e-35	1.13881e-34	2.07346e-34	3.50323e-34	5.69041e-34	9.03620e-34	1.41544e-33	2.19839e-33	3.39610e-33	5.22829e-33	8.03106e-33	1.23186e-32	1.88774e-32	2.89108e-32	4.42593e-32	6.77387e-32	1.03657e-31	1.58602e-31	2.42656e-31	3.71239e-31	5.67942e-31	8.68854e-31	1.32919e-30	2.03340e-30	3.11072e-30	4.75881e-30	7.28011e-30	1.11373e-29	1.70383e-29	2.60662e-29	3.98780e-29	6.10091e-29	9.33389e-29	1.42804e-28	2.18486e-28	3.34288e-28	5.11481e-28	7.82622e-28	1.19754e-27	1.83252e-27	2.80433e-27	4.29174e-27	6.56850e-27	1.00539e-26	1.53900e-26	2.35607e-26	3.60735e-26	5.52392e-26	8.46008e-26	1.29593e-25	1.98553e-25	3.04282e-25	4.66442e-25	7.15250e-25	1.09718e-24	1.68378e-24	2.58528e-24	3.97173e-24	6.10576e-24	9.39364e-24	1.44649e-23	2.22971e-23	3.44117e-23	5.31830e-23	8.23289e-23	1.27692e-22	1.98495e-22	3.09373e-22	4.83689e-22	7.59011e-22	1.19627e-21	1.89533e-21	3.02184e-21	4.85481e-21	7.87287e-21	1.29159e-20	2.15006e-20	3.64670e-20	6.33925e-20	1.13953e-19	2.14875e-19	4.35989e-19	1.00346e-18	3.02663e-18	2.66332e-17	1.24269e-16	1.32310e-16	1.35462e-16	1.37446e-16	1.38971e-16	1.40279e-16	1.41485e-16	1.42649e-16	1.43815e-16	1.45013e-16	1.46268e-16	1.47606e-16	1.49050e-16	1.50623e-16	1.52354e-16	1.54270e-16	1.56405e-16	1.58795e-16	1.61481e-16	1.64510e-16	1.66525e-16	1.66525e-16	1.66525e-16	1.66525e-16	1.66525e-16	1.66525e-16	1.66525e-16	1.66525e-16	1.66525e-16	1.66525e-16	1.66525e-16	1.66525e-16	1.66525e-16	1.66525e-16	1.66525e-16	1.66525e-16	1.66525e-16	1.66525e-16	1.66525e-16	1.66525e-16	1.66525e-16	1.66525e-16	1.66525e-16	1.66525e-16	1.66525e-16	1.66525e-16	1.66525e-16	1.66525e-16	1.66525e-16	1.66525e-16	1.66525e-16	1.66525e-16	1.66525e-16	1.66525e-16	1.66525e-16	1.66525e-16	1.66525e-16	1.66525e-16	1.66525e-16	1.66525e-16	1.66525e-16	1.66525e-16	1.66525e-16	1.66525e-16	1.66525e-16	1.66525e-16	1.66525e-16	1.66525e-16	1.66525e-16	1.66525e-16	1.66525e-16	1.66525e-16	1.66525e-16	1.66525e-16	1.66525e-16	1.66525e-16	1.66525e-16	1.66525e-16	1.66525e-16	1.66525e-16	1.66525e-16	1.66525e-16	1.66525e-16	1.66525e-16	1.66525e-16	1.66525e-16	1.66525e-16	1.66525e-16	1.66525e-16	1.66525e-16	1.66525e-16	1.66525e-16	1.66525e-16	1.66525e-16	1.66525e-16	1.66525e-16	1.66525e-16	1.66525e-16	1.66525e-16
24.21	1.09766e-35	4.51180e-35	9.73453e-35	1.77239e-34	2.99456e-34	4.86415e-34	7.72413e-34	1.20992e-33	1.87918e-33	2.90298e-33	4.46913e-33	6.86494e-33	1.05299e-32	1.61364e-32	2.47129e-32	3.78328e-32	5.79030e-32	8.86054e-32	1.35573e-31	2.07422e-31	3.17335e-31	4.85476e-31	7.42695e-31	1.13619e-30	1.73815e-30	2.65903e-30	4.06782e-30	6.22303e-30	9.52017e-30	1.45643e-29	2.22813e-29	3.40876e-29	5.21505e-29	7.97859e-29	1.22068e-28	1.86762e-28	2.85749e-28	4.37213e-28	6.68984e-28	1.02366e-27	1.56644e-27	2.39713e-27	3.66857e-27	5.61475e-27	8.59403e-27	1.31553e-26	2.01396e-26	3.08356e-26	4.72184e-26	7.23167e-26	1.10776e-25	1.69723e-25	2.60100e-25	3.98714e-25	6.11394e-25	9.37870e-25	1.43929e-24	2.20990e-24	3.39503e-24	5.21919e-24	8.02967e-24	1.23646e-23	1.90596e-23	2.94151e-23	4.54608e-23	7.03746e-23	1.09151e-22	1.69674e-22	2.64452e-22	4.13457e-22	6.48802e-22	1.02257e-21	1.62012e-21	2.58306e-21	4.14989e-21	6.72972e-21	1.10405e-20	1.83787e-20	3.11719e-20	5.41878e-20	9.74071e-20	1.83675e-19	3.72683e-19	8.57755e-19	2.58716e-18	2.27660e-17	1.06225e-16	1.13098e-16	1.15793e-16	1.17489e-16	1.18792e-16	1.19911e-16	1.20941e-16	1.21936e-16	1.22933e-16	1.23957e-16	1.25030e-16	1.26174e-16	1.27407e-16	1.28753e-16	1.30232e-16	1.31870e-16	1.33695e-16	1.35737e-16	1.38033e-16	1.40623e-16	1.43554e-16	1.44045e-16	1.44045e-16	1.44045e-16	1.44045e-16	1.44045e-16	1.44045e-16	1.44045e-16	1.44045e-16	1.44045e-16	1.44045e-16	1.44045e-16	1.44045e-16	1.44045e-16	1.44045e-16	1.44045e-16	1.44045e-16	1.44045e-16	1.44045e-16	1.44045e-16	1.44045e-16	1.44045e-16	1.44045e-16	1.44045e-16	1.44045e-16	1.44045e-16	1.44045e-16	1.44045e-16	1.44045e-16	1.44045e-16	1.44045e-16	1.44045e-16	1.44045e-16	1.44045e-16	1.44045e-16	1.44045e-16	1.44045e-16	1.44045e-16	1.44045e-16	1.44045e-16	1.44045e-16	1.44045e-16	1.44045e-16	1.44045e-16	1.44045e-16	1.44045e-16	1.44045e-16	1.44045e-16	1.44045e-16	1.44045e-16	1.44045e-16	1.44045e-16	1.44045e-16	1.44045e-16	1.44045e-16	1.44045e-16	1.44045e-16	1.44045e-16	1.44045e-16	1.44045e-16	1.44045e-16	1.44045e-16	1.44045e-16	1.44045e-16	1.44045e-16	1.44045e-16	1.44045e-16	1.44045e-16	1.44045e-16	1.44045e-16	1.44045e-16	1.44045e-16	1.44045e-16	1.44045e-16	1.44045e-16	1.44045e-16	1.44045e-16	1.44045e-16	1.44045e-16
24.24	9.38280e-36	3.85668e-35	8.32106e-35	1.51504e-34	2.55974e-34	4.15787e-34	6.60258e-34	1.03423e-33	1.60632e-33	2.48146e-33	3.82021e-33	5.86814e-33	9.00095e-33	1.37934e-32	2.11245e-32	3.23394e-32	4.94954e-32	7.57398e-32	1.15887e-31	1.77304e-31	2.71257e-31	4.14984e-31	6.34855e-31	9.71211e-31	1.48577e-30	2.27294e-30	3.47717e-30	5.31944e-30	8.13782e-30	1.24496e-29	1.90460e-29	2.91380e-29	4.45781e-29	6.82009e-29	1.04344e-28	1.59644e-28	2.44258e-28	3.73729e-28	5.71846e-28	8.75021e-28	1.33899e-27	2.04907e-27	3.13589e-27	4.79948e-27	7.34616e-27	1.12452e-26	1.72153e-26	2.63582e-26	4.03622e-26	6.18162e-26	9.46908e-26	1.45079e-25	2.22333e-25	3.40820e-25	5.22619e-25	8.01690e-25	1.23031e-24	1.88902e-24	2.90207e-24	4.46136e-24	6.86375e-24	1.05692e-23	1.62921e-23	2.51439e-23	3.88598e-23	6.01561e-23	9.33020e-23	1.45037e-22	2.26053e-22	3.53422e-22	5.54595e-22	8.74094e-22	1.38488e-21	2.20800e-21	3.54732e-21	5.75255e-21	9.43742e-21	1.57101e-20	2.66457e-20	4.63197e-20	8.32634e-20	1.57005e-19	3.18569e-19	7.33207e-19	2.21150e-18	1.94604e-17	9.08006e-17	9.66761e-17	9.89794e-17	1.00429e-16	1.01543e-16	1.02499e-16	1.03380e-16	1.04231e-16	1.05083e-16	1.05958e-16	1.06875e-16	1.07853e-16	1.08908e-16	1.10058e-16	1.11322e-16	1.12722e-16	1.14282e-16	1.16028e-16	1.17991e-16	1.20205e-16	1.22709e-16	1.24688e-16	1.24688e-16	1.24688e-16	1.24688e-16	1.24688e-16	1.24688e-16	1.24688e-16	1.24688e-16	1.24688e-16	1.24688e-16	1.24688e-16	1.24688e-16	1.24688e-16	1.24688e-16	1.24688e-16	1.24688e-16	1.24688e-16	1.24688e-16	1.24688e-16	1.24688e-16	1.24688e-16	1.24688e-16	1.24688e-16	1.24688e-16	1.24688e-16	1.24688e-16	1.24688e-16	1.24688e-16	1.24688e-16	1.24688e-16	1.24688e-16	1.24688e-16	1.24688e-16	1.24688e-16	1.24688e-16	1.24688e-16	1.24688e-16	1.24688e-16	1.24688e-16	1.24688e-16	1.24688e-16	1.24688e-16	1.24688e-16	1.24688e-16	1.24688e-16	1.24688e-16	1.24688e-16	1.24688e-16	1.24688e-16	1.24688e-16	1.24688e-16	1.24688e-16	1.24688e-16	1.24688e-16	1.24688e-16	1.24688e-16	1.24688e-16	1.24688e-16	1.24688e-16	1.24688e-16	1.24688e-16	1.24688e-16	1.24688e-16	1.24688e-16	1.24688e-16	1.24688e-16	1.24688e-16	1.24688e-16	1.24688e-16	1.24688e-16	1.24688e-16	1.24688e-16	1.24688e-16	1.24688e-16	1.24688e-16	1.24688e-16	1.24688e-16	1.24688e-16
24.27	8.02040e-36	3.29668e-35	7.11283e-35	1.29505e-34	2.18806e-34	3.55414e-34	5.64387e-34	8.84062e-34	1.37308e-33	2.12115e-33	3.26551e-33	5.01608e-33	7.69400e-33	1.17905e-32	1.80572e-32	2.76437e-32	4.23086e-32	6.47423e-32	9.90605e-32	1.51559e-31	2.31870e-31	3.54728e-31	5.42673e-31	8.30189e-31	1.27003e-30	1.94290e-30	2.97228e-30	4.54705e-30	6.95620e-30	1.06419e-29	1.62805e-29	2.49072e-29	3.81053e-29	5.82980e-29	8.91929e-29	1.36463e-28	2.08791e-28	3.19463e-28	4.88813e-28	7.47966e-28	1.14456e-27	1.75154e-27	2.68055e-27	4.10259e-27	6.27949e-27	9.61235e-27	1.47156e-26	2.25309e-26	3.45015e-26	5.28404e-26	8.09415e-26	1.24013e-25	1.90050e-25	2.91332e-25	4.46734e-25	6.85283e-25	1.05166e-24	1.61473e-24	2.48068e-24	3.81356e-24	5.86712e-24	9.03457e-24	1.39264e-23	2.14930e-23	3.32173e-23	5.14213e-23	7.97544e-23	1.23977e-22	1.93230e-22	3.02105e-22	4.74067e-22	7.47174e-22	1.18379e-21	1.88739e-21	3.03224e-21	4.91727e-21	8.06709e-21	1.34289e-20	2.27767e-20	3.95940e-20	7.11734e-20	1.34208e-19	2.72312e-19	6.26744e-19	1.89039e-18	1.66347e-17	7.76162e-17	8.26386e-17	8.46074e-17	8.58467e-17	8.67990e-17	8.76163e-17	8.83690e-17	8.90965e-17	8.98246e-17	9.05727e-17	9.13570e-17	9.21925e-17	9.30941e-17	9.40771e-17	9.51579e-17	9.63549e-17	9.76881e-17	9.91806e-17	1.00858e-16	1.02751e-16	1.04892e-16	1.07320e-16	1.08013e-16	1.08013e-16	1.08013e-16	1.08013e-16	1.08013e-16	1.08013e-16	1.08013e-16	1.08013e-16	1.08013e-16	1.08013e-16	1.08013e-16	1.08013e-16	1.08013e-16	1.08013e-16	1.08013e-16	1.08013e-16	1.08013e-16	1.08013e-16	1.08013e-16	1.08013e-16	1.08013e-16	1.08013e-16	1.08013e-16	1.08013e-16	1.08013e-16	1.08013e-16	1.08013e-16	1.08013e-16	1.08013e-16	1.08013e-16	1.08013e-16	1.08013e-16	1.08013e-16	1.08013e-16	1.08013e-16	1.08013e-16	1.08013e-16	1.08013e-16	1.08013e-16	1.08013e-16	1.08013e-16	1.08013e-16	1.08013e-16	1.08013e-16	1.08013e-16	1.08013e-16	1.08013e-16	1.08013e-16	1.08013e-16	1.08013e-16	1.08013e-16	1.08013e-16	1.08013e-16	1.08013e-16	1.08013e-16	1.08013e-16	1.08013e-16	1.08013e-16	1.08013e-16	1.08013e-16	1.08013e-16	1.08013e-16	1.08013e-16	1.08013e-16	1.08013e-16	1.08013e-16	1.08013e-16	1.08013e-16	1.08013e-16	1.08013e-16	1.08013e-16	1.08013e-16	1.08013e-16	1.08013e-16	1.08013e-16	1.08013e-16	1.08013e-16
24.31	6.85583e-36	2.81800e-35	6.08004e-35	1.10701e-34	1.87035e-34	3.03807e-34	4.82437e-34	7.55695e-34	1.17371e-33	1.81316e-33	2.79135e-33	4.28773e-33	6.57682e-33	1.00785e-32	1.54353e-32	2.36298e-32	3.61653e-32	5.53416e-32	8.46767e-32	1.29553e-31	1.98202e-31	3.03221e-31	4.63876e-31	7.09645e-31	1.08562e-30	1.66079e-30	2.54070e-30	3.88681e-30	5.94615e-30	9.09666e-30	1.39166e-29	2.12906e-29	3.25724e-29	4.98331e-29	7.62419e-29	1.16649e-28	1.78474e-28	2.73076e-28	4.17837e-28	6.39361e-28	9.78371e-28	1.49721e-27	2.29133e-27	3.50688e-27	5.36770e-27	8.21662e-27	1.25789e-26	1.92594e-26	2.94919e-26	4.51679e-26	6.91887e-26	1.06006e-25	1.62454e-25	2.49030e-25	3.81867e-25	5.85779e-25	8.98961e-25	1.38027e-24	2.12048e-24	3.25983e-24	5.01521e-24	7.72274e-24	1.19043e-23	1.83722e-23	2.83941e-23	4.39549e-23	6.81740e-23	1.05975e-22	1.65173e-22	2.58239e-22	4.05232e-22	6.38683e-22	1.01190e-21	1.61334e-21	2.59195e-21	4.20328e-21	6.89574e-21	1.14790e-20	1.94695e-20	3.38449e-20	6.08389e-20	1.14721e-19	2.32772e-19	5.35740e-19	1.61590e-18	1.42193e-17	6.63462e-17	7.06393e-17	7.23223e-17	7.33817e-17	7.41956e-17	7.48943e-17	7.55377e-17	7.61596e-17	7.67819e-17	7.74214e-17	7.80918e-17	7.88060e-17	7.95767e-17	8.04169e-17	8.13409e-17	8.23640e-17	8.35037e-17	8.47794e-17	8.62135e-17	8.78311e-17	8.96613e-17	9.17373e-17	9.36421e-17	9.36421e-17	9.36421e-17	9.36421e-17	9.36421e-17	9.36421e-17	9.36421e-17	9.36421e-17	9.36421e-17	9.36421e-17	9.36421e-17	9.36421e-17	9.36421e-17	9.36421e-17	9.36421e-17	9.36421e-17	9.36421e-17	9.36421e-17	9.36421e-17	9.36421e-17	9.36421e-17	9.36421e-17	9.36421e-17	9.36421e-17	9.36421e-17	9.36421e-17	9.36421e-17	9.36421e-17	9.36421e-17	9.36421e-17	9.36421e-17	9.36421e-17	9.36421e-17	9.36421e-17	9.36421e-17	9.36421e-17	9.36421e-17	9.36421e-17	9.36421e-17	9.36421e-17	9.36421e-17	9.36421e-17	9.36421e-17	9.36421e-17	9.36421e-17	9.36421e-17	9.36421e-17	9.36421e-17	9.36421e-17	9.36421e-17	9.36421e-17	9.36421e-17	9.36421e-17	9.36421e-17	9.36421e-17	9.36421e-17	9.36421e-17	9.36421e-17	9.36421e-17	9.36421e-17	9.36421e-17	9.36421e-17	9.36421e-17	9.36421e-17	9.36421e-17	9.36421e-17	9.36421e-17	9.36421e-17	9.36421e-17	9.36421e-17	9.36421e-17	9.36421e-17	9.36421e-17	9.36421e-17	9.36421e-17	9.36421e-17	9.36421e-17
24.34	5.86035e-36	2.40882e-35	5.19720e-35	9.46269e-35	1.59878e-34	2.59694e-34	4.12387e-34	6.45967e-34	1.00328e-33	1.54988e-33	2.38604e-33	3.66515e-33	5.62185e-33	8.61512e-33	1.31941e-32	2.01987e-32	3.09140e-32	4.73059e-32	7.23815e-32	1.10741e-31	1.69423e-31	2.59193e-31	3.96521e-31	6.06603e-31	9.27987e-31	1.41964e-30	2.17179e-30	3.32244e-30	5.08276e-30	7.77581e-30	1.18959e-29	1.81992e-29	2.78428e-29	4.25972e-29	6.51715e-29	9.97110e-29	1.52560e-28	2.33425e-28	3.57166e-28	5.46524e-28	8.36310e-28	1.27981e-27	1.95863e-27	2.99768e-27	4.58830e-27	7.02355e-27	1.07524e-26	1.64629e-26	2.52096e-26	3.86094e-26	5.91424e-26	9.06139e-26	1.38866e-25	2.12871e-25	3.26420e-25	5.00723e-25	7.68431e-25	1.17985e-24	1.81259e-24	2.78650e-24	4.28699e-24	6.60138e-24	1.01758e-23	1.57045e-23	2.42712e-23	3.75726e-23	5.82750e-23	9.05876e-23	1.41189e-22	2.20742e-22	3.46391e-22	5.45945e-22	8.64974e-22	1.37908e-21	2.21560e-21	3.59295e-21	5.89447e-21	9.81227e-21	1.66425e-20	2.89306e-20	5.20050e-20	9.80630e-20	1.98973e-19	4.57950e-19	1.38127e-18	1.21546e-17	5.67126e-17	6.03824e-17	6.18210e-17	6.27265e-17	6.34223e-17	6.40195e-17	6.45695e-17	6.51011e-17	6.56331e-17	6.61797e-17	6.67528e-17	6.73633e-17	6.80220e-17	6.87403e-17	6.95300e-17	7.04046e-17	7.13788e-17	7.24693e-17	7.36951e-17	7.50779e-17	7.66424e-17	7.84169e-17	8.04341e-17	8.12506e-17	8.12506e-17	8.12506e-17	8.12506e-17	8.12506e-17	8.12506e-17	8.12506e-17	8.12506e-17	8.12506e-17	8.12506e-17	8.12506e-17	8.12506e-17	8.12506e-17	8.12506e-17	8.12506e-17	8.12506e-17	8.12506e-17	8.12506e-17	8.12506e-17	8.12506e-17	8.12506e-17	8.12506e-17	8.12506e-17	8.12506e-17	8.12506e-17	8.12506e-17	8.12506e-17	8.12506e-17	8.12506e-17	8.12506e-17	8.12506e-17	8.12506e-17	8.12506e-17	8.12506e-17	8.12506e-17	8.12506e-17	8.12506e-17	8.12506e-17	8.12506e-17	8.12506e-17	8.12506e-17	8.12506e-17	8.12506e-17	8.12506e-17	8.12506e-17	8.12506e-17	8.12506e-17	8.12506e-17	8.12506e-17	8.12506e-17	8.12506e-17	8.12506e-17	8.12506e-17	8.12506e-17	8.12506e-17	8.12506e-17	8.12506e-17	8.12506e-17	8.12506e-17	8.12506e-17	8.12506e-17	8.12506e-17	8.12506e-17	8.12506e-17	8.12506e-17	8.12506e-17	8.12506e-17	8.12506e-17	8.12506e-17	8.12506e-17	8.12506e-17	8.12506e-17	8.12506e-17	8.12506e-17	8.12506e-17	8.12506e-17
24.38	5.00942e-36	2.05906e-35	4.44256e-35	8.08869e-35	1.36663e-34	2.21986e-34	3.52508e-34	5.52171e-34	8.57605e-34	1.32484e-33	2.03959e-33	3.13296e-33	4.80555e-33	7.36419e-33	1.12783e-32	1.72658e-32	2.64253e-32	4.04370e-32	6.18716e-32	9.46615e-32	1.44822e-31	2.21557e-31	3.38945e-31	5.18523e-31	7.93242e-31	1.21351e-30	1.85644e-30	2.84001e-30	4.34473e-30	6.64675e-30	1.01686e-29	1.55566e-29	2.38000e-29	3.64120e-29	5.57085e-29	8.52328e-29	1.30408e-28	1.99532e-28	3.05305e-28	4.67168e-28	7.14877e-28	1.09398e-27	1.67423e-27	2.56241e-27	3.92207e-27	6.00372e-27	9.19115e-27	1.40725e-26	2.15491e-26	3.30033e-26	5.05548e-26	7.74566e-26	1.18702e-25	1.81962e-25	2.79023e-25	4.28017e-25	6.56853e-25	1.00853e-24	1.54940e-24	2.38189e-24	3.66451e-24	5.64285e-24	8.69824e-24	1.34242e-23	2.07470e-23	3.21170e-23	4.98134e-23	7.74342e-23	1.20688e-22	1.88690e-22	2.96095e-22	4.66673e-22	7.39378e-22	1.17884e-21	1.89389e-21	3.07125e-21	5.03858e-21	8.38751e-21	1.42260e-20	2.47298e-20	4.44538e-20	8.38241e-20	1.70082e-19	3.91455e-19	1.18071e-18	1.03898e-17	4.84779e-17	5.16148e-17	5.28445e-17	5.36185e-17	5.42133e-17	5.47238e-17	5.51939e-17	5.56483e-17	5.61030e-17	5.65703e-17	5.70602e-17	5.75820e-17	5.81451e-17	5.87591e-17	5.94342e-17	6.01818e-17	6.10145e-17	6.19467e-17	6.29945e-17	6.41765e-17	6.55138e-17	6.70306e-17	6.87549e-17	7.05586e-17	7.05606e-17	7.05606e-17	7.05606e-17	7.05606e-17	7.05606e-17	7.05606e-17	7.05606e-17	7.05606e-17	7.05606e-17	7.05606e-17	7.05606e-17	7.05606e-17	7.05606e-17	7.05606e-17	7.05606e-17	7.05606e-17	7.05606e-17	7.05606e-17	7.05606e-17	7.05606e-17	7.05606e-17	7.05606e-17	7.05606e-17	7.05606e-17	7.05606e-17	7.05606e-17	7.05606e-17	7.05606e-17	7.05606e-17	7.05606e-17	7.05606e-17	7.05606e-17	7.05606e-17	7.05606e-17	7.05606e-17	7.05606e-17	7.05606e-17	7.05606e-17	7.05606e-17	7.05606e-17	7.05606e-17	7.05606e-17	7.05606e-17	7.05606e-17	7.05606e-17	7.05606e-17	7.05606e-17	7.05606e-17	7.05606e-17	7.05606e-17	7.05606e-17	7.05606e-17	7.05606e-17	7.05606e-17	7.05606e-17	7.05606e-17	7.05606e-17	7.05606e-17	7.05606e-17	7.05606e-17	7.05606e-17	7.05606e-17	7.05606e-17	7.05606e-17	7.05606e-17	7.05606e-17	7.05606e-17	7.05606e-17	7.05606e-17	7.05606e-17	7.05606e-17	7.05606e-17	7.05606e-17	7.05606e-17	7.05606e-17
24.41	4.28204e-36	1.76008e-35	3.79750e-35	6.91420e-35	1.16819e-34	1.89753e-34	3.01323e-34	4.71995e-34	7.33079e-34	1.13247e-33	1.74343e-33	2.67805e-33	4.10778e-33	6.29490e-33	9.64063e-33	1.47588e-32	2.25883e-32	3.45655e-32	5.28878e-32	8.09165e-32	1.23794e-31	1.89387e-31	2.89730e-31	4.43233e-31	6.78062e-31	1.03730e-30	1.58688e-30	2.42764e-30	3.71387e-30	5.68163e-30	8.69208e-30	1.32978e-29	2.03442e-29	3.11250e-29	4.76195e-29	7.28569e-29	1.11472e-28	1.70559e-28	2.60974e-28	3.99335e-28	6.11075e-28	9.35135e-28	1.43113e-27	2.19035e-27	3.35258e-27	5.13197e-27	7.85658e-27	1.20291e-26	1.84202e-26	2.82111e-26	4.32142e-26	6.62098e-26	1.01466e-25	1.55541e-25	2.38508e-25	3.65868e-25	5.61477e-25	8.62094e-25	1.32442e-24	2.03604e-24	3.13242e-24	4.82350e-24	7.43524e-24	1.14750e-23	1.77345e-23	2.74535e-23	4.25804e-23	6.61906e-23	1.03164e-22	1.61292e-22	2.53101e-22	3.98912e-22	6.32019e-22	1.00767e-21	1.61889e-21	2.62530e-21	4.30697e-21	7.16963e-21	1.21603e-20	2.11390e-20	3.79991e-20	7.16527e-20	1.45386e-19	3.34615e-19	1.00927e-18	8.88116e-18	4.14388e-17	4.41202e-17	4.51714e-17	4.58330e-17	4.63414e-17	4.67778e-17	4.71797e-17	4.75681e-17	4.79568e-17	4.83562e-17	4.87749e-17	4.92210e-17	4.97024e-17	5.02272e-17	5.08042e-17	5.14433e-17	5.21551e-17	5.29519e-17	5.38476e-17	5.48580e-17	5.60011e-17	5.72977e-17	5.87716e-17	6.04502e-17	6.13335e-17	6.13335e-17	6.13335e-17	6.13335e-17	6.13335e-17	6.13335e-17	6.13335e-17	6.13335e-17	6.13335e-17	6.13335e-17	6.13335e-17	6.13335e-17	6.13335e-17	6.13335e-17	6.13335e-17	6.13335e-17	6.13335e-17	6.13335e-17	6.13335e-17	6.13335e-17	6.13335e-17	6.13335e-17	6.13335e-17	6.13335e-17	6.13335e-17	6.13335e-17	6.13335e-17	6.13335e-17	6.13335e-17	6.13335e-17	6.13335e-17	6.13335e-17	6.13335e-17	6.13335e-17	6.13335e-17	6.13335e-17	6.13335e-17	6.13335e-17	6.13335e-17	6.13335e-17	6.13335e-17	6.13335e-17	6.13335e-17	6.13335e-17	6.13335e-17	6.13335e-17	6.13335e-17	6.13335e-17	6.13335e-17	6.13335e-17	6.13335e-17	6.13335e-17	6.13335e-17	6.13335e-17	6.13335e-17	6.13335e-17	6.13335e-17	6.13335e-17	6.13335e-17	6.13335e-17	6.13335e-17	6.13335e-17	6.13335e-17	6.13335e-17	6.13335e-17	6.13335e-17	6.13335e-17	6.13335e-17	6.13335e-17	6.13335e-17	6.13335e-17	6.13335e-17	6.13335e-17	6.13335e-17	6.13335e-17
24.44	3.66028e-36	1.50451e-35	3.24609e-35	5.91025e-35	9.98571e-35	1.62201e-34	2.57570e-34	4.03461e-34	6.26635e-34	9.68034e-34	1.49028e-33	2.28919e-33	3.51132e-33	5.38087e-33	8.24080e-33	1.26158e-32	1.93084e-32	2.95465e-32	4.52084e-32	6.91673e-32	1.05819e-31	1.61888e-31	2.47661e-31	3.78875e-31	5.79606e-31	8.86686e-31	1.35646e-30	2.07514e-30	3.17461e-30	4.85665e-30	7.42997e-30	1.13669e-29	1.73902e-29	2.66056e-29	4.07051e-29	6.22780e-29	9.52863e-29	1.45794e-28	2.23081e-28	3.41351e-28	5.22346e-28	7.99352e-28	1.22333e-27	1.87230e-27	2.86578e-27	4.38680e-27	6.71580e-27	1.02825e-26	1.57455e-26	2.41148e-26	3.69394e-26	5.65960e-26	8.67334e-26	1.32956e-25	2.03877e-25	3.12744e-25	4.79950e-25	7.36916e-25	1.13211e-24	1.74040e-24	2.67759e-24	4.12312e-24	6.35563e-24	9.80880e-24	1.51594e-23	2.34672e-23	3.63977e-23	5.65796e-23	8.81846e-23	1.37872e-22	2.16351e-22	3.40989e-22	5.40249e-22	8.61352e-22	1.38383e-21	2.24410e-21	3.68159e-21	6.12859e-21	1.03946e-20	1.80696e-20	3.24815e-20	6.12487e-20	1.24275e-19	2.86028e-19	8.62718e-19	7.59161e-18	3.54218e-17	3.77139e-17	3.86124e-17	3.91780e-17	3.96126e-17	3.99856e-17	4.03291e-17	4.06611e-17	4.09934e-17	4.13348e-17	4.16927e-17	4.20741e-17	4.24855e-17	4.29341e-17	4.34274e-17	4.39736e-17	4.45821e-17	4.52632e-17	4.60288e-17	4.68925e-17	4.78696e-17	4.89780e-17	5.02379e-17	5.16728e-17	5.33073e-17	5.33645e-17	5.33645e-17	5.33645e-17	5.33645e-17	5.33645e-17	5.33645e-17	5.33645e-17	5.33645e-17	5.33645e-17	5.33645e-17	5.33645e-17	5.33645e-17	5.33645e-17	5.33645e-17	5.33645e-17	5.33645e-17	5.33645e-17	5.33645e-17	5.33645e-17	5.33645e-17	5.33645e-17	5.33645e-17	5.33645e-17	5.33645e-17	5.33645e-17	5.33645e-17	5.33645e-17	5.33645e-17	5.33645e-17	5.33645e-17	5.33645e-17	5.33645e-17	5.33645e-17	5.33645e-17	5.33645e-17	5.33645e-17	5.33645e-17	5.33645e-17	5.33645e-17	5.33645e-17	5.33645e-17	5.33645e-17	5.33645e-17	5.33645e-17	5.33645e-17	5.33645e-17	5.33645e-17	5.33645e-17	5.33645e-17	5.33645e-17	5.33645e-17	5.33645e-17	5.33645e-17	5.33645e-17	5.33645e-17	5.33645e-17	5.33645e-17	5.33645e-17	5.33645e-17	5.33645e-17	5.33645e-17	5.33645e-17	5.33645e-17	5.33645e-17	5.33645e-17	5.33645e-17	5.33645e-17	5.33645e-17	5.33645e-17	5.33645e-17	5.33645e-17	5.33645e-17	5.33645e-17	5.33645e-17
24.48	3.12881e-36	1.28606e-35	2.77476e-35	5.05207e-35	8.53577e-35	1.38649e-34	2.20171e-34	3.44878e-34	5.35647e-34	8.27474e-34	1.27389e-33	1.95680e-33	3.00147e-33	4.59956e-33	7.04422e-33	1.07840e-32	1.65048e-32	2.52563e-32	3.86441e-32	5.91241e-32	9.04539e-32	1.38381e-31	2.11700e-31	3.23862e-31	4.95447e-31	7.57938e-31	1.15950e-30	1.77383e-30	2.71365e-30	4.15146e-30	6.35113e-30	9.71642e-30	1.48651e-29	2.27424e-29	3.47947e-29	5.32351e-29	8.14506e-29	1.24624e-28	1.90689e-28	2.91786e-28	4.46501e-28	6.83285e-28	1.04570e-27	1.60044e-27	2.44967e-27	3.74983e-27	5.74065e-27	8.78945e-27	1.34593e-26	2.06133e-26	3.15758e-26	4.83782e-26	7.41396e-26	1.13650e-25	1.74273e-25	2.67333e-25	4.10260e-25	6.29915e-25	9.67728e-25	1.48769e-24	2.28880e-24	3.52444e-24	5.43279e-24	8.38454e-24	1.29583e-23	2.00598e-23	3.11127e-23	4.83642e-23	7.53801e-23	1.17853e-22	1.84936e-22	2.91477e-22	4.61804e-22	7.36283e-22	1.18289e-21	1.91826e-21	3.14702e-21	5.23871e-21	8.88533e-21	1.54458e-20	2.77652e-20	5.23553e-20	1.06230e-19	2.44497e-19	7.37450e-19	6.48929e-18	3.02785e-17	3.22378e-17	3.30058e-17	3.34893e-17	3.38608e-17	3.41796e-17	3.44733e-17	3.47571e-17	3.50411e-17	3.53329e-17	3.56389e-17	3.59648e-17	3.63165e-17	3.67000e-17	3.71217e-17	3.75886e-17	3.81087e-17	3.86909e-17	3.93454e-17	4.00836e-17	4.09189e-17	4.18663e-17	4.29433e-17	4.41698e-17	4.55689e-17	4.64778e-17	4.64778e-17	4.64778e-17	4.64778e-17	4.64778e-17	4.64778e-17	4.64778e-17	4.64778e-17	4.64778e-17	4.64778e-17	4.64778e-17	4.64778e-17	4.64778e-17	4.64778e-17	4.64778e-17	4.64778e-17	4.64778e-17	4.64778e-17	4.64778e-17	4.64778e-17	4.64778e-17	4.64778e-17	4.64778e-17	4.64778e-17	4.64778e-17	4.64778e-17	4.64778e-17	4.64778e-17	4.64778e-17	4.64778e-17	4.64778e-17	4.64778e-17	4.64778e-17	4.64778e-17	4.64778e-17	4.64778e-17	4.64778e-17	4.64778e-17	4.64778e-17	4.64778e-17	4.64778e-17	4.64778e-17	4.64778e-17	4.64778e-17	4.64778e-17	4.64778e-17	4.64778e-17	4.64778e-17	4.64778e-17	4.64778e-17	4.64778e-17	4.64778e-17	4.64778e-17	4.64778e-17	4.64778e-17	4.64778e-17	4.64778e-17	4.64778e-17	4.64778e-17	4.64778e-17	4.64778e-17	4.64778e-17	4.64778e-17	4.64778e-17	4.64778e-17	4.64778e-17	4.64778e-17	4.64778e-17	4.64778e-17	4.64778e-17	4.64778e-17	4.64778e-17	4.64778e-17	4.64778e-17
24.51	2.67450e-36	1.09932e-35	2.37186e-35	4.31850e-35	7.29636e-35	1.18517e-34	1.88202e-34	2.94801e-34	4.57870e-34	7.07323e-34	1.08892e-33	1.67267e-33	2.56565e-33	3.93169e-33	6.02139e-33	9.21810e-33	1.41083e-32	2.15891e-32	3.30329e-32	5.05392e-32	7.73198e-32	1.18288e-31	1.80961e-31	2.76836e-31	4.23507e-31	6.47884e-31	9.91141e-31	1.51627e-30	2.31963e-30	3.54866e-30	5.42894e-30	8.30558e-30	1.27067e-29	1.94402e-29	2.97424e-29	4.55053e-29	6.96238e-29	1.06529e-28	1.63001e-28	2.49418e-28	3.81668e-28	5.84071e-28	8.93861e-28	1.36806e-27	2.09397e-27	3.20535e-27	4.90710e-27	7.51321e-27	1.15049e-26	1.76202e-26	2.69909e-26	4.13536e-26	6.33744e-26	9.71482e-26	1.48969e-25	2.28516e-25	3.50690e-25	5.38450e-25	8.27213e-25	1.27168e-24	1.95646e-24	3.01268e-24	4.64394e-24	7.16710e-24	1.10767e-23	1.71471e-23	2.65951e-23	4.13416e-23	6.44348e-23	1.00740e-22	1.58083e-22	2.49154e-22	3.94749e-22	6.29373e-22	1.01114e-21	1.63972e-21	2.69007e-21	4.47804e-21	7.59516e-21	1.32031e-20	2.37336e-20	4.47532e-20	9.08056e-20	2.08995e-19	6.30371e-19	5.54704e-18	2.58820e-17	2.75568e-17	2.82133e-17	2.86266e-17	2.89441e-17	2.92167e-17	2.94677e-17	2.97103e-17	2.99531e-17	3.02025e-17	3.04641e-17	3.07427e-17	3.10433e-17	3.13711e-17	3.17315e-17	3.21307e-17	3.25753e-17	3.30729e-17	3.36324e-17	3.42634e-17	3.49774e-17	3.57872e-17	3.67078e-17	3.77563e-17	3.89522e-17	4.03183e-17	4.05225e-17	4.05225e-17	4.05225e-17	4.05225e-17	4.05225e-17	4.05225e-17	4.05225e-17	4.05225e-17	4.05225e-17	4.05225e-17	4.05225e-17	4.05225e-17	4.05225e-17	4.05225e-17	4.05225e-17	4.05225e-17	4.05225e-17	4.05225e-17	4.05225e-17	4.05225e-17	4.05225e-17	4.05225e-17	4.05225e-17	4.05225e-17	4.05225e-17	4.05225e-17	4.05225e-17	4.05225e-17	4.05225e-17	4.05225e-17	4.05225e-17	4.05225e-17	4.05225e-17	4.05225e-17	4.05225e-17	4.05225e-17	4.05225e-17	4.05225e-17	4.05225e-17	4.05225e-17	4.05225e-17	4.05225e-17	4.05225e-17	4.05225e-17	4.05225e-17	4.05225e-17	4.05225e-17	4.05225e-17	4.05225e-17	4.05225e-17	4.05225e-17	4.05225e-17	4.05225e-17	4.05225e-17	4.05225e-17	4.05225e-17	4.05225e-17	4.05225e-17	4.05225e-17	4.05225e-17	4.05225e-17	4.05225e-17	4.05225e-17	4.05225e-17	4.05225e-17	4.05225e-17	4.05225e-17	4.05225e-17	4.05225e-17	4.05225e-17	4.05225e-17	4.05225e-17	4.05225e-17
24.55	2.28616e-36	9.39696e-36	2.02746e-35	3.69145e-35	6.23692e-35	1.01308e-34	1.60874e-34	2.51995e-34	3.91386e-34	6.04619e-34	9.30809e-34	1.42980e-33	2.19312e-33	3.36081e-33	5.14708e-33	7.87962e-33	1.20597e-32	1.84543e-32	2.82365e-32	4.32008e-32	6.60929e-32	1.01113e-31	1.54685e-31	2.36639e-31	3.62013e-31	5.53811e-31	8.47226e-31	1.29610e-30	1.98281e-30	3.03339e-30	4.64065e-30	7.09960e-30	1.08616e-29	1.66174e-29	2.54238e-29	3.88978e-29	5.95144e-29	9.10605e-29	1.39333e-28	2.13202e-28	3.26249e-28	4.99263e-28	7.64071e-28	1.16941e-27	1.78992e-27	2.73993e-27	4.19458e-27	6.42228e-27	9.83441e-27	1.50618e-26	2.30718e-26	3.53490e-26	5.41723e-26	8.30421e-26	1.27338e-25	1.95335e-25	2.99769e-25	4.60267e-25	7.07100e-25	1.08703e-24	1.67238e-24	2.57524e-24	3.96963e-24	6.12642e-24	9.46834e-24	1.46573e-23	2.27334e-23	3.53388e-23	5.50787e-23	8.61127e-23	1.35129e-22	2.12976e-22	3.37431e-22	5.37987e-22	8.64318e-22	1.40163e-21	2.29946e-21	3.82782e-21	6.49233e-21	1.12860e-20	2.02875e-20	3.82550e-20	7.76205e-20	1.78649e-19	5.38840e-19	4.74160e-18	2.21239e-17	2.35555e-17	2.41167e-17	2.44700e-17	2.47414e-17	2.49744e-17	2.51889e-17	2.53963e-17	2.56038e-17	2.58171e-17	2.60406e-17	2.62788e-17	2.65358e-17	2.68160e-17	2.71241e-17	2.74652e-17	2.78453e-17	2.82707e-17	2.87489e-17	2.92883e-17	2.98986e-17	3.05909e-17	3.13778e-17	3.22740e-17	3.32963e-17	3.44640e-17	3.53690e-17	3.53690e-17	3.53690e-17	3.53690e-17	3.53690e-17	3.53690e-17	3.53690e-17	3.53690e-17	3.53690e-17	3.53690e-17	3.53690e-17	3.53690e-17	3.53690e-17	3.53690e-17	3.53690e-17	3.53690e-17	3.53690e-17	3.53690e-17	3.53690e-17	3.53690e-17	3.53690e-17	3.53690e-17	3.53690e-17	3.53690e-17	3.53690e-17	3.53690e-17	3.53690e-17	3.53690e-17	3.53690e-17	3.53690e-17	3.53690e-17	3.53690e-17	3.53690e-17	3.53690e-17	3.53690e-17	3.53690e-17	3.53690e-17	3.53690e-17	3.53690e-17	3.53690e-17	3.53690e-17	3.53690e-17	3.53690e-17	3.53690e-17	3.53690e-17	3.53690e-17	3.53690e-17	3.53690e-17	3.53690e-17	3.53690e-17	3.53690e-17	3.53690e-17	3.53690e-17	3.53690e-17	3.53690e-17	3.53690e-17	3.53690e-17	3.53690e-17	3.53690e-17	3.53690e-17	3.53690e-17	3.53690e-17	3.53690e-17	3.53690e-17	3.53690e-17	3.53690e-17	3.53690e-17	3.53690e-17	3.53690e-17	3.53690e-17	3.53690e-17	3.53690e-17	3.53690e-17
24.58	1.95420e-36	8.03250e-36	1.73307e-35	3.15545e-35	5.33131e-35	8.65980e-35	1.37515e-34	2.15405e-34	3.34557e-34	5.16827e-34	7.95654e-34	1.22219e-33	1.87467e-33	2.87281e-33	4.39971e-33	6.73549e-33	1.03086e-32	1.57747e-32	2.41365e-32	3.69280e-32	5.64961e-32	8.64308e-32	1.32224e-31	2.02279e-31	3.09448e-31	4.73396e-31	7.24207e-31	1.10791e-30	1.69491e-30	2.59294e-30	3.96682e-30	6.06873e-30	9.28451e-30	1.42045e-29	2.17322e-29	3.32498e-29	5.08728e-29	7.78384e-29	1.19101e-28	1.82245e-28	2.78878e-28	4.26769e-28	6.53127e-28	9.99611e-28	1.53002e-27	2.34209e-27	3.58552e-27	5.48975e-27	8.40644e-27	1.28748e-26	1.97217e-26	3.02163e-26	4.63064e-26	7.09843e-26	1.08848e-25	1.66972e-25	2.56242e-25	3.93435e-25	6.04428e-25	9.29190e-25	1.42955e-24	2.20131e-24	3.39323e-24	5.23686e-24	8.09353e-24	1.25290e-23	1.94325e-23	3.02075e-23	4.70812e-23	7.36090e-23	1.15508e-22	1.82052e-22	2.88436e-22	4.59871e-22	7.38817e-22	1.19811e-21	1.96558e-21	3.27202e-21	5.54964e-21	9.64724e-21	1.73417e-20	3.27003e-20	6.63499e-20	1.52709e-19	4.60600e-19	4.05311e-18	1.89115e-17	2.01352e-17	2.06149e-17	2.09169e-17	2.11489e-17	2.13481e-17	2.15315e-17	2.17087e-17	2.18861e-17	2.20684e-17	2.22595e-17	2.24631e-17	2.26828e-17	2.29223e-17	2.31856e-17	2.34772e-17	2.38021e-17	2.41658e-17	2.45745e-17	2.50356e-17	2.55573e-17	2.61490e-17	2.68217e-17	2.75878e-17	2.84616e-17	2.94598e-17	3.06012e-17	3.09063e-17	3.09063e-17	3.09063e-17	3.09063e-17	3.09063e-17	3.09063e-17	3.09063e-17	3.09063e-17	3.09063e-17	3.09063e-17	3.09063e-17	3.09063e-17	3.09063e-17	3.09063e-17	3.09063e-17	3.09063e-17	3.09063e-17	3.09063e-17	3.09063e-17	3.09063e-17	3.09063e-17	3.09063e-17	3.09063e-17	3.09063e-17	3.09063e-17	3.09063e-17	3.09063e-17	3.09063e-17	3.09063e-17	3.09063e-17	3.09063e-17	3.09063e-17	3.09063e-17	3.09063e-17	3.09063e-17	3.09063e-17	3.09063e-17	3.09063e-17	3.09063e-17	3.09063e-17	3.09063e-17	3.09063e-17	3.09063e-17	3.09063e-17	3.09063e-17	3.09063e-17	3.09063e-17	3.09063e-17	3.09063e-17	3.09063e-17	3.09063e-17	3.09063e-17	3.09063e-17	3.09063e-17	3.09063e-17	3.09063e-17	3.09063e-17	3.09063e-17	3.09063e-17	3.09063e-17	3.09063e-17	3.09063e-17	3.09063e-17	3.09063e-17	3.09063e-17	3.09063e-17	3.09063e-17	3.09063e-17	3.09063e-17	3.09063e-17	3.09063e-17	3.09063e-17
24.62	1.67045e-36	6.86617e-36	1.48142e-35	2.69727e-35	4.55719e-35	7.40238e-35	1.17548e-34	1.84128e-34	2.85978e-34	4.41783e-34	6.80124e-34	1.04472e-33	1.60247e-33	2.45568e-33	3.76087e-33	5.75748e-33	8.81182e-33	1.34842e-32	2.06318e-32	3.15660e-32	4.82928e-32	7.38809e-32	1.13025e-31	1.72908e-31	2.64516e-31	4.04659e-31	6.19051e-31	9.47036e-31	1.44880e-30	2.21644e-30	3.39083e-30	5.18754e-30	7.93639e-30	1.21420e-29	1.85767e-29	2.84219e-29	4.34860e-29	6.65362e-29	1.01808e-28	1.55783e-28	2.38384e-28	3.64802e-28	5.58292e-28	8.54466e-28	1.30786e-27	2.00201e-27	3.06490e-27	4.69263e-27	7.18581e-27	1.10053e-26	1.68581e-26	2.58288e-26	3.95827e-26	6.06773e-26	9.30435e-26	1.42727e-25	2.19035e-25	3.36308e-25	5.16664e-25	7.94270e-25	1.22198e-24	1.88168e-24	2.90053e-24	4.47646e-24	6.91833e-24	1.07098e-23	1.66109e-23	2.58213e-23	4.02449e-23	6.29209e-23	9.87363e-23	1.55618e-22	2.46554e-22	3.93097e-22	6.31540e-22	1.02415e-21	1.68017e-21	2.79691e-21	4.74382e-21	8.24644e-21	1.48237e-20	2.79521e-20	5.67158e-20	1.30535e-19	3.93720e-19	3.46459e-18	1.61655e-17	1.72116e-17	1.76216e-17	1.78797e-17	1.80781e-17	1.82483e-17	1.84051e-17	1.85566e-17	1.87082e-17	1.88640e-17	1.90274e-17	1.92014e-17	1.93892e-17	1.95939e-17	1.98190e-17	2.00683e-17	2.03460e-17	2.06568e-17	2.10063e-17	2.14004e-17	2.18463e-17	2.23522e-17	2.29271e-17	2.35820e-17	2.43289e-17	2.51822e-17	2.61579e-17	2.70385e-17	2.70386e-17	2.70386e-17	2.70386e-17	2.70386e-17	2.70386e-17	2.70386e-17	2.70386e-17	2.70386e-17	2.70386e-17	2.70386e-17	2.70386e-17	2.70386e-17	2.70386e-17	2.70386e-17	2.70386e-17	2.70386e-17	2.70386e-17	2.70386e-17	2.70386e-17	2.70386e-17	2.70386e-17	2.70386e-17	2.70386e-17	2.70386e-17	2.70386e-17	2.70386e-17	2.70386e-17	2.70386e-17	2.70386e-17	2.70386e-17	2.70386e-17	2.70386e-17	2.70386e-17	2.70386e-17	2.70386e-17	2.70386e-17	2.70386e-17	2.70386e-17	2.70386e-17	2.70386e-17	2.70386e-17	2.70386e-17	2.70386e-17	2.70386e-17	2.70386e-17	2.70386e-17	2.70386e-17	2.70386e-17	2.70386e-17	2.70386e-17	2.70386e-17	2.70386e-17	2.70386e-17	2.70386e-17	2.70386e-17	2.70386e-17	2.70386e-17	2.70386e-17	2.70386e-17	2.70386e-17	2.70386e-17	2.70386e-17	2.70386e-17	2.70386e-17	2.70386e-17	2.70386e-17	2.70386e-17	2.70386e-17	2.70386e-17	2.70386e-17	2.70386e-17
24.65	1.42790e-36	5.86919e-36	1.26632e-35	2.30562e-35	3.89548e-35	6.32755e-35	1.00480e-34	1.57392e-34	2.44454e-34	3.77635e-34	5.81369e-34	8.93028e-34	1.36979e-33	2.09911e-33	3.21478e-33	4.92149e-33	7.53233e-33	1.15263e-32	1.76360e-32	2.69826e-32	4.12806e-32	6.31533e-32	9.66138e-32	1.47801e-31	2.26108e-31	3.45901e-31	5.29164e-31	8.09525e-31	1.23843e-30	1.89461e-30	2.89848e-30	4.43430e-30	6.78401e-30	1.03790e-29	1.58793e-29	2.42950e-29	3.71717e-29	5.68750e-29	8.70250e-29	1.33163e-28	2.03770e-28	3.11832e-28	4.77227e-28	7.30396e-28	1.11796e-27	1.71132e-27	2.61987e-27	4.01126e-27	6.14242e-27	9.40734e-27	1.44103e-26	2.20784e-26	3.38352e-26	5.18668e-26	7.95335e-26	1.22003e-25	1.87231e-25	2.87475e-25	4.41644e-25	6.78941e-25	1.04454e-24	1.60845e-24	2.47937e-24	3.82647e-24	5.91378e-24	9.15471e-24	1.41989e-23	2.20720e-23	3.44013e-23	5.37847e-23	8.43996e-23	1.33022e-22	2.10754e-22	3.36018e-22	5.39839e-22	8.75438e-22	1.43621e-21	2.39080e-21	4.05501e-21	7.04905e-21	1.26712e-20	2.38935e-20	4.84806e-20	1.11581e-19	3.36551e-19	2.96153e-18	1.38183e-17	1.47124e-17	1.50629e-17	1.52836e-17	1.54531e-17	1.55986e-17	1.57326e-17	1.58621e-17	1.59918e-17	1.61249e-17	1.62646e-17	1.64133e-17	1.65738e-17	1.67488e-17	1.69413e-17	1.71544e-17	1.73917e-17	1.76574e-17	1.79561e-17	1.82930e-17	1.86742e-17	1.91066e-17	1.95981e-17	2.01578e-17	2.07963e-17	2.15257e-17	2.23597e-17	2.33145e-17	2.36838e-17	2.36838e-17	2.36838e-17	2.36838e-17	2.36838e-17	2.36838e-17	2.36838e-17	2.36838e-17	2.36838e-17	2.36838e-17	2.36838e-17	2.36838e-17	2.36838e-17	2.36838e-17	2.36838e-17	2.36838e-17	2.36838e-17	2.36838e-17	2.36838e-17	2.36838e-17	2.36838e-17	2.36838e-17	2.36838e-17	2.36838e-17	2.36838e-17	2.36838e-17	2.36838e-17	2.36838e-17	2.36838e-17	2.36838e-17	2.36838e-17	2.36838e-17	2.36838e-17	2.36838e-17	2.36838e-17	2.36838e-17	2.36838e-17	2.36838e-17	2.36838e-17	2.36838e-17	2.36838e-17	2.36838e-17	2.36838e-17	2.36838e-17	2.36838e-17	2.36838e-17	2.36838e-17	2.36838e-17	2.36838e-17	2.36838e-17	2.36838e-17	2.36838e-17	2.36838e-17	2.36838e-17	2.36838e-17	2.36838e-17	2.36838e-17	2.36838e-17	2.36838e-17	2.36838e-17	2.36838e-17	2.36838e-17	2.36838e-17	2.36838e-17	2.36838e-17	2.36838e-17	2.36838e-17	2.36838e-17	2.36838e-17	2.36838e-17	2.36838e-17
24.68	1.22057e-36	5.01698e-36	1.08245e-35	1.97084e-35	3.32985e-35	5.40878e-35	8.58899e-35	1.34539e-34	2.08959e-34	3.22802e-34	4.96953e-34	7.63359e-34	1.17089e-33	1.79431e-33	2.74799e-33	4.20688e-33	6.43862e-33	9.85264e-33	1.50753e-32	2.30647e-32	3.52866e-32	5.39834e-32	8.25853e-32	1.26340e-31	1.93277e-31	2.95676e-31	4.52329e-31	6.91981e-31	1.05861e-30	1.61951e-30	2.47761e-30	3.79043e-30	5.79896e-30	8.87194e-30	1.35736e-29	2.07673e-29	3.17743e-29	4.86167e-29	7.43888e-29	1.13827e-28	1.74183e-28	2.66553e-28	4.07933e-28	6.24342e-28	9.55629e-28	1.46283e-27	2.23946e-27	3.42881e-27	5.25053e-27	8.04138e-27	1.23179e-26	1.88726e-26	2.89223e-26	4.43357e-26	6.79851e-26	1.04288e-25	1.60045e-25	2.45733e-25	3.77516e-25	5.80358e-25	8.92874e-25	1.37490e-24	2.11936e-24	3.27086e-24	5.05509e-24	7.82543e-24	1.21372e-23	1.88671e-23	2.94062e-23	4.59751e-23	7.21447e-23	1.13707e-22	1.80152e-22	2.87228e-22	4.61454e-22	7.48323e-22	1.22767e-21	2.04365e-21	3.46622e-21	6.02551e-21	1.08314e-20	2.04241e-20	4.14411e-20	9.53795e-20	2.87684e-19	2.53151e-18	1.18118e-17	1.25761e-17	1.28758e-17	1.30644e-17	1.32093e-17	1.33337e-17	1.34482e-17	1.35589e-17	1.36697e-17	1.37836e-17	1.39029e-17	1.40301e-17	1.41673e-17	1.43169e-17	1.44814e-17	1.46635e-17	1.48664e-17	1.50936e-17	1.53489e-17	1.56369e-17	1.59627e-17	1.63323e-17	1.67524e-17	1.72309e-17	1.77767e-17	1.84001e-17	1.91131e-17	1.99292e-17	2.07711e-17	2.07716e-17	2.07716e-17	2.07716e-17	2.07716e-17	2.07716e-17	2.07716e-17	2.07716e-17	2.07716e-17	2.07716e-17	2.07716e-17	2.07716e-17	2.07716e-17	2.07716e-17	2.07716e-17	2.07716e-17	2.07716e-17	2.07716e-17	2.07716e-17	2.07716e-17	2.07716e-17	2.07716e-17	2.07716e-17	2.07716e-17	2.07716e-17	2.07716e-17	2.07716e-17	2.07716e-17	2.07716e-17	2.07716e-17	2.07716e-17	2.07716e-17	2.07716e-17	2.07716e-17	2.07716e-17	2.07716e-17	2.07716e-17	2.07716e-17	2.07716e-17	2.07716e-17	2.07716e-17	2.07716e-17	2.07716e-17	2.07716e-17	2.07716e-17	2.07716e-17	2.07716e-17	2.07716e-17	2.07716e-17	2.07716e-17	2.07716e-17	2.07716e-17	2.07716e-17	2.07716e-17	2.07716e-17	2.07716e-17	2.07716e-17	2.07716e-17	2.07716e-17	2.07716e-17	2.07716e-17	2.07716e-17	2.07716e-17	2.07716e-17	2.07716e-17	2.07716e-17	2.07716e-17	2.07716e-17	2.07716e-17	2.07716e-17	2.07716e-17
24.72	1.04334e-36	4.28850e-36	9.25275e-36	1.68467e-35	2.84635e-35	4.62341e-35	7.34185e-35	1.15004e-34	1.78618e-34	2.75931e-34	4.24795e-34	6.52518e-34	1.00088e-33	1.53378e-33	2.34898e-33	3.59604e-33	5.50372e-33	8.42202e-33	1.28863e-32	1.97156e-32	3.01629e-32	4.61449e-32	7.05938e-32	1.07996e-31	1.65212e-31	2.52743e-31	3.86650e-31	5.91504e-31	9.04900e-31	1.38435e-30	2.11786e-30	3.24006e-30	4.95694e-30	7.58372e-30	1.16027e-29	1.77519e-29	2.71607e-29	4.15574e-29	6.35875e-29	9.72995e-29	1.48891e-28	2.27849e-28	3.48701e-28	5.33686e-28	8.16870e-28	1.25043e-27	1.91429e-27	2.93095e-27	4.48815e-27	6.87376e-27	1.05293e-26	1.61323e-26	2.47227e-26	3.78981e-26	5.81135e-26	8.91453e-26	1.36806e-25	2.10053e-25	3.22700e-25	4.96089e-25	7.63227e-25	1.17527e-24	1.81163e-24	2.79593e-24	4.32108e-24	6.68916e-24	1.03749e-23	1.61276e-23	2.51364e-23	3.92994e-23	6.16691e-23	9.71964e-23	1.53994e-22	2.45522e-22	3.94450e-22	6.39665e-22	1.04941e-21	1.74691e-21	2.96292e-21	5.15060e-21	9.25862e-21	1.74585e-20	3.54238e-20	8.15303e-20	2.45911e-19	2.16393e-18	1.00967e-17	1.07501e-17	1.10062e-17	1.11674e-17	1.12913e-17	1.13976e-17	1.14955e-17	1.15902e-17	1.16849e-17	1.17822e-17	1.18842e-17	1.19929e-17	1.21102e-17	1.22380e-17	1.23787e-17	1.25344e-17	1.27078e-17	1.29019e-17	1.31202e-17	1.33664e-17	1.36449e-17	1.39608e-17	1.43199e-17	1.47289e-17	1.51955e-17	1.57284e-17	1.63378e-17	1.70355e-17	1.78348e-17	1.82411e-17	1.82411e-17	1.82411e-17	1.82411e-17	1.82411e-17	1.82411e-17	1.82411e-17	1.82411e-17	1.82411e-17	1.82411e-17	1.82411e-17	1.82411e-17	1.82411e-17	1.82411e-17	1.82411e-17	1.82411e-17	1.82411e-17	1.82411e-17	1.82411e-17	1.82411e-17	1.82411e-17	1.82411e-17	1.82411e-17	1.82411e-17	1.82411e-17	1.82411e-17	1.82411e-17	1.82411e-17	1.82411e-17	1.82411e-17	1.82411e-17	1.82411e-17	1.82411e-17	1.82411e-17	1.82411e-17	1.82411e-17	1.82411e-17	1.82411e-17	1.82411e-17	1.82411e-17	1.82411e-17	1.82411e-17	1.82411e-17	1.82411e-17	1.82411e-17	1.82411e-17	1.82411e-17	1.82411e-17	1.82411e-17	1.82411e-17	1.82411e-17	1.82411e-17	1.82411e-17	1.82411e-17	1.82411e-17	1.82411e-17	1.82411e-17	1.82411e-17	1.82411e-17	1.82411e-17	1.82411e-17	1.82411e-17	1.82411e-17	1.82411e-17	1.82411e-17	1.82411e-17	1.82411e-17	1.82411e-17	1.82411e-17	1.82411e-17
24.75	8.91843e-37	3.66581e-36	7.90924e-36	1.44006e-35	2.43306e-35	3.95209e-35	6.27580e-35	9.83048e-35	1.52682e-34	2.35865e-34	3.63114e-34	5.57771e-34	8.55548e-34	1.31107e-33	2.00790e-33	3.07389e-33	4.70457e-33	7.19913e-33	1.10152e-32	1.68529e-32	2.57832e-32	3.94446e-32	6.03435e-32	9.23144e-32	1.41223e-31	2.16045e-31	3.30508e-31	5.05617e-31	7.73507e-31	1.18334e-30	1.81034e-30	2.76960e-30	4.23719e-30	6.48255e-30	9.91796e-30	1.51743e-29	2.32169e-29	3.55232e-29	5.43545e-29	8.31715e-29	1.27272e-28	1.94765e-28	2.98069e-28	4.56194e-28	6.98259e-28	1.06886e-27	1.63633e-27	2.50537e-27	3.83646e-27	5.87568e-27	9.00044e-27	1.37898e-26	2.11329e-26	3.23952e-26	4.96754e-26	7.62013e-26	1.16942e-25	1.79553e-25	2.75844e-25	4.24056e-25	6.52405e-25	1.00461e-24	1.54858e-24	2.38995e-24	3.69366e-24	5.71789e-24	8.86843e-24	1.37859e-23	2.14865e-23	3.35931e-23	5.27147e-23	8.30833e-23	1.31634e-22	2.09872e-22	3.37175e-22	5.46785e-22	8.97035e-22	1.49326e-21	2.53270e-21	4.40272e-21	7.91426e-21	1.49235e-20	3.02802e-20	6.96920e-20	2.10205e-19	1.84972e-18	8.63067e-18	9.18914e-18	9.40807e-18	9.54588e-18	9.65176e-18	9.74265e-18	9.82635e-18	9.90724e-18	9.98821e-18	1.00714e-17	1.01586e-17	1.02515e-17	1.03518e-17	1.04611e-17	1.05813e-17	1.07143e-17	1.08626e-17	1.10286e-17	1.12151e-17	1.14255e-17	1.16636e-17	1.19337e-17	1.22407e-17	1.25903e-17	1.29891e-17	1.34446e-17	1.39655e-17	1.45619e-17	1.52452e-17	1.60234e-17	1.60403e-17	1.60403e-17	1.60403e-17	1.60403e-17	1.60403e-17	1.60403e-17	1.60403e-17	1.60403e-17	1.60403e-17	1.60403e-17	1.60403e-17	1.60403e-17	1.60403e-17	1.60403e-17	1.60403e-17	1.60403e-17	1.60403e-17	1.60403e-17	1.60403e-17	1.60403e-17	1.60403e-17	1.60403e-17	1.60403e-17	1.60403e-17	1.60403e-17	1.60403e-17	1.60403e-17	1.60403e-17	1.60403e-17	1.60403e-17	1.60403e-17	1.60403e-17	1.60403e-17	1.60403e-17	1.60403e-17	1.60403e-17	1.60403e-17	1.60403e-17	1.60403e-17	1.60403e-17	1.60403e-17	1.60403e-17	1.60403e-17	1.60403e-17	1.60403e-17	1.60403e-17	1.60403e-17	1.60403e-17	1.60403e-17	1.60403e-17	1.60403e-17	1.60403e-17	1.60403e-17	1.60403e-17	1.60403e-17	1.60403e-17	1.60403e-17	1.60403e-17	1.60403e-17	1.60403e-17	1.60403e-17	1.60403e-17	1.60403e-17	1.60403e-17	1.60403e-17	1.60403e-17	1.60403e-17	1.60403e-17	1.60403e-17
24.79	7.62346e-37	3.13353e-36	6.76080e-36	1.23096e-35	2.07977e-35	3.37824e-35	5.36455e-35	8.40308e-35	1.30512e-34	2.01617e-34	3.10389e-34	4.76782e-34	7.31321e-34	1.12070e-33	1.71635e-33	2.62755e-33	4.02146e-33	6.15381e-33	9.41578e-33	1.44058e-32	2.20394e-32	3.37172e-32	5.15815e-32	7.89102e-32	1.20718e-31	1.84675e-31	2.82517e-31	4.32200e-31	6.61192e-31	1.01152e-30	1.54748e-30	2.36745e-30	3.62194e-30	5.54128e-30	8.47786e-30	1.29709e-29	1.98458e-29	3.03652e-29	4.64621e-29	7.10948e-29	1.08792e-28	1.66485e-28	2.54789e-28	3.89954e-28	5.96871e-28	9.13662e-28	1.39873e-27	2.14158e-27	3.27940e-27	5.02252e-27	7.69356e-27	1.17875e-26	1.80644e-26	2.76914e-26	4.24624e-26	6.51367e-26	9.99616e-26	1.53481e-25	2.35791e-25	3.62482e-25	5.57675e-25	8.58743e-25	1.32372e-24	2.04293e-24	3.15733e-24	4.88764e-24	7.58072e-24	1.17841e-23	1.83667e-23	2.87153e-23	4.50604e-23	7.10195e-23	1.12520e-22	1.79398e-22	2.88217e-22	4.67391e-22	7.66784e-22	1.27643e-21	2.16495e-21	3.76344e-21	6.76509e-21	1.27566e-20	2.58835e-20	5.95726e-20	1.79683e-19	1.58114e-18	7.37749e-18	7.85487e-18	8.04200e-18	8.15980e-18	8.25031e-18	8.32800e-18	8.39955e-18	8.46870e-18	8.53790e-18	8.60901e-18	8.68356e-18	8.76298e-18	8.84867e-18	8.94210e-18	9.04484e-18	9.15861e-18	9.28534e-18	9.42720e-18	9.58666e-18	9.76654e-18	9.97005e-18	1.02009e-17	1.04633e-17	1.07621e-17	1.11030e-17	1.14924e-17	1.19377e-17	1.24475e-17	1.30316e-17	1.37013e-17	1.41243e-17	1.41243e-17	1.41243e-17	1.41243e-17	1.41243e-17	1.41243e-17	1.41243e-17	1.41243e-17	1.41243e-17	1.41243e-17	1.41243e-17	1.41243e-17	1.41243e-17	1.41243e-17	1.41243e-17	1.41243e-17	1.41243e-17	1.41243e-17	1.41243e-17	1.41243e-17	1.41243e-17	1.41243e-17	1.41243e-17	1.41243e-17	1.41243e-17	1.41243e-17	1.41243e-17	1.41243e-17	1.41243e-17	1.41243e-17	1.41243e-17	1.41243e-17	1.41243e-17	1.41243e-17	1.41243e-17	1.41243e-17	1.41243e-17	1.41243e-17	1.41243e-17	1.41243e-17	1.41243e-17	1.41243e-17	1.41243e-17	1.41243e-17	1.41243e-17	1.41243e-17	1.41243e-17	1.41243e-17	1.41243e-17	1.41243e-17	1.41243e-17	1.41243e-17	1.41243e-17	1.41243e-17	1.41243e-17	1.41243e-17	1.41243e-17	1.41243e-17	1.41243e-17	1.41243e-17	1.41243e-17	1.41243e-17	1.41243e-17	1.41243e-17	1.41243e-17	1.41243e-17	1.41243e-17	1.41243e-17	1.41243e-17
24.82	6.51652e-37	2.67853e-36	5.77912e-36	1.05222e-35	1.77779e-35	2.88771e-35	4.58561e-35	7.18294e-35	1.11562e-34	1.72342e-34	2.65320e-34	4.07553e-34	6.25132e-34	9.57973e-34	1.46714e-33	2.24603e-33	3.43754e-33	5.26026e-33	8.04859e-33	1.23141e-32	1.88393e-32	2.88214e-32	4.40918e-32	6.74523e-32	1.03189e-31	1.57860e-31	2.41495e-31	3.69444e-31	5.65186e-31	8.64645e-31	1.32278e-30	2.02369e-30	3.09603e-30	4.73667e-30	7.24686e-30	1.10875e-29	1.69641e-29	2.59561e-29	3.97157e-29	6.07717e-29	9.29950e-29	1.42311e-28	2.17793e-28	3.33332e-28	5.10204e-28	7.80997e-28	1.19563e-27	1.83062e-27	2.80323e-27	4.29324e-27	6.57644e-27	1.00760e-26	1.54414e-26	2.36705e-26	3.62968e-26	5.56788e-26	8.54470e-26	1.31196e-25	2.01554e-25	3.09849e-25	4.76700e-25	7.34052e-25	1.13151e-24	1.74629e-24	2.69888e-24	4.17795e-24	6.47999e-24	1.00731e-23	1.56998e-23	2.45458e-23	3.85176e-23	6.07074e-23	9.61823e-23	1.53349e-22	2.46367e-22	3.99525e-22	6.55446e-22	1.09109e-21	1.85059e-21	3.21698e-21	5.78279e-21	1.09043e-20	2.21251e-20	5.09226e-20	1.53593e-19	1.35156e-18	6.30626e-18	6.71433e-18	6.87429e-18	6.97499e-18	7.05235e-18	7.11876e-18	7.17992e-18	7.23903e-18	7.29819e-18	7.35897e-18	7.42269e-18	7.49058e-18	7.56383e-18	7.64370e-18	7.73152e-18	7.82877e-18	7.93709e-18	8.05836e-18	8.19466e-18	8.34842e-18	8.52238e-18	8.71970e-18	8.94401e-18	9.19947e-18	9.49086e-18	9.82371e-18	1.02043e-17	1.06401e-17	1.11394e-17	1.17118e-17	1.23687e-17	1.24545e-17	1.24545e-17	1.24545e-17	1.24545e-17	1.24545e-17	1.24545e-17	1.24545e-17	1.24545e-17	1.24545e-17	1.24545e-17	1.24545e-17	1.24545e-17	1.24545e-17	1.24545e-17	1.24545e-17	1.24545e-17	1.24545e-17	1.24545e-17	1.24545e-17	1.24545e-17	1.24545e-17	1.24545e-17	1.24545e-17	1.24545e-17	1.24545e-17	1.24545e-17	1.24545e-17	1.24545e-17	1.24545e-17	1.24545e-17	1.24545e-17	1.24545e-17	1.24545e-17	1.24545e-17	1.24545e-17	1.24545e-17	1.24545e-17	1.24545e-17	1.24545e-17	1.24545e-17	1.24545e-17	1.24545e-17	1.24545e-17	1.24545e-17	1.24545e-17	1.24545e-17	1.24545e-17	1.24545e-17	1.24545e-17	1.24545e-17	1.24545e-17	1.24545e-17	1.24545e-17	1.24545e-17	1.24545e-17	1.24545e-17	1.24545e-17	1.24545e-17	1.24545e-17	1.24545e-17	1.24545e-17	1.24545e-17	1.24545e-17	1.24545e-17	1.24545e-17	1.24545e-17	1.24545e-17	1.24545e-17
24.85	5.57031e-37	2.28961e-36	4.93999e-36	8.99437e-36	1.51965e-35	2.46841e-35	3.91977e-35	6.13997e-35	9.53629e-35	1.47318e-34	2.26795e-34	3.48375e-34	5.34362e-34	8.18874e-34	1.25411e-33	1.91990e-33	2.93840e-33	4.49647e-33	6.87992e-33	1.05261e-32	1.61038e-32	2.46365e-32	3.76896e-32	5.76581e-32	8.82059e-32	1.34938e-31	2.06430e-31	3.15800e-31	4.83120e-31	7.39097e-31	1.13071e-30	1.72985e-30	2.64648e-30	4.04890e-30	6.19460e-30	9.47762e-30	1.45009e-29	2.21873e-29	3.39490e-29	5.19476e-29	7.94920e-29	1.21647e-28	1.86169e-28	2.84932e-28	4.36122e-28	6.67595e-28	1.02203e-27	1.56481e-27	2.39619e-27	3.66986e-27	5.62153e-27	8.61293e-27	1.31993e-26	2.02335e-26	3.10265e-26	4.75941e-26	7.30400e-26	1.12146e-25	1.72288e-25	2.64859e-25	4.07482e-25	6.27467e-25	9.67216e-25	1.49273e-24	2.30700e-24	3.57130e-24	5.53909e-24	8.61043e-24	1.34202e-23	2.09817e-23	3.29248e-23	5.18926e-23	8.22165e-23	1.31083e-22	2.10594e-22	3.41513e-22	5.60274e-22	9.32664e-22	1.58188e-21	2.74987e-21	4.94312e-21	9.32097e-21	1.89125e-20	4.35285e-20	1.31291e-19	1.15531e-18	5.39058e-18	5.73940e-18	5.87613e-18	5.96221e-18	6.02834e-18	6.08511e-18	6.13739e-18	6.18791e-18	6.23848e-18	6.29043e-18	6.34491e-18	6.40294e-18	6.46555e-18	6.53382e-18	6.60889e-18	6.69202e-18	6.78461e-18	6.88827e-18	7.00478e-18	7.13622e-18	7.28492e-18	7.45359e-18	7.64533e-18	7.86369e-18	8.11277e-18	8.39729e-18	8.72266e-18	9.09513e-18	9.52190e-18	1.00112e-17	1.05727e-17	1.09977e-17	1.09977e-17	1.09977e-17	1.09977e-17	1.09977e-17	1.09977e-17	1.09977e-17	1.09977e-17	1.09977e-17	1.09977e-17	1.09977e-17	1.09977e-17	1.09977e-17	1.09977e-17	1.09977e-17	1.09977e-17	1.09977e-17	1.09977e-17	1.09977e-17	1.09977e-17	1.09977e-17	1.09977e-17	1.09977e-17	1.09977e-17	1.09977e-17	1.09977e-17	1.09977e-17	1.09977e-17	1.09977e-17	1.09977e-17	1.09977e-17	1.09977e-17	1.09977e-17	1.09977e-17	1.09977e-17	1.09977e-17	1.09977e-17	1.09977e-17	1.09977e-17	1.09977e-17	1.09977e-17	1.09977e-17	1.09977e-17	1.09977e-17	1.09977e-17	1.09977e-17	1.09977e-17	1.09977e-17	1.09977e-17	1.09977e-17	1.09977e-17	1.09977e-17	1.09977e-17	1.09977e-17	1.09977e-17	1.09977e-17	1.09977e-17	1.09977e-17	1.09977e-17	1.09977e-17	1.09977e-17	1.09977e-17	1.09977e-17	1.09977e-17	1.09977e-17	1.09977e-17	1.09977e-17	1.09977e-17
24.89	4.76149e-37	1.95715e-36	4.22269e-36	7.68837e-36	1.29899e-35	2.11000e-35	3.35061e-35	5.24843e-35	8.15160e-35	1.25927e-34	1.93864e-34	2.97791e-34	4.56772e-34	6.99972e-34	1.07201e-33	1.64113e-33	2.51174e-33	3.84357e-33	5.88095e-33	8.99766e-33	1.37655e-32	2.10592e-32	3.22170e-32	4.92861e-32	7.53983e-32	1.15345e-31	1.76456e-31	2.69946e-31	4.12971e-31	6.31779e-31	9.66531e-31	1.47867e-30	2.26221e-30	3.46099e-30	5.29514e-30	8.10145e-30	1.23954e-29	1.89656e-29	2.90195e-29	4.44047e-29	6.79496e-29	1.03984e-28	1.59137e-28	2.43559e-28	3.72796e-28	5.70659e-28	8.73627e-28	1.33760e-27	2.04826e-27	3.13699e-27	4.80528e-27	7.36232e-27	1.12827e-26	1.72956e-26	2.65214e-26	4.06834e-26	6.24344e-26	9.58620e-26	1.47271e-25	2.26401e-25	3.48315e-25	5.36358e-25	8.26775e-25	1.27598e-24	1.97202e-24	3.05274e-24	4.73480e-24	7.36018e-24	1.14715e-23	1.79351e-23	2.81440e-23	4.43577e-23	7.02785e-23	1.12049e-22	1.80016e-22	2.91925e-22	4.78921e-22	7.97240e-22	1.35219e-21	2.35059e-21	4.22537e-21	7.96755e-21	1.61664e-20	3.72081e-20	1.12227e-19	9.87557e-19	4.60786e-18	4.90603e-18	5.02291e-18	5.09649e-18	5.15302e-18	5.20154e-18	5.24623e-18	5.28942e-18	5.33264e-18	5.37705e-18	5.42362e-18	5.47322e-18	5.52674e-18	5.58510e-18	5.64927e-18	5.72033e-18	5.79948e-18	5.88808e-18	5.98768e-18	6.10003e-18	6.22714e-18	6.37132e-18	6.53521e-18	6.72187e-18	6.93479e-18	7.17799e-18	7.45612e-18	7.77451e-18	8.13931e-18	8.55760e-18	9.03754e-18	9.58852e-18	9.72537e-18	9.72537e-18	9.72537e-18	9.72537e-18	9.72537e-18	9.72537e-18	9.72537e-18	9.72537e-18	9.72537e-18	9.72537e-18	9.72537e-18	9.72537e-18	9.72537e-18	9.72537e-18	9.72537e-18	9.72537e-18	9.72537e-18	9.72537e-18	9.72537e-18	9.72537e-18	9.72537e-18	9.72537e-18	9.72537e-18	9.72537e-18	9.72537e-18	9.72537e-18	9.72537e-18	9.72537e-18	9.72537e-18	9.72537e-18	9.72537e-18	9.72537e-18	9.72537e-18	9.72537e-18	9.72537e-18	9.72537e-18	9.72537e-18	9.72537e-18	9.72537e-18	9.72537e-18	9.72537e-18	9.72537e-18	9.72537e-18	9.72537e-18	9.72537e-18	9.72537e-18	9.72537e-18	9.72537e-18	9.72537e-18	9.72537e-18	9.72537e-18	9.72537e-18	9.72537e-18	9.72537e-18	9.72537e-18	9.72537e-18	9.72537e-18	9.72537e-18	9.72537e-18	9.72537e-18	9.72537e-18	9.72537e-18	9.72537e-18	9.72537e-18	9.72537e-18	9.72537e-18	9.72537e-18
24.92	4.07012e-37	1.67297e-36	3.60955e-36	6.57201e-36	1.11038e-35	1.80362e-35	2.86410e-35	4.48635e-35	6.96798e-35	1.07642e-34	1.65715e-34	2.54551e-34	3.90448e-34	5.98335e-34	9.16350e-34	1.40283e-33	2.14703e-33	3.28548e-33	5.02703e-33	7.69118e-33	1.17667e-32	1.80014e-32	2.75391e-32	4.21297e-32	6.44503e-32	9.85967e-32	1.50834e-31	2.30749e-31	3.53007e-31	5.40044e-31	8.26189e-31	1.26396e-30	1.93373e-30	2.95845e-30	4.52628e-30	6.92511e-30	1.05955e-29	1.62118e-29	2.48058e-29	3.79571e-29	5.80832e-29	8.88854e-29	1.36030e-28	2.08194e-28	3.18666e-28	4.87798e-28	7.46775e-28	1.14338e-27	1.75085e-27	2.68149e-27	4.10754e-27	6.29330e-27	9.64447e-27	1.47843e-26	2.26704e-26	3.47761e-26	5.33689e-26	8.19427e-26	1.25887e-25	1.93527e-25	2.97739e-25	4.58478e-25	7.06726e-25	1.09071e-24	1.68568e-24	2.60948e-24	4.04730e-24	6.29147e-24	9.80584e-24	1.53309e-23	2.40575e-23	3.79169e-23	6.00740e-23	9.57796e-23	1.53877e-22	2.49537e-22	4.09381e-22	6.81479e-22	1.15585e-21	2.00928e-21	3.61184e-21	6.81065e-21	1.38190e-20	3.18054e-20	9.59315e-20	8.44162e-19	3.93879e-18	4.19366e-18	4.29358e-18	4.35647e-18	4.40479e-18	4.44627e-18	4.48447e-18	4.52139e-18	4.55833e-18	4.59630e-18	4.63610e-18	4.67850e-18	4.72425e-18	4.77413e-18	4.82898e-18	4.88973e-18	4.95738e-18	5.03312e-18	5.11826e-18	5.21429e-18	5.32295e-18	5.44619e-18	5.58629e-18	5.74584e-18	5.92784e-18	6.13573e-18	6.37348e-18	6.64564e-18	6.95747e-18	7.31502e-18	7.72527e-18	8.19626e-18	8.61276e-18	8.61276e-18	8.61276e-18	8.61276e-18	8.61276e-18	8.61276e-18	8.61276e-18	8.61276e-18	8.61276e-18	8.61276e-18	8.61276e-18	8.61276e-18	8.61276e-18	8.61276e-18	8.61276e-18	8.61276e-18	8.61276e-18	8.61276e-18	8.61276e-18	8.61276e-18	8.61276e-18	8.61276e-18	8.61276e-18	8.61276e-18	8.61276e-18	8.61276e-18	8.61276e-18	8.61276e-18	8.61276e-18	8.61276e-18	8.61276e-18	8.61276e-18	8.61276e-18	8.61276e-18	8.61276e-18	8.61276e-18	8.61276e-18	8.61276e-18	8.61276e-18	8.61276e-18	8.61276e-18	8.61276e-18	8.61276e-18	8.61276e-18	8.61276e-18	8.61276e-18	8.61276e-18	8.61276e-18	8.61276e-18	8.61276e-18	8.61276e-18	8.61276e-18	8.61276e-18	8.61276e-18	8.61276e-18	8.61276e-18	8.61276e-18	8.61276e-18	8.61276e-18	8.61276e-18	8.61276e-18	8.61276e-18	8.61276e-18	8.61276e-18	8.61276e-18	8.61276e-18	8.61276e-18
24.96	3.47913e-37	1.43005e-36	3.08544e-36	5.61774e-36	9.49150e-36	1.54173e-35	2.44823e-35	3.83493e-35	5.95622e-35	9.20124e-35	1.41653e-34	2.17590e-34	3.33754e-34	5.11456e-34	7.83295e-34	1.19914e-33	1.83528e-33	2.80842e-33	4.29709e-33	6.57441e-33	1.00582e-32	1.53876e-32	2.35403e-32	3.60124e-32	5.50921e-32	8.42803e-32	1.28933e-31	1.97244e-31	3.01749e-31	4.61629e-31	7.06225e-31	1.08043e-30	1.65295e-30	2.52888e-30	3.86905e-30	5.91957e-30	9.05704e-30	1.38578e-29	2.12040e-29	3.24457e-29	4.96495e-29	7.59791e-29	1.16278e-28	1.77964e-28	2.72395e-28	4.16969e-28	6.38342e-28	9.77358e-28	1.49663e-27	2.29214e-27	3.51112e-27	5.37950e-27	8.24408e-27	1.26376e-26	1.93786e-26	2.97266e-26	4.56196e-26	7.00445e-26	1.07608e-25	1.65427e-25	2.54507e-25	3.91906e-25	6.04108e-25	9.32334e-25	1.44092e-24	2.23058e-24	3.45963e-24	5.37794e-24	8.38202e-24	1.31049e-23	2.05643e-23	3.24113e-23	5.13511e-23	8.18722e-23	1.31534e-22	2.13304e-22	3.49938e-22	5.82528e-22	9.88020e-22	1.71753e-21	3.08740e-21	5.82174e-21	1.18125e-20	2.71872e-20	8.20021e-20	7.21588e-19	3.36688e-18	3.58474e-18	3.67014e-18	3.72390e-18	3.76521e-18	3.80066e-18	3.83332e-18	3.86487e-18	3.89646e-18	3.92891e-18	3.96293e-18	3.99917e-18	4.03828e-18	4.08092e-18	4.12781e-18	4.17973e-18	4.23756e-18	4.30231e-18	4.37508e-18	4.45717e-18	4.55005e-18	4.65540e-18	4.77515e-18	4.91154e-18	5.06711e-18	5.24482e-18	5.44804e-18	5.68068e-18	5.94723e-18	6.25287e-18	6.60355e-18	7.00615e-18	7.46856e-18	7.63866e-18	7.63866e-18	7.63866e-18	7.63866e-18	7.63866e-18	7.63866e-18	7.63866e-18	7.63866e-18	7.63866e-18	7.63866e-18	7.63866e-18	7.63866e-18	7.63866e-18	7.63866e-18	7.63866e-18	7.63866e-18	7.63866e-18	7.63866e-18	7.63866e-18	7.63866e-18	7.63866e-18	7.63866e-18	7.63866e-18	7.63866e-18	7.63866e-18	7.63866e-18	7.63866e-18	7.63866e-18	7.63866e-18	7.63866e-18	7.63866e-18	7.63866e-18	7.63866e-18	7.63866e-18	7.63866e-18	7.63866e-18	7.63866e-18	7.63866e-18	7.63866e-18	7.63866e-18	7.63866e-18	7.63866e-18	7.63866e-18	7.63866e-18	7.63866e-18	7.63866e-18	7.63866e-18	7.63866e-18	7.63866e-18	7.63866e-18	7.63866e-18	7.63866e-18	7.63866e-18	7.63866e-18	7.63866e-18	7.63866e-18	7.63866e-18	7.63866e-18	7.63866e-18	7.63866e-18	7.63866e-18	7.63866e-18	7.63866e-18	7.63866e-18	7.63866e-18	7.63866e-18
24.99	2.97396e-37	1.22241e-36	2.63743e-36	4.80204e-36	8.11332e-36	1.31787e-35	2.09274e-35	3.27809e-35	5.09137e-35	7.86520e-35	1.21085e-34	1.85995e-34	2.85293e-34	4.37192e-34	6.69559e-34	1.02502e-33	1.56880e-33	2.40064e-33	3.67315e-33	5.61980e-33	8.59772e-33	1.31533e-32	2.01222e-32	3.07833e-32	4.70926e-32	7.20427e-32	1.10212e-31	1.68604e-31	2.57935e-31	3.94599e-31	6.03680e-31	9.23554e-31	1.41294e-30	2.16168e-30	3.30726e-30	5.06004e-30	7.74195e-30	1.18456e-29	1.81251e-29	2.77345e-29	4.24403e-29	6.49468e-29	9.93945e-29	1.52123e-28	2.32843e-28	3.56425e-28	5.45654e-28	8.35444e-28	1.27931e-27	1.95931e-27	3.00130e-27	4.59839e-27	7.04703e-27	1.08026e-26	1.65648e-26	2.54102e-26	3.89956e-26	5.98739e-26	9.19834e-26	1.41406e-25	2.17552e-25	3.35001e-25	5.16391e-25	7.96958e-25	1.23169e-24	1.90670e-24	2.95728e-24	4.59706e-24	7.16494e-24	1.12020e-23	1.75783e-23	2.77051e-23	4.38949e-23	6.99843e-23	1.12435e-22	1.82332e-22	2.99127e-22	4.97944e-22	8.44558e-22	1.46814e-21	2.63910e-21	4.97641e-21	1.00973e-20	2.32396e-20	7.00953e-20	6.16813e-19	2.87800e-18	3.06423e-18	3.13723e-18	3.18319e-18	3.21849e-18	3.24880e-18	3.27671e-18	3.30369e-18	3.33068e-18	3.35842e-18	3.38751e-18	3.41849e-18	3.45192e-18	3.48837e-18	3.52844e-18	3.57283e-18	3.62226e-18	3.67760e-18	3.73981e-18	3.80998e-18	3.88937e-18	3.97943e-18	4.08179e-18	4.19838e-18	4.33136e-18	4.48326e-18	4.65697e-18	4.85584e-18	5.08368e-18	5.34494e-18	5.64471e-18	5.98884e-18	6.38411e-18	6.78465e-18	6.78478e-18	6.78478e-18	6.78478e-18	6.78478e-18	6.78478e-18	6.78478e-18	6.78478e-18	6.78478e-18	6.78478e-18	6.78478e-18	6.78478e-18	6.78478e-18	6.78478e-18	6.78478e-18	6.78478e-18	6.78478e-18	6.78478e-18	6.78478e-18	6.78478e-18	6.78478e-18	6.78478e-18	6.78478e-18	6.78478e-18	6.78478e-18	6.78478e-18	6.78478e-18	6.78478e-18	6.78478e-18	6.78478e-18	6.78478e-18	6.78478e-18	6.78478e-18	6.78478e-18	6.78478e-18	6.78478e-18	6.78478e-18	6.78478e-18	6.78478e-18	6.78478e-18	6.78478e-18	6.78478e-18	6.78478e-18	6.78478e-18	6.78478e-18	6.78478e-18	6.78478e-18	6.78478e-18	6.78478e-18	6.78478e-18	6.78478e-18	6.78478e-18	6.78478e-18	6.78478e-18	6.78478e-18	6.78478e-18	6.78478e-18	6.78478e-18	6.78478e-18	6.78478e-18	6.78478e-18	6.78478e-18	6.78478e-18	6.78478e-18	6.78478e-18	6.78478e-18
25.02	2.54213e-37	1.04491e-36	2.25447e-36	4.10477e-36	6.93525e-36	1.12651e-35	1.78887e-35	2.80211e-35	4.35209e-35	6.72316e-35	1.03503e-34	1.58989e-34	2.43868e-34	3.73711e-34	5.72338e-34	8.76188e-34	1.34100e-33	2.05206e-33	3.13980e-33	4.80379e-33	7.34931e-33	1.12434e-32	1.72005e-32	2.63135e-32	4.02547e-32	6.15819e-32	9.42088e-32	1.44122e-31	2.20482e-31	3.37303e-31	5.16025e-31	7.89453e-31	1.20778e-30	1.84780e-30	2.82704e-30	4.32531e-30	6.61780e-30	1.01256e-29	1.54933e-29	2.37074e-29	3.62779e-29	5.55164e-29	8.49623e-29	1.30035e-28	1.99034e-28	3.04671e-28	4.66424e-28	7.14137e-28	1.09355e-27	1.67482e-27	2.56551e-27	3.93069e-27	6.02379e-27	9.23402e-27	1.41596e-26	2.17206e-26	3.33334e-26	5.11802e-26	7.86272e-26	1.20874e-25	1.85963e-25	2.86358e-25	4.41410e-25	6.81238e-25	1.05285e-24	1.62984e-24	2.52788e-24	3.92956e-24	6.12458e-24	9.57546e-24	1.50259e-23	2.36823e-23	3.75213e-23	5.98224e-23	9.61093e-23	1.55857e-22	2.55693e-22	4.25641e-22	7.21927e-22	1.25496e-21	2.25590e-21	4.25383e-21	8.63115e-21	1.98652e-20	5.99173e-20	5.27250e-19	2.46011e-18	2.61930e-18	2.68170e-18	2.72098e-18	2.75116e-18	2.77707e-18	2.80093e-18	2.82399e-18	2.84706e-18	2.87078e-18	2.89563e-18	2.92212e-18	2.95069e-18	2.98185e-18	3.01611e-18	3.05405e-18	3.09631e-18	3.14361e-18	3.19678e-18	3.25677e-18	3.32463e-18	3.40161e-18	3.48911e-18	3.58876e-18	3.70244e-18	3.83228e-18	3.98077e-18	4.15076e-18	4.34553e-18	4.56885e-18	4.82509e-18	5.11925e-18	5.45713e-18	5.84538e-18	6.03531e-18	6.03531e-18	6.03531e-18	6.03531e-18	6.03531e-18	6.03531e-18	6.03531e-18	6.03531e-18	6.03531e-18	6.03531e-18	6.03531e-18	6.03531e-18	6.03531e-18	6.03531e-18	6.03531e-18	6.03531e-18	6.03531e-18	6.03531e-18	6.03531e-18	6.03531e-18	6.03531e-18	6.03531e-18	6.03531e-18	6.03531e-18	6.03531e-18	6.03531e-18	6.03531e-18	6.03531e-18	6.03531e-18	6.03531e-18	6.03531e-18	6.03531e-18	6.03531e-18	6.03531e-18	6.03531e-18	6.03531e-18	6.03531e-18	6.03531e-18	6.03531e-18	6.03531e-18	6.03531e-18	6.03531e-18	6.03531e-18	6.03531e-18	6.03531e-18	6.03531e-18	6.03531e-18	6.03531e-18	6.03531e-18	6.03531e-18	6.03531e-18	6.03531e-18	6.03531e-18	6.03531e-18	6.03531e-18	6.03531e-18	6.03531e-18	6.03531e-18	6.03531e-18	6.03531e-18	6.03531e-18	6.03531e-18	6.03531e-18	6.03531e-18	6.03531e-18
25.06	2.17301e-37	8.93189e-37	1.92712e-36	3.50875e-36	5.92824e-36	9.62942e-36	1.52912e-35	2.39524e-35	3.72016e-35	5.74695e-35	8.84741e-35	1.35903e-34	2.08458e-34	3.19447e-34	4.89234e-34	7.48965e-34	1.14629e-33	1.75410e-33	2.68390e-33	4.10627e-33	6.28218e-33	9.61083e-33	1.47029e-32	2.24928e-32	3.44096e-32	5.26402e-32	8.05295e-32	1.23196e-31	1.88468e-31	2.88326e-31	4.41097e-31	6.74823e-31	1.03241e-30	1.57950e-30	2.41655e-30	3.69727e-30	5.65689e-30	8.65538e-30	1.32437e-29	2.02651e-29	3.10103e-29	4.74554e-29	7.26256e-29	1.11154e-28	1.70134e-28	2.60433e-28	3.98699e-28	6.10443e-28	9.34769e-28	1.43163e-27	2.19299e-27	3.35995e-27	5.14913e-27	7.89322e-27	1.21036e-26	1.85667e-26	2.84933e-26	4.37487e-26	6.72104e-26	1.03323e-25	1.58961e-25	2.44778e-25	3.77317e-25	5.82322e-25	8.99974e-25	1.39319e-24	2.16083e-24	3.35898e-24	5.23528e-24	8.18509e-24	1.28441e-23	2.02436e-23	3.20731e-23	5.11361e-23	8.21541e-23	1.33226e-22	2.18566e-22	3.63838e-22	6.17102e-22	1.07274e-21	1.92834e-21	3.63617e-21	7.37789e-21	1.69807e-20	5.12172e-20	4.50693e-19	2.10290e-18	2.23897e-18	2.29231e-18	2.32589e-18	2.35169e-18	2.37384e-18	2.39423e-18	2.41394e-18	2.43367e-18	2.45393e-18	2.47518e-18	2.49782e-18	2.52225e-18	2.54888e-18	2.57817e-18	2.61059e-18	2.64672e-18	2.68715e-18	2.73261e-18	2.78388e-18	2.84189e-18	2.90769e-18	2.98249e-18	3.06767e-18	3.16484e-18	3.27583e-18	3.40276e-18	3.54806e-18	3.71455e-18	3.90545e-18	4.12448e-18	4.37593e-18	4.66475e-18	4.99662e-18	5.37180e-18	5.37661e-18	5.37661e-18	5.37661e-18	5.37661e-18	5.37661e-18	5.37661e-18	5.37661e-18	5.37661e-18	5.37661e-18	5.37661e-18	5.37661e-18	5.37661e-18	5.37661e-18	5.37661e-18	5.37661e-18	5.37661e-18	5.37661e-18	5.37661e-18	5.37661e-18	5.37661e-18	5.37661e-18	5.37661e-18	5.37661e-18	5.37661e-18	5.37661e-18	5.37661e-18	5.37661e-18	5.37661e-18	5.37661e-18	5.37661e-18	5.37661e-18	5.37661e-18	5.37661e-18	5.37661e-18	5.37661e-18	5.37661e-18	5.37661e-18	5.37661e-18	5.37661e-18	5.37661e-18	5.37661e-18	5.37661e-18	5.37661e-18	5.37661e-18	5.37661e-18	5.37661e-18	5.37661e-18	5.37661e-18	5.37661e-18	5.37661e-18	5.37661e-18	5.37661e-18	5.37661e-18	5.37661e-18	5.37661e-18	5.37661e-18	5.37661e-18	5.37661e-18	5.37661e-18	5.37661e-18	5.37661e-18	5.37661e-18	5.37661e-18	5.37661e-18
25.09	1.85749e-37	7.63496e-37	1.64730e-36	2.99928e-36	5.06745e-36	8.23121e-36	1.30709e-35	2.04744e-35	3.17999e-35	4.91248e-35	7.56276e-35	1.16170e-34	1.78189e-34	2.73063e-34	4.18196e-34	6.40214e-34	9.79846e-34	1.49940e-33	2.29419e-33	3.51004e-33	5.37000e-33	8.21532e-33	1.25680e-32	1.92268e-32	2.94133e-32	4.49967e-32	6.88365e-32	1.05307e-31	1.61102e-31	2.46461e-31	3.77049e-31	5.76838e-31	8.82501e-31	1.35015e-30	2.06566e-30	3.16042e-30	4.83550e-30	7.39861e-30	1.13207e-29	1.73225e-29	2.65075e-29	4.05648e-29	6.20803e-29	9.50139e-29	1.45430e-28	2.22617e-28	3.40807e-28	5.21806e-28	7.99039e-28	1.22376e-27	1.87457e-27	2.87208e-27	4.40146e-27	6.74712e-27	1.03461e-26	1.58708e-26	2.43560e-26	3.73963e-26	5.74514e-26	8.83203e-26	1.35880e-25	2.09236e-25	3.22530e-25	4.97768e-25	7.69296e-25	1.19089e-24	1.84707e-24	2.87125e-24	4.47511e-24	6.99660e-24	1.09792e-23	1.73042e-23	2.74161e-23	4.37111e-23	7.02252e-23	1.13882e-22	1.86830e-22	3.11008e-22	5.27498e-22	9.16978e-22	1.64834e-21	3.10819e-21	6.30661e-21	1.45151e-20	4.37804e-20	3.85252e-19	1.79755e-18	1.91387e-18	1.95947e-18	1.98817e-18	2.01022e-18	2.02915e-18	2.04658e-18	2.06343e-18	2.08029e-18	2.09762e-18	2.11578e-18	2.13513e-18	2.15601e-18	2.17878e-18	2.20381e-18	2.23153e-18	2.26241e-18	2.29697e-18	2.33583e-18	2.37966e-18	2.42924e-18	2.48549e-18	2.54942e-18	2.62224e-18	2.70530e-18	2.80017e-18	2.90867e-18	3.03288e-18	3.17519e-18	3.33837e-18	3.52560e-18	3.74054e-18	3.98742e-18	4.27110e-18	4.59719e-18	4.79690e-18	4.79690e-18	4.79690e-18	4.79690e-18	4.79690e-18	4.79690e-18	4.79690e-18	4.79690e-18	4.79690e-18	4.79690e-18	4.79690e-18	4.79690e-18	4.79690e-18	4.79690e-18	4.79690e-18	4.79690e-18	4.79690e-18	4.79690e-18	4.79690e-18	4.79690e-18	4.79690e-18	4.79690e-18	4.79690e-18	4.79690e-18	4.79690e-18	4.79690e-18	4.79690e-18	4.79690e-18	4.79690e-18	4.79690e-18	4.79690e-18	4.79690e-18	4.79690e-18	4.79690e-18	4.79690e-18	4.79690e-18	4.79690e-18	4.79690e-18	4.79690e-18	4.79690e-18	4.79690e-18	4.79690e-18	4.79690e-18	4.79690e-18	4.79690e-18	4.79690e-18	4.79690e-18	4.79690e-18	4.79690e-18	4.79690e-18	4.79690e-18	4.79690e-18	4.79690e-18	4.79690e-18	4.79690e-18	4.79690e-18	4.79690e-18	4.79690e-18	4.79690e-18	4.79690e-18	4.79690e-18	4.79690e-18	4.79690e-18	4.79690e-18
25.13	1.58778e-37	6.52635e-37	1.40811e-36	2.56378e-36	4.33165e-36	7.03603e-36	1.11730e-35	1.75015e-35	2.71825e-35	4.19918e-35	6.46463e-35	9.93018e-35	1.52316e-34	2.33414e-34	3.57474e-34	5.47254e-34	8.37570e-34	1.28168e-33	1.96107e-33	3.00037e-33	4.59027e-33	7.02244e-33	1.07431e-32	1.64350e-32	2.51425e-32	3.84631e-32	5.88413e-32	9.00166e-32	1.37710e-31	2.10674e-31	3.22301e-31	4.93080e-31	7.54360e-31	1.15411e-30	1.76573e-30	2.70152e-30	4.13338e-30	6.32432e-30	9.67690e-30	1.48073e-29	2.26586e-29	3.46747e-29	5.30661e-29	8.12177e-29	1.24313e-28	1.90293e-28	2.91321e-28	4.46039e-28	6.83017e-28	1.04607e-27	1.60238e-27	2.45505e-27	3.76236e-27	5.76742e-27	8.84386e-27	1.35664e-26	2.08195e-26	3.19663e-26	4.91094e-26	7.54960e-26	1.16150e-25	1.78855e-25	2.75698e-25	4.25491e-25	6.57593e-25	1.01797e-24	1.57888e-24	2.45434e-24	3.82532e-24	5.98068e-24	9.38497e-24	1.47916e-23	2.34352e-23	3.73642e-23	6.00284e-23	9.73459e-23	1.59702e-22	2.65849e-22	4.50904e-22	7.83831e-22	1.40900e-21	2.65687e-21	5.39088e-21	1.24075e-20	3.74234e-20	3.29312e-19	1.53655e-18	1.63597e-18	1.67495e-18	1.69948e-18	1.71833e-18	1.73452e-18	1.74942e-18	1.76382e-18	1.77823e-18	1.79304e-18	1.80857e-18	1.82511e-18	1.84296e-18	1.86242e-18	1.88381e-18	1.90751e-18	1.93390e-18	1.96345e-18	1.99666e-18	2.03413e-18	2.07651e-18	2.12459e-18	2.17924e-18	2.24149e-18	2.31249e-18	2.39359e-18	2.48633e-18	2.59250e-18	2.71415e-18	2.85363e-18	3.01367e-18	3.19741e-18	3.40844e-18	3.65093e-18	3.92968e-18	4.25019e-18	4.28601e-18	4.28601e-18	4.28601e-18	4.28601e-18	4.28601e-18	4.28601e-18	4.28601e-18	4.28601e-18	4.28601e-18	4.28601e-18	4.28601e-18	4.28601e-18	4.28601e-18	4.28601e-18	4.28601e-18	4.28601e-18	4.28601e-18	4.28601e-18	4.28601e-18	4.28601e-18	4.28601e-18	4.28601e-18	4.28601e-18	4.28601e-18	4.28601e-18	4.28601e-18	4.28601e-18	4.28601e-18	4.28601e-18	4.28601e-18	4.28601e-18	4.28601e-18	4.28601e-18	4.28601e-18	4.28601e-18	4.28601e-18	4.28601e-18	4.28601e-18	4.28601e-18	4.28601e-18	4.28601e-18	4.28601e-18	4.28601e-18	4.28601e-18	4.28601e-18	4.28601e-18	4.28601e-18	4.28601e-18	4.28601e-18	4.28601e-18	4.28601e-18	4.28601e-18	4.28601e-18	4.28601e-18	4.28601e-18	4.28601e-18	4.28601e-18	4.28601e-18	4.28601e-18	4.28601e-18	4.28601e-18	4.28601e-18	4.28601e-18
25.16	1.35723e-37	5.57872e-37	1.20365e-36	2.19151e-36	3.70269e-36	6.01439e-36	9.55068e-36	1.49603e-35	2.32355e-35	3.58946e-35	5.52596e-35	8.48831e-35	1.30199e-34	1.99522e-34	3.05568e-34	4.67792e-34	7.15954e-34	1.09558e-33	1.67632e-33	2.56472e-33	3.92375e-33	6.00278e-33	9.18322e-33	1.40486e-32	2.14917e-32	3.28782e-32	5.02975e-32	7.69460e-32	1.17714e-31	1.80084e-31	2.75502e-31	4.21484e-31	6.44826e-31	9.86531e-31	1.50934e-30	2.30926e-30	3.53320e-30	5.40602e-30	8.27180e-30	1.26572e-29	1.93685e-29	2.96399e-29	4.53608e-29	6.94248e-29	1.06263e-28	1.62662e-28	2.49021e-28	3.81273e-28	5.83842e-28	8.94175e-28	1.36971e-27	2.09857e-27	3.21606e-27	4.92998e-27	7.55972e-27	1.15965e-26	1.77965e-26	2.73248e-26	4.19786e-26	6.45339e-26	9.92847e-26	1.52885e-25	2.35666e-25	3.63709e-25	5.62110e-25	8.70162e-25	1.34962e-24	2.09797e-24	3.26987e-24	5.11228e-24	8.02225e-24	1.26438e-23	2.00324e-23	3.19388e-23	5.13122e-23	8.32111e-23	1.36513e-22	2.27247e-22	3.85432e-22	6.70018e-22	1.20441e-21	2.27109e-21	4.60812e-21	1.06059e-20	3.19895e-20	2.81496e-19	1.31344e-18	1.39843e-18	1.43174e-18	1.45272e-18	1.46883e-18	1.48266e-18	1.49540e-18	1.50771e-18	1.52003e-18	1.53269e-18	1.54596e-18	1.56010e-18	1.57536e-18	1.59199e-18	1.61028e-18	1.63054e-18	1.65310e-18	1.67835e-18	1.70674e-18	1.73877e-18	1.77500e-18	1.81610e-18	1.86281e-18	1.91602e-18	1.97671e-18	2.04603e-18	2.12531e-18	2.21607e-18	2.32005e-18	2.43928e-18	2.57608e-18	2.73314e-18	2.91353e-18	3.12081e-18	3.35908e-18	3.63306e-18	3.83513e-18	3.83513e-18	3.83513e-18	3.83513e-18	3.83513e-18	3.83513e-18	3.83513e-18	3.83513e-18	3.83513e-18	3.83513e-18	3.83513e-18	3.83513e-18	3.83513e-18	3.83513e-18	3.83513e-18	3.83513e-18	3.83513e-18	3.83513e-18	3.83513e-18	3.83513e-18	3.83513e-18	3.83513e-18	3.83513e-18	3.83513e-18	3.83513e-18	3.83513e-18	3.83513e-18	3.83513e-18	3.83513e-18	3.83513e-18	3.83513e-18	3.83513e-18	3.83513e-18	3.83513e-18	3.83513e-18	3.83513e-18	3.83513e-18	3.83513e-18	3.83513e-18	3.83513e-18	3.83513e-18	3.83513e-18	3.83513e-18	3.83513e-18	3.83513e-18	3.83513e-18	3.83513e-18	3.83513e-18	3.83513e-18	3.83513e-18	3.83513e-18	3.83513e-18	3.83513e-18	3.83513e-18	3.83513e-18	3.83513e-18	3.83513e-18	3.83513e-18	3.83513e-18	3.83513e-18	3.83513e-18	3.83513e-18	3.83513e-18
25.19	1.16016e-37	4.76868e-37	1.02888e-36	1.87330e-36	3.16505e-36	5.14109e-36	8.16390e-36	1.27880e-35	1.98617e-35	3.06826e-35	4.72358e-35	7.25579e-35	1.11294e-34	1.70551e-34	2.61199e-34	3.99868e-34	6.11996e-34	9.36502e-34	1.43292e-33	2.19231e-33	3.35402e-33	5.13116e-33	7.84980e-33	1.20088e-32	1.83711e-32	2.81043e-32	4.29942e-32	6.57733e-32	1.00622e-31	1.53936e-31	2.35499e-31	3.60284e-31	5.51196e-31	8.43285e-31	1.29018e-30	1.97395e-30	3.02018e-30	4.62105e-30	7.07072e-30	1.08194e-29	1.65562e-29	2.53361e-29	3.87744e-29	5.93442e-29	9.08333e-29	1.39043e-28	2.12863e-28	3.25912e-28	4.99067e-28	7.64340e-28	1.17082e-27	1.79386e-27	2.74909e-27	4.21414e-27	6.46204e-27	9.91267e-27	1.52124e-26	2.33572e-26	3.58832e-26	5.51635e-26	8.48684e-26	1.30686e-25	2.01447e-25	3.10898e-25	4.80491e-25	7.43813e-25	1.15365e-24	1.79334e-24	2.79508e-24	4.36997e-24	6.85741e-24	1.08079e-23	1.71236e-23	2.73013e-23	4.38616e-23	7.11287e-23	1.16691e-22	1.94251e-22	3.29467e-22	5.72730e-22	1.02953e-21	1.94133e-21	3.93901e-21	9.06590e-21	2.73446e-20	2.40622e-19	1.12272e-18	1.19537e-18	1.22385e-18	1.24178e-18	1.25555e-18	1.26738e-18	1.27826e-18	1.28879e-18	1.29932e-18	1.31014e-18	1.32149e-18	1.33357e-18	1.34661e-18	1.36083e-18	1.37647e-18	1.39378e-18	1.41307e-18	1.43465e-18	1.45892e-18	1.48630e-18	1.51727e-18	1.55240e-18	1.59233e-18	1.63781e-18	1.68969e-18	1.74895e-18	1.81671e-18	1.89429e-18	1.98317e-18	2.08509e-18	2.20203e-18	2.33628e-18	2.49048e-18	2.66766e-18	2.87134e-18	3.10553e-18	3.37489e-18	3.43664e-18	3.43664e-18	3.43664e-18	3.43664e-18	3.43664e-18	3.43664e-18	3.43664e-18	3.43664e-18	3.43664e-18	3.43664e-18	3.43664e-18	3.43664e-18	3.43664e-18	3.43664e-18	3.43664e-18	3.43664e-18	3.43664e-18	3.43664e-18	3.43664e-18	3.43664e-18	3.43664e-18	3.43664e-18	3.43664e-18	3.43664e-18	3.43664e-18	3.43664e-18	3.43664e-18	3.43664e-18	3.43664e-18	3.43664e-18	3.43664e-18	3.43664e-18	3.43664e-18	3.43664e-18	3.43664e-18	3.43664e-18	3.43664e-18	3.43664e-18	3.43664e-18	3.43664e-18	3.43664e-18	3.43664e-18	3.43664e-18	3.43664e-18	3.43664e-18	3.43664e-18	3.43664e-18	3.43664e-18	3.43664e-18	3.43664e-18	3.43664e-18	3.43664e-18	3.43664e-18	3.43664e-18	3.43664e-18	3.43664e-18	3.43664e-18	3.43664e-18	3.43664e-18	3.43664e-18	3.43664e-18	3.43664e-18
25.23	9.91701e-38	4.07626e-37	8.79482e-37	1.60130e-36	2.70548e-36	4.39459e-36	6.97849e-36	1.09312e-35	1.69778e-35	2.62275e-35	4.03771e-35	6.20224e-35	9.51342e-35	1.45787e-34	2.23272e-34	3.41806e-34	5.23133e-34	8.00520e-34	1.22485e-33	1.87399e-33	2.86701e-33	4.38611e-33	6.71000e-33	1.02651e-32	1.57036e-32	2.40235e-32	3.67514e-32	5.62230e-32	8.60115e-32	1.31584e-31	2.01304e-31	3.07970e-31	4.71162e-31	7.20839e-31	1.10285e-30	1.68733e-30	2.58164e-30	3.95007e-30	6.04404e-30	9.24840e-30	1.41522e-29	2.16573e-29	3.31443e-29	5.07273e-29	7.76442e-29	1.18854e-28	1.81955e-28	2.78589e-28	4.26602e-28	6.53356e-28	1.00082e-27	1.53339e-27	2.34991e-27	3.60224e-27	5.52374e-27	8.47334e-27	1.30035e-26	1.99657e-26	3.06729e-26	4.71536e-26	7.25454e-26	1.11710e-25	1.72197e-25	2.65755e-25	4.10723e-25	6.35811e-25	9.86141e-25	1.53294e-24	2.38923e-24	3.73544e-24	5.86170e-24	9.23860e-24	1.46373e-23	2.33371e-23	3.74928e-23	6.08007e-23	9.97473e-23	1.66045e-22	2.81628e-22	4.89569e-22	8.80040e-22	1.65944e-21	3.36706e-21	7.74952e-21	2.33741e-20	2.05683e-19	9.59703e-19	1.02180e-18	1.04615e-18	1.06147e-18	1.07324e-18	1.08335e-18	1.09266e-18	1.10165e-18	1.11066e-18	1.11991e-18	1.12960e-18	1.13994e-18	1.15108e-18	1.16324e-18	1.17660e-18	1.19140e-18	1.20789e-18	1.22634e-18	1.24708e-18	1.27048e-18	1.29696e-18	1.32699e-18	1.36112e-18	1.40000e-18	1.44434e-18	1.49500e-18	1.55292e-18	1.61924e-18	1.69521e-18	1.78233e-18	1.88229e-18	1.99705e-18	2.12886e-18	2.28032e-18	2.45441e-18	2.65460e-18	2.88485e-18	3.08394e-18	3.08394e-18	3.08394e-18	3.08394e-18	3.08394e-18	3.08394e-18	3.08394e-18	3.08394e-18	3.08394e-18	3.08394e-18	3.08394e-18	3.08394e-18	3.08394e-18	3.08394e-18	3.08394e-18	3.08394e-18	3.08394e-18	3.08394e-18	3.08394e-18	3.08394e-18	3.08394e-18	3.08394e-18	3.08394e-18	3.08394e-18	3.08394e-18	3.08394e-18	3.08394e-18	3.08394e-18	3.08394e-18	3.08394e-18	3.08394e-18	3.08394e-18	3.08394e-18	3.08394e-18	3.08394e-18	3.08394e-18	3.08394e-18	3.08394e-18	3.08394e-18	3.08394e-18	3.08394e-18	3.08394e-18	3.08394e-18	3.08394e-18	3.08394e-18	3.08394e-18	3.08394e-18	3.08394e-18	3.08394e-18	3.08394e-18	3.08394e-18	3.08394e-18	3.08394e-18	3.08394e-18	3.08394e-18	3.08394e-18	3.08394e-18	3.08394e-18	3.08394e-18	3.08394e-18	3.08394e-18	3.08394e-18
25.26	8.47704e-38	3.48438e-37	7.51780e-37	1.36879e-36	2.31264e-36	3.75649e-36	5.96520e-36	9.34396e-36	1.45126e-35	2.24192e-35	3.45143e-35	5.30166e-35	8.13205e-35	1.24618e-34	1.90853e-34	2.92175e-34	4.47174e-34	6.84283e-34	1.04700e-33	1.60188e-33	2.45072e-33	3.74924e-33	5.73570e-33	8.77456e-33	1.34234e-32	2.05352e-32	3.14150e-32	4.80593e-32	7.35225e-32	1.12478e-31	1.72075e-31	2.63252e-31	4.02748e-31	6.16172e-31	9.42710e-31	1.44233e-30	2.20678e-30	3.37651e-30	5.16644e-30	7.90552e-30	1.20973e-29	1.85126e-29	2.83317e-29	4.33616e-29	6.63701e-29	1.01596e-28	1.55535e-28	2.38137e-28	3.64659e-28	5.58488e-28	8.55499e-28	1.31074e-27	2.00870e-27	3.07919e-27	4.72168e-27	7.24299e-27	1.11154e-26	1.70666e-26	2.62192e-26	4.03069e-26	6.20117e-26	9.54895e-26	1.47193e-25	2.27167e-25	3.51085e-25	5.43490e-25	8.42952e-25	1.31036e-24	2.04231e-24	3.19305e-24	5.01058e-24	7.89714e-24	1.25119e-23	1.99485e-23	3.20488e-23	5.19724e-23	8.52639e-23	1.41935e-22	2.40735e-22	4.18483e-22	7.52257e-22	1.41849e-21	2.87816e-21	6.62428e-21	1.99801e-20	1.75818e-19	8.20353e-19	8.73436e-19	8.94245e-19	9.07344e-19	9.17408e-19	9.26047e-19	9.34003e-19	9.41692e-19	9.49387e-19	9.57294e-19	9.65584e-19	9.74415e-19	9.83944e-19	9.94333e-19	1.00576e-18	1.01841e-18	1.03250e-18	1.04827e-18	1.06601e-18	1.08601e-18	1.10864e-18	1.13431e-18	1.16348e-18	1.19672e-18	1.23462e-18	1.27792e-18	1.32744e-18	1.38412e-18	1.44907e-18	1.52354e-18	1.60898e-18	1.70708e-18	1.81974e-18	1.94921e-18	2.09803e-18	2.26915e-18	2.46597e-18	2.69240e-18	2.77132e-18	2.77132e-18	2.77132e-18	2.77132e-18	2.77132e-18	2.77132e-18	2.77132e-18	2.77132e-18	2.77132e-18	2.77132e-18	2.77132e-18	2.77132e-18	2.77132e-18	2.77132e-18	2.77132e-18	2.77132e-18	2.77132e-18	2.77132e-18	2.77132e-18	2.77132e-18	2.77132e-18	2.77132e-18	2.77132e-18	2.77132e-18	2.77132e-18	2.77132e-18	2.77132e-18	2.77132e-18	2.77132e-18	2.77132e-18	2.77132e-18	2.77132e-18	2.77132e-18	2.77132e-18	2.77132e-18	2.77132e-18	2.77132e-18	2.77132e-18	2.77132e-18	2.77132e-18	2.77132e-18	2.77132e-18	2.77132e-18	2.77132e-18	2.77132e-18	2.77132e-18	2.77132e-18	2.77132e-18	2.77132e-18	2.77132e-18	2.77132e-18	2.77132e-18	2.77132e-18	2.77132e-18	2.77132e-18	2.77132e-18	2.77132e-18	2.77132e-18	2.77132e-18	2.77132e-18	2.77132e-18
25.30	7.24616e-38	2.97844e-37	6.42620e-37	1.17004e-36	1.97684e-36	3.21104e-36	5.09905e-36	7.98720e-36	1.24053e-35	1.91639e-35	2.95027e-35	4.53185e-35	6.95127e-35	1.06524e-34	1.63141e-34	2.49751e-34	3.82243e-34	5.84924e-34	8.94978e-34	1.36929e-33	2.09487e-33	3.20484e-33	4.90287e-33	7.50048e-33	1.14743e-32	1.75535e-32	2.68535e-32	4.10810e-32	6.28469e-32	9.61457e-32	1.47089e-31	2.25028e-31	3.44269e-31	5.26703e-31	8.05827e-31	1.23290e-30	1.88636e-30	2.88624e-30	4.41626e-30	6.75762e-30	1.03407e-29	1.58245e-29	2.42179e-29	3.70655e-29	5.67331e-29	8.68443e-29	1.32951e-28	2.03559e-28	3.11710e-28	4.77395e-28	7.31279e-28	1.12042e-27	1.71704e-27	2.63209e-27	4.03609e-27	6.19130e-27	9.50143e-27	1.45885e-26	2.24121e-26	3.44542e-26	5.30075e-26	8.16243e-26	1.25821e-25	1.94182e-25	3.00107e-25	4.64574e-25	7.20554e-25	1.12009e-24	1.74577e-24	2.72941e-24	4.28303e-24	6.75046e-24	1.06952e-23	1.70519e-23	2.73953e-23	4.44259e-23	7.28834e-23	1.21326e-22	2.05780e-22	3.57718e-22	6.43028e-22	1.21252e-21	2.46025e-21	5.66242e-21	1.70790e-20	1.50289e-19	7.01236e-19	7.46612e-19	7.64399e-19	7.75596e-19	7.84199e-19	7.91584e-19	7.98384e-19	8.04957e-19	8.11535e-19	8.18293e-19	8.25379e-19	8.32928e-19	8.41074e-19	8.49954e-19	8.59720e-19	8.70533e-19	8.82579e-19	8.96063e-19	9.11220e-19	9.28317e-19	9.47661e-19	9.69603e-19	9.94545e-19	1.02295e-18	1.05535e-18	1.09236e-18	1.13469e-18	1.18314e-18	1.23866e-18	1.30232e-18	1.37536e-18	1.45921e-18	1.55552e-18	1.66618e-18	1.79339e-18	1.93967e-18	2.10791e-18	2.30146e-18	2.49376e-18	2.49379e-18	2.49379e-18	2.49379e-18	2.49379e-18	2.49379e-18	2.49379e-18	2.49379e-18	2.49379e-18	2.49379e-18	2.49379e-18	2.49379e-18	2.49379e-18	2.49379e-18	2.49379e-18	2.49379e-18	2.49379e-18	2.49379e-18	2.49379e-18	2.49379e-18	2.49379e-18	2.49379e-18	2.49379e-18	2.49379e-18	2.49379e-18	2.49379e-18	2.49379e-18	2.49379e-18	2.49379e-18	2.49379e-18	2.49379e-18	2.49379e-18	2.49379e-18	2.49379e-18	2.49379e-18	2.49379e-18	2.49379e-18	2.49379e-18	2.49379e-18	2.49379e-18	2.49379e-18	2.49379e-18	2.49379e-18	2.49379e-18	2.49379e-18	2.49379e-18	2.49379e-18	2.49379e-18	2.49379e-18	2.49379e-18	2.49379e-18	2.49379e-18	2.49379e-18	2.49379e-18	2.49379e-18	2.49379e-18	2.49379e-18	2.49379e-18	2.49379e-18	2.49379e-18	2.49379e-18
25.33	6.19401e-38	2.54597e-37	5.49311e-37	1.00014e-36	1.68980e-36	2.74480e-36	4.35866e-36	6.82745e-36	1.06040e-35	1.63813e-35	2.52189e-35	3.87382e-35	5.94193e-35	9.10561e-35	1.39452e-34	2.13487e-34	3.26741e-34	4.99992e-34	7.65025e-34	1.17046e-33	1.79069e-33	2.73950e-33	4.19096e-33	6.41140e-33	9.80821e-33	1.50047e-32	2.29543e-32	3.51160e-32	5.37214e-32	8.21852e-32	1.25732e-31	1.92353e-31	2.94280e-31	4.50225e-31	6.88820e-31	1.05388e-30	1.61245e-30	2.46715e-30	3.77501e-30	5.77641e-30	8.83925e-30	1.35268e-29	2.07014e-29	3.16835e-29	4.84953e-29	7.42344e-29	1.13646e-28	1.74002e-28	2.66449e-28	4.08076e-28	6.25096e-28	9.57730e-28	1.46772e-27	2.24991e-27	3.45004e-27	5.29231e-27	8.12181e-27	1.24702e-26	1.91578e-26	2.94514e-26	4.53107e-26	6.97723e-26	1.07551e-25	1.65986e-25	2.56531e-25	3.97117e-25	6.15929e-25	9.57452e-25	1.49228e-24	2.33310e-24	3.66113e-24	5.77029e-24	9.14221e-24	1.45760e-23	2.34174e-23	3.79752e-23	6.23006e-23	1.03709e-22	1.75900e-22	3.05777e-22	5.49659e-22	1.03646e-21	2.10301e-21	4.84023e-21	1.45991e-20	1.28467e-19	5.99416e-19	6.38202e-19	6.53407e-19	6.62978e-19	6.70332e-19	6.76644e-19	6.82457e-19	6.88076e-19	6.93699e-19	6.99476e-19	7.05533e-19	7.11986e-19	7.18948e-19	7.26540e-19	7.34887e-19	7.44131e-19	7.54427e-19	7.65953e-19	7.78909e-19	7.93524e-19	8.10060e-19	8.28815e-19	8.50136e-19	8.74417e-19	9.02114e-19	9.33751e-19	9.69932e-19	1.01135e-18	1.05880e-18	1.11322e-18	1.17565e-18	1.24733e-18	1.32965e-18	1.42425e-18	1.53299e-18	1.65802e-18	1.80183e-18	1.96728e-18	2.15766e-18	2.24707e-18	2.24707e-18	2.24707e-18	2.24707e-18	2.24707e-18	2.24707e-18	2.24707e-18	2.24707e-18	2.24707e-18	2.24707e-18	2.24707e-18	2.24707e-18	2.24707e-18	2.24707e-18	2.24707e-18	2.24707e-18	2.24707e-18	2.24707e-18	2.24707e-18	2.24707e-18	2.24707e-18	2.24707e-18	2.24707e-18	2.24707e-18	2.24707e-18	2.24707e-18	2.24707e-18	2.24707e-18	2.24707e-18	2.24707e-18	2.24707e-18	2.24707e-18	2.24707e-18	2.24707e-18	2.24707e-18	2.24707e-18	2.24707e-18	2.24707e-18	2.24707e-18	2.24707e-18	2.24707e-18	2.24707e-18	2.24707e-18	2.24707e-18	2.24707e-18	2.24707e-18	2.24707e-18	2.24707e-18	2.24707e-18	2.24707e-18	2.24707e-18	2.24707e-18	2.24707e-18	2.24707e-18	2.24707e-18	2.24707e-18	2.24707e-18	2.24707e-18	2.24707e-18	2.24707e-18
25.36	5.29463e-38	2.17629e-37	4.69550e-37	8.54922e-37	1.44444e-36	2.34625e-36	3.72577e-36	5.83609e-36	9.06432e-36	1.40027e-35	2.15571e-35	3.31134e-35	5.07915e-35	7.78346e-35	1.19204e-34	1.82488e-34	2.79298e-34	4.27393e-34	6.53943e-34	1.00051e-33	1.53068e-33	2.34172e-33	3.58243e-33	5.48045e-33	8.38405e-33	1.28260e-32	1.96213e-32	3.00171e-32	4.59210e-32	7.02518e-32	1.07475e-31	1.64423e-31	2.51550e-31	3.84851e-31	5.88802e-31	9.00855e-31	1.37832e-30	2.10892e-30	3.22688e-30	4.93766e-30	7.55578e-30	1.15627e-29	1.76955e-29	2.70830e-29	4.14537e-29	6.34554e-29	9.71445e-29	1.48737e-28	2.27760e-28	3.48823e-28	5.34331e-28	8.18666e-28	1.25460e-27	1.92322e-27	2.94909e-27	4.52386e-27	6.94251e-27	1.06595e-26	1.63761e-26	2.51750e-26	3.87315e-26	5.96413e-26	9.19347e-26	1.41885e-25	2.19282e-25	3.39455e-25	5.26495e-25	8.18429e-25	1.27560e-24	1.99433e-24	3.12953e-24	4.93243e-24	7.81474e-24	1.24595e-23	2.00172e-23	3.24611e-23	5.32545e-23	8.86505e-23	1.50359e-22	2.61378e-22	4.69848e-22	8.85966e-22	1.79765e-21	4.13742e-21	1.24793e-20	1.09813e-19	5.12380e-19	5.45534e-19	5.58531e-19	5.66713e-19	5.72999e-19	5.78395e-19	5.83364e-19	5.88166e-19	5.92973e-19	5.97911e-19	6.03088e-19	6.08604e-19	6.14556e-19	6.21045e-19	6.28180e-19	6.36082e-19	6.44883e-19	6.54736e-19	6.65811e-19	6.78303e-19	6.92438e-19	7.08470e-19	7.26695e-19	7.47450e-19	7.71126e-19	7.98169e-19	8.29096e-19	8.64500e-19	9.05065e-19	9.51577e-19	1.00495e-18	1.06621e-18	1.13658e-18	1.21745e-18	1.31040e-18	1.41728e-18	1.54021e-18	1.68163e-18	1.84436e-18	2.02607e-18	2.02740e-18	2.02740e-18	2.02740e-18	2.02740e-18	2.02740e-18	2.02740e-18	2.02740e-18	2.02740e-18	2.02740e-18	2.02740e-18	2.02740e-18	2.02740e-18	2.02740e-18	2.02740e-18	2.02740e-18	2.02740e-18	2.02740e-18	2.02740e-18	2.02740e-18	2.02740e-18	2.02740e-18	2.02740e-18	2.02740e-18	2.02740e-18	2.02740e-18	2.02740e-18	2.02740e-18	2.02740e-18	2.02740e-18	2.02740e-18	2.02740e-18	2.02740e-18	2.02740e-18	2.02740e-18	2.02740e-18	2.02740e-18	2.02740e-18	2.02740e-18	2.02740e-18	2.02740e-18	2.02740e-18	2.02740e-18	2.02740e-18	2.02740e-18	2.02740e-18	2.02740e-18	2.02740e-18	2.02740e-18	2.02740e-18	2.02740e-18	2.02740e-18	2.02740e-18	2.02740e-18	2.02740e-18	2.02740e-18	2.02740e-18	2.02740e-18	2.02740e-18	2.02740e-18
25.40	4.52584e-38	1.86029e-37	4.01370e-37	7.30786e-37	1.23470e-36	2.00557e-36	3.18479e-36	4.98868e-36	7.74817e-36	1.19695e-35	1.84270e-35	2.83053e-35	4.34165e-35	6.65329e-35	1.01895e-34	1.55991e-34	2.38743e-34	3.65335e-34	5.58989e-34	8.55235e-34	1.30842e-33	2.00170e-33	3.06225e-33	4.68468e-33	7.16667e-33	1.09636e-32	1.67723e-32	2.56586e-32	3.92532e-32	6.00511e-32	9.18696e-32	1.40549e-31	2.15025e-31	3.28970e-31	5.03307e-31	7.70050e-31	1.17819e-30	1.80270e-30	2.75833e-30	4.22071e-30	6.45867e-30	9.88377e-30	1.51261e-29	2.31505e-29	3.54346e-29	5.42416e-29	8.30390e-29	1.27140e-28	1.94689e-28	2.98173e-28	4.56746e-28	6.99794e-28	1.07243e-27	1.64396e-27	2.52088e-27	3.86699e-27	5.93445e-27	9.11177e-27	1.39983e-26	2.15196e-26	3.31076e-26	5.09812e-26	7.85857e-26	1.21283e-25	1.87442e-25	2.90166e-25	4.50047e-25	6.99591e-25	1.09038e-24	1.70475e-24	2.67512e-24	4.21623e-24	6.68003e-24	1.06504e-23	1.71107e-23	2.77477e-23	4.55219e-23	7.57783e-23	1.28527e-22	2.23425e-22	4.01625e-22	7.57323e-22	1.53663e-21	3.53666e-21	1.06673e-20	9.38681e-20	4.37981e-19	4.66322e-19	4.77432e-19	4.84425e-19	4.89799e-19	4.94411e-19	4.98658e-19	5.02763e-19	5.06872e-19	5.11093e-19	5.15519e-19	5.20234e-19	5.25321e-19	5.30868e-19	5.36967e-19	5.43722e-19	5.51245e-19	5.59667e-19	5.69134e-19	5.79813e-19	5.91895e-19	6.05599e-19	6.21177e-19	6.38919e-19	6.59157e-19	6.82274e-19	7.08710e-19	7.38973e-19	7.73648e-19	8.13407e-19	8.59026e-19	9.11397e-19	9.71551e-19	1.04067e-18	1.12012e-18	1.21149e-18	1.31657e-18	1.43745e-18	1.57656e-18	1.73665e-18	1.83153e-18	1.83153e-18	1.83153e-18	1.83153e-18	1.83153e-18	1.83153e-18	1.83153e-18	1.83153e-18	1.83153e-18	1.83153e-18	1.83153e-18	1.83153e-18	1.83153e-18	1.83153e-18	1.83153e-18	1.83153e-18	1.83153e-18	1.83153e-18	1.83153e-18	1.83153e-18	1.83153e-18	1.83153e-18	1.83153e-18	1.83153e-18	1.83153e-18	1.83153e-18	1.83153e-18	1.83153e-18	1.83153e-18	1.83153e-18	1.83153e-18	1.83153e-18	1.83153e-18	1.83153e-18	1.83153e-18	1.83153e-18	1.83153e-18	1.83153e-18	1.83153e-18	1.83153e-18	1.83153e-18	1.83153e-18	1.83153e-18	1.83153e-18	1.83153e-18	1.83153e-18	1.83153e-18	1.83153e-18	1.83153e-18	1.83153e-18	1.83153e-18	1.83153e-18	1.83153e-18	1.83153e-18	1.83153e-18	1.83153e-18	1.83153e-18	1.83153e-18	1.83153e-18
25.43	3.86868e-38	1.59017e-37	3.43091e-37	6.24675e-37	1.05542e-36	1.71436e-36	2.72235e-36	4.26432e-36	6.62312e-36	1.02315e-35	1.57513e-35	2.41953e-35	3.71124e-35	5.68722e-35	8.70999e-35	1.33341e-34	2.04077e-34	3.12287e-34	4.77823e-34	7.31053e-34	1.11844e-33	1.71105e-33	2.61761e-33	4.00446e-33	6.12606e-33	9.37169e-33	1.43369e-32	2.19329e-32	3.35536e-32	5.13316e-32	7.85299e-32	1.20141e-31	1.83803e-31	2.81203e-31	4.30226e-31	6.58237e-31	1.00711e-30	1.54095e-30	2.35782e-30	3.60785e-30	5.52086e-30	8.44863e-30	1.29298e-29	1.97890e-29	3.02894e-29	4.63656e-29	7.09816e-29	1.08679e-28	1.66420e-28	2.54878e-28	3.90425e-28	5.98183e-28	9.16715e-28	1.40526e-27	2.15484e-27	3.30550e-27	5.07276e-27	7.78872e-27	1.19657e-26	1.83949e-26	2.83004e-26	4.35787e-26	6.71749e-26	1.03673e-25	1.60225e-25	2.48033e-25	3.84699e-25	5.98010e-25	9.32053e-25	1.45722e-24	2.28668e-24	3.60403e-24	5.71008e-24	9.10393e-24	1.46262e-23	2.37187e-23	3.89120e-23	6.47752e-23	1.09865e-22	1.90984e-22	3.43309e-22	6.47358e-22	1.31351e-21	3.02313e-21	9.11837e-21	8.02383e-20	3.74386e-19	3.98611e-19	4.08108e-19	4.14086e-19	4.18679e-19	4.22622e-19	4.26252e-19	4.29761e-19	4.33273e-19	4.36882e-19	4.40665e-19	4.44695e-19	4.49044e-19	4.53785e-19	4.58999e-19	4.64772e-19	4.71204e-19	4.78403e-19	4.86495e-19	4.95623e-19	5.05951e-19	5.17665e-19	5.30982e-19	5.46147e-19	5.63446e-19	5.83207e-19	6.05804e-19	6.31673e-19	6.61313e-19	6.95299e-19	7.34294e-19	7.79061e-19	8.30480e-19	8.89564e-19	9.57481e-19	1.03558e-18	1.12540e-18	1.22873e-18	1.34764e-18	1.48449e-18	1.64201e-18	1.65662e-18	1.65662e-18	1.65662e-18	1.65662e-18	1.65662e-18	1.65662e-18	1.65662e-18	1.65662e-18	1.65662e-18	1.65662e-18	1.65662e-18	1.65662e-18	1.65662e-18	1.65662e-18	1.65662e-18	1.65662e-18	1.65662e-18	1.65662e-18	1.65662e-18	1.65662e-18	1.65662e-18	1.65662e-18	1.65662e-18	1.65662e-18	1.65662e-18	1.65662e-18	1.65662e-18	1.65662e-18	1.65662e-18	1.65662e-18	1.65662e-18	1.65662e-18	1.65662e-18	1.65662e-18	1.65662e-18	1.65662e-18	1.65662e-18	1.65662e-18	1.65662e-18	1.65662e-18	1.65662e-18	1.65662e-18	1.65662e-18	1.65662e-18	1.65662e-18	1.65662e-18	1.65662e-18	1.65662e-18	1.65662e-18	1.65662e-18	1.65662e-18	1.65662e-18	1.65662e-18	1.65662e-18	1.65662e-18	1.65662e-18	1.65662e-18	1.65662e-18
25.47	3.30694e-38	1.35928e-37	2.93274e-37	5.33971e-37	9.02175e-37	1.46543e-36	2.32706e-36	3.64513e-36	5.66143e-36	8.74585e-36	1.34642e-35	2.06821e-35	3.17236e-35	4.86143e-35	7.44528e-35	1.13979e-34	1.74445e-34	2.66943e-34	4.08442e-34	6.24903e-34	9.56038e-34	1.46260e-33	2.23753e-33	3.42301e-33	5.23655e-33	8.01091e-33	1.22552e-32	1.87482e-32	2.86815e-32	4.38782e-32	6.71273e-32	1.02696e-31	1.57114e-31	2.40372e-31	3.67757e-31	5.62660e-31	8.60880e-31	1.31720e-30	2.01546e-30	3.08399e-30	4.71922e-30	7.22188e-30	1.10523e-29	1.69156e-29	2.58914e-29	3.96333e-29	6.06749e-29	9.28987e-29	1.42255e-28	2.17869e-28	3.33735e-28	5.11326e-28	7.83607e-28	1.20121e-27	1.84196e-27	2.82553e-27	4.33618e-27	6.65779e-27	1.02283e-26	1.57239e-26	2.41911e-26	3.72510e-26	5.74210e-26	8.86192e-26	1.36960e-25	2.12019e-25	3.28840e-25	5.11178e-25	7.96718e-25	1.24563e-24	1.95465e-24	3.08072e-24	4.88097e-24	7.78203e-24	1.25024e-23	2.02747e-23	3.32619e-23	5.53697e-23	9.39121e-23	1.63252e-22	2.93460e-22	5.53361e-22	1.12279e-21	2.58417e-21	7.79437e-21	6.85876e-20	3.20024e-19	3.40732e-19	3.48850e-19	3.53960e-19	3.57886e-19	3.61256e-19	3.64360e-19	3.67359e-19	3.70361e-19	3.73446e-19	3.76680e-19	3.80125e-19	3.83842e-19	3.87895e-19	3.92352e-19	3.97287e-19	4.02784e-19	4.08938e-19	4.15855e-19	4.23658e-19	4.32486e-19	4.42499e-19	4.53882e-19	4.66846e-19	4.81633e-19	4.98524e-19	5.17841e-19	5.39953e-19	5.65289e-19	5.94340e-19	6.27673e-19	6.65940e-19	7.09893e-19	7.60398e-19	8.18453e-19	8.85209e-19	9.61989e-19	1.05032e-18	1.15196e-18	1.26894e-18	1.40359e-18	1.50020e-18	1.50020e-18	1.50020e-18	1.50020e-18	1.50020e-18	1.50020e-18	1.50020e-18	1.50020e-18	1.50020e-18	1.50020e-18	1.50020e-18	1.50020e-18	1.50020e-18	1.50020e-18	1.50020e-18	1.50020e-18	1.50020e-18	1.50020e-18	1.50020e-18	1.50020e-18	1.50020e-18	1.50020e-18	1.50020e-18	1.50020e-18	1.50020e-18	1.50020e-18	1.50020e-18	1.50020e-18	1.50020e-18	1.50020e-18	1.50020e-18	1.50020e-18	1.50020e-18	1.50020e-18	1.50020e-18	1.50020e-18	1.50020e-18	1.50020e-18	1.50020e-18	1.50020e-18	1.50020e-18	1.50020e-18	1.50020e-18	1.50020e-18	1.50020e-18	1.50020e-18	1.50020e-18	1.50020e-18	1.50020e-18	1.50020e-18	1.50020e-18	1.50020e-18	1.50020e-18	1.50020e-18	1.50020e-18	1.50020e-18	1.50020e-18	1.50020e-18
25.50	2.82677e-38	1.16191e-37	2.50690e-37	4.56438e-37	7.71178e-37	1.25265e-36	1.98917e-36	3.11585e-36	4.83939e-36	7.47594e-36	1.15092e-35	1.76790e-35	2.71173e-35	4.15554e-35	6.36422e-35	9.74293e-35	1.49115e-34	2.28182e-34	3.49136e-34	5.34166e-34	8.17220e-34	1.25023e-33	1.91264e-33	2.92598e-33	4.47619e-33	6.84771e-33	1.04757e-32	1.60259e-32	2.45169e-32	3.75070e-32	5.73803e-32	8.77846e-32	1.34301e-31	2.05470e-31	3.14358e-31	4.80961e-31	7.35878e-31	1.12594e-30	1.72281e-30	2.63619e-30	4.03398e-30	6.17325e-30	9.44753e-30	1.44595e-29	2.21319e-29	3.38785e-29	5.18648e-29	7.94097e-29	1.21600e-28	1.86234e-28	2.85276e-28	4.37081e-28	6.69826e-28	1.02679e-27	1.57450e-27	2.41526e-27	3.70656e-27	5.69107e-27	8.74310e-27	1.34408e-26	2.06785e-26	3.18421e-26	4.90834e-26	7.57515e-26	1.17073e-25	1.81233e-25	2.81092e-25	4.36954e-25	6.81033e-25	1.06476e-24	1.67084e-24	2.63339e-24	4.17224e-24	6.65206e-24	1.06870e-23	1.73308e-23	2.84322e-23	4.73300e-23	8.02759e-23	1.39548e-22	2.50849e-22	4.73012e-22	9.59756e-22	2.20894e-21	6.66261e-21	5.86286e-20	2.73556e-19	2.91257e-19	2.98197e-19	3.02564e-19	3.05921e-19	3.08801e-19	3.11454e-19	3.14018e-19	3.16584e-19	3.19221e-19	3.21985e-19	3.24930e-19	3.28108e-19	3.31572e-19	3.35382e-19	3.39600e-19	3.44299e-19	3.49559e-19	3.55472e-19	3.62142e-19	3.69688e-19	3.78248e-19	3.87978e-19	3.99059e-19	4.11699e-19	4.26138e-19	4.42649e-19	4.61551e-19	4.83208e-19	5.08041e-19	5.36534e-19	5.69244e-19	6.06815e-19	6.49987e-19	6.99613e-19	7.56675e-19	8.22306e-19	8.97812e-19	9.84694e-19	1.08469e-18	1.19978e-18	1.33229e-18	1.36011e-18	1.36011e-18	1.36011e-18	1.36011e-18	1.36011e-18	1.36011e-18	1.36011e-18	1.36011e-18	1.36011e-18	1.36011e-18	1.36011e-18	1.36011e-18	1.36011e-18	1.36011e-18	1.36011e-18	1.36011e-18	1.36011e-18	1.36011e-18	1.36011e-18	1.36011e-18	1.36011e-18	1.36011e-18	1.36011e-18	1.36011e-18	1.36011e-18	1.36011e-18	1.36011e-18	1.36011e-18	1.36011e-18	1.36011e-18	1.36011e-18	1.36011e-18	1.36011e-18	1.36011e-18	1.36011e-18	1.36011e-18	1.36011e-18	1.36011e-18	1.36011e-18	1.36011e-18	1.36011e-18	1.36011e-18	1.36011e-18	1.36011e-18	1.36011e-18	1.36011e-18	1.36011e-18	1.36011e-18	1.36011e-18	1.36011e-18	1.36011e-18	1.36011e-18	1.36011e-18	1.36011e-18	1.36011e-18	1.36011e-18	1.36011e-18
25.54	2.41632e-38	9.93197e-38	2.14289e-37	3.90162e-37	6.59201e-37	1.07076e-36	1.70034e-36	2.66343e-36	4.13670e-36	6.39042e-36	9.83804e-36	1.51120e-35	2.31798e-35	3.55215e-35	5.44012e-35	8.32824e-35	1.27464e-34	1.95050e-34	2.98441e-34	4.56604e-34	6.98558e-34	1.06869e-33	1.63492e-33	2.50112e-33	3.82624e-33	5.85342e-33	8.95462e-33	1.36989e-32	2.09570e-32	3.20609e-32	4.90486e-32	7.50381e-32	1.14800e-31	1.75635e-31	2.68713e-31	4.11125e-31	6.29028e-31	9.62450e-31	1.47265e-30	2.25341e-30	3.44824e-30	5.27688e-30	8.07573e-30	1.23599e-29	1.89183e-29	2.89593e-29	4.43340e-29	6.78793e-29	1.03943e-28	1.59193e-28	2.43854e-28	3.73616e-28	5.72566e-28	8.77701e-28	1.34588e-27	2.06456e-27	3.16836e-27	4.86472e-27	7.47358e-27	1.14892e-26	1.76760e-26	2.72186e-26	4.19564e-26	6.47523e-26	1.00074e-25	1.54918e-25	2.40277e-25	3.73508e-25	5.82146e-25	9.10155e-25	1.42823e-24	2.25102e-24	3.56643e-24	5.68617e-24	9.13527e-24	1.48143e-23	2.43038e-23	4.04576e-23	6.86197e-23	1.19285e-22	2.14425e-22	4.04330e-22	8.20398e-22	1.88820e-21	5.69519e-21	5.01156e-20	2.33835e-19	2.48966e-19	2.54898e-19	2.58632e-19	2.61500e-19	2.63963e-19	2.66231e-19	2.68422e-19	2.70616e-19	2.72870e-19	2.75232e-19	2.77750e-19	2.80466e-19	2.83427e-19	2.86684e-19	2.90290e-19	2.94306e-19	2.98803e-19	3.03857e-19	3.09558e-19	3.16009e-19	3.23326e-19	3.31643e-19	3.41115e-19	3.51920e-19	3.64262e-19	3.78376e-19	3.94533e-19	4.13046e-19	4.34273e-19	4.58628e-19	4.86589e-19	5.18705e-19	5.55608e-19	5.98028e-19	6.46805e-19	7.02906e-19	7.67448e-19	8.41715e-19	9.27188e-19	1.02557e-18	1.13884e-18	1.23447e-18	1.23447e-18	1.23447e-18	1.23447e-18	1.23447e-18	1.23447e-18	1.23447e-18	1.23447e-18	1.23447e-18	1.23447e-18	1.23447e-18	1.23447e-18	1.23447e-18	1.23447e-18	1.23447e-18	1.23447e-18	1.23447e-18	1.23447e-18	1.23447e-18	1.23447e-18	1.23447e-18	1.23447e-18	1.23447e-18	1.23447e-18	1.23447e-18	1.23447e-18	1.23447e-18	1.23447e-18	1.23447e-18	1.23447e-18	1.23447e-18	1.23447e-18	1.23447e-18	1.23447e-18	1.23447e-18	1.23447e-18	1.23447e-18	1.23447e-18	1.23447e-18	1.23447e-18	1.23447e-18	1.23447e-18	1.23447e-18	1.23447e-18	1.23447e-18	1.23447e-18	1.23447e-18	1.23447e-18	1.23447e-18	1.23447e-18	1.23447e-18	1.23447e-18	1.23447e-18	1.23447e-18	1.23447e-18	1.23447e-18	1.23447e-18
25.57	2.06547e-38	8.48983e-38	1.83174e-37	3.33510e-37	5.63484e-37	9.15284e-37	1.45345e-36	2.27669e-36	3.53604e-36	5.46252e-36	8.40954e-36	1.29177e-35	1.98141e-35	3.03637e-35	4.65021e-35	7.11897e-35	1.08956e-34	1.66728e-34	2.55107e-34	3.90305e-34	5.97127e-34	9.13517e-34	1.39753e-33	2.13796e-33	3.27066e-33	5.00349e-33	7.65440e-33	1.17098e-32	1.79140e-32	2.74056e-32	4.19267e-32	6.41425e-32	9.81312e-32	1.50133e-31	2.29695e-31	3.51429e-31	5.37692e-31	8.22701e-31	1.25882e-30	1.92621e-30	2.94755e-30	4.51067e-30	6.90313e-30	1.05652e-29	1.61713e-29	2.47543e-29	3.78966e-29	5.80231e-29	8.88506e-29	1.36078e-28	2.08446e-28	3.19366e-28	4.89429e-28	7.50257e-28	1.15046e-27	1.76478e-27	2.70831e-27	4.15835e-27	6.38841e-27	9.82093e-27	1.51094e-26	2.32664e-26	3.58643e-26	5.53501e-26	8.55433e-26	1.32423e-25	2.05389e-25	3.19274e-25	4.97618e-25	7.77999e-25	1.22085e-24	1.92417e-24	3.04858e-24	4.86053e-24	7.80882e-24	1.26633e-23	2.07749e-23	3.45831e-23	5.86560e-23	1.01965e-22	1.83290e-22	3.45621e-22	7.01275e-22	1.61403e-21	4.86824e-21	4.28387e-20	1.99882e-19	2.12816e-19	2.17886e-19	2.21078e-19	2.23530e-19	2.25635e-19	2.27574e-19	2.29447e-19	2.31322e-19	2.33248e-19	2.35268e-19	2.37420e-19	2.39742e-19	2.42273e-19	2.45057e-19	2.48139e-19	2.51573e-19	2.55416e-19	2.59737e-19	2.64610e-19	2.70124e-19	2.76378e-19	2.83488e-19	2.91585e-19	3.00821e-19	3.11370e-19	3.23435e-19	3.37246e-19	3.53071e-19	3.71216e-19	3.92035e-19	4.15936e-19	4.43388e-19	4.74933e-19	5.11193e-19	5.52888e-19	6.00843e-19	6.56013e-19	7.19497e-19	7.92559e-19	8.76658e-19	9.73475e-19	1.08494e-18	1.12162e-18	1.12162e-18	1.12162e-18	1.12162e-18	1.12162e-18	1.12162e-18	1.12162e-18	1.12162e-18	1.12162e-18	1.12162e-18	1.12162e-18	1.12162e-18	1.12162e-18	1.12162e-18	1.12162e-18	1.12162e-18	1.12162e-18	1.12162e-18	1.12162e-18	1.12162e-18	1.12162e-18	1.12162e-18	1.12162e-18	1.12162e-18	1.12162e-18	1.12162e-18	1.12162e-18	1.12162e-18	1.12162e-18	1.12162e-18	1.12162e-18	1.12162e-18	1.12162e-18	1.12162e-18	1.12162e-18	1.12162e-18	1.12162e-18	1.12162e-18	1.12162e-18	1.12162e-18	1.12162e-18	1.12162e-18	1.12162e-18	1.12162e-18	1.12162e-18	1.12162e-18	1.12162e-18	1.12162e-18	1.12162e-18	1.12162e-18	1.12162e-18	1.12162e-18	1.12162e-18	1.12162e-18	1.12162e-18	1.12162e-18
25.60	1.76556e-38	7.25709e-38	1.56577e-37	2.85084e-37	4.81666e-37	7.82384e-37	1.24240e-36	1.94611e-36	3.02260e-36	4.66936e-36	7.18846e-36	1.10420e-35	1.69370e-35	2.59549e-35	3.97499e-35	6.08528e-35	9.31351e-35	1.42519e-34	2.18065e-34	3.33632e-34	5.10423e-34	7.80873e-34	1.19460e-33	1.82752e-33	2.79576e-33	4.27698e-33	6.54297e-33	1.00096e-32	1.53129e-32	2.34263e-32	3.58388e-32	5.48289e-32	8.38824e-32	1.28333e-31	1.96343e-31	3.00401e-31	4.59618e-31	7.03244e-31	1.07604e-30	1.64652e-30	2.51956e-30	3.85571e-30	5.90078e-30	9.03115e-30	1.38232e-29	2.11600e-29	3.23940e-29	4.95981e-29	7.59493e-29	1.16319e-28	1.78179e-28	2.72994e-28	4.18363e-28	6.41319e-28	9.83409e-28	1.50853e-27	2.31506e-27	3.55455e-27	5.46080e-27	8.39492e-27	1.29155e-26	1.98881e-26	3.06567e-26	4.73132e-26	7.31223e-26	1.13195e-25	1.75566e-25	2.72915e-25	4.25363e-25	6.65033e-25	1.04358e-24	1.64478e-24	2.60592e-24	4.15478e-24	6.67496e-24	1.08245e-23	1.77583e-23	2.95616e-23	5.01391e-23	8.71595e-23	1.56676e-22	2.95436e-22	5.99449e-22	1.37967e-21	4.16136e-21	3.66185e-20	1.70859e-19	1.81915e-19	1.86249e-19	1.88977e-19	1.91073e-19	1.92873e-19	1.94529e-19	1.96131e-19	1.97734e-19	1.99380e-19	2.01107e-19	2.02946e-19	2.04931e-19	2.07095e-19	2.09474e-19	2.12109e-19	2.15044e-19	2.18329e-19	2.22022e-19	2.26188e-19	2.30901e-19	2.36248e-19	2.42325e-19	2.49246e-19	2.57141e-19	2.66159e-19	2.76472e-19	2.88278e-19	3.01804e-19	3.17315e-19	3.35111e-19	3.55541e-19	3.79007e-19	4.05972e-19	4.36967e-19	4.72607e-19	5.13600e-19	5.60759e-19	6.15025e-19	6.77478e-19	7.49366e-19	8.32125e-19	9.27409e-19	1.02013e-18	1.02013e-18	1.02013e-18	1.02013e-18	1.02013e-18	1.02013e-18	1.02013e-18	1.02013e-18	1.02013e-18	1.02013e-18	1.02013e-18	1.02013e-18	1.02013e-18	1.02013e-18	1.02013e-18	1.02013e-18	1.02013e-18	1.02013e-18	1.02013e-18	1.02013e-18	1.02013e-18	1.02013e-18	1.02013e-18	1.02013e-18	1.02013e-18	1.02013e-18	1.02013e-18	1.02013e-18	1.02013e-18	1.02013e-18	1.02013e-18	1.02013e-18	1.02013e-18	1.02013e-18	1.02013e-18	1.02013e-18	1.02013e-18	1.02013e-18	1.02013e-18	1.02013e-18	1.02013e-18	1.02013e-18	1.02013e-18	1.02013e-18	1.02013e-18	1.02013e-18	1.02013e-18	1.02013e-18	1.02013e-18	1.02013e-18	1.02013e-18	1.02013e-18	1.02013e-18	1.02013e-18	1.02013e-18	1.02013e-18
25.64	1.50919e-38	6.20335e-38	1.33842e-37	2.43689e-37	4.11727e-37	6.68780e-37	1.06200e-36	1.66353e-36	2.58372e-36	3.99136e-36	6.14469e-36	9.43872e-36	1.44778e-35	2.21862e-35	3.39782e-35	5.20169e-35	7.96118e-35	1.21825e-34	1.86402e-34	2.85188e-34	4.36309e-34	6.67489e-34	1.02114e-33	1.56216e-33	2.38981e-33	3.65595e-33	5.59292e-33	8.55615e-33	1.30894e-32	2.00248e-32	3.06350e-32	4.68677e-32	7.17026e-32	1.09699e-31	1.67834e-31	2.56782e-31	3.92881e-31	6.01132e-31	9.19797e-31	1.40744e-30	2.15372e-30	3.29586e-30	5.04398e-30	7.71981e-30	1.18161e-29	1.80875e-29	2.76903e-29	4.23963e-29	6.49214e-29	9.94294e-29	1.52307e-28	2.33355e-28	3.57616e-28	5.48198e-28	8.40617e-28	1.28949e-27	1.97891e-27	3.03843e-27	4.66788e-27	7.17596e-27	1.10401e-26	1.70003e-26	2.62053e-26	4.04433e-26	6.25048e-26	9.67592e-26	1.50073e-25	2.33287e-25	3.63599e-25	5.68469e-25	8.92049e-25	1.40595e-24	2.22754e-24	3.55150e-24	5.70575e-24	9.25281e-24	1.51798e-23	2.52692e-23	4.28588e-23	7.45038e-23	1.33927e-22	2.52538e-22	5.12408e-22	1.17934e-21	3.55713e-21	3.13014e-20	1.46050e-19	1.55501e-19	1.59205e-19	1.61537e-19	1.63329e-19	1.64867e-19	1.66283e-19	1.67652e-19	1.69022e-19	1.70430e-19	1.71906e-19	1.73478e-19	1.75175e-19	1.77024e-19	1.79058e-19	1.81310e-19	1.83819e-19	1.86628e-19	1.89784e-19	1.93345e-19	1.97374e-19	2.01944e-19	2.07139e-19	2.13055e-19	2.19804e-19	2.27512e-19	2.36328e-19	2.46419e-19	2.57982e-19	2.71240e-19	2.86452e-19	3.03916e-19	3.23975e-19	3.47024e-19	3.73519e-19	4.03984e-19	4.39024e-19	4.79336e-19	5.25722e-19	5.79107e-19	6.40557e-19	7.11299e-19	7.92748e-19	8.86534e-19	9.28730e-19	9.28730e-19	9.28730e-19	9.28730e-19	9.28730e-19	9.28730e-19	9.28730e-19	9.28730e-19	9.28730e-19	9.28730e-19	9.28730e-19	9.28730e-19	9.28730e-19	9.28730e-19	9.28730e-19	9.28730e-19	9.28730e-19	9.28730e-19	9.28730e-19	9.28730e-19	9.28730e-19	9.28730e-19	9.28730e-19	9.28730e-19	9.28730e-19	9.28730e-19	9.28730e-19	9.28730e-19	9.28730e-19	9.28730e-19	9.28730e-19	9.28730e-19	9.28730e-19	9.28730e-19	9.28730e-19	9.28730e-19	9.28730e-19	9.28730e-19	9.28730e-19	9.28730e-19	9.28730e-19	9.28730e-19	9.28730e-19	9.28730e-19	9.28730e-19	9.28730e-19	9.28730e-19	9.28730e-19	9.28730e-19	9.28730e-19	9.28730e-19	9.28730e-19	9.28730e-19	9.28730e-19	9.28730e-19
25.67	1.29006e-38	5.30262e-38	1.14408e-37	2.08305e-37	3.51944e-37	5.71672e-37	9.07800e-37	1.42199e-36	2.20856e-36	3.41181e-36	5.25247e-36	8.06821e-36	1.23756e-35	1.89647e-35	2.90445e-35	4.44640e-35	6.80520e-35	1.04136e-34	1.59336e-34	2.43778e-34	3.72956e-34	5.70569e-34	8.72873e-34	1.33533e-33	2.04281e-33	3.12510e-33	4.78082e-33	7.31378e-33	1.11888e-32	1.71171e-32	2.61867e-32	4.00624e-32	6.12912e-32	9.37706e-32	1.43464e-31	2.19497e-31	3.35834e-31	5.13846e-31	7.86241e-31	1.20308e-30	1.84100e-30	2.81730e-30	4.31159e-30	6.59888e-30	1.01004e-29	1.54612e-29	2.36696e-29	3.62403e-29	5.54947e-29	8.49921e-29	1.30192e-28	1.99471e-28	3.05690e-28	4.68599e-28	7.18558e-28	1.10226e-27	1.69157e-27	2.59724e-27	3.99010e-27	6.13400e-27	9.43709e-27	1.45318e-26	2.24003e-26	3.45708e-26	5.34290e-26	8.27097e-26	1.28283e-25	1.99413e-25	3.10804e-25	4.85926e-25	7.62522e-25	1.20181e-24	1.90409e-24	3.03581e-24	4.87727e-24	7.90928e-24	1.29757e-23	2.16000e-23	3.66356e-23	6.36857e-23	1.14480e-22	2.15869e-22	4.38005e-22	1.00810e-21	3.04063e-21	2.67564e-20	1.24843e-19	1.32922e-19	1.36088e-19	1.38082e-19	1.39613e-19	1.40928e-19	1.42139e-19	1.43309e-19	1.44480e-19	1.45683e-19	1.46945e-19	1.48289e-19	1.49739e-19	1.51320e-19	1.53059e-19	1.54984e-19	1.57128e-19	1.59529e-19	1.62227e-19	1.65271e-19	1.68715e-19	1.72622e-19	1.77062e-19	1.82119e-19	1.87888e-19	1.94477e-19	2.02013e-19	2.10639e-19	2.20523e-19	2.31856e-19	2.44859e-19	2.59787e-19	2.76933e-19	2.96636e-19	3.19283e-19	3.45325e-19	3.75277e-19	4.09736e-19	4.49387e-19	4.95020e-19	5.47547e-19	6.08017e-19	6.77640e-19	7.57808e-19	8.45944e-19	8.46304e-19	8.46304e-19	8.46304e-19	8.46304e-19	8.46304e-19	8.46304e-19	8.46304e-19	8.46304e-19	8.46304e-19	8.46304e-19	8.46304e-19	8.46304e-19	8.46304e-19	8.46304e-19	8.46304e-19	8.46304e-19	8.46304e-19	8.46304e-19	8.46304e-19	8.46304e-19	8.46304e-19	8.46304e-19	8.46304e-19	8.46304e-19	8.46304e-19	8.46304e-19	8.46304e-19	8.46304e-19	8.46304e-19	8.46304e-19	8.46304e-19	8.46304e-19	8.46304e-19	8.46304e-19	8.46304e-19	8.46304e-19	8.46304e-19	8.46304e-19	8.46304e-19	8.46304e-19	8.46304e-19	8.46304e-19	8.46304e-19	8.46304e-19	8.46304e-19	8.46304e-19	8.46304e-19	8.46304e-19	8.46304e-19	8.46304e-19	8.46304e-19	8.46304e-19	8.46304e-19	8.46304e-19
25.71	1.10274e-38	4.53267e-38	9.77955e-38	1.78059e-37	3.00841e-37	4.88665e-37	7.75986e-37	1.21551e-36	1.88787e-36	2.91641e-36	4.48980e-36	6.89669e-36	1.05786e-35	1.62110e-35	2.48272e-35	3.80077e-35	5.81708e-35	8.90153e-35	1.36200e-34	2.08381e-34	3.18802e-34	4.87721e-34	7.46130e-34	1.14144e-33	1.74619e-33	2.67133e-33	4.08664e-33	6.25181e-33	9.56420e-33	1.46317e-32	2.23844e-32	3.42453e-32	5.23916e-32	8.01550e-32	1.22633e-31	1.87626e-31	2.87070e-31	4.39235e-31	6.72078e-31	1.02839e-30	1.57368e-30	2.40822e-30	3.68554e-30	5.64072e-30	8.63378e-30	1.32162e-29	2.02328e-29	3.09782e-29	4.74368e-29	7.26511e-29	1.11288e-28	1.70508e-28	2.61303e-28	4.00558e-28	6.14222e-28	9.42208e-28	1.44595e-27	2.22012e-27	3.41073e-27	5.24333e-27	8.06681e-27	1.24218e-26	1.91477e-26	2.95511e-26	4.56710e-26	7.07001e-26	1.09656e-25	1.70458e-25	2.65675e-25	4.15369e-25	6.51803e-25	1.02730e-24	1.62762e-24	2.59501e-24	4.16908e-24	6.76084e-24	1.10916e-23	1.84637e-23	3.13161e-23	5.44385e-23	9.78576e-23	1.84525e-22	3.74406e-22	8.61722e-22	2.59912e-21	2.28713e-20	1.06716e-19	1.13621e-19	1.16328e-19	1.18032e-19	1.19341e-19	1.20465e-19	1.21500e-19	1.22500e-19	1.23501e-19	1.24530e-19	1.25608e-19	1.26757e-19	1.27997e-19	1.29348e-19	1.30834e-19	1.32480e-19	1.34313e-19	1.36365e-19	1.38672e-19	1.41274e-19	1.44217e-19	1.47557e-19	1.51352e-19	1.55675e-19	1.60606e-19	1.66239e-19	1.72680e-19	1.80054e-19	1.88502e-19	1.98190e-19	2.09305e-19	2.22066e-19	2.36722e-19	2.53564e-19	2.72923e-19	2.95183e-19	3.20786e-19	3.50242e-19	3.84135e-19	4.23142e-19	4.68042e-19	5.19732e-19	5.79245e-19	6.47773e-19	7.26687e-19	7.71877e-19	7.71877e-19	7.71877e-19	7.71877e-19	7.71877e-19	7.71877e-19	7.71877e-19	7.71877e-19	7.71877e-19	7.71877e-19	7.71877e-19	7.71877e-19	7.71877e-19	7.71877e-19	7.71877e-19	7.71877e-19	7.71877e-19	7.71877e-19	7.71877e-19	7.71877e-19	7.71877e-19	7.71877e-19	7.71877e-19	7.71877e-19	7.71877e-19	7.71877e-19	7.71877e-19	7.71877e-19	7.71877e-19	7.71877e-19	7.71877e-19	7.71877e-19	7.71877e-19	7.71877e-19	7.71877e-19	7.71877e-19	7.71877e-19	7.71877e-19	7.71877e-19	7.71877e-19	7.71877e-19	7.71877e-19	7.71877e-19	7.71877e-19	7.71877e-19	7.71877e-19	7.71877e-19	7.71877e-19	7.71877e-19	7.71877e-19	7.71877e-19	7.71877e-19	7.71877e-19	7.71877e-19
25.74	9.42620e-39	3.87452e-38	8.35955e-38	1.52205e-37	2.57158e-37	4.17710e-37	6.63311e-37	1.03902e-36	1.61375e-36	2.49294e-36	3.83788e-36	5.89528e-36	9.04258e-36	1.38572e-35	2.12222e-35	3.24890e-35	4.97243e-35	7.60901e-35	1.16423e-34	1.78124e-34	2.72512e-34	4.16903e-34	6.37791e-34	9.75703e-34	1.49264e-33	2.28345e-33	3.49325e-33	5.34404e-33	8.17546e-33	1.25072e-32	1.91341e-32	2.92728e-32	4.47843e-32	6.85163e-32	1.04826e-31	1.60382e-31	2.45387e-31	3.75457e-31	5.74491e-31	8.79068e-31	1.34518e-30	2.05854e-30	3.15039e-30	4.82167e-30	7.38014e-30	1.12972e-29	1.72949e-29	2.64801e-29	4.05489e-29	6.21021e-29	9.51287e-29	1.45750e-28	2.23361e-28	3.42396e-28	5.25036e-28	8.05398e-28	1.23600e-27	1.89775e-27	2.91549e-27	4.48199e-27	6.89550e-27	1.06181e-26	1.63674e-26	2.52602e-26	3.90395e-26	6.04343e-26	9.37336e-26	1.45707e-25	2.27099e-25	3.55057e-25	5.57160e-25	8.78136e-25	1.39128e-24	2.21821e-24	3.56372e-24	5.77916e-24	9.48107e-24	1.57827e-23	2.67689e-23	4.65339e-23	8.36485e-23	1.57731e-22	3.20042e-22	7.36598e-22	2.22173e-21	1.95504e-20	9.12206e-20	9.71232e-20	9.94371e-20	1.00894e-19	1.02013e-19	1.02973e-19	1.03858e-19	1.04713e-19	1.05569e-19	1.06448e-19	1.07370e-19	1.08352e-19	1.09411e-19	1.10567e-19	1.11837e-19	1.13244e-19	1.14811e-19	1.16565e-19	1.18536e-19	1.20761e-19	1.23277e-19	1.26131e-19	1.29376e-19	1.33071e-19	1.37286e-19	1.42101e-19	1.47607e-19	1.53910e-19	1.61132e-19	1.69412e-19	1.78914e-19	1.89821e-19	2.02350e-19	2.16746e-19	2.33294e-19	2.52322e-19	2.74208e-19	2.99386e-19	3.28358e-19	3.61701e-19	4.00082e-19	4.44266e-19	4.95138e-19	5.53715e-19	6.21171e-19	6.98857e-19	7.04589e-19	7.04589e-19	7.04589e-19	7.04589e-19	7.04589e-19	7.04589e-19	7.04589e-19	7.04589e-19	7.04589e-19	7.04589e-19	7.04589e-19	7.04589e-19	7.04589e-19	7.04589e-19	7.04589e-19	7.04589e-19	7.04589e-19	7.04589e-19	7.04589e-19	7.04589e-19	7.04589e-19	7.04589e-19	7.04589e-19	7.04589e-19	7.04589e-19	7.04589e-19	7.04589e-19	7.04589e-19	7.04589e-19	7.04589e-19	7.04589e-19	7.04589e-19	7.04589e-19	7.04589e-19	7.04589e-19	7.04589e-19	7.04589e-19	7.04589e-19	7.04589e-19	7.04589e-19	7.04589e-19	7.04589e-19	7.04589e-19	7.04589e-19	7.04589e-19	7.04589e-19	7.04589e-19	7.04589e-19	7.04589e-19	7.04589e-19	7.04589e-19	7.04589e-19	7.04589e-19
25.77	8.05750e-39	3.31193e-38	7.14573e-38	1.30104e-37	2.19818e-37	3.57058e-37	5.66998e-37	8.88151e-37	1.37943e-36	2.13096e-36	3.28061e-36	5.03928e-36	7.72958e-36	1.18451e-35	1.81407e-35	2.77715e-35	4.25042e-35	6.50417e-35	9.95186e-35	1.52260e-34	2.32943e-34	3.56368e-34	5.45183e-34	8.34029e-34	1.27591e-33	1.95189e-33	2.98602e-33	4.56808e-33	6.98837e-33	1.06911e-32	1.63558e-32	2.50223e-32	3.82816e-32	5.85677e-32	8.96054e-32	1.37094e-31	2.09757e-31	3.20940e-31	4.91074e-31	7.51426e-31	1.14986e-30	1.75964e-30	2.69295e-30	4.12156e-30	6.30853e-30	9.65681e-30	1.47837e-29	2.26351e-29	3.46611e-29	5.30848e-29	8.13159e-29	1.24587e-28	1.90929e-28	2.92680e-28	4.48800e-28	6.88453e-28	1.05653e-27	1.62220e-27	2.49215e-27	3.83120e-27	5.89426e-27	9.07636e-27	1.39909e-26	2.15924e-26	3.33709e-26	5.16592e-26	8.01233e-26	1.24551e-25	1.94123e-25	3.03502e-25	4.76259e-25	7.50630e-25	1.18927e-24	1.89612e-24	3.04626e-24	4.94002e-24	8.10440e-24	1.34911e-23	2.28821e-23	3.97771e-23	7.15026e-23	1.34829e-22	2.73571e-22	6.29643e-22	1.89913e-21	1.67116e-20	7.79752e-20	8.30208e-20	8.49987e-20	8.62438e-20	8.72004e-20	8.80215e-20	8.87777e-20	8.95086e-20	9.02400e-20	9.09916e-20	9.17795e-20	9.26189e-20	9.35247e-20	9.45122e-20	9.55980e-20	9.68005e-20	9.81399e-20	9.96393e-20	1.01325e-19	1.03226e-19	1.05377e-19	1.07817e-19	1.10590e-19	1.13749e-19	1.17352e-19	1.21467e-19	1.26174e-19	1.31562e-19	1.37735e-19	1.44813e-19	1.52935e-19	1.62259e-19	1.72968e-19	1.85274e-19	1.99419e-19	2.15685e-19	2.34392e-19	2.55915e-19	2.80680e-19	3.09182e-19	3.41989e-19	3.79758e-19	4.23243e-19	4.73315e-19	5.30976e-19	5.97382e-19	6.43683e-19	6.43683e-19	6.43683e-19	6.43683e-19	6.43683e-19	6.43683e-19	6.43683e-19	6.43683e-19	6.43683e-19	6.43683e-19	6.43683e-19	6.43683e-19	6.43683e-19	6.43683e-19	6.43683e-19	6.43683e-19	6.43683e-19	6.43683e-19	6.43683e-19	6.43683e-19	6.43683e-19	6.43683e-19	6.43683e-19	6.43683e-19	6.43683e-19	6.43683e-19	6.43683e-19	6.43683e-19	6.43683e-19	6.43683e-19	6.43683e-19	6.43683e-19	6.43683e-19	6.43683e-19	6.43683e-19	6.43683e-19	6.43683e-19	6.43683e-19	6.43683e-19	6.43683e-19	6.43683e-19	6.43683e-19	6.43683e-19	6.43683e-19	6.43683e-19	6.43683e-19	6.43683e-19	6.43683e-19	6.43683e-19	6.43683e-19	6.43683e-19	6.43683e-19	6.43683e-19
25.81	6.88754e-39	2.83103e-38	6.10816e-38	1.11213e-37	1.87900e-37	3.05212e-37	4.84669e-37	7.59190e-37	1.17914e-36	1.82154e-36	2.80426e-36	4.30757e-36	6.60724e-36	1.01251e-35	1.55067e-35	2.37390e-35	3.63326e-35	5.55975e-35	8.50684e-35	1.30152e-34	1.99119e-34	3.04623e-34	4.66021e-34	7.12927e-34	1.09064e-33	1.66847e-33	2.55245e-33	3.90478e-33	5.97365e-33	9.13873e-33	1.39809e-32	2.13891e-32	3.27230e-32	5.00635e-32	7.65946e-32	1.17188e-31	1.79300e-31	2.74339e-31	4.19769e-31	6.42318e-31	9.82896e-31	1.50414e-30	2.30193e-30	3.52310e-30	5.39252e-30	8.25462e-30	1.26371e-29	1.93485e-29	2.96283e-29	4.53768e-29	6.95087e-29	1.06496e-28	1.63206e-28	2.50182e-28	3.83634e-28	5.88488e-28	9.03119e-28	1.38665e-27	2.13029e-27	3.27490e-27	5.03840e-27	7.75845e-27	1.19594e-26	1.84572e-26	2.85254e-26	4.41582e-26	6.84893e-26	1.06466e-25	1.65936e-25	2.59433e-25	4.07106e-25	6.41637e-25	1.01658e-24	1.62080e-24	2.60394e-24	4.22272e-24	6.92763e-24	1.15321e-23	1.95595e-23	3.40014e-23	6.11203e-23	1.15251e-22	2.33848e-22	5.38218e-22	1.62337e-21	1.42851e-20	6.66531e-20	7.09660e-20	7.26568e-20	7.37211e-20	7.45388e-20	7.52407e-20	7.58871e-20	7.65118e-20	7.71370e-20	7.77795e-20	7.84530e-20	7.91705e-20	7.99447e-20	8.07889e-20	8.17171e-20	8.27449e-20	8.38899e-20	8.51715e-20	8.66122e-20	8.82373e-20	9.00760e-20	9.21616e-20	9.45323e-20	9.72323e-20	1.00312e-19	1.03830e-19	1.07853e-19	1.12459e-19	1.17736e-19	1.23786e-19	1.30729e-19	1.38699e-19	1.47853e-19	1.58372e-19	1.70463e-19	1.84367e-19	2.00358e-19	2.18755e-19	2.39925e-19	2.64288e-19	2.92332e-19	3.24617e-19	3.61788e-19	4.04589e-19	4.53877e-19	5.10641e-19	5.76017e-19	5.88489e-19	5.88489e-19	5.88489e-19	5.88489e-19	5.88489e-19	5.88489e-19	5.88489e-19	5.88489e-19	5.88489e-19	5.88489e-19	5.88489e-19	5.88489e-19	5.88489e-19	5.88489e-19	5.88489e-19	5.88489e-19	5.88489e-19	5.88489e-19	5.88489e-19	5.88489e-19	5.88489e-19	5.88489e-19	5.88489e-19	5.88489e-19	5.88489e-19	5.88489e-19	5.88489e-19	5.88489e-19	5.88489e-19	5.88489e-19	5.88489e-19	5.88489e-19	5.88489e-19	5.88489e-19	5.88489e-19	5.88489e-19	5.88489e-19	5.88489e-19	5.88489e-19	5.88489e-19	5.88489e-19	5.88489e-19	5.88489e-19	5.88489e-19	5.88489e-19	5.88489e-19	5.88489e-19	5.88489e-19	5.88489e-19	5.88489e-19	5.88489e-19	5.88489e-19
25.84	5.88746e-39	2.41996e-38	5.22124e-38	9.50646e-38	1.60617e-37	2.60895e-37	4.14294e-37	6.48954e-37	1.00792e-36	1.55705e-36	2.39708e-36	3.68210e-36	5.64786e-36	8.65496e-36	1.32551e-35	2.02921e-35	3.10570e-35	4.75247e-35	7.27163e-35	1.11254e-34	1.70207e-34	2.60391e-34	3.98354e-34	6.09409e-34	9.32279e-34	1.42621e-33	2.18183e-33	3.33780e-33	5.10627e-33	7.81177e-33	1.19509e-32	1.82833e-32	2.79716e-32	4.27942e-32	6.54729e-32	1.00172e-31	1.53265e-31	2.34505e-31	3.58818e-31	5.49052e-31	8.40178e-31	1.28573e-30	1.96769e-30	3.01154e-30	4.60952e-30	7.05604e-30	1.08022e-29	1.65391e-29	2.53262e-29	3.87880e-29	5.94159e-29	9.10330e-29	1.39508e-28	2.13855e-28	3.27929e-28	5.03039e-28	7.71985e-28	1.18531e-27	1.82097e-27	2.79938e-27	4.30682e-27	6.63191e-27	1.02228e-26	1.57772e-26	2.43835e-26	3.77463e-26	5.85445e-26	9.10066e-26	1.41842e-25	2.21763e-25	3.47993e-25	5.48470e-25	8.68974e-25	1.38546e-24	2.22585e-24	3.60957e-24	5.92173e-24	9.85765e-24	1.67195e-23	2.90644e-23	5.22456e-23	9.85166e-23	1.99893e-22	4.60068e-22	1.38766e-21	1.22109e-20	5.69749e-20	6.06617e-20	6.21069e-20	6.30166e-20	6.37156e-20	6.43156e-20	6.48682e-20	6.54022e-20	6.59366e-20	6.64858e-20	6.70615e-20	6.76748e-20	6.83366e-20	6.90582e-20	6.98516e-20	7.07302e-20	7.17089e-20	7.28045e-20	7.40360e-20	7.54251e-20	7.69968e-20	7.87796e-20	8.08061e-20	8.31140e-20	8.57467e-20	8.87538e-20	9.21928e-20	9.61296e-20	1.00640e-19	1.05812e-19	1.11747e-19	1.18559e-19	1.26385e-19	1.35376e-19	1.45712e-19	1.57597e-19	1.71266e-19	1.86992e-19	2.05087e-19	2.25913e-19	2.49885e-19	2.77482e-19	3.09256e-19	3.45842e-19	3.87974e-19	4.36495e-19	4.92379e-19	5.38414e-19	5.38414e-19	5.38414e-19	5.38414e-19	5.38414e-19	5.38414e-19	5.38414e-19	5.38414e-19	5.38414e-19	5.38414e-19	5.38414e-19	5.38414e-19	5.38414e-19	5.38414e-19	5.38414e-19	5.38414e-19	5.38414e-19	5.38414e-19	5.38414e-19	5.38414e-19	5.38414e-19	5.38414e-19	5.38414e-19	5.38414e-19	5.38414e-19	5.38414e-19	5.38414e-19	5.38414e-19	5.38414e-19	5.38414e-19	5.38414e-19	5.38414e-19	5.38414e-19	5.38414e-19	5.38414e-19	5.38414e-19	5.38414e-19	5.38414e-19	5.38414e-19	5.38414e-19	5.38414e-19	5.38414e-19	5.38414e-19	5.38414e-19	5.38414e-19	5.38414e-19	5.38414e-19	5.38414e-19	5.38414e-19	5.38414e-19	5.38414e-19	5.38414e-19
25.88	5.03259e-39	2.06858e-38	4.46311e-38	8.12610e-38	1.37295e-37	2.23013e-37	3.54138e-37	5.54725e-37	8.61571e-37	1.33097e-36	2.04902e-36	3.14745e-36	4.82778e-36	7.39825e-36	1.13304e-35	1.73457e-35	2.65475e-35	4.06240e-35	6.21578e-35	9.50993e-35	1.45492e-34	2.22582e-34	3.40513e-34	5.20922e-34	7.96911e-34	1.21912e-33	1.86502e-33	2.85315e-33	4.36483e-33	6.67749e-33	1.02156e-32	1.56286e-32	2.39101e-32	3.65804e-32	5.59661e-32	8.56270e-32	1.31011e-31	2.00454e-31	3.06717e-31	4.69329e-31	7.18183e-31	1.09904e-30	1.68197e-30	2.57426e-30	3.94021e-30	6.03149e-30	9.23366e-30	1.41376e-29	2.16488e-29	3.31559e-29	5.07886e-29	7.78149e-29	1.19251e-28	1.82803e-28	2.80314e-28	4.29997e-28	6.59891e-28	1.01320e-27	1.55656e-27	2.39291e-27	3.68146e-27	5.66895e-27	8.73847e-27	1.34863e-26	2.08430e-26	3.22655e-26	5.00438e-26	7.77923e-26	1.21247e-25	1.89563e-25	2.97464e-25	4.68832e-25	7.42798e-25	1.18429e-24	1.90265e-24	3.08546e-24	5.06188e-24	8.42630e-24	1.42918e-23	2.48442e-23	4.46594e-23	8.42118e-23	1.70868e-22	3.93265e-22	1.18617e-21	1.04378e-20	4.87021e-20	5.18535e-20	5.30889e-20	5.38665e-20	5.44640e-20	5.49769e-20	5.54492e-20	5.59057e-20	5.63625e-20	5.68319e-20	5.73241e-20	5.78483e-20	5.84141e-20	5.90308e-20	5.97091e-20	6.04601e-20	6.12967e-20	6.22332e-20	6.32858e-20	6.44733e-20	6.58168e-20	6.73407e-20	6.90729e-20	7.10458e-20	7.32961e-20	7.58666e-20	7.88063e-20	8.21714e-20	8.60271e-20	9.04482e-20	9.55209e-20	1.01344e-19	1.08033e-19	1.15719e-19	1.24554e-19	1.34713e-19	1.46398e-19	1.59840e-19	1.75308e-19	1.93110e-19	2.13601e-19	2.37191e-19	2.64351e-19	2.95625e-19	3.31639e-19	3.73115e-19	4.20884e-19	4.75905e-19	4.92935e-19	4.92935e-19	4.92935e-19	4.92935e-19	4.92935e-19	4.92935e-19	4.92935e-19	4.92935e-19	4.92935e-19	4.92935e-19	4.92935e-19	4.92935e-19	4.92935e-19	4.92935e-19	4.92935e-19	4.92935e-19	4.92935e-19	4.92935e-19	4.92935e-19	4.92935e-19	4.92935e-19	4.92935e-19	4.92935e-19	4.92935e-19	4.92935e-19	4.92935e-19	4.92935e-19	4.92935e-19	4.92935e-19	4.92935e-19	4.92935e-19	4.92935e-19	4.92935e-19	4.92935e-19	4.92935e-19	4.92935e-19	4.92935e-19	4.92935e-19	4.92935e-19	4.92935e-19	4.92935e-19	4.92935e-19	4.92935e-19	4.92935e-19	4.92935e-19	4.92935e-19	4.92935e-19	4.92935e-19	4.92935e-19	4.92935e-19	4.92935e-19
25.91	4.30185e-39	1.76822e-38	3.81506e-38	6.94618e-38	1.17360e-37	1.90631e-37	3.02717e-37	4.74178e-37	7.36470e-37	1.13771e-36	1.75150e-36	2.69044e-36	4.12678e-36	6.32401e-36	9.68522e-36	1.48270e-35	2.26927e-35	3.47254e-35	5.31324e-35	8.12908e-35	1.24367e-34	1.90263e-34	2.91070e-34	4.45283e-34	6.81198e-34	1.04210e-33	1.59422e-33	2.43887e-33	3.73105e-33	5.70791e-33	8.73228e-33	1.33593e-32	2.04383e-32	3.12689e-32	4.78398e-32	7.31939e-32	1.11988e-31	1.71348e-31	2.62181e-31	4.01182e-31	6.13902e-31	9.39460e-31	1.43775e-30	2.20048e-30	3.36809e-30	5.15571e-30	7.89292e-30	1.20848e-29	1.85054e-29	2.83416e-29	4.34140e-29	6.65160e-29	1.01936e-28	1.56260e-28	2.39612e-28	3.67561e-28	5.64074e-28	8.66081e-28	1.33055e-27	2.04545e-27	3.14691e-27	4.84581e-27	7.46963e-27	1.15281e-26	1.78165e-26	2.75805e-26	4.27773e-26	6.64967e-26	1.03641e-25	1.62038e-25	2.54272e-25	4.00757e-25	6.34942e-25	1.01233e-24	1.62638e-24	2.63744e-24	4.32689e-24	7.20279e-24	1.22166e-23	2.12368e-23	3.81748e-23	7.19841e-23	1.46058e-22	3.36163e-22	1.01393e-21	8.92224e-21	4.16305e-20	4.43243e-20	4.53803e-20	4.60450e-20	4.65558e-20	4.69942e-20	4.73979e-20	4.77881e-20	4.81786e-20	4.85798e-20	4.90005e-20	4.94487e-20	4.99322e-20	5.04595e-20	5.10392e-20	5.16812e-20	5.23963e-20	5.31968e-20	5.40966e-20	5.51117e-20	5.62601e-20	5.75627e-20	5.90434e-20	6.07298e-20	6.26534e-20	6.48507e-20	6.73635e-20	7.02400e-20	7.35359e-20	7.73150e-20	8.16511e-20	8.66291e-20	9.23467e-20	9.89167e-20	1.06469e-19	1.15153e-19	1.25141e-19	1.36631e-19	1.49853e-19	1.65070e-19	1.82586e-19	2.02751e-19	2.25967e-19	2.52700e-19	2.83485e-19	3.18938e-19	3.59771e-19	4.06803e-19	4.51586e-19	4.51588e-19	4.51588e-19	4.51588e-19	4.51588e-19	4.51588e-19	4.51588e-19	4.51588e-19	4.51588e-19	4.51588e-19	4.51588e-19	4.51588e-19	4.51588e-19	4.51588e-19	4.51588e-19	4.51588e-19	4.51588e-19	4.51588e-19	4.51588e-19	4.51588e-19	4.51588e-19	4.51588e-19	4.51588e-19	4.51588e-19	4.51588e-19	4.51588e-19	4.51588e-19	4.51588e-19	4.51588e-19	4.51588e-19	4.51588e-19	4.51588e-19	4.51588e-19	4.51588e-19	4.51588e-19	4.51588e-19	4.51588e-19	4.51588e-19	4.51588e-19	4.51588e-19	4.51588e-19	4.51588e-19	4.51588e-19	4.51588e-19	4.51588e-19	4.51588e-19	4.51588e-19	4.51588e-19	4.51588e-19	4.51588e-19	4.51588e-19
25.94	3.67721e-39	1.51147e-38	3.26111e-38	5.93759e-38	1.00319e-37	1.62951e-37	2.58762e-37	4.05327e-37	6.29533e-37	9.72511e-37	1.49718e-36	2.29978e-36	3.52756e-36	5.40575e-36	8.27891e-36	1.26741e-35	1.93977e-35	2.96832e-35	4.54175e-35	6.94872e-35	1.06308e-34	1.62636e-34	2.48806e-34	3.80627e-34	5.82287e-34	8.90787e-34	1.36274e-33	2.08474e-33	3.18929e-33	4.87911e-33	7.46434e-33	1.14195e-32	1.74706e-32	2.67286e-32	4.08934e-32	6.25660e-32	9.57270e-32	1.46468e-31	2.24112e-31	3.42929e-31	5.24762e-31	8.03049e-31	1.22899e-30	1.88096e-30	2.87904e-30	4.40709e-30	6.74686e-30	1.03300e-29	1.58184e-29	2.42264e-29	3.71103e-29	5.68578e-29	8.71345e-29	1.33571e-28	2.04820e-28	3.14190e-28	4.82170e-28	7.40325e-28	1.13735e-27	1.74845e-27	2.68997e-27	4.14219e-27	6.38503e-27	9.85416e-27	1.52295e-26	2.35758e-26	3.65660e-26	5.68413e-26	8.85925e-26	1.38510e-25	2.17351e-25	3.42566e-25	5.42748e-25	8.65336e-25	1.39023e-24	2.25448e-24	3.69862e-24	6.15694e-24	1.04427e-23	1.81532e-23	3.26318e-23	6.15319e-23	1.24850e-22	2.87351e-22	8.66708e-22	7.62672e-21	3.55857e-20	3.78883e-20	3.87910e-20	3.93592e-20	3.97958e-20	4.01705e-20	4.05156e-20	4.08492e-20	4.11830e-20	4.15260e-20	4.18856e-20	4.22687e-20	4.26820e-20	4.31327e-20	4.36282e-20	4.41770e-20	4.47883e-20	4.54726e-20	4.62417e-20	4.71094e-20	4.80910e-20	4.92045e-20	5.04702e-20	5.19117e-20	5.35561e-20	5.54343e-20	5.75822e-20	6.00411e-20	6.28583e-20	6.60887e-20	6.97952e-20	7.40504e-20	7.89378e-20	8.45538e-20	9.10094e-20	9.84323e-20	1.06970e-19	1.16792e-19	1.28094e-19	1.41102e-19	1.56074e-19	1.73311e-19	1.93156e-19	2.16008e-19	2.42322e-19	2.72628e-19	3.07532e-19	3.47734e-19	3.94042e-19	4.13959e-19	4.13959e-19	4.13959e-19	4.13959e-19	4.13959e-19	4.13959e-19	4.13959e-19	4.13959e-19	4.13959e-19	4.13959e-19	4.13959e-19	4.13959e-19	4.13959e-19	4.13959e-19	4.13959e-19	4.13959e-19	4.13959e-19	4.13959e-19	4.13959e-19	4.13959e-19	4.13959e-19	4.13959e-19	4.13959e-19	4.13959e-19	4.13959e-19	4.13959e-19	4.13959e-19	4.13959e-19	4.13959e-19	4.13959e-19	4.13959e-19	4.13959e-19	4.13959e-19	4.13959e-19	4.13959e-19	4.13959e-19	4.13959e-19	4.13959e-19	4.13959e-19	4.13959e-19	4.13959e-19	4.13959e-19	4.13959e-19	4.13959e-19	4.13959e-19	4.13959e-19	4.13959e-19	4.13959e-19	4.13959e-19	4.13959e-19
25.98	3.14328e-39	1.29200e-38	2.78759e-38	5.07544e-38	8.57525e-38	1.39290e-37	2.21189e-37	3.46473e-37	5.38124e-37	8.31301e-37	1.27979e-36	1.96585e-36	3.01536e-36	4.62083e-36	7.07680e-36	1.08338e-35	1.65811e-35	2.53731e-35	3.88228e-35	5.93976e-35	9.08722e-35	1.39021e-34	2.12679e-34	3.25360e-34	4.97738e-34	7.61444e-34	1.16487e-33	1.78203e-33	2.72620e-33	4.17066e-33	6.38050e-33	9.76136e-33	1.49339e-32	2.28476e-32	3.49556e-32	5.34813e-32	8.18273e-32	1.25201e-31	1.91571e-31	2.93136e-31	4.48566e-31	6.86445e-31	1.05053e-30	1.60784e-30	2.46100e-30	3.76718e-30	5.76720e-30	8.83010e-30	1.35215e-29	2.07087e-29	3.17218e-29	4.86020e-29	7.44825e-29	1.14176e-28	1.75079e-28	2.68569e-28	4.12158e-28	6.32828e-28	9.72204e-28	1.49457e-27	2.29938e-27	3.54074e-27	5.45791e-27	8.42332e-27	1.30182e-26	2.01525e-26	3.12566e-26	4.85879e-26	7.57287e-26	1.18398e-25	1.85792e-25	2.92825e-25	4.63940e-25	7.39688e-25	1.18837e-24	1.92713e-24	3.16157e-24	5.26294e-24	8.92642e-24	1.55173e-23	2.78936e-23	5.25974e-23	1.06722e-22	2.45627e-22	7.40861e-22	6.51931e-21	3.04186e-20	3.23869e-20	3.31585e-20	3.36442e-20	3.40174e-20	3.43377e-20	3.46327e-20	3.49178e-20	3.52032e-20	3.54963e-20	3.58037e-20	3.61312e-20	3.64845e-20	3.68697e-20	3.72933e-20	3.77624e-20	3.82850e-20	3.88699e-20	3.95274e-20	4.02690e-20	4.11081e-20	4.20599e-20	4.31419e-20	4.43741e-20	4.57796e-20	4.73851e-20	4.92212e-20	5.13230e-20	5.37312e-20	5.64926e-20	5.96609e-20	6.32982e-20	6.74759e-20	7.22765e-20	7.77947e-20	8.41398e-20	9.14378e-20	9.98338e-20	1.09495e-19	1.20614e-19	1.33412e-19	1.48146e-19	1.65110e-19	1.84643e-19	2.07137e-19	2.33042e-19	2.62878e-19	2.97243e-19	3.36826e-19	3.79587e-19	3.79682e-19	3.79682e-19	3.79682e-19	3.79682e-19	3.79682e-19	3.79682e-19	3.79682e-19	3.79682e-19	3.79682e-19	3.79682e-19	3.79682e-19	3.79682e-19	3.79682e-19	3.79682e-19	3.79682e-19	3.79682e-19	3.79682e-19	3.79682e-19	3.79682e-19	3.79682e-19	3.79682e-19	3.79682e-19	3.79682e-19	3.79682e-19	3.79682e-19	3.79682e-19	3.79682e-19	3.79682e-19	3.79682e-19	3.79682e-19	3.79682e-19	3.79682e-19	3.79682e-19	3.79682e-19	3.79682e-19	3.79682e-19	3.79682e-19	3.79682e-19	3.79682e-19	3.79682e-19	3.79682e-19	3.79682e-19	3.79682e-19	3.79682e-19	3.79682e-19	3.79682e-19	3.79682e-19	3.79682e-19	3.79682e-19
26.01	2.68687e-39	1.10440e-38	2.38283e-38	4.33848e-38	7.33011e-38	1.19065e-37	1.89072e-37	2.96164e-37	4.59988e-37	7.10595e-37	1.09396e-36	1.68041e-36	2.57752e-36	3.94988e-36	6.04924e-36	9.26074e-36	1.41735e-35	2.16889e-35	3.31857e-35	5.07729e-35	7.76774e-35	1.18835e-34	1.81798e-34	2.78117e-34	4.25466e-34	6.50881e-34	9.95725e-34	1.52328e-33	2.33035e-33	3.56507e-33	5.45404e-33	8.34400e-33	1.27654e-32	1.95301e-32	2.98800e-32	4.57157e-32	6.99459e-32	1.07021e-31	1.63754e-31	2.50572e-31	3.83434e-31	5.86772e-31	8.97996e-31	1.37438e-30	2.10365e-30	3.22018e-30	4.92980e-30	7.54796e-30	1.15582e-29	1.77017e-29	2.71157e-29	4.15449e-29	6.36675e-29	9.75975e-29	1.49658e-28	2.29573e-28	3.52312e-28	5.40941e-28	8.31038e-28	1.27756e-27	1.96551e-27	3.02662e-27	4.66542e-27	7.20024e-27	1.11279e-26	1.72264e-26	2.67181e-26	4.15328e-26	6.47328e-26	1.01206e-25	1.58814e-25	2.50306e-25	3.96575e-25	6.32284e-25	1.01581e-24	1.64731e-24	2.70251e-24	4.49875e-24	7.63029e-24	1.32642e-23	2.38434e-23	4.49602e-23	9.12256e-23	2.09962e-22	6.33287e-22	5.57269e-21	2.60018e-20	2.76843e-20	2.83438e-20	2.87590e-20	2.90780e-20	2.93518e-20	2.96040e-20	2.98477e-20	3.00916e-20	3.03422e-20	3.06050e-20	3.08849e-20	3.11869e-20	3.15162e-20	3.18783e-20	3.22793e-20	3.27259e-20	3.32259e-20	3.37879e-20	3.44219e-20	3.51392e-20	3.59528e-20	3.68776e-20	3.79309e-20	3.91324e-20	4.05047e-20	4.20742e-20	4.38708e-20	4.59294e-20	4.82897e-20	5.09980e-20	5.41072e-20	5.76783e-20	6.17818e-20	6.64988e-20	7.19226e-20	7.81609e-20	8.53377e-20	9.35960e-20	1.03100e-19	1.14040e-19	1.26635e-19	1.41135e-19	1.57832e-19	1.77060e-19	1.99204e-19	2.24708e-19	2.54083e-19	2.87918e-19	3.26894e-19	3.48430e-19	3.48430e-19	3.48430e-19	3.48430e-19	3.48430e-19	3.48430e-19	3.48430e-19	3.48430e-19	3.48430e-19	3.48430e-19	3.48430e-19	3.48430e-19	3.48430e-19	3.48430e-19	3.48430e-19	3.48430e-19	3.48430e-19	3.48430e-19	3.48430e-19	3.48430e-19	3.48430e-19	3.48430e-19	3.48430e-19	3.48430e-19	3.48430e-19	3.48430e-19	3.48430e-19	3.48430e-19	3.48430e-19	3.48430e-19	3.48430e-19	3.48430e-19	3.48430e-19	3.48430e-19	3.48430e-19	3.48430e-19	3.48430e-19	3.48430e-19	3.48430e-19	3.48430e-19	3.48430e-19	3.48430e-19	3.48430e-19	3.48430e-19	3.48430e-19	3.48430e-19	3.48430e-19	3.48430e-19	3.48430e-19
26.05	2.29673e-39	9.44042e-39	2.03684e-38	3.70852e-38	6.26576e-38	1.01777e-37	1.61619e-37	2.53161e-37	3.93197e-37	6.07415e-37	9.35114e-37	1.43641e-36	2.20326e-36	3.37635e-36	5.17088e-36	7.91606e-36	1.21155e-35	1.85397e-35	2.83670e-35	4.34006e-35	6.63986e-35	1.01580e-34	1.55400e-34	2.37734e-34	3.63687e-34	5.56372e-34	8.51144e-34	1.30210e-33	1.99198e-33	3.04742e-33	4.66211e-33	7.13244e-33	1.09119e-32	1.66943e-32	2.55414e-32	3.90777e-32	5.97896e-32	9.14817e-32	1.39977e-31	2.14188e-31	3.27758e-31	5.01572e-31	7.67605e-31	1.17482e-30	1.79820e-30	2.75260e-30	4.21398e-30	6.45198e-30	9.87990e-30	1.51314e-29	2.31785e-29	3.55125e-29	5.44229e-29	8.34262e-29	1.27927e-28	1.96238e-28	3.01156e-28	4.62395e-28	7.10370e-28	1.09206e-27	1.68012e-27	2.58715e-27	3.98799e-27	6.15476e-27	9.51214e-27	1.47251e-26	2.28386e-26	3.55022e-26	5.53335e-26	8.65110e-26	1.35754e-25	2.13961e-25	3.38992e-25	5.40475e-25	8.68315e-25	1.40812e-24	2.31010e-24	3.84553e-24	6.52236e-24	1.13382e-23	2.03813e-23	3.84319e-23	7.79795e-23	1.79475e-22	5.41333e-22	4.76353e-21	2.22263e-20	2.36645e-20	2.42283e-20	2.45832e-20	2.48558e-20	2.50899e-20	2.53054e-20	2.55138e-20	2.57223e-20	2.59365e-20	2.61611e-20	2.64003e-20	2.66585e-20	2.69400e-20	2.72495e-20	2.75923e-20	2.79741e-20	2.84015e-20	2.88819e-20	2.94238e-20	3.00369e-20	3.07324e-20	3.15229e-20	3.24233e-20	3.34503e-20	3.46234e-20	3.59649e-20	3.75007e-20	3.92603e-20	4.12780e-20	4.35930e-20	4.62507e-20	4.93033e-20	5.28110e-20	5.68430e-20	6.14793e-20	6.68118e-20	7.29466e-20	8.00057e-20	8.81300e-20	9.74816e-20	1.08247e-19	1.20642e-19	1.34915e-19	1.51351e-19	1.70279e-19	1.92080e-19	2.17189e-19	2.46112e-19	2.79428e-19	3.17807e-19	3.19912e-19	3.19912e-19	3.19912e-19	3.19912e-19	3.19912e-19	3.19912e-19	3.19912e-19	3.19912e-19	3.19912e-19	3.19912e-19	3.19912e-19	3.19912e-19	3.19912e-19	3.19912e-19	3.19912e-19	3.19912e-19	3.19912e-19	3.19912e-19	3.19912e-19	3.19912e-19	3.19912e-19	3.19912e-19	3.19912e-19	3.19912e-19	3.19912e-19	3.19912e-19	3.19912e-19	3.19912e-19	3.19912e-19	3.19912e-19	3.19912e-19	3.19912e-19	3.19912e-19	3.19912e-19	3.19912e-19	3.19912e-19	3.19912e-19	3.19912e-19	3.19912e-19	3.19912e-19	3.19912e-19	3.19912e-19	3.19912e-19	3.19912e-19	3.19912e-19	3.19912e-19	3.19912e-19	3.19912e-19
26.08	1.96324e-39	8.06965e-39	1.74108e-38	3.17004e-38	5.35597e-38	8.69985e-38	1.38151e-37	2.16401e-37	3.36104e-37	5.19217e-37	7.99334e-37	1.22784e-36	1.88334e-36	2.88610e-36	4.42006e-36	6.76664e-36	1.03563e-35	1.58477e-35	2.42481e-35	3.70988e-35	5.67574e-35	8.68306e-35	1.32836e-34	2.03215e-34	3.10879e-34	4.75586e-34	7.27557e-34	1.11303e-33	1.70274e-33	2.60493e-33	3.98516e-33	6.09680e-33	9.32745e-33	1.42702e-32	2.18327e-32	3.34036e-32	5.11081e-32	7.81984e-32	1.19652e-31	1.83088e-31	2.80167e-31	4.28743e-31	6.56148e-31	1.00423e-30	1.53710e-30	2.35292e-30	3.60211e-30	5.51514e-30	8.44532e-30	1.29343e-29	1.98129e-29	3.03560e-29	4.65206e-29	7.13126e-29	1.09352e-28	1.67744e-28	2.57427e-28	3.95255e-28	6.07224e-28	9.33487e-28	1.43616e-27	2.21149e-27	3.40893e-27	5.26108e-27	8.13096e-27	1.25870e-26	1.95224e-26	3.03472e-26	4.72990e-26	7.39495e-26	1.16042e-25	1.82894e-25	2.89770e-25	4.61998e-25	7.42234e-25	1.20365e-24	1.97467e-24	3.28715e-24	5.57530e-24	9.69186e-24	1.74219e-23	3.28515e-23	6.66568e-23	1.53415e-22	4.62730e-22	4.07186e-21	1.89990e-20	2.02283e-20	2.07103e-20	2.10136e-20	2.12467e-20	2.14468e-20	2.16311e-20	2.18091e-20	2.19873e-20	2.21705e-20	2.23624e-20	2.25670e-20	2.27877e-20	2.30283e-20	2.32928e-20	2.35858e-20	2.39122e-20	2.42775e-20	2.46882e-20	2.51514e-20	2.56755e-20	2.62700e-20	2.69457e-20	2.77154e-20	2.85932e-20	2.95960e-20	3.07428e-20	3.20556e-20	3.35597e-20	3.52844e-20	3.72632e-20	3.95350e-20	4.21444e-20	4.51428e-20	4.85893e-20	5.25524e-20	5.71106e-20	6.23546e-20	6.83888e-20	7.53334e-20	8.33271e-20	9.25296e-20	1.03125e-19	1.15325e-19	1.29374e-19	1.45554e-19	1.64189e-19	1.85653e-19	2.10376e-19	2.38855e-19	2.71661e-19	2.93866e-19	2.93866e-19	2.93866e-19	2.93866e-19	2.93866e-19	2.93866e-19	2.93866e-19	2.93866e-19	2.93866e-19	2.93866e-19	2.93866e-19	2.93866e-19	2.93866e-19	2.93866e-19	2.93866e-19	2.93866e-19	2.93866e-19	2.93866e-19	2.93866e-19	2.93866e-19	2.93866e-19	2.93866e-19	2.93866e-19	2.93866e-19	2.93866e-19	2.93866e-19	2.93866e-19	2.93866e-19	2.93866e-19	2.93866e-19	2.93866e-19	2.93866e-19	2.93866e-19	2.93866e-19	2.93866e-19	2.93866e-19	2.93866e-19	2.93866e-19	2.93866e-19	2.93866e-19	2.93866e-19	2.93866e-19	2.93866e-19	2.93866e-19	2.93866e-19	2.93866e-19	2.93866e-19	2.93866e-19
26.11	1.67818e-39	6.89793e-39	1.48828e-38	2.70975e-38	4.57827e-38	7.43662e-38	1.18091e-37	1.84980e-37	2.87301e-37	4.43826e-37	6.83269e-37	1.04956e-36	1.60988e-36	2.46703e-36	3.77826e-36	5.78411e-36	8.85257e-36	1.35466e-35	2.07272e-35	3.17120e-35	4.85161e-35	7.42226e-35	1.13548e-34	1.73707e-34	2.65739e-34	4.06530e-34	6.21914e-34	9.51416e-34	1.45550e-33	2.22669e-33	3.40651e-33	5.21153e-33	7.97309e-33	1.21982e-32	1.86626e-32	2.85533e-32	4.36871e-32	6.68439e-32	1.02279e-31	1.56503e-31	2.39487e-31	3.66489e-31	5.60874e-31	8.58418e-31	1.31391e-30	2.01127e-30	3.07907e-30	4.71434e-30	7.21905e-30	1.10562e-29	1.69361e-29	2.59483e-29	3.97657e-29	6.09579e-29	9.34739e-29	1.43388e-28	2.20049e-28	3.37863e-28	5.19054e-28	7.97944e-28	1.22763e-27	1.89038e-27	2.91395e-27	4.49716e-27	6.95033e-27	1.07593e-26	1.66877e-26	2.59408e-26	4.04311e-26	6.32119e-26	9.91929e-26	1.56337e-25	2.47695e-25	3.94915e-25	6.34461e-25	1.02888e-24	1.68794e-24	2.80985e-24	4.76576e-24	8.28458e-24	1.48922e-23	2.80814e-23	5.69781e-23	1.31139e-22	3.95541e-22	3.48062e-21	1.62403e-20	1.72912e-20	1.77031e-20	1.79624e-20	1.81617e-20	1.83327e-20	1.84902e-20	1.86424e-20	1.87948e-20	1.89513e-20	1.91154e-20	1.92902e-20	1.94789e-20	1.96845e-20	1.99107e-20	2.01611e-20	2.04401e-20	2.07524e-20	2.11034e-20	2.14994e-20	2.19474e-20	2.24555e-20	2.30332e-20	2.36910e-20	2.44415e-20	2.52986e-20	2.62789e-20	2.74010e-20	2.86868e-20	3.01610e-20	3.18526e-20	3.37945e-20	3.60250e-20	3.85880e-20	4.15341e-20	4.49217e-20	4.88181e-20	5.33006e-20	5.84586e-20	6.43949e-20	7.12279e-20	7.90942e-20	8.81510e-20	9.85797e-20	1.10589e-19	1.24420e-19	1.40349e-19	1.58696e-19	1.79829e-19	2.04173e-19	2.32215e-19	2.64520e-19	2.70061e-19	2.70061e-19	2.70061e-19	2.70061e-19	2.70061e-19	2.70061e-19	2.70061e-19	2.70061e-19	2.70061e-19	2.70061e-19	2.70061e-19	2.70061e-19	2.70061e-19	2.70061e-19	2.70061e-19	2.70061e-19	2.70061e-19	2.70061e-19	2.70061e-19	2.70061e-19	2.70061e-19	2.70061e-19	2.70061e-19	2.70061e-19	2.70061e-19	2.70061e-19	2.70061e-19	2.70061e-19	2.70061e-19	2.70061e-19	2.70061e-19	2.70061e-19	2.70061e-19	2.70061e-19	2.70061e-19	2.70061e-19	2.70061e-19	2.70061e-19	2.70061e-19	2.70061e-19	2.70061e-19	2.70061e-19	2.70061e-19	2.70061e-19	2.70061e-19	2.70061e-19	2.70061e-19
26.15	1.43450e-39	5.89634e-39	1.27218e-38	2.31629e-38	3.91350e-38	6.35681e-38	1.00944e-37	1.58120e-37	2.45585e-37	3.79382e-37	5.84058e-37	8.97158e-37	1.37612e-36	2.10882e-36	3.22965e-36	4.94425e-36	7.56716e-36	1.15796e-35	1.77176e-35	2.71074e-35	4.14715e-35	6.34454e-35	9.70607e-35	1.48485e-34	2.27153e-34	3.47501e-34	5.31612e-34	8.13269e-34	1.24416e-33	1.90337e-33	2.91188e-33	4.45481e-33	6.81539e-33	1.04270e-32	1.59527e-32	2.44074e-32	3.73437e-32	5.71381e-32	8.74275e-32	1.33779e-31	2.04713e-31	3.13274e-31	4.79434e-31	7.33775e-31	1.12313e-30	1.71923e-30	2.63199e-30	4.02981e-30	6.17083e-30	9.45085e-30	1.44769e-29	2.21806e-29	3.39917e-29	5.21067e-29	7.99013e-29	1.22567e-28	1.88097e-28	2.88805e-28	4.43686e-28	6.82081e-28	1.04937e-27	1.61589e-27	2.49084e-27	3.84417e-27	5.94113e-27	9.19705e-27	1.42646e-26	2.21741e-26	3.45604e-26	5.40334e-26	8.47900e-26	1.33637e-25	2.11729e-25	3.37573e-25	5.42336e-25	8.79487e-25	1.44285e-24	2.40186e-24	4.07377e-24	7.08165e-24	1.27298e-23	2.40040e-23	4.87048e-23	1.12097e-22	3.38108e-22	2.97523e-21	1.38822e-20	1.47805e-20	1.51326e-20	1.53543e-20	1.55246e-20	1.56708e-20	1.58054e-20	1.59355e-20	1.60657e-20	1.61995e-20	1.63398e-20	1.64892e-20	1.66505e-20	1.68263e-20	1.70196e-20	1.72337e-20	1.74722e-20	1.77391e-20	1.80392e-20	1.83776e-20	1.87606e-20	1.91950e-20	1.96887e-20	2.02511e-20	2.08925e-20	2.16252e-20	2.24631e-20	2.34224e-20	2.45214e-20	2.57816e-20	2.72275e-20	2.88875e-20	3.07941e-20	3.29849e-20	3.55033e-20	3.83990e-20	4.17296e-20	4.55613e-20	4.99703e-20	5.50446e-20	6.08855e-20	6.76096e-20	7.53514e-20	8.42658e-20	9.45314e-20	1.06354e-19	1.19970e-19	1.35653e-19	1.53718e-19	1.74527e-19	1.98497e-19	2.26111e-19	2.48287e-19	2.48287e-19	2.48287e-19	2.48287e-19	2.48287e-19	2.48287e-19	2.48287e-19	2.48287e-19	2.48287e-19	2.48287e-19	2.48287e-19	2.48287e-19	2.48287e-19	2.48287e-19	2.48287e-19	2.48287e-19	2.48287e-19	2.48287e-19	2.48287e-19	2.48287e-19	2.48287e-19	2.48287e-19	2.48287e-19	2.48287e-19	2.48287e-19	2.48287e-19	2.48287e-19	2.48287e-19	2.48287e-19	2.48287e-19	2.48287e-19	2.48287e-19	2.48287e-19	2.48287e-19	2.48287e-19	2.48287e-19	2.48287e-19	2.48287e-19	2.48287e-19	2.48287e-19	2.48287e-19	2.48287e-19	2.48287e-19	2.48287e-19	2.48287e-19	2.48287e-19	2.48287e-19
26.18	1.22621e-39	5.04018e-39	1.08745e-38	1.97996e-38	3.34525e-38	5.43379e-38	8.62871e-38	1.35161e-37	2.09925e-37	3.24295e-37	4.99252e-37	7.66890e-37	1.17631e-36	1.80261e-36	2.76070e-36	4.22634e-36	6.46840e-36	9.89821e-36	1.51450e-35	2.31713e-35	3.54498e-35	5.42330e-35	8.29673e-35	1.26925e-34	1.94170e-34	2.97044e-34	4.54421e-34	6.95181e-34	1.06351e-33	1.62700e-33	2.48907e-33	3.80796e-33	5.82578e-33	8.91297e-33	1.36364e-32	2.08634e-32	3.19213e-32	4.88415e-32	7.47329e-32	1.14354e-31	1.74988e-31	2.67786e-31	4.09820e-31	6.27229e-31	9.60048e-31	1.46960e-30	2.24982e-30	3.44467e-30	5.27482e-30	8.07857e-30	1.23749e-29	1.89599e-29	2.90560e-29	4.45407e-29	6.82995e-29	1.04770e-28	1.60785e-28	2.46870e-28	3.79262e-28	5.83042e-28	8.97003e-28	1.38126e-27	2.12916e-27	3.28599e-27	5.07847e-27	7.86162e-27	1.21934e-26	1.89544e-26	2.95422e-26	4.61877e-26	7.24783e-26	1.14233e-25	1.80986e-25	2.88557e-25	4.63588e-25	7.51784e-25	1.23335e-24	2.05310e-24	3.48225e-24	6.05338e-24	1.08814e-23	2.05185e-23	4.16328e-23	9.58207e-23	2.89014e-22	2.54322e-21	1.18665e-20	1.26343e-20	1.29353e-20	1.31248e-20	1.32704e-20	1.33953e-20	1.35104e-20	1.36216e-20	1.37330e-20	1.38473e-20	1.39672e-20	1.40950e-20	1.42328e-20	1.43831e-20	1.45483e-20	1.47313e-20	1.49352e-20	1.51634e-20	1.54199e-20	1.57092e-20	1.60365e-20	1.64078e-20	1.68299e-20	1.73106e-20	1.78589e-20	1.84852e-20	1.92015e-20	2.00214e-20	2.09609e-20	2.20381e-20	2.32740e-20	2.46930e-20	2.63227e-20	2.81955e-20	3.03481e-20	3.28234e-20	3.56704e-20	3.89457e-20	4.27146e-20	4.70521e-20	5.20448e-20	5.77926e-20	6.44102e-20	7.20303e-20	8.08053e-20	9.09110e-20	1.02550e-19	1.15956e-19	1.31398e-19	1.49185e-19	1.69675e-19	1.93279e-19	2.20472e-19	2.28358e-19	2.28358e-19	2.28358e-19	2.28358e-19	2.28358e-19	2.28358e-19	2.28358e-19	2.28358e-19	2.28358e-19	2.28358e-19	2.28358e-19	2.28358e-19	2.28358e-19	2.28358e-19	2.28358e-19	2.28358e-19	2.28358e-19	2.28358e-19	2.28358e-19	2.28358e-19	2.28358e-19	2.28358e-19	2.28358e-19	2.28358e-19	2.28358e-19	2.28358e-19	2.28358e-19	2.28358e-19	2.28358e-19	2.28358e-19	2.28358e-19	2.28358e-19	2.28358e-19	2.28358e-19	2.28358e-19	2.28358e-19	2.28358e-19	2.28358e-19	2.28358e-19	2.28358e-19	2.28358e-19	2.28358e-19	2.28358e-19	2.28358e-19	2.28358e-19	2.28358e-19
26.22	1.04816e-39	4.30834e-39	9.29554e-39	1.69247e-38	2.85952e-38	4.64480e-38	7.37581e-38	1.15535e-37	1.79444e-37	2.77207e-37	4.26759e-37	6.55536e-37	1.00551e-36	1.54087e-36	2.35984e-36	3.61267e-36	5.52918e-36	8.46097e-36	1.29459e-35	1.98068e-35	3.03024e-35	4.63583e-35	7.09203e-35	1.08495e-34	1.65977e-34	2.53912e-34	3.88438e-34	5.94240e-34	9.09085e-34	1.39075e-33	2.12765e-33	3.25504e-33	4.97987e-33	7.61880e-33	1.16564e-32	1.78340e-32	2.72863e-32	4.17497e-32	6.38816e-32	9.77495e-32	1.49580e-31	2.28903e-31	3.50313e-31	5.36155e-31	8.20648e-31	1.25621e-30	1.92314e-30	2.94450e-30	4.50890e-30	6.90555e-30	1.05780e-29	1.62069e-29	2.48371e-29	3.80734e-29	5.83823e-29	8.95576e-29	1.37439e-28	2.11024e-28	3.24193e-28	4.98383e-28	7.66757e-28	1.18070e-27	1.82001e-27	2.80886e-27	4.34107e-27	6.72010e-27	1.04229e-26	1.62022e-26	2.52526e-26	3.94812e-26	6.19544e-26	9.76459e-26	1.54706e-25	2.46658e-25	3.96274e-25	6.42624e-25	1.05426e-24	1.75499e-24	2.97662e-24	5.17442e-24	9.30144e-24	1.75392e-23	3.55876e-23	8.19074e-23	2.47049e-22	2.17394e-21	1.01434e-20	1.07998e-20	1.10571e-20	1.12191e-20	1.13435e-20	1.14503e-20	1.15487e-20	1.16438e-20	1.17389e-20	1.18367e-20	1.19392e-20	1.20484e-20	1.21662e-20	1.22947e-20	1.24359e-20	1.25923e-20	1.27666e-20	1.29616e-20	1.31809e-20	1.34282e-20	1.37080e-20	1.40254e-20	1.43862e-20	1.47971e-20	1.52658e-20	1.58011e-20	1.64134e-20	1.71143e-20	1.79173e-20	1.88381e-20	1.98946e-20	2.11075e-20	2.25006e-20	2.41014e-20	2.59415e-20	2.80574e-20	3.04910e-20	3.32907e-20	3.65123e-20	4.02200e-20	4.44878e-20	4.94010e-20	5.50578e-20	6.15714e-20	6.90722e-20	7.77106e-20	8.76597e-20	9.91191e-20	1.12319e-19	1.27523e-19	1.45038e-19	1.65215e-19	1.88459e-19	2.10104e-19	2.10105e-19	2.10105e-19	2.10105e-19	2.10105e-19	2.10105e-19	2.10105e-19	2.10105e-19	2.10105e-19	2.10105e-19	2.10105e-19	2.10105e-19	2.10105e-19	2.10105e-19	2.10105e-19	2.10105e-19	2.10105e-19	2.10105e-19	2.10105e-19	2.10105e-19	2.10105e-19	2.10105e-19	2.10105e-19	2.10105e-19	2.10105e-19	2.10105e-19	2.10105e-19	2.10105e-19	2.10105e-19	2.10105e-19	2.10105e-19	2.10105e-19	2.10105e-19	2.10105e-19	2.10105e-19	2.10105e-19	2.10105e-19	2.10105e-19	2.10105e-19	2.10105e-19	2.10105e-19	2.10105e-19	2.10105e-19	2.10105e-19	2.10105e-19	2.10105e-19
26.25	8.95968e-40	3.68276e-39	7.94582e-39	1.44672e-38	2.44431e-38	3.97037e-38	6.30483e-38	9.87595e-38	1.53388e-37	2.36956e-37	3.64793e-37	5.60351e-37	8.59505e-37	1.31713e-36	2.01719e-36	3.08810e-36	4.72633e-36	7.23243e-36	1.10661e-35	1.69308e-35	2.59025e-35	3.96270e-35	6.06226e-35	9.27413e-35	1.41877e-34	2.17044e-34	3.32036e-34	5.07955e-34	7.77084e-34	1.18882e-33	1.81872e-33	2.78240e-33	4.25678e-33	6.51253e-33	9.96383e-33	1.52445e-32	2.33243e-32	3.56875e-32	5.46059e-32	8.35561e-32	1.27860e-31	1.95666e-31	2.99447e-31	4.58304e-31	7.01489e-31	1.07381e-30	1.64390e-30	2.51696e-30	3.85420e-30	5.90285e-30	9.04206e-30	1.38536e-29	2.12307e-29	3.25450e-29	4.99051e-29	7.65537e-29	1.17483e-28	1.80383e-28	2.77120e-28	4.26017e-28	6.55423e-28	1.00926e-27	1.55574e-27	2.40101e-27	3.71074e-27	5.74433e-27	8.90945e-27	1.38496e-26	2.15859e-26	3.37484e-26	5.29585e-26	8.34676e-26	1.32243e-25	2.10843e-25	3.38735e-25	5.49314e-25	9.01183e-25	1.50016e-24	2.54441e-24	4.42309e-24	7.95086e-24	1.49925e-23	3.04202e-23	7.00143e-23	2.11177e-22	1.85828e-21	8.67059e-21	9.23164e-21	9.45158e-21	9.59003e-21	9.69640e-21	9.78771e-21	9.87180e-21	9.95307e-21	1.00344e-20	1.01180e-20	1.02056e-20	1.02989e-20	1.03996e-20	1.05094e-20	1.06302e-20	1.07639e-20	1.09128e-20	1.10796e-20	1.12670e-20	1.14784e-20	1.17176e-20	1.19889e-20	1.22973e-20	1.26485e-20	1.30491e-20	1.35068e-20	1.40301e-20	1.46292e-20	1.53157e-20	1.61028e-20	1.70059e-20	1.80427e-20	1.92335e-20	2.06019e-20	2.21748e-20	2.39834e-20	2.60637e-20	2.84569e-20	3.12107e-20	3.43800e-20	3.80281e-20	4.22279e-20	4.70633e-20	5.26311e-20	5.90428e-20	6.64269e-20	7.49314e-20	8.47269e-20	9.60098e-20	1.09007e-19	1.23978e-19	1.41225e-19	1.61094e-19	1.83984e-19	1.93376e-19	1.93376e-19	1.93376e-19	1.93376e-19	1.93376e-19	1.93376e-19	1.93376e-19	1.93376e-19	1.93376e-19	1.93376e-19	1.93376e-19	1.93376e-19	1.93376e-19	1.93376e-19	1.93376e-19	1.93376e-19	1.93376e-19	1.93376e-19	1.93376e-19	1.93376e-19	1.93376e-19	1.93376e-19	1.93376e-19	1.93376e-19	1.93376e-19	1.93376e-19	1.93376e-19	1.93376e-19	1.93376e-19	1.93376e-19	1.93376e-19	1.93376e-19	1.93376e-19	1.93376e-19	1.93376e-19	1.93376e-19	1.93376e-19	1.93376e-19	1.93376e-19	1.93376e-19	1.93376e-19	1.93376e-19	1.93376e-19	1.93376e-19	1.93376e-19
26.28	7.65872e-40	3.14802e-39	6.79207e-39	1.23665e-38	2.08939e-38	3.39386e-38	5.38936e-38	8.44195e-38	1.31116e-37	2.02550e-37	3.11825e-37	4.78987e-37	7.34703e-37	1.12588e-36	1.72429e-36	2.63971e-36	4.04006e-36	6.18227e-36	9.45933e-36	1.44725e-35	2.21414e-35	3.38731e-35	5.18201e-35	7.92752e-35	1.21276e-34	1.85529e-34	2.83824e-34	4.34199e-34	6.64250e-34	1.01620e-33	1.55464e-33	2.37840e-33	3.63869e-33	5.56690e-33	8.51707e-33	1.30309e-32	1.99376e-32	3.05057e-32	4.66770e-32	7.14236e-32	1.09295e-31	1.67255e-31	2.55967e-31	3.91758e-31	5.99631e-31	9.17887e-31	1.40520e-30	2.15149e-30	3.29457e-30	5.04575e-30	7.72914e-30	1.18421e-29	1.81480e-29	2.78195e-29	4.26588e-29	6.54380e-29	1.00424e-28	1.54191e-28	2.36881e-28	3.64159e-28	5.60254e-28	8.62715e-28	1.32984e-27	2.05238e-27	3.17193e-27	4.91025e-27	7.61579e-27	1.18386e-26	1.84516e-26	2.88481e-26	4.52688e-26	7.13480e-26	1.13041e-25	1.80228e-25	2.89550e-25	4.69553e-25	7.70330e-25	1.28234e-24	2.17496e-24	3.78085e-24	6.79638e-24	1.28156e-23	2.60032e-23	5.98481e-23	1.80514e-22	1.58845e-21	7.41161e-21	7.89120e-21	8.07920e-21	8.19754e-21	8.28847e-21	8.36652e-21	8.43840e-21	8.50787e-21	8.57739e-21	8.64882e-21	8.72372e-21	8.80351e-21	8.88960e-21	8.98346e-21	9.08667e-21	9.20097e-21	9.32828e-21	9.47080e-21	9.63100e-21	9.81171e-21	1.00162e-20	1.02481e-20	1.05117e-20	1.08119e-20	1.11544e-20	1.15456e-20	1.19929e-20	1.25051e-20	1.30918e-20	1.37646e-20	1.45366e-20	1.54228e-20	1.64408e-20	1.76104e-20	1.89550e-20	2.05010e-20	2.22792e-20	2.43249e-20	2.66789e-20	2.93880e-20	3.25064e-20	3.60963e-20	4.02296e-20	4.49890e-20	5.04697e-20	5.67816e-20	6.40512e-20	7.24244e-20	8.20690e-20	9.31787e-20	1.05976e-19	1.20719e-19	1.37703e-19	1.57270e-19	1.78011e-19	1.78036e-19	1.78036e-19	1.78036e-19	1.78036e-19	1.78036e-19	1.78036e-19	1.78036e-19	1.78036e-19	1.78036e-19	1.78036e-19	1.78036e-19	1.78036e-19	1.78036e-19	1.78036e-19	1.78036e-19	1.78036e-19	1.78036e-19	1.78036e-19	1.78036e-19	1.78036e-19	1.78036e-19	1.78036e-19	1.78036e-19	1.78036e-19	1.78036e-19	1.78036e-19	1.78036e-19	1.78036e-19	1.78036e-19	1.78036e-19	1.78036e-19	1.78036e-19	1.78036e-19	1.78036e-19	1.78036e-19	1.78036e-19	1.78036e-19	1.78036e-19	1.78036e-19	1.78036e-19	1.78036e-19	1.78036e-19	1.78036e-19	1.78036e-19
26.32	6.54666e-40	2.69092e-39	5.80585e-39	1.05709e-38	1.78601e-38	2.90107e-38	4.60682e-38	7.21616e-38	1.12078e-37	1.73139e-37	2.66547e-37	4.09438e-37	6.28023e-37	9.62404e-37	1.47392e-36	2.25642e-36	3.45344e-36	5.28459e-36	8.08582e-36	1.23710e-35	1.89264e-35	2.89547e-35	4.42957e-35	6.77643e-35	1.03666e-34	1.58590e-34	2.42612e-34	3.71153e-34	5.67800e-34	8.68644e-34	1.32890e-33	2.03305e-33	3.11035e-33	4.75858e-33	7.28038e-33	1.11388e-32	1.70426e-32	2.60762e-32	3.98994e-32	6.10528e-32	9.34251e-32	1.42969e-31	2.18800e-31	3.34874e-31	5.12564e-31	7.84609e-31	1.20116e-30	1.83909e-30	2.81619e-30	4.31310e-30	6.60686e-30	1.01226e-29	1.55128e-29	2.37800e-29	3.64647e-29	5.59363e-29	8.58422e-29	1.31802e-28	2.02486e-28	3.11282e-28	4.78904e-28	7.37448e-28	1.13675e-27	1.75437e-27	2.71136e-27	4.19727e-27	6.50996e-27	1.01196e-26	1.57724e-26	2.46593e-26	3.86957e-26	6.09881e-26	9.66271e-26	1.54059e-25	2.47507e-25	4.01373e-25	6.58477e-25	1.09614e-24	1.85915e-24	3.23186e-24	5.80954e-24	1.09547e-23	2.22275e-23	5.11581e-23	1.54303e-22	1.35781e-21	6.33543e-21	6.74538e-21	6.90609e-21	7.00725e-21	7.08497e-21	7.15169e-21	7.21313e-21	7.27251e-21	7.33194e-21	7.39300e-21	7.45702e-21	7.52522e-21	7.59881e-21	7.67905e-21	7.76727e-21	7.86497e-21	7.97380e-21	8.09563e-21	8.23256e-21	8.38703e-21	8.56180e-21	8.76003e-21	8.98538e-21	9.24201e-21	9.53476e-21	9.86914e-21	1.02515e-20	1.06893e-20	1.11909e-20	1.17660e-20	1.24259e-20	1.31834e-20	1.40535e-20	1.50534e-20	1.62027e-20	1.75242e-20	1.90442e-20	2.07929e-20	2.28050e-20	2.51208e-20	2.77864e-20	3.08551e-20	3.43882e-20	3.84565e-20	4.31414e-20	4.85368e-20	5.47509e-20	6.19083e-20	7.01525e-20	7.96490e-20	9.05885e-20	1.03191e-19	1.17709e-19	1.34434e-19	1.53702e-19	1.63962e-19	1.63962e-19	1.63962e-19	1.63962e-19	1.63962e-19	1.63962e-19	1.63962e-19	1.63962e-19	1.63962e-19	1.63962e-19	1.63962e-19	1.63962e-19	1.63962e-19	1.63962e-19	1.63962e-19	1.63962e-19	1.63962e-19	1.63962e-19	1.63962e-19	1.63962e-19	1.63962e-19	1.63962e-19	1.63962e-19	1.63962e-19	1.63962e-19	1.63962e-19	1.63962e-19	1.63962e-19	1.63962e-19	1.63962e-19	1.63962e-19	1.63962e-19	1.63962e-19	1.63962e-19	1.63962e-19	1.63962e-19	1.63962e-19	1.63962e-19	1.63962e-19	1.63962e-19	1.63962e-19	1.63962e-19	1.63962e-19	1.63962e-19
26.35	5.59608e-40	2.30020e-39	4.96283e-39	9.03597e-39	1.52668e-38	2.47983e-38	3.93790e-38	6.16836e-38	9.58039e-38	1.47999e-37	2.27844e-37	3.49987e-37	5.36833e-37	8.22661e-37	1.25991e-36	1.92878e-36	2.95199e-36	4.51726e-36	6.91174e-36	1.05747e-35	1.61783e-35	2.47504e-35	3.78639e-35	5.79248e-35	8.86139e-35	1.35562e-34	2.07385e-34	3.17261e-34	4.85355e-34	7.42515e-34	1.13594e-33	1.73785e-33	2.65872e-33	4.06763e-33	6.22325e-33	9.52145e-33	1.45680e-32	2.22899e-32	3.41060e-32	5.21879e-32	7.98596e-32	1.22210e-31	1.87030e-31	2.86250e-31	4.38139e-31	6.70682e-31	1.02675e-30	1.57205e-30	2.40728e-30	3.68683e-30	5.64753e-30	8.65276e-30	1.32604e-29	2.03271e-29	3.11700e-29	4.78143e-29	7.33778e-29	1.12664e-28	1.73085e-28	2.66084e-28	4.09367e-28	6.30369e-28	9.71690e-28	1.49963e-27	2.31767e-27	3.58782e-27	5.56471e-27	8.65025e-27	1.34822e-26	2.10788e-26	3.30771e-26	5.21326e-26	8.25967e-26	1.31689e-25	2.11568e-25	3.43093e-25	5.62865e-25	9.36978e-25	1.58920e-24	2.76259e-24	4.96598e-24	9.36408e-24	1.90000e-23	4.37298e-23	1.31898e-22	1.16065e-21	5.41552e-21	5.76594e-21	5.90331e-21	5.98978e-21	6.05622e-21	6.11325e-21	6.16577e-21	6.21653e-21	6.26733e-21	6.31953e-21	6.37425e-21	6.43255e-21	6.49545e-21	6.56404e-21	6.63945e-21	6.72297e-21	6.81599e-21	6.92013e-21	7.03718e-21	7.16922e-21	7.31861e-21	7.48806e-21	7.68069e-21	7.90006e-21	8.15029e-21	8.43613e-21	8.76300e-21	9.13720e-21	9.56594e-21	1.00576e-20	1.06216e-20	1.12692e-20	1.20130e-20	1.28676e-20	1.38500e-20	1.49797e-20	1.62790e-20	1.77737e-20	1.94937e-20	2.14732e-20	2.37518e-20	2.63749e-20	2.93950e-20	3.28726e-20	3.68772e-20	4.14892e-20	4.68010e-20	5.29191e-20	5.99662e-20	6.80839e-20	7.74349e-20	8.82072e-20	1.00617e-19	1.14914e-19	1.31385e-19	1.50341e-19	1.51042e-19	1.51042e-19	1.51042e-19	1.51042e-19	1.51042e-19	1.51042e-19	1.51042e-19	1.51042e-19	1.51042e-19	1.51042e-19	1.51042e-19	1.51042e-19	1.51042e-19	1.51042e-19	1.51042e-19	1.51042e-19	1.51042e-19	1.51042e-19	1.51042e-19	1.51042e-19	1.51042e-19	1.51042e-19	1.51042e-19	1.51042e-19	1.51042e-19	1.51042e-19	1.51042e-19	1.51042e-19	1.51042e-19	1.51042e-19	1.51042e-19	1.51042e-19	1.51042e-19	1.51042e-19	1.51042e-19	1.51042e-19	1.51042e-19	1.51042e-19	1.51042e-19	1.51042e-19	1.51042e-19	1.51042e-19	1.51042e-19
26.39	4.78352e-40	1.96620e-39	4.24222e-39	7.72393e-39	1.30500e-38	2.11975e-38	3.36611e-38	5.27271e-38	8.18931e-38	1.26509e-37	1.94761e-37	2.99168e-37	4.58884e-37	7.03210e-37	1.07697e-36	1.64872e-36	2.52336e-36	3.86135e-36	5.90815e-36	9.03927e-36	1.38292e-35	2.11566e-35	3.23660e-35	4.95140e-35	7.57470e-35	1.15878e-34	1.77272e-34	2.71194e-34	4.14881e-34	6.34701e-34	9.71001e-34	1.48551e-33	2.27267e-33	3.47700e-33	5.31963e-33	8.13892e-33	1.24527e-32	1.90534e-32	2.91537e-32	4.46101e-32	6.82639e-32	1.04465e-31	1.59873e-31	2.44686e-31	3.74520e-31	5.73298e-31	8.77667e-31	1.34379e-30	2.05774e-30	3.15150e-30	4.82750e-30	7.39637e-30	1.13349e-29	1.73756e-29	2.66440e-29	4.08716e-29	6.27232e-29	9.63054e-29	1.47952e-28	2.27448e-28	3.49926e-28	5.38838e-28	8.30599e-28	1.28188e-27	1.98114e-27	3.06686e-27	4.75670e-27	7.39422e-27	1.15246e-26	1.80181e-26	2.82742e-26	4.45628e-26	7.06036e-26	1.12568e-25	1.80848e-25	2.93275e-25	4.81136e-25	8.00927e-25	1.35845e-24	2.36146e-24	4.24492e-24	8.00440e-24	1.62412e-23	3.73802e-23	1.12746e-22	9.92124e-22	4.62917e-21	4.92872e-21	5.04614e-21	5.12006e-21	5.17685e-21	5.22560e-21	5.27049e-21	5.31388e-21	5.35731e-21	5.40192e-21	5.44870e-21	5.49853e-21	5.55230e-21	5.61093e-21	5.67540e-21	5.74678e-21	5.82630e-21	5.91531e-21	6.01537e-21	6.12824e-21	6.25594e-21	6.40078e-21	6.56544e-21	6.75296e-21	6.96686e-21	7.21119e-21	7.49060e-21	7.81046e-21	8.17695e-21	8.59718e-21	9.07934e-21	9.63287e-21	1.02687e-20	1.09992e-20	1.18390e-20	1.28046e-20	1.39152e-20	1.51930e-20	1.66632e-20	1.83553e-20	2.03030e-20	2.25452e-20	2.51268e-20	2.80994e-20	3.15226e-20	3.54649e-20	4.00054e-20	4.52351e-20	5.12590e-20	5.81980e-20	6.61913e-20	7.53994e-20	8.60073e-20	9.82281e-20	1.12307e-19	1.28528e-19	1.39176e-19	1.39176e-19	1.39176e-19	1.39176e-19	1.39176e-19	1.39176e-19	1.39176e-19	1.39176e-19	1.39176e-19	1.39176e-19	1.39176e-19	1.39176e-19	1.39176e-19	1.39176e-19	1.39176e-19	1.39176e-19	1.39176e-19	1.39176e-19	1.39176e-19	1.39176e-19	1.39176e-19	1.39176e-19	1.39176e-19	1.39176e-19	1.39176e-19	1.39176e-19	1.39176e-19	1.39176e-19	1.39176e-19	1.39176e-19	1.39176e-19	1.39176e-19	1.39176e-19	1.39176e-19	1.39176e-19	1.39176e-19	1.39176e-19	1.39176e-19	1.39176e-19	1.39176e-19	1.39176e-19	1.39176e-19	1.39176e-19
26.42	4.08894e-40	1.68071e-39	3.62625e-39	6.60240e-39	1.11551e-38	1.81196e-38	2.87735e-38	4.50710e-38	7.00021e-38	1.08140e-37	1.66481e-37	2.55728e-37	3.92254e-37	6.01102e-37	9.20588e-37	1.40932e-36	2.15696e-36	3.30067e-36	5.05028e-36	7.72675e-36	1.18211e-35	1.80846e-35	2.76664e-35	4.23245e-35	6.47484e-35	9.90527e-35	1.51532e-34	2.31816e-34	3.54639e-34	5.42542e-34	8.30010e-34	1.26981e-33	1.94268e-33	2.97214e-33	4.54721e-33	6.95714e-33	1.06445e-32	1.62868e-32	2.49206e-32	3.81326e-32	5.83519e-32	8.92965e-32	1.36659e-31	2.09157e-31	3.20139e-31	4.90054e-31	7.50229e-31	1.14867e-30	1.75895e-30	2.69389e-30	4.12654e-30	6.32240e-30	9.68908e-30	1.48526e-29	2.27753e-29	3.49369e-29	5.36157e-29	8.23217e-29	1.26470e-28	1.94422e-28	2.99116e-28	4.60598e-28	7.09995e-28	1.09575e-27	1.69348e-27	2.62155e-27	4.06602e-27	6.32057e-27	9.85120e-27	1.54018e-26	2.41688e-26	3.80922e-26	6.03518e-26	9.62226e-26	1.54589e-25	2.50691e-25	4.11275e-25	6.84631e-25	1.16120e-24	2.01857e-24	3.62855e-24	6.84215e-24	1.38829e-23	3.19525e-23	9.63752e-23	8.48066e-22	3.95701e-21	4.21306e-21	4.31343e-21	4.37662e-21	4.42516e-21	4.46683e-21	4.50521e-21	4.54230e-21	4.57942e-21	4.61755e-21	4.65754e-21	4.70014e-21	4.74610e-21	4.79621e-21	4.85132e-21	4.91234e-21	4.98031e-21	5.05640e-21	5.14193e-21	5.23841e-21	5.34757e-21	5.47138e-21	5.61213e-21	5.77242e-21	5.95526e-21	6.16411e-21	6.40295e-21	6.67637e-21	6.98965e-21	7.34885e-21	7.76100e-21	8.23416e-21	8.77763e-21	9.40211e-21	1.01199e-20	1.09454e-20	1.18947e-20	1.29869e-20	1.42437e-20	1.56901e-20	1.73550e-20	1.92716e-20	2.14783e-20	2.40193e-20	2.69455e-20	3.03154e-20	3.41966e-20	3.86669e-20	4.38161e-20	4.97475e-20	5.65802e-20	6.44513e-20	7.35189e-20	8.39652e-20	9.60001e-20	1.09865e-19	1.25840e-19	1.28273e-19	1.28273e-19	1.28273e-19	1.28273e-19	1.28273e-19	1.28273e-19	1.28273e-19	1.28273e-19	1.28273e-19	1.28273e-19	1.28273e-19	1.28273e-19	1.28273e-19	1.28273e-19	1.28273e-19	1.28273e-19	1.28273e-19	1.28273e-19	1.28273e-19	1.28273e-19	1.28273e-19	1.28273e-19	1.28273e-19	1.28273e-19	1.28273e-19	1.28273e-19	1.28273e-19	1.28273e-19	1.28273e-19	1.28273e-19	1.28273e-19	1.28273e-19	1.28273e-19	1.28273e-19	1.28273e-19	1.28273e-19	1.28273e-19	1.28273e-19	1.28273e-19	1.28273e-19	1.28273e-19	1.28273e-19
26.45	3.49522e-40	1.43667e-39	3.09971e-39	5.64372e-39	9.53540e-39	1.54886e-38	2.45955e-38	3.85266e-38	5.98377e-38	9.24380e-38	1.42308e-37	2.18596e-37	3.35298e-37	5.13821e-37	7.86918e-37	1.20469e-36	1.84377e-36	2.82141e-36	4.31697e-36	6.60482e-36	1.01047e-35	1.54587e-35	2.36492e-35	3.61789e-35	5.53469e-35	8.46701e-35	1.29529e-34	1.98156e-34	3.03145e-34	4.63764e-34	7.09491e-34	1.08543e-33	1.66060e-33	2.54058e-33	3.88695e-33	5.94695e-33	9.09893e-33	1.39219e-32	2.13021e-32	3.25957e-32	4.98791e-32	7.63305e-32	1.16816e-31	1.78787e-31	2.73655e-31	4.18898e-31	6.41294e-31	9.81879e-31	1.50355e-30	2.30274e-30	3.52736e-30	5.40438e-30	8.28221e-30	1.26960e-29	1.94683e-29	2.98640e-29	4.58306e-29	7.03685e-29	1.08106e-28	1.66192e-28	2.55684e-28	3.93719e-28	6.06902e-28	9.36646e-28	1.44758e-27	2.24090e-27	3.47563e-27	5.40281e-27	8.42079e-27	1.31655e-26	2.06594e-26	3.25612e-26	5.15886e-26	8.22509e-26	1.32142e-25	2.14290e-25	3.51557e-25	5.85222e-25	9.92589e-25	1.72547e-24	3.10168e-24	5.84866e-24	1.18671e-23	2.73130e-23	8.23814e-23	7.24926e-22	3.38245e-21	3.60132e-21	3.68712e-21	3.74113e-21	3.78262e-21	3.81824e-21	3.85105e-21	3.88275e-21	3.91448e-21	3.94708e-21	3.98126e-21	4.01767e-21	4.05696e-21	4.09980e-21	4.14690e-21	4.19906e-21	4.25716e-21	4.32220e-21	4.39531e-21	4.47778e-21	4.57109e-21	4.67693e-21	4.79724e-21	4.93425e-21	5.09055e-21	5.26907e-21	5.47324e-21	5.70695e-21	5.97474e-21	6.28179e-21	6.63409e-21	7.03855e-21	7.50310e-21	8.03691e-21	8.65052e-21	9.35608e-21	1.01676e-20	1.11012e-20	1.21755e-20	1.34118e-20	1.48350e-20	1.64733e-20	1.83597e-20	2.05317e-20	2.30329e-20	2.59135e-20	2.92312e-20	3.30524e-20	3.74540e-20	4.25241e-20	4.83647e-20	5.50929e-20	6.28439e-20	7.17734e-20	8.20608e-20	9.39127e-20	1.07568e-19	1.18251e-19	1.18251e-19	1.18251e-19	1.18251e-19	1.18251e-19	1.18251e-19	1.18251e-19	1.18251e-19	1.18251e-19	1.18251e-19	1.18251e-19	1.18251e-19	1.18251e-19	1.18251e-19	1.18251e-19	1.18251e-19	1.18251e-19	1.18251e-19	1.18251e-19	1.18251e-19	1.18251e-19	1.18251e-19	1.18251e-19	1.18251e-19	1.18251e-19	1.18251e-19	1.18251e-19	1.18251e-19	1.18251e-19	1.18251e-19	1.18251e-19	1.18251e-19	1.18251e-19	1.18251e-19	1.18251e-19	1.18251e-19	1.18251e-19	1.18251e-19	1.18251e-19	1.18251e-19	1.18251e-19	1.18251e-19
26.49	2.98771e-40	1.22806e-39	2.64963e-39	4.82425e-39	8.15084e-39	1.32397e-38	2.10242e-38	3.29325e-38	5.11491e-38	7.90158e-38	1.21645e-37	1.86856e-37	2.86612e-37	4.39214e-37	6.72656e-37	1.02976e-36	1.57605e-36	2.41174e-36	3.69014e-36	5.64579e-36	8.63748e-36	1.32141e-35	2.02153e-35	3.09257e-35	4.73104e-35	7.23759e-35	1.10721e-34	1.69384e-34	2.59128e-34	3.96424e-34	6.06472e-34	9.27826e-34	1.41948e-33	2.17168e-33	3.32256e-33	5.08344e-33	7.77775e-33	1.19004e-32	1.82090e-32	2.78628e-32	4.26366e-32	6.52472e-32	9.98542e-32	1.52827e-31	2.33920e-31	3.58073e-31	5.48177e-31	8.39308e-31	1.28523e-30	1.96838e-30	3.01518e-30	4.61966e-30	7.07962e-30	1.08525e-29	1.66414e-29	2.55277e-29	3.91759e-29	6.01509e-29	9.24088e-29	1.42060e-28	2.18558e-28	3.36550e-28	5.18779e-28	8.00644e-28	1.23739e-27	1.91552e-27	2.97096e-27	4.61832e-27	7.19808e-27	1.12538e-26	1.76596e-26	2.78333e-26	4.40979e-26	7.03080e-26	1.12955e-25	1.83175e-25	3.00510e-25	5.00247e-25	8.48464e-25	1.47493e-24	2.65131e-24	4.99943e-24	1.01440e-23	2.33471e-23	7.04195e-23	6.19665e-22	2.89131e-21	3.07840e-21	3.15174e-21	3.19791e-21	3.23338e-21	3.26383e-21	3.29187e-21	3.31897e-21	3.34609e-21	3.37396e-21	3.40317e-21	3.43430e-21	3.46788e-21	3.50450e-21	3.54476e-21	3.58935e-21	3.63902e-21	3.69461e-21	3.75711e-21	3.82760e-21	3.90736e-21	3.99783e-21	4.10067e-21	4.21779e-21	4.35139e-21	4.50400e-21	4.67851e-21	4.87829e-21	5.10720e-21	5.36966e-21	5.67081e-21	6.01654e-21	6.41364e-21	6.86994e-21	7.39445e-21	7.99756e-21	8.69124e-21	9.48928e-21	1.04076e-20	1.14644e-20	1.26809e-20	1.40814e-20	1.56938e-20	1.75505e-20	1.96885e-20	2.21508e-20	2.49868e-20	2.82532e-20	3.20156e-20	3.63496e-20	4.13420e-20	4.70933e-20	5.37188e-20	6.13518e-20	7.01454e-20	8.02765e-20	9.19486e-20	1.05396e-19	1.09034e-19	1.09034e-19	1.09034e-19	1.09034e-19	1.09034e-19	1.09034e-19	1.09034e-19	1.09034e-19	1.09034e-19	1.09034e-19	1.09034e-19	1.09034e-19	1.09034e-19	1.09034e-19	1.09034e-19	1.09034e-19	1.09034e-19	1.09034e-19	1.09034e-19	1.09034e-19	1.09034e-19	1.09034e-19	1.09034e-19	1.09034e-19	1.09034e-19	1.09034e-19	1.09034e-19	1.09034e-19	1.09034e-19	1.09034e-19	1.09034e-19	1.09034e-19	1.09034e-19	1.09034e-19	1.09034e-19	1.09034e-19	1.09034e-19	1.09034e-19	1.09034e-19	1.09034e-19	1.09034e-19
26.52	2.55389e-40	1.04974e-39	2.26490e-39	4.12376e-39	6.96733e-39	1.13172e-38	1.79715e-38	2.81507e-38	4.37222e-38	6.75426e-38	1.03982e-37	1.59724e-37	2.44995e-37	3.75439e-37	5.74985e-37	8.80241e-37	1.34721e-36	2.06155e-36	3.15432e-36	4.82601e-36	7.38330e-36	1.12954e-35	1.72800e-35	2.64352e-35	4.04409e-35	6.18668e-35	9.46445e-35	1.44789e-34	2.21502e-34	3.38863e-34	5.18411e-34	7.93104e-34	1.21337e-33	1.85635e-33	2.84012e-33	4.34532e-33	6.64841e-33	1.01725e-32	1.55650e-32	2.38171e-32	3.64457e-32	5.57732e-32	8.53552e-32	1.30636e-31	1.99954e-31	3.06080e-31	4.68581e-31	7.17440e-31	1.09861e-30	1.68256e-30	2.57737e-30	3.94887e-30	6.05165e-30	9.27672e-30	1.42251e-29	2.18211e-29	3.34875e-29	5.14169e-29	7.89909e-29	1.21433e-28	1.86823e-28	2.87683e-28	4.43452e-28	6.84389e-28	1.05772e-27	1.63738e-27	2.53957e-27	3.94773e-27	6.15290e-27	9.61974e-27	1.50954e-26	2.37918e-26	3.76948e-26	6.00991e-26	9.65538e-26	1.56578e-25	2.56876e-25	4.27610e-25	7.25265e-25	1.26077e-24	2.26633e-24	4.27350e-24	8.67107e-24	1.99571e-23	6.01944e-23	5.29689e-22	2.47149e-21	2.63141e-21	2.69410e-21	2.73357e-21	2.76389e-21	2.78991e-21	2.81388e-21	2.83705e-21	2.86023e-21	2.88405e-21	2.90903e-21	2.93563e-21	2.96434e-21	2.99564e-21	3.03006e-21	3.06817e-21	3.11063e-21	3.15815e-21	3.21157e-21	3.27183e-21	3.34001e-21	3.41734e-21	3.50525e-21	3.60536e-21	3.71956e-21	3.85001e-21	3.99919e-21	4.16996e-21	4.36562e-21	4.58998e-21	4.84740e-21	5.14293e-21	5.48237e-21	5.87241e-21	6.32076e-21	6.83630e-21	7.42926e-21	8.11142e-21	8.89638e-21	9.79977e-21	1.08396e-20	1.20367e-20	1.34150e-20	1.50021e-20	1.68297e-20	1.89345e-20	2.13586e-20	2.41508e-20	2.73669e-20	3.10715e-20	3.53391e-20	4.02553e-20	4.59188e-20	5.24434e-20	5.99602e-20	6.86202e-20	7.85975e-20	9.00925e-20	1.00555e-19	1.00556e-19	1.00556e-19	1.00556e-19	1.00556e-19	1.00556e-19	1.00556e-19	1.00556e-19	1.00556e-19	1.00556e-19	1.00556e-19	1.00556e-19	1.00556e-19	1.00556e-19	1.00556e-19	1.00556e-19	1.00556e-19	1.00556e-19	1.00556e-19	1.00556e-19	1.00556e-19	1.00556e-19	1.00556e-19	1.00556e-19	1.00556e-19	1.00556e-19	1.00556e-19	1.00556e-19	1.00556e-19	1.00556e-19	1.00556e-19	1.00556e-19	1.00556e-19	1.00556e-19	1.00556e-19	1.00556e-19	1.00556e-19	1.00556e-19	1.00556e-19	1.00556e-19	1.00556e-19
26.56	2.18306e-40	8.97320e-40	1.93603e-39	3.52498e-39	5.95566e-39	9.67396e-39	1.53620e-38	2.40631e-38	3.73737e-38	5.77353e-38	8.88833e-38	1.36532e-37	2.09422e-37	3.20925e-37	4.91497e-37	7.52429e-37	1.15159e-36	1.76221e-36	2.69631e-36	4.12527e-36	6.31124e-36	9.65528e-36	1.47709e-35	2.25968e-35	3.45688e-35	5.28836e-35	8.09020e-35	1.23765e-34	1.89340e-34	2.89660e-34	4.43137e-34	6.77944e-34	1.03718e-33	1.58681e-33	2.42773e-33	3.71437e-33	5.68305e-33	8.69541e-33	1.33049e-32	2.03588e-32	3.11537e-32	4.76748e-32	7.29615e-32	1.11668e-31	1.70920e-31	2.61637e-31	4.00543e-31	6.13266e-31	9.39092e-31	1.43825e-30	2.20313e-30	3.37549e-30	5.17294e-30	7.92973e-30	1.21596e-29	1.86526e-29	2.86251e-29	4.39511e-29	6.75213e-29	1.03801e-28	1.59696e-28	2.45911e-28	3.79062e-28	5.85015e-28	9.04136e-28	1.39963e-27	2.17082e-27	3.37451e-27	5.25949e-27	8.22294e-27	1.29036e-26	2.03372e-26	3.22215e-26	5.13726e-26	8.25341e-26	1.33843e-25	2.19577e-25	3.65520e-25	6.19956e-25	1.07770e-24	1.93726e-24	3.65298e-24	7.41202e-24	1.70593e-23	5.14541e-23	4.52777e-22	2.11262e-21	2.24933e-21	2.30292e-21	2.33665e-21	2.36257e-21	2.38481e-21	2.40530e-21	2.42510e-21	2.44492e-21	2.46528e-21	2.48663e-21	2.50937e-21	2.53391e-21	2.56067e-21	2.59009e-21	2.62267e-21	2.65896e-21	2.69958e-21	2.74525e-21	2.79675e-21	2.85503e-21	2.92114e-21	2.99628e-21	3.08186e-21	3.17948e-21	3.29098e-21	3.41850e-21	3.56447e-21	3.73173e-21	3.92351e-21	4.14355e-21	4.39617e-21	4.68632e-21	5.01973e-21	5.40298e-21	5.84366e-21	6.35052e-21	6.93363e-21	7.60461e-21	8.37683e-21	9.26570e-21	1.02890e-20	1.14672e-20	1.28238e-20	1.43860e-20	1.61852e-20	1.82573e-20	2.06440e-20	2.33932e-20	2.65599e-20	3.02078e-20	3.44101e-20	3.92513e-20	4.48285e-20	5.12539e-20	5.86564e-20	6.71850e-20	7.70110e-20	8.83318e-20	9.27530e-20	9.27530e-20	9.27530e-20	9.27530e-20	9.27530e-20	9.27530e-20	9.27530e-20	9.27530e-20	9.27530e-20	9.27530e-20	9.27530e-20	9.27530e-20	9.27530e-20	9.27530e-20	9.27530e-20	9.27530e-20	9.27530e-20	9.27530e-20	9.27530e-20	9.27530e-20	9.27530e-20	9.27530e-20	9.27530e-20	9.27530e-20	9.27530e-20	9.27530e-20	9.27530e-20	9.27530e-20	9.27530e-20	9.27530e-20	9.27530e-20	9.27530e-20	9.27530e-20	9.27530e-20	9.27530e-20	9.27530e-20	9.27530e-20	9.27530e-20	9.27530e-20	9.27530e-20
26.59	1.86608e-40	7.67027e-40	1.65492e-39	3.01315e-39	5.09089e-39	8.26928e-39	1.31314e-38	2.05691e-38	3.19470e-38	4.93521e-38	7.59773e-38	1.16707e-37	1.79013e-37	2.74326e-37	4.20130e-37	6.43175e-37	9.84377e-37	1.50633e-36	2.30480e-36	3.52627e-36	5.39484e-36	8.25332e-36	1.26262e-35	1.93157e-35	2.95493e-35	4.52048e-35	6.91549e-35	1.05794e-34	1.61847e-34	2.47601e-34	3.78793e-34	5.79505e-34	8.86582e-34	1.35640e-33	2.07522e-33	3.17504e-33	4.85786e-33	7.43282e-33	1.13730e-32	1.74027e-32	2.66301e-32	4.07524e-32	6.23674e-32	9.54533e-32	1.46103e-31	2.23647e-31	3.42383e-31	5.24219e-31	8.02735e-31	1.22942e-30	1.88324e-30	2.88537e-30	4.42182e-30	6.77832e-30	1.03940e-29	1.59442e-29	2.44687e-29	3.75693e-29	5.77171e-29	8.87288e-29	1.36508e-28	2.10204e-28	3.24021e-28	5.00070e-28	7.72854e-28	1.19640e-27	1.85562e-27	2.88453e-27	4.49581e-27	7.02896e-27	1.10299e-26	1.73842e-26	2.75429e-26	4.39133e-26	7.05500e-26	1.14408e-25	1.87694e-25	3.12446e-25	5.29937e-25	9.21219e-25	1.65597e-24	3.12256e-24	6.33578e-24	1.45822e-23	4.39829e-23	3.87033e-22	1.80587e-21	1.92272e-21	1.96853e-21	1.99736e-21	2.01952e-21	2.03854e-21	2.05605e-21	2.07298e-21	2.08992e-21	2.10732e-21	2.12557e-21	2.14501e-21	2.16599e-21	2.18886e-21	2.21400e-21	2.24185e-21	2.27287e-21	2.30760e-21	2.34663e-21	2.39066e-21	2.44048e-21	2.49698e-21	2.56122e-21	2.63437e-21	2.71781e-21	2.81313e-21	2.92213e-21	3.04691e-21	3.18988e-21	3.35381e-21	3.54190e-21	3.75784e-21	4.00586e-21	4.29086e-21	4.61846e-21	4.99515e-21	5.42841e-21	5.92686e-21	6.50041e-21	7.16050e-21	7.92031e-21	8.79502e-21	9.80211e-21	1.09617e-20	1.22971e-20	1.38351e-20	1.56063e-20	1.76465e-20	1.99964e-20	2.27034e-20	2.58216e-20	2.94137e-20	3.35520e-20	3.83194e-20	4.38117e-20	5.01394e-20	5.74296e-20	6.58289e-20	7.55059e-20	8.55637e-20	8.55702e-20	8.55702e-20	8.55702e-20	8.55702e-20	8.55702e-20	8.55702e-20	8.55702e-20	8.55702e-20	8.55702e-20	8.55702e-20	8.55702e-20	8.55702e-20	8.55702e-20	8.55702e-20	8.55702e-20	8.55702e-20	8.55702e-20	8.55702e-20	8.55702e-20	8.55702e-20	8.55702e-20	8.55702e-20	8.55702e-20	8.55702e-20	8.55702e-20	8.55702e-20	8.55702e-20	8.55702e-20	8.55702e-20	8.55702e-20	8.55702e-20	8.55702e-20	8.55702e-20	8.55702e-20	8.55702e-20	8.55702e-20	8.55702e-20	8.55702e-20	8.55702e-20
26.63	1.59512e-40	6.55654e-40	1.41462e-39	2.57564e-39	4.35168e-39	7.06857e-39	1.12247e-38	1.75825e-38	2.73082e-38	4.21861e-38	6.49453e-38	9.97611e-38	1.53020e-37	2.34494e-37	3.59127e-37	5.49785e-37	8.41444e-37	1.28761e-36	1.97014e-36	3.01425e-36	4.61150e-36	7.05492e-36	1.07928e-35	1.65110e-35	2.52587e-35	3.86410e-35	5.91135e-35	9.04329e-35	1.38347e-34	2.11649e-34	3.23792e-34	4.95360e-34	7.57849e-34	1.15945e-33	1.77389e-33	2.71402e-33	4.15249e-33	6.35357e-33	9.72166e-33	1.48758e-32	2.27634e-32	3.48351e-32	5.33116e-32	8.15934e-32	1.24888e-31	1.91173e-31	2.92669e-31	4.48102e-31	6.86176e-31	1.05090e-30	1.60979e-30	2.46641e-30	3.77977e-30	5.79410e-30	8.88477e-30	1.36291e-29	2.09158e-29	3.21142e-29	4.93365e-29	7.58452e-29	1.16687e-28	1.79682e-28	2.76973e-28	4.27459e-28	6.60635e-28	1.02268e-27	1.58618e-27	2.46569e-27	3.84301e-27	6.00834e-27	9.42837e-27	1.48600e-26	2.35436e-26	3.75370e-26	6.03060e-26	9.77961e-26	1.60441e-25	2.67079e-25	4.52990e-25	7.87456e-25	1.41552e-24	2.66916e-24	5.41581e-24	1.24649e-23	3.75965e-23	3.30836e-22	1.54365e-21	1.64354e-21	1.68270e-21	1.70734e-21	1.72628e-21	1.74254e-21	1.75751e-21	1.77198e-21	1.78646e-21	1.80133e-21	1.81693e-21	1.83355e-21	1.85148e-21	1.87103e-21	1.89253e-21	1.91633e-21	1.94285e-21	1.97253e-21	2.00590e-21	2.04353e-21	2.08612e-21	2.13442e-21	2.18932e-21	2.25185e-21	2.32318e-21	2.40466e-21	2.49783e-21	2.60449e-21	2.72670e-21	2.86683e-21	3.02761e-21	3.21219e-21	3.42420e-21	3.66782e-21	3.94785e-21	4.26985e-21	4.64020e-21	5.06627e-21	5.55654e-21	6.12079e-21	6.77027e-21	7.51797e-21	8.37883e-21	9.37008e-21	1.05116e-20	1.18262e-20	1.33403e-20	1.50842e-20	1.70929e-20	1.94068e-20	2.20723e-20	2.51428e-20	2.86802e-20	3.27553e-20	3.74502e-20	4.28591e-20	4.90908e-20	5.62704e-20	6.45423e-20	7.40728e-20	7.89560e-20	7.89560e-20	7.89560e-20	7.89560e-20	7.89560e-20	7.89560e-20	7.89560e-20	7.89560e-20	7.89560e-20	7.89560e-20	7.89560e-20	7.89560e-20	7.89560e-20	7.89560e-20	7.89560e-20	7.89560e-20	7.89560e-20	7.89560e-20	7.89560e-20	7.89560e-20	7.89560e-20	7.89560e-20	7.89560e-20	7.89560e-20	7.89560e-20	7.89560e-20	7.89560e-20	7.89560e-20	7.89560e-20	7.89560e-20	7.89560e-20	7.89560e-20	7.89560e-20	7.89560e-20	7.89560e-20	7.89560e-20	7.89560e-20	7.89560e-20	7.89560e-20
26.66	1.36351e-40	5.60452e-40	1.20921e-39	2.20165e-39	3.71981e-39	6.04220e-39	9.59485e-39	1.50295e-38	2.33430e-38	3.60606e-38	5.55152e-38	8.52757e-38	1.30802e-37	2.00445e-37	3.06981e-37	4.69955e-37	7.19265e-37	1.10065e-36	1.68407e-36	2.57658e-36	3.94190e-36	6.03054e-36	9.22570e-36	1.41136e-35	2.15911e-35	3.30303e-35	5.05301e-35	7.73019e-35	1.18259e-34	1.80917e-34	2.76777e-34	4.23433e-34	6.47808e-34	9.91094e-34	1.51632e-33	2.31994e-33	3.54955e-33	5.43102e-33	8.31006e-33	1.27158e-32	1.94581e-32	2.97770e-32	4.55706e-32	6.97459e-32	1.06754e-31	1.63414e-31	2.50173e-31	3.83037e-31	5.86543e-31	8.98311e-31	1.37604e-30	2.10828e-30	3.23094e-30	4.95279e-30	7.59469e-30	1.16501e-29	1.78788e-29	2.74511e-29	4.21728e-29	6.48324e-29	9.97439e-29	1.53592e-28	2.36756e-28	3.65391e-28	5.64710e-28	8.74187e-28	1.35586e-27	2.10767e-27	3.28500e-27	5.13592e-27	8.05936e-27	1.27023e-26	2.01250e-26	3.20866e-26	5.15495e-26	8.35960e-26	1.37144e-25	2.28298e-25	3.87215e-25	6.73117e-25	1.20998e-24	2.28160e-24	4.62943e-24	1.06550e-23	3.21374e-23	2.82798e-22	1.31951e-21	1.40489e-21	1.43837e-21	1.45943e-21	1.47562e-21	1.48952e-21	1.50231e-21	1.51468e-21	1.52706e-21	1.53978e-21	1.55311e-21	1.56732e-21	1.58264e-21	1.59935e-21	1.61773e-21	1.63808e-21	1.66074e-21	1.68612e-21	1.71464e-21	1.74681e-21	1.78321e-21	1.82450e-21	1.87143e-21	1.92488e-21	1.98585e-21	2.05550e-21	2.13514e-21	2.22632e-21	2.33078e-21	2.45056e-21	2.58800e-21	2.74578e-21	2.92700e-21	3.13524e-21	3.37462e-21	3.64986e-21	3.96644e-21	4.33064e-21	4.74972e-21	5.23204e-21	5.78722e-21	6.42635e-21	7.16221e-21	8.00953e-21	8.98528e-21	1.01090e-20	1.14032e-20	1.28939e-20	1.46110e-20	1.65889e-20	1.88673e-20	2.14920e-20	2.45158e-20	2.79992e-20	3.20124e-20	3.66359e-20	4.19627e-20	4.80999e-20	5.51707e-20	6.33173e-20	7.26485e-20	7.28636e-20	7.28636e-20	7.28636e-20	7.28636e-20	7.28636e-20	7.28636e-20	7.28636e-20	7.28636e-20	7.28636e-20	7.28636e-20	7.28636e-20	7.28636e-20	7.28636e-20	7.28636e-20	7.28636e-20	7.28636e-20	7.28636e-20	7.28636e-20	7.28636e-20	7.28636e-20	7.28636e-20	7.28636e-20	7.28636e-20	7.28636e-20	7.28636e-20	7.28636e-20	7.28636e-20	7.28636e-20	7.28636e-20	7.28636e-20	7.28636e-20	7.28636e-20	7.28636e-20	7.28636e-20	7.28636e-20	7.28636e-20	7.28636e-20	7.28636e-20
26.69	1.16552e-40	4.79073e-40	1.03363e-39	1.88197e-39	3.17969e-39	5.16487e-39	8.20166e-39	1.28472e-38	1.99536e-38	3.08245e-38	4.74543e-38	7.28935e-38	1.11809e-37	1.71340e-37	2.62407e-37	4.01717e-37	6.14827e-37	9.40833e-37	1.43954e-36	2.20245e-36	3.36953e-36	5.15489e-36	7.88611e-36	1.20643e-35	1.84561e-35	2.82342e-35	4.31931e-35	6.60776e-35	1.01087e-34	1.54647e-34	2.36588e-34	3.61950e-34	5.53745e-34	8.47185e-34	1.29615e-33	1.98308e-33	3.03415e-33	4.64243e-33	7.10342e-33	1.08694e-32	1.66328e-32	2.54533e-32	3.89537e-32	5.96187e-32	9.12534e-32	1.39686e-31	2.13847e-31	3.27419e-31	5.01376e-31	7.67875e-31	1.17624e-30	1.80215e-30	2.76180e-30	4.23363e-30	6.49193e-30	9.95852e-30	1.52828e-29	2.34652e-29	3.60492e-29	5.54186e-29	8.52609e-29	1.31290e-28	2.02379e-28	3.12336e-28	4.82713e-28	7.47254e-28	1.15899e-27	1.80163e-27	2.80801e-27	4.39018e-27	6.88913e-27	1.08579e-26	1.72028e-26	2.74275e-26	4.40644e-26	7.14577e-26	1.17231e-25	1.95149e-25	3.30991e-25	5.75379e-25	1.03429e-24	1.95031e-24	3.95723e-24	9.10784e-24	2.74710e-23	2.41735e-22	1.12792e-21	1.20090e-21	1.22951e-21	1.24752e-21	1.26136e-21	1.27324e-21	1.28418e-21	1.29475e-21	1.30533e-21	1.31620e-21	1.32760e-21	1.33974e-21	1.35284e-21	1.36713e-21	1.38283e-21	1.40023e-21	1.41960e-21	1.44129e-21	1.46567e-21	1.49317e-21	1.52428e-21	1.55958e-21	1.59970e-21	1.64539e-21	1.69750e-21	1.75703e-21	1.82511e-21	1.90305e-21	1.99235e-21	2.09474e-21	2.21222e-21	2.34709e-21	2.50200e-21	2.68000e-21	2.88462e-21	3.11989e-21	3.39050e-21	3.70182e-21	4.06005e-21	4.47234e-21	4.94690e-21	5.49323e-21	6.12225e-21	6.84654e-21	7.68061e-21	8.64117e-21	9.74748e-21	1.10217e-20	1.24895e-20	1.41802e-20	1.61278e-20	1.83714e-20	2.09560e-20	2.39337e-20	2.73641e-20	3.13163e-20	3.58697e-20	4.11157e-20	4.71598e-20	5.41236e-20	6.21469e-20	6.72504e-20	6.72504e-20	6.72504e-20	6.72504e-20	6.72504e-20	6.72504e-20	6.72504e-20	6.72504e-20	6.72504e-20	6.72504e-20	6.72504e-20	6.72504e-20	6.72504e-20	6.72504e-20	6.72504e-20	6.72504e-20	6.72504e-20	6.72504e-20	6.72504e-20	6.72504e-20	6.72504e-20	6.72504e-20	6.72504e-20	6.72504e-20	6.72504e-20	6.72504e-20	6.72504e-20	6.72504e-20	6.72504e-20	6.72504e-20	6.72504e-20	6.72504e-20	6.72504e-20	6.72504e-20	6.72504e-20	6.72504e-20	6.72504e-20	6.72504e-20
26.73	9.96287e-41	4.09511e-40	8.83549e-40	1.60870e-39	2.71799e-39	4.41492e-39	7.01077e-39	1.09817e-38	1.70563e-38	2.63488e-38	4.05638e-38	6.23092e-38	9.55742e-38	1.46461e-37	2.24305e-37	3.43387e-37	5.25553e-37	8.04223e-37	1.23052e-36	1.88265e-36	2.88027e-36	4.40640e-36	6.74103e-36	1.03125e-35	1.57762e-35	2.41346e-35	3.69214e-35	5.64830e-35	8.64093e-35	1.32192e-34	2.02235e-34	3.09394e-34	4.73341e-34	7.24173e-34	1.10795e-33	1.69513e-33	2.59358e-33	3.96834e-33	6.07200e-33	9.29117e-33	1.42177e-32	2.17574e-32	3.32976e-32	5.09619e-32	7.80033e-32	1.19404e-31	1.82796e-31	2.79877e-31	4.28575e-31	6.56378e-31	1.00545e-30	1.54048e-30	2.36078e-30	3.61890e-30	5.54929e-30	8.51252e-30	1.30637e-29	2.00580e-29	3.08148e-29	4.73717e-29	7.28809e-29	1.12227e-28	1.72993e-28	2.66984e-28	4.12622e-28	6.38751e-28	9.90702e-28	1.54003e-27	2.40028e-27	3.75272e-27	5.88881e-27	9.28133e-27	1.47050e-26	2.34450e-26	3.76662e-26	6.10819e-26	1.00209e-25	1.66813e-25	2.82930e-25	4.91833e-25	8.84110e-25	1.66712e-24	3.38263e-24	7.78536e-24	2.34822e-23	2.06635e-22	9.64142e-22	1.02653e-21	1.05099e-21	1.06638e-21	1.07821e-21	1.08836e-21	1.09771e-21	1.10675e-21	1.11579e-21	1.12509e-21	1.13483e-21	1.14521e-21	1.15641e-21	1.16862e-21	1.18204e-21	1.19691e-21	1.21347e-21	1.23201e-21	1.25285e-21	1.27636e-21	1.30296e-21	1.33312e-21	1.36742e-21	1.40647e-21	1.45102e-21	1.50191e-21	1.56011e-21	1.62672e-21	1.70306e-21	1.79058e-21	1.89100e-21	2.00629e-21	2.13870e-21	2.29086e-21	2.46577e-21	2.66688e-21	2.89820e-21	3.16431e-21	3.47053e-21	3.82295e-21	4.22860e-21	4.69560e-21	5.23329e-21	5.85241e-21	6.56537e-21	7.38646e-21	8.33213e-21	9.42135e-21	1.06760e-20	1.21212e-20	1.37860e-20	1.57038e-20	1.79132e-20	2.04585e-20	2.33908e-20	2.67691e-20	3.06613e-20	3.51456e-20	4.03121e-20	4.62647e-20	5.31231e-20	6.10251e-20	6.20774e-20	6.20774e-20	6.20774e-20	6.20774e-20	6.20774e-20	6.20774e-20	6.20774e-20	6.20774e-20	6.20774e-20	6.20774e-20	6.20774e-20	6.20774e-20	6.20774e-20	6.20774e-20	6.20774e-20	6.20774e-20	6.20774e-20	6.20774e-20	6.20774e-20	6.20774e-20	6.20774e-20	6.20774e-20	6.20774e-20	6.20774e-20	6.20774e-20	6.20774e-20	6.20774e-20	6.20774e-20	6.20774e-20	6.20774e-20	6.20774e-20	6.20774e-20	6.20774e-20	6.20774e-20	6.20774e-20	6.20774e-20	6.20774e-20
26.76	8.51625e-41	3.50050e-40	7.55257e-40	1.37512e-39	2.32334e-39	3.77387e-39	5.99279e-39	9.38717e-39	1.45797e-38	2.25229e-38	3.46739e-38	5.32618e-38	8.16966e-38	1.25195e-37	1.91736e-37	2.93527e-37	4.49242e-37	6.87448e-37	1.05185e-36	1.60929e-36	2.46205e-36	3.76658e-36	5.76223e-36	8.81514e-36	1.34855e-35	2.06302e-35	3.15603e-35	4.82816e-35	7.38625e-35	1.12998e-34	1.72870e-34	2.64470e-34	4.04611e-34	6.19022e-34	9.47070e-34	1.44900e-33	2.21699e-33	3.39213e-33	5.19033e-33	7.94208e-33	1.21532e-32	1.85982e-32	2.84627e-32	4.35622e-32	6.66771e-32	1.02066e-31	1.56254e-31	2.39239e-31	3.66345e-31	5.61071e-31	8.59456e-31	1.31680e-30	2.01799e-30	3.09343e-30	4.74352e-30	7.27649e-30	1.11668e-29	1.71456e-29	2.63404e-29	4.04933e-29	6.22985e-29	9.59311e-29	1.47874e-28	2.28218e-28	3.52709e-28	5.46004e-28	8.46851e-28	1.31642e-27	2.05176e-27	3.20782e-27	5.03375e-27	7.93366e-27	1.25698e-26	2.00408e-26	3.21970e-26	5.22127e-26	8.56582e-26	1.42592e-25	2.41848e-25	4.20418e-25	7.55736e-25	1.42505e-24	2.89147e-24	6.65492e-24	2.00725e-23	1.76631e-22	8.24147e-22	8.77475e-22	8.98381e-22	9.11540e-22	9.21651e-22	9.30330e-22	9.38323e-22	9.46047e-22	9.53778e-22	9.61721e-22	9.70049e-22	9.78921e-22	9.88495e-22	9.98932e-22	1.01041e-21	1.02312e-21	1.03728e-21	1.05312e-21	1.07094e-21	1.09103e-21	1.11376e-21	1.13955e-21	1.16887e-21	1.20225e-21	1.24033e-21	1.28383e-21	1.33358e-21	1.39052e-21	1.45577e-21	1.53058e-21	1.61642e-21	1.71497e-21	1.82816e-21	1.95823e-21	2.10773e-21	2.27965e-21	2.47737e-21	2.70485e-21	2.96660e-21	3.26785e-21	3.61460e-21	4.01380e-21	4.47340e-21	5.00263e-21	5.61207e-21	6.31393e-21	7.12229e-21	8.05336e-21	9.12581e-21	1.03612e-20	1.17842e-20	1.34236e-20	1.53122e-20	1.74879e-20	1.99944e-20	2.28822e-20	2.62093e-20	3.00424e-20	3.44588e-20	3.95470e-20	4.54095e-20	5.21641e-20	5.73090e-20	5.73090e-20	5.73090e-20	5.73090e-20	5.73090e-20	5.73090e-20	5.73090e-20	5.73090e-20	5.73090e-20	5.73090e-20	5.73090e-20	5.73090e-20	5.73090e-20	5.73090e-20	5.73090e-20	5.73090e-20	5.73090e-20	5.73090e-20	5.73090e-20	5.73090e-20	5.73090e-20	5.73090e-20	5.73090e-20	5.73090e-20	5.73090e-20	5.73090e-20	5.73090e-20	5.73090e-20	5.73090e-20	5.73090e-20	5.73090e-20	5.73090e-20	5.73090e-20	5.73090e-20	5.73090e-20	5.73090e-20	5.73090e-20
26.80	7.27968e-41	2.99222e-40	6.45592e-40	1.17545e-39	1.98599e-39	3.22589e-39	5.12263e-39	8.02414e-39	1.24627e-38	1.92525e-38	2.96392e-38	4.55281e-38	6.98342e-38	1.07016e-37	1.63895e-37	2.50906e-37	3.84011e-37	5.87630e-37	8.99117e-37	1.37562e-36	2.10456e-36	3.21967e-36	4.92554e-36	7.53517e-36	1.15274e-35	1.76347e-35	2.69777e-35	4.12710e-35	6.31376e-35	9.65904e-35	1.47769e-34	2.26068e-34	3.45861e-34	5.29139e-34	8.09554e-34	1.23860e-33	1.89508e-33	2.89959e-33	4.43669e-33	6.78888e-33	1.03886e-32	1.58977e-32	2.43299e-32	3.72369e-32	5.69955e-32	8.72460e-32	1.33566e-31	2.04501e-31	3.13151e-31	4.79603e-31	7.34661e-31	1.12560e-30	1.72498e-30	2.64426e-30	4.05476e-30	6.21993e-30	9.54538e-30	1.46560e-29	2.25158e-29	3.46136e-29	5.32526e-29	8.20018e-29	1.26403e-28	1.95080e-28	3.01495e-28	4.66723e-28	7.23887e-28	1.12527e-27	1.75384e-27	2.74204e-27	4.30284e-27	6.78168e-27	1.07446e-26	1.71308e-26	2.75220e-26	4.46314e-26	7.32205e-26	1.21887e-25	2.06732e-25	3.59373e-25	6.46002e-25	1.21813e-24	2.47162e-24	5.68861e-24	1.71580e-23	1.50984e-22	7.04479e-22	7.50065e-22	7.67935e-22	7.79183e-22	7.87826e-22	7.95245e-22	8.02077e-22	8.08680e-22	8.15288e-22	8.22078e-22	8.29197e-22	8.36781e-22	8.44964e-22	8.53885e-22	8.63696e-22	8.74560e-22	8.86661e-22	9.00207e-22	9.15434e-22	9.32611e-22	9.52044e-22	9.74087e-22	9.99145e-22	1.02768e-21	1.06023e-21	1.09742e-21	1.13994e-21	1.18862e-21	1.24439e-21	1.30834e-21	1.38172e-21	1.46595e-21	1.56271e-21	1.67389e-21	1.80169e-21	1.94864e-21	2.11766e-21	2.31210e-21	2.53585e-21	2.79335e-21	3.08976e-21	3.43099e-21	3.82386e-21	4.27624e-21	4.79719e-21	5.39714e-21	6.08812e-21	6.88400e-21	7.80073e-21	8.85671e-21	1.00732e-20	1.14745e-20	1.30888e-20	1.49486e-20	1.70912e-20	1.95597e-20	2.24036e-20	2.56802e-20	2.94553e-20	3.38047e-20	3.88160e-20	4.45898e-20	5.12423e-20	5.29126e-20	5.29126e-20	5.29126e-20	5.29126e-20	5.29126e-20	5.29126e-20	5.29126e-20	5.29126e-20	5.29126e-20	5.29126e-20	5.29126e-20	5.29126e-20	5.29126e-20	5.29126e-20	5.29126e-20	5.29126e-20	5.29126e-20	5.29126e-20	5.29126e-20	5.29126e-20	5.29126e-20	5.29126e-20	5.29126e-20	5.29126e-20	5.29126e-20	5.29126e-20	5.29126e-20	5.29126e-20	5.29126e-20	5.29126e-20	5.29126e-20	5.29126e-20	5.29126e-20	5.29126e-20	5.29126e-20	5.29126e-20
26.83	6.22266e-41	2.55774e-40	5.51851e-40	1.00477e-39	1.69762e-39	2.75749e-39	4.37882e-39	6.85902e-39	1.06531e-38	1.64570e-38	2.53355e-38	3.89174e-38	5.96941e-38	9.14773e-38	1.40097e-37	2.14474e-37	3.28252e-37	5.02305e-37	7.68564e-37	1.17588e-36	1.79897e-36	2.75217e-36	4.21035e-36	6.44105e-36	9.85358e-36	1.50741e-35	2.30605e-35	3.52784e-35	5.39699e-35	8.25653e-35	1.26313e-34	1.93243e-34	2.95641e-34	4.52307e-34	6.92006e-34	1.05875e-33	1.61991e-33	2.47856e-33	3.79247e-33	5.80312e-33	8.88013e-33	1.35894e-32	2.07971e-32	3.18300e-32	4.87196e-32	7.45777e-32	1.14172e-31	1.74807e-31	2.67681e-31	4.09964e-31	6.27987e-31	9.62159e-31	1.47451e-30	2.26031e-30	3.46600e-30	5.31679e-30	8.15937e-30	1.25279e-29	1.92464e-29	2.95877e-29	4.55203e-29	7.00950e-29	1.08049e-28	1.66754e-28	2.57717e-28	3.98954e-28	6.18777e-28	9.61880e-28	1.49918e-27	2.34389e-27	3.67806e-27	5.79697e-27	9.18449e-27	1.46434e-26	2.35257e-26	3.81508e-26	6.25888e-26	1.04189e-25	1.76714e-25	3.07191e-25	5.52201e-25	1.04126e-24	2.11274e-24	4.86262e-24	1.46666e-23	1.29061e-22	6.02188e-22	6.41154e-22	6.56429e-22	6.66045e-22	6.73432e-22	6.79774e-22	6.85614e-22	6.91258e-22	6.96907e-22	7.02711e-22	7.08796e-22	7.15279e-22	7.22274e-22	7.29900e-22	7.38286e-22	7.47572e-22	7.57917e-22	7.69496e-22	7.82512e-22	7.97194e-22	8.13806e-22	8.32648e-22	8.54068e-22	8.78461e-22	9.06286e-22	9.38070e-22	9.74418e-22	1.01603e-21	1.06370e-21	1.11837e-21	1.18109e-21	1.25310e-21	1.33580e-21	1.43084e-21	1.54008e-21	1.66569e-21	1.81017e-21	1.97638e-21	2.16764e-21	2.38775e-21	2.64112e-21	2.93280e-21	3.26863e-21	3.65532e-21	4.10063e-21	4.61347e-21	5.20412e-21	5.88443e-21	6.66805e-21	7.57071e-21	8.61052e-21	9.80836e-21	1.11883e-20	1.27780e-20	1.46095e-20	1.67196e-20	1.91506e-20	2.19514e-20	2.51783e-20	2.88962e-20	3.31799e-20	3.81153e-20	4.38018e-20	4.88583e-20	4.88583e-20	4.88583e-20	4.88583e-20	4.88583e-20	4.88583e-20	4.88583e-20	4.88583e-20	4.88583e-20	4.88583e-20	4.88583e-20	4.88583e-20	4.88583e-20	4.88583e-20	4.88583e-20	4.88583e-20	4.88583e-20	4.88583e-20	4.88583e-20	4.88583e-20	4.88583e-20	4.88583e-20	4.88583e-20	4.88583e-20	4.88583e-20	4.88583e-20	4.88583e-20	4.88583e-20	4.88583e-20	4.88583e-20	4.88583e-20	4.88583e-20	4.88583e-20	4.88583e-20	4.88583e-20	4.88583e-20
26.86	5.31912e-41	2.18636e-40	4.71722e-40	8.58876e-40	1.45112e-39	2.35710e-39	3.74301e-39	5.86308e-39	9.10624e-39	1.40674e-38	2.16568e-38	3.32665e-38	5.10265e-38	7.81946e-38	1.19755e-37	1.83332e-37	2.80590e-37	4.29369e-37	6.56967e-37	1.00514e-36	1.53776e-36	2.35255e-36	3.59900e-36	5.50580e-36	8.42282e-36	1.28853e-35	1.97121e-35	3.01559e-35	4.61334e-35	7.05767e-35	1.07972e-34	1.65184e-34	2.52714e-34	3.86631e-34	5.91525e-34	9.05022e-34	1.38470e-33	2.11867e-33	3.24180e-33	4.96050e-33	7.59072e-33	1.16162e-32	1.77774e-32	2.72083e-32	4.16455e-32	6.37489e-32	9.75938e-32	1.49425e-31	2.28814e-31	3.50436e-31	5.36803e-31	8.22452e-31	1.26041e-30	1.93211e-30	2.96273e-30	4.54478e-30	6.97462e-30	1.07089e-29	1.64518e-29	2.52915e-29	3.89107e-29	5.99171e-29	9.23599e-29	1.42541e-28	2.20296e-28	3.41025e-28	5.28930e-28	8.22214e-28	1.28150e-27	2.00355e-27	3.14400e-27	4.95524e-27	7.85089e-27	1.25171e-26	2.01098e-26	3.26113e-26	5.35008e-26	8.90605e-26	1.51055e-25	2.62587e-25	4.72021e-25	8.90064e-25	1.80597e-24	4.15656e-24	1.25370e-23	1.10321e-22	5.14749e-22	5.48058e-22	5.61115e-22	5.69334e-22	5.75649e-22	5.81070e-22	5.86062e-22	5.90886e-22	5.95715e-22	6.00676e-22	6.05878e-22	6.11419e-22	6.17398e-22	6.23917e-22	6.31086e-22	6.39024e-22	6.47866e-22	6.57764e-22	6.68890e-22	6.81441e-22	6.95640e-22	7.11747e-22	7.30056e-22	7.50907e-22	7.74692e-22	8.01861e-22	8.32931e-22	8.68498e-22	9.09251e-22	9.55978e-22	1.00959e-21	1.07114e-21	1.14184e-21	1.22308e-21	1.31646e-21	1.42383e-21	1.54733e-21	1.68941e-21	1.85289e-21	2.04105e-21	2.25763e-21	2.50695e-21	2.79402e-21	3.12456e-21	3.50521e-21	3.94358e-21	4.44847e-21	5.03000e-21	5.69984e-21	6.47143e-21	7.36025e-21	8.38417e-21	9.56374e-21	1.09227e-20	1.24882e-20	1.42919e-20	1.63699e-20	1.87640e-20	2.15224e-20	2.47005e-20	2.83621e-20	3.25809e-20	3.74417e-20	4.30423e-20	4.51189e-20	4.51189e-20	4.51189e-20	4.51189e-20	4.51189e-20	4.51189e-20	4.51189e-20	4.51189e-20	4.51189e-20	4.51189e-20	4.51189e-20	4.51189e-20	4.51189e-20	4.51189e-20	4.51189e-20	4.51189e-20	4.51189e-20	4.51189e-20	4.51189e-20	4.51189e-20	4.51189e-20	4.51189e-20	4.51189e-20	4.51189e-20	4.51189e-20	4.51189e-20	4.51189e-20	4.51189e-20	4.51189e-20	4.51189e-20	4.51189e-20	4.51189e-20	4.51189e-20	4.51189e-20	4.51189e-20
26.90	4.54677e-41	1.86889e-40	4.03227e-40	7.34166e-40	1.24042e-39	2.01484e-39	3.19952e-39	5.01175e-39	7.78400e-39	1.20248e-38	1.85122e-38	2.84362e-38	4.36173e-38	6.68406e-38	1.02366e-37	1.56712e-37	2.39847e-37	3.67024e-37	5.61574e-37	8.59190e-37	1.31447e-36	2.01095e-36	3.07642e-36	4.70635e-36	7.19982e-36	1.10143e-35	1.68499e-35	2.57772e-35	3.94347e-35	6.03289e-35	9.22945e-35	1.41199e-34	2.16019e-34	3.30492e-34	5.05635e-34	7.73611e-34	1.18364e-33	1.81104e-33	2.77109e-33	4.24023e-33	6.48854e-33	9.92948e-33	1.51961e-32	2.32576e-32	3.55985e-32	5.44925e-32	8.34230e-32	1.27728e-31	1.95590e-31	2.99552e-31	4.58858e-31	7.03031e-31	1.07739e-30	1.65157e-30	2.53254e-30	3.88487e-30	5.96189e-30	9.15391e-30	1.40630e-29	2.16191e-29	3.32608e-29	5.12170e-29	7.89491e-29	1.21844e-28	1.88309e-28	2.91508e-28	4.52128e-28	7.02827e-28	1.09542e-27	1.71263e-27	2.68749e-27	4.23573e-27	6.71093e-27	1.06996e-26	1.71898e-26	2.78761e-26	4.57324e-26	7.61288e-26	1.29121e-25	2.24459e-25	4.03483e-25	7.60825e-25	1.54374e-24	3.55302e-24	1.07166e-23	9.43022e-23	4.40007e-22	4.68479e-22	4.79640e-22	4.86666e-22	4.92064e-22	4.96697e-22	5.00965e-22	5.05089e-22	5.09216e-22	5.13457e-22	5.17903e-22	5.22640e-22	5.27751e-22	5.33324e-22	5.39451e-22	5.46236e-22	5.53795e-22	5.62256e-22	5.71766e-22	5.82494e-22	5.94632e-22	6.08400e-22	6.24050e-22	6.41874e-22	6.62206e-22	6.85429e-22	7.11988e-22	7.42391e-22	7.77226e-22	8.17169e-22	8.62999e-22	9.15612e-22	9.76044e-22	1.04548e-21	1.12531e-21	1.21709e-21	1.32265e-21	1.44410e-21	1.58385e-21	1.74468e-21	1.92982e-21	2.14294e-21	2.38832e-21	2.67087e-21	2.99625e-21	3.37097e-21	3.80255e-21	4.29964e-21	4.87221e-21	5.53177e-21	6.29153e-21	7.16678e-21	8.17507e-21	9.33666e-21	1.06749e-20	1.22167e-20	1.39930e-20	1.60395e-20	1.83973e-20	2.11139e-20	2.42439e-20	2.78501e-20	3.20051e-20	3.67925e-20	4.16676e-20	4.16693e-20	4.16693e-20	4.16693e-20	4.16693e-20	4.16693e-20	4.16693e-20	4.16693e-20	4.16693e-20	4.16693e-20	4.16693e-20	4.16693e-20	4.16693e-20	4.16693e-20	4.16693e-20	4.16693e-20	4.16693e-20	4.16693e-20	4.16693e-20	4.16693e-20	4.16693e-20	4.16693e-20	4.16693e-20	4.16693e-20	4.16693e-20	4.16693e-20	4.16693e-20	4.16693e-20	4.16693e-20	4.16693e-20	4.16693e-20	4.16693e-20	4.16693e-20	4.16693e-20	4.16693e-20
26.93	3.88657e-41	1.59753e-40	3.44678e-40	6.27564e-40	1.06031e-39	1.72229e-39	2.73494e-39	4.28404e-39	6.65375e-39	1.02788e-38	1.58242e-38	2.43072e-38	3.72840e-38	5.71353e-38	8.75027e-38	1.33957e-37	2.05021e-37	3.13732e-37	4.80033e-37	7.34434e-37	1.12361e-36	1.71896e-36	2.62972e-36	4.02298e-36	6.15439e-36	9.41504e-36	1.44032e-35	2.20343e-35	3.37088e-35	5.15690e-35	7.88932e-35	1.20697e-34	1.84653e-34	2.82504e-34	4.32216e-34	6.61282e-34	1.01177e-33	1.54807e-33	2.36872e-33	3.62454e-33	5.54639e-33	8.48770e-33	1.29896e-32	1.98805e-32	3.04295e-32	4.65801e-32	7.13099e-32	1.09182e-31	1.67190e-31	2.56057e-31	3.92231e-31	6.00950e-31	9.20955e-31	1.41176e-30	2.16481e-30	3.32078e-30	5.09622e-30	7.82475e-30	1.20210e-29	1.84800e-29	2.84313e-29	4.37802e-29	6.74856e-29	1.04152e-28	1.60966e-28	2.49181e-28	3.86479e-28	6.00776e-28	9.36364e-28	1.46396e-27	2.29726e-27	3.62070e-27	5.73649e-27	9.14604e-27	1.46938e-26	2.38284e-26	3.90920e-26	6.50748e-26	1.10373e-25	1.91867e-25	3.44896e-25	6.50352e-25	1.31958e-24	3.03712e-24	9.16054e-24	8.06094e-23	3.76117e-22	4.00455e-22	4.09996e-22	4.16001e-22	4.20615e-22	4.24576e-22	4.28224e-22	4.31749e-22	4.35277e-22	4.38902e-22	4.42703e-22	4.46752e-22	4.51121e-22	4.55884e-22	4.61122e-22	4.66922e-22	4.73383e-22	4.80615e-22	4.88745e-22	4.97915e-22	5.08291e-22	5.20059e-22	5.33437e-22	5.48673e-22	5.66052e-22	5.85904e-22	6.08606e-22	6.34595e-22	6.64372e-22	6.98515e-22	7.37690e-22	7.82664e-22	8.34321e-22	8.93678e-22	9.61909e-22	1.04037e-21	1.13060e-21	1.23442e-21	1.35387e-21	1.49135e-21	1.64960e-21	1.83178e-21	2.04153e-21	2.28306e-21	2.56119e-21	2.88150e-21	3.25041e-21	3.67532e-21	4.16476e-21	4.72854e-21	5.37799e-21	6.12615e-21	6.98804e-21	7.98097e-21	9.12489e-21	1.04428e-20	1.19612e-20	1.37105e-20	1.57260e-20	1.80481e-20	2.07236e-20	2.38062e-20	2.73579e-20	3.14501e-20	3.61652e-20	3.84865e-20	3.84865e-20	3.84865e-20	3.84865e-20	3.84865e-20	3.84865e-20	3.84865e-20	3.84865e-20	3.84865e-20	3.84865e-20	3.84865e-20	3.84865e-20	3.84865e-20	3.84865e-20	3.84865e-20	3.84865e-20	3.84865e-20	3.84865e-20	3.84865e-20	3.84865e-20	3.84865e-20	3.84865e-20	3.84865e-20	3.84865e-20	3.84865e-20	3.84865e-20	3.84865e-20	3.84865e-20	3.84865e-20	3.84865e-20	3.84865e-20	3.84865e-20	3.84865e-20	3.84865e-20
26.97	3.32224e-41	1.36556e-40	2.94630e-40	5.36441e-40	9.06347e-40	1.47221e-39	2.33782e-39	3.66199e-39	5.68762e-39	8.78630e-39	1.35265e-38	2.07778e-38	3.18703e-38	4.88392e-38	7.47972e-38	1.14506e-37	1.75252e-37	2.68177e-37	4.10331e-37	6.27793e-37	9.60460e-37	1.46936e-36	2.24788e-36	3.43884e-36	5.26076e-36	8.04796e-36	1.23119e-35	1.88349e-35	2.88142e-35	4.40811e-35	6.74377e-35	1.03171e-34	1.57841e-34	2.41484e-34	3.69458e-34	5.65263e-34	8.64861e-34	1.32329e-33	2.02478e-33	3.09825e-33	4.74105e-33	7.25528e-33	1.11035e-32	1.69939e-32	2.60111e-32	3.98166e-32	6.09556e-32	9.33284e-32	1.42913e-31	2.18877e-31	3.35279e-31	5.13691e-31	7.87231e-31	1.20677e-30	1.85048e-30	2.83860e-30	4.35624e-30	6.68858e-30	1.02756e-29	1.57967e-29	2.43030e-29	3.74233e-29	5.76866e-29	8.90290e-29	1.37594e-28	2.12999e-28	3.30361e-28	5.13542e-28	8.00403e-28	1.25139e-27	1.96369e-27	3.09497e-27	4.90354e-27	7.81802e-27	1.25602e-26	2.03685e-26	3.34158e-26	5.56258e-26	9.43464e-26	1.64008e-25	2.94817e-25	5.55920e-25	1.12798e-24	2.59612e-24	7.83042e-24	6.89048e-23	3.21504e-22	3.42308e-22	3.50464e-22	3.55597e-22	3.59541e-22	3.62927e-22	3.66045e-22	3.69058e-22	3.72074e-22	3.75173e-22	3.78422e-22	3.81883e-22	3.85617e-22	3.89689e-22	3.94166e-22	3.99124e-22	4.04647e-22	4.10829e-22	4.17778e-22	4.25617e-22	4.34486e-22	4.44546e-22	4.55981e-22	4.69005e-22	4.83861e-22	5.00830e-22	5.20236e-22	5.42451e-22	5.67904e-22	5.97089e-22	6.30576e-22	6.69020e-22	7.13176e-22	7.63915e-22	8.22239e-22	8.89303e-22	9.66438e-22	1.05518e-21	1.15729e-21	1.27481e-21	1.41008e-21	1.56580e-21	1.74510e-21	1.95155e-21	2.18930e-21	2.46310e-21	2.77845e-21	3.14166e-21	3.56003e-21	4.04195e-21	4.59710e-21	5.23662e-21	5.97336e-21	6.82212e-21	7.79994e-21	8.92648e-21	1.02244e-20	1.17197e-20	1.34426e-20	1.54275e-20	1.77145e-20	2.03495e-20	2.33855e-20	2.68835e-20	3.09139e-20	3.54870e-20	3.55495e-20	3.55495e-20	3.55495e-20	3.55495e-20	3.55495e-20	3.55495e-20	3.55495e-20	3.55495e-20	3.55495e-20	3.55495e-20	3.55495e-20	3.55495e-20	3.55495e-20	3.55495e-20	3.55495e-20	3.55495e-20	3.55495e-20	3.55495e-20	3.55495e-20	3.55495e-20	3.55495e-20	3.55495e-20	3.55495e-20	3.55495e-20	3.55495e-20	3.55495e-20	3.55495e-20	3.55495e-20	3.55495e-20	3.55495e-20	3.55495e-20	3.55495e-20	3.55495e-20
27.00	2.83984e-41	1.16728e-40	2.51849e-40	4.58549e-40	7.74744e-40	1.25844e-39	1.99837e-39	3.13026e-39	4.86177e-39	7.51052e-39	1.15624e-38	1.77608e-38	2.72427e-38	4.17476e-38	6.39365e-38	9.78799e-38	1.49805e-37	2.29238e-37	3.50751e-37	5.36637e-37	8.21000e-37	1.25601e-36	1.92148e-36	2.93951e-36	4.49689e-36	6.87938e-36	1.05242e-35	1.61001e-35	2.46303e-35	3.76805e-35	5.76457e-35	8.81906e-35	1.34922e-34	2.06420e-34	3.15812e-34	4.83186e-34	7.39282e-34	1.13115e-33	1.73078e-33	2.64838e-33	4.05264e-33	6.20180e-33	9.49123e-33	1.45263e-32	2.22343e-32	3.40352e-32	5.21047e-32	7.97770e-32	1.22162e-31	1.87096e-31	2.86596e-31	4.39102e-31	6.72924e-31	1.03154e-30	1.58178e-30	2.42643e-30	3.72371e-30	5.71739e-30	8.78353e-30	1.35030e-29	2.07742e-29	3.19894e-29	4.93104e-29	7.61019e-29	1.17615e-28	1.82071e-28	2.82392e-28	4.38975e-28	6.84183e-28	1.06968e-27	1.67856e-27	2.64557e-27	4.19154e-27	6.68283e-27	1.07365e-26	1.74110e-26	2.85637e-26	4.75489e-26	8.06472e-26	1.40193e-25	2.52009e-25	4.75200e-25	9.64195e-25	2.21916e-24	6.69343e-24	5.88997e-23	2.74821e-22	2.92605e-22	2.99576e-22	3.03964e-22	3.07335e-22	3.10230e-22	3.12895e-22	3.15471e-22	3.18049e-22	3.20697e-22	3.23474e-22	3.26433e-22	3.29625e-22	3.33106e-22	3.36933e-22	3.41171e-22	3.45892e-22	3.51176e-22	3.57116e-22	3.63817e-22	3.71398e-22	3.79997e-22	3.89772e-22	4.00905e-22	4.13603e-22	4.28109e-22	4.44697e-22	4.63686e-22	4.85443e-22	5.10391e-22	5.39016e-22	5.71877e-22	6.09622e-22	6.52993e-22	7.02848e-22	7.60175e-22	8.26110e-22	9.01964e-22	9.89249e-22	1.08970e-21	1.20533e-21	1.33845e-21	1.49171e-21	1.66819e-21	1.87141e-21	2.10546e-21	2.37501e-21	2.68549e-21	3.04311e-21	3.45506e-21	3.92959e-21	4.47626e-21	5.10602e-21	5.83154e-21	6.66738e-21	7.63035e-21	8.73979e-21	1.00180e-20	1.14907e-20	1.31874e-20	1.51423e-20	1.73947e-20	1.99899e-20	2.29800e-20	2.64252e-20	3.03947e-20	3.28388e-20	3.28388e-20	3.28388e-20	3.28388e-20	3.28388e-20	3.28388e-20	3.28388e-20	3.28388e-20	3.28388e-20	3.28388e-20	3.28388e-20	3.28388e-20	3.28388e-20	3.28388e-20	3.28388e-20	3.28388e-20	3.28388e-20	3.28388e-20	3.28388e-20	3.28388e-20	3.28388e-20	3.28388e-20	3.28388e-20	3.28388e-20	3.28388e-20	3.28388e-20	3.28388e-20	3.28388e-20	3.28388e-20	3.28388e-20	3.28388e-20	3.28388e-20	3.28388e-20
