# NeutrinoPhotonInteraction/NeutrinoMuonPhotonInteraction cumulative differential rate
# photon field: Universal Radio Background from Nitu et al. Astropart. Phys. 126 (2021) 102532
# Produced with crpropa-data version: 46ed1c9127d9db1ada639cd62ffba21fb69943ae
# log10(E/eV), d(1/lambda)/ds_kin [1/Mpc/eV^2] for log10(s_kin/eV^2) as given in first row
0.00	2.18462e+01	2.19077e+01	2.19692e+01	2.20308e+01	2.20923e+01	2.21538e+01	2.22154e+01	2.22769e+01	2.23385e+01	2.24000e+01	2.24615e+01	2.25231e+01	2.25846e+01	2.26462e+01	2.27077e+01	2.27692e+01	2.28308e+01	2.28923e+01	2.29538e+01	2.30154e+01	2.30769e+01	2.31385e+01	2.32000e+01	2.32615e+01	2.33231e+01	2.33846e+01	2.34462e+01	2.35077e+01	2.35692e+01	2.36308e+01	2.36923e+01	2.37538e+01	2.38154e+01	2.38769e+01	2.39385e+01	2.40000e+01	2.40615e+01	2.41231e+01	2.41846e+01	2.42462e+01	2.43077e+01	2.43692e+01	2.44308e+01	2.44923e+01	2.45538e+01	2.46154e+01	2.46769e+01	2.47385e+01	2.48000e+01	2.48615e+01	2.49231e+01	2.49846e+01	2.50462e+01	2.51077e+01	2.51692e+01	2.52308e+01	2.52923e+01	2.53538e+01	2.54154e+01	2.54769e+01	2.55385e+01	2.56000e+01	2.56615e+01	2.57231e+01	2.57846e+01	2.58462e+01	2.59077e+01	2.59692e+01	2.60308e+01	2.60923e+01	2.61538e+01	2.62154e+01	2.62769e+01	2.63385e+01	2.64000e+01	2.64615e+01	2.65231e+01	2.65846e+01	2.66462e+01	2.67077e+01	2.67692e+01	2.68308e+01	2.68923e+01	2.69538e+01	2.70154e+01	2.70769e+01	2.71385e+01	2.72000e+01	2.72615e+01	2.73231e+01	2.73846e+01	2.74462e+01	2.75077e+01	2.75692e+01	2.76308e+01	2.76923e+01	2.77538e+01	2.78154e+01	2.78769e+01	2.79385e+01	2.80000e+01
23.59	3.40077e-28	3.40077e-28	3.40077e-28	3.40077e-28	3.40077e-28	3.40077e-28	3.40077e-28	3.40077e-28	3.40077e-28	3.40077e-28	3.40077e-28	3.40077e-28	3.40077e-28	3.40077e-28	3.40077e-28	3.40077e-28	3.40077e-28	3.40077e-28	3.40077e-28	3.40077e-28	3.40077e-28	3.40077e-28	3.40077e-28	3.40077e-28	3.40077e-28	3.40078e-28	3.40078e-28	3.40078e-28	3.40078e-28	3.40079e-28	3.40080e-28	3.40080e-28	3.40082e-28	3.40083e-28	3.40085e-28	3.40087e-28	3.40091e-28	3.40095e-28	3.40101e-28	3.40108e-28	3.40119e-28	3.40132e-28	3.40150e-28	3.40173e-28	3.40204e-28	3.40245e-28	3.40300e-28	3.40372e-28	3.40467e-28	3.40594e-28	3.40763e-28	3.40986e-28	3.41282e-28	3.41675e-28	3.42196e-28	3.42887e-28	3.43805e-28	3.45023e-28	3.46639e-28	3.48783e-28	3.51630e-28	3.55409e-28	3.60424e-28	3.67081e-28	3.75918e-28	3.87649e-28	4.03221e-28	4.23892e-28	4.51333e-28	4.87761e-28	5.36121e-28	6.00321e-28	6.85549e-28	7.98696e-28	9.48906e-28	1.14832e-27	1.41306e-27	1.76453e-27	2.23114e-27	2.85061e-27	3.67302e-27	4.76486e-27	6.21439e-27	8.13881e-27	1.06937e-26	1.40856e-26	1.85888e-26	2.45673e-26	3.25044e-26	4.30420e-26	5.70319e-26	7.56052e-26	1.00264e-25	1.33001e-25	1.76463e-25	2.34166e-25	3.10773e-25	4.12478e-25	5.47505e-25	7.26770e-25	9.64768e-25
23.63	2.27230e-23	2.27230e-23	2.27230e-23	2.27230e-23	2.27230e-23	2.27230e-23	2.27230e-23	2.27230e-23	2.27230e-23	2.27230e-23	2.27230e-23	2.27230e-23	2.27230e-23	2.27230e-23	2.27230e-23	2.27230e-23	2.27230e-23	2.27230e-23	2.27230e-23	2.27230e-23	2.27230e-23	2.27230e-23	2.27230e-23	2.27230e-23	2.27230e-23	2.27230e-23	2.27230e-23	2.27230e-23	2.27230e-23	2.27230e-23	2.27230e-23	2.27230e-23	2.27230e-23	2.27230e-23	2.27230e-23	2.27230e-23	2.27230e-23	2.27230e-23	2.27230e-23	2.27230e-23	2.27230e-23	2.27230e-23	2.27230e-23	2.27230e-23	2.27230e-23	2.27230e-23	2.27230e-23	2.27230e-23	2.27230e-23	2.27230e-23	2.27230e-23	2.27230e-23	2.27230e-23	2.27230e-23	2.27230e-23	2.27230e-23	2.27230e-23	2.27230e-23	2.27230e-23	2.27230e-23	2.27230e-23	2.27230e-23	2.27230e-23	2.27230e-23	2.27230e-23	2.27230e-23	2.27230e-23	2.27230e-23	2.27231e-23	2.27231e-23	2.27231e-23	2.27232e-23	2.27233e-23	2.27234e-23	2.27235e-23	2.27237e-23	2.27239e-23	2.27242e-23	2.27246e-23	2.27251e-23	2.27258e-23	2.27267e-23	2.27280e-23	2.27296e-23	2.27318e-23	2.27347e-23	2.27386e-23	2.27437e-23	2.27505e-23	2.27595e-23	2.27714e-23	2.27873e-23	2.28084e-23	2.28364e-23	2.28735e-23	2.29228e-23	2.29883e-23	2.30753e-23	2.31907e-23	2.33439e-23	2.35474e-23
23.66	2.05148e-22	2.35167e-22	2.35167e-22	2.35167e-22	2.35167e-22	2.35167e-22	2.35167e-22	2.35167e-22	2.35167e-22	2.35167e-22	2.35167e-22	2.35167e-22	2.35167e-22	2.35167e-22	2.35167e-22	2.35167e-22	2.35167e-22	2.35167e-22	2.35167e-22	2.35167e-22	2.35167e-22	2.35167e-22	2.35167e-22	2.35167e-22	2.35167e-22	2.35167e-22	2.35167e-22	2.35167e-22	2.35167e-22	2.35167e-22	2.35167e-22	2.35167e-22	2.35167e-22	2.35167e-22	2.35167e-22	2.35167e-22	2.35167e-22	2.35167e-22	2.35167e-22	2.35167e-22	2.35167e-22	2.35167e-22	2.35167e-22	2.35167e-22	2.35167e-22	2.35167e-22	2.35167e-22	2.35167e-22	2.35167e-22	2.35167e-22	2.35167e-22	2.35167e-22	2.35167e-22	2.35167e-22	2.35167e-22	2.35167e-22	2.35167e-22	2.35167e-22	2.35167e-22	2.35167e-22	2.35167e-22	2.35167e-22	2.35167e-22	2.35167e-22	2.35167e-22	2.35167e-22	2.35167e-22	2.35168e-22	2.35168e-22	2.35168e-22	2.35168e-22	2.35168e-22	2.35168e-22	2.35168e-22	2.35168e-22	2.35168e-22	2.35168e-22	2.35168e-22	2.35169e-22	2.35169e-22	2.35170e-22	2.35171e-22	2.35172e-22	2.35173e-22	2.35175e-22	2.35177e-22	2.35181e-22	2.35185e-22	2.35191e-22	2.35199e-22	2.35209e-22	2.35222e-22	2.35240e-22	2.35264e-22	2.35296e-22	2.35338e-22	2.35394e-22	2.35469e-22	2.35567e-22	2.35698e-22	2.35872e-22
23.70	1.14959e-21	1.43598e-21	1.43653e-21	1.43653e-21	1.43653e-21	1.43653e-21	1.43653e-21	1.43653e-21	1.43653e-21	1.43653e-21	1.43653e-21	1.43653e-21	1.43653e-21	1.43653e-21	1.43653e-21	1.43653e-21	1.43653e-21	1.43653e-21	1.43653e-21	1.43653e-21	1.43653e-21	1.43653e-21	1.43653e-21	1.43653e-21	1.43653e-21	1.43653e-21	1.43653e-21	1.43653e-21	1.43653e-21	1.43653e-21	1.43653e-21	1.43653e-21	1.43653e-21	1.43653e-21	1.43653e-21	1.43653e-21	1.43653e-21	1.43653e-21	1.43653e-21	1.43653e-21	1.43653e-21	1.43653e-21	1.43653e-21	1.43653e-21	1.43653e-21	1.43653e-21	1.43653e-21	1.43653e-21	1.43653e-21	1.43653e-21	1.43653e-21	1.43653e-21	1.43653e-21	1.43653e-21	1.43653e-21	1.43653e-21	1.43653e-21	1.43653e-21	1.43653e-21	1.43653e-21	1.43653e-21	1.43653e-21	1.43653e-21	1.43653e-21	1.43653e-21	1.43653e-21	1.43653e-21	1.43653e-21	1.43653e-21	1.43653e-21	1.43653e-21	1.43653e-21	1.43653e-21	1.43653e-21	1.43653e-21	1.43653e-21	1.43653e-21	1.43653e-21	1.43653e-21	1.43653e-21	1.43653e-21	1.43653e-21	1.43653e-21	1.43653e-21	1.43653e-21	1.43654e-21	1.43654e-21	1.43654e-21	1.43655e-21	1.43656e-21	1.43656e-21	1.43658e-21	1.43659e-21	1.43661e-21	1.43664e-21	1.43667e-21	1.43672e-21	1.43679e-21	1.43687e-21	1.43698e-21	1.43713e-21
23.73	5.38022e-21	7.03942e-21	7.08467e-21	7.08467e-21	7.08467e-21	7.08467e-21	7.08467e-21	7.08467e-21	7.08467e-21	7.08467e-21	7.08467e-21	7.08467e-21	7.08467e-21	7.08467e-21	7.08467e-21	7.08467e-21	7.08467e-21	7.08467e-21	7.08467e-21	7.08467e-21	7.08467e-21	7.08467e-21	7.08467e-21	7.08467e-21	7.08467e-21	7.08467e-21	7.08467e-21	7.08467e-21	7.08467e-21	7.08467e-21	7.08467e-21	7.08467e-21	7.08467e-21	7.08467e-21	7.08467e-21	7.08467e-21	7.08467e-21	7.08467e-21	7.08467e-21	7.08467e-21	7.08467e-21	7.08467e-21	7.08467e-21	7.08467e-21	7.08467e-21	7.08467e-21	7.08467e-21	7.08467e-21	7.08467e-21	7.08467e-21	7.08467e-21	7.08467e-21	7.08467e-21	7.08467e-21	7.08467e-21	7.08467e-21	7.08467e-21	7.08467e-21	7.08467e-21	7.08467e-21	7.08467e-21	7.08467e-21	7.08467e-21	7.08467e-21	7.08467e-21	7.08467e-21	7.08467e-21	7.08467e-21	7.08467e-21	7.08467e-21	7.08467e-21	7.08467e-21	7.08467e-21	7.08467e-21	7.08467e-21	7.08467e-21	7.08467e-21	7.08467e-21	7.08467e-21	7.08467e-21	7.08467e-21	7.08467e-21	7.08467e-21	7.08467e-21	7.08468e-21	7.08468e-21	7.08468e-21	7.08468e-21	7.08469e-21	7.08469e-21	7.08470e-21	7.08471e-21	7.08472e-21	7.08474e-21	7.08476e-21	7.08480e-21	7.08484e-21	7.08489e-21	7.08496e-21	7.08506e-21	7.08519e-21
23.76	2.18811e-20	2.97780e-20	3.01475e-20	3.01497e-20	3.01497e-20	3.01497e-20	3.01497e-20	3.01497e-20	3.01497e-20	3.01497e-20	3.01497e-20	3.01497e-20	3.01497e-20	3.01497e-20	3.01497e-20	3.01497e-20	3.01497e-20	3.01497e-20	3.01497e-20	3.01497e-20	3.01497e-20	3.01497e-20	3.01497e-20	3.01497e-20	3.01497e-20	3.01497e-20	3.01497e-20	3.01497e-20	3.01497e-20	3.01497e-20	3.01497e-20	3.01497e-20	3.01497e-20	3.01497e-20	3.01497e-20	3.01497e-20	3.01497e-20	3.01497e-20	3.01497e-20	3.01497e-20	3.01497e-20	3.01497e-20	3.01497e-20	3.01497e-20	3.01497e-20	3.01497e-20	3.01497e-20	3.01497e-20	3.01497e-20	3.01497e-20	3.01497e-20	3.01497e-20	3.01497e-20	3.01497e-20	3.01497e-20	3.01497e-20	3.01497e-20	3.01497e-20	3.01497e-20	3.01497e-20	3.01497e-20	3.01497e-20	3.01497e-20	3.01497e-20	3.01497e-20	3.01497e-20	3.01497e-20	3.01497e-20	3.01497e-20	3.01497e-20	3.01497e-20	3.01497e-20	3.01497e-20	3.01497e-20	3.01497e-20	3.01497e-20	3.01497e-20	3.01497e-20	3.01497e-20	3.01497e-20	3.01497e-20	3.01497e-20	3.01497e-20	3.01497e-20	3.01497e-20	3.01497e-20	3.01497e-20	3.01497e-20	3.01497e-20	3.01497e-20	3.01497e-20	3.01497e-20	3.01497e-20	3.01498e-20	3.01498e-20	3.01498e-20	3.01498e-20	3.01499e-20	3.01499e-20	3.01500e-20	3.01501e-20
23.80	7.84942e-20	1.11112e-19	1.13147e-19	1.13210e-19	1.13210e-19	1.13210e-19	1.13210e-19	1.13210e-19	1.13210e-19	1.13210e-19	1.13210e-19	1.13210e-19	1.13210e-19	1.13210e-19	1.13210e-19	1.13210e-19	1.13210e-19	1.13210e-19	1.13210e-19	1.13210e-19	1.13210e-19	1.13210e-19	1.13210e-19	1.13210e-19	1.13210e-19	1.13210e-19	1.13210e-19	1.13210e-19	1.13210e-19	1.13210e-19	1.13210e-19	1.13210e-19	1.13210e-19	1.13210e-19	1.13210e-19	1.13210e-19	1.13210e-19	1.13210e-19	1.13210e-19	1.13210e-19	1.13210e-19	1.13210e-19	1.13210e-19	1.13210e-19	1.13210e-19	1.13210e-19	1.13210e-19	1.13210e-19	1.13210e-19	1.13210e-19	1.13210e-19	1.13210e-19	1.13210e-19	1.13210e-19	1.13210e-19	1.13210e-19	1.13210e-19	1.13210e-19	1.13210e-19	1.13210e-19	1.13210e-19	1.13210e-19	1.13210e-19	1.13210e-19	1.13210e-19	1.13210e-19	1.13210e-19	1.13210e-19	1.13210e-19	1.13210e-19	1.13210e-19	1.13210e-19	1.13210e-19	1.13210e-19	1.13210e-19	1.13210e-19	1.13210e-19	1.13210e-19	1.13210e-19	1.13210e-19	1.13210e-19	1.13210e-19	1.13210e-19	1.13210e-19	1.13210e-19	1.13210e-19	1.13210e-19	1.13210e-19	1.13210e-19	1.13210e-19	1.13210e-19	1.13210e-19	1.13210e-19	1.13210e-19	1.13210e-19	1.13210e-19	1.13210e-19	1.13210e-19	1.13210e-19	1.13210e-19	1.13210e-19
23.83	2.51071e-19	3.69950e-19	3.79345e-19	3.79802e-19	3.79807e-19	3.79807e-19	3.79807e-19	3.79807e-19	3.79807e-19	3.79807e-19	3.79807e-19	3.79807e-19	3.79807e-19	3.79807e-19	3.79807e-19	3.79807e-19	3.79807e-19	3.79807e-19	3.79807e-19	3.79807e-19	3.79807e-19	3.79807e-19	3.79807e-19	3.79807e-19	3.79807e-19	3.79807e-19	3.79807e-19	3.79807e-19	3.79807e-19	3.79807e-19	3.79807e-19	3.79807e-19	3.79807e-19	3.79807e-19	3.79807e-19	3.79807e-19	3.79807e-19	3.79807e-19	3.79807e-19	3.79807e-19	3.79807e-19	3.79807e-19	3.79807e-19	3.79807e-19	3.79807e-19	3.79807e-19	3.79807e-19	3.79807e-19	3.79807e-19	3.79807e-19	3.79807e-19	3.79807e-19	3.79807e-19	3.79807e-19	3.79807e-19	3.79807e-19	3.79807e-19	3.79807e-19	3.79807e-19	3.79807e-19	3.79807e-19	3.79807e-19	3.79807e-19	3.79807e-19	3.79807e-19	3.79807e-19	3.79807e-19	3.79807e-19	3.79807e-19	3.79807e-19	3.79807e-19	3.79807e-19	3.79807e-19	3.79807e-19	3.79807e-19	3.79807e-19	3.79807e-19	3.79807e-19	3.79807e-19	3.79807e-19	3.79807e-19	3.79807e-19	3.79807e-19	3.79807e-19	3.79807e-19	3.79807e-19	3.79807e-19	3.79807e-19	3.79807e-19	3.79807e-19	3.79807e-19	3.79807e-19	3.79807e-19	3.79807e-19	3.79807e-19	3.79807e-19	3.79807e-19	3.79807e-19	3.79807e-19	3.79808e-19	3.79808e-19
23.87	7.22907e-19	1.10940e-18	1.14720e-18	1.14962e-18	1.14970e-18	1.14970e-18	1.14970e-18	1.14970e-18	1.14970e-18	1.14970e-18	1.14970e-18	1.14970e-18	1.14970e-18	1.14970e-18	1.14970e-18	1.14970e-18	1.14970e-18	1.14970e-18	1.14970e-18	1.14970e-18	1.14970e-18	1.14970e-18	1.14970e-18	1.14970e-18	1.14970e-18	1.14970e-18	1.14970e-18	1.14970e-18	1.14970e-18	1.14970e-18	1.14970e-18	1.14970e-18	1.14970e-18	1.14970e-18	1.14970e-18	1.14970e-18	1.14970e-18	1.14970e-18	1.14970e-18	1.14970e-18	1.14970e-18	1.14970e-18	1.14970e-18	1.14970e-18	1.14970e-18	1.14970e-18	1.14970e-18	1.14970e-18	1.14970e-18	1.14970e-18	1.14970e-18	1.14970e-18	1.14970e-18	1.14970e-18	1.14970e-18	1.14970e-18	1.14970e-18	1.14970e-18	1.14970e-18	1.14970e-18	1.14970e-18	1.14970e-18	1.14970e-18	1.14970e-18	1.14970e-18	1.14970e-18	1.14970e-18	1.14970e-18	1.14970e-18	1.14970e-18	1.14970e-18	1.14970e-18	1.14970e-18	1.14970e-18	1.14970e-18	1.14970e-18	1.14970e-18	1.14970e-18	1.14970e-18	1.14970e-18	1.14970e-18	1.14970e-18	1.14970e-18	1.14970e-18	1.14970e-18	1.14970e-18	1.14970e-18	1.14970e-18	1.14970e-18	1.14970e-18	1.14970e-18	1.14970e-18	1.14970e-18	1.14970e-18	1.14970e-18	1.14970e-18	1.14970e-18	1.14970e-18	1.14970e-18	1.14970e-18	1.14970e-18
23.90	1.89033e-18	3.02175e-18	3.15625e-18	3.16709e-18	3.16767e-18	3.16768e-18	3.16768e-18	3.16768e-18	3.16768e-18	3.16768e-18	3.16768e-18	3.16768e-18	3.16768e-18	3.16768e-18	3.16768e-18	3.16768e-18	3.16768e-18	3.16768e-18	3.16768e-18	3.16768e-18	3.16768e-18	3.16768e-18	3.16768e-18	3.16768e-18	3.16768e-18	3.16768e-18	3.16768e-18	3.16768e-18	3.16768e-18	3.16768e-18	3.16768e-18	3.16768e-18	3.16768e-18	3.16768e-18	3.16768e-18	3.16768e-18	3.16768e-18	3.16768e-18	3.16768e-18	3.16768e-18	3.16768e-18	3.16768e-18	3.16768e-18	3.16768e-18	3.16768e-18	3.16768e-18	3.16768e-18	3.16768e-18	3.16768e-18	3.16768e-18	3.16768e-18	3.16768e-18	3.16768e-18	3.16768e-18	3.16768e-18	3.16768e-18	3.16768e-18	3.16768e-18	3.16768e-18	3.16768e-18	3.16768e-18	3.16768e-18	3.16768e-18	3.16768e-18	3.16768e-18	3.16768e-18	3.16768e-18	3.16768e-18	3.16768e-18	3.16768e-18	3.16768e-18	3.16768e-18	3.16768e-18	3.16768e-18	3.16768e-18	3.16768e-18	3.16768e-18	3.16768e-18	3.16768e-18	3.16768e-18	3.16768e-18	3.16768e-18	3.16768e-18	3.16768e-18	3.16768e-18	3.16768e-18	3.16768e-18	3.16768e-18	3.16768e-18	3.16768e-18	3.16768e-18	3.16768e-18	3.16768e-18	3.16768e-18	3.16768e-18	3.16768e-18	3.16768e-18	3.16768e-18	3.16768e-18	3.16768e-18	3.16768e-18
23.93	4.52624e-18	7.53425e-18	7.96201e-18	8.00458e-18	8.00752e-18	8.00763e-18	8.00763e-18	8.00763e-18	8.00763e-18	8.00763e-18	8.00763e-18	8.00763e-18	8.00763e-18	8.00763e-18	8.00763e-18	8.00763e-18	8.00763e-18	8.00763e-18	8.00763e-18	8.00763e-18	8.00763e-18	8.00763e-18	8.00763e-18	8.00763e-18	8.00763e-18	8.00763e-18	8.00763e-18	8.00763e-18	8.00763e-18	8.00763e-18	8.00763e-18	8.00763e-18	8.00763e-18	8.00763e-18	8.00763e-18	8.00763e-18	8.00763e-18	8.00763e-18	8.00763e-18	8.00763e-18	8.00763e-18	8.00763e-18	8.00763e-18	8.00763e-18	8.00763e-18	8.00763e-18	8.00763e-18	8.00763e-18	8.00763e-18	8.00763e-18	8.00763e-18	8.00763e-18	8.00763e-18	8.00763e-18	8.00763e-18	8.00763e-18	8.00763e-18	8.00763e-18	8.00763e-18	8.00763e-18	8.00763e-18	8.00763e-18	8.00763e-18	8.00763e-18	8.00763e-18	8.00763e-18	8.00763e-18	8.00763e-18	8.00763e-18	8.00763e-18	8.00763e-18	8.00763e-18	8.00763e-18	8.00763e-18	8.00763e-18	8.00763e-18	8.00763e-18	8.00763e-18	8.00763e-18	8.00763e-18	8.00763e-18	8.00763e-18	8.00763e-18	8.00763e-18	8.00763e-18	8.00763e-18	8.00763e-18	8.00763e-18	8.00763e-18	8.00763e-18	8.00763e-18	8.00763e-18	8.00763e-18	8.00763e-18	8.00763e-18	8.00763e-18	8.00763e-18	8.00763e-18	8.00763e-18	8.00763e-18	8.00763e-18
23.97	9.99904e-18	1.73205e-17	1.85476e-17	1.86958e-17	1.87086e-17	1.87093e-17	1.87094e-17	1.87094e-17	1.87094e-17	1.87094e-17	1.87094e-17	1.87094e-17	1.87094e-17	1.87094e-17	1.87094e-17	1.87094e-17	1.87094e-17	1.87094e-17	1.87094e-17	1.87094e-17	1.87094e-17	1.87094e-17	1.87094e-17	1.87094e-17	1.87094e-17	1.87094e-17	1.87094e-17	1.87094e-17	1.87094e-17	1.87094e-17	1.87094e-17	1.87094e-17	1.87094e-17	1.87094e-17	1.87094e-17	1.87094e-17	1.87094e-17	1.87094e-17	1.87094e-17	1.87094e-17	1.87094e-17	1.87094e-17	1.87094e-17	1.87094e-17	1.87094e-17	1.87094e-17	1.87094e-17	1.87094e-17	1.87094e-17	1.87094e-17	1.87094e-17	1.87094e-17	1.87094e-17	1.87094e-17	1.87094e-17	1.87094e-17	1.87094e-17	1.87094e-17	1.87094e-17	1.87094e-17	1.87094e-17	1.87094e-17	1.87094e-17	1.87094e-17	1.87094e-17	1.87094e-17	1.87094e-17	1.87094e-17	1.87094e-17	1.87094e-17	1.87094e-17	1.87094e-17	1.87094e-17	1.87094e-17	1.87094e-17	1.87094e-17	1.87094e-17	1.87094e-17	1.87094e-17	1.87094e-17	1.87094e-17	1.87094e-17	1.87094e-17	1.87094e-17	1.87094e-17	1.87094e-17	1.87094e-17	1.87094e-17	1.87094e-17	1.87094e-17	1.87094e-17	1.87094e-17	1.87094e-17	1.87094e-17	1.87094e-17	1.87094e-17	1.87094e-17	1.87094e-17	1.87094e-17	1.87094e-17	1.87094e-17
24.00	2.05232e-17	3.69591e-17	4.01616e-17	4.06233e-17	4.06725e-17	4.06761e-17	4.06763e-17	4.06763e-17	4.06763e-17	4.06763e-17	4.06763e-17	4.06763e-17	4.06763e-17	4.06763e-17	4.06763e-17	4.06763e-17	4.06763e-17	4.06763e-17	4.06763e-17	4.06763e-17	4.06763e-17	4.06763e-17	4.06763e-17	4.06763e-17	4.06763e-17	4.06763e-17	4.06763e-17	4.06763e-17	4.06763e-17	4.06763e-17	4.06763e-17	4.06763e-17	4.06763e-17	4.06763e-17	4.06763e-17	4.06763e-17	4.06763e-17	4.06763e-17	4.06763e-17	4.06763e-17	4.06763e-17	4.06763e-17	4.06763e-17	4.06763e-17	4.06763e-17	4.06763e-17	4.06763e-17	4.06763e-17	4.06763e-17	4.06763e-17	4.06763e-17	4.06763e-17	4.06763e-17	4.06763e-17	4.06763e-17	4.06763e-17	4.06763e-17	4.06763e-17	4.06763e-17	4.06763e-17	4.06763e-17	4.06763e-17	4.06763e-17	4.06763e-17	4.06763e-17	4.06763e-17	4.06763e-17	4.06763e-17	4.06763e-17	4.06763e-17	4.06763e-17	4.06763e-17	4.06763e-17	4.06763e-17	4.06763e-17	4.06763e-17	4.06763e-17	4.06763e-17	4.06763e-17	4.06763e-17	4.06763e-17	4.06763e-17	4.06763e-17	4.06763e-17	4.06763e-17	4.06763e-17	4.06763e-17	4.06763e-17	4.06763e-17	4.06763e-17	4.06763e-17	4.06763e-17	4.06763e-17	4.06763e-17	4.06763e-17	4.06763e-17	4.06763e-17	4.06763e-17	4.06763e-17	4.06763e-17	4.06763e-17
24.04	3.93917e-17	7.36559e-17	8.13195e-17	8.26195e-17	8.27868e-17	8.28024e-17	8.28033e-17	8.28034e-17	8.28034e-17	8.28034e-17	8.28034e-17	8.28034e-17	8.28034e-17	8.28034e-17	8.28034e-17	8.28034e-17	8.28034e-17	8.28034e-17	8.28034e-17	8.28034e-17	8.28034e-17	8.28034e-17	8.28034e-17	8.28034e-17	8.28034e-17	8.28034e-17	8.28034e-17	8.28034e-17	8.28034e-17	8.28034e-17	8.28034e-17	8.28034e-17	8.28034e-17	8.28034e-17	8.28034e-17	8.28034e-17	8.28034e-17	8.28034e-17	8.28034e-17	8.28034e-17	8.28034e-17	8.28034e-17	8.28034e-17	8.28034e-17	8.28034e-17	8.28034e-17	8.28034e-17	8.28034e-17	8.28034e-17	8.28034e-17	8.28034e-17	8.28034e-17	8.28034e-17	8.28034e-17	8.28034e-17	8.28034e-17	8.28034e-17	8.28034e-17	8.28034e-17	8.28034e-17	8.28034e-17	8.28034e-17	8.28034e-17	8.28034e-17	8.28034e-17	8.28034e-17	8.28034e-17	8.28034e-17	8.28034e-17	8.28034e-17	8.28034e-17	8.28034e-17	8.28034e-17	8.28034e-17	8.28034e-17	8.28034e-17	8.28034e-17	8.28034e-17	8.28034e-17	8.28034e-17	8.28034e-17	8.28034e-17	8.28034e-17	8.28034e-17	8.28034e-17	8.28034e-17	8.28034e-17	8.28034e-17	8.28034e-17	8.28034e-17	8.28034e-17	8.28034e-17	8.28034e-17	8.28034e-17	8.28034e-17	8.28034e-17	8.28034e-17	8.28034e-17	8.28034e-17	8.28034e-17	8.28034e-17
24.07	7.11326e-17	1.37891e-16	1.54829e-16	1.58164e-16	1.58675e-16	1.58734e-16	1.58738e-16	1.58738e-16	1.58738e-16	1.58738e-16	1.58738e-16	1.58738e-16	1.58738e-16	1.58738e-16	1.58738e-16	1.58738e-16	1.58738e-16	1.58738e-16	1.58738e-16	1.58738e-16	1.58738e-16	1.58738e-16	1.58738e-16	1.58738e-16	1.58738e-16	1.58738e-16	1.58738e-16	1.58738e-16	1.58738e-16	1.58738e-16	1.58738e-16	1.58738e-16	1.58738e-16	1.58738e-16	1.58738e-16	1.58738e-16	1.58738e-16	1.58738e-16	1.58738e-16	1.58738e-16	1.58738e-16	1.58738e-16	1.58738e-16	1.58738e-16	1.58738e-16	1.58738e-16	1.58738e-16	1.58738e-16	1.58738e-16	1.58738e-16	1.58738e-16	1.58738e-16	1.58738e-16	1.58738e-16	1.58738e-16	1.58738e-16	1.58738e-16	1.58738e-16	1.58738e-16	1.58738e-16	1.58738e-16	1.58738e-16	1.58738e-16	1.58738e-16	1.58738e-16	1.58738e-16	1.58738e-16	1.58738e-16	1.58738e-16	1.58738e-16	1.58738e-16	1.58738e-16	1.58738e-16	1.58738e-16	1.58738e-16	1.58738e-16	1.58738e-16	1.58738e-16	1.58738e-16	1.58738e-16	1.58738e-16	1.58738e-16	1.58738e-16	1.58738e-16	1.58738e-16	1.58738e-16	1.58738e-16	1.58738e-16	1.58738e-16	1.58738e-16	1.58738e-16	1.58738e-16	1.58738e-16	1.58738e-16	1.58738e-16	1.58738e-16	1.58738e-16	1.58738e-16	1.58738e-16	1.58738e-16	1.58738e-16
24.10	1.21519e-16	2.43803e-16	2.78616e-16	2.86472e-16	2.87885e-16	2.88079e-16	2.88099e-16	2.88100e-16	2.88100e-16	2.88100e-16	2.88100e-16	2.88100e-16	2.88100e-16	2.88100e-16	2.88100e-16	2.88100e-16	2.88100e-16	2.88100e-16	2.88100e-16	2.88100e-16	2.88100e-16	2.88100e-16	2.88100e-16	2.88100e-16	2.88100e-16	2.88100e-16	2.88100e-16	2.88100e-16	2.88100e-16	2.88100e-16	2.88100e-16	2.88100e-16	2.88100e-16	2.88100e-16	2.88100e-16	2.88100e-16	2.88100e-16	2.88100e-16	2.88100e-16	2.88100e-16	2.88100e-16	2.88100e-16	2.88100e-16	2.88100e-16	2.88100e-16	2.88100e-16	2.88100e-16	2.88100e-16	2.88100e-16	2.88100e-16	2.88100e-16	2.88100e-16	2.88100e-16	2.88100e-16	2.88100e-16	2.88100e-16	2.88100e-16	2.88100e-16	2.88100e-16	2.88100e-16	2.88100e-16	2.88100e-16	2.88100e-16	2.88100e-16	2.88100e-16	2.88100e-16	2.88100e-16	2.88100e-16	2.88100e-16	2.88100e-16	2.88100e-16	2.88100e-16	2.88100e-16	2.88100e-16	2.88100e-16	2.88100e-16	2.88100e-16	2.88100e-16	2.88100e-16	2.88100e-16	2.88100e-16	2.88100e-16	2.88100e-16	2.88100e-16	2.88100e-16	2.88100e-16	2.88100e-16	2.88100e-16	2.88100e-16	2.88100e-16	2.88100e-16	2.88100e-16	2.88100e-16	2.88100e-16	2.88100e-16	2.88100e-16	2.88100e-16	2.88100e-16	2.88100e-16	2.88100e-16	2.88100e-16
24.14	1.97385e-16	4.09139e-16	4.76089e-16	4.93206e-16	4.96771e-16	4.97353e-16	4.97423e-16	4.97429e-16	4.97430e-16	4.97430e-16	4.97430e-16	4.97430e-16	4.97430e-16	4.97430e-16	4.97430e-16	4.97430e-16	4.97430e-16	4.97430e-16	4.97430e-16	4.97430e-16	4.97430e-16	4.97430e-16	4.97430e-16	4.97430e-16	4.97430e-16	4.97430e-16	4.97430e-16	4.97430e-16	4.97430e-16	4.97430e-16	4.97430e-16	4.97430e-16	4.97430e-16	4.97430e-16	4.97430e-16	4.97430e-16	4.97430e-16	4.97430e-16	4.97430e-16	4.97430e-16	4.97430e-16	4.97430e-16	4.97430e-16	4.97430e-16	4.97430e-16	4.97430e-16	4.97430e-16	4.97430e-16	4.97430e-16	4.97430e-16	4.97430e-16	4.97430e-16	4.97430e-16	4.97430e-16	4.97430e-16	4.97430e-16	4.97430e-16	4.97430e-16	4.97430e-16	4.97430e-16	4.97430e-16	4.97430e-16	4.97430e-16	4.97430e-16	4.97430e-16	4.97430e-16	4.97430e-16	4.97430e-16	4.97430e-16	4.97430e-16	4.97430e-16	4.97430e-16	4.97430e-16	4.97430e-16	4.97430e-16	4.97430e-16	4.97430e-16	4.97430e-16	4.97430e-16	4.97430e-16	4.97430e-16	4.97430e-16	4.97430e-16	4.97430e-16	4.97430e-16	4.97430e-16	4.97430e-16	4.97430e-16	4.97430e-16	4.97430e-16	4.97430e-16	4.97430e-16	4.97430e-16	4.97430e-16	4.97430e-16	4.97430e-16	4.97430e-16	4.97430e-16	4.97430e-16	4.97430e-16	4.97430e-16
24.17	3.06291e-16	6.54673e-16	7.75864e-16	8.10586e-16	8.18856e-16	8.20436e-16	8.20666e-16	8.20690e-16	8.20692e-16	8.20692e-16	8.20692e-16	8.20692e-16	8.20692e-16	8.20692e-16	8.20692e-16	8.20692e-16	8.20692e-16	8.20692e-16	8.20692e-16	8.20692e-16	8.20692e-16	8.20692e-16	8.20692e-16	8.20692e-16	8.20692e-16	8.20692e-16	8.20692e-16	8.20692e-16	8.20692e-16	8.20692e-16	8.20692e-16	8.20692e-16	8.20692e-16	8.20692e-16	8.20692e-16	8.20692e-16	8.20692e-16	8.20692e-16	8.20692e-16	8.20692e-16	8.20692e-16	8.20692e-16	8.20692e-16	8.20692e-16	8.20692e-16	8.20692e-16	8.20692e-16	8.20692e-16	8.20692e-16	8.20692e-16	8.20692e-16	8.20692e-16	8.20692e-16	8.20692e-16	8.20692e-16	8.20692e-16	8.20692e-16	8.20692e-16	8.20692e-16	8.20692e-16	8.20692e-16	8.20692e-16	8.20692e-16	8.20692e-16	8.20692e-16	8.20692e-16	8.20692e-16	8.20692e-16	8.20692e-16	8.20692e-16	8.20692e-16	8.20692e-16	8.20692e-16	8.20692e-16	8.20692e-16	8.20692e-16	8.20692e-16	8.20692e-16	8.20692e-16	8.20692e-16	8.20692e-16	8.20692e-16	8.20692e-16	8.20692e-16	8.20692e-16	8.20692e-16	8.20692e-16	8.20692e-16	8.20692e-16	8.20692e-16	8.20692e-16	8.20692e-16	8.20692e-16	8.20692e-16	8.20692e-16	8.20692e-16	8.20692e-16	8.20692e-16	8.20692e-16	8.20692e-16	8.20692e-16
24.21	4.55957e-16	1.00307e-15	1.21067e-15	1.27665e-15	1.29442e-15	1.29834e-15	1.29902e-15	1.29910e-15	1.29911e-15	1.29911e-15	1.29911e-15	1.29911e-15	1.29911e-15	1.29911e-15	1.29911e-15	1.29911e-15	1.29911e-15	1.29911e-15	1.29911e-15	1.29911e-15	1.29911e-15	1.29911e-15	1.29911e-15	1.29911e-15	1.29911e-15	1.29911e-15	1.29911e-15	1.29911e-15	1.29911e-15	1.29911e-15	1.29911e-15	1.29911e-15	1.29911e-15	1.29911e-15	1.29911e-15	1.29911e-15	1.29911e-15	1.29911e-15	1.29911e-15	1.29911e-15	1.29911e-15	1.29911e-15	1.29911e-15	1.29911e-15	1.29911e-15	1.29911e-15	1.29911e-15	1.29911e-15	1.29911e-15	1.29911e-15	1.29911e-15	1.29911e-15	1.29911e-15	1.29911e-15	1.29911e-15	1.29911e-15	1.29911e-15	1.29911e-15	1.29911e-15	1.29911e-15	1.29911e-15	1.29911e-15	1.29911e-15	1.29911e-15	1.29911e-15	1.29911e-15	1.29911e-15	1.29911e-15	1.29911e-15	1.29911e-15	1.29911e-15	1.29911e-15	1.29911e-15	1.29911e-15	1.29911e-15	1.29911e-15	1.29911e-15	1.29911e-15	1.29911e-15	1.29911e-15	1.29911e-15	1.29911e-15	1.29911e-15	1.29911e-15	1.29911e-15	1.29911e-15	1.29911e-15	1.29911e-15	1.29911e-15	1.29911e-15	1.29911e-15	1.29911e-15	1.29911e-15	1.29911e-15	1.29911e-15	1.29911e-15	1.29911e-15	1.29911e-15	1.29911e-15	1.29911e-15	1.29911e-15
24.24	6.53831e-16	1.47746e-15	1.81568e-15	1.93382e-15	1.96941e-15	1.97837e-15	1.98017e-15	1.98044e-15	1.98047e-15	1.98047e-15	1.98047e-15	1.98047e-15	1.98047e-15	1.98047e-15	1.98047e-15	1.98047e-15	1.98047e-15	1.98047e-15	1.98047e-15	1.98047e-15	1.98047e-15	1.98047e-15	1.98047e-15	1.98047e-15	1.98047e-15	1.98047e-15	1.98047e-15	1.98047e-15	1.98047e-15	1.98047e-15	1.98047e-15	1.98047e-15	1.98047e-15	1.98047e-15	1.98047e-15	1.98047e-15	1.98047e-15	1.98047e-15	1.98047e-15	1.98047e-15	1.98047e-15	1.98047e-15	1.98047e-15	1.98047e-15	1.98047e-15	1.98047e-15	1.98047e-15	1.98047e-15	1.98047e-15	1.98047e-15	1.98047e-15	1.98047e-15	1.98047e-15	1.98047e-15	1.98047e-15	1.98047e-15	1.98047e-15	1.98047e-15	1.98047e-15	1.98047e-15	1.98047e-15	1.98047e-15	1.98047e-15	1.98047e-15	1.98047e-15	1.98047e-15	1.98047e-15	1.98047e-15	1.98047e-15	1.98047e-15	1.98047e-15	1.98047e-15	1.98047e-15	1.98047e-15	1.98047e-15	1.98047e-15	1.98047e-15	1.98047e-15	1.98047e-15	1.98047e-15	1.98047e-15	1.98047e-15	1.98047e-15	1.98047e-15	1.98047e-15	1.98047e-15	1.98047e-15	1.98047e-15	1.98047e-15	1.98047e-15	1.98047e-15	1.98047e-15	1.98047e-15	1.98047e-15	1.98047e-15	1.98047e-15	1.98047e-15	1.98047e-15	1.98047e-15	1.98047e-15	1.98047e-15
24.27	9.06346e-16	2.09968e-15	2.62612e-15	2.82651e-15	2.89335e-15	2.91233e-15	2.91672e-15	2.91752e-15	2.91762e-15	2.91763e-15	2.91763e-15	2.91763e-15	2.91763e-15	2.91763e-15	2.91763e-15	2.91763e-15	2.91763e-15	2.91763e-15	2.91763e-15	2.91763e-15	2.91763e-15	2.91763e-15	2.91763e-15	2.91763e-15	2.91763e-15	2.91763e-15	2.91763e-15	2.91763e-15	2.91763e-15	2.91763e-15	2.91763e-15	2.91763e-15	2.91763e-15	2.91763e-15	2.91763e-15	2.91763e-15	2.91763e-15	2.91763e-15	2.91763e-15	2.91763e-15	2.91763e-15	2.91763e-15	2.91763e-15	2.91763e-15	2.91763e-15	2.91763e-15	2.91763e-15	2.91763e-15	2.91763e-15	2.91763e-15	2.91763e-15	2.91763e-15	2.91763e-15	2.91763e-15	2.91763e-15	2.91763e-15	2.91763e-15	2.91763e-15	2.91763e-15	2.91763e-15	2.91763e-15	2.91763e-15	2.91763e-15	2.91763e-15	2.91763e-15	2.91763e-15	2.91763e-15	2.91763e-15	2.91763e-15	2.91763e-15	2.91763e-15	2.91763e-15	2.91763e-15	2.91763e-15	2.91763e-15	2.91763e-15	2.91763e-15	2.91763e-15	2.91763e-15	2.91763e-15	2.91763e-15	2.91763e-15	2.91763e-15	2.91763e-15	2.91763e-15	2.91763e-15	2.91763e-15	2.91763e-15	2.91763e-15	2.91763e-15	2.91763e-15	2.91763e-15	2.91763e-15	2.91763e-15	2.91763e-15	2.91763e-15	2.91763e-15	2.91763e-15	2.91763e-15	2.91763e-15	2.91763e-15
24.31	1.21843e-15	2.88858e-15	3.67472e-15	3.99825e-15	4.11667e-15	4.15420e-15	4.16410e-15	4.16617e-15	4.16650e-15	4.16654e-15	4.16654e-15	4.16654e-15	4.16654e-15	4.16654e-15	4.16654e-15	4.16654e-15	4.16654e-15	4.16654e-15	4.16654e-15	4.16654e-15	4.16654e-15	4.16654e-15	4.16654e-15	4.16654e-15	4.16654e-15	4.16654e-15	4.16654e-15	4.16654e-15	4.16654e-15	4.16654e-15	4.16654e-15	4.16654e-15	4.16654e-15	4.16654e-15	4.16654e-15	4.16654e-15	4.16654e-15	4.16654e-15	4.16654e-15	4.16654e-15	4.16654e-15	4.16654e-15	4.16654e-15	4.16654e-15	4.16654e-15	4.16654e-15	4.16654e-15	4.16654e-15	4.16654e-15	4.16654e-15	4.16654e-15	4.16654e-15	4.16654e-15	4.16654e-15	4.16654e-15	4.16654e-15	4.16654e-15	4.16654e-15	4.16654e-15	4.16654e-15	4.16654e-15	4.16654e-15	4.16654e-15	4.16654e-15	4.16654e-15	4.16654e-15	4.16654e-15	4.16654e-15	4.16654e-15	4.16654e-15	4.16654e-15	4.16654e-15	4.16654e-15	4.16654e-15	4.16654e-15	4.16654e-15	4.16654e-15	4.16654e-15	4.16654e-15	4.16654e-15	4.16654e-15	4.16654e-15	4.16654e-15	4.16654e-15	4.16654e-15	4.16654e-15	4.16654e-15	4.16654e-15	4.16654e-15	4.16654e-15	4.16654e-15	4.16654e-15	4.16654e-15	4.16654e-15	4.16654e-15	4.16654e-15	4.16654e-15	4.16654e-15	4.16654e-15	4.16654e-15	4.16654e-15
24.34	1.59354e-15	3.85878e-15	4.98950e-15	5.48895e-15	5.68787e-15	5.75756e-15	5.77825e-15	5.78323e-15	5.78416e-15	5.78429e-15	5.78431e-15	5.78431e-15	5.78431e-15	5.78431e-15	5.78431e-15	5.78431e-15	5.78431e-15	5.78431e-15	5.78431e-15	5.78431e-15	5.78431e-15	5.78431e-15	5.78431e-15	5.78431e-15	5.78431e-15	5.78431e-15	5.78431e-15	5.78431e-15	5.78431e-15	5.78431e-15	5.78431e-15	5.78431e-15	5.78431e-15	5.78431e-15	5.78431e-15	5.78431e-15	5.78431e-15	5.78431e-15	5.78431e-15	5.78431e-15	5.78431e-15	5.78431e-15	5.78431e-15	5.78431e-15	5.78431e-15	5.78431e-15	5.78431e-15	5.78431e-15	5.78431e-15	5.78431e-15	5.78431e-15	5.78431e-15	5.78431e-15	5.78431e-15	5.78431e-15	5.78431e-15	5.78431e-15	5.78431e-15	5.78431e-15	5.78431e-15	5.78431e-15	5.78431e-15	5.78431e-15	5.78431e-15	5.78431e-15	5.78431e-15	5.78431e-15	5.78431e-15	5.78431e-15	5.78431e-15	5.78431e-15	5.78431e-15	5.78431e-15	5.78431e-15	5.78431e-15	5.78431e-15	5.78431e-15	5.78431e-15	5.78431e-15	5.78431e-15	5.78431e-15	5.78431e-15	5.78431e-15	5.78431e-15	5.78431e-15	5.78431e-15	5.78431e-15	5.78431e-15	5.78431e-15	5.78431e-15	5.78431e-15	5.78431e-15	5.78431e-15	5.78431e-15	5.78431e-15	5.78431e-15	5.78431e-15	5.78431e-15	5.78431e-15	5.78431e-15	5.78431e-15
24.38	2.03275e-15	5.01944e-15	6.59149e-15	7.33181e-15	7.65016e-15	7.77233e-15	7.81273e-15	7.82379e-15	7.82619e-15	7.82658e-15	7.82663e-15	7.82663e-15	7.82663e-15	7.82663e-15	7.82663e-15	7.82663e-15	7.82663e-15	7.82663e-15	7.82663e-15	7.82663e-15	7.82663e-15	7.82663e-15	7.82663e-15	7.82663e-15	7.82663e-15	7.82663e-15	7.82663e-15	7.82663e-15	7.82663e-15	7.82663e-15	7.82663e-15	7.82663e-15	7.82663e-15	7.82663e-15	7.82663e-15	7.82663e-15	7.82663e-15	7.82663e-15	7.82663e-15	7.82663e-15	7.82663e-15	7.82663e-15	7.82663e-15	7.82663e-15	7.82663e-15	7.82663e-15	7.82663e-15	7.82663e-15	7.82663e-15	7.82663e-15	7.82663e-15	7.82663e-15	7.82663e-15	7.82663e-15	7.82663e-15	7.82663e-15	7.82663e-15	7.82663e-15	7.82663e-15	7.82663e-15	7.82663e-15	7.82663e-15	7.82663e-15	7.82663e-15	7.82663e-15	7.82663e-15	7.82663e-15	7.82663e-15	7.82663e-15	7.82663e-15	7.82663e-15	7.82663e-15	7.82663e-15	7.82663e-15	7.82663e-15	7.82663e-15	7.82663e-15	7.82663e-15	7.82663e-15	7.82663e-15	7.82663e-15	7.82663e-15	7.82663e-15	7.82663e-15	7.82663e-15	7.82663e-15	7.82663e-15	7.82663e-15	7.82663e-15	7.82663e-15	7.82663e-15	7.82663e-15	7.82663e-15	7.82663e-15	7.82663e-15	7.82663e-15	7.82663e-15	7.82663e-15	7.82663e-15	7.82663e-15	7.82663e-15
24.41	2.53566e-15	6.37412e-15	8.49360e-15	9.55130e-15	1.00388e-14	1.02421e-14	1.03163e-14	1.03391e-14	1.03447e-14	1.03458e-14	1.03460e-14	1.03460e-14	1.03460e-14	1.03460e-14	1.03460e-14	1.03460e-14	1.03460e-14	1.03460e-14	1.03460e-14	1.03460e-14	1.03460e-14	1.03460e-14	1.03460e-14	1.03460e-14	1.03460e-14	1.03460e-14	1.03460e-14	1.03460e-14	1.03460e-14	1.03460e-14	1.03460e-14	1.03460e-14	1.03460e-14	1.03460e-14	1.03460e-14	1.03460e-14	1.03460e-14	1.03460e-14	1.03460e-14	1.03460e-14	1.03460e-14	1.03460e-14	1.03460e-14	1.03460e-14	1.03460e-14	1.03460e-14	1.03460e-14	1.03460e-14	1.03460e-14	1.03460e-14	1.03460e-14	1.03460e-14	1.03460e-14	1.03460e-14	1.03460e-14	1.03460e-14	1.03460e-14	1.03460e-14	1.03460e-14	1.03460e-14	1.03460e-14	1.03460e-14	1.03460e-14	1.03460e-14	1.03460e-14	1.03460e-14	1.03460e-14	1.03460e-14	1.03460e-14	1.03460e-14	1.03460e-14	1.03460e-14	1.03460e-14	1.03460e-14	1.03460e-14	1.03460e-14	1.03460e-14	1.03460e-14	1.03460e-14	1.03460e-14	1.03460e-14	1.03460e-14	1.03460e-14	1.03460e-14	1.03460e-14	1.03460e-14	1.03460e-14	1.03460e-14	1.03460e-14	1.03460e-14	1.03460e-14	1.03460e-14	1.03460e-14	1.03460e-14	1.03460e-14	1.03460e-14	1.03460e-14	1.03460e-14	1.03460e-14	1.03460e-14	1.03460e-14
24.44	3.10017e-15	7.92092e-15	1.07003e-14	1.21619e-14	1.28794e-14	1.32019e-14	1.33306e-14	1.33746e-14	1.33870e-14	1.33898e-14	1.33902e-14	1.33903e-14	1.33903e-14	1.33903e-14	1.33903e-14	1.33903e-14	1.33903e-14	1.33903e-14	1.33903e-14	1.33903e-14	1.33903e-14	1.33903e-14	1.33903e-14	1.33903e-14	1.33903e-14	1.33903e-14	1.33903e-14	1.33903e-14	1.33903e-14	1.33903e-14	1.33903e-14	1.33903e-14	1.33903e-14	1.33903e-14	1.33903e-14	1.33903e-14	1.33903e-14	1.33903e-14	1.33903e-14	1.33903e-14	1.33903e-14	1.33903e-14	1.33903e-14	1.33903e-14	1.33903e-14	1.33903e-14	1.33903e-14	1.33903e-14	1.33903e-14	1.33903e-14	1.33903e-14	1.33903e-14	1.33903e-14	1.33903e-14	1.33903e-14	1.33903e-14	1.33903e-14	1.33903e-14	1.33903e-14	1.33903e-14	1.33903e-14	1.33903e-14	1.33903e-14	1.33903e-14	1.33903e-14	1.33903e-14	1.33903e-14	1.33903e-14	1.33903e-14	1.33903e-14	1.33903e-14	1.33903e-14	1.33903e-14	1.33903e-14	1.33903e-14	1.33903e-14	1.33903e-14	1.33903e-14	1.33903e-14	1.33903e-14	1.33903e-14	1.33903e-14	1.33903e-14	1.33903e-14	1.33903e-14	1.33903e-14	1.33903e-14	1.33903e-14	1.33903e-14	1.33903e-14	1.33903e-14	1.33903e-14	1.33903e-14	1.33903e-14	1.33903e-14	1.33903e-14	1.33903e-14	1.33903e-14	1.33903e-14	1.33903e-14	1.33903e-14
24.48	3.72289e-15	9.65333e-15	1.32080e-14	1.51678e-14	1.61862e-14	1.66762e-14	1.68883e-14	1.69681e-14	1.69934e-14	1.69998e-14	1.70011e-14	1.70013e-14	1.70013e-14	1.70013e-14	1.70013e-14	1.70013e-14	1.70013e-14	1.70013e-14	1.70013e-14	1.70013e-14	1.70013e-14	1.70013e-14	1.70013e-14	1.70013e-14	1.70013e-14	1.70013e-14	1.70013e-14	1.70013e-14	1.70013e-14	1.70013e-14	1.70013e-14	1.70013e-14	1.70013e-14	1.70013e-14	1.70013e-14	1.70013e-14	1.70013e-14	1.70013e-14	1.70013e-14	1.70013e-14	1.70013e-14	1.70013e-14	1.70013e-14	1.70013e-14	1.70013e-14	1.70013e-14	1.70013e-14	1.70013e-14	1.70013e-14	1.70013e-14	1.70013e-14	1.70013e-14	1.70013e-14	1.70013e-14	1.70013e-14	1.70013e-14	1.70013e-14	1.70013e-14	1.70013e-14	1.70013e-14	1.70013e-14	1.70013e-14	1.70013e-14	1.70013e-14	1.70013e-14	1.70013e-14	1.70013e-14	1.70013e-14	1.70013e-14	1.70013e-14	1.70013e-14	1.70013e-14	1.70013e-14	1.70013e-14	1.70013e-14	1.70013e-14	1.70013e-14	1.70013e-14	1.70013e-14	1.70013e-14	1.70013e-14	1.70013e-14	1.70013e-14	1.70013e-14	1.70013e-14	1.70013e-14	1.70013e-14	1.70013e-14	1.70013e-14	1.70013e-14	1.70013e-14	1.70013e-14	1.70013e-14	1.70013e-14	1.70013e-14	1.70013e-14	1.70013e-14	1.70013e-14	1.70013e-14	1.70013e-14	1.70013e-14
24.51	4.39917e-15	1.15607e-14	1.60055e-14	1.85628e-14	1.99617e-14	2.06777e-14	2.10113e-14	2.11485e-14	2.11966e-14	2.12105e-14	2.12137e-14	2.12142e-14	2.12143e-14	2.12143e-14	2.12143e-14	2.12143e-14	2.12143e-14	2.12143e-14	2.12143e-14	2.12143e-14	2.12143e-14	2.12143e-14	2.12143e-14	2.12143e-14	2.12143e-14	2.12143e-14	2.12143e-14	2.12143e-14	2.12143e-14	2.12143e-14	2.12143e-14	2.12143e-14	2.12143e-14	2.12143e-14	2.12143e-14	2.12143e-14	2.12143e-14	2.12143e-14	2.12143e-14	2.12143e-14	2.12143e-14	2.12143e-14	2.12143e-14	2.12143e-14	2.12143e-14	2.12143e-14	2.12143e-14	2.12143e-14	2.12143e-14	2.12143e-14	2.12143e-14	2.12143e-14	2.12143e-14	2.12143e-14	2.12143e-14	2.12143e-14	2.12143e-14	2.12143e-14	2.12143e-14	2.12143e-14	2.12143e-14	2.12143e-14	2.12143e-14	2.12143e-14	2.12143e-14	2.12143e-14	2.12143e-14	2.12143e-14	2.12143e-14	2.12143e-14	2.12143e-14	2.12143e-14	2.12143e-14	2.12143e-14	2.12143e-14	2.12143e-14	2.12143e-14	2.12143e-14	2.12143e-14	2.12143e-14	2.12143e-14	2.12143e-14	2.12143e-14	2.12143e-14	2.12143e-14	2.12143e-14	2.12143e-14	2.12143e-14	2.12143e-14	2.12143e-14	2.12143e-14	2.12143e-14	2.12143e-14	2.12143e-14	2.12143e-14	2.12143e-14	2.12143e-14	2.12143e-14	2.12143e-14	2.12143e-14	2.12143e-14
24.55	5.12399e-15	1.36293e-14	1.90760e-14	2.23320e-14	2.41977e-14	2.52075e-14	2.57104e-14	2.59343e-14	2.60207e-14	2.60486e-14	2.60560e-14	2.60575e-14	2.60577e-14	2.60577e-14	2.60577e-14	2.60577e-14	2.60577e-14	2.60577e-14	2.60577e-14	2.60577e-14	2.60577e-14	2.60577e-14	2.60577e-14	2.60577e-14	2.60577e-14	2.60577e-14	2.60577e-14	2.60577e-14	2.60577e-14	2.60577e-14	2.60577e-14	2.60577e-14	2.60577e-14	2.60577e-14	2.60577e-14	2.60577e-14	2.60577e-14	2.60577e-14	2.60577e-14	2.60577e-14	2.60577e-14	2.60577e-14	2.60577e-14	2.60577e-14	2.60577e-14	2.60577e-14	2.60577e-14	2.60577e-14	2.60577e-14	2.60577e-14	2.60577e-14	2.60577e-14	2.60577e-14	2.60577e-14	2.60577e-14	2.60577e-14	2.60577e-14	2.60577e-14	2.60577e-14	2.60577e-14	2.60577e-14	2.60577e-14	2.60577e-14	2.60577e-14	2.60577e-14	2.60577e-14	2.60577e-14	2.60577e-14	2.60577e-14	2.60577e-14	2.60577e-14	2.60577e-14	2.60577e-14	2.60577e-14	2.60577e-14	2.60577e-14	2.60577e-14	2.60577e-14	2.60577e-14	2.60577e-14	2.60577e-14	2.60577e-14	2.60577e-14	2.60577e-14	2.60577e-14	2.60577e-14	2.60577e-14	2.60577e-14	2.60577e-14	2.60577e-14	2.60577e-14	2.60577e-14	2.60577e-14	2.60577e-14	2.60577e-14	2.60577e-14	2.60577e-14	2.60577e-14	2.60577e-14	2.60577e-14	2.60577e-14
24.58	5.89208e-15	1.58441e-14	2.23982e-14	2.64532e-14	2.88761e-14	3.02551e-14	3.09848e-14	3.13340e-14	3.14809e-14	3.15335e-14	3.15491e-14	3.15527e-14	3.15534e-14	3.15535e-14	3.15535e-14	3.15535e-14	3.15535e-14	3.15535e-14	3.15535e-14	3.15535e-14	3.15535e-14	3.15535e-14	3.15535e-14	3.15535e-14	3.15535e-14	3.15535e-14	3.15535e-14	3.15535e-14	3.15535e-14	3.15535e-14	3.15535e-14	3.15535e-14	3.15535e-14	3.15535e-14	3.15535e-14	3.15535e-14	3.15535e-14	3.15535e-14	3.15535e-14	3.15535e-14	3.15535e-14	3.15535e-14	3.15535e-14	3.15535e-14	3.15535e-14	3.15535e-14	3.15535e-14	3.15535e-14	3.15535e-14	3.15535e-14	3.15535e-14	3.15535e-14	3.15535e-14	3.15535e-14	3.15535e-14	3.15535e-14	3.15535e-14	3.15535e-14	3.15535e-14	3.15535e-14	3.15535e-14	3.15535e-14	3.15535e-14	3.15535e-14	3.15535e-14	3.15535e-14	3.15535e-14	3.15535e-14	3.15535e-14	3.15535e-14	3.15535e-14	3.15535e-14	3.15535e-14	3.15535e-14	3.15535e-14	3.15535e-14	3.15535e-14	3.15535e-14	3.15535e-14	3.15535e-14	3.15535e-14	3.15535e-14	3.15535e-14	3.15535e-14	3.15535e-14	3.15535e-14	3.15535e-14	3.15535e-14	3.15535e-14	3.15535e-14	3.15535e-14	3.15535e-14	3.15535e-14	3.15535e-14	3.15535e-14	3.15535e-14	3.15535e-14	3.15535e-14	3.15535e-14	3.15535e-14	3.15535e-14
24.62	6.69839e-15	1.81892e-14	2.59487e-14	3.08998e-14	3.39712e-14	3.58007e-14	3.68233e-14	3.73457e-14	3.75833e-14	3.76767e-14	3.77076e-14	3.77159e-14	3.77176e-14	3.77179e-14	3.77179e-14	3.77179e-14	3.77179e-14	3.77179e-14	3.77179e-14	3.77179e-14	3.77179e-14	3.77179e-14	3.77179e-14	3.77179e-14	3.77179e-14	3.77179e-14	3.77179e-14	3.77179e-14	3.77179e-14	3.77179e-14	3.77179e-14	3.77179e-14	3.77179e-14	3.77179e-14	3.77179e-14	3.77179e-14	3.77179e-14	3.77179e-14	3.77179e-14	3.77179e-14	3.77179e-14	3.77179e-14	3.77179e-14	3.77179e-14	3.77179e-14	3.77179e-14	3.77179e-14	3.77179e-14	3.77179e-14	3.77179e-14	3.77179e-14	3.77179e-14	3.77179e-14	3.77179e-14	3.77179e-14	3.77179e-14	3.77179e-14	3.77179e-14	3.77179e-14	3.77179e-14	3.77179e-14	3.77179e-14	3.77179e-14	3.77179e-14	3.77179e-14	3.77179e-14	3.77179e-14	3.77179e-14	3.77179e-14	3.77179e-14	3.77179e-14	3.77179e-14	3.77179e-14	3.77179e-14	3.77179e-14	3.77179e-14	3.77179e-14	3.77179e-14	3.77179e-14	3.77179e-14	3.77179e-14	3.77179e-14	3.77179e-14	3.77179e-14	3.77179e-14	3.77179e-14	3.77179e-14	3.77179e-14	3.77179e-14	3.77179e-14	3.77179e-14	3.77179e-14	3.77179e-14	3.77179e-14	3.77179e-14	3.77179e-14	3.77179e-14	3.77179e-14	3.77179e-14	3.77179e-14	3.77179e-14
24.65	7.53815e-15	2.06495e-14	2.97032e-14	3.56417e-14	3.94520e-14	4.18165e-14	4.32050e-14	4.39577e-14	4.43252e-14	4.44825e-14	4.45399e-14	4.45573e-14	4.45615e-14	4.45622e-14	4.45623e-14	4.45623e-14	4.45623e-14	4.45623e-14	4.45623e-14	4.45623e-14	4.45623e-14	4.45623e-14	4.45623e-14	4.45623e-14	4.45623e-14	4.45623e-14	4.45623e-14	4.45623e-14	4.45623e-14	4.45623e-14	4.45623e-14	4.45623e-14	4.45623e-14	4.45623e-14	4.45623e-14	4.45623e-14	4.45623e-14	4.45623e-14	4.45623e-14	4.45623e-14	4.45623e-14	4.45623e-14	4.45623e-14	4.45623e-14	4.45623e-14	4.45623e-14	4.45623e-14	4.45623e-14	4.45623e-14	4.45623e-14	4.45623e-14	4.45623e-14	4.45623e-14	4.45623e-14	4.45623e-14	4.45623e-14	4.45623e-14	4.45623e-14	4.45623e-14	4.45623e-14	4.45623e-14	4.45623e-14	4.45623e-14	4.45623e-14	4.45623e-14	4.45623e-14	4.45623e-14	4.45623e-14	4.45623e-14	4.45623e-14	4.45623e-14	4.45623e-14	4.45623e-14	4.45623e-14	4.45623e-14	4.45623e-14	4.45623e-14	4.45623e-14	4.45623e-14	4.45623e-14	4.45623e-14	4.45623e-14	4.45623e-14	4.45623e-14	4.45623e-14	4.45623e-14	4.45623e-14	4.45623e-14	4.45623e-14	4.45623e-14	4.45623e-14	4.45623e-14	4.45623e-14	4.45623e-14	4.45623e-14	4.45623e-14	4.45623e-14	4.45623e-14	4.45623e-14	4.45623e-14	4.45623e-14
24.68	8.40755e-15	2.32112e-14	3.36385e-14	4.06489e-14	4.52848e-14	4.82695e-14	5.01019e-14	5.11501e-14	5.16957e-14	5.19479e-14	5.20488e-14	5.20828e-14	5.20921e-14	5.20941e-14	5.20945e-14	5.20945e-14	5.20945e-14	5.20945e-14	5.20945e-14	5.20945e-14	5.20945e-14	5.20945e-14	5.20945e-14	5.20945e-14	5.20945e-14	5.20945e-14	5.20945e-14	5.20945e-14	5.20945e-14	5.20945e-14	5.20945e-14	5.20945e-14	5.20945e-14	5.20945e-14	5.20945e-14	5.20945e-14	5.20945e-14	5.20945e-14	5.20945e-14	5.20945e-14	5.20945e-14	5.20945e-14	5.20945e-14	5.20945e-14	5.20945e-14	5.20945e-14	5.20945e-14	5.20945e-14	5.20945e-14	5.20945e-14	5.20945e-14	5.20945e-14	5.20945e-14	5.20945e-14	5.20945e-14	5.20945e-14	5.20945e-14	5.20945e-14	5.20945e-14	5.20945e-14	5.20945e-14	5.20945e-14	5.20945e-14	5.20945e-14	5.20945e-14	5.20945e-14	5.20945e-14	5.20945e-14	5.20945e-14	5.20945e-14	5.20945e-14	5.20945e-14	5.20945e-14	5.20945e-14	5.20945e-14	5.20945e-14	5.20945e-14	5.20945e-14	5.20945e-14	5.20945e-14	5.20945e-14	5.20945e-14	5.20945e-14	5.20945e-14	5.20945e-14	5.20945e-14	5.20945e-14	5.20945e-14	5.20945e-14	5.20945e-14	5.20945e-14	5.20945e-14	5.20945e-14	5.20945e-14	5.20945e-14	5.20945e-14	5.20945e-14	5.20945e-14	5.20945e-14	5.20945e-14	5.20945e-14
24.72	9.30330e-15	2.58624e-14	3.77337e-14	4.58922e-14	5.14353e-14	5.51237e-14	5.74810e-14	5.88962e-14	5.96768e-14	6.00637e-14	6.02319e-14	6.02944e-14	6.03137e-14	6.03185e-14	6.03194e-14	6.03195e-14	6.03195e-14	6.03195e-14	6.03195e-14	6.03195e-14	6.03195e-14	6.03195e-14	6.03195e-14	6.03195e-14	6.03195e-14	6.03195e-14	6.03195e-14	6.03195e-14	6.03195e-14	6.03195e-14	6.03195e-14	6.03195e-14	6.03195e-14	6.03195e-14	6.03195e-14	6.03195e-14	6.03195e-14	6.03195e-14	6.03195e-14	6.03195e-14	6.03195e-14	6.03195e-14	6.03195e-14	6.03195e-14	6.03195e-14	6.03195e-14	6.03195e-14	6.03195e-14	6.03195e-14	6.03195e-14	6.03195e-14	6.03195e-14	6.03195e-14	6.03195e-14	6.03195e-14	6.03195e-14	6.03195e-14	6.03195e-14	6.03195e-14	6.03195e-14	6.03195e-14	6.03195e-14	6.03195e-14	6.03195e-14	6.03195e-14	6.03195e-14	6.03195e-14	6.03195e-14	6.03195e-14	6.03195e-14	6.03195e-14	6.03195e-14	6.03195e-14	6.03195e-14	6.03195e-14	6.03195e-14	6.03195e-14	6.03195e-14	6.03195e-14	6.03195e-14	6.03195e-14	6.03195e-14	6.03195e-14	6.03195e-14	6.03195e-14	6.03195e-14	6.03195e-14	6.03195e-14	6.03195e-14	6.03195e-14	6.03195e-14	6.03195e-14	6.03195e-14	6.03195e-14	6.03195e-14	6.03195e-14	6.03195e-14	6.03195e-14	6.03195e-14	6.03195e-14	6.03195e-14
24.75	1.02233e-14	2.85941e-14	4.19710e-14	5.13458e-14	5.78709e-14	6.23432e-14	6.53060e-14	6.71643e-14	6.82446e-14	6.88148e-14	6.90822e-14	6.91908e-14	6.92280e-14	6.92385e-14	6.92408e-14	6.92412e-14	6.92412e-14	6.92412e-14	6.92412e-14	6.92412e-14	6.92412e-14	6.92412e-14	6.92412e-14	6.92412e-14	6.92412e-14	6.92412e-14	6.92412e-14	6.92412e-14	6.92412e-14	6.92412e-14	6.92412e-14	6.92412e-14	6.92412e-14	6.92412e-14	6.92412e-14	6.92412e-14	6.92412e-14	6.92412e-14	6.92412e-14	6.92412e-14	6.92412e-14	6.92412e-14	6.92412e-14	6.92412e-14	6.92412e-14	6.92412e-14	6.92412e-14	6.92412e-14	6.92412e-14	6.92412e-14	6.92412e-14	6.92412e-14	6.92412e-14	6.92412e-14	6.92412e-14	6.92412e-14	6.92412e-14	6.92412e-14	6.92412e-14	6.92412e-14	6.92412e-14	6.92412e-14	6.92412e-14	6.92412e-14	6.92412e-14	6.92412e-14	6.92412e-14	6.92412e-14	6.92412e-14	6.92412e-14	6.92412e-14	6.92412e-14	6.92412e-14	6.92412e-14	6.92412e-14	6.92412e-14	6.92412e-14	6.92412e-14	6.92412e-14	6.92412e-14	6.92412e-14	6.92412e-14	6.92412e-14	6.92412e-14	6.92412e-14	6.92412e-14	6.92412e-14	6.92412e-14	6.92412e-14	6.92412e-14	6.92412e-14	6.92412e-14	6.92412e-14	6.92412e-14	6.92412e-14	6.92412e-14	6.92412e-14	6.92412e-14	6.92412e-14	6.92412e-14	6.92412e-14
24.79	1.11664e-14	3.13999e-14	4.63368e-14	5.69879e-14	6.45627e-14	6.98935e-14	7.35412e-14	7.59204e-14	7.73709e-14	7.81814e-14	7.85882e-14	7.87675e-14	7.88352e-14	7.88565e-14	7.88619e-14	7.88630e-14	7.88632e-14	7.88632e-14	7.88632e-14	7.88632e-14	7.88632e-14	7.88632e-14	7.88632e-14	7.88632e-14	7.88632e-14	7.88632e-14	7.88632e-14	7.88632e-14	7.88632e-14	7.88632e-14	7.88632e-14	7.88632e-14	7.88632e-14	7.88632e-14	7.88632e-14	7.88632e-14	7.88632e-14	7.88632e-14	7.88632e-14	7.88632e-14	7.88632e-14	7.88632e-14	7.88632e-14	7.88632e-14	7.88632e-14	7.88632e-14	7.88632e-14	7.88632e-14	7.88632e-14	7.88632e-14	7.88632e-14	7.88632e-14	7.88632e-14	7.88632e-14	7.88632e-14	7.88632e-14	7.88632e-14	7.88632e-14	7.88632e-14	7.88632e-14	7.88632e-14	7.88632e-14	7.88632e-14	7.88632e-14	7.88632e-14	7.88632e-14	7.88632e-14	7.88632e-14	7.88632e-14	7.88632e-14	7.88632e-14	7.88632e-14	7.88632e-14	7.88632e-14	7.88632e-14	7.88632e-14	7.88632e-14	7.88632e-14	7.88632e-14	7.88632e-14	7.88632e-14	7.88632e-14	7.88632e-14	7.88632e-14	7.88632e-14	7.88632e-14	7.88632e-14	7.88632e-14	7.88632e-14	7.88632e-14	7.88632e-14	7.88632e-14	7.88632e-14	7.88632e-14	7.88632e-14	7.88632e-14	7.88632e-14	7.88632e-14	7.88632e-14	7.88632e-14	7.88632e-14
24.82	1.21319e-14	3.42759e-14	5.08215e-14	6.28017e-14	7.14862e-14	7.77442e-14	8.21519e-14	8.51301e-14	8.70250e-14	8.81398e-14	8.87349e-14	8.90174e-14	8.91339e-14	8.91746e-14	8.91863e-14	8.91889e-14	8.91894e-14	8.91894e-14	8.91894e-14	8.91894e-14	8.91894e-14	8.91894e-14	8.91894e-14	8.91894e-14	8.91894e-14	8.91894e-14	8.91894e-14	8.91894e-14	8.91894e-14	8.91894e-14	8.91894e-14	8.91894e-14	8.91894e-14	8.91894e-14	8.91894e-14	8.91894e-14	8.91894e-14	8.91894e-14	8.91894e-14	8.91894e-14	8.91894e-14	8.91894e-14	8.91894e-14	8.91894e-14	8.91894e-14	8.91894e-14	8.91894e-14	8.91894e-14	8.91894e-14	8.91894e-14	8.91894e-14	8.91894e-14	8.91894e-14	8.91894e-14	8.91894e-14	8.91894e-14	8.91894e-14	8.91894e-14	8.91894e-14	8.91894e-14	8.91894e-14	8.91894e-14	8.91894e-14	8.91894e-14	8.91894e-14	8.91894e-14	8.91894e-14	8.91894e-14	8.91894e-14	8.91894e-14	8.91894e-14	8.91894e-14	8.91894e-14	8.91894e-14	8.91894e-14	8.91894e-14	8.91894e-14	8.91894e-14	8.91894e-14	8.91894e-14	8.91894e-14	8.91894e-14	8.91894e-14	8.91894e-14	8.91894e-14	8.91894e-14	8.91894e-14	8.91894e-14	8.91894e-14	8.91894e-14	8.91894e-14	8.91894e-14	8.91894e-14	8.91894e-14	8.91894e-14	8.91894e-14	8.91894e-14	8.91894e-14	8.91894e-14	8.91894e-14	8.91894e-14
24.85	1.31209e-14	3.72218e-14	5.54203e-14	6.87762e-14	7.86235e-14	8.58702e-14	9.11081e-14	9.47609e-14	9.71761e-14	9.86645e-14	9.95048e-14	9.99313e-14	1.00122e-13	1.00195e-13	1.00219e-13	1.00225e-13	1.00226e-13	1.00226e-13	1.00226e-13	1.00226e-13	1.00226e-13	1.00226e-13	1.00226e-13	1.00226e-13	1.00226e-13	1.00226e-13	1.00226e-13	1.00226e-13	1.00226e-13	1.00226e-13	1.00226e-13	1.00226e-13	1.00226e-13	1.00226e-13	1.00226e-13	1.00226e-13	1.00226e-13	1.00226e-13	1.00226e-13	1.00226e-13	1.00226e-13	1.00226e-13	1.00226e-13	1.00226e-13	1.00226e-13	1.00226e-13	1.00226e-13	1.00226e-13	1.00226e-13	1.00226e-13	1.00226e-13	1.00226e-13	1.00226e-13	1.00226e-13	1.00226e-13	1.00226e-13	1.00226e-13	1.00226e-13	1.00226e-13	1.00226e-13	1.00226e-13	1.00226e-13	1.00226e-13	1.00226e-13	1.00226e-13	1.00226e-13	1.00226e-13	1.00226e-13	1.00226e-13	1.00226e-13	1.00226e-13	1.00226e-13	1.00226e-13	1.00226e-13	1.00226e-13	1.00226e-13	1.00226e-13	1.00226e-13	1.00226e-13	1.00226e-13	1.00226e-13	1.00226e-13	1.00226e-13	1.00226e-13	1.00226e-13	1.00226e-13	1.00226e-13	1.00226e-13	1.00226e-13	1.00226e-13	1.00226e-13	1.00226e-13	1.00226e-13	1.00226e-13	1.00226e-13	1.00226e-13	1.00226e-13	1.00226e-13	1.00226e-13	1.00226e-13	1.00226e-13
24.89	1.41350e-14	4.02400e-14	6.01333e-14	7.49067e-14	8.59632e-14	9.42533e-14	1.00385e-13	1.04785e-13	1.07795e-13	1.09730e-13	1.10879e-13	1.11499e-13	1.11796e-13	1.11921e-13	1.11965e-13	1.11978e-13	1.11981e-13	1.11982e-13	1.11982e-13	1.11982e-13	1.11982e-13	1.11982e-13	1.11982e-13	1.11982e-13	1.11982e-13	1.11982e-13	1.11982e-13	1.11982e-13	1.11982e-13	1.11982e-13	1.11982e-13	1.11982e-13	1.11982e-13	1.11982e-13	1.11982e-13	1.11982e-13	1.11982e-13	1.11982e-13	1.11982e-13	1.11982e-13	1.11982e-13	1.11982e-13	1.11982e-13	1.11982e-13	1.11982e-13	1.11982e-13	1.11982e-13	1.11982e-13	1.11982e-13	1.11982e-13	1.11982e-13	1.11982e-13	1.11982e-13	1.11982e-13	1.11982e-13	1.11982e-13	1.11982e-13	1.11982e-13	1.11982e-13	1.11982e-13	1.11982e-13	1.11982e-13	1.11982e-13	1.11982e-13	1.11982e-13	1.11982e-13	1.11982e-13	1.11982e-13	1.11982e-13	1.11982e-13	1.11982e-13	1.11982e-13	1.11982e-13	1.11982e-13	1.11982e-13	1.11982e-13	1.11982e-13	1.11982e-13	1.11982e-13	1.11982e-13	1.11982e-13	1.11982e-13	1.11982e-13	1.11982e-13	1.11982e-13	1.11982e-13	1.11982e-13	1.11982e-13	1.11982e-13	1.11982e-13	1.11982e-13	1.11982e-13	1.11982e-13	1.11982e-13	1.11982e-13	1.11982e-13	1.11982e-13	1.11982e-13	1.11982e-13	1.11982e-13	1.11982e-13
24.92	1.51769e-14	4.33361e-14	6.49651e-14	8.11943e-14	9.35013e-14	1.02883e-13	1.09967e-13	1.15179e-13	1.18858e-13	1.21313e-13	1.22839e-13	1.23708e-13	1.24154e-13	1.24356e-13	1.24434e-13	1.24460e-13	1.24467e-13	1.24468e-13	1.24469e-13	1.24469e-13	1.24469e-13	1.24469e-13	1.24469e-13	1.24469e-13	1.24469e-13	1.24469e-13	1.24469e-13	1.24469e-13	1.24469e-13	1.24469e-13	1.24469e-13	1.24469e-13	1.24469e-13	1.24469e-13	1.24469e-13	1.24469e-13	1.24469e-13	1.24469e-13	1.24469e-13	1.24469e-13	1.24469e-13	1.24469e-13	1.24469e-13	1.24469e-13	1.24469e-13	1.24469e-13	1.24469e-13	1.24469e-13	1.24469e-13	1.24469e-13	1.24469e-13	1.24469e-13	1.24469e-13	1.24469e-13	1.24469e-13	1.24469e-13	1.24469e-13	1.24469e-13	1.24469e-13	1.24469e-13	1.24469e-13	1.24469e-13	1.24469e-13	1.24469e-13	1.24469e-13	1.24469e-13	1.24469e-13	1.24469e-13	1.24469e-13	1.24469e-13	1.24469e-13	1.24469e-13	1.24469e-13	1.24469e-13	1.24469e-13	1.24469e-13	1.24469e-13	1.24469e-13	1.24469e-13	1.24469e-13	1.24469e-13	1.24469e-13	1.24469e-13	1.24469e-13	1.24469e-13	1.24469e-13	1.24469e-13	1.24469e-13	1.24469e-13	1.24469e-13	1.24469e-13	1.24469e-13	1.24469e-13	1.24469e-13	1.24469e-13	1.24469e-13	1.24469e-13	1.24469e-13	1.24469e-13	1.24469e-13	1.24469e-13
24.96	1.62493e-14	4.65176e-14	6.99243e-14	8.76457e-14	1.01240e-13	1.11756e-13	1.19842e-13	1.25927e-13	1.30344e-13	1.33392e-13	1.35365e-13	1.36547e-13	1.37190e-13	1.37503e-13	1.37635e-13	1.37683e-13	1.37698e-13	1.37701e-13	1.37702e-13	1.37702e-13	1.37702e-13	1.37702e-13	1.37702e-13	1.37702e-13	1.37702e-13	1.37702e-13	1.37702e-13	1.37702e-13	1.37702e-13	1.37702e-13	1.37702e-13	1.37702e-13	1.37702e-13	1.37702e-13	1.37702e-13	1.37702e-13	1.37702e-13	1.37702e-13	1.37702e-13	1.37702e-13	1.37702e-13	1.37702e-13	1.37702e-13	1.37702e-13	1.37702e-13	1.37702e-13	1.37702e-13	1.37702e-13	1.37702e-13	1.37702e-13	1.37702e-13	1.37702e-13	1.37702e-13	1.37702e-13	1.37702e-13	1.37702e-13	1.37702e-13	1.37702e-13	1.37702e-13	1.37702e-13	1.37702e-13	1.37702e-13	1.37702e-13	1.37702e-13	1.37702e-13	1.37702e-13	1.37702e-13	1.37702e-13	1.37702e-13	1.37702e-13	1.37702e-13	1.37702e-13	1.37702e-13	1.37702e-13	1.37702e-13	1.37702e-13	1.37702e-13	1.37702e-13	1.37702e-13	1.37702e-13	1.37702e-13	1.37702e-13	1.37702e-13	1.37702e-13	1.37702e-13	1.37702e-13	1.37702e-13	1.37702e-13	1.37702e-13	1.37702e-13	1.37702e-13	1.37702e-13	1.37702e-13	1.37702e-13	1.37702e-13	1.37702e-13	1.37702e-13	1.37702e-13	1.37702e-13	1.37702e-13	1.37702e-13
24.99	1.73568e-14	4.97945e-14	7.50240e-14	9.42734e-14	1.09190e-13	1.20877e-13	1.30010e-13	1.37023e-13	1.42240e-13	1.45951e-13	1.48444e-13	1.50005e-13	1.50901e-13	1.51366e-13	1.51579e-13	1.51664e-13	1.51692e-13	1.51700e-13	1.51702e-13	1.51702e-13	1.51702e-13	1.51702e-13	1.51702e-13	1.51702e-13	1.51702e-13	1.51702e-13	1.51702e-13	1.51702e-13	1.51702e-13	1.51702e-13	1.51702e-13	1.51702e-13	1.51702e-13	1.51702e-13	1.51702e-13	1.51702e-13	1.51702e-13	1.51702e-13	1.51702e-13	1.51702e-13	1.51702e-13	1.51702e-13	1.51702e-13	1.51702e-13	1.51702e-13	1.51702e-13	1.51702e-13	1.51702e-13	1.51702e-13	1.51702e-13	1.51702e-13	1.51702e-13	1.51702e-13	1.51702e-13	1.51702e-13	1.51702e-13	1.51702e-13	1.51702e-13	1.51702e-13	1.51702e-13	1.51702e-13	1.51702e-13	1.51702e-13	1.51702e-13	1.51702e-13	1.51702e-13	1.51702e-13	1.51702e-13	1.51702e-13	1.51702e-13	1.51702e-13	1.51702e-13	1.51702e-13	1.51702e-13	1.51702e-13	1.51702e-13	1.51702e-13	1.51702e-13	1.51702e-13	1.51702e-13	1.51702e-13	1.51702e-13	1.51702e-13	1.51702e-13	1.51702e-13	1.51702e-13	1.51702e-13	1.51702e-13	1.51702e-13	1.51702e-13	1.51702e-13	1.51702e-13	1.51702e-13	1.51702e-13	1.51702e-13	1.51702e-13	1.51702e-13	1.51702e-13	1.51702e-13	1.51702e-13	1.51702e-13
25.02	1.85035e-14	5.31790e-14	8.02805e-14	1.01095e-13	1.17366e-13	1.30258e-13	1.40478e-13	1.48466e-13	1.54541e-13	1.58982e-13	1.62065e-13	1.64074e-13	1.65286e-13	1.65952e-13	1.66279e-13	1.66420e-13	1.66473e-13	1.66489e-13	1.66492e-13	1.66493e-13	1.66493e-13	1.66493e-13	1.66493e-13	1.66493e-13	1.66493e-13	1.66493e-13	1.66493e-13	1.66493e-13	1.66493e-13	1.66493e-13	1.66493e-13	1.66493e-13	1.66493e-13	1.66493e-13	1.66493e-13	1.66493e-13	1.66493e-13	1.66493e-13	1.66493e-13	1.66493e-13	1.66493e-13	1.66493e-13	1.66493e-13	1.66493e-13	1.66493e-13	1.66493e-13	1.66493e-13	1.66493e-13	1.66493e-13	1.66493e-13	1.66493e-13	1.66493e-13	1.66493e-13	1.66493e-13	1.66493e-13	1.66493e-13	1.66493e-13	1.66493e-13	1.66493e-13	1.66493e-13	1.66493e-13	1.66493e-13	1.66493e-13	1.66493e-13	1.66493e-13	1.66493e-13	1.66493e-13	1.66493e-13	1.66493e-13	1.66493e-13	1.66493e-13	1.66493e-13	1.66493e-13	1.66493e-13	1.66493e-13	1.66493e-13	1.66493e-13	1.66493e-13	1.66493e-13	1.66493e-13	1.66493e-13	1.66493e-13	1.66493e-13	1.66493e-13	1.66493e-13	1.66493e-13	1.66493e-13	1.66493e-13	1.66493e-13	1.66493e-13	1.66493e-13	1.66493e-13	1.66493e-13	1.66493e-13	1.66493e-13	1.66493e-13	1.66493e-13	1.66493e-13	1.66493e-13	1.66493e-13	1.66493e-13
25.06	1.96954e-14	5.66860e-14	8.57141e-14	1.08134e-13	1.25792e-13	1.39921e-13	1.51262e-13	1.60267e-13	1.67252e-13	1.72483e-13	1.76224e-13	1.78751e-13	1.80343e-13	1.81265e-13	1.81749e-13	1.81973e-13	1.82064e-13	1.82095e-13	1.82104e-13	1.82106e-13	1.82106e-13	1.82106e-13	1.82106e-13	1.82106e-13	1.82106e-13	1.82106e-13	1.82106e-13	1.82106e-13	1.82106e-13	1.82106e-13	1.82106e-13	1.82106e-13	1.82106e-13	1.82106e-13	1.82106e-13	1.82106e-13	1.82106e-13	1.82106e-13	1.82106e-13	1.82106e-13	1.82106e-13	1.82106e-13	1.82106e-13	1.82106e-13	1.82106e-13	1.82106e-13	1.82106e-13	1.82106e-13	1.82106e-13	1.82106e-13	1.82106e-13	1.82106e-13	1.82106e-13	1.82106e-13	1.82106e-13	1.82106e-13	1.82106e-13	1.82106e-13	1.82106e-13	1.82106e-13	1.82106e-13	1.82106e-13	1.82106e-13	1.82106e-13	1.82106e-13	1.82106e-13	1.82106e-13	1.82106e-13	1.82106e-13	1.82106e-13	1.82106e-13	1.82106e-13	1.82106e-13	1.82106e-13	1.82106e-13	1.82106e-13	1.82106e-13	1.82106e-13	1.82106e-13	1.82106e-13	1.82106e-13	1.82106e-13	1.82106e-13	1.82106e-13	1.82106e-13	1.82106e-13	1.82106e-13	1.82106e-13	1.82106e-13	1.82106e-13	1.82106e-13	1.82106e-13	1.82106e-13	1.82106e-13	1.82106e-13	1.82106e-13	1.82106e-13	1.82106e-13	1.82106e-13	1.82106e-13	1.82106e-13
25.09	2.09379e-14	6.03317e-14	9.13480e-14	1.15418e-13	1.34496e-13	1.49892e-13	1.62387e-13	1.72446e-13	1.80386e-13	1.86461e-13	1.90923e-13	1.94036e-13	1.96076e-13	1.97316e-13	1.98003e-13	1.98346e-13	1.98496e-13	1.98552e-13	1.98570e-13	1.98574e-13	1.98575e-13	1.98575e-13	1.98575e-13	1.98575e-13	1.98575e-13	1.98575e-13	1.98575e-13	1.98575e-13	1.98575e-13	1.98575e-13	1.98575e-13	1.98575e-13	1.98575e-13	1.98575e-13	1.98575e-13	1.98575e-13	1.98575e-13	1.98575e-13	1.98575e-13	1.98575e-13	1.98575e-13	1.98575e-13	1.98575e-13	1.98575e-13	1.98575e-13	1.98575e-13	1.98575e-13	1.98575e-13	1.98575e-13	1.98575e-13	1.98575e-13	1.98575e-13	1.98575e-13	1.98575e-13	1.98575e-13	1.98575e-13	1.98575e-13	1.98575e-13	1.98575e-13	1.98575e-13	1.98575e-13	1.98575e-13	1.98575e-13	1.98575e-13	1.98575e-13	1.98575e-13	1.98575e-13	1.98575e-13	1.98575e-13	1.98575e-13	1.98575e-13	1.98575e-13	1.98575e-13	1.98575e-13	1.98575e-13	1.98575e-13	1.98575e-13	1.98575e-13	1.98575e-13	1.98575e-13	1.98575e-13	1.98575e-13	1.98575e-13	1.98575e-13	1.98575e-13	1.98575e-13	1.98575e-13	1.98575e-13	1.98575e-13	1.98575e-13	1.98575e-13	1.98575e-13	1.98575e-13	1.98575e-13	1.98575e-13	1.98575e-13	1.98575e-13	1.98575e-13	1.98575e-13	1.98575e-13	1.98575e-13
25.13	2.22379e-14	6.41341e-14	9.72091e-14	1.22977e-13	1.43513e-13	1.60207e-13	1.73884e-13	1.85032e-13	1.93965e-13	2.00934e-13	2.06175e-13	2.09939e-13	2.12494e-13	2.14114e-13	2.15061e-13	2.15563e-13	2.15800e-13	2.15897e-13	2.15931e-13	2.15940e-13	2.15943e-13	2.15943e-13	2.15943e-13	2.15943e-13	2.15943e-13	2.15943e-13	2.15943e-13	2.15943e-13	2.15943e-13	2.15943e-13	2.15943e-13	2.15943e-13	2.15943e-13	2.15943e-13	2.15943e-13	2.15943e-13	2.15943e-13	2.15943e-13	2.15943e-13	2.15943e-13	2.15943e-13	2.15943e-13	2.15943e-13	2.15943e-13	2.15943e-13	2.15943e-13	2.15943e-13	2.15943e-13	2.15943e-13	2.15943e-13	2.15943e-13	2.15943e-13	2.15943e-13	2.15943e-13	2.15943e-13	2.15943e-13	2.15943e-13	2.15943e-13	2.15943e-13	2.15943e-13	2.15943e-13	2.15943e-13	2.15943e-13	2.15943e-13	2.15943e-13	2.15943e-13	2.15943e-13	2.15943e-13	2.15943e-13	2.15943e-13	2.15943e-13	2.15943e-13	2.15943e-13	2.15943e-13	2.15943e-13	2.15943e-13	2.15943e-13	2.15943e-13	2.15943e-13	2.15943e-13	2.15943e-13	2.15943e-13	2.15943e-13	2.15943e-13	2.15943e-13	2.15943e-13	2.15943e-13	2.15943e-13	2.15943e-13	2.15943e-13	2.15943e-13	2.15943e-13	2.15943e-13	2.15943e-13	2.15943e-13	2.15943e-13	2.15943e-13	2.15943e-13	2.15943e-13	2.15943e-13	2.15943e-13
25.16	2.36019e-14	6.81132e-14	1.03326e-13	1.30848e-13	1.52883e-13	1.70906e-13	1.85795e-13	1.98060e-13	2.08023e-13	2.15928e-13	2.22000e-13	2.26475e-13	2.29611e-13	2.31678e-13	2.32943e-13	2.33653e-13	2.34010e-13	2.34169e-13	2.34230e-13	2.34250e-13	2.34255e-13	2.34256e-13	2.34256e-13	2.34256e-13	2.34256e-13	2.34256e-13	2.34256e-13	2.34256e-13	2.34256e-13	2.34256e-13	2.34256e-13	2.34256e-13	2.34256e-13	2.34256e-13	2.34256e-13	2.34256e-13	2.34256e-13	2.34256e-13	2.34256e-13	2.34256e-13	2.34256e-13	2.34256e-13	2.34256e-13	2.34256e-13	2.34256e-13	2.34256e-13	2.34256e-13	2.34256e-13	2.34256e-13	2.34256e-13	2.34256e-13	2.34256e-13	2.34256e-13	2.34256e-13	2.34256e-13	2.34256e-13	2.34256e-13	2.34256e-13	2.34256e-13	2.34256e-13	2.34256e-13	2.34256e-13	2.34256e-13	2.34256e-13	2.34256e-13	2.34256e-13	2.34256e-13	2.34256e-13	2.34256e-13	2.34256e-13	2.34256e-13	2.34256e-13	2.34256e-13	2.34256e-13	2.34256e-13	2.34256e-13	2.34256e-13	2.34256e-13	2.34256e-13	2.34256e-13	2.34256e-13	2.34256e-13	2.34256e-13	2.34256e-13	2.34256e-13	2.34256e-13	2.34256e-13	2.34256e-13	2.34256e-13	2.34256e-13	2.34256e-13	2.34256e-13	2.34256e-13	2.34256e-13	2.34256e-13	2.34256e-13	2.34256e-13	2.34256e-13	2.34256e-13	2.34256e-13	2.34256e-13
25.19	2.50365e-14	7.22889e-14	1.09730e-13	1.39069e-13	1.62647e-13	1.82035e-13	1.98164e-13	2.11575e-13	2.22600e-13	2.31479e-13	2.38428e-13	2.43669e-13	2.47448e-13	2.50026e-13	2.51673e-13	2.52643e-13	2.53164e-13	2.53412e-13	2.53516e-13	2.53553e-13	2.53564e-13	2.53566e-13	2.53567e-13	2.53567e-13	2.53567e-13	2.53567e-13	2.53567e-13	2.53567e-13	2.53567e-13	2.53567e-13	2.53567e-13	2.53567e-13	2.53567e-13	2.53567e-13	2.53567e-13	2.53567e-13	2.53567e-13	2.53567e-13	2.53567e-13	2.53567e-13	2.53567e-13	2.53567e-13	2.53567e-13	2.53567e-13	2.53567e-13	2.53567e-13	2.53567e-13	2.53567e-13	2.53567e-13	2.53567e-13	2.53567e-13	2.53567e-13	2.53567e-13	2.53567e-13	2.53567e-13	2.53567e-13	2.53567e-13	2.53567e-13	2.53567e-13	2.53567e-13	2.53567e-13	2.53567e-13	2.53567e-13	2.53567e-13	2.53567e-13	2.53567e-13	2.53567e-13	2.53567e-13	2.53567e-13	2.53567e-13	2.53567e-13	2.53567e-13	2.53567e-13	2.53567e-13	2.53567e-13	2.53567e-13	2.53567e-13	2.53567e-13	2.53567e-13	2.53567e-13	2.53567e-13	2.53567e-13	2.53567e-13	2.53567e-13	2.53567e-13	2.53567e-13	2.53567e-13	2.53567e-13	2.53567e-13	2.53567e-13	2.53567e-13	2.53567e-13	2.53567e-13	2.53567e-13	2.53567e-13	2.53567e-13	2.53567e-13	2.53567e-13	2.53567e-13	2.53567e-13	2.53567e-13
25.23	2.65499e-14	7.66833e-14	1.16455e-13	1.47681e-13	1.72854e-13	1.93645e-13	2.11047e-13	2.25631e-13	2.37745e-13	2.47632e-13	2.55499e-13	2.61556e-13	2.66036e-13	2.69188e-13	2.71279e-13	2.72569e-13	2.73299e-13	2.73672e-13	2.73841e-13	2.73906e-13	2.73928e-13	2.73934e-13	2.73935e-13	2.73935e-13	2.73935e-13	2.73935e-13	2.73935e-13	2.73935e-13	2.73935e-13	2.73935e-13	2.73935e-13	2.73935e-13	2.73935e-13	2.73935e-13	2.73935e-13	2.73935e-13	2.73935e-13	2.73935e-13	2.73935e-13	2.73935e-13	2.73935e-13	2.73935e-13	2.73935e-13	2.73935e-13	2.73935e-13	2.73935e-13	2.73935e-13	2.73935e-13	2.73935e-13	2.73935e-13	2.73935e-13	2.73935e-13	2.73935e-13	2.73935e-13	2.73935e-13	2.73935e-13	2.73935e-13	2.73935e-13	2.73935e-13	2.73935e-13	2.73935e-13	2.73935e-13	2.73935e-13	2.73935e-13	2.73935e-13	2.73935e-13	2.73935e-13	2.73935e-13	2.73935e-13	2.73935e-13	2.73935e-13	2.73935e-13	2.73935e-13	2.73935e-13	2.73935e-13	2.73935e-13	2.73935e-13	2.73935e-13	2.73935e-13	2.73935e-13	2.73935e-13	2.73935e-13	2.73935e-13	2.73935e-13	2.73935e-13	2.73935e-13	2.73935e-13	2.73935e-13	2.73935e-13	2.73935e-13	2.73935e-13	2.73935e-13	2.73935e-13	2.73935e-13	2.73935e-13	2.73935e-13	2.73935e-13	2.73935e-13	2.73935e-13	2.73935e-13	2.73935e-13
25.26	2.81508e-14	8.13201e-14	1.23535e-13	1.56731e-13	1.83557e-13	2.05794e-13	2.24501e-13	2.40288e-13	2.53519e-13	2.64443e-13	2.73263e-13	2.80181e-13	2.85413e-13	2.89199e-13	2.91796e-13	2.93467e-13	2.94460e-13	2.94999e-13	2.95261e-13	2.95371e-13	2.95412e-13	2.95424e-13	2.95427e-13	2.95427e-13	2.95427e-13	2.95427e-13	2.95427e-13	2.95427e-13	2.95427e-13	2.95427e-13	2.95427e-13	2.95427e-13	2.95427e-13	2.95427e-13	2.95427e-13	2.95427e-13	2.95427e-13	2.95427e-13	2.95427e-13	2.95427e-13	2.95427e-13	2.95427e-13	2.95427e-13	2.95427e-13	2.95427e-13	2.95427e-13	2.95427e-13	2.95427e-13	2.95427e-13	2.95427e-13	2.95427e-13	2.95427e-13	2.95427e-13	2.95427e-13	2.95427e-13	2.95427e-13	2.95427e-13	2.95427e-13	2.95427e-13	2.95427e-13	2.95427e-13	2.95427e-13	2.95427e-13	2.95427e-13	2.95427e-13	2.95427e-13	2.95427e-13	2.95427e-13	2.95427e-13	2.95427e-13	2.95427e-13	2.95427e-13	2.95427e-13	2.95427e-13	2.95427e-13	2.95427e-13	2.95427e-13	2.95427e-13	2.95427e-13	2.95427e-13	2.95427e-13	2.95427e-13	2.95427e-13	2.95427e-13	2.95427e-13	2.95427e-13	2.95427e-13	2.95427e-13	2.95427e-13	2.95427e-13	2.95427e-13	2.95427e-13	2.95427e-13	2.95427e-13	2.95427e-13	2.95427e-13	2.95427e-13	2.95427e-13	2.95427e-13	2.95427e-13	2.95427e-13
25.30	2.98469e-14	8.62250e-14	1.31009e-13	1.66265e-13	1.94810e-13	2.18543e-13	2.38593e-13	2.55612e-13	2.69987e-13	2.81976e-13	2.91782e-13	2.99598e-13	3.05630e-13	3.10105e-13	3.13269e-13	3.15380e-13	3.16694e-13	3.17446e-13	3.17835e-13	3.18013e-13	3.18084e-13	3.18108e-13	3.18114e-13	3.18116e-13	3.18116e-13	3.18116e-13	3.18116e-13	3.18116e-13	3.18116e-13	3.18116e-13	3.18116e-13	3.18116e-13	3.18116e-13	3.18116e-13	3.18116e-13	3.18116e-13	3.18116e-13	3.18116e-13	3.18116e-13	3.18116e-13	3.18116e-13	3.18116e-13	3.18116e-13	3.18116e-13	3.18116e-13	3.18116e-13	3.18116e-13	3.18116e-13	3.18116e-13	3.18116e-13	3.18116e-13	3.18116e-13	3.18116e-13	3.18116e-13	3.18116e-13	3.18116e-13	3.18116e-13	3.18116e-13	3.18116e-13	3.18116e-13	3.18116e-13	3.18116e-13	3.18116e-13	3.18116e-13	3.18116e-13	3.18116e-13	3.18116e-13	3.18116e-13	3.18116e-13	3.18116e-13	3.18116e-13	3.18116e-13	3.18116e-13	3.18116e-13	3.18116e-13	3.18116e-13	3.18116e-13	3.18116e-13	3.18116e-13	3.18116e-13	3.18116e-13	3.18116e-13	3.18116e-13	3.18116e-13	3.18116e-13	3.18116e-13	3.18116e-13	3.18116e-13	3.18116e-13	3.18116e-13	3.18116e-13	3.18116e-13	3.18116e-13	3.18116e-13	3.18116e-13	3.18116e-13	3.18116e-13	3.18116e-13	3.18116e-13	3.18116e-13	3.18116e-13
25.33	3.16460e-14	9.14213e-14	1.38915e-13	1.76333e-13	2.06672e-13	2.31956e-13	2.53390e-13	2.71675e-13	2.87222e-13	3.00303e-13	3.11123e-13	3.19871e-13	3.26744e-13	3.31957e-13	3.35745e-13	3.38358e-13	3.40051e-13	3.41067e-13	3.41625e-13	3.41900e-13	3.42018e-13	3.42062e-13	3.42075e-13	3.42079e-13	3.42079e-13	3.42079e-13	3.42079e-13	3.42079e-13	3.42079e-13	3.42079e-13	3.42079e-13	3.42079e-13	3.42079e-13	3.42079e-13	3.42079e-13	3.42079e-13	3.42079e-13	3.42079e-13	3.42079e-13	3.42079e-13	3.42079e-13	3.42079e-13	3.42079e-13	3.42079e-13	3.42079e-13	3.42079e-13	3.42079e-13	3.42079e-13	3.42079e-13	3.42079e-13	3.42079e-13	3.42079e-13	3.42079e-13	3.42079e-13	3.42079e-13	3.42079e-13	3.42079e-13	3.42079e-13	3.42079e-13	3.42079e-13	3.42079e-13	3.42079e-13	3.42079e-13	3.42079e-13	3.42079e-13	3.42079e-13	3.42079e-13	3.42079e-13	3.42079e-13	3.42079e-13	3.42079e-13	3.42079e-13	3.42079e-13	3.42079e-13	3.42079e-13	3.42079e-13	3.42079e-13	3.42079e-13	3.42079e-13	3.42079e-13	3.42079e-13	3.42079e-13	3.42079e-13	3.42079e-13	3.42079e-13	3.42079e-13	3.42079e-13	3.42079e-13	3.42079e-13	3.42079e-13	3.42079e-13	3.42079e-13	3.42079e-13	3.42079e-13	3.42079e-13	3.42079e-13	3.42079e-13	3.42079e-13	3.42079e-13	3.42079e-13	3.42079e-13
25.36	3.35592e-14	9.69375e-14	1.47296e-13	1.86988e-13	2.19206e-13	2.46103e-13	2.68970e-13	2.88557e-13	3.05306e-13	3.19505e-13	3.31365e-13	3.41076e-13	3.48827e-13	3.54822e-13	3.59286e-13	3.62458e-13	3.64588e-13	3.65926e-13	3.66699e-13	3.67105e-13	3.67294e-13	3.67370e-13	3.67396e-13	3.67403e-13	3.67405e-13	3.67405e-13	3.67405e-13	3.67405e-13	3.67405e-13	3.67405e-13	3.67405e-13	3.67405e-13	3.67405e-13	3.67405e-13	3.67405e-13	3.67405e-13	3.67405e-13	3.67405e-13	3.67405e-13	3.67405e-13	3.67405e-13	3.67405e-13	3.67405e-13	3.67405e-13	3.67405e-13	3.67405e-13	3.67405e-13	3.67405e-13	3.67405e-13	3.67405e-13	3.67405e-13	3.67405e-13	3.67405e-13	3.67405e-13	3.67405e-13	3.67405e-13	3.67405e-13	3.67405e-13	3.67405e-13	3.67405e-13	3.67405e-13	3.67405e-13	3.67405e-13	3.67405e-13	3.67405e-13	3.67405e-13	3.67405e-13	3.67405e-13	3.67405e-13	3.67405e-13	3.67405e-13	3.67405e-13	3.67405e-13	3.67405e-13	3.67405e-13	3.67405e-13	3.67405e-13	3.67405e-13	3.67405e-13	3.67405e-13	3.67405e-13	3.67405e-13	3.67405e-13	3.67405e-13	3.67405e-13	3.67405e-13	3.67405e-13	3.67405e-13	3.67405e-13	3.67405e-13	3.67405e-13	3.67405e-13	3.67405e-13	3.67405e-13	3.67405e-13	3.67405e-13	3.67405e-13	3.67405e-13	3.67405e-13	3.67405e-13	3.67405e-13
25.40	3.55952e-14	1.02801e-13	1.56194e-13	1.98286e-13	2.32475e-13	2.61057e-13	2.85411e-13	3.06342e-13	3.24326e-13	3.39670e-13	3.52596e-13	3.63297e-13	3.71958e-13	3.78775e-13	3.83961e-13	3.87746e-13	3.90373e-13	3.92088e-13	3.93128e-13	3.93706e-13	3.93994e-13	3.94120e-13	3.94168e-13	3.94183e-13	3.94187e-13	3.94188e-13	3.94188e-13	3.94188e-13	3.94188e-13	3.94188e-13	3.94188e-13	3.94188e-13	3.94188e-13	3.94188e-13	3.94188e-13	3.94188e-13	3.94188e-13	3.94188e-13	3.94188e-13	3.94188e-13	3.94188e-13	3.94188e-13	3.94188e-13	3.94188e-13	3.94188e-13	3.94188e-13	3.94188e-13	3.94188e-13	3.94188e-13	3.94188e-13	3.94188e-13	3.94188e-13	3.94188e-13	3.94188e-13	3.94188e-13	3.94188e-13	3.94188e-13	3.94188e-13	3.94188e-13	3.94188e-13	3.94188e-13	3.94188e-13	3.94188e-13	3.94188e-13	3.94188e-13	3.94188e-13	3.94188e-13	3.94188e-13	3.94188e-13	3.94188e-13	3.94188e-13	3.94188e-13	3.94188e-13	3.94188e-13	3.94188e-13	3.94188e-13	3.94188e-13	3.94188e-13	3.94188e-13	3.94188e-13	3.94188e-13	3.94188e-13	3.94188e-13	3.94188e-13	3.94188e-13	3.94188e-13	3.94188e-13	3.94188e-13	3.94188e-13	3.94188e-13	3.94188e-13	3.94188e-13	3.94188e-13	3.94188e-13	3.94188e-13	3.94188e-13	3.94188e-13	3.94188e-13	3.94188e-13	3.94188e-13	3.94188e-13
25.43	3.77633e-14	1.09041e-13	1.65654e-13	2.10283e-13	2.46548e-13	2.76895e-13	3.02798e-13	3.25120e-13	3.44375e-13	3.60893e-13	3.74911e-13	3.86627e-13	3.96227e-13	4.03901e-13	4.09852e-13	4.14299e-13	4.17477e-13	4.19626e-13	4.20988e-13	4.21783e-13	4.22206e-13	4.22406e-13	4.22488e-13	4.22517e-13	4.22525e-13	4.22527e-13	4.22527e-13	4.22527e-13	4.22527e-13	4.22527e-13	4.22527e-13	4.22527e-13	4.22527e-13	4.22527e-13	4.22527e-13	4.22527e-13	4.22527e-13	4.22527e-13	4.22527e-13	4.22527e-13	4.22527e-13	4.22527e-13	4.22527e-13	4.22527e-13	4.22527e-13	4.22527e-13	4.22527e-13	4.22527e-13	4.22527e-13	4.22527e-13	4.22527e-13	4.22527e-13	4.22527e-13	4.22527e-13	4.22527e-13	4.22527e-13	4.22527e-13	4.22527e-13	4.22527e-13	4.22527e-13	4.22527e-13	4.22527e-13	4.22527e-13	4.22527e-13	4.22527e-13	4.22527e-13	4.22527e-13	4.22527e-13	4.22527e-13	4.22527e-13	4.22527e-13	4.22527e-13	4.22527e-13	4.22527e-13	4.22527e-13	4.22527e-13	4.22527e-13	4.22527e-13	4.22527e-13	4.22527e-13	4.22527e-13	4.22527e-13	4.22527e-13	4.22527e-13	4.22527e-13	4.22527e-13	4.22527e-13	4.22527e-13	4.22527e-13	4.22527e-13	4.22527e-13	4.22527e-13	4.22527e-13	4.22527e-13	4.22527e-13	4.22527e-13	4.22527e-13	4.22527e-13	4.22527e-13	4.22527e-13	4.22527e-13
25.47	4.00728e-14	1.15686e-13	1.75720e-13	2.23038e-13	2.61494e-13	2.93695e-13	3.21216e-13	3.44982e-13	3.65550e-13	3.83276e-13	3.98413e-13	4.11169e-13	4.21733e-13	4.30293e-13	4.37046e-13	4.42201e-13	4.45981e-13	4.48620e-13	4.50358e-13	4.51422e-13	4.52020e-13	4.52323e-13	4.52458e-13	4.52510e-13	4.52526e-13	4.52531e-13	4.52532e-13	4.52532e-13	4.52532e-13	4.52532e-13	4.52532e-13	4.52532e-13	4.52532e-13	4.52532e-13	4.52532e-13	4.52532e-13	4.52532e-13	4.52532e-13	4.52532e-13	4.52532e-13	4.52532e-13	4.52532e-13	4.52532e-13	4.52532e-13	4.52532e-13	4.52532e-13	4.52532e-13	4.52532e-13	4.52532e-13	4.52532e-13	4.52532e-13	4.52532e-13	4.52532e-13	4.52532e-13	4.52532e-13	4.52532e-13	4.52532e-13	4.52532e-13	4.52532e-13	4.52532e-13	4.52532e-13	4.52532e-13	4.52532e-13	4.52532e-13	4.52532e-13	4.52532e-13	4.52532e-13	4.52532e-13	4.52532e-13	4.52532e-13	4.52532e-13	4.52532e-13	4.52532e-13	4.52532e-13	4.52532e-13	4.52532e-13	4.52532e-13	4.52532e-13	4.52532e-13	4.52532e-13	4.52532e-13	4.52532e-13	4.52532e-13	4.52532e-13	4.52532e-13	4.52532e-13	4.52532e-13	4.52532e-13	4.52532e-13	4.52532e-13	4.52532e-13	4.52532e-13	4.52532e-13	4.52532e-13	4.52532e-13	4.52532e-13	4.52532e-13	4.52532e-13	4.52532e-13	4.52532e-13	4.52532e-13
25.50	4.25358e-14	1.22768e-13	1.86442e-13	2.36614e-13	2.77388e-13	3.11541e-13	3.40757e-13	3.66029e-13	3.87957e-13	4.06926e-13	4.23211e-13	4.37032e-13	4.48585e-13	4.58059e-13	4.65646e-13	4.71548e-13	4.75977e-13	4.79160e-13	4.81329e-13	4.82715e-13	4.83533e-13	4.83974e-13	4.84185e-13	4.84274e-13	4.84306e-13	4.84315e-13	4.84317e-13	4.84318e-13	4.84318e-13	4.84318e-13	4.84318e-13	4.84318e-13	4.84318e-13	4.84318e-13	4.84318e-13	4.84318e-13	4.84318e-13	4.84318e-13	4.84318e-13	4.84318e-13	4.84318e-13	4.84318e-13	4.84318e-13	4.84318e-13	4.84318e-13	4.84318e-13	4.84318e-13	4.84318e-13	4.84318e-13	4.84318e-13	4.84318e-13	4.84318e-13	4.84318e-13	4.84318e-13	4.84318e-13	4.84318e-13	4.84318e-13	4.84318e-13	4.84318e-13	4.84318e-13	4.84318e-13	4.84318e-13	4.84318e-13	4.84318e-13	4.84318e-13	4.84318e-13	4.84318e-13	4.84318e-13	4.84318e-13	4.84318e-13	4.84318e-13	4.84318e-13	4.84318e-13	4.84318e-13	4.84318e-13	4.84318e-13	4.84318e-13	4.84318e-13	4.84318e-13	4.84318e-13	4.84318e-13	4.84318e-13	4.84318e-13	4.84318e-13	4.84318e-13	4.84318e-13	4.84318e-13	4.84318e-13	4.84318e-13	4.84318e-13	4.84318e-13	4.84318e-13	4.84318e-13	4.84318e-13	4.84318e-13	4.84318e-13	4.84318e-13	4.84318e-13	4.84318e-13	4.84318e-13	4.84318e-13
25.54	4.51624e-14	1.30317e-13	1.97867e-13	2.51073e-13	2.94304e-13	3.30520e-13	3.61518e-13	3.88363e-13	4.11703e-13	4.31957e-13	4.49422e-13	4.64335e-13	4.76902e-13	4.87314e-13	4.95765e-13	5.02448e-13	5.07568e-13	5.11343e-13	5.13997e-13	5.15758e-13	5.16847e-13	5.17466e-13	5.17784e-13	5.17928e-13	5.17985e-13	5.18003e-13	5.18008e-13	5.18009e-13	5.18010e-13	5.18010e-13	5.18010e-13	5.18010e-13	5.18010e-13	5.18010e-13	5.18010e-13	5.18010e-13	5.18010e-13	5.18010e-13	5.18010e-13	5.18010e-13	5.18010e-13	5.18010e-13	5.18010e-13	5.18010e-13	5.18010e-13	5.18010e-13	5.18010e-13	5.18010e-13	5.18010e-13	5.18010e-13	5.18010e-13	5.18010e-13	5.18010e-13	5.18010e-13	5.18010e-13	5.18010e-13	5.18010e-13	5.18010e-13	5.18010e-13	5.18010e-13	5.18010e-13	5.18010e-13	5.18010e-13	5.18010e-13	5.18010e-13	5.18010e-13	5.18010e-13	5.18010e-13	5.18010e-13	5.18010e-13	5.18010e-13	5.18010e-13	5.18010e-13	5.18010e-13	5.18010e-13	5.18010e-13	5.18010e-13	5.18010e-13	5.18010e-13	5.18010e-13	5.18010e-13	5.18010e-13	5.18010e-13	5.18010e-13	5.18010e-13	5.18010e-13	5.18010e-13	5.18010e-13	5.18010e-13	5.18010e-13	5.18010e-13	5.18010e-13	5.18010e-13	5.18010e-13	5.18010e-13	5.18010e-13	5.18010e-13	5.18010e-13	5.18010e-13	5.18010e-13	5.18010e-13
25.57	4.79634e-14	1.38368e-13	2.10048e-13	2.66483e-13	3.12321e-13	3.50720e-13	3.83595e-13	4.12091e-13	4.36904e-13	4.58490e-13	4.77171e-13	4.93205e-13	5.06809e-13	5.18184e-13	5.27523e-13	5.35018e-13	5.40868e-13	5.45279e-13	5.48468e-13	5.50657e-13	5.52068e-13	5.52912e-13	5.53371e-13	5.53595e-13	5.53691e-13	5.53725e-13	5.53736e-13	5.53739e-13	5.53739e-13	5.53739e-13	5.53739e-13	5.53739e-13	5.53739e-13	5.53739e-13	5.53739e-13	5.53739e-13	5.53739e-13	5.53739e-13	5.53739e-13	5.53739e-13	5.53739e-13	5.53739e-13	5.53739e-13	5.53739e-13	5.53739e-13	5.53739e-13	5.53739e-13	5.53739e-13	5.53739e-13	5.53739e-13	5.53739e-13	5.53739e-13	5.53739e-13	5.53739e-13	5.53739e-13	5.53739e-13	5.53739e-13	5.53739e-13	5.53739e-13	5.53739e-13	5.53739e-13	5.53739e-13	5.53739e-13	5.53739e-13	5.53739e-13	5.53739e-13	5.53739e-13	5.53739e-13	5.53739e-13	5.53739e-13	5.53739e-13	5.53739e-13	5.53739e-13	5.53739e-13	5.53739e-13	5.53739e-13	5.53739e-13	5.53739e-13	5.53739e-13	5.53739e-13	5.53739e-13	5.53739e-13	5.53739e-13	5.53739e-13	5.53739e-13	5.53739e-13	5.53739e-13	5.53739e-13	5.53739e-13	5.53739e-13	5.53739e-13	5.53739e-13	5.53739e-13	5.53739e-13	5.53739e-13	5.53739e-13	5.53739e-13	5.53739e-13	5.53739e-13	5.53739e-13	5.53739e-13
25.60	5.09511e-14	1.46955e-13	2.23037e-13	2.82910e-13	3.31522e-13	3.72234e-13	4.07094e-13	4.37325e-13	4.63679e-13	4.86649e-13	5.06588e-13	5.23774e-13	5.38442e-13	5.50802e-13	5.61054e-13	5.69389e-13	5.76000e-13	5.81087e-13	5.84858e-13	5.87527e-13	5.89312e-13	5.90428e-13	5.91070e-13	5.91404e-13	5.91558e-13	5.91619e-13	5.91640e-13	5.91646e-13	5.91647e-13	5.91647e-13	5.91647e-13	5.91647e-13	5.91647e-13	5.91647e-13	5.91647e-13	5.91647e-13	5.91647e-13	5.91647e-13	5.91647e-13	5.91647e-13	5.91647e-13	5.91647e-13	5.91647e-13	5.91647e-13	5.91647e-13	5.91647e-13	5.91647e-13	5.91647e-13	5.91647e-13	5.91647e-13	5.91647e-13	5.91647e-13	5.91647e-13	5.91647e-13	5.91647e-13	5.91647e-13	5.91647e-13	5.91647e-13	5.91647e-13	5.91647e-13	5.91647e-13	5.91647e-13	5.91647e-13	5.91647e-13	5.91647e-13	5.91647e-13	5.91647e-13	5.91647e-13	5.91647e-13	5.91647e-13	5.91647e-13	5.91647e-13	5.91647e-13	5.91647e-13	5.91647e-13	5.91647e-13	5.91647e-13	5.91647e-13	5.91647e-13	5.91647e-13	5.91647e-13	5.91647e-13	5.91647e-13	5.91647e-13	5.91647e-13	5.91647e-13	5.91647e-13	5.91647e-13	5.91647e-13	5.91647e-13	5.91647e-13	5.91647e-13	5.91647e-13	5.91647e-13	5.91647e-13	5.91647e-13	5.91647e-13	5.91647e-13	5.91647e-13	5.91647e-13	5.91647e-13
25.64	5.41365e-14	1.56112e-13	2.36888e-13	3.00424e-13	3.51989e-13	3.95159e-13	4.32119e-13	4.64179e-13	4.92150e-13	5.16565e-13	5.37808e-13	5.56183e-13	5.71943e-13	5.85313e-13	5.96499e-13	6.05698e-13	6.13100e-13	6.18899e-13	6.23293e-13	6.26490e-13	6.28701e-13	6.30140e-13	6.31009e-13	6.31488e-13	6.31725e-13	6.31828e-13	6.31867e-13	6.31879e-13	6.31882e-13	6.31882e-13	6.31882e-13	6.31882e-13	6.31882e-13	6.31882e-13	6.31882e-13	6.31882e-13	6.31882e-13	6.31882e-13	6.31882e-13	6.31882e-13	6.31882e-13	6.31882e-13	6.31882e-13	6.31882e-13	6.31882e-13	6.31882e-13	6.31882e-13	6.31882e-13	6.31882e-13	6.31882e-13	6.31882e-13	6.31882e-13	6.31882e-13	6.31882e-13	6.31882e-13	6.31882e-13	6.31882e-13	6.31882e-13	6.31882e-13	6.31882e-13	6.31882e-13	6.31882e-13	6.31882e-13	6.31882e-13	6.31882e-13	6.31882e-13	6.31882e-13	6.31882e-13	6.31882e-13	6.31882e-13	6.31882e-13	6.31882e-13	6.31882e-13	6.31882e-13	6.31882e-13	6.31882e-13	6.31882e-13	6.31882e-13	6.31882e-13	6.31882e-13	6.31882e-13	6.31882e-13	6.31882e-13	6.31882e-13	6.31882e-13	6.31882e-13	6.31882e-13	6.31882e-13	6.31882e-13	6.31882e-13	6.31882e-13	6.31882e-13	6.31882e-13	6.31882e-13	6.31882e-13	6.31882e-13	6.31882e-13	6.31882e-13	6.31882e-13	6.31882e-13	6.31882e-13
25.67	5.75325e-14	1.65875e-13	2.51659e-13	3.19101e-13	3.73809e-13	4.19593e-13	4.58781e-13	4.92775e-13	5.22447e-13	5.48373e-13	5.70973e-13	5.90578e-13	6.07462e-13	6.21867e-13	6.34011e-13	6.44097e-13	6.52315e-13	6.58857e-13	6.63913e-13	6.67681e-13	6.70367e-13	6.72179e-13	6.73323e-13	6.73988e-13	6.74339e-13	6.74504e-13	6.74571e-13	6.74594e-13	6.74600e-13	6.74602e-13	6.74602e-13	6.74602e-13	6.74602e-13	6.74602e-13	6.74602e-13	6.74602e-13	6.74602e-13	6.74602e-13	6.74602e-13	6.74602e-13	6.74602e-13	6.74602e-13	6.74602e-13	6.74602e-13	6.74602e-13	6.74602e-13	6.74602e-13	6.74602e-13	6.74602e-13	6.74602e-13	6.74602e-13	6.74602e-13	6.74602e-13	6.74602e-13	6.74602e-13	6.74602e-13	6.74602e-13	6.74602e-13	6.74602e-13	6.74602e-13	6.74602e-13	6.74602e-13	6.74602e-13	6.74602e-13	6.74602e-13	6.74602e-13	6.74602e-13	6.74602e-13	6.74602e-13	6.74602e-13	6.74602e-13	6.74602e-13	6.74602e-13	6.74602e-13	6.74602e-13	6.74602e-13	6.74602e-13	6.74602e-13	6.74602e-13	6.74602e-13	6.74602e-13	6.74602e-13	6.74602e-13	6.74602e-13	6.74602e-13	6.74602e-13	6.74602e-13	6.74602e-13	6.74602e-13	6.74602e-13	6.74602e-13	6.74602e-13	6.74602e-13	6.74602e-13	6.74602e-13	6.74602e-13	6.74602e-13	6.74602e-13	6.74602e-13	6.74602e-13	6.74602e-13
25.71	6.11511e-14	1.76283e-13	2.67407e-13	3.39014e-13	3.97073e-13	4.45638e-13	4.87193e-13	5.23235e-13	5.54701e-13	5.82215e-13	6.06232e-13	6.27112e-13	6.45156e-13	6.60624e-13	6.73750e-13	6.84743e-13	6.93802e-13	7.01113e-13	7.06864e-13	7.11245e-13	7.14451e-13	7.16687e-13	7.18155e-13	7.19050e-13	7.19551e-13	7.19802e-13	7.19914e-13	7.19956e-13	7.19969e-13	7.19972e-13	7.19973e-13	7.19973e-13	7.19973e-13	7.19973e-13	7.19973e-13	7.19973e-13	7.19973e-13	7.19973e-13	7.19973e-13	7.19973e-13	7.19973e-13	7.19973e-13	7.19973e-13	7.19973e-13	7.19973e-13	7.19973e-13	7.19973e-13	7.19973e-13	7.19973e-13	7.19973e-13	7.19973e-13	7.19973e-13	7.19973e-13	7.19973e-13	7.19973e-13	7.19973e-13	7.19973e-13	7.19973e-13	7.19973e-13	7.19973e-13	7.19973e-13	7.19973e-13	7.19973e-13	7.19973e-13	7.19973e-13	7.19973e-13	7.19973e-13	7.19973e-13	7.19973e-13	7.19973e-13	7.19973e-13	7.19973e-13	7.19973e-13	7.19973e-13	7.19973e-13	7.19973e-13	7.19973e-13	7.19973e-13	7.19973e-13	7.19973e-13	7.19973e-13	7.19973e-13	7.19973e-13	7.19973e-13	7.19973e-13	7.19973e-13	7.19973e-13	7.19973e-13	7.19973e-13	7.19973e-13	7.19973e-13	7.19973e-13	7.19973e-13	7.19973e-13	7.19973e-13	7.19973e-13	7.19973e-13	7.19973e-13	7.19973e-13	7.19973e-13	7.19973e-13
25.74	6.50063e-14	1.87373e-13	2.84191e-13	3.60241e-13	4.21872e-13	4.73401e-13	5.17473e-13	5.55689e-13	5.89052e-13	6.18236e-13	6.43737e-13	6.65945e-13	6.85189e-13	7.01753e-13	7.15885e-13	7.27809e-13	7.37728e-13	7.45834e-13	7.52309e-13	7.57338e-13	7.61107e-13	7.63813e-13	7.65654e-13	7.66828e-13	7.67518e-13	7.67887e-13	7.68063e-13	7.68136e-13	7.68162e-13	7.68169e-13	7.68171e-13	7.68171e-13	7.68171e-13	7.68171e-13	7.68171e-13	7.68171e-13	7.68171e-13	7.68171e-13	7.68171e-13	7.68171e-13	7.68171e-13	7.68171e-13	7.68171e-13	7.68171e-13	7.68171e-13	7.68171e-13	7.68171e-13	7.68171e-13	7.68171e-13	7.68171e-13	7.68171e-13	7.68171e-13	7.68171e-13	7.68171e-13	7.68171e-13	7.68171e-13	7.68171e-13	7.68171e-13	7.68171e-13	7.68171e-13	7.68171e-13	7.68171e-13	7.68171e-13	7.68171e-13	7.68171e-13	7.68171e-13	7.68171e-13	7.68171e-13	7.68171e-13	7.68171e-13	7.68171e-13	7.68171e-13	7.68171e-13	7.68171e-13	7.68171e-13	7.68171e-13	7.68171e-13	7.68171e-13	7.68171e-13	7.68171e-13	7.68171e-13	7.68171e-13	7.68171e-13	7.68171e-13	7.68171e-13	7.68171e-13	7.68171e-13	7.68171e-13	7.68171e-13	7.68171e-13	7.68171e-13	7.68171e-13	7.68171e-13	7.68171e-13	7.68171e-13	7.68171e-13	7.68171e-13	7.68171e-13	7.68171e-13	7.68171e-13	7.68171e-13
25.77	6.91108e-14	1.99186e-13	3.02074e-13	3.82862e-13	4.48303e-13	5.02990e-13	5.49742e-13	5.90267e-13	6.25640e-13	6.56588e-13	6.83648e-13	7.07244e-13	7.27734e-13	7.45427e-13	7.60594e-13	7.73471e-13	7.84273e-13	7.93195e-13	8.00420e-13	8.06128e-13	8.10499e-13	8.13720e-13	8.15982e-13	8.17481e-13	8.18406e-13	8.18929e-13	8.19195e-13	8.19315e-13	8.19361e-13	8.19376e-13	8.19380e-13	8.19381e-13	8.19381e-13	8.19381e-13	8.19381e-13	8.19381e-13	8.19381e-13	8.19381e-13	8.19381e-13	8.19381e-13	8.19381e-13	8.19381e-13	8.19381e-13	8.19381e-13	8.19381e-13	8.19381e-13	8.19381e-13	8.19381e-13	8.19381e-13	8.19381e-13	8.19381e-13	8.19381e-13	8.19381e-13	8.19381e-13	8.19381e-13	8.19381e-13	8.19381e-13	8.19381e-13	8.19381e-13	8.19381e-13	8.19381e-13	8.19381e-13	8.19381e-13	8.19381e-13	8.19381e-13	8.19381e-13	8.19381e-13	8.19381e-13	8.19381e-13	8.19381e-13	8.19381e-13	8.19381e-13	8.19381e-13	8.19381e-13	8.19381e-13	8.19381e-13	8.19381e-13	8.19381e-13	8.19381e-13	8.19381e-13	8.19381e-13	8.19381e-13	8.19381e-13	8.19381e-13	8.19381e-13	8.19381e-13	8.19381e-13	8.19381e-13	8.19381e-13	8.19381e-13	8.19381e-13	8.19381e-13	8.19381e-13	8.19381e-13	8.19381e-13	8.19381e-13	8.19381e-13	8.19381e-13	8.19381e-13	8.19381e-13	8.19381e-13
25.81	7.34789e-14	2.11763e-13	3.21120e-13	4.06960e-13	4.76464e-13	5.34519e-13	5.84126e-13	6.27108e-13	6.64614e-13	6.97428e-13	7.26128e-13	7.51179e-13	7.72968e-13	7.91832e-13	8.08063e-13	8.21919e-13	8.33624e-13	8.43383e-13	8.51382e-13	8.57797e-13	8.62803e-13	8.66579e-13	8.69308e-13	8.71180e-13	8.72385e-13	8.73102e-13	8.73490e-13	8.73678e-13	8.73758e-13	8.73786e-13	8.73794e-13	8.73796e-13	8.73797e-13	8.73797e-13	8.73797e-13	8.73797e-13	8.73797e-13	8.73797e-13	8.73797e-13	8.73797e-13	8.73797e-13	8.73797e-13	8.73797e-13	8.73797e-13	8.73797e-13	8.73797e-13	8.73797e-13	8.73797e-13	8.73797e-13	8.73797e-13	8.73797e-13	8.73797e-13	8.73797e-13	8.73797e-13	8.73797e-13	8.73797e-13	8.73797e-13	8.73797e-13	8.73797e-13	8.73797e-13	8.73797e-13	8.73797e-13	8.73797e-13	8.73797e-13	8.73797e-13	8.73797e-13	8.73797e-13	8.73797e-13	8.73797e-13	8.73797e-13	8.73797e-13	8.73797e-13	8.73797e-13	8.73797e-13	8.73797e-13	8.73797e-13	8.73797e-13	8.73797e-13	8.73797e-13	8.73797e-13	8.73797e-13	8.73797e-13	8.73797e-13	8.73797e-13	8.73797e-13	8.73797e-13	8.73797e-13	8.73797e-13	8.73797e-13	8.73797e-13	8.73797e-13	8.73797e-13	8.73797e-13	8.73797e-13	8.73797e-13	8.73797e-13	8.73797e-13	8.73797e-13	8.73797e-13	8.73797e-13	8.73797e-13
25.84	7.81257e-14	2.25147e-13	3.41396e-13	4.32621e-13	5.06458e-13	5.68105e-13	6.20755e-13	6.66353e-13	7.06127e-13	7.40918e-13	7.71351e-13	7.97930e-13	8.21077e-13	8.41157e-13	8.58489e-13	8.73350e-13	8.85981e-13	8.96598e-13	9.05391e-13	9.12537e-13	9.18209e-13	9.22575e-13	9.25814e-13	9.28106e-13	9.29638e-13	9.30593e-13	9.31139e-13	9.31422e-13	9.31551e-13	9.31602e-13	9.31619e-13	9.31623e-13	9.31624e-13	9.31624e-13	9.31624e-13	9.31624e-13	9.31624e-13	9.31624e-13	9.31624e-13	9.31624e-13	9.31624e-13	9.31624e-13	9.31624e-13	9.31624e-13	9.31624e-13	9.31624e-13	9.31624e-13	9.31624e-13	9.31624e-13	9.31624e-13	9.31624e-13	9.31624e-13	9.31624e-13	9.31624e-13	9.31624e-13	9.31624e-13	9.31624e-13	9.31624e-13	9.31624e-13	9.31624e-13	9.31624e-13	9.31624e-13	9.31624e-13	9.31624e-13	9.31624e-13	9.31624e-13	9.31624e-13	9.31624e-13	9.31624e-13	9.31624e-13	9.31624e-13	9.31624e-13	9.31624e-13	9.31624e-13	9.31624e-13	9.31624e-13	9.31624e-13	9.31624e-13	9.31624e-13	9.31624e-13	9.31624e-13	9.31624e-13	9.31624e-13	9.31624e-13	9.31624e-13	9.31624e-13	9.31624e-13	9.31624e-13	9.31624e-13	9.31624e-13	9.31624e-13	9.31624e-13	9.31624e-13	9.31624e-13	9.31624e-13	9.31624e-13	9.31624e-13	9.31624e-13	9.31624e-13	9.31624e-13	9.31624e-13
25.88	8.30675e-14	2.39384e-13	3.62972e-13	4.59935e-13	5.38393e-13	6.03870e-13	6.59766e-13	7.08151e-13	7.50338e-13	7.87228e-13	8.19496e-13	8.47684e-13	8.72254e-13	8.93602e-13	9.12075e-13	9.27972e-13	9.41554e-13	9.53049e-13	9.62656e-13	9.70556e-13	9.76919e-13	9.81909e-13	9.85695e-13	9.88451e-13	9.90357e-13	9.91595e-13	9.92340e-13	9.92749e-13	9.92950e-13	9.93036e-13	9.93068e-13	9.93077e-13	9.93079e-13	9.93080e-13	9.93080e-13	9.93080e-13	9.93080e-13	9.93080e-13	9.93080e-13	9.93080e-13	9.93080e-13	9.93080e-13	9.93080e-13	9.93080e-13	9.93080e-13	9.93080e-13	9.93080e-13	9.93080e-13	9.93080e-13	9.93080e-13	9.93080e-13	9.93080e-13	9.93080e-13	9.93080e-13	9.93080e-13	9.93080e-13	9.93080e-13	9.93080e-13	9.93080e-13	9.93080e-13	9.93080e-13	9.93080e-13	9.93080e-13	9.93080e-13	9.93080e-13	9.93080e-13	9.93080e-13	9.93080e-13	9.93080e-13	9.93080e-13	9.93080e-13	9.93080e-13	9.93080e-13	9.93080e-13	9.93080e-13	9.93080e-13	9.93080e-13	9.93080e-13	9.93080e-13	9.93080e-13	9.93080e-13	9.93080e-13	9.93080e-13	9.93080e-13	9.93080e-13	9.93080e-13	9.93080e-13	9.93080e-13	9.93080e-13	9.93080e-13	9.93080e-13	9.93080e-13	9.93080e-13	9.93080e-13	9.93080e-13	9.93080e-13	9.93080e-13	9.93080e-13	9.93080e-13	9.93080e-13	9.93080e-13
25.91	8.83184e-14	2.54522e-13	3.85920e-13	4.88996e-13	5.72378e-13	6.41941e-13	7.01298e-13	7.52654e-13	7.97411e-13	8.36532e-13	8.70744e-13	9.00634e-13	9.26701e-13	9.49375e-13	9.69033e-13	9.86001e-13	1.00056e-12	1.01296e-12	1.02340e-12	1.03207e-12	1.03915e-12	1.04479e-12	1.04916e-12	1.05242e-12	1.05474e-12	1.05631e-12	1.05730e-12	1.05787e-12	1.05817e-12	1.05831e-12	1.05836e-12	1.05838e-12	1.05839e-12	1.05839e-12	1.05839e-12	1.05839e-12	1.05839e-12	1.05839e-12	1.05839e-12	1.05839e-12	1.05839e-12	1.05839e-12	1.05839e-12	1.05839e-12	1.05839e-12	1.05839e-12	1.05839e-12	1.05839e-12	1.05839e-12	1.05839e-12	1.05839e-12	1.05839e-12	1.05839e-12	1.05839e-12	1.05839e-12	1.05839e-12	1.05839e-12	1.05839e-12	1.05839e-12	1.05839e-12	1.05839e-12	1.05839e-12	1.05839e-12	1.05839e-12	1.05839e-12	1.05839e-12	1.05839e-12	1.05839e-12	1.05839e-12	1.05839e-12	1.05839e-12	1.05839e-12	1.05839e-12	1.05839e-12	1.05839e-12	1.05839e-12	1.05839e-12	1.05839e-12	1.05839e-12	1.05839e-12	1.05839e-12	1.05839e-12	1.05839e-12	1.05839e-12	1.05839e-12	1.05839e-12	1.05839e-12	1.05839e-12	1.05839e-12	1.05839e-12	1.05839e-12	1.05839e-12	1.05839e-12	1.05839e-12	1.05839e-12	1.05839e-12	1.05839e-12	1.05839e-12	1.05839e-12	1.05839e-12	1.05839e-12
25.94	9.38977e-14	2.70610e-13	4.10317e-13	5.19901e-13	6.08531e-13	6.82449e-13	7.45498e-13	8.00022e-13	8.47516e-13	8.89014e-13	9.25290e-13	9.56982e-13	9.84626e-13	1.00869e-12	1.02959e-12	1.04767e-12	1.06323e-12	1.07655e-12	1.08785e-12	1.09732e-12	1.10513e-12	1.11145e-12	1.11643e-12	1.12023e-12	1.12301e-12	1.12496e-12	1.12623e-12	1.12701e-12	1.12744e-12	1.12765e-12	1.12774e-12	1.12778e-12	1.12779e-12	1.12779e-12	1.12779e-12	1.12779e-12	1.12779e-12	1.12779e-12	1.12779e-12	1.12779e-12	1.12779e-12	1.12779e-12	1.12779e-12	1.12779e-12	1.12779e-12	1.12779e-12	1.12779e-12	1.12779e-12	1.12779e-12	1.12779e-12	1.12779e-12	1.12779e-12	1.12779e-12	1.12779e-12	1.12779e-12	1.12779e-12	1.12779e-12	1.12779e-12	1.12779e-12	1.12779e-12	1.12779e-12	1.12779e-12	1.12779e-12	1.12779e-12	1.12779e-12	1.12779e-12	1.12779e-12	1.12779e-12	1.12779e-12	1.12779e-12	1.12779e-12	1.12779e-12	1.12779e-12	1.12779e-12	1.12779e-12	1.12779e-12	1.12779e-12	1.12779e-12	1.12779e-12	1.12779e-12	1.12779e-12	1.12779e-12	1.12779e-12	1.12779e-12	1.12779e-12	1.12779e-12	1.12779e-12	1.12779e-12	1.12779e-12	1.12779e-12	1.12779e-12	1.12779e-12	1.12779e-12	1.12779e-12	1.12779e-12	1.12779e-12	1.12779e-12	1.12779e-12	1.12779e-12	1.12779e-12	1.12779e-12
25.98	9.98195e-14	2.87698e-13	4.36241e-13	5.52751e-13	6.46970e-13	7.25531e-13	7.92516e-13	8.50419e-13	9.00833e-13	9.44859e-13	9.83332e-13	1.01693e-12	1.04625e-12	1.07178e-12	1.09396e-12	1.11320e-12	1.12981e-12	1.14408e-12	1.15625e-12	1.16653e-12	1.17510e-12	1.18211e-12	1.18774e-12	1.19211e-12	1.19540e-12	1.19776e-12	1.19936e-12	1.20038e-12	1.20098e-12	1.20130e-12	1.20145e-12	1.20151e-12	1.20153e-12	1.20154e-12	1.20154e-12	1.20154e-12	1.20154e-12	1.20154e-12	1.20154e-12	1.20154e-12	1.20154e-12	1.20154e-12	1.20154e-12	1.20154e-12	1.20154e-12	1.20154e-12	1.20154e-12	1.20154e-12	1.20154e-12	1.20154e-12	1.20154e-12	1.20154e-12	1.20154e-12	1.20154e-12	1.20154e-12	1.20154e-12	1.20154e-12	1.20154e-12	1.20154e-12	1.20154e-12	1.20154e-12	1.20154e-12	1.20154e-12	1.20154e-12	1.20154e-12	1.20154e-12	1.20154e-12	1.20154e-12	1.20154e-12	1.20154e-12	1.20154e-12	1.20154e-12	1.20154e-12	1.20154e-12	1.20154e-12	1.20154e-12	1.20154e-12	1.20154e-12	1.20154e-12	1.20154e-12	1.20154e-12	1.20154e-12	1.20154e-12	1.20154e-12	1.20154e-12	1.20154e-12	1.20154e-12	1.20154e-12	1.20154e-12	1.20154e-12	1.20154e-12	1.20154e-12	1.20154e-12	1.20154e-12	1.20154e-12	1.20154e-12	1.20154e-12	1.20154e-12	1.20154e-12	1.20154e-12	1.20154e-12
26.01	1.06104e-13	3.05838e-13	4.63772e-13	5.87651e-13	6.87820e-13	7.71327e-13	8.42509e-13	9.04016e-13	9.57543e-13	1.00426e-12	1.04508e-12	1.08071e-12	1.11178e-12	1.13886e-12	1.16241e-12	1.18285e-12	1.20054e-12	1.21579e-12	1.22886e-12	1.23997e-12	1.24931e-12	1.25705e-12	1.26333e-12	1.26831e-12	1.27213e-12	1.27495e-12	1.27694e-12	1.27825e-12	1.27905e-12	1.27951e-12	1.27974e-12	1.27984e-12	1.27988e-12	1.27989e-12	1.27989e-12	1.27989e-12	1.27989e-12	1.27989e-12	1.27989e-12	1.27989e-12	1.27989e-12	1.27989e-12	1.27989e-12	1.27989e-12	1.27989e-12	1.27989e-12	1.27989e-12	1.27989e-12	1.27989e-12	1.27989e-12	1.27989e-12	1.27989e-12	1.27989e-12	1.27989e-12	1.27989e-12	1.27989e-12	1.27989e-12	1.27989e-12	1.27989e-12	1.27989e-12	1.27989e-12	1.27989e-12	1.27989e-12	1.27989e-12	1.27989e-12	1.27989e-12	1.27989e-12	1.27989e-12	1.27989e-12	1.27989e-12	1.27989e-12	1.27989e-12	1.27989e-12	1.27989e-12	1.27989e-12	1.27989e-12	1.27989e-12	1.27989e-12	1.27989e-12	1.27989e-12	1.27989e-12	1.27989e-12	1.27989e-12	1.27989e-12	1.27989e-12	1.27989e-12	1.27989e-12	1.27989e-12	1.27989e-12	1.27989e-12	1.27989e-12	1.27989e-12	1.27989e-12	1.27989e-12	1.27989e-12	1.27989e-12	1.27989e-12	1.27989e-12	1.27989e-12	1.27989e-12	1.27989e-12
26.05	1.12774e-13	3.25091e-13	4.93002e-13	6.24715e-13	7.31217e-13	8.19992e-13	8.95646e-13	9.60996e-13	1.01784e-12	1.06744e-12	1.11074e-12	1.14853e-12	1.18148e-12	1.21019e-12	1.23516e-12	1.25687e-12	1.27569e-12	1.29196e-12	1.30595e-12	1.31792e-12	1.32805e-12	1.33652e-12	1.34349e-12	1.34910e-12	1.35349e-12	1.35680e-12	1.35920e-12	1.36085e-12	1.36191e-12	1.36253e-12	1.36287e-12	1.36303e-12	1.36310e-12	1.36312e-12	1.36313e-12	1.36313e-12	1.36313e-12	1.36313e-12	1.36313e-12	1.36313e-12	1.36313e-12	1.36313e-12	1.36313e-12	1.36313e-12	1.36313e-12	1.36313e-12	1.36313e-12	1.36313e-12	1.36313e-12	1.36313e-12	1.36313e-12	1.36313e-12	1.36313e-12	1.36313e-12	1.36313e-12	1.36313e-12	1.36313e-12	1.36313e-12	1.36313e-12	1.36313e-12	1.36313e-12	1.36313e-12	1.36313e-12	1.36313e-12	1.36313e-12	1.36313e-12	1.36313e-12	1.36313e-12	1.36313e-12	1.36313e-12	1.36313e-12	1.36313e-12	1.36313e-12	1.36313e-12	1.36313e-12	1.36313e-12	1.36313e-12	1.36313e-12	1.36313e-12	1.36313e-12	1.36313e-12	1.36313e-12	1.36313e-12	1.36313e-12	1.36313e-12	1.36313e-12	1.36313e-12	1.36313e-12	1.36313e-12	1.36313e-12	1.36313e-12	1.36313e-12	1.36313e-12	1.36313e-12	1.36313e-12	1.36313e-12	1.36313e-12	1.36313e-12	1.36313e-12	1.36313e-12	1.36313e-12
26.08	1.19846e-13	3.45516e-13	5.24020e-13	6.64059e-13	7.77296e-13	8.71679e-13	9.52099e-13	1.02155e-12	1.08193e-12	1.13459e-12	1.18055e-12	1.22064e-12	1.25558e-12	1.28601e-12	1.31250e-12	1.33553e-12	1.35553e-12	1.37285e-12	1.38780e-12	1.40064e-12	1.41159e-12	1.42082e-12	1.42849e-12	1.43475e-12	1.43973e-12	1.44358e-12	1.44644e-12	1.44846e-12	1.44981e-12	1.45065e-12	1.45113e-12	1.45137e-12	1.45148e-12	1.45153e-12	1.45154e-12	1.45154e-12	1.45155e-12	1.45155e-12	1.45155e-12	1.45155e-12	1.45155e-12	1.45155e-12	1.45155e-12	1.45155e-12	1.45155e-12	1.45155e-12	1.45155e-12	1.45155e-12	1.45155e-12	1.45155e-12	1.45155e-12	1.45155e-12	1.45155e-12	1.45155e-12	1.45155e-12	1.45155e-12	1.45155e-12	1.45155e-12	1.45155e-12	1.45155e-12	1.45155e-12	1.45155e-12	1.45155e-12	1.45155e-12	1.45155e-12	1.45155e-12	1.45155e-12	1.45155e-12	1.45155e-12	1.45155e-12	1.45155e-12	1.45155e-12	1.45155e-12	1.45155e-12	1.45155e-12	1.45155e-12	1.45155e-12	1.45155e-12	1.45155e-12	1.45155e-12	1.45155e-12	1.45155e-12	1.45155e-12	1.45155e-12	1.45155e-12	1.45155e-12	1.45155e-12	1.45155e-12	1.45155e-12	1.45155e-12	1.45155e-12	1.45155e-12	1.45155e-12	1.45155e-12	1.45155e-12	1.45155e-12	1.45155e-12	1.45155e-12	1.45155e-12	1.45155e-12	1.45155e-12
26.11	1.27348e-13	3.67182e-13	5.56927e-13	7.05810e-13	8.26209e-13	9.26559e-13	1.01205e-12	1.08587e-12	1.15003e-12	1.20596e-12	1.25474e-12	1.29728e-12	1.33434e-12	1.36661e-12	1.39469e-12	1.41912e-12	1.44035e-12	1.45877e-12	1.47471e-12	1.48846e-12	1.50023e-12	1.51024e-12	1.51863e-12	1.52556e-12	1.53116e-12	1.53557e-12	1.53892e-12	1.54137e-12	1.54306e-12	1.54415e-12	1.54481e-12	1.54516e-12	1.54534e-12	1.54541e-12	1.54544e-12	1.54545e-12	1.54545e-12	1.54545e-12	1.54545e-12	1.54545e-12	1.54545e-12	1.54545e-12	1.54545e-12	1.54545e-12	1.54545e-12	1.54545e-12	1.54545e-12	1.54545e-12	1.54545e-12	1.54545e-12	1.54545e-12	1.54545e-12	1.54545e-12	1.54545e-12	1.54545e-12	1.54545e-12	1.54545e-12	1.54545e-12	1.54545e-12	1.54545e-12	1.54545e-12	1.54545e-12	1.54545e-12	1.54545e-12	1.54545e-12	1.54545e-12	1.54545e-12	1.54545e-12	1.54545e-12	1.54545e-12	1.54545e-12	1.54545e-12	1.54545e-12	1.54545e-12	1.54545e-12	1.54545e-12	1.54545e-12	1.54545e-12	1.54545e-12	1.54545e-12	1.54545e-12	1.54545e-12	1.54545e-12	1.54545e-12	1.54545e-12	1.54545e-12	1.54545e-12	1.54545e-12	1.54545e-12	1.54545e-12	1.54545e-12	1.54545e-12	1.54545e-12	1.54545e-12	1.54545e-12	1.54545e-12	1.54545e-12	1.54545e-12	1.54545e-12	1.54545e-12	1.54545e-12
26.15	1.35298e-13	3.90152e-13	5.91826e-13	7.50099e-13	8.78107e-13	9.84804e-13	1.07570e-12	1.15416e-12	1.22235e-12	1.28177e-12	1.33357e-12	1.37871e-12	1.41803e-12	1.45225e-12	1.48203e-12	1.50793e-12	1.53046e-12	1.55002e-12	1.56700e-12	1.58167e-12	1.59431e-12	1.60510e-12	1.61423e-12	1.62185e-12	1.62810e-12	1.63309e-12	1.63697e-12	1.63987e-12	1.64194e-12	1.64333e-12	1.64421e-12	1.64471e-12	1.64497e-12	1.64509e-12	1.64514e-12	1.64516e-12	1.64516e-12	1.64516e-12	1.64516e-12	1.64516e-12	1.64516e-12	1.64516e-12	1.64516e-12	1.64516e-12	1.64516e-12	1.64516e-12	1.64516e-12	1.64516e-12	1.64516e-12	1.64516e-12	1.64516e-12	1.64516e-12	1.64516e-12	1.64516e-12	1.64516e-12	1.64516e-12	1.64516e-12	1.64516e-12	1.64516e-12	1.64516e-12	1.64516e-12	1.64516e-12	1.64516e-12	1.64516e-12	1.64516e-12	1.64516e-12	1.64516e-12	1.64516e-12	1.64516e-12	1.64516e-12	1.64516e-12	1.64516e-12	1.64516e-12	1.64516e-12	1.64516e-12	1.64516e-12	1.64516e-12	1.64516e-12	1.64516e-12	1.64516e-12	1.64516e-12	1.64516e-12	1.64516e-12	1.64516e-12	1.64516e-12	1.64516e-12	1.64516e-12	1.64516e-12	1.64516e-12	1.64516e-12	1.64516e-12	1.64516e-12	1.64516e-12	1.64516e-12	1.64516e-12	1.64516e-12	1.64516e-12	1.64516e-12	1.64516e-12	1.64516e-12	1.64516e-12
26.18	1.43725e-13	4.14503e-13	6.28831e-13	7.97068e-13	9.33159e-13	1.04660e-12	1.14325e-12	1.22666e-12	1.29914e-12	1.36227e-12	1.41729e-12	1.46522e-12	1.50694e-12	1.54324e-12	1.57481e-12	1.60227e-12	1.62616e-12	1.64694e-12	1.66498e-12	1.68062e-12	1.69414e-12	1.70574e-12	1.71563e-12	1.72396e-12	1.73086e-12	1.73647e-12	1.74091e-12	1.74430e-12	1.74679e-12	1.74852e-12	1.74966e-12	1.75034e-12	1.75072e-12	1.75091e-12	1.75099e-12	1.75102e-12	1.75103e-12	1.75103e-12	1.75103e-12	1.75103e-12	1.75103e-12	1.75103e-12	1.75103e-12	1.75103e-12	1.75103e-12	1.75103e-12	1.75103e-12	1.75103e-12	1.75103e-12	1.75103e-12	1.75103e-12	1.75103e-12	1.75103e-12	1.75103e-12	1.75103e-12	1.75103e-12	1.75103e-12	1.75103e-12	1.75103e-12	1.75103e-12	1.75103e-12	1.75103e-12	1.75103e-12	1.75103e-12	1.75103e-12	1.75103e-12	1.75103e-12	1.75103e-12	1.75103e-12	1.75103e-12	1.75103e-12	1.75103e-12	1.75103e-12	1.75103e-12	1.75103e-12	1.75103e-12	1.75103e-12	1.75103e-12	1.75103e-12	1.75103e-12	1.75103e-12	1.75103e-12	1.75103e-12	1.75103e-12	1.75103e-12	1.75103e-12	1.75103e-12	1.75103e-12	1.75103e-12	1.75103e-12	1.75103e-12	1.75103e-12	1.75103e-12	1.75103e-12	1.75103e-12	1.75103e-12	1.75103e-12	1.75103e-12	1.75103e-12	1.75103e-12	1.75103e-12
26.22	1.52655e-13	4.40314e-13	6.68057e-13	8.46867e-13	9.91538e-13	1.11215e-12	1.21491e-12	1.30359e-12	1.38064e-12	1.44774e-12	1.50619e-12	1.55708e-12	1.60136e-12	1.63987e-12	1.67335e-12	1.70247e-12	1.72780e-12	1.74984e-12	1.76901e-12	1.78566e-12	1.80008e-12	1.81253e-12	1.82319e-12	1.83224e-12	1.83982e-12	1.84606e-12	1.85108e-12	1.85499e-12	1.85794e-12	1.86005e-12	1.86149e-12	1.86240e-12	1.86293e-12	1.86321e-12	1.86334e-12	1.86340e-12	1.86341e-12	1.86342e-12	1.86342e-12	1.86342e-12	1.86342e-12	1.86342e-12	1.86342e-12	1.86342e-12	1.86342e-12	1.86342e-12	1.86342e-12	1.86342e-12	1.86342e-12	1.86342e-12	1.86342e-12	1.86342e-12	1.86342e-12	1.86342e-12	1.86342e-12	1.86342e-12	1.86342e-12	1.86342e-12	1.86342e-12	1.86342e-12	1.86342e-12	1.86342e-12	1.86342e-12	1.86342e-12	1.86342e-12	1.86342e-12	1.86342e-12	1.86342e-12	1.86342e-12	1.86342e-12	1.86342e-12	1.86342e-12	1.86342e-12	1.86342e-12	1.86342e-12	1.86342e-12	1.86342e-12	1.86342e-12	1.86342e-12	1.86342e-12	1.86342e-12	1.86342e-12	1.86342e-12	1.86342e-12	1.86342e-12	1.86342e-12	1.86342e-12	1.86342e-12	1.86342e-12	1.86342e-12	1.86342e-12	1.86342e-12	1.86342e-12	1.86342e-12	1.86342e-12	1.86342e-12	1.86342e-12	1.86342e-12	1.86342e-12	1.86342e-12	1.86342e-12
26.25	1.62122e-13	4.67668e-13	7.09634e-13	8.99659e-13	1.05343e-12	1.18166e-12	1.29092e-12	1.38521e-12	1.46712e-12	1.53844e-12	1.60055e-12	1.65461e-12	1.70162e-12	1.74248e-12	1.77800e-12	1.80888e-12	1.83573e-12	1.85911e-12	1.87945e-12	1.89715e-12	1.91252e-12	1.92582e-12	1.93728e-12	1.94708e-12	1.95535e-12	1.96224e-12	1.96786e-12	1.97233e-12	1.97576e-12	1.97830e-12	1.98008e-12	1.98126e-12	1.98198e-12	1.98238e-12	1.98258e-12	1.98267e-12	1.98270e-12	1.98271e-12	1.98272e-12	1.98272e-12	1.98272e-12	1.98272e-12	1.98272e-12	1.98272e-12	1.98272e-12	1.98272e-12	1.98272e-12	1.98272e-12	1.98272e-12	1.98272e-12	1.98272e-12	1.98272e-12	1.98272e-12	1.98272e-12	1.98272e-12	1.98272e-12	1.98272e-12	1.98272e-12	1.98272e-12	1.98272e-12	1.98272e-12	1.98272e-12	1.98272e-12	1.98272e-12	1.98272e-12	1.98272e-12	1.98272e-12	1.98272e-12	1.98272e-12	1.98272e-12	1.98272e-12	1.98272e-12	1.98272e-12	1.98272e-12	1.98272e-12	1.98272e-12	1.98272e-12	1.98272e-12	1.98272e-12	1.98272e-12	1.98272e-12	1.98272e-12	1.98272e-12	1.98272e-12	1.98272e-12	1.98272e-12	1.98272e-12	1.98272e-12	1.98272e-12	1.98272e-12	1.98272e-12	1.98272e-12	1.98272e-12	1.98272e-12	1.98272e-12	1.98272e-12	1.98272e-12	1.98272e-12	1.98272e-12	1.98272e-12	1.98272e-12
26.28	1.72150e-13	4.96656e-13	7.53699e-13	9.55614e-13	1.11905e-12	1.25536e-12	1.37151e-12	1.47177e-12	1.55886e-12	1.63468e-12	1.70069e-12	1.75812e-12	1.80805e-12	1.85142e-12	1.88910e-12	1.92185e-12	1.95032e-12	1.97511e-12	1.99669e-12	2.01548e-12	2.03183e-12	2.04603e-12	2.05831e-12	2.06887e-12	2.07785e-12	2.08541e-12	2.09165e-12	2.09669e-12	2.10065e-12	2.10364e-12	2.10581e-12	2.10730e-12	2.10824e-12	2.10880e-12	2.10910e-12	2.10924e-12	2.10930e-12	2.10932e-12	2.10933e-12	2.10933e-12	2.10933e-12	2.10933e-12	2.10933e-12	2.10933e-12	2.10933e-12	2.10933e-12	2.10933e-12	2.10933e-12	2.10933e-12	2.10933e-12	2.10933e-12	2.10933e-12	2.10933e-12	2.10933e-12	2.10933e-12	2.10933e-12	2.10933e-12	2.10933e-12	2.10933e-12	2.10933e-12	2.10933e-12	2.10933e-12	2.10933e-12	2.10933e-12	2.10933e-12	2.10933e-12	2.10933e-12	2.10933e-12	2.10933e-12	2.10933e-12	2.10933e-12	2.10933e-12	2.10933e-12	2.10933e-12	2.10933e-12	2.10933e-12	2.10933e-12	2.10933e-12	2.10933e-12	2.10933e-12	2.10933e-12	2.10933e-12	2.10933e-12	2.10933e-12	2.10933e-12	2.10933e-12	2.10933e-12	2.10933e-12	2.10933e-12	2.10933e-12	2.10933e-12	2.10933e-12	2.10933e-12	2.10933e-12	2.10933e-12	2.10933e-12	2.10933e-12	2.10933e-12	2.10933e-12	2.10933e-12	2.10933e-12
26.32	1.82780e-13	5.27376e-13	8.00397e-13	1.01491e-12	1.18860e-12	1.33348e-12	1.45697e-12	1.56357e-12	1.65616e-12	1.73677e-12	1.80693e-12	1.86796e-12	1.92099e-12	1.96705e-12	2.00704e-12	2.04177e-12	2.07197e-12	2.09824e-12	2.12113e-12	2.14107e-12	2.15845e-12	2.17358e-12	2.18670e-12	2.19804e-12	2.20775e-12	2.21599e-12	2.22287e-12	2.22851e-12	2.23302e-12	2.23650e-12	2.23909e-12	2.24092e-12	2.24214e-12	2.24290e-12	2.24332e-12	2.24354e-12	2.24364e-12	2.24367e-12	2.24368e-12	2.24369e-12	2.24369e-12	2.24369e-12	2.24369e-12	2.24369e-12	2.24369e-12	2.24369e-12	2.24369e-12	2.24369e-12	2.24369e-12	2.24369e-12	2.24369e-12	2.24369e-12	2.24369e-12	2.24369e-12	2.24369e-12	2.24369e-12	2.24369e-12	2.24369e-12	2.24369e-12	2.24369e-12	2.24369e-12	2.24369e-12	2.24369e-12	2.24369e-12	2.24369e-12	2.24369e-12	2.24369e-12	2.24369e-12	2.24369e-12	2.24369e-12	2.24369e-12	2.24369e-12	2.24369e-12	2.24369e-12	2.24369e-12	2.24369e-12	2.24369e-12	2.24369e-12	2.24369e-12	2.24369e-12	2.24369e-12	2.24369e-12	2.24369e-12	2.24369e-12	2.24369e-12	2.24369e-12	2.24369e-12	2.24369e-12	2.24369e-12	2.24369e-12	2.24369e-12	2.24369e-12	2.24369e-12	2.24369e-12	2.24369e-12	2.24369e-12	2.24369e-12	2.24369e-12	2.24369e-12	2.24369e-12	2.24369e-12
26.35	1.94052e-13	5.59940e-13	8.49893e-13	1.07777e-12	1.26232e-12	1.41630e-12	1.54757e-12	1.66090e-12	1.75935e-12	1.84505e-12	1.91964e-12	1.98451e-12	2.04085e-12	2.08976e-12	2.13221e-12	2.16906e-12	2.20109e-12	2.22894e-12	2.25321e-12	2.27437e-12	2.29282e-12	2.30891e-12	2.32291e-12	2.33505e-12	2.34551e-12	2.35445e-12	2.36199e-12	2.36824e-12	2.37332e-12	2.37732e-12	2.38037e-12	2.38259e-12	2.38412e-12	2.38511e-12	2.38570e-12	2.38602e-12	2.38617e-12	2.38624e-12	2.38626e-12	2.38627e-12	2.38627e-12	2.38627e-12	2.38627e-12	2.38627e-12	2.38627e-12	2.38627e-12	2.38627e-12	2.38627e-12	2.38627e-12	2.38627e-12	2.38627e-12	2.38627e-12	2.38627e-12	2.38627e-12	2.38627e-12	2.38627e-12	2.38627e-12	2.38627e-12	2.38627e-12	2.38627e-12	2.38627e-12	2.38627e-12	2.38627e-12	2.38627e-12	2.38627e-12	2.38627e-12	2.38627e-12	2.38627e-12	2.38627e-12	2.38627e-12	2.38627e-12	2.38627e-12	2.38627e-12	2.38627e-12	2.38627e-12	2.38627e-12	2.38627e-12	2.38627e-12	2.38627e-12	2.38627e-12	2.38627e-12	2.38627e-12	2.38627e-12	2.38627e-12	2.38627e-12	2.38627e-12	2.38627e-12	2.38627e-12	2.38627e-12	2.38627e-12	2.38627e-12	2.38627e-12	2.38627e-12	2.38627e-12	2.38627e-12	2.38627e-12	2.38627e-12	2.38627e-12	2.38627e-12	2.38627e-12	2.38627e-12
26.39	2.06005e-13	5.94463e-13	9.02361e-13	1.14440e-12	1.34046e-12	1.50409e-12	1.64361e-12	1.76410e-12	1.86877e-12	1.95989e-12	2.03919e-12	2.10814e-12	2.16802e-12	2.21998e-12	2.26505e-12	2.30416e-12	2.33813e-12	2.36767e-12	2.39340e-12	2.41583e-12	2.43542e-12	2.45251e-12	2.46742e-12	2.48039e-12	2.49162e-12	2.50128e-12	2.50949e-12	2.51638e-12	2.52204e-12	2.52659e-12	2.53013e-12	2.53277e-12	2.53466e-12	2.53593e-12	2.53671e-12	2.53717e-12	2.53740e-12	2.53750e-12	2.53754e-12	2.53756e-12	2.53756e-12	2.53756e-12	2.53756e-12	2.53756e-12	2.53756e-12	2.53756e-12	2.53756e-12	2.53756e-12	2.53756e-12	2.53756e-12	2.53756e-12	2.53756e-12	2.53756e-12	2.53756e-12	2.53756e-12	2.53756e-12	2.53756e-12	2.53756e-12	2.53756e-12	2.53756e-12	2.53756e-12	2.53756e-12	2.53756e-12	2.53756e-12	2.53756e-12	2.53756e-12	2.53756e-12	2.53756e-12	2.53756e-12	2.53756e-12	2.53756e-12	2.53756e-12	2.53756e-12	2.53756e-12	2.53756e-12	2.53756e-12	2.53756e-12	2.53756e-12	2.53756e-12	2.53756e-12	2.53756e-12	2.53756e-12	2.53756e-12	2.53756e-12	2.53756e-12	2.53756e-12	2.53756e-12	2.53756e-12	2.53756e-12	2.53756e-12	2.53756e-12	2.53756e-12	2.53756e-12	2.53756e-12	2.53756e-12	2.53756e-12	2.53756e-12	2.53756e-12	2.53756e-12	2.53756e-12	2.53756e-12
26.42	2.18669e-13	6.31065e-13	9.57981e-13	1.21502e-12	1.42329e-12	1.59715e-12	1.74543e-12	1.87350e-12	1.98478e-12	2.08167e-12	2.16599e-12	2.23929e-12	2.30293e-12	2.35813e-12	2.40600e-12	2.44752e-12	2.48356e-12	2.51490e-12	2.54218e-12	2.56596e-12	2.58673e-12	2.60488e-12	2.62074e-12	2.63457e-12	2.64659e-12	2.65698e-12	2.66588e-12	2.67342e-12	2.67970e-12	2.68481e-12	2.68886e-12	2.69197e-12	2.69425e-12	2.69583e-12	2.69686e-12	2.69748e-12	2.69782e-12	2.69798e-12	2.69805e-12	2.69808e-12	2.69809e-12	2.69809e-12	2.69809e-12	2.69809e-12	2.69809e-12	2.69809e-12	2.69809e-12	2.69809e-12	2.69809e-12	2.69809e-12	2.69809e-12	2.69809e-12	2.69809e-12	2.69809e-12	2.69809e-12	2.69809e-12	2.69809e-12	2.69809e-12	2.69809e-12	2.69809e-12	2.69809e-12	2.69809e-12	2.69809e-12	2.69809e-12	2.69809e-12	2.69809e-12	2.69809e-12	2.69809e-12	2.69809e-12	2.69809e-12	2.69809e-12	2.69809e-12	2.69809e-12	2.69809e-12	2.69809e-12	2.69809e-12	2.69809e-12	2.69809e-12	2.69809e-12	2.69809e-12	2.69809e-12	2.69809e-12	2.69809e-12	2.69809e-12	2.69809e-12	2.69809e-12	2.69809e-12	2.69809e-12	2.69809e-12	2.69809e-12	2.69809e-12	2.69809e-12	2.69809e-12	2.69809e-12	2.69809e-12	2.69809e-12	2.69809e-12	2.69809e-12	2.69809e-12	2.69809e-12	2.69809e-12
26.45	2.32112e-13	6.69885e-13	1.01696e-12	1.28990e-12	1.51110e-12	1.69580e-12	1.85337e-12	1.98950e-12	2.10780e-12	2.21081e-12	2.30046e-12	2.37839e-12	2.44604e-12	2.50471e-12	2.55556e-12	2.59965e-12	2.63790e-12	2.67114e-12	2.70007e-12	2.72529e-12	2.74731e-12	2.76657e-12	2.78342e-12	2.79814e-12	2.81098e-12	2.82212e-12	2.83173e-12	2.83994e-12	2.84684e-12	2.85254e-12	2.85713e-12	2.86073e-12	2.86343e-12	2.86537e-12	2.86669e-12	2.86751e-12	2.86799e-12	2.86824e-12	2.86835e-12	2.86840e-12	2.86841e-12	2.86842e-12	2.86842e-12	2.86842e-12	2.86842e-12	2.86842e-12	2.86842e-12	2.86842e-12	2.86842e-12	2.86842e-12	2.86842e-12	2.86842e-12	2.86842e-12	2.86842e-12	2.86842e-12	2.86842e-12	2.86842e-12	2.86842e-12	2.86842e-12	2.86842e-12	2.86842e-12	2.86842e-12	2.86842e-12	2.86842e-12	2.86842e-12	2.86842e-12	2.86842e-12	2.86842e-12	2.86842e-12	2.86842e-12	2.86842e-12	2.86842e-12	2.86842e-12	2.86842e-12	2.86842e-12	2.86842e-12	2.86842e-12	2.86842e-12	2.86842e-12	2.86842e-12	2.86842e-12	2.86842e-12	2.86842e-12	2.86842e-12	2.86842e-12	2.86842e-12	2.86842e-12	2.86842e-12	2.86842e-12	2.86842e-12	2.86842e-12	2.86842e-12	2.86842e-12	2.86842e-12	2.86842e-12	2.86842e-12	2.86842e-12	2.86842e-12	2.86842e-12	2.86842e-12	2.86842e-12
26.49	2.46376e-13	7.11057e-13	1.07951e-12	1.36931e-12	1.60422e-12	1.80041e-12	1.96783e-12	2.11249e-12	2.23824e-12	2.34775e-12	2.44308e-12	2.52594e-12	2.59786e-12	2.66021e-12	2.71424e-12	2.76107e-12	2.80168e-12	2.83695e-12	2.86764e-12	2.89438e-12	2.91773e-12	2.93816e-12	2.95604e-12	2.97169e-12	2.98537e-12	2.99730e-12	3.00764e-12	3.01652e-12	3.02406e-12	3.03037e-12	3.03553e-12	3.03964e-12	3.04280e-12	3.04514e-12	3.04677e-12	3.04785e-12	3.04850e-12	3.04886e-12	3.04904e-12	3.04912e-12	3.04914e-12	3.04915e-12	3.04915e-12	3.04915e-12	3.04915e-12	3.04915e-12	3.04915e-12	3.04915e-12	3.04915e-12	3.04915e-12	3.04915e-12	3.04915e-12	3.04915e-12	3.04915e-12	3.04915e-12	3.04915e-12	3.04915e-12	3.04915e-12	3.04915e-12	3.04915e-12	3.04915e-12	3.04915e-12	3.04915e-12	3.04915e-12	3.04915e-12	3.04915e-12	3.04915e-12	3.04915e-12	3.04915e-12	3.04915e-12	3.04915e-12	3.04915e-12	3.04915e-12	3.04915e-12	3.04915e-12	3.04915e-12	3.04915e-12	3.04915e-12	3.04915e-12	3.04915e-12	3.04915e-12	3.04915e-12	3.04915e-12	3.04915e-12	3.04915e-12	3.04915e-12	3.04915e-12	3.04915e-12	3.04915e-12	3.04915e-12	3.04915e-12	3.04915e-12	3.04915e-12	3.04915e-12	3.04915e-12	3.04915e-12	3.04915e-12	3.04915e-12	3.04915e-12	3.04915e-12	3.04915e-12
26.52	2.61519e-13	7.54758e-13	1.14588e-12	1.45354e-12	1.70298e-12	1.91135e-12	2.08921e-12	2.24293e-12	2.37658e-12	2.49300e-12	2.59434e-12	2.68244e-12	2.75891e-12	2.82519e-12	2.88262e-12	2.93236e-12	2.97549e-12	3.01293e-12	3.04548e-12	3.07384e-12	3.09860e-12	3.12025e-12	3.13923e-12	3.15585e-12	3.17042e-12	3.18315e-12	3.19423e-12	3.20381e-12	3.21201e-12	3.21894e-12	3.22468e-12	3.22933e-12	3.23298e-12	3.23575e-12	3.23775e-12	3.23911e-12	3.23997e-12	3.24048e-12	3.24075e-12	3.24087e-12	3.24092e-12	3.24094e-12	3.24094e-12	3.24094e-12	3.24094e-12	3.24094e-12	3.24094e-12	3.24094e-12	3.24094e-12	3.24094e-12	3.24094e-12	3.24094e-12	3.24094e-12	3.24094e-12	3.24094e-12	3.24094e-12	3.24094e-12	3.24094e-12	3.24094e-12	3.24094e-12	3.24094e-12	3.24094e-12	3.24094e-12	3.24094e-12	3.24094e-12	3.24094e-12	3.24094e-12	3.24094e-12	3.24094e-12	3.24094e-12	3.24094e-12	3.24094e-12	3.24094e-12	3.24094e-12	3.24094e-12	3.24094e-12	3.24094e-12	3.24094e-12	3.24094e-12	3.24094e-12	3.24094e-12	3.24094e-12	3.24094e-12	3.24094e-12	3.24094e-12	3.24094e-12	3.24094e-12	3.24094e-12	3.24094e-12	3.24094e-12	3.24094e-12	3.24094e-12	3.24094e-12	3.24094e-12	3.24094e-12	3.24094e-12	3.24094e-12	3.24094e-12	3.24094e-12	3.24094e-12	3.24094e-12
26.56	2.77605e-13	8.01158e-13	1.21632e-12	1.54293e-12	1.80776e-12	2.02905e-12	2.21796e-12	2.38128e-12	2.52332e-12	2.64706e-12	2.75481e-12	2.84848e-12	2.92978e-12	3.00025e-12	3.06128e-12	3.11415e-12	3.15995e-12	3.19970e-12	3.23424e-12	3.26432e-12	3.29058e-12	3.31354e-12	3.33366e-12	3.35131e-12	3.36679e-12	3.38035e-12	3.39220e-12	3.40250e-12	3.41137e-12	3.41894e-12	3.42528e-12	3.43049e-12	3.43466e-12	3.43789e-12	3.44028e-12	3.44197e-12	3.44309e-12	3.44378e-12	3.44416e-12	3.44436e-12	3.44444e-12	3.44447e-12	3.44448e-12	3.44448e-12	3.44448e-12	3.44448e-12	3.44448e-12	3.44448e-12	3.44448e-12	3.44448e-12	3.44448e-12	3.44448e-12	3.44448e-12	3.44448e-12	3.44448e-12	3.44448e-12	3.44448e-12	3.44448e-12	3.44448e-12	3.44448e-12	3.44448e-12	3.44448e-12	3.44448e-12	3.44448e-12	3.44448e-12	3.44448e-12	3.44448e-12	3.44448e-12	3.44448e-12	3.44448e-12	3.44448e-12	3.44448e-12	3.44448e-12	3.44448e-12	3.44448e-12	3.44448e-12	3.44448e-12	3.44448e-12	3.44448e-12	3.44448e-12	3.44448e-12	3.44448e-12	3.44448e-12	3.44448e-12	3.44448e-12	3.44448e-12	3.44448e-12	3.44448e-12	3.44448e-12	3.44448e-12	3.44448e-12	3.44448e-12	3.44448e-12	3.44448e-12	3.44448e-12	3.44448e-12	3.44448e-12	3.44448e-12	3.44448e-12	3.44448e-12	3.44448e-12
26.59	2.94696e-13	8.50444e-13	1.29112e-12	1.63782e-12	1.91898e-12	2.15394e-12	2.35457e-12	2.52807e-12	2.67900e-12	2.81052e-12	2.92505e-12	3.02464e-12	3.11108e-12	3.18601e-12	3.25089e-12	3.30707e-12	3.35574e-12	3.39795e-12	3.43461e-12	3.46653e-12	3.49437e-12	3.51872e-12	3.54005e-12	3.55877e-12	3.57521e-12	3.58965e-12	3.60229e-12	3.61333e-12	3.62289e-12	3.63110e-12	3.63806e-12	3.64385e-12	3.64856e-12	3.65228e-12	3.65511e-12	3.65716e-12	3.65858e-12	3.65948e-12	3.66002e-12	3.66031e-12	3.66044e-12	3.66050e-12	3.66052e-12	3.66052e-12	3.66052e-12	3.66052e-12	3.66052e-12	3.66052e-12	3.66052e-12	3.66052e-12	3.66052e-12	3.66052e-12	3.66052e-12	3.66052e-12	3.66052e-12	3.66052e-12	3.66052e-12	3.66052e-12	3.66052e-12	3.66052e-12	3.66052e-12	3.66052e-12	3.66052e-12	3.66052e-12	3.66052e-12	3.66052e-12	3.66052e-12	3.66052e-12	3.66052e-12	3.66052e-12	3.66052e-12	3.66052e-12	3.66052e-12	3.66052e-12	3.66052e-12	3.66052e-12	3.66052e-12	3.66052e-12	3.66052e-12	3.66052e-12	3.66052e-12	3.66052e-12	3.66052e-12	3.66052e-12	3.66052e-12	3.66052e-12	3.66052e-12	3.66052e-12	3.66052e-12	3.66052e-12	3.66052e-12	3.66052e-12	3.66052e-12	3.66052e-12	3.66052e-12	3.66052e-12	3.66052e-12	3.66052e-12	3.66052e-12	3.66052e-12	3.66052e-12
26.63	3.12871e-13	9.02824e-13	1.37059e-12	1.73860e-12	2.03706e-12	2.28652e-12	2.49958e-12	2.68387e-12	2.84422e-12	2.98398e-12	3.10572e-12	3.21159e-12	3.30350e-12	3.38316e-12	3.45215e-12	3.51186e-12	3.56358e-12	3.60841e-12	3.64734e-12	3.68121e-12	3.71074e-12	3.73656e-12	3.75918e-12	3.77903e-12	3.79648e-12	3.81182e-12	3.82529e-12	3.83709e-12	3.84736e-12	3.85624e-12	3.86383e-12	3.87021e-12	3.87548e-12	3.87971e-12	3.88301e-12	3.88547e-12	3.88721e-12	3.88838e-12	3.88910e-12	3.88951e-12	3.88972e-12	3.88981e-12	3.88985e-12	3.88986e-12	3.88986e-12	3.88986e-12	3.88986e-12	3.88986e-12	3.88986e-12	3.88986e-12	3.88986e-12	3.88986e-12	3.88986e-12	3.88986e-12	3.88986e-12	3.88986e-12	3.88986e-12	3.88986e-12	3.88986e-12	3.88986e-12	3.88986e-12	3.88986e-12	3.88986e-12	3.88986e-12	3.88986e-12	3.88986e-12	3.88986e-12	3.88986e-12	3.88986e-12	3.88986e-12	3.88986e-12	3.88986e-12	3.88986e-12	3.88986e-12	3.88986e-12	3.88986e-12	3.88986e-12	3.88986e-12	3.88986e-12	3.88986e-12	3.88986e-12	3.88986e-12	3.88986e-12	3.88986e-12	3.88986e-12	3.88986e-12	3.88986e-12	3.88986e-12	3.88986e-12	3.88986e-12	3.88986e-12	3.88986e-12	3.88986e-12	3.88986e-12	3.88986e-12	3.88986e-12	3.88986e-12	3.88986e-12	3.88986e-12	3.88986e-12	3.88986e-12
26.66	3.32203e-13	9.58517e-13	1.45505e-12	1.84567e-12	2.16249e-12	2.42733e-12	2.65355e-12	2.84927e-12	3.01960e-12	3.16811e-12	3.29750e-12	3.41004e-12	3.50775e-12	3.59245e-12	3.66580e-12	3.72928e-12	3.78425e-12	3.83188e-12	3.87322e-12	3.90917e-12	3.94051e-12	3.96789e-12	3.99187e-12	4.01292e-12	4.03143e-12	4.04772e-12	4.06205e-12	4.07463e-12	4.08564e-12	4.09520e-12	4.10343e-12	4.11043e-12	4.11628e-12	4.12105e-12	4.12483e-12	4.12773e-12	4.12985e-12	4.13131e-12	4.13226e-12	4.13283e-12	4.13313e-12	4.13328e-12	4.13334e-12	4.13336e-12	4.13337e-12	4.13337e-12	4.13337e-12	4.13337e-12	4.13337e-12	4.13337e-12	4.13337e-12	4.13337e-12	4.13337e-12	4.13337e-12	4.13337e-12	4.13337e-12	4.13337e-12	4.13337e-12	4.13337e-12	4.13337e-12	4.13337e-12	4.13337e-12	4.13337e-12	4.13337e-12	4.13337e-12	4.13337e-12	4.13337e-12	4.13337e-12	4.13337e-12	4.13337e-12	4.13337e-12	4.13337e-12	4.13337e-12	4.13337e-12	4.13337e-12	4.13337e-12	4.13337e-12	4.13337e-12	4.13337e-12	4.13337e-12	4.13337e-12	4.13337e-12	4.13337e-12	4.13337e-12	4.13337e-12	4.13337e-12	4.13337e-12	4.13337e-12	4.13337e-12	4.13337e-12	4.13337e-12	4.13337e-12	4.13337e-12	4.13337e-12	4.13337e-12	4.13337e-12	4.13337e-12	4.13337e-12	4.13337e-12	4.13337e-12	4.13337e-12
26.69	3.52778e-13	1.01777e-12	1.54487e-12	1.95950e-12	2.29579e-12	2.57693e-12	2.81711e-12	3.02494e-12	3.20586e-12	3.36363e-12	3.50113e-12	3.62075e-12	3.72463e-12	3.81468e-12	3.89267e-12	3.96016e-12	4.01859e-12	4.06921e-12	4.11312e-12	4.15130e-12	4.18455e-12	4.21359e-12	4.23903e-12	4.26135e-12	4.28097e-12	4.29826e-12	4.31349e-12	4.32688e-12	4.33864e-12	4.34891e-12	4.35780e-12	4.36543e-12	4.37186e-12	4.37719e-12	4.38149e-12	4.38486e-12	4.38738e-12	4.38919e-12	4.39040e-12	4.39116e-12	4.39160e-12	4.39182e-12	4.39192e-12	4.39196e-12	4.39197e-12	4.39198e-12	4.39198e-12	4.39198e-12	4.39198e-12	4.39198e-12	4.39198e-12	4.39198e-12	4.39198e-12	4.39198e-12	4.39198e-12	4.39198e-12	4.39198e-12	4.39198e-12	4.39198e-12	4.39198e-12	4.39198e-12	4.39198e-12	4.39198e-12	4.39198e-12	4.39198e-12	4.39198e-12	4.39198e-12	4.39198e-12	4.39198e-12	4.39198e-12	4.39198e-12	4.39198e-12	4.39198e-12	4.39198e-12	4.39198e-12	4.39198e-12	4.39198e-12	4.39198e-12	4.39198e-12	4.39198e-12	4.39198e-12	4.39198e-12	4.39198e-12	4.39198e-12	4.39198e-12	4.39198e-12	4.39198e-12	4.39198e-12	4.39198e-12	4.39198e-12	4.39198e-12	4.39198e-12	4.39198e-12	4.39198e-12	4.39198e-12	4.39198e-12	4.39198e-12	4.39198e-12	4.39198e-12	4.39198e-12	4.39198e-12
26.73	3.74693e-13	1.08084e-12	1.64044e-12	2.08058e-12	2.43753e-12	2.73595e-12	2.99093e-12	3.21160e-12	3.40374e-12	3.57133e-12	3.71742e-12	3.84456e-12	3.95498e-12	4.05072e-12	4.13364e-12	4.20540e-12	4.26751e-12	4.32131e-12	4.36797e-12	4.40851e-12	4.44382e-12	4.47463e-12	4.50161e-12	4.52527e-12	4.54608e-12	4.56442e-12	4.58058e-12	4.59483e-12	4.60737e-12	4.61836e-12	4.62794e-12	4.63620e-12	4.64325e-12	4.64915e-12	4.65399e-12	4.65784e-12	4.66081e-12	4.66299e-12	4.66451e-12	4.66550e-12	4.66610e-12	4.66643e-12	4.66659e-12	4.66666e-12	4.66668e-12	4.66669e-12	4.66669e-12	4.66669e-12	4.66669e-12	4.66669e-12	4.66669e-12	4.66669e-12	4.66669e-12	4.66669e-12	4.66669e-12	4.66669e-12	4.66669e-12	4.66669e-12	4.66669e-12	4.66669e-12	4.66669e-12	4.66669e-12	4.66669e-12	4.66669e-12	4.66669e-12	4.66669e-12	4.66669e-12	4.66669e-12	4.66669e-12	4.66669e-12	4.66669e-12	4.66669e-12	4.66669e-12	4.66669e-12	4.66669e-12	4.66669e-12	4.66669e-12	4.66669e-12	4.66669e-12	4.66669e-12	4.66669e-12	4.66669e-12	4.66669e-12	4.66669e-12	4.66669e-12	4.66669e-12	4.66669e-12	4.66669e-12	4.66669e-12	4.66669e-12	4.66669e-12	4.66669e-12	4.66669e-12	4.66669e-12	4.66669e-12	4.66669e-12	4.66669e-12	4.66669e-12	4.66669e-12	4.66669e-12	4.66669e-12
26.76	3.98048e-13	1.14801e-12	1.74218e-12	2.20943e-12	2.58832e-12	2.90509e-12	3.17576e-12	3.41003e-12	3.61406e-12	3.79206e-12	3.94727e-12	4.08236e-12	4.19973e-12	4.30151e-12	4.38967e-12	4.46597e-12	4.53200e-12	4.58919e-12	4.63878e-12	4.68185e-12	4.71933e-12	4.75204e-12	4.78065e-12	4.80575e-12	4.82782e-12	4.84726e-12	4.86441e-12	4.87955e-12	4.89290e-12	4.90464e-12	4.91491e-12	4.92383e-12	4.93150e-12	4.93799e-12	4.94338e-12	4.94776e-12	4.95119e-12	4.95378e-12	4.95565e-12	4.95691e-12	4.95771e-12	4.95818e-12	4.95842e-12	4.95853e-12	4.95857e-12	4.95859e-12	4.95859e-12	4.95859e-12	4.95859e-12	4.95859e-12	4.95859e-12	4.95859e-12	4.95859e-12	4.95859e-12	4.95859e-12	4.95859e-12	4.95859e-12	4.95859e-12	4.95859e-12	4.95859e-12	4.95859e-12	4.95859e-12	4.95859e-12	4.95859e-12	4.95859e-12	4.95859e-12	4.95859e-12	4.95859e-12	4.95859e-12	4.95859e-12	4.95859e-12	4.95859e-12	4.95859e-12	4.95859e-12	4.95859e-12	4.95859e-12	4.95859e-12	4.95859e-12	4.95859e-12	4.95859e-12	4.95859e-12	4.95859e-12	4.95859e-12	4.95859e-12	4.95859e-12	4.95859e-12	4.95859e-12	4.95859e-12	4.95859e-12	4.95859e-12	4.95859e-12	4.95859e-12	4.95859e-12	4.95859e-12	4.95859e-12	4.95859e-12	4.95859e-12	4.95859e-12	4.95859e-12	4.95859e-12	4.95859e-12
26.80	4.22956e-13	1.21961e-12	1.85057e-12	2.34663e-12	2.74884e-12	3.08507e-12	3.37238e-12	3.62109e-12	3.83772e-12	4.02675e-12	4.19161e-12	4.33515e-12	4.45988e-12	4.56807e-12	4.66179e-12	4.74292e-12	4.81313e-12	4.87393e-12	4.92664e-12	4.97240e-12	5.01221e-12	5.04694e-12	5.07730e-12	5.10392e-12	5.12731e-12	5.14793e-12	5.16612e-12	5.18219e-12	5.19638e-12	5.20889e-12	5.21989e-12	5.22948e-12	5.23779e-12	5.24489e-12	5.25085e-12	5.25576e-12	5.25969e-12	5.26272e-12	5.26497e-12	5.26655e-12	5.26759e-12	5.26822e-12	5.26857e-12	5.26874e-12	5.26882e-12	5.26885e-12	5.26885e-12	5.26886e-12	5.26886e-12	5.26886e-12	5.26886e-12	5.26886e-12	5.26886e-12	5.26886e-12	5.26886e-12	5.26886e-12	5.26886e-12	5.26886e-12	5.26886e-12	5.26886e-12	5.26886e-12	5.26886e-12	5.26886e-12	5.26886e-12	5.26886e-12	5.26886e-12	5.26886e-12	5.26886e-12	5.26886e-12	5.26886e-12	5.26886e-12	5.26886e-12	5.26886e-12	5.26886e-12	5.26886e-12	5.26886e-12	5.26886e-12	5.26886e-12	5.26886e-12	5.26886e-12	5.26886e-12	5.26886e-12	5.26886e-12	5.26886e-12	5.26886e-12	5.26886e-12	5.26886e-12	5.26886e-12	5.26886e-12	5.26886e-12	5.26886e-12	5.26886e-12	5.26886e-12	5.26886e-12	5.26886e-12	5.26886e-12	5.26886e-12	5.26886e-12	5.26886e-12	5.26886e-12	5.26886e-12
26.83	4.49527e-13	1.29597e-12	1.96611e-12	2.49282e-12	2.91981e-12	3.27671e-12	3.58168e-12	3.84569e-12	4.07567e-12	4.27640e-12	4.45149e-12	4.60398e-12	4.73652e-12	4.85151e-12	4.95114e-12	5.03739e-12	5.11205e-12	5.17669e-12	5.23272e-12	5.28135e-12	5.32365e-12	5.36052e-12	5.39274e-12	5.42098e-12	5.44579e-12	5.46765e-12	5.48694e-12	5.50399e-12	5.51907e-12	5.53238e-12	5.54412e-12	5.55441e-12	5.56337e-12	5.57109e-12	5.57764e-12	5.58310e-12	5.58755e-12	5.59106e-12	5.59372e-12	5.59565e-12	5.59697e-12	5.59781e-12	5.59830e-12	5.59856e-12	5.59868e-12	5.59872e-12	5.59874e-12	5.59875e-12	5.59875e-12	5.59875e-12	5.59875e-12	5.59875e-12	5.59875e-12	5.59875e-12	5.59875e-12	5.59875e-12	5.59875e-12	5.59875e-12	5.59875e-12	5.59875e-12	5.59875e-12	5.59875e-12	5.59875e-12	5.59875e-12	5.59875e-12	5.59875e-12	5.59875e-12	5.59875e-12	5.59875e-12	5.59875e-12	5.59875e-12	5.59875e-12	5.59875e-12	5.59875e-12	5.59875e-12	5.59875e-12	5.59875e-12	5.59875e-12	5.59875e-12	5.59875e-12	5.59875e-12	5.59875e-12	5.59875e-12	5.59875e-12	5.59875e-12	5.59875e-12	5.59875e-12	5.59875e-12	5.59875e-12	5.59875e-12	5.59875e-12	5.59875e-12	5.59875e-12	5.59875e-12	5.59875e-12	5.59875e-12	5.59875e-12	5.59875e-12	5.59875e-12	5.59875e-12	5.59875e-12
26.86	4.77896e-13	1.37744e-12	2.08933e-12	2.64868e-12	3.10201e-12	3.48088e-12	3.80458e-12	4.08482e-12	4.32897e-12	4.54209e-12	4.72803e-12	4.89000e-12	5.03082e-12	5.15302e-12	5.25893e-12	5.35062e-12	5.43000e-12	5.49873e-12	5.55829e-12	5.60998e-12	5.65493e-12	5.69409e-12	5.72830e-12	5.75827e-12	5.78459e-12	5.80776e-12	5.82822e-12	5.84630e-12	5.86230e-12	5.87646e-12	5.88896e-12	5.89997e-12	5.90960e-12	5.91795e-12	5.92511e-12	5.93114e-12	5.93613e-12	5.94013e-12	5.94324e-12	5.94555e-12	5.94719e-12	5.94828e-12	5.94894e-12	5.94932e-12	5.94950e-12	5.94959e-12	5.94962e-12	5.94963e-12	5.94963e-12	5.94963e-12	5.94963e-12	5.94963e-12	5.94963e-12	5.94963e-12	5.94963e-12	5.94963e-12	5.94963e-12	5.94963e-12	5.94963e-12	5.94963e-12	5.94963e-12	5.94963e-12	5.94963e-12	5.94963e-12	5.94963e-12	5.94963e-12	5.94963e-12	5.94963e-12	5.94963e-12	5.94963e-12	5.94963e-12	5.94963e-12	5.94963e-12	5.94963e-12	5.94963e-12	5.94963e-12	5.94963e-12	5.94963e-12	5.94963e-12	5.94963e-12	5.94963e-12	5.94963e-12	5.94963e-12	5.94963e-12	5.94963e-12	5.94963e-12	5.94963e-12	5.94963e-12	5.94963e-12	5.94963e-12	5.94963e-12	5.94963e-12	5.94963e-12	5.94963e-12	5.94963e-12	5.94963e-12	5.94963e-12	5.94963e-12	5.94963e-12	5.94963e-12	5.94963e-12
26.90	5.08204e-13	1.46443e-12	2.22085e-12	2.81495e-12	3.29630e-12	3.69851e-12	4.04213e-12	4.33959e-12	4.59875e-12	4.82500e-12	5.02244e-12	5.19447e-12	5.34406e-12	5.47391e-12	5.58647e-12	5.68395e-12	5.76834e-12	5.84141e-12	5.90474e-12	5.95969e-12	6.00746e-12	6.04907e-12	6.08540e-12	6.11720e-12	6.14513e-12	6.16970e-12	6.19139e-12	6.21056e-12	6.22754e-12	6.24257e-12	6.25588e-12	6.26762e-12	6.27794e-12	6.28695e-12	6.29473e-12	6.30135e-12	6.30689e-12	6.31141e-12	6.31499e-12	6.31772e-12	6.31972e-12	6.32109e-12	6.32197e-12	6.32249e-12	6.32277e-12	6.32290e-12	6.32296e-12	6.32297e-12	6.32298e-12	6.32298e-12	6.32298e-12	6.32298e-12	6.32298e-12	6.32298e-12	6.32298e-12	6.32298e-12	6.32298e-12	6.32298e-12	6.32298e-12	6.32298e-12	6.32298e-12	6.32298e-12	6.32298e-12	6.32298e-12	6.32298e-12	6.32298e-12	6.32298e-12	6.32298e-12	6.32298e-12	6.32298e-12	6.32298e-12	6.32298e-12	6.32298e-12	6.32298e-12	6.32298e-12	6.32298e-12	6.32298e-12	6.32298e-12	6.32298e-12	6.32298e-12	6.32298e-12	6.32298e-12	6.32298e-12	6.32298e-12	6.32298e-12	6.32298e-12	6.32298e-12	6.32298e-12	6.32298e-12	6.32298e-12	6.32298e-12	6.32298e-12	6.32298e-12	6.32298e-12	6.32298e-12	6.32298e-12	6.32298e-12	6.32298e-12	6.32298e-12	6.32298e-12	6.32298e-12
26.93	5.40604e-13	1.55738e-12	2.36129e-12	2.99243e-12	3.50362e-12	3.93065e-12	4.29542e-12	4.61116e-12	4.88626e-12	5.12644e-12	5.33606e-12	5.51874e-12	5.67763e-12	5.81559e-12	5.93520e-12	6.03881e-12	6.12853e-12	6.20623e-12	6.27356e-12	6.33198e-12	6.38275e-12	6.42697e-12	6.46556e-12	6.49933e-12	6.52896e-12	6.55503e-12	6.57802e-12	6.59835e-12	6.61636e-12	6.63231e-12	6.64645e-12	6.65897e-12	6.67000e-12	6.67967e-12	6.68808e-12	6.69531e-12	6.70141e-12	6.70647e-12	6.71056e-12	6.71374e-12	6.71612e-12	6.71782e-12	6.71896e-12	6.71966e-12	6.72006e-12	6.72026e-12	6.72035e-12	6.72038e-12	6.72040e-12	6.72040e-12	6.72040e-12	6.72040e-12	6.72040e-12	6.72040e-12	6.72040e-12	6.72040e-12	6.72040e-12	6.72040e-12	6.72040e-12	6.72040e-12	6.72040e-12	6.72040e-12	6.72040e-12	6.72040e-12	6.72040e-12	6.72040e-12	6.72040e-12	6.72040e-12	6.72040e-12	6.72040e-12	6.72040e-12	6.72040e-12	6.72040e-12	6.72040e-12	6.72040e-12	6.72040e-12	6.72040e-12	6.72040e-12	6.72040e-12	6.72040e-12	6.72040e-12	6.72040e-12	6.72040e-12	6.72040e-12	6.72040e-12	6.72040e-12	6.72040e-12	6.72040e-12	6.72040e-12	6.72040e-12	6.72040e-12	6.72040e-12	6.72040e-12	6.72040e-12	6.72040e-12	6.72040e-12	6.72040e-12	6.72040e-12	6.72040e-12	6.72040e-12	6.72040e-12
26.97	5.75246e-13	1.65673e-12	2.51134e-12	3.18198e-12	3.72496e-12	4.17840e-12	4.56565e-12	4.90081e-12	5.19281e-12	5.44776e-12	5.67030e-12	5.86427e-12	6.03302e-12	6.17957e-12	6.30667e-12	6.41678e-12	6.51215e-12	6.59476e-12	6.66635e-12	6.72847e-12	6.78244e-12	6.82943e-12	6.87043e-12	6.90630e-12	6.93775e-12	6.96541e-12	6.98980e-12	7.01135e-12	7.03044e-12	7.04737e-12	7.06238e-12	7.07569e-12	7.08746e-12	7.09782e-12	7.10688e-12	7.11472e-12	7.12142e-12	7.12703e-12	7.13163e-12	7.13529e-12	7.13810e-12	7.14016e-12	7.14159e-12	7.14251e-12	7.14307e-12	7.14336e-12	7.14351e-12	7.14357e-12	7.14359e-12	7.14359e-12	7.14360e-12	7.14360e-12	7.14360e-12	7.14360e-12	7.14360e-12	7.14360e-12	7.14360e-12	7.14360e-12	7.14360e-12	7.14360e-12	7.14360e-12	7.14360e-12	7.14360e-12	7.14360e-12	7.14360e-12	7.14360e-12	7.14360e-12	7.14360e-12	7.14360e-12	7.14360e-12	7.14360e-12	7.14360e-12	7.14360e-12	7.14360e-12	7.14360e-12	7.14360e-12	7.14360e-12	7.14360e-12	7.14360e-12	7.14360e-12	7.14360e-12	7.14360e-12	7.14360e-12	7.14360e-12	7.14360e-12	7.14360e-12	7.14360e-12	7.14360e-12	7.14360e-12	7.14360e-12	7.14360e-12	7.14360e-12	7.14360e-12	7.14360e-12	7.14360e-12	7.14360e-12	7.14360e-12	7.14360e-12	7.14360e-12	7.14360e-12	7.14360e-12
27.00	6.12335e-13	1.76300e-12	2.67178e-12	3.38457e-12	3.96142e-12	4.44298e-12	4.85414e-12	5.20993e-12	5.51988e-12	5.79050e-12	6.02674e-12	6.23268e-12	6.41187e-12	6.56753e-12	6.70256e-12	6.81958e-12	6.92094e-12	7.00876e-12	7.08488e-12	7.15092e-12	7.20831e-12	7.25826e-12	7.30183e-12	7.33993e-12	7.37332e-12	7.40268e-12	7.42855e-12	7.45140e-12	7.47164e-12	7.48959e-12	7.50553e-12	7.51967e-12	7.53220e-12	7.54327e-12	7.55300e-12	7.56147e-12	7.56877e-12	7.57495e-12	7.58009e-12	7.58425e-12	7.58752e-12	7.58997e-12	7.59173e-12	7.59292e-12	7.59366e-12	7.59408e-12	7.59430e-12	7.59440e-12	7.59444e-12	7.59445e-12	7.59445e-12	7.59445e-12	7.59445e-12	7.59445e-12	7.59445e-12	7.59445e-12	7.59445e-12	7.59445e-12	7.59445e-12	7.59445e-12	7.59445e-12	7.59445e-12	7.59445e-12	7.59445e-12	7.59445e-12	7.59445e-12	7.59445e-12	7.59445e-12	7.59445e-12	7.59445e-12	7.59445e-12	7.59445e-12	7.59445e-12	7.59445e-12	7.59445e-12	7.59445e-12	7.59445e-12	7.59445e-12	7.59445e-12	7.59445e-12	7.59445e-12	7.59445e-12	7.59445e-12	7.59445e-12	7.59445e-12	7.59445e-12	7.59445e-12	7.59445e-12	7.59445e-12	7.59445e-12	7.59445e-12	7.59445e-12	7.59445e-12	7.59445e-12	7.59445e-12	7.59445e-12	7.59445e-12	7.59445e-12	7.59445e-12	7.59445e-12	7.59445e-12
