# NeutrinoPhotonInteraction/NeutrinoElectronPhotonInteraction cumulative differential rate
# photon field: Universal Radio Background from Nitu et al. Astropart. Phys. 126 (2021) 102532
# Produced with crpropa-data version: 46ed1c9127d9db1ada639cd62ffba21fb69943ae
# log10(E/eV), d(1/lambda)/ds_kin [1/Mpc/eV^2] for log10(s_kin/eV^2) as given in first row
0.00	2.18462e+01	2.19077e+01	2.19692e+01	2.20308e+01	2.20923e+01	2.21538e+01	2.22154e+01	2.22769e+01	2.23385e+01	2.24000e+01	2.24615e+01	2.25231e+01	2.25846e+01	2.26462e+01	2.27077e+01	2.27692e+01	2.28308e+01	2.28923e+01	2.29538e+01	2.30154e+01	2.30769e+01	2.31385e+01	2.32000e+01	2.32615e+01	2.33231e+01	2.33846e+01	2.34462e+01	2.35077e+01	2.35692e+01	2.36308e+01	2.36923e+01	2.37538e+01	2.38154e+01	2.38769e+01	2.39385e+01	2.40000e+01	2.40615e+01	2.41231e+01	2.41846e+01	2.42462e+01	2.43077e+01	2.43692e+01	2.44308e+01	2.44923e+01	2.45538e+01	2.46154e+01	2.46769e+01	2.47385e+01	2.48000e+01	2.48615e+01	2.49231e+01	2.49846e+01	2.50462e+01	2.51077e+01	2.51692e+01	2.52308e+01	2.52923e+01	2.53538e+01	2.54154e+01	2.54769e+01	2.55385e+01	2.56000e+01	2.56615e+01	2.57231e+01	2.57846e+01	2.58462e+01	2.59077e+01	2.59692e+01	2.60308e+01	2.60923e+01	2.61538e+01	2.62154e+01	2.62769e+01	2.63385e+01	2.64000e+01	2.64615e+01	2.65231e+01	2.65846e+01	2.66462e+01	2.67077e+01	2.67692e+01	2.68308e+01	2.68923e+01	2.69538e+01	2.70154e+01	2.70769e+01	2.71385e+01	2.72000e+01	2.72615e+01	2.73231e+01	2.73846e+01	2.74462e+01	2.75077e+01	2.75692e+01	2.76308e+01	2.76923e+01	2.77538e+01	2.78154e+01	2.78769e+01	2.79385e+01	2.80000e+01
23.59	4.27006e-26	4.27006e-26	4.27006e-26	4.27006e-26	4.27006e-26	4.27006e-26	4.27006e-26	4.27006e-26	4.27006e-26	4.27006e-26	4.27006e-26	4.27006e-26	4.27006e-26	4.27006e-26	4.27006e-26	4.27006e-26	4.27006e-26	4.27006e-26	4.27006e-26	4.27006e-26	4.27006e-26	4.27006e-26	4.27006e-26	4.27006e-26	4.27006e-26	4.27006e-26	4.27006e-26	4.27006e-26	4.27006e-26	4.27006e-26	4.27006e-26	4.27006e-26	4.27006e-26	4.27006e-26	4.27006e-26	4.27006e-26	4.27006e-26	4.27006e-26	4.27007e-26	4.27007e-26	4.27007e-26	4.27007e-26	4.27007e-26	4.27007e-26	4.27008e-26	4.27008e-26	4.27009e-26	4.27009e-26	4.27010e-26	4.27012e-26	4.27013e-26	4.27015e-26	4.27018e-26	4.27022e-26	4.27028e-26	4.27034e-26	4.27044e-26	4.27056e-26	4.27072e-26	4.27094e-26	4.27122e-26	4.27160e-26	4.27210e-26	4.27277e-26	4.27365e-26	4.27482e-26	4.27638e-26	4.27845e-26	4.28120e-26	4.28484e-26	4.28968e-26	4.29610e-26	4.30462e-26	4.31594e-26	4.33096e-26	4.35091e-26	4.37738e-26	4.41253e-26	4.45920e-26	4.52115e-26	4.60340e-26	4.71259e-26	4.85755e-26	5.05000e-26	5.30549e-26	5.64470e-26	6.09502e-26	6.69289e-26	7.48662e-26	8.54039e-26	9.93941e-26	1.17968e-25	1.42626e-25	1.75364e-25	2.18827e-25	2.76529e-25	3.53137e-25	4.54843e-25	5.89870e-25	7.69137e-25	1.00714e-24
23.63	7.22382e-23	7.22382e-23	7.22382e-23	7.22382e-23	7.22382e-23	7.22382e-23	7.22382e-23	7.22382e-23	7.22382e-23	7.22382e-23	7.22382e-23	7.22382e-23	7.22382e-23	7.22382e-23	7.22382e-23	7.22382e-23	7.22382e-23	7.22382e-23	7.22382e-23	7.22382e-23	7.22382e-23	7.22382e-23	7.22382e-23	7.22382e-23	7.22382e-23	7.22382e-23	7.22382e-23	7.22382e-23	7.22382e-23	7.22382e-23	7.22382e-23	7.22382e-23	7.22382e-23	7.22382e-23	7.22382e-23	7.22382e-23	7.22382e-23	7.22382e-23	7.22382e-23	7.22382e-23	7.22382e-23	7.22382e-23	7.22382e-23	7.22382e-23	7.22382e-23	7.22382e-23	7.22382e-23	7.22382e-23	7.22382e-23	7.22382e-23	7.22382e-23	7.22382e-23	7.22382e-23	7.22382e-23	7.22382e-23	7.22382e-23	7.22382e-23	7.22382e-23	7.22382e-23	7.22382e-23	7.22382e-23	7.22382e-23	7.22382e-23	7.22382e-23	7.22382e-23	7.22382e-23	7.22382e-23	7.22382e-23	7.22383e-23	7.22383e-23	7.22383e-23	7.22384e-23	7.22385e-23	7.22386e-23	7.22387e-23	7.22389e-23	7.22391e-23	7.22394e-23	7.22398e-23	7.22403e-23	7.22410e-23	7.22419e-23	7.22432e-23	7.22448e-23	7.22470e-23	7.22499e-23	7.22538e-23	7.22589e-23	7.22657e-23	7.22747e-23	7.22866e-23	7.23025e-23	7.23236e-23	7.23516e-23	7.23887e-23	7.24380e-23	7.25035e-23	7.25905e-23	7.27059e-23	7.28591e-23	7.30626e-23
23.66	6.11279e-22	6.75405e-22	6.75405e-22	6.75405e-22	6.75405e-22	6.75405e-22	6.75405e-22	6.75405e-22	6.75405e-22	6.75405e-22	6.75405e-22	6.75405e-22	6.75405e-22	6.75405e-22	6.75405e-22	6.75405e-22	6.75405e-22	6.75405e-22	6.75405e-22	6.75405e-22	6.75405e-22	6.75405e-22	6.75405e-22	6.75405e-22	6.75405e-22	6.75405e-22	6.75405e-22	6.75405e-22	6.75405e-22	6.75405e-22	6.75405e-22	6.75405e-22	6.75405e-22	6.75405e-22	6.75405e-22	6.75405e-22	6.75405e-22	6.75405e-22	6.75405e-22	6.75405e-22	6.75405e-22	6.75405e-22	6.75405e-22	6.75405e-22	6.75405e-22	6.75405e-22	6.75405e-22	6.75405e-22	6.75405e-22	6.75405e-22	6.75405e-22	6.75405e-22	6.75405e-22	6.75405e-22	6.75405e-22	6.75405e-22	6.75405e-22	6.75405e-22	6.75405e-22	6.75405e-22	6.75405e-22	6.75405e-22	6.75405e-22	6.75405e-22	6.75405e-22	6.75405e-22	6.75405e-22	6.75405e-22	6.75405e-22	6.75405e-22	6.75405e-22	6.75405e-22	6.75405e-22	6.75406e-22	6.75406e-22	6.75406e-22	6.75406e-22	6.75406e-22	6.75407e-22	6.75407e-22	6.75408e-22	6.75408e-22	6.75409e-22	6.75411e-22	6.75413e-22	6.75415e-22	6.75419e-22	6.75423e-22	6.75429e-22	6.75436e-22	6.75447e-22	6.75460e-22	6.75478e-22	6.75502e-22	6.75534e-22	6.75576e-22	6.75632e-22	6.75706e-22	6.75805e-22	6.75936e-22	6.76110e-22
23.70	3.37459e-21	3.97721e-21	3.97824e-21	3.97824e-21	3.97824e-21	3.97824e-21	3.97824e-21	3.97824e-21	3.97824e-21	3.97824e-21	3.97824e-21	3.97824e-21	3.97824e-21	3.97824e-21	3.97824e-21	3.97824e-21	3.97824e-21	3.97824e-21	3.97824e-21	3.97824e-21	3.97824e-21	3.97824e-21	3.97824e-21	3.97824e-21	3.97824e-21	3.97824e-21	3.97824e-21	3.97824e-21	3.97824e-21	3.97824e-21	3.97824e-21	3.97824e-21	3.97824e-21	3.97824e-21	3.97824e-21	3.97824e-21	3.97824e-21	3.97824e-21	3.97824e-21	3.97824e-21	3.97824e-21	3.97824e-21	3.97824e-21	3.97824e-21	3.97824e-21	3.97824e-21	3.97824e-21	3.97824e-21	3.97824e-21	3.97824e-21	3.97824e-21	3.97824e-21	3.97824e-21	3.97824e-21	3.97824e-21	3.97824e-21	3.97824e-21	3.97824e-21	3.97824e-21	3.97824e-21	3.97824e-21	3.97824e-21	3.97824e-21	3.97824e-21	3.97824e-21	3.97824e-21	3.97824e-21	3.97824e-21	3.97824e-21	3.97824e-21	3.97824e-21	3.97824e-21	3.97824e-21	3.97824e-21	3.97824e-21	3.97824e-21	3.97824e-21	3.97824e-21	3.97824e-21	3.97824e-21	3.97824e-21	3.97824e-21	3.97824e-21	3.97824e-21	3.97825e-21	3.97825e-21	3.97825e-21	3.97825e-21	3.97826e-21	3.97827e-21	3.97827e-21	3.97829e-21	3.97830e-21	3.97832e-21	3.97835e-21	3.97839e-21	3.97843e-21	3.97850e-21	3.97858e-21	3.97869e-21	3.97884e-21
23.73	1.56339e-20	1.91085e-20	1.91931e-20	1.91931e-20	1.91931e-20	1.91931e-20	1.91931e-20	1.91931e-20	1.91931e-20	1.91931e-20	1.91931e-20	1.91931e-20	1.91931e-20	1.91931e-20	1.91931e-20	1.91931e-20	1.91931e-20	1.91931e-20	1.91931e-20	1.91931e-20	1.91931e-20	1.91931e-20	1.91931e-20	1.91931e-20	1.91931e-20	1.91931e-20	1.91931e-20	1.91931e-20	1.91931e-20	1.91931e-20	1.91931e-20	1.91931e-20	1.91931e-20	1.91931e-20	1.91931e-20	1.91931e-20	1.91931e-20	1.91931e-20	1.91931e-20	1.91931e-20	1.91931e-20	1.91931e-20	1.91931e-20	1.91931e-20	1.91931e-20	1.91931e-20	1.91931e-20	1.91931e-20	1.91931e-20	1.91931e-20	1.91931e-20	1.91931e-20	1.91931e-20	1.91931e-20	1.91931e-20	1.91931e-20	1.91931e-20	1.91931e-20	1.91931e-20	1.91931e-20	1.91931e-20	1.91931e-20	1.91931e-20	1.91931e-20	1.91931e-20	1.91931e-20	1.91931e-20	1.91931e-20	1.91931e-20	1.91931e-20	1.91931e-20	1.91931e-20	1.91931e-20	1.91931e-20	1.91931e-20	1.91931e-20	1.91931e-20	1.91931e-20	1.91931e-20	1.91931e-20	1.91931e-20	1.91931e-20	1.91931e-20	1.91931e-20	1.91931e-20	1.91931e-20	1.91931e-20	1.91931e-20	1.91931e-20	1.91931e-20	1.91932e-20	1.91932e-20	1.91932e-20	1.91932e-20	1.91932e-20	1.91932e-20	1.91933e-20	1.91933e-20	1.91934e-20	1.91935e-20	1.91936e-20
23.76	6.30265e-20	7.95198e-20	8.02066e-20	8.02105e-20	8.02105e-20	8.02105e-20	8.02105e-20	8.02105e-20	8.02105e-20	8.02105e-20	8.02105e-20	8.02105e-20	8.02105e-20	8.02105e-20	8.02105e-20	8.02105e-20	8.02105e-20	8.02105e-20	8.02105e-20	8.02105e-20	8.02105e-20	8.02105e-20	8.02105e-20	8.02105e-20	8.02105e-20	8.02105e-20	8.02105e-20	8.02105e-20	8.02105e-20	8.02105e-20	8.02105e-20	8.02105e-20	8.02105e-20	8.02105e-20	8.02105e-20	8.02105e-20	8.02105e-20	8.02105e-20	8.02105e-20	8.02105e-20	8.02105e-20	8.02105e-20	8.02105e-20	8.02105e-20	8.02105e-20	8.02105e-20	8.02105e-20	8.02105e-20	8.02105e-20	8.02105e-20	8.02105e-20	8.02105e-20	8.02105e-20	8.02105e-20	8.02105e-20	8.02105e-20	8.02105e-20	8.02105e-20	8.02105e-20	8.02105e-20	8.02105e-20	8.02105e-20	8.02105e-20	8.02105e-20	8.02105e-20	8.02105e-20	8.02105e-20	8.02105e-20	8.02105e-20	8.02105e-20	8.02105e-20	8.02105e-20	8.02105e-20	8.02105e-20	8.02105e-20	8.02105e-20	8.02105e-20	8.02105e-20	8.02105e-20	8.02105e-20	8.02105e-20	8.02105e-20	8.02105e-20	8.02105e-20	8.02105e-20	8.02105e-20	8.02105e-20	8.02105e-20	8.02105e-20	8.02105e-20	8.02105e-20	8.02106e-20	8.02106e-20	8.02106e-20	8.02106e-20	8.02106e-20	8.02107e-20	8.02107e-20	8.02108e-20	8.02109e-20	8.02110e-20
23.80	2.24314e-19	2.92280e-19	2.96057e-19	2.96166e-19	2.96166e-19	2.96166e-19	2.96166e-19	2.96166e-19	2.96166e-19	2.96166e-19	2.96166e-19	2.96166e-19	2.96166e-19	2.96166e-19	2.96166e-19	2.96166e-19	2.96166e-19	2.96166e-19	2.96166e-19	2.96166e-19	2.96166e-19	2.96166e-19	2.96166e-19	2.96166e-19	2.96166e-19	2.96166e-19	2.96166e-19	2.96166e-19	2.96166e-19	2.96166e-19	2.96166e-19	2.96166e-19	2.96166e-19	2.96166e-19	2.96166e-19	2.96166e-19	2.96166e-19	2.96166e-19	2.96166e-19	2.96166e-19	2.96166e-19	2.96166e-19	2.96166e-19	2.96166e-19	2.96166e-19	2.96166e-19	2.96166e-19	2.96166e-19	2.96166e-19	2.96166e-19	2.96166e-19	2.96166e-19	2.96166e-19	2.96166e-19	2.96166e-19	2.96166e-19	2.96166e-19	2.96166e-19	2.96166e-19	2.96166e-19	2.96166e-19	2.96166e-19	2.96166e-19	2.96166e-19	2.96166e-19	2.96166e-19	2.96166e-19	2.96166e-19	2.96166e-19	2.96166e-19	2.96166e-19	2.96166e-19	2.96166e-19	2.96166e-19	2.96166e-19	2.96166e-19	2.96166e-19	2.96166e-19	2.96166e-19	2.96166e-19	2.96166e-19	2.96166e-19	2.96166e-19	2.96166e-19	2.96166e-19	2.96166e-19	2.96166e-19	2.96166e-19	2.96166e-19	2.96166e-19	2.96166e-19	2.96166e-19	2.96166e-19	2.96166e-19	2.96166e-19	2.96166e-19	2.96166e-19	2.96166e-19	2.96166e-19	2.96166e-19	2.96166e-19
23.83	7.12380e-19	9.59551e-19	9.76960e-19	9.77753e-19	9.77761e-19	9.77761e-19	9.77761e-19	9.77761e-19	9.77761e-19	9.77761e-19	9.77761e-19	9.77761e-19	9.77761e-19	9.77761e-19	9.77761e-19	9.77761e-19	9.77761e-19	9.77761e-19	9.77761e-19	9.77761e-19	9.77761e-19	9.77761e-19	9.77761e-19	9.77761e-19	9.77761e-19	9.77761e-19	9.77761e-19	9.77761e-19	9.77761e-19	9.77761e-19	9.77761e-19	9.77761e-19	9.77761e-19	9.77761e-19	9.77761e-19	9.77761e-19	9.77761e-19	9.77761e-19	9.77761e-19	9.77761e-19	9.77761e-19	9.77761e-19	9.77761e-19	9.77761e-19	9.77761e-19	9.77761e-19	9.77761e-19	9.77761e-19	9.77761e-19	9.77761e-19	9.77761e-19	9.77761e-19	9.77761e-19	9.77761e-19	9.77761e-19	9.77761e-19	9.77761e-19	9.77761e-19	9.77761e-19	9.77761e-19	9.77761e-19	9.77761e-19	9.77761e-19	9.77761e-19	9.77761e-19	9.77761e-19	9.77761e-19	9.77761e-19	9.77761e-19	9.77761e-19	9.77761e-19	9.77761e-19	9.77761e-19	9.77761e-19	9.77761e-19	9.77761e-19	9.77761e-19	9.77761e-19	9.77761e-19	9.77761e-19	9.77761e-19	9.77761e-19	9.77761e-19	9.77761e-19	9.77761e-19	9.77761e-19	9.77761e-19	9.77761e-19	9.77761e-19	9.77761e-19	9.77761e-19	9.77761e-19	9.77761e-19	9.77762e-19	9.77762e-19	9.77762e-19	9.77762e-19	9.77762e-19	9.77762e-19	9.77762e-19	9.77762e-19
23.87	2.03789e-18	2.83982e-18	2.90978e-18	2.91397e-18	2.91411e-18	2.91411e-18	2.91411e-18	2.91411e-18	2.91411e-18	2.91411e-18	2.91411e-18	2.91411e-18	2.91411e-18	2.91411e-18	2.91411e-18	2.91411e-18	2.91411e-18	2.91411e-18	2.91411e-18	2.91411e-18	2.91411e-18	2.91411e-18	2.91411e-18	2.91411e-18	2.91411e-18	2.91411e-18	2.91411e-18	2.91411e-18	2.91411e-18	2.91411e-18	2.91411e-18	2.91411e-18	2.91411e-18	2.91411e-18	2.91411e-18	2.91411e-18	2.91411e-18	2.91411e-18	2.91411e-18	2.91411e-18	2.91411e-18	2.91411e-18	2.91411e-18	2.91411e-18	2.91411e-18	2.91411e-18	2.91411e-18	2.91411e-18	2.91411e-18	2.91411e-18	2.91411e-18	2.91411e-18	2.91411e-18	2.91411e-18	2.91411e-18	2.91411e-18	2.91411e-18	2.91411e-18	2.91411e-18	2.91411e-18	2.91411e-18	2.91411e-18	2.91411e-18	2.91411e-18	2.91411e-18	2.91411e-18	2.91411e-18	2.91411e-18	2.91411e-18	2.91411e-18	2.91411e-18	2.91411e-18	2.91411e-18	2.91411e-18	2.91411e-18	2.91411e-18	2.91411e-18	2.91411e-18	2.91411e-18	2.91411e-18	2.91411e-18	2.91411e-18	2.91411e-18	2.91411e-18	2.91411e-18	2.91411e-18	2.91411e-18	2.91411e-18	2.91411e-18	2.91411e-18	2.91411e-18	2.91411e-18	2.91411e-18	2.91411e-18	2.91411e-18	2.91411e-18	2.91411e-18	2.91411e-18	2.91411e-18	2.91411e-18	2.91411e-18
23.90	5.29772e-18	7.64067e-18	7.88936e-18	7.90815e-18	7.90910e-18	7.90911e-18	7.90911e-18	7.90911e-18	7.90911e-18	7.90911e-18	7.90911e-18	7.90911e-18	7.90911e-18	7.90911e-18	7.90911e-18	7.90911e-18	7.90911e-18	7.90911e-18	7.90911e-18	7.90911e-18	7.90911e-18	7.90911e-18	7.90911e-18	7.90911e-18	7.90911e-18	7.90911e-18	7.90911e-18	7.90911e-18	7.90911e-18	7.90911e-18	7.90911e-18	7.90911e-18	7.90911e-18	7.90911e-18	7.90911e-18	7.90911e-18	7.90911e-18	7.90911e-18	7.90911e-18	7.90911e-18	7.90911e-18	7.90911e-18	7.90911e-18	7.90911e-18	7.90911e-18	7.90911e-18	7.90911e-18	7.90911e-18	7.90911e-18	7.90911e-18	7.90911e-18	7.90911e-18	7.90911e-18	7.90911e-18	7.90911e-18	7.90911e-18	7.90911e-18	7.90911e-18	7.90911e-18	7.90911e-18	7.90911e-18	7.90911e-18	7.90911e-18	7.90911e-18	7.90911e-18	7.90911e-18	7.90911e-18	7.90911e-18	7.90911e-18	7.90911e-18	7.90911e-18	7.90911e-18	7.90911e-18	7.90911e-18	7.90911e-18	7.90911e-18	7.90911e-18	7.90911e-18	7.90911e-18	7.90911e-18	7.90911e-18	7.90911e-18	7.90911e-18	7.90911e-18	7.90911e-18	7.90911e-18	7.90911e-18	7.90911e-18	7.90911e-18	7.90911e-18	7.90911e-18	7.90911e-18	7.90911e-18	7.90911e-18	7.90911e-18	7.90911e-18	7.90911e-18	7.90911e-18	7.90911e-18	7.90911e-18	7.90911e-18
23.93	1.26180e-17	1.88355e-17	1.96256e-17	1.96993e-17	1.97042e-17	1.97044e-17	1.97044e-17	1.97044e-17	1.97044e-17	1.97044e-17	1.97044e-17	1.97044e-17	1.97044e-17	1.97044e-17	1.97044e-17	1.97044e-17	1.97044e-17	1.97044e-17	1.97044e-17	1.97044e-17	1.97044e-17	1.97044e-17	1.97044e-17	1.97044e-17	1.97044e-17	1.97044e-17	1.97044e-17	1.97044e-17	1.97044e-17	1.97044e-17	1.97044e-17	1.97044e-17	1.97044e-17	1.97044e-17	1.97044e-17	1.97044e-17	1.97044e-17	1.97044e-17	1.97044e-17	1.97044e-17	1.97044e-17	1.97044e-17	1.97044e-17	1.97044e-17	1.97044e-17	1.97044e-17	1.97044e-17	1.97044e-17	1.97044e-17	1.97044e-17	1.97044e-17	1.97044e-17	1.97044e-17	1.97044e-17	1.97044e-17	1.97044e-17	1.97044e-17	1.97044e-17	1.97044e-17	1.97044e-17	1.97044e-17	1.97044e-17	1.97044e-17	1.97044e-17	1.97044e-17	1.97044e-17	1.97044e-17	1.97044e-17	1.97044e-17	1.97044e-17	1.97044e-17	1.97044e-17	1.97044e-17	1.97044e-17	1.97044e-17	1.97044e-17	1.97044e-17	1.97044e-17	1.97044e-17	1.97044e-17	1.97044e-17	1.97044e-17	1.97044e-17	1.97044e-17	1.97044e-17	1.97044e-17	1.97044e-17	1.97044e-17	1.97044e-17	1.97044e-17	1.97044e-17	1.97044e-17	1.97044e-17	1.97044e-17	1.97044e-17	1.97044e-17	1.97044e-17	1.97044e-17	1.97044e-17	1.97044e-17	1.97044e-17
23.97	2.77416e-17	4.28489e-17	4.51134e-17	4.53697e-17	4.53909e-17	4.53921e-17	4.53921e-17	4.53921e-17	4.53921e-17	4.53921e-17	4.53921e-17	4.53921e-17	4.53921e-17	4.53921e-17	4.53921e-17	4.53921e-17	4.53921e-17	4.53921e-17	4.53921e-17	4.53921e-17	4.53921e-17	4.53921e-17	4.53921e-17	4.53921e-17	4.53921e-17	4.53921e-17	4.53921e-17	4.53921e-17	4.53921e-17	4.53921e-17	4.53921e-17	4.53921e-17	4.53921e-17	4.53921e-17	4.53921e-17	4.53921e-17	4.53921e-17	4.53921e-17	4.53921e-17	4.53921e-17	4.53921e-17	4.53921e-17	4.53921e-17	4.53921e-17	4.53921e-17	4.53921e-17	4.53921e-17	4.53921e-17	4.53921e-17	4.53921e-17	4.53921e-17	4.53921e-17	4.53921e-17	4.53921e-17	4.53921e-17	4.53921e-17	4.53921e-17	4.53921e-17	4.53921e-17	4.53921e-17	4.53921e-17	4.53921e-17	4.53921e-17	4.53921e-17	4.53921e-17	4.53921e-17	4.53921e-17	4.53921e-17	4.53921e-17	4.53921e-17	4.53921e-17	4.53921e-17	4.53921e-17	4.53921e-17	4.53921e-17	4.53921e-17	4.53921e-17	4.53921e-17	4.53921e-17	4.53921e-17	4.53921e-17	4.53921e-17	4.53921e-17	4.53921e-17	4.53921e-17	4.53921e-17	4.53921e-17	4.53921e-17	4.53921e-17	4.53921e-17	4.53921e-17	4.53921e-17	4.53921e-17	4.53921e-17	4.53921e-17	4.53921e-17	4.53921e-17	4.53921e-17	4.53921e-17	4.53921e-17	4.53921e-17
24.00	5.66944e-17	9.05543e-17	9.64589e-17	9.72570e-17	9.73381e-17	9.73440e-17	9.73442e-17	9.73442e-17	9.73442e-17	9.73442e-17	9.73442e-17	9.73442e-17	9.73442e-17	9.73442e-17	9.73442e-17	9.73442e-17	9.73442e-17	9.73442e-17	9.73442e-17	9.73442e-17	9.73442e-17	9.73442e-17	9.73442e-17	9.73442e-17	9.73442e-17	9.73442e-17	9.73442e-17	9.73442e-17	9.73442e-17	9.73442e-17	9.73442e-17	9.73442e-17	9.73442e-17	9.73442e-17	9.73442e-17	9.73442e-17	9.73442e-17	9.73442e-17	9.73442e-17	9.73442e-17	9.73442e-17	9.73442e-17	9.73442e-17	9.73442e-17	9.73442e-17	9.73442e-17	9.73442e-17	9.73442e-17	9.73442e-17	9.73442e-17	9.73442e-17	9.73442e-17	9.73442e-17	9.73442e-17	9.73442e-17	9.73442e-17	9.73442e-17	9.73442e-17	9.73442e-17	9.73442e-17	9.73442e-17	9.73442e-17	9.73442e-17	9.73442e-17	9.73442e-17	9.73442e-17	9.73442e-17	9.73442e-17	9.73442e-17	9.73442e-17	9.73442e-17	9.73442e-17	9.73442e-17	9.73442e-17	9.73442e-17	9.73442e-17	9.73442e-17	9.73442e-17	9.73442e-17	9.73442e-17	9.73442e-17	9.73442e-17	9.73442e-17	9.73442e-17	9.73442e-17	9.73442e-17	9.73442e-17	9.73442e-17	9.73442e-17	9.73442e-17	9.73442e-17	9.73442e-17	9.73442e-17	9.73442e-17	9.73442e-17	9.73442e-17	9.73442e-17	9.73442e-17	9.73442e-17	9.73442e-17	9.73442e-17
24.04	1.08393e-16	1.78876e-16	1.92994e-16	1.95239e-16	1.95516e-16	1.95541e-16	1.95542e-16	1.95542e-16	1.95542e-16	1.95542e-16	1.95542e-16	1.95542e-16	1.95542e-16	1.95542e-16	1.95542e-16	1.95542e-16	1.95542e-16	1.95542e-16	1.95542e-16	1.95542e-16	1.95542e-16	1.95542e-16	1.95542e-16	1.95542e-16	1.95542e-16	1.95542e-16	1.95542e-16	1.95542e-16	1.95542e-16	1.95542e-16	1.95542e-16	1.95542e-16	1.95542e-16	1.95542e-16	1.95542e-16	1.95542e-16	1.95542e-16	1.95542e-16	1.95542e-16	1.95542e-16	1.95542e-16	1.95542e-16	1.95542e-16	1.95542e-16	1.95542e-16	1.95542e-16	1.95542e-16	1.95542e-16	1.95542e-16	1.95542e-16	1.95542e-16	1.95542e-16	1.95542e-16	1.95542e-16	1.95542e-16	1.95542e-16	1.95542e-16	1.95542e-16	1.95542e-16	1.95542e-16	1.95542e-16	1.95542e-16	1.95542e-16	1.95542e-16	1.95542e-16	1.95542e-16	1.95542e-16	1.95542e-16	1.95542e-16	1.95542e-16	1.95542e-16	1.95542e-16	1.95542e-16	1.95542e-16	1.95542e-16	1.95542e-16	1.95542e-16	1.95542e-16	1.95542e-16	1.95542e-16	1.95542e-16	1.95542e-16	1.95542e-16	1.95542e-16	1.95542e-16	1.95542e-16	1.95542e-16	1.95542e-16	1.95542e-16	1.95542e-16	1.95542e-16	1.95542e-16	1.95542e-16	1.95542e-16	1.95542e-16	1.95542e-16	1.95542e-16	1.95542e-16	1.95542e-16	1.95542e-16	1.95542e-16
24.07	1.95045e-16	3.32181e-16	3.63360e-16	3.69117e-16	3.69961e-16	3.70054e-16	3.70061e-16	3.70061e-16	3.70061e-16	3.70061e-16	3.70061e-16	3.70061e-16	3.70061e-16	3.70061e-16	3.70061e-16	3.70061e-16	3.70061e-16	3.70061e-16	3.70061e-16	3.70061e-16	3.70061e-16	3.70061e-16	3.70061e-16	3.70061e-16	3.70061e-16	3.70061e-16	3.70061e-16	3.70061e-16	3.70061e-16	3.70061e-16	3.70061e-16	3.70061e-16	3.70061e-16	3.70061e-16	3.70061e-16	3.70061e-16	3.70061e-16	3.70061e-16	3.70061e-16	3.70061e-16	3.70061e-16	3.70061e-16	3.70061e-16	3.70061e-16	3.70061e-16	3.70061e-16	3.70061e-16	3.70061e-16	3.70061e-16	3.70061e-16	3.70061e-16	3.70061e-16	3.70061e-16	3.70061e-16	3.70061e-16	3.70061e-16	3.70061e-16	3.70061e-16	3.70061e-16	3.70061e-16	3.70061e-16	3.70061e-16	3.70061e-16	3.70061e-16	3.70061e-16	3.70061e-16	3.70061e-16	3.70061e-16	3.70061e-16	3.70061e-16	3.70061e-16	3.70061e-16	3.70061e-16	3.70061e-16	3.70061e-16	3.70061e-16	3.70061e-16	3.70061e-16	3.70061e-16	3.70061e-16	3.70061e-16	3.70061e-16	3.70061e-16	3.70061e-16	3.70061e-16	3.70061e-16	3.70061e-16	3.70061e-16	3.70061e-16	3.70061e-16	3.70061e-16	3.70061e-16	3.70061e-16	3.70061e-16	3.70061e-16	3.70061e-16	3.70061e-16	3.70061e-16	3.70061e-16	3.70061e-16	3.70061e-16
24.10	3.32156e-16	5.83037e-16	6.47071e-16	6.60626e-16	6.62958e-16	6.63267e-16	6.63297e-16	6.63299e-16	6.63299e-16	6.63299e-16	6.63299e-16	6.63299e-16	6.63299e-16	6.63299e-16	6.63299e-16	6.63299e-16	6.63299e-16	6.63299e-16	6.63299e-16	6.63299e-16	6.63299e-16	6.63299e-16	6.63299e-16	6.63299e-16	6.63299e-16	6.63299e-16	6.63299e-16	6.63299e-16	6.63299e-16	6.63299e-16	6.63299e-16	6.63299e-16	6.63299e-16	6.63299e-16	6.63299e-16	6.63299e-16	6.63299e-16	6.63299e-16	6.63299e-16	6.63299e-16	6.63299e-16	6.63299e-16	6.63299e-16	6.63299e-16	6.63299e-16	6.63299e-16	6.63299e-16	6.63299e-16	6.63299e-16	6.63299e-16	6.63299e-16	6.63299e-16	6.63299e-16	6.63299e-16	6.63299e-16	6.63299e-16	6.63299e-16	6.63299e-16	6.63299e-16	6.63299e-16	6.63299e-16	6.63299e-16	6.63299e-16	6.63299e-16	6.63299e-16	6.63299e-16	6.63299e-16	6.63299e-16	6.63299e-16	6.63299e-16	6.63299e-16	6.63299e-16	6.63299e-16	6.63299e-16	6.63299e-16	6.63299e-16	6.63299e-16	6.63299e-16	6.63299e-16	6.63299e-16	6.63299e-16	6.63299e-16	6.63299e-16	6.63299e-16	6.63299e-16	6.63299e-16	6.63299e-16	6.63299e-16	6.63299e-16	6.63299e-16	6.63299e-16	6.63299e-16	6.63299e-16	6.63299e-16	6.63299e-16	6.63299e-16	6.63299e-16	6.63299e-16	6.63299e-16	6.63299e-16	6.63299e-16
24.14	5.37985e-16	9.71923e-16	1.09499e-15	1.12450e-15	1.13038e-15	1.13131e-15	1.13142e-15	1.13143e-15	1.13143e-15	1.13143e-15	1.13143e-15	1.13143e-15	1.13143e-15	1.13143e-15	1.13143e-15	1.13143e-15	1.13143e-15	1.13143e-15	1.13143e-15	1.13143e-15	1.13143e-15	1.13143e-15	1.13143e-15	1.13143e-15	1.13143e-15	1.13143e-15	1.13143e-15	1.13143e-15	1.13143e-15	1.13143e-15	1.13143e-15	1.13143e-15	1.13143e-15	1.13143e-15	1.13143e-15	1.13143e-15	1.13143e-15	1.13143e-15	1.13143e-15	1.13143e-15	1.13143e-15	1.13143e-15	1.13143e-15	1.13143e-15	1.13143e-15	1.13143e-15	1.13143e-15	1.13143e-15	1.13143e-15	1.13143e-15	1.13143e-15	1.13143e-15	1.13143e-15	1.13143e-15	1.13143e-15	1.13143e-15	1.13143e-15	1.13143e-15	1.13143e-15	1.13143e-15	1.13143e-15	1.13143e-15	1.13143e-15	1.13143e-15	1.13143e-15	1.13143e-15	1.13143e-15	1.13143e-15	1.13143e-15	1.13143e-15	1.13143e-15	1.13143e-15	1.13143e-15	1.13143e-15	1.13143e-15	1.13143e-15	1.13143e-15	1.13143e-15	1.13143e-15	1.13143e-15	1.13143e-15	1.13143e-15	1.13143e-15	1.13143e-15	1.13143e-15	1.13143e-15	1.13143e-15	1.13143e-15	1.13143e-15	1.13143e-15	1.13143e-15	1.13143e-15	1.13143e-15	1.13143e-15	1.13143e-15	1.13143e-15	1.13143e-15	1.13143e-15	1.13143e-15	1.13143e-15	1.13143e-15
24.17	8.32671e-16	1.54584e-15	1.76846e-15	1.82831e-15	1.84194e-15	1.84446e-15	1.84482e-15	1.84485e-15	1.84486e-15	1.84486e-15	1.84486e-15	1.84486e-15	1.84486e-15	1.84486e-15	1.84486e-15	1.84486e-15	1.84486e-15	1.84486e-15	1.84486e-15	1.84486e-15	1.84486e-15	1.84486e-15	1.84486e-15	1.84486e-15	1.84486e-15	1.84486e-15	1.84486e-15	1.84486e-15	1.84486e-15	1.84486e-15	1.84486e-15	1.84486e-15	1.84486e-15	1.84486e-15	1.84486e-15	1.84486e-15	1.84486e-15	1.84486e-15	1.84486e-15	1.84486e-15	1.84486e-15	1.84486e-15	1.84486e-15	1.84486e-15	1.84486e-15	1.84486e-15	1.84486e-15	1.84486e-15	1.84486e-15	1.84486e-15	1.84486e-15	1.84486e-15	1.84486e-15	1.84486e-15	1.84486e-15	1.84486e-15	1.84486e-15	1.84486e-15	1.84486e-15	1.84486e-15	1.84486e-15	1.84486e-15	1.84486e-15	1.84486e-15	1.84486e-15	1.84486e-15	1.84486e-15	1.84486e-15	1.84486e-15	1.84486e-15	1.84486e-15	1.84486e-15	1.84486e-15	1.84486e-15	1.84486e-15	1.84486e-15	1.84486e-15	1.84486e-15	1.84486e-15	1.84486e-15	1.84486e-15	1.84486e-15	1.84486e-15	1.84486e-15	1.84486e-15	1.84486e-15	1.84486e-15	1.84486e-15	1.84486e-15	1.84486e-15	1.84486e-15	1.84486e-15	1.84486e-15	1.84486e-15	1.84486e-15	1.84486e-15	1.84486e-15	1.84486e-15	1.84486e-15	1.84486e-15	1.84486e-15
24.21	1.23671e-15	2.35560e-15	2.73675e-15	2.85043e-15	2.87970e-15	2.88595e-15	2.88700e-15	2.88713e-15	2.88714e-15	2.88714e-15	2.88714e-15	2.88714e-15	2.88714e-15	2.88714e-15	2.88714e-15	2.88714e-15	2.88714e-15	2.88714e-15	2.88714e-15	2.88714e-15	2.88714e-15	2.88714e-15	2.88714e-15	2.88714e-15	2.88714e-15	2.88714e-15	2.88714e-15	2.88714e-15	2.88714e-15	2.88714e-15	2.88714e-15	2.88714e-15	2.88714e-15	2.88714e-15	2.88714e-15	2.88714e-15	2.88714e-15	2.88714e-15	2.88714e-15	2.88714e-15	2.88714e-15	2.88714e-15	2.88714e-15	2.88714e-15	2.88714e-15	2.88714e-15	2.88714e-15	2.88714e-15	2.88714e-15	2.88714e-15	2.88714e-15	2.88714e-15	2.88714e-15	2.88714e-15	2.88714e-15	2.88714e-15	2.88714e-15	2.88714e-15	2.88714e-15	2.88714e-15	2.88714e-15	2.88714e-15	2.88714e-15	2.88714e-15	2.88714e-15	2.88714e-15	2.88714e-15	2.88714e-15	2.88714e-15	2.88714e-15	2.88714e-15	2.88714e-15	2.88714e-15	2.88714e-15	2.88714e-15	2.88714e-15	2.88714e-15	2.88714e-15	2.88714e-15	2.88714e-15	2.88714e-15	2.88714e-15	2.88714e-15	2.88714e-15	2.88714e-15	2.88714e-15	2.88714e-15	2.88714e-15	2.88714e-15	2.88714e-15	2.88714e-15	2.88714e-15	2.88714e-15	2.88714e-15	2.88714e-15	2.88714e-15	2.88714e-15	2.88714e-15	2.88714e-15	2.88714e-15	2.88714e-15
24.24	1.76972e-15	3.45264e-15	4.07326e-15	4.27672e-15	4.33533e-15	4.34960e-15	4.35240e-15	4.35282e-15	4.35286e-15	4.35287e-15	4.35287e-15	4.35287e-15	4.35287e-15	4.35287e-15	4.35287e-15	4.35287e-15	4.35287e-15	4.35287e-15	4.35287e-15	4.35287e-15	4.35287e-15	4.35287e-15	4.35287e-15	4.35287e-15	4.35287e-15	4.35287e-15	4.35287e-15	4.35287e-15	4.35287e-15	4.35287e-15	4.35287e-15	4.35287e-15	4.35287e-15	4.35287e-15	4.35287e-15	4.35287e-15	4.35287e-15	4.35287e-15	4.35287e-15	4.35287e-15	4.35287e-15	4.35287e-15	4.35287e-15	4.35287e-15	4.35287e-15	4.35287e-15	4.35287e-15	4.35287e-15	4.35287e-15	4.35287e-15	4.35287e-15	4.35287e-15	4.35287e-15	4.35287e-15	4.35287e-15	4.35287e-15	4.35287e-15	4.35287e-15	4.35287e-15	4.35287e-15	4.35287e-15	4.35287e-15	4.35287e-15	4.35287e-15	4.35287e-15	4.35287e-15	4.35287e-15	4.35287e-15	4.35287e-15	4.35287e-15	4.35287e-15	4.35287e-15	4.35287e-15	4.35287e-15	4.35287e-15	4.35287e-15	4.35287e-15	4.35287e-15	4.35287e-15	4.35287e-15	4.35287e-15	4.35287e-15	4.35287e-15	4.35287e-15	4.35287e-15	4.35287e-15	4.35287e-15	4.35287e-15	4.35287e-15	4.35287e-15	4.35287e-15	4.35287e-15	4.35287e-15	4.35287e-15	4.35287e-15	4.35287e-15	4.35287e-15	4.35287e-15	4.35287e-15	4.35287e-15	4.35287e-15
24.27	2.44865e-15	4.88505e-15	5.85057e-15	6.19553e-15	6.30558e-15	6.33582e-15	6.34264e-15	6.34385e-15	6.34400e-15	6.34402e-15	6.34402e-15	6.34402e-15	6.34402e-15	6.34402e-15	6.34402e-15	6.34402e-15	6.34402e-15	6.34402e-15	6.34402e-15	6.34402e-15	6.34402e-15	6.34402e-15	6.34402e-15	6.34402e-15	6.34402e-15	6.34402e-15	6.34402e-15	6.34402e-15	6.34402e-15	6.34402e-15	6.34402e-15	6.34402e-15	6.34402e-15	6.34402e-15	6.34402e-15	6.34402e-15	6.34402e-15	6.34402e-15	6.34402e-15	6.34402e-15	6.34402e-15	6.34402e-15	6.34402e-15	6.34402e-15	6.34402e-15	6.34402e-15	6.34402e-15	6.34402e-15	6.34402e-15	6.34402e-15	6.34402e-15	6.34402e-15	6.34402e-15	6.34402e-15	6.34402e-15	6.34402e-15	6.34402e-15	6.34402e-15	6.34402e-15	6.34402e-15	6.34402e-15	6.34402e-15	6.34402e-15	6.34402e-15	6.34402e-15	6.34402e-15	6.34402e-15	6.34402e-15	6.34402e-15	6.34402e-15	6.34402e-15	6.34402e-15	6.34402e-15	6.34402e-15	6.34402e-15	6.34402e-15	6.34402e-15	6.34402e-15	6.34402e-15	6.34402e-15	6.34402e-15	6.34402e-15	6.34402e-15	6.34402e-15	6.34402e-15	6.34402e-15	6.34402e-15	6.34402e-15	6.34402e-15	6.34402e-15	6.34402e-15	6.34402e-15	6.34402e-15	6.34402e-15	6.34402e-15	6.34402e-15	6.34402e-15	6.34402e-15	6.34402e-15	6.34402e-15	6.34402e-15
24.31	3.28629e-15	6.69373e-15	8.13493e-15	8.69168e-15	8.88658e-15	8.94636e-15	8.96172e-15	8.96488e-15	8.96537e-15	8.96542e-15	8.96543e-15	8.96543e-15	8.96543e-15	8.96543e-15	8.96543e-15	8.96543e-15	8.96543e-15	8.96543e-15	8.96543e-15	8.96543e-15	8.96543e-15	8.96543e-15	8.96543e-15	8.96543e-15	8.96543e-15	8.96543e-15	8.96543e-15	8.96543e-15	8.96543e-15	8.96543e-15	8.96543e-15	8.96543e-15	8.96543e-15	8.96543e-15	8.96543e-15	8.96543e-15	8.96543e-15	8.96543e-15	8.96543e-15	8.96543e-15	8.96543e-15	8.96543e-15	8.96543e-15	8.96543e-15	8.96543e-15	8.96543e-15	8.96543e-15	8.96543e-15	8.96543e-15	8.96543e-15	8.96543e-15	8.96543e-15	8.96543e-15	8.96543e-15	8.96543e-15	8.96543e-15	8.96543e-15	8.96543e-15	8.96543e-15	8.96543e-15	8.96543e-15	8.96543e-15	8.96543e-15	8.96543e-15	8.96543e-15	8.96543e-15	8.96543e-15	8.96543e-15	8.96543e-15	8.96543e-15	8.96543e-15	8.96543e-15	8.96543e-15	8.96543e-15	8.96543e-15	8.96543e-15	8.96543e-15	8.96543e-15	8.96543e-15	8.96543e-15	8.96543e-15	8.96543e-15	8.96543e-15	8.96543e-15	8.96543e-15	8.96543e-15	8.96543e-15	8.96543e-15	8.96543e-15	8.96543e-15	8.96543e-15	8.96543e-15	8.96543e-15	8.96543e-15	8.96543e-15	8.96543e-15	8.96543e-15	8.96543e-15	8.96543e-15	8.96543e-15	8.96543e-15
24.34	4.29160e-15	8.91008e-15	1.09822e-14	1.18414e-14	1.21687e-14	1.22797e-14	1.23118e-14	1.23193e-14	1.23207e-14	1.23209e-14	1.23209e-14	1.23209e-14	1.23209e-14	1.23209e-14	1.23209e-14	1.23209e-14	1.23209e-14	1.23209e-14	1.23209e-14	1.23209e-14	1.23209e-14	1.23209e-14	1.23209e-14	1.23209e-14	1.23209e-14	1.23209e-14	1.23209e-14	1.23209e-14	1.23209e-14	1.23209e-14	1.23209e-14	1.23209e-14	1.23209e-14	1.23209e-14	1.23209e-14	1.23209e-14	1.23209e-14	1.23209e-14	1.23209e-14	1.23209e-14	1.23209e-14	1.23209e-14	1.23209e-14	1.23209e-14	1.23209e-14	1.23209e-14	1.23209e-14	1.23209e-14	1.23209e-14	1.23209e-14	1.23209e-14	1.23209e-14	1.23209e-14	1.23209e-14	1.23209e-14	1.23209e-14	1.23209e-14	1.23209e-14	1.23209e-14	1.23209e-14	1.23209e-14	1.23209e-14	1.23209e-14	1.23209e-14	1.23209e-14	1.23209e-14	1.23209e-14	1.23209e-14	1.23209e-14	1.23209e-14	1.23209e-14	1.23209e-14	1.23209e-14	1.23209e-14	1.23209e-14	1.23209e-14	1.23209e-14	1.23209e-14	1.23209e-14	1.23209e-14	1.23209e-14	1.23209e-14	1.23209e-14	1.23209e-14	1.23209e-14	1.23209e-14	1.23209e-14	1.23209e-14	1.23209e-14	1.23209e-14	1.23209e-14	1.23209e-14	1.23209e-14	1.23209e-14	1.23209e-14	1.23209e-14	1.23209e-14	1.23209e-14	1.23209e-14	1.23209e-14	1.23209e-14
24.38	5.46704e-15	1.15529e-14	1.44327e-14	1.57059e-14	1.62296e-14	1.64241e-14	1.64868e-14	1.65036e-14	1.65071e-14	1.65077e-14	1.65078e-14	1.65078e-14	1.65078e-14	1.65078e-14	1.65078e-14	1.65078e-14	1.65078e-14	1.65078e-14	1.65078e-14	1.65078e-14	1.65078e-14	1.65078e-14	1.65078e-14	1.65078e-14	1.65078e-14	1.65078e-14	1.65078e-14	1.65078e-14	1.65078e-14	1.65078e-14	1.65078e-14	1.65078e-14	1.65078e-14	1.65078e-14	1.65078e-14	1.65078e-14	1.65078e-14	1.65078e-14	1.65078e-14	1.65078e-14	1.65078e-14	1.65078e-14	1.65078e-14	1.65078e-14	1.65078e-14	1.65078e-14	1.65078e-14	1.65078e-14	1.65078e-14	1.65078e-14	1.65078e-14	1.65078e-14	1.65078e-14	1.65078e-14	1.65078e-14	1.65078e-14	1.65078e-14	1.65078e-14	1.65078e-14	1.65078e-14	1.65078e-14	1.65078e-14	1.65078e-14	1.65078e-14	1.65078e-14	1.65078e-14	1.65078e-14	1.65078e-14	1.65078e-14	1.65078e-14	1.65078e-14	1.65078e-14	1.65078e-14	1.65078e-14	1.65078e-14	1.65078e-14	1.65078e-14	1.65078e-14	1.65078e-14	1.65078e-14	1.65078e-14	1.65078e-14	1.65078e-14	1.65078e-14	1.65078e-14	1.65078e-14	1.65078e-14	1.65078e-14	1.65078e-14	1.65078e-14	1.65078e-14	1.65078e-14	1.65078e-14	1.65078e-14	1.65078e-14	1.65078e-14	1.65078e-14	1.65078e-14	1.65078e-14	1.65078e-14	1.65078e-14
24.41	6.81154e-15	1.46288e-14	1.85101e-14	2.03287e-14	2.11305e-14	2.14540e-14	2.15691e-14	2.16037e-14	2.16122e-14	2.16138e-14	2.16140e-14	2.16140e-14	2.16140e-14	2.16140e-14	2.16140e-14	2.16140e-14	2.16140e-14	2.16140e-14	2.16140e-14	2.16140e-14	2.16140e-14	2.16140e-14	2.16140e-14	2.16140e-14	2.16140e-14	2.16140e-14	2.16140e-14	2.16140e-14	2.16140e-14	2.16140e-14	2.16140e-14	2.16140e-14	2.16140e-14	2.16140e-14	2.16140e-14	2.16140e-14	2.16140e-14	2.16140e-14	2.16140e-14	2.16140e-14	2.16140e-14	2.16140e-14	2.16140e-14	2.16140e-14	2.16140e-14	2.16140e-14	2.16140e-14	2.16140e-14	2.16140e-14	2.16140e-14	2.16140e-14	2.16140e-14	2.16140e-14	2.16140e-14	2.16140e-14	2.16140e-14	2.16140e-14	2.16140e-14	2.16140e-14	2.16140e-14	2.16140e-14	2.16140e-14	2.16140e-14	2.16140e-14	2.16140e-14	2.16140e-14	2.16140e-14	2.16140e-14	2.16140e-14	2.16140e-14	2.16140e-14	2.16140e-14	2.16140e-14	2.16140e-14	2.16140e-14	2.16140e-14	2.16140e-14	2.16140e-14	2.16140e-14	2.16140e-14	2.16140e-14	2.16140e-14	2.16140e-14	2.16140e-14	2.16140e-14	2.16140e-14	2.16140e-14	2.16140e-14	2.16140e-14	2.16140e-14	2.16140e-14	2.16140e-14	2.16140e-14	2.16140e-14	2.16140e-14	2.16140e-14	2.16140e-14	2.16140e-14	2.16140e-14	2.16140e-14	2.16140e-14
24.44	8.31901e-15	1.81320e-14	2.32204e-14	2.57328e-14	2.69126e-14	2.74257e-14	2.76253e-14	2.76921e-14	2.77106e-14	2.77147e-14	2.77154e-14	2.77154e-14	2.77155e-14	2.77155e-14	2.77155e-14	2.77155e-14	2.77155e-14	2.77155e-14	2.77155e-14	2.77155e-14	2.77155e-14	2.77155e-14	2.77155e-14	2.77155e-14	2.77155e-14	2.77155e-14	2.77155e-14	2.77155e-14	2.77155e-14	2.77155e-14	2.77155e-14	2.77155e-14	2.77155e-14	2.77155e-14	2.77155e-14	2.77155e-14	2.77155e-14	2.77155e-14	2.77155e-14	2.77155e-14	2.77155e-14	2.77155e-14	2.77155e-14	2.77155e-14	2.77155e-14	2.77155e-14	2.77155e-14	2.77155e-14	2.77155e-14	2.77155e-14	2.77155e-14	2.77155e-14	2.77155e-14	2.77155e-14	2.77155e-14	2.77155e-14	2.77155e-14	2.77155e-14	2.77155e-14	2.77155e-14	2.77155e-14	2.77155e-14	2.77155e-14	2.77155e-14	2.77155e-14	2.77155e-14	2.77155e-14	2.77155e-14	2.77155e-14	2.77155e-14	2.77155e-14	2.77155e-14	2.77155e-14	2.77155e-14	2.77155e-14	2.77155e-14	2.77155e-14	2.77155e-14	2.77155e-14	2.77155e-14	2.77155e-14	2.77155e-14	2.77155e-14	2.77155e-14	2.77155e-14	2.77155e-14	2.77155e-14	2.77155e-14	2.77155e-14	2.77155e-14	2.77155e-14	2.77155e-14	2.77155e-14	2.77155e-14	2.77155e-14	2.77155e-14	2.77155e-14	2.77155e-14	2.77155e-14	2.77155e-14	2.77155e-14
24.48	9.98045e-15	2.20471e-14	2.85531e-14	3.19211e-14	3.35953e-14	3.43749e-14	3.47038e-14	3.48250e-14	3.48627e-14	3.48721e-14	3.48740e-14	3.48742e-14	3.48743e-14	3.48743e-14	3.48743e-14	3.48743e-14	3.48743e-14	3.48743e-14	3.48743e-14	3.48743e-14	3.48743e-14	3.48743e-14	3.48743e-14	3.48743e-14	3.48743e-14	3.48743e-14	3.48743e-14	3.48743e-14	3.48743e-14	3.48743e-14	3.48743e-14	3.48743e-14	3.48743e-14	3.48743e-14	3.48743e-14	3.48743e-14	3.48743e-14	3.48743e-14	3.48743e-14	3.48743e-14	3.48743e-14	3.48743e-14	3.48743e-14	3.48743e-14	3.48743e-14	3.48743e-14	3.48743e-14	3.48743e-14	3.48743e-14	3.48743e-14	3.48743e-14	3.48743e-14	3.48743e-14	3.48743e-14	3.48743e-14	3.48743e-14	3.48743e-14	3.48743e-14	3.48743e-14	3.48743e-14	3.48743e-14	3.48743e-14	3.48743e-14	3.48743e-14	3.48743e-14	3.48743e-14	3.48743e-14	3.48743e-14	3.48743e-14	3.48743e-14	3.48743e-14	3.48743e-14	3.48743e-14	3.48743e-14	3.48743e-14	3.48743e-14	3.48743e-14	3.48743e-14	3.48743e-14	3.48743e-14	3.48743e-14	3.48743e-14	3.48743e-14	3.48743e-14	3.48743e-14	3.48743e-14	3.48743e-14	3.48743e-14	3.48743e-14	3.48743e-14	3.48743e-14	3.48743e-14	3.48743e-14	3.48743e-14	3.48743e-14	3.48743e-14	3.48743e-14	3.48743e-14	3.48743e-14	3.48743e-14	3.48743e-14
24.51	1.17834e-14	2.63493e-14	3.44825e-14	3.88764e-14	4.11759e-14	4.23148e-14	4.28321e-14	4.30403e-14	4.31120e-14	4.31323e-14	4.31370e-14	4.31377e-14	4.31378e-14	4.31379e-14	4.31379e-14	4.31379e-14	4.31379e-14	4.31379e-14	4.31379e-14	4.31379e-14	4.31379e-14	4.31379e-14	4.31379e-14	4.31379e-14	4.31379e-14	4.31379e-14	4.31379e-14	4.31379e-14	4.31379e-14	4.31379e-14	4.31379e-14	4.31379e-14	4.31379e-14	4.31379e-14	4.31379e-14	4.31379e-14	4.31379e-14	4.31379e-14	4.31379e-14	4.31379e-14	4.31379e-14	4.31379e-14	4.31379e-14	4.31379e-14	4.31379e-14	4.31379e-14	4.31379e-14	4.31379e-14	4.31379e-14	4.31379e-14	4.31379e-14	4.31379e-14	4.31379e-14	4.31379e-14	4.31379e-14	4.31379e-14	4.31379e-14	4.31379e-14	4.31379e-14	4.31379e-14	4.31379e-14	4.31379e-14	4.31379e-14	4.31379e-14	4.31379e-14	4.31379e-14	4.31379e-14	4.31379e-14	4.31379e-14	4.31379e-14	4.31379e-14	4.31379e-14	4.31379e-14	4.31379e-14	4.31379e-14	4.31379e-14	4.31379e-14	4.31379e-14	4.31379e-14	4.31379e-14	4.31379e-14	4.31379e-14	4.31379e-14	4.31379e-14	4.31379e-14	4.31379e-14	4.31379e-14	4.31379e-14	4.31379e-14	4.31379e-14	4.31379e-14	4.31379e-14	4.31379e-14	4.31379e-14	4.31379e-14	4.31379e-14	4.31379e-14	4.31379e-14	4.31379e-14	4.31379e-14	4.31379e-14
24.55	1.37144e-14	3.10076e-14	4.09718e-14	4.65652e-14	4.96315e-14	5.12374e-14	5.20172e-14	5.23571e-14	5.24858e-14	5.25267e-14	5.25373e-14	5.25394e-14	5.25397e-14	5.25397e-14	5.25397e-14	5.25397e-14	5.25397e-14	5.25397e-14	5.25397e-14	5.25397e-14	5.25397e-14	5.25397e-14	5.25397e-14	5.25397e-14	5.25397e-14	5.25397e-14	5.25397e-14	5.25397e-14	5.25397e-14	5.25397e-14	5.25397e-14	5.25397e-14	5.25397e-14	5.25397e-14	5.25397e-14	5.25397e-14	5.25397e-14	5.25397e-14	5.25397e-14	5.25397e-14	5.25397e-14	5.25397e-14	5.25397e-14	5.25397e-14	5.25397e-14	5.25397e-14	5.25397e-14	5.25397e-14	5.25397e-14	5.25397e-14	5.25397e-14	5.25397e-14	5.25397e-14	5.25397e-14	5.25397e-14	5.25397e-14	5.25397e-14	5.25397e-14	5.25397e-14	5.25397e-14	5.25397e-14	5.25397e-14	5.25397e-14	5.25397e-14	5.25397e-14	5.25397e-14	5.25397e-14	5.25397e-14	5.25397e-14	5.25397e-14	5.25397e-14	5.25397e-14	5.25397e-14	5.25397e-14	5.25397e-14	5.25397e-14	5.25397e-14	5.25397e-14	5.25397e-14	5.25397e-14	5.25397e-14	5.25397e-14	5.25397e-14	5.25397e-14	5.25397e-14	5.25397e-14	5.25397e-14	5.25397e-14	5.25397e-14	5.25397e-14	5.25397e-14	5.25397e-14	5.25397e-14	5.25397e-14	5.25397e-14	5.25397e-14	5.25397e-14	5.25397e-14	5.25397e-14	5.25397e-14	5.25397e-14
24.58	1.57596e-14	3.59878e-14	4.79757e-14	5.49407e-14	5.89219e-14	6.11150e-14	6.22462e-14	6.27763e-14	6.29950e-14	6.30720e-14	6.30944e-14	6.30996e-14	6.31005e-14	6.31007e-14	6.31007e-14	6.31007e-14	6.31007e-14	6.31007e-14	6.31007e-14	6.31007e-14	6.31007e-14	6.31007e-14	6.31007e-14	6.31007e-14	6.31007e-14	6.31007e-14	6.31007e-14	6.31007e-14	6.31007e-14	6.31007e-14	6.31007e-14	6.31007e-14	6.31007e-14	6.31007e-14	6.31007e-14	6.31007e-14	6.31007e-14	6.31007e-14	6.31007e-14	6.31007e-14	6.31007e-14	6.31007e-14	6.31007e-14	6.31007e-14	6.31007e-14	6.31007e-14	6.31007e-14	6.31007e-14	6.31007e-14	6.31007e-14	6.31007e-14	6.31007e-14	6.31007e-14	6.31007e-14	6.31007e-14	6.31007e-14	6.31007e-14	6.31007e-14	6.31007e-14	6.31007e-14	6.31007e-14	6.31007e-14	6.31007e-14	6.31007e-14	6.31007e-14	6.31007e-14	6.31007e-14	6.31007e-14	6.31007e-14	6.31007e-14	6.31007e-14	6.31007e-14	6.31007e-14	6.31007e-14	6.31007e-14	6.31007e-14	6.31007e-14	6.31007e-14	6.31007e-14	6.31007e-14	6.31007e-14	6.31007e-14	6.31007e-14	6.31007e-14	6.31007e-14	6.31007e-14	6.31007e-14	6.31007e-14	6.31007e-14	6.31007e-14	6.31007e-14	6.31007e-14	6.31007e-14	6.31007e-14	6.31007e-14	6.31007e-14	6.31007e-14	6.31007e-14	6.31007e-14	6.31007e-14	6.31007e-14
24.62	1.79055e-14	4.12551e-14	5.54451e-14	6.39480e-14	6.89944e-14	7.19034e-14	7.34885e-14	7.42814e-14	7.46352e-14	7.47720e-14	7.48164e-14	7.48281e-14	7.48305e-14	7.48309e-14	7.48309e-14	7.48309e-14	7.48309e-14	7.48309e-14	7.48309e-14	7.48309e-14	7.48309e-14	7.48309e-14	7.48309e-14	7.48309e-14	7.48309e-14	7.48309e-14	7.48309e-14	7.48309e-14	7.48309e-14	7.48309e-14	7.48309e-14	7.48309e-14	7.48309e-14	7.48309e-14	7.48309e-14	7.48309e-14	7.48309e-14	7.48309e-14	7.48309e-14	7.48309e-14	7.48309e-14	7.48309e-14	7.48309e-14	7.48309e-14	7.48309e-14	7.48309e-14	7.48309e-14	7.48309e-14	7.48309e-14	7.48309e-14	7.48309e-14	7.48309e-14	7.48309e-14	7.48309e-14	7.48309e-14	7.48309e-14	7.48309e-14	7.48309e-14	7.48309e-14	7.48309e-14	7.48309e-14	7.48309e-14	7.48309e-14	7.48309e-14	7.48309e-14	7.48309e-14	7.48309e-14	7.48309e-14	7.48309e-14	7.48309e-14	7.48309e-14	7.48309e-14	7.48309e-14	7.48309e-14	7.48309e-14	7.48309e-14	7.48309e-14	7.48309e-14	7.48309e-14	7.48309e-14	7.48309e-14	7.48309e-14	7.48309e-14	7.48309e-14	7.48309e-14	7.48309e-14	7.48309e-14	7.48309e-14	7.48309e-14	7.48309e-14	7.48309e-14	7.48309e-14	7.48309e-14	7.48309e-14	7.48309e-14	7.48309e-14	7.48309e-14	7.48309e-14	7.48309e-14	7.48309e-14	7.48309e-14
24.65	2.01396e-14	4.67755e-14	6.33297e-14	7.35271e-14	7.97867e-14	8.35461e-14	8.56981e-14	8.68405e-14	8.73877e-14	8.76178e-14	8.77005e-14	8.77250e-14	8.77308e-14	8.77319e-14	8.77320e-14	8.77320e-14	8.77320e-14	8.77320e-14	8.77320e-14	8.77320e-14	8.77320e-14	8.77320e-14	8.77320e-14	8.77320e-14	8.77320e-14	8.77320e-14	8.77320e-14	8.77320e-14	8.77320e-14	8.77320e-14	8.77320e-14	8.77320e-14	8.77320e-14	8.77320e-14	8.77320e-14	8.77320e-14	8.77320e-14	8.77320e-14	8.77320e-14	8.77320e-14	8.77320e-14	8.77320e-14	8.77320e-14	8.77320e-14	8.77320e-14	8.77320e-14	8.77320e-14	8.77320e-14	8.77320e-14	8.77320e-14	8.77320e-14	8.77320e-14	8.77320e-14	8.77320e-14	8.77320e-14	8.77320e-14	8.77320e-14	8.77320e-14	8.77320e-14	8.77320e-14	8.77320e-14	8.77320e-14	8.77320e-14	8.77320e-14	8.77320e-14	8.77320e-14	8.77320e-14	8.77320e-14	8.77320e-14	8.77320e-14	8.77320e-14	8.77320e-14	8.77320e-14	8.77320e-14	8.77320e-14	8.77320e-14	8.77320e-14	8.77320e-14	8.77320e-14	8.77320e-14	8.77320e-14	8.77320e-14	8.77320e-14	8.77320e-14	8.77320e-14	8.77320e-14	8.77320e-14	8.77320e-14	8.77320e-14	8.77320e-14	8.77320e-14	8.77320e-14	8.77320e-14	8.77320e-14	8.77320e-14	8.77320e-14	8.77320e-14	8.77320e-14	8.77320e-14	8.77320e-14	8.77320e-14
24.68	2.24519e-14	5.25191e-14	7.15824e-14	8.36189e-14	9.12342e-14	9.59790e-14	9.88190e-14	1.00410e-13	1.01222e-13	1.01591e-13	1.01736e-13	1.01784e-13	1.01797e-13	1.01800e-13	1.01800e-13	1.01800e-13	1.01800e-13	1.01800e-13	1.01800e-13	1.01800e-13	1.01800e-13	1.01800e-13	1.01800e-13	1.01800e-13	1.01800e-13	1.01800e-13	1.01800e-13	1.01800e-13	1.01800e-13	1.01800e-13	1.01800e-13	1.01800e-13	1.01800e-13	1.01800e-13	1.01800e-13	1.01800e-13	1.01800e-13	1.01800e-13	1.01800e-13	1.01800e-13	1.01800e-13	1.01800e-13	1.01800e-13	1.01800e-13	1.01800e-13	1.01800e-13	1.01800e-13	1.01800e-13	1.01800e-13	1.01800e-13	1.01800e-13	1.01800e-13	1.01800e-13	1.01800e-13	1.01800e-13	1.01800e-13	1.01800e-13	1.01800e-13	1.01800e-13	1.01800e-13	1.01800e-13	1.01800e-13	1.01800e-13	1.01800e-13	1.01800e-13	1.01800e-13	1.01800e-13	1.01800e-13	1.01800e-13	1.01800e-13	1.01800e-13	1.01800e-13	1.01800e-13	1.01800e-13	1.01800e-13	1.01800e-13	1.01800e-13	1.01800e-13	1.01800e-13	1.01800e-13	1.01800e-13	1.01800e-13	1.01800e-13	1.01800e-13	1.01800e-13	1.01800e-13	1.01800e-13	1.01800e-13	1.01800e-13	1.01800e-13	1.01800e-13	1.01800e-13	1.01800e-13	1.01800e-13	1.01800e-13	1.01800e-13	1.01800e-13	1.01800e-13	1.01800e-13	1.01800e-13	1.01800e-13
24.72	2.48338e-14	5.84600e-14	8.01604e-14	9.41668e-14	1.03271e-13	1.09135e-13	1.12788e-13	1.14935e-13	1.16097e-13	1.16663e-13	1.16905e-13	1.16993e-13	1.17020e-13	1.17027e-13	1.17028e-13	1.17028e-13	1.17028e-13	1.17028e-13	1.17028e-13	1.17028e-13	1.17028e-13	1.17028e-13	1.17028e-13	1.17028e-13	1.17028e-13	1.17028e-13	1.17028e-13	1.17028e-13	1.17028e-13	1.17028e-13	1.17028e-13	1.17028e-13	1.17028e-13	1.17028e-13	1.17028e-13	1.17028e-13	1.17028e-13	1.17028e-13	1.17028e-13	1.17028e-13	1.17028e-13	1.17028e-13	1.17028e-13	1.17028e-13	1.17028e-13	1.17028e-13	1.17028e-13	1.17028e-13	1.17028e-13	1.17028e-13	1.17028e-13	1.17028e-13	1.17028e-13	1.17028e-13	1.17028e-13	1.17028e-13	1.17028e-13	1.17028e-13	1.17028e-13	1.17028e-13	1.17028e-13	1.17028e-13	1.17028e-13	1.17028e-13	1.17028e-13	1.17028e-13	1.17028e-13	1.17028e-13	1.17028e-13	1.17028e-13	1.17028e-13	1.17028e-13	1.17028e-13	1.17028e-13	1.17028e-13	1.17028e-13	1.17028e-13	1.17028e-13	1.17028e-13	1.17028e-13	1.17028e-13	1.17028e-13	1.17028e-13	1.17028e-13	1.17028e-13	1.17028e-13	1.17028e-13	1.17028e-13	1.17028e-13	1.17028e-13	1.17028e-13	1.17028e-13	1.17028e-13	1.17028e-13	1.17028e-13	1.17028e-13	1.17028e-13	1.17028e-13	1.17028e-13	1.17028e-13	1.17028e-13
24.75	2.72799e-14	6.45788e-14	8.90287e-14	1.05122e-13	1.15838e-13	1.22947e-13	1.27538e-13	1.30357e-13	1.31966e-13	1.32800e-13	1.33184e-13	1.33338e-13	1.33389e-13	1.33404e-13	1.33407e-13	1.33407e-13	1.33407e-13	1.33407e-13	1.33407e-13	1.33407e-13	1.33407e-13	1.33407e-13	1.33407e-13	1.33407e-13	1.33407e-13	1.33407e-13	1.33407e-13	1.33407e-13	1.33407e-13	1.33407e-13	1.33407e-13	1.33407e-13	1.33407e-13	1.33407e-13	1.33407e-13	1.33407e-13	1.33407e-13	1.33407e-13	1.33407e-13	1.33407e-13	1.33407e-13	1.33407e-13	1.33407e-13	1.33407e-13	1.33407e-13	1.33407e-13	1.33407e-13	1.33407e-13	1.33407e-13	1.33407e-13	1.33407e-13	1.33407e-13	1.33407e-13	1.33407e-13	1.33407e-13	1.33407e-13	1.33407e-13	1.33407e-13	1.33407e-13	1.33407e-13	1.33407e-13	1.33407e-13	1.33407e-13	1.33407e-13	1.33407e-13	1.33407e-13	1.33407e-13	1.33407e-13	1.33407e-13	1.33407e-13	1.33407e-13	1.33407e-13	1.33407e-13	1.33407e-13	1.33407e-13	1.33407e-13	1.33407e-13	1.33407e-13	1.33407e-13	1.33407e-13	1.33407e-13	1.33407e-13	1.33407e-13	1.33407e-13	1.33407e-13	1.33407e-13	1.33407e-13	1.33407e-13	1.33407e-13	1.33407e-13	1.33407e-13	1.33407e-13	1.33407e-13	1.33407e-13	1.33407e-13	1.33407e-13	1.33407e-13	1.33407e-13	1.33407e-13	1.33407e-13	1.33407e-13
24.79	2.97870e-14	7.08616e-14	9.81604e-14	1.16443e-13	1.28882e-13	1.37355e-13	1.43007e-13	1.46616e-13	1.48776e-13	1.49961e-13	1.50546e-13	1.50799e-13	1.50893e-13	1.50922e-13	1.50930e-13	1.50931e-13	1.50931e-13	1.50931e-13	1.50931e-13	1.50931e-13	1.50931e-13	1.50931e-13	1.50931e-13	1.50931e-13	1.50931e-13	1.50931e-13	1.50931e-13	1.50931e-13	1.50931e-13	1.50931e-13	1.50931e-13	1.50931e-13	1.50931e-13	1.50931e-13	1.50931e-13	1.50931e-13	1.50931e-13	1.50931e-13	1.50931e-13	1.50931e-13	1.50931e-13	1.50931e-13	1.50931e-13	1.50931e-13	1.50931e-13	1.50931e-13	1.50931e-13	1.50931e-13	1.50931e-13	1.50931e-13	1.50931e-13	1.50931e-13	1.50931e-13	1.50931e-13	1.50931e-13	1.50931e-13	1.50931e-13	1.50931e-13	1.50931e-13	1.50931e-13	1.50931e-13	1.50931e-13	1.50931e-13	1.50931e-13	1.50931e-13	1.50931e-13	1.50931e-13	1.50931e-13	1.50931e-13	1.50931e-13	1.50931e-13	1.50931e-13	1.50931e-13	1.50931e-13	1.50931e-13	1.50931e-13	1.50931e-13	1.50931e-13	1.50931e-13	1.50931e-13	1.50931e-13	1.50931e-13	1.50931e-13	1.50931e-13	1.50931e-13	1.50931e-13	1.50931e-13	1.50931e-13	1.50931e-13	1.50931e-13	1.50931e-13	1.50931e-13	1.50931e-13	1.50931e-13	1.50931e-13	1.50931e-13	1.50931e-13	1.50931e-13	1.50931e-13	1.50931e-13	1.50931e-13
24.82	3.23539e-14	7.73012e-14	1.07537e-13	1.28100e-13	1.42361e-13	1.52306e-13	1.59136e-13	1.63653e-13	1.66474e-13	1.68104e-13	1.68960e-13	1.69359e-13	1.69521e-13	1.69576e-13	1.69592e-13	1.69595e-13	1.69596e-13	1.69596e-13	1.69596e-13	1.69596e-13	1.69596e-13	1.69596e-13	1.69596e-13	1.69596e-13	1.69596e-13	1.69596e-13	1.69596e-13	1.69596e-13	1.69596e-13	1.69596e-13	1.69596e-13	1.69596e-13	1.69596e-13	1.69596e-13	1.69596e-13	1.69596e-13	1.69596e-13	1.69596e-13	1.69596e-13	1.69596e-13	1.69596e-13	1.69596e-13	1.69596e-13	1.69596e-13	1.69596e-13	1.69596e-13	1.69596e-13	1.69596e-13	1.69596e-13	1.69596e-13	1.69596e-13	1.69596e-13	1.69596e-13	1.69596e-13	1.69596e-13	1.69596e-13	1.69596e-13	1.69596e-13	1.69596e-13	1.69596e-13	1.69596e-13	1.69596e-13	1.69596e-13	1.69596e-13	1.69596e-13	1.69596e-13	1.69596e-13	1.69596e-13	1.69596e-13	1.69596e-13	1.69596e-13	1.69596e-13	1.69596e-13	1.69596e-13	1.69596e-13	1.69596e-13	1.69596e-13	1.69596e-13	1.69596e-13	1.69596e-13	1.69596e-13	1.69596e-13	1.69596e-13	1.69596e-13	1.69596e-13	1.69596e-13	1.69596e-13	1.69596e-13	1.69596e-13	1.69596e-13	1.69596e-13	1.69596e-13	1.69596e-13	1.69596e-13	1.69596e-13	1.69596e-13	1.69596e-13	1.69596e-13	1.69596e-13	1.69596e-13	1.69596e-13
24.85	3.49832e-14	8.38969e-14	1.17151e-13	1.40073e-13	1.56243e-13	1.67759e-13	1.75874e-13	1.81415e-13	1.85010e-13	1.87187e-13	1.88394e-13	1.88997e-13	1.89261e-13	1.89361e-13	1.89393e-13	1.89401e-13	1.89402e-13	1.89403e-13	1.89403e-13	1.89403e-13	1.89403e-13	1.89403e-13	1.89403e-13	1.89403e-13	1.89403e-13	1.89403e-13	1.89403e-13	1.89403e-13	1.89403e-13	1.89403e-13	1.89403e-13	1.89403e-13	1.89403e-13	1.89403e-13	1.89403e-13	1.89403e-13	1.89403e-13	1.89403e-13	1.89403e-13	1.89403e-13	1.89403e-13	1.89403e-13	1.89403e-13	1.89403e-13	1.89403e-13	1.89403e-13	1.89403e-13	1.89403e-13	1.89403e-13	1.89403e-13	1.89403e-13	1.89403e-13	1.89403e-13	1.89403e-13	1.89403e-13	1.89403e-13	1.89403e-13	1.89403e-13	1.89403e-13	1.89403e-13	1.89403e-13	1.89403e-13	1.89403e-13	1.89403e-13	1.89403e-13	1.89403e-13	1.89403e-13	1.89403e-13	1.89403e-13	1.89403e-13	1.89403e-13	1.89403e-13	1.89403e-13	1.89403e-13	1.89403e-13	1.89403e-13	1.89403e-13	1.89403e-13	1.89403e-13	1.89403e-13	1.89403e-13	1.89403e-13	1.89403e-13	1.89403e-13	1.89403e-13	1.89403e-13	1.89403e-13	1.89403e-13	1.89403e-13	1.89403e-13	1.89403e-13	1.89403e-13	1.89403e-13	1.89403e-13	1.89403e-13	1.89403e-13	1.89403e-13	1.89403e-13	1.89403e-13	1.89403e-13	1.89403e-13
24.89	3.76798e-14	9.06557e-14	1.27004e-13	1.52358e-13	1.70512e-13	1.83686e-13	1.93186e-13	1.99858e-13	2.04340e-13	2.07169e-13	2.08820e-13	2.09695e-13	2.10108e-13	2.10278e-13	2.10338e-13	2.10355e-13	2.10359e-13	2.10359e-13	2.10359e-13	2.10359e-13	2.10359e-13	2.10359e-13	2.10359e-13	2.10359e-13	2.10359e-13	2.10359e-13	2.10359e-13	2.10359e-13	2.10359e-13	2.10359e-13	2.10359e-13	2.10359e-13	2.10359e-13	2.10359e-13	2.10359e-13	2.10359e-13	2.10359e-13	2.10359e-13	2.10359e-13	2.10359e-13	2.10359e-13	2.10359e-13	2.10359e-13	2.10359e-13	2.10359e-13	2.10359e-13	2.10359e-13	2.10359e-13	2.10359e-13	2.10359e-13	2.10359e-13	2.10359e-13	2.10359e-13	2.10359e-13	2.10359e-13	2.10359e-13	2.10359e-13	2.10359e-13	2.10359e-13	2.10359e-13	2.10359e-13	2.10359e-13	2.10359e-13	2.10359e-13	2.10359e-13	2.10359e-13	2.10359e-13	2.10359e-13	2.10359e-13	2.10359e-13	2.10359e-13	2.10359e-13	2.10359e-13	2.10359e-13	2.10359e-13	2.10359e-13	2.10359e-13	2.10359e-13	2.10359e-13	2.10359e-13	2.10359e-13	2.10359e-13	2.10359e-13	2.10359e-13	2.10359e-13	2.10359e-13	2.10359e-13	2.10359e-13	2.10359e-13	2.10359e-13	2.10359e-13	2.10359e-13	2.10359e-13	2.10359e-13	2.10359e-13	2.10359e-13	2.10359e-13	2.10359e-13	2.10359e-13	2.10359e-13	2.10359e-13
24.92	4.04502e-14	9.75901e-14	1.37108e-13	1.64958e-13	1.85165e-13	2.00073e-13	2.11047e-13	2.18952e-13	2.24428e-13	2.28017e-13	2.30210e-13	2.31437e-13	2.32056e-13	2.32331e-13	2.32437e-13	2.32471e-13	2.32480e-13	2.32482e-13	2.32482e-13	2.32482e-13	2.32482e-13	2.32482e-13	2.32482e-13	2.32482e-13	2.32482e-13	2.32482e-13	2.32482e-13	2.32482e-13	2.32482e-13	2.32482e-13	2.32482e-13	2.32482e-13	2.32482e-13	2.32482e-13	2.32482e-13	2.32482e-13	2.32482e-13	2.32482e-13	2.32482e-13	2.32482e-13	2.32482e-13	2.32482e-13	2.32482e-13	2.32482e-13	2.32482e-13	2.32482e-13	2.32482e-13	2.32482e-13	2.32482e-13	2.32482e-13	2.32482e-13	2.32482e-13	2.32482e-13	2.32482e-13	2.32482e-13	2.32482e-13	2.32482e-13	2.32482e-13	2.32482e-13	2.32482e-13	2.32482e-13	2.32482e-13	2.32482e-13	2.32482e-13	2.32482e-13	2.32482e-13	2.32482e-13	2.32482e-13	2.32482e-13	2.32482e-13	2.32482e-13	2.32482e-13	2.32482e-13	2.32482e-13	2.32482e-13	2.32482e-13	2.32482e-13	2.32482e-13	2.32482e-13	2.32482e-13	2.32482e-13	2.32482e-13	2.32482e-13	2.32482e-13	2.32482e-13	2.32482e-13	2.32482e-13	2.32482e-13	2.32482e-13	2.32482e-13	2.32482e-13	2.32482e-13	2.32482e-13	2.32482e-13	2.32482e-13	2.32482e-13	2.32482e-13	2.32482e-13	2.32482e-13	2.32482e-13	2.32482e-13
24.96	4.33023e-14	1.04717e-13	1.47481e-13	1.77891e-13	2.00211e-13	2.16920e-13	2.29446e-13	2.38675e-13	2.45248e-13	2.49705e-13	2.52541e-13	2.54209e-13	2.55101e-13	2.55528e-13	2.55706e-13	2.55769e-13	2.55788e-13	2.55792e-13	2.55793e-13	2.55793e-13	2.55793e-13	2.55793e-13	2.55793e-13	2.55793e-13	2.55793e-13	2.55793e-13	2.55793e-13	2.55793e-13	2.55793e-13	2.55793e-13	2.55793e-13	2.55793e-13	2.55793e-13	2.55793e-13	2.55793e-13	2.55793e-13	2.55793e-13	2.55793e-13	2.55793e-13	2.55793e-13	2.55793e-13	2.55793e-13	2.55793e-13	2.55793e-13	2.55793e-13	2.55793e-13	2.55793e-13	2.55793e-13	2.55793e-13	2.55793e-13	2.55793e-13	2.55793e-13	2.55793e-13	2.55793e-13	2.55793e-13	2.55793e-13	2.55793e-13	2.55793e-13	2.55793e-13	2.55793e-13	2.55793e-13	2.55793e-13	2.55793e-13	2.55793e-13	2.55793e-13	2.55793e-13	2.55793e-13	2.55793e-13	2.55793e-13	2.55793e-13	2.55793e-13	2.55793e-13	2.55793e-13	2.55793e-13	2.55793e-13	2.55793e-13	2.55793e-13	2.55793e-13	2.55793e-13	2.55793e-13	2.55793e-13	2.55793e-13	2.55793e-13	2.55793e-13	2.55793e-13	2.55793e-13	2.55793e-13	2.55793e-13	2.55793e-13	2.55793e-13	2.55793e-13	2.55793e-13	2.55793e-13	2.55793e-13	2.55793e-13	2.55793e-13	2.55793e-13	2.55793e-13	2.55793e-13	2.55793e-13	2.55793e-13
24.99	4.62482e-14	1.12061e-13	1.58153e-13	1.91184e-13	2.15673e-13	2.34243e-13	2.48390e-13	2.59026e-13	2.66790e-13	2.72216e-13	2.75799e-13	2.78002e-13	2.79246e-13	2.79880e-13	2.80165e-13	2.80277e-13	2.80313e-13	2.80323e-13	2.80325e-13	2.80325e-13	2.80325e-13	2.80325e-13	2.80325e-13	2.80325e-13	2.80325e-13	2.80325e-13	2.80325e-13	2.80325e-13	2.80325e-13	2.80325e-13	2.80325e-13	2.80325e-13	2.80325e-13	2.80325e-13	2.80325e-13	2.80325e-13	2.80325e-13	2.80325e-13	2.80325e-13	2.80325e-13	2.80325e-13	2.80325e-13	2.80325e-13	2.80325e-13	2.80325e-13	2.80325e-13	2.80325e-13	2.80325e-13	2.80325e-13	2.80325e-13	2.80325e-13	2.80325e-13	2.80325e-13	2.80325e-13	2.80325e-13	2.80325e-13	2.80325e-13	2.80325e-13	2.80325e-13	2.80325e-13	2.80325e-13	2.80325e-13	2.80325e-13	2.80325e-13	2.80325e-13	2.80325e-13	2.80325e-13	2.80325e-13	2.80325e-13	2.80325e-13	2.80325e-13	2.80325e-13	2.80325e-13	2.80325e-13	2.80325e-13	2.80325e-13	2.80325e-13	2.80325e-13	2.80325e-13	2.80325e-13	2.80325e-13	2.80325e-13	2.80325e-13	2.80325e-13	2.80325e-13	2.80325e-13	2.80325e-13	2.80325e-13	2.80325e-13	2.80325e-13	2.80325e-13	2.80325e-13	2.80325e-13	2.80325e-13	2.80325e-13	2.80325e-13	2.80325e-13	2.80325e-13	2.80325e-13	2.80325e-13	2.80325e-13
25.02	4.92992e-14	1.19649e-13	1.69159e-13	2.04875e-13	2.31586e-13	2.52071e-13	2.67901e-13	2.80015e-13	2.89056e-13	2.95548e-13	2.99978e-13	3.02815e-13	3.04496e-13	3.05403e-13	3.05842e-13	3.06028e-13	3.06095e-13	3.06116e-13	3.06121e-13	3.06121e-13	3.06122e-13	3.06122e-13	3.06122e-13	3.06122e-13	3.06122e-13	3.06122e-13	3.06122e-13	3.06122e-13	3.06122e-13	3.06122e-13	3.06122e-13	3.06122e-13	3.06122e-13	3.06122e-13	3.06122e-13	3.06122e-13	3.06122e-13	3.06122e-13	3.06122e-13	3.06122e-13	3.06122e-13	3.06122e-13	3.06122e-13	3.06122e-13	3.06122e-13	3.06122e-13	3.06122e-13	3.06122e-13	3.06122e-13	3.06122e-13	3.06122e-13	3.06122e-13	3.06122e-13	3.06122e-13	3.06122e-13	3.06122e-13	3.06122e-13	3.06122e-13	3.06122e-13	3.06122e-13	3.06122e-13	3.06122e-13	3.06122e-13	3.06122e-13	3.06122e-13	3.06122e-13	3.06122e-13	3.06122e-13	3.06122e-13	3.06122e-13	3.06122e-13	3.06122e-13	3.06122e-13	3.06122e-13	3.06122e-13	3.06122e-13	3.06122e-13	3.06122e-13	3.06122e-13	3.06122e-13	3.06122e-13	3.06122e-13	3.06122e-13	3.06122e-13	3.06122e-13	3.06122e-13	3.06122e-13	3.06122e-13	3.06122e-13	3.06122e-13	3.06122e-13	3.06122e-13	3.06122e-13	3.06122e-13	3.06122e-13	3.06122e-13	3.06122e-13	3.06122e-13	3.06122e-13	3.06122e-13	3.06122e-13
25.06	5.24707e-14	1.27514e-13	1.80543e-13	2.19011e-13	2.47999e-13	2.70448e-13	2.88015e-13	3.01672e-13	3.12066e-13	3.19712e-13	3.25087e-13	3.28655e-13	3.30864e-13	3.32121e-13	3.32768e-13	3.33064e-13	3.33181e-13	3.33221e-13	3.33231e-13	3.33234e-13	3.33234e-13	3.33234e-13	3.33234e-13	3.33234e-13	3.33234e-13	3.33234e-13	3.33234e-13	3.33234e-13	3.33234e-13	3.33234e-13	3.33234e-13	3.33234e-13	3.33234e-13	3.33234e-13	3.33234e-13	3.33234e-13	3.33234e-13	3.33234e-13	3.33234e-13	3.33234e-13	3.33234e-13	3.33234e-13	3.33234e-13	3.33234e-13	3.33234e-13	3.33234e-13	3.33234e-13	3.33234e-13	3.33234e-13	3.33234e-13	3.33234e-13	3.33234e-13	3.33234e-13	3.33234e-13	3.33234e-13	3.33234e-13	3.33234e-13	3.33234e-13	3.33234e-13	3.33234e-13	3.33234e-13	3.33234e-13	3.33234e-13	3.33234e-13	3.33234e-13	3.33234e-13	3.33234e-13	3.33234e-13	3.33234e-13	3.33234e-13	3.33234e-13	3.33234e-13	3.33234e-13	3.33234e-13	3.33234e-13	3.33234e-13	3.33234e-13	3.33234e-13	3.33234e-13	3.33234e-13	3.33234e-13	3.33234e-13	3.33234e-13	3.33234e-13	3.33234e-13	3.33234e-13	3.33234e-13	3.33234e-13	3.33234e-13	3.33234e-13	3.33234e-13	3.33234e-13	3.33234e-13	3.33234e-13	3.33234e-13	3.33234e-13	3.33234e-13	3.33234e-13	3.33234e-13	3.33234e-13	3.33234e-13
25.09	5.57777e-14	1.35694e-13	1.92353e-13	2.33651e-13	2.64971e-13	2.89433e-13	3.08785e-13	3.24040e-13	3.35855e-13	3.44736e-13	3.51146e-13	3.55541e-13	3.58371e-13	3.60061e-13	3.60982e-13	3.61432e-13	3.61626e-13	3.61697e-13	3.61719e-13	3.61725e-13	3.61726e-13	3.61726e-13	3.61726e-13	3.61726e-13	3.61726e-13	3.61726e-13	3.61726e-13	3.61726e-13	3.61726e-13	3.61726e-13	3.61726e-13	3.61726e-13	3.61726e-13	3.61726e-13	3.61726e-13	3.61726e-13	3.61726e-13	3.61726e-13	3.61726e-13	3.61726e-13	3.61726e-13	3.61726e-13	3.61726e-13	3.61726e-13	3.61726e-13	3.61726e-13	3.61726e-13	3.61726e-13	3.61726e-13	3.61726e-13	3.61726e-13	3.61726e-13	3.61726e-13	3.61726e-13	3.61726e-13	3.61726e-13	3.61726e-13	3.61726e-13	3.61726e-13	3.61726e-13	3.61726e-13	3.61726e-13	3.61726e-13	3.61726e-13	3.61726e-13	3.61726e-13	3.61726e-13	3.61726e-13	3.61726e-13	3.61726e-13	3.61726e-13	3.61726e-13	3.61726e-13	3.61726e-13	3.61726e-13	3.61726e-13	3.61726e-13	3.61726e-13	3.61726e-13	3.61726e-13	3.61726e-13	3.61726e-13	3.61726e-13	3.61726e-13	3.61726e-13	3.61726e-13	3.61726e-13	3.61726e-13	3.61726e-13	3.61726e-13	3.61726e-13	3.61726e-13	3.61726e-13	3.61726e-13	3.61726e-13	3.61726e-13	3.61726e-13	3.61726e-13	3.61726e-13	3.61726e-13	3.61726e-13
25.13	5.92379e-14	1.44229e-13	2.04647e-13	2.48858e-13	2.82571e-13	3.09094e-13	3.30277e-13	3.47181e-13	3.60475e-13	3.70662e-13	3.78191e-13	3.83505e-13	3.87050e-13	3.89258e-13	3.90526e-13	3.91186e-13	3.91491e-13	3.91615e-13	3.91657e-13	3.91669e-13	3.91671e-13	3.91672e-13	3.91672e-13	3.91672e-13	3.91672e-13	3.91672e-13	3.91672e-13	3.91672e-13	3.91672e-13	3.91672e-13	3.91672e-13	3.91672e-13	3.91672e-13	3.91672e-13	3.91672e-13	3.91672e-13	3.91672e-13	3.91672e-13	3.91672e-13	3.91672e-13	3.91672e-13	3.91672e-13	3.91672e-13	3.91672e-13	3.91672e-13	3.91672e-13	3.91672e-13	3.91672e-13	3.91672e-13	3.91672e-13	3.91672e-13	3.91672e-13	3.91672e-13	3.91672e-13	3.91672e-13	3.91672e-13	3.91672e-13	3.91672e-13	3.91672e-13	3.91672e-13	3.91672e-13	3.91672e-13	3.91672e-13	3.91672e-13	3.91672e-13	3.91672e-13	3.91672e-13	3.91672e-13	3.91672e-13	3.91672e-13	3.91672e-13	3.91672e-13	3.91672e-13	3.91672e-13	3.91672e-13	3.91672e-13	3.91672e-13	3.91672e-13	3.91672e-13	3.91672e-13	3.91672e-13	3.91672e-13	3.91672e-13	3.91672e-13	3.91672e-13	3.91672e-13	3.91672e-13	3.91672e-13	3.91672e-13	3.91672e-13	3.91672e-13	3.91672e-13	3.91672e-13	3.91672e-13	3.91672e-13	3.91672e-13	3.91672e-13	3.91672e-13	3.91672e-13	3.91672e-13	3.91672e-13
25.16	6.28695e-14	1.53163e-13	2.17487e-13	2.64706e-13	3.00877e-13	3.29512e-13	3.52572e-13	3.71171e-13	3.85997e-13	3.97552e-13	4.06274e-13	4.12592e-13	4.16942e-13	4.19758e-13	4.21452e-13	4.22385e-13	4.22847e-13	4.23049e-13	4.23125e-13	4.23149e-13	4.23155e-13	4.23156e-13	4.23156e-13	4.23156e-13	4.23156e-13	4.23156e-13	4.23156e-13	4.23156e-13	4.23156e-13	4.23156e-13	4.23156e-13	4.23156e-13	4.23156e-13	4.23156e-13	4.23156e-13	4.23156e-13	4.23156e-13	4.23156e-13	4.23156e-13	4.23156e-13	4.23156e-13	4.23156e-13	4.23156e-13	4.23156e-13	4.23156e-13	4.23156e-13	4.23156e-13	4.23156e-13	4.23156e-13	4.23156e-13	4.23156e-13	4.23156e-13	4.23156e-13	4.23156e-13	4.23156e-13	4.23156e-13	4.23156e-13	4.23156e-13	4.23156e-13	4.23156e-13	4.23156e-13	4.23156e-13	4.23156e-13	4.23156e-13	4.23156e-13	4.23156e-13	4.23156e-13	4.23156e-13	4.23156e-13	4.23156e-13	4.23156e-13	4.23156e-13	4.23156e-13	4.23156e-13	4.23156e-13	4.23156e-13	4.23156e-13	4.23156e-13	4.23156e-13	4.23156e-13	4.23156e-13	4.23156e-13	4.23156e-13	4.23156e-13	4.23156e-13	4.23156e-13	4.23156e-13	4.23156e-13	4.23156e-13	4.23156e-13	4.23156e-13	4.23156e-13	4.23156e-13	4.23156e-13	4.23156e-13	4.23156e-13	4.23156e-13	4.23156e-13	4.23156e-13	4.23156e-13	4.23156e-13
25.19	6.66895e-14	1.62542e-13	2.30935e-13	2.81271e-13	3.19976e-13	3.50778e-13	3.75759e-13	3.96095e-13	4.12500e-13	4.25478e-13	4.35460e-13	4.42860e-13	4.48101e-13	4.51615e-13	4.53818e-13	4.55095e-13	4.55766e-13	4.56082e-13	4.56211e-13	4.56257e-13	4.56270e-13	4.56273e-13	4.56273e-13	4.56273e-13	4.56273e-13	4.56273e-13	4.56273e-13	4.56273e-13	4.56273e-13	4.56273e-13	4.56273e-13	4.56273e-13	4.56273e-13	4.56273e-13	4.56273e-13	4.56273e-13	4.56273e-13	4.56273e-13	4.56273e-13	4.56273e-13	4.56273e-13	4.56273e-13	4.56273e-13	4.56273e-13	4.56273e-13	4.56273e-13	4.56273e-13	4.56273e-13	4.56273e-13	4.56273e-13	4.56273e-13	4.56273e-13	4.56273e-13	4.56273e-13	4.56273e-13	4.56273e-13	4.56273e-13	4.56273e-13	4.56273e-13	4.56273e-13	4.56273e-13	4.56273e-13	4.56273e-13	4.56273e-13	4.56273e-13	4.56273e-13	4.56273e-13	4.56273e-13	4.56273e-13	4.56273e-13	4.56273e-13	4.56273e-13	4.56273e-13	4.56273e-13	4.56273e-13	4.56273e-13	4.56273e-13	4.56273e-13	4.56273e-13	4.56273e-13	4.56273e-13	4.56273e-13	4.56273e-13	4.56273e-13	4.56273e-13	4.56273e-13	4.56273e-13	4.56273e-13	4.56273e-13	4.56273e-13	4.56273e-13	4.56273e-13	4.56273e-13	4.56273e-13	4.56273e-13	4.56273e-13	4.56273e-13	4.56273e-13	4.56273e-13	4.56273e-13	4.56273e-13
25.23	7.07202e-14	1.72416e-13	2.45064e-13	2.98639e-13	3.39961e-13	3.72992e-13	3.99943e-13	4.22058e-13	4.40084e-13	4.54535e-13	4.65835e-13	4.74386e-13	4.80599e-13	4.84895e-13	4.87693e-13	4.89389e-13	4.90332e-13	4.90806e-13	4.91016e-13	4.91096e-13	4.91122e-13	4.91129e-13	4.91130e-13	4.91131e-13	4.91131e-13	4.91131e-13	4.91131e-13	4.91131e-13	4.91131e-13	4.91131e-13	4.91131e-13	4.91131e-13	4.91131e-13	4.91131e-13	4.91131e-13	4.91131e-13	4.91131e-13	4.91131e-13	4.91131e-13	4.91131e-13	4.91131e-13	4.91131e-13	4.91131e-13	4.91131e-13	4.91131e-13	4.91131e-13	4.91131e-13	4.91131e-13	4.91131e-13	4.91131e-13	4.91131e-13	4.91131e-13	4.91131e-13	4.91131e-13	4.91131e-13	4.91131e-13	4.91131e-13	4.91131e-13	4.91131e-13	4.91131e-13	4.91131e-13	4.91131e-13	4.91131e-13	4.91131e-13	4.91131e-13	4.91131e-13	4.91131e-13	4.91131e-13	4.91131e-13	4.91131e-13	4.91131e-13	4.91131e-13	4.91131e-13	4.91131e-13	4.91131e-13	4.91131e-13	4.91131e-13	4.91131e-13	4.91131e-13	4.91131e-13	4.91131e-13	4.91131e-13	4.91131e-13	4.91131e-13	4.91131e-13	4.91131e-13	4.91131e-13	4.91131e-13	4.91131e-13	4.91131e-13	4.91131e-13	4.91131e-13	4.91131e-13	4.91131e-13	4.91131e-13	4.91131e-13	4.91131e-13	4.91131e-13	4.91131e-13	4.91131e-13	4.91131e-13
25.26	7.49837e-14	1.82837e-13	2.59949e-13	3.16901e-13	3.60937e-13	3.96265e-13	4.25238e-13	4.49175e-13	4.68863e-13	4.84830e-13	4.97500e-13	5.07264e-13	5.14521e-13	5.19680e-13	5.23156e-13	5.25352e-13	5.26635e-13	5.27319e-13	5.27644e-13	5.27780e-13	5.27829e-13	5.27843e-13	5.27846e-13	5.27847e-13	5.27847e-13	5.27847e-13	5.27847e-13	5.27847e-13	5.27847e-13	5.27847e-13	5.27847e-13	5.27847e-13	5.27847e-13	5.27847e-13	5.27847e-13	5.27847e-13	5.27847e-13	5.27847e-13	5.27847e-13	5.27847e-13	5.27847e-13	5.27847e-13	5.27847e-13	5.27847e-13	5.27847e-13	5.27847e-13	5.27847e-13	5.27847e-13	5.27847e-13	5.27847e-13	5.27847e-13	5.27847e-13	5.27847e-13	5.27847e-13	5.27847e-13	5.27847e-13	5.27847e-13	5.27847e-13	5.27847e-13	5.27847e-13	5.27847e-13	5.27847e-13	5.27847e-13	5.27847e-13	5.27847e-13	5.27847e-13	5.27847e-13	5.27847e-13	5.27847e-13	5.27847e-13	5.27847e-13	5.27847e-13	5.27847e-13	5.27847e-13	5.27847e-13	5.27847e-13	5.27847e-13	5.27847e-13	5.27847e-13	5.27847e-13	5.27847e-13	5.27847e-13	5.27847e-13	5.27847e-13	5.27847e-13	5.27847e-13	5.27847e-13	5.27847e-13	5.27847e-13	5.27847e-13	5.27847e-13	5.27847e-13	5.27847e-13	5.27847e-13	5.27847e-13	5.27847e-13	5.27847e-13	5.27847e-13	5.27847e-13	5.27847e-13	5.27847e-13
25.30	7.95017e-14	1.93864e-13	2.75668e-13	3.36154e-13	3.83012e-13	4.20715e-13	4.51767e-13	4.77573e-13	4.98963e-13	5.16487e-13	5.30572e-13	5.41604e-13	5.49970e-13	5.56067e-13	5.60301e-13	5.63077e-13	5.64773e-13	5.65727e-13	5.66212e-13	5.66430e-13	5.66516e-13	5.66544e-13	5.66552e-13	5.66553e-13	5.66553e-13	5.66553e-13	5.66553e-13	5.66553e-13	5.66553e-13	5.66553e-13	5.66553e-13	5.66553e-13	5.66553e-13	5.66553e-13	5.66553e-13	5.66553e-13	5.66553e-13	5.66553e-13	5.66553e-13	5.66553e-13	5.66553e-13	5.66553e-13	5.66553e-13	5.66553e-13	5.66553e-13	5.66553e-13	5.66553e-13	5.66553e-13	5.66553e-13	5.66553e-13	5.66553e-13	5.66553e-13	5.66553e-13	5.66553e-13	5.66553e-13	5.66553e-13	5.66553e-13	5.66553e-13	5.66553e-13	5.66553e-13	5.66553e-13	5.66553e-13	5.66553e-13	5.66553e-13	5.66553e-13	5.66553e-13	5.66553e-13	5.66553e-13	5.66553e-13	5.66553e-13	5.66553e-13	5.66553e-13	5.66553e-13	5.66553e-13	5.66553e-13	5.66553e-13	5.66553e-13	5.66553e-13	5.66553e-13	5.66553e-13	5.66553e-13	5.66553e-13	5.66553e-13	5.66553e-13	5.66553e-13	5.66553e-13	5.66553e-13	5.66553e-13	5.66553e-13	5.66553e-13	5.66553e-13	5.66553e-13	5.66553e-13	5.66553e-13	5.66553e-13	5.66553e-13	5.66553e-13	5.66553e-13	5.66553e-13	5.66553e-13	5.66553e-13
25.33	8.42949e-14	2.05548e-13	2.92302e-13	3.56497e-13	4.06299e-13	4.46466e-13	4.79663e-13	5.07387e-13	5.30521e-13	5.49640e-13	5.65180e-13	5.77529e-13	5.87061e-13	5.94163e-13	5.99232e-13	6.02667e-13	6.04852e-13	6.06142e-13	6.06837e-13	6.07174e-13	6.07316e-13	6.07368e-13	6.07384e-13	6.07388e-13	6.07389e-13	6.07389e-13	6.07389e-13	6.07389e-13	6.07389e-13	6.07389e-13	6.07389e-13	6.07389e-13	6.07389e-13	6.07389e-13	6.07389e-13	6.07389e-13	6.07389e-13	6.07389e-13	6.07389e-13	6.07389e-13	6.07389e-13	6.07389e-13	6.07389e-13	6.07389e-13	6.07389e-13	6.07389e-13	6.07389e-13	6.07389e-13	6.07389e-13	6.07389e-13	6.07389e-13	6.07389e-13	6.07389e-13	6.07389e-13	6.07389e-13	6.07389e-13	6.07389e-13	6.07389e-13	6.07389e-13	6.07389e-13	6.07389e-13	6.07389e-13	6.07389e-13	6.07389e-13	6.07389e-13	6.07389e-13	6.07389e-13	6.07389e-13	6.07389e-13	6.07389e-13	6.07389e-13	6.07389e-13	6.07389e-13	6.07389e-13	6.07389e-13	6.07389e-13	6.07389e-13	6.07389e-13	6.07389e-13	6.07389e-13	6.07389e-13	6.07389e-13	6.07389e-13	6.07389e-13	6.07389e-13	6.07389e-13	6.07389e-13	6.07389e-13	6.07389e-13	6.07389e-13	6.07389e-13	6.07389e-13	6.07389e-13	6.07389e-13	6.07389e-13	6.07389e-13	6.07389e-13	6.07389e-13	6.07389e-13	6.07389e-13	6.07389e-13
25.36	8.93919e-14	2.17954e-13	3.09940e-13	3.78037e-13	4.30922e-13	4.73652e-13	5.09067e-13	5.38766e-13	5.63688e-13	5.84441e-13	6.01476e-13	6.15182e-13	6.25932e-13	6.34100e-13	6.40073e-13	6.44242e-13	6.46993e-13	6.48689e-13	6.49653e-13	6.50150e-13	6.50378e-13	6.50468e-13	6.50499e-13	6.50507e-13	6.50509e-13	6.50509e-13	6.50509e-13	6.50509e-13	6.50509e-13	6.50509e-13	6.50509e-13	6.50509e-13	6.50509e-13	6.50509e-13	6.50509e-13	6.50509e-13	6.50509e-13	6.50509e-13	6.50509e-13	6.50509e-13	6.50509e-13	6.50509e-13	6.50509e-13	6.50509e-13	6.50509e-13	6.50509e-13	6.50509e-13	6.50509e-13	6.50509e-13	6.50509e-13	6.50509e-13	6.50509e-13	6.50509e-13	6.50509e-13	6.50509e-13	6.50509e-13	6.50509e-13	6.50509e-13	6.50509e-13	6.50509e-13	6.50509e-13	6.50509e-13	6.50509e-13	6.50509e-13	6.50509e-13	6.50509e-13	6.50509e-13	6.50509e-13	6.50509e-13	6.50509e-13	6.50509e-13	6.50509e-13	6.50509e-13	6.50509e-13	6.50509e-13	6.50509e-13	6.50509e-13	6.50509e-13	6.50509e-13	6.50509e-13	6.50509e-13	6.50509e-13	6.50509e-13	6.50509e-13	6.50509e-13	6.50509e-13	6.50509e-13	6.50509e-13	6.50509e-13	6.50509e-13	6.50509e-13	6.50509e-13	6.50509e-13	6.50509e-13	6.50509e-13	6.50509e-13	6.50509e-13	6.50509e-13	6.50509e-13	6.50509e-13	6.50509e-13
25.40	9.48156e-14	2.31143e-13	3.28672e-13	4.00885e-13	4.57006e-13	5.02413e-13	5.40131e-13	5.71868e-13	5.98627e-13	6.21052e-13	6.39619e-13	6.54722e-13	6.66733e-13	6.76021e-13	6.82961e-13	6.87936e-13	6.91326e-13	6.93502e-13	6.94798e-13	6.95505e-13	6.95853e-13	6.96003e-13	6.96058e-13	6.96076e-13	6.96080e-13	6.96081e-13	6.96081e-13	6.96081e-13	6.96081e-13	6.96081e-13	6.96081e-13	6.96081e-13	6.96081e-13	6.96081e-13	6.96081e-13	6.96081e-13	6.96081e-13	6.96081e-13	6.96081e-13	6.96081e-13	6.96081e-13	6.96081e-13	6.96081e-13	6.96081e-13	6.96081e-13	6.96081e-13	6.96081e-13	6.96081e-13	6.96081e-13	6.96081e-13	6.96081e-13	6.96081e-13	6.96081e-13	6.96081e-13	6.96081e-13	6.96081e-13	6.96081e-13	6.96081e-13	6.96081e-13	6.96081e-13	6.96081e-13	6.96081e-13	6.96081e-13	6.96081e-13	6.96081e-13	6.96081e-13	6.96081e-13	6.96081e-13	6.96081e-13	6.96081e-13	6.96081e-13	6.96081e-13	6.96081e-13	6.96081e-13	6.96081e-13	6.96081e-13	6.96081e-13	6.96081e-13	6.96081e-13	6.96081e-13	6.96081e-13	6.96081e-13	6.96081e-13	6.96081e-13	6.96081e-13	6.96081e-13	6.96081e-13	6.96081e-13	6.96081e-13	6.96081e-13	6.96081e-13	6.96081e-13	6.96081e-13	6.96081e-13	6.96081e-13	6.96081e-13	6.96081e-13	6.96081e-13	6.96081e-13	6.96081e-13	6.96081e-13
25.43	1.00592e-13	2.45180e-13	3.48590e-13	4.25158e-13	4.84685e-13	5.32896e-13	5.73012e-13	6.06858e-13	6.35508e-13	6.59650e-13	6.79784e-13	6.96320e-13	7.09633e-13	7.20087e-13	7.28050e-13	7.33895e-13	7.37997e-13	7.40723e-13	7.42420e-13	7.43395e-13	7.43904e-13	7.44141e-13	7.44237e-13	7.44270e-13	7.44280e-13	7.44282e-13	7.44282e-13	7.44282e-13	7.44282e-13	7.44282e-13	7.44282e-13	7.44282e-13	7.44282e-13	7.44282e-13	7.44282e-13	7.44282e-13	7.44282e-13	7.44282e-13	7.44282e-13	7.44282e-13	7.44282e-13	7.44282e-13	7.44282e-13	7.44282e-13	7.44282e-13	7.44282e-13	7.44282e-13	7.44282e-13	7.44282e-13	7.44282e-13	7.44282e-13	7.44282e-13	7.44282e-13	7.44282e-13	7.44282e-13	7.44282e-13	7.44282e-13	7.44282e-13	7.44282e-13	7.44282e-13	7.44282e-13	7.44282e-13	7.44282e-13	7.44282e-13	7.44282e-13	7.44282e-13	7.44282e-13	7.44282e-13	7.44282e-13	7.44282e-13	7.44282e-13	7.44282e-13	7.44282e-13	7.44282e-13	7.44282e-13	7.44282e-13	7.44282e-13	7.44282e-13	7.44282e-13	7.44282e-13	7.44282e-13	7.44282e-13	7.44282e-13	7.44282e-13	7.44282e-13	7.44282e-13	7.44282e-13	7.44282e-13	7.44282e-13	7.44282e-13	7.44282e-13	7.44282e-13	7.44282e-13	7.44282e-13	7.44282e-13	7.44282e-13	7.44282e-13	7.44282e-13	7.44282e-13	7.44282e-13	7.44282e-13
25.47	1.06746e-13	2.60130e-13	3.69789e-13	4.50969e-13	5.14094e-13	5.65250e-13	6.07871e-13	6.43907e-13	6.74510e-13	7.00417e-13	7.22157e-13	7.40161e-13	7.54811e-13	7.66473e-13	7.75509e-13	7.82283e-13	7.87162e-13	7.90510e-13	7.92675e-13	7.93979e-13	7.94699e-13	7.95058e-13	7.95216e-13	7.95276e-13	7.95295e-13	7.95300e-13	7.95301e-13	7.95301e-13	7.95301e-13	7.95301e-13	7.95301e-13	7.95301e-13	7.95301e-13	7.95301e-13	7.95301e-13	7.95301e-13	7.95301e-13	7.95301e-13	7.95301e-13	7.95301e-13	7.95301e-13	7.95301e-13	7.95301e-13	7.95301e-13	7.95301e-13	7.95301e-13	7.95301e-13	7.95301e-13	7.95301e-13	7.95301e-13	7.95301e-13	7.95301e-13	7.95301e-13	7.95301e-13	7.95301e-13	7.95301e-13	7.95301e-13	7.95301e-13	7.95301e-13	7.95301e-13	7.95301e-13	7.95301e-13	7.95301e-13	7.95301e-13	7.95301e-13	7.95301e-13	7.95301e-13	7.95301e-13	7.95301e-13	7.95301e-13	7.95301e-13	7.95301e-13	7.95301e-13	7.95301e-13	7.95301e-13	7.95301e-13	7.95301e-13	7.95301e-13	7.95301e-13	7.95301e-13	7.95301e-13	7.95301e-13	7.95301e-13	7.95301e-13	7.95301e-13	7.95301e-13	7.95301e-13	7.95301e-13	7.95301e-13	7.95301e-13	7.95301e-13	7.95301e-13	7.95301e-13	7.95301e-13	7.95301e-13	7.95301e-13	7.95301e-13	7.95301e-13	7.95301e-13	7.95301e-13	7.95301e-13
25.50	1.13309e-13	2.76061e-13	3.92370e-13	4.78447e-13	5.45377e-13	5.99634e-13	6.44881e-13	6.83200e-13	7.15825e-13	7.43549e-13	7.66938e-13	7.86445e-13	8.02467e-13	8.15373e-13	8.25525e-13	8.33281e-13	8.38998e-13	8.43034e-13	8.45736e-13	8.47434e-13	8.48421e-13	8.48943e-13	8.49190e-13	8.49292e-13	8.49328e-13	8.49339e-13	8.49341e-13	8.49342e-13	8.49342e-13	8.49342e-13	8.49342e-13	8.49342e-13	8.49342e-13	8.49342e-13	8.49342e-13	8.49342e-13	8.49342e-13	8.49342e-13	8.49342e-13	8.49342e-13	8.49342e-13	8.49342e-13	8.49342e-13	8.49342e-13	8.49342e-13	8.49342e-13	8.49342e-13	8.49342e-13	8.49342e-13	8.49342e-13	8.49342e-13	8.49342e-13	8.49342e-13	8.49342e-13	8.49342e-13	8.49342e-13	8.49342e-13	8.49342e-13	8.49342e-13	8.49342e-13	8.49342e-13	8.49342e-13	8.49342e-13	8.49342e-13	8.49342e-13	8.49342e-13	8.49342e-13	8.49342e-13	8.49342e-13	8.49342e-13	8.49342e-13	8.49342e-13	8.49342e-13	8.49342e-13	8.49342e-13	8.49342e-13	8.49342e-13	8.49342e-13	8.49342e-13	8.49342e-13	8.49342e-13	8.49342e-13	8.49342e-13	8.49342e-13	8.49342e-13	8.49342e-13	8.49342e-13	8.49342e-13	8.49342e-13	8.49342e-13	8.49342e-13	8.49342e-13	8.49342e-13	8.49342e-13	8.49342e-13	8.49342e-13	8.49342e-13	8.49342e-13	8.49342e-13	8.49342e-13	8.49342e-13
25.54	1.20307e-13	2.93048e-13	4.16436e-13	5.07719e-13	5.78681e-13	6.36215e-13	6.84221e-13	7.24926e-13	7.59653e-13	7.89254e-13	8.14339e-13	8.35386e-13	8.52812e-13	8.66997e-13	8.78304e-13	8.87086e-13	8.93696e-13	8.98482e-13	9.01788e-13	9.03945e-13	9.05258e-13	9.05992e-13	9.06363e-13	9.06529e-13	9.06593e-13	9.06614e-13	9.06620e-13	9.06621e-13	9.06621e-13	9.06621e-13	9.06621e-13	9.06621e-13	9.06621e-13	9.06621e-13	9.06621e-13	9.06621e-13	9.06621e-13	9.06621e-13	9.06621e-13	9.06621e-13	9.06621e-13	9.06621e-13	9.06621e-13	9.06621e-13	9.06621e-13	9.06621e-13	9.06621e-13	9.06621e-13	9.06621e-13	9.06621e-13	9.06621e-13	9.06621e-13	9.06621e-13	9.06621e-13	9.06621e-13	9.06621e-13	9.06621e-13	9.06621e-13	9.06621e-13	9.06621e-13	9.06621e-13	9.06621e-13	9.06621e-13	9.06621e-13	9.06621e-13	9.06621e-13	9.06621e-13	9.06621e-13	9.06621e-13	9.06621e-13	9.06621e-13	9.06621e-13	9.06621e-13	9.06621e-13	9.06621e-13	9.06621e-13	9.06621e-13	9.06621e-13	9.06621e-13	9.06621e-13	9.06621e-13	9.06621e-13	9.06621e-13	9.06621e-13	9.06621e-13	9.06621e-13	9.06621e-13	9.06621e-13	9.06621e-13	9.06621e-13	9.06621e-13	9.06621e-13	9.06621e-13	9.06621e-13	9.06621e-13	9.06621e-13	9.06621e-13	9.06621e-13	9.06621e-13	9.06621e-13	9.06621e-13
25.57	1.27771e-13	3.11162e-13	4.42094e-13	5.38916e-13	6.14159e-13	6.75161e-13	7.26075e-13	7.69282e-13	8.06200e-13	8.37748e-13	8.64579e-13	8.87208e-13	9.06073e-13	9.21569e-13	9.34064e-13	9.43914e-13	9.51464e-13	9.57057e-13	9.61030e-13	9.63711e-13	9.65411e-13	9.66411e-13	9.66948e-13	9.67206e-13	9.67314e-13	9.67353e-13	9.67365e-13	9.67368e-13	9.67368e-13	9.67368e-13	9.67368e-13	9.67368e-13	9.67368e-13	9.67368e-13	9.67368e-13	9.67368e-13	9.67368e-13	9.67368e-13	9.67368e-13	9.67368e-13	9.67368e-13	9.67368e-13	9.67368e-13	9.67368e-13	9.67368e-13	9.67368e-13	9.67368e-13	9.67368e-13	9.67368e-13	9.67368e-13	9.67368e-13	9.67368e-13	9.67368e-13	9.67368e-13	9.67368e-13	9.67368e-13	9.67368e-13	9.67368e-13	9.67368e-13	9.67368e-13	9.67368e-13	9.67368e-13	9.67368e-13	9.67368e-13	9.67368e-13	9.67368e-13	9.67368e-13	9.67368e-13	9.67368e-13	9.67368e-13	9.67368e-13	9.67368e-13	9.67368e-13	9.67368e-13	9.67368e-13	9.67368e-13	9.67368e-13	9.67368e-13	9.67368e-13	9.67368e-13	9.67368e-13	9.67368e-13	9.67368e-13	9.67368e-13	9.67368e-13	9.67368e-13	9.67368e-13	9.67368e-13	9.67368e-13	9.67368e-13	9.67368e-13	9.67368e-13	9.67368e-13	9.67368e-13	9.67368e-13	9.67368e-13	9.67368e-13	9.67368e-13	9.67368e-13	9.67368e-13	9.67368e-13
25.60	1.35732e-13	3.30481e-13	4.69456e-13	5.72176e-13	6.51973e-13	7.16650e-13	7.70637e-13	8.16474e-13	8.55685e-13	8.89256e-13	9.17894e-13	9.42149e-13	9.62489e-13	9.79327e-13	9.93043e-13	1.00400e-12	1.01253e-12	1.01898e-12	1.02368e-12	1.02694e-12	1.02910e-12	1.03042e-12	1.03117e-12	1.03155e-12	1.03173e-12	1.03180e-12	1.03182e-12	1.03183e-12	1.03183e-12	1.03183e-12	1.03183e-12	1.03183e-12	1.03183e-12	1.03183e-12	1.03183e-12	1.03183e-12	1.03183e-12	1.03183e-12	1.03183e-12	1.03183e-12	1.03183e-12	1.03183e-12	1.03183e-12	1.03183e-12	1.03183e-12	1.03183e-12	1.03183e-12	1.03183e-12	1.03183e-12	1.03183e-12	1.03183e-12	1.03183e-12	1.03183e-12	1.03183e-12	1.03183e-12	1.03183e-12	1.03183e-12	1.03183e-12	1.03183e-12	1.03183e-12	1.03183e-12	1.03183e-12	1.03183e-12	1.03183e-12	1.03183e-12	1.03183e-12	1.03183e-12	1.03183e-12	1.03183e-12	1.03183e-12	1.03183e-12	1.03183e-12	1.03183e-12	1.03183e-12	1.03183e-12	1.03183e-12	1.03183e-12	1.03183e-12	1.03183e-12	1.03183e-12	1.03183e-12	1.03183e-12	1.03183e-12	1.03183e-12	1.03183e-12	1.03183e-12	1.03183e-12	1.03183e-12	1.03183e-12	1.03183e-12	1.03183e-12	1.03183e-12	1.03183e-12	1.03183e-12	1.03183e-12	1.03183e-12	1.03183e-12	1.03183e-12	1.03183e-12	1.03183e-12	1.03183e-12
25.64	1.44219e-13	3.51083e-13	4.98634e-13	6.07639e-13	6.92282e-13	7.60863e-13	8.18103e-13	8.66715e-13	9.08331e-13	9.44013e-13	9.74524e-13	1.00046e-12	1.02231e-12	1.04052e-12	1.05549e-12	1.06758e-12	1.07713e-12	1.08448e-12	1.08996e-12	1.09387e-12	1.09654e-12	1.09824e-12	1.09926e-12	1.09981e-12	1.10008e-12	1.10019e-12	1.10024e-12	1.10025e-12	1.10025e-12	1.10025e-12	1.10025e-12	1.10025e-12	1.10025e-12	1.10025e-12	1.10025e-12	1.10025e-12	1.10025e-12	1.10025e-12	1.10025e-12	1.10025e-12	1.10025e-12	1.10025e-12	1.10025e-12	1.10025e-12	1.10025e-12	1.10025e-12	1.10025e-12	1.10025e-12	1.10025e-12	1.10025e-12	1.10025e-12	1.10025e-12	1.10025e-12	1.10025e-12	1.10025e-12	1.10025e-12	1.10025e-12	1.10025e-12	1.10025e-12	1.10025e-12	1.10025e-12	1.10025e-12	1.10025e-12	1.10025e-12	1.10025e-12	1.10025e-12	1.10025e-12	1.10025e-12	1.10025e-12	1.10025e-12	1.10025e-12	1.10025e-12	1.10025e-12	1.10025e-12	1.10025e-12	1.10025e-12	1.10025e-12	1.10025e-12	1.10025e-12	1.10025e-12	1.10025e-12	1.10025e-12	1.10025e-12	1.10025e-12	1.10025e-12	1.10025e-12	1.10025e-12	1.10025e-12	1.10025e-12	1.10025e-12	1.10025e-12	1.10025e-12	1.10025e-12	1.10025e-12	1.10025e-12	1.10025e-12	1.10025e-12	1.10025e-12	1.10025e-12	1.10025e-12	1.10025e-12
25.67	1.53267e-13	3.73050e-13	5.29747e-13	6.45454e-13	7.35257e-13	8.07990e-13	8.68681e-13	9.20225e-13	9.64371e-13	1.00226e-12	1.03472e-12	1.06239e-12	1.08580e-12	1.10543e-12	1.12167e-12	1.13493e-12	1.14553e-12	1.15383e-12	1.16013e-12	1.16474e-12	1.16798e-12	1.17012e-12	1.17146e-12	1.17223e-12	1.17262e-12	1.17281e-12	1.17288e-12	1.17291e-12	1.17291e-12	1.17292e-12	1.17292e-12	1.17292e-12	1.17292e-12	1.17292e-12	1.17292e-12	1.17292e-12	1.17292e-12	1.17292e-12	1.17292e-12	1.17292e-12	1.17292e-12	1.17292e-12	1.17292e-12	1.17292e-12	1.17292e-12	1.17292e-12	1.17292e-12	1.17292e-12	1.17292e-12	1.17292e-12	1.17292e-12	1.17292e-12	1.17292e-12	1.17292e-12	1.17292e-12	1.17292e-12	1.17292e-12	1.17292e-12	1.17292e-12	1.17292e-12	1.17292e-12	1.17292e-12	1.17292e-12	1.17292e-12	1.17292e-12	1.17292e-12	1.17292e-12	1.17292e-12	1.17292e-12	1.17292e-12	1.17292e-12	1.17292e-12	1.17292e-12	1.17292e-12	1.17292e-12	1.17292e-12	1.17292e-12	1.17292e-12	1.17292e-12	1.17292e-12	1.17292e-12	1.17292e-12	1.17292e-12	1.17292e-12	1.17292e-12	1.17292e-12	1.17292e-12	1.17292e-12	1.17292e-12	1.17292e-12	1.17292e-12	1.17292e-12	1.17292e-12	1.17292e-12	1.17292e-12	1.17292e-12	1.17292e-12	1.17292e-12	1.17292e-12	1.17292e-12	1.17292e-12
25.71	1.62909e-13	3.96464e-13	5.62916e-13	6.85769e-13	7.81072e-13	8.58226e-13	9.22581e-13	9.77231e-13	1.02405e-12	1.06426e-12	1.09875e-12	1.12822e-12	1.15324e-12	1.17431e-12	1.19187e-12	1.20632e-12	1.21801e-12	1.22728e-12	1.23444e-12	1.23981e-12	1.24367e-12	1.24632e-12	1.24803e-12	1.24906e-12	1.24963e-12	1.24991e-12	1.25004e-12	1.25008e-12	1.25010e-12	1.25010e-12	1.25010e-12	1.25010e-12	1.25010e-12	1.25010e-12	1.25010e-12	1.25010e-12	1.25010e-12	1.25010e-12	1.25010e-12	1.25010e-12	1.25010e-12	1.25010e-12	1.25010e-12	1.25010e-12	1.25010e-12	1.25010e-12	1.25010e-12	1.25010e-12	1.25010e-12	1.25010e-12	1.25010e-12	1.25010e-12	1.25010e-12	1.25010e-12	1.25010e-12	1.25010e-12	1.25010e-12	1.25010e-12	1.25010e-12	1.25010e-12	1.25010e-12	1.25010e-12	1.25010e-12	1.25010e-12	1.25010e-12	1.25010e-12	1.25010e-12	1.25010e-12	1.25010e-12	1.25010e-12	1.25010e-12	1.25010e-12	1.25010e-12	1.25010e-12	1.25010e-12	1.25010e-12	1.25010e-12	1.25010e-12	1.25010e-12	1.25010e-12	1.25010e-12	1.25010e-12	1.25010e-12	1.25010e-12	1.25010e-12	1.25010e-12	1.25010e-12	1.25010e-12	1.25010e-12	1.25010e-12	1.25010e-12	1.25010e-12	1.25010e-12	1.25010e-12	1.25010e-12	1.25010e-12	1.25010e-12	1.25010e-12	1.25010e-12	1.25010e-12	1.25010e-12
25.74	1.73180e-13	4.21413e-13	5.98267e-13	7.28742e-13	8.29909e-13	9.11770e-13	9.80025e-13	1.03797e-12	1.08761e-12	1.13026e-12	1.16689e-12	1.19823e-12	1.22491e-12	1.24748e-12	1.26638e-12	1.28205e-12	1.29485e-12	1.30513e-12	1.31320e-12	1.31935e-12	1.32389e-12	1.32710e-12	1.32925e-12	1.33060e-12	1.33139e-12	1.33180e-12	1.33199e-12	1.33207e-12	1.33210e-12	1.33211e-12	1.33211e-12	1.33211e-12	1.33211e-12	1.33211e-12	1.33211e-12	1.33211e-12	1.33211e-12	1.33211e-12	1.33211e-12	1.33211e-12	1.33211e-12	1.33211e-12	1.33211e-12	1.33211e-12	1.33211e-12	1.33211e-12	1.33211e-12	1.33211e-12	1.33211e-12	1.33211e-12	1.33211e-12	1.33211e-12	1.33211e-12	1.33211e-12	1.33211e-12	1.33211e-12	1.33211e-12	1.33211e-12	1.33211e-12	1.33211e-12	1.33211e-12	1.33211e-12	1.33211e-12	1.33211e-12	1.33211e-12	1.33211e-12	1.33211e-12	1.33211e-12	1.33211e-12	1.33211e-12	1.33211e-12	1.33211e-12	1.33211e-12	1.33211e-12	1.33211e-12	1.33211e-12	1.33211e-12	1.33211e-12	1.33211e-12	1.33211e-12	1.33211e-12	1.33211e-12	1.33211e-12	1.33211e-12	1.33211e-12	1.33211e-12	1.33211e-12	1.33211e-12	1.33211e-12	1.33211e-12	1.33211e-12	1.33211e-12	1.33211e-12	1.33211e-12	1.33211e-12	1.33211e-12	1.33211e-12	1.33211e-12	1.33211e-12	1.33211e-12	1.33211e-12
25.77	1.84115e-13	4.47986e-13	6.35929e-13	7.74533e-13	8.81954e-13	9.68833e-13	1.04124e-12	1.10268e-12	1.15531e-12	1.20054e-12	1.23941e-12	1.27271e-12	1.30112e-12	1.32522e-12	1.34551e-12	1.36243e-12	1.37637e-12	1.38769e-12	1.39669e-12	1.40368e-12	1.40894e-12	1.41276e-12	1.41540e-12	1.41712e-12	1.41817e-12	1.41876e-12	1.41905e-12	1.41919e-12	1.41924e-12	1.41925e-12	1.41926e-12	1.41926e-12	1.41926e-12	1.41926e-12	1.41926e-12	1.41926e-12	1.41926e-12	1.41926e-12	1.41926e-12	1.41926e-12	1.41926e-12	1.41926e-12	1.41926e-12	1.41926e-12	1.41926e-12	1.41926e-12	1.41926e-12	1.41926e-12	1.41926e-12	1.41926e-12	1.41926e-12	1.41926e-12	1.41926e-12	1.41926e-12	1.41926e-12	1.41926e-12	1.41926e-12	1.41926e-12	1.41926e-12	1.41926e-12	1.41926e-12	1.41926e-12	1.41926e-12	1.41926e-12	1.41926e-12	1.41926e-12	1.41926e-12	1.41926e-12	1.41926e-12	1.41926e-12	1.41926e-12	1.41926e-12	1.41926e-12	1.41926e-12	1.41926e-12	1.41926e-12	1.41926e-12	1.41926e-12	1.41926e-12	1.41926e-12	1.41926e-12	1.41926e-12	1.41926e-12	1.41926e-12	1.41926e-12	1.41926e-12	1.41926e-12	1.41926e-12	1.41926e-12	1.41926e-12	1.41926e-12	1.41926e-12	1.41926e-12	1.41926e-12	1.41926e-12	1.41926e-12	1.41926e-12	1.41926e-12	1.41926e-12	1.41926e-12	1.41926e-12
25.81	1.95753e-13	4.76276e-13	6.76037e-13	8.23308e-13	9.37398e-13	1.02963e-12	1.10646e-12	1.17163e-12	1.22743e-12	1.27539e-12	1.31661e-12	1.35196e-12	1.38217e-12	1.40787e-12	1.42959e-12	1.44779e-12	1.46290e-12	1.47527e-12	1.48523e-12	1.49309e-12	1.49912e-12	1.50359e-12	1.50678e-12	1.50893e-12	1.51030e-12	1.51111e-12	1.51154e-12	1.51174e-12	1.51183e-12	1.51186e-12	1.51187e-12	1.51187e-12	1.51187e-12	1.51187e-12	1.51187e-12	1.51187e-12	1.51187e-12	1.51187e-12	1.51187e-12	1.51187e-12	1.51187e-12	1.51187e-12	1.51187e-12	1.51187e-12	1.51187e-12	1.51187e-12	1.51187e-12	1.51187e-12	1.51187e-12	1.51187e-12	1.51187e-12	1.51187e-12	1.51187e-12	1.51187e-12	1.51187e-12	1.51187e-12	1.51187e-12	1.51187e-12	1.51187e-12	1.51187e-12	1.51187e-12	1.51187e-12	1.51187e-12	1.51187e-12	1.51187e-12	1.51187e-12	1.51187e-12	1.51187e-12	1.51187e-12	1.51187e-12	1.51187e-12	1.51187e-12	1.51187e-12	1.51187e-12	1.51187e-12	1.51187e-12	1.51187e-12	1.51187e-12	1.51187e-12	1.51187e-12	1.51187e-12	1.51187e-12	1.51187e-12	1.51187e-12	1.51187e-12	1.51187e-12	1.51187e-12	1.51187e-12	1.51187e-12	1.51187e-12	1.51187e-12	1.51187e-12	1.51187e-12	1.51187e-12	1.51187e-12	1.51187e-12	1.51187e-12	1.51187e-12	1.51187e-12	1.51187e-12	1.51187e-12
25.84	2.08133e-13	5.06381e-13	7.18731e-13	8.75241e-13	9.96445e-13	1.09438e-12	1.17592e-12	1.24506e-12	1.30424e-12	1.35508e-12	1.39879e-12	1.43630e-12	1.46840e-12	1.49575e-12	1.51894e-12	1.53847e-12	1.55477e-12	1.56823e-12	1.57918e-12	1.58793e-12	1.59476e-12	1.59993e-12	1.60372e-12	1.60635e-12	1.60809e-12	1.60916e-12	1.60977e-12	1.61008e-12	1.61022e-12	1.61027e-12	1.61029e-12	1.61030e-12	1.61030e-12	1.61030e-12	1.61030e-12	1.61030e-12	1.61030e-12	1.61030e-12	1.61030e-12	1.61030e-12	1.61030e-12	1.61030e-12	1.61030e-12	1.61030e-12	1.61030e-12	1.61030e-12	1.61030e-12	1.61030e-12	1.61030e-12	1.61030e-12	1.61030e-12	1.61030e-12	1.61030e-12	1.61030e-12	1.61030e-12	1.61030e-12	1.61030e-12	1.61030e-12	1.61030e-12	1.61030e-12	1.61030e-12	1.61030e-12	1.61030e-12	1.61030e-12	1.61030e-12	1.61030e-12	1.61030e-12	1.61030e-12	1.61030e-12	1.61030e-12	1.61030e-12	1.61030e-12	1.61030e-12	1.61030e-12	1.61030e-12	1.61030e-12	1.61030e-12	1.61030e-12	1.61030e-12	1.61030e-12	1.61030e-12	1.61030e-12	1.61030e-12	1.61030e-12	1.61030e-12	1.61030e-12	1.61030e-12	1.61030e-12	1.61030e-12	1.61030e-12	1.61030e-12	1.61030e-12	1.61030e-12	1.61030e-12	1.61030e-12	1.61030e-12	1.61030e-12	1.61030e-12	1.61030e-12	1.61030e-12	1.61030e-12
25.88	2.21297e-13	5.38404e-13	7.64158e-13	9.30515e-13	1.05930e-12	1.16332e-12	1.24989e-12	1.32325e-12	1.38602e-12	1.43994e-12	1.48628e-12	1.52606e-12	1.56013e-12	1.58921e-12	1.61393e-12	1.63481e-12	1.65234e-12	1.66691e-12	1.67888e-12	1.68855e-12	1.69622e-12	1.70213e-12	1.70655e-12	1.70972e-12	1.71188e-12	1.71327e-12	1.71410e-12	1.71455e-12	1.71476e-12	1.71486e-12	1.71489e-12	1.71490e-12	1.71490e-12	1.71490e-12	1.71490e-12	1.71490e-12	1.71490e-12	1.71490e-12	1.71490e-12	1.71490e-12	1.71490e-12	1.71490e-12	1.71490e-12	1.71490e-12	1.71490e-12	1.71490e-12	1.71490e-12	1.71490e-12	1.71490e-12	1.71490e-12	1.71490e-12	1.71490e-12	1.71490e-12	1.71490e-12	1.71490e-12	1.71490e-12	1.71490e-12	1.71490e-12	1.71490e-12	1.71490e-12	1.71490e-12	1.71490e-12	1.71490e-12	1.71490e-12	1.71490e-12	1.71490e-12	1.71490e-12	1.71490e-12	1.71490e-12	1.71490e-12	1.71490e-12	1.71490e-12	1.71490e-12	1.71490e-12	1.71490e-12	1.71490e-12	1.71490e-12	1.71490e-12	1.71490e-12	1.71490e-12	1.71490e-12	1.71490e-12	1.71490e-12	1.71490e-12	1.71490e-12	1.71490e-12	1.71490e-12	1.71490e-12	1.71490e-12	1.71490e-12	1.71490e-12	1.71490e-12	1.71490e-12	1.71490e-12	1.71490e-12	1.71490e-12	1.71490e-12	1.71490e-12	1.71490e-12	1.71490e-12	1.71490e-12
25.91	2.35285e-13	5.72449e-13	8.12470e-13	9.89314e-13	1.12619e-12	1.23670e-12	1.32862e-12	1.40649e-12	1.47308e-12	1.53026e-12	1.57940e-12	1.62158e-12	1.65773e-12	1.68861e-12	1.71491e-12	1.73721e-12	1.75600e-12	1.77171e-12	1.78471e-12	1.79533e-12	1.80386e-12	1.81054e-12	1.81564e-12	1.81939e-12	1.82203e-12	1.82379e-12	1.82488e-12	1.82551e-12	1.82584e-12	1.82598e-12	1.82604e-12	1.82606e-12	1.82607e-12	1.82607e-12	1.82607e-12	1.82607e-12	1.82607e-12	1.82607e-12	1.82607e-12	1.82607e-12	1.82607e-12	1.82607e-12	1.82607e-12	1.82607e-12	1.82607e-12	1.82607e-12	1.82607e-12	1.82607e-12	1.82607e-12	1.82607e-12	1.82607e-12	1.82607e-12	1.82607e-12	1.82607e-12	1.82607e-12	1.82607e-12	1.82607e-12	1.82607e-12	1.82607e-12	1.82607e-12	1.82607e-12	1.82607e-12	1.82607e-12	1.82607e-12	1.82607e-12	1.82607e-12	1.82607e-12	1.82607e-12	1.82607e-12	1.82607e-12	1.82607e-12	1.82607e-12	1.82607e-12	1.82607e-12	1.82607e-12	1.82607e-12	1.82607e-12	1.82607e-12	1.82607e-12	1.82607e-12	1.82607e-12	1.82607e-12	1.82607e-12	1.82607e-12	1.82607e-12	1.82607e-12	1.82607e-12	1.82607e-12	1.82607e-12	1.82607e-12	1.82607e-12	1.82607e-12	1.82607e-12	1.82607e-12	1.82607e-12	1.82607e-12	1.82607e-12	1.82607e-12	1.82607e-12	1.82607e-12	1.82607e-12
25.94	2.50148e-13	6.08629e-13	8.63828e-13	1.05184e-12	1.19732e-12	1.31476e-12	1.41240e-12	1.49507e-12	1.56574e-12	1.62639e-12	1.67849e-12	1.72321e-12	1.76154e-12	1.79433e-12	1.82228e-12	1.84603e-12	1.86613e-12	1.88301e-12	1.89708e-12	1.90867e-12	1.91808e-12	1.92557e-12	1.93138e-12	1.93575e-12	1.93892e-12	1.94109e-12	1.94251e-12	1.94336e-12	1.94382e-12	1.94405e-12	1.94415e-12	1.94419e-12	1.94420e-12	1.94420e-12	1.94420e-12	1.94420e-12	1.94420e-12	1.94420e-12	1.94420e-12	1.94420e-12	1.94420e-12	1.94420e-12	1.94420e-12	1.94420e-12	1.94420e-12	1.94420e-12	1.94420e-12	1.94420e-12	1.94420e-12	1.94420e-12	1.94420e-12	1.94420e-12	1.94420e-12	1.94420e-12	1.94420e-12	1.94420e-12	1.94420e-12	1.94420e-12	1.94420e-12	1.94420e-12	1.94420e-12	1.94420e-12	1.94420e-12	1.94420e-12	1.94420e-12	1.94420e-12	1.94420e-12	1.94420e-12	1.94420e-12	1.94420e-12	1.94420e-12	1.94420e-12	1.94420e-12	1.94420e-12	1.94420e-12	1.94420e-12	1.94420e-12	1.94420e-12	1.94420e-12	1.94420e-12	1.94420e-12	1.94420e-12	1.94420e-12	1.94420e-12	1.94420e-12	1.94420e-12	1.94420e-12	1.94420e-12	1.94420e-12	1.94420e-12	1.94420e-12	1.94420e-12	1.94420e-12	1.94420e-12	1.94420e-12	1.94420e-12	1.94420e-12	1.94420e-12	1.94420e-12	1.94420e-12	1.94420e-12
25.98	2.65923e-13	6.47054e-13	9.18395e-13	1.11829e-12	1.27295e-12	1.39775e-12	1.50150e-12	1.58929e-12	1.66430e-12	1.72864e-12	1.78390e-12	1.83132e-12	1.87197e-12	1.90674e-12	1.93643e-12	1.96170e-12	1.98314e-12	2.00123e-12	2.01639e-12	2.02897e-12	2.03929e-12	2.04761e-12	2.05417e-12	2.05920e-12	2.06293e-12	2.06558e-12	2.06736e-12	2.06847e-12	2.06912e-12	2.06947e-12	2.06963e-12	2.06969e-12	2.06971e-12	2.06972e-12	2.06972e-12	2.06972e-12	2.06972e-12	2.06972e-12	2.06972e-12	2.06972e-12	2.06972e-12	2.06972e-12	2.06972e-12	2.06972e-12	2.06972e-12	2.06972e-12	2.06972e-12	2.06972e-12	2.06972e-12	2.06972e-12	2.06972e-12	2.06972e-12	2.06972e-12	2.06972e-12	2.06972e-12	2.06972e-12	2.06972e-12	2.06972e-12	2.06972e-12	2.06972e-12	2.06972e-12	2.06972e-12	2.06972e-12	2.06972e-12	2.06972e-12	2.06972e-12	2.06972e-12	2.06972e-12	2.06972e-12	2.06972e-12	2.06972e-12	2.06972e-12	2.06972e-12	2.06972e-12	2.06972e-12	2.06972e-12	2.06972e-12	2.06972e-12	2.06972e-12	2.06972e-12	2.06972e-12	2.06972e-12	2.06972e-12	2.06972e-12	2.06972e-12	2.06972e-12	2.06972e-12	2.06972e-12	2.06972e-12	2.06972e-12	2.06972e-12	2.06972e-12	2.06972e-12	2.06972e-12	2.06972e-12	2.06972e-12	2.06972e-12	2.06972e-12	2.06972e-12	2.06972e-12	2.06972e-12
26.01	2.82662e-13	6.87844e-13	9.76338e-13	1.18887e-12	1.35330e-12	1.48597e-12	1.59621e-12	1.68947e-12	1.76911e-12	1.83739e-12	1.89600e-12	1.94629e-12	1.98938e-12	2.02626e-12	2.05777e-12	2.08462e-12	2.10746e-12	2.12679e-12	2.14307e-12	2.15667e-12	2.16792e-12	2.17709e-12	2.18442e-12	2.19015e-12	2.19449e-12	2.19765e-12	2.19985e-12	2.20128e-12	2.20216e-12	2.20265e-12	2.20289e-12	2.20300e-12	2.20304e-12	2.20305e-12	2.20306e-12	2.20306e-12	2.20306e-12	2.20306e-12	2.20306e-12	2.20306e-12	2.20306e-12	2.20306e-12	2.20306e-12	2.20306e-12	2.20306e-12	2.20306e-12	2.20306e-12	2.20306e-12	2.20306e-12	2.20306e-12	2.20306e-12	2.20306e-12	2.20306e-12	2.20306e-12	2.20306e-12	2.20306e-12	2.20306e-12	2.20306e-12	2.20306e-12	2.20306e-12	2.20306e-12	2.20306e-12	2.20306e-12	2.20306e-12	2.20306e-12	2.20306e-12	2.20306e-12	2.20306e-12	2.20306e-12	2.20306e-12	2.20306e-12	2.20306e-12	2.20306e-12	2.20306e-12	2.20306e-12	2.20306e-12	2.20306e-12	2.20306e-12	2.20306e-12	2.20306e-12	2.20306e-12	2.20306e-12	2.20306e-12	2.20306e-12	2.20306e-12	2.20306e-12	2.20306e-12	2.20306e-12	2.20306e-12	2.20306e-12	2.20306e-12	2.20306e-12	2.20306e-12	2.20306e-12	2.20306e-12	2.20306e-12	2.20306e-12	2.20306e-12	2.20306e-12	2.20306e-12	2.20306e-12
26.05	3.00431e-13	7.31136e-13	1.03785e-12	1.26383e-12	1.43865e-12	1.57969e-12	1.69685e-12	1.79594e-12	1.88052e-12	1.95301e-12	2.01520e-12	2.06853e-12	2.11422e-12	2.15332e-12	2.18674e-12	2.21526e-12	2.23954e-12	2.26016e-12	2.27760e-12	2.29225e-12	2.30445e-12	2.31449e-12	2.32262e-12	2.32907e-12	2.33405e-12	2.33777e-12	2.34043e-12	2.34224e-12	2.34338e-12	2.34406e-12	2.34441e-12	2.34459e-12	2.34466e-12	2.34468e-12	2.34469e-12	2.34469e-12	2.34469e-12	2.34469e-12	2.34469e-12	2.34469e-12	2.34469e-12	2.34469e-12	2.34469e-12	2.34469e-12	2.34469e-12	2.34469e-12	2.34469e-12	2.34469e-12	2.34469e-12	2.34469e-12	2.34469e-12	2.34469e-12	2.34469e-12	2.34469e-12	2.34469e-12	2.34469e-12	2.34469e-12	2.34469e-12	2.34469e-12	2.34469e-12	2.34469e-12	2.34469e-12	2.34469e-12	2.34469e-12	2.34469e-12	2.34469e-12	2.34469e-12	2.34469e-12	2.34469e-12	2.34469e-12	2.34469e-12	2.34469e-12	2.34469e-12	2.34469e-12	2.34469e-12	2.34469e-12	2.34469e-12	2.34469e-12	2.34469e-12	2.34469e-12	2.34469e-12	2.34469e-12	2.34469e-12	2.34469e-12	2.34469e-12	2.34469e-12	2.34469e-12	2.34469e-12	2.34469e-12	2.34469e-12	2.34469e-12	2.34469e-12	2.34469e-12	2.34469e-12	2.34469e-12	2.34469e-12	2.34469e-12	2.34469e-12	2.34469e-12	2.34469e-12	2.34469e-12
26.08	3.19270e-13	7.77061e-13	1.10313e-12	1.34339e-12	1.52927e-12	1.67921e-12	1.80376e-12	1.90906e-12	1.99891e-12	2.07587e-12	2.14187e-12	2.19845e-12	2.24690e-12	2.28836e-12	2.32379e-12	2.35406e-12	2.37986e-12	2.40182e-12	2.42044e-12	2.43616e-12	2.44934e-12	2.46028e-12	2.46923e-12	2.47643e-12	2.48209e-12	2.48640e-12	2.48957e-12	2.49179e-12	2.49325e-12	2.49416e-12	2.49466e-12	2.49492e-12	2.49504e-12	2.49508e-12	2.49510e-12	2.49510e-12	2.49510e-12	2.49510e-12	2.49510e-12	2.49510e-12	2.49510e-12	2.49510e-12	2.49510e-12	2.49510e-12	2.49510e-12	2.49510e-12	2.49510e-12	2.49510e-12	2.49510e-12	2.49510e-12	2.49510e-12	2.49510e-12	2.49510e-12	2.49510e-12	2.49510e-12	2.49510e-12	2.49510e-12	2.49510e-12	2.49510e-12	2.49510e-12	2.49510e-12	2.49510e-12	2.49510e-12	2.49510e-12	2.49510e-12	2.49510e-12	2.49510e-12	2.49510e-12	2.49510e-12	2.49510e-12	2.49510e-12	2.49510e-12	2.49510e-12	2.49510e-12	2.49510e-12	2.49510e-12	2.49510e-12	2.49510e-12	2.49510e-12	2.49510e-12	2.49510e-12	2.49510e-12	2.49510e-12	2.49510e-12	2.49510e-12	2.49510e-12	2.49510e-12	2.49510e-12	2.49510e-12	2.49510e-12	2.49510e-12	2.49510e-12	2.49510e-12	2.49510e-12	2.49510e-12	2.49510e-12	2.49510e-12	2.49510e-12	2.49510e-12	2.49510e-12	2.49510e-12
26.11	3.39248e-13	8.25773e-13	1.17237e-12	1.42781e-12	1.62544e-12	1.78487e-12	1.91727e-12	2.02919e-12	2.12466e-12	2.20640e-12	2.27646e-12	2.33649e-12	2.38788e-12	2.43184e-12	2.46942e-12	2.50151e-12	2.52891e-12	2.55226e-12	2.57211e-12	2.58894e-12	2.60312e-12	2.61498e-12	2.62477e-12	2.63274e-12	2.63910e-12	2.64404e-12	2.64776e-12	2.65043e-12	2.65227e-12	2.65344e-12	2.65414e-12	2.65452e-12	2.65470e-12	2.65478e-12	2.65481e-12	2.65482e-12	2.65482e-12	2.65482e-12	2.65482e-12	2.65482e-12	2.65482e-12	2.65482e-12	2.65482e-12	2.65482e-12	2.65482e-12	2.65482e-12	2.65482e-12	2.65482e-12	2.65482e-12	2.65482e-12	2.65482e-12	2.65482e-12	2.65482e-12	2.65482e-12	2.65482e-12	2.65482e-12	2.65482e-12	2.65482e-12	2.65482e-12	2.65482e-12	2.65482e-12	2.65482e-12	2.65482e-12	2.65482e-12	2.65482e-12	2.65482e-12	2.65482e-12	2.65482e-12	2.65482e-12	2.65482e-12	2.65482e-12	2.65482e-12	2.65482e-12	2.65482e-12	2.65482e-12	2.65482e-12	2.65482e-12	2.65482e-12	2.65482e-12	2.65482e-12	2.65482e-12	2.65482e-12	2.65482e-12	2.65482e-12	2.65482e-12	2.65482e-12	2.65482e-12	2.65482e-12	2.65482e-12	2.65482e-12	2.65482e-12	2.65482e-12	2.65482e-12	2.65482e-12	2.65482e-12	2.65482e-12	2.65482e-12	2.65482e-12	2.65482e-12	2.65482e-12	2.65482e-12
26.15	3.60426e-13	8.77419e-13	1.24581e-12	1.51735e-12	1.72748e-12	1.89698e-12	2.03776e-12	2.15673e-12	2.25818e-12	2.34502e-12	2.41942e-12	2.48313e-12	2.53765e-12	2.58426e-12	2.62410e-12	2.65814e-12	2.68720e-12	2.71201e-12	2.73315e-12	2.75112e-12	2.76633e-12	2.77912e-12	2.78978e-12	2.79854e-12	2.80563e-12	2.81123e-12	2.81553e-12	2.81870e-12	2.82095e-12	2.82245e-12	2.82338e-12	2.82391e-12	2.82419e-12	2.82431e-12	2.82436e-12	2.82438e-12	2.82438e-12	2.82438e-12	2.82438e-12	2.82438e-12	2.82438e-12	2.82438e-12	2.82438e-12	2.82438e-12	2.82438e-12	2.82438e-12	2.82438e-12	2.82438e-12	2.82438e-12	2.82438e-12	2.82438e-12	2.82438e-12	2.82438e-12	2.82438e-12	2.82438e-12	2.82438e-12	2.82438e-12	2.82438e-12	2.82438e-12	2.82438e-12	2.82438e-12	2.82438e-12	2.82438e-12	2.82438e-12	2.82438e-12	2.82438e-12	2.82438e-12	2.82438e-12	2.82438e-12	2.82438e-12	2.82438e-12	2.82438e-12	2.82438e-12	2.82438e-12	2.82438e-12	2.82438e-12	2.82438e-12	2.82438e-12	2.82438e-12	2.82438e-12	2.82438e-12	2.82438e-12	2.82438e-12	2.82438e-12	2.82438e-12	2.82438e-12	2.82438e-12	2.82438e-12	2.82438e-12	2.82438e-12	2.82438e-12	2.82438e-12	2.82438e-12	2.82438e-12	2.82438e-12	2.82438e-12	2.82438e-12	2.82438e-12	2.82438e-12	2.82438e-12	2.82438e-12
26.18	3.82873e-13	9.32167e-13	1.32367e-12	1.61231e-12	1.83570e-12	2.01593e-12	2.16560e-12	2.29208e-12	2.39992e-12	2.49219e-12	2.57121e-12	2.63885e-12	2.69670e-12	2.74614e-12	2.78838e-12	2.82447e-12	2.85529e-12	2.88163e-12	2.90410e-12	2.92325e-12	2.93953e-12	2.95328e-12	2.96482e-12	2.97440e-12	2.98224e-12	2.98852e-12	2.99343e-12	2.99715e-12	2.99985e-12	3.00172e-12	3.00293e-12	3.00365e-12	3.00405e-12	3.00425e-12	3.00433e-12	3.00436e-12	3.00437e-12	3.00437e-12	3.00437e-12	3.00437e-12	3.00437e-12	3.00437e-12	3.00437e-12	3.00437e-12	3.00437e-12	3.00437e-12	3.00437e-12	3.00437e-12	3.00437e-12	3.00437e-12	3.00437e-12	3.00437e-12	3.00437e-12	3.00437e-12	3.00437e-12	3.00437e-12	3.00437e-12	3.00437e-12	3.00437e-12	3.00437e-12	3.00437e-12	3.00437e-12	3.00437e-12	3.00437e-12	3.00437e-12	3.00437e-12	3.00437e-12	3.00437e-12	3.00437e-12	3.00437e-12	3.00437e-12	3.00437e-12	3.00437e-12	3.00437e-12	3.00437e-12	3.00437e-12	3.00437e-12	3.00437e-12	3.00437e-12	3.00437e-12	3.00437e-12	3.00437e-12	3.00437e-12	3.00437e-12	3.00437e-12	3.00437e-12	3.00437e-12	3.00437e-12	3.00437e-12	3.00437e-12	3.00437e-12	3.00437e-12	3.00437e-12	3.00437e-12	3.00437e-12	3.00437e-12	3.00437e-12	3.00437e-12	3.00437e-12	3.00437e-12	3.00437e-12
26.22	4.06659e-13	9.90195e-13	1.40621e-12	1.71298e-12	1.95046e-12	2.14207e-12	2.30121e-12	2.43569e-12	2.55032e-12	2.64838e-12	2.73233e-12	2.80416e-12	2.86556e-12	2.91801e-12	2.96281e-12	3.00107e-12	3.03376e-12	3.06169e-12	3.08557e-12	3.10595e-12	3.12332e-12	3.13807e-12	3.15051e-12	3.16093e-12	3.16953e-12	3.17652e-12	3.18208e-12	3.18637e-12	3.18956e-12	3.19184e-12	3.19337e-12	3.19434e-12	3.19489e-12	3.19518e-12	3.19532e-12	3.19537e-12	3.19539e-12	3.19540e-12	3.19540e-12	3.19540e-12	3.19540e-12	3.19540e-12	3.19540e-12	3.19540e-12	3.19540e-12	3.19540e-12	3.19540e-12	3.19540e-12	3.19540e-12	3.19540e-12	3.19540e-12	3.19540e-12	3.19540e-12	3.19540e-12	3.19540e-12	3.19540e-12	3.19540e-12	3.19540e-12	3.19540e-12	3.19540e-12	3.19540e-12	3.19540e-12	3.19540e-12	3.19540e-12	3.19540e-12	3.19540e-12	3.19540e-12	3.19540e-12	3.19540e-12	3.19540e-12	3.19540e-12	3.19540e-12	3.19540e-12	3.19540e-12	3.19540e-12	3.19540e-12	3.19540e-12	3.19540e-12	3.19540e-12	3.19540e-12	3.19540e-12	3.19540e-12	3.19540e-12	3.19540e-12	3.19540e-12	3.19540e-12	3.19540e-12	3.19540e-12	3.19540e-12	3.19540e-12	3.19540e-12	3.19540e-12	3.19540e-12	3.19540e-12	3.19540e-12	3.19540e-12	3.19540e-12	3.19540e-12	3.19540e-12	3.19540e-12	3.19540e-12
26.25	4.31873e-13	1.05169e-12	1.49368e-12	1.81970e-12	2.07212e-12	2.27583e-12	2.44504e-12	2.58801e-12	2.70988e-12	2.81412e-12	2.90332e-12	2.97961e-12	3.04480e-12	3.10046e-12	3.14798e-12	3.18855e-12	3.22321e-12	3.25284e-12	3.27817e-12	3.29984e-12	3.31835e-12	3.33412e-12	3.34749e-12	3.35876e-12	3.36815e-12	3.37587e-12	3.38209e-12	3.38699e-12	3.39072e-12	3.39345e-12	3.39535e-12	3.39659e-12	3.39735e-12	3.39777e-12	3.39798e-12	3.39807e-12	3.39810e-12	3.39811e-12	3.39811e-12	3.39811e-12	3.39811e-12	3.39811e-12	3.39811e-12	3.39811e-12	3.39811e-12	3.39811e-12	3.39811e-12	3.39811e-12	3.39811e-12	3.39811e-12	3.39811e-12	3.39811e-12	3.39811e-12	3.39811e-12	3.39811e-12	3.39811e-12	3.39811e-12	3.39811e-12	3.39811e-12	3.39811e-12	3.39811e-12	3.39811e-12	3.39811e-12	3.39811e-12	3.39811e-12	3.39811e-12	3.39811e-12	3.39811e-12	3.39811e-12	3.39811e-12	3.39811e-12	3.39811e-12	3.39811e-12	3.39811e-12	3.39811e-12	3.39811e-12	3.39811e-12	3.39811e-12	3.39811e-12	3.39811e-12	3.39811e-12	3.39811e-12	3.39811e-12	3.39811e-12	3.39811e-12	3.39811e-12	3.39811e-12	3.39811e-12	3.39811e-12	3.39811e-12	3.39811e-12	3.39811e-12	3.39811e-12	3.39811e-12	3.39811e-12	3.39811e-12	3.39811e-12	3.39811e-12	3.39811e-12	3.39811e-12	3.39811e-12
26.28	4.58586e-13	1.11686e-12	1.58639e-12	1.93281e-12	2.20109e-12	2.41764e-12	2.59753e-12	2.74955e-12	2.87912e-12	2.98993e-12	3.08474e-12	3.16579e-12	3.23502e-12	3.29410e-12	3.34452e-12	3.38754e-12	3.42429e-12	3.45570e-12	3.48258e-12	3.50559e-12	3.52528e-12	3.54211e-12	3.55644e-12	3.56858e-12	3.57878e-12	3.58725e-12	3.59416e-12	3.59969e-12	3.60398e-12	3.60720e-12	3.60951e-12	3.61108e-12	3.61208e-12	3.61266e-12	3.61297e-12	3.61312e-12	3.61318e-12	3.61320e-12	3.61320e-12	3.61321e-12	3.61321e-12	3.61321e-12	3.61321e-12	3.61321e-12	3.61321e-12	3.61321e-12	3.61321e-12	3.61321e-12	3.61321e-12	3.61321e-12	3.61321e-12	3.61321e-12	3.61321e-12	3.61321e-12	3.61321e-12	3.61321e-12	3.61321e-12	3.61321e-12	3.61321e-12	3.61321e-12	3.61321e-12	3.61321e-12	3.61321e-12	3.61321e-12	3.61321e-12	3.61321e-12	3.61321e-12	3.61321e-12	3.61321e-12	3.61321e-12	3.61321e-12	3.61321e-12	3.61321e-12	3.61321e-12	3.61321e-12	3.61321e-12	3.61321e-12	3.61321e-12	3.61321e-12	3.61321e-12	3.61321e-12	3.61321e-12	3.61321e-12	3.61321e-12	3.61321e-12	3.61321e-12	3.61321e-12	3.61321e-12	3.61321e-12	3.61321e-12	3.61321e-12	3.61321e-12	3.61321e-12	3.61321e-12	3.61321e-12	3.61321e-12	3.61321e-12	3.61321e-12	3.61321e-12	3.61321e-12	3.61321e-12
26.32	4.86900e-13	1.18593e-12	1.68465e-12	2.05269e-12	2.33778e-12	2.56796e-12	2.75920e-12	2.92083e-12	3.05860e-12	3.17641e-12	3.27718e-12	3.36332e-12	3.43685e-12	3.49958e-12	3.55308e-12	3.59872e-12	3.63768e-12	3.67099e-12	3.69950e-12	3.72391e-12	3.74484e-12	3.76277e-12	3.77809e-12	3.79113e-12	3.80215e-12	3.81138e-12	3.81901e-12	3.82518e-12	3.83007e-12	3.83382e-12	3.83658e-12	3.83852e-12	3.83980e-12	3.84059e-12	3.84103e-12	3.84126e-12	3.84136e-12	3.84139e-12	3.84141e-12	3.84141e-12	3.84141e-12	3.84141e-12	3.84141e-12	3.84141e-12	3.84141e-12	3.84141e-12	3.84141e-12	3.84141e-12	3.84141e-12	3.84141e-12	3.84141e-12	3.84141e-12	3.84141e-12	3.84141e-12	3.84141e-12	3.84141e-12	3.84141e-12	3.84141e-12	3.84141e-12	3.84141e-12	3.84141e-12	3.84141e-12	3.84141e-12	3.84141e-12	3.84141e-12	3.84141e-12	3.84141e-12	3.84141e-12	3.84141e-12	3.84141e-12	3.84141e-12	3.84141e-12	3.84141e-12	3.84141e-12	3.84141e-12	3.84141e-12	3.84141e-12	3.84141e-12	3.84141e-12	3.84141e-12	3.84141e-12	3.84141e-12	3.84141e-12	3.84141e-12	3.84141e-12	3.84141e-12	3.84141e-12	3.84141e-12	3.84141e-12	3.84141e-12	3.84141e-12	3.84141e-12	3.84141e-12	3.84141e-12	3.84141e-12	3.84141e-12	3.84141e-12	3.84141e-12	3.84141e-12	3.84141e-12	3.84141e-12
26.35	5.16921e-13	1.25914e-12	1.78879e-12	2.17975e-12	2.48268e-12	2.72730e-12	2.93060e-12	3.10244e-12	3.24892e-12	3.37417e-12	3.48130e-12	3.57285e-12	3.65098e-12	3.71760e-12	3.77439e-12	3.82281e-12	3.86414e-12	3.89945e-12	3.92967e-12	3.95558e-12	3.97780e-12	3.99686e-12	4.01321e-12	4.02717e-12	4.03905e-12	4.04906e-12	4.05741e-12	4.06426e-12	4.06977e-12	4.07407e-12	4.07732e-12	4.07967e-12	4.08128e-12	4.08232e-12	4.08293e-12	4.08326e-12	4.08342e-12	4.08348e-12	4.08351e-12	4.08351e-12	4.08351e-12	4.08351e-12	4.08351e-12	4.08351e-12	4.08351e-12	4.08351e-12	4.08351e-12	4.08351e-12	4.08351e-12	4.08351e-12	4.08351e-12	4.08351e-12	4.08351e-12	4.08351e-12	4.08351e-12	4.08351e-12	4.08351e-12	4.08351e-12	4.08351e-12	4.08351e-12	4.08351e-12	4.08351e-12	4.08351e-12	4.08351e-12	4.08351e-12	4.08351e-12	4.08351e-12	4.08351e-12	4.08351e-12	4.08351e-12	4.08351e-12	4.08351e-12	4.08351e-12	4.08351e-12	4.08351e-12	4.08351e-12	4.08351e-12	4.08351e-12	4.08351e-12	4.08351e-12	4.08351e-12	4.08351e-12	4.08351e-12	4.08351e-12	4.08351e-12	4.08351e-12	4.08351e-12	4.08351e-12	4.08351e-12	4.08351e-12	4.08351e-12	4.08351e-12	4.08351e-12	4.08351e-12	4.08351e-12	4.08351e-12	4.08351e-12	4.08351e-12	4.08351e-12	4.08351e-12	4.08351e-12
26.39	5.48763e-13	1.33677e-12	1.89919e-12	2.31444e-12	2.63627e-12	2.89623e-12	3.11231e-12	3.29499e-12	3.45073e-12	3.58391e-12	3.69781e-12	3.79511e-12	3.87814e-12	3.94891e-12	4.00921e-12	4.06060e-12	4.10444e-12	4.14189e-12	4.17393e-12	4.20140e-12	4.22498e-12	4.24524e-12	4.26264e-12	4.27756e-12	4.29031e-12	4.30112e-12	4.31022e-12	4.31777e-12	4.32391e-12	4.32880e-12	4.33257e-12	4.33537e-12	4.33736e-12	4.33868e-12	4.33950e-12	4.33997e-12	4.34021e-12	4.34031e-12	4.34036e-12	4.34037e-12	4.34037e-12	4.34037e-12	4.34037e-12	4.34037e-12	4.34037e-12	4.34037e-12	4.34037e-12	4.34037e-12	4.34037e-12	4.34037e-12	4.34037e-12	4.34037e-12	4.34037e-12	4.34037e-12	4.34037e-12	4.34037e-12	4.34037e-12	4.34037e-12	4.34037e-12	4.34037e-12	4.34037e-12	4.34037e-12	4.34037e-12	4.34037e-12	4.34037e-12	4.34037e-12	4.34037e-12	4.34037e-12	4.34037e-12	4.34037e-12	4.34037e-12	4.34037e-12	4.34037e-12	4.34037e-12	4.34037e-12	4.34037e-12	4.34037e-12	4.34037e-12	4.34037e-12	4.34037e-12	4.34037e-12	4.34037e-12	4.34037e-12	4.34037e-12	4.34037e-12	4.34037e-12	4.34037e-12	4.34037e-12	4.34037e-12	4.34037e-12	4.34037e-12	4.34037e-12	4.34037e-12	4.34037e-12	4.34037e-12	4.34037e-12	4.34037e-12	4.34037e-12	4.34037e-12	4.34037e-12	4.34037e-12
26.42	5.82499e-13	1.41906e-12	2.01622e-12	2.45721e-12	2.79908e-12	3.07528e-12	3.30493e-12	3.49912e-12	3.66469e-12	3.80629e-12	3.92739e-12	4.03084e-12	4.11909e-12	4.19428e-12	4.25832e-12	4.31288e-12	4.35939e-12	4.39911e-12	4.43309e-12	4.46221e-12	4.48722e-12	4.50873e-12	4.52724e-12	4.54315e-12	4.55679e-12	4.56843e-12	4.57829e-12	4.58655e-12	4.59336e-12	4.59885e-12	4.60318e-12	4.60646e-12	4.60886e-12	4.61051e-12	4.61158e-12	4.61223e-12	4.61257e-12	4.61274e-12	4.61282e-12	4.61284e-12	4.61285e-12	4.61285e-12	4.61285e-12	4.61285e-12	4.61285e-12	4.61285e-12	4.61285e-12	4.61285e-12	4.61285e-12	4.61285e-12	4.61285e-12	4.61285e-12	4.61285e-12	4.61285e-12	4.61285e-12	4.61285e-12	4.61285e-12	4.61285e-12	4.61285e-12	4.61285e-12	4.61285e-12	4.61285e-12	4.61285e-12	4.61285e-12	4.61285e-12	4.61285e-12	4.61285e-12	4.61285e-12	4.61285e-12	4.61285e-12	4.61285e-12	4.61285e-12	4.61285e-12	4.61285e-12	4.61285e-12	4.61285e-12	4.61285e-12	4.61285e-12	4.61285e-12	4.61285e-12	4.61285e-12	4.61285e-12	4.61285e-12	4.61285e-12	4.61285e-12	4.61285e-12	4.61285e-12	4.61285e-12	4.61285e-12	4.61285e-12	4.61285e-12	4.61285e-12	4.61285e-12	4.61285e-12	4.61285e-12	4.61285e-12	4.61285e-12	4.61285e-12	4.61285e-12	4.61285e-12	4.61285e-12
26.45	6.18305e-13	1.50634e-12	2.14032e-12	2.60860e-12	2.97170e-12	3.26513e-12	3.50916e-12	3.71555e-12	3.89157e-12	4.04212e-12	4.17088e-12	4.28087e-12	4.37467e-12	4.45458e-12	4.52262e-12	4.58054e-12	4.62991e-12	4.67205e-12	4.70808e-12	4.73896e-12	4.76548e-12	4.78830e-12	4.80796e-12	4.82489e-12	4.83946e-12	4.85195e-12	4.86260e-12	4.87158e-12	4.87907e-12	4.88520e-12	4.89010e-12	4.89390e-12	4.89675e-12	4.89877e-12	4.90014e-12	4.90099e-12	4.90149e-12	4.90174e-12	4.90186e-12	4.90191e-12	4.90192e-12	4.90192e-12	4.90193e-12	4.90193e-12	4.90193e-12	4.90193e-12	4.90193e-12	4.90193e-12	4.90193e-12	4.90193e-12	4.90193e-12	4.90193e-12	4.90193e-12	4.90193e-12	4.90193e-12	4.90193e-12	4.90193e-12	4.90193e-12	4.90193e-12	4.90193e-12	4.90193e-12	4.90193e-12	4.90193e-12	4.90193e-12	4.90193e-12	4.90193e-12	4.90193e-12	4.90193e-12	4.90193e-12	4.90193e-12	4.90193e-12	4.90193e-12	4.90193e-12	4.90193e-12	4.90193e-12	4.90193e-12	4.90193e-12	4.90193e-12	4.90193e-12	4.90193e-12	4.90193e-12	4.90193e-12	4.90193e-12	4.90193e-12	4.90193e-12	4.90193e-12	4.90193e-12	4.90193e-12	4.90193e-12	4.90193e-12	4.90193e-12	4.90193e-12	4.90193e-12	4.90193e-12	4.90193e-12	4.90193e-12	4.90193e-12	4.90193e-12	4.90193e-12	4.90193e-12	4.90193e-12
26.49	6.56301e-13	1.59892e-12	2.27196e-12	2.76915e-12	3.15475e-12	3.46644e-12	3.72571e-12	3.94506e-12	4.13216e-12	4.29222e-12	4.42912e-12	4.54606e-12	4.64579e-12	4.73072e-12	4.80301e-12	4.86454e-12	4.91695e-12	4.96166e-12	4.99987e-12	5.03262e-12	5.06074e-12	5.08494e-12	5.10581e-12	5.12382e-12	5.13935e-12	5.15271e-12	5.16416e-12	5.17389e-12	5.18207e-12	5.18885e-12	5.19435e-12	5.19870e-12	5.20203e-12	5.20447e-12	5.20617e-12	5.20728e-12	5.20795e-12	5.20832e-12	5.20851e-12	5.20858e-12	5.20861e-12	5.20862e-12	5.20862e-12	5.20862e-12	5.20862e-12	5.20862e-12	5.20862e-12	5.20862e-12	5.20862e-12	5.20862e-12	5.20862e-12	5.20862e-12	5.20862e-12	5.20862e-12	5.20862e-12	5.20862e-12	5.20862e-12	5.20862e-12	5.20862e-12	5.20862e-12	5.20862e-12	5.20862e-12	5.20862e-12	5.20862e-12	5.20862e-12	5.20862e-12	5.20862e-12	5.20862e-12	5.20862e-12	5.20862e-12	5.20862e-12	5.20862e-12	5.20862e-12	5.20862e-12	5.20862e-12	5.20862e-12	5.20862e-12	5.20862e-12	5.20862e-12	5.20862e-12	5.20862e-12	5.20862e-12	5.20862e-12	5.20862e-12	5.20862e-12	5.20862e-12	5.20862e-12	5.20862e-12	5.20862e-12	5.20862e-12	5.20862e-12	5.20862e-12	5.20862e-12	5.20862e-12	5.20862e-12	5.20862e-12	5.20862e-12	5.20862e-12	5.20862e-12	5.20862e-12	5.20862e-12
26.52	6.96641e-13	1.69719e-12	2.41164e-12	2.93948e-12	3.34892e-12	3.67996e-12	3.95540e-12	4.18848e-12	4.38734e-12	4.55748e-12	4.70304e-12	4.82738e-12	4.93340e-12	5.02370e-12	5.10052e-12	5.16589e-12	5.22154e-12	5.26899e-12	5.30954e-12	5.34426e-12	5.37407e-12	5.39974e-12	5.42188e-12	5.44101e-12	5.45753e-12	5.47180e-12	5.48407e-12	5.49457e-12	5.50346e-12	5.51091e-12	5.51703e-12	5.52195e-12	5.52579e-12	5.52869e-12	5.53076e-12	5.53217e-12	5.53306e-12	5.53358e-12	5.53386e-12	5.53398e-12	5.53403e-12	5.53405e-12	5.53406e-12	5.53406e-12	5.53406e-12	5.53406e-12	5.53406e-12	5.53406e-12	5.53406e-12	5.53406e-12	5.53406e-12	5.53406e-12	5.53406e-12	5.53406e-12	5.53406e-12	5.53406e-12	5.53406e-12	5.53406e-12	5.53406e-12	5.53406e-12	5.53406e-12	5.53406e-12	5.53406e-12	5.53406e-12	5.53406e-12	5.53406e-12	5.53406e-12	5.53406e-12	5.53406e-12	5.53406e-12	5.53406e-12	5.53406e-12	5.53406e-12	5.53406e-12	5.53406e-12	5.53406e-12	5.53406e-12	5.53406e-12	5.53406e-12	5.53406e-12	5.53406e-12	5.53406e-12	5.53406e-12	5.53406e-12	5.53406e-12	5.53406e-12	5.53406e-12	5.53406e-12	5.53406e-12	5.53406e-12	5.53406e-12	5.53406e-12	5.53406e-12	5.53406e-12	5.53406e-12	5.53406e-12	5.53406e-12	5.53406e-12	5.53406e-12	5.53406e-12	5.53406e-12
26.56	7.39494e-13	1.80154e-12	2.55990e-12	3.12024e-12	3.55496e-12	3.90650e-12	4.19907e-12	4.44671e-12	4.65805e-12	4.83890e-12	4.99364e-12	5.12584e-12	5.23858e-12	5.33457e-12	5.41623e-12	5.48568e-12	5.54480e-12	5.59518e-12	5.63820e-12	5.67503e-12	5.70664e-12	5.73385e-12	5.75734e-12	5.77764e-12	5.79521e-12	5.81041e-12	5.82353e-12	5.83481e-12	5.84444e-12	5.85257e-12	5.85933e-12	5.86485e-12	5.86923e-12	5.87260e-12	5.87509e-12	5.87684e-12	5.87800e-12	5.87870e-12	5.87910e-12	5.87929e-12	5.87938e-12	5.87941e-12	5.87942e-12	5.87942e-12	5.87942e-12	5.87942e-12	5.87942e-12	5.87942e-12	5.87942e-12	5.87942e-12	5.87942e-12	5.87942e-12	5.87942e-12	5.87942e-12	5.87942e-12	5.87942e-12	5.87942e-12	5.87942e-12	5.87942e-12	5.87942e-12	5.87942e-12	5.87942e-12	5.87942e-12	5.87942e-12	5.87942e-12	5.87942e-12	5.87942e-12	5.87942e-12	5.87942e-12	5.87942e-12	5.87942e-12	5.87942e-12	5.87942e-12	5.87942e-12	5.87942e-12	5.87942e-12	5.87942e-12	5.87942e-12	5.87942e-12	5.87942e-12	5.87942e-12	5.87942e-12	5.87942e-12	5.87942e-12	5.87942e-12	5.87942e-12	5.87942e-12	5.87942e-12	5.87942e-12	5.87942e-12	5.87942e-12	5.87942e-12	5.87942e-12	5.87942e-12	5.87942e-12	5.87942e-12	5.87942e-12	5.87942e-12	5.87942e-12	5.87942e-12	5.87942e-12
26.59	7.85025e-13	1.91238e-12	2.71734e-12	3.31215e-12	3.77367e-12	4.14694e-12	4.45767e-12	4.72074e-12	4.94529e-12	5.13751e-12	5.30201e-12	5.44256e-12	5.56242e-12	5.66448e-12	5.75129e-12	5.82511e-12	5.88791e-12	5.94141e-12	5.98708e-12	6.02615e-12	6.05968e-12	6.08853e-12	6.11343e-12	6.13497e-12	6.15363e-12	6.16980e-12	6.18380e-12	6.19589e-12	6.20627e-12	6.21510e-12	6.22251e-12	6.22864e-12	6.23359e-12	6.23748e-12	6.24042e-12	6.24255e-12	6.24400e-12	6.24494e-12	6.24548e-12	6.24578e-12	6.24591e-12	6.24597e-12	6.24599e-12	6.24599e-12	6.24600e-12	6.24600e-12	6.24600e-12	6.24600e-12	6.24600e-12	6.24600e-12	6.24600e-12	6.24600e-12	6.24600e-12	6.24600e-12	6.24600e-12	6.24600e-12	6.24600e-12	6.24600e-12	6.24600e-12	6.24600e-12	6.24600e-12	6.24600e-12	6.24600e-12	6.24600e-12	6.24600e-12	6.24600e-12	6.24600e-12	6.24600e-12	6.24600e-12	6.24600e-12	6.24600e-12	6.24600e-12	6.24600e-12	6.24600e-12	6.24600e-12	6.24600e-12	6.24600e-12	6.24600e-12	6.24600e-12	6.24600e-12	6.24600e-12	6.24600e-12	6.24600e-12	6.24600e-12	6.24600e-12	6.24600e-12	6.24600e-12	6.24600e-12	6.24600e-12	6.24600e-12	6.24600e-12	6.24600e-12	6.24600e-12	6.24600e-12	6.24600e-12	6.24600e-12	6.24600e-12	6.24600e-12	6.24600e-12	6.24600e-12	6.24600e-12
26.63	8.33444e-13	2.03019e-12	2.88462e-12	3.51600e-12	4.00592e-12	4.40223e-12	4.73220e-12	5.01162e-12	5.25019e-12	5.45446e-12	5.62931e-12	5.77873e-12	5.90617e-12	6.01469e-12	6.10698e-12	6.18544e-12	6.25218e-12	6.30901e-12	6.35750e-12	6.39896e-12	6.43452e-12	6.46512e-12	6.49152e-12	6.51436e-12	6.53416e-12	6.55135e-12	6.56627e-12	6.57919e-12	6.59033e-12	6.59988e-12	6.60797e-12	6.61473e-12	6.62027e-12	6.62469e-12	6.62811e-12	6.63066e-12	6.63246e-12	6.63366e-12	6.63440e-12	6.63481e-12	6.63502e-12	6.63512e-12	6.63515e-12	6.63517e-12	6.63517e-12	6.63517e-12	6.63517e-12	6.63517e-12	6.63517e-12	6.63517e-12	6.63517e-12	6.63517e-12	6.63517e-12	6.63517e-12	6.63517e-12	6.63517e-12	6.63517e-12	6.63517e-12	6.63517e-12	6.63517e-12	6.63517e-12	6.63517e-12	6.63517e-12	6.63517e-12	6.63517e-12	6.63517e-12	6.63517e-12	6.63517e-12	6.63517e-12	6.63517e-12	6.63517e-12	6.63517e-12	6.63517e-12	6.63517e-12	6.63517e-12	6.63517e-12	6.63517e-12	6.63517e-12	6.63517e-12	6.63517e-12	6.63517e-12	6.63517e-12	6.63517e-12	6.63517e-12	6.63517e-12	6.63517e-12	6.63517e-12	6.63517e-12	6.63517e-12	6.63517e-12	6.63517e-12	6.63517e-12	6.63517e-12	6.63517e-12	6.63517e-12	6.63517e-12	6.63517e-12	6.63517e-12	6.63517e-12	6.63517e-12	6.63517e-12
26.66	8.84948e-13	2.15546e-12	3.06244e-12	3.73262e-12	4.25267e-12	4.67340e-12	5.02376e-12	5.32051e-12	5.57395e-12	5.79099e-12	5.97682e-12	6.13565e-12	6.27115e-12	6.38652e-12	6.48465e-12	6.56806e-12	6.63899e-12	6.69937e-12	6.75087e-12	6.79488e-12	6.83261e-12	6.86506e-12	6.89305e-12	6.91727e-12	6.93827e-12	6.95653e-12	6.97240e-12	6.98618e-12	6.99812e-12	7.00840e-12	7.01718e-12	7.02458e-12	7.03072e-12	7.03571e-12	7.03965e-12	7.04264e-12	7.04482e-12	7.04633e-12	7.04730e-12	7.04788e-12	7.04819e-12	7.04834e-12	7.04840e-12	7.04842e-12	7.04843e-12	7.04843e-12	7.04843e-12	7.04843e-12	7.04843e-12	7.04843e-12	7.04843e-12	7.04843e-12	7.04843e-12	7.04843e-12	7.04843e-12	7.04843e-12	7.04843e-12	7.04843e-12	7.04843e-12	7.04843e-12	7.04843e-12	7.04843e-12	7.04843e-12	7.04843e-12	7.04843e-12	7.04843e-12	7.04843e-12	7.04843e-12	7.04843e-12	7.04843e-12	7.04843e-12	7.04843e-12	7.04843e-12	7.04843e-12	7.04843e-12	7.04843e-12	7.04843e-12	7.04843e-12	7.04843e-12	7.04843e-12	7.04843e-12	7.04843e-12	7.04843e-12	7.04843e-12	7.04843e-12	7.04843e-12	7.04843e-12	7.04843e-12	7.04843e-12	7.04843e-12	7.04843e-12	7.04843e-12	7.04843e-12	7.04843e-12	7.04843e-12	7.04843e-12	7.04843e-12	7.04843e-12	7.04843e-12	7.04843e-12	7.04843e-12
26.69	9.39767e-13	2.28873e-12	3.25156e-12	3.96292e-12	4.51494e-12	4.96157e-12	5.33354e-12	5.64866e-12	5.91784e-12	6.14843e-12	6.34590e-12	6.51473e-12	6.65877e-12	6.78144e-12	6.88577e-12	6.97446e-12	7.04985e-12	7.11402e-12	7.16872e-12	7.21545e-12	7.25550e-12	7.28992e-12	7.31960e-12	7.34527e-12	7.36755e-12	7.38692e-12	7.40378e-12	7.41846e-12	7.43121e-12	7.44225e-12	7.45173e-12	7.45980e-12	7.46657e-12	7.47214e-12	7.47661e-12	7.48009e-12	7.48269e-12	7.48454e-12	7.48579e-12	7.48656e-12	7.48700e-12	7.48723e-12	7.48733e-12	7.48737e-12	7.48739e-12	7.48739e-12	7.48739e-12	7.48739e-12	7.48739e-12	7.48739e-12	7.48739e-12	7.48739e-12	7.48739e-12	7.48739e-12	7.48739e-12	7.48739e-12	7.48739e-12	7.48739e-12	7.48739e-12	7.48739e-12	7.48739e-12	7.48739e-12	7.48739e-12	7.48739e-12	7.48739e-12	7.48739e-12	7.48739e-12	7.48739e-12	7.48739e-12	7.48739e-12	7.48739e-12	7.48739e-12	7.48739e-12	7.48739e-12	7.48739e-12	7.48739e-12	7.48739e-12	7.48739e-12	7.48739e-12	7.48739e-12	7.48739e-12	7.48739e-12	7.48739e-12	7.48739e-12	7.48739e-12	7.48739e-12	7.48739e-12	7.48739e-12	7.48739e-12	7.48739e-12	7.48739e-12	7.48739e-12	7.48739e-12	7.48739e-12	7.48739e-12	7.48739e-12	7.48739e-12	7.48739e-12	7.48739e-12	7.48739e-12	7.48739e-12
26.73	9.98158e-13	2.43061e-12	3.45280e-12	4.20793e-12	4.79386e-12	5.26795e-12	5.66284e-12	5.99743e-12	6.28330e-12	6.52825e-12	6.73806e-12	6.91749e-12	7.07060e-12	7.20102e-12	7.31195e-12	7.40624e-12	7.48640e-12	7.55459e-12	7.61271e-12	7.66235e-12	7.70486e-12	7.74138e-12	7.77285e-12	7.80008e-12	7.82370e-12	7.84424e-12	7.86215e-12	7.87776e-12	7.89136e-12	7.90317e-12	7.91338e-12	7.92213e-12	7.92953e-12	7.93570e-12	7.94073e-12	7.94472e-12	7.94777e-12	7.95001e-12	7.95157e-12	7.95258e-12	7.95319e-12	7.95353e-12	7.95369e-12	7.95376e-12	7.95378e-12	7.95379e-12	7.95379e-12	7.95379e-12	7.95379e-12	7.95379e-12	7.95379e-12	7.95379e-12	7.95379e-12	7.95379e-12	7.95379e-12	7.95379e-12	7.95379e-12	7.95379e-12	7.95379e-12	7.95379e-12	7.95379e-12	7.95379e-12	7.95379e-12	7.95379e-12	7.95379e-12	7.95379e-12	7.95379e-12	7.95379e-12	7.95379e-12	7.95379e-12	7.95379e-12	7.95379e-12	7.95379e-12	7.95379e-12	7.95379e-12	7.95379e-12	7.95379e-12	7.95379e-12	7.95379e-12	7.95379e-12	7.95379e-12	7.95379e-12	7.95379e-12	7.95379e-12	7.95379e-12	7.95379e-12	7.95379e-12	7.95379e-12	7.95379e-12	7.95379e-12	7.95379e-12	7.95379e-12	7.95379e-12	7.95379e-12	7.95379e-12	7.95379e-12	7.95379e-12	7.95379e-12	7.95379e-12	7.95379e-12	7.95379e-12
26.76	1.06039e-12	2.58174e-12	3.66707e-12	4.46870e-12	5.09066e-12	5.59389e-12	6.01308e-12	6.36830e-12	6.67186e-12	6.93201e-12	7.15492e-12	7.34558e-12	7.50833e-12	7.64697e-12	7.76491e-12	7.86516e-12	7.95038e-12	8.02288e-12	8.08464e-12	8.13737e-12	8.18251e-12	8.22127e-12	8.25466e-12	8.28353e-12	8.30857e-12	8.33036e-12	8.34935e-12	8.36594e-12	8.38042e-12	8.39304e-12	8.40399e-12	8.41343e-12	8.42149e-12	8.42828e-12	8.43389e-12	8.43841e-12	8.44194e-12	8.44461e-12	8.44652e-12	8.44781e-12	8.44862e-12	8.44909e-12	8.44933e-12	8.44945e-12	8.44949e-12	8.44951e-12	8.44951e-12	8.44951e-12	8.44951e-12	8.44951e-12	8.44951e-12	8.44951e-12	8.44951e-12	8.44951e-12	8.44951e-12	8.44951e-12	8.44951e-12	8.44951e-12	8.44951e-12	8.44951e-12	8.44951e-12	8.44951e-12	8.44951e-12	8.44951e-12	8.44951e-12	8.44951e-12	8.44951e-12	8.44951e-12	8.44951e-12	8.44951e-12	8.44951e-12	8.44951e-12	8.44951e-12	8.44951e-12	8.44951e-12	8.44951e-12	8.44951e-12	8.44951e-12	8.44951e-12	8.44951e-12	8.44951e-12	8.44951e-12	8.44951e-12	8.44951e-12	8.44951e-12	8.44951e-12	8.44951e-12	8.44951e-12	8.44951e-12	8.44951e-12	8.44951e-12	8.44951e-12	8.44951e-12	8.44951e-12	8.44951e-12	8.44951e-12	8.44951e-12	8.44951e-12	8.44951e-12	8.44951e-12	8.44951e-12
26.80	1.12675e-12	2.74283e-12	3.89537e-12	4.74644e-12	5.40667e-12	5.94082e-12	6.38578e-12	6.76288e-12	7.08519e-12	7.36147e-12	7.59824e-12	7.80082e-12	7.97378e-12	8.12115e-12	8.24654e-12	8.35313e-12	8.44374e-12	8.52081e-12	8.58645e-12	8.64248e-12	8.69042e-12	8.73157e-12	8.76701e-12	8.79763e-12	8.82418e-12	8.84728e-12	8.86743e-12	8.88503e-12	8.90043e-12	8.91388e-12	8.92559e-12	8.93575e-12	8.94448e-12	8.95190e-12	8.95810e-12	8.96318e-12	8.96723e-12	8.97035e-12	8.97265e-12	8.97426e-12	8.97531e-12	8.97595e-12	8.97631e-12	8.97648e-12	8.97656e-12	8.97659e-12	8.97660e-12	8.97660e-12	8.97660e-12	8.97660e-12	8.97660e-12	8.97660e-12	8.97660e-12	8.97660e-12	8.97660e-12	8.97660e-12	8.97660e-12	8.97660e-12	8.97660e-12	8.97660e-12	8.97660e-12	8.97660e-12	8.97660e-12	8.97660e-12	8.97660e-12	8.97660e-12	8.97660e-12	8.97660e-12	8.97660e-12	8.97660e-12	8.97660e-12	8.97660e-12	8.97660e-12	8.97660e-12	8.97660e-12	8.97660e-12	8.97660e-12	8.97660e-12	8.97660e-12	8.97660e-12	8.97660e-12	8.97660e-12	8.97660e-12	8.97660e-12	8.97660e-12	8.97660e-12	8.97660e-12	8.97660e-12	8.97660e-12	8.97660e-12	8.97660e-12	8.97660e-12	8.97660e-12	8.97660e-12	8.97660e-12	8.97660e-12	8.97660e-12	8.97660e-12	8.97660e-12	8.97660e-12	8.97660e-12
26.83	1.19756e-12	2.91463e-12	4.13875e-12	5.04241e-12	5.74330e-12	6.31030e-12	6.78260e-12	7.18291e-12	7.52508e-12	7.81845e-12	8.06992e-12	8.28514e-12	8.46892e-12	8.62555e-12	8.75885e-12	8.87218e-12	8.96851e-12	9.05046e-12	9.12024e-12	9.17978e-12	9.23071e-12	9.27441e-12	9.31202e-12	9.34450e-12	9.37266e-12	9.39715e-12	9.41852e-12	9.43720e-12	9.45355e-12	9.46786e-12	9.48037e-12	9.49127e-12	9.50068e-12	9.50875e-12	9.51557e-12	9.52122e-12	9.52580e-12	9.52940e-12	9.53212e-12	9.53409e-12	9.53543e-12	9.53628e-12	9.53678e-12	9.53704e-12	9.53717e-12	9.53721e-12	9.53723e-12	9.53724e-12	9.53724e-12	9.53724e-12	9.53724e-12	9.53724e-12	9.53724e-12	9.53724e-12	9.53724e-12	9.53724e-12	9.53724e-12	9.53724e-12	9.53724e-12	9.53724e-12	9.53724e-12	9.53724e-12	9.53724e-12	9.53724e-12	9.53724e-12	9.53724e-12	9.53724e-12	9.53724e-12	9.53724e-12	9.53724e-12	9.53724e-12	9.53724e-12	9.53724e-12	9.53724e-12	9.53724e-12	9.53724e-12	9.53724e-12	9.53724e-12	9.53724e-12	9.53724e-12	9.53724e-12	9.53724e-12	9.53724e-12	9.53724e-12	9.53724e-12	9.53724e-12	9.53724e-12	9.53724e-12	9.53724e-12	9.53724e-12	9.53724e-12	9.53724e-12	9.53724e-12	9.53724e-12	9.53724e-12	9.53724e-12	9.53724e-12	9.53724e-12	9.53724e-12	9.53724e-12	9.53724e-12
26.86	1.27315e-12	3.09797e-12	4.39835e-12	5.35800e-12	6.10214e-12	6.70402e-12	7.20535e-12	7.63026e-12	7.99351e-12	8.30499e-12	8.57204e-12	8.80064e-12	8.99590e-12	9.16236e-12	9.30405e-12	9.42453e-12	9.52696e-12	9.61408e-12	9.68827e-12	9.75156e-12	9.80568e-12	9.85209e-12	9.89202e-12	9.92649e-12	9.95636e-12	9.98233e-12	1.00050e-11	1.00248e-11	1.00421e-11	1.00574e-11	1.00707e-11	1.00823e-11	1.00925e-11	1.01012e-11	1.01086e-11	1.01149e-11	1.01200e-11	1.01241e-11	1.01273e-11	1.01297e-11	1.01313e-11	1.01324e-11	1.01331e-11	1.01335e-11	1.01337e-11	1.01338e-11	1.01338e-11	1.01338e-11	1.01338e-11	1.01338e-11	1.01338e-11	1.01338e-11	1.01338e-11	1.01338e-11	1.01338e-11	1.01338e-11	1.01338e-11	1.01338e-11	1.01338e-11	1.01338e-11	1.01338e-11	1.01338e-11	1.01338e-11	1.01338e-11	1.01338e-11	1.01338e-11	1.01338e-11	1.01338e-11	1.01338e-11	1.01338e-11	1.01338e-11	1.01338e-11	1.01338e-11	1.01338e-11	1.01338e-11	1.01338e-11	1.01338e-11	1.01338e-11	1.01338e-11	1.01338e-11	1.01338e-11	1.01338e-11	1.01338e-11	1.01338e-11	1.01338e-11	1.01338e-11	1.01338e-11	1.01338e-11	1.01338e-11	1.01338e-11	1.01338e-11	1.01338e-11	1.01338e-11	1.01338e-11	1.01338e-11	1.01338e-11	1.01338e-11	1.01338e-11	1.01338e-11	1.01338e-11	1.01338e-11
26.90	1.35392e-12	3.29374e-12	4.67544e-12	5.69472e-12	6.48486e-12	7.12383e-12	7.65599e-12	8.10701e-12	8.49261e-12	8.82329e-12	9.10685e-12	9.34963e-12	9.55706e-12	9.73394e-12	9.88452e-12	1.00126e-11	1.01215e-11	1.02141e-11	1.02930e-11	1.03603e-11	1.04178e-11	1.04671e-11	1.05095e-11	1.05461e-11	1.05778e-11	1.06053e-11	1.06294e-11	1.06504e-11	1.06688e-11	1.06849e-11	1.06991e-11	1.07116e-11	1.07224e-11	1.07318e-11	1.07399e-11	1.07468e-11	1.07525e-11	1.07571e-11	1.07608e-11	1.07636e-11	1.07656e-11	1.07670e-11	1.07679e-11	1.07684e-11	1.07687e-11	1.07688e-11	1.07689e-11	1.07689e-11	1.07689e-11	1.07689e-11	1.07689e-11	1.07689e-11	1.07689e-11	1.07689e-11	1.07689e-11	1.07689e-11	1.07689e-11	1.07689e-11	1.07689e-11	1.07689e-11	1.07689e-11	1.07689e-11	1.07689e-11	1.07689e-11	1.07689e-11	1.07689e-11	1.07689e-11	1.07689e-11	1.07689e-11	1.07689e-11	1.07689e-11	1.07689e-11	1.07689e-11	1.07689e-11	1.07689e-11	1.07689e-11	1.07689e-11	1.07689e-11	1.07689e-11	1.07689e-11	1.07689e-11	1.07689e-11	1.07689e-11	1.07689e-11	1.07689e-11	1.07689e-11	1.07689e-11	1.07689e-11	1.07689e-11	1.07689e-11	1.07689e-11	1.07689e-11	1.07689e-11	1.07689e-11	1.07689e-11	1.07689e-11	1.07689e-11	1.07689e-11	1.07689e-11	1.07689e-11	1.07689e-11
26.93	1.44026e-12	3.50291e-12	4.97138e-12	6.05421e-12	6.89333e-12	7.57174e-12	8.13665e-12	8.61539e-12	9.02469e-12	9.37572e-12	9.67678e-12	9.93460e-12	1.01549e-11	1.03428e-11	1.05029e-11	1.06390e-11	1.07548e-11	1.08533e-11	1.09371e-11	1.10087e-11	1.10698e-11	1.11222e-11	1.11672e-11	1.12061e-11	1.12397e-11	1.12689e-11	1.12944e-11	1.13167e-11	1.13362e-11	1.13534e-11	1.13684e-11	1.13817e-11	1.13933e-11	1.14034e-11	1.14121e-11	1.14196e-11	1.14259e-11	1.14311e-11	1.14353e-11	1.14385e-11	1.14409e-11	1.14427e-11	1.14438e-11	1.14445e-11	1.14449e-11	1.14451e-11	1.14452e-11	1.14453e-11	1.14453e-11	1.14453e-11	1.14453e-11	1.14453e-11	1.14453e-11	1.14453e-11	1.14453e-11	1.14453e-11	1.14453e-11	1.14453e-11	1.14453e-11	1.14453e-11	1.14453e-11	1.14453e-11	1.14453e-11	1.14453e-11	1.14453e-11	1.14453e-11	1.14453e-11	1.14453e-11	1.14453e-11	1.14453e-11	1.14453e-11	1.14453e-11	1.14453e-11	1.14453e-11	1.14453e-11	1.14453e-11	1.14453e-11	1.14453e-11	1.14453e-11	1.14453e-11	1.14453e-11	1.14453e-11	1.14453e-11	1.14453e-11	1.14453e-11	1.14453e-11	1.14453e-11	1.14453e-11	1.14453e-11	1.14453e-11	1.14453e-11	1.14453e-11	1.14453e-11	1.14453e-11	1.14453e-11	1.14453e-11	1.14453e-11	1.14453e-11	1.14453e-11	1.14453e-11	1.14453e-11
26.97	1.53258e-12	3.72651e-12	5.28761e-12	6.43821e-12	7.32950e-12	8.04987e-12	8.64959e-12	9.15778e-12	9.59223e-12	9.96485e-12	1.02845e-11	1.05582e-11	1.07922e-11	1.09918e-11	1.11619e-11	1.13066e-11	1.14296e-11	1.15343e-11	1.16235e-11	1.16996e-11	1.17646e-11	1.18202e-11	1.18681e-11	1.19094e-11	1.19451e-11	1.19760e-11	1.20031e-11	1.20267e-11	1.20474e-11	1.20656e-11	1.20816e-11	1.20957e-11	1.21080e-11	1.21189e-11	1.21283e-11	1.21364e-11	1.21433e-11	1.21491e-11	1.21538e-11	1.21575e-11	1.21604e-11	1.21624e-11	1.21639e-11	1.21648e-11	1.21654e-11	1.21657e-11	1.21658e-11	1.21659e-11	1.21659e-11	1.21659e-11	1.21659e-11	1.21659e-11	1.21659e-11	1.21659e-11	1.21659e-11	1.21659e-11	1.21659e-11	1.21659e-11	1.21659e-11	1.21659e-11	1.21659e-11	1.21659e-11	1.21659e-11	1.21659e-11	1.21659e-11	1.21659e-11	1.21659e-11	1.21659e-11	1.21659e-11	1.21659e-11	1.21659e-11	1.21659e-11	1.21659e-11	1.21659e-11	1.21659e-11	1.21659e-11	1.21659e-11	1.21659e-11	1.21659e-11	1.21659e-11	1.21659e-11	1.21659e-11	1.21659e-11	1.21659e-11	1.21659e-11	1.21659e-11	1.21659e-11	1.21659e-11	1.21659e-11	1.21659e-11	1.21659e-11	1.21659e-11	1.21659e-11	1.21659e-11	1.21659e-11	1.21659e-11	1.21659e-11	1.21659e-11	1.21659e-11	1.21659e-11	1.21659e-11
27.00	1.63143e-12	3.96572e-12	5.62577e-12	6.84868e-12	7.79558e-12	8.56062e-12	9.19738e-12	9.73685e-12	1.01980e-11	1.05935e-11	1.09328e-11	1.12235e-11	1.14719e-11	1.16840e-11	1.18646e-11	1.20184e-11	1.21492e-11	1.22605e-11	1.23553e-11	1.24362e-11	1.25053e-11	1.25645e-11	1.26153e-11	1.26591e-11	1.26970e-11	1.27299e-11	1.27586e-11	1.27836e-11	1.28056e-11	1.28249e-11	1.28419e-11	1.28568e-11	1.28700e-11	1.28816e-11	1.28917e-11	1.29004e-11	1.29080e-11	1.29143e-11	1.29196e-11	1.29238e-11	1.29271e-11	1.29296e-11	1.29314e-11	1.29326e-11	1.29334e-11	1.29338e-11	1.29340e-11	1.29341e-11	1.29341e-11	1.29342e-11	1.29342e-11	1.29342e-11	1.29342e-11	1.29342e-11	1.29342e-11	1.29342e-11	1.29342e-11	1.29342e-11	1.29342e-11	1.29342e-11	1.29342e-11	1.29342e-11	1.29342e-11	1.29342e-11	1.29342e-11	1.29342e-11	1.29342e-11	1.29342e-11	1.29342e-11	1.29342e-11	1.29342e-11	1.29342e-11	1.29342e-11	1.29342e-11	1.29342e-11	1.29342e-11	1.29342e-11	1.29342e-11	1.29342e-11	1.29342e-11	1.29342e-11	1.29342e-11	1.29342e-11	1.29342e-11	1.29342e-11	1.29342e-11	1.29342e-11	1.29342e-11	1.29342e-11	1.29342e-11	1.29342e-11	1.29342e-11	1.29342e-11	1.29342e-11	1.29342e-11	1.29342e-11	1.29342e-11	1.29342e-11	1.29342e-11	1.29342e-11	1.29342e-11
