# NeutrinoAntineutrinoInteraction/NeutrinoAntineutrinoResonanceBottom cumulative differential rate
# photon field: massive Cosmic Neutrino Background, T_CnuB = 1.94535456 K
# Produced with crpropa-data version: 60a1560e37035039ec25f414e0c42a2444bad49c
# log10(E/eV), d(1/lambda)/ds_kin [1/Mpc/eV^2] for log10(s_kin/eV^2) as given in first row
0.00	1.98769e+01	1.99385e+01	2.00000e+01	2.00615e+01	2.01231e+01	2.01846e+01	2.02462e+01	2.03077e+01	2.03692e+01	2.04308e+01	2.04923e+01	2.05538e+01	2.06154e+01	2.06769e+01	2.07385e+01	2.08000e+01	2.08615e+01	2.09231e+01	2.09846e+01	2.10462e+01	2.11077e+01	2.11692e+01	2.12308e+01	2.12923e+01	2.13538e+01	2.14154e+01	2.14769e+01	2.15385e+01	2.16000e+01	2.16615e+01	2.17231e+01	2.17846e+01	2.18462e+01	2.19077e+01	2.19692e+01	2.20308e+01	2.20923e+01	2.21538e+01	2.22154e+01	2.22769e+01	2.23385e+01	2.24000e+01	2.24615e+01	2.25231e+01	2.25846e+01	2.26462e+01	2.27077e+01	2.27692e+01	2.28308e+01	2.28923e+01	2.29538e+01	2.30154e+01	2.30769e+01	2.31385e+01	2.32000e+01	2.32615e+01	2.33231e+01	2.33846e+01	2.34462e+01	2.35077e+01	2.35692e+01	2.36308e+01	2.36923e+01	2.37538e+01	2.38154e+01	2.38769e+01	2.39385e+01	2.40000e+01	2.40615e+01	2.41231e+01	2.41846e+01	2.42462e+01	2.43077e+01	2.43692e+01	2.44308e+01	2.44923e+01	2.45538e+01	2.46154e+01	2.46769e+01	2.47385e+01	2.48000e+01	2.48615e+01	2.49231e+01	2.49846e+01	2.50462e+01	2.51077e+01	2.51692e+01	2.52308e+01	2.52923e+01	2.53538e+01	2.54154e+01	2.54769e+01	2.55385e+01	2.56000e+01	2.56615e+01	2.57231e+01	2.57846e+01	2.58462e+01	2.59077e+01	2.59692e+01	2.60308e+01	2.60923e+01	2.61538e+01	2.62154e+01	2.62769e+01	2.63385e+01	2.64000e+01	2.64615e+01	2.65231e+01	2.65846e+01	2.66462e+01	2.67077e+01	2.67692e+01	2.68308e+01	2.68923e+01	2.69538e+01	2.70154e+01	2.70769e+01	2.71385e+01	2.72000e+01	2.72615e+01	2.73231e+01	2.73846e+01	2.74462e+01	2.75077e+01	2.75692e+01	2.76308e+01	2.76923e+01	2.77538e+01	2.78154e+01	2.78769e+01	2.79385e+01	2.80000e+01
16.85	0.00000e+00	0.00000e+00	0.00000e+00	0.00000e+00	0.00000e+00	0.00000e+00	0.00000e+00	0.00000e+00	0.00000e+00	0.00000e+00	0.00000e+00	0.00000e+00	0.00000e+00	0.00000e+00	0.00000e+00	0.00000e+00	0.00000e+00	0.00000e+00	0.00000e+00	0.00000e+00	0.00000e+00	0.00000e+00	0.00000e+00	0.00000e+00	0.00000e+00	0.00000e+00	0.00000e+00	0.00000e+00	0.00000e+00	0.00000e+00	0.00000e+00	0.00000e+00	0.00000e+00	0.00000e+00	0.00000e+00	0.00000e+00	0.00000e+00	0.00000e+00	0.00000e+00	0.00000e+00	0.00000e+00	0.00000e+00	0.00000e+00	0.00000e+00	0.00000e+00	0.00000e+00	0.00000e+00	0.00000e+00	0.00000e+00	0.00000e+00	0.00000e+00	0.00000e+00	0.00000e+00	0.00000e+00	0.00000e+00	0.00000e+00	0.00000e+00	0.00000e+00	0.00000e+00	0.00000e+00	0.00000e+00	0.00000e+00	0.00000e+00	0.00000e+00	0.00000e+00	0.00000e+00	0.00000e+00	0.00000e+00	0.00000e+00	0.00000e+00	0.00000e+00	0.00000e+00	0.00000e+00	0.00000e+00	0.00000e+00	0.00000e+00	0.00000e+00	0.00000e+00	0.00000e+00	0.00000e+00	0.00000e+00	0.00000e+00	0.00000e+00	0.00000e+00	0.00000e+00	0.00000e+00	0.00000e+00	0.00000e+00	0.00000e+00	0.00000e+00	0.00000e+00	0.00000e+00	0.00000e+00	0.00000e+00	0.00000e+00	0.00000e+00	0.00000e+00	0.00000e+00	0.00000e+00	0.00000e+00	0.00000e+00	0.00000e+00	0.00000e+00	0.00000e+00	0.00000e+00	0.00000e+00	0.00000e+00	0.00000e+00	0.00000e+00	0.00000e+00	0.00000e+00	0.00000e+00	0.00000e+00	0.00000e+00	0.00000e+00	0.00000e+00	0.00000e+00	0.00000e+00	0.00000e+00	0.00000e+00	0.00000e+00	0.00000e+00	0.00000e+00	0.00000e+00	0.00000e+00	0.00000e+00	0.00000e+00	0.00000e+00	0.00000e+00	0.00000e+00	0.00000e+00	0.00000e+00	0.00000e+00
16.88	0.00000e+00	0.00000e+00	0.00000e+00	0.00000e+00	0.00000e+00	0.00000e+00	0.00000e+00	0.00000e+00	0.00000e+00	0.00000e+00	0.00000e+00	0.00000e+00	0.00000e+00	0.00000e+00	0.00000e+00	0.00000e+00	0.00000e+00	0.00000e+00	0.00000e+00	0.00000e+00	0.00000e+00	0.00000e+00	0.00000e+00	0.00000e+00	0.00000e+00	0.00000e+00	0.00000e+00	0.00000e+00	0.00000e+00	0.00000e+00	0.00000e+00	0.00000e+00	0.00000e+00	0.00000e+00	0.00000e+00	0.00000e+00	0.00000e+00	0.00000e+00	0.00000e+00	0.00000e+00	0.00000e+00	0.00000e+00	0.00000e+00	0.00000e+00	0.00000e+00	0.00000e+00	0.00000e+00	0.00000e+00	0.00000e+00	0.00000e+00	0.00000e+00	0.00000e+00	0.00000e+00	0.00000e+00	0.00000e+00	0.00000e+00	0.00000e+00	0.00000e+00	0.00000e+00	0.00000e+00	0.00000e+00	0.00000e+00	0.00000e+00	0.00000e+00	0.00000e+00	0.00000e+00	0.00000e+00	0.00000e+00	0.00000e+00	0.00000e+00	0.00000e+00	0.00000e+00	0.00000e+00	0.00000e+00	0.00000e+00	0.00000e+00	0.00000e+00	0.00000e+00	0.00000e+00	0.00000e+00	0.00000e+00	0.00000e+00	0.00000e+00	0.00000e+00	0.00000e+00	0.00000e+00	0.00000e+00	0.00000e+00	0.00000e+00	0.00000e+00	0.00000e+00	0.00000e+00	0.00000e+00	0.00000e+00	0.00000e+00	0.00000e+00	0.00000e+00	0.00000e+00	0.00000e+00	0.00000e+00	0.00000e+00	0.00000e+00	0.00000e+00	0.00000e+00	0.00000e+00	0.00000e+00	0.00000e+00	0.00000e+00	0.00000e+00	0.00000e+00	0.00000e+00	0.00000e+00	0.00000e+00	0.00000e+00	0.00000e+00	0.00000e+00	0.00000e+00	0.00000e+00	0.00000e+00	0.00000e+00	0.00000e+00	0.00000e+00	0.00000e+00	0.00000e+00	0.00000e+00	0.00000e+00	0.00000e+00	0.00000e+00	0.00000e+00	0.00000e+00	0.00000e+00	0.00000e+00	0.00000e+00
16.92	0.00000e+00	0.00000e+00	0.00000e+00	0.00000e+00	0.00000e+00	0.00000e+00	0.00000e+00	0.00000e+00	0.00000e+00	0.00000e+00	0.00000e+00	0.00000e+00	0.00000e+00	0.00000e+00	0.00000e+00	0.00000e+00	0.00000e+00	0.00000e+00	0.00000e+00	0.00000e+00	0.00000e+00	0.00000e+00	0.00000e+00	0.00000e+00	0.00000e+00	0.00000e+00	0.00000e+00	0.00000e+00	0.00000e+00	0.00000e+00	0.00000e+00	0.00000e+00	0.00000e+00	0.00000e+00	0.00000e+00	0.00000e+00	0.00000e+00	0.00000e+00	0.00000e+00	0.00000e+00	0.00000e+00	0.00000e+00	0.00000e+00	0.00000e+00	0.00000e+00	0.00000e+00	0.00000e+00	0.00000e+00	0.00000e+00	0.00000e+00	0.00000e+00	0.00000e+00	0.00000e+00	0.00000e+00	0.00000e+00	0.00000e+00	0.00000e+00	0.00000e+00	0.00000e+00	0.00000e+00	0.00000e+00	0.00000e+00	0.00000e+00	0.00000e+00	0.00000e+00	0.00000e+00	0.00000e+00	0.00000e+00	0.00000e+00	0.00000e+00	0.00000e+00	0.00000e+00	0.00000e+00	0.00000e+00	0.00000e+00	0.00000e+00	0.00000e+00	0.00000e+00	0.00000e+00	0.00000e+00	0.00000e+00	0.00000e+00	0.00000e+00	0.00000e+00	0.00000e+00	0.00000e+00	0.00000e+00	0.00000e+00	0.00000e+00	0.00000e+00	0.00000e+00	0.00000e+00	0.00000e+00	0.00000e+00	0.00000e+00	0.00000e+00	0.00000e+00	0.00000e+00	0.00000e+00	0.00000e+00	0.00000e+00	0.00000e+00	0.00000e+00	0.00000e+00	0.00000e+00	0.00000e+00	0.00000e+00	0.00000e+00	0.00000e+00	0.00000e+00	0.00000e+00	0.00000e+00	0.00000e+00	0.00000e+00	0.00000e+00	0.00000e+00	0.00000e+00	0.00000e+00	0.00000e+00	0.00000e+00	0.00000e+00	0.00000e+00	0.00000e+00	0.00000e+00	0.00000e+00	0.00000e+00	0.00000e+00	0.00000e+00	0.00000e+00	0.00000e+00	0.00000e+00	0.00000e+00	0.00000e+00
16.95	0.00000e+00	0.00000e+00	0.00000e+00	0.00000e+00	0.00000e+00	0.00000e+00	0.00000e+00	0.00000e+00	0.00000e+00	0.00000e+00	0.00000e+00	0.00000e+00	0.00000e+00	0.00000e+00	0.00000e+00	0.00000e+00	0.00000e+00	0.00000e+00	0.00000e+00	0.00000e+00	0.00000e+00	0.00000e+00	0.00000e+00	0.00000e+00	0.00000e+00	0.00000e+00	0.00000e+00	0.00000e+00	0.00000e+00	0.00000e+00	0.00000e+00	0.00000e+00	0.00000e+00	0.00000e+00	0.00000e+00	0.00000e+00	0.00000e+00	0.00000e+00	0.00000e+00	0.00000e+00	0.00000e+00	0.00000e+00	0.00000e+00	0.00000e+00	0.00000e+00	0.00000e+00	0.00000e+00	0.00000e+00	0.00000e+00	0.00000e+00	0.00000e+00	0.00000e+00	0.00000e+00	0.00000e+00	0.00000e+00	0.00000e+00	0.00000e+00	0.00000e+00	0.00000e+00	0.00000e+00	0.00000e+00	0.00000e+00	0.00000e+00	0.00000e+00	0.00000e+00	0.00000e+00	0.00000e+00	0.00000e+00	0.00000e+00	0.00000e+00	0.00000e+00	0.00000e+00	0.00000e+00	0.00000e+00	0.00000e+00	0.00000e+00	0.00000e+00	0.00000e+00	0.00000e+00	0.00000e+00	0.00000e+00	0.00000e+00	0.00000e+00	0.00000e+00	0.00000e+00	0.00000e+00	0.00000e+00	0.00000e+00	0.00000e+00	0.00000e+00	0.00000e+00	0.00000e+00	0.00000e+00	0.00000e+00	0.00000e+00	0.00000e+00	0.00000e+00	0.00000e+00	0.00000e+00	0.00000e+00	0.00000e+00	0.00000e+00	0.00000e+00	0.00000e+00	0.00000e+00	0.00000e+00	0.00000e+00	0.00000e+00	0.00000e+00	0.00000e+00	0.00000e+00	0.00000e+00	0.00000e+00	0.00000e+00	0.00000e+00	0.00000e+00	0.00000e+00	0.00000e+00	0.00000e+00	0.00000e+00	0.00000e+00	0.00000e+00	0.00000e+00	0.00000e+00	0.00000e+00	0.00000e+00	0.00000e+00	0.00000e+00	0.00000e+00	0.00000e+00	0.00000e+00	0.00000e+00	0.00000e+00
16.98	0.00000e+00	0.00000e+00	0.00000e+00	0.00000e+00	0.00000e+00	0.00000e+00	0.00000e+00	0.00000e+00	0.00000e+00	0.00000e+00	0.00000e+00	0.00000e+00	0.00000e+00	0.00000e+00	0.00000e+00	0.00000e+00	0.00000e+00	0.00000e+00	0.00000e+00	0.00000e+00	0.00000e+00	0.00000e+00	0.00000e+00	0.00000e+00	0.00000e+00	0.00000e+00	0.00000e+00	0.00000e+00	0.00000e+00	0.00000e+00	0.00000e+00	0.00000e+00	0.00000e+00	0.00000e+00	0.00000e+00	0.00000e+00	0.00000e+00	0.00000e+00	0.00000e+00	0.00000e+00	0.00000e+00	0.00000e+00	0.00000e+00	0.00000e+00	0.00000e+00	0.00000e+00	0.00000e+00	0.00000e+00	0.00000e+00	0.00000e+00	0.00000e+00	0.00000e+00	0.00000e+00	0.00000e+00	0.00000e+00	0.00000e+00	0.00000e+00	0.00000e+00	0.00000e+00	0.00000e+00	0.00000e+00	0.00000e+00	0.00000e+00	0.00000e+00	0.00000e+00	0.00000e+00	0.00000e+00	0.00000e+00	0.00000e+00	0.00000e+00	0.00000e+00	0.00000e+00	0.00000e+00	0.00000e+00	0.00000e+00	0.00000e+00	0.00000e+00	0.00000e+00	0.00000e+00	0.00000e+00	0.00000e+00	0.00000e+00	0.00000e+00	0.00000e+00	0.00000e+00	0.00000e+00	0.00000e+00	0.00000e+00	0.00000e+00	0.00000e+00	0.00000e+00	0.00000e+00	0.00000e+00	0.00000e+00	0.00000e+00	0.00000e+00	0.00000e+00	0.00000e+00	0.00000e+00	0.00000e+00	0.00000e+00	0.00000e+00	0.00000e+00	0.00000e+00	0.00000e+00	0.00000e+00	0.00000e+00	0.00000e+00	0.00000e+00	0.00000e+00	0.00000e+00	0.00000e+00	0.00000e+00	0.00000e+00	0.00000e+00	0.00000e+00	0.00000e+00	0.00000e+00	0.00000e+00	0.00000e+00	0.00000e+00	0.00000e+00	0.00000e+00	0.00000e+00	0.00000e+00	0.00000e+00	0.00000e+00	0.00000e+00	0.00000e+00	0.00000e+00	0.00000e+00	0.00000e+00	0.00000e+00
17.02	0.00000e+00	0.00000e+00	0.00000e+00	0.00000e+00	0.00000e+00	0.00000e+00	0.00000e+00	0.00000e+00	0.00000e+00	0.00000e+00	0.00000e+00	0.00000e+00	0.00000e+00	0.00000e+00	0.00000e+00	0.00000e+00	0.00000e+00	0.00000e+00	0.00000e+00	0.00000e+00	0.00000e+00	0.00000e+00	0.00000e+00	0.00000e+00	0.00000e+00	0.00000e+00	0.00000e+00	0.00000e+00	0.00000e+00	0.00000e+00	0.00000e+00	0.00000e+00	0.00000e+00	0.00000e+00	0.00000e+00	0.00000e+00	0.00000e+00	0.00000e+00	0.00000e+00	0.00000e+00	0.00000e+00	0.00000e+00	0.00000e+00	0.00000e+00	0.00000e+00	0.00000e+00	0.00000e+00	0.00000e+00	0.00000e+00	0.00000e+00	0.00000e+00	0.00000e+00	0.00000e+00	0.00000e+00	0.00000e+00	0.00000e+00	0.00000e+00	0.00000e+00	0.00000e+00	0.00000e+00	0.00000e+00	0.00000e+00	0.00000e+00	0.00000e+00	0.00000e+00	0.00000e+00	0.00000e+00	0.00000e+00	0.00000e+00	0.00000e+00	0.00000e+00	0.00000e+00	0.00000e+00	0.00000e+00	0.00000e+00	0.00000e+00	0.00000e+00	0.00000e+00	0.00000e+00	0.00000e+00	0.00000e+00	0.00000e+00	0.00000e+00	0.00000e+00	0.00000e+00	0.00000e+00	0.00000e+00	0.00000e+00	0.00000e+00	0.00000e+00	0.00000e+00	0.00000e+00	0.00000e+00	0.00000e+00	0.00000e+00	0.00000e+00	0.00000e+00	0.00000e+00	0.00000e+00	0.00000e+00	0.00000e+00	0.00000e+00	0.00000e+00	0.00000e+00	0.00000e+00	0.00000e+00	0.00000e+00	0.00000e+00	0.00000e+00	0.00000e+00	0.00000e+00	0.00000e+00	0.00000e+00	0.00000e+00	0.00000e+00	0.00000e+00	0.00000e+00	0.00000e+00	0.00000e+00	0.00000e+00	0.00000e+00	0.00000e+00	0.00000e+00	0.00000e+00	0.00000e+00	0.00000e+00	0.00000e+00	0.00000e+00	0.00000e+00	0.00000e+00	0.00000e+00	0.00000e+00	0.00000e+00
17.05	0.00000e+00	0.00000e+00	0.00000e+00	0.00000e+00	0.00000e+00	0.00000e+00	0.00000e+00	0.00000e+00	0.00000e+00	0.00000e+00	0.00000e+00	0.00000e+00	0.00000e+00	0.00000e+00	0.00000e+00	0.00000e+00	0.00000e+00	0.00000e+00	0.00000e+00	0.00000e+00	0.00000e+00	0.00000e+00	0.00000e+00	0.00000e+00	0.00000e+00	0.00000e+00	0.00000e+00	0.00000e+00	0.00000e+00	0.00000e+00	0.00000e+00	0.00000e+00	0.00000e+00	0.00000e+00	0.00000e+00	0.00000e+00	0.00000e+00	0.00000e+00	0.00000e+00	0.00000e+00	0.00000e+00	0.00000e+00	0.00000e+00	0.00000e+00	0.00000e+00	0.00000e+00	0.00000e+00	0.00000e+00	0.00000e+00	0.00000e+00	0.00000e+00	0.00000e+00	0.00000e+00	0.00000e+00	0.00000e+00	0.00000e+00	0.00000e+00	0.00000e+00	0.00000e+00	0.00000e+00	0.00000e+00	0.00000e+00	0.00000e+00	0.00000e+00	0.00000e+00	0.00000e+00	0.00000e+00	0.00000e+00	0.00000e+00	0.00000e+00	0.00000e+00	0.00000e+00	0.00000e+00	0.00000e+00	0.00000e+00	0.00000e+00	0.00000e+00	0.00000e+00	0.00000e+00	0.00000e+00	0.00000e+00	0.00000e+00	0.00000e+00	0.00000e+00	0.00000e+00	0.00000e+00	0.00000e+00	0.00000e+00	0.00000e+00	0.00000e+00	0.00000e+00	0.00000e+00	0.00000e+00	0.00000e+00	0.00000e+00	0.00000e+00	0.00000e+00	0.00000e+00	0.00000e+00	0.00000e+00	0.00000e+00	0.00000e+00	0.00000e+00	0.00000e+00	0.00000e+00	0.00000e+00	0.00000e+00	0.00000e+00	0.00000e+00	0.00000e+00	0.00000e+00	0.00000e+00	0.00000e+00	0.00000e+00	0.00000e+00	0.00000e+00	0.00000e+00	0.00000e+00	0.00000e+00	0.00000e+00	0.00000e+00	0.00000e+00	0.00000e+00	0.00000e+00	0.00000e+00	0.00000e+00	0.00000e+00	0.00000e+00	0.00000e+00	0.00000e+00	0.00000e+00	0.00000e+00	0.00000e+00
17.09	0.00000e+00	0.00000e+00	0.00000e+00	0.00000e+00	0.00000e+00	0.00000e+00	0.00000e+00	0.00000e+00	0.00000e+00	0.00000e+00	0.00000e+00	0.00000e+00	0.00000e+00	0.00000e+00	0.00000e+00	0.00000e+00	0.00000e+00	0.00000e+00	0.00000e+00	0.00000e+00	0.00000e+00	0.00000e+00	0.00000e+00	0.00000e+00	0.00000e+00	0.00000e+00	0.00000e+00	0.00000e+00	0.00000e+00	0.00000e+00	0.00000e+00	0.00000e+00	0.00000e+00	0.00000e+00	0.00000e+00	0.00000e+00	0.00000e+00	0.00000e+00	0.00000e+00	0.00000e+00	0.00000e+00	0.00000e+00	0.00000e+00	0.00000e+00	0.00000e+00	0.00000e+00	0.00000e+00	0.00000e+00	0.00000e+00	0.00000e+00	0.00000e+00	0.00000e+00	0.00000e+00	0.00000e+00	0.00000e+00	0.00000e+00	0.00000e+00	0.00000e+00	0.00000e+00	0.00000e+00	0.00000e+00	0.00000e+00	0.00000e+00	0.00000e+00	0.00000e+00	0.00000e+00	0.00000e+00	0.00000e+00	0.00000e+00	0.00000e+00	0.00000e+00	0.00000e+00	0.00000e+00	0.00000e+00	0.00000e+00	0.00000e+00	0.00000e+00	0.00000e+00	0.00000e+00	0.00000e+00	0.00000e+00	0.00000e+00	0.00000e+00	0.00000e+00	0.00000e+00	0.00000e+00	0.00000e+00	0.00000e+00	0.00000e+00	0.00000e+00	0.00000e+00	0.00000e+00	0.00000e+00	0.00000e+00	0.00000e+00	0.00000e+00	0.00000e+00	0.00000e+00	0.00000e+00	0.00000e+00	0.00000e+00	0.00000e+00	0.00000e+00	0.00000e+00	0.00000e+00	0.00000e+00	0.00000e+00	0.00000e+00	0.00000e+00	0.00000e+00	0.00000e+00	0.00000e+00	0.00000e+00	0.00000e+00	0.00000e+00	0.00000e+00	0.00000e+00	0.00000e+00	0.00000e+00	0.00000e+00	0.00000e+00	0.00000e+00	0.00000e+00	0.00000e+00	0.00000e+00	0.00000e+00	0.00000e+00	0.00000e+00	0.00000e+00	0.00000e+00	0.00000e+00	0.00000e+00	0.00000e+00
17.12	0.00000e+00	0.00000e+00	0.00000e+00	0.00000e+00	0.00000e+00	0.00000e+00	0.00000e+00	0.00000e+00	0.00000e+00	0.00000e+00	0.00000e+00	0.00000e+00	0.00000e+00	0.00000e+00	0.00000e+00	0.00000e+00	0.00000e+00	0.00000e+00	0.00000e+00	0.00000e+00	0.00000e+00	0.00000e+00	0.00000e+00	0.00000e+00	0.00000e+00	0.00000e+00	0.00000e+00	0.00000e+00	0.00000e+00	0.00000e+00	0.00000e+00	0.00000e+00	0.00000e+00	0.00000e+00	0.00000e+00	0.00000e+00	0.00000e+00	0.00000e+00	0.00000e+00	0.00000e+00	0.00000e+00	0.00000e+00	0.00000e+00	0.00000e+00	0.00000e+00	0.00000e+00	0.00000e+00	0.00000e+00	0.00000e+00	0.00000e+00	0.00000e+00	0.00000e+00	0.00000e+00	0.00000e+00	0.00000e+00	0.00000e+00	0.00000e+00	0.00000e+00	0.00000e+00	0.00000e+00	0.00000e+00	0.00000e+00	0.00000e+00	0.00000e+00	0.00000e+00	0.00000e+00	0.00000e+00	0.00000e+00	0.00000e+00	0.00000e+00	0.00000e+00	0.00000e+00	0.00000e+00	0.00000e+00	0.00000e+00	0.00000e+00	0.00000e+00	0.00000e+00	0.00000e+00	0.00000e+00	0.00000e+00	0.00000e+00	0.00000e+00	0.00000e+00	0.00000e+00	0.00000e+00	0.00000e+00	0.00000e+00	0.00000e+00	0.00000e+00	0.00000e+00	0.00000e+00	0.00000e+00	0.00000e+00	0.00000e+00	0.00000e+00	0.00000e+00	0.00000e+00	0.00000e+00	0.00000e+00	0.00000e+00	0.00000e+00	0.00000e+00	0.00000e+00	0.00000e+00	0.00000e+00	0.00000e+00	0.00000e+00	0.00000e+00	0.00000e+00	0.00000e+00	0.00000e+00	0.00000e+00	0.00000e+00	0.00000e+00	0.00000e+00	0.00000e+00	0.00000e+00	0.00000e+00	0.00000e+00	0.00000e+00	0.00000e+00	0.00000e+00	0.00000e+00	0.00000e+00	0.00000e+00	0.00000e+00	0.00000e+00	0.00000e+00	0.00000e+00	0.00000e+00	0.00000e+00	0.00000e+00
17.15	0.00000e+00	0.00000e+00	0.00000e+00	0.00000e+00	0.00000e+00	0.00000e+00	0.00000e+00	0.00000e+00	0.00000e+00	0.00000e+00	0.00000e+00	0.00000e+00	0.00000e+00	0.00000e+00	0.00000e+00	0.00000e+00	0.00000e+00	0.00000e+00	0.00000e+00	0.00000e+00	0.00000e+00	0.00000e+00	0.00000e+00	0.00000e+00	0.00000e+00	0.00000e+00	0.00000e+00	0.00000e+00	0.00000e+00	0.00000e+00	0.00000e+00	0.00000e+00	0.00000e+00	0.00000e+00	0.00000e+00	0.00000e+00	0.00000e+00	0.00000e+00	0.00000e+00	0.00000e+00	0.00000e+00	0.00000e+00	0.00000e+00	0.00000e+00	0.00000e+00	0.00000e+00	0.00000e+00	0.00000e+00	0.00000e+00	0.00000e+00	0.00000e+00	0.00000e+00	0.00000e+00	0.00000e+00	0.00000e+00	0.00000e+00	0.00000e+00	0.00000e+00	0.00000e+00	0.00000e+00	0.00000e+00	0.00000e+00	0.00000e+00	0.00000e+00	0.00000e+00	0.00000e+00	0.00000e+00	0.00000e+00	0.00000e+00	0.00000e+00	0.00000e+00	0.00000e+00	0.00000e+00	0.00000e+00	0.00000e+00	0.00000e+00	0.00000e+00	0.00000e+00	0.00000e+00	0.00000e+00	0.00000e+00	0.00000e+00	0.00000e+00	0.00000e+00	0.00000e+00	0.00000e+00	0.00000e+00	0.00000e+00	0.00000e+00	0.00000e+00	0.00000e+00	0.00000e+00	0.00000e+00	0.00000e+00	0.00000e+00	0.00000e+00	0.00000e+00	0.00000e+00	0.00000e+00	0.00000e+00	0.00000e+00	0.00000e+00	0.00000e+00	0.00000e+00	0.00000e+00	0.00000e+00	0.00000e+00	0.00000e+00	0.00000e+00	0.00000e+00	0.00000e+00	0.00000e+00	0.00000e+00	0.00000e+00	0.00000e+00	0.00000e+00	0.00000e+00	0.00000e+00	0.00000e+00	0.00000e+00	0.00000e+00	0.00000e+00	0.00000e+00	0.00000e+00	0.00000e+00	0.00000e+00	0.00000e+00	0.00000e+00	0.00000e+00	0.00000e+00	0.00000e+00	0.00000e+00	0.00000e+00
17.19	0.00000e+00	0.00000e+00	0.00000e+00	0.00000e+00	0.00000e+00	0.00000e+00	0.00000e+00	0.00000e+00	0.00000e+00	0.00000e+00	0.00000e+00	0.00000e+00	0.00000e+00	0.00000e+00	0.00000e+00	0.00000e+00	0.00000e+00	0.00000e+00	0.00000e+00	0.00000e+00	0.00000e+00	0.00000e+00	0.00000e+00	0.00000e+00	0.00000e+00	0.00000e+00	0.00000e+00	0.00000e+00	0.00000e+00	0.00000e+00	0.00000e+00	0.00000e+00	0.00000e+00	0.00000e+00	0.00000e+00	0.00000e+00	0.00000e+00	0.00000e+00	0.00000e+00	0.00000e+00	0.00000e+00	0.00000e+00	0.00000e+00	0.00000e+00	0.00000e+00	0.00000e+00	0.00000e+00	0.00000e+00	0.00000e+00	0.00000e+00	0.00000e+00	0.00000e+00	0.00000e+00	0.00000e+00	0.00000e+00	0.00000e+00	0.00000e+00	0.00000e+00	0.00000e+00	0.00000e+00	0.00000e+00	0.00000e+00	0.00000e+00	0.00000e+00	0.00000e+00	0.00000e+00	0.00000e+00	0.00000e+00	0.00000e+00	0.00000e+00	0.00000e+00	0.00000e+00	0.00000e+00	0.00000e+00	0.00000e+00	0.00000e+00	0.00000e+00	0.00000e+00	0.00000e+00	0.00000e+00	0.00000e+00	0.00000e+00	0.00000e+00	0.00000e+00	0.00000e+00	0.00000e+00	0.00000e+00	0.00000e+00	0.00000e+00	0.00000e+00	0.00000e+00	0.00000e+00	0.00000e+00	0.00000e+00	0.00000e+00	0.00000e+00	0.00000e+00	0.00000e+00	0.00000e+00	0.00000e+00	0.00000e+00	0.00000e+00	0.00000e+00	0.00000e+00	0.00000e+00	0.00000e+00	0.00000e+00	0.00000e+00	0.00000e+00	0.00000e+00	0.00000e+00	0.00000e+00	0.00000e+00	0.00000e+00	0.00000e+00	0.00000e+00	0.00000e+00	0.00000e+00	0.00000e+00	0.00000e+00	0.00000e+00	0.00000e+00	0.00000e+00	0.00000e+00	0.00000e+00	0.00000e+00	0.00000e+00	0.00000e+00	0.00000e+00	0.00000e+00	0.00000e+00	0.00000e+00	0.00000e+00
17.22	0.00000e+00	0.00000e+00	0.00000e+00	0.00000e+00	0.00000e+00	0.00000e+00	0.00000e+00	0.00000e+00	0.00000e+00	0.00000e+00	0.00000e+00	0.00000e+00	0.00000e+00	0.00000e+00	0.00000e+00	0.00000e+00	0.00000e+00	0.00000e+00	0.00000e+00	0.00000e+00	0.00000e+00	0.00000e+00	0.00000e+00	0.00000e+00	0.00000e+00	0.00000e+00	0.00000e+00	0.00000e+00	0.00000e+00	0.00000e+00	0.00000e+00	0.00000e+00	0.00000e+00	0.00000e+00	0.00000e+00	0.00000e+00	0.00000e+00	0.00000e+00	0.00000e+00	0.00000e+00	0.00000e+00	0.00000e+00	0.00000e+00	0.00000e+00	0.00000e+00	0.00000e+00	0.00000e+00	0.00000e+00	0.00000e+00	0.00000e+00	0.00000e+00	0.00000e+00	0.00000e+00	0.00000e+00	0.00000e+00	0.00000e+00	0.00000e+00	0.00000e+00	0.00000e+00	0.00000e+00	0.00000e+00	0.00000e+00	0.00000e+00	0.00000e+00	0.00000e+00	0.00000e+00	0.00000e+00	0.00000e+00	0.00000e+00	0.00000e+00	0.00000e+00	0.00000e+00	0.00000e+00	0.00000e+00	0.00000e+00	0.00000e+00	0.00000e+00	0.00000e+00	0.00000e+00	0.00000e+00	0.00000e+00	0.00000e+00	0.00000e+00	0.00000e+00	0.00000e+00	0.00000e+00	0.00000e+00	0.00000e+00	0.00000e+00	0.00000e+00	0.00000e+00	0.00000e+00	0.00000e+00	0.00000e+00	0.00000e+00	0.00000e+00	0.00000e+00	0.00000e+00	0.00000e+00	0.00000e+00	0.00000e+00	0.00000e+00	0.00000e+00	0.00000e+00	0.00000e+00	0.00000e+00	0.00000e+00	0.00000e+00	0.00000e+00	0.00000e+00	0.00000e+00	0.00000e+00	0.00000e+00	0.00000e+00	0.00000e+00	0.00000e+00	0.00000e+00	0.00000e+00	0.00000e+00	0.00000e+00	0.00000e+00	0.00000e+00	0.00000e+00	0.00000e+00	0.00000e+00	0.00000e+00	0.00000e+00	0.00000e+00	0.00000e+00	0.00000e+00	0.00000e+00	0.00000e+00	0.00000e+00
17.26	0.00000e+00	0.00000e+00	0.00000e+00	0.00000e+00	0.00000e+00	0.00000e+00	0.00000e+00	0.00000e+00	0.00000e+00	0.00000e+00	0.00000e+00	0.00000e+00	0.00000e+00	0.00000e+00	0.00000e+00	0.00000e+00	0.00000e+00	0.00000e+00	0.00000e+00	0.00000e+00	0.00000e+00	0.00000e+00	0.00000e+00	0.00000e+00	0.00000e+00	0.00000e+00	0.00000e+00	0.00000e+00	0.00000e+00	0.00000e+00	0.00000e+00	0.00000e+00	0.00000e+00	0.00000e+00	0.00000e+00	0.00000e+00	0.00000e+00	0.00000e+00	0.00000e+00	0.00000e+00	0.00000e+00	0.00000e+00	0.00000e+00	0.00000e+00	0.00000e+00	0.00000e+00	0.00000e+00	0.00000e+00	0.00000e+00	0.00000e+00	0.00000e+00	0.00000e+00	0.00000e+00	0.00000e+00	0.00000e+00	0.00000e+00	0.00000e+00	0.00000e+00	0.00000e+00	0.00000e+00	0.00000e+00	0.00000e+00	0.00000e+00	0.00000e+00	0.00000e+00	0.00000e+00	0.00000e+00	0.00000e+00	0.00000e+00	0.00000e+00	0.00000e+00	0.00000e+00	0.00000e+00	0.00000e+00	0.00000e+00	0.00000e+00	0.00000e+00	0.00000e+00	0.00000e+00	0.00000e+00	0.00000e+00	0.00000e+00	0.00000e+00	0.00000e+00	0.00000e+00	0.00000e+00	0.00000e+00	0.00000e+00	0.00000e+00	0.00000e+00	0.00000e+00	0.00000e+00	0.00000e+00	0.00000e+00	0.00000e+00	0.00000e+00	0.00000e+00	0.00000e+00	0.00000e+00	0.00000e+00	0.00000e+00	0.00000e+00	0.00000e+00	0.00000e+00	0.00000e+00	0.00000e+00	0.00000e+00	0.00000e+00	0.00000e+00	0.00000e+00	0.00000e+00	0.00000e+00	0.00000e+00	0.00000e+00	0.00000e+00	0.00000e+00	0.00000e+00	0.00000e+00	0.00000e+00	0.00000e+00	0.00000e+00	0.00000e+00	0.00000e+00	0.00000e+00	0.00000e+00	0.00000e+00	0.00000e+00	0.00000e+00	0.00000e+00	0.00000e+00	0.00000e+00	0.00000e+00	0.00000e+00
17.29	0.00000e+00	0.00000e+00	0.00000e+00	0.00000e+00	0.00000e+00	0.00000e+00	0.00000e+00	0.00000e+00	0.00000e+00	0.00000e+00	0.00000e+00	0.00000e+00	0.00000e+00	0.00000e+00	0.00000e+00	0.00000e+00	0.00000e+00	0.00000e+00	0.00000e+00	0.00000e+00	0.00000e+00	0.00000e+00	0.00000e+00	0.00000e+00	0.00000e+00	0.00000e+00	0.00000e+00	0.00000e+00	0.00000e+00	0.00000e+00	0.00000e+00	0.00000e+00	0.00000e+00	0.00000e+00	0.00000e+00	0.00000e+00	0.00000e+00	0.00000e+00	0.00000e+00	0.00000e+00	0.00000e+00	0.00000e+00	0.00000e+00	0.00000e+00	0.00000e+00	0.00000e+00	0.00000e+00	0.00000e+00	0.00000e+00	0.00000e+00	0.00000e+00	0.00000e+00	0.00000e+00	0.00000e+00	0.00000e+00	0.00000e+00	0.00000e+00	0.00000e+00	0.00000e+00	0.00000e+00	0.00000e+00	0.00000e+00	0.00000e+00	0.00000e+00	0.00000e+00	0.00000e+00	0.00000e+00	0.00000e+00	0.00000e+00	0.00000e+00	0.00000e+00	0.00000e+00	0.00000e+00	0.00000e+00	0.00000e+00	0.00000e+00	0.00000e+00	0.00000e+00	0.00000e+00	0.00000e+00	0.00000e+00	0.00000e+00	0.00000e+00	0.00000e+00	0.00000e+00	0.00000e+00	0.00000e+00	0.00000e+00	0.00000e+00	0.00000e+00	0.00000e+00	0.00000e+00	0.00000e+00	0.00000e+00	0.00000e+00	0.00000e+00	0.00000e+00	0.00000e+00	0.00000e+00	0.00000e+00	0.00000e+00	0.00000e+00	0.00000e+00	0.00000e+00	0.00000e+00	0.00000e+00	0.00000e+00	0.00000e+00	0.00000e+00	0.00000e+00	0.00000e+00	0.00000e+00	0.00000e+00	0.00000e+00	0.00000e+00	0.00000e+00	0.00000e+00	0.00000e+00	0.00000e+00	0.00000e+00	0.00000e+00	0.00000e+00	0.00000e+00	0.00000e+00	0.00000e+00	0.00000e+00	0.00000e+00	0.00000e+00	0.00000e+00	0.00000e+00	0.00000e+00	0.00000e+00	0.00000e+00
17.32	0.00000e+00	0.00000e+00	0.00000e+00	0.00000e+00	0.00000e+00	0.00000e+00	0.00000e+00	0.00000e+00	0.00000e+00	0.00000e+00	0.00000e+00	0.00000e+00	0.00000e+00	0.00000e+00	0.00000e+00	0.00000e+00	0.00000e+00	0.00000e+00	0.00000e+00	0.00000e+00	0.00000e+00	0.00000e+00	0.00000e+00	0.00000e+00	0.00000e+00	0.00000e+00	0.00000e+00	0.00000e+00	0.00000e+00	0.00000e+00	0.00000e+00	0.00000e+00	0.00000e+00	0.00000e+00	0.00000e+00	0.00000e+00	0.00000e+00	0.00000e+00	0.00000e+00	0.00000e+00	0.00000e+00	0.00000e+00	0.00000e+00	0.00000e+00	0.00000e+00	0.00000e+00	0.00000e+00	0.00000e+00	0.00000e+00	0.00000e+00	0.00000e+00	0.00000e+00	0.00000e+00	0.00000e+00	0.00000e+00	0.00000e+00	0.00000e+00	0.00000e+00	0.00000e+00	0.00000e+00	0.00000e+00	0.00000e+00	0.00000e+00	0.00000e+00	0.00000e+00	0.00000e+00	0.00000e+00	0.00000e+00	0.00000e+00	0.00000e+00	0.00000e+00	0.00000e+00	0.00000e+00	0.00000e+00	0.00000e+00	0.00000e+00	0.00000e+00	0.00000e+00	0.00000e+00	0.00000e+00	0.00000e+00	0.00000e+00	0.00000e+00	0.00000e+00	0.00000e+00	0.00000e+00	0.00000e+00	0.00000e+00	0.00000e+00	0.00000e+00	0.00000e+00	0.00000e+00	0.00000e+00	0.00000e+00	0.00000e+00	0.00000e+00	0.00000e+00	0.00000e+00	0.00000e+00	0.00000e+00	0.00000e+00	0.00000e+00	0.00000e+00	0.00000e+00	0.00000e+00	0.00000e+00	0.00000e+00	0.00000e+00	0.00000e+00	0.00000e+00	0.00000e+00	0.00000e+00	0.00000e+00	0.00000e+00	0.00000e+00	0.00000e+00	0.00000e+00	0.00000e+00	0.00000e+00	0.00000e+00	0.00000e+00	0.00000e+00	0.00000e+00	0.00000e+00	0.00000e+00	0.00000e+00	0.00000e+00	0.00000e+00	0.00000e+00	0.00000e+00	0.00000e+00	0.00000e+00	0.00000e+00
17.36	0.00000e+00	0.00000e+00	0.00000e+00	0.00000e+00	0.00000e+00	0.00000e+00	0.00000e+00	0.00000e+00	0.00000e+00	0.00000e+00	0.00000e+00	0.00000e+00	0.00000e+00	0.00000e+00	0.00000e+00	0.00000e+00	0.00000e+00	0.00000e+00	0.00000e+00	0.00000e+00	0.00000e+00	0.00000e+00	0.00000e+00	0.00000e+00	0.00000e+00	0.00000e+00	0.00000e+00	0.00000e+00	0.00000e+00	0.00000e+00	0.00000e+00	0.00000e+00	0.00000e+00	0.00000e+00	0.00000e+00	0.00000e+00	0.00000e+00	0.00000e+00	0.00000e+00	0.00000e+00	0.00000e+00	0.00000e+00	0.00000e+00	0.00000e+00	0.00000e+00	0.00000e+00	0.00000e+00	0.00000e+00	0.00000e+00	0.00000e+00	0.00000e+00	0.00000e+00	0.00000e+00	0.00000e+00	0.00000e+00	0.00000e+00	0.00000e+00	0.00000e+00	0.00000e+00	0.00000e+00	0.00000e+00	0.00000e+00	0.00000e+00	0.00000e+00	0.00000e+00	0.00000e+00	0.00000e+00	0.00000e+00	0.00000e+00	0.00000e+00	0.00000e+00	0.00000e+00	0.00000e+00	0.00000e+00	0.00000e+00	0.00000e+00	0.00000e+00	0.00000e+00	0.00000e+00	0.00000e+00	0.00000e+00	0.00000e+00	0.00000e+00	0.00000e+00	0.00000e+00	0.00000e+00	0.00000e+00	0.00000e+00	0.00000e+00	0.00000e+00	0.00000e+00	0.00000e+00	0.00000e+00	0.00000e+00	0.00000e+00	0.00000e+00	0.00000e+00	0.00000e+00	0.00000e+00	0.00000e+00	0.00000e+00	0.00000e+00	0.00000e+00	0.00000e+00	0.00000e+00	0.00000e+00	0.00000e+00	0.00000e+00	0.00000e+00	0.00000e+00	0.00000e+00	0.00000e+00	0.00000e+00	0.00000e+00	0.00000e+00	0.00000e+00	0.00000e+00	0.00000e+00	0.00000e+00	0.00000e+00	0.00000e+00	0.00000e+00	0.00000e+00	0.00000e+00	0.00000e+00	0.00000e+00	0.00000e+00	0.00000e+00	0.00000e+00	0.00000e+00	0.00000e+00	0.00000e+00	0.00000e+00
17.39	0.00000e+00	0.00000e+00	0.00000e+00	0.00000e+00	0.00000e+00	0.00000e+00	0.00000e+00	0.00000e+00	0.00000e+00	0.00000e+00	0.00000e+00	0.00000e+00	0.00000e+00	0.00000e+00	0.00000e+00	0.00000e+00	0.00000e+00	0.00000e+00	0.00000e+00	0.00000e+00	0.00000e+00	0.00000e+00	0.00000e+00	0.00000e+00	0.00000e+00	0.00000e+00	0.00000e+00	0.00000e+00	0.00000e+00	0.00000e+00	0.00000e+00	0.00000e+00	0.00000e+00	0.00000e+00	0.00000e+00	0.00000e+00	0.00000e+00	0.00000e+00	0.00000e+00	0.00000e+00	0.00000e+00	0.00000e+00	0.00000e+00	0.00000e+00	0.00000e+00	0.00000e+00	0.00000e+00	0.00000e+00	0.00000e+00	0.00000e+00	0.00000e+00	0.00000e+00	0.00000e+00	0.00000e+00	0.00000e+00	0.00000e+00	0.00000e+00	0.00000e+00	0.00000e+00	0.00000e+00	0.00000e+00	0.00000e+00	0.00000e+00	0.00000e+00	0.00000e+00	0.00000e+00	0.00000e+00	0.00000e+00	0.00000e+00	0.00000e+00	0.00000e+00	0.00000e+00	0.00000e+00	0.00000e+00	0.00000e+00	0.00000e+00	0.00000e+00	0.00000e+00	0.00000e+00	0.00000e+00	0.00000e+00	0.00000e+00	0.00000e+00	0.00000e+00	0.00000e+00	0.00000e+00	0.00000e+00	0.00000e+00	0.00000e+00	0.00000e+00	0.00000e+00	0.00000e+00	0.00000e+00	0.00000e+00	0.00000e+00	0.00000e+00	0.00000e+00	0.00000e+00	0.00000e+00	0.00000e+00	0.00000e+00	0.00000e+00	0.00000e+00	0.00000e+00	0.00000e+00	0.00000e+00	0.00000e+00	0.00000e+00	0.00000e+00	0.00000e+00	0.00000e+00	0.00000e+00	0.00000e+00	0.00000e+00	0.00000e+00	0.00000e+00	0.00000e+00	0.00000e+00	0.00000e+00	0.00000e+00	0.00000e+00	0.00000e+00	0.00000e+00	0.00000e+00	0.00000e+00	0.00000e+00	0.00000e+00	0.00000e+00	0.00000e+00	0.00000e+00	0.00000e+00	0.00000e+00	0.00000e+00
17.43	0.00000e+00	0.00000e+00	0.00000e+00	0.00000e+00	0.00000e+00	0.00000e+00	0.00000e+00	0.00000e+00	0.00000e+00	0.00000e+00	0.00000e+00	0.00000e+00	0.00000e+00	0.00000e+00	0.00000e+00	0.00000e+00	0.00000e+00	0.00000e+00	0.00000e+00	0.00000e+00	0.00000e+00	0.00000e+00	0.00000e+00	0.00000e+00	0.00000e+00	0.00000e+00	0.00000e+00	0.00000e+00	0.00000e+00	0.00000e+00	0.00000e+00	0.00000e+00	0.00000e+00	0.00000e+00	0.00000e+00	0.00000e+00	0.00000e+00	0.00000e+00	0.00000e+00	0.00000e+00	0.00000e+00	0.00000e+00	0.00000e+00	0.00000e+00	0.00000e+00	0.00000e+00	0.00000e+00	0.00000e+00	0.00000e+00	0.00000e+00	0.00000e+00	0.00000e+00	0.00000e+00	0.00000e+00	0.00000e+00	0.00000e+00	0.00000e+00	0.00000e+00	0.00000e+00	0.00000e+00	0.00000e+00	0.00000e+00	0.00000e+00	0.00000e+00	0.00000e+00	0.00000e+00	0.00000e+00	0.00000e+00	0.00000e+00	0.00000e+00	0.00000e+00	0.00000e+00	0.00000e+00	0.00000e+00	0.00000e+00	0.00000e+00	0.00000e+00	0.00000e+00	0.00000e+00	0.00000e+00	0.00000e+00	0.00000e+00	0.00000e+00	0.00000e+00	0.00000e+00	0.00000e+00	0.00000e+00	0.00000e+00	0.00000e+00	0.00000e+00	0.00000e+00	0.00000e+00	0.00000e+00	0.00000e+00	0.00000e+00	0.00000e+00	0.00000e+00	0.00000e+00	0.00000e+00	0.00000e+00	0.00000e+00	0.00000e+00	0.00000e+00	0.00000e+00	0.00000e+00	0.00000e+00	0.00000e+00	0.00000e+00	0.00000e+00	0.00000e+00	0.00000e+00	0.00000e+00	0.00000e+00	0.00000e+00	0.00000e+00	0.00000e+00	0.00000e+00	0.00000e+00	0.00000e+00	0.00000e+00	0.00000e+00	0.00000e+00	0.00000e+00	0.00000e+00	0.00000e+00	0.00000e+00	0.00000e+00	0.00000e+00	0.00000e+00	0.00000e+00	0.00000e+00	0.00000e+00	0.00000e+00
17.46	0.00000e+00	0.00000e+00	0.00000e+00	0.00000e+00	0.00000e+00	0.00000e+00	0.00000e+00	0.00000e+00	0.00000e+00	0.00000e+00	0.00000e+00	0.00000e+00	0.00000e+00	0.00000e+00	0.00000e+00	0.00000e+00	0.00000e+00	0.00000e+00	0.00000e+00	0.00000e+00	0.00000e+00	0.00000e+00	0.00000e+00	0.00000e+00	0.00000e+00	0.00000e+00	0.00000e+00	0.00000e+00	0.00000e+00	0.00000e+00	0.00000e+00	0.00000e+00	0.00000e+00	0.00000e+00	0.00000e+00	0.00000e+00	0.00000e+00	0.00000e+00	0.00000e+00	0.00000e+00	0.00000e+00	0.00000e+00	0.00000e+00	0.00000e+00	0.00000e+00	0.00000e+00	0.00000e+00	0.00000e+00	0.00000e+00	0.00000e+00	0.00000e+00	0.00000e+00	0.00000e+00	0.00000e+00	0.00000e+00	0.00000e+00	0.00000e+00	0.00000e+00	0.00000e+00	0.00000e+00	0.00000e+00	0.00000e+00	0.00000e+00	0.00000e+00	0.00000e+00	0.00000e+00	0.00000e+00	0.00000e+00	0.00000e+00	0.00000e+00	0.00000e+00	0.00000e+00	0.00000e+00	0.00000e+00	0.00000e+00	0.00000e+00	0.00000e+00	0.00000e+00	0.00000e+00	0.00000e+00	0.00000e+00	0.00000e+00	0.00000e+00	0.00000e+00	0.00000e+00	0.00000e+00	0.00000e+00	0.00000e+00	0.00000e+00	0.00000e+00	0.00000e+00	0.00000e+00	0.00000e+00	0.00000e+00	0.00000e+00	0.00000e+00	0.00000e+00	0.00000e+00	0.00000e+00	0.00000e+00	0.00000e+00	0.00000e+00	0.00000e+00	0.00000e+00	0.00000e+00	0.00000e+00	0.00000e+00	0.00000e+00	0.00000e+00	0.00000e+00	0.00000e+00	0.00000e+00	0.00000e+00	0.00000e+00	0.00000e+00	0.00000e+00	0.00000e+00	0.00000e+00	0.00000e+00	0.00000e+00	0.00000e+00	0.00000e+00	0.00000e+00	0.00000e+00	0.00000e+00	0.00000e+00	0.00000e+00	0.00000e+00	0.00000e+00	0.00000e+00	0.00000e+00	0.00000e+00	0.00000e+00
17.49	0.00000e+00	0.00000e+00	0.00000e+00	0.00000e+00	0.00000e+00	0.00000e+00	0.00000e+00	0.00000e+00	0.00000e+00	0.00000e+00	0.00000e+00	0.00000e+00	0.00000e+00	0.00000e+00	0.00000e+00	0.00000e+00	0.00000e+00	0.00000e+00	0.00000e+00	0.00000e+00	0.00000e+00	0.00000e+00	0.00000e+00	0.00000e+00	0.00000e+00	0.00000e+00	0.00000e+00	0.00000e+00	0.00000e+00	0.00000e+00	0.00000e+00	0.00000e+00	0.00000e+00	0.00000e+00	0.00000e+00	0.00000e+00	0.00000e+00	0.00000e+00	0.00000e+00	0.00000e+00	0.00000e+00	0.00000e+00	0.00000e+00	0.00000e+00	0.00000e+00	0.00000e+00	0.00000e+00	0.00000e+00	0.00000e+00	0.00000e+00	0.00000e+00	0.00000e+00	0.00000e+00	0.00000e+00	0.00000e+00	0.00000e+00	0.00000e+00	0.00000e+00	0.00000e+00	0.00000e+00	0.00000e+00	0.00000e+00	0.00000e+00	0.00000e+00	0.00000e+00	0.00000e+00	0.00000e+00	0.00000e+00	0.00000e+00	0.00000e+00	0.00000e+00	0.00000e+00	0.00000e+00	0.00000e+00	0.00000e+00	0.00000e+00	0.00000e+00	0.00000e+00	0.00000e+00	0.00000e+00	0.00000e+00	0.00000e+00	0.00000e+00	0.00000e+00	0.00000e+00	0.00000e+00	0.00000e+00	0.00000e+00	0.00000e+00	0.00000e+00	0.00000e+00	0.00000e+00	0.00000e+00	0.00000e+00	0.00000e+00	0.00000e+00	0.00000e+00	0.00000e+00	0.00000e+00	0.00000e+00	0.00000e+00	0.00000e+00	0.00000e+00	0.00000e+00	0.00000e+00	0.00000e+00	0.00000e+00	0.00000e+00	0.00000e+00	0.00000e+00	0.00000e+00	0.00000e+00	0.00000e+00	0.00000e+00	0.00000e+00	0.00000e+00	0.00000e+00	0.00000e+00	0.00000e+00	0.00000e+00	0.00000e+00	0.00000e+00	0.00000e+00	0.00000e+00	0.00000e+00	0.00000e+00	0.00000e+00	0.00000e+00	0.00000e+00	0.00000e+00	0.00000e+00	0.00000e+00	0.00000e+00
17.53	0.00000e+00	0.00000e+00	0.00000e+00	0.00000e+00	0.00000e+00	0.00000e+00	0.00000e+00	0.00000e+00	0.00000e+00	0.00000e+00	0.00000e+00	0.00000e+00	0.00000e+00	0.00000e+00	0.00000e+00	0.00000e+00	0.00000e+00	0.00000e+00	0.00000e+00	0.00000e+00	0.00000e+00	0.00000e+00	0.00000e+00	0.00000e+00	0.00000e+00	0.00000e+00	0.00000e+00	0.00000e+00	0.00000e+00	0.00000e+00	0.00000e+00	0.00000e+00	0.00000e+00	0.00000e+00	0.00000e+00	0.00000e+00	0.00000e+00	0.00000e+00	0.00000e+00	0.00000e+00	0.00000e+00	0.00000e+00	0.00000e+00	0.00000e+00	0.00000e+00	0.00000e+00	0.00000e+00	0.00000e+00	0.00000e+00	0.00000e+00	0.00000e+00	0.00000e+00	0.00000e+00	0.00000e+00	0.00000e+00	0.00000e+00	0.00000e+00	0.00000e+00	0.00000e+00	0.00000e+00	0.00000e+00	0.00000e+00	0.00000e+00	0.00000e+00	0.00000e+00	0.00000e+00	0.00000e+00	0.00000e+00	0.00000e+00	0.00000e+00	0.00000e+00	0.00000e+00	0.00000e+00	0.00000e+00	0.00000e+00	0.00000e+00	0.00000e+00	0.00000e+00	0.00000e+00	0.00000e+00	0.00000e+00	0.00000e+00	0.00000e+00	0.00000e+00	0.00000e+00	0.00000e+00	0.00000e+00	0.00000e+00	0.00000e+00	0.00000e+00	0.00000e+00	0.00000e+00	0.00000e+00	0.00000e+00	0.00000e+00	0.00000e+00	0.00000e+00	0.00000e+00	0.00000e+00	0.00000e+00	0.00000e+00	0.00000e+00	0.00000e+00	0.00000e+00	0.00000e+00	0.00000e+00	0.00000e+00	0.00000e+00	0.00000e+00	0.00000e+00	0.00000e+00	0.00000e+00	0.00000e+00	0.00000e+00	0.00000e+00	0.00000e+00	0.00000e+00	0.00000e+00	0.00000e+00	0.00000e+00	0.00000e+00	0.00000e+00	0.00000e+00	0.00000e+00	0.00000e+00	0.00000e+00	0.00000e+00	0.00000e+00	0.00000e+00	0.00000e+00	0.00000e+00	0.00000e+00	0.00000e+00
17.56	0.00000e+00	0.00000e+00	0.00000e+00	0.00000e+00	0.00000e+00	0.00000e+00	0.00000e+00	0.00000e+00	0.00000e+00	0.00000e+00	0.00000e+00	0.00000e+00	0.00000e+00	0.00000e+00	0.00000e+00	0.00000e+00	0.00000e+00	0.00000e+00	0.00000e+00	0.00000e+00	0.00000e+00	0.00000e+00	0.00000e+00	0.00000e+00	0.00000e+00	0.00000e+00	0.00000e+00	0.00000e+00	0.00000e+00	0.00000e+00	0.00000e+00	0.00000e+00	0.00000e+00	0.00000e+00	0.00000e+00	0.00000e+00	0.00000e+00	0.00000e+00	0.00000e+00	0.00000e+00	0.00000e+00	0.00000e+00	0.00000e+00	0.00000e+00	0.00000e+00	0.00000e+00	0.00000e+00	0.00000e+00	0.00000e+00	0.00000e+00	0.00000e+00	0.00000e+00	0.00000e+00	0.00000e+00	0.00000e+00	0.00000e+00	0.00000e+00	0.00000e+00	0.00000e+00	0.00000e+00	0.00000e+00	0.00000e+00	0.00000e+00	0.00000e+00	0.00000e+00	0.00000e+00	0.00000e+00	0.00000e+00	0.00000e+00	0.00000e+00	0.00000e+00	0.00000e+00	0.00000e+00	0.00000e+00	0.00000e+00	0.00000e+00	0.00000e+00	0.00000e+00	0.00000e+00	0.00000e+00	0.00000e+00	0.00000e+00	0.00000e+00	0.00000e+00	0.00000e+00	0.00000e+00	0.00000e+00	0.00000e+00	0.00000e+00	0.00000e+00	0.00000e+00	0.00000e+00	0.00000e+00	0.00000e+00	0.00000e+00	0.00000e+00	0.00000e+00	0.00000e+00	0.00000e+00	0.00000e+00	0.00000e+00	0.00000e+00	0.00000e+00	0.00000e+00	0.00000e+00	0.00000e+00	0.00000e+00	0.00000e+00	0.00000e+00	0.00000e+00	0.00000e+00	0.00000e+00	0.00000e+00	0.00000e+00	0.00000e+00	0.00000e+00	0.00000e+00	0.00000e+00	0.00000e+00	0.00000e+00	0.00000e+00	0.00000e+00	0.00000e+00	0.00000e+00	0.00000e+00	0.00000e+00	0.00000e+00	0.00000e+00	0.00000e+00	0.00000e+00	0.00000e+00	0.00000e+00	0.00000e+00
17.60	0.00000e+00	0.00000e+00	0.00000e+00	0.00000e+00	0.00000e+00	0.00000e+00	0.00000e+00	0.00000e+00	0.00000e+00	0.00000e+00	0.00000e+00	0.00000e+00	0.00000e+00	0.00000e+00	0.00000e+00	0.00000e+00	0.00000e+00	0.00000e+00	0.00000e+00	0.00000e+00	0.00000e+00	0.00000e+00	0.00000e+00	0.00000e+00	0.00000e+00	0.00000e+00	0.00000e+00	0.00000e+00	0.00000e+00	0.00000e+00	0.00000e+00	0.00000e+00	0.00000e+00	0.00000e+00	0.00000e+00	0.00000e+00	0.00000e+00	0.00000e+00	0.00000e+00	0.00000e+00	0.00000e+00	0.00000e+00	0.00000e+00	0.00000e+00	0.00000e+00	0.00000e+00	0.00000e+00	0.00000e+00	0.00000e+00	0.00000e+00	0.00000e+00	0.00000e+00	0.00000e+00	0.00000e+00	0.00000e+00	0.00000e+00	0.00000e+00	0.00000e+00	0.00000e+00	0.00000e+00	0.00000e+00	0.00000e+00	0.00000e+00	0.00000e+00	0.00000e+00	0.00000e+00	0.00000e+00	0.00000e+00	0.00000e+00	0.00000e+00	0.00000e+00	0.00000e+00	0.00000e+00	0.00000e+00	0.00000e+00	0.00000e+00	0.00000e+00	0.00000e+00	0.00000e+00	0.00000e+00	0.00000e+00	0.00000e+00	0.00000e+00	0.00000e+00	0.00000e+00	0.00000e+00	0.00000e+00	0.00000e+00	0.00000e+00	0.00000e+00	0.00000e+00	0.00000e+00	0.00000e+00	0.00000e+00	0.00000e+00	0.00000e+00	0.00000e+00	0.00000e+00	0.00000e+00	0.00000e+00	0.00000e+00	0.00000e+00	0.00000e+00	0.00000e+00	0.00000e+00	0.00000e+00	0.00000e+00	0.00000e+00	0.00000e+00	0.00000e+00	0.00000e+00	0.00000e+00	0.00000e+00	0.00000e+00	0.00000e+00	0.00000e+00	0.00000e+00	0.00000e+00	0.00000e+00	0.00000e+00	0.00000e+00	0.00000e+00	0.00000e+00	0.00000e+00	0.00000e+00	0.00000e+00	0.00000e+00	0.00000e+00	0.00000e+00	0.00000e+00	0.00000e+00	0.00000e+00	0.00000e+00
17.63	0.00000e+00	0.00000e+00	0.00000e+00	0.00000e+00	0.00000e+00	0.00000e+00	0.00000e+00	0.00000e+00	0.00000e+00	0.00000e+00	0.00000e+00	0.00000e+00	0.00000e+00	0.00000e+00	0.00000e+00	0.00000e+00	0.00000e+00	0.00000e+00	0.00000e+00	0.00000e+00	0.00000e+00	0.00000e+00	0.00000e+00	0.00000e+00	0.00000e+00	0.00000e+00	0.00000e+00	0.00000e+00	0.00000e+00	0.00000e+00	0.00000e+00	0.00000e+00	0.00000e+00	0.00000e+00	0.00000e+00	0.00000e+00	0.00000e+00	0.00000e+00	0.00000e+00	0.00000e+00	0.00000e+00	0.00000e+00	0.00000e+00	0.00000e+00	0.00000e+00	0.00000e+00	0.00000e+00	0.00000e+00	0.00000e+00	0.00000e+00	0.00000e+00	0.00000e+00	0.00000e+00	0.00000e+00	0.00000e+00	0.00000e+00	0.00000e+00	0.00000e+00	0.00000e+00	0.00000e+00	0.00000e+00	0.00000e+00	0.00000e+00	0.00000e+00	0.00000e+00	0.00000e+00	0.00000e+00	0.00000e+00	0.00000e+00	0.00000e+00	0.00000e+00	0.00000e+00	0.00000e+00	0.00000e+00	0.00000e+00	0.00000e+00	0.00000e+00	0.00000e+00	0.00000e+00	0.00000e+00	0.00000e+00	0.00000e+00	0.00000e+00	0.00000e+00	0.00000e+00	0.00000e+00	0.00000e+00	0.00000e+00	0.00000e+00	0.00000e+00	0.00000e+00	0.00000e+00	0.00000e+00	0.00000e+00	0.00000e+00	0.00000e+00	0.00000e+00	0.00000e+00	0.00000e+00	0.00000e+00	0.00000e+00	0.00000e+00	0.00000e+00	0.00000e+00	0.00000e+00	0.00000e+00	0.00000e+00	0.00000e+00	0.00000e+00	0.00000e+00	0.00000e+00	0.00000e+00	0.00000e+00	0.00000e+00	0.00000e+00	0.00000e+00	0.00000e+00	0.00000e+00	0.00000e+00	0.00000e+00	0.00000e+00	0.00000e+00	0.00000e+00	0.00000e+00	0.00000e+00	0.00000e+00	0.00000e+00	0.00000e+00	0.00000e+00	0.00000e+00	0.00000e+00	0.00000e+00	0.00000e+00
17.67	0.00000e+00	0.00000e+00	0.00000e+00	0.00000e+00	0.00000e+00	0.00000e+00	0.00000e+00	0.00000e+00	0.00000e+00	0.00000e+00	0.00000e+00	0.00000e+00	0.00000e+00	0.00000e+00	0.00000e+00	0.00000e+00	0.00000e+00	0.00000e+00	0.00000e+00	0.00000e+00	0.00000e+00	0.00000e+00	0.00000e+00	0.00000e+00	0.00000e+00	0.00000e+00	0.00000e+00	0.00000e+00	0.00000e+00	0.00000e+00	0.00000e+00	0.00000e+00	0.00000e+00	0.00000e+00	0.00000e+00	0.00000e+00	0.00000e+00	0.00000e+00	0.00000e+00	0.00000e+00	0.00000e+00	0.00000e+00	0.00000e+00	0.00000e+00	0.00000e+00	0.00000e+00	0.00000e+00	0.00000e+00	0.00000e+00	0.00000e+00	0.00000e+00	0.00000e+00	0.00000e+00	0.00000e+00	0.00000e+00	0.00000e+00	0.00000e+00	0.00000e+00	0.00000e+00	0.00000e+00	0.00000e+00	0.00000e+00	0.00000e+00	0.00000e+00	0.00000e+00	0.00000e+00	0.00000e+00	0.00000e+00	0.00000e+00	0.00000e+00	0.00000e+00	0.00000e+00	0.00000e+00	0.00000e+00	0.00000e+00	0.00000e+00	0.00000e+00	0.00000e+00	0.00000e+00	0.00000e+00	0.00000e+00	0.00000e+00	0.00000e+00	0.00000e+00	0.00000e+00	0.00000e+00	0.00000e+00	0.00000e+00	0.00000e+00	0.00000e+00	0.00000e+00	0.00000e+00	0.00000e+00	0.00000e+00	0.00000e+00	0.00000e+00	0.00000e+00	0.00000e+00	0.00000e+00	0.00000e+00	0.00000e+00	0.00000e+00	0.00000e+00	0.00000e+00	0.00000e+00	0.00000e+00	0.00000e+00	0.00000e+00	0.00000e+00	0.00000e+00	0.00000e+00	0.00000e+00	0.00000e+00	0.00000e+00	0.00000e+00	0.00000e+00	0.00000e+00	0.00000e+00	0.00000e+00	0.00000e+00	0.00000e+00	0.00000e+00	0.00000e+00	0.00000e+00	0.00000e+00	0.00000e+00	0.00000e+00	0.00000e+00	0.00000e+00	0.00000e+00	0.00000e+00	0.00000e+00	0.00000e+00
17.70	0.00000e+00	0.00000e+00	0.00000e+00	0.00000e+00	0.00000e+00	0.00000e+00	0.00000e+00	0.00000e+00	0.00000e+00	0.00000e+00	0.00000e+00	0.00000e+00	0.00000e+00	0.00000e+00	0.00000e+00	0.00000e+00	0.00000e+00	0.00000e+00	0.00000e+00	0.00000e+00	0.00000e+00	0.00000e+00	0.00000e+00	0.00000e+00	0.00000e+00	0.00000e+00	0.00000e+00	0.00000e+00	0.00000e+00	0.00000e+00	0.00000e+00	0.00000e+00	0.00000e+00	0.00000e+00	0.00000e+00	0.00000e+00	0.00000e+00	0.00000e+00	0.00000e+00	0.00000e+00	0.00000e+00	0.00000e+00	0.00000e+00	0.00000e+00	0.00000e+00	0.00000e+00	0.00000e+00	0.00000e+00	0.00000e+00	0.00000e+00	0.00000e+00	0.00000e+00	0.00000e+00	0.00000e+00	0.00000e+00	0.00000e+00	0.00000e+00	0.00000e+00	0.00000e+00	0.00000e+00	0.00000e+00	0.00000e+00	0.00000e+00	0.00000e+00	0.00000e+00	0.00000e+00	0.00000e+00	0.00000e+00	0.00000e+00	0.00000e+00	0.00000e+00	0.00000e+00	0.00000e+00	0.00000e+00	0.00000e+00	0.00000e+00	0.00000e+00	0.00000e+00	0.00000e+00	0.00000e+00	0.00000e+00	0.00000e+00	0.00000e+00	0.00000e+00	0.00000e+00	0.00000e+00	0.00000e+00	0.00000e+00	0.00000e+00	0.00000e+00	0.00000e+00	0.00000e+00	0.00000e+00	0.00000e+00	0.00000e+00	0.00000e+00	0.00000e+00	0.00000e+00	0.00000e+00	0.00000e+00	0.00000e+00	0.00000e+00	0.00000e+00	0.00000e+00	0.00000e+00	0.00000e+00	0.00000e+00	0.00000e+00	0.00000e+00	0.00000e+00	0.00000e+00	0.00000e+00	0.00000e+00	0.00000e+00	0.00000e+00	0.00000e+00	0.00000e+00	0.00000e+00	0.00000e+00	0.00000e+00	0.00000e+00	0.00000e+00	0.00000e+00	0.00000e+00	0.00000e+00	0.00000e+00	0.00000e+00	0.00000e+00	0.00000e+00	0.00000e+00	0.00000e+00	0.00000e+00	0.00000e+00
17.73	0.00000e+00	0.00000e+00	0.00000e+00	0.00000e+00	0.00000e+00	0.00000e+00	0.00000e+00	0.00000e+00	0.00000e+00	0.00000e+00	0.00000e+00	0.00000e+00	0.00000e+00	0.00000e+00	0.00000e+00	0.00000e+00	0.00000e+00	0.00000e+00	0.00000e+00	0.00000e+00	0.00000e+00	0.00000e+00	0.00000e+00	0.00000e+00	0.00000e+00	0.00000e+00	0.00000e+00	0.00000e+00	0.00000e+00	0.00000e+00	0.00000e+00	0.00000e+00	0.00000e+00	0.00000e+00	0.00000e+00	0.00000e+00	0.00000e+00	0.00000e+00	0.00000e+00	0.00000e+00	0.00000e+00	0.00000e+00	0.00000e+00	0.00000e+00	0.00000e+00	0.00000e+00	0.00000e+00	0.00000e+00	0.00000e+00	0.00000e+00	0.00000e+00	0.00000e+00	0.00000e+00	0.00000e+00	0.00000e+00	0.00000e+00	0.00000e+00	0.00000e+00	0.00000e+00	0.00000e+00	0.00000e+00	0.00000e+00	0.00000e+00	0.00000e+00	0.00000e+00	0.00000e+00	0.00000e+00	0.00000e+00	0.00000e+00	0.00000e+00	0.00000e+00	0.00000e+00	0.00000e+00	0.00000e+00	0.00000e+00	0.00000e+00	0.00000e+00	0.00000e+00	0.00000e+00	0.00000e+00	0.00000e+00	0.00000e+00	0.00000e+00	0.00000e+00	0.00000e+00	0.00000e+00	0.00000e+00	0.00000e+00	0.00000e+00	0.00000e+00	0.00000e+00	0.00000e+00	0.00000e+00	0.00000e+00	0.00000e+00	0.00000e+00	0.00000e+00	0.00000e+00	0.00000e+00	0.00000e+00	0.00000e+00	0.00000e+00	0.00000e+00	0.00000e+00	0.00000e+00	0.00000e+00	0.00000e+00	0.00000e+00	0.00000e+00	0.00000e+00	0.00000e+00	0.00000e+00	0.00000e+00	0.00000e+00	0.00000e+00	0.00000e+00	0.00000e+00	0.00000e+00	0.00000e+00	0.00000e+00	0.00000e+00	0.00000e+00	0.00000e+00	0.00000e+00	0.00000e+00	0.00000e+00	0.00000e+00	0.00000e+00	0.00000e+00	0.00000e+00	0.00000e+00	0.00000e+00	0.00000e+00
17.77	0.00000e+00	0.00000e+00	0.00000e+00	0.00000e+00	0.00000e+00	0.00000e+00	0.00000e+00	0.00000e+00	0.00000e+00	0.00000e+00	0.00000e+00	0.00000e+00	0.00000e+00	0.00000e+00	0.00000e+00	0.00000e+00	0.00000e+00	0.00000e+00	0.00000e+00	0.00000e+00	0.00000e+00	0.00000e+00	0.00000e+00	0.00000e+00	0.00000e+00	0.00000e+00	0.00000e+00	0.00000e+00	0.00000e+00	0.00000e+00	0.00000e+00	0.00000e+00	0.00000e+00	0.00000e+00	0.00000e+00	0.00000e+00	0.00000e+00	0.00000e+00	0.00000e+00	0.00000e+00	0.00000e+00	0.00000e+00	0.00000e+00	0.00000e+00	0.00000e+00	0.00000e+00	0.00000e+00	0.00000e+00	0.00000e+00	0.00000e+00	0.00000e+00	0.00000e+00	0.00000e+00	0.00000e+00	0.00000e+00	0.00000e+00	0.00000e+00	0.00000e+00	0.00000e+00	0.00000e+00	0.00000e+00	0.00000e+00	0.00000e+00	0.00000e+00	0.00000e+00	0.00000e+00	0.00000e+00	0.00000e+00	0.00000e+00	0.00000e+00	0.00000e+00	0.00000e+00	0.00000e+00	0.00000e+00	0.00000e+00	0.00000e+00	0.00000e+00	0.00000e+00	0.00000e+00	0.00000e+00	0.00000e+00	0.00000e+00	0.00000e+00	0.00000e+00	0.00000e+00	0.00000e+00	0.00000e+00	0.00000e+00	0.00000e+00	0.00000e+00	0.00000e+00	0.00000e+00	0.00000e+00	0.00000e+00	0.00000e+00	0.00000e+00	0.00000e+00	0.00000e+00	0.00000e+00	0.00000e+00	0.00000e+00	0.00000e+00	0.00000e+00	0.00000e+00	0.00000e+00	0.00000e+00	0.00000e+00	0.00000e+00	0.00000e+00	0.00000e+00	0.00000e+00	0.00000e+00	0.00000e+00	0.00000e+00	0.00000e+00	0.00000e+00	0.00000e+00	0.00000e+00	0.00000e+00	0.00000e+00	0.00000e+00	0.00000e+00	0.00000e+00	0.00000e+00	0.00000e+00	0.00000e+00	0.00000e+00	0.00000e+00	0.00000e+00	0.00000e+00	0.00000e+00	0.00000e+00	0.00000e+00
17.80	0.00000e+00	0.00000e+00	0.00000e+00	0.00000e+00	0.00000e+00	0.00000e+00	0.00000e+00	0.00000e+00	0.00000e+00	0.00000e+00	0.00000e+00	0.00000e+00	0.00000e+00	0.00000e+00	0.00000e+00	0.00000e+00	0.00000e+00	0.00000e+00	0.00000e+00	0.00000e+00	0.00000e+00	0.00000e+00	0.00000e+00	0.00000e+00	0.00000e+00	0.00000e+00	0.00000e+00	0.00000e+00	0.00000e+00	0.00000e+00	0.00000e+00	0.00000e+00	0.00000e+00	0.00000e+00	0.00000e+00	0.00000e+00	0.00000e+00	0.00000e+00	0.00000e+00	0.00000e+00	0.00000e+00	0.00000e+00	0.00000e+00	0.00000e+00	0.00000e+00	0.00000e+00	0.00000e+00	0.00000e+00	0.00000e+00	0.00000e+00	0.00000e+00	0.00000e+00	0.00000e+00	0.00000e+00	0.00000e+00	0.00000e+00	0.00000e+00	0.00000e+00	0.00000e+00	0.00000e+00	0.00000e+00	0.00000e+00	0.00000e+00	0.00000e+00	0.00000e+00	0.00000e+00	0.00000e+00	0.00000e+00	0.00000e+00	0.00000e+00	0.00000e+00	0.00000e+00	0.00000e+00	0.00000e+00	0.00000e+00	0.00000e+00	0.00000e+00	0.00000e+00	0.00000e+00	0.00000e+00	0.00000e+00	0.00000e+00	0.00000e+00	0.00000e+00	0.00000e+00	0.00000e+00	0.00000e+00	0.00000e+00	0.00000e+00	0.00000e+00	0.00000e+00	0.00000e+00	0.00000e+00	0.00000e+00	0.00000e+00	0.00000e+00	0.00000e+00	0.00000e+00	0.00000e+00	0.00000e+00	0.00000e+00	0.00000e+00	0.00000e+00	0.00000e+00	0.00000e+00	0.00000e+00	0.00000e+00	0.00000e+00	0.00000e+00	0.00000e+00	0.00000e+00	0.00000e+00	0.00000e+00	0.00000e+00	0.00000e+00	0.00000e+00	0.00000e+00	0.00000e+00	0.00000e+00	0.00000e+00	0.00000e+00	0.00000e+00	0.00000e+00	0.00000e+00	0.00000e+00	0.00000e+00	0.00000e+00	0.00000e+00	0.00000e+00	0.00000e+00	0.00000e+00	0.00000e+00	0.00000e+00
17.84	0.00000e+00	0.00000e+00	0.00000e+00	0.00000e+00	0.00000e+00	0.00000e+00	0.00000e+00	0.00000e+00	0.00000e+00	0.00000e+00	0.00000e+00	0.00000e+00	0.00000e+00	0.00000e+00	0.00000e+00	0.00000e+00	0.00000e+00	0.00000e+00	0.00000e+00	0.00000e+00	0.00000e+00	0.00000e+00	0.00000e+00	0.00000e+00	0.00000e+00	0.00000e+00	0.00000e+00	0.00000e+00	0.00000e+00	0.00000e+00	0.00000e+00	0.00000e+00	0.00000e+00	0.00000e+00	0.00000e+00	0.00000e+00	0.00000e+00	0.00000e+00	0.00000e+00	0.00000e+00	0.00000e+00	0.00000e+00	0.00000e+00	0.00000e+00	0.00000e+00	0.00000e+00	0.00000e+00	0.00000e+00	0.00000e+00	0.00000e+00	0.00000e+00	0.00000e+00	0.00000e+00	0.00000e+00	0.00000e+00	0.00000e+00	0.00000e+00	0.00000e+00	0.00000e+00	0.00000e+00	0.00000e+00	0.00000e+00	0.00000e+00	0.00000e+00	0.00000e+00	0.00000e+00	0.00000e+00	0.00000e+00	0.00000e+00	0.00000e+00	0.00000e+00	0.00000e+00	0.00000e+00	0.00000e+00	0.00000e+00	0.00000e+00	0.00000e+00	0.00000e+00	0.00000e+00	0.00000e+00	0.00000e+00	0.00000e+00	0.00000e+00	0.00000e+00	0.00000e+00	0.00000e+00	0.00000e+00	0.00000e+00	0.00000e+00	0.00000e+00	0.00000e+00	0.00000e+00	0.00000e+00	0.00000e+00	0.00000e+00	0.00000e+00	0.00000e+00	0.00000e+00	0.00000e+00	0.00000e+00	0.00000e+00	0.00000e+00	0.00000e+00	0.00000e+00	0.00000e+00	0.00000e+00	0.00000e+00	0.00000e+00	0.00000e+00	0.00000e+00	0.00000e+00	0.00000e+00	0.00000e+00	0.00000e+00	0.00000e+00	0.00000e+00	0.00000e+00	0.00000e+00	0.00000e+00	0.00000e+00	0.00000e+00	0.00000e+00	0.00000e+00	0.00000e+00	0.00000e+00	0.00000e+00	0.00000e+00	0.00000e+00	0.00000e+00	0.00000e+00	0.00000e+00	0.00000e+00	0.00000e+00
17.87	0.00000e+00	0.00000e+00	0.00000e+00	0.00000e+00	0.00000e+00	0.00000e+00	0.00000e+00	0.00000e+00	0.00000e+00	0.00000e+00	0.00000e+00	0.00000e+00	0.00000e+00	0.00000e+00	0.00000e+00	0.00000e+00	0.00000e+00	0.00000e+00	0.00000e+00	0.00000e+00	0.00000e+00	0.00000e+00	0.00000e+00	0.00000e+00	0.00000e+00	0.00000e+00	0.00000e+00	0.00000e+00	0.00000e+00	0.00000e+00	0.00000e+00	0.00000e+00	0.00000e+00	0.00000e+00	0.00000e+00	0.00000e+00	0.00000e+00	0.00000e+00	0.00000e+00	0.00000e+00	0.00000e+00	0.00000e+00	0.00000e+00	0.00000e+00	0.00000e+00	0.00000e+00	0.00000e+00	0.00000e+00	0.00000e+00	0.00000e+00	0.00000e+00	0.00000e+00	0.00000e+00	0.00000e+00	0.00000e+00	0.00000e+00	0.00000e+00	0.00000e+00	0.00000e+00	0.00000e+00	0.00000e+00	0.00000e+00	0.00000e+00	0.00000e+00	0.00000e+00	0.00000e+00	0.00000e+00	0.00000e+00	0.00000e+00	0.00000e+00	0.00000e+00	0.00000e+00	0.00000e+00	0.00000e+00	0.00000e+00	0.00000e+00	0.00000e+00	0.00000e+00	0.00000e+00	0.00000e+00	0.00000e+00	0.00000e+00	0.00000e+00	0.00000e+00	0.00000e+00	0.00000e+00	0.00000e+00	0.00000e+00	0.00000e+00	0.00000e+00	0.00000e+00	0.00000e+00	0.00000e+00	0.00000e+00	0.00000e+00	0.00000e+00	0.00000e+00	0.00000e+00	0.00000e+00	0.00000e+00	0.00000e+00	0.00000e+00	0.00000e+00	0.00000e+00	0.00000e+00	0.00000e+00	0.00000e+00	0.00000e+00	0.00000e+00	0.00000e+00	0.00000e+00	0.00000e+00	0.00000e+00	0.00000e+00	0.00000e+00	0.00000e+00	0.00000e+00	0.00000e+00	0.00000e+00	0.00000e+00	0.00000e+00	0.00000e+00	0.00000e+00	0.00000e+00	0.00000e+00	0.00000e+00	0.00000e+00	0.00000e+00	0.00000e+00	0.00000e+00	0.00000e+00	0.00000e+00	0.00000e+00
17.90	0.00000e+00	0.00000e+00	0.00000e+00	0.00000e+00	0.00000e+00	0.00000e+00	0.00000e+00	0.00000e+00	0.00000e+00	0.00000e+00	0.00000e+00	0.00000e+00	0.00000e+00	0.00000e+00	0.00000e+00	0.00000e+00	0.00000e+00	0.00000e+00	0.00000e+00	0.00000e+00	0.00000e+00	0.00000e+00	0.00000e+00	0.00000e+00	0.00000e+00	0.00000e+00	0.00000e+00	0.00000e+00	0.00000e+00	0.00000e+00	0.00000e+00	0.00000e+00	0.00000e+00	0.00000e+00	0.00000e+00	0.00000e+00	0.00000e+00	0.00000e+00	0.00000e+00	0.00000e+00	0.00000e+00	0.00000e+00	0.00000e+00	0.00000e+00	0.00000e+00	0.00000e+00	0.00000e+00	0.00000e+00	0.00000e+00	0.00000e+00	0.00000e+00	0.00000e+00	0.00000e+00	0.00000e+00	0.00000e+00	0.00000e+00	0.00000e+00	0.00000e+00	0.00000e+00	0.00000e+00	0.00000e+00	0.00000e+00	0.00000e+00	0.00000e+00	0.00000e+00	0.00000e+00	0.00000e+00	0.00000e+00	0.00000e+00	0.00000e+00	0.00000e+00	0.00000e+00	0.00000e+00	0.00000e+00	0.00000e+00	0.00000e+00	0.00000e+00	0.00000e+00	0.00000e+00	0.00000e+00	0.00000e+00	0.00000e+00	0.00000e+00	0.00000e+00	0.00000e+00	0.00000e+00	0.00000e+00	0.00000e+00	0.00000e+00	0.00000e+00	0.00000e+00	0.00000e+00	0.00000e+00	0.00000e+00	0.00000e+00	0.00000e+00	0.00000e+00	0.00000e+00	0.00000e+00	0.00000e+00	0.00000e+00	0.00000e+00	0.00000e+00	0.00000e+00	0.00000e+00	0.00000e+00	0.00000e+00	0.00000e+00	0.00000e+00	0.00000e+00	0.00000e+00	0.00000e+00	0.00000e+00	0.00000e+00	0.00000e+00	0.00000e+00	0.00000e+00	0.00000e+00	0.00000e+00	0.00000e+00	0.00000e+00	0.00000e+00	0.00000e+00	0.00000e+00	0.00000e+00	0.00000e+00	0.00000e+00	0.00000e+00	0.00000e+00	0.00000e+00	0.00000e+00	0.00000e+00	0.00000e+00
17.94	0.00000e+00	0.00000e+00	0.00000e+00	0.00000e+00	0.00000e+00	0.00000e+00	0.00000e+00	0.00000e+00	0.00000e+00	0.00000e+00	0.00000e+00	0.00000e+00	0.00000e+00	0.00000e+00	0.00000e+00	0.00000e+00	0.00000e+00	0.00000e+00	0.00000e+00	0.00000e+00	0.00000e+00	0.00000e+00	0.00000e+00	0.00000e+00	0.00000e+00	0.00000e+00	0.00000e+00	0.00000e+00	0.00000e+00	0.00000e+00	0.00000e+00	0.00000e+00	0.00000e+00	0.00000e+00	0.00000e+00	0.00000e+00	0.00000e+00	0.00000e+00	0.00000e+00	0.00000e+00	0.00000e+00	0.00000e+00	0.00000e+00	0.00000e+00	0.00000e+00	0.00000e+00	0.00000e+00	0.00000e+00	0.00000e+00	0.00000e+00	0.00000e+00	0.00000e+00	0.00000e+00	0.00000e+00	0.00000e+00	0.00000e+00	0.00000e+00	0.00000e+00	0.00000e+00	0.00000e+00	0.00000e+00	0.00000e+00	0.00000e+00	0.00000e+00	0.00000e+00	0.00000e+00	0.00000e+00	0.00000e+00	0.00000e+00	0.00000e+00	0.00000e+00	0.00000e+00	0.00000e+00	0.00000e+00	0.00000e+00	0.00000e+00	0.00000e+00	0.00000e+00	0.00000e+00	0.00000e+00	0.00000e+00	0.00000e+00	0.00000e+00	0.00000e+00	0.00000e+00	0.00000e+00	0.00000e+00	0.00000e+00	0.00000e+00	0.00000e+00	0.00000e+00	0.00000e+00	0.00000e+00	0.00000e+00	0.00000e+00	0.00000e+00	0.00000e+00	0.00000e+00	0.00000e+00	0.00000e+00	0.00000e+00	0.00000e+00	0.00000e+00	0.00000e+00	0.00000e+00	0.00000e+00	0.00000e+00	0.00000e+00	0.00000e+00	0.00000e+00	0.00000e+00	0.00000e+00	0.00000e+00	0.00000e+00	0.00000e+00	0.00000e+00	0.00000e+00	0.00000e+00	0.00000e+00	0.00000e+00	0.00000e+00	0.00000e+00	0.00000e+00	0.00000e+00	0.00000e+00	0.00000e+00	0.00000e+00	0.00000e+00	0.00000e+00	0.00000e+00	0.00000e+00	0.00000e+00	0.00000e+00
17.97	0.00000e+00	0.00000e+00	0.00000e+00	0.00000e+00	0.00000e+00	0.00000e+00	0.00000e+00	0.00000e+00	0.00000e+00	0.00000e+00	0.00000e+00	0.00000e+00	0.00000e+00	0.00000e+00	0.00000e+00	0.00000e+00	0.00000e+00	0.00000e+00	0.00000e+00	0.00000e+00	0.00000e+00	0.00000e+00	0.00000e+00	0.00000e+00	0.00000e+00	0.00000e+00	0.00000e+00	0.00000e+00	0.00000e+00	0.00000e+00	0.00000e+00	0.00000e+00	0.00000e+00	0.00000e+00	0.00000e+00	0.00000e+00	0.00000e+00	0.00000e+00	0.00000e+00	0.00000e+00	0.00000e+00	0.00000e+00	0.00000e+00	0.00000e+00	0.00000e+00	0.00000e+00	0.00000e+00	0.00000e+00	0.00000e+00	0.00000e+00	0.00000e+00	0.00000e+00	0.00000e+00	0.00000e+00	0.00000e+00	0.00000e+00	0.00000e+00	0.00000e+00	0.00000e+00	0.00000e+00	0.00000e+00	0.00000e+00	0.00000e+00	0.00000e+00	0.00000e+00	0.00000e+00	0.00000e+00	0.00000e+00	0.00000e+00	0.00000e+00	0.00000e+00	0.00000e+00	0.00000e+00	0.00000e+00	0.00000e+00	0.00000e+00	0.00000e+00	0.00000e+00	0.00000e+00	0.00000e+00	0.00000e+00	0.00000e+00	0.00000e+00	0.00000e+00	0.00000e+00	0.00000e+00	0.00000e+00	0.00000e+00	0.00000e+00	0.00000e+00	0.00000e+00	0.00000e+00	0.00000e+00	0.00000e+00	0.00000e+00	0.00000e+00	0.00000e+00	0.00000e+00	0.00000e+00	0.00000e+00	0.00000e+00	0.00000e+00	0.00000e+00	0.00000e+00	0.00000e+00	0.00000e+00	0.00000e+00	0.00000e+00	0.00000e+00	0.00000e+00	0.00000e+00	0.00000e+00	0.00000e+00	0.00000e+00	0.00000e+00	0.00000e+00	0.00000e+00	0.00000e+00	0.00000e+00	0.00000e+00	0.00000e+00	0.00000e+00	0.00000e+00	0.00000e+00	0.00000e+00	0.00000e+00	0.00000e+00	0.00000e+00	0.00000e+00	0.00000e+00	0.00000e+00	0.00000e+00	0.00000e+00
18.01	0.00000e+00	0.00000e+00	0.00000e+00	0.00000e+00	0.00000e+00	0.00000e+00	0.00000e+00	0.00000e+00	0.00000e+00	0.00000e+00	0.00000e+00	0.00000e+00	0.00000e+00	0.00000e+00	0.00000e+00	0.00000e+00	0.00000e+00	0.00000e+00	0.00000e+00	0.00000e+00	0.00000e+00	0.00000e+00	0.00000e+00	0.00000e+00	0.00000e+00	0.00000e+00	0.00000e+00	0.00000e+00	0.00000e+00	0.00000e+00	0.00000e+00	0.00000e+00	0.00000e+00	0.00000e+00	0.00000e+00	0.00000e+00	0.00000e+00	0.00000e+00	0.00000e+00	0.00000e+00	0.00000e+00	0.00000e+00	0.00000e+00	0.00000e+00	0.00000e+00	0.00000e+00	0.00000e+00	0.00000e+00	0.00000e+00	0.00000e+00	0.00000e+00	0.00000e+00	0.00000e+00	0.00000e+00	0.00000e+00	0.00000e+00	0.00000e+00	0.00000e+00	0.00000e+00	0.00000e+00	0.00000e+00	0.00000e+00	0.00000e+00	0.00000e+00	0.00000e+00	0.00000e+00	0.00000e+00	0.00000e+00	0.00000e+00	0.00000e+00	0.00000e+00	0.00000e+00	0.00000e+00	0.00000e+00	0.00000e+00	0.00000e+00	0.00000e+00	0.00000e+00	0.00000e+00	0.00000e+00	0.00000e+00	0.00000e+00	0.00000e+00	0.00000e+00	0.00000e+00	0.00000e+00	0.00000e+00	0.00000e+00	0.00000e+00	0.00000e+00	0.00000e+00	0.00000e+00	0.00000e+00	0.00000e+00	0.00000e+00	0.00000e+00	0.00000e+00	0.00000e+00	0.00000e+00	0.00000e+00	0.00000e+00	0.00000e+00	0.00000e+00	0.00000e+00	0.00000e+00	0.00000e+00	0.00000e+00	0.00000e+00	0.00000e+00	0.00000e+00	0.00000e+00	0.00000e+00	0.00000e+00	0.00000e+00	0.00000e+00	0.00000e+00	0.00000e+00	0.00000e+00	0.00000e+00	0.00000e+00	0.00000e+00	0.00000e+00	0.00000e+00	0.00000e+00	0.00000e+00	0.00000e+00	0.00000e+00	0.00000e+00	0.00000e+00	0.00000e+00	0.00000e+00	0.00000e+00	0.00000e+00
18.04	0.00000e+00	0.00000e+00	0.00000e+00	0.00000e+00	0.00000e+00	0.00000e+00	0.00000e+00	0.00000e+00	0.00000e+00	0.00000e+00	0.00000e+00	0.00000e+00	0.00000e+00	0.00000e+00	0.00000e+00	0.00000e+00	0.00000e+00	0.00000e+00	0.00000e+00	0.00000e+00	0.00000e+00	0.00000e+00	0.00000e+00	0.00000e+00	0.00000e+00	0.00000e+00	0.00000e+00	0.00000e+00	0.00000e+00	0.00000e+00	0.00000e+00	0.00000e+00	0.00000e+00	0.00000e+00	0.00000e+00	0.00000e+00	0.00000e+00	0.00000e+00	0.00000e+00	0.00000e+00	0.00000e+00	0.00000e+00	0.00000e+00	0.00000e+00	0.00000e+00	0.00000e+00	0.00000e+00	0.00000e+00	0.00000e+00	0.00000e+00	0.00000e+00	0.00000e+00	0.00000e+00	0.00000e+00	0.00000e+00	0.00000e+00	0.00000e+00	0.00000e+00	0.00000e+00	0.00000e+00	0.00000e+00	0.00000e+00	0.00000e+00	0.00000e+00	0.00000e+00	0.00000e+00	0.00000e+00	0.00000e+00	0.00000e+00	0.00000e+00	0.00000e+00	0.00000e+00	0.00000e+00	0.00000e+00	0.00000e+00	0.00000e+00	0.00000e+00	0.00000e+00	0.00000e+00	0.00000e+00	0.00000e+00	0.00000e+00	0.00000e+00	0.00000e+00	0.00000e+00	0.00000e+00	0.00000e+00	0.00000e+00	0.00000e+00	0.00000e+00	0.00000e+00	0.00000e+00	0.00000e+00	0.00000e+00	0.00000e+00	0.00000e+00	0.00000e+00	0.00000e+00	0.00000e+00	0.00000e+00	0.00000e+00	0.00000e+00	0.00000e+00	0.00000e+00	0.00000e+00	0.00000e+00	0.00000e+00	0.00000e+00	0.00000e+00	0.00000e+00	0.00000e+00	0.00000e+00	0.00000e+00	0.00000e+00	0.00000e+00	0.00000e+00	0.00000e+00	0.00000e+00	0.00000e+00	0.00000e+00	0.00000e+00	0.00000e+00	0.00000e+00	0.00000e+00	0.00000e+00	0.00000e+00	0.00000e+00	0.00000e+00	0.00000e+00	0.00000e+00	0.00000e+00	0.00000e+00	0.00000e+00
18.07	0.00000e+00	0.00000e+00	0.00000e+00	0.00000e+00	0.00000e+00	0.00000e+00	0.00000e+00	0.00000e+00	0.00000e+00	0.00000e+00	0.00000e+00	0.00000e+00	0.00000e+00	0.00000e+00	0.00000e+00	0.00000e+00	0.00000e+00	0.00000e+00	0.00000e+00	0.00000e+00	0.00000e+00	0.00000e+00	0.00000e+00	0.00000e+00	0.00000e+00	0.00000e+00	0.00000e+00	0.00000e+00	0.00000e+00	0.00000e+00	0.00000e+00	0.00000e+00	0.00000e+00	0.00000e+00	0.00000e+00	0.00000e+00	0.00000e+00	0.00000e+00	0.00000e+00	0.00000e+00	0.00000e+00	0.00000e+00	0.00000e+00	0.00000e+00	0.00000e+00	0.00000e+00	0.00000e+00	0.00000e+00	0.00000e+00	0.00000e+00	0.00000e+00	0.00000e+00	0.00000e+00	0.00000e+00	0.00000e+00	0.00000e+00	0.00000e+00	0.00000e+00	0.00000e+00	0.00000e+00	0.00000e+00	0.00000e+00	0.00000e+00	0.00000e+00	0.00000e+00	0.00000e+00	0.00000e+00	0.00000e+00	0.00000e+00	0.00000e+00	0.00000e+00	0.00000e+00	0.00000e+00	0.00000e+00	0.00000e+00	0.00000e+00	0.00000e+00	0.00000e+00	0.00000e+00	0.00000e+00	0.00000e+00	0.00000e+00	0.00000e+00	0.00000e+00	0.00000e+00	0.00000e+00	0.00000e+00	0.00000e+00	0.00000e+00	0.00000e+00	0.00000e+00	0.00000e+00	0.00000e+00	0.00000e+00	0.00000e+00	0.00000e+00	0.00000e+00	0.00000e+00	0.00000e+00	0.00000e+00	0.00000e+00	0.00000e+00	0.00000e+00	0.00000e+00	0.00000e+00	0.00000e+00	0.00000e+00	0.00000e+00	0.00000e+00	0.00000e+00	0.00000e+00	0.00000e+00	0.00000e+00	0.00000e+00	0.00000e+00	0.00000e+00	0.00000e+00	0.00000e+00	0.00000e+00	0.00000e+00	0.00000e+00	0.00000e+00	0.00000e+00	0.00000e+00	0.00000e+00	0.00000e+00	0.00000e+00	0.00000e+00	0.00000e+00	0.00000e+00	0.00000e+00	0.00000e+00	0.00000e+00
18.11	0.00000e+00	0.00000e+00	0.00000e+00	0.00000e+00	0.00000e+00	0.00000e+00	0.00000e+00	0.00000e+00	0.00000e+00	0.00000e+00	0.00000e+00	0.00000e+00	0.00000e+00	0.00000e+00	0.00000e+00	0.00000e+00	0.00000e+00	0.00000e+00	0.00000e+00	0.00000e+00	0.00000e+00	0.00000e+00	0.00000e+00	0.00000e+00	0.00000e+00	0.00000e+00	0.00000e+00	0.00000e+00	0.00000e+00	0.00000e+00	0.00000e+00	0.00000e+00	0.00000e+00	0.00000e+00	0.00000e+00	0.00000e+00	0.00000e+00	0.00000e+00	0.00000e+00	0.00000e+00	0.00000e+00	0.00000e+00	0.00000e+00	0.00000e+00	0.00000e+00	0.00000e+00	0.00000e+00	0.00000e+00	0.00000e+00	0.00000e+00	0.00000e+00	0.00000e+00	0.00000e+00	0.00000e+00	0.00000e+00	0.00000e+00	0.00000e+00	0.00000e+00	0.00000e+00	0.00000e+00	0.00000e+00	0.00000e+00	0.00000e+00	0.00000e+00	0.00000e+00	0.00000e+00	0.00000e+00	0.00000e+00	0.00000e+00	0.00000e+00	0.00000e+00	0.00000e+00	0.00000e+00	0.00000e+00	0.00000e+00	0.00000e+00	0.00000e+00	0.00000e+00	0.00000e+00	0.00000e+00	0.00000e+00	0.00000e+00	0.00000e+00	0.00000e+00	0.00000e+00	0.00000e+00	0.00000e+00	0.00000e+00	0.00000e+00	0.00000e+00	0.00000e+00	0.00000e+00	0.00000e+00	0.00000e+00	0.00000e+00	0.00000e+00	0.00000e+00	0.00000e+00	0.00000e+00	0.00000e+00	0.00000e+00	0.00000e+00	0.00000e+00	0.00000e+00	0.00000e+00	0.00000e+00	0.00000e+00	0.00000e+00	0.00000e+00	0.00000e+00	0.00000e+00	0.00000e+00	0.00000e+00	0.00000e+00	0.00000e+00	0.00000e+00	0.00000e+00	0.00000e+00	0.00000e+00	0.00000e+00	0.00000e+00	0.00000e+00	0.00000e+00	0.00000e+00	0.00000e+00	0.00000e+00	0.00000e+00	0.00000e+00	0.00000e+00	0.00000e+00	0.00000e+00	0.00000e+00	0.00000e+00
18.14	0.00000e+00	0.00000e+00	0.00000e+00	0.00000e+00	0.00000e+00	0.00000e+00	0.00000e+00	0.00000e+00	0.00000e+00	0.00000e+00	0.00000e+00	0.00000e+00	0.00000e+00	0.00000e+00	0.00000e+00	0.00000e+00	0.00000e+00	0.00000e+00	0.00000e+00	0.00000e+00	0.00000e+00	0.00000e+00	0.00000e+00	0.00000e+00	0.00000e+00	0.00000e+00	0.00000e+00	0.00000e+00	0.00000e+00	0.00000e+00	0.00000e+00	0.00000e+00	0.00000e+00	0.00000e+00	0.00000e+00	0.00000e+00	0.00000e+00	0.00000e+00	0.00000e+00	0.00000e+00	0.00000e+00	0.00000e+00	0.00000e+00	0.00000e+00	0.00000e+00	0.00000e+00	0.00000e+00	0.00000e+00	0.00000e+00	0.00000e+00	0.00000e+00	0.00000e+00	0.00000e+00	0.00000e+00	0.00000e+00	0.00000e+00	0.00000e+00	0.00000e+00	0.00000e+00	0.00000e+00	0.00000e+00	0.00000e+00	0.00000e+00	0.00000e+00	0.00000e+00	0.00000e+00	0.00000e+00	0.00000e+00	0.00000e+00	0.00000e+00	0.00000e+00	0.00000e+00	0.00000e+00	0.00000e+00	0.00000e+00	0.00000e+00	0.00000e+00	0.00000e+00	0.00000e+00	0.00000e+00	0.00000e+00	0.00000e+00	0.00000e+00	0.00000e+00	0.00000e+00	0.00000e+00	0.00000e+00	0.00000e+00	0.00000e+00	0.00000e+00	0.00000e+00	0.00000e+00	0.00000e+00	0.00000e+00	0.00000e+00	0.00000e+00	0.00000e+00	0.00000e+00	0.00000e+00	0.00000e+00	0.00000e+00	0.00000e+00	0.00000e+00	0.00000e+00	0.00000e+00	0.00000e+00	0.00000e+00	0.00000e+00	0.00000e+00	0.00000e+00	0.00000e+00	0.00000e+00	0.00000e+00	0.00000e+00	0.00000e+00	0.00000e+00	0.00000e+00	0.00000e+00	0.00000e+00	0.00000e+00	0.00000e+00	0.00000e+00	0.00000e+00	0.00000e+00	0.00000e+00	0.00000e+00	0.00000e+00	0.00000e+00	0.00000e+00	0.00000e+00	0.00000e+00	0.00000e+00	0.00000e+00
18.18	0.00000e+00	0.00000e+00	0.00000e+00	0.00000e+00	0.00000e+00	0.00000e+00	0.00000e+00	0.00000e+00	0.00000e+00	0.00000e+00	0.00000e+00	0.00000e+00	0.00000e+00	0.00000e+00	0.00000e+00	0.00000e+00	0.00000e+00	0.00000e+00	0.00000e+00	0.00000e+00	0.00000e+00	0.00000e+00	0.00000e+00	0.00000e+00	0.00000e+00	0.00000e+00	0.00000e+00	0.00000e+00	0.00000e+00	0.00000e+00	0.00000e+00	0.00000e+00	0.00000e+00	0.00000e+00	0.00000e+00	0.00000e+00	0.00000e+00	0.00000e+00	0.00000e+00	0.00000e+00	0.00000e+00	0.00000e+00	0.00000e+00	0.00000e+00	0.00000e+00	0.00000e+00	0.00000e+00	0.00000e+00	0.00000e+00	0.00000e+00	0.00000e+00	0.00000e+00	0.00000e+00	0.00000e+00	0.00000e+00	0.00000e+00	0.00000e+00	0.00000e+00	0.00000e+00	0.00000e+00	0.00000e+00	0.00000e+00	0.00000e+00	0.00000e+00	0.00000e+00	0.00000e+00	0.00000e+00	0.00000e+00	0.00000e+00	0.00000e+00	0.00000e+00	0.00000e+00	0.00000e+00	0.00000e+00	0.00000e+00	0.00000e+00	0.00000e+00	0.00000e+00	0.00000e+00	0.00000e+00	0.00000e+00	0.00000e+00	0.00000e+00	0.00000e+00	0.00000e+00	0.00000e+00	0.00000e+00	0.00000e+00	0.00000e+00	0.00000e+00	0.00000e+00	0.00000e+00	0.00000e+00	0.00000e+00	0.00000e+00	0.00000e+00	0.00000e+00	0.00000e+00	0.00000e+00	0.00000e+00	0.00000e+00	0.00000e+00	0.00000e+00	0.00000e+00	0.00000e+00	0.00000e+00	0.00000e+00	0.00000e+00	0.00000e+00	0.00000e+00	0.00000e+00	0.00000e+00	0.00000e+00	0.00000e+00	0.00000e+00	0.00000e+00	0.00000e+00	0.00000e+00	0.00000e+00	0.00000e+00	0.00000e+00	0.00000e+00	0.00000e+00	0.00000e+00	0.00000e+00	0.00000e+00	0.00000e+00	0.00000e+00	0.00000e+00	0.00000e+00	0.00000e+00	0.00000e+00	0.00000e+00
18.21	0.00000e+00	0.00000e+00	0.00000e+00	0.00000e+00	0.00000e+00	0.00000e+00	0.00000e+00	0.00000e+00	0.00000e+00	0.00000e+00	0.00000e+00	0.00000e+00	0.00000e+00	0.00000e+00	0.00000e+00	0.00000e+00	0.00000e+00	0.00000e+00	0.00000e+00	0.00000e+00	0.00000e+00	0.00000e+00	0.00000e+00	0.00000e+00	0.00000e+00	0.00000e+00	0.00000e+00	0.00000e+00	0.00000e+00	0.00000e+00	0.00000e+00	0.00000e+00	0.00000e+00	0.00000e+00	0.00000e+00	0.00000e+00	0.00000e+00	0.00000e+00	0.00000e+00	0.00000e+00	0.00000e+00	0.00000e+00	0.00000e+00	0.00000e+00	0.00000e+00	0.00000e+00	0.00000e+00	0.00000e+00	0.00000e+00	0.00000e+00	0.00000e+00	0.00000e+00	0.00000e+00	0.00000e+00	0.00000e+00	0.00000e+00	0.00000e+00	0.00000e+00	0.00000e+00	0.00000e+00	0.00000e+00	0.00000e+00	0.00000e+00	0.00000e+00	0.00000e+00	0.00000e+00	0.00000e+00	0.00000e+00	0.00000e+00	0.00000e+00	0.00000e+00	0.00000e+00	0.00000e+00	0.00000e+00	0.00000e+00	0.00000e+00	0.00000e+00	0.00000e+00	0.00000e+00	0.00000e+00	0.00000e+00	0.00000e+00	0.00000e+00	0.00000e+00	0.00000e+00	0.00000e+00	0.00000e+00	0.00000e+00	0.00000e+00	0.00000e+00	0.00000e+00	0.00000e+00	0.00000e+00	0.00000e+00	0.00000e+00	0.00000e+00	0.00000e+00	0.00000e+00	0.00000e+00	0.00000e+00	0.00000e+00	0.00000e+00	0.00000e+00	0.00000e+00	0.00000e+00	0.00000e+00	0.00000e+00	0.00000e+00	0.00000e+00	0.00000e+00	0.00000e+00	0.00000e+00	0.00000e+00	0.00000e+00	0.00000e+00	0.00000e+00	0.00000e+00	0.00000e+00	0.00000e+00	0.00000e+00	0.00000e+00	0.00000e+00	0.00000e+00	0.00000e+00	0.00000e+00	0.00000e+00	0.00000e+00	0.00000e+00	0.00000e+00	0.00000e+00	0.00000e+00	0.00000e+00	0.00000e+00
18.24	0.00000e+00	0.00000e+00	0.00000e+00	0.00000e+00	0.00000e+00	0.00000e+00	0.00000e+00	0.00000e+00	0.00000e+00	0.00000e+00	0.00000e+00	0.00000e+00	0.00000e+00	0.00000e+00	0.00000e+00	0.00000e+00	0.00000e+00	0.00000e+00	0.00000e+00	0.00000e+00	0.00000e+00	0.00000e+00	0.00000e+00	0.00000e+00	0.00000e+00	0.00000e+00	0.00000e+00	0.00000e+00	0.00000e+00	0.00000e+00	0.00000e+00	0.00000e+00	0.00000e+00	0.00000e+00	0.00000e+00	0.00000e+00	0.00000e+00	0.00000e+00	0.00000e+00	0.00000e+00	0.00000e+00	0.00000e+00	0.00000e+00	0.00000e+00	0.00000e+00	0.00000e+00	0.00000e+00	0.00000e+00	0.00000e+00	0.00000e+00	0.00000e+00	0.00000e+00	0.00000e+00	0.00000e+00	0.00000e+00	0.00000e+00	0.00000e+00	0.00000e+00	0.00000e+00	0.00000e+00	0.00000e+00	0.00000e+00	0.00000e+00	0.00000e+00	0.00000e+00	0.00000e+00	0.00000e+00	0.00000e+00	0.00000e+00	0.00000e+00	0.00000e+00	0.00000e+00	0.00000e+00	0.00000e+00	0.00000e+00	0.00000e+00	0.00000e+00	0.00000e+00	0.00000e+00	0.00000e+00	0.00000e+00	0.00000e+00	0.00000e+00	0.00000e+00	0.00000e+00	0.00000e+00	0.00000e+00	0.00000e+00	0.00000e+00	0.00000e+00	0.00000e+00	0.00000e+00	0.00000e+00	0.00000e+00	0.00000e+00	0.00000e+00	0.00000e+00	0.00000e+00	0.00000e+00	0.00000e+00	0.00000e+00	0.00000e+00	0.00000e+00	0.00000e+00	0.00000e+00	0.00000e+00	0.00000e+00	0.00000e+00	0.00000e+00	0.00000e+00	0.00000e+00	0.00000e+00	0.00000e+00	0.00000e+00	0.00000e+00	0.00000e+00	0.00000e+00	0.00000e+00	0.00000e+00	0.00000e+00	0.00000e+00	0.00000e+00	0.00000e+00	0.00000e+00	0.00000e+00	0.00000e+00	0.00000e+00	0.00000e+00	0.00000e+00	0.00000e+00	0.00000e+00	0.00000e+00	0.00000e+00
18.28	0.00000e+00	0.00000e+00	0.00000e+00	0.00000e+00	0.00000e+00	0.00000e+00	0.00000e+00	0.00000e+00	0.00000e+00	0.00000e+00	0.00000e+00	0.00000e+00	0.00000e+00	0.00000e+00	0.00000e+00	0.00000e+00	0.00000e+00	0.00000e+00	0.00000e+00	0.00000e+00	0.00000e+00	0.00000e+00	0.00000e+00	0.00000e+00	0.00000e+00	0.00000e+00	0.00000e+00	0.00000e+00	0.00000e+00	0.00000e+00	0.00000e+00	0.00000e+00	0.00000e+00	0.00000e+00	0.00000e+00	0.00000e+00	0.00000e+00	0.00000e+00	0.00000e+00	0.00000e+00	0.00000e+00	0.00000e+00	0.00000e+00	0.00000e+00	0.00000e+00	0.00000e+00	0.00000e+00	0.00000e+00	0.00000e+00	0.00000e+00	0.00000e+00	0.00000e+00	0.00000e+00	0.00000e+00	0.00000e+00	0.00000e+00	0.00000e+00	0.00000e+00	0.00000e+00	0.00000e+00	0.00000e+00	0.00000e+00	0.00000e+00	0.00000e+00	0.00000e+00	0.00000e+00	0.00000e+00	0.00000e+00	0.00000e+00	0.00000e+00	0.00000e+00	0.00000e+00	0.00000e+00	0.00000e+00	0.00000e+00	0.00000e+00	0.00000e+00	0.00000e+00	0.00000e+00	0.00000e+00	0.00000e+00	0.00000e+00	0.00000e+00	0.00000e+00	0.00000e+00	0.00000e+00	0.00000e+00	0.00000e+00	0.00000e+00	0.00000e+00	0.00000e+00	0.00000e+00	0.00000e+00	0.00000e+00	0.00000e+00	0.00000e+00	0.00000e+00	0.00000e+00	0.00000e+00	0.00000e+00	0.00000e+00	0.00000e+00	0.00000e+00	0.00000e+00	0.00000e+00	0.00000e+00	0.00000e+00	0.00000e+00	0.00000e+00	0.00000e+00	0.00000e+00	0.00000e+00	0.00000e+00	0.00000e+00	0.00000e+00	0.00000e+00	0.00000e+00	0.00000e+00	0.00000e+00	0.00000e+00	0.00000e+00	0.00000e+00	0.00000e+00	0.00000e+00	0.00000e+00	0.00000e+00	0.00000e+00	0.00000e+00	0.00000e+00	0.00000e+00	0.00000e+00	0.00000e+00	0.00000e+00
18.31	0.00000e+00	0.00000e+00	0.00000e+00	0.00000e+00	0.00000e+00	0.00000e+00	0.00000e+00	0.00000e+00	0.00000e+00	0.00000e+00	0.00000e+00	0.00000e+00	0.00000e+00	0.00000e+00	0.00000e+00	0.00000e+00	0.00000e+00	0.00000e+00	0.00000e+00	0.00000e+00	0.00000e+00	0.00000e+00	0.00000e+00	0.00000e+00	0.00000e+00	0.00000e+00	0.00000e+00	0.00000e+00	0.00000e+00	0.00000e+00	0.00000e+00	0.00000e+00	0.00000e+00	0.00000e+00	0.00000e+00	0.00000e+00	0.00000e+00	0.00000e+00	0.00000e+00	0.00000e+00	0.00000e+00	0.00000e+00	0.00000e+00	0.00000e+00	0.00000e+00	0.00000e+00	0.00000e+00	0.00000e+00	0.00000e+00	0.00000e+00	0.00000e+00	0.00000e+00	0.00000e+00	0.00000e+00	0.00000e+00	0.00000e+00	0.00000e+00	0.00000e+00	0.00000e+00	0.00000e+00	0.00000e+00	0.00000e+00	0.00000e+00	0.00000e+00	0.00000e+00	0.00000e+00	0.00000e+00	0.00000e+00	0.00000e+00	0.00000e+00	0.00000e+00	0.00000e+00	0.00000e+00	0.00000e+00	0.00000e+00	0.00000e+00	0.00000e+00	0.00000e+00	0.00000e+00	0.00000e+00	0.00000e+00	0.00000e+00	0.00000e+00	0.00000e+00	0.00000e+00	0.00000e+00	0.00000e+00	0.00000e+00	0.00000e+00	0.00000e+00	0.00000e+00	0.00000e+00	0.00000e+00	0.00000e+00	0.00000e+00	0.00000e+00	0.00000e+00	0.00000e+00	0.00000e+00	0.00000e+00	0.00000e+00	0.00000e+00	0.00000e+00	0.00000e+00	0.00000e+00	0.00000e+00	0.00000e+00	0.00000e+00	0.00000e+00	0.00000e+00	0.00000e+00	0.00000e+00	0.00000e+00	0.00000e+00	0.00000e+00	0.00000e+00	0.00000e+00	0.00000e+00	0.00000e+00	0.00000e+00	0.00000e+00	0.00000e+00	0.00000e+00	0.00000e+00	0.00000e+00	0.00000e+00	0.00000e+00	0.00000e+00	0.00000e+00	0.00000e+00	0.00000e+00	0.00000e+00	0.00000e+00
18.35	0.00000e+00	0.00000e+00	0.00000e+00	0.00000e+00	0.00000e+00	0.00000e+00	0.00000e+00	0.00000e+00	0.00000e+00	0.00000e+00	0.00000e+00	0.00000e+00	0.00000e+00	0.00000e+00	0.00000e+00	0.00000e+00	0.00000e+00	0.00000e+00	0.00000e+00	0.00000e+00	0.00000e+00	0.00000e+00	0.00000e+00	0.00000e+00	0.00000e+00	0.00000e+00	0.00000e+00	0.00000e+00	0.00000e+00	0.00000e+00	0.00000e+00	0.00000e+00	0.00000e+00	0.00000e+00	0.00000e+00	0.00000e+00	0.00000e+00	0.00000e+00	0.00000e+00	0.00000e+00	0.00000e+00	0.00000e+00	0.00000e+00	0.00000e+00	0.00000e+00	0.00000e+00	0.00000e+00	0.00000e+00	0.00000e+00	0.00000e+00	0.00000e+00	0.00000e+00	0.00000e+00	0.00000e+00	0.00000e+00	0.00000e+00	0.00000e+00	0.00000e+00	0.00000e+00	0.00000e+00	0.00000e+00	0.00000e+00	0.00000e+00	0.00000e+00	0.00000e+00	0.00000e+00	0.00000e+00	0.00000e+00	0.00000e+00	0.00000e+00	0.00000e+00	0.00000e+00	0.00000e+00	0.00000e+00	0.00000e+00	0.00000e+00	0.00000e+00	0.00000e+00	0.00000e+00	0.00000e+00	0.00000e+00	0.00000e+00	0.00000e+00	0.00000e+00	0.00000e+00	0.00000e+00	0.00000e+00	0.00000e+00	0.00000e+00	0.00000e+00	0.00000e+00	0.00000e+00	0.00000e+00	0.00000e+00	0.00000e+00	0.00000e+00	0.00000e+00	0.00000e+00	0.00000e+00	0.00000e+00	0.00000e+00	0.00000e+00	0.00000e+00	0.00000e+00	0.00000e+00	0.00000e+00	0.00000e+00	0.00000e+00	0.00000e+00	0.00000e+00	0.00000e+00	0.00000e+00	0.00000e+00	0.00000e+00	0.00000e+00	0.00000e+00	0.00000e+00	0.00000e+00	0.00000e+00	0.00000e+00	0.00000e+00	0.00000e+00	0.00000e+00	0.00000e+00	0.00000e+00	0.00000e+00	0.00000e+00	0.00000e+00	0.00000e+00	0.00000e+00	0.00000e+00	0.00000e+00	0.00000e+00
18.38	0.00000e+00	0.00000e+00	0.00000e+00	0.00000e+00	0.00000e+00	0.00000e+00	0.00000e+00	0.00000e+00	0.00000e+00	0.00000e+00	0.00000e+00	0.00000e+00	0.00000e+00	0.00000e+00	0.00000e+00	0.00000e+00	0.00000e+00	0.00000e+00	0.00000e+00	0.00000e+00	0.00000e+00	0.00000e+00	0.00000e+00	0.00000e+00	0.00000e+00	0.00000e+00	0.00000e+00	0.00000e+00	0.00000e+00	0.00000e+00	0.00000e+00	0.00000e+00	0.00000e+00	0.00000e+00	0.00000e+00	0.00000e+00	0.00000e+00	0.00000e+00	0.00000e+00	0.00000e+00	0.00000e+00	0.00000e+00	0.00000e+00	0.00000e+00	0.00000e+00	0.00000e+00	0.00000e+00	0.00000e+00	0.00000e+00	0.00000e+00	0.00000e+00	0.00000e+00	0.00000e+00	0.00000e+00	0.00000e+00	0.00000e+00	0.00000e+00	0.00000e+00	0.00000e+00	0.00000e+00	0.00000e+00	0.00000e+00	0.00000e+00	0.00000e+00	0.00000e+00	0.00000e+00	0.00000e+00	0.00000e+00	0.00000e+00	0.00000e+00	0.00000e+00	0.00000e+00	0.00000e+00	0.00000e+00	0.00000e+00	0.00000e+00	0.00000e+00	0.00000e+00	0.00000e+00	0.00000e+00	0.00000e+00	0.00000e+00	0.00000e+00	0.00000e+00	0.00000e+00	0.00000e+00	0.00000e+00	0.00000e+00	0.00000e+00	0.00000e+00	0.00000e+00	0.00000e+00	0.00000e+00	0.00000e+00	0.00000e+00	0.00000e+00	0.00000e+00	0.00000e+00	0.00000e+00	0.00000e+00	0.00000e+00	0.00000e+00	0.00000e+00	0.00000e+00	0.00000e+00	0.00000e+00	0.00000e+00	0.00000e+00	0.00000e+00	0.00000e+00	0.00000e+00	0.00000e+00	0.00000e+00	0.00000e+00	0.00000e+00	0.00000e+00	0.00000e+00	0.00000e+00	0.00000e+00	0.00000e+00	0.00000e+00	0.00000e+00	0.00000e+00	0.00000e+00	0.00000e+00	0.00000e+00	0.00000e+00	0.00000e+00	0.00000e+00	0.00000e+00	0.00000e+00	0.00000e+00	0.00000e+00
18.41	0.00000e+00	0.00000e+00	0.00000e+00	0.00000e+00	0.00000e+00	0.00000e+00	0.00000e+00	0.00000e+00	0.00000e+00	0.00000e+00	0.00000e+00	0.00000e+00	0.00000e+00	0.00000e+00	0.00000e+00	0.00000e+00	0.00000e+00	0.00000e+00	0.00000e+00	0.00000e+00	0.00000e+00	0.00000e+00	0.00000e+00	0.00000e+00	0.00000e+00	0.00000e+00	0.00000e+00	0.00000e+00	0.00000e+00	0.00000e+00	0.00000e+00	0.00000e+00	0.00000e+00	0.00000e+00	0.00000e+00	0.00000e+00	0.00000e+00	0.00000e+00	0.00000e+00	0.00000e+00	0.00000e+00	0.00000e+00	0.00000e+00	0.00000e+00	0.00000e+00	0.00000e+00	0.00000e+00	0.00000e+00	0.00000e+00	0.00000e+00	0.00000e+00	0.00000e+00	0.00000e+00	0.00000e+00	0.00000e+00	0.00000e+00	0.00000e+00	0.00000e+00	0.00000e+00	0.00000e+00	0.00000e+00	0.00000e+00	0.00000e+00	0.00000e+00	0.00000e+00	0.00000e+00	0.00000e+00	0.00000e+00	0.00000e+00	0.00000e+00	0.00000e+00	0.00000e+00	0.00000e+00	0.00000e+00	0.00000e+00	0.00000e+00	0.00000e+00	0.00000e+00	0.00000e+00	0.00000e+00	0.00000e+00	0.00000e+00	0.00000e+00	0.00000e+00	0.00000e+00	0.00000e+00	0.00000e+00	0.00000e+00	0.00000e+00	0.00000e+00	0.00000e+00	0.00000e+00	0.00000e+00	0.00000e+00	0.00000e+00	0.00000e+00	0.00000e+00	0.00000e+00	0.00000e+00	0.00000e+00	0.00000e+00	0.00000e+00	0.00000e+00	0.00000e+00	0.00000e+00	0.00000e+00	0.00000e+00	0.00000e+00	0.00000e+00	0.00000e+00	0.00000e+00	0.00000e+00	0.00000e+00	0.00000e+00	0.00000e+00	0.00000e+00	0.00000e+00	0.00000e+00	0.00000e+00	0.00000e+00	0.00000e+00	0.00000e+00	0.00000e+00	0.00000e+00	0.00000e+00	0.00000e+00	0.00000e+00	0.00000e+00	0.00000e+00	0.00000e+00	0.00000e+00	0.00000e+00	0.00000e+00
18.45	0.00000e+00	0.00000e+00	0.00000e+00	0.00000e+00	0.00000e+00	0.00000e+00	0.00000e+00	0.00000e+00	0.00000e+00	0.00000e+00	0.00000e+00	0.00000e+00	0.00000e+00	0.00000e+00	0.00000e+00	0.00000e+00	0.00000e+00	0.00000e+00	0.00000e+00	0.00000e+00	0.00000e+00	0.00000e+00	0.00000e+00	0.00000e+00	0.00000e+00	0.00000e+00	0.00000e+00	0.00000e+00	0.00000e+00	0.00000e+00	0.00000e+00	0.00000e+00	0.00000e+00	0.00000e+00	0.00000e+00	0.00000e+00	0.00000e+00	0.00000e+00	0.00000e+00	0.00000e+00	0.00000e+00	0.00000e+00	0.00000e+00	0.00000e+00	0.00000e+00	0.00000e+00	0.00000e+00	0.00000e+00	0.00000e+00	0.00000e+00	0.00000e+00	0.00000e+00	0.00000e+00	0.00000e+00	0.00000e+00	0.00000e+00	0.00000e+00	0.00000e+00	0.00000e+00	0.00000e+00	0.00000e+00	0.00000e+00	0.00000e+00	0.00000e+00	0.00000e+00	0.00000e+00	0.00000e+00	0.00000e+00	0.00000e+00	0.00000e+00	0.00000e+00	0.00000e+00	0.00000e+00	0.00000e+00	0.00000e+00	0.00000e+00	0.00000e+00	0.00000e+00	0.00000e+00	0.00000e+00	0.00000e+00	0.00000e+00	0.00000e+00	0.00000e+00	0.00000e+00	0.00000e+00	0.00000e+00	0.00000e+00	0.00000e+00	0.00000e+00	0.00000e+00	0.00000e+00	0.00000e+00	0.00000e+00	0.00000e+00	0.00000e+00	0.00000e+00	0.00000e+00	0.00000e+00	0.00000e+00	0.00000e+00	0.00000e+00	0.00000e+00	0.00000e+00	0.00000e+00	0.00000e+00	0.00000e+00	0.00000e+00	0.00000e+00	0.00000e+00	0.00000e+00	0.00000e+00	0.00000e+00	0.00000e+00	0.00000e+00	0.00000e+00	0.00000e+00	0.00000e+00	0.00000e+00	0.00000e+00	0.00000e+00	0.00000e+00	0.00000e+00	0.00000e+00	0.00000e+00	0.00000e+00	0.00000e+00	0.00000e+00	0.00000e+00	0.00000e+00	0.00000e+00	0.00000e+00	0.00000e+00
18.48	0.00000e+00	0.00000e+00	0.00000e+00	0.00000e+00	0.00000e+00	0.00000e+00	0.00000e+00	0.00000e+00	0.00000e+00	0.00000e+00	0.00000e+00	0.00000e+00	0.00000e+00	0.00000e+00	0.00000e+00	0.00000e+00	0.00000e+00	0.00000e+00	0.00000e+00	0.00000e+00	0.00000e+00	0.00000e+00	0.00000e+00	0.00000e+00	0.00000e+00	0.00000e+00	0.00000e+00	0.00000e+00	0.00000e+00	0.00000e+00	0.00000e+00	0.00000e+00	0.00000e+00	0.00000e+00	0.00000e+00	0.00000e+00	0.00000e+00	0.00000e+00	0.00000e+00	0.00000e+00	0.00000e+00	0.00000e+00	0.00000e+00	0.00000e+00	0.00000e+00	0.00000e+00	0.00000e+00	0.00000e+00	0.00000e+00	0.00000e+00	0.00000e+00	0.00000e+00	0.00000e+00	0.00000e+00	0.00000e+00	0.00000e+00	0.00000e+00	0.00000e+00	0.00000e+00	0.00000e+00	0.00000e+00	0.00000e+00	0.00000e+00	0.00000e+00	0.00000e+00	0.00000e+00	0.00000e+00	0.00000e+00	0.00000e+00	0.00000e+00	0.00000e+00	0.00000e+00	0.00000e+00	0.00000e+00	0.00000e+00	0.00000e+00	0.00000e+00	0.00000e+00	0.00000e+00	0.00000e+00	0.00000e+00	0.00000e+00	0.00000e+00	0.00000e+00	0.00000e+00	0.00000e+00	0.00000e+00	0.00000e+00	0.00000e+00	0.00000e+00	0.00000e+00	0.00000e+00	0.00000e+00	0.00000e+00	0.00000e+00	0.00000e+00	0.00000e+00	0.00000e+00	0.00000e+00	0.00000e+00	0.00000e+00	0.00000e+00	0.00000e+00	0.00000e+00	0.00000e+00	0.00000e+00	0.00000e+00	0.00000e+00	0.00000e+00	0.00000e+00	0.00000e+00	0.00000e+00	0.00000e+00	0.00000e+00	0.00000e+00	0.00000e+00	0.00000e+00	0.00000e+00	0.00000e+00	0.00000e+00	0.00000e+00	0.00000e+00	0.00000e+00	0.00000e+00	0.00000e+00	0.00000e+00	0.00000e+00	0.00000e+00	0.00000e+00	0.00000e+00	0.00000e+00	0.00000e+00	0.00000e+00
18.52	0.00000e+00	0.00000e+00	0.00000e+00	0.00000e+00	0.00000e+00	0.00000e+00	0.00000e+00	0.00000e+00	0.00000e+00	0.00000e+00	0.00000e+00	0.00000e+00	0.00000e+00	0.00000e+00	0.00000e+00	0.00000e+00	0.00000e+00	0.00000e+00	0.00000e+00	0.00000e+00	0.00000e+00	0.00000e+00	0.00000e+00	0.00000e+00	0.00000e+00	0.00000e+00	0.00000e+00	0.00000e+00	0.00000e+00	0.00000e+00	0.00000e+00	0.00000e+00	0.00000e+00	0.00000e+00	0.00000e+00	0.00000e+00	0.00000e+00	0.00000e+00	0.00000e+00	0.00000e+00	0.00000e+00	0.00000e+00	0.00000e+00	0.00000e+00	0.00000e+00	0.00000e+00	0.00000e+00	0.00000e+00	0.00000e+00	0.00000e+00	0.00000e+00	0.00000e+00	0.00000e+00	0.00000e+00	0.00000e+00	0.00000e+00	0.00000e+00	0.00000e+00	0.00000e+00	0.00000e+00	0.00000e+00	0.00000e+00	0.00000e+00	0.00000e+00	0.00000e+00	0.00000e+00	0.00000e+00	0.00000e+00	0.00000e+00	0.00000e+00	0.00000e+00	0.00000e+00	0.00000e+00	0.00000e+00	0.00000e+00	0.00000e+00	0.00000e+00	0.00000e+00	0.00000e+00	0.00000e+00	0.00000e+00	0.00000e+00	0.00000e+00	0.00000e+00	0.00000e+00	0.00000e+00	0.00000e+00	0.00000e+00	0.00000e+00	0.00000e+00	0.00000e+00	0.00000e+00	0.00000e+00	0.00000e+00	0.00000e+00	0.00000e+00	0.00000e+00	0.00000e+00	0.00000e+00	0.00000e+00	0.00000e+00	0.00000e+00	0.00000e+00	0.00000e+00	0.00000e+00	0.00000e+00	0.00000e+00	0.00000e+00	0.00000e+00	0.00000e+00	0.00000e+00	0.00000e+00	0.00000e+00	0.00000e+00	0.00000e+00	0.00000e+00	0.00000e+00	0.00000e+00	0.00000e+00	0.00000e+00	0.00000e+00	0.00000e+00	0.00000e+00	0.00000e+00	0.00000e+00	0.00000e+00	0.00000e+00	0.00000e+00	0.00000e+00	0.00000e+00	0.00000e+00	0.00000e+00	0.00000e+00
18.55	0.00000e+00	0.00000e+00	0.00000e+00	0.00000e+00	0.00000e+00	0.00000e+00	0.00000e+00	0.00000e+00	0.00000e+00	0.00000e+00	0.00000e+00	0.00000e+00	0.00000e+00	0.00000e+00	0.00000e+00	0.00000e+00	0.00000e+00	0.00000e+00	0.00000e+00	0.00000e+00	0.00000e+00	0.00000e+00	0.00000e+00	0.00000e+00	0.00000e+00	0.00000e+00	0.00000e+00	0.00000e+00	0.00000e+00	0.00000e+00	0.00000e+00	0.00000e+00	0.00000e+00	0.00000e+00	0.00000e+00	0.00000e+00	0.00000e+00	0.00000e+00	0.00000e+00	0.00000e+00	0.00000e+00	0.00000e+00	0.00000e+00	0.00000e+00	0.00000e+00	0.00000e+00	0.00000e+00	0.00000e+00	0.00000e+00	0.00000e+00	0.00000e+00	0.00000e+00	0.00000e+00	0.00000e+00	0.00000e+00	0.00000e+00	0.00000e+00	0.00000e+00	0.00000e+00	0.00000e+00	0.00000e+00	0.00000e+00	0.00000e+00	0.00000e+00	0.00000e+00	0.00000e+00	0.00000e+00	0.00000e+00	0.00000e+00	0.00000e+00	0.00000e+00	0.00000e+00	0.00000e+00	0.00000e+00	0.00000e+00	0.00000e+00	0.00000e+00	0.00000e+00	0.00000e+00	0.00000e+00	0.00000e+00	0.00000e+00	0.00000e+00	0.00000e+00	0.00000e+00	0.00000e+00	0.00000e+00	0.00000e+00	0.00000e+00	0.00000e+00	0.00000e+00	0.00000e+00	0.00000e+00	0.00000e+00	0.00000e+00	0.00000e+00	0.00000e+00	0.00000e+00	0.00000e+00	0.00000e+00	0.00000e+00	0.00000e+00	0.00000e+00	0.00000e+00	0.00000e+00	0.00000e+00	0.00000e+00	0.00000e+00	0.00000e+00	0.00000e+00	0.00000e+00	0.00000e+00	0.00000e+00	0.00000e+00	0.00000e+00	0.00000e+00	0.00000e+00	0.00000e+00	0.00000e+00	0.00000e+00	0.00000e+00	0.00000e+00	0.00000e+00	0.00000e+00	0.00000e+00	0.00000e+00	0.00000e+00	0.00000e+00	0.00000e+00	0.00000e+00	0.00000e+00	0.00000e+00	0.00000e+00
18.59	0.00000e+00	0.00000e+00	0.00000e+00	0.00000e+00	0.00000e+00	0.00000e+00	0.00000e+00	0.00000e+00	0.00000e+00	0.00000e+00	0.00000e+00	0.00000e+00	0.00000e+00	0.00000e+00	0.00000e+00	0.00000e+00	0.00000e+00	0.00000e+00	0.00000e+00	0.00000e+00	0.00000e+00	0.00000e+00	0.00000e+00	0.00000e+00	0.00000e+00	0.00000e+00	0.00000e+00	0.00000e+00	0.00000e+00	0.00000e+00	0.00000e+00	0.00000e+00	0.00000e+00	0.00000e+00	0.00000e+00	0.00000e+00	0.00000e+00	0.00000e+00	0.00000e+00	0.00000e+00	0.00000e+00	0.00000e+00	0.00000e+00	0.00000e+00	0.00000e+00	0.00000e+00	0.00000e+00	0.00000e+00	0.00000e+00	0.00000e+00	0.00000e+00	0.00000e+00	0.00000e+00	0.00000e+00	0.00000e+00	0.00000e+00	0.00000e+00	0.00000e+00	0.00000e+00	0.00000e+00	0.00000e+00	0.00000e+00	0.00000e+00	0.00000e+00	0.00000e+00	0.00000e+00	0.00000e+00	0.00000e+00	0.00000e+00	0.00000e+00	0.00000e+00	0.00000e+00	0.00000e+00	0.00000e+00	0.00000e+00	0.00000e+00	0.00000e+00	0.00000e+00	0.00000e+00	0.00000e+00	0.00000e+00	0.00000e+00	0.00000e+00	0.00000e+00	0.00000e+00	0.00000e+00	0.00000e+00	0.00000e+00	0.00000e+00	0.00000e+00	0.00000e+00	0.00000e+00	0.00000e+00	0.00000e+00	0.00000e+00	0.00000e+00	0.00000e+00	0.00000e+00	0.00000e+00	0.00000e+00	0.00000e+00	0.00000e+00	0.00000e+00	0.00000e+00	0.00000e+00	0.00000e+00	0.00000e+00	0.00000e+00	0.00000e+00	0.00000e+00	0.00000e+00	0.00000e+00	0.00000e+00	0.00000e+00	0.00000e+00	0.00000e+00	0.00000e+00	0.00000e+00	0.00000e+00	0.00000e+00	0.00000e+00	0.00000e+00	0.00000e+00	0.00000e+00	0.00000e+00	0.00000e+00	0.00000e+00	0.00000e+00	0.00000e+00	0.00000e+00	0.00000e+00	0.00000e+00	0.00000e+00
18.62	0.00000e+00	0.00000e+00	0.00000e+00	0.00000e+00	0.00000e+00	0.00000e+00	0.00000e+00	0.00000e+00	0.00000e+00	0.00000e+00	0.00000e+00	0.00000e+00	0.00000e+00	0.00000e+00	0.00000e+00	0.00000e+00	0.00000e+00	0.00000e+00	0.00000e+00	0.00000e+00	0.00000e+00	0.00000e+00	0.00000e+00	0.00000e+00	0.00000e+00	0.00000e+00	0.00000e+00	0.00000e+00	0.00000e+00	0.00000e+00	0.00000e+00	0.00000e+00	0.00000e+00	0.00000e+00	0.00000e+00	0.00000e+00	0.00000e+00	0.00000e+00	0.00000e+00	0.00000e+00	0.00000e+00	0.00000e+00	0.00000e+00	0.00000e+00	0.00000e+00	0.00000e+00	0.00000e+00	0.00000e+00	0.00000e+00	0.00000e+00	0.00000e+00	0.00000e+00	0.00000e+00	0.00000e+00	0.00000e+00	0.00000e+00	0.00000e+00	0.00000e+00	0.00000e+00	0.00000e+00	0.00000e+00	0.00000e+00	0.00000e+00	0.00000e+00	0.00000e+00	0.00000e+00	0.00000e+00	0.00000e+00	0.00000e+00	0.00000e+00	0.00000e+00	0.00000e+00	0.00000e+00	0.00000e+00	0.00000e+00	0.00000e+00	0.00000e+00	0.00000e+00	0.00000e+00	0.00000e+00	0.00000e+00	0.00000e+00	0.00000e+00	0.00000e+00	0.00000e+00	0.00000e+00	0.00000e+00	0.00000e+00	0.00000e+00	0.00000e+00	0.00000e+00	0.00000e+00	0.00000e+00	0.00000e+00	0.00000e+00	0.00000e+00	0.00000e+00	0.00000e+00	0.00000e+00	0.00000e+00	0.00000e+00	0.00000e+00	0.00000e+00	0.00000e+00	0.00000e+00	0.00000e+00	0.00000e+00	0.00000e+00	0.00000e+00	0.00000e+00	0.00000e+00	0.00000e+00	0.00000e+00	0.00000e+00	0.00000e+00	0.00000e+00	0.00000e+00	0.00000e+00	0.00000e+00	0.00000e+00	0.00000e+00	0.00000e+00	0.00000e+00	0.00000e+00	0.00000e+00	0.00000e+00	0.00000e+00	0.00000e+00	0.00000e+00	0.00000e+00	0.00000e+00	0.00000e+00	0.00000e+00
18.65	0.00000e+00	0.00000e+00	0.00000e+00	0.00000e+00	0.00000e+00	0.00000e+00	0.00000e+00	0.00000e+00	0.00000e+00	0.00000e+00	0.00000e+00	0.00000e+00	0.00000e+00	0.00000e+00	0.00000e+00	0.00000e+00	0.00000e+00	0.00000e+00	0.00000e+00	0.00000e+00	0.00000e+00	0.00000e+00	0.00000e+00	0.00000e+00	0.00000e+00	0.00000e+00	0.00000e+00	0.00000e+00	0.00000e+00	0.00000e+00	0.00000e+00	0.00000e+00	0.00000e+00	0.00000e+00	0.00000e+00	0.00000e+00	0.00000e+00	0.00000e+00	0.00000e+00	0.00000e+00	0.00000e+00	0.00000e+00	0.00000e+00	0.00000e+00	0.00000e+00	0.00000e+00	0.00000e+00	0.00000e+00	0.00000e+00	0.00000e+00	0.00000e+00	0.00000e+00	0.00000e+00	0.00000e+00	0.00000e+00	0.00000e+00	0.00000e+00	0.00000e+00	0.00000e+00	0.00000e+00	0.00000e+00	0.00000e+00	0.00000e+00	0.00000e+00	0.00000e+00	0.00000e+00	0.00000e+00	0.00000e+00	0.00000e+00	0.00000e+00	0.00000e+00	0.00000e+00	0.00000e+00	0.00000e+00	0.00000e+00	0.00000e+00	0.00000e+00	0.00000e+00	0.00000e+00	0.00000e+00	0.00000e+00	0.00000e+00	0.00000e+00	0.00000e+00	0.00000e+00	0.00000e+00	0.00000e+00	0.00000e+00	0.00000e+00	0.00000e+00	0.00000e+00	0.00000e+00	0.00000e+00	0.00000e+00	0.00000e+00	0.00000e+00	0.00000e+00	0.00000e+00	0.00000e+00	0.00000e+00	0.00000e+00	0.00000e+00	0.00000e+00	0.00000e+00	0.00000e+00	0.00000e+00	0.00000e+00	0.00000e+00	0.00000e+00	0.00000e+00	0.00000e+00	0.00000e+00	0.00000e+00	0.00000e+00	0.00000e+00	0.00000e+00	0.00000e+00	0.00000e+00	0.00000e+00	0.00000e+00	0.00000e+00	0.00000e+00	0.00000e+00	0.00000e+00	0.00000e+00	0.00000e+00	0.00000e+00	0.00000e+00	0.00000e+00	0.00000e+00	0.00000e+00	0.00000e+00	0.00000e+00
18.69	0.00000e+00	0.00000e+00	0.00000e+00	0.00000e+00	0.00000e+00	0.00000e+00	0.00000e+00	0.00000e+00	0.00000e+00	0.00000e+00	0.00000e+00	0.00000e+00	0.00000e+00	0.00000e+00	0.00000e+00	0.00000e+00	0.00000e+00	0.00000e+00	0.00000e+00	0.00000e+00	0.00000e+00	0.00000e+00	0.00000e+00	0.00000e+00	0.00000e+00	0.00000e+00	0.00000e+00	0.00000e+00	0.00000e+00	0.00000e+00	0.00000e+00	0.00000e+00	0.00000e+00	0.00000e+00	0.00000e+00	0.00000e+00	0.00000e+00	0.00000e+00	0.00000e+00	0.00000e+00	0.00000e+00	0.00000e+00	0.00000e+00	0.00000e+00	0.00000e+00	0.00000e+00	0.00000e+00	0.00000e+00	0.00000e+00	0.00000e+00	0.00000e+00	0.00000e+00	0.00000e+00	0.00000e+00	0.00000e+00	0.00000e+00	0.00000e+00	0.00000e+00	0.00000e+00	0.00000e+00	0.00000e+00	0.00000e+00	0.00000e+00	0.00000e+00	0.00000e+00	0.00000e+00	0.00000e+00	0.00000e+00	0.00000e+00	0.00000e+00	0.00000e+00	0.00000e+00	0.00000e+00	0.00000e+00	0.00000e+00	0.00000e+00	0.00000e+00	0.00000e+00	0.00000e+00	0.00000e+00	0.00000e+00	0.00000e+00	0.00000e+00	0.00000e+00	0.00000e+00	0.00000e+00	0.00000e+00	0.00000e+00	0.00000e+00	0.00000e+00	0.00000e+00	0.00000e+00	0.00000e+00	0.00000e+00	0.00000e+00	0.00000e+00	0.00000e+00	0.00000e+00	0.00000e+00	0.00000e+00	0.00000e+00	0.00000e+00	0.00000e+00	0.00000e+00	0.00000e+00	0.00000e+00	0.00000e+00	0.00000e+00	0.00000e+00	0.00000e+00	0.00000e+00	0.00000e+00	0.00000e+00	0.00000e+00	0.00000e+00	0.00000e+00	0.00000e+00	0.00000e+00	0.00000e+00	0.00000e+00	0.00000e+00	0.00000e+00	0.00000e+00	0.00000e+00	0.00000e+00	0.00000e+00	0.00000e+00	0.00000e+00	0.00000e+00	0.00000e+00	0.00000e+00	0.00000e+00	0.00000e+00
18.72	0.00000e+00	0.00000e+00	0.00000e+00	0.00000e+00	0.00000e+00	0.00000e+00	0.00000e+00	0.00000e+00	0.00000e+00	0.00000e+00	0.00000e+00	0.00000e+00	0.00000e+00	0.00000e+00	0.00000e+00	0.00000e+00	0.00000e+00	0.00000e+00	0.00000e+00	0.00000e+00	0.00000e+00	0.00000e+00	0.00000e+00	0.00000e+00	0.00000e+00	0.00000e+00	0.00000e+00	0.00000e+00	0.00000e+00	0.00000e+00	0.00000e+00	0.00000e+00	0.00000e+00	0.00000e+00	0.00000e+00	0.00000e+00	0.00000e+00	0.00000e+00	0.00000e+00	0.00000e+00	0.00000e+00	0.00000e+00	0.00000e+00	0.00000e+00	0.00000e+00	0.00000e+00	0.00000e+00	0.00000e+00	0.00000e+00	0.00000e+00	0.00000e+00	0.00000e+00	0.00000e+00	0.00000e+00	0.00000e+00	0.00000e+00	0.00000e+00	0.00000e+00	0.00000e+00	0.00000e+00	0.00000e+00	0.00000e+00	0.00000e+00	0.00000e+00	0.00000e+00	0.00000e+00	0.00000e+00	0.00000e+00	0.00000e+00	0.00000e+00	0.00000e+00	0.00000e+00	0.00000e+00	0.00000e+00	0.00000e+00	0.00000e+00	0.00000e+00	0.00000e+00	0.00000e+00	0.00000e+00	0.00000e+00	0.00000e+00	0.00000e+00	0.00000e+00	0.00000e+00	0.00000e+00	0.00000e+00	0.00000e+00	0.00000e+00	0.00000e+00	0.00000e+00	0.00000e+00	0.00000e+00	0.00000e+00	0.00000e+00	0.00000e+00	0.00000e+00	0.00000e+00	0.00000e+00	0.00000e+00	0.00000e+00	0.00000e+00	0.00000e+00	0.00000e+00	0.00000e+00	0.00000e+00	0.00000e+00	0.00000e+00	0.00000e+00	0.00000e+00	0.00000e+00	0.00000e+00	0.00000e+00	0.00000e+00	0.00000e+00	0.00000e+00	0.00000e+00	0.00000e+00	0.00000e+00	0.00000e+00	0.00000e+00	0.00000e+00	0.00000e+00	0.00000e+00	0.00000e+00	0.00000e+00	0.00000e+00	0.00000e+00	0.00000e+00	0.00000e+00	0.00000e+00	0.00000e+00	0.00000e+00
18.76	0.00000e+00	0.00000e+00	0.00000e+00	0.00000e+00	0.00000e+00	0.00000e+00	0.00000e+00	0.00000e+00	0.00000e+00	0.00000e+00	0.00000e+00	0.00000e+00	0.00000e+00	0.00000e+00	0.00000e+00	0.00000e+00	0.00000e+00	0.00000e+00	0.00000e+00	0.00000e+00	0.00000e+00	0.00000e+00	0.00000e+00	0.00000e+00	0.00000e+00	0.00000e+00	0.00000e+00	0.00000e+00	0.00000e+00	0.00000e+00	0.00000e+00	0.00000e+00	0.00000e+00	0.00000e+00	0.00000e+00	0.00000e+00	0.00000e+00	0.00000e+00	0.00000e+00	0.00000e+00	0.00000e+00	0.00000e+00	0.00000e+00	0.00000e+00	0.00000e+00	0.00000e+00	0.00000e+00	0.00000e+00	0.00000e+00	0.00000e+00	0.00000e+00	0.00000e+00	0.00000e+00	0.00000e+00	0.00000e+00	0.00000e+00	0.00000e+00	0.00000e+00	0.00000e+00	0.00000e+00	0.00000e+00	0.00000e+00	0.00000e+00	0.00000e+00	0.00000e+00	0.00000e+00	0.00000e+00	0.00000e+00	0.00000e+00	0.00000e+00	0.00000e+00	0.00000e+00	0.00000e+00	0.00000e+00	0.00000e+00	0.00000e+00	0.00000e+00	0.00000e+00	0.00000e+00	0.00000e+00	0.00000e+00	0.00000e+00	0.00000e+00	0.00000e+00	0.00000e+00	0.00000e+00	0.00000e+00	0.00000e+00	0.00000e+00	0.00000e+00	0.00000e+00	0.00000e+00	0.00000e+00	0.00000e+00	0.00000e+00	0.00000e+00	0.00000e+00	0.00000e+00	0.00000e+00	0.00000e+00	0.00000e+00	0.00000e+00	0.00000e+00	0.00000e+00	0.00000e+00	0.00000e+00	0.00000e+00	0.00000e+00	0.00000e+00	0.00000e+00	0.00000e+00	0.00000e+00	0.00000e+00	0.00000e+00	0.00000e+00	0.00000e+00	0.00000e+00	0.00000e+00	0.00000e+00	0.00000e+00	0.00000e+00	0.00000e+00	0.00000e+00	0.00000e+00	0.00000e+00	0.00000e+00	0.00000e+00	0.00000e+00	0.00000e+00	0.00000e+00	0.00000e+00	0.00000e+00	0.00000e+00
18.79	0.00000e+00	0.00000e+00	0.00000e+00	0.00000e+00	0.00000e+00	0.00000e+00	0.00000e+00	0.00000e+00	0.00000e+00	0.00000e+00	0.00000e+00	0.00000e+00	0.00000e+00	0.00000e+00	0.00000e+00	0.00000e+00	0.00000e+00	0.00000e+00	0.00000e+00	0.00000e+00	0.00000e+00	0.00000e+00	0.00000e+00	0.00000e+00	0.00000e+00	0.00000e+00	0.00000e+00	0.00000e+00	0.00000e+00	0.00000e+00	0.00000e+00	0.00000e+00	0.00000e+00	0.00000e+00	0.00000e+00	0.00000e+00	0.00000e+00	0.00000e+00	0.00000e+00	0.00000e+00	0.00000e+00	0.00000e+00	0.00000e+00	0.00000e+00	0.00000e+00	0.00000e+00	0.00000e+00	0.00000e+00	0.00000e+00	0.00000e+00	0.00000e+00	0.00000e+00	0.00000e+00	0.00000e+00	0.00000e+00	0.00000e+00	0.00000e+00	0.00000e+00	0.00000e+00	0.00000e+00	0.00000e+00	0.00000e+00	0.00000e+00	0.00000e+00	0.00000e+00	0.00000e+00	0.00000e+00	0.00000e+00	0.00000e+00	0.00000e+00	0.00000e+00	0.00000e+00	0.00000e+00	0.00000e+00	0.00000e+00	0.00000e+00	0.00000e+00	0.00000e+00	0.00000e+00	0.00000e+00	0.00000e+00	0.00000e+00	0.00000e+00	0.00000e+00	0.00000e+00	0.00000e+00	0.00000e+00	0.00000e+00	0.00000e+00	0.00000e+00	0.00000e+00	0.00000e+00	0.00000e+00	0.00000e+00	0.00000e+00	0.00000e+00	0.00000e+00	0.00000e+00	0.00000e+00	0.00000e+00	0.00000e+00	0.00000e+00	0.00000e+00	0.00000e+00	0.00000e+00	0.00000e+00	0.00000e+00	0.00000e+00	0.00000e+00	0.00000e+00	0.00000e+00	0.00000e+00	0.00000e+00	0.00000e+00	0.00000e+00	0.00000e+00	0.00000e+00	0.00000e+00	0.00000e+00	0.00000e+00	0.00000e+00	0.00000e+00	0.00000e+00	0.00000e+00	0.00000e+00	0.00000e+00	0.00000e+00	0.00000e+00	0.00000e+00	0.00000e+00	0.00000e+00	0.00000e+00	0.00000e+00
18.82	0.00000e+00	0.00000e+00	0.00000e+00	0.00000e+00	0.00000e+00	0.00000e+00	0.00000e+00	0.00000e+00	0.00000e+00	0.00000e+00	0.00000e+00	0.00000e+00	0.00000e+00	0.00000e+00	0.00000e+00	0.00000e+00	0.00000e+00	0.00000e+00	0.00000e+00	0.00000e+00	0.00000e+00	0.00000e+00	0.00000e+00	0.00000e+00	0.00000e+00	0.00000e+00	0.00000e+00	0.00000e+00	0.00000e+00	0.00000e+00	0.00000e+00	0.00000e+00	0.00000e+00	0.00000e+00	0.00000e+00	0.00000e+00	0.00000e+00	0.00000e+00	0.00000e+00	0.00000e+00	0.00000e+00	0.00000e+00	0.00000e+00	0.00000e+00	0.00000e+00	0.00000e+00	0.00000e+00	0.00000e+00	0.00000e+00	0.00000e+00	0.00000e+00	0.00000e+00	0.00000e+00	0.00000e+00	0.00000e+00	0.00000e+00	0.00000e+00	0.00000e+00	0.00000e+00	0.00000e+00	0.00000e+00	0.00000e+00	0.00000e+00	0.00000e+00	0.00000e+00	0.00000e+00	0.00000e+00	0.00000e+00	0.00000e+00	0.00000e+00	0.00000e+00	0.00000e+00	0.00000e+00	0.00000e+00	0.00000e+00	0.00000e+00	0.00000e+00	0.00000e+00	0.00000e+00	0.00000e+00	0.00000e+00	0.00000e+00	0.00000e+00	0.00000e+00	0.00000e+00	0.00000e+00	0.00000e+00	0.00000e+00	0.00000e+00	0.00000e+00	0.00000e+00	0.00000e+00	0.00000e+00	0.00000e+00	0.00000e+00	0.00000e+00	0.00000e+00	0.00000e+00	0.00000e+00	0.00000e+00	0.00000e+00	0.00000e+00	0.00000e+00	0.00000e+00	0.00000e+00	0.00000e+00	0.00000e+00	0.00000e+00	0.00000e+00	0.00000e+00	0.00000e+00	0.00000e+00	0.00000e+00	0.00000e+00	0.00000e+00	0.00000e+00	0.00000e+00	0.00000e+00	0.00000e+00	0.00000e+00	0.00000e+00	0.00000e+00	0.00000e+00	0.00000e+00	0.00000e+00	0.00000e+00	0.00000e+00	0.00000e+00	0.00000e+00	0.00000e+00	0.00000e+00	0.00000e+00	0.00000e+00
18.86	0.00000e+00	0.00000e+00	0.00000e+00	0.00000e+00	0.00000e+00	0.00000e+00	0.00000e+00	0.00000e+00	0.00000e+00	0.00000e+00	0.00000e+00	0.00000e+00	0.00000e+00	0.00000e+00	0.00000e+00	0.00000e+00	0.00000e+00	0.00000e+00	0.00000e+00	0.00000e+00	0.00000e+00	0.00000e+00	0.00000e+00	0.00000e+00	0.00000e+00	0.00000e+00	0.00000e+00	0.00000e+00	0.00000e+00	0.00000e+00	0.00000e+00	0.00000e+00	0.00000e+00	0.00000e+00	0.00000e+00	0.00000e+00	0.00000e+00	0.00000e+00	0.00000e+00	0.00000e+00	0.00000e+00	0.00000e+00	0.00000e+00	0.00000e+00	0.00000e+00	0.00000e+00	0.00000e+00	0.00000e+00	0.00000e+00	0.00000e+00	0.00000e+00	0.00000e+00	0.00000e+00	0.00000e+00	0.00000e+00	0.00000e+00	0.00000e+00	0.00000e+00	0.00000e+00	0.00000e+00	0.00000e+00	0.00000e+00	0.00000e+00	0.00000e+00	0.00000e+00	0.00000e+00	0.00000e+00	0.00000e+00	0.00000e+00	0.00000e+00	0.00000e+00	0.00000e+00	0.00000e+00	0.00000e+00	0.00000e+00	0.00000e+00	0.00000e+00	0.00000e+00	0.00000e+00	0.00000e+00	0.00000e+00	0.00000e+00	0.00000e+00	0.00000e+00	0.00000e+00	0.00000e+00	0.00000e+00	0.00000e+00	0.00000e+00	0.00000e+00	0.00000e+00	0.00000e+00	0.00000e+00	0.00000e+00	0.00000e+00	0.00000e+00	0.00000e+00	0.00000e+00	0.00000e+00	0.00000e+00	0.00000e+00	0.00000e+00	0.00000e+00	0.00000e+00	0.00000e+00	0.00000e+00	0.00000e+00	0.00000e+00	0.00000e+00	0.00000e+00	0.00000e+00	0.00000e+00	0.00000e+00	0.00000e+00	0.00000e+00	0.00000e+00	0.00000e+00	0.00000e+00	0.00000e+00	0.00000e+00	0.00000e+00	0.00000e+00	0.00000e+00	0.00000e+00	0.00000e+00	0.00000e+00	0.00000e+00	0.00000e+00	0.00000e+00	0.00000e+00	0.00000e+00	0.00000e+00	0.00000e+00
18.89	0.00000e+00	0.00000e+00	0.00000e+00	0.00000e+00	0.00000e+00	0.00000e+00	0.00000e+00	0.00000e+00	0.00000e+00	0.00000e+00	0.00000e+00	0.00000e+00	0.00000e+00	0.00000e+00	0.00000e+00	0.00000e+00	0.00000e+00	0.00000e+00	0.00000e+00	0.00000e+00	0.00000e+00	0.00000e+00	0.00000e+00	0.00000e+00	0.00000e+00	0.00000e+00	0.00000e+00	0.00000e+00	0.00000e+00	0.00000e+00	0.00000e+00	0.00000e+00	0.00000e+00	0.00000e+00	0.00000e+00	0.00000e+00	0.00000e+00	0.00000e+00	0.00000e+00	0.00000e+00	0.00000e+00	0.00000e+00	0.00000e+00	0.00000e+00	0.00000e+00	0.00000e+00	0.00000e+00	0.00000e+00	0.00000e+00	0.00000e+00	0.00000e+00	0.00000e+00	0.00000e+00	0.00000e+00	0.00000e+00	0.00000e+00	0.00000e+00	0.00000e+00	0.00000e+00	0.00000e+00	0.00000e+00	0.00000e+00	0.00000e+00	0.00000e+00	0.00000e+00	0.00000e+00	0.00000e+00	0.00000e+00	0.00000e+00	0.00000e+00	0.00000e+00	0.00000e+00	0.00000e+00	0.00000e+00	0.00000e+00	0.00000e+00	0.00000e+00	0.00000e+00	0.00000e+00	0.00000e+00	0.00000e+00	0.00000e+00	0.00000e+00	0.00000e+00	0.00000e+00	0.00000e+00	0.00000e+00	0.00000e+00	0.00000e+00	0.00000e+00	0.00000e+00	0.00000e+00	0.00000e+00	0.00000e+00	0.00000e+00	0.00000e+00	0.00000e+00	0.00000e+00	0.00000e+00	0.00000e+00	0.00000e+00	0.00000e+00	0.00000e+00	0.00000e+00	0.00000e+00	0.00000e+00	0.00000e+00	0.00000e+00	0.00000e+00	0.00000e+00	0.00000e+00	0.00000e+00	0.00000e+00	0.00000e+00	0.00000e+00	0.00000e+00	0.00000e+00	0.00000e+00	0.00000e+00	0.00000e+00	0.00000e+00	0.00000e+00	0.00000e+00	0.00000e+00	0.00000e+00	0.00000e+00	0.00000e+00	0.00000e+00	0.00000e+00	0.00000e+00	0.00000e+00	0.00000e+00	0.00000e+00
18.93	0.00000e+00	0.00000e+00	0.00000e+00	0.00000e+00	0.00000e+00	0.00000e+00	0.00000e+00	0.00000e+00	0.00000e+00	0.00000e+00	0.00000e+00	0.00000e+00	0.00000e+00	0.00000e+00	0.00000e+00	0.00000e+00	0.00000e+00	0.00000e+00	0.00000e+00	0.00000e+00	0.00000e+00	0.00000e+00	0.00000e+00	0.00000e+00	0.00000e+00	0.00000e+00	0.00000e+00	0.00000e+00	0.00000e+00	0.00000e+00	0.00000e+00	0.00000e+00	0.00000e+00	0.00000e+00	0.00000e+00	0.00000e+00	0.00000e+00	0.00000e+00	0.00000e+00	0.00000e+00	0.00000e+00	0.00000e+00	0.00000e+00	0.00000e+00	0.00000e+00	0.00000e+00	0.00000e+00	0.00000e+00	0.00000e+00	0.00000e+00	0.00000e+00	0.00000e+00	0.00000e+00	0.00000e+00	0.00000e+00	0.00000e+00	0.00000e+00	0.00000e+00	0.00000e+00	0.00000e+00	0.00000e+00	0.00000e+00	0.00000e+00	0.00000e+00	0.00000e+00	0.00000e+00	0.00000e+00	0.00000e+00	0.00000e+00	0.00000e+00	0.00000e+00	0.00000e+00	0.00000e+00	0.00000e+00	0.00000e+00	0.00000e+00	0.00000e+00	0.00000e+00	0.00000e+00	0.00000e+00	0.00000e+00	0.00000e+00	0.00000e+00	0.00000e+00	0.00000e+00	0.00000e+00	0.00000e+00	0.00000e+00	0.00000e+00	0.00000e+00	0.00000e+00	0.00000e+00	0.00000e+00	0.00000e+00	0.00000e+00	0.00000e+00	0.00000e+00	0.00000e+00	0.00000e+00	0.00000e+00	0.00000e+00	0.00000e+00	0.00000e+00	0.00000e+00	0.00000e+00	0.00000e+00	0.00000e+00	0.00000e+00	0.00000e+00	0.00000e+00	0.00000e+00	0.00000e+00	0.00000e+00	0.00000e+00	0.00000e+00	0.00000e+00	0.00000e+00	0.00000e+00	0.00000e+00	0.00000e+00	0.00000e+00	0.00000e+00	0.00000e+00	0.00000e+00	0.00000e+00	0.00000e+00	0.00000e+00	0.00000e+00	0.00000e+00	0.00000e+00	0.00000e+00	0.00000e+00	0.00000e+00
18.96	0.00000e+00	0.00000e+00	0.00000e+00	0.00000e+00	0.00000e+00	0.00000e+00	0.00000e+00	0.00000e+00	0.00000e+00	0.00000e+00	0.00000e+00	0.00000e+00	0.00000e+00	0.00000e+00	0.00000e+00	0.00000e+00	0.00000e+00	0.00000e+00	0.00000e+00	0.00000e+00	0.00000e+00	0.00000e+00	0.00000e+00	0.00000e+00	0.00000e+00	0.00000e+00	0.00000e+00	0.00000e+00	0.00000e+00	0.00000e+00	0.00000e+00	0.00000e+00	0.00000e+00	0.00000e+00	0.00000e+00	0.00000e+00	0.00000e+00	0.00000e+00	0.00000e+00	0.00000e+00	0.00000e+00	0.00000e+00	0.00000e+00	0.00000e+00	0.00000e+00	0.00000e+00	0.00000e+00	0.00000e+00	0.00000e+00	0.00000e+00	0.00000e+00	0.00000e+00	0.00000e+00	0.00000e+00	0.00000e+00	0.00000e+00	0.00000e+00	0.00000e+00	0.00000e+00	0.00000e+00	0.00000e+00	0.00000e+00	0.00000e+00	0.00000e+00	0.00000e+00	0.00000e+00	0.00000e+00	0.00000e+00	0.00000e+00	0.00000e+00	0.00000e+00	0.00000e+00	0.00000e+00	0.00000e+00	0.00000e+00	0.00000e+00	0.00000e+00	0.00000e+00	0.00000e+00	0.00000e+00	0.00000e+00	0.00000e+00	0.00000e+00	0.00000e+00	0.00000e+00	0.00000e+00	0.00000e+00	0.00000e+00	0.00000e+00	0.00000e+00	0.00000e+00	0.00000e+00	0.00000e+00	0.00000e+00	0.00000e+00	0.00000e+00	0.00000e+00	0.00000e+00	0.00000e+00	0.00000e+00	0.00000e+00	0.00000e+00	0.00000e+00	0.00000e+00	0.00000e+00	0.00000e+00	0.00000e+00	0.00000e+00	0.00000e+00	0.00000e+00	0.00000e+00	0.00000e+00	0.00000e+00	0.00000e+00	0.00000e+00	0.00000e+00	0.00000e+00	0.00000e+00	0.00000e+00	0.00000e+00	0.00000e+00	0.00000e+00	0.00000e+00	0.00000e+00	0.00000e+00	0.00000e+00	0.00000e+00	0.00000e+00	0.00000e+00	0.00000e+00	0.00000e+00	0.00000e+00	0.00000e+00
18.99	0.00000e+00	0.00000e+00	0.00000e+00	0.00000e+00	0.00000e+00	0.00000e+00	0.00000e+00	0.00000e+00	0.00000e+00	0.00000e+00	0.00000e+00	0.00000e+00	0.00000e+00	0.00000e+00	0.00000e+00	0.00000e+00	0.00000e+00	0.00000e+00	0.00000e+00	0.00000e+00	0.00000e+00	0.00000e+00	0.00000e+00	0.00000e+00	0.00000e+00	0.00000e+00	0.00000e+00	0.00000e+00	0.00000e+00	0.00000e+00	0.00000e+00	0.00000e+00	0.00000e+00	0.00000e+00	0.00000e+00	0.00000e+00	0.00000e+00	0.00000e+00	0.00000e+00	0.00000e+00	0.00000e+00	0.00000e+00	0.00000e+00	0.00000e+00	0.00000e+00	0.00000e+00	0.00000e+00	0.00000e+00	0.00000e+00	0.00000e+00	0.00000e+00	0.00000e+00	0.00000e+00	0.00000e+00	0.00000e+00	0.00000e+00	0.00000e+00	0.00000e+00	0.00000e+00	0.00000e+00	0.00000e+00	0.00000e+00	0.00000e+00	0.00000e+00	0.00000e+00	0.00000e+00	0.00000e+00	0.00000e+00	0.00000e+00	0.00000e+00	0.00000e+00	0.00000e+00	0.00000e+00	0.00000e+00	0.00000e+00	0.00000e+00	0.00000e+00	0.00000e+00	0.00000e+00	0.00000e+00	0.00000e+00	0.00000e+00	0.00000e+00	0.00000e+00	0.00000e+00	0.00000e+00	0.00000e+00	0.00000e+00	0.00000e+00	0.00000e+00	0.00000e+00	0.00000e+00	0.00000e+00	0.00000e+00	0.00000e+00	0.00000e+00	0.00000e+00	0.00000e+00	0.00000e+00	0.00000e+00	0.00000e+00	0.00000e+00	0.00000e+00	0.00000e+00	0.00000e+00	0.00000e+00	0.00000e+00	0.00000e+00	0.00000e+00	0.00000e+00	0.00000e+00	0.00000e+00	0.00000e+00	0.00000e+00	0.00000e+00	0.00000e+00	0.00000e+00	0.00000e+00	0.00000e+00	0.00000e+00	0.00000e+00	0.00000e+00	0.00000e+00	0.00000e+00	0.00000e+00	0.00000e+00	0.00000e+00	0.00000e+00	0.00000e+00	0.00000e+00	0.00000e+00	0.00000e+00	0.00000e+00
19.03	0.00000e+00	0.00000e+00	0.00000e+00	0.00000e+00	0.00000e+00	0.00000e+00	0.00000e+00	0.00000e+00	0.00000e+00	0.00000e+00	0.00000e+00	0.00000e+00	0.00000e+00	0.00000e+00	0.00000e+00	0.00000e+00	0.00000e+00	0.00000e+00	0.00000e+00	0.00000e+00	0.00000e+00	0.00000e+00	0.00000e+00	0.00000e+00	0.00000e+00	0.00000e+00	0.00000e+00	0.00000e+00	0.00000e+00	0.00000e+00	0.00000e+00	0.00000e+00	0.00000e+00	0.00000e+00	0.00000e+00	0.00000e+00	0.00000e+00	0.00000e+00	0.00000e+00	0.00000e+00	0.00000e+00	0.00000e+00	0.00000e+00	0.00000e+00	0.00000e+00	0.00000e+00	0.00000e+00	0.00000e+00	0.00000e+00	0.00000e+00	0.00000e+00	0.00000e+00	0.00000e+00	0.00000e+00	0.00000e+00	0.00000e+00	0.00000e+00	0.00000e+00	0.00000e+00	0.00000e+00	0.00000e+00	0.00000e+00	0.00000e+00	0.00000e+00	0.00000e+00	0.00000e+00	0.00000e+00	0.00000e+00	0.00000e+00	0.00000e+00	0.00000e+00	0.00000e+00	0.00000e+00	0.00000e+00	0.00000e+00	0.00000e+00	0.00000e+00	0.00000e+00	0.00000e+00	0.00000e+00	0.00000e+00	0.00000e+00	0.00000e+00	0.00000e+00	0.00000e+00	0.00000e+00	0.00000e+00	0.00000e+00	0.00000e+00	0.00000e+00	0.00000e+00	0.00000e+00	0.00000e+00	0.00000e+00	0.00000e+00	0.00000e+00	0.00000e+00	0.00000e+00	0.00000e+00	0.00000e+00	0.00000e+00	0.00000e+00	0.00000e+00	0.00000e+00	0.00000e+00	0.00000e+00	0.00000e+00	0.00000e+00	0.00000e+00	0.00000e+00	0.00000e+00	0.00000e+00	0.00000e+00	0.00000e+00	0.00000e+00	0.00000e+00	0.00000e+00	0.00000e+00	0.00000e+00	0.00000e+00	0.00000e+00	0.00000e+00	0.00000e+00	0.00000e+00	0.00000e+00	0.00000e+00	0.00000e+00	0.00000e+00	0.00000e+00	0.00000e+00	0.00000e+00	0.00000e+00	0.00000e+00
19.06	0.00000e+00	0.00000e+00	0.00000e+00	0.00000e+00	0.00000e+00	0.00000e+00	0.00000e+00	0.00000e+00	0.00000e+00	0.00000e+00	0.00000e+00	0.00000e+00	0.00000e+00	0.00000e+00	0.00000e+00	0.00000e+00	0.00000e+00	0.00000e+00	0.00000e+00	0.00000e+00	0.00000e+00	0.00000e+00	0.00000e+00	0.00000e+00	0.00000e+00	0.00000e+00	0.00000e+00	0.00000e+00	0.00000e+00	0.00000e+00	0.00000e+00	0.00000e+00	0.00000e+00	0.00000e+00	0.00000e+00	0.00000e+00	0.00000e+00	0.00000e+00	0.00000e+00	0.00000e+00	0.00000e+00	0.00000e+00	0.00000e+00	0.00000e+00	0.00000e+00	0.00000e+00	0.00000e+00	0.00000e+00	0.00000e+00	0.00000e+00	0.00000e+00	0.00000e+00	0.00000e+00	0.00000e+00	0.00000e+00	0.00000e+00	0.00000e+00	0.00000e+00	0.00000e+00	0.00000e+00	0.00000e+00	0.00000e+00	0.00000e+00	0.00000e+00	0.00000e+00	0.00000e+00	0.00000e+00	0.00000e+00	0.00000e+00	0.00000e+00	0.00000e+00	0.00000e+00	0.00000e+00	0.00000e+00	0.00000e+00	0.00000e+00	0.00000e+00	0.00000e+00	0.00000e+00	0.00000e+00	0.00000e+00	0.00000e+00	0.00000e+00	0.00000e+00	0.00000e+00	0.00000e+00	0.00000e+00	0.00000e+00	0.00000e+00	0.00000e+00	0.00000e+00	0.00000e+00	0.00000e+00	0.00000e+00	0.00000e+00	0.00000e+00	0.00000e+00	0.00000e+00	0.00000e+00	0.00000e+00	0.00000e+00	0.00000e+00	0.00000e+00	0.00000e+00	0.00000e+00	0.00000e+00	0.00000e+00	0.00000e+00	0.00000e+00	0.00000e+00	0.00000e+00	0.00000e+00	0.00000e+00	0.00000e+00	0.00000e+00	0.00000e+00	0.00000e+00	0.00000e+00	0.00000e+00	0.00000e+00	0.00000e+00	0.00000e+00	0.00000e+00	0.00000e+00	0.00000e+00	0.00000e+00	0.00000e+00	0.00000e+00	0.00000e+00	0.00000e+00	0.00000e+00	0.00000e+00	0.00000e+00
19.10	0.00000e+00	0.00000e+00	0.00000e+00	0.00000e+00	0.00000e+00	0.00000e+00	0.00000e+00	0.00000e+00	0.00000e+00	0.00000e+00	0.00000e+00	0.00000e+00	0.00000e+00	0.00000e+00	0.00000e+00	0.00000e+00	0.00000e+00	0.00000e+00	0.00000e+00	0.00000e+00	0.00000e+00	0.00000e+00	0.00000e+00	0.00000e+00	0.00000e+00	0.00000e+00	0.00000e+00	0.00000e+00	0.00000e+00	0.00000e+00	0.00000e+00	0.00000e+00	0.00000e+00	0.00000e+00	0.00000e+00	0.00000e+00	0.00000e+00	0.00000e+00	0.00000e+00	0.00000e+00	0.00000e+00	0.00000e+00	0.00000e+00	0.00000e+00	0.00000e+00	0.00000e+00	0.00000e+00	0.00000e+00	0.00000e+00	0.00000e+00	0.00000e+00	0.00000e+00	0.00000e+00	0.00000e+00	0.00000e+00	0.00000e+00	0.00000e+00	0.00000e+00	0.00000e+00	0.00000e+00	0.00000e+00	0.00000e+00	0.00000e+00	0.00000e+00	0.00000e+00	0.00000e+00	0.00000e+00	0.00000e+00	0.00000e+00	0.00000e+00	0.00000e+00	0.00000e+00	0.00000e+00	0.00000e+00	0.00000e+00	0.00000e+00	0.00000e+00	0.00000e+00	0.00000e+00	0.00000e+00	0.00000e+00	0.00000e+00	0.00000e+00	0.00000e+00	0.00000e+00	0.00000e+00	0.00000e+00	0.00000e+00	0.00000e+00	0.00000e+00	0.00000e+00	0.00000e+00	0.00000e+00	0.00000e+00	0.00000e+00	0.00000e+00	0.00000e+00	0.00000e+00	0.00000e+00	0.00000e+00	0.00000e+00	0.00000e+00	0.00000e+00	0.00000e+00	0.00000e+00	0.00000e+00	0.00000e+00	0.00000e+00	0.00000e+00	0.00000e+00	0.00000e+00	0.00000e+00	0.00000e+00	0.00000e+00	0.00000e+00	0.00000e+00	0.00000e+00	0.00000e+00	0.00000e+00	0.00000e+00	0.00000e+00	0.00000e+00	0.00000e+00	0.00000e+00	0.00000e+00	0.00000e+00	0.00000e+00	0.00000e+00	0.00000e+00	0.00000e+00	0.00000e+00	0.00000e+00	0.00000e+00
19.13	0.00000e+00	0.00000e+00	0.00000e+00	0.00000e+00	0.00000e+00	0.00000e+00	0.00000e+00	0.00000e+00	0.00000e+00	0.00000e+00	0.00000e+00	0.00000e+00	0.00000e+00	0.00000e+00	0.00000e+00	0.00000e+00	0.00000e+00	0.00000e+00	0.00000e+00	0.00000e+00	0.00000e+00	0.00000e+00	0.00000e+00	0.00000e+00	0.00000e+00	0.00000e+00	0.00000e+00	0.00000e+00	0.00000e+00	0.00000e+00	0.00000e+00	0.00000e+00	0.00000e+00	0.00000e+00	0.00000e+00	0.00000e+00	0.00000e+00	0.00000e+00	0.00000e+00	0.00000e+00	0.00000e+00	0.00000e+00	0.00000e+00	0.00000e+00	0.00000e+00	0.00000e+00	0.00000e+00	0.00000e+00	0.00000e+00	0.00000e+00	0.00000e+00	0.00000e+00	0.00000e+00	0.00000e+00	0.00000e+00	0.00000e+00	0.00000e+00	0.00000e+00	0.00000e+00	0.00000e+00	0.00000e+00	0.00000e+00	0.00000e+00	0.00000e+00	0.00000e+00	0.00000e+00	0.00000e+00	0.00000e+00	0.00000e+00	0.00000e+00	0.00000e+00	0.00000e+00	0.00000e+00	0.00000e+00	0.00000e+00	0.00000e+00	0.00000e+00	0.00000e+00	0.00000e+00	0.00000e+00	0.00000e+00	0.00000e+00	0.00000e+00	0.00000e+00	0.00000e+00	0.00000e+00	0.00000e+00	0.00000e+00	0.00000e+00	0.00000e+00	0.00000e+00	0.00000e+00	0.00000e+00	0.00000e+00	0.00000e+00	0.00000e+00	0.00000e+00	0.00000e+00	0.00000e+00	0.00000e+00	0.00000e+00	0.00000e+00	0.00000e+00	0.00000e+00	0.00000e+00	0.00000e+00	0.00000e+00	0.00000e+00	0.00000e+00	0.00000e+00	0.00000e+00	0.00000e+00	0.00000e+00	0.00000e+00	0.00000e+00	0.00000e+00	0.00000e+00	0.00000e+00	0.00000e+00	0.00000e+00	0.00000e+00	0.00000e+00	0.00000e+00	0.00000e+00	0.00000e+00	0.00000e+00	0.00000e+00	0.00000e+00	0.00000e+00	0.00000e+00	0.00000e+00	0.00000e+00	0.00000e+00
19.16	0.00000e+00	0.00000e+00	0.00000e+00	0.00000e+00	0.00000e+00	0.00000e+00	0.00000e+00	0.00000e+00	0.00000e+00	0.00000e+00	0.00000e+00	0.00000e+00	0.00000e+00	0.00000e+00	0.00000e+00	0.00000e+00	0.00000e+00	0.00000e+00	0.00000e+00	0.00000e+00	0.00000e+00	0.00000e+00	0.00000e+00	0.00000e+00	0.00000e+00	0.00000e+00	0.00000e+00	0.00000e+00	0.00000e+00	0.00000e+00	0.00000e+00	0.00000e+00	0.00000e+00	0.00000e+00	0.00000e+00	0.00000e+00	0.00000e+00	0.00000e+00	0.00000e+00	0.00000e+00	0.00000e+00	0.00000e+00	0.00000e+00	0.00000e+00	0.00000e+00	0.00000e+00	0.00000e+00	0.00000e+00	0.00000e+00	0.00000e+00	0.00000e+00	0.00000e+00	0.00000e+00	0.00000e+00	0.00000e+00	0.00000e+00	0.00000e+00	0.00000e+00	0.00000e+00	0.00000e+00	0.00000e+00	0.00000e+00	0.00000e+00	0.00000e+00	0.00000e+00	0.00000e+00	0.00000e+00	0.00000e+00	0.00000e+00	0.00000e+00	0.00000e+00	0.00000e+00	0.00000e+00	0.00000e+00	0.00000e+00	0.00000e+00	0.00000e+00	0.00000e+00	0.00000e+00	0.00000e+00	0.00000e+00	0.00000e+00	0.00000e+00	0.00000e+00	0.00000e+00	0.00000e+00	0.00000e+00	0.00000e+00	0.00000e+00	0.00000e+00	0.00000e+00	0.00000e+00	0.00000e+00	0.00000e+00	0.00000e+00	0.00000e+00	0.00000e+00	0.00000e+00	0.00000e+00	0.00000e+00	0.00000e+00	0.00000e+00	0.00000e+00	0.00000e+00	0.00000e+00	0.00000e+00	0.00000e+00	0.00000e+00	0.00000e+00	0.00000e+00	0.00000e+00	0.00000e+00	0.00000e+00	0.00000e+00	0.00000e+00	0.00000e+00	0.00000e+00	0.00000e+00	0.00000e+00	0.00000e+00	0.00000e+00	0.00000e+00	0.00000e+00	0.00000e+00	0.00000e+00	0.00000e+00	0.00000e+00	0.00000e+00	0.00000e+00	0.00000e+00	0.00000e+00	0.00000e+00	0.00000e+00
19.20	0.00000e+00	0.00000e+00	0.00000e+00	0.00000e+00	0.00000e+00	0.00000e+00	0.00000e+00	0.00000e+00	0.00000e+00	0.00000e+00	0.00000e+00	0.00000e+00	0.00000e+00	0.00000e+00	0.00000e+00	0.00000e+00	0.00000e+00	0.00000e+00	0.00000e+00	0.00000e+00	0.00000e+00	0.00000e+00	0.00000e+00	0.00000e+00	0.00000e+00	0.00000e+00	0.00000e+00	0.00000e+00	0.00000e+00	0.00000e+00	0.00000e+00	0.00000e+00	0.00000e+00	0.00000e+00	0.00000e+00	0.00000e+00	0.00000e+00	0.00000e+00	0.00000e+00	0.00000e+00	0.00000e+00	0.00000e+00	0.00000e+00	0.00000e+00	0.00000e+00	0.00000e+00	0.00000e+00	0.00000e+00	0.00000e+00	0.00000e+00	0.00000e+00	0.00000e+00	0.00000e+00	0.00000e+00	0.00000e+00	0.00000e+00	0.00000e+00	0.00000e+00	0.00000e+00	0.00000e+00	0.00000e+00	0.00000e+00	0.00000e+00	0.00000e+00	0.00000e+00	0.00000e+00	0.00000e+00	0.00000e+00	0.00000e+00	0.00000e+00	0.00000e+00	0.00000e+00	0.00000e+00	0.00000e+00	0.00000e+00	0.00000e+00	0.00000e+00	0.00000e+00	0.00000e+00	0.00000e+00	0.00000e+00	0.00000e+00	0.00000e+00	0.00000e+00	0.00000e+00	0.00000e+00	0.00000e+00	0.00000e+00	0.00000e+00	0.00000e+00	0.00000e+00	0.00000e+00	0.00000e+00	0.00000e+00	0.00000e+00	0.00000e+00	0.00000e+00	0.00000e+00	0.00000e+00	0.00000e+00	0.00000e+00	0.00000e+00	0.00000e+00	0.00000e+00	0.00000e+00	0.00000e+00	0.00000e+00	0.00000e+00	0.00000e+00	0.00000e+00	0.00000e+00	0.00000e+00	0.00000e+00	0.00000e+00	0.00000e+00	0.00000e+00	0.00000e+00	0.00000e+00	0.00000e+00	0.00000e+00	0.00000e+00	0.00000e+00	0.00000e+00	0.00000e+00	0.00000e+00	0.00000e+00	0.00000e+00	0.00000e+00	0.00000e+00	0.00000e+00	0.00000e+00	0.00000e+00	0.00000e+00
19.23	0.00000e+00	0.00000e+00	0.00000e+00	0.00000e+00	0.00000e+00	0.00000e+00	0.00000e+00	0.00000e+00	0.00000e+00	0.00000e+00	0.00000e+00	0.00000e+00	0.00000e+00	0.00000e+00	0.00000e+00	0.00000e+00	0.00000e+00	0.00000e+00	0.00000e+00	0.00000e+00	0.00000e+00	0.00000e+00	0.00000e+00	0.00000e+00	0.00000e+00	0.00000e+00	0.00000e+00	0.00000e+00	0.00000e+00	0.00000e+00	0.00000e+00	0.00000e+00	0.00000e+00	0.00000e+00	0.00000e+00	0.00000e+00	0.00000e+00	0.00000e+00	0.00000e+00	0.00000e+00	0.00000e+00	0.00000e+00	0.00000e+00	0.00000e+00	0.00000e+00	0.00000e+00	0.00000e+00	0.00000e+00	0.00000e+00	0.00000e+00	0.00000e+00	0.00000e+00	0.00000e+00	0.00000e+00	0.00000e+00	0.00000e+00	0.00000e+00	0.00000e+00	0.00000e+00	0.00000e+00	0.00000e+00	0.00000e+00	0.00000e+00	0.00000e+00	0.00000e+00	0.00000e+00	0.00000e+00	0.00000e+00	0.00000e+00	0.00000e+00	0.00000e+00	0.00000e+00	0.00000e+00	0.00000e+00	0.00000e+00	0.00000e+00	0.00000e+00	0.00000e+00	0.00000e+00	0.00000e+00	0.00000e+00	0.00000e+00	0.00000e+00	0.00000e+00	0.00000e+00	0.00000e+00	0.00000e+00	0.00000e+00	0.00000e+00	0.00000e+00	0.00000e+00	0.00000e+00	0.00000e+00	0.00000e+00	0.00000e+00	0.00000e+00	0.00000e+00	0.00000e+00	0.00000e+00	0.00000e+00	0.00000e+00	0.00000e+00	0.00000e+00	0.00000e+00	0.00000e+00	0.00000e+00	0.00000e+00	0.00000e+00	0.00000e+00	0.00000e+00	0.00000e+00	0.00000e+00	0.00000e+00	0.00000e+00	0.00000e+00	0.00000e+00	0.00000e+00	0.00000e+00	0.00000e+00	0.00000e+00	0.00000e+00	0.00000e+00	0.00000e+00	0.00000e+00	0.00000e+00	0.00000e+00	0.00000e+00	0.00000e+00	0.00000e+00	0.00000e+00	0.00000e+00	0.00000e+00	0.00000e+00
19.27	0.00000e+00	0.00000e+00	0.00000e+00	0.00000e+00	0.00000e+00	0.00000e+00	0.00000e+00	0.00000e+00	0.00000e+00	0.00000e+00	0.00000e+00	0.00000e+00	0.00000e+00	0.00000e+00	0.00000e+00	0.00000e+00	0.00000e+00	0.00000e+00	0.00000e+00	0.00000e+00	0.00000e+00	0.00000e+00	0.00000e+00	0.00000e+00	0.00000e+00	0.00000e+00	0.00000e+00	0.00000e+00	0.00000e+00	0.00000e+00	0.00000e+00	0.00000e+00	0.00000e+00	0.00000e+00	0.00000e+00	0.00000e+00	0.00000e+00	0.00000e+00	0.00000e+00	0.00000e+00	0.00000e+00	0.00000e+00	0.00000e+00	0.00000e+00	0.00000e+00	0.00000e+00	0.00000e+00	0.00000e+00	0.00000e+00	0.00000e+00	0.00000e+00	0.00000e+00	0.00000e+00	0.00000e+00	0.00000e+00	0.00000e+00	0.00000e+00	0.00000e+00	0.00000e+00	0.00000e+00	0.00000e+00	0.00000e+00	0.00000e+00	0.00000e+00	0.00000e+00	0.00000e+00	0.00000e+00	0.00000e+00	0.00000e+00	0.00000e+00	0.00000e+00	0.00000e+00	0.00000e+00	0.00000e+00	0.00000e+00	0.00000e+00	0.00000e+00	0.00000e+00	0.00000e+00	0.00000e+00	0.00000e+00	0.00000e+00	0.00000e+00	0.00000e+00	0.00000e+00	0.00000e+00	0.00000e+00	0.00000e+00	0.00000e+00	0.00000e+00	0.00000e+00	0.00000e+00	0.00000e+00	0.00000e+00	0.00000e+00	0.00000e+00	0.00000e+00	0.00000e+00	0.00000e+00	0.00000e+00	0.00000e+00	0.00000e+00	0.00000e+00	0.00000e+00	0.00000e+00	0.00000e+00	0.00000e+00	0.00000e+00	0.00000e+00	0.00000e+00	0.00000e+00	0.00000e+00	0.00000e+00	0.00000e+00	0.00000e+00	0.00000e+00	0.00000e+00	0.00000e+00	0.00000e+00	0.00000e+00	0.00000e+00	0.00000e+00	0.00000e+00	0.00000e+00	0.00000e+00	0.00000e+00	0.00000e+00	0.00000e+00	0.00000e+00	0.00000e+00	0.00000e+00	0.00000e+00	0.00000e+00
19.30	0.00000e+00	0.00000e+00	0.00000e+00	0.00000e+00	0.00000e+00	0.00000e+00	0.00000e+00	0.00000e+00	0.00000e+00	0.00000e+00	0.00000e+00	0.00000e+00	0.00000e+00	0.00000e+00	0.00000e+00	0.00000e+00	0.00000e+00	0.00000e+00	0.00000e+00	0.00000e+00	0.00000e+00	0.00000e+00	0.00000e+00	0.00000e+00	0.00000e+00	0.00000e+00	0.00000e+00	0.00000e+00	0.00000e+00	0.00000e+00	0.00000e+00	0.00000e+00	0.00000e+00	0.00000e+00	0.00000e+00	0.00000e+00	0.00000e+00	0.00000e+00	0.00000e+00	0.00000e+00	0.00000e+00	0.00000e+00	0.00000e+00	0.00000e+00	0.00000e+00	0.00000e+00	0.00000e+00	0.00000e+00	0.00000e+00	0.00000e+00	0.00000e+00	0.00000e+00	0.00000e+00	0.00000e+00	0.00000e+00	0.00000e+00	0.00000e+00	0.00000e+00	0.00000e+00	0.00000e+00	0.00000e+00	0.00000e+00	0.00000e+00	0.00000e+00	0.00000e+00	0.00000e+00	0.00000e+00	0.00000e+00	0.00000e+00	0.00000e+00	0.00000e+00	0.00000e+00	0.00000e+00	0.00000e+00	0.00000e+00	0.00000e+00	0.00000e+00	0.00000e+00	0.00000e+00	0.00000e+00	0.00000e+00	0.00000e+00	0.00000e+00	0.00000e+00	0.00000e+00	0.00000e+00	0.00000e+00	0.00000e+00	0.00000e+00	0.00000e+00	0.00000e+00	0.00000e+00	0.00000e+00	0.00000e+00	0.00000e+00	0.00000e+00	0.00000e+00	0.00000e+00	0.00000e+00	0.00000e+00	0.00000e+00	0.00000e+00	0.00000e+00	0.00000e+00	0.00000e+00	0.00000e+00	0.00000e+00	0.00000e+00	0.00000e+00	0.00000e+00	0.00000e+00	0.00000e+00	0.00000e+00	0.00000e+00	0.00000e+00	0.00000e+00	0.00000e+00	0.00000e+00	0.00000e+00	0.00000e+00	0.00000e+00	0.00000e+00	0.00000e+00	0.00000e+00	0.00000e+00	0.00000e+00	0.00000e+00	0.00000e+00	0.00000e+00	0.00000e+00	0.00000e+00	0.00000e+00	0.00000e+00
19.33	0.00000e+00	0.00000e+00	0.00000e+00	0.00000e+00	0.00000e+00	0.00000e+00	0.00000e+00	0.00000e+00	0.00000e+00	0.00000e+00	0.00000e+00	0.00000e+00	0.00000e+00	0.00000e+00	0.00000e+00	0.00000e+00	0.00000e+00	0.00000e+00	0.00000e+00	0.00000e+00	0.00000e+00	0.00000e+00	0.00000e+00	0.00000e+00	0.00000e+00	0.00000e+00	0.00000e+00	0.00000e+00	0.00000e+00	0.00000e+00	0.00000e+00	0.00000e+00	0.00000e+00	0.00000e+00	0.00000e+00	0.00000e+00	0.00000e+00	0.00000e+00	0.00000e+00	0.00000e+00	0.00000e+00	0.00000e+00	0.00000e+00	0.00000e+00	0.00000e+00	0.00000e+00	0.00000e+00	0.00000e+00	0.00000e+00	0.00000e+00	0.00000e+00	0.00000e+00	0.00000e+00	0.00000e+00	0.00000e+00	0.00000e+00	0.00000e+00	0.00000e+00	0.00000e+00	0.00000e+00	0.00000e+00	0.00000e+00	0.00000e+00	0.00000e+00	0.00000e+00	0.00000e+00	0.00000e+00	0.00000e+00	0.00000e+00	0.00000e+00	0.00000e+00	0.00000e+00	0.00000e+00	0.00000e+00	0.00000e+00	0.00000e+00	0.00000e+00	0.00000e+00	0.00000e+00	0.00000e+00	0.00000e+00	0.00000e+00	0.00000e+00	0.00000e+00	0.00000e+00	0.00000e+00	0.00000e+00	0.00000e+00	0.00000e+00	0.00000e+00	0.00000e+00	0.00000e+00	0.00000e+00	0.00000e+00	0.00000e+00	0.00000e+00	0.00000e+00	0.00000e+00	0.00000e+00	0.00000e+00	0.00000e+00	0.00000e+00	0.00000e+00	0.00000e+00	0.00000e+00	0.00000e+00	0.00000e+00	0.00000e+00	0.00000e+00	0.00000e+00	0.00000e+00	0.00000e+00	0.00000e+00	0.00000e+00	0.00000e+00	0.00000e+00	0.00000e+00	0.00000e+00	0.00000e+00	0.00000e+00	0.00000e+00	0.00000e+00	0.00000e+00	0.00000e+00	0.00000e+00	0.00000e+00	0.00000e+00	0.00000e+00	0.00000e+00	0.00000e+00	0.00000e+00	0.00000e+00	0.00000e+00
19.37	0.00000e+00	0.00000e+00	0.00000e+00	0.00000e+00	0.00000e+00	0.00000e+00	0.00000e+00	0.00000e+00	0.00000e+00	0.00000e+00	0.00000e+00	0.00000e+00	0.00000e+00	0.00000e+00	0.00000e+00	0.00000e+00	0.00000e+00	0.00000e+00	0.00000e+00	0.00000e+00	0.00000e+00	0.00000e+00	0.00000e+00	0.00000e+00	0.00000e+00	0.00000e+00	0.00000e+00	0.00000e+00	0.00000e+00	0.00000e+00	0.00000e+00	0.00000e+00	0.00000e+00	0.00000e+00	0.00000e+00	0.00000e+00	0.00000e+00	0.00000e+00	0.00000e+00	0.00000e+00	0.00000e+00	0.00000e+00	0.00000e+00	0.00000e+00	0.00000e+00	0.00000e+00	0.00000e+00	0.00000e+00	0.00000e+00	0.00000e+00	0.00000e+00	0.00000e+00	0.00000e+00	0.00000e+00	0.00000e+00	0.00000e+00	0.00000e+00	0.00000e+00	0.00000e+00	0.00000e+00	0.00000e+00	0.00000e+00	0.00000e+00	0.00000e+00	0.00000e+00	0.00000e+00	0.00000e+00	0.00000e+00	0.00000e+00	0.00000e+00	0.00000e+00	0.00000e+00	0.00000e+00	0.00000e+00	0.00000e+00	0.00000e+00	0.00000e+00	0.00000e+00	0.00000e+00	0.00000e+00	0.00000e+00	0.00000e+00	0.00000e+00	0.00000e+00	0.00000e+00	0.00000e+00	0.00000e+00	0.00000e+00	0.00000e+00	0.00000e+00	0.00000e+00	0.00000e+00	0.00000e+00	0.00000e+00	0.00000e+00	0.00000e+00	0.00000e+00	0.00000e+00	0.00000e+00	0.00000e+00	0.00000e+00	0.00000e+00	0.00000e+00	0.00000e+00	0.00000e+00	0.00000e+00	0.00000e+00	0.00000e+00	0.00000e+00	0.00000e+00	0.00000e+00	0.00000e+00	0.00000e+00	0.00000e+00	0.00000e+00	0.00000e+00	0.00000e+00	0.00000e+00	0.00000e+00	0.00000e+00	0.00000e+00	0.00000e+00	0.00000e+00	0.00000e+00	0.00000e+00	0.00000e+00	0.00000e+00	0.00000e+00	0.00000e+00	0.00000e+00	0.00000e+00	0.00000e+00	0.00000e+00
19.40	0.00000e+00	0.00000e+00	0.00000e+00	0.00000e+00	0.00000e+00	0.00000e+00	0.00000e+00	0.00000e+00	0.00000e+00	0.00000e+00	0.00000e+00	0.00000e+00	0.00000e+00	0.00000e+00	0.00000e+00	0.00000e+00	0.00000e+00	0.00000e+00	0.00000e+00	0.00000e+00	0.00000e+00	0.00000e+00	0.00000e+00	0.00000e+00	0.00000e+00	0.00000e+00	0.00000e+00	0.00000e+00	0.00000e+00	0.00000e+00	0.00000e+00	0.00000e+00	0.00000e+00	0.00000e+00	0.00000e+00	0.00000e+00	0.00000e+00	0.00000e+00	0.00000e+00	0.00000e+00	0.00000e+00	0.00000e+00	0.00000e+00	0.00000e+00	0.00000e+00	0.00000e+00	0.00000e+00	0.00000e+00	0.00000e+00	0.00000e+00	0.00000e+00	0.00000e+00	0.00000e+00	0.00000e+00	0.00000e+00	0.00000e+00	0.00000e+00	0.00000e+00	0.00000e+00	0.00000e+00	0.00000e+00	0.00000e+00	0.00000e+00	0.00000e+00	0.00000e+00	0.00000e+00	0.00000e+00	0.00000e+00	0.00000e+00	0.00000e+00	0.00000e+00	0.00000e+00	0.00000e+00	0.00000e+00	0.00000e+00	0.00000e+00	0.00000e+00	0.00000e+00	0.00000e+00	0.00000e+00	0.00000e+00	0.00000e+00	0.00000e+00	0.00000e+00	0.00000e+00	0.00000e+00	0.00000e+00	0.00000e+00	0.00000e+00	0.00000e+00	0.00000e+00	0.00000e+00	0.00000e+00	0.00000e+00	0.00000e+00	0.00000e+00	0.00000e+00	0.00000e+00	0.00000e+00	0.00000e+00	0.00000e+00	0.00000e+00	0.00000e+00	0.00000e+00	0.00000e+00	0.00000e+00	0.00000e+00	0.00000e+00	0.00000e+00	0.00000e+00	0.00000e+00	0.00000e+00	0.00000e+00	0.00000e+00	0.00000e+00	0.00000e+00	0.00000e+00	0.00000e+00	0.00000e+00	0.00000e+00	0.00000e+00	0.00000e+00	0.00000e+00	0.00000e+00	0.00000e+00	0.00000e+00	0.00000e+00	0.00000e+00	0.00000e+00	0.00000e+00	0.00000e+00	0.00000e+00	0.00000e+00
19.44	0.00000e+00	0.00000e+00	0.00000e+00	0.00000e+00	0.00000e+00	0.00000e+00	0.00000e+00	0.00000e+00	0.00000e+00	0.00000e+00	0.00000e+00	0.00000e+00	0.00000e+00	0.00000e+00	0.00000e+00	0.00000e+00	0.00000e+00	0.00000e+00	0.00000e+00	0.00000e+00	0.00000e+00	0.00000e+00	0.00000e+00	0.00000e+00	0.00000e+00	0.00000e+00	0.00000e+00	0.00000e+00	0.00000e+00	0.00000e+00	0.00000e+00	0.00000e+00	0.00000e+00	0.00000e+00	0.00000e+00	0.00000e+00	0.00000e+00	0.00000e+00	0.00000e+00	0.00000e+00	0.00000e+00	0.00000e+00	0.00000e+00	0.00000e+00	0.00000e+00	0.00000e+00	0.00000e+00	0.00000e+00	0.00000e+00	0.00000e+00	0.00000e+00	0.00000e+00	0.00000e+00	0.00000e+00	0.00000e+00	0.00000e+00	0.00000e+00	0.00000e+00	0.00000e+00	0.00000e+00	0.00000e+00	0.00000e+00	0.00000e+00	0.00000e+00	0.00000e+00	0.00000e+00	0.00000e+00	0.00000e+00	0.00000e+00	0.00000e+00	0.00000e+00	0.00000e+00	0.00000e+00	0.00000e+00	0.00000e+00	0.00000e+00	0.00000e+00	0.00000e+00	0.00000e+00	0.00000e+00	0.00000e+00	0.00000e+00	0.00000e+00	0.00000e+00	0.00000e+00	0.00000e+00	0.00000e+00	0.00000e+00	0.00000e+00	0.00000e+00	0.00000e+00	0.00000e+00	0.00000e+00	0.00000e+00	0.00000e+00	0.00000e+00	0.00000e+00	0.00000e+00	0.00000e+00	0.00000e+00	0.00000e+00	0.00000e+00	0.00000e+00	0.00000e+00	0.00000e+00	0.00000e+00	0.00000e+00	0.00000e+00	0.00000e+00	0.00000e+00	0.00000e+00	0.00000e+00	0.00000e+00	0.00000e+00	0.00000e+00	0.00000e+00	0.00000e+00	0.00000e+00	0.00000e+00	0.00000e+00	0.00000e+00	0.00000e+00	0.00000e+00	0.00000e+00	0.00000e+00	0.00000e+00	0.00000e+00	0.00000e+00	0.00000e+00	0.00000e+00	0.00000e+00	0.00000e+00	0.00000e+00
19.47	0.00000e+00	0.00000e+00	0.00000e+00	0.00000e+00	0.00000e+00	0.00000e+00	0.00000e+00	0.00000e+00	0.00000e+00	0.00000e+00	0.00000e+00	0.00000e+00	0.00000e+00	0.00000e+00	0.00000e+00	0.00000e+00	0.00000e+00	0.00000e+00	0.00000e+00	0.00000e+00	0.00000e+00	0.00000e+00	0.00000e+00	0.00000e+00	0.00000e+00	0.00000e+00	0.00000e+00	0.00000e+00	0.00000e+00	0.00000e+00	0.00000e+00	0.00000e+00	0.00000e+00	0.00000e+00	0.00000e+00	0.00000e+00	0.00000e+00	0.00000e+00	0.00000e+00	0.00000e+00	0.00000e+00	0.00000e+00	0.00000e+00	0.00000e+00	0.00000e+00	0.00000e+00	0.00000e+00	0.00000e+00	0.00000e+00	0.00000e+00	0.00000e+00	0.00000e+00	0.00000e+00	0.00000e+00	0.00000e+00	0.00000e+00	0.00000e+00	0.00000e+00	0.00000e+00	0.00000e+00	0.00000e+00	0.00000e+00	0.00000e+00	0.00000e+00	0.00000e+00	0.00000e+00	0.00000e+00	0.00000e+00	0.00000e+00	0.00000e+00	0.00000e+00	0.00000e+00	0.00000e+00	0.00000e+00	0.00000e+00	0.00000e+00	0.00000e+00	0.00000e+00	0.00000e+00	0.00000e+00	0.00000e+00	0.00000e+00	0.00000e+00	0.00000e+00	0.00000e+00	0.00000e+00	0.00000e+00	0.00000e+00	0.00000e+00	0.00000e+00	0.00000e+00	0.00000e+00	0.00000e+00	0.00000e+00	0.00000e+00	0.00000e+00	0.00000e+00	0.00000e+00	0.00000e+00	0.00000e+00	0.00000e+00	0.00000e+00	0.00000e+00	0.00000e+00	0.00000e+00	0.00000e+00	0.00000e+00	0.00000e+00	0.00000e+00	0.00000e+00	0.00000e+00	0.00000e+00	0.00000e+00	0.00000e+00	0.00000e+00	0.00000e+00	0.00000e+00	0.00000e+00	0.00000e+00	0.00000e+00	0.00000e+00	0.00000e+00	0.00000e+00	0.00000e+00	0.00000e+00	0.00000e+00	0.00000e+00	0.00000e+00	0.00000e+00	0.00000e+00	0.00000e+00	0.00000e+00	0.00000e+00
19.51	0.00000e+00	0.00000e+00	0.00000e+00	0.00000e+00	0.00000e+00	0.00000e+00	0.00000e+00	0.00000e+00	0.00000e+00	0.00000e+00	0.00000e+00	0.00000e+00	0.00000e+00	0.00000e+00	0.00000e+00	0.00000e+00	0.00000e+00	0.00000e+00	0.00000e+00	0.00000e+00	0.00000e+00	0.00000e+00	0.00000e+00	0.00000e+00	0.00000e+00	0.00000e+00	0.00000e+00	0.00000e+00	0.00000e+00	0.00000e+00	0.00000e+00	0.00000e+00	0.00000e+00	0.00000e+00	0.00000e+00	0.00000e+00	0.00000e+00	0.00000e+00	0.00000e+00	0.00000e+00	0.00000e+00	0.00000e+00	0.00000e+00	0.00000e+00	0.00000e+00	0.00000e+00	0.00000e+00	0.00000e+00	0.00000e+00	0.00000e+00	0.00000e+00	0.00000e+00	0.00000e+00	0.00000e+00	0.00000e+00	0.00000e+00	0.00000e+00	0.00000e+00	0.00000e+00	0.00000e+00	0.00000e+00	0.00000e+00	0.00000e+00	0.00000e+00	0.00000e+00	0.00000e+00	0.00000e+00	0.00000e+00	0.00000e+00	0.00000e+00	0.00000e+00	0.00000e+00	0.00000e+00	0.00000e+00	0.00000e+00	0.00000e+00	0.00000e+00	0.00000e+00	0.00000e+00	0.00000e+00	0.00000e+00	0.00000e+00	0.00000e+00	0.00000e+00	0.00000e+00	0.00000e+00	0.00000e+00	0.00000e+00	0.00000e+00	0.00000e+00	0.00000e+00	0.00000e+00	0.00000e+00	0.00000e+00	0.00000e+00	0.00000e+00	0.00000e+00	0.00000e+00	0.00000e+00	0.00000e+00	0.00000e+00	0.00000e+00	0.00000e+00	0.00000e+00	0.00000e+00	0.00000e+00	0.00000e+00	0.00000e+00	0.00000e+00	0.00000e+00	0.00000e+00	0.00000e+00	0.00000e+00	0.00000e+00	0.00000e+00	0.00000e+00	0.00000e+00	0.00000e+00	0.00000e+00	0.00000e+00	0.00000e+00	0.00000e+00	0.00000e+00	0.00000e+00	0.00000e+00	0.00000e+00	0.00000e+00	0.00000e+00	0.00000e+00	0.00000e+00	0.00000e+00	0.00000e+00	0.00000e+00
19.54	0.00000e+00	0.00000e+00	0.00000e+00	0.00000e+00	0.00000e+00	0.00000e+00	0.00000e+00	0.00000e+00	0.00000e+00	0.00000e+00	0.00000e+00	0.00000e+00	0.00000e+00	0.00000e+00	0.00000e+00	0.00000e+00	0.00000e+00	0.00000e+00	0.00000e+00	0.00000e+00	0.00000e+00	0.00000e+00	0.00000e+00	0.00000e+00	0.00000e+00	0.00000e+00	0.00000e+00	0.00000e+00	0.00000e+00	0.00000e+00	0.00000e+00	0.00000e+00	0.00000e+00	0.00000e+00	0.00000e+00	0.00000e+00	0.00000e+00	0.00000e+00	0.00000e+00	0.00000e+00	0.00000e+00	0.00000e+00	0.00000e+00	0.00000e+00	0.00000e+00	0.00000e+00	0.00000e+00	0.00000e+00	0.00000e+00	0.00000e+00	0.00000e+00	0.00000e+00	0.00000e+00	0.00000e+00	0.00000e+00	0.00000e+00	0.00000e+00	0.00000e+00	0.00000e+00	0.00000e+00	0.00000e+00	0.00000e+00	0.00000e+00	0.00000e+00	0.00000e+00	0.00000e+00	0.00000e+00	0.00000e+00	0.00000e+00	0.00000e+00	0.00000e+00	0.00000e+00	0.00000e+00	0.00000e+00	0.00000e+00	0.00000e+00	0.00000e+00	0.00000e+00	0.00000e+00	0.00000e+00	0.00000e+00	0.00000e+00	0.00000e+00	0.00000e+00	0.00000e+00	0.00000e+00	0.00000e+00	0.00000e+00	0.00000e+00	0.00000e+00	0.00000e+00	0.00000e+00	0.00000e+00	0.00000e+00	0.00000e+00	0.00000e+00	0.00000e+00	0.00000e+00	0.00000e+00	0.00000e+00	0.00000e+00	0.00000e+00	0.00000e+00	0.00000e+00	0.00000e+00	0.00000e+00	0.00000e+00	0.00000e+00	0.00000e+00	0.00000e+00	0.00000e+00	0.00000e+00	0.00000e+00	0.00000e+00	0.00000e+00	0.00000e+00	0.00000e+00	0.00000e+00	0.00000e+00	0.00000e+00	0.00000e+00	0.00000e+00	0.00000e+00	0.00000e+00	0.00000e+00	0.00000e+00	0.00000e+00	0.00000e+00	0.00000e+00	0.00000e+00	0.00000e+00	0.00000e+00	0.00000e+00
19.57	0.00000e+00	0.00000e+00	0.00000e+00	0.00000e+00	0.00000e+00	0.00000e+00	0.00000e+00	0.00000e+00	0.00000e+00	0.00000e+00	0.00000e+00	0.00000e+00	0.00000e+00	0.00000e+00	0.00000e+00	0.00000e+00	0.00000e+00	0.00000e+00	0.00000e+00	0.00000e+00	0.00000e+00	0.00000e+00	0.00000e+00	0.00000e+00	0.00000e+00	0.00000e+00	0.00000e+00	0.00000e+00	0.00000e+00	0.00000e+00	0.00000e+00	0.00000e+00	0.00000e+00	0.00000e+00	0.00000e+00	0.00000e+00	0.00000e+00	0.00000e+00	0.00000e+00	0.00000e+00	0.00000e+00	0.00000e+00	0.00000e+00	0.00000e+00	0.00000e+00	0.00000e+00	0.00000e+00	0.00000e+00	0.00000e+00	0.00000e+00	0.00000e+00	0.00000e+00	0.00000e+00	0.00000e+00	0.00000e+00	0.00000e+00	0.00000e+00	0.00000e+00	0.00000e+00	0.00000e+00	0.00000e+00	0.00000e+00	0.00000e+00	0.00000e+00	0.00000e+00	0.00000e+00	0.00000e+00	0.00000e+00	0.00000e+00	0.00000e+00	0.00000e+00	0.00000e+00	0.00000e+00	0.00000e+00	0.00000e+00	0.00000e+00	0.00000e+00	0.00000e+00	0.00000e+00	0.00000e+00	0.00000e+00	0.00000e+00	0.00000e+00	0.00000e+00	0.00000e+00	0.00000e+00	0.00000e+00	0.00000e+00	0.00000e+00	0.00000e+00	0.00000e+00	0.00000e+00	0.00000e+00	0.00000e+00	0.00000e+00	0.00000e+00	0.00000e+00	0.00000e+00	0.00000e+00	0.00000e+00	0.00000e+00	0.00000e+00	0.00000e+00	0.00000e+00	0.00000e+00	0.00000e+00	0.00000e+00	0.00000e+00	0.00000e+00	0.00000e+00	0.00000e+00	0.00000e+00	0.00000e+00	0.00000e+00	0.00000e+00	0.00000e+00	0.00000e+00	0.00000e+00	0.00000e+00	0.00000e+00	0.00000e+00	0.00000e+00	0.00000e+00	0.00000e+00	0.00000e+00	0.00000e+00	0.00000e+00	0.00000e+00	0.00000e+00	0.00000e+00	0.00000e+00	0.00000e+00	0.00000e+00
19.61	0.00000e+00	0.00000e+00	0.00000e+00	0.00000e+00	0.00000e+00	0.00000e+00	0.00000e+00	0.00000e+00	0.00000e+00	0.00000e+00	0.00000e+00	0.00000e+00	0.00000e+00	0.00000e+00	0.00000e+00	0.00000e+00	0.00000e+00	0.00000e+00	0.00000e+00	0.00000e+00	0.00000e+00	0.00000e+00	0.00000e+00	0.00000e+00	0.00000e+00	0.00000e+00	0.00000e+00	0.00000e+00	0.00000e+00	0.00000e+00	0.00000e+00	0.00000e+00	0.00000e+00	0.00000e+00	0.00000e+00	0.00000e+00	0.00000e+00	0.00000e+00	0.00000e+00	0.00000e+00	0.00000e+00	0.00000e+00	0.00000e+00	0.00000e+00	0.00000e+00	0.00000e+00	0.00000e+00	0.00000e+00	0.00000e+00	0.00000e+00	0.00000e+00	0.00000e+00	0.00000e+00	0.00000e+00	0.00000e+00	0.00000e+00	0.00000e+00	0.00000e+00	0.00000e+00	0.00000e+00	0.00000e+00	0.00000e+00	0.00000e+00	0.00000e+00	0.00000e+00	0.00000e+00	0.00000e+00	0.00000e+00	0.00000e+00	0.00000e+00	0.00000e+00	0.00000e+00	0.00000e+00	0.00000e+00	0.00000e+00	0.00000e+00	0.00000e+00	0.00000e+00	0.00000e+00	0.00000e+00	0.00000e+00	0.00000e+00	0.00000e+00	0.00000e+00	0.00000e+00	0.00000e+00	0.00000e+00	0.00000e+00	0.00000e+00	0.00000e+00	0.00000e+00	0.00000e+00	0.00000e+00	0.00000e+00	0.00000e+00	0.00000e+00	0.00000e+00	0.00000e+00	0.00000e+00	0.00000e+00	0.00000e+00	0.00000e+00	0.00000e+00	0.00000e+00	0.00000e+00	0.00000e+00	0.00000e+00	0.00000e+00	0.00000e+00	0.00000e+00	0.00000e+00	0.00000e+00	0.00000e+00	0.00000e+00	0.00000e+00	0.00000e+00	0.00000e+00	0.00000e+00	0.00000e+00	0.00000e+00	0.00000e+00	0.00000e+00	0.00000e+00	0.00000e+00	0.00000e+00	0.00000e+00	0.00000e+00	0.00000e+00	0.00000e+00	0.00000e+00	0.00000e+00	0.00000e+00	0.00000e+00
19.64	0.00000e+00	0.00000e+00	0.00000e+00	0.00000e+00	0.00000e+00	0.00000e+00	0.00000e+00	0.00000e+00	0.00000e+00	0.00000e+00	0.00000e+00	0.00000e+00	0.00000e+00	0.00000e+00	0.00000e+00	0.00000e+00	0.00000e+00	0.00000e+00	0.00000e+00	0.00000e+00	0.00000e+00	0.00000e+00	0.00000e+00	0.00000e+00	0.00000e+00	0.00000e+00	0.00000e+00	0.00000e+00	0.00000e+00	0.00000e+00	0.00000e+00	0.00000e+00	0.00000e+00	0.00000e+00	0.00000e+00	0.00000e+00	0.00000e+00	0.00000e+00	0.00000e+00	0.00000e+00	0.00000e+00	0.00000e+00	0.00000e+00	0.00000e+00	0.00000e+00	0.00000e+00	0.00000e+00	0.00000e+00	0.00000e+00	0.00000e+00	0.00000e+00	0.00000e+00	0.00000e+00	0.00000e+00	0.00000e+00	0.00000e+00	0.00000e+00	0.00000e+00	0.00000e+00	0.00000e+00	0.00000e+00	0.00000e+00	0.00000e+00	0.00000e+00	0.00000e+00	0.00000e+00	0.00000e+00	0.00000e+00	0.00000e+00	0.00000e+00	0.00000e+00	0.00000e+00	0.00000e+00	0.00000e+00	0.00000e+00	0.00000e+00	0.00000e+00	0.00000e+00	0.00000e+00	0.00000e+00	0.00000e+00	0.00000e+00	0.00000e+00	0.00000e+00	0.00000e+00	0.00000e+00	0.00000e+00	0.00000e+00	0.00000e+00	0.00000e+00	0.00000e+00	0.00000e+00	0.00000e+00	0.00000e+00	0.00000e+00	0.00000e+00	0.00000e+00	0.00000e+00	0.00000e+00	0.00000e+00	0.00000e+00	0.00000e+00	0.00000e+00	0.00000e+00	0.00000e+00	0.00000e+00	0.00000e+00	0.00000e+00	0.00000e+00	0.00000e+00	0.00000e+00	0.00000e+00	0.00000e+00	0.00000e+00	0.00000e+00	0.00000e+00	0.00000e+00	0.00000e+00	0.00000e+00	0.00000e+00	0.00000e+00	0.00000e+00	0.00000e+00	0.00000e+00	0.00000e+00	0.00000e+00	0.00000e+00	0.00000e+00	0.00000e+00	0.00000e+00	0.00000e+00	0.00000e+00	0.00000e+00
19.68	0.00000e+00	0.00000e+00	0.00000e+00	0.00000e+00	0.00000e+00	0.00000e+00	0.00000e+00	0.00000e+00	0.00000e+00	0.00000e+00	0.00000e+00	0.00000e+00	0.00000e+00	0.00000e+00	0.00000e+00	0.00000e+00	0.00000e+00	0.00000e+00	0.00000e+00	0.00000e+00	0.00000e+00	0.00000e+00	0.00000e+00	0.00000e+00	0.00000e+00	0.00000e+00	0.00000e+00	0.00000e+00	0.00000e+00	0.00000e+00	0.00000e+00	0.00000e+00	0.00000e+00	0.00000e+00	0.00000e+00	0.00000e+00	0.00000e+00	0.00000e+00	0.00000e+00	0.00000e+00	0.00000e+00	0.00000e+00	0.00000e+00	0.00000e+00	0.00000e+00	0.00000e+00	0.00000e+00	0.00000e+00	0.00000e+00	0.00000e+00	0.00000e+00	0.00000e+00	0.00000e+00	0.00000e+00	0.00000e+00	0.00000e+00	0.00000e+00	0.00000e+00	0.00000e+00	0.00000e+00	0.00000e+00	0.00000e+00	0.00000e+00	0.00000e+00	0.00000e+00	0.00000e+00	0.00000e+00	0.00000e+00	0.00000e+00	0.00000e+00	0.00000e+00	0.00000e+00	0.00000e+00	0.00000e+00	0.00000e+00	0.00000e+00	0.00000e+00	0.00000e+00	0.00000e+00	0.00000e+00	0.00000e+00	0.00000e+00	0.00000e+00	0.00000e+00	0.00000e+00	0.00000e+00	0.00000e+00	0.00000e+00	0.00000e+00	0.00000e+00	0.00000e+00	0.00000e+00	0.00000e+00	0.00000e+00	0.00000e+00	0.00000e+00	0.00000e+00	0.00000e+00	0.00000e+00	0.00000e+00	0.00000e+00	0.00000e+00	0.00000e+00	0.00000e+00	0.00000e+00	0.00000e+00	0.00000e+00	0.00000e+00	0.00000e+00	0.00000e+00	0.00000e+00	0.00000e+00	0.00000e+00	0.00000e+00	0.00000e+00	0.00000e+00	0.00000e+00	0.00000e+00	0.00000e+00	0.00000e+00	0.00000e+00	0.00000e+00	0.00000e+00	0.00000e+00	0.00000e+00	0.00000e+00	0.00000e+00	0.00000e+00	0.00000e+00	0.00000e+00	0.00000e+00	0.00000e+00	0.00000e+00
19.71	0.00000e+00	0.00000e+00	0.00000e+00	0.00000e+00	0.00000e+00	0.00000e+00	0.00000e+00	0.00000e+00	0.00000e+00	0.00000e+00	0.00000e+00	0.00000e+00	0.00000e+00	0.00000e+00	0.00000e+00	0.00000e+00	0.00000e+00	0.00000e+00	0.00000e+00	0.00000e+00	0.00000e+00	0.00000e+00	0.00000e+00	0.00000e+00	0.00000e+00	0.00000e+00	0.00000e+00	0.00000e+00	0.00000e+00	0.00000e+00	0.00000e+00	0.00000e+00	0.00000e+00	0.00000e+00	0.00000e+00	0.00000e+00	0.00000e+00	0.00000e+00	0.00000e+00	0.00000e+00	0.00000e+00	0.00000e+00	0.00000e+00	0.00000e+00	0.00000e+00	0.00000e+00	0.00000e+00	0.00000e+00	0.00000e+00	0.00000e+00	0.00000e+00	0.00000e+00	0.00000e+00	0.00000e+00	0.00000e+00	0.00000e+00	0.00000e+00	0.00000e+00	0.00000e+00	0.00000e+00	0.00000e+00	0.00000e+00	0.00000e+00	0.00000e+00	0.00000e+00	0.00000e+00	0.00000e+00	0.00000e+00	0.00000e+00	0.00000e+00	0.00000e+00	0.00000e+00	0.00000e+00	0.00000e+00	0.00000e+00	0.00000e+00	0.00000e+00	0.00000e+00	0.00000e+00	0.00000e+00	0.00000e+00	0.00000e+00	0.00000e+00	0.00000e+00	0.00000e+00	0.00000e+00	0.00000e+00	0.00000e+00	0.00000e+00	0.00000e+00	0.00000e+00	0.00000e+00	0.00000e+00	0.00000e+00	0.00000e+00	0.00000e+00	0.00000e+00	0.00000e+00	0.00000e+00	0.00000e+00	0.00000e+00	0.00000e+00	0.00000e+00	0.00000e+00	0.00000e+00	0.00000e+00	0.00000e+00	0.00000e+00	0.00000e+00	0.00000e+00	0.00000e+00	0.00000e+00	0.00000e+00	0.00000e+00	0.00000e+00	0.00000e+00	0.00000e+00	0.00000e+00	0.00000e+00	0.00000e+00	0.00000e+00	0.00000e+00	0.00000e+00	0.00000e+00	0.00000e+00	0.00000e+00	0.00000e+00	0.00000e+00	0.00000e+00	0.00000e+00	0.00000e+00	0.00000e+00	0.00000e+00
19.74	0.00000e+00	0.00000e+00	0.00000e+00	0.00000e+00	0.00000e+00	0.00000e+00	0.00000e+00	0.00000e+00	0.00000e+00	0.00000e+00	0.00000e+00	0.00000e+00	0.00000e+00	0.00000e+00	0.00000e+00	0.00000e+00	0.00000e+00	0.00000e+00	0.00000e+00	0.00000e+00	0.00000e+00	0.00000e+00	0.00000e+00	0.00000e+00	0.00000e+00	0.00000e+00	0.00000e+00	0.00000e+00	0.00000e+00	0.00000e+00	0.00000e+00	0.00000e+00	0.00000e+00	0.00000e+00	0.00000e+00	0.00000e+00	0.00000e+00	0.00000e+00	0.00000e+00	0.00000e+00	0.00000e+00	0.00000e+00	0.00000e+00	0.00000e+00	0.00000e+00	0.00000e+00	0.00000e+00	0.00000e+00	0.00000e+00	0.00000e+00	0.00000e+00	0.00000e+00	0.00000e+00	0.00000e+00	0.00000e+00	0.00000e+00	0.00000e+00	0.00000e+00	0.00000e+00	0.00000e+00	0.00000e+00	0.00000e+00	0.00000e+00	0.00000e+00	0.00000e+00	0.00000e+00	0.00000e+00	0.00000e+00	0.00000e+00	0.00000e+00	0.00000e+00	0.00000e+00	0.00000e+00	0.00000e+00	0.00000e+00	0.00000e+00	0.00000e+00	0.00000e+00	0.00000e+00	0.00000e+00	0.00000e+00	0.00000e+00	0.00000e+00	0.00000e+00	0.00000e+00	0.00000e+00	0.00000e+00	0.00000e+00	0.00000e+00	0.00000e+00	0.00000e+00	0.00000e+00	0.00000e+00	0.00000e+00	0.00000e+00	0.00000e+00	0.00000e+00	0.00000e+00	0.00000e+00	0.00000e+00	0.00000e+00	0.00000e+00	0.00000e+00	0.00000e+00	0.00000e+00	0.00000e+00	0.00000e+00	0.00000e+00	0.00000e+00	0.00000e+00	0.00000e+00	0.00000e+00	0.00000e+00	0.00000e+00	0.00000e+00	0.00000e+00	0.00000e+00	0.00000e+00	0.00000e+00	0.00000e+00	0.00000e+00	0.00000e+00	0.00000e+00	0.00000e+00	0.00000e+00	0.00000e+00	0.00000e+00	0.00000e+00	0.00000e+00	0.00000e+00	0.00000e+00	0.00000e+00	0.00000e+00
19.78	0.00000e+00	0.00000e+00	0.00000e+00	0.00000e+00	0.00000e+00	0.00000e+00	0.00000e+00	0.00000e+00	0.00000e+00	0.00000e+00	0.00000e+00	0.00000e+00	0.00000e+00	0.00000e+00	0.00000e+00	0.00000e+00	0.00000e+00	0.00000e+00	0.00000e+00	0.00000e+00	0.00000e+00	0.00000e+00	0.00000e+00	0.00000e+00	0.00000e+00	0.00000e+00	0.00000e+00	0.00000e+00	0.00000e+00	0.00000e+00	0.00000e+00	0.00000e+00	0.00000e+00	0.00000e+00	0.00000e+00	0.00000e+00	0.00000e+00	0.00000e+00	0.00000e+00	0.00000e+00	0.00000e+00	0.00000e+00	0.00000e+00	0.00000e+00	0.00000e+00	0.00000e+00	0.00000e+00	0.00000e+00	0.00000e+00	0.00000e+00	0.00000e+00	0.00000e+00	0.00000e+00	0.00000e+00	0.00000e+00	0.00000e+00	0.00000e+00	0.00000e+00	0.00000e+00	0.00000e+00	0.00000e+00	0.00000e+00	0.00000e+00	0.00000e+00	0.00000e+00	0.00000e+00	0.00000e+00	0.00000e+00	0.00000e+00	0.00000e+00	0.00000e+00	0.00000e+00	0.00000e+00	0.00000e+00	0.00000e+00	0.00000e+00	0.00000e+00	0.00000e+00	0.00000e+00	0.00000e+00	0.00000e+00	0.00000e+00	0.00000e+00	0.00000e+00	0.00000e+00	0.00000e+00	0.00000e+00	0.00000e+00	0.00000e+00	0.00000e+00	0.00000e+00	0.00000e+00	0.00000e+00	0.00000e+00	0.00000e+00	0.00000e+00	0.00000e+00	0.00000e+00	0.00000e+00	0.00000e+00	0.00000e+00	0.00000e+00	0.00000e+00	0.00000e+00	0.00000e+00	0.00000e+00	0.00000e+00	0.00000e+00	0.00000e+00	0.00000e+00	0.00000e+00	0.00000e+00	0.00000e+00	0.00000e+00	0.00000e+00	0.00000e+00	0.00000e+00	0.00000e+00	0.00000e+00	0.00000e+00	0.00000e+00	0.00000e+00	0.00000e+00	0.00000e+00	0.00000e+00	0.00000e+00	0.00000e+00	0.00000e+00	0.00000e+00	0.00000e+00	0.00000e+00	0.00000e+00	0.00000e+00
19.81	0.00000e+00	0.00000e+00	0.00000e+00	0.00000e+00	0.00000e+00	0.00000e+00	0.00000e+00	0.00000e+00	0.00000e+00	0.00000e+00	0.00000e+00	0.00000e+00	0.00000e+00	0.00000e+00	0.00000e+00	0.00000e+00	0.00000e+00	0.00000e+00	0.00000e+00	0.00000e+00	0.00000e+00	0.00000e+00	0.00000e+00	0.00000e+00	0.00000e+00	0.00000e+00	0.00000e+00	0.00000e+00	0.00000e+00	0.00000e+00	0.00000e+00	0.00000e+00	0.00000e+00	0.00000e+00	0.00000e+00	0.00000e+00	0.00000e+00	0.00000e+00	0.00000e+00	0.00000e+00	0.00000e+00	0.00000e+00	0.00000e+00	0.00000e+00	0.00000e+00	0.00000e+00	0.00000e+00	0.00000e+00	0.00000e+00	0.00000e+00	0.00000e+00	0.00000e+00	0.00000e+00	0.00000e+00	0.00000e+00	0.00000e+00	0.00000e+00	0.00000e+00	0.00000e+00	0.00000e+00	0.00000e+00	0.00000e+00	0.00000e+00	0.00000e+00	0.00000e+00	0.00000e+00	0.00000e+00	0.00000e+00	0.00000e+00	0.00000e+00	0.00000e+00	0.00000e+00	0.00000e+00	0.00000e+00	0.00000e+00	0.00000e+00	0.00000e+00	0.00000e+00	0.00000e+00	0.00000e+00	0.00000e+00	0.00000e+00	0.00000e+00	0.00000e+00	0.00000e+00	0.00000e+00	0.00000e+00	0.00000e+00	0.00000e+00	0.00000e+00	0.00000e+00	0.00000e+00	0.00000e+00	0.00000e+00	0.00000e+00	0.00000e+00	0.00000e+00	0.00000e+00	0.00000e+00	0.00000e+00	0.00000e+00	0.00000e+00	0.00000e+00	0.00000e+00	0.00000e+00	0.00000e+00	0.00000e+00	0.00000e+00	0.00000e+00	0.00000e+00	0.00000e+00	0.00000e+00	0.00000e+00	0.00000e+00	0.00000e+00	0.00000e+00	0.00000e+00	0.00000e+00	0.00000e+00	0.00000e+00	0.00000e+00	0.00000e+00	0.00000e+00	0.00000e+00	0.00000e+00	0.00000e+00	0.00000e+00	0.00000e+00	0.00000e+00	0.00000e+00	0.00000e+00	0.00000e+00	0.00000e+00
19.85	0.00000e+00	0.00000e+00	0.00000e+00	0.00000e+00	0.00000e+00	0.00000e+00	0.00000e+00	0.00000e+00	0.00000e+00	0.00000e+00	0.00000e+00	0.00000e+00	0.00000e+00	0.00000e+00	0.00000e+00	0.00000e+00	0.00000e+00	0.00000e+00	0.00000e+00	0.00000e+00	0.00000e+00	0.00000e+00	0.00000e+00	0.00000e+00	0.00000e+00	0.00000e+00	0.00000e+00	0.00000e+00	0.00000e+00	0.00000e+00	0.00000e+00	0.00000e+00	0.00000e+00	0.00000e+00	0.00000e+00	0.00000e+00	0.00000e+00	0.00000e+00	0.00000e+00	0.00000e+00	0.00000e+00	0.00000e+00	0.00000e+00	0.00000e+00	0.00000e+00	0.00000e+00	0.00000e+00	0.00000e+00	0.00000e+00	0.00000e+00	0.00000e+00	0.00000e+00	0.00000e+00	0.00000e+00	0.00000e+00	0.00000e+00	0.00000e+00	0.00000e+00	0.00000e+00	0.00000e+00	0.00000e+00	0.00000e+00	0.00000e+00	0.00000e+00	0.00000e+00	0.00000e+00	0.00000e+00	0.00000e+00	0.00000e+00	0.00000e+00	0.00000e+00	0.00000e+00	0.00000e+00	0.00000e+00	0.00000e+00	0.00000e+00	0.00000e+00	0.00000e+00	0.00000e+00	0.00000e+00	0.00000e+00	0.00000e+00	0.00000e+00	0.00000e+00	0.00000e+00	0.00000e+00	0.00000e+00	0.00000e+00	0.00000e+00	0.00000e+00	0.00000e+00	0.00000e+00	0.00000e+00	0.00000e+00	0.00000e+00	0.00000e+00	0.00000e+00	0.00000e+00	0.00000e+00	0.00000e+00	0.00000e+00	0.00000e+00	0.00000e+00	0.00000e+00	0.00000e+00	0.00000e+00	0.00000e+00	0.00000e+00	0.00000e+00	0.00000e+00	0.00000e+00	0.00000e+00	0.00000e+00	0.00000e+00	0.00000e+00	0.00000e+00	0.00000e+00	0.00000e+00	0.00000e+00	0.00000e+00	0.00000e+00	0.00000e+00	0.00000e+00	0.00000e+00	0.00000e+00	0.00000e+00	0.00000e+00	0.00000e+00	0.00000e+00	0.00000e+00	0.00000e+00	0.00000e+00	0.00000e+00
19.88	0.00000e+00	0.00000e+00	0.00000e+00	0.00000e+00	0.00000e+00	0.00000e+00	0.00000e+00	0.00000e+00	0.00000e+00	0.00000e+00	0.00000e+00	0.00000e+00	0.00000e+00	0.00000e+00	0.00000e+00	0.00000e+00	0.00000e+00	0.00000e+00	0.00000e+00	0.00000e+00	0.00000e+00	0.00000e+00	0.00000e+00	0.00000e+00	0.00000e+00	0.00000e+00	0.00000e+00	0.00000e+00	0.00000e+00	0.00000e+00	0.00000e+00	0.00000e+00	0.00000e+00	0.00000e+00	0.00000e+00	0.00000e+00	0.00000e+00	0.00000e+00	0.00000e+00	0.00000e+00	0.00000e+00	0.00000e+00	0.00000e+00	0.00000e+00	0.00000e+00	0.00000e+00	0.00000e+00	0.00000e+00	0.00000e+00	0.00000e+00	0.00000e+00	0.00000e+00	0.00000e+00	0.00000e+00	0.00000e+00	0.00000e+00	0.00000e+00	0.00000e+00	0.00000e+00	0.00000e+00	0.00000e+00	0.00000e+00	0.00000e+00	0.00000e+00	0.00000e+00	0.00000e+00	0.00000e+00	0.00000e+00	0.00000e+00	0.00000e+00	0.00000e+00	0.00000e+00	0.00000e+00	0.00000e+00	0.00000e+00	0.00000e+00	0.00000e+00	0.00000e+00	0.00000e+00	0.00000e+00	0.00000e+00	0.00000e+00	0.00000e+00	0.00000e+00	0.00000e+00	0.00000e+00	0.00000e+00	0.00000e+00	0.00000e+00	0.00000e+00	0.00000e+00	0.00000e+00	0.00000e+00	0.00000e+00	0.00000e+00	0.00000e+00	0.00000e+00	0.00000e+00	0.00000e+00	0.00000e+00	0.00000e+00	0.00000e+00	0.00000e+00	0.00000e+00	0.00000e+00	0.00000e+00	0.00000e+00	0.00000e+00	0.00000e+00	0.00000e+00	0.00000e+00	0.00000e+00	0.00000e+00	0.00000e+00	0.00000e+00	0.00000e+00	0.00000e+00	0.00000e+00	0.00000e+00	0.00000e+00	0.00000e+00	0.00000e+00	0.00000e+00	0.00000e+00	0.00000e+00	0.00000e+00	0.00000e+00	0.00000e+00	0.00000e+00	0.00000e+00	0.00000e+00	0.00000e+00	0.00000e+00
19.91	0.00000e+00	0.00000e+00	0.00000e+00	0.00000e+00	0.00000e+00	0.00000e+00	0.00000e+00	0.00000e+00	0.00000e+00	0.00000e+00	0.00000e+00	0.00000e+00	0.00000e+00	0.00000e+00	0.00000e+00	0.00000e+00	0.00000e+00	0.00000e+00	0.00000e+00	0.00000e+00	0.00000e+00	0.00000e+00	0.00000e+00	0.00000e+00	0.00000e+00	0.00000e+00	0.00000e+00	0.00000e+00	0.00000e+00	0.00000e+00	0.00000e+00	0.00000e+00	0.00000e+00	0.00000e+00	0.00000e+00	0.00000e+00	0.00000e+00	0.00000e+00	0.00000e+00	0.00000e+00	0.00000e+00	0.00000e+00	0.00000e+00	0.00000e+00	0.00000e+00	0.00000e+00	0.00000e+00	0.00000e+00	0.00000e+00	0.00000e+00	0.00000e+00	0.00000e+00	0.00000e+00	0.00000e+00	0.00000e+00	0.00000e+00	0.00000e+00	0.00000e+00	0.00000e+00	0.00000e+00	0.00000e+00	0.00000e+00	0.00000e+00	0.00000e+00	0.00000e+00	0.00000e+00	0.00000e+00	0.00000e+00	0.00000e+00	0.00000e+00	0.00000e+00	0.00000e+00	0.00000e+00	0.00000e+00	0.00000e+00	0.00000e+00	0.00000e+00	0.00000e+00	0.00000e+00	0.00000e+00	0.00000e+00	0.00000e+00	0.00000e+00	0.00000e+00	0.00000e+00	0.00000e+00	0.00000e+00	0.00000e+00	0.00000e+00	0.00000e+00	0.00000e+00	0.00000e+00	0.00000e+00	0.00000e+00	0.00000e+00	0.00000e+00	0.00000e+00	0.00000e+00	0.00000e+00	0.00000e+00	0.00000e+00	0.00000e+00	0.00000e+00	0.00000e+00	0.00000e+00	0.00000e+00	0.00000e+00	0.00000e+00	0.00000e+00	0.00000e+00	0.00000e+00	0.00000e+00	0.00000e+00	0.00000e+00	0.00000e+00	0.00000e+00	0.00000e+00	0.00000e+00	0.00000e+00	0.00000e+00	0.00000e+00	0.00000e+00	0.00000e+00	0.00000e+00	0.00000e+00	0.00000e+00	0.00000e+00	0.00000e+00	0.00000e+00	0.00000e+00	0.00000e+00	0.00000e+00	0.00000e+00
19.95	0.00000e+00	0.00000e+00	0.00000e+00	0.00000e+00	0.00000e+00	0.00000e+00	0.00000e+00	0.00000e+00	0.00000e+00	0.00000e+00	0.00000e+00	0.00000e+00	0.00000e+00	0.00000e+00	0.00000e+00	0.00000e+00	0.00000e+00	0.00000e+00	0.00000e+00	0.00000e+00	0.00000e+00	0.00000e+00	0.00000e+00	0.00000e+00	0.00000e+00	0.00000e+00	0.00000e+00	0.00000e+00	0.00000e+00	0.00000e+00	0.00000e+00	0.00000e+00	0.00000e+00	0.00000e+00	0.00000e+00	0.00000e+00	0.00000e+00	0.00000e+00	0.00000e+00	0.00000e+00	0.00000e+00	0.00000e+00	0.00000e+00	0.00000e+00	0.00000e+00	0.00000e+00	0.00000e+00	0.00000e+00	0.00000e+00	0.00000e+00	0.00000e+00	0.00000e+00	0.00000e+00	0.00000e+00	0.00000e+00	0.00000e+00	0.00000e+00	0.00000e+00	0.00000e+00	0.00000e+00	0.00000e+00	0.00000e+00	0.00000e+00	0.00000e+00	0.00000e+00	0.00000e+00	0.00000e+00	0.00000e+00	0.00000e+00	0.00000e+00	0.00000e+00	0.00000e+00	0.00000e+00	0.00000e+00	0.00000e+00	0.00000e+00	0.00000e+00	0.00000e+00	0.00000e+00	0.00000e+00	0.00000e+00	0.00000e+00	0.00000e+00	0.00000e+00	0.00000e+00	0.00000e+00	0.00000e+00	0.00000e+00	0.00000e+00	0.00000e+00	0.00000e+00	0.00000e+00	0.00000e+00	0.00000e+00	0.00000e+00	0.00000e+00	0.00000e+00	0.00000e+00	0.00000e+00	0.00000e+00	0.00000e+00	0.00000e+00	0.00000e+00	0.00000e+00	0.00000e+00	0.00000e+00	0.00000e+00	0.00000e+00	0.00000e+00	0.00000e+00	0.00000e+00	0.00000e+00	0.00000e+00	0.00000e+00	0.00000e+00	0.00000e+00	0.00000e+00	0.00000e+00	0.00000e+00	0.00000e+00	0.00000e+00	0.00000e+00	0.00000e+00	0.00000e+00	0.00000e+00	0.00000e+00	0.00000e+00	0.00000e+00	0.00000e+00	0.00000e+00	0.00000e+00	0.00000e+00	0.00000e+00
19.98	0.00000e+00	0.00000e+00	0.00000e+00	0.00000e+00	0.00000e+00	0.00000e+00	0.00000e+00	0.00000e+00	0.00000e+00	0.00000e+00	0.00000e+00	0.00000e+00	0.00000e+00	0.00000e+00	0.00000e+00	0.00000e+00	0.00000e+00	0.00000e+00	0.00000e+00	0.00000e+00	0.00000e+00	0.00000e+00	0.00000e+00	0.00000e+00	0.00000e+00	0.00000e+00	0.00000e+00	0.00000e+00	0.00000e+00	0.00000e+00	0.00000e+00	0.00000e+00	0.00000e+00	0.00000e+00	0.00000e+00	0.00000e+00	0.00000e+00	0.00000e+00	0.00000e+00	0.00000e+00	0.00000e+00	0.00000e+00	0.00000e+00	0.00000e+00	0.00000e+00	0.00000e+00	0.00000e+00	0.00000e+00	0.00000e+00	0.00000e+00	0.00000e+00	0.00000e+00	0.00000e+00	0.00000e+00	0.00000e+00	0.00000e+00	0.00000e+00	0.00000e+00	0.00000e+00	0.00000e+00	0.00000e+00	0.00000e+00	0.00000e+00	0.00000e+00	0.00000e+00	0.00000e+00	0.00000e+00	0.00000e+00	0.00000e+00	0.00000e+00	0.00000e+00	0.00000e+00	0.00000e+00	0.00000e+00	0.00000e+00	0.00000e+00	0.00000e+00	0.00000e+00	0.00000e+00	0.00000e+00	0.00000e+00	0.00000e+00	0.00000e+00	0.00000e+00	0.00000e+00	0.00000e+00	0.00000e+00	0.00000e+00	0.00000e+00	0.00000e+00	0.00000e+00	0.00000e+00	0.00000e+00	0.00000e+00	0.00000e+00	0.00000e+00	0.00000e+00	0.00000e+00	0.00000e+00	0.00000e+00	0.00000e+00	0.00000e+00	0.00000e+00	0.00000e+00	0.00000e+00	0.00000e+00	0.00000e+00	0.00000e+00	0.00000e+00	0.00000e+00	0.00000e+00	0.00000e+00	0.00000e+00	0.00000e+00	0.00000e+00	0.00000e+00	0.00000e+00	0.00000e+00	0.00000e+00	0.00000e+00	0.00000e+00	0.00000e+00	0.00000e+00	0.00000e+00	0.00000e+00	0.00000e+00	0.00000e+00	0.00000e+00	0.00000e+00	0.00000e+00	0.00000e+00	0.00000e+00	0.00000e+00
20.02	0.00000e+00	0.00000e+00	0.00000e+00	0.00000e+00	0.00000e+00	0.00000e+00	0.00000e+00	0.00000e+00	0.00000e+00	0.00000e+00	0.00000e+00	0.00000e+00	0.00000e+00	0.00000e+00	0.00000e+00	0.00000e+00	0.00000e+00	0.00000e+00	0.00000e+00	0.00000e+00	0.00000e+00	0.00000e+00	0.00000e+00	0.00000e+00	0.00000e+00	0.00000e+00	0.00000e+00	0.00000e+00	0.00000e+00	0.00000e+00	0.00000e+00	0.00000e+00	0.00000e+00	0.00000e+00	0.00000e+00	0.00000e+00	0.00000e+00	0.00000e+00	0.00000e+00	0.00000e+00	0.00000e+00	0.00000e+00	0.00000e+00	0.00000e+00	0.00000e+00	0.00000e+00	0.00000e+00	0.00000e+00	0.00000e+00	0.00000e+00	0.00000e+00	0.00000e+00	0.00000e+00	0.00000e+00	0.00000e+00	0.00000e+00	0.00000e+00	0.00000e+00	0.00000e+00	0.00000e+00	0.00000e+00	0.00000e+00	0.00000e+00	0.00000e+00	0.00000e+00	0.00000e+00	0.00000e+00	0.00000e+00	0.00000e+00	0.00000e+00	0.00000e+00	0.00000e+00	0.00000e+00	0.00000e+00	0.00000e+00	0.00000e+00	0.00000e+00	0.00000e+00	0.00000e+00	0.00000e+00	0.00000e+00	0.00000e+00	0.00000e+00	0.00000e+00	0.00000e+00	0.00000e+00	0.00000e+00	0.00000e+00	0.00000e+00	0.00000e+00	0.00000e+00	0.00000e+00	0.00000e+00	0.00000e+00	0.00000e+00	0.00000e+00	0.00000e+00	0.00000e+00	0.00000e+00	0.00000e+00	0.00000e+00	0.00000e+00	0.00000e+00	0.00000e+00	0.00000e+00	0.00000e+00	0.00000e+00	0.00000e+00	0.00000e+00	0.00000e+00	0.00000e+00	0.00000e+00	0.00000e+00	0.00000e+00	0.00000e+00	0.00000e+00	0.00000e+00	0.00000e+00	0.00000e+00	0.00000e+00	0.00000e+00	0.00000e+00	0.00000e+00	0.00000e+00	0.00000e+00	0.00000e+00	0.00000e+00	0.00000e+00	0.00000e+00	0.00000e+00	0.00000e+00	0.00000e+00	0.00000e+00
20.05	0.00000e+00	0.00000e+00	0.00000e+00	0.00000e+00	0.00000e+00	0.00000e+00	0.00000e+00	0.00000e+00	0.00000e+00	0.00000e+00	0.00000e+00	0.00000e+00	0.00000e+00	0.00000e+00	0.00000e+00	0.00000e+00	0.00000e+00	0.00000e+00	0.00000e+00	0.00000e+00	0.00000e+00	0.00000e+00	0.00000e+00	0.00000e+00	0.00000e+00	0.00000e+00	0.00000e+00	0.00000e+00	0.00000e+00	0.00000e+00	0.00000e+00	0.00000e+00	0.00000e+00	0.00000e+00	0.00000e+00	0.00000e+00	0.00000e+00	0.00000e+00	0.00000e+00	0.00000e+00	0.00000e+00	0.00000e+00	0.00000e+00	0.00000e+00	0.00000e+00	0.00000e+00	0.00000e+00	0.00000e+00	0.00000e+00	0.00000e+00	0.00000e+00	0.00000e+00	0.00000e+00	0.00000e+00	0.00000e+00	0.00000e+00	0.00000e+00	0.00000e+00	0.00000e+00	0.00000e+00	0.00000e+00	0.00000e+00	0.00000e+00	0.00000e+00	0.00000e+00	0.00000e+00	0.00000e+00	0.00000e+00	0.00000e+00	0.00000e+00	0.00000e+00	0.00000e+00	0.00000e+00	0.00000e+00	0.00000e+00	0.00000e+00	0.00000e+00	0.00000e+00	0.00000e+00	0.00000e+00	0.00000e+00	0.00000e+00	0.00000e+00	0.00000e+00	0.00000e+00	0.00000e+00	0.00000e+00	0.00000e+00	0.00000e+00	0.00000e+00	0.00000e+00	0.00000e+00	0.00000e+00	0.00000e+00	0.00000e+00	0.00000e+00	0.00000e+00	0.00000e+00	0.00000e+00	0.00000e+00	0.00000e+00	0.00000e+00	0.00000e+00	0.00000e+00	0.00000e+00	0.00000e+00	0.00000e+00	0.00000e+00	0.00000e+00	0.00000e+00	0.00000e+00	0.00000e+00	0.00000e+00	0.00000e+00	0.00000e+00	0.00000e+00	0.00000e+00	0.00000e+00	0.00000e+00	0.00000e+00	0.00000e+00	0.00000e+00	0.00000e+00	0.00000e+00	0.00000e+00	0.00000e+00	0.00000e+00	0.00000e+00	0.00000e+00	0.00000e+00	0.00000e+00	0.00000e+00	0.00000e+00
20.08	0.00000e+00	0.00000e+00	0.00000e+00	0.00000e+00	0.00000e+00	0.00000e+00	0.00000e+00	0.00000e+00	0.00000e+00	0.00000e+00	0.00000e+00	0.00000e+00	0.00000e+00	0.00000e+00	0.00000e+00	0.00000e+00	0.00000e+00	0.00000e+00	0.00000e+00	0.00000e+00	0.00000e+00	0.00000e+00	0.00000e+00	0.00000e+00	0.00000e+00	0.00000e+00	0.00000e+00	0.00000e+00	0.00000e+00	0.00000e+00	0.00000e+00	0.00000e+00	0.00000e+00	0.00000e+00	0.00000e+00	0.00000e+00	0.00000e+00	0.00000e+00	0.00000e+00	0.00000e+00	0.00000e+00	0.00000e+00	0.00000e+00	0.00000e+00	0.00000e+00	0.00000e+00	0.00000e+00	0.00000e+00	0.00000e+00	0.00000e+00	0.00000e+00	0.00000e+00	0.00000e+00	0.00000e+00	0.00000e+00	0.00000e+00	0.00000e+00	0.00000e+00	0.00000e+00	0.00000e+00	0.00000e+00	0.00000e+00	0.00000e+00	0.00000e+00	0.00000e+00	0.00000e+00	0.00000e+00	0.00000e+00	0.00000e+00	0.00000e+00	0.00000e+00	0.00000e+00	0.00000e+00	0.00000e+00	0.00000e+00	0.00000e+00	0.00000e+00	0.00000e+00	0.00000e+00	0.00000e+00	0.00000e+00	0.00000e+00	0.00000e+00	0.00000e+00	0.00000e+00	0.00000e+00	0.00000e+00	0.00000e+00	0.00000e+00	0.00000e+00	0.00000e+00	0.00000e+00	0.00000e+00	0.00000e+00	0.00000e+00	0.00000e+00	0.00000e+00	0.00000e+00	0.00000e+00	0.00000e+00	0.00000e+00	0.00000e+00	0.00000e+00	0.00000e+00	0.00000e+00	0.00000e+00	0.00000e+00	0.00000e+00	0.00000e+00	0.00000e+00	0.00000e+00	0.00000e+00	0.00000e+00	0.00000e+00	0.00000e+00	0.00000e+00	0.00000e+00	0.00000e+00	0.00000e+00	0.00000e+00	0.00000e+00	0.00000e+00	0.00000e+00	0.00000e+00	0.00000e+00	0.00000e+00	0.00000e+00	0.00000e+00	0.00000e+00	0.00000e+00	0.00000e+00	0.00000e+00	0.00000e+00
20.12	0.00000e+00	0.00000e+00	0.00000e+00	0.00000e+00	0.00000e+00	0.00000e+00	0.00000e+00	0.00000e+00	0.00000e+00	0.00000e+00	0.00000e+00	0.00000e+00	0.00000e+00	0.00000e+00	0.00000e+00	0.00000e+00	0.00000e+00	0.00000e+00	0.00000e+00	0.00000e+00	0.00000e+00	0.00000e+00	0.00000e+00	0.00000e+00	0.00000e+00	0.00000e+00	0.00000e+00	0.00000e+00	0.00000e+00	0.00000e+00	0.00000e+00	0.00000e+00	0.00000e+00	0.00000e+00	0.00000e+00	0.00000e+00	0.00000e+00	0.00000e+00	0.00000e+00	0.00000e+00	0.00000e+00	0.00000e+00	0.00000e+00	0.00000e+00	0.00000e+00	0.00000e+00	0.00000e+00	0.00000e+00	0.00000e+00	0.00000e+00	0.00000e+00	0.00000e+00	0.00000e+00	0.00000e+00	0.00000e+00	0.00000e+00	0.00000e+00	0.00000e+00	0.00000e+00	0.00000e+00	0.00000e+00	0.00000e+00	0.00000e+00	0.00000e+00	0.00000e+00	0.00000e+00	0.00000e+00	0.00000e+00	0.00000e+00	0.00000e+00	0.00000e+00	0.00000e+00	0.00000e+00	0.00000e+00	0.00000e+00	0.00000e+00	0.00000e+00	0.00000e+00	0.00000e+00	0.00000e+00	0.00000e+00	0.00000e+00	0.00000e+00	0.00000e+00	0.00000e+00	0.00000e+00	0.00000e+00	0.00000e+00	0.00000e+00	0.00000e+00	0.00000e+00	0.00000e+00	0.00000e+00	0.00000e+00	0.00000e+00	0.00000e+00	0.00000e+00	0.00000e+00	0.00000e+00	0.00000e+00	0.00000e+00	0.00000e+00	0.00000e+00	0.00000e+00	0.00000e+00	0.00000e+00	0.00000e+00	0.00000e+00	0.00000e+00	0.00000e+00	0.00000e+00	0.00000e+00	0.00000e+00	0.00000e+00	0.00000e+00	0.00000e+00	0.00000e+00	0.00000e+00	0.00000e+00	0.00000e+00	0.00000e+00	0.00000e+00	0.00000e+00	0.00000e+00	0.00000e+00	0.00000e+00	0.00000e+00	0.00000e+00	0.00000e+00	0.00000e+00	0.00000e+00	0.00000e+00	0.00000e+00
20.15	0.00000e+00	0.00000e+00	0.00000e+00	0.00000e+00	0.00000e+00	0.00000e+00	0.00000e+00	0.00000e+00	0.00000e+00	0.00000e+00	0.00000e+00	0.00000e+00	0.00000e+00	0.00000e+00	0.00000e+00	0.00000e+00	0.00000e+00	0.00000e+00	0.00000e+00	0.00000e+00	0.00000e+00	0.00000e+00	0.00000e+00	0.00000e+00	0.00000e+00	0.00000e+00	0.00000e+00	0.00000e+00	0.00000e+00	0.00000e+00	0.00000e+00	0.00000e+00	0.00000e+00	0.00000e+00	0.00000e+00	0.00000e+00	0.00000e+00	0.00000e+00	0.00000e+00	0.00000e+00	0.00000e+00	0.00000e+00	0.00000e+00	0.00000e+00	0.00000e+00	0.00000e+00	0.00000e+00	0.00000e+00	0.00000e+00	0.00000e+00	0.00000e+00	0.00000e+00	0.00000e+00	0.00000e+00	0.00000e+00	0.00000e+00	0.00000e+00	0.00000e+00	0.00000e+00	0.00000e+00	0.00000e+00	0.00000e+00	0.00000e+00	0.00000e+00	0.00000e+00	0.00000e+00	0.00000e+00	0.00000e+00	0.00000e+00	0.00000e+00	0.00000e+00	0.00000e+00	0.00000e+00	0.00000e+00	0.00000e+00	0.00000e+00	0.00000e+00	0.00000e+00	0.00000e+00	0.00000e+00	0.00000e+00	0.00000e+00	0.00000e+00	0.00000e+00	0.00000e+00	0.00000e+00	0.00000e+00	0.00000e+00	0.00000e+00	0.00000e+00	0.00000e+00	0.00000e+00	0.00000e+00	0.00000e+00	0.00000e+00	0.00000e+00	0.00000e+00	0.00000e+00	0.00000e+00	0.00000e+00	0.00000e+00	0.00000e+00	0.00000e+00	0.00000e+00	0.00000e+00	0.00000e+00	0.00000e+00	0.00000e+00	0.00000e+00	0.00000e+00	0.00000e+00	0.00000e+00	0.00000e+00	0.00000e+00	0.00000e+00	0.00000e+00	0.00000e+00	0.00000e+00	0.00000e+00	0.00000e+00	0.00000e+00	0.00000e+00	0.00000e+00	0.00000e+00	0.00000e+00	0.00000e+00	0.00000e+00	0.00000e+00	0.00000e+00	0.00000e+00	0.00000e+00	0.00000e+00	0.00000e+00
20.19	0.00000e+00	0.00000e+00	0.00000e+00	0.00000e+00	0.00000e+00	0.00000e+00	0.00000e+00	0.00000e+00	0.00000e+00	0.00000e+00	0.00000e+00	0.00000e+00	0.00000e+00	0.00000e+00	0.00000e+00	0.00000e+00	0.00000e+00	0.00000e+00	0.00000e+00	0.00000e+00	0.00000e+00	0.00000e+00	0.00000e+00	0.00000e+00	0.00000e+00	0.00000e+00	0.00000e+00	0.00000e+00	0.00000e+00	0.00000e+00	0.00000e+00	0.00000e+00	0.00000e+00	0.00000e+00	0.00000e+00	0.00000e+00	0.00000e+00	0.00000e+00	0.00000e+00	0.00000e+00	0.00000e+00	0.00000e+00	0.00000e+00	0.00000e+00	0.00000e+00	0.00000e+00	0.00000e+00	0.00000e+00	0.00000e+00	0.00000e+00	0.00000e+00	0.00000e+00	0.00000e+00	0.00000e+00	0.00000e+00	0.00000e+00	0.00000e+00	0.00000e+00	0.00000e+00	0.00000e+00	0.00000e+00	0.00000e+00	0.00000e+00	0.00000e+00	0.00000e+00	0.00000e+00	0.00000e+00	0.00000e+00	0.00000e+00	0.00000e+00	0.00000e+00	0.00000e+00	0.00000e+00	0.00000e+00	0.00000e+00	0.00000e+00	0.00000e+00	0.00000e+00	0.00000e+00	0.00000e+00	0.00000e+00	0.00000e+00	0.00000e+00	0.00000e+00	0.00000e+00	0.00000e+00	0.00000e+00	0.00000e+00	0.00000e+00	0.00000e+00	0.00000e+00	0.00000e+00	0.00000e+00	0.00000e+00	0.00000e+00	0.00000e+00	0.00000e+00	0.00000e+00	0.00000e+00	0.00000e+00	0.00000e+00	0.00000e+00	0.00000e+00	0.00000e+00	0.00000e+00	0.00000e+00	0.00000e+00	0.00000e+00	0.00000e+00	0.00000e+00	0.00000e+00	0.00000e+00	0.00000e+00	0.00000e+00	0.00000e+00	0.00000e+00	0.00000e+00	0.00000e+00	0.00000e+00	0.00000e+00	0.00000e+00	0.00000e+00	0.00000e+00	0.00000e+00	0.00000e+00	0.00000e+00	0.00000e+00	0.00000e+00	0.00000e+00	0.00000e+00	0.00000e+00	0.00000e+00	0.00000e+00
20.22	0.00000e+00	0.00000e+00	0.00000e+00	0.00000e+00	0.00000e+00	0.00000e+00	0.00000e+00	0.00000e+00	0.00000e+00	0.00000e+00	0.00000e+00	0.00000e+00	0.00000e+00	0.00000e+00	0.00000e+00	0.00000e+00	0.00000e+00	0.00000e+00	0.00000e+00	0.00000e+00	0.00000e+00	0.00000e+00	0.00000e+00	0.00000e+00	0.00000e+00	0.00000e+00	0.00000e+00	0.00000e+00	0.00000e+00	0.00000e+00	0.00000e+00	0.00000e+00	0.00000e+00	0.00000e+00	0.00000e+00	0.00000e+00	0.00000e+00	0.00000e+00	0.00000e+00	0.00000e+00	0.00000e+00	0.00000e+00	0.00000e+00	0.00000e+00	0.00000e+00	0.00000e+00	0.00000e+00	0.00000e+00	0.00000e+00	0.00000e+00	0.00000e+00	0.00000e+00	0.00000e+00	0.00000e+00	0.00000e+00	0.00000e+00	0.00000e+00	0.00000e+00	0.00000e+00	0.00000e+00	0.00000e+00	0.00000e+00	0.00000e+00	0.00000e+00	0.00000e+00	0.00000e+00	0.00000e+00	0.00000e+00	0.00000e+00	0.00000e+00	0.00000e+00	0.00000e+00	0.00000e+00	0.00000e+00	0.00000e+00	0.00000e+00	0.00000e+00	0.00000e+00	0.00000e+00	0.00000e+00	0.00000e+00	0.00000e+00	0.00000e+00	0.00000e+00	0.00000e+00	0.00000e+00	0.00000e+00	0.00000e+00	0.00000e+00	0.00000e+00	0.00000e+00	0.00000e+00	0.00000e+00	0.00000e+00	0.00000e+00	0.00000e+00	0.00000e+00	0.00000e+00	0.00000e+00	0.00000e+00	0.00000e+00	0.00000e+00	0.00000e+00	0.00000e+00	0.00000e+00	0.00000e+00	0.00000e+00	0.00000e+00	0.00000e+00	0.00000e+00	0.00000e+00	0.00000e+00	0.00000e+00	0.00000e+00	0.00000e+00	0.00000e+00	0.00000e+00	0.00000e+00	0.00000e+00	0.00000e+00	0.00000e+00	0.00000e+00	0.00000e+00	0.00000e+00	0.00000e+00	0.00000e+00	0.00000e+00	0.00000e+00	0.00000e+00	0.00000e+00	0.00000e+00	0.00000e+00	0.00000e+00
20.25	2.14563e-294	2.14563e-294	2.14563e-294	2.14563e-294	2.14563e-294	2.14563e-294	2.14563e-294	2.14563e-294	2.14563e-294	2.14563e-294	2.14563e-294	2.14563e-294	2.14563e-294	2.14563e-294	2.14563e-294	2.14563e-294	2.14563e-294	2.14563e-294	2.14563e-294	2.14563e-294	2.14563e-294	2.14563e-294	2.14563e-294	2.14563e-294	2.14563e-294	2.14563e-294	2.14563e-294	2.14563e-294	2.14563e-294	2.14563e-294	2.14563e-294	2.14563e-294	2.14563e-294	2.14563e-294	2.14563e-294	2.14563e-294	2.14563e-294	2.14563e-294	2.14563e-294	2.14563e-294	2.14563e-294	2.14563e-294	2.14563e-294	2.14563e-294	2.14563e-294	2.14563e-294	2.14563e-294	2.14563e-294	2.14563e-294	2.14563e-294	2.14563e-294	2.14563e-294	2.14563e-294	2.14563e-294	2.14563e-294	2.14563e-294	2.14563e-294	2.14563e-294	2.14563e-294	2.14563e-294	2.14563e-294	2.14563e-294	2.14563e-294	2.14563e-294	2.14563e-294	2.14563e-294	2.14563e-294	2.14563e-294	2.14563e-294	2.14563e-294	2.14563e-294	2.14563e-294	2.14563e-294	2.14563e-294	2.14563e-294	2.14563e-294	2.14563e-294	2.14563e-294	2.14563e-294	2.14563e-294	2.14563e-294	2.14563e-294	2.14563e-294	2.14563e-294	2.14563e-294	2.14563e-294	2.14563e-294	2.14563e-294	2.14563e-294	2.14563e-294	2.14563e-294	2.14563e-294	2.14563e-294	2.14563e-294	2.14563e-294	2.14563e-294	2.14563e-294	2.14563e-294	2.14563e-294	2.14563e-294	2.14563e-294	2.14563e-294	2.14563e-294	2.14563e-294	2.14563e-294	2.14563e-294	2.14563e-294	2.14563e-294	2.14563e-294	2.14563e-294	2.14563e-294	2.14563e-294	2.14563e-294	2.14563e-294	2.14563e-294	2.14563e-294	2.14563e-294	2.14563e-294	2.14563e-294	2.14563e-294	2.14563e-294	2.14563e-294	2.14563e-294	2.14563e-294	2.14563e-294	2.14563e-294	2.14563e-294	2.14563e-294	2.14563e-294	2.14563e-294	2.14563e-294	2.14563e-294	2.14563e-294
20.29	2.10927e-275	2.10927e-275	2.10927e-275	2.10927e-275	2.10927e-275	2.10927e-275	2.10927e-275	2.10927e-275	2.10927e-275	2.10927e-275	2.10927e-275	2.10927e-275	2.10927e-275	2.10927e-275	2.10927e-275	2.10927e-275	2.10927e-275	2.10927e-275	2.10927e-275	2.10927e-275	2.10927e-275	2.10927e-275	2.10927e-275	2.10927e-275	2.10927e-275	2.10927e-275	2.10927e-275	2.10927e-275	2.10927e-275	2.10927e-275	2.10927e-275	2.10927e-275	2.10927e-275	2.10927e-275	2.10927e-275	2.10927e-275	2.10927e-275	2.10927e-275	2.10927e-275	2.10927e-275	2.10927e-275	2.10927e-275	2.10927e-275	2.10927e-275	2.10927e-275	2.10927e-275	2.10927e-275	2.10927e-275	2.10927e-275	2.10927e-275	2.10927e-275	2.10927e-275	2.10927e-275	2.10927e-275	2.10927e-275	2.10927e-275	2.10927e-275	2.10927e-275	2.10927e-275	2.10927e-275	2.10927e-275	2.10927e-275	2.10927e-275	2.10927e-275	2.10927e-275	2.10927e-275	2.10927e-275	2.10927e-275	2.10927e-275	2.10927e-275	2.10927e-275	2.10927e-275	2.10927e-275	2.10927e-275	2.10927e-275	2.10927e-275	2.10927e-275	2.10927e-275	2.10927e-275	2.10927e-275	2.10927e-275	2.10927e-275	2.10927e-275	2.10927e-275	2.10927e-275	2.10927e-275	2.10927e-275	2.10927e-275	2.10927e-275	2.10927e-275	2.10927e-275	2.10927e-275	2.10927e-275	2.10927e-275	2.10927e-275	2.10927e-275	2.10927e-275	2.10927e-275	2.10927e-275	2.10927e-275	2.10927e-275	2.10927e-275	2.10927e-275	2.10927e-275	2.10927e-275	2.10927e-275	2.10927e-275	2.10927e-275	2.10927e-275	2.10927e-275	2.10927e-275	2.10927e-275	2.10927e-275	2.10927e-275	2.10927e-275	2.10927e-275	2.10927e-275	2.10927e-275	2.10927e-275	2.10927e-275	2.10927e-275	2.10927e-275	2.10927e-275	2.10927e-275	2.10927e-275	2.10927e-275	2.10927e-275	2.10927e-275	2.10927e-275	2.10927e-275	2.10927e-275	2.10927e-275	2.10927e-275
20.32	8.27933e-258	8.27933e-258	8.27933e-258	8.27933e-258	8.27933e-258	8.27933e-258	8.27933e-258	8.27933e-258	8.27933e-258	8.27933e-258	8.27933e-258	8.27933e-258	8.27933e-258	8.27933e-258	8.27933e-258	8.27933e-258	8.27933e-258	8.27933e-258	8.27933e-258	8.27933e-258	8.27933e-258	8.27933e-258	8.27933e-258	8.27933e-258	8.27933e-258	8.27933e-258	8.27933e-258	8.27933e-258	8.27933e-258	8.27933e-258	8.27933e-258	8.27933e-258	8.27933e-258	8.27933e-258	8.27933e-258	8.27933e-258	8.27933e-258	8.27933e-258	8.27933e-258	8.27933e-258	8.27933e-258	8.27933e-258	8.27933e-258	8.27933e-258	8.27933e-258	8.27933e-258	8.27933e-258	8.27933e-258	8.27933e-258	8.27933e-258	8.27933e-258	8.27933e-258	8.27933e-258	8.27933e-258	8.27933e-258	8.27933e-258	8.27933e-258	8.27933e-258	8.27933e-258	8.27933e-258	8.27933e-258	8.27933e-258	8.27933e-258	8.27933e-258	8.27933e-258	8.27933e-258	8.27933e-258	8.27933e-258	8.27933e-258	8.27933e-258	8.27933e-258	8.27933e-258	8.27933e-258	8.27933e-258	8.27933e-258	8.27933e-258	8.27933e-258	8.27933e-258	8.27933e-258	8.27933e-258	8.27933e-258	8.27933e-258	8.27933e-258	8.27933e-258	8.27933e-258	8.27933e-258	8.27933e-258	8.27933e-258	8.27933e-258	8.27933e-258	8.27933e-258	8.27933e-258	8.27933e-258	8.27933e-258	8.27933e-258	8.27933e-258	8.27933e-258	8.27933e-258	8.27933e-258	8.27933e-258	8.27933e-258	8.27933e-258	8.27933e-258	8.27933e-258	8.27933e-258	8.27933e-258	8.27933e-258	8.27933e-258	8.27933e-258	8.27933e-258	8.27933e-258	8.27933e-258	8.27933e-258	8.27933e-258	8.27933e-258	8.27933e-258	8.27933e-258	8.27933e-258	8.27933e-258	8.27933e-258	8.27933e-258	8.27933e-258	8.27933e-258	8.27933e-258	8.27933e-258	8.27933e-258	8.27933e-258	8.27933e-258	8.27933e-258	8.27933e-258	8.27933e-258	8.27933e-258	8.27933e-258
20.36	1.48518e-241	1.48518e-241	1.48518e-241	1.48518e-241	1.48518e-241	1.48518e-241	1.48518e-241	1.48518e-241	1.48518e-241	1.48518e-241	1.48518e-241	1.48518e-241	1.48518e-241	1.48518e-241	1.48518e-241	1.48518e-241	1.48518e-241	1.48518e-241	1.48518e-241	1.48518e-241	1.48518e-241	1.48518e-241	1.48518e-241	1.48518e-241	1.48518e-241	1.48518e-241	1.48518e-241	1.48518e-241	1.48518e-241	1.48518e-241	1.48518e-241	1.48518e-241	1.48518e-241	1.48518e-241	1.48518e-241	1.48518e-241	1.48518e-241	1.48518e-241	1.48518e-241	1.48518e-241	1.48518e-241	1.48518e-241	1.48518e-241	1.48518e-241	1.48518e-241	1.48518e-241	1.48518e-241	1.48518e-241	1.48518e-241	1.48518e-241	1.48518e-241	1.48518e-241	1.48518e-241	1.48518e-241	1.48518e-241	1.48518e-241	1.48518e-241	1.48518e-241	1.48518e-241	1.48518e-241	1.48518e-241	1.48518e-241	1.48518e-241	1.48518e-241	1.48518e-241	1.48518e-241	1.48518e-241	1.48518e-241	1.48518e-241	1.48518e-241	1.48518e-241	1.48518e-241	1.48518e-241	1.48518e-241	1.48518e-241	1.48518e-241	1.48518e-241	1.48518e-241	1.48518e-241	1.48518e-241	1.48518e-241	1.48518e-241	1.48518e-241	1.48518e-241	1.48518e-241	1.48518e-241	1.48518e-241	1.48518e-241	1.48518e-241	1.48518e-241	1.48518e-241	1.48518e-241	1.48518e-241	1.48518e-241	1.48518e-241	1.48518e-241	1.48518e-241	1.48518e-241	1.48518e-241	1.48518e-241	1.48518e-241	1.48518e-241	1.48518e-241	1.48518e-241	1.48518e-241	1.48518e-241	1.48518e-241	1.48518e-241	1.48518e-241	1.48518e-241	1.48518e-241	1.48518e-241	1.48518e-241	1.48518e-241	1.48518e-241	1.48518e-241	1.48518e-241	1.48518e-241	1.48518e-241	1.48518e-241	1.48518e-241	1.48518e-241	1.48518e-241	1.48518e-241	1.48518e-241	1.48518e-241	1.48518e-241	1.48518e-241	1.48518e-241	1.48518e-241	1.48518e-241	1.48518e-241	1.48518e-241
20.39	1.52879e-226	1.52879e-226	1.52879e-226	1.52879e-226	1.52879e-226	1.52879e-226	1.52879e-226	1.52879e-226	1.52879e-226	1.52879e-226	1.52879e-226	1.52879e-226	1.52879e-226	1.52879e-226	1.52879e-226	1.52879e-226	1.52879e-226	1.52879e-226	1.52879e-226	1.52879e-226	1.52879e-226	1.52879e-226	1.52879e-226	1.52879e-226	1.52879e-226	1.52879e-226	1.52879e-226	1.52879e-226	1.52879e-226	1.52879e-226	1.52879e-226	1.52879e-226	1.52879e-226	1.52879e-226	1.52879e-226	1.52879e-226	1.52879e-226	1.52879e-226	1.52879e-226	1.52879e-226	1.52879e-226	1.52879e-226	1.52879e-226	1.52879e-226	1.52879e-226	1.52879e-226	1.52879e-226	1.52879e-226	1.52879e-226	1.52879e-226	1.52879e-226	1.52879e-226	1.52879e-226	1.52879e-226	1.52879e-226	1.52879e-226	1.52879e-226	1.52879e-226	1.52879e-226	1.52879e-226	1.52879e-226	1.52879e-226	1.52879e-226	1.52879e-226	1.52879e-226	1.52879e-226	1.52879e-226	1.52879e-226	1.52879e-226	1.52879e-226	1.52879e-226	1.52879e-226	1.52879e-226	1.52879e-226	1.52879e-226	1.52879e-226	1.52879e-226	1.52879e-226	1.52879e-226	1.52879e-226	1.52879e-226	1.52879e-226	1.52879e-226	1.52879e-226	1.52879e-226	1.52879e-226	1.52879e-226	1.52879e-226	1.52879e-226	1.52879e-226	1.52879e-226	1.52879e-226	1.52879e-226	1.52879e-226	1.52879e-226	1.52879e-226	1.52879e-226	1.52879e-226	1.52879e-226	1.52879e-226	1.52879e-226	1.52879e-226	1.52879e-226	1.52879e-226	1.52879e-226	1.52879e-226	1.52879e-226	1.52879e-226	1.52879e-226	1.52879e-226	1.52879e-226	1.52879e-226	1.52879e-226	1.52879e-226	1.52879e-226	1.52879e-226	1.52879e-226	1.52879e-226	1.52879e-226	1.52879e-226	1.52879e-226	1.52879e-226	1.52879e-226	1.52879e-226	1.52879e-226	1.52879e-226	1.52879e-226	1.52879e-226	1.52879e-226	1.52879e-226	1.52879e-226	1.52879e-226	1.52879e-226
20.42	1.11391e-212	1.11391e-212	1.11391e-212	1.11391e-212	1.11391e-212	1.11391e-212	1.11391e-212	1.11391e-212	1.11391e-212	1.11391e-212	1.11391e-212	1.11391e-212	1.11391e-212	1.11391e-212	1.11391e-212	1.11391e-212	1.11391e-212	1.11391e-212	1.11391e-212	1.11391e-212	1.11391e-212	1.11391e-212	1.11391e-212	1.11391e-212	1.11391e-212	1.11391e-212	1.11391e-212	1.11391e-212	1.11391e-212	1.11391e-212	1.11391e-212	1.11391e-212	1.11391e-212	1.11391e-212	1.11391e-212	1.11391e-212	1.11391e-212	1.11391e-212	1.11391e-212	1.11391e-212	1.11391e-212	1.11391e-212	1.11391e-212	1.11391e-212	1.11391e-212	1.11391e-212	1.11391e-212	1.11391e-212	1.11391e-212	1.11391e-212	1.11391e-212	1.11391e-212	1.11391e-212	1.11391e-212	1.11391e-212	1.11391e-212	1.11391e-212	1.11391e-212	1.11391e-212	1.11391e-212	1.11391e-212	1.11391e-212	1.11391e-212	1.11391e-212	1.11391e-212	1.11391e-212	1.11391e-212	1.11391e-212	1.11391e-212	1.11391e-212	1.11391e-212	1.11391e-212	1.11391e-212	1.11391e-212	1.11391e-212	1.11391e-212	1.11391e-212	1.11391e-212	1.11391e-212	1.11391e-212	1.11391e-212	1.11391e-212	1.11391e-212	1.11391e-212	1.11391e-212	1.11391e-212	1.11391e-212	1.11391e-212	1.11391e-212	1.11391e-212	1.11391e-212	1.11391e-212	1.11391e-212	1.11391e-212	1.11391e-212	1.11391e-212	1.11391e-212	1.11391e-212	1.11391e-212	1.11391e-212	1.11391e-212	1.11391e-212	1.11391e-212	1.11391e-212	1.11391e-212	1.11391e-212	1.11391e-212	1.11391e-212	1.11391e-212	1.11391e-212	1.11391e-212	1.11391e-212	1.11391e-212	1.11391e-212	1.11391e-212	1.11391e-212	1.11391e-212	1.11391e-212	1.11391e-212	1.11391e-212	1.11391e-212	1.11391e-212	1.11391e-212	1.11391e-212	1.11391e-212	1.11391e-212	1.11391e-212	1.11391e-212	1.11391e-212	1.11391e-212	1.11391e-212	1.11391e-212	1.11391e-212
20.46	7.18252e-200	7.18252e-200	7.18252e-200	7.18252e-200	7.18252e-200	7.18252e-200	7.18252e-200	7.18252e-200	7.18252e-200	7.18252e-200	7.18252e-200	7.18252e-200	7.18252e-200	7.18252e-200	7.18252e-200	7.18252e-200	7.18252e-200	7.18252e-200	7.18252e-200	7.18252e-200	7.18252e-200	7.18252e-200	7.18252e-200	7.18252e-200	7.18252e-200	7.18252e-200	7.18252e-200	7.18252e-200	7.18252e-200	7.18252e-200	7.18252e-200	7.18252e-200	7.18252e-200	7.18252e-200	7.18252e-200	7.18252e-200	7.18252e-200	7.18252e-200	7.18252e-200	7.18252e-200	7.18252e-200	7.18252e-200	7.18252e-200	7.18252e-200	7.18252e-200	7.18252e-200	7.18252e-200	7.18252e-200	7.18252e-200	7.18252e-200	7.18252e-200	7.18252e-200	7.18252e-200	7.18252e-200	7.18252e-200	7.18252e-200	7.18252e-200	7.18252e-200	7.18252e-200	7.18252e-200	7.18252e-200	7.18252e-200	7.18252e-200	7.18252e-200	7.18252e-200	7.18252e-200	7.18252e-200	7.18252e-200	7.18252e-200	7.18252e-200	7.18252e-200	7.18252e-200	7.18252e-200	7.18252e-200	7.18252e-200	7.18252e-200	7.18252e-200	7.18252e-200	7.18252e-200	7.18252e-200	7.18252e-200	7.18252e-200	7.18252e-200	7.18252e-200	7.18252e-200	7.18252e-200	7.18252e-200	7.18252e-200	7.18252e-200	7.18252e-200	7.18252e-200	7.18252e-200	7.18252e-200	7.18252e-200	7.18252e-200	7.18252e-200	7.18252e-200	7.18252e-200	7.18252e-200	7.18252e-200	7.18252e-200	7.18252e-200	7.18252e-200	7.18252e-200	7.18252e-200	7.18252e-200	7.18252e-200	7.18252e-200	7.18252e-200	7.18252e-200	7.18252e-200	7.18252e-200	7.18252e-200	7.18252e-200	7.18252e-200	7.18252e-200	7.18252e-200	7.18252e-200	7.18252e-200	7.18252e-200	7.18252e-200	7.18252e-200	7.18252e-200	7.18252e-200	7.18252e-200	7.18252e-200	7.18252e-200	7.18252e-200	7.18252e-200	7.18252e-200	7.18252e-200	7.18252e-200	7.18252e-200
20.49	4.94759e-188	4.94759e-188	4.94759e-188	4.94759e-188	4.94759e-188	4.94759e-188	4.94759e-188	4.94759e-188	4.94759e-188	4.94759e-188	4.94759e-188	4.94759e-188	4.94759e-188	4.94759e-188	4.94759e-188	4.94759e-188	4.94759e-188	4.94759e-188	4.94759e-188	4.94759e-188	4.94759e-188	4.94759e-188	4.94759e-188	4.94759e-188	4.94759e-188	4.94759e-188	4.94759e-188	4.94759e-188	4.94759e-188	4.94759e-188	4.94759e-188	4.94759e-188	4.94759e-188	4.94759e-188	4.94759e-188	4.94759e-188	4.94759e-188	4.94759e-188	4.94759e-188	4.94759e-188	4.94759e-188	4.94759e-188	4.94759e-188	4.94759e-188	4.94759e-188	4.94759e-188	4.94759e-188	4.94759e-188	4.94759e-188	4.94759e-188	4.94759e-188	4.94759e-188	4.94759e-188	4.94759e-188	4.94759e-188	4.94759e-188	4.94759e-188	4.94759e-188	4.94759e-188	4.94759e-188	4.94759e-188	4.94759e-188	4.94759e-188	4.94759e-188	4.94759e-188	4.94759e-188	4.94759e-188	4.94759e-188	4.94759e-188	4.94759e-188	4.94759e-188	4.94759e-188	4.94759e-188	4.94759e-188	4.94759e-188	4.94759e-188	4.94759e-188	4.94759e-188	4.94759e-188	4.94759e-188	4.94759e-188	4.94759e-188	4.94759e-188	4.94759e-188	4.94759e-188	4.94759e-188	4.94759e-188	4.94759e-188	4.94759e-188	4.94759e-188	4.94759e-188	4.94759e-188	4.94759e-188	4.94759e-188	4.94759e-188	4.94759e-188	4.94759e-188	4.94759e-188	4.94759e-188	4.94759e-188	4.94759e-188	4.94759e-188	4.94759e-188	4.94759e-188	4.94759e-188	4.94759e-188	4.94759e-188	4.94759e-188	4.94759e-188	4.94759e-188	4.94759e-188	4.94759e-188	4.94759e-188	4.94759e-188	4.94759e-188	4.94759e-188	4.94759e-188	4.94759e-188	4.94759e-188	4.94759e-188	4.94759e-188	4.94759e-188	4.94759e-188	4.94759e-188	4.94759e-188	4.94759e-188	4.94759e-188	4.94759e-188	4.94759e-188	4.94759e-188	4.94759e-188	4.94759e-188	4.94759e-188
20.53	4.34046e-177	4.34046e-177	4.34046e-177	4.34046e-177	4.34046e-177	4.34046e-177	4.34046e-177	4.34046e-177	4.34046e-177	4.34046e-177	4.34046e-177	4.34046e-177	4.34046e-177	4.34046e-177	4.34046e-177	4.34046e-177	4.34046e-177	4.34046e-177	4.34046e-177	4.34046e-177	4.34046e-177	4.34046e-177	4.34046e-177	4.34046e-177	4.34046e-177	4.34046e-177	4.34046e-177	4.34046e-177	4.34046e-177	4.34046e-177	4.34046e-177	4.34046e-177	4.34046e-177	4.34046e-177	4.34046e-177	4.34046e-177	4.34046e-177	4.34046e-177	4.34046e-177	4.34046e-177	4.34046e-177	4.34046e-177	4.34046e-177	4.34046e-177	4.34046e-177	4.34046e-177	4.34046e-177	4.34046e-177	4.34046e-177	4.34046e-177	4.34046e-177	4.34046e-177	4.34046e-177	4.34046e-177	4.34046e-177	4.34046e-177	4.34046e-177	4.34046e-177	4.34046e-177	4.34046e-177	4.34046e-177	4.34046e-177	4.34046e-177	4.34046e-177	4.34046e-177	4.34046e-177	4.34046e-177	4.34046e-177	4.34046e-177	4.34046e-177	4.34046e-177	4.34046e-177	4.34046e-177	4.34046e-177	4.34046e-177	4.34046e-177	4.34046e-177	4.34046e-177	4.34046e-177	4.34046e-177	4.34046e-177	4.34046e-177	4.34046e-177	4.34046e-177	4.34046e-177	4.34046e-177	4.34046e-177	4.34046e-177	4.34046e-177	4.34046e-177	4.34046e-177	4.34046e-177	4.34046e-177	4.34046e-177	4.34046e-177	4.34046e-177	4.34046e-177	4.34046e-177	4.34046e-177	4.34046e-177	4.34046e-177	4.34046e-177	4.34046e-177	4.34046e-177	4.34046e-177	4.34046e-177	4.34046e-177	4.34046e-177	4.34046e-177	4.34046e-177	4.34046e-177	4.34046e-177	4.34046e-177	4.34046e-177	4.34046e-177	4.34046e-177	4.34046e-177	4.34046e-177	4.34046e-177	4.34046e-177	4.34046e-177	4.34046e-177	4.34046e-177	4.34046e-177	4.34046e-177	4.34046e-177	4.34046e-177	4.34046e-177	4.34046e-177	4.34046e-177	4.34046e-177	4.34046e-177	4.34046e-177
20.56	5.68070e-167	5.68070e-167	5.68070e-167	5.68070e-167	5.68070e-167	5.68070e-167	5.68070e-167	5.68070e-167	5.68070e-167	5.68070e-167	5.68070e-167	5.68070e-167	5.68070e-167	5.68070e-167	5.68070e-167	5.68070e-167	5.68070e-167	5.68070e-167	5.68070e-167	5.68070e-167	5.68070e-167	5.68070e-167	5.68070e-167	5.68070e-167	5.68070e-167	5.68070e-167	5.68070e-167	5.68070e-167	5.68070e-167	5.68070e-167	5.68070e-167	5.68070e-167	5.68070e-167	5.68070e-167	5.68070e-167	5.68070e-167	5.68070e-167	5.68070e-167	5.68070e-167	5.68070e-167	5.68070e-167	5.68070e-167	5.68070e-167	5.68070e-167	5.68070e-167	5.68070e-167	5.68070e-167	5.68070e-167	5.68070e-167	5.68070e-167	5.68070e-167	5.68070e-167	5.68070e-167	5.68070e-167	5.68070e-167	5.68070e-167	5.68070e-167	5.68070e-167	5.68070e-167	5.68070e-167	5.68070e-167	5.68070e-167	5.68070e-167	5.68070e-167	5.68070e-167	5.68070e-167	5.68070e-167	5.68070e-167	5.68070e-167	5.68070e-167	5.68070e-167	5.68070e-167	5.68070e-167	5.68070e-167	5.68070e-167	5.68070e-167	5.68070e-167	5.68070e-167	5.68070e-167	5.68070e-167	5.68070e-167	5.68070e-167	5.68070e-167	5.68070e-167	5.68070e-167	5.68070e-167	5.68070e-167	5.68070e-167	5.68070e-167	5.68070e-167	5.68070e-167	5.68070e-167	5.68070e-167	5.68070e-167	5.68070e-167	5.68070e-167	5.68070e-167	5.68070e-167	5.68070e-167	5.68070e-167	5.68070e-167	5.68070e-167	5.68070e-167	5.68070e-167	5.68070e-167	5.68070e-167	5.68070e-167	5.68070e-167	5.68070e-167	5.68070e-167	5.68070e-167	5.68070e-167	5.68070e-167	5.68070e-167	5.68070e-167	5.68070e-167	5.68070e-167	5.68070e-167	5.68070e-167	5.68070e-167	5.68070e-167	5.68070e-167	5.68070e-167	5.68070e-167	5.68070e-167	5.68070e-167	5.68070e-167	5.68070e-167	5.68070e-167	5.68070e-167	5.68070e-167	5.68070e-167	5.68070e-167
20.60	1.37805e-157	1.37805e-157	1.37805e-157	1.37805e-157	1.37805e-157	1.37805e-157	1.37805e-157	1.37805e-157	1.37805e-157	1.37805e-157	1.37805e-157	1.37805e-157	1.37805e-157	1.37805e-157	1.37805e-157	1.37805e-157	1.37805e-157	1.37805e-157	1.37805e-157	1.37805e-157	1.37805e-157	1.37805e-157	1.37805e-157	1.37805e-157	1.37805e-157	1.37805e-157	1.37805e-157	1.37805e-157	1.37805e-157	1.37805e-157	1.37805e-157	1.37805e-157	1.37805e-157	1.37805e-157	1.37805e-157	1.37805e-157	1.37805e-157	1.37805e-157	1.37805e-157	1.37805e-157	1.37805e-157	1.37805e-157	1.37805e-157	1.37805e-157	1.37805e-157	1.37805e-157	1.37805e-157	1.37805e-157	1.37805e-157	1.37805e-157	1.37805e-157	1.37805e-157	1.37805e-157	1.37805e-157	1.37805e-157	1.37805e-157	1.37805e-157	1.37805e-157	1.37805e-157	1.37805e-157	1.37805e-157	1.37805e-157	1.37805e-157	1.37805e-157	1.37805e-157	1.37805e-157	1.37805e-157	1.37805e-157	1.37805e-157	1.37805e-157	1.37805e-157	1.37805e-157	1.37805e-157	1.37805e-157	1.37805e-157	1.37805e-157	1.37805e-157	1.37805e-157	1.37805e-157	1.37805e-157	1.37805e-157	1.37805e-157	1.37805e-157	1.37805e-157	1.37805e-157	1.37805e-157	1.37805e-157	1.37805e-157	1.37805e-157	1.37805e-157	1.37805e-157	1.37805e-157	1.37805e-157	1.37805e-157	1.37805e-157	1.37805e-157	1.37805e-157	1.37805e-157	1.37805e-157	1.37805e-157	1.37805e-157	1.37805e-157	1.37805e-157	1.37805e-157	1.37805e-157	1.37805e-157	1.37805e-157	1.37805e-157	1.37805e-157	1.37805e-157	1.37805e-157	1.37805e-157	1.37805e-157	1.37805e-157	1.37805e-157	1.37805e-157	1.37805e-157	1.37805e-157	1.37805e-157	1.37805e-157	1.37805e-157	1.37805e-157	1.37805e-157	1.37805e-157	1.37805e-157	1.37805e-157	1.37805e-157	1.37805e-157	1.37805e-157	1.37805e-157	1.37805e-157	1.37805e-157	1.37805e-157
20.63	7.37980e-149	7.37980e-149	7.37980e-149	7.37980e-149	7.37980e-149	7.37980e-149	7.37980e-149	7.37980e-149	7.37980e-149	7.37980e-149	7.37980e-149	7.37980e-149	7.37980e-149	7.37980e-149	7.37980e-149	7.37980e-149	7.37980e-149	7.37980e-149	7.37980e-149	7.37980e-149	7.37980e-149	7.37980e-149	7.37980e-149	7.37980e-149	7.37980e-149	7.37980e-149	7.37980e-149	7.37980e-149	7.37980e-149	7.37980e-149	7.37980e-149	7.37980e-149	7.37980e-149	7.37980e-149	7.37980e-149	7.37980e-149	7.37980e-149	7.37980e-149	7.37980e-149	7.37980e-149	7.37980e-149	7.37980e-149	7.37980e-149	7.37980e-149	7.37980e-149	7.37980e-149	7.37980e-149	7.37980e-149	7.37980e-149	7.37980e-149	7.37980e-149	7.37980e-149	7.37980e-149	7.37980e-149	7.37980e-149	7.37980e-149	7.37980e-149	7.37980e-149	7.37980e-149	7.37980e-149	7.37980e-149	7.37980e-149	7.37980e-149	7.37980e-149	7.37980e-149	7.37980e-149	7.37980e-149	7.37980e-149	7.37980e-149	7.37980e-149	7.37980e-149	7.37980e-149	7.37980e-149	7.37980e-149	7.37980e-149	7.37980e-149	7.37980e-149	7.37980e-149	7.37980e-149	7.37980e-149	7.37980e-149	7.37980e-149	7.37980e-149	7.37980e-149	7.37980e-149	7.37980e-149	7.37980e-149	7.37980e-149	7.37980e-149	7.37980e-149	7.37980e-149	7.37980e-149	7.37980e-149	7.37980e-149	7.37980e-149	7.37980e-149	7.37980e-149	7.37980e-149	7.37980e-149	7.37980e-149	7.37980e-149	7.37980e-149	7.37980e-149	7.37980e-149	7.37980e-149	7.37980e-149	7.37980e-149	7.37980e-149	7.37980e-149	7.37980e-149	7.37980e-149	7.37980e-149	7.37980e-149	7.37980e-149	7.37980e-149	7.37980e-149	7.37980e-149	7.37980e-149	7.37980e-149	7.37980e-149	7.37980e-149	7.37980e-149	7.37980e-149	7.37980e-149	7.37980e-149	7.37980e-149	7.37980e-149	7.37980e-149	7.37980e-149	7.37980e-149	7.37980e-149	7.37980e-149	7.37980e-149
20.66	8.54372e-141	8.54372e-141	8.54372e-141	8.54372e-141	8.54372e-141	8.54372e-141	8.54372e-141	8.54372e-141	8.54372e-141	8.54372e-141	8.54372e-141	8.54372e-141	8.54372e-141	8.54372e-141	8.54372e-141	8.54372e-141	8.54372e-141	8.54372e-141	8.54372e-141	8.54372e-141	8.54372e-141	8.54372e-141	8.54372e-141	8.54372e-141	8.54372e-141	8.54372e-141	8.54372e-141	8.54372e-141	8.54372e-141	8.54372e-141	8.54372e-141	8.54372e-141	8.54372e-141	8.54372e-141	8.54372e-141	8.54372e-141	8.54372e-141	8.54372e-141	8.54372e-141	8.54372e-141	8.54372e-141	8.54372e-141	8.54372e-141	8.54372e-141	8.54372e-141	8.54372e-141	8.54372e-141	8.54372e-141	8.54372e-141	8.54372e-141	8.54372e-141	8.54372e-141	8.54372e-141	8.54372e-141	8.54372e-141	8.54372e-141	8.54372e-141	8.54372e-141	8.54372e-141	8.54372e-141	8.54372e-141	8.54372e-141	8.54372e-141	8.54372e-141	8.54372e-141	8.54372e-141	8.54372e-141	8.54372e-141	8.54372e-141	8.54372e-141	8.54372e-141	8.54372e-141	8.54372e-141	8.54372e-141	8.54372e-141	8.54372e-141	8.54372e-141	8.54372e-141	8.54372e-141	8.54372e-141	8.54372e-141	8.54372e-141	8.54372e-141	8.54372e-141	8.54372e-141	8.54372e-141	8.54372e-141	8.54372e-141	8.54372e-141	8.54372e-141	8.54372e-141	8.54372e-141	8.54372e-141	8.54372e-141	8.54372e-141	8.54372e-141	8.54372e-141	8.54372e-141	8.54372e-141	8.54372e-141	8.54372e-141	8.54372e-141	8.54372e-141	8.54372e-141	8.54372e-141	8.54372e-141	8.54372e-141	8.54372e-141	8.54372e-141	8.54372e-141	8.54372e-141	8.54372e-141	8.54372e-141	8.54372e-141	8.54372e-141	8.54372e-141	8.54372e-141	8.54372e-141	8.54372e-141	8.54372e-141	8.54372e-141	8.54372e-141	8.54372e-141	8.54372e-141	8.54372e-141	8.54372e-141	8.54372e-141	8.54372e-141	8.54372e-141	8.54372e-141	8.54372e-141	8.54372e-141	8.54372e-141
20.70	2.35140e-133	2.35140e-133	2.35140e-133	2.35140e-133	2.35140e-133	2.35140e-133	2.35140e-133	2.35140e-133	2.35140e-133	2.35140e-133	2.35140e-133	2.35140e-133	2.35140e-133	2.35140e-133	2.35140e-133	2.35140e-133	2.35140e-133	2.35140e-133	2.35140e-133	2.35140e-133	2.35140e-133	2.35140e-133	2.35140e-133	2.35140e-133	2.35140e-133	2.35140e-133	2.35140e-133	2.35140e-133	2.35140e-133	2.35140e-133	2.35140e-133	2.35140e-133	2.35140e-133	2.35140e-133	2.35140e-133	2.35140e-133	2.35140e-133	2.35140e-133	2.35140e-133	2.35140e-133	2.35140e-133	2.35140e-133	2.35140e-133	2.35140e-133	2.35140e-133	2.35140e-133	2.35140e-133	2.35140e-133	2.35140e-133	2.35140e-133	2.35140e-133	2.35140e-133	2.35140e-133	2.35140e-133	2.35140e-133	2.35140e-133	2.35140e-133	2.35140e-133	2.35140e-133	2.35140e-133	2.35140e-133	2.35140e-133	2.35140e-133	2.35140e-133	2.35140e-133	2.35140e-133	2.35140e-133	2.35140e-133	2.35140e-133	2.35140e-133	2.35140e-133	2.35140e-133	2.35140e-133	2.35140e-133	2.35140e-133	2.35140e-133	2.35140e-133	2.35140e-133	2.35140e-133	2.35140e-133	2.35140e-133	2.35140e-133	2.35140e-133	2.35140e-133	2.35140e-133	2.35140e-133	2.35140e-133	2.35140e-133	2.35140e-133	2.35140e-133	2.35140e-133	2.35140e-133	2.35140e-133	2.35140e-133	2.35140e-133	2.35140e-133	2.35140e-133	2.35140e-133	2.35140e-133	2.35140e-133	2.35140e-133	2.35140e-133	2.35140e-133	2.35140e-133	2.35140e-133	2.35140e-133	2.35140e-133	2.35140e-133	2.35140e-133	2.35140e-133	2.35140e-133	2.35140e-133	2.35140e-133	2.35140e-133	2.35140e-133	2.35140e-133	2.35140e-133	2.35140e-133	2.35140e-133	2.35140e-133	2.35140e-133	2.35140e-133	2.35140e-133	2.35140e-133	2.35140e-133	2.35140e-133	2.35140e-133	2.35140e-133	2.35140e-133	2.35140e-133	2.35140e-133	2.35140e-133	2.35140e-133
20.73	1.89444e-126	1.89444e-126	1.89444e-126	1.89444e-126	1.89444e-126	1.89444e-126	1.89444e-126	1.89444e-126	1.89444e-126	1.89444e-126	1.89444e-126	1.89444e-126	1.89444e-126	1.89444e-126	1.89444e-126	1.89444e-126	1.89444e-126	1.89444e-126	1.89444e-126	1.89444e-126	1.89444e-126	1.89444e-126	1.89444e-126	1.89444e-126	1.89444e-126	1.89444e-126	1.89444e-126	1.89444e-126	1.89444e-126	1.89444e-126	1.89444e-126	1.89444e-126	1.89444e-126	1.89444e-126	1.89444e-126	1.89444e-126	1.89444e-126	1.89444e-126	1.89444e-126	1.89444e-126	1.89444e-126	1.89444e-126	1.89444e-126	1.89444e-126	1.89444e-126	1.89444e-126	1.89444e-126	1.89444e-126	1.89444e-126	1.89444e-126	1.89444e-126	1.89444e-126	1.89444e-126	1.89444e-126	1.89444e-126	1.89444e-126	1.89444e-126	1.89444e-126	1.89444e-126	1.89444e-126	1.89444e-126	1.89444e-126	1.89444e-126	1.89444e-126	1.89444e-126	1.89444e-126	1.89444e-126	1.89444e-126	1.89444e-126	1.89444e-126	1.89444e-126	1.89444e-126	1.89444e-126	1.89444e-126	1.89444e-126	1.89444e-126	1.89444e-126	1.89444e-126	1.89444e-126	1.89444e-126	1.89444e-126	1.89444e-126	1.89444e-126	1.89444e-126	1.89444e-126	1.89444e-126	1.89444e-126	1.89444e-126	1.89444e-126	1.89444e-126	1.89444e-126	1.89444e-126	1.89444e-126	1.89444e-126	1.89444e-126	1.89444e-126	1.89444e-126	1.89444e-126	1.89444e-126	1.89444e-126	1.89444e-126	1.89444e-126	1.89444e-126	1.89444e-126	1.89444e-126	1.89444e-126	1.89444e-126	1.89444e-126	1.89444e-126	1.89444e-126	1.89444e-126	1.89444e-126	1.89444e-126	1.89444e-126	1.89444e-126	1.89444e-126	1.89444e-126	1.89444e-126	1.89444e-126	1.89444e-126	1.89444e-126	1.89444e-126	1.89444e-126	1.89444e-126	1.89444e-126	1.89444e-126	1.89444e-126	1.89444e-126	1.89444e-126	1.89444e-126	1.89444e-126	1.89444e-126	1.89444e-126
20.77	4.93143e-120	4.93144e-120	4.93144e-120	4.93144e-120	4.93144e-120	4.93144e-120	4.93144e-120	4.93144e-120	4.93144e-120	4.93144e-120	4.93144e-120	4.93144e-120	4.93144e-120	4.93144e-120	4.93144e-120	4.93144e-120	4.93144e-120	4.93144e-120	4.93144e-120	4.93144e-120	4.93144e-120	4.93144e-120	4.93144e-120	4.93144e-120	4.93144e-120	4.93144e-120	4.93144e-120	4.93144e-120	4.93144e-120	4.93144e-120	4.93144e-120	4.93144e-120	4.93144e-120	4.93144e-120	4.93144e-120	4.93144e-120	4.93144e-120	4.93144e-120	4.93144e-120	4.93144e-120	4.93144e-120	4.93144e-120	4.93144e-120	4.93144e-120	4.93144e-120	4.93144e-120	4.93144e-120	4.93144e-120	4.93144e-120	4.93144e-120	4.93144e-120	4.93144e-120	4.93144e-120	4.93144e-120	4.93144e-120	4.93144e-120	4.93144e-120	4.93144e-120	4.93144e-120	4.93144e-120	4.93144e-120	4.93144e-120	4.93144e-120	4.93144e-120	4.93144e-120	4.93144e-120	4.93144e-120	4.93144e-120	4.93144e-120	4.93144e-120	4.93144e-120	4.93144e-120	4.93144e-120	4.93144e-120	4.93144e-120	4.93144e-120	4.93144e-120	4.93144e-120	4.93144e-120	4.93144e-120	4.93144e-120	4.93144e-120	4.93144e-120	4.93144e-120	4.93144e-120	4.93144e-120	4.93144e-120	4.93144e-120	4.93144e-120	4.93144e-120	4.93144e-120	4.93144e-120	4.93144e-120	4.93144e-120	4.93144e-120	4.93144e-120	4.93144e-120	4.93144e-120	4.93144e-120	4.93144e-120	4.93144e-120	4.93144e-120	4.93144e-120	4.93144e-120	4.93144e-120	4.93144e-120	4.93144e-120	4.93144e-120	4.93144e-120	4.93144e-120	4.93144e-120	4.93144e-120	4.93144e-120	4.93144e-120	4.93144e-120	4.93144e-120	4.93144e-120	4.93144e-120	4.93144e-120	4.93144e-120	4.93144e-120	4.93144e-120	4.93144e-120	4.93144e-120	4.93144e-120	4.93144e-120	4.93144e-120	4.93144e-120	4.93144e-120	4.93144e-120	4.93144e-120	4.93144e-120	4.93144e-120
20.80	4.13602e-114	4.13603e-114	4.13603e-114	4.13603e-114	4.13603e-114	4.13603e-114	4.13603e-114	4.13603e-114	4.13603e-114	4.13603e-114	4.13603e-114	4.13603e-114	4.13603e-114	4.13603e-114	4.13603e-114	4.13603e-114	4.13603e-114	4.13603e-114	4.13603e-114	4.13603e-114	4.13603e-114	4.13603e-114	4.13603e-114	4.13603e-114	4.13603e-114	4.13603e-114	4.13603e-114	4.13603e-114	4.13603e-114	4.13603e-114	4.13603e-114	4.13603e-114	4.13603e-114	4.13603e-114	4.13603e-114	4.13603e-114	4.13603e-114	4.13603e-114	4.13603e-114	4.13603e-114	4.13603e-114	4.13603e-114	4.13603e-114	4.13603e-114	4.13603e-114	4.13603e-114	4.13603e-114	4.13603e-114	4.13603e-114	4.13603e-114	4.13603e-114	4.13603e-114	4.13603e-114	4.13603e-114	4.13603e-114	4.13603e-114	4.13603e-114	4.13603e-114	4.13603e-114	4.13603e-114	4.13603e-114	4.13603e-114	4.13603e-114	4.13603e-114	4.13603e-114	4.13603e-114	4.13603e-114	4.13603e-114	4.13603e-114	4.13603e-114	4.13603e-114	4.13603e-114	4.13603e-114	4.13603e-114	4.13603e-114	4.13603e-114	4.13603e-114	4.13603e-114	4.13603e-114	4.13603e-114	4.13603e-114	4.13603e-114	4.13603e-114	4.13603e-114	4.13603e-114	4.13603e-114	4.13603e-114	4.13603e-114	4.13603e-114	4.13603e-114	4.13603e-114	4.13603e-114	4.13603e-114	4.13603e-114	4.13603e-114	4.13603e-114	4.13603e-114	4.13603e-114	4.13603e-114	4.13603e-114	4.13603e-114	4.13603e-114	4.13603e-114	4.13603e-114	4.13603e-114	4.13603e-114	4.13603e-114	4.13603e-114	4.13603e-114	4.13603e-114	4.13603e-114	4.13603e-114	4.13603e-114	4.13603e-114	4.13603e-114	4.13603e-114	4.13603e-114	4.13603e-114	4.13603e-114	4.13603e-114	4.13603e-114	4.13603e-114	4.13603e-114	4.13603e-114	4.13603e-114	4.13603e-114	4.13603e-114	4.13603e-114	4.13603e-114	4.13603e-114	4.13603e-114	4.13603e-114	4.13603e-114
20.83	1.37043e-108	1.37044e-108	1.37044e-108	1.37044e-108	1.37044e-108	1.37044e-108	1.37044e-108	1.37044e-108	1.37044e-108	1.37044e-108	1.37044e-108	1.37044e-108	1.37044e-108	1.37044e-108	1.37044e-108	1.37044e-108	1.37044e-108	1.37044e-108	1.37044e-108	1.37044e-108	1.37044e-108	1.37044e-108	1.37044e-108	1.37044e-108	1.37044e-108	1.37044e-108	1.37044e-108	1.37044e-108	1.37044e-108	1.37044e-108	1.37044e-108	1.37044e-108	1.37044e-108	1.37044e-108	1.37044e-108	1.37044e-108	1.37044e-108	1.37044e-108	1.37044e-108	1.37044e-108	1.37044e-108	1.37044e-108	1.37044e-108	1.37044e-108	1.37044e-108	1.37044e-108	1.37044e-108	1.37044e-108	1.37044e-108	1.37044e-108	1.37044e-108	1.37044e-108	1.37044e-108	1.37044e-108	1.37044e-108	1.37044e-108	1.37044e-108	1.37044e-108	1.37044e-108	1.37044e-108	1.37044e-108	1.37044e-108	1.37044e-108	1.37044e-108	1.37044e-108	1.37044e-108	1.37044e-108	1.37044e-108	1.37044e-108	1.37044e-108	1.37044e-108	1.37044e-108	1.37044e-108	1.37044e-108	1.37044e-108	1.37044e-108	1.37044e-108	1.37044e-108	1.37044e-108	1.37044e-108	1.37044e-108	1.37044e-108	1.37044e-108	1.37044e-108	1.37044e-108	1.37044e-108	1.37044e-108	1.37044e-108	1.37044e-108	1.37044e-108	1.37044e-108	1.37044e-108	1.37044e-108	1.37044e-108	1.37044e-108	1.37044e-108	1.37044e-108	1.37044e-108	1.37044e-108	1.37044e-108	1.37044e-108	1.37044e-108	1.37044e-108	1.37044e-108	1.37044e-108	1.37044e-108	1.37044e-108	1.37044e-108	1.37044e-108	1.37044e-108	1.37044e-108	1.37044e-108	1.37044e-108	1.37044e-108	1.37044e-108	1.37044e-108	1.37044e-108	1.37044e-108	1.37044e-108	1.37044e-108	1.37044e-108	1.37044e-108	1.37044e-108	1.37044e-108	1.37044e-108	1.37044e-108	1.37044e-108	1.37044e-108	1.37044e-108	1.37044e-108	1.37044e-108	1.37044e-108	1.37044e-108
20.87	1.75263e-103	1.75265e-103	1.75265e-103	1.75265e-103	1.75265e-103	1.75265e-103	1.75265e-103	1.75265e-103	1.75265e-103	1.75265e-103	1.75265e-103	1.75265e-103	1.75265e-103	1.75265e-103	1.75265e-103	1.75265e-103	1.75265e-103	1.75265e-103	1.75265e-103	1.75265e-103	1.75265e-103	1.75265e-103	1.75265e-103	1.75265e-103	1.75265e-103	1.75265e-103	1.75265e-103	1.75265e-103	1.75265e-103	1.75265e-103	1.75265e-103	1.75265e-103	1.75265e-103	1.75265e-103	1.75265e-103	1.75265e-103	1.75265e-103	1.75265e-103	1.75265e-103	1.75265e-103	1.75265e-103	1.75265e-103	1.75265e-103	1.75265e-103	1.75265e-103	1.75265e-103	1.75265e-103	1.75265e-103	1.75265e-103	1.75265e-103	1.75265e-103	1.75265e-103	1.75265e-103	1.75265e-103	1.75265e-103	1.75265e-103	1.75265e-103	1.75265e-103	1.75265e-103	1.75265e-103	1.75265e-103	1.75265e-103	1.75265e-103	1.75265e-103	1.75265e-103	1.75265e-103	1.75265e-103	1.75265e-103	1.75265e-103	1.75265e-103	1.75265e-103	1.75265e-103	1.75265e-103	1.75265e-103	1.75265e-103	1.75265e-103	1.75265e-103	1.75265e-103	1.75265e-103	1.75265e-103	1.75265e-103	1.75265e-103	1.75265e-103	1.75265e-103	1.75265e-103	1.75265e-103	1.75265e-103	1.75265e-103	1.75265e-103	1.75265e-103	1.75265e-103	1.75265e-103	1.75265e-103	1.75265e-103	1.75265e-103	1.75265e-103	1.75265e-103	1.75265e-103	1.75265e-103	1.75265e-103	1.75265e-103	1.75265e-103	1.75265e-103	1.75265e-103	1.75265e-103	1.75265e-103	1.75265e-103	1.75265e-103	1.75265e-103	1.75265e-103	1.75265e-103	1.75265e-103	1.75265e-103	1.75265e-103	1.75265e-103	1.75265e-103	1.75265e-103	1.75265e-103	1.75265e-103	1.75265e-103	1.75265e-103	1.75265e-103	1.75265e-103	1.75265e-103	1.75265e-103	1.75265e-103	1.75265e-103	1.75265e-103	1.75265e-103	1.75265e-103	1.75265e-103	1.75265e-103	1.75265e-103
20.90	9.70700e-99	9.70733e-99	9.70733e-99	9.70733e-99	9.70733e-99	9.70733e-99	9.70733e-99	9.70733e-99	9.70733e-99	9.70733e-99	9.70733e-99	9.70733e-99	9.70733e-99	9.70733e-99	9.70733e-99	9.70733e-99	9.70733e-99	9.70733e-99	9.70733e-99	9.70733e-99	9.70733e-99	9.70733e-99	9.70733e-99	9.70733e-99	9.70733e-99	9.70733e-99	9.70733e-99	9.70733e-99	9.70733e-99	9.70733e-99	9.70733e-99	9.70733e-99	9.70733e-99	9.70733e-99	9.70733e-99	9.70733e-99	9.70733e-99	9.70733e-99	9.70733e-99	9.70733e-99	9.70733e-99	9.70733e-99	9.70733e-99	9.70733e-99	9.70733e-99	9.70733e-99	9.70733e-99	9.70733e-99	9.70733e-99	9.70733e-99	9.70733e-99	9.70733e-99	9.70733e-99	9.70733e-99	9.70733e-99	9.70733e-99	9.70733e-99	9.70733e-99	9.70733e-99	9.70733e-99	9.70733e-99	9.70733e-99	9.70733e-99	9.70733e-99	9.70733e-99	9.70733e-99	9.70733e-99	9.70733e-99	9.70733e-99	9.70733e-99	9.70733e-99	9.70733e-99	9.70733e-99	9.70733e-99	9.70733e-99	9.70733e-99	9.70733e-99	9.70733e-99	9.70733e-99	9.70733e-99	9.70733e-99	9.70733e-99	9.70733e-99	9.70733e-99	9.70733e-99	9.70733e-99	9.70733e-99	9.70733e-99	9.70733e-99	9.70733e-99	9.70733e-99	9.70733e-99	9.70733e-99	9.70733e-99	9.70733e-99	9.70733e-99	9.70733e-99	9.70733e-99	9.70733e-99	9.70733e-99	9.70733e-99	9.70733e-99	9.70733e-99	9.70733e-99	9.70733e-99	9.70733e-99	9.70733e-99	9.70733e-99	9.70733e-99	9.70733e-99	9.70733e-99	9.70733e-99	9.70733e-99	9.70733e-99	9.70733e-99	9.70733e-99	9.70733e-99	9.70733e-99	9.70733e-99	9.70733e-99	9.70733e-99	9.70733e-99	9.70733e-99	9.70733e-99	9.70733e-99	9.70733e-99	9.70733e-99	9.70733e-99	9.70733e-99	9.70733e-99	9.70733e-99	9.70733e-99	9.70733e-99
20.94	2.52750e-94	2.52767e-94	2.52767e-94	2.52767e-94	2.52767e-94	2.52767e-94	2.52767e-94	2.52767e-94	2.52767e-94	2.52767e-94	2.52767e-94	2.52767e-94	2.52767e-94	2.52767e-94	2.52767e-94	2.52767e-94	2.52767e-94	2.52767e-94	2.52767e-94	2.52767e-94	2.52767e-94	2.52767e-94	2.52767e-94	2.52767e-94	2.52767e-94	2.52767e-94	2.52767e-94	2.52767e-94	2.52767e-94	2.52767e-94	2.52767e-94	2.52767e-94	2.52767e-94	2.52767e-94	2.52767e-94	2.52767e-94	2.52767e-94	2.52767e-94	2.52767e-94	2.52767e-94	2.52767e-94	2.52767e-94	2.52767e-94	2.52767e-94	2.52767e-94	2.52767e-94	2.52767e-94	2.52767e-94	2.52767e-94	2.52767e-94	2.52767e-94	2.52767e-94	2.52767e-94	2.52767e-94	2.52767e-94	2.52767e-94	2.52767e-94	2.52767e-94	2.52767e-94	2.52767e-94	2.52767e-94	2.52767e-94	2.52767e-94	2.52767e-94	2.52767e-94	2.52767e-94	2.52767e-94	2.52767e-94	2.52767e-94	2.52767e-94	2.52767e-94	2.52767e-94	2.52767e-94	2.52767e-94	2.52767e-94	2.52767e-94	2.52767e-94	2.52767e-94	2.52767e-94	2.52767e-94	2.52767e-94	2.52767e-94	2.52767e-94	2.52767e-94	2.52767e-94	2.52767e-94	2.52767e-94	2.52767e-94	2.52767e-94	2.52767e-94	2.52767e-94	2.52767e-94	2.52767e-94	2.52767e-94	2.52767e-94	2.52767e-94	2.52767e-94	2.52767e-94	2.52767e-94	2.52767e-94	2.52767e-94	2.52767e-94	2.52767e-94	2.52767e-94	2.52767e-94	2.52767e-94	2.52767e-94	2.52767e-94	2.52767e-94	2.52767e-94	2.52767e-94	2.52767e-94	2.52767e-94	2.52767e-94	2.52767e-94	2.52767e-94	2.52767e-94	2.52767e-94	2.52767e-94	2.52767e-94	2.52767e-94	2.52767e-94	2.52767e-94	2.52767e-94	2.52767e-94	2.52767e-94	2.52767e-94	2.52767e-94	2.52767e-94	2.52767e-94	2.52767e-94	2.52767e-94	2.52767e-94
20.97	3.20316e-90	3.20359e-90	3.20359e-90	3.20359e-90	3.20359e-90	3.20359e-90	3.20359e-90	3.20359e-90	3.20359e-90	3.20359e-90	3.20359e-90	3.20359e-90	3.20359e-90	3.20359e-90	3.20359e-90	3.20359e-90	3.20359e-90	3.20359e-90	3.20359e-90	3.20359e-90	3.20359e-90	3.20359e-90	3.20359e-90	3.20359e-90	3.20359e-90	3.20359e-90	3.20359e-90	3.20359e-90	3.20359e-90	3.20359e-90	3.20359e-90	3.20359e-90	3.20359e-90	3.20359e-90	3.20359e-90	3.20359e-90	3.20359e-90	3.20359e-90	3.20359e-90	3.20359e-90	3.20359e-90	3.20359e-90	3.20359e-90	3.20359e-90	3.20359e-90	3.20359e-90	3.20359e-90	3.20359e-90	3.20359e-90	3.20359e-90	3.20359e-90	3.20359e-90	3.20359e-90	3.20359e-90	3.20359e-90	3.20359e-90	3.20359e-90	3.20359e-90	3.20359e-90	3.20359e-90	3.20359e-90	3.20359e-90	3.20359e-90	3.20359e-90	3.20359e-90	3.20359e-90	3.20359e-90	3.20359e-90	3.20359e-90	3.20359e-90	3.20359e-90	3.20359e-90	3.20359e-90	3.20359e-90	3.20359e-90	3.20359e-90	3.20359e-90	3.20359e-90	3.20359e-90	3.20359e-90	3.20359e-90	3.20359e-90	3.20359e-90	3.20359e-90	3.20359e-90	3.20359e-90	3.20359e-90	3.20359e-90	3.20359e-90	3.20359e-90	3.20359e-90	3.20359e-90	3.20359e-90	3.20359e-90	3.20359e-90	3.20359e-90	3.20359e-90	3.20359e-90	3.20359e-90	3.20359e-90	3.20359e-90	3.20359e-90	3.20359e-90	3.20359e-90	3.20359e-90	3.20359e-90	3.20359e-90	3.20359e-90	3.20359e-90	3.20359e-90	3.20359e-90	3.20359e-90	3.20359e-90	3.20359e-90	3.20359e-90	3.20359e-90	3.20359e-90	3.20359e-90	3.20359e-90	3.20359e-90	3.20359e-90	3.20359e-90	3.20359e-90	3.20359e-90	3.20359e-90	3.20359e-90	3.20359e-90	3.20359e-90	3.20359e-90	3.20359e-90	3.20359e-90	3.20359e-90	3.20359e-90
21.00	2.12570e-86	2.12623e-86	2.12623e-86	2.12623e-86	2.12623e-86	2.12623e-86	2.12623e-86	2.12623e-86	2.12623e-86	2.12623e-86	2.12623e-86	2.12623e-86	2.12623e-86	2.12623e-86	2.12623e-86	2.12623e-86	2.12623e-86	2.12623e-86	2.12623e-86	2.12623e-86	2.12623e-86	2.12623e-86	2.12623e-86	2.12623e-86	2.12623e-86	2.12623e-86	2.12623e-86	2.12623e-86	2.12623e-86	2.12623e-86	2.12623e-86	2.12623e-86	2.12623e-86	2.12623e-86	2.12623e-86	2.12623e-86	2.12623e-86	2.12623e-86	2.12623e-86	2.12623e-86	2.12623e-86	2.12623e-86	2.12623e-86	2.12623e-86	2.12623e-86	2.12623e-86	2.12623e-86	2.12623e-86	2.12623e-86	2.12623e-86	2.12623e-86	2.12623e-86	2.12623e-86	2.12623e-86	2.12623e-86	2.12623e-86	2.12623e-86	2.12623e-86	2.12623e-86	2.12623e-86	2.12623e-86	2.12623e-86	2.12623e-86	2.12623e-86	2.12623e-86	2.12623e-86	2.12623e-86	2.12623e-86	2.12623e-86	2.12623e-86	2.12623e-86	2.12623e-86	2.12623e-86	2.12623e-86	2.12623e-86	2.12623e-86	2.12623e-86	2.12623e-86	2.12623e-86	2.12623e-86	2.12623e-86	2.12623e-86	2.12623e-86	2.12623e-86	2.12623e-86	2.12623e-86	2.12623e-86	2.12623e-86	2.12623e-86	2.12623e-86	2.12623e-86	2.12623e-86	2.12623e-86	2.12623e-86	2.12623e-86	2.12623e-86	2.12623e-86	2.12623e-86	2.12623e-86	2.12623e-86	2.12623e-86	2.12623e-86	2.12623e-86	2.12623e-86	2.12623e-86	2.12623e-86	2.12623e-86	2.12623e-86	2.12623e-86	2.12623e-86	2.12623e-86	2.12623e-86	2.12623e-86	2.12623e-86	2.12623e-86	2.12623e-86	2.12623e-86	2.12623e-86	2.12623e-86	2.12623e-86	2.12623e-86	2.12623e-86	2.12623e-86	2.12623e-86	2.12623e-86	2.12623e-86	2.12623e-86	2.12623e-86	2.12623e-86	2.12623e-86	2.12623e-86	2.12623e-86	2.12623e-86
21.04	7.80190e-83	7.80531e-83	7.80531e-83	7.80531e-83	7.80531e-83	7.80531e-83	7.80531e-83	7.80531e-83	7.80531e-83	7.80531e-83	7.80531e-83	7.80531e-83	7.80531e-83	7.80531e-83	7.80531e-83	7.80531e-83	7.80531e-83	7.80531e-83	7.80531e-83	7.80531e-83	7.80531e-83	7.80531e-83	7.80531e-83	7.80531e-83	7.80531e-83	7.80531e-83	7.80531e-83	7.80531e-83	7.80531e-83	7.80531e-83	7.80531e-83	7.80531e-83	7.80531e-83	7.80531e-83	7.80531e-83	7.80531e-83	7.80531e-83	7.80531e-83	7.80531e-83	7.80531e-83	7.80531e-83	7.80531e-83	7.80531e-83	7.80531e-83	7.80531e-83	7.80531e-83	7.80531e-83	7.80531e-83	7.80531e-83	7.80531e-83	7.80531e-83	7.80531e-83	7.80531e-83	7.80531e-83	7.80531e-83	7.80531e-83	7.80531e-83	7.80531e-83	7.80531e-83	7.80531e-83	7.80531e-83	7.80531e-83	7.80531e-83	7.80531e-83	7.80531e-83	7.80531e-83	7.80531e-83	7.80531e-83	7.80531e-83	7.80531e-83	7.80531e-83	7.80531e-83	7.80531e-83	7.80531e-83	7.80531e-83	7.80531e-83	7.80531e-83	7.80531e-83	7.80531e-83	7.80531e-83	7.80531e-83	7.80531e-83	7.80531e-83	7.80531e-83	7.80531e-83	7.80531e-83	7.80531e-83	7.80531e-83	7.80531e-83	7.80531e-83	7.80531e-83	7.80531e-83	7.80531e-83	7.80531e-83	7.80531e-83	7.80531e-83	7.80531e-83	7.80531e-83	7.80531e-83	7.80531e-83	7.80531e-83	7.80531e-83	7.80531e-83	7.80531e-83	7.80531e-83	7.80531e-83	7.80531e-83	7.80531e-83	7.80531e-83	7.80531e-83	7.80531e-83	7.80531e-83	7.80531e-83	7.80531e-83	7.80531e-83	7.80531e-83	7.80531e-83	7.80531e-83	7.80531e-83	7.80531e-83	7.80531e-83	7.80531e-83	7.80531e-83	7.80531e-83	7.80531e-83	7.80531e-83	7.80531e-83	7.80531e-83	7.80531e-83	7.80531e-83	7.80531e-83	7.80531e-83	7.80531e-83
21.07	1.64655e-79	1.64775e-79	1.64775e-79	1.64775e-79	1.64775e-79	1.64775e-79	1.64775e-79	1.64775e-79	1.64775e-79	1.64775e-79	1.64775e-79	1.64775e-79	1.64775e-79	1.64775e-79	1.64775e-79	1.64775e-79	1.64775e-79	1.64775e-79	1.64775e-79	1.64775e-79	1.64775e-79	1.64775e-79	1.64775e-79	1.64775e-79	1.64775e-79	1.64775e-79	1.64775e-79	1.64775e-79	1.64775e-79	1.64775e-79	1.64775e-79	1.64775e-79	1.64775e-79	1.64775e-79	1.64775e-79	1.64775e-79	1.64775e-79	1.64775e-79	1.64775e-79	1.64775e-79	1.64775e-79	1.64775e-79	1.64775e-79	1.64775e-79	1.64775e-79	1.64775e-79	1.64775e-79	1.64775e-79	1.64775e-79	1.64775e-79	1.64775e-79	1.64775e-79	1.64775e-79	1.64775e-79	1.64775e-79	1.64775e-79	1.64775e-79	1.64775e-79	1.64775e-79	1.64775e-79	1.64775e-79	1.64775e-79	1.64775e-79	1.64775e-79	1.64775e-79	1.64775e-79	1.64775e-79	1.64775e-79	1.64775e-79	1.64775e-79	1.64775e-79	1.64775e-79	1.64775e-79	1.64775e-79	1.64775e-79	1.64775e-79	1.64775e-79	1.64775e-79	1.64775e-79	1.64775e-79	1.64775e-79	1.64775e-79	1.64775e-79	1.64775e-79	1.64775e-79	1.64775e-79	1.64775e-79	1.64775e-79	1.64775e-79	1.64775e-79	1.64775e-79	1.64775e-79	1.64775e-79	1.64775e-79	1.64775e-79	1.64775e-79	1.64775e-79	1.64775e-79	1.64775e-79	1.64775e-79	1.64775e-79	1.64775e-79	1.64775e-79	1.64775e-79	1.64775e-79	1.64775e-79	1.64775e-79	1.64775e-79	1.64775e-79	1.64775e-79	1.64775e-79	1.64775e-79	1.64775e-79	1.64775e-79	1.64775e-79	1.64775e-79	1.64775e-79	1.64775e-79	1.64775e-79	1.64775e-79	1.64775e-79	1.64775e-79	1.64775e-79	1.64775e-79	1.64775e-79	1.64775e-79	1.64775e-79	1.64775e-79	1.64775e-79	1.64775e-79	1.64775e-79	1.64775e-79	1.64775e-79
21.11	2.11800e-76	2.12049e-76	2.12049e-76	2.12049e-76	2.12049e-76	2.12049e-76	2.12049e-76	2.12049e-76	2.12049e-76	2.12049e-76	2.12049e-76	2.12049e-76	2.12049e-76	2.12049e-76	2.12049e-76	2.12049e-76	2.12049e-76	2.12049e-76	2.12049e-76	2.12049e-76	2.12049e-76	2.12049e-76	2.12049e-76	2.12049e-76	2.12049e-76	2.12049e-76	2.12049e-76	2.12049e-76	2.12049e-76	2.12049e-76	2.12049e-76	2.12049e-76	2.12049e-76	2.12049e-76	2.12049e-76	2.12049e-76	2.12049e-76	2.12049e-76	2.12049e-76	2.12049e-76	2.12049e-76	2.12049e-76	2.12049e-76	2.12049e-76	2.12049e-76	2.12049e-76	2.12049e-76	2.12049e-76	2.12049e-76	2.12049e-76	2.12049e-76	2.12049e-76	2.12049e-76	2.12049e-76	2.12049e-76	2.12049e-76	2.12049e-76	2.12049e-76	2.12049e-76	2.12049e-76	2.12049e-76	2.12049e-76	2.12049e-76	2.12049e-76	2.12049e-76	2.12049e-76	2.12049e-76	2.12049e-76	2.12049e-76	2.12049e-76	2.12049e-76	2.12049e-76	2.12049e-76	2.12049e-76	2.12049e-76	2.12049e-76	2.12049e-76	2.12049e-76	2.12049e-76	2.12049e-76	2.12049e-76	2.12049e-76	2.12049e-76	2.12049e-76	2.12049e-76	2.12049e-76	2.12049e-76	2.12049e-76	2.12049e-76	2.12049e-76	2.12049e-76	2.12049e-76	2.12049e-76	2.12049e-76	2.12049e-76	2.12049e-76	2.12049e-76	2.12049e-76	2.12049e-76	2.12049e-76	2.12049e-76	2.12049e-76	2.12049e-76	2.12049e-76	2.12049e-76	2.12049e-76	2.12049e-76	2.12049e-76	2.12049e-76	2.12049e-76	2.12049e-76	2.12049e-76	2.12049e-76	2.12049e-76	2.12049e-76	2.12049e-76	2.12049e-76	2.12049e-76	2.12049e-76	2.12049e-76	2.12049e-76	2.12049e-76	2.12049e-76	2.12049e-76	2.12049e-76	2.12049e-76	2.12049e-76	2.12049e-76	2.12049e-76	2.12049e-76	2.12049e-76	2.12049e-76	2.12049e-76
21.14	1.72867e-73	1.73181e-73	1.73181e-73	1.73181e-73	1.73181e-73	1.73181e-73	1.73181e-73	1.73181e-73	1.73181e-73	1.73181e-73	1.73181e-73	1.73181e-73	1.73181e-73	1.73181e-73	1.73181e-73	1.73181e-73	1.73181e-73	1.73181e-73	1.73181e-73	1.73181e-73	1.73181e-73	1.73181e-73	1.73181e-73	1.73181e-73	1.73181e-73	1.73181e-73	1.73181e-73	1.73181e-73	1.73181e-73	1.73181e-73	1.73181e-73	1.73181e-73	1.73181e-73	1.73181e-73	1.73181e-73	1.73181e-73	1.73181e-73	1.73181e-73	1.73181e-73	1.73181e-73	1.73181e-73	1.73181e-73	1.73181e-73	1.73181e-73	1.73181e-73	1.73181e-73	1.73181e-73	1.73181e-73	1.73181e-73	1.73181e-73	1.73181e-73	1.73181e-73	1.73181e-73	1.73181e-73	1.73181e-73	1.73181e-73	1.73181e-73	1.73181e-73	1.73181e-73	1.73181e-73	1.73181e-73	1.73181e-73	1.73181e-73	1.73181e-73	1.73181e-73	1.73181e-73	1.73181e-73	1.73181e-73	1.73181e-73	1.73181e-73	1.73181e-73	1.73181e-73	1.73181e-73	1.73181e-73	1.73181e-73	1.73181e-73	1.73181e-73	1.73181e-73	1.73181e-73	1.73181e-73	1.73181e-73	1.73181e-73	1.73181e-73	1.73181e-73	1.73181e-73	1.73181e-73	1.73181e-73	1.73181e-73	1.73181e-73	1.73181e-73	1.73181e-73	1.73181e-73	1.73181e-73	1.73181e-73	1.73181e-73	1.73181e-73	1.73181e-73	1.73181e-73	1.73181e-73	1.73181e-73	1.73181e-73	1.73181e-73	1.73181e-73	1.73181e-73	1.73181e-73	1.73181e-73	1.73181e-73	1.73181e-73	1.73181e-73	1.73181e-73	1.73181e-73	1.73181e-73	1.73181e-73	1.73181e-73	1.73181e-73	1.73181e-73	1.73181e-73	1.73181e-73	1.73181e-73	1.73181e-73	1.73181e-73	1.73181e-73	1.73181e-73	1.73181e-73	1.73181e-73	1.73181e-73	1.73181e-73	1.73181e-73	1.73181e-73	1.73181e-73	1.73181e-73	1.73181e-73	1.73181e-73
21.17	2.62758e-45	2.62758e-45	2.62758e-45	2.62758e-45	2.62758e-45	2.62758e-45	2.62758e-45	2.62758e-45	2.62758e-45	2.62758e-45	2.62758e-45	2.62758e-45	2.62758e-45	2.62758e-45	2.62758e-45	2.62758e-45	2.62758e-45	2.62758e-45	2.62758e-45	2.62758e-45	2.62758e-45	2.62758e-45	2.62758e-45	2.62758e-45	2.62758e-45	2.62758e-45	2.62758e-45	2.62758e-45	2.62758e-45	2.62758e-45	2.62758e-45	2.62758e-45	2.62758e-45	2.62758e-45	2.62758e-45	2.62758e-45	2.62758e-45	2.62758e-45	2.62758e-45	2.62758e-45	2.62758e-45	2.62758e-45	2.62758e-45	2.62758e-45	2.62758e-45	2.62758e-45	2.62758e-45	2.62758e-45	2.62758e-45	2.62758e-45	2.62758e-45	2.62758e-45	2.62758e-45	2.62758e-45	2.62758e-45	2.62758e-45	2.62758e-45	2.62758e-45	2.62758e-45	2.62758e-45	2.62758e-45	2.62758e-45	2.62758e-45	2.62758e-45	2.62758e-45	2.62758e-45	2.62758e-45	2.62758e-45	2.62758e-45	2.62758e-45	2.62758e-45	2.62758e-45	2.62758e-45	2.62758e-45	2.62758e-45	2.62758e-45	2.62758e-45	2.62758e-45	2.62758e-45	2.62758e-45	2.62758e-45	2.62758e-45	2.62758e-45	2.62758e-45	2.62758e-45	2.62758e-45	2.62758e-45	2.62758e-45	2.62758e-45	2.62758e-45	2.62758e-45	2.62758e-45	2.62758e-45	2.62758e-45	2.62758e-45	2.62758e-45	2.62758e-45	2.62758e-45	2.62758e-45	2.62758e-45	2.62758e-45	2.62758e-45	2.62758e-45	2.62758e-45	2.62758e-45	2.62758e-45	2.62758e-45	2.62758e-45	2.62758e-45	2.62758e-45	2.62758e-45	2.62758e-45	2.62758e-45	2.62758e-45	2.62758e-45	2.62758e-45	2.62758e-45	2.62758e-45	2.62758e-45	2.62758e-45	2.62758e-45	2.62758e-45	2.62758e-45	2.62758e-45	2.62758e-45	2.62758e-45	2.62758e-45	2.62758e-45	2.62758e-45	2.62758e-45	2.62758e-45	2.62758e-45	2.62758e-45
21.21	2.01919e-42	2.02395e-42	2.02395e-42	2.02395e-42	2.02395e-42	2.02395e-42	2.02395e-42	2.02395e-42	2.02395e-42	2.02395e-42	2.02395e-42	2.02395e-42	2.02395e-42	2.02395e-42	2.02395e-42	2.02395e-42	2.02395e-42	2.02395e-42	2.02395e-42	2.02395e-42	2.02395e-42	2.02395e-42	2.02395e-42	2.02395e-42	2.02395e-42	2.02395e-42	2.02395e-42	2.02395e-42	2.02395e-42	2.02395e-42	2.02395e-42	2.02395e-42	2.02395e-42	2.02395e-42	2.02395e-42	2.02395e-42	2.02395e-42	2.02395e-42	2.02395e-42	2.02395e-42	2.02395e-42	2.02395e-42	2.02395e-42	2.02395e-42	2.02395e-42	2.02395e-42	2.02395e-42	2.02395e-42	2.02395e-42	2.02395e-42	2.02395e-42	2.02395e-42	2.02395e-42	2.02395e-42	2.02395e-42	2.02395e-42	2.02395e-42	2.02395e-42	2.02395e-42	2.02395e-42	2.02395e-42	2.02395e-42	2.02395e-42	2.02395e-42	2.02395e-42	2.02395e-42	2.02395e-42	2.02395e-42	2.02395e-42	2.02395e-42	2.02395e-42	2.02395e-42	2.02395e-42	2.02395e-42	2.02395e-42	2.02395e-42	2.02395e-42	2.02395e-42	2.02395e-42	2.02395e-42	2.02395e-42	2.02395e-42	2.02395e-42	2.02395e-42	2.02395e-42	2.02395e-42	2.02395e-42	2.02395e-42	2.02395e-42	2.02395e-42	2.02395e-42	2.02395e-42	2.02395e-42	2.02395e-42	2.02395e-42	2.02395e-42	2.02395e-42	2.02395e-42	2.02395e-42	2.02395e-42	2.02395e-42	2.02395e-42	2.02395e-42	2.02395e-42	2.02395e-42	2.02395e-42	2.02395e-42	2.02395e-42	2.02395e-42	2.02395e-42	2.02395e-42	2.02395e-42	2.02395e-42	2.02395e-42	2.02395e-42	2.02395e-42	2.02395e-42	2.02395e-42	2.02395e-42	2.02395e-42	2.02395e-42	2.02395e-42	2.02395e-42	2.02395e-42	2.02395e-42	2.02395e-42	2.02395e-42	2.02395e-42	2.02395e-42	2.02395e-42	2.02395e-42	2.02395e-42	2.02395e-42
21.24	5.16503e-40	5.19345e-40	5.19345e-40	5.19345e-40	5.19345e-40	5.19345e-40	5.19345e-40	5.19345e-40	5.19345e-40	5.19345e-40	5.19345e-40	5.19345e-40	5.19345e-40	5.19345e-40	5.19345e-40	5.19345e-40	5.19345e-40	5.19345e-40	5.19345e-40	5.19345e-40	5.19345e-40	5.19345e-40	5.19345e-40	5.19345e-40	5.19345e-40	5.19345e-40	5.19345e-40	5.19345e-40	5.19345e-40	5.19345e-40	5.19345e-40	5.19345e-40	5.19345e-40	5.19345e-40	5.19345e-40	5.19345e-40	5.19345e-40	5.19345e-40	5.19345e-40	5.19345e-40	5.19345e-40	5.19345e-40	5.19345e-40	5.19345e-40	5.19345e-40	5.19345e-40	5.19345e-40	5.19345e-40	5.19345e-40	5.19345e-40	5.19345e-40	5.19345e-40	5.19345e-40	5.19345e-40	5.19345e-40	5.19345e-40	5.19345e-40	5.19345e-40	5.19345e-40	5.19345e-40	5.19345e-40	5.19345e-40	5.19345e-40	5.19345e-40	5.19345e-40	5.19345e-40	5.19345e-40	5.19345e-40	5.19345e-40	5.19345e-40	5.19345e-40	5.19345e-40	5.19345e-40	5.19345e-40	5.19345e-40	5.19345e-40	5.19345e-40	5.19345e-40	5.19345e-40	5.19345e-40	5.19345e-40	5.19345e-40	5.19345e-40	5.19345e-40	5.19345e-40	5.19345e-40	5.19345e-40	5.19345e-40	5.19345e-40	5.19345e-40	5.19345e-40	5.19345e-40	5.19345e-40	5.19345e-40	5.19345e-40	5.19345e-40	5.19345e-40	5.19345e-40	5.19345e-40	5.19345e-40	5.19345e-40	5.19345e-40	5.19345e-40	5.19345e-40	5.19345e-40	5.19345e-40	5.19345e-40	5.19345e-40	5.19345e-40	5.19345e-40	5.19345e-40	5.19345e-40	5.19345e-40	5.19345e-40	5.19345e-40	5.19345e-40	5.19345e-40	5.19345e-40	5.19345e-40	5.19345e-40	5.19345e-40	5.19345e-40	5.19345e-40	5.19345e-40	5.19345e-40	5.19345e-40	5.19345e-40	5.19345e-40	5.19345e-40	5.19345e-40	5.19345e-40	5.19345e-40	5.19345e-40
21.28	9.67812e-38	9.74986e-38	9.74987e-38	9.74987e-38	9.74987e-38	9.74987e-38	9.74987e-38	9.74987e-38	9.74987e-38	9.74987e-38	9.74987e-38	9.74987e-38	9.74987e-38	9.74987e-38	9.74987e-38	9.74987e-38	9.74987e-38	9.74987e-38	9.74987e-38	9.74987e-38	9.74987e-38	9.74987e-38	9.74987e-38	9.74987e-38	9.74987e-38	9.74987e-38	9.74987e-38	9.74987e-38	9.74987e-38	9.74987e-38	9.74987e-38	9.74987e-38	9.74987e-38	9.74987e-38	9.74987e-38	9.74987e-38	9.74987e-38	9.74987e-38	9.74987e-38	9.74987e-38	9.74987e-38	9.74987e-38	9.74987e-38	9.74987e-38	9.74987e-38	9.74987e-38	9.74987e-38	9.74987e-38	9.74987e-38	9.74987e-38	9.74987e-38	9.74987e-38	9.74987e-38	9.74987e-38	9.74987e-38	9.74987e-38	9.74987e-38	9.74987e-38	9.74987e-38	9.74987e-38	9.74987e-38	9.74987e-38	9.74987e-38	9.74987e-38	9.74987e-38	9.74987e-38	9.74987e-38	9.74987e-38	9.74987e-38	9.74987e-38	9.74987e-38	9.74987e-38	9.74987e-38	9.74987e-38	9.74987e-38	9.74987e-38	9.74987e-38	9.74987e-38	9.74987e-38	9.74987e-38	9.74987e-38	9.74987e-38	9.74987e-38	9.74987e-38	9.74987e-38	9.74987e-38	9.74987e-38	9.74987e-38	9.74987e-38	9.74987e-38	9.74987e-38	9.74987e-38	9.74987e-38	9.74987e-38	9.74987e-38	9.74987e-38	9.74987e-38	9.74987e-38	9.74987e-38	9.74987e-38	9.74987e-38	9.74987e-38	9.74987e-38	9.74987e-38	9.74987e-38	9.74987e-38	9.74987e-38	9.74987e-38	9.74987e-38	9.74987e-38	9.74987e-38	9.74987e-38	9.74987e-38	9.74987e-38	9.74987e-38	9.74987e-38	9.74987e-38	9.74987e-38	9.74987e-38	9.74987e-38	9.74987e-38	9.74987e-38	9.74987e-38	9.74987e-38	9.74987e-38	9.74987e-38	9.74987e-38	9.74987e-38	9.74987e-38	9.74987e-38	9.74987e-38	9.74987e-38	9.74987e-38
21.31	1.36908e-35	1.38237e-35	1.38237e-35	1.38237e-35	1.38237e-35	1.38237e-35	1.38237e-35	1.38237e-35	1.38237e-35	1.38237e-35	1.38237e-35	1.38237e-35	1.38237e-35	1.38237e-35	1.38237e-35	1.38237e-35	1.38237e-35	1.38237e-35	1.38237e-35	1.38237e-35	1.38237e-35	1.38237e-35	1.38237e-35	1.38237e-35	1.38237e-35	1.38237e-35	1.38237e-35	1.38237e-35	1.38237e-35	1.38237e-35	1.38237e-35	1.38237e-35	1.38237e-35	1.38237e-35	1.38237e-35	1.38237e-35	1.38237e-35	1.38237e-35	1.38237e-35	1.38237e-35	1.38237e-35	1.38237e-35	1.38237e-35	1.38237e-35	1.38237e-35	1.38237e-35	1.38237e-35	1.38237e-35	1.38237e-35	1.38237e-35	1.38237e-35	1.38237e-35	1.38237e-35	1.38237e-35	1.38237e-35	1.38237e-35	1.38237e-35	1.38237e-35	1.38237e-35	1.38237e-35	1.38237e-35	1.38237e-35	1.38237e-35	1.38237e-35	1.38237e-35	1.38237e-35	1.38237e-35	1.38237e-35	1.38237e-35	1.38237e-35	1.38237e-35	1.38237e-35	1.38237e-35	1.38237e-35	1.38237e-35	1.38237e-35	1.38237e-35	1.38237e-35	1.38237e-35	1.38237e-35	1.38237e-35	1.38237e-35	1.38237e-35	1.38237e-35	1.38237e-35	1.38237e-35	1.38237e-35	1.38237e-35	1.38237e-35	1.38237e-35	1.38237e-35	1.38237e-35	1.38237e-35	1.38237e-35	1.38237e-35	1.38237e-35	1.38237e-35	1.38237e-35	1.38237e-35	1.38237e-35	1.38237e-35	1.38237e-35	1.38237e-35	1.38237e-35	1.38237e-35	1.38237e-35	1.38237e-35	1.38237e-35	1.38237e-35	1.38237e-35	1.38237e-35	1.38237e-35	1.38237e-35	1.38237e-35	1.38237e-35	1.38237e-35	1.38237e-35	1.38237e-35	1.38237e-35	1.38237e-35	1.38237e-35	1.38237e-35	1.38237e-35	1.38237e-35	1.38237e-35	1.38237e-35	1.38237e-35	1.38237e-35	1.38237e-35	1.38237e-35	1.38237e-35	1.38237e-35	1.38237e-35
21.34	1.50596e-33	1.52457e-33	1.52457e-33	1.52457e-33	1.52457e-33	1.52457e-33	1.52457e-33	1.52457e-33	1.52457e-33	1.52457e-33	1.52457e-33	1.52457e-33	1.52457e-33	1.52457e-33	1.52457e-33	1.52457e-33	1.52457e-33	1.52457e-33	1.52457e-33	1.52457e-33	1.52457e-33	1.52457e-33	1.52457e-33	1.52457e-33	1.52457e-33	1.52457e-33	1.52457e-33	1.52457e-33	1.52457e-33	1.52457e-33	1.52457e-33	1.52457e-33	1.52457e-33	1.52457e-33	1.52457e-33	1.52457e-33	1.52457e-33	1.52457e-33	1.52457e-33	1.52457e-33	1.52457e-33	1.52457e-33	1.52457e-33	1.52457e-33	1.52457e-33	1.52457e-33	1.52457e-33	1.52457e-33	1.52457e-33	1.52457e-33	1.52457e-33	1.52457e-33	1.52457e-33	1.52457e-33	1.52457e-33	1.52457e-33	1.52457e-33	1.52457e-33	1.52457e-33	1.52457e-33	1.52457e-33	1.52457e-33	1.52457e-33	1.52457e-33	1.52457e-33	1.52457e-33	1.52457e-33	1.52457e-33	1.52457e-33	1.52457e-33	1.52457e-33	1.52457e-33	1.52457e-33	1.52457e-33	1.52457e-33	1.52457e-33	1.52457e-33	1.52457e-33	1.52457e-33	1.52457e-33	1.52457e-33	1.52457e-33	1.52457e-33	1.52457e-33	1.52457e-33	1.52457e-33	1.52457e-33	1.52457e-33	1.52457e-33	1.52457e-33	1.52457e-33	1.52457e-33	1.52457e-33	1.52457e-33	1.52457e-33	1.52457e-33	1.52457e-33	1.52457e-33	1.52457e-33	1.52457e-33	1.52457e-33	1.52457e-33	1.52457e-33	1.52457e-33	1.52457e-33	1.52457e-33	1.52457e-33	1.52457e-33	1.52457e-33	1.52457e-33	1.52457e-33	1.52457e-33	1.52457e-33	1.52457e-33	1.52457e-33	1.52457e-33	1.52457e-33	1.52457e-33	1.52457e-33	1.52457e-33	1.52457e-33	1.52457e-33	1.52457e-33	1.52457e-33	1.52457e-33	1.52457e-33	1.52457e-33	1.52457e-33	1.52457e-33	1.52457e-33	1.52457e-33	1.52457e-33	1.52457e-33
21.38	1.32233e-31	1.34264e-31	1.34264e-31	1.34264e-31	1.34264e-31	1.34264e-31	1.34264e-31	1.34264e-31	1.34264e-31	1.34264e-31	1.34264e-31	1.34264e-31	1.34264e-31	1.34264e-31	1.34264e-31	1.34264e-31	1.34264e-31	1.34264e-31	1.34264e-31	1.34264e-31	1.34264e-31	1.34264e-31	1.34264e-31	1.34264e-31	1.34264e-31	1.34264e-31	1.34264e-31	1.34264e-31	1.34264e-31	1.34264e-31	1.34264e-31	1.34264e-31	1.34264e-31	1.34264e-31	1.34264e-31	1.34264e-31	1.34264e-31	1.34264e-31	1.34264e-31	1.34264e-31	1.34264e-31	1.34264e-31	1.34264e-31	1.34264e-31	1.34264e-31	1.34264e-31	1.34264e-31	1.34264e-31	1.34264e-31	1.34264e-31	1.34264e-31	1.34264e-31	1.34264e-31	1.34264e-31	1.34264e-31	1.34264e-31	1.34264e-31	1.34264e-31	1.34264e-31	1.34264e-31	1.34264e-31	1.34264e-31	1.34264e-31	1.34264e-31	1.34264e-31	1.34264e-31	1.34264e-31	1.34264e-31	1.34264e-31	1.34264e-31	1.34264e-31	1.34264e-31	1.34264e-31	1.34264e-31	1.34264e-31	1.34264e-31	1.34264e-31	1.34264e-31	1.34264e-31	1.34264e-31	1.34264e-31	1.34264e-31	1.34264e-31	1.34264e-31	1.34264e-31	1.34264e-31	1.34264e-31	1.34264e-31	1.34264e-31	1.34264e-31	1.34264e-31	1.34264e-31	1.34264e-31	1.34264e-31	1.34264e-31	1.34264e-31	1.34264e-31	1.34264e-31	1.34264e-31	1.34264e-31	1.34264e-31	1.34264e-31	1.34264e-31	1.34264e-31	1.34264e-31	1.34264e-31	1.34264e-31	1.34264e-31	1.34264e-31	1.34264e-31	1.34264e-31	1.34264e-31	1.34264e-31	1.34264e-31	1.34264e-31	1.34264e-31	1.34264e-31	1.34264e-31	1.34264e-31	1.34264e-31	1.34264e-31	1.34264e-31	1.34264e-31	1.34264e-31	1.34264e-31	1.34264e-31	1.34264e-31	1.34264e-31	1.34264e-31	1.34264e-31	1.34264e-31	1.34264e-31	1.34264e-31
21.41	9.49412e-30	9.67119e-30	9.67124e-30	9.67124e-30	9.67124e-30	9.67124e-30	9.67124e-30	9.67124e-30	9.67124e-30	9.67124e-30	9.67124e-30	9.67124e-30	9.67124e-30	9.67124e-30	9.67124e-30	9.67124e-30	9.67124e-30	9.67124e-30	9.67124e-30	9.67124e-30	9.67124e-30	9.67124e-30	9.67124e-30	9.67124e-30	9.67124e-30	9.67124e-30	9.67124e-30	9.67124e-30	9.67124e-30	9.67124e-30	9.67124e-30	9.67124e-30	9.67124e-30	9.67124e-30	9.67124e-30	9.67124e-30	9.67124e-30	9.67124e-30	9.67124e-30	9.67124e-30	9.67124e-30	9.67124e-30	9.67124e-30	9.67124e-30	9.67124e-30	9.67124e-30	9.67124e-30	9.67124e-30	9.67124e-30	9.67124e-30	9.67124e-30	9.67124e-30	9.67124e-30	9.67124e-30	9.67124e-30	9.67124e-30	9.67124e-30	9.67124e-30	9.67124e-30	9.67124e-30	9.67124e-30	9.67124e-30	9.67124e-30	9.67124e-30	9.67124e-30	9.67124e-30	9.67124e-30	9.67124e-30	9.67124e-30	9.67124e-30	9.67124e-30	9.67124e-30	9.67124e-30	9.67124e-30	9.67124e-30	9.67124e-30	9.67124e-30	9.67124e-30	9.67124e-30	9.67124e-30	9.67124e-30	9.67124e-30	9.67124e-30	9.67124e-30	9.67124e-30	9.67124e-30	9.67124e-30	9.67124e-30	9.67124e-30	9.67124e-30	9.67124e-30	9.67124e-30	9.67124e-30	9.67124e-30	9.67124e-30	9.67124e-30	9.67124e-30	9.67124e-30	9.67124e-30	9.67124e-30	9.67124e-30	9.67124e-30	9.67124e-30	9.67124e-30	9.67124e-30	9.67124e-30	9.67124e-30	9.67124e-30	9.67124e-30	9.67124e-30	9.67124e-30	9.67124e-30	9.67124e-30	9.67124e-30	9.67124e-30	9.67124e-30	9.67124e-30	9.67124e-30	9.67124e-30	9.67124e-30	9.67124e-30	9.67124e-30	9.67124e-30	9.67124e-30	9.67124e-30	9.67124e-30	9.67124e-30	9.67124e-30	9.67124e-30	9.67124e-30	9.67124e-30	9.67124e-30	9.67124e-30
21.45	5.68570e-28	5.81210e-28	5.81216e-28	5.81216e-28	5.81216e-28	5.81216e-28	5.81216e-28	5.81216e-28	5.81216e-28	5.81216e-28	5.81216e-28	5.81216e-28	5.81216e-28	5.81216e-28	5.81216e-28	5.81216e-28	5.81216e-28	5.81216e-28	5.81216e-28	5.81216e-28	5.81216e-28	5.81216e-28	5.81216e-28	5.81216e-28	5.81216e-28	5.81216e-28	5.81216e-28	5.81216e-28	5.81216e-28	5.81216e-28	5.81216e-28	5.81216e-28	5.81216e-28	5.81216e-28	5.81216e-28	5.81216e-28	5.81216e-28	5.81216e-28	5.81216e-28	5.81216e-28	5.81216e-28	5.81216e-28	5.81216e-28	5.81216e-28	5.81216e-28	5.81216e-28	5.81216e-28	5.81216e-28	5.81216e-28	5.81216e-28	5.81216e-28	5.81216e-28	5.81216e-28	5.81216e-28	5.81216e-28	5.81216e-28	5.81216e-28	5.81216e-28	5.81216e-28	5.81216e-28	5.81216e-28	5.81216e-28	5.81216e-28	5.81216e-28	5.81216e-28	5.81216e-28	5.81216e-28	5.81216e-28	5.81216e-28	5.81216e-28	5.81216e-28	5.81216e-28	5.81216e-28	5.81216e-28	5.81216e-28	5.81216e-28	5.81216e-28	5.81216e-28	5.81216e-28	5.81216e-28	5.81216e-28	5.81216e-28	5.81216e-28	5.81216e-28	5.81216e-28	5.81216e-28	5.81216e-28	5.81216e-28	5.81216e-28	5.81216e-28	5.81216e-28	5.81216e-28	5.81216e-28	5.81216e-28	5.81216e-28	5.81216e-28	5.81216e-28	5.81216e-28	5.81216e-28	5.81216e-28	5.81216e-28	5.81216e-28	5.81216e-28	5.81216e-28	5.81216e-28	5.81216e-28	5.81216e-28	5.81216e-28	5.81216e-28	5.81216e-28	5.81216e-28	5.81216e-28	5.81216e-28	5.81216e-28	5.81216e-28	5.81216e-28	5.81216e-28	5.81216e-28	5.81216e-28	5.81216e-28	5.81216e-28	5.81216e-28	5.81216e-28	5.81216e-28	5.81216e-28	5.81216e-28	5.81216e-28	5.81216e-28	5.81216e-28	5.81216e-28	5.81216e-28	5.81216e-28	5.81216e-28
21.48	2.88523e-26	2.96060e-26	2.96065e-26	2.96065e-26	2.96065e-26	2.96065e-26	2.96065e-26	2.96065e-26	2.96065e-26	2.96065e-26	2.96065e-26	2.96065e-26	2.96065e-26	2.96065e-26	2.96065e-26	2.96065e-26	2.96065e-26	2.96065e-26	2.96065e-26	2.96065e-26	2.96065e-26	2.96065e-26	2.96065e-26	2.96065e-26	2.96065e-26	2.96065e-26	2.96065e-26	2.96065e-26	2.96065e-26	2.96065e-26	2.96065e-26	2.96065e-26	2.96065e-26	2.96065e-26	2.96065e-26	2.96065e-26	2.96065e-26	2.96065e-26	2.96065e-26	2.96065e-26	2.96065e-26	2.96065e-26	2.96065e-26	2.96065e-26	2.96065e-26	2.96065e-26	2.96065e-26	2.96065e-26	2.96065e-26	2.96065e-26	2.96065e-26	2.96065e-26	2.96065e-26	2.96065e-26	2.96065e-26	2.96065e-26	2.96065e-26	2.96065e-26	2.96065e-26	2.96065e-26	2.96065e-26	2.96065e-26	2.96065e-26	2.96065e-26	2.96065e-26	2.96065e-26	2.96065e-26	2.96065e-26	2.96065e-26	2.96065e-26	2.96065e-26	2.96065e-26	2.96065e-26	2.96065e-26	2.96065e-26	2.96065e-26	2.96065e-26	2.96065e-26	2.96065e-26	2.96065e-26	2.96065e-26	2.96065e-26	2.96065e-26	2.96065e-26	2.96065e-26	2.96065e-26	2.96065e-26	2.96065e-26	2.96065e-26	2.96065e-26	2.96065e-26	2.96065e-26	2.96065e-26	2.96065e-26	2.96065e-26	2.96065e-26	2.96065e-26	2.96065e-26	2.96065e-26	2.96065e-26	2.96065e-26	2.96065e-26	2.96065e-26	2.96065e-26	2.96065e-26	2.96065e-26	2.96065e-26	2.96065e-26	2.96065e-26	2.96065e-26	2.96065e-26	2.96065e-26	2.96065e-26	2.96065e-26	2.96065e-26	2.96065e-26	2.96065e-26	2.96065e-26	2.96065e-26	2.96065e-26	2.96065e-26	2.96065e-26	2.96065e-26	2.96065e-26	2.96065e-26	2.96065e-26	2.96065e-26	2.96065e-26	2.96065e-26	2.96065e-26	2.96065e-26	2.96065e-26	2.96065e-26
21.52	1.24744e-24	1.28554e-24	1.28557e-24	1.28557e-24	1.28557e-24	1.28557e-24	1.28557e-24	1.28557e-24	1.28557e-24	1.28557e-24	1.28557e-24	1.28557e-24	1.28557e-24	1.28557e-24	1.28557e-24	1.28557e-24	1.28557e-24	1.28557e-24	1.28557e-24	1.28557e-24	1.28557e-24	1.28557e-24	1.28557e-24	1.28557e-24	1.28557e-24	1.28557e-24	1.28557e-24	1.28557e-24	1.28557e-24	1.28557e-24	1.28557e-24	1.28557e-24	1.28557e-24	1.28557e-24	1.28557e-24	1.28557e-24	1.28557e-24	1.28557e-24	1.28557e-24	1.28557e-24	1.28557e-24	1.28557e-24	1.28557e-24	1.28557e-24	1.28557e-24	1.28557e-24	1.28557e-24	1.28557e-24	1.28557e-24	1.28557e-24	1.28557e-24	1.28557e-24	1.28557e-24	1.28557e-24	1.28557e-24	1.28557e-24	1.28557e-24	1.28557e-24	1.28557e-24	1.28557e-24	1.28557e-24	1.28557e-24	1.28557e-24	1.28557e-24	1.28557e-24	1.28557e-24	1.28557e-24	1.28557e-24	1.28557e-24	1.28557e-24	1.28557e-24	1.28557e-24	1.28557e-24	1.28557e-24	1.28557e-24	1.28557e-24	1.28557e-24	1.28557e-24	1.28557e-24	1.28557e-24	1.28557e-24	1.28557e-24	1.28557e-24	1.28557e-24	1.28557e-24	1.28557e-24	1.28557e-24	1.28557e-24	1.28557e-24	1.28557e-24	1.28557e-24	1.28557e-24	1.28557e-24	1.28557e-24	1.28557e-24	1.28557e-24	1.28557e-24	1.28557e-24	1.28557e-24	1.28557e-24	1.28557e-24	1.28557e-24	1.28557e-24	1.28557e-24	1.28557e-24	1.28557e-24	1.28557e-24	1.28557e-24	1.28557e-24	1.28557e-24	1.28557e-24	1.28557e-24	1.28557e-24	1.28557e-24	1.28557e-24	1.28557e-24	1.28557e-24	1.28557e-24	1.28557e-24	1.28557e-24	1.28557e-24	1.28557e-24	1.28557e-24	1.28557e-24	1.28557e-24	1.28557e-24	1.28557e-24	1.28557e-24	1.28557e-24	1.28557e-24	1.28557e-24	1.28557e-24	1.28557e-24
21.55	4.51321e-23	4.67736e-23	4.67755e-23	4.67755e-23	4.67755e-23	4.67755e-23	4.67755e-23	4.67755e-23	4.67755e-23	4.67755e-23	4.67755e-23	4.67755e-23	4.67755e-23	4.67755e-23	4.67755e-23	4.67755e-23	4.67755e-23	4.67755e-23	4.67755e-23	4.67755e-23	4.67755e-23	4.67755e-23	4.67755e-23	4.67755e-23	4.67755e-23	4.67755e-23	4.67755e-23	4.67755e-23	4.67755e-23	4.67755e-23	4.67755e-23	4.67755e-23	4.67755e-23	4.67755e-23	4.67755e-23	4.67755e-23	4.67755e-23	4.67755e-23	4.67755e-23	4.67755e-23	4.67755e-23	4.67755e-23	4.67755e-23	4.67755e-23	4.67755e-23	4.67755e-23	4.67755e-23	4.67755e-23	4.67755e-23	4.67755e-23	4.67755e-23	4.67755e-23	4.67755e-23	4.67755e-23	4.67755e-23	4.67755e-23	4.67755e-23	4.67755e-23	4.67755e-23	4.67755e-23	4.67755e-23	4.67755e-23	4.67755e-23	4.67755e-23	4.67755e-23	4.67755e-23	4.67755e-23	4.67755e-23	4.67755e-23	4.67755e-23	4.67755e-23	4.67755e-23	4.67755e-23	4.67755e-23	4.67755e-23	4.67755e-23	4.67755e-23	4.67755e-23	4.67755e-23	4.67755e-23	4.67755e-23	4.67755e-23	4.67755e-23	4.67755e-23	4.67755e-23	4.67755e-23	4.67755e-23	4.67755e-23	4.67755e-23	4.67755e-23	4.67755e-23	4.67755e-23	4.67755e-23	4.67755e-23	4.67755e-23	4.67755e-23	4.67755e-23	4.67755e-23	4.67755e-23	4.67755e-23	4.67755e-23	4.67755e-23	4.67755e-23	4.67755e-23	4.67755e-23	4.67755e-23	4.67755e-23	4.67755e-23	4.67755e-23	4.67755e-23	4.67755e-23	4.67755e-23	4.67755e-23	4.67755e-23	4.67755e-23	4.67755e-23	4.67755e-23	4.67755e-23	4.67755e-23	4.67755e-23	4.67755e-23	4.67755e-23	4.67755e-23	4.67755e-23	4.67755e-23	4.67755e-23	4.67755e-23	4.67755e-23	4.67755e-23	4.67755e-23	4.67755e-23	4.67755e-23	4.67755e-23
21.58	1.22888e-21	1.28803e-21	1.28812e-21	1.28812e-21	1.28812e-21	1.28812e-21	1.28812e-21	1.28812e-21	1.28812e-21	1.28812e-21	1.28812e-21	1.28812e-21	1.28812e-21	1.28812e-21	1.28812e-21	1.28812e-21	1.28812e-21	1.28812e-21	1.28812e-21	1.28812e-21	1.28812e-21	1.28812e-21	1.28812e-21	1.28812e-21	1.28812e-21	1.28812e-21	1.28812e-21	1.28812e-21	1.28812e-21	1.28812e-21	1.28812e-21	1.28812e-21	1.28812e-21	1.28812e-21	1.28812e-21	1.28812e-21	1.28812e-21	1.28812e-21	1.28812e-21	1.28812e-21	1.28812e-21	1.28812e-21	1.28812e-21	1.28812e-21	1.28812e-21	1.28812e-21	1.28812e-21	1.28812e-21	1.28812e-21	1.28812e-21	1.28812e-21	1.28812e-21	1.28812e-21	1.28812e-21	1.28812e-21	1.28812e-21	1.28812e-21	1.28812e-21	1.28812e-21	1.28812e-21	1.28812e-21	1.28812e-21	1.28812e-21	1.28812e-21	1.28812e-21	1.28812e-21	1.28812e-21	1.28812e-21	1.28812e-21	1.28812e-21	1.28812e-21	1.28812e-21	1.28812e-21	1.28812e-21	1.28812e-21	1.28812e-21	1.28812e-21	1.28812e-21	1.28812e-21	1.28812e-21	1.28812e-21	1.28812e-21	1.28812e-21	1.28812e-21	1.28812e-21	1.28812e-21	1.28812e-21	1.28812e-21	1.28812e-21	1.28812e-21	1.28812e-21	1.28812e-21	1.28812e-21	1.28812e-21	1.28812e-21	1.28812e-21	1.28812e-21	1.28812e-21	1.28812e-21	1.28812e-21	1.28812e-21	1.28812e-21	1.28812e-21	1.28812e-21	1.28812e-21	1.28812e-21	1.28812e-21	1.28812e-21	1.28812e-21	1.28812e-21	1.28812e-21	1.28812e-21	1.28812e-21	1.28812e-21	1.28812e-21	1.28812e-21	1.28812e-21	1.28812e-21	1.28812e-21	1.28812e-21	1.28812e-21	1.28812e-21	1.28812e-21	1.28812e-21	1.28812e-21	1.28812e-21	1.28812e-21	1.28812e-21	1.28812e-21	1.28812e-21	1.28812e-21	1.28812e-21	1.28812e-21
21.62	1.10877e-20	1.26829e-20	1.26868e-20	1.26868e-20	1.26868e-20	1.26868e-20	1.26868e-20	1.26868e-20	1.26868e-20	1.26868e-20	1.26868e-20	1.26868e-20	1.26868e-20	1.26868e-20	1.26868e-20	1.26868e-20	1.26868e-20	1.26868e-20	1.26868e-20	1.26868e-20	1.26868e-20	1.26868e-20	1.26868e-20	1.26868e-20	1.26868e-20	1.26868e-20	1.26868e-20	1.26868e-20	1.26868e-20	1.26868e-20	1.26868e-20	1.26868e-20	1.26868e-20	1.26868e-20	1.26868e-20	1.26868e-20	1.26868e-20	1.26868e-20	1.26868e-20	1.26868e-20	1.26868e-20	1.26868e-20	1.26868e-20	1.26868e-20	1.26868e-20	1.26868e-20	1.26868e-20	1.26868e-20	1.26868e-20	1.26868e-20	1.26868e-20	1.26868e-20	1.26868e-20	1.26868e-20	1.26868e-20	1.26868e-20	1.26868e-20	1.26868e-20	1.26868e-20	1.26868e-20	1.26868e-20	1.26868e-20	1.26868e-20	1.26868e-20	1.26868e-20	1.26868e-20	1.26868e-20	1.26868e-20	1.26868e-20	1.26868e-20	1.26868e-20	1.26868e-20	1.26868e-20	1.26868e-20	1.26868e-20	1.26868e-20	1.26868e-20	1.26868e-20	1.26868e-20	1.26868e-20	1.26868e-20	1.26868e-20	1.26868e-20	1.26868e-20	1.26868e-20	1.26868e-20	1.26868e-20	1.26868e-20	1.26868e-20	1.26868e-20	1.26868e-20	1.26868e-20	1.26868e-20	1.26868e-20	1.26868e-20	1.26868e-20	1.26868e-20	1.26868e-20	1.26868e-20	1.26868e-20	1.26868e-20	1.26868e-20	1.26868e-20	1.26868e-20	1.26868e-20	1.26868e-20	1.26868e-20	1.26868e-20	1.26868e-20	1.26868e-20	1.26868e-20	1.26868e-20	1.26868e-20	1.26868e-20	1.26868e-20	1.26868e-20	1.26868e-20	1.26868e-20	1.26868e-20	1.26868e-20	1.26868e-20	1.26868e-20	1.26868e-20	1.26868e-20	1.26868e-20	1.26868e-20	1.26868e-20	1.26868e-20	1.26868e-20	1.26868e-20	1.26868e-20	1.26868e-20	1.26868e-20
21.65	1.30998e-20	2.74172e-20	2.75505e-20	2.75507e-20	2.75507e-20	2.75507e-20	2.75507e-20	2.75507e-20	2.75507e-20	2.75507e-20	2.75507e-20	2.75507e-20	2.75507e-20	2.75507e-20	2.75507e-20	2.75507e-20	2.75507e-20	2.75507e-20	2.75507e-20	2.75507e-20	2.75507e-20	2.75507e-20	2.75507e-20	2.75507e-20	2.75507e-20	2.75507e-20	2.75507e-20	2.75507e-20	2.75507e-20	2.75507e-20	2.75507e-20	2.75507e-20	2.75507e-20	2.75507e-20	2.75507e-20	2.75507e-20	2.75507e-20	2.75507e-20	2.75507e-20	2.75507e-20	2.75507e-20	2.75507e-20	2.75507e-20	2.75507e-20	2.75507e-20	2.75507e-20	2.75507e-20	2.75507e-20	2.75507e-20	2.75507e-20	2.75507e-20	2.75507e-20	2.75507e-20	2.75507e-20	2.75507e-20	2.75507e-20	2.75507e-20	2.75507e-20	2.75507e-20	2.75507e-20	2.75507e-20	2.75507e-20	2.75507e-20	2.75507e-20	2.75507e-20	2.75507e-20	2.75507e-20	2.75507e-20	2.75507e-20	2.75507e-20	2.75507e-20	2.75507e-20	2.75507e-20	2.75507e-20	2.75507e-20	2.75507e-20	2.75507e-20	2.75507e-20	2.75507e-20	2.75507e-20	2.75507e-20	2.75507e-20	2.75507e-20	2.75507e-20	2.75507e-20	2.75507e-20	2.75507e-20	2.75507e-20	2.75507e-20	2.75507e-20	2.75507e-20	2.75507e-20	2.75507e-20	2.75507e-20	2.75507e-20	2.75507e-20	2.75507e-20	2.75507e-20	2.75507e-20	2.75507e-20	2.75507e-20	2.75507e-20	2.75507e-20	2.75507e-20	2.75507e-20	2.75507e-20	2.75507e-20	2.75507e-20	2.75507e-20	2.75507e-20	2.75507e-20	2.75507e-20	2.75507e-20	2.75507e-20	2.75507e-20	2.75507e-20	2.75507e-20	2.75507e-20	2.75507e-20	2.75507e-20	2.75507e-20	2.75507e-20	2.75507e-20	2.75507e-20	2.75507e-20	2.75507e-20	2.75507e-20	2.75507e-20	2.75507e-20	2.75507e-20	2.75507e-20	2.75507e-20	2.75507e-20
21.69	1.11977e-20	3.83856e-20	4.16384e-20	4.16474e-20	4.16474e-20	4.16474e-20	4.16474e-20	4.16474e-20	4.16474e-20	4.16474e-20	4.16474e-20	4.16474e-20	4.16474e-20	4.16474e-20	4.16474e-20	4.16474e-20	4.16474e-20	4.16474e-20	4.16474e-20	4.16474e-20	4.16474e-20	4.16474e-20	4.16474e-20	4.16474e-20	4.16474e-20	4.16474e-20	4.16474e-20	4.16474e-20	4.16474e-20	4.16474e-20	4.16474e-20	4.16474e-20	4.16474e-20	4.16474e-20	4.16474e-20	4.16474e-20	4.16474e-20	4.16474e-20	4.16474e-20	4.16474e-20	4.16474e-20	4.16474e-20	4.16474e-20	4.16474e-20	4.16474e-20	4.16474e-20	4.16474e-20	4.16474e-20	4.16474e-20	4.16474e-20	4.16474e-20	4.16474e-20	4.16474e-20	4.16474e-20	4.16474e-20	4.16474e-20	4.16474e-20	4.16474e-20	4.16474e-20	4.16474e-20	4.16474e-20	4.16474e-20	4.16474e-20	4.16474e-20	4.16474e-20	4.16474e-20	4.16474e-20	4.16474e-20	4.16474e-20	4.16474e-20	4.16474e-20	4.16474e-20	4.16474e-20	4.16474e-20	4.16474e-20	4.16474e-20	4.16474e-20	4.16474e-20	4.16474e-20	4.16474e-20	4.16474e-20	4.16474e-20	4.16474e-20	4.16474e-20	4.16474e-20	4.16474e-20	4.16474e-20	4.16474e-20	4.16474e-20	4.16474e-20	4.16474e-20	4.16474e-20	4.16474e-20	4.16474e-20	4.16474e-20	4.16474e-20	4.16474e-20	4.16474e-20	4.16474e-20	4.16474e-20	4.16474e-20	4.16474e-20	4.16474e-20	4.16474e-20	4.16474e-20	4.16474e-20	4.16474e-20	4.16474e-20	4.16474e-20	4.16474e-20	4.16474e-20	4.16474e-20	4.16474e-20	4.16474e-20	4.16474e-20	4.16474e-20	4.16474e-20	4.16474e-20	4.16474e-20	4.16474e-20	4.16474e-20	4.16474e-20	4.16474e-20	4.16474e-20	4.16474e-20	4.16474e-20	4.16474e-20	4.16474e-20	4.16474e-20	4.16474e-20	4.16474e-20	4.16474e-20	4.16474e-20
21.72	9.57178e-21	3.48388e-20	5.49091e-20	5.52062e-20	5.52067e-20	5.52067e-20	5.52067e-20	5.52067e-20	5.52067e-20	5.52067e-20	5.52067e-20	5.52067e-20	5.52067e-20	5.52067e-20	5.52067e-20	5.52067e-20	5.52067e-20	5.52067e-20	5.52067e-20	5.52067e-20	5.52067e-20	5.52067e-20	5.52067e-20	5.52067e-20	5.52067e-20	5.52067e-20	5.52067e-20	5.52067e-20	5.52067e-20	5.52067e-20	5.52067e-20	5.52067e-20	5.52067e-20	5.52067e-20	5.52067e-20	5.52067e-20	5.52067e-20	5.52067e-20	5.52067e-20	5.52067e-20	5.52067e-20	5.52067e-20	5.52067e-20	5.52067e-20	5.52067e-20	5.52067e-20	5.52067e-20	5.52067e-20	5.52067e-20	5.52067e-20	5.52067e-20	5.52067e-20	5.52067e-20	5.52067e-20	5.52067e-20	5.52067e-20	5.52067e-20	5.52067e-20	5.52067e-20	5.52067e-20	5.52067e-20	5.52067e-20	5.52067e-20	5.52067e-20	5.52067e-20	5.52067e-20	5.52067e-20	5.52067e-20	5.52067e-20	5.52067e-20	5.52067e-20	5.52067e-20	5.52067e-20	5.52067e-20	5.52067e-20	5.52067e-20	5.52067e-20	5.52067e-20	5.52067e-20	5.52067e-20	5.52067e-20	5.52067e-20	5.52067e-20	5.52067e-20	5.52067e-20	5.52067e-20	5.52067e-20	5.52067e-20	5.52067e-20	5.52067e-20	5.52067e-20	5.52067e-20	5.52067e-20	5.52067e-20	5.52067e-20	5.52067e-20	5.52067e-20	5.52067e-20	5.52067e-20	5.52067e-20	5.52067e-20	5.52067e-20	5.52067e-20	5.52067e-20	5.52067e-20	5.52067e-20	5.52067e-20	5.52067e-20	5.52067e-20	5.52067e-20	5.52067e-20	5.52067e-20	5.52067e-20	5.52067e-20	5.52067e-20	5.52067e-20	5.52067e-20	5.52067e-20	5.52067e-20	5.52067e-20	5.52067e-20	5.52067e-20	5.52067e-20	5.52067e-20	5.52067e-20	5.52067e-20	5.52067e-20	5.52067e-20	5.52067e-20	5.52067e-20	5.52067e-20	5.52067e-20	5.52067e-20
21.75	8.18194e-21	2.97802e-20	6.20806e-20	6.84146e-20	6.84354e-20	6.84355e-20	6.84355e-20	6.84355e-20	6.84355e-20	6.84355e-20	6.84355e-20	6.84355e-20	6.84355e-20	6.84355e-20	6.84355e-20	6.84355e-20	6.84355e-20	6.84355e-20	6.84355e-20	6.84355e-20	6.84355e-20	6.84355e-20	6.84355e-20	6.84355e-20	6.84355e-20	6.84355e-20	6.84355e-20	6.84355e-20	6.84355e-20	6.84355e-20	6.84355e-20	6.84355e-20	6.84355e-20	6.84355e-20	6.84355e-20	6.84355e-20	6.84355e-20	6.84355e-20	6.84355e-20	6.84355e-20	6.84355e-20	6.84355e-20	6.84355e-20	6.84355e-20	6.84355e-20	6.84355e-20	6.84355e-20	6.84355e-20	6.84355e-20	6.84355e-20	6.84355e-20	6.84355e-20	6.84355e-20	6.84355e-20	6.84355e-20	6.84355e-20	6.84355e-20	6.84355e-20	6.84355e-20	6.84355e-20	6.84355e-20	6.84355e-20	6.84355e-20	6.84355e-20	6.84355e-20	6.84355e-20	6.84355e-20	6.84355e-20	6.84355e-20	6.84355e-20	6.84355e-20	6.84355e-20	6.84355e-20	6.84355e-20	6.84355e-20	6.84355e-20	6.84355e-20	6.84355e-20	6.84355e-20	6.84355e-20	6.84355e-20	6.84355e-20	6.84355e-20	6.84355e-20	6.84355e-20	6.84355e-20	6.84355e-20	6.84355e-20	6.84355e-20	6.84355e-20	6.84355e-20	6.84355e-20	6.84355e-20	6.84355e-20	6.84355e-20	6.84355e-20	6.84355e-20	6.84355e-20	6.84355e-20	6.84355e-20	6.84355e-20	6.84355e-20	6.84355e-20	6.84355e-20	6.84355e-20	6.84355e-20	6.84355e-20	6.84355e-20	6.84355e-20	6.84355e-20	6.84355e-20	6.84355e-20	6.84355e-20	6.84355e-20	6.84355e-20	6.84355e-20	6.84355e-20	6.84355e-20	6.84355e-20	6.84355e-20	6.84355e-20	6.84355e-20	6.84355e-20	6.84355e-20	6.84355e-20	6.84355e-20	6.84355e-20	6.84355e-20	6.84355e-20	6.84355e-20	6.84355e-20	6.84355e-20	6.84355e-20
21.79	6.99391e-21	2.54560e-20	5.37832e-20	8.08669e-20	8.15206e-20	8.15219e-20	8.15219e-20	8.15219e-20	8.15219e-20	8.15219e-20	8.15219e-20	8.15219e-20	8.15219e-20	8.15219e-20	8.15219e-20	8.15219e-20	8.15219e-20	8.15219e-20	8.15219e-20	8.15219e-20	8.15219e-20	8.15219e-20	8.15219e-20	8.15219e-20	8.15219e-20	8.15219e-20	8.15219e-20	8.15219e-20	8.15219e-20	8.15219e-20	8.15219e-20	8.15219e-20	8.15219e-20	8.15219e-20	8.15219e-20	8.15219e-20	8.15219e-20	8.15219e-20	8.15219e-20	8.15219e-20	8.15219e-20	8.15219e-20	8.15219e-20	8.15219e-20	8.15219e-20	8.15219e-20	8.15219e-20	8.15219e-20	8.15219e-20	8.15219e-20	8.15219e-20	8.15219e-20	8.15219e-20	8.15219e-20	8.15219e-20	8.15219e-20	8.15219e-20	8.15219e-20	8.15219e-20	8.15219e-20	8.15219e-20	8.15219e-20	8.15219e-20	8.15219e-20	8.15219e-20	8.15219e-20	8.15219e-20	8.15219e-20	8.15219e-20	8.15219e-20	8.15219e-20	8.15219e-20	8.15219e-20	8.15219e-20	8.15219e-20	8.15219e-20	8.15219e-20	8.15219e-20	8.15219e-20	8.15219e-20	8.15219e-20	8.15219e-20	8.15219e-20	8.15219e-20	8.15219e-20	8.15219e-20	8.15219e-20	8.15219e-20	8.15219e-20	8.15219e-20	8.15219e-20	8.15219e-20	8.15219e-20	8.15219e-20	8.15219e-20	8.15219e-20	8.15219e-20	8.15219e-20	8.15219e-20	8.15219e-20	8.15219e-20	8.15219e-20	8.15219e-20	8.15219e-20	8.15219e-20	8.15219e-20	8.15219e-20	8.15219e-20	8.15219e-20	8.15219e-20	8.15219e-20	8.15219e-20	8.15219e-20	8.15219e-20	8.15219e-20	8.15219e-20	8.15219e-20	8.15219e-20	8.15219e-20	8.15219e-20	8.15219e-20	8.15219e-20	8.15219e-20	8.15219e-20	8.15219e-20	8.15219e-20	8.15219e-20	8.15219e-20	8.15219e-20	8.15219e-20	8.15219e-20	8.15219e-20	8.15219e-20
21.82	5.97839e-21	2.17598e-20	4.59738e-20	8.30678e-20	9.45916e-20	9.46396e-20	9.46397e-20	9.46397e-20	9.46397e-20	9.46397e-20	9.46397e-20	9.46397e-20	9.46397e-20	9.46397e-20	9.46397e-20	9.46397e-20	9.46397e-20	9.46397e-20	9.46397e-20	9.46397e-20	9.46397e-20	9.46397e-20	9.46397e-20	9.46397e-20	9.46397e-20	9.46397e-20	9.46397e-20	9.46397e-20	9.46397e-20	9.46397e-20	9.46397e-20	9.46397e-20	9.46397e-20	9.46397e-20	9.46397e-20	9.46397e-20	9.46397e-20	9.46397e-20	9.46397e-20	9.46397e-20	9.46397e-20	9.46397e-20	9.46397e-20	9.46397e-20	9.46397e-20	9.46397e-20	9.46397e-20	9.46397e-20	9.46397e-20	9.46397e-20	9.46397e-20	9.46397e-20	9.46397e-20	9.46397e-20	9.46397e-20	9.46397e-20	9.46397e-20	9.46397e-20	9.46397e-20	9.46397e-20	9.46397e-20	9.46397e-20	9.46397e-20	9.46397e-20	9.46397e-20	9.46397e-20	9.46397e-20	9.46397e-20	9.46397e-20	9.46397e-20	9.46397e-20	9.46397e-20	9.46397e-20	9.46397e-20	9.46397e-20	9.46397e-20	9.46397e-20	9.46397e-20	9.46397e-20	9.46397e-20	9.46397e-20	9.46397e-20	9.46397e-20	9.46397e-20	9.46397e-20	9.46397e-20	9.46397e-20	9.46397e-20	9.46397e-20	9.46397e-20	9.46397e-20	9.46397e-20	9.46397e-20	9.46397e-20	9.46397e-20	9.46397e-20	9.46397e-20	9.46397e-20	9.46397e-20	9.46397e-20	9.46397e-20	9.46397e-20	9.46397e-20	9.46397e-20	9.46397e-20	9.46397e-20	9.46397e-20	9.46397e-20	9.46397e-20	9.46397e-20	9.46397e-20	9.46397e-20	9.46397e-20	9.46397e-20	9.46397e-20	9.46397e-20	9.46397e-20	9.46397e-20	9.46397e-20	9.46397e-20	9.46397e-20	9.46397e-20	9.46397e-20	9.46397e-20	9.46397e-20	9.46397e-20	9.46397e-20	9.46397e-20	9.46397e-20	9.46397e-20	9.46397e-20	9.46397e-20	9.46397e-20
21.86	5.11031e-21	1.86002e-20	3.92983e-20	7.10710e-20	1.06532e-19	1.07948e-19	1.07951e-19	1.07951e-19	1.07951e-19	1.07951e-19	1.07951e-19	1.07951e-19	1.07951e-19	1.07951e-19	1.07951e-19	1.07951e-19	1.07951e-19	1.07951e-19	1.07951e-19	1.07951e-19	1.07951e-19	1.07951e-19	1.07951e-19	1.07951e-19	1.07951e-19	1.07951e-19	1.07951e-19	1.07951e-19	1.07951e-19	1.07951e-19	1.07951e-19	1.07951e-19	1.07951e-19	1.07951e-19	1.07951e-19	1.07951e-19	1.07951e-19	1.07951e-19	1.07951e-19	1.07951e-19	1.07951e-19	1.07951e-19	1.07951e-19	1.07951e-19	1.07951e-19	1.07951e-19	1.07951e-19	1.07951e-19	1.07951e-19	1.07951e-19	1.07951e-19	1.07951e-19	1.07951e-19	1.07951e-19	1.07951e-19	1.07951e-19	1.07951e-19	1.07951e-19	1.07951e-19	1.07951e-19	1.07951e-19	1.07951e-19	1.07951e-19	1.07951e-19	1.07951e-19	1.07951e-19	1.07951e-19	1.07951e-19	1.07951e-19	1.07951e-19	1.07951e-19	1.07951e-19	1.07951e-19	1.07951e-19	1.07951e-19	1.07951e-19	1.07951e-19	1.07951e-19	1.07951e-19	1.07951e-19	1.07951e-19	1.07951e-19	1.07951e-19	1.07951e-19	1.07951e-19	1.07951e-19	1.07951e-19	1.07951e-19	1.07951e-19	1.07951e-19	1.07951e-19	1.07951e-19	1.07951e-19	1.07951e-19	1.07951e-19	1.07951e-19	1.07951e-19	1.07951e-19	1.07951e-19	1.07951e-19	1.07951e-19	1.07951e-19	1.07951e-19	1.07951e-19	1.07951e-19	1.07951e-19	1.07951e-19	1.07951e-19	1.07951e-19	1.07951e-19	1.07951e-19	1.07951e-19	1.07951e-19	1.07951e-19	1.07951e-19	1.07951e-19	1.07951e-19	1.07951e-19	1.07951e-19	1.07951e-19	1.07951e-19	1.07951e-19	1.07951e-19	1.07951e-19	1.07951e-19	1.07951e-19	1.07951e-19	1.07951e-19	1.07951e-19	1.07951e-19	1.07951e-19	1.07951e-19	1.07951e-19
21.89	4.36829e-21	1.58995e-20	3.35922e-20	6.07514e-20	1.02464e-19	1.21500e-19	1.21609e-19	1.21610e-19	1.21610e-19	1.21610e-19	1.21610e-19	1.21610e-19	1.21610e-19	1.21610e-19	1.21610e-19	1.21610e-19	1.21610e-19	1.21610e-19	1.21610e-19	1.21610e-19	1.21610e-19	1.21610e-19	1.21610e-19	1.21610e-19	1.21610e-19	1.21610e-19	1.21610e-19	1.21610e-19	1.21610e-19	1.21610e-19	1.21610e-19	1.21610e-19	1.21610e-19	1.21610e-19	1.21610e-19	1.21610e-19	1.21610e-19	1.21610e-19	1.21610e-19	1.21610e-19	1.21610e-19	1.21610e-19	1.21610e-19	1.21610e-19	1.21610e-19	1.21610e-19	1.21610e-19	1.21610e-19	1.21610e-19	1.21610e-19	1.21610e-19	1.21610e-19	1.21610e-19	1.21610e-19	1.21610e-19	1.21610e-19	1.21610e-19	1.21610e-19	1.21610e-19	1.21610e-19	1.21610e-19	1.21610e-19	1.21610e-19	1.21610e-19	1.21610e-19	1.21610e-19	1.21610e-19	1.21610e-19	1.21610e-19	1.21610e-19	1.21610e-19	1.21610e-19	1.21610e-19	1.21610e-19	1.21610e-19	1.21610e-19	1.21610e-19	1.21610e-19	1.21610e-19	1.21610e-19	1.21610e-19	1.21610e-19	1.21610e-19	1.21610e-19	1.21610e-19	1.21610e-19	1.21610e-19	1.21610e-19	1.21610e-19	1.21610e-19	1.21610e-19	1.21610e-19	1.21610e-19	1.21610e-19	1.21610e-19	1.21610e-19	1.21610e-19	1.21610e-19	1.21610e-19	1.21610e-19	1.21610e-19	1.21610e-19	1.21610e-19	1.21610e-19	1.21610e-19	1.21610e-19	1.21610e-19	1.21610e-19	1.21610e-19	1.21610e-19	1.21610e-19	1.21610e-19	1.21610e-19	1.21610e-19	1.21610e-19	1.21610e-19	1.21610e-19	1.21610e-19	1.21610e-19	1.21610e-19	1.21610e-19	1.21610e-19	1.21610e-19	1.21610e-19	1.21610e-19	1.21610e-19	1.21610e-19	1.21610e-19	1.21610e-19	1.21610e-19	1.21610e-19	1.21610e-19	1.21610e-19
21.92	3.73401e-21	1.35908e-20	2.87145e-20	5.19302e-20	8.75865e-20	1.32757e-19	1.35757e-19	1.35764e-19	1.35764e-19	1.35764e-19	1.35764e-19	1.35764e-19	1.35764e-19	1.35764e-19	1.35764e-19	1.35764e-19	1.35764e-19	1.35764e-19	1.35764e-19	1.35764e-19	1.35764e-19	1.35764e-19	1.35764e-19	1.35764e-19	1.35764e-19	1.35764e-19	1.35764e-19	1.35764e-19	1.35764e-19	1.35764e-19	1.35764e-19	1.35764e-19	1.35764e-19	1.35764e-19	1.35764e-19	1.35764e-19	1.35764e-19	1.35764e-19	1.35764e-19	1.35764e-19	1.35764e-19	1.35764e-19	1.35764e-19	1.35764e-19	1.35764e-19	1.35764e-19	1.35764e-19	1.35764e-19	1.35764e-19	1.35764e-19	1.35764e-19	1.35764e-19	1.35764e-19	1.35764e-19	1.35764e-19	1.35764e-19	1.35764e-19	1.35764e-19	1.35764e-19	1.35764e-19	1.35764e-19	1.35764e-19	1.35764e-19	1.35764e-19	1.35764e-19	1.35764e-19	1.35764e-19	1.35764e-19	1.35764e-19	1.35764e-19	1.35764e-19	1.35764e-19	1.35764e-19	1.35764e-19	1.35764e-19	1.35764e-19	1.35764e-19	1.35764e-19	1.35764e-19	1.35764e-19	1.35764e-19	1.35764e-19	1.35764e-19	1.35764e-19	1.35764e-19	1.35764e-19	1.35764e-19	1.35764e-19	1.35764e-19	1.35764e-19	1.35764e-19	1.35764e-19	1.35764e-19	1.35764e-19	1.35764e-19	1.35764e-19	1.35764e-19	1.35764e-19	1.35764e-19	1.35764e-19	1.35764e-19	1.35764e-19	1.35764e-19	1.35764e-19	1.35764e-19	1.35764e-19	1.35764e-19	1.35764e-19	1.35764e-19	1.35764e-19	1.35764e-19	1.35764e-19	1.35764e-19	1.35764e-19	1.35764e-19	1.35764e-19	1.35764e-19	1.35764e-19	1.35764e-19	1.35764e-19	1.35764e-19	1.35764e-19	1.35764e-19	1.35764e-19	1.35764e-19	1.35764e-19	1.35764e-19	1.35764e-19	1.35764e-19	1.35764e-19	1.35764e-19	1.35764e-19	1.35764e-19
21.96	3.19182e-21	1.16174e-20	2.45451e-20	4.43898e-20	7.48688e-20	1.21710e-19	1.50311e-19	1.50559e-19	1.50559e-19	1.50559e-19	1.50559e-19	1.50559e-19	1.50559e-19	1.50559e-19	1.50559e-19	1.50559e-19	1.50559e-19	1.50559e-19	1.50559e-19	1.50559e-19	1.50559e-19	1.50559e-19	1.50559e-19	1.50559e-19	1.50559e-19	1.50559e-19	1.50559e-19	1.50559e-19	1.50559e-19	1.50559e-19	1.50559e-19	1.50559e-19	1.50559e-19	1.50559e-19	1.50559e-19	1.50559e-19	1.50559e-19	1.50559e-19	1.50559e-19	1.50559e-19	1.50559e-19	1.50559e-19	1.50559e-19	1.50559e-19	1.50559e-19	1.50559e-19	1.50559e-19	1.50559e-19	1.50559e-19	1.50559e-19	1.50559e-19	1.50559e-19	1.50559e-19	1.50559e-19	1.50559e-19	1.50559e-19	1.50559e-19	1.50559e-19	1.50559e-19	1.50559e-19	1.50559e-19	1.50559e-19	1.50559e-19	1.50559e-19	1.50559e-19	1.50559e-19	1.50559e-19	1.50559e-19	1.50559e-19	1.50559e-19	1.50559e-19	1.50559e-19	1.50559e-19	1.50559e-19	1.50559e-19	1.50559e-19	1.50559e-19	1.50559e-19	1.50559e-19	1.50559e-19	1.50559e-19	1.50559e-19	1.50559e-19	1.50559e-19	1.50559e-19	1.50559e-19	1.50559e-19	1.50559e-19	1.50559e-19	1.50559e-19	1.50559e-19	1.50559e-19	1.50559e-19	1.50559e-19	1.50559e-19	1.50559e-19	1.50559e-19	1.50559e-19	1.50559e-19	1.50559e-19	1.50559e-19	1.50559e-19	1.50559e-19	1.50559e-19	1.50559e-19	1.50559e-19	1.50559e-19	1.50559e-19	1.50559e-19	1.50559e-19	1.50559e-19	1.50559e-19	1.50559e-19	1.50559e-19	1.50559e-19	1.50559e-19	1.50559e-19	1.50559e-19	1.50559e-19	1.50559e-19	1.50559e-19	1.50559e-19	1.50559e-19	1.50559e-19	1.50559e-19	1.50559e-19	1.50559e-19	1.50559e-19	1.50559e-19	1.50559e-19	1.50559e-19	1.50559e-19	1.50559e-19
21.99	2.72837e-21	9.93055e-21	2.09811e-20	3.79444e-20	6.39977e-20	1.04037e-19	1.59950e-19	1.66123e-19	1.66140e-19	1.66140e-19	1.66140e-19	1.66140e-19	1.66140e-19	1.66140e-19	1.66140e-19	1.66140e-19	1.66140e-19	1.66140e-19	1.66140e-19	1.66140e-19	1.66140e-19	1.66140e-19	1.66140e-19	1.66140e-19	1.66140e-19	1.66140e-19	1.66140e-19	1.66140e-19	1.66140e-19	1.66140e-19	1.66140e-19	1.66140e-19	1.66140e-19	1.66140e-19	1.66140e-19	1.66140e-19	1.66140e-19	1.66140e-19	1.66140e-19	1.66140e-19	1.66140e-19	1.66140e-19	1.66140e-19	1.66140e-19	1.66140e-19	1.66140e-19	1.66140e-19	1.66140e-19	1.66140e-19	1.66140e-19	1.66140e-19	1.66140e-19	1.66140e-19	1.66140e-19	1.66140e-19	1.66140e-19	1.66140e-19	1.66140e-19	1.66140e-19	1.66140e-19	1.66140e-19	1.66140e-19	1.66140e-19	1.66140e-19	1.66140e-19	1.66140e-19	1.66140e-19	1.66140e-19	1.66140e-19	1.66140e-19	1.66140e-19	1.66140e-19	1.66140e-19	1.66140e-19	1.66140e-19	1.66140e-19	1.66140e-19	1.66140e-19	1.66140e-19	1.66140e-19	1.66140e-19	1.66140e-19	1.66140e-19	1.66140e-19	1.66140e-19	1.66140e-19	1.66140e-19	1.66140e-19	1.66140e-19	1.66140e-19	1.66140e-19	1.66140e-19	1.66140e-19	1.66140e-19	1.66140e-19	1.66140e-19	1.66140e-19	1.66140e-19	1.66140e-19	1.66140e-19	1.66140e-19	1.66140e-19	1.66140e-19	1.66140e-19	1.66140e-19	1.66140e-19	1.66140e-19	1.66140e-19	1.66140e-19	1.66140e-19	1.66140e-19	1.66140e-19	1.66140e-19	1.66140e-19	1.66140e-19	1.66140e-19	1.66140e-19	1.66140e-19	1.66140e-19	1.66140e-19	1.66140e-19	1.66140e-19	1.66140e-19	1.66140e-19	1.66140e-19	1.66140e-19	1.66140e-19	1.66140e-19	1.66140e-19	1.66140e-19	1.66140e-19	1.66140e-19	1.66140e-19
22.03	2.33220e-21	8.48862e-21	1.79347e-20	3.24348e-20	5.47052e-20	8.89308e-20	1.41567e-19	1.82095e-19	1.82652e-19	1.82653e-19	1.82653e-19	1.82653e-19	1.82653e-19	1.82653e-19	1.82653e-19	1.82653e-19	1.82653e-19	1.82653e-19	1.82653e-19	1.82653e-19	1.82653e-19	1.82653e-19	1.82653e-19	1.82653e-19	1.82653e-19	1.82653e-19	1.82653e-19	1.82653e-19	1.82653e-19	1.82653e-19	1.82653e-19	1.82653e-19	1.82653e-19	1.82653e-19	1.82653e-19	1.82653e-19	1.82653e-19	1.82653e-19	1.82653e-19	1.82653e-19	1.82653e-19	1.82653e-19	1.82653e-19	1.82653e-19	1.82653e-19	1.82653e-19	1.82653e-19	1.82653e-19	1.82653e-19	1.82653e-19	1.82653e-19	1.82653e-19	1.82653e-19	1.82653e-19	1.82653e-19	1.82653e-19	1.82653e-19	1.82653e-19	1.82653e-19	1.82653e-19	1.82653e-19	1.82653e-19	1.82653e-19	1.82653e-19	1.82653e-19	1.82653e-19	1.82653e-19	1.82653e-19	1.82653e-19	1.82653e-19	1.82653e-19	1.82653e-19	1.82653e-19	1.82653e-19	1.82653e-19	1.82653e-19	1.82653e-19	1.82653e-19	1.82653e-19	1.82653e-19	1.82653e-19	1.82653e-19	1.82653e-19	1.82653e-19	1.82653e-19	1.82653e-19	1.82653e-19	1.82653e-19	1.82653e-19	1.82653e-19	1.82653e-19	1.82653e-19	1.82653e-19	1.82653e-19	1.82653e-19	1.82653e-19	1.82653e-19	1.82653e-19	1.82653e-19	1.82653e-19	1.82653e-19	1.82653e-19	1.82653e-19	1.82653e-19	1.82653e-19	1.82653e-19	1.82653e-19	1.82653e-19	1.82653e-19	1.82653e-19	1.82653e-19	1.82653e-19	1.82653e-19	1.82653e-19	1.82653e-19	1.82653e-19	1.82653e-19	1.82653e-19	1.82653e-19	1.82653e-19	1.82653e-19	1.82653e-19	1.82653e-19	1.82653e-19	1.82653e-19	1.82653e-19	1.82653e-19	1.82653e-19	1.82653e-19	1.82653e-19	1.82653e-19	1.82653e-19	1.82653e-19
22.06	1.99356e-21	7.25606e-21	1.53305e-20	2.77252e-20	4.67619e-20	7.60179e-20	1.21012e-19	1.88036e-19	2.00207e-19	2.00246e-19	2.00246e-19	2.00246e-19	2.00246e-19	2.00246e-19	2.00246e-19	2.00246e-19	2.00246e-19	2.00246e-19	2.00246e-19	2.00246e-19	2.00246e-19	2.00246e-19	2.00246e-19	2.00246e-19	2.00246e-19	2.00246e-19	2.00246e-19	2.00246e-19	2.00246e-19	2.00246e-19	2.00246e-19	2.00246e-19	2.00246e-19	2.00246e-19	2.00246e-19	2.00246e-19	2.00246e-19	2.00246e-19	2.00246e-19	2.00246e-19	2.00246e-19	2.00246e-19	2.00246e-19	2.00246e-19	2.00246e-19	2.00246e-19	2.00246e-19	2.00246e-19	2.00246e-19	2.00246e-19	2.00246e-19	2.00246e-19	2.00246e-19	2.00246e-19	2.00246e-19	2.00246e-19	2.00246e-19	2.00246e-19	2.00246e-19	2.00246e-19	2.00246e-19	2.00246e-19	2.00246e-19	2.00246e-19	2.00246e-19	2.00246e-19	2.00246e-19	2.00246e-19	2.00246e-19	2.00246e-19	2.00246e-19	2.00246e-19	2.00246e-19	2.00246e-19	2.00246e-19	2.00246e-19	2.00246e-19	2.00246e-19	2.00246e-19	2.00246e-19	2.00246e-19	2.00246e-19	2.00246e-19	2.00246e-19	2.00246e-19	2.00246e-19	2.00246e-19	2.00246e-19	2.00246e-19	2.00246e-19	2.00246e-19	2.00246e-19	2.00246e-19	2.00246e-19	2.00246e-19	2.00246e-19	2.00246e-19	2.00246e-19	2.00246e-19	2.00246e-19	2.00246e-19	2.00246e-19	2.00246e-19	2.00246e-19	2.00246e-19	2.00246e-19	2.00246e-19	2.00246e-19	2.00246e-19	2.00246e-19	2.00246e-19	2.00246e-19	2.00246e-19	2.00246e-19	2.00246e-19	2.00246e-19	2.00246e-19	2.00246e-19	2.00246e-19	2.00246e-19	2.00246e-19	2.00246e-19	2.00246e-19	2.00246e-19	2.00246e-19	2.00246e-19	2.00246e-19	2.00246e-19	2.00246e-19	2.00246e-19	2.00246e-19	2.00246e-19	2.00246e-19
22.09	1.70409e-21	6.20247e-21	1.31045e-20	2.36995e-20	3.99720e-20	6.49800e-20	1.03441e-19	1.62639e-19	2.17841e-19	2.19074e-19	2.19076e-19	2.19076e-19	2.19076e-19	2.19076e-19	2.19076e-19	2.19076e-19	2.19076e-19	2.19076e-19	2.19076e-19	2.19076e-19	2.19076e-19	2.19076e-19	2.19076e-19	2.19076e-19	2.19076e-19	2.19076e-19	2.19076e-19	2.19076e-19	2.19076e-19	2.19076e-19	2.19076e-19	2.19076e-19	2.19076e-19	2.19076e-19	2.19076e-19	2.19076e-19	2.19076e-19	2.19076e-19	2.19076e-19	2.19076e-19	2.19076e-19	2.19076e-19	2.19076e-19	2.19076e-19	2.19076e-19	2.19076e-19	2.19076e-19	2.19076e-19	2.19076e-19	2.19076e-19	2.19076e-19	2.19076e-19	2.19076e-19	2.19076e-19	2.19076e-19	2.19076e-19	2.19076e-19	2.19076e-19	2.19076e-19	2.19076e-19	2.19076e-19	2.19076e-19	2.19076e-19	2.19076e-19	2.19076e-19	2.19076e-19	2.19076e-19	2.19076e-19	2.19076e-19	2.19076e-19	2.19076e-19	2.19076e-19	2.19076e-19	2.19076e-19	2.19076e-19	2.19076e-19	2.19076e-19	2.19076e-19	2.19076e-19	2.19076e-19	2.19076e-19	2.19076e-19	2.19076e-19	2.19076e-19	2.19076e-19	2.19076e-19	2.19076e-19	2.19076e-19	2.19076e-19	2.19076e-19	2.19076e-19	2.19076e-19	2.19076e-19	2.19076e-19	2.19076e-19	2.19076e-19	2.19076e-19	2.19076e-19	2.19076e-19	2.19076e-19	2.19076e-19	2.19076e-19	2.19076e-19	2.19076e-19	2.19076e-19	2.19076e-19	2.19076e-19	2.19076e-19	2.19076e-19	2.19076e-19	2.19076e-19	2.19076e-19	2.19076e-19	2.19076e-19	2.19076e-19	2.19076e-19	2.19076e-19	2.19076e-19	2.19076e-19	2.19076e-19	2.19076e-19	2.19076e-19	2.19076e-19	2.19076e-19	2.19076e-19	2.19076e-19	2.19076e-19	2.19076e-19	2.19076e-19	2.19076e-19	2.19076e-19	2.19076e-19	2.19076e-19
22.13	1.45666e-21	5.30186e-21	1.12017e-20	2.02583e-20	3.41680e-20	5.55448e-20	8.84209e-20	1.39024e-19	2.16690e-19	2.39217e-19	2.39307e-19	2.39307e-19	2.39307e-19	2.39307e-19	2.39307e-19	2.39307e-19	2.39307e-19	2.39307e-19	2.39307e-19	2.39307e-19	2.39307e-19	2.39307e-19	2.39307e-19	2.39307e-19	2.39307e-19	2.39307e-19	2.39307e-19	2.39307e-19	2.39307e-19	2.39307e-19	2.39307e-19	2.39307e-19	2.39307e-19	2.39307e-19	2.39307e-19	2.39307e-19	2.39307e-19	2.39307e-19	2.39307e-19	2.39307e-19	2.39307e-19	2.39307e-19	2.39307e-19	2.39307e-19	2.39307e-19	2.39307e-19	2.39307e-19	2.39307e-19	2.39307e-19	2.39307e-19	2.39307e-19	2.39307e-19	2.39307e-19	2.39307e-19	2.39307e-19	2.39307e-19	2.39307e-19	2.39307e-19	2.39307e-19	2.39307e-19	2.39307e-19	2.39307e-19	2.39307e-19	2.39307e-19	2.39307e-19	2.39307e-19	2.39307e-19	2.39307e-19	2.39307e-19	2.39307e-19	2.39307e-19	2.39307e-19	2.39307e-19	2.39307e-19	2.39307e-19	2.39307e-19	2.39307e-19	2.39307e-19	2.39307e-19	2.39307e-19	2.39307e-19	2.39307e-19	2.39307e-19	2.39307e-19	2.39307e-19	2.39307e-19	2.39307e-19	2.39307e-19	2.39307e-19	2.39307e-19	2.39307e-19	2.39307e-19	2.39307e-19	2.39307e-19	2.39307e-19	2.39307e-19	2.39307e-19	2.39307e-19	2.39307e-19	2.39307e-19	2.39307e-19	2.39307e-19	2.39307e-19	2.39307e-19	2.39307e-19	2.39307e-19	2.39307e-19	2.39307e-19	2.39307e-19	2.39307e-19	2.39307e-19	2.39307e-19	2.39307e-19	2.39307e-19	2.39307e-19	2.39307e-19	2.39307e-19	2.39307e-19	2.39307e-19	2.39307e-19	2.39307e-19	2.39307e-19	2.39307e-19	2.39307e-19	2.39307e-19	2.39307e-19	2.39307e-19	2.39307e-19	2.39307e-19	2.39307e-19	2.39307e-19	2.39307e-19	2.39307e-19
22.16	1.24515e-21	4.53202e-21	9.57520e-21	1.73167e-20	2.92067e-20	4.74796e-20	7.55820e-20	1.18837e-19	1.85481e-19	2.58418e-19	2.61108e-19	2.61113e-19	2.61113e-19	2.61113e-19	2.61113e-19	2.61113e-19	2.61113e-19	2.61113e-19	2.61113e-19	2.61113e-19	2.61113e-19	2.61113e-19	2.61113e-19	2.61113e-19	2.61113e-19	2.61113e-19	2.61113e-19	2.61113e-19	2.61113e-19	2.61113e-19	2.61113e-19	2.61113e-19	2.61113e-19	2.61113e-19	2.61113e-19	2.61113e-19	2.61113e-19	2.61113e-19	2.61113e-19	2.61113e-19	2.61113e-19	2.61113e-19	2.61113e-19	2.61113e-19	2.61113e-19	2.61113e-19	2.61113e-19	2.61113e-19	2.61113e-19	2.61113e-19	2.61113e-19	2.61113e-19	2.61113e-19	2.61113e-19	2.61113e-19	2.61113e-19	2.61113e-19	2.61113e-19	2.61113e-19	2.61113e-19	2.61113e-19	2.61113e-19	2.61113e-19	2.61113e-19	2.61113e-19	2.61113e-19	2.61113e-19	2.61113e-19	2.61113e-19	2.61113e-19	2.61113e-19	2.61113e-19	2.61113e-19	2.61113e-19	2.61113e-19	2.61113e-19	2.61113e-19	2.61113e-19	2.61113e-19	2.61113e-19	2.61113e-19	2.61113e-19	2.61113e-19	2.61113e-19	2.61113e-19	2.61113e-19	2.61113e-19	2.61113e-19	2.61113e-19	2.61113e-19	2.61113e-19	2.61113e-19	2.61113e-19	2.61113e-19	2.61113e-19	2.61113e-19	2.61113e-19	2.61113e-19	2.61113e-19	2.61113e-19	2.61113e-19	2.61113e-19	2.61113e-19	2.61113e-19	2.61113e-19	2.61113e-19	2.61113e-19	2.61113e-19	2.61113e-19	2.61113e-19	2.61113e-19	2.61113e-19	2.61113e-19	2.61113e-19	2.61113e-19	2.61113e-19	2.61113e-19	2.61113e-19	2.61113e-19	2.61113e-19	2.61113e-19	2.61113e-19	2.61113e-19	2.61113e-19	2.61113e-19	2.61113e-19	2.61113e-19	2.61113e-19	2.61113e-19	2.61113e-19	2.61113e-19	2.61113e-19	2.61113e-19
22.20	1.06435e-21	3.87396e-21	8.18487e-21	1.48023e-20	2.49659e-20	4.05855e-20	6.46074e-20	1.01582e-19	1.58549e-19	2.46415e-19	2.84473e-19	2.84680e-19	2.84681e-19	2.84681e-19	2.84681e-19	2.84681e-19	2.84681e-19	2.84681e-19	2.84681e-19	2.84681e-19	2.84681e-19	2.84681e-19	2.84681e-19	2.84681e-19	2.84681e-19	2.84681e-19	2.84681e-19	2.84681e-19	2.84681e-19	2.84681e-19	2.84681e-19	2.84681e-19	2.84681e-19	2.84681e-19	2.84681e-19	2.84681e-19	2.84681e-19	2.84681e-19	2.84681e-19	2.84681e-19	2.84681e-19	2.84681e-19	2.84681e-19	2.84681e-19	2.84681e-19	2.84681e-19	2.84681e-19	2.84681e-19	2.84681e-19	2.84681e-19	2.84681e-19	2.84681e-19	2.84681e-19	2.84681e-19	2.84681e-19	2.84681e-19	2.84681e-19	2.84681e-19	2.84681e-19	2.84681e-19	2.84681e-19	2.84681e-19	2.84681e-19	2.84681e-19	2.84681e-19	2.84681e-19	2.84681e-19	2.84681e-19	2.84681e-19	2.84681e-19	2.84681e-19	2.84681e-19	2.84681e-19	2.84681e-19	2.84681e-19	2.84681e-19	2.84681e-19	2.84681e-19	2.84681e-19	2.84681e-19	2.84681e-19	2.84681e-19	2.84681e-19	2.84681e-19	2.84681e-19	2.84681e-19	2.84681e-19	2.84681e-19	2.84681e-19	2.84681e-19	2.84681e-19	2.84681e-19	2.84681e-19	2.84681e-19	2.84681e-19	2.84681e-19	2.84681e-19	2.84681e-19	2.84681e-19	2.84681e-19	2.84681e-19	2.84681e-19	2.84681e-19	2.84681e-19	2.84681e-19	2.84681e-19	2.84681e-19	2.84681e-19	2.84681e-19	2.84681e-19	2.84681e-19	2.84681e-19	2.84681e-19	2.84681e-19	2.84681e-19	2.84681e-19	2.84681e-19	2.84681e-19	2.84681e-19	2.84681e-19	2.84681e-19	2.84681e-19	2.84681e-19	2.84681e-19	2.84681e-19	2.84681e-19	2.84681e-19	2.84681e-19	2.84681e-19	2.84681e-19	2.84681e-19	2.84681e-19	2.84681e-19
22.23	9.09806e-22	3.31146e-21	6.99641e-21	1.26530e-20	2.13408e-20	3.46924e-20	5.52263e-20	8.68322e-20	1.35527e-19	2.10635e-19	3.04444e-19	3.10199e-19	3.10212e-19	3.10212e-19	3.10212e-19	3.10212e-19	3.10212e-19	3.10212e-19	3.10212e-19	3.10212e-19	3.10212e-19	3.10212e-19	3.10212e-19	3.10212e-19	3.10212e-19	3.10212e-19	3.10212e-19	3.10212e-19	3.10212e-19	3.10212e-19	3.10212e-19	3.10212e-19	3.10212e-19	3.10212e-19	3.10212e-19	3.10212e-19	3.10212e-19	3.10212e-19	3.10212e-19	3.10212e-19	3.10212e-19	3.10212e-19	3.10212e-19	3.10212e-19	3.10212e-19	3.10212e-19	3.10212e-19	3.10212e-19	3.10212e-19	3.10212e-19	3.10212e-19	3.10212e-19	3.10212e-19	3.10212e-19	3.10212e-19	3.10212e-19	3.10212e-19	3.10212e-19	3.10212e-19	3.10212e-19	3.10212e-19	3.10212e-19	3.10212e-19	3.10212e-19	3.10212e-19	3.10212e-19	3.10212e-19	3.10212e-19	3.10212e-19	3.10212e-19	3.10212e-19	3.10212e-19	3.10212e-19	3.10212e-19	3.10212e-19	3.10212e-19	3.10212e-19	3.10212e-19	3.10212e-19	3.10212e-19	3.10212e-19	3.10212e-19	3.10212e-19	3.10212e-19	3.10212e-19	3.10212e-19	3.10212e-19	3.10212e-19	3.10212e-19	3.10212e-19	3.10212e-19	3.10212e-19	3.10212e-19	3.10212e-19	3.10212e-19	3.10212e-19	3.10212e-19	3.10212e-19	3.10212e-19	3.10212e-19	3.10212e-19	3.10212e-19	3.10212e-19	3.10212e-19	3.10212e-19	3.10212e-19	3.10212e-19	3.10212e-19	3.10212e-19	3.10212e-19	3.10212e-19	3.10212e-19	3.10212e-19	3.10212e-19	3.10212e-19	3.10212e-19	3.10212e-19	3.10212e-19	3.10212e-19	3.10212e-19	3.10212e-19	3.10212e-19	3.10212e-19	3.10212e-19	3.10212e-19	3.10212e-19	3.10212e-19	3.10212e-19	3.10212e-19	3.10212e-19	3.10212e-19	3.10212e-19	3.10212e-19
22.26	7.77700e-22	2.83063e-21	5.98052e-21	1.08158e-20	1.82421e-20	2.96550e-20	4.72074e-20	7.42240e-20	1.15848e-19	1.80051e-19	2.79206e-19	3.37455e-19	3.37928e-19	3.37929e-19	3.37929e-19	3.37929e-19	3.37929e-19	3.37929e-19	3.37929e-19	3.37929e-19	3.37929e-19	3.37929e-19	3.37929e-19	3.37929e-19	3.37929e-19	3.37929e-19	3.37929e-19	3.37929e-19	3.37929e-19	3.37929e-19	3.37929e-19	3.37929e-19	3.37929e-19	3.37929e-19	3.37929e-19	3.37929e-19	3.37929e-19	3.37929e-19	3.37929e-19	3.37929e-19	3.37929e-19	3.37929e-19	3.37929e-19	3.37929e-19	3.37929e-19	3.37929e-19	3.37929e-19	3.37929e-19	3.37929e-19	3.37929e-19	3.37929e-19	3.37929e-19	3.37929e-19	3.37929e-19	3.37929e-19	3.37929e-19	3.37929e-19	3.37929e-19	3.37929e-19	3.37929e-19	3.37929e-19	3.37929e-19	3.37929e-19	3.37929e-19	3.37929e-19	3.37929e-19	3.37929e-19	3.37929e-19	3.37929e-19	3.37929e-19	3.37929e-19	3.37929e-19	3.37929e-19	3.37929e-19	3.37929e-19	3.37929e-19	3.37929e-19	3.37929e-19	3.37929e-19	3.37929e-19	3.37929e-19	3.37929e-19	3.37929e-19	3.37929e-19	3.37929e-19	3.37929e-19	3.37929e-19	3.37929e-19	3.37929e-19	3.37929e-19	3.37929e-19	3.37929e-19	3.37929e-19	3.37929e-19	3.37929e-19	3.37929e-19	3.37929e-19	3.37929e-19	3.37929e-19	3.37929e-19	3.37929e-19	3.37929e-19	3.37929e-19	3.37929e-19	3.37929e-19	3.37929e-19	3.37929e-19	3.37929e-19	3.37929e-19	3.37929e-19	3.37929e-19	3.37929e-19	3.37929e-19	3.37929e-19	3.37929e-19	3.37929e-19	3.37929e-19	3.37929e-19	3.37929e-19	3.37929e-19	3.37929e-19	3.37929e-19	3.37929e-19	3.37929e-19	3.37929e-19	3.37929e-19	3.37929e-19	3.37929e-19	3.37929e-19	3.37929e-19	3.37929e-19	3.37929e-19	3.37929e-19
22.30	6.64777e-22	2.41962e-21	5.11214e-21	9.24530e-21	1.55933e-20	2.53491e-20	4.03528e-20	6.34466e-20	9.90270e-20	1.53907e-19	2.38665e-19	3.56055e-19	3.68041e-19	3.68073e-19	3.68073e-19	3.68073e-19	3.68073e-19	3.68073e-19	3.68073e-19	3.68073e-19	3.68073e-19	3.68073e-19	3.68073e-19	3.68073e-19	3.68073e-19	3.68073e-19	3.68073e-19	3.68073e-19	3.68073e-19	3.68073e-19	3.68073e-19	3.68073e-19	3.68073e-19	3.68073e-19	3.68073e-19	3.68073e-19	3.68073e-19	3.68073e-19	3.68073e-19	3.68073e-19	3.68073e-19	3.68073e-19	3.68073e-19	3.68073e-19	3.68073e-19	3.68073e-19	3.68073e-19	3.68073e-19	3.68073e-19	3.68073e-19	3.68073e-19	3.68073e-19	3.68073e-19	3.68073e-19	3.68073e-19	3.68073e-19	3.68073e-19	3.68073e-19	3.68073e-19	3.68073e-19	3.68073e-19	3.68073e-19	3.68073e-19	3.68073e-19	3.68073e-19	3.68073e-19	3.68073e-19	3.68073e-19	3.68073e-19	3.68073e-19	3.68073e-19	3.68073e-19	3.68073e-19	3.68073e-19	3.68073e-19	3.68073e-19	3.68073e-19	3.68073e-19	3.68073e-19	3.68073e-19	3.68073e-19	3.68073e-19	3.68073e-19	3.68073e-19	3.68073e-19	3.68073e-19	3.68073e-19	3.68073e-19	3.68073e-19	3.68073e-19	3.68073e-19	3.68073e-19	3.68073e-19	3.68073e-19	3.68073e-19	3.68073e-19	3.68073e-19	3.68073e-19	3.68073e-19	3.68073e-19	3.68073e-19	3.68073e-19	3.68073e-19	3.68073e-19	3.68073e-19	3.68073e-19	3.68073e-19	3.68073e-19	3.68073e-19	3.68073e-19	3.68073e-19	3.68073e-19	3.68073e-19	3.68073e-19	3.68073e-19	3.68073e-19	3.68073e-19	3.68073e-19	3.68073e-19	3.68073e-19	3.68073e-19	3.68073e-19	3.68073e-19	3.68073e-19	3.68073e-19	3.68073e-19	3.68073e-19	3.68073e-19	3.68073e-19	3.68073e-19	3.68073e-19	3.68073e-19	3.68073e-19
22.33	5.68250e-22	2.06829e-21	4.36985e-21	7.90287e-21	1.33291e-20	2.16684e-20	3.44935e-20	5.42340e-20	8.46481e-20	1.31559e-19	2.04010e-19	3.16074e-19	3.99839e-19	4.00910e-19	4.00912e-19	4.00912e-19	4.00912e-19	4.00912e-19	4.00912e-19	4.00912e-19	4.00912e-19	4.00912e-19	4.00912e-19	4.00912e-19	4.00912e-19	4.00912e-19	4.00912e-19	4.00912e-19	4.00912e-19	4.00912e-19	4.00912e-19	4.00912e-19	4.00912e-19	4.00912e-19	4.00912e-19	4.00912e-19	4.00912e-19	4.00912e-19	4.00912e-19	4.00912e-19	4.00912e-19	4.00912e-19	4.00912e-19	4.00912e-19	4.00912e-19	4.00912e-19	4.00912e-19	4.00912e-19	4.00912e-19	4.00912e-19	4.00912e-19	4.00912e-19	4.00912e-19	4.00912e-19	4.00912e-19	4.00912e-19	4.00912e-19	4.00912e-19	4.00912e-19	4.00912e-19	4.00912e-19	4.00912e-19	4.00912e-19	4.00912e-19	4.00912e-19	4.00912e-19	4.00912e-19	4.00912e-19	4.00912e-19	4.00912e-19	4.00912e-19	4.00912e-19	4.00912e-19	4.00912e-19	4.00912e-19	4.00912e-19	4.00912e-19	4.00912e-19	4.00912e-19	4.00912e-19	4.00912e-19	4.00912e-19	4.00912e-19	4.00912e-19	4.00912e-19	4.00912e-19	4.00912e-19	4.00912e-19	4.00912e-19	4.00912e-19	4.00912e-19	4.00912e-19	4.00912e-19	4.00912e-19	4.00912e-19	4.00912e-19	4.00912e-19	4.00912e-19	4.00912e-19	4.00912e-19	4.00912e-19	4.00912e-19	4.00912e-19	4.00912e-19	4.00912e-19	4.00912e-19	4.00912e-19	4.00912e-19	4.00912e-19	4.00912e-19	4.00912e-19	4.00912e-19	4.00912e-19	4.00912e-19	4.00912e-19	4.00912e-19	4.00912e-19	4.00912e-19	4.00912e-19	4.00912e-19	4.00912e-19	4.00912e-19	4.00912e-19	4.00912e-19	4.00912e-19	4.00912e-19	4.00912e-19	4.00912e-19	4.00912e-19	4.00912e-19	4.00912e-19	4.00912e-19	4.00912e-19
22.37	4.85740e-22	1.76797e-21	3.73534e-21	6.75536e-21	1.13937e-20	1.85221e-20	2.94850e-20	4.63592e-20	7.23571e-20	1.12457e-19	1.74388e-19	2.70180e-19	4.12661e-19	4.36668e-19	4.36743e-19	4.36743e-19	4.36743e-19	4.36743e-19	4.36743e-19	4.36743e-19	4.36743e-19	4.36743e-19	4.36743e-19	4.36743e-19	4.36743e-19	4.36743e-19	4.36743e-19	4.36743e-19	4.36743e-19	4.36743e-19	4.36743e-19	4.36743e-19	4.36743e-19	4.36743e-19	4.36743e-19	4.36743e-19	4.36743e-19	4.36743e-19	4.36743e-19	4.36743e-19	4.36743e-19	4.36743e-19	4.36743e-19	4.36743e-19	4.36743e-19	4.36743e-19	4.36743e-19	4.36743e-19	4.36743e-19	4.36743e-19	4.36743e-19	4.36743e-19	4.36743e-19	4.36743e-19	4.36743e-19	4.36743e-19	4.36743e-19	4.36743e-19	4.36743e-19	4.36743e-19	4.36743e-19	4.36743e-19	4.36743e-19	4.36743e-19	4.36743e-19	4.36743e-19	4.36743e-19	4.36743e-19	4.36743e-19	4.36743e-19	4.36743e-19	4.36743e-19	4.36743e-19	4.36743e-19	4.36743e-19	4.36743e-19	4.36743e-19	4.36743e-19	4.36743e-19	4.36743e-19	4.36743e-19	4.36743e-19	4.36743e-19	4.36743e-19	4.36743e-19	4.36743e-19	4.36743e-19	4.36743e-19	4.36743e-19	4.36743e-19	4.36743e-19	4.36743e-19	4.36743e-19	4.36743e-19	4.36743e-19	4.36743e-19	4.36743e-19	4.36743e-19	4.36743e-19	4.36743e-19	4.36743e-19	4.36743e-19	4.36743e-19	4.36743e-19	4.36743e-19	4.36743e-19	4.36743e-19	4.36743e-19	4.36743e-19	4.36743e-19	4.36743e-19	4.36743e-19	4.36743e-19	4.36743e-19	4.36743e-19	4.36743e-19	4.36743e-19	4.36743e-19	4.36743e-19	4.36743e-19	4.36743e-19	4.36743e-19	4.36743e-19	4.36743e-19	4.36743e-19	4.36743e-19	4.36743e-19	4.36743e-19	4.36743e-19	4.36743e-19	4.36743e-19	4.36743e-19	4.36743e-19
22.40	4.15209e-22	1.51126e-21	3.19296e-21	5.77447e-21	9.73933e-21	1.58326e-20	2.52037e-20	3.96277e-20	6.18507e-20	9.61279e-20	1.49066e-19	2.30949e-19	3.57826e-19	4.73493e-19	4.75892e-19	4.75897e-19	4.75897e-19	4.75897e-19	4.75897e-19	4.75897e-19	4.75897e-19	4.75897e-19	4.75897e-19	4.75897e-19	4.75897e-19	4.75897e-19	4.75897e-19	4.75897e-19	4.75897e-19	4.75897e-19	4.75897e-19	4.75897e-19	4.75897e-19	4.75897e-19	4.75897e-19	4.75897e-19	4.75897e-19	4.75897e-19	4.75897e-19	4.75897e-19	4.75897e-19	4.75897e-19	4.75897e-19	4.75897e-19	4.75897e-19	4.75897e-19	4.75897e-19	4.75897e-19	4.75897e-19	4.75897e-19	4.75897e-19	4.75897e-19	4.75897e-19	4.75897e-19	4.75897e-19	4.75897e-19	4.75897e-19	4.75897e-19	4.75897e-19	4.75897e-19	4.75897e-19	4.75897e-19	4.75897e-19	4.75897e-19	4.75897e-19	4.75897e-19	4.75897e-19	4.75897e-19	4.75897e-19	4.75897e-19	4.75897e-19	4.75897e-19	4.75897e-19	4.75897e-19	4.75897e-19	4.75897e-19	4.75897e-19	4.75897e-19	4.75897e-19	4.75897e-19	4.75897e-19	4.75897e-19	4.75897e-19	4.75897e-19	4.75897e-19	4.75897e-19	4.75897e-19	4.75897e-19	4.75897e-19	4.75897e-19	4.75897e-19	4.75897e-19	4.75897e-19	4.75897e-19	4.75897e-19	4.75897e-19	4.75897e-19	4.75897e-19	4.75897e-19	4.75897e-19	4.75897e-19	4.75897e-19	4.75897e-19	4.75897e-19	4.75897e-19	4.75897e-19	4.75897e-19	4.75897e-19	4.75897e-19	4.75897e-19	4.75897e-19	4.75897e-19	4.75897e-19	4.75897e-19	4.75897e-19	4.75897e-19	4.75897e-19	4.75897e-19	4.75897e-19	4.75897e-19	4.75897e-19	4.75897e-19	4.75897e-19	4.75897e-19	4.75897e-19	4.75897e-19	4.75897e-19	4.75897e-19	4.75897e-19	4.75897e-19	4.75897e-19	4.75897e-19	4.75897e-19
22.43	3.54920e-22	1.29182e-21	2.72934e-21	4.93601e-21	8.32517e-21	1.35337e-20	2.15441e-20	3.38737e-20	5.28699e-20	8.21699e-20	1.27422e-19	1.97415e-19	3.05869e-19	4.73196e-19	5.18569e-19	5.18745e-19	5.18745e-19	5.18745e-19	5.18745e-19	5.18745e-19	5.18745e-19	5.18745e-19	5.18745e-19	5.18745e-19	5.18745e-19	5.18745e-19	5.18745e-19	5.18745e-19	5.18745e-19	5.18745e-19	5.18745e-19	5.18745e-19	5.18745e-19	5.18745e-19	5.18745e-19	5.18745e-19	5.18745e-19	5.18745e-19	5.18745e-19	5.18745e-19	5.18745e-19	5.18745e-19	5.18745e-19	5.18745e-19	5.18745e-19	5.18745e-19	5.18745e-19	5.18745e-19	5.18745e-19	5.18745e-19	5.18745e-19	5.18745e-19	5.18745e-19	5.18745e-19	5.18745e-19	5.18745e-19	5.18745e-19	5.18745e-19	5.18745e-19	5.18745e-19	5.18745e-19	5.18745e-19	5.18745e-19	5.18745e-19	5.18745e-19	5.18745e-19	5.18745e-19	5.18745e-19	5.18745e-19	5.18745e-19	5.18745e-19	5.18745e-19	5.18745e-19	5.18745e-19	5.18745e-19	5.18745e-19	5.18745e-19	5.18745e-19	5.18745e-19	5.18745e-19	5.18745e-19	5.18745e-19	5.18745e-19	5.18745e-19	5.18745e-19	5.18745e-19	5.18745e-19	5.18745e-19	5.18745e-19	5.18745e-19	5.18745e-19	5.18745e-19	5.18745e-19	5.18745e-19	5.18745e-19	5.18745e-19	5.18745e-19	5.18745e-19	5.18745e-19	5.18745e-19	5.18745e-19	5.18745e-19	5.18745e-19	5.18745e-19	5.18745e-19	5.18745e-19	5.18745e-19	5.18745e-19	5.18745e-19	5.18745e-19	5.18745e-19	5.18745e-19	5.18745e-19	5.18745e-19	5.18745e-19	5.18745e-19	5.18745e-19	5.18745e-19	5.18745e-19	5.18745e-19	5.18745e-19	5.18745e-19	5.18745e-19	5.18745e-19	5.18745e-19	5.18745e-19	5.18745e-19	5.18745e-19	5.18745e-19	5.18745e-19	5.18745e-19	5.18745e-19	5.18745e-19
22.47	3.03385e-22	1.10425e-21	2.33304e-21	4.21929e-21	7.11634e-21	1.15686e-20	1.84159e-20	2.89552e-20	4.51931e-20	7.02387e-20	1.08920e-19	1.68750e-19	2.61456e-19	4.05399e-19	5.60390e-19	5.65693e-19	5.65704e-19	5.65704e-19	5.65704e-19	5.65704e-19	5.65704e-19	5.65704e-19	5.65704e-19	5.65704e-19	5.65704e-19	5.65704e-19	5.65704e-19	5.65704e-19	5.65704e-19	5.65704e-19	5.65704e-19	5.65704e-19	5.65704e-19	5.65704e-19	5.65704e-19	5.65704e-19	5.65704e-19	5.65704e-19	5.65704e-19	5.65704e-19	5.65704e-19	5.65704e-19	5.65704e-19	5.65704e-19	5.65704e-19	5.65704e-19	5.65704e-19	5.65704e-19	5.65704e-19	5.65704e-19	5.65704e-19	5.65704e-19	5.65704e-19	5.65704e-19	5.65704e-19	5.65704e-19	5.65704e-19	5.65704e-19	5.65704e-19	5.65704e-19	5.65704e-19	5.65704e-19	5.65704e-19	5.65704e-19	5.65704e-19	5.65704e-19	5.65704e-19	5.65704e-19	5.65704e-19	5.65704e-19	5.65704e-19	5.65704e-19	5.65704e-19	5.65704e-19	5.65704e-19	5.65704e-19	5.65704e-19	5.65704e-19	5.65704e-19	5.65704e-19	5.65704e-19	5.65704e-19	5.65704e-19	5.65704e-19	5.65704e-19	5.65704e-19	5.65704e-19	5.65704e-19	5.65704e-19	5.65704e-19	5.65704e-19	5.65704e-19	5.65704e-19	5.65704e-19	5.65704e-19	5.65704e-19	5.65704e-19	5.65704e-19	5.65704e-19	5.65704e-19	5.65704e-19	5.65704e-19	5.65704e-19	5.65704e-19	5.65704e-19	5.65704e-19	5.65704e-19	5.65704e-19	5.65704e-19	5.65704e-19	5.65704e-19	5.65704e-19	5.65704e-19	5.65704e-19	5.65704e-19	5.65704e-19	5.65704e-19	5.65704e-19	5.65704e-19	5.65704e-19	5.65704e-19	5.65704e-19	5.65704e-19	5.65704e-19	5.65704e-19	5.65704e-19	5.65704e-19	5.65704e-19	5.65704e-19	5.65704e-19	5.65704e-19	5.65704e-19	5.65704e-19
22.50	2.59333e-22	9.43907e-22	1.99428e-21	3.60664e-21	6.08304e-21	9.88882e-21	1.57418e-20	2.47509e-20	3.86310e-20	6.00400e-20	9.31045e-20	1.44247e-19	2.23492e-19	3.46535e-19	5.38040e-19	6.16835e-19	6.17245e-19	6.17246e-19	6.17246e-19	6.17246e-19	6.17246e-19	6.17246e-19	6.17246e-19	6.17246e-19	6.17246e-19	6.17246e-19	6.17246e-19	6.17246e-19	6.17246e-19	6.17246e-19	6.17246e-19	6.17246e-19	6.17246e-19	6.17246e-19	6.17246e-19	6.17246e-19	6.17246e-19	6.17246e-19	6.17246e-19	6.17246e-19	6.17246e-19	6.17246e-19	6.17246e-19	6.17246e-19	6.17246e-19	6.17246e-19	6.17246e-19	6.17246e-19	6.17246e-19	6.17246e-19	6.17246e-19	6.17246e-19	6.17246e-19	6.17246e-19	6.17246e-19	6.17246e-19	6.17246e-19	6.17246e-19	6.17246e-19	6.17246e-19	6.17246e-19	6.17246e-19	6.17246e-19	6.17246e-19	6.17246e-19	6.17246e-19	6.17246e-19	6.17246e-19	6.17246e-19	6.17246e-19	6.17246e-19	6.17246e-19	6.17246e-19	6.17246e-19	6.17246e-19	6.17246e-19	6.17246e-19	6.17246e-19	6.17246e-19	6.17246e-19	6.17246e-19	6.17246e-19	6.17246e-19	6.17246e-19	6.17246e-19	6.17246e-19	6.17246e-19	6.17246e-19	6.17246e-19	6.17246e-19	6.17246e-19	6.17246e-19	6.17246e-19	6.17246e-19	6.17246e-19	6.17246e-19	6.17246e-19	6.17246e-19	6.17246e-19	6.17246e-19	6.17246e-19	6.17246e-19	6.17246e-19	6.17246e-19	6.17246e-19	6.17246e-19	6.17246e-19	6.17246e-19	6.17246e-19	6.17246e-19	6.17246e-19	6.17246e-19	6.17246e-19	6.17246e-19	6.17246e-19	6.17246e-19	6.17246e-19	6.17246e-19	6.17246e-19	6.17246e-19	6.17246e-19	6.17246e-19	6.17246e-19	6.17246e-19	6.17246e-19	6.17246e-19	6.17246e-19	6.17246e-19	6.17246e-19	6.17246e-19	6.17246e-19	6.17246e-19	6.17246e-19
22.54	2.21678e-22	8.06850e-22	1.70470e-21	3.08295e-21	5.19977e-21	8.45295e-21	1.34561e-20	2.11570e-20	3.30217e-20	5.13221e-20	7.95855e-20	1.23302e-19	1.91041e-19	2.96217e-19	4.59916e-19	6.62354e-19	6.73879e-19	6.73905e-19	6.73905e-19	6.73905e-19	6.73905e-19	6.73905e-19	6.73905e-19	6.73905e-19	6.73905e-19	6.73905e-19	6.73905e-19	6.73905e-19	6.73905e-19	6.73905e-19	6.73905e-19	6.73905e-19	6.73905e-19	6.73905e-19	6.73905e-19	6.73905e-19	6.73905e-19	6.73905e-19	6.73905e-19	6.73905e-19	6.73905e-19	6.73905e-19	6.73905e-19	6.73905e-19	6.73905e-19	6.73905e-19	6.73905e-19	6.73905e-19	6.73905e-19	6.73905e-19	6.73905e-19	6.73905e-19	6.73905e-19	6.73905e-19	6.73905e-19	6.73905e-19	6.73905e-19	6.73905e-19	6.73905e-19	6.73905e-19	6.73905e-19	6.73905e-19	6.73905e-19	6.73905e-19	6.73905e-19	6.73905e-19	6.73905e-19	6.73905e-19	6.73905e-19	6.73905e-19	6.73905e-19	6.73905e-19	6.73905e-19	6.73905e-19	6.73905e-19	6.73905e-19	6.73905e-19	6.73905e-19	6.73905e-19	6.73905e-19	6.73905e-19	6.73905e-19	6.73905e-19	6.73905e-19	6.73905e-19	6.73905e-19	6.73905e-19	6.73905e-19	6.73905e-19	6.73905e-19	6.73905e-19	6.73905e-19	6.73905e-19	6.73905e-19	6.73905e-19	6.73905e-19	6.73905e-19	6.73905e-19	6.73905e-19	6.73905e-19	6.73905e-19	6.73905e-19	6.73905e-19	6.73905e-19	6.73905e-19	6.73905e-19	6.73905e-19	6.73905e-19	6.73905e-19	6.73905e-19	6.73905e-19	6.73905e-19	6.73905e-19	6.73905e-19	6.73905e-19	6.73905e-19	6.73905e-19	6.73905e-19	6.73905e-19	6.73905e-19	6.73905e-19	6.73905e-19	6.73905e-19	6.73905e-19	6.73905e-19	6.73905e-19	6.73905e-19	6.73905e-19	6.73905e-19	6.73905e-19	6.73905e-19	6.73905e-19	6.73905e-19
22.57	1.89490e-22	6.89694e-22	1.45718e-21	2.63530e-21	4.44476e-21	7.22557e-21	1.15023e-20	1.80850e-20	2.82269e-20	4.38700e-20	6.80296e-20	1.05399e-19	1.63302e-19	2.53206e-19	3.93135e-19	6.11538e-19	7.35339e-19	7.36290e-19	7.36292e-19	7.36292e-19	7.36292e-19	7.36292e-19	7.36292e-19	7.36292e-19	7.36292e-19	7.36292e-19	7.36292e-19	7.36292e-19	7.36292e-19	7.36292e-19	7.36292e-19	7.36292e-19	7.36292e-19	7.36292e-19	7.36292e-19	7.36292e-19	7.36292e-19	7.36292e-19	7.36292e-19	7.36292e-19	7.36292e-19	7.36292e-19	7.36292e-19	7.36292e-19	7.36292e-19	7.36292e-19	7.36292e-19	7.36292e-19	7.36292e-19	7.36292e-19	7.36292e-19	7.36292e-19	7.36292e-19	7.36292e-19	7.36292e-19	7.36292e-19	7.36292e-19	7.36292e-19	7.36292e-19	7.36292e-19	7.36292e-19	7.36292e-19	7.36292e-19	7.36292e-19	7.36292e-19	7.36292e-19	7.36292e-19	7.36292e-19	7.36292e-19	7.36292e-19	7.36292e-19	7.36292e-19	7.36292e-19	7.36292e-19	7.36292e-19	7.36292e-19	7.36292e-19	7.36292e-19	7.36292e-19	7.36292e-19	7.36292e-19	7.36292e-19	7.36292e-19	7.36292e-19	7.36292e-19	7.36292e-19	7.36292e-19	7.36292e-19	7.36292e-19	7.36292e-19	7.36292e-19	7.36292e-19	7.36292e-19	7.36292e-19	7.36292e-19	7.36292e-19	7.36292e-19	7.36292e-19	7.36292e-19	7.36292e-19	7.36292e-19	7.36292e-19	7.36292e-19	7.36292e-19	7.36292e-19	7.36292e-19	7.36292e-19	7.36292e-19	7.36292e-19	7.36292e-19	7.36292e-19	7.36292e-19	7.36292e-19	7.36292e-19	7.36292e-19	7.36292e-19	7.36292e-19	7.36292e-19	7.36292e-19	7.36292e-19	7.36292e-19	7.36292e-19	7.36292e-19	7.36292e-19	7.36292e-19	7.36292e-19	7.36292e-19	7.36292e-19	7.36292e-19	7.36292e-19	7.36292e-19	7.36292e-19	7.36292e-19
22.61	1.61976e-22	5.89550e-22	1.24559e-21	2.25265e-21	3.79937e-21	6.17640e-21	9.83211e-21	1.54590e-20	2.41283e-20	3.75000e-20	5.81516e-20	9.00946e-20	1.39590e-19	2.16440e-19	3.36051e-19	5.22742e-19	7.80569e-19	8.05037e-19	8.05101e-19	8.05101e-19	8.05101e-19	8.05101e-19	8.05101e-19	8.05101e-19	8.05101e-19	8.05101e-19	8.05101e-19	8.05101e-19	8.05101e-19	8.05101e-19	8.05101e-19	8.05101e-19	8.05101e-19	8.05101e-19	8.05101e-19	8.05101e-19	8.05101e-19	8.05101e-19	8.05101e-19	8.05101e-19	8.05101e-19	8.05101e-19	8.05101e-19	8.05101e-19	8.05101e-19	8.05101e-19	8.05101e-19	8.05101e-19	8.05101e-19	8.05101e-19	8.05101e-19	8.05101e-19	8.05101e-19	8.05101e-19	8.05101e-19	8.05101e-19	8.05101e-19	8.05101e-19	8.05101e-19	8.05101e-19	8.05101e-19	8.05101e-19	8.05101e-19	8.05101e-19	8.05101e-19	8.05101e-19	8.05101e-19	8.05101e-19	8.05101e-19	8.05101e-19	8.05101e-19	8.05101e-19	8.05101e-19	8.05101e-19	8.05101e-19	8.05101e-19	8.05101e-19	8.05101e-19	8.05101e-19	8.05101e-19	8.05101e-19	8.05101e-19	8.05101e-19	8.05101e-19	8.05101e-19	8.05101e-19	8.05101e-19	8.05101e-19	8.05101e-19	8.05101e-19	8.05101e-19	8.05101e-19	8.05101e-19	8.05101e-19	8.05101e-19	8.05101e-19	8.05101e-19	8.05101e-19	8.05101e-19	8.05101e-19	8.05101e-19	8.05101e-19	8.05101e-19	8.05101e-19	8.05101e-19	8.05101e-19	8.05101e-19	8.05101e-19	8.05101e-19	8.05101e-19	8.05101e-19	8.05101e-19	8.05101e-19	8.05101e-19	8.05101e-19	8.05101e-19	8.05101e-19	8.05101e-19	8.05101e-19	8.05101e-19	8.05101e-19	8.05101e-19	8.05101e-19	8.05101e-19	8.05101e-19	8.05101e-19	8.05101e-19	8.05101e-19	8.05101e-19	8.05101e-19	8.05101e-19	8.05101e-19	8.05101e-19
22.64	1.38457e-22	5.03946e-22	1.06473e-21	1.92556e-21	3.24770e-21	5.27958e-21	8.40448e-21	1.32143e-20	2.06249e-20	3.20550e-20	4.97079e-20	7.70127e-20	1.19321e-19	1.85013e-19	2.87256e-19	4.46839e-19	6.96746e-19	8.78942e-19	8.81132e-19	8.81136e-19	8.81136e-19	8.81136e-19	8.81136e-19	8.81136e-19	8.81136e-19	8.81136e-19	8.81136e-19	8.81136e-19	8.81136e-19	8.81136e-19	8.81136e-19	8.81136e-19	8.81136e-19	8.81136e-19	8.81136e-19	8.81136e-19	8.81136e-19	8.81136e-19	8.81136e-19	8.81136e-19	8.81136e-19	8.81136e-19	8.81136e-19	8.81136e-19	8.81136e-19	8.81136e-19	8.81136e-19	8.81136e-19	8.81136e-19	8.81136e-19	8.81136e-19	8.81136e-19	8.81136e-19	8.81136e-19	8.81136e-19	8.81136e-19	8.81136e-19	8.81136e-19	8.81136e-19	8.81136e-19	8.81136e-19	8.81136e-19	8.81136e-19	8.81136e-19	8.81136e-19	8.81136e-19	8.81136e-19	8.81136e-19	8.81136e-19	8.81136e-19	8.81136e-19	8.81136e-19	8.81136e-19	8.81136e-19	8.81136e-19	8.81136e-19	8.81136e-19	8.81136e-19	8.81136e-19	8.81136e-19	8.81136e-19	8.81136e-19	8.81136e-19	8.81136e-19	8.81136e-19	8.81136e-19	8.81136e-19	8.81136e-19	8.81136e-19	8.81136e-19	8.81136e-19	8.81136e-19	8.81136e-19	8.81136e-19	8.81136e-19	8.81136e-19	8.81136e-19	8.81136e-19	8.81136e-19	8.81136e-19	8.81136e-19	8.81136e-19	8.81136e-19	8.81136e-19	8.81136e-19	8.81136e-19	8.81136e-19	8.81136e-19	8.81136e-19	8.81136e-19	8.81136e-19	8.81136e-19	8.81136e-19	8.81136e-19	8.81136e-19	8.81136e-19	8.81136e-19	8.81136e-19	8.81136e-19	8.81136e-19	8.81136e-19	8.81136e-19	8.81136e-19	8.81136e-19	8.81136e-19	8.81136e-19	8.81136e-19	8.81136e-19	8.81136e-19	8.81136e-19	8.81136e-19	8.81136e-19	8.81136e-19
22.67	1.18352e-22	4.30772e-22	9.10131e-22	1.64597e-21	2.77613e-21	4.51298e-21	7.18413e-21	1.12956e-20	1.76301e-20	2.74005e-20	4.24902e-20	6.58304e-20	1.01996e-19	1.58149e-19	2.45546e-19	3.81957e-19	5.95577e-19	9.14964e-19	9.65164e-19	9.65320e-19	9.65320e-19	9.65320e-19	9.65320e-19	9.65320e-19	9.65320e-19	9.65320e-19	9.65320e-19	9.65320e-19	9.65320e-19	9.65320e-19	9.65320e-19	9.65320e-19	9.65320e-19	9.65320e-19	9.65320e-19	9.65320e-19	9.65320e-19	9.65320e-19	9.65320e-19	9.65320e-19	9.65320e-19	9.65320e-19	9.65320e-19	9.65320e-19	9.65320e-19	9.65320e-19	9.65320e-19	9.65320e-19	9.65320e-19	9.65320e-19	9.65320e-19	9.65320e-19	9.65320e-19	9.65320e-19	9.65320e-19	9.65320e-19	9.65320e-19	9.65320e-19	9.65320e-19	9.65320e-19	9.65320e-19	9.65320e-19	9.65320e-19	9.65320e-19	9.65320e-19	9.65320e-19	9.65320e-19	9.65320e-19	9.65320e-19	9.65320e-19	9.65320e-19	9.65320e-19	9.65320e-19	9.65320e-19	9.65320e-19	9.65320e-19	9.65320e-19	9.65320e-19	9.65320e-19	9.65320e-19	9.65320e-19	9.65320e-19	9.65320e-19	9.65320e-19	9.65320e-19	9.65320e-19	9.65320e-19	9.65320e-19	9.65320e-19	9.65320e-19	9.65320e-19	9.65320e-19	9.65320e-19	9.65320e-19	9.65320e-19	9.65320e-19	9.65320e-19	9.65320e-19	9.65320e-19	9.65320e-19	9.65320e-19	9.65320e-19	9.65320e-19	9.65320e-19	9.65320e-19	9.65320e-19	9.65320e-19	9.65320e-19	9.65320e-19	9.65320e-19	9.65320e-19	9.65320e-19	9.65320e-19	9.65320e-19	9.65320e-19	9.65320e-19	9.65320e-19	9.65320e-19	9.65320e-19	9.65320e-19	9.65320e-19	9.65320e-19	9.65320e-19	9.65320e-19	9.65320e-19	9.65320e-19	9.65320e-19	9.65320e-19	9.65320e-19	9.65320e-19	9.65320e-19	9.65320e-19	9.65320e-19
22.71	1.01167e-22	3.68224e-22	7.77978e-22	1.40697e-21	2.37303e-21	3.85769e-21	6.14099e-21	9.65546e-21	1.50702e-20	2.34219e-20	3.63206e-20	5.62717e-20	8.71857e-20	1.35185e-19	2.09892e-19	3.26496e-19	5.09098e-19	7.96174e-19	1.05371e-18	1.05872e-18	1.05873e-18	1.05873e-18	1.05873e-18	1.05873e-18	1.05873e-18	1.05873e-18	1.05873e-18	1.05873e-18	1.05873e-18	1.05873e-18	1.05873e-18	1.05873e-18	1.05873e-18	1.05873e-18	1.05873e-18	1.05873e-18	1.05873e-18	1.05873e-18	1.05873e-18	1.05873e-18	1.05873e-18	1.05873e-18	1.05873e-18	1.05873e-18	1.05873e-18	1.05873e-18	1.05873e-18	1.05873e-18	1.05873e-18	1.05873e-18	1.05873e-18	1.05873e-18	1.05873e-18	1.05873e-18	1.05873e-18	1.05873e-18	1.05873e-18	1.05873e-18	1.05873e-18	1.05873e-18	1.05873e-18	1.05873e-18	1.05873e-18	1.05873e-18	1.05873e-18	1.05873e-18	1.05873e-18	1.05873e-18	1.05873e-18	1.05873e-18	1.05873e-18	1.05873e-18	1.05873e-18	1.05873e-18	1.05873e-18	1.05873e-18	1.05873e-18	1.05873e-18	1.05873e-18	1.05873e-18	1.05873e-18	1.05873e-18	1.05873e-18	1.05873e-18	1.05873e-18	1.05873e-18	1.05873e-18	1.05873e-18	1.05873e-18	1.05873e-18	1.05873e-18	1.05873e-18	1.05873e-18	1.05873e-18	1.05873e-18	1.05873e-18	1.05873e-18	1.05873e-18	1.05873e-18	1.05873e-18	1.05873e-18	1.05873e-18	1.05873e-18	1.05873e-18	1.05873e-18	1.05873e-18	1.05873e-18	1.05873e-18	1.05873e-18	1.05873e-18	1.05873e-18	1.05873e-18	1.05873e-18	1.05873e-18	1.05873e-18	1.05873e-18	1.05873e-18	1.05873e-18	1.05873e-18	1.05873e-18	1.05873e-18	1.05873e-18	1.05873e-18	1.05873e-18	1.05873e-18	1.05873e-18	1.05873e-18	1.05873e-18	1.05873e-18	1.05873e-18	1.05873e-18	1.05873e-18	1.05873e-18
22.74	8.64778e-23	3.14757e-22	6.65015e-22	1.20268e-21	2.02846e-21	3.29754e-21	5.24931e-21	8.25347e-21	1.28820e-20	2.00210e-20	3.10468e-20	4.81010e-20	7.45262e-20	1.15556e-19	1.79416e-19	2.79089e-19	4.35176e-19	6.80568e-19	1.06439e-18	1.16223e-18	1.16261e-18	1.16261e-18	1.16261e-18	1.16261e-18	1.16261e-18	1.16261e-18	1.16261e-18	1.16261e-18	1.16261e-18	1.16261e-18	1.16261e-18	1.16261e-18	1.16261e-18	1.16261e-18	1.16261e-18	1.16261e-18	1.16261e-18	1.16261e-18	1.16261e-18	1.16261e-18	1.16261e-18	1.16261e-18	1.16261e-18	1.16261e-18	1.16261e-18	1.16261e-18	1.16261e-18	1.16261e-18	1.16261e-18	1.16261e-18	1.16261e-18	1.16261e-18	1.16261e-18	1.16261e-18	1.16261e-18	1.16261e-18	1.16261e-18	1.16261e-18	1.16261e-18	1.16261e-18	1.16261e-18	1.16261e-18	1.16261e-18	1.16261e-18	1.16261e-18	1.16261e-18	1.16261e-18	1.16261e-18	1.16261e-18	1.16261e-18	1.16261e-18	1.16261e-18	1.16261e-18	1.16261e-18	1.16261e-18	1.16261e-18	1.16261e-18	1.16261e-18	1.16261e-18	1.16261e-18	1.16261e-18	1.16261e-18	1.16261e-18	1.16261e-18	1.16261e-18	1.16261e-18	1.16261e-18	1.16261e-18	1.16261e-18	1.16261e-18	1.16261e-18	1.16261e-18	1.16261e-18	1.16261e-18	1.16261e-18	1.16261e-18	1.16261e-18	1.16261e-18	1.16261e-18	1.16261e-18	1.16261e-18	1.16261e-18	1.16261e-18	1.16261e-18	1.16261e-18	1.16261e-18	1.16261e-18	1.16261e-18	1.16261e-18	1.16261e-18	1.16261e-18	1.16261e-18	1.16261e-18	1.16261e-18	1.16261e-18	1.16261e-18	1.16261e-18	1.16261e-18	1.16261e-18	1.16261e-18	1.16261e-18	1.16261e-18	1.16261e-18	1.16261e-18	1.16261e-18	1.16261e-18	1.16261e-18	1.16261e-18	1.16261e-18	1.16261e-18	1.16261e-18	1.16261e-18	1.16261e-18
22.78	7.39211e-23	2.69054e-22	5.68454e-22	1.02805e-21	1.73392e-21	2.81874e-21	4.48710e-21	7.05505e-21	1.10115e-20	1.71140e-20	2.65387e-20	4.11166e-20	6.37049e-20	9.87772e-20	1.53364e-19	2.38565e-19	3.71988e-19	5.81749e-19	9.13054e-19	1.26705e-18	1.27840e-18	1.27843e-18	1.27843e-18	1.27843e-18	1.27843e-18	1.27843e-18	1.27843e-18	1.27843e-18	1.27843e-18	1.27843e-18	1.27843e-18	1.27843e-18	1.27843e-18	1.27843e-18	1.27843e-18	1.27843e-18	1.27843e-18	1.27843e-18	1.27843e-18	1.27843e-18	1.27843e-18	1.27843e-18	1.27843e-18	1.27843e-18	1.27843e-18	1.27843e-18	1.27843e-18	1.27843e-18	1.27843e-18	1.27843e-18	1.27843e-18	1.27843e-18	1.27843e-18	1.27843e-18	1.27843e-18	1.27843e-18	1.27843e-18	1.27843e-18	1.27843e-18	1.27843e-18	1.27843e-18	1.27843e-18	1.27843e-18	1.27843e-18	1.27843e-18	1.27843e-18	1.27843e-18	1.27843e-18	1.27843e-18	1.27843e-18	1.27843e-18	1.27843e-18	1.27843e-18	1.27843e-18	1.27843e-18	1.27843e-18	1.27843e-18	1.27843e-18	1.27843e-18	1.27843e-18	1.27843e-18	1.27843e-18	1.27843e-18	1.27843e-18	1.27843e-18	1.27843e-18	1.27843e-18	1.27843e-18	1.27843e-18	1.27843e-18	1.27843e-18	1.27843e-18	1.27843e-18	1.27843e-18	1.27843e-18	1.27843e-18	1.27843e-18	1.27843e-18	1.27843e-18	1.27843e-18	1.27843e-18	1.27843e-18	1.27843e-18	1.27843e-18	1.27843e-18	1.27843e-18	1.27843e-18	1.27843e-18	1.27843e-18	1.27843e-18	1.27843e-18	1.27843e-18	1.27843e-18	1.27843e-18	1.27843e-18	1.27843e-18	1.27843e-18	1.27843e-18	1.27843e-18	1.27843e-18	1.27843e-18	1.27843e-18	1.27843e-18	1.27843e-18	1.27843e-18	1.27843e-18	1.27843e-18	1.27843e-18	1.27843e-18	1.27843e-18	1.27843e-18	1.27843e-18	1.27843e-18
22.81	6.31876e-23	2.29987e-22	4.85913e-22	8.78773e-22	1.48216e-21	2.40945e-21	3.83556e-21	6.03065e-21	9.41260e-21	1.46290e-20	2.26853e-20	3.51464e-20	5.44548e-20	8.44346e-20	1.31096e-19	2.03925e-19	3.17975e-19	4.97278e-19	7.80477e-19	1.23024e-18	1.40702e-18	1.40792e-18	1.40792e-18	1.40792e-18	1.40792e-18	1.40792e-18	1.40792e-18	1.40792e-18	1.40792e-18	1.40792e-18	1.40792e-18	1.40792e-18	1.40792e-18	1.40792e-18	1.40792e-18	1.40792e-18	1.40792e-18	1.40792e-18	1.40792e-18	1.40792e-18	1.40792e-18	1.40792e-18	1.40792e-18	1.40792e-18	1.40792e-18	1.40792e-18	1.40792e-18	1.40792e-18	1.40792e-18	1.40792e-18	1.40792e-18	1.40792e-18	1.40792e-18	1.40792e-18	1.40792e-18	1.40792e-18	1.40792e-18	1.40792e-18	1.40792e-18	1.40792e-18	1.40792e-18	1.40792e-18	1.40792e-18	1.40792e-18	1.40792e-18	1.40792e-18	1.40792e-18	1.40792e-18	1.40792e-18	1.40792e-18	1.40792e-18	1.40792e-18	1.40792e-18	1.40792e-18	1.40792e-18	1.40792e-18	1.40792e-18	1.40792e-18	1.40792e-18	1.40792e-18	1.40792e-18	1.40792e-18	1.40792e-18	1.40792e-18	1.40792e-18	1.40792e-18	1.40792e-18	1.40792e-18	1.40792e-18	1.40792e-18	1.40792e-18	1.40792e-18	1.40792e-18	1.40792e-18	1.40792e-18	1.40792e-18	1.40792e-18	1.40792e-18	1.40792e-18	1.40792e-18	1.40792e-18	1.40792e-18	1.40792e-18	1.40792e-18	1.40792e-18	1.40792e-18	1.40792e-18	1.40792e-18	1.40792e-18	1.40792e-18	1.40792e-18	1.40792e-18	1.40792e-18	1.40792e-18	1.40792e-18	1.40792e-18	1.40792e-18	1.40792e-18	1.40792e-18	1.40792e-18	1.40792e-18	1.40792e-18	1.40792e-18	1.40792e-18	1.40792e-18	1.40792e-18	1.40792e-18	1.40792e-18	1.40792e-18	1.40792e-18	1.40792e-18	1.40792e-18	1.40792e-18
22.84	5.40127e-23	1.96592e-22	4.15358e-22	7.51174e-22	1.26694e-21	2.05960e-21	3.27863e-21	5.15499e-21	8.04588e-21	1.25048e-20	1.93913e-20	3.00431e-20	4.65479e-20	7.21745e-20	1.12060e-19	1.74314e-19	2.71804e-19	4.25072e-19	6.67151e-19	1.05162e-18	1.52764e-18	1.55308e-18	1.55314e-18	1.55314e-18	1.55314e-18	1.55314e-18	1.55314e-18	1.55314e-18	1.55314e-18	1.55314e-18	1.55314e-18	1.55314e-18	1.55314e-18	1.55314e-18	1.55314e-18	1.55314e-18	1.55314e-18	1.55314e-18	1.55314e-18	1.55314e-18	1.55314e-18	1.55314e-18	1.55314e-18	1.55314e-18	1.55314e-18	1.55314e-18	1.55314e-18	1.55314e-18	1.55314e-18	1.55314e-18	1.55314e-18	1.55314e-18	1.55314e-18	1.55314e-18	1.55314e-18	1.55314e-18	1.55314e-18	1.55314e-18	1.55314e-18	1.55314e-18	1.55314e-18	1.55314e-18	1.55314e-18	1.55314e-18	1.55314e-18	1.55314e-18	1.55314e-18	1.55314e-18	1.55314e-18	1.55314e-18	1.55314e-18	1.55314e-18	1.55314e-18	1.55314e-18	1.55314e-18	1.55314e-18	1.55314e-18	1.55314e-18	1.55314e-18	1.55314e-18	1.55314e-18	1.55314e-18	1.55314e-18	1.55314e-18	1.55314e-18	1.55314e-18	1.55314e-18	1.55314e-18	1.55314e-18	1.55314e-18	1.55314e-18	1.55314e-18	1.55314e-18	1.55314e-18	1.55314e-18	1.55314e-18	1.55314e-18	1.55314e-18	1.55314e-18	1.55314e-18	1.55314e-18	1.55314e-18	1.55314e-18	1.55314e-18	1.55314e-18	1.55314e-18	1.55314e-18	1.55314e-18	1.55314e-18	1.55314e-18	1.55314e-18	1.55314e-18	1.55314e-18	1.55314e-18	1.55314e-18	1.55314e-18	1.55314e-18	1.55314e-18	1.55314e-18	1.55314e-18	1.55314e-18	1.55314e-18	1.55314e-18	1.55314e-18	1.55314e-18	1.55314e-18	1.55314e-18	1.55314e-18	1.55314e-18	1.55314e-18	1.55314e-18	1.55314e-18	1.55314e-18
22.88	4.61700e-23	1.68047e-22	3.55047e-22	6.42102e-22	1.08298e-21	1.76054e-21	2.80257e-21	4.40648e-21	6.87760e-21	1.06891e-20	1.65757e-20	2.56808e-20	3.97891e-20	6.16947e-20	9.57889e-20	1.49004e-19	2.32338e-19	3.63351e-19	5.70280e-19	8.98920e-19	1.42432e-18	1.71439e-18	1.71653e-18	1.71653e-18	1.71653e-18	1.71653e-18	1.71653e-18	1.71653e-18	1.71653e-18	1.71653e-18	1.71653e-18	1.71653e-18	1.71653e-18	1.71653e-18	1.71653e-18	1.71653e-18	1.71653e-18	1.71653e-18	1.71653e-18	1.71653e-18	1.71653e-18	1.71653e-18	1.71653e-18	1.71653e-18	1.71653e-18	1.71653e-18	1.71653e-18	1.71653e-18	1.71653e-18	1.71653e-18	1.71653e-18	1.71653e-18	1.71653e-18	1.71653e-18	1.71653e-18	1.71653e-18	1.71653e-18	1.71653e-18	1.71653e-18	1.71653e-18	1.71653e-18	1.71653e-18	1.71653e-18	1.71653e-18	1.71653e-18	1.71653e-18	1.71653e-18	1.71653e-18	1.71653e-18	1.71653e-18	1.71653e-18	1.71653e-18	1.71653e-18	1.71653e-18	1.71653e-18	1.71653e-18	1.71653e-18	1.71653e-18	1.71653e-18	1.71653e-18	1.71653e-18	1.71653e-18	1.71653e-18	1.71653e-18	1.71653e-18	1.71653e-18	1.71653e-18	1.71653e-18	1.71653e-18	1.71653e-18	1.71653e-18	1.71653e-18	1.71653e-18	1.71653e-18	1.71653e-18	1.71653e-18	1.71653e-18	1.71653e-18	1.71653e-18	1.71653e-18	1.71653e-18	1.71653e-18	1.71653e-18	1.71653e-18	1.71653e-18	1.71653e-18	1.71653e-18	1.71653e-18	1.71653e-18	1.71653e-18	1.71653e-18	1.71653e-18	1.71653e-18	1.71653e-18	1.71653e-18	1.71653e-18	1.71653e-18	1.71653e-18	1.71653e-18	1.71653e-18	1.71653e-18	1.71653e-18	1.71653e-18	1.71653e-18	1.71653e-18	1.71653e-18	1.71653e-18	1.71653e-18	1.71653e-18	1.71653e-18	1.71653e-18	1.71653e-18	1.71653e-18
22.91	3.94660e-23	1.43646e-22	3.03494e-22	5.48868e-22	9.25732e-22	1.50491e-21	2.39563e-21	3.76665e-21	5.87896e-21	9.13703e-21	1.41689e-20	2.19519e-20	3.40116e-20	5.27365e-20	8.18802e-20	1.27368e-19	1.98602e-19	3.10592e-19	4.87474e-19	7.68395e-19	1.21751e-18	1.84485e-18	1.90091e-18	1.90106e-18	1.90107e-18	1.90107e-18	1.90107e-18	1.90107e-18	1.90107e-18	1.90107e-18	1.90107e-18	1.90107e-18	1.90107e-18	1.90107e-18	1.90107e-18	1.90107e-18	1.90107e-18	1.90107e-18	1.90107e-18	1.90107e-18	1.90107e-18	1.90107e-18	1.90107e-18	1.90107e-18	1.90107e-18	1.90107e-18	1.90107e-18	1.90107e-18	1.90107e-18	1.90107e-18	1.90107e-18	1.90107e-18	1.90107e-18	1.90107e-18	1.90107e-18	1.90107e-18	1.90107e-18	1.90107e-18	1.90107e-18	1.90107e-18	1.90107e-18	1.90107e-18	1.90107e-18	1.90107e-18	1.90107e-18	1.90107e-18	1.90107e-18	1.90107e-18	1.90107e-18	1.90107e-18	1.90107e-18	1.90107e-18	1.90107e-18	1.90107e-18	1.90107e-18	1.90107e-18	1.90107e-18	1.90107e-18	1.90107e-18	1.90107e-18	1.90107e-18	1.90107e-18	1.90107e-18	1.90107e-18	1.90107e-18	1.90107e-18	1.90107e-18	1.90107e-18	1.90107e-18	1.90107e-18	1.90107e-18	1.90107e-18	1.90107e-18	1.90107e-18	1.90107e-18	1.90107e-18	1.90107e-18	1.90107e-18	1.90107e-18	1.90107e-18	1.90107e-18	1.90107e-18	1.90107e-18	1.90107e-18	1.90107e-18	1.90107e-18	1.90107e-18	1.90107e-18	1.90107e-18	1.90107e-18	1.90107e-18	1.90107e-18	1.90107e-18	1.90107e-18	1.90107e-18	1.90107e-18	1.90107e-18	1.90107e-18	1.90107e-18	1.90107e-18	1.90107e-18	1.90107e-18	1.90107e-18	1.90107e-18	1.90107e-18	1.90107e-18	1.90107e-18	1.90107e-18	1.90107e-18	1.90107e-18	1.90107e-18	1.90107e-18	1.90107e-18
22.95	3.37355e-23	1.22788e-22	2.59426e-22	4.69172e-22	7.91314e-22	1.28639e-21	2.04778e-21	3.21973e-21	5.02533e-21	7.81032e-21	1.21115e-20	1.87645e-20	2.90731e-20	4.50791e-20	6.99911e-20	1.08874e-19	1.69765e-19	2.65494e-19	4.16692e-19	6.56823e-19	1.04072e-18	1.65937e-18	2.10516e-18	2.11030e-18	2.11031e-18	2.11031e-18	2.11031e-18	2.11031e-18	2.11031e-18	2.11031e-18	2.11031e-18	2.11031e-18	2.11031e-18	2.11031e-18	2.11031e-18	2.11031e-18	2.11031e-18	2.11031e-18	2.11031e-18	2.11031e-18	2.11031e-18	2.11031e-18	2.11031e-18	2.11031e-18	2.11031e-18	2.11031e-18	2.11031e-18	2.11031e-18	2.11031e-18	2.11031e-18	2.11031e-18	2.11031e-18	2.11031e-18	2.11031e-18	2.11031e-18	2.11031e-18	2.11031e-18	2.11031e-18	2.11031e-18	2.11031e-18	2.11031e-18	2.11031e-18	2.11031e-18	2.11031e-18	2.11031e-18	2.11031e-18	2.11031e-18	2.11031e-18	2.11031e-18	2.11031e-18	2.11031e-18	2.11031e-18	2.11031e-18	2.11031e-18	2.11031e-18	2.11031e-18	2.11031e-18	2.11031e-18	2.11031e-18	2.11031e-18	2.11031e-18	2.11031e-18	2.11031e-18	2.11031e-18	2.11031e-18	2.11031e-18	2.11031e-18	2.11031e-18	2.11031e-18	2.11031e-18	2.11031e-18	2.11031e-18	2.11031e-18	2.11031e-18	2.11031e-18	2.11031e-18	2.11031e-18	2.11031e-18	2.11031e-18	2.11031e-18	2.11031e-18	2.11031e-18	2.11031e-18	2.11031e-18	2.11031e-18	2.11031e-18	2.11031e-18	2.11031e-18	2.11031e-18	2.11031e-18	2.11031e-18	2.11031e-18	2.11031e-18	2.11031e-18	2.11031e-18	2.11031e-18	2.11031e-18	2.11031e-18	2.11031e-18	2.11031e-18	2.11031e-18	2.11031e-18	2.11031e-18	2.11031e-18	2.11031e-18	2.11031e-18	2.11031e-18	2.11031e-18	2.11031e-18	2.11031e-18	2.11031e-18	2.11031e-18	2.11031e-18
22.98	2.88370e-23	1.04959e-22	2.21757e-22	4.01047e-22	6.76414e-22	1.09961e-21	1.75044e-21	2.75222e-21	4.29564e-21	6.67625e-21	1.03529e-20	1.60398e-20	2.48516e-20	3.85335e-20	5.98283e-20	9.30654e-20	1.45115e-19	2.26944e-19	3.56188e-19	5.61451e-19	8.89607e-19	1.41842e-18	2.22780e-18	2.34828e-18	2.34866e-18	2.34866e-18	2.34866e-18	2.34866e-18	2.34866e-18	2.34866e-18	2.34866e-18	2.34866e-18	2.34866e-18	2.34866e-18	2.34866e-18	2.34866e-18	2.34866e-18	2.34866e-18	2.34866e-18	2.34866e-18	2.34866e-18	2.34866e-18	2.34866e-18	2.34866e-18	2.34866e-18	2.34866e-18	2.34866e-18	2.34866e-18	2.34866e-18	2.34866e-18	2.34866e-18	2.34866e-18	2.34866e-18	2.34866e-18	2.34866e-18	2.34866e-18	2.34866e-18	2.34866e-18	2.34866e-18	2.34866e-18	2.34866e-18	2.34866e-18	2.34866e-18	2.34866e-18	2.34866e-18	2.34866e-18	2.34866e-18	2.34866e-18	2.34866e-18	2.34866e-18	2.34866e-18	2.34866e-18	2.34866e-18	2.34866e-18	2.34866e-18	2.34866e-18	2.34866e-18	2.34866e-18	2.34866e-18	2.34866e-18	2.34866e-18	2.34866e-18	2.34866e-18	2.34866e-18	2.34866e-18	2.34866e-18	2.34866e-18	2.34866e-18	2.34866e-18	2.34866e-18	2.34866e-18	2.34866e-18	2.34866e-18	2.34866e-18	2.34866e-18	2.34866e-18	2.34866e-18	2.34866e-18	2.34866e-18	2.34866e-18	2.34866e-18	2.34866e-18	2.34866e-18	2.34866e-18	2.34866e-18	2.34866e-18	2.34866e-18	2.34866e-18	2.34866e-18	2.34866e-18	2.34866e-18	2.34866e-18	2.34866e-18	2.34866e-18	2.34866e-18	2.34866e-18	2.34866e-18	2.34866e-18	2.34866e-18	2.34866e-18	2.34866e-18	2.34866e-18	2.34866e-18	2.34866e-18	2.34866e-18	2.34866e-18	2.34866e-18	2.34866e-18	2.34866e-18	2.34866e-18	2.34866e-18	2.34866e-18	2.34866e-18
23.01	2.46499e-23	8.97191e-23	1.89558e-22	3.42814e-22	5.78198e-22	9.39941e-22	1.49628e-21	2.35259e-21	3.67191e-21	5.70685e-21	8.84966e-21	1.37108e-20	2.12431e-20	3.29384e-20	5.11411e-20	7.95522e-20	1.24044e-19	1.93991e-19	3.04469e-19	4.79928e-19	7.60435e-19	1.21247e-18	1.94798e-18	2.60915e-18	2.62150e-18	2.62152e-18	2.62152e-18	2.62152e-18	2.62152e-18	2.62152e-18	2.62152e-18	2.62152e-18	2.62152e-18	2.62152e-18	2.62152e-18	2.62152e-18	2.62152e-18	2.62152e-18	2.62152e-18	2.62152e-18	2.62152e-18	2.62152e-18	2.62152e-18	2.62152e-18	2.62152e-18	2.62152e-18	2.62152e-18	2.62152e-18	2.62152e-18	2.62152e-18	2.62152e-18	2.62152e-18	2.62152e-18	2.62152e-18	2.62152e-18	2.62152e-18	2.62152e-18	2.62152e-18	2.62152e-18	2.62152e-18	2.62152e-18	2.62152e-18	2.62152e-18	2.62152e-18	2.62152e-18	2.62152e-18	2.62152e-18	2.62152e-18	2.62152e-18	2.62152e-18	2.62152e-18	2.62152e-18	2.62152e-18	2.62152e-18	2.62152e-18	2.62152e-18	2.62152e-18	2.62152e-18	2.62152e-18	2.62152e-18	2.62152e-18	2.62152e-18	2.62152e-18	2.62152e-18	2.62152e-18	2.62152e-18	2.62152e-18	2.62152e-18	2.62152e-18	2.62152e-18	2.62152e-18	2.62152e-18	2.62152e-18	2.62152e-18	2.62152e-18	2.62152e-18	2.62152e-18	2.62152e-18	2.62152e-18	2.62152e-18	2.62152e-18	2.62152e-18	2.62152e-18	2.62152e-18	2.62152e-18	2.62152e-18	2.62152e-18	2.62152e-18	2.62152e-18	2.62152e-18	2.62152e-18	2.62152e-18	2.62152e-18	2.62152e-18	2.62152e-18	2.62152e-18	2.62152e-18	2.62152e-18	2.62152e-18	2.62152e-18	2.62152e-18	2.62152e-18	2.62152e-18	2.62152e-18	2.62152e-18	2.62152e-18	2.62152e-18	2.62152e-18	2.62152e-18	2.62152e-18	2.62152e-18	2.62152e-18	2.62152e-18
23.05	2.10707e-23	7.66918e-23	1.62033e-22	2.93037e-22	4.94243e-22	8.03460e-22	1.27901e-21	2.01099e-21	3.13874e-21	4.87821e-21	7.56467e-21	1.17200e-20	1.81586e-20	2.81557e-20	4.37153e-20	6.80011e-20	1.06032e-19	1.65823e-19	2.60259e-19	4.10241e-19	6.50018e-19	1.03641e-18	1.66513e-18	2.68566e-18	2.93468e-18	2.93565e-18	2.93565e-18	2.93565e-18	2.93565e-18	2.93565e-18	2.93565e-18	2.93565e-18	2.93565e-18	2.93565e-18	2.93565e-18	2.93565e-18	2.93565e-18	2.93565e-18	2.93565e-18	2.93565e-18	2.93565e-18	2.93565e-18	2.93565e-18	2.93565e-18	2.93565e-18	2.93565e-18	2.93565e-18	2.93565e-18	2.93565e-18	2.93565e-18	2.93565e-18	2.93565e-18	2.93565e-18	2.93565e-18	2.93565e-18	2.93565e-18	2.93565e-18	2.93565e-18	2.93565e-18	2.93565e-18	2.93565e-18	2.93565e-18	2.93565e-18	2.93565e-18	2.93565e-18	2.93565e-18	2.93565e-18	2.93565e-18	2.93565e-18	2.93565e-18	2.93565e-18	2.93565e-18	2.93565e-18	2.93565e-18	2.93565e-18	2.93565e-18	2.93565e-18	2.93565e-18	2.93565e-18	2.93565e-18	2.93565e-18	2.93565e-18	2.93565e-18	2.93565e-18	2.93565e-18	2.93565e-18	2.93565e-18	2.93565e-18	2.93565e-18	2.93565e-18	2.93565e-18	2.93565e-18	2.93565e-18	2.93565e-18	2.93565e-18	2.93565e-18	2.93565e-18	2.93565e-18	2.93565e-18	2.93565e-18	2.93565e-18	2.93565e-18	2.93565e-18	2.93565e-18	2.93565e-18	2.93565e-18	2.93565e-18	2.93565e-18	2.93565e-18	2.93565e-18	2.93565e-18	2.93565e-18	2.93565e-18	2.93565e-18	2.93565e-18	2.93565e-18	2.93565e-18	2.93565e-18	2.93565e-18	2.93565e-18	2.93565e-18	2.93565e-18	2.93565e-18	2.93565e-18	2.93565e-18	2.93565e-18	2.93565e-18	2.93565e-18	2.93565e-18	2.93565e-18	2.93565e-18	2.93565e-18	2.93565e-18
23.08	1.80112e-23	6.55560e-23	1.38506e-22	2.50488e-22	4.22478e-22	6.86796e-22	1.09330e-21	1.71899e-21	2.68299e-21	4.16988e-21	6.46627e-21	1.00182e-20	1.55219e-20	2.40674e-20	3.73678e-20	5.81272e-20	9.06364e-20	1.41745e-19	2.22469e-19	3.50674e-19	5.55635e-19	8.85925e-19	1.42335e-18	2.30824e-18	3.26977e-18	3.29950e-18	3.29957e-18	3.29957e-18	3.29957e-18	3.29957e-18	3.29957e-18	3.29957e-18	3.29957e-18	3.29957e-18	3.29957e-18	3.29957e-18	3.29957e-18	3.29957e-18	3.29957e-18	3.29957e-18	3.29957e-18	3.29957e-18	3.29957e-18	3.29957e-18	3.29957e-18	3.29957e-18	3.29957e-18	3.29957e-18	3.29957e-18	3.29957e-18	3.29957e-18	3.29957e-18	3.29957e-18	3.29957e-18	3.29957e-18	3.29957e-18	3.29957e-18	3.29957e-18	3.29957e-18	3.29957e-18	3.29957e-18	3.29957e-18	3.29957e-18	3.29957e-18	3.29957e-18	3.29957e-18	3.29957e-18	3.29957e-18	3.29957e-18	3.29957e-18	3.29957e-18	3.29957e-18	3.29957e-18	3.29957e-18	3.29957e-18	3.29957e-18	3.29957e-18	3.29957e-18	3.29957e-18	3.29957e-18	3.29957e-18	3.29957e-18	3.29957e-18	3.29957e-18	3.29957e-18	3.29957e-18	3.29957e-18	3.29957e-18	3.29957e-18	3.29957e-18	3.29957e-18	3.29957e-18	3.29957e-18	3.29957e-18	3.29957e-18	3.29957e-18	3.29957e-18	3.29957e-18	3.29957e-18	3.29957e-18	3.29957e-18	3.29957e-18	3.29957e-18	3.29957e-18	3.29957e-18	3.29957e-18	3.29957e-18	3.29957e-18	3.29957e-18	3.29957e-18	3.29957e-18	3.29957e-18	3.29957e-18	3.29957e-18	3.29957e-18	3.29957e-18	3.29957e-18	3.29957e-18	3.29957e-18	3.29957e-18	3.29957e-18	3.29957e-18	3.29957e-18	3.29957e-18	3.29957e-18	3.29957e-18	3.29957e-18	3.29957e-18	3.29957e-18	3.29957e-18	3.29957e-18	3.29957e-18	3.29957e-18
23.12	1.53959e-23	5.60372e-23	1.18395e-22	2.14117e-22	3.61133e-22	5.87072e-22	9.34551e-22	1.46939e-21	2.29342e-21	3.56441e-21	5.52736e-21	8.56357e-21	1.32681e-20	2.05728e-20	3.19419e-20	4.96870e-20	7.74759e-20	1.21164e-19	1.90166e-19	2.99755e-19	4.74956e-19	7.57287e-19	1.21668e-18	1.97308e-18	3.23668e-18	3.72167e-18	3.72416e-18	3.72417e-18	3.72417e-18	3.72417e-18	3.72417e-18	3.72417e-18	3.72417e-18	3.72417e-18	3.72417e-18	3.72417e-18	3.72417e-18	3.72417e-18	3.72417e-18	3.72417e-18	3.72417e-18	3.72417e-18	3.72417e-18	3.72417e-18	3.72417e-18	3.72417e-18	3.72417e-18	3.72417e-18	3.72417e-18	3.72417e-18	3.72417e-18	3.72417e-18	3.72417e-18	3.72417e-18	3.72417e-18	3.72417e-18	3.72417e-18	3.72417e-18	3.72417e-18	3.72417e-18	3.72417e-18	3.72417e-18	3.72417e-18	3.72417e-18	3.72417e-18	3.72417e-18	3.72417e-18	3.72417e-18	3.72417e-18	3.72417e-18	3.72417e-18	3.72417e-18	3.72417e-18	3.72417e-18	3.72417e-18	3.72417e-18	3.72417e-18	3.72417e-18	3.72417e-18	3.72417e-18	3.72417e-18	3.72417e-18	3.72417e-18	3.72417e-18	3.72417e-18	3.72417e-18	3.72417e-18	3.72417e-18	3.72417e-18	3.72417e-18	3.72417e-18	3.72417e-18	3.72417e-18	3.72417e-18	3.72417e-18	3.72417e-18	3.72417e-18	3.72417e-18	3.72417e-18	3.72417e-18	3.72417e-18	3.72417e-18	3.72417e-18	3.72417e-18	3.72417e-18	3.72417e-18	3.72417e-18	3.72417e-18	3.72417e-18	3.72417e-18	3.72417e-18	3.72417e-18	3.72417e-18	3.72417e-18	3.72417e-18	3.72417e-18	3.72417e-18	3.72417e-18	3.72417e-18	3.72417e-18	3.72417e-18	3.72417e-18	3.72417e-18	3.72417e-18	3.72417e-18	3.72417e-18	3.72417e-18	3.72417e-18	3.72417e-18	3.72417e-18	3.72417e-18	3.72417e-18	3.72417e-18
23.15	1.31604e-23	4.79005e-23	1.01204e-22	1.83027e-22	3.08696e-22	5.01829e-22	7.98852e-22	1.25603e-21	1.96041e-21	3.04685e-21	4.72478e-21	7.32012e-21	1.13416e-20	1.75856e-20	2.73039e-20	4.24724e-20	6.62262e-20	1.03571e-19	1.62554e-19	2.56230e-19	4.05991e-19	6.47328e-19	1.04001e-18	1.68658e-18	2.76698e-18	4.15149e-18	4.22337e-18	4.22355e-18	4.22355e-18	4.22355e-18	4.22355e-18	4.22355e-18	4.22355e-18	4.22355e-18	4.22355e-18	4.22355e-18	4.22355e-18	4.22355e-18	4.22355e-18	4.22355e-18	4.22355e-18	4.22355e-18	4.22355e-18	4.22355e-18	4.22355e-18	4.22355e-18	4.22355e-18	4.22355e-18	4.22355e-18	4.22355e-18	4.22355e-18	4.22355e-18	4.22355e-18	4.22355e-18	4.22355e-18	4.22355e-18	4.22355e-18	4.22355e-18	4.22355e-18	4.22355e-18	4.22355e-18	4.22355e-18	4.22355e-18	4.22355e-18	4.22355e-18	4.22355e-18	4.22355e-18	4.22355e-18	4.22355e-18	4.22355e-18	4.22355e-18	4.22355e-18	4.22355e-18	4.22355e-18	4.22355e-18	4.22355e-18	4.22355e-18	4.22355e-18	4.22355e-18	4.22355e-18	4.22355e-18	4.22355e-18	4.22355e-18	4.22355e-18	4.22355e-18	4.22355e-18	4.22355e-18	4.22355e-18	4.22355e-18	4.22355e-18	4.22355e-18	4.22355e-18	4.22355e-18	4.22355e-18	4.22355e-18	4.22355e-18	4.22355e-18	4.22355e-18	4.22355e-18	4.22355e-18	4.22355e-18	4.22355e-18	4.22355e-18	4.22355e-18	4.22355e-18	4.22355e-18	4.22355e-18	4.22355e-18	4.22355e-18	4.22355e-18	4.22355e-18	4.22355e-18	4.22355e-18	4.22355e-18	4.22355e-18	4.22355e-18	4.22355e-18	4.22355e-18	4.22355e-18	4.22355e-18	4.22355e-18	4.22355e-18	4.22355e-18	4.22355e-18	4.22355e-18	4.22355e-18	4.22355e-18	4.22355e-18	4.22355e-18	4.22355e-18	4.22355e-18	4.22355e-18	4.22355e-18
23.18	1.12495e-23	4.09453e-23	8.65087e-23	1.56451e-22	2.63873e-22	4.28962e-22	6.82858e-22	1.07366e-21	1.67576e-21	2.60444e-21	4.03873e-21	6.25723e-21	9.69477e-21	1.50322e-20	2.33394e-20	3.63054e-20	5.66101e-20	8.85320e-20	1.38951e-19	2.19025e-19	3.47041e-19	5.53335e-19	8.89002e-19	1.44169e-18	2.36521e-18	3.93729e-18	4.80970e-18	4.81626e-18	4.81627e-18	4.81627e-18	4.81627e-18	4.81627e-18	4.81627e-18	4.81627e-18	4.81627e-18	4.81627e-18	4.81627e-18	4.81627e-18	4.81627e-18	4.81627e-18	4.81627e-18	4.81627e-18	4.81627e-18	4.81627e-18	4.81627e-18	4.81627e-18	4.81627e-18	4.81627e-18	4.81627e-18	4.81627e-18	4.81627e-18	4.81627e-18	4.81627e-18	4.81627e-18	4.81627e-18	4.81627e-18	4.81627e-18	4.81627e-18	4.81627e-18	4.81627e-18	4.81627e-18	4.81627e-18	4.81627e-18	4.81627e-18	4.81627e-18	4.81627e-18	4.81627e-18	4.81627e-18	4.81627e-18	4.81627e-18	4.81627e-18	4.81627e-18	4.81627e-18	4.81627e-18	4.81627e-18	4.81627e-18	4.81627e-18	4.81627e-18	4.81627e-18	4.81627e-18	4.81627e-18	4.81627e-18	4.81627e-18	4.81627e-18	4.81627e-18	4.81627e-18	4.81627e-18	4.81627e-18	4.81627e-18	4.81627e-18	4.81627e-18	4.81627e-18	4.81627e-18	4.81627e-18	4.81627e-18	4.81627e-18	4.81627e-18	4.81627e-18	4.81627e-18	4.81627e-18	4.81627e-18	4.81627e-18	4.81627e-18	4.81627e-18	4.81627e-18	4.81627e-18	4.81627e-18	4.81627e-18	4.81627e-18	4.81627e-18	4.81627e-18	4.81627e-18	4.81627e-18	4.81627e-18	4.81627e-18	4.81627e-18	4.81627e-18	4.81627e-18	4.81627e-18	4.81627e-18	4.81627e-18	4.81627e-18	4.81627e-18	4.81627e-18	4.81627e-18	4.81627e-18	4.81627e-18	4.81627e-18	4.81627e-18	4.81627e-18	4.81627e-18	4.81627e-18	4.81627e-18
23.22	9.61605e-24	3.50000e-23	7.39475e-23	1.33734e-22	2.25558e-22	3.66676e-22	5.83706e-22	9.17759e-22	1.43243e-21	2.22627e-21	3.45230e-21	5.34867e-21	8.28707e-21	1.28495e-20	1.99504e-20	3.10338e-20	4.83902e-20	7.56770e-20	1.18775e-19	1.87223e-19	2.96650e-19	4.72990e-19	7.59917e-19	1.23235e-18	2.02178e-18	3.36559e-18	5.35221e-18	5.52667e-18	5.52718e-18	5.52718e-18	5.52718e-18	5.52718e-18	5.52718e-18	5.52718e-18	5.52718e-18	5.52718e-18	5.52718e-18	5.52718e-18	5.52718e-18	5.52718e-18	5.52718e-18	5.52718e-18	5.52718e-18	5.52718e-18	5.52718e-18	5.52718e-18	5.52718e-18	5.52718e-18	5.52718e-18	5.52718e-18	5.52718e-18	5.52718e-18	5.52718e-18	5.52718e-18	5.52718e-18	5.52718e-18	5.52718e-18	5.52718e-18	5.52718e-18	5.52718e-18	5.52718e-18	5.52718e-18	5.52718e-18	5.52718e-18	5.52718e-18	5.52718e-18	5.52718e-18	5.52718e-18	5.52718e-18	5.52718e-18	5.52718e-18	5.52718e-18	5.52718e-18	5.52718e-18	5.52718e-18	5.52718e-18	5.52718e-18	5.52718e-18	5.52718e-18	5.52718e-18	5.52718e-18	5.52718e-18	5.52718e-18	5.52718e-18	5.52718e-18	5.52718e-18	5.52718e-18	5.52718e-18	5.52718e-18	5.52718e-18	5.52718e-18	5.52718e-18	5.52718e-18	5.52718e-18	5.52718e-18	5.52718e-18	5.52718e-18	5.52718e-18	5.52718e-18	5.52718e-18	5.52718e-18	5.52718e-18	5.52718e-18	5.52718e-18	5.52718e-18	5.52718e-18	5.52718e-18	5.52718e-18	5.52718e-18	5.52718e-18	5.52718e-18	5.52718e-18	5.52718e-18	5.52718e-18	5.52718e-18	5.52718e-18	5.52718e-18	5.52718e-18	5.52718e-18	5.52718e-18	5.52718e-18	5.52718e-18	5.52718e-18	5.52718e-18	5.52718e-18	5.52718e-18	5.52718e-18	5.52718e-18	5.52718e-18	5.52718e-18	5.52718e-18	5.52718e-18	5.52718e-18
23.25	8.21978e-24	2.99179e-23	6.32102e-23	1.14316e-22	1.92807e-22	3.13434e-22	4.98951e-22	7.84499e-22	1.22444e-21	1.90302e-21	2.95102e-21	4.57204e-21	7.08378e-21	1.09837e-20	1.70536e-20	2.65276e-20	4.13639e-20	6.46886e-20	1.01529e-19	1.60038e-19	2.53576e-19	4.04311e-19	6.49576e-19	1.05341e-18	1.72821e-18	2.87690e-18	4.87951e-18	6.37250e-18	6.39022e-18	6.39025e-18	6.39025e-18	6.39025e-18	6.39025e-18	6.39025e-18	6.39025e-18	6.39025e-18	6.39025e-18	6.39025e-18	6.39025e-18	6.39025e-18	6.39025e-18	6.39025e-18	6.39025e-18	6.39025e-18	6.39025e-18	6.39025e-18	6.39025e-18	6.39025e-18	6.39025e-18	6.39025e-18	6.39025e-18	6.39025e-18	6.39025e-18	6.39025e-18	6.39025e-18	6.39025e-18	6.39025e-18	6.39025e-18	6.39025e-18	6.39025e-18	6.39025e-18	6.39025e-18	6.39025e-18	6.39025e-18	6.39025e-18	6.39025e-18	6.39025e-18	6.39025e-18	6.39025e-18	6.39025e-18	6.39025e-18	6.39025e-18	6.39025e-18	6.39025e-18	6.39025e-18	6.39025e-18	6.39025e-18	6.39025e-18	6.39025e-18	6.39025e-18	6.39025e-18	6.39025e-18	6.39025e-18	6.39025e-18	6.39025e-18	6.39025e-18	6.39025e-18	6.39025e-18	6.39025e-18	6.39025e-18	6.39025e-18	6.39025e-18	6.39025e-18	6.39025e-18	6.39025e-18	6.39025e-18	6.39025e-18	6.39025e-18	6.39025e-18	6.39025e-18	6.39025e-18	6.39025e-18	6.39025e-18	6.39025e-18	6.39025e-18	6.39025e-18	6.39025e-18	6.39025e-18	6.39025e-18	6.39025e-18	6.39025e-18	6.39025e-18	6.39025e-18	6.39025e-18	6.39025e-18	6.39025e-18	6.39025e-18	6.39025e-18	6.39025e-18	6.39025e-18	6.39025e-18	6.39025e-18	6.39025e-18	6.39025e-18	6.39025e-18	6.39025e-18	6.39025e-18	6.39025e-18	6.39025e-18	6.39025e-18	6.39025e-18	6.39025e-18	6.39025e-18
23.29	7.02626e-24	2.55738e-23	5.40320e-23	9.77167e-23	1.64811e-22	2.67923e-22	4.26502e-22	6.70589e-22	1.04665e-21	1.62670e-21	2.52253e-21	3.90817e-21	6.05520e-21	9.38885e-21	1.45774e-20	2.26758e-20	3.53578e-20	5.52957e-20	8.67866e-20	1.36800e-19	2.16756e-19	3.45604e-19	5.55257e-19	9.00457e-19	1.47727e-18	2.45917e-18	4.17100e-18	7.02610e-18	7.45146e-18	7.45298e-18	7.45299e-18	7.45299e-18	7.45299e-18	7.45299e-18	7.45299e-18	7.45299e-18	7.45299e-18	7.45299e-18	7.45299e-18	7.45299e-18	7.45299e-18	7.45299e-18	7.45299e-18	7.45299e-18	7.45299e-18	7.45299e-18	7.45299e-18	7.45299e-18	7.45299e-18	7.45299e-18	7.45299e-18	7.45299e-18	7.45299e-18	7.45299e-18	7.45299e-18	7.45299e-18	7.45299e-18	7.45299e-18	7.45299e-18	7.45299e-18	7.45299e-18	7.45299e-18	7.45299e-18	7.45299e-18	7.45299e-18	7.45299e-18	7.45299e-18	7.45299e-18	7.45299e-18	7.45299e-18	7.45299e-18	7.45299e-18	7.45299e-18	7.45299e-18	7.45299e-18	7.45299e-18	7.45299e-18	7.45299e-18	7.45299e-18	7.45299e-18	7.45299e-18	7.45299e-18	7.45299e-18	7.45299e-18	7.45299e-18	7.45299e-18	7.45299e-18	7.45299e-18	7.45299e-18	7.45299e-18	7.45299e-18	7.45299e-18	7.45299e-18	7.45299e-18	7.45299e-18	7.45299e-18	7.45299e-18	7.45299e-18	7.45299e-18	7.45299e-18	7.45299e-18	7.45299e-18	7.45299e-18	7.45299e-18	7.45299e-18	7.45299e-18	7.45299e-18	7.45299e-18	7.45299e-18	7.45299e-18	7.45299e-18	7.45299e-18	7.45299e-18	7.45299e-18	7.45299e-18	7.45299e-18	7.45299e-18	7.45299e-18	7.45299e-18	7.45299e-18	7.45299e-18	7.45299e-18	7.45299e-18	7.45299e-18	7.45299e-18	7.45299e-18	7.45299e-18	7.45299e-18	7.45299e-18	7.45299e-18	7.45299e-18	7.45299e-18	7.45299e-18
23.32	6.00604e-24	2.18604e-23	4.61865e-23	8.35281e-23	1.40880e-22	2.29020e-22	3.64574e-22	5.73218e-22	8.94675e-22	1.39050e-21	2.15625e-21	3.34070e-21	5.17598e-21	8.02557e-21	1.24607e-20	1.93832e-20	3.02238e-20	4.72667e-20	7.41850e-20	1.16936e-19	1.85283e-19	2.95422e-19	4.74633e-19	7.69709e-19	1.26277e-18	2.10210e-18	3.56536e-18	6.19788e-18	8.73361e-18	8.78353e-18	8.78365e-18	8.78365e-18	8.78365e-18	8.78365e-18	8.78365e-18	8.78365e-18	8.78365e-18	8.78365e-18	8.78365e-18	8.78365e-18	8.78365e-18	8.78365e-18	8.78365e-18	8.78365e-18	8.78365e-18	8.78365e-18	8.78365e-18	8.78365e-18	8.78365e-18	8.78365e-18	8.78365e-18	8.78365e-18	8.78365e-18	8.78365e-18	8.78365e-18	8.78365e-18	8.78365e-18	8.78365e-18	8.78365e-18	8.78365e-18	8.78365e-18	8.78365e-18	8.78365e-18	8.78365e-18	8.78365e-18	8.78365e-18	8.78365e-18	8.78365e-18	8.78365e-18	8.78365e-18	8.78365e-18	8.78365e-18	8.78365e-18	8.78365e-18	8.78365e-18	8.78365e-18	8.78365e-18	8.78365e-18	8.78365e-18	8.78365e-18	8.78365e-18	8.78365e-18	8.78365e-18	8.78365e-18	8.78365e-18	8.78365e-18	8.78365e-18	8.78365e-18	8.78365e-18	8.78365e-18	8.78365e-18	8.78365e-18	8.78365e-18	8.78365e-18	8.78365e-18	8.78365e-18	8.78365e-18	8.78365e-18	8.78365e-18	8.78365e-18	8.78365e-18	8.78365e-18	8.78365e-18	8.78365e-18	8.78365e-18	8.78365e-18	8.78365e-18	8.78365e-18	8.78365e-18	8.78365e-18	8.78365e-18	8.78365e-18	8.78365e-18	8.78365e-18	8.78365e-18	8.78365e-18	8.78365e-18	8.78365e-18	8.78365e-18	8.78365e-18	8.78365e-18	8.78365e-18	8.78365e-18	8.78365e-18	8.78365e-18	8.78365e-18	8.78365e-18	8.78365e-18	8.78365e-18	8.78365e-18	8.78365e-18	8.78365e-18	8.78365e-18
23.35	5.13395e-24	1.86863e-23	3.94801e-23	7.13997e-23	1.20424e-22	1.95766e-22	3.11637e-22	4.89986e-22	7.64767e-22	1.18859e-21	1.84316e-21	2.85562e-21	4.42442e-21	6.86025e-21	1.06514e-20	1.65687e-20	2.58352e-20	4.04035e-20	6.34132e-20	9.99570e-20	1.58380e-19	2.52526e-19	4.05715e-19	6.57946e-19	1.07941e-18	1.79687e-18	3.04767e-18	5.29794e-18	9.43646e-18	1.04788e-17	1.04836e-17	1.04836e-17	1.04836e-17	1.04836e-17	1.04836e-17	1.04836e-17	1.04836e-17	1.04836e-17	1.04836e-17	1.04836e-17	1.04836e-17	1.04836e-17	1.04836e-17	1.04836e-17	1.04836e-17	1.04836e-17	1.04836e-17	1.04836e-17	1.04836e-17	1.04836e-17	1.04836e-17	1.04836e-17	1.04836e-17	1.04836e-17	1.04836e-17	1.04836e-17	1.04836e-17	1.04836e-17	1.04836e-17	1.04836e-17	1.04836e-17	1.04836e-17	1.04836e-17	1.04836e-17	1.04836e-17	1.04836e-17	1.04836e-17	1.04836e-17	1.04836e-17	1.04836e-17	1.04836e-17	1.04836e-17	1.04836e-17	1.04836e-17	1.04836e-17	1.04836e-17	1.04836e-17	1.04836e-17	1.04836e-17	1.04836e-17	1.04836e-17	1.04836e-17	1.04836e-17	1.04836e-17	1.04836e-17	1.04836e-17	1.04836e-17	1.04836e-17	1.04836e-17	1.04836e-17	1.04836e-17	1.04836e-17	1.04836e-17	1.04836e-17	1.04836e-17	1.04836e-17	1.04836e-17	1.04836e-17	1.04836e-17	1.04836e-17	1.04836e-17	1.04836e-17	1.04836e-17	1.04836e-17	1.04836e-17	1.04836e-17	1.04836e-17	1.04836e-17	1.04836e-17	1.04836e-17	1.04836e-17	1.04836e-17	1.04836e-17	1.04836e-17	1.04836e-17	1.04836e-17	1.04836e-17	1.04836e-17	1.04836e-17	1.04836e-17	1.04836e-17	1.04836e-17	1.04836e-17	1.04836e-17	1.04836e-17	1.04836e-17	1.04836e-17	1.04836e-17	1.04836e-17	1.04836e-17	1.04836e-17	1.04836e-17	1.04836e-17
23.39	4.38849e-24	1.59730e-23	3.37475e-23	6.10324e-23	1.02938e-22	1.67341e-22	2.66387e-22	4.18839e-22	6.53722e-22	1.01601e-21	1.57553e-21	2.44098e-21	3.78198e-21	5.86413e-21	9.10482e-21	1.41629e-20	2.20839e-20	3.45368e-20	5.42055e-20	8.54431e-20	1.35383e-19	2.15859e-19	3.46805e-19	5.62411e-19	9.22682e-19	1.53596e-18	2.60514e-18	4.52867e-18	8.14067e-18	1.25587e-17	1.27087e-17	1.27091e-17	1.27091e-17	1.27091e-17	1.27091e-17	1.27091e-17	1.27091e-17	1.27091e-17	1.27091e-17	1.27091e-17	1.27091e-17	1.27091e-17	1.27091e-17	1.27091e-17	1.27091e-17	1.27091e-17	1.27091e-17	1.27091e-17	1.27091e-17	1.27091e-17	1.27091e-17	1.27091e-17	1.27091e-17	1.27091e-17	1.27091e-17	1.27091e-17	1.27091e-17	1.27091e-17	1.27091e-17	1.27091e-17	1.27091e-17	1.27091e-17	1.27091e-17	1.27091e-17	1.27091e-17	1.27091e-17	1.27091e-17	1.27091e-17	1.27091e-17	1.27091e-17	1.27091e-17	1.27091e-17	1.27091e-17	1.27091e-17	1.27091e-17	1.27091e-17	1.27091e-17	1.27091e-17	1.27091e-17	1.27091e-17	1.27091e-17	1.27091e-17	1.27091e-17	1.27091e-17	1.27091e-17	1.27091e-17	1.27091e-17	1.27091e-17	1.27091e-17	1.27091e-17	1.27091e-17	1.27091e-17	1.27091e-17	1.27091e-17	1.27091e-17	1.27091e-17	1.27091e-17	1.27091e-17	1.27091e-17	1.27091e-17	1.27091e-17	1.27091e-17	1.27091e-17	1.27091e-17	1.27091e-17	1.27091e-17	1.27091e-17	1.27091e-17	1.27091e-17	1.27091e-17	1.27091e-17	1.27091e-17	1.27091e-17	1.27091e-17	1.27091e-17	1.27091e-17	1.27091e-17	1.27091e-17	1.27091e-17	1.27091e-17	1.27091e-17	1.27091e-17	1.27091e-17	1.27091e-17	1.27091e-17	1.27091e-17	1.27091e-17	1.27091e-17	1.27091e-17	1.27091e-17	1.27091e-17	1.27091e-17	1.27091e-17
23.42	3.75128e-24	1.36537e-23	2.88473e-23	5.21704e-23	8.79916e-23	1.43043e-22	2.27707e-22	3.58023e-22	5.58800e-22	8.68483e-22	1.34676e-21	2.08655e-21	3.23283e-21	5.01265e-21	7.78278e-21	1.21064e-20	1.88773e-20	2.95220e-20	4.63348e-20	7.30366e-20	1.15725e-19	1.84516e-19	2.96448e-19	4.80748e-19	7.88707e-19	1.31294e-18	2.22687e-18	3.87110e-18	6.95863e-18	1.31158e-17	1.56962e-17	1.57133e-17	1.57134e-17	1.57134e-17	1.57134e-17	1.57134e-17	1.57134e-17	1.57134e-17	1.57134e-17	1.57134e-17	1.57134e-17	1.57134e-17	1.57134e-17	1.57134e-17	1.57134e-17	1.57134e-17	1.57134e-17	1.57134e-17	1.57134e-17	1.57134e-17	1.57134e-17	1.57134e-17	1.57134e-17	1.57134e-17	1.57134e-17	1.57134e-17	1.57134e-17	1.57134e-17	1.57134e-17	1.57134e-17	1.57134e-17	1.57134e-17	1.57134e-17	1.57134e-17	1.57134e-17	1.57134e-17	1.57134e-17	1.57134e-17	1.57134e-17	1.57134e-17	1.57134e-17	1.57134e-17	1.57134e-17	1.57134e-17	1.57134e-17	1.57134e-17	1.57134e-17	1.57134e-17	1.57134e-17	1.57134e-17	1.57134e-17	1.57134e-17	1.57134e-17	1.57134e-17	1.57134e-17	1.57134e-17	1.57134e-17	1.57134e-17	1.57134e-17	1.57134e-17	1.57134e-17	1.57134e-17	1.57134e-17	1.57134e-17	1.57134e-17	1.57134e-17	1.57134e-17	1.57134e-17	1.57134e-17	1.57134e-17	1.57134e-17	1.57134e-17	1.57134e-17	1.57134e-17	1.57134e-17	1.57134e-17	1.57134e-17	1.57134e-17	1.57134e-17	1.57134e-17	1.57134e-17	1.57134e-17	1.57134e-17	1.57134e-17	1.57134e-17	1.57134e-17	1.57134e-17	1.57134e-17	1.57134e-17	1.57134e-17	1.57134e-17	1.57134e-17	1.57134e-17	1.57134e-17	1.57134e-17	1.57134e-17	1.57134e-17	1.57134e-17	1.57134e-17	1.57134e-17	1.57134e-17	1.57134e-17	1.57134e-17
23.46	3.20659e-24	1.16711e-23	2.46587e-23	4.45951e-23	7.52151e-23	1.22273e-22	1.94644e-22	3.06038e-22	4.77662e-22	7.42378e-22	1.15121e-21	1.78358e-21	2.76342e-21	4.28480e-21	6.65271e-21	1.03486e-20	1.61363e-20	2.52354e-20	3.96069e-20	6.24316e-20	9.89214e-20	1.57724e-19	2.53403e-19	4.10943e-19	6.74186e-19	1.12230e-18	1.90353e-18	3.30901e-18	5.94823e-18	1.12163e-17	1.94275e-17	1.99294e-17	1.99315e-17	1.99315e-17	1.99315e-17	1.99315e-17	1.99315e-17	1.99315e-17	1.99315e-17	1.99315e-17	1.99315e-17	1.99315e-17	1.99315e-17	1.99315e-17	1.99315e-17	1.99315e-17	1.99315e-17	1.99315e-17	1.99315e-17	1.99315e-17	1.99315e-17	1.99315e-17	1.99315e-17	1.99315e-17	1.99315e-17	1.99315e-17	1.99315e-17	1.99315e-17	1.99315e-17	1.99315e-17	1.99315e-17	1.99315e-17	1.99315e-17	1.99315e-17	1.99315e-17	1.99315e-17	1.99315e-17	1.99315e-17	1.99315e-17	1.99315e-17	1.99315e-17	1.99315e-17	1.99315e-17	1.99315e-17	1.99315e-17	1.99315e-17	1.99315e-17	1.99315e-17	1.99315e-17	1.99315e-17	1.99315e-17	1.99315e-17	1.99315e-17	1.99315e-17	1.99315e-17	1.99315e-17	1.99315e-17	1.99315e-17	1.99315e-17	1.99315e-17	1.99315e-17	1.99315e-17	1.99315e-17	1.99315e-17	1.99315e-17	1.99315e-17	1.99315e-17	1.99315e-17	1.99315e-17	1.99315e-17	1.99315e-17	1.99315e-17	1.99315e-17	1.99315e-17	1.99315e-17	1.99315e-17	1.99315e-17	1.99315e-17	1.99315e-17	1.99315e-17	1.99315e-17	1.99315e-17	1.99315e-17	1.99315e-17	1.99315e-17	1.99315e-17	1.99315e-17	1.99315e-17	1.99315e-17	1.99315e-17	1.99315e-17	1.99315e-17	1.99315e-17	1.99315e-17	1.99315e-17	1.99315e-17	1.99315e-17	1.99315e-17	1.99315e-17	1.99315e-17	1.99315e-17	1.99315e-17	1.99315e-17
23.49	2.74098e-24	9.97648e-24	2.10782e-23	3.81199e-23	6.42937e-23	1.04518e-22	1.66381e-22	2.61601e-22	4.08305e-22	6.34583e-22	9.84053e-22	1.52460e-21	2.36217e-21	3.66264e-21	5.68673e-21	8.84594e-21	1.37933e-20	2.15712e-20	3.38559e-20	5.33664e-20	8.45579e-20	1.34822e-19	2.16609e-19	3.51273e-19	5.76293e-19	9.59337e-19	1.62713e-18	2.82854e-18	5.08454e-18	9.58764e-18	1.94536e-17	2.60981e-17	2.61739e-17	2.61744e-17	2.61744e-17	2.61744e-17	2.61744e-17	2.61744e-17	2.61744e-17	2.61744e-17	2.61744e-17	2.61744e-17	2.61744e-17	2.61744e-17	2.61744e-17	2.61744e-17	2.61744e-17	2.61744e-17	2.61744e-17	2.61744e-17	2.61744e-17	2.61744e-17	2.61744e-17	2.61744e-17	2.61744e-17	2.61744e-17	2.61744e-17	2.61744e-17	2.61744e-17	2.61744e-17	2.61744e-17	2.61744e-17	2.61744e-17	2.61744e-17	2.61744e-17	2.61744e-17	2.61744e-17	2.61744e-17	2.61744e-17	2.61744e-17	2.61744e-17	2.61744e-17	2.61744e-17	2.61744e-17	2.61744e-17	2.61744e-17	2.61744e-17	2.61744e-17	2.61744e-17	2.61744e-17	2.61744e-17	2.61744e-17	2.61744e-17	2.61744e-17	2.61744e-17	2.61744e-17	2.61744e-17	2.61744e-17	2.61744e-17	2.61744e-17	2.61744e-17	2.61744e-17	2.61744e-17	2.61744e-17	2.61744e-17	2.61744e-17	2.61744e-17	2.61744e-17	2.61744e-17	2.61744e-17	2.61744e-17	2.61744e-17	2.61744e-17	2.61744e-17	2.61744e-17	2.61744e-17	2.61744e-17	2.61744e-17	2.61744e-17	2.61744e-17	2.61744e-17	2.61744e-17	2.61744e-17	2.61744e-17	2.61744e-17	2.61744e-17	2.61744e-17	2.61744e-17	2.61744e-17	2.61744e-17	2.61744e-17	2.61744e-17	2.61744e-17	2.61744e-17	2.61744e-17	2.61744e-17	2.61744e-17	2.61744e-17	2.61744e-17	2.61744e-17	2.61744e-17	2.61744e-17	2.61744e-17
23.53	2.34299e-24	8.52788e-24	1.80176e-23	3.25848e-23	5.49582e-23	8.93421e-23	1.42222e-22	2.23616e-22	3.49018e-22	5.42441e-22	8.41167e-22	1.30323e-21	2.01918e-21	3.13082e-21	4.86101e-21	7.56150e-21	1.17905e-20	1.84390e-20	2.89400e-20	4.56175e-20	7.22800e-20	1.15246e-19	1.85157e-19	3.00268e-19	4.92614e-19	8.20040e-19	1.39087e-18	2.41783e-18	4.34625e-18	8.19550e-18	1.66289e-17	3.40364e-17	3.61140e-17	3.61310e-17	3.61314e-17	3.61314e-17	3.61314e-17	3.61314e-17	3.61314e-17	3.61314e-17	3.61314e-17	3.61314e-17	3.61314e-17	3.61314e-17	3.61314e-17	3.61314e-17	3.61314e-17	3.61314e-17	3.61314e-17	3.61314e-17	3.61314e-17	3.61314e-17	3.61314e-17	3.61314e-17	3.61314e-17	3.61314e-17	3.61314e-17	3.61314e-17	3.61314e-17	3.61314e-17	3.61314e-17	3.61314e-17	3.61314e-17	3.61314e-17	3.61314e-17	3.61314e-17	3.61314e-17	3.61314e-17	3.61314e-17	3.61314e-17	3.61314e-17	3.61314e-17	3.61314e-17	3.61314e-17	3.61314e-17	3.61314e-17	3.61314e-17	3.61314e-17	3.61314e-17	3.61314e-17	3.61314e-17	3.61314e-17	3.61314e-17	3.61314e-17	3.61314e-17	3.61314e-17	3.61314e-17	3.61314e-17	3.61314e-17	3.61314e-17	3.61314e-17	3.61314e-17	3.61314e-17	3.61314e-17	3.61314e-17	3.61314e-17	3.61314e-17	3.61314e-17	3.61314e-17	3.61314e-17	3.61314e-17	3.61314e-17	3.61314e-17	3.61314e-17	3.61314e-17	3.61314e-17	3.61314e-17	3.61314e-17	3.61314e-17	3.61314e-17	3.61314e-17	3.61314e-17	3.61314e-17	3.61314e-17	3.61314e-17	3.61314e-17	3.61314e-17	3.61314e-17	3.61314e-17	3.61314e-17	3.61314e-17	3.61314e-17	3.61314e-17	3.61314e-17	3.61314e-17	3.61314e-17	3.61314e-17	3.61314e-17	3.61314e-17	3.61314e-17	3.61314e-17	3.61314e-17	3.61314e-17
23.56	2.00278e-24	7.28962e-24	1.54014e-23	2.78534e-23	4.69782e-23	7.63695e-23	1.21571e-22	1.91146e-22	2.98340e-22	4.63677e-22	7.19028e-22	1.11399e-21	1.72599e-21	2.67622e-21	4.15518e-21	6.46356e-21	1.00785e-20	1.57616e-20	2.47379e-20	3.89938e-20	6.17848e-20	9.85120e-20	1.58272e-19	2.56669e-19	4.21086e-19	7.00969e-19	1.18891e-18	2.06676e-18	3.71517e-18	7.00550e-18	1.42144e-17	3.27154e-17	5.33733e-17	5.39776e-17	5.39946e-17	5.39946e-17	5.39946e-17	5.39946e-17	5.39946e-17	5.39946e-17	5.39946e-17	5.39946e-17	5.39946e-17	5.39946e-17	5.39946e-17	5.39946e-17	5.39946e-17	5.39946e-17	5.39946e-17	5.39946e-17	5.39946e-17	5.39946e-17	5.39946e-17	5.39946e-17	5.39946e-17	5.39946e-17	5.39946e-17	5.39946e-17	5.39946e-17	5.39946e-17	5.39946e-17	5.39946e-17	5.39946e-17	5.39946e-17	5.39946e-17	5.39946e-17	5.39946e-17	5.39946e-17	5.39946e-17	5.39946e-17	5.39946e-17	5.39946e-17	5.39946e-17	5.39946e-17	5.39946e-17	5.39946e-17	5.39946e-17	5.39946e-17	5.39946e-17	5.39946e-17	5.39946e-17	5.39946e-17	5.39946e-17	5.39946e-17	5.39946e-17	5.39946e-17	5.39946e-17	5.39946e-17	5.39946e-17	5.39946e-17	5.39946e-17	5.39946e-17	5.39946e-17	5.39946e-17	5.39946e-17	5.39946e-17	5.39946e-17	5.39946e-17	5.39946e-17	5.39946e-17	5.39946e-17	5.39946e-17	5.39946e-17	5.39946e-17	5.39946e-17	5.39946e-17	5.39946e-17	5.39946e-17	5.39946e-17	5.39946e-17	5.39946e-17	5.39946e-17	5.39946e-17	5.39946e-17	5.39946e-17	5.39946e-17	5.39946e-17	5.39946e-17	5.39946e-17	5.39946e-17	5.39946e-17	5.39946e-17	5.39946e-17	5.39946e-17	5.39946e-17	5.39946e-17	5.39946e-17	5.39946e-17	5.39946e-17	5.39946e-17	5.39946e-17	5.39946e-17	5.39946e-17
23.59	1.71198e-24	6.23115e-24	1.31651e-23	2.38091e-23	4.01569e-23	6.52806e-23	1.03919e-22	1.63392e-22	2.55021e-22	3.96351e-22	6.14624e-22	9.52241e-22	1.47537e-21	2.28763e-21	3.55184e-21	5.52504e-21	8.61507e-21	1.34730e-20	2.11459e-20	3.33318e-20	5.28135e-20	8.42079e-20	1.35291e-19	2.19400e-19	3.59944e-19	5.99187e-19	1.01628e-18	1.76666e-18	3.17572e-18	5.98829e-18	1.21504e-17	2.79651e-17	7.77549e-17	9.33818e-17	9.40668e-17	9.40669e-17	9.40669e-17	9.40669e-17	9.40669e-17	9.40669e-17	9.40669e-17	9.40669e-17	9.40669e-17	9.40669e-17	9.40669e-17	9.40669e-17	9.40669e-17	9.40669e-17	9.40669e-17	9.40669e-17	9.40669e-17	9.40669e-17	9.40669e-17	9.40669e-17	9.40669e-17	9.40669e-17	9.40669e-17	9.40669e-17	9.40669e-17	9.40669e-17	9.40669e-17	9.40669e-17	9.40669e-17	9.40669e-17	9.40669e-17	9.40669e-17	9.40669e-17	9.40669e-17	9.40669e-17	9.40669e-17	9.40669e-17	9.40669e-17	9.40669e-17	9.40669e-17	9.40669e-17	9.40669e-17	9.40669e-17	9.40669e-17	9.40669e-17	9.40669e-17	9.40669e-17	9.40669e-17	9.40669e-17	9.40669e-17	9.40669e-17	9.40669e-17	9.40669e-17	9.40669e-17	9.40669e-17	9.40669e-17	9.40669e-17	9.40669e-17	9.40669e-17	9.40669e-17	9.40669e-17	9.40669e-17	9.40669e-17	9.40669e-17	9.40669e-17	9.40669e-17	9.40669e-17	9.40669e-17	9.40669e-17	9.40669e-17	9.40669e-17	9.40669e-17	9.40669e-17	9.40669e-17	9.40669e-17	9.40669e-17	9.40669e-17	9.40669e-17	9.40669e-17	9.40669e-17	9.40669e-17	9.40669e-17	9.40669e-17	9.40669e-17	9.40669e-17	9.40669e-17	9.40669e-17	9.40669e-17	9.40669e-17	9.40669e-17	9.40669e-17	9.40669e-17	9.40669e-17	9.40669e-17	9.40669e-17	9.40669e-17	9.40669e-17	9.40669e-17	9.40669e-17
23.63	1.46339e-24	5.32638e-24	1.12535e-23	2.03520e-23	3.43260e-23	5.58017e-23	8.88298e-23	1.39667e-22	2.17991e-22	3.38800e-22	5.25380e-22	8.13974e-22	1.26115e-21	1.95546e-21	3.03611e-21	4.72279e-21	7.36415e-21	1.15167e-20	1.80755e-20	2.84920e-20	4.51449e-20	7.19808e-20	1.15646e-19	1.87543e-19	3.07679e-19	5.12184e-19	8.68715e-19	1.51014e-18	2.71460e-18	5.11878e-18	1.03862e-17	2.39045e-17	7.21007e-17	2.14539e-16	2.37060e-16	2.37062e-16	2.37062e-16	2.37062e-16	2.37062e-16	2.37062e-16	2.37062e-16	2.37062e-16	2.37062e-16	2.37062e-16	2.37062e-16	2.37062e-16	2.37062e-16	2.37062e-16	2.37062e-16	2.37062e-16	2.37062e-16	2.37062e-16	2.37062e-16	2.37062e-16	2.37062e-16	2.37062e-16	2.37062e-16	2.37062e-16	2.37062e-16	2.37062e-16	2.37062e-16	2.37062e-16	2.37062e-16	2.37062e-16	2.37062e-16	2.37062e-16	2.37062e-16	2.37062e-16	2.37062e-16	2.37062e-16	2.37062e-16	2.37062e-16	2.37062e-16	2.37062e-16	2.37062e-16	2.37062e-16	2.37062e-16	2.37062e-16	2.37062e-16	2.37062e-16	2.37062e-16	2.37062e-16	2.37062e-16	2.37062e-16	2.37062e-16	2.37062e-16	2.37062e-16	2.37062e-16	2.37062e-16	2.37062e-16	2.37062e-16	2.37062e-16	2.37062e-16	2.37062e-16	2.37062e-16	2.37062e-16	2.37062e-16	2.37062e-16	2.37062e-16	2.37062e-16	2.37062e-16	2.37062e-16	2.37062e-16	2.37062e-16	2.37062e-16	2.37062e-16	2.37062e-16	2.37062e-16	2.37062e-16	2.37062e-16	2.37062e-16	2.37062e-16	2.37062e-16	2.37062e-16	2.37062e-16	2.37062e-16	2.37062e-16	2.37062e-16	2.37062e-16	2.37062e-16	2.37062e-16	2.37062e-16	2.37062e-16	2.37062e-16	2.37062e-16	2.37062e-16	2.37062e-16	2.37062e-16	2.37062e-16	2.37062e-16	2.37062e-16	2.37062e-16	2.37062e-16
23.66	1.25091e-24	4.55298e-24	9.61949e-24	1.73968e-23	2.93418e-23	4.76992e-23	7.59316e-23	1.19387e-22	1.86339e-22	2.89606e-22	4.49094e-22	6.95784e-22	1.07803e-21	1.67153e-21	2.59526e-21	4.03704e-21	6.29486e-21	9.84447e-21	1.54509e-20	2.43549e-20	3.85898e-20	6.15291e-20	9.88541e-20	1.60311e-19	2.63004e-19	4.37814e-19	7.42576e-19	1.29086e-18	2.32044e-18	4.37553e-18	8.87809e-18	2.04335e-17	6.16316e-17	5.08155e-16	9.83044e-16	9.83125e-16	9.83125e-16	9.83125e-16	9.83125e-16	9.83125e-16	9.83125e-16	9.83125e-16	9.83125e-16	9.83125e-16	9.83125e-16	9.83125e-16	9.83125e-16	9.83125e-16	9.83125e-16	9.83125e-16	9.83125e-16	9.83125e-16	9.83125e-16	9.83125e-16	9.83125e-16	9.83125e-16	9.83125e-16	9.83125e-16	9.83125e-16	9.83125e-16	9.83125e-16	9.83125e-16	9.83125e-16	9.83125e-16	9.83125e-16	9.83125e-16	9.83125e-16	9.83125e-16	9.83125e-16	9.83125e-16	9.83125e-16	9.83125e-16	9.83125e-16	9.83125e-16	9.83125e-16	9.83125e-16	9.83125e-16	9.83125e-16	9.83125e-16	9.83125e-16	9.83125e-16	9.83125e-16	9.83125e-16	9.83125e-16	9.83125e-16	9.83125e-16	9.83125e-16	9.83125e-16	9.83125e-16	9.83125e-16	9.83125e-16	9.83125e-16	9.83125e-16	9.83125e-16	9.83125e-16	9.83125e-16	9.83125e-16	9.83125e-16	9.83125e-16	9.83125e-16	9.83125e-16	9.83125e-16	9.83125e-16	9.83125e-16	9.83125e-16	9.83125e-16	9.83125e-16	9.83125e-16	9.83125e-16	9.83125e-16	9.83125e-16	9.83125e-16	9.83125e-16	9.83125e-16	9.83125e-16	9.83125e-16	9.83125e-16	9.83125e-16	9.83125e-16	9.83125e-16	9.83125e-16	9.83125e-16	9.83125e-16	9.83125e-16	9.83125e-16	9.83125e-16	9.83125e-16	9.83125e-16	9.83125e-16	9.83125e-16	9.83125e-16	9.83125e-16	9.83125e-16
23.70	1.06927e-24	3.89188e-24	8.22272e-24	1.48708e-23	2.50814e-23	4.07732e-23	6.49062e-23	1.02052e-22	1.59282e-22	2.47555e-22	3.83885e-22	5.94755e-22	9.21496e-22	1.42882e-21	2.21843e-21	3.45085e-21	5.38084e-21	8.41504e-21	1.32074e-20	2.08185e-20	3.29865e-20	5.25949e-20	8.45004e-20	1.37034e-19	2.24815e-19	3.74243e-19	6.34753e-19	1.10343e-18	1.98351e-18	3.74019e-18	7.58897e-18	1.74666e-17	5.26826e-17	4.63587e-16	1.98856e-15	1.99104e-15	1.99104e-15	1.99104e-15	1.99104e-15	1.99104e-15	1.99104e-15	1.99104e-15	1.99104e-15	1.99104e-15	1.99104e-15	1.99104e-15	1.99104e-15	1.99104e-15	1.99104e-15	1.99104e-15	1.99104e-15	1.99104e-15	1.99104e-15	1.99104e-15	1.99104e-15	1.99104e-15	1.99104e-15	1.99104e-15	1.99104e-15	1.99104e-15	1.99104e-15	1.99104e-15	1.99104e-15	1.99104e-15	1.99104e-15	1.99104e-15	1.99104e-15	1.99104e-15	1.99104e-15	1.99104e-15	1.99104e-15	1.99104e-15	1.99104e-15	1.99104e-15	1.99104e-15	1.99104e-15	1.99104e-15	1.99104e-15	1.99104e-15	1.99104e-15	1.99104e-15	1.99104e-15	1.99104e-15	1.99104e-15	1.99104e-15	1.99104e-15	1.99104e-15	1.99104e-15	1.99104e-15	1.99104e-15	1.99104e-15	1.99104e-15	1.99104e-15	1.99104e-15	1.99104e-15	1.99104e-15	1.99104e-15	1.99104e-15	1.99104e-15	1.99104e-15	1.99104e-15	1.99104e-15	1.99104e-15	1.99104e-15	1.99104e-15	1.99104e-15	1.99104e-15	1.99104e-15	1.99104e-15	1.99104e-15	1.99104e-15	1.99104e-15	1.99104e-15	1.99104e-15	1.99104e-15	1.99104e-15	1.99104e-15	1.99104e-15	1.99104e-15	1.99104e-15	1.99104e-15	1.99104e-15	1.99104e-15	1.99104e-15	1.99104e-15	1.99104e-15	1.99104e-15	1.99104e-15	1.99104e-15	1.99104e-15	1.99104e-15	1.99104e-15	1.99104e-15
23.73	9.14014e-25	3.32677e-24	7.02877e-24	1.27115e-23	2.14395e-23	3.48529e-23	5.54817e-23	8.72338e-23	1.36154e-22	2.11609e-22	3.28144e-22	5.08396e-22	7.87693e-22	1.22135e-21	1.89631e-21	2.94978e-21	4.59953e-21	7.19316e-21	1.12897e-20	1.77957e-20	2.81968e-20	4.49581e-20	7.22308e-20	1.17136e-19	1.92172e-19	3.19902e-19	5.42586e-19	9.43209e-19	1.69550e-18	3.19711e-18	6.48704e-18	1.49304e-17	4.50330e-17	3.96274e-16	1.84861e-15	1.88888e-15	1.88892e-15	1.88892e-15	1.88892e-15	1.88892e-15	1.88892e-15	1.88892e-15	1.88892e-15	1.88892e-15	1.88892e-15	1.88892e-15	1.88892e-15	1.88892e-15	1.88892e-15	1.88892e-15	1.88892e-15	1.88892e-15	1.88892e-15	1.88892e-15	1.88892e-15	1.88892e-15	1.88892e-15	1.88892e-15	1.88892e-15	1.88892e-15	1.88892e-15	1.88892e-15	1.88892e-15	1.88892e-15	1.88892e-15	1.88892e-15	1.88892e-15	1.88892e-15	1.88892e-15	1.88892e-15	1.88892e-15	1.88892e-15	1.88892e-15	1.88892e-15	1.88892e-15	1.88892e-15	1.88892e-15	1.88892e-15	1.88892e-15	1.88892e-15	1.88892e-15	1.88892e-15	1.88892e-15	1.88892e-15	1.88892e-15	1.88892e-15	1.88892e-15	1.88892e-15	1.88892e-15	1.88892e-15	1.88892e-15	1.88892e-15	1.88892e-15	1.88892e-15	1.88892e-15	1.88892e-15	1.88892e-15	1.88892e-15	1.88892e-15	1.88892e-15	1.88892e-15	1.88892e-15	1.88892e-15	1.88892e-15	1.88892e-15	1.88892e-15	1.88892e-15	1.88892e-15	1.88892e-15	1.88892e-15	1.88892e-15	1.88892e-15	1.88892e-15	1.88892e-15	1.88892e-15	1.88892e-15	1.88892e-15	1.88892e-15	1.88892e-15	1.88892e-15	1.88892e-15	1.88892e-15	1.88892e-15	1.88892e-15	1.88892e-15	1.88892e-15	1.88892e-15	1.88892e-15	1.88892e-15	1.88892e-15	1.88892e-15	1.88892e-15	1.88892e-15
23.76	7.81297e-25	2.84372e-24	6.00818e-24	1.08658e-23	1.83265e-23	2.97922e-23	4.74257e-23	7.45673e-23	1.16384e-22	1.80883e-22	2.80497e-22	4.34576e-22	6.73319e-22	1.04401e-21	1.62096e-21	2.52147e-21	3.93167e-21	6.14870e-21	9.65039e-21	1.52117e-20	2.41026e-20	3.84301e-20	6.17428e-20	1.00128e-19	1.64268e-19	2.73452e-19	4.63802e-19	8.06254e-19	1.44931e-18	2.73289e-18	5.54511e-18	1.27625e-17	3.84941e-17	3.38734e-16	1.58051e-15	1.66757e-15	1.66866e-15	1.66866e-15	1.66866e-15	1.66866e-15	1.66866e-15	1.66866e-15	1.66866e-15	1.66866e-15	1.66866e-15	1.66866e-15	1.66866e-15	1.66866e-15	1.66866e-15	1.66866e-15	1.66866e-15	1.66866e-15	1.66866e-15	1.66866e-15	1.66866e-15	1.66866e-15	1.66866e-15	1.66866e-15	1.66866e-15	1.66866e-15	1.66866e-15	1.66866e-15	1.66866e-15	1.66866e-15	1.66866e-15	1.66866e-15	1.66866e-15	1.66866e-15	1.66866e-15	1.66866e-15	1.66866e-15	1.66866e-15	1.66866e-15	1.66866e-15	1.66866e-15	1.66866e-15	1.66866e-15	1.66866e-15	1.66866e-15	1.66866e-15	1.66866e-15	1.66866e-15	1.66866e-15	1.66866e-15	1.66866e-15	1.66866e-15	1.66866e-15	1.66866e-15	1.66866e-15	1.66866e-15	1.66866e-15	1.66866e-15	1.66866e-15	1.66866e-15	1.66866e-15	1.66866e-15	1.66866e-15	1.66866e-15	1.66866e-15	1.66866e-15	1.66866e-15	1.66866e-15	1.66866e-15	1.66866e-15	1.66866e-15	1.66866e-15	1.66866e-15	1.66866e-15	1.66866e-15	1.66866e-15	1.66866e-15	1.66866e-15	1.66866e-15	1.66866e-15	1.66866e-15	1.66866e-15	1.66866e-15	1.66866e-15	1.66866e-15	1.66866e-15	1.66866e-15	1.66866e-15	1.66866e-15	1.66866e-15	1.66866e-15	1.66866e-15	1.66866e-15	1.66866e-15	1.66866e-15	1.66866e-15	1.66866e-15	1.66866e-15	1.66866e-15
23.80	6.67852e-25	2.43081e-24	5.13578e-24	9.28806e-24	1.56654e-23	2.54663e-23	4.05394e-23	6.37400e-23	9.94850e-23	1.54619e-22	2.39768e-22	3.71475e-22	5.75552e-22	8.92418e-22	1.38559e-21	2.15535e-21	3.36079e-21	5.25590e-21	8.24914e-21	1.30029e-20	2.06029e-20	3.28500e-20	5.27776e-20	8.55892e-20	1.40416e-19	2.33746e-19	3.96457e-19	6.89185e-19	1.23887e-18	2.33607e-18	4.73996e-18	1.09093e-17	3.29047e-17	2.89550e-16	1.35102e-15	1.43844e-15	1.45204e-15	1.45207e-15	1.45207e-15	1.45207e-15	1.45207e-15	1.45207e-15	1.45207e-15	1.45207e-15	1.45207e-15	1.45207e-15	1.45207e-15	1.45207e-15	1.45207e-15	1.45207e-15	1.45207e-15	1.45207e-15	1.45207e-15	1.45207e-15	1.45207e-15	1.45207e-15	1.45207e-15	1.45207e-15	1.45207e-15	1.45207e-15	1.45207e-15	1.45207e-15	1.45207e-15	1.45207e-15	1.45207e-15	1.45207e-15	1.45207e-15	1.45207e-15	1.45207e-15	1.45207e-15	1.45207e-15	1.45207e-15	1.45207e-15	1.45207e-15	1.45207e-15	1.45207e-15	1.45207e-15	1.45207e-15	1.45207e-15	1.45207e-15	1.45207e-15	1.45207e-15	1.45207e-15	1.45207e-15	1.45207e-15	1.45207e-15	1.45207e-15	1.45207e-15	1.45207e-15	1.45207e-15	1.45207e-15	1.45207e-15	1.45207e-15	1.45207e-15	1.45207e-15	1.45207e-15	1.45207e-15	1.45207e-15	1.45207e-15	1.45207e-15	1.45207e-15	1.45207e-15	1.45207e-15	1.45207e-15	1.45207e-15	1.45207e-15	1.45207e-15	1.45207e-15	1.45207e-15	1.45207e-15	1.45207e-15	1.45207e-15	1.45207e-15	1.45207e-15	1.45207e-15	1.45207e-15	1.45207e-15	1.45207e-15	1.45207e-15	1.45207e-15	1.45207e-15	1.45207e-15	1.45207e-15	1.45207e-15	1.45207e-15	1.45207e-15	1.45207e-15	1.45207e-15	1.45207e-15	1.45207e-15	1.45207e-15	1.45207e-15	1.45207e-15
23.83	5.70879e-25	2.07785e-24	4.39006e-24	7.93942e-24	1.33908e-23	2.17686e-23	3.46530e-23	5.44849e-23	8.50396e-23	1.32168e-22	2.04954e-22	3.17536e-22	4.91981e-22	7.62838e-22	1.18440e-21	1.84239e-21	2.87280e-21	4.49274e-21	7.05135e-21	1.11149e-20	1.76113e-20	2.80801e-20	4.51142e-20	7.31615e-20	1.20027e-19	1.99806e-19	3.38891e-19	5.89114e-19	1.05898e-18	1.99687e-18	4.05171e-18	9.32528e-18	2.81269e-17	2.47507e-16	1.15485e-15	1.22957e-15	1.25538e-15	1.25625e-15	1.25625e-15	1.25625e-15	1.25625e-15	1.25625e-15	1.25625e-15	1.25625e-15	1.25625e-15	1.25625e-15	1.25625e-15	1.25625e-15	1.25625e-15	1.25625e-15	1.25625e-15	1.25625e-15	1.25625e-15	1.25625e-15	1.25625e-15	1.25625e-15	1.25625e-15	1.25625e-15	1.25625e-15	1.25625e-15	1.25625e-15	1.25625e-15	1.25625e-15	1.25625e-15	1.25625e-15	1.25625e-15	1.25625e-15	1.25625e-15	1.25625e-15	1.25625e-15	1.25625e-15	1.25625e-15	1.25625e-15	1.25625e-15	1.25625e-15	1.25625e-15	1.25625e-15	1.25625e-15	1.25625e-15	1.25625e-15	1.25625e-15	1.25625e-15	1.25625e-15	1.25625e-15	1.25625e-15	1.25625e-15	1.25625e-15	1.25625e-15	1.25625e-15	1.25625e-15	1.25625e-15	1.25625e-15	1.25625e-15	1.25625e-15	1.25625e-15	1.25625e-15	1.25625e-15	1.25625e-15	1.25625e-15	1.25625e-15	1.25625e-15	1.25625e-15	1.25625e-15	1.25625e-15	1.25625e-15	1.25625e-15	1.25625e-15	1.25625e-15	1.25625e-15	1.25625e-15	1.25625e-15	1.25625e-15	1.25625e-15	1.25625e-15	1.25625e-15	1.25625e-15	1.25625e-15	1.25625e-15	1.25625e-15	1.25625e-15	1.25625e-15	1.25625e-15	1.25625e-15	1.25625e-15	1.25625e-15	1.25625e-15	1.25625e-15	1.25625e-15	1.25625e-15	1.25625e-15	1.25625e-15	1.25625e-15	1.25625e-15
23.87	4.87986e-25	1.77614e-24	3.75262e-24	6.78660e-24	1.14464e-23	1.86077e-23	2.96213e-23	4.65736e-23	7.26918e-23	1.12977e-22	1.75194e-22	2.71429e-22	4.20544e-22	6.52072e-22	1.01243e-21	1.57487e-21	2.45566e-21	3.84039e-21	6.02748e-21	9.50099e-21	1.50541e-20	2.40028e-20	3.85636e-20	6.25383e-20	1.02599e-19	1.70794e-19	2.89683e-19	5.03574e-19	9.05216e-19	1.70692e-18	3.46339e-18	7.97124e-18	2.40428e-17	2.11568e-16	9.87161e-16	1.05104e-15	1.07608e-15	1.08364e-15	1.08368e-15	1.08368e-15	1.08368e-15	1.08368e-15	1.08368e-15	1.08368e-15	1.08368e-15	1.08368e-15	1.08368e-15	1.08368e-15	1.08368e-15	1.08368e-15	1.08368e-15	1.08368e-15	1.08368e-15	1.08368e-15	1.08368e-15	1.08368e-15	1.08368e-15	1.08368e-15	1.08368e-15	1.08368e-15	1.08368e-15	1.08368e-15	1.08368e-15	1.08368e-15	1.08368e-15	1.08368e-15	1.08368e-15	1.08368e-15	1.08368e-15	1.08368e-15	1.08368e-15	1.08368e-15	1.08368e-15	1.08368e-15	1.08368e-15	1.08368e-15	1.08368e-15	1.08368e-15	1.08368e-15	1.08368e-15	1.08368e-15	1.08368e-15	1.08368e-15	1.08368e-15	1.08368e-15	1.08368e-15	1.08368e-15	1.08368e-15	1.08368e-15	1.08368e-15	1.08368e-15	1.08368e-15	1.08368e-15	1.08368e-15	1.08368e-15	1.08368e-15	1.08368e-15	1.08368e-15	1.08368e-15	1.08368e-15	1.08368e-15	1.08368e-15	1.08368e-15	1.08368e-15	1.08368e-15	1.08368e-15	1.08368e-15	1.08368e-15	1.08368e-15	1.08368e-15	1.08368e-15	1.08368e-15	1.08368e-15	1.08368e-15	1.08368e-15	1.08368e-15	1.08368e-15	1.08368e-15	1.08368e-15	1.08368e-15	1.08368e-15	1.08368e-15	1.08368e-15	1.08368e-15	1.08368e-15	1.08368e-15	1.08368e-15	1.08368e-15	1.08368e-15	1.08368e-15	1.08368e-15	1.08368e-15	1.08368e-15
23.90	4.17130e-25	1.51825e-24	3.20773e-24	5.80118e-24	9.78438e-24	1.59059e-23	2.53203e-23	3.98110e-23	6.21368e-23	9.65725e-23	1.49756e-22	2.32017e-22	3.59481e-22	5.57390e-22	8.65420e-22	1.34620e-21	2.09910e-21	3.28276e-21	5.15228e-21	8.12143e-21	1.28682e-20	2.05176e-20	3.29641e-20	5.34577e-20	8.77017e-20	1.45994e-19	2.47621e-19	4.30454e-19	7.73777e-19	1.45907e-18	2.96050e-18	6.81380e-18	2.05518e-17	1.80848e-16	8.43823e-16	8.98425e-16	9.19830e-16	9.32404e-16	9.33249e-16	9.33250e-16	9.33250e-16	9.33250e-16	9.33250e-16	9.33250e-16	9.33250e-16	9.33250e-16	9.33250e-16	9.33250e-16	9.33250e-16	9.33250e-16	9.33250e-16	9.33250e-16	9.33250e-16	9.33250e-16	9.33250e-16	9.33250e-16	9.33250e-16	9.33250e-16	9.33250e-16	9.33250e-16	9.33250e-16	9.33250e-16	9.33250e-16	9.33250e-16	9.33250e-16	9.33250e-16	9.33250e-16	9.33250e-16	9.33250e-16	9.33250e-16	9.33250e-16	9.33250e-16	9.33250e-16	9.33250e-16	9.33250e-16	9.33250e-16	9.33250e-16	9.33250e-16	9.33250e-16	9.33250e-16	9.33250e-16	9.33250e-16	9.33250e-16	9.33250e-16	9.33250e-16	9.33250e-16	9.33250e-16	9.33250e-16	9.33250e-16	9.33250e-16	9.33250e-16	9.33250e-16	9.33250e-16	9.33250e-16	9.33250e-16	9.33250e-16	9.33250e-16	9.33250e-16	9.33250e-16	9.33250e-16	9.33250e-16	9.33250e-16	9.33250e-16	9.33250e-16	9.33250e-16	9.33250e-16	9.33250e-16	9.33250e-16	9.33250e-16	9.33250e-16	9.33250e-16	9.33250e-16	9.33250e-16	9.33250e-16	9.33250e-16	9.33250e-16	9.33250e-16	9.33250e-16	9.33250e-16	9.33250e-16	9.33250e-16	9.33250e-16	9.33250e-16	9.33250e-16	9.33250e-16	9.33250e-16	9.33250e-16	9.33250e-16	9.33250e-16	9.33250e-16	9.33250e-16	9.33250e-16	9.33250e-16
23.93	3.56562e-25	1.29779e-24	2.74196e-24	4.95884e-24	8.36367e-24	1.35963e-23	2.16437e-23	3.40304e-23	5.31144e-23	8.25500e-23	1.28011e-22	1.98328e-22	3.07284e-22	4.76456e-22	7.39760e-22	1.15073e-21	1.79430e-21	2.80609e-21	4.40416e-21	6.94219e-21	1.09997e-20	1.75384e-20	2.81776e-20	4.56955e-20	7.49673e-20	1.24796e-19	2.11666e-19	3.67951e-19	6.61424e-19	1.24721e-18	2.53063e-18	5.82443e-18	1.75676e-17	1.54589e-16	7.21299e-16	7.67973e-16	7.86269e-16	7.97786e-16	8.02825e-16	8.02867e-16	8.02867e-16	8.02867e-16	8.02867e-16	8.02867e-16	8.02867e-16	8.02867e-16	8.02867e-16	8.02867e-16	8.02867e-16	8.02867e-16	8.02867e-16	8.02867e-16	8.02867e-16	8.02867e-16	8.02867e-16	8.02867e-16	8.02867e-16	8.02867e-16	8.02867e-16	8.02867e-16	8.02867e-16	8.02867e-16	8.02867e-16	8.02867e-16	8.02867e-16	8.02867e-16	8.02867e-16	8.02867e-16	8.02867e-16	8.02867e-16	8.02867e-16	8.02867e-16	8.02867e-16	8.02867e-16	8.02867e-16	8.02867e-16	8.02867e-16	8.02867e-16	8.02867e-16	8.02867e-16	8.02867e-16	8.02867e-16	8.02867e-16	8.02867e-16	8.02867e-16	8.02867e-16	8.02867e-16	8.02867e-16	8.02867e-16	8.02867e-16	8.02867e-16	8.02867e-16	8.02867e-16	8.02867e-16	8.02867e-16	8.02867e-16	8.02867e-16	8.02867e-16	8.02867e-16	8.02867e-16	8.02867e-16	8.02867e-16	8.02867e-16	8.02867e-16	8.02867e-16	8.02867e-16	8.02867e-16	8.02867e-16	8.02867e-16	8.02867e-16	8.02867e-16	8.02867e-16	8.02867e-16	8.02867e-16	8.02867e-16	8.02867e-16	8.02867e-16	8.02867e-16	8.02867e-16	8.02867e-16	8.02867e-16	8.02867e-16	8.02867e-16	8.02867e-16	8.02867e-16	8.02867e-16	8.02867e-16	8.02867e-16	8.02867e-16	8.02867e-16	8.02867e-16	8.02867e-16	8.02867e-16
23.97	3.04789e-25	1.10935e-24	2.34383e-24	4.23881e-24	7.14925e-24	1.16221e-23	1.85010e-23	2.90891e-23	4.54021e-23	7.05636e-23	1.09424e-22	1.69531e-22	2.62666e-22	4.07274e-22	6.32346e-22	9.83640e-22	1.53377e-21	2.39865e-21	3.76467e-21	5.93417e-21	9.40257e-21	1.49918e-20	2.40862e-20	3.90605e-20	6.40819e-20	1.06675e-19	1.80932e-19	3.14524e-19	5.65384e-19	1.06611e-18	2.16318e-18	4.97871e-18	1.50168e-17	1.32142e-16	6.16565e-16	6.56462e-16	6.72102e-16	6.81947e-16	6.89329e-16	6.90226e-16	6.90228e-16	6.90228e-16	6.90228e-16	6.90228e-16	6.90228e-16	6.90228e-16	6.90228e-16	6.90228e-16	6.90228e-16	6.90228e-16	6.90228e-16	6.90228e-16	6.90228e-16	6.90228e-16	6.90228e-16	6.90228e-16	6.90228e-16	6.90228e-16	6.90228e-16	6.90228e-16	6.90228e-16	6.90228e-16	6.90228e-16	6.90228e-16	6.90228e-16	6.90228e-16	6.90228e-16	6.90228e-16	6.90228e-16	6.90228e-16	6.90228e-16	6.90228e-16	6.90228e-16	6.90228e-16	6.90228e-16	6.90228e-16	6.90228e-16	6.90228e-16	6.90228e-16	6.90228e-16	6.90228e-16	6.90228e-16	6.90228e-16	6.90228e-16	6.90228e-16	6.90228e-16	6.90228e-16	6.90228e-16	6.90228e-16	6.90228e-16	6.90228e-16	6.90228e-16	6.90228e-16	6.90228e-16	6.90228e-16	6.90228e-16	6.90228e-16	6.90228e-16	6.90228e-16	6.90228e-16	6.90228e-16	6.90228e-16	6.90228e-16	6.90228e-16	6.90228e-16	6.90228e-16	6.90228e-16	6.90228e-16	6.90228e-16	6.90228e-16	6.90228e-16	6.90228e-16	6.90228e-16	6.90228e-16	6.90228e-16	6.90228e-16	6.90228e-16	6.90228e-16	6.90228e-16	6.90228e-16	6.90228e-16	6.90228e-16	6.90228e-16	6.90228e-16	6.90228e-16	6.90228e-16	6.90228e-16	6.90228e-16	6.90228e-16	6.90228e-16	6.90228e-16	6.90228e-16	6.90228e-16
24.00	2.60533e-25	9.48273e-25	2.00350e-24	3.62332e-24	6.11117e-24	9.93456e-24	1.58147e-23	2.48653e-23	3.88097e-23	6.03177e-23	9.35351e-23	1.44914e-22	2.24526e-22	3.48137e-22	5.40528e-22	8.40814e-22	1.31106e-21	2.05036e-21	3.21804e-21	5.07252e-21	8.03730e-21	1.28150e-20	2.05888e-20	3.33888e-20	5.47771e-20	9.11858e-20	1.54660e-19	2.68855e-19	4.83289e-19	9.11313e-19	1.84908e-18	4.25579e-18	1.28363e-17	1.12955e-16	5.27039e-16	5.61142e-16	5.74511e-16	5.82927e-16	5.89393e-16	5.93063e-16	5.93117e-16	5.93117e-16	5.93117e-16	5.93117e-16	5.93117e-16	5.93117e-16	5.93117e-16	5.93117e-16	5.93117e-16	5.93117e-16	5.93117e-16	5.93117e-16	5.93117e-16	5.93117e-16	5.93117e-16	5.93117e-16	5.93117e-16	5.93117e-16	5.93117e-16	5.93117e-16	5.93117e-16	5.93117e-16	5.93117e-16	5.93117e-16	5.93117e-16	5.93117e-16	5.93117e-16	5.93117e-16	5.93117e-16	5.93117e-16	5.93117e-16	5.93117e-16	5.93117e-16	5.93117e-16	5.93117e-16	5.93117e-16	5.93117e-16	5.93117e-16	5.93117e-16	5.93117e-16	5.93117e-16	5.93117e-16	5.93117e-16	5.93117e-16	5.93117e-16	5.93117e-16	5.93117e-16	5.93117e-16	5.93117e-16	5.93117e-16	5.93117e-16	5.93117e-16	5.93117e-16	5.93117e-16	5.93117e-16	5.93117e-16	5.93117e-16	5.93117e-16	5.93117e-16	5.93117e-16	5.93117e-16	5.93117e-16	5.93117e-16	5.93117e-16	5.93117e-16	5.93117e-16	5.93117e-16	5.93117e-16	5.93117e-16	5.93117e-16	5.93117e-16	5.93117e-16	5.93117e-16	5.93117e-16	5.93117e-16	5.93117e-16	5.93117e-16	5.93117e-16	5.93117e-16	5.93117e-16	5.93117e-16	5.93117e-16	5.93117e-16	5.93117e-16	5.93117e-16	5.93117e-16	5.93117e-16	5.93117e-16	5.93117e-16	5.93117e-16	5.93117e-16	5.93117e-16	5.93117e-16
24.04	2.22703e-25	8.10582e-25	1.71259e-24	3.09721e-24	5.22382e-24	8.49205e-24	1.35183e-23	2.12549e-23	3.31745e-23	5.15594e-23	7.99536e-23	1.23873e-22	1.91925e-22	2.97587e-22	4.62043e-22	7.18727e-22	1.12069e-21	1.75264e-21	2.75077e-21	4.33598e-21	6.87027e-21	1.09542e-20	1.75993e-20	2.85407e-20	4.68234e-20	7.79455e-20	1.32203e-19	2.29817e-19	4.13115e-19	7.78989e-19	1.58059e-18	3.63785e-18	1.09725e-17	9.65537e-17	4.50512e-16	4.79664e-16	4.91091e-16	4.98285e-16	5.03812e-16	5.08543e-16	5.09507e-16	5.09510e-16	5.09510e-16	5.09510e-16	5.09510e-16	5.09510e-16	5.09510e-16	5.09510e-16	5.09510e-16	5.09510e-16	5.09510e-16	5.09510e-16	5.09510e-16	5.09510e-16	5.09510e-16	5.09510e-16	5.09510e-16	5.09510e-16	5.09510e-16	5.09510e-16	5.09510e-16	5.09510e-16	5.09510e-16	5.09510e-16	5.09510e-16	5.09510e-16	5.09510e-16	5.09510e-16	5.09510e-16	5.09510e-16	5.09510e-16	5.09510e-16	5.09510e-16	5.09510e-16	5.09510e-16	5.09510e-16	5.09510e-16	5.09510e-16	5.09510e-16	5.09510e-16	5.09510e-16	5.09510e-16	5.09510e-16	5.09510e-16	5.09510e-16	5.09510e-16	5.09510e-16	5.09510e-16	5.09510e-16	5.09510e-16	5.09510e-16	5.09510e-16	5.09510e-16	5.09510e-16	5.09510e-16	5.09510e-16	5.09510e-16	5.09510e-16	5.09510e-16	5.09510e-16	5.09510e-16	5.09510e-16	5.09510e-16	5.09510e-16	5.09510e-16	5.09510e-16	5.09510e-16	5.09510e-16	5.09510e-16	5.09510e-16	5.09510e-16	5.09510e-16	5.09510e-16	5.09510e-16	5.09510e-16	5.09510e-16	5.09510e-16	5.09510e-16	5.09510e-16	5.09510e-16	5.09510e-16	5.09510e-16	5.09510e-16	5.09510e-16	5.09510e-16	5.09510e-16	5.09510e-16	5.09510e-16	5.09510e-16	5.09510e-16	5.09510e-16	5.09510e-16	5.09510e-16
24.07	1.90366e-25	6.92884e-25	1.46392e-24	2.64749e-24	4.46531e-24	7.25899e-24	1.15555e-23	1.81686e-23	2.83575e-23	4.40729e-23	6.83442e-23	1.05886e-22	1.64057e-22	2.54377e-22	3.94953e-22	6.14367e-22	9.57968e-22	1.49816e-21	2.35136e-21	3.70639e-21	5.87270e-21	9.36365e-21	1.50439e-20	2.43966e-20	4.00246e-20	6.66277e-20	1.13007e-19	1.96447e-19	3.53130e-19	6.65879e-19	1.35109e-18	3.10963e-18	9.37925e-18	8.25340e-17	3.85097e-16	4.10016e-16	4.19784e-16	4.25933e-16	4.30658e-16	4.34713e-16	4.37523e-16	4.37596e-16	4.37596e-16	4.37596e-16	4.37596e-16	4.37596e-16	4.37596e-16	4.37596e-16	4.37596e-16	4.37596e-16	4.37596e-16	4.37596e-16	4.37596e-16	4.37596e-16	4.37596e-16	4.37596e-16	4.37596e-16	4.37596e-16	4.37596e-16	4.37596e-16	4.37596e-16	4.37596e-16	4.37596e-16	4.37596e-16	4.37596e-16	4.37596e-16	4.37596e-16	4.37596e-16	4.37596e-16	4.37596e-16	4.37596e-16	4.37596e-16	4.37596e-16	4.37596e-16	4.37596e-16	4.37596e-16	4.37596e-16	4.37596e-16	4.37596e-16	4.37596e-16	4.37596e-16	4.37596e-16	4.37596e-16	4.37596e-16	4.37596e-16	4.37596e-16	4.37596e-16	4.37596e-16	4.37596e-16	4.37596e-16	4.37596e-16	4.37596e-16	4.37596e-16	4.37596e-16	4.37596e-16	4.37596e-16	4.37596e-16	4.37596e-16	4.37596e-16	4.37596e-16	4.37596e-16	4.37596e-16	4.37596e-16	4.37596e-16	4.37596e-16	4.37596e-16	4.37596e-16	4.37596e-16	4.37596e-16	4.37596e-16	4.37596e-16	4.37596e-16	4.37596e-16	4.37596e-16	4.37596e-16	4.37596e-16	4.37596e-16	4.37596e-16	4.37596e-16	4.37596e-16	4.37596e-16	4.37596e-16	4.37596e-16	4.37596e-16	4.37596e-16	4.37596e-16	4.37596e-16	4.37596e-16	4.37596e-16	4.37596e-16	4.37596e-16	4.37596e-16	4.37596e-16
24.10	1.62725e-25	5.92276e-25	1.25135e-24	2.26307e-24	3.81694e-24	6.20497e-24	9.87759e-24	1.55305e-23	2.42399e-23	3.76735e-23	5.84205e-23	9.05113e-23	1.40236e-22	2.17441e-22	3.37605e-22	5.25160e-22	8.18869e-22	1.28062e-21	2.00993e-21	3.16822e-21	5.01997e-21	8.00403e-21	1.28595e-20	2.08541e-20	3.42129e-20	5.69532e-20	9.65983e-20	1.67923e-19	3.01855e-19	5.69192e-19	1.15491e-18	2.65810e-18	8.01737e-18	7.05499e-17	3.29180e-16	3.50481e-16	3.58831e-16	3.64087e-16	3.68126e-16	3.71592e-16	3.74784e-16	3.75778e-16	3.75782e-16	3.75782e-16	3.75782e-16	3.75782e-16	3.75782e-16	3.75782e-16	3.75782e-16	3.75782e-16	3.75782e-16	3.75782e-16	3.75782e-16	3.75782e-16	3.75782e-16	3.75782e-16	3.75782e-16	3.75782e-16	3.75782e-16	3.75782e-16	3.75782e-16	3.75782e-16	3.75782e-16	3.75782e-16	3.75782e-16	3.75782e-16	3.75782e-16	3.75782e-16	3.75782e-16	3.75782e-16	3.75782e-16	3.75782e-16	3.75782e-16	3.75782e-16	3.75782e-16	3.75782e-16	3.75782e-16	3.75782e-16	3.75782e-16	3.75782e-16	3.75782e-16	3.75782e-16	3.75782e-16	3.75782e-16	3.75782e-16	3.75782e-16	3.75782e-16	3.75782e-16	3.75782e-16	3.75782e-16	3.75782e-16	3.75782e-16	3.75782e-16	3.75782e-16	3.75782e-16	3.75782e-16	3.75782e-16	3.75782e-16	3.75782e-16	3.75782e-16	3.75782e-16	3.75782e-16	3.75782e-16	3.75782e-16	3.75782e-16	3.75782e-16	3.75782e-16	3.75782e-16	3.75782e-16	3.75782e-16	3.75782e-16	3.75782e-16	3.75782e-16	3.75782e-16	3.75782e-16	3.75782e-16	3.75782e-16	3.75782e-16	3.75782e-16	3.75782e-16	3.75782e-16	3.75782e-16	3.75782e-16	3.75782e-16	3.75782e-16	3.75782e-16	3.75782e-16	3.75782e-16	3.75782e-16	3.75782e-16	3.75782e-16	3.75782e-16	3.75782e-16
24.14	1.39097e-25	5.06277e-25	1.06966e-24	1.93447e-24	3.26272e-24	5.30400e-24	8.44335e-24	1.32755e-23	2.07203e-23	3.22032e-23	4.99378e-23	7.73689e-23	1.19873e-22	1.85868e-22	2.88585e-22	4.48906e-22	6.99968e-22	1.09467e-21	1.71809e-21	2.70819e-21	4.29106e-21	6.84183e-21	1.09923e-20	1.78261e-20	2.92452e-20	4.86835e-20	8.25721e-20	1.43540e-19	2.58025e-19	4.86545e-19	9.87215e-19	2.27214e-18	6.85323e-18	6.03059e-17	2.81383e-16	2.99591e-16	3.06728e-16	3.11221e-16	3.14673e-16	3.17636e-16	3.20365e-16	3.22576e-16	3.22675e-16	3.22675e-16	3.22675e-16	3.22675e-16	3.22675e-16	3.22675e-16	3.22675e-16	3.22675e-16	3.22675e-16	3.22675e-16	3.22675e-16	3.22675e-16	3.22675e-16	3.22675e-16	3.22675e-16	3.22675e-16	3.22675e-16	3.22675e-16	3.22675e-16	3.22675e-16	3.22675e-16	3.22675e-16	3.22675e-16	3.22675e-16	3.22675e-16	3.22675e-16	3.22675e-16	3.22675e-16	3.22675e-16	3.22675e-16	3.22675e-16	3.22675e-16	3.22675e-16	3.22675e-16	3.22675e-16	3.22675e-16	3.22675e-16	3.22675e-16	3.22675e-16	3.22675e-16	3.22675e-16	3.22675e-16	3.22675e-16	3.22675e-16	3.22675e-16	3.22675e-16	3.22675e-16	3.22675e-16	3.22675e-16	3.22675e-16	3.22675e-16	3.22675e-16	3.22675e-16	3.22675e-16	3.22675e-16	3.22675e-16	3.22675e-16	3.22675e-16	3.22675e-16	3.22675e-16	3.22675e-16	3.22675e-16	3.22675e-16	3.22675e-16	3.22675e-16	3.22675e-16	3.22675e-16	3.22675e-16	3.22675e-16	3.22675e-16	3.22675e-16	3.22675e-16	3.22675e-16	3.22675e-16	3.22675e-16	3.22675e-16	3.22675e-16	3.22675e-16	3.22675e-16	3.22675e-16	3.22675e-16	3.22675e-16	3.22675e-16	3.22675e-16	3.22675e-16	3.22675e-16	3.22675e-16	3.22675e-16	3.22675e-16	3.22675e-16	3.22675e-16
24.17	1.18900e-25	4.32765e-25	9.14340e-25	1.65358e-24	2.78897e-24	4.53385e-24	7.21736e-24	1.13478e-23	1.77116e-23	2.75273e-23	4.26867e-23	6.61348e-23	1.02467e-22	1.58880e-22	2.46682e-22	3.83724e-22	5.98332e-22	9.35725e-22	1.46862e-21	2.31495e-21	3.66799e-21	5.84839e-21	9.39617e-21	1.52377e-20	2.49987e-20	4.16146e-20	7.05825e-20	1.22698e-19	2.20560e-19	4.15898e-19	8.43869e-19	1.94222e-18	5.85813e-18	5.15494e-17	2.40526e-16	2.56090e-16	2.62191e-16	2.66031e-16	2.68982e-16	2.71515e-16	2.73848e-16	2.76102e-16	2.77061e-16	2.77066e-16	2.77066e-16	2.77066e-16	2.77066e-16	2.77066e-16	2.77066e-16	2.77066e-16	2.77066e-16	2.77066e-16	2.77066e-16	2.77066e-16	2.77066e-16	2.77066e-16	2.77066e-16	2.77066e-16	2.77066e-16	2.77066e-16	2.77066e-16	2.77066e-16	2.77066e-16	2.77066e-16	2.77066e-16	2.77066e-16	2.77066e-16	2.77066e-16	2.77066e-16	2.77066e-16	2.77066e-16	2.77066e-16	2.77066e-16	2.77066e-16	2.77066e-16	2.77066e-16	2.77066e-16	2.77066e-16	2.77066e-16	2.77066e-16	2.77066e-16	2.77066e-16	2.77066e-16	2.77066e-16	2.77066e-16	2.77066e-16	2.77066e-16	2.77066e-16	2.77066e-16	2.77066e-16	2.77066e-16	2.77066e-16	2.77066e-16	2.77066e-16	2.77066e-16	2.77066e-16	2.77066e-16	2.77066e-16	2.77066e-16	2.77066e-16	2.77066e-16	2.77066e-16	2.77066e-16	2.77066e-16	2.77066e-16	2.77066e-16	2.77066e-16	2.77066e-16	2.77066e-16	2.77066e-16	2.77066e-16	2.77066e-16	2.77066e-16	2.77066e-16	2.77066e-16	2.77066e-16	2.77066e-16	2.77066e-16	2.77066e-16	2.77066e-16	2.77066e-16	2.77066e-16	2.77066e-16	2.77066e-16	2.77066e-16	2.77066e-16	2.77066e-16	2.77066e-16	2.77066e-16	2.77066e-16	2.77066e-16	2.77066e-16	2.77066e-16
24.21	1.01635e-25	3.69927e-25	7.81577e-25	1.41348e-24	2.38400e-24	3.87553e-24	6.16939e-24	9.70012e-24	1.51399e-23	2.35303e-23	3.64886e-23	5.65320e-23	8.75889e-23	1.35810e-22	2.10863e-22	3.28007e-22	5.11453e-22	7.99856e-22	1.25537e-21	1.97882e-21	3.13540e-21	4.99919e-21	8.03183e-21	1.30252e-20	2.13689e-20	3.55721e-20	6.03338e-20	1.04882e-19	1.88534e-19	3.55509e-19	7.21338e-19	1.66021e-18	5.00752e-18	4.40644e-17	2.05601e-16	2.18905e-16	2.24120e-16	2.27403e-16	2.29925e-16	2.32091e-16	2.34085e-16	2.36012e-16	2.37771e-16	2.37907e-16	2.37907e-16	2.37907e-16	2.37907e-16	2.37907e-16	2.37907e-16	2.37907e-16	2.37907e-16	2.37907e-16	2.37907e-16	2.37907e-16	2.37907e-16	2.37907e-16	2.37907e-16	2.37907e-16	2.37907e-16	2.37907e-16	2.37907e-16	2.37907e-16	2.37907e-16	2.37907e-16	2.37907e-16	2.37907e-16	2.37907e-16	2.37907e-16	2.37907e-16	2.37907e-16	2.37907e-16	2.37907e-16	2.37907e-16	2.37907e-16	2.37907e-16	2.37907e-16	2.37907e-16	2.37907e-16	2.37907e-16	2.37907e-16	2.37907e-16	2.37907e-16	2.37907e-16	2.37907e-16	2.37907e-16	2.37907e-16	2.37907e-16	2.37907e-16	2.37907e-16	2.37907e-16	2.37907e-16	2.37907e-16	2.37907e-16	2.37907e-16	2.37907e-16	2.37907e-16	2.37907e-16	2.37907e-16	2.37907e-16	2.37907e-16	2.37907e-16	2.37907e-16	2.37907e-16	2.37907e-16	2.37907e-16	2.37907e-16	2.37907e-16	2.37907e-16	2.37907e-16	2.37907e-16	2.37907e-16	2.37907e-16	2.37907e-16	2.37907e-16	2.37907e-16	2.37907e-16	2.37907e-16	2.37907e-16	2.37907e-16	2.37907e-16	2.37907e-16	2.37907e-16	2.37907e-16	2.37907e-16	2.37907e-16	2.37907e-16	2.37907e-16	2.37907e-16	2.37907e-16	2.37907e-16	2.37907e-16	2.37907e-16	2.37907e-16
24.24	8.68777e-26	3.16213e-25	6.68090e-25	1.20824e-24	2.03784e-24	3.31280e-24	5.27358e-24	8.29164e-24	1.29415e-23	2.01136e-23	3.11904e-23	4.83234e-23	7.48709e-23	1.16091e-22	1.80245e-22	2.80379e-22	4.37189e-22	6.83716e-22	1.07309e-21	1.69149e-21	2.68013e-21	4.27330e-21	6.86559e-21	1.11339e-20	1.82661e-20	3.04070e-20	5.15732e-20	8.96528e-20	1.61159e-19	3.03888e-19	6.16599e-19	1.41915e-18	4.28042e-18	3.76662e-17	1.75747e-16	1.87120e-16	1.91578e-16	1.94384e-16	1.96540e-16	1.98391e-16	2.00095e-16	2.01742e-16	2.03391e-16	2.04284e-16	2.04292e-16	2.04292e-16	2.04292e-16	2.04292e-16	2.04292e-16	2.04292e-16	2.04292e-16	2.04292e-16	2.04292e-16	2.04292e-16	2.04292e-16	2.04292e-16	2.04292e-16	2.04292e-16	2.04292e-16	2.04292e-16	2.04292e-16	2.04292e-16	2.04292e-16	2.04292e-16	2.04292e-16	2.04292e-16	2.04292e-16	2.04292e-16	2.04292e-16	2.04292e-16	2.04292e-16	2.04292e-16	2.04292e-16	2.04292e-16	2.04292e-16	2.04292e-16	2.04292e-16	2.04292e-16	2.04292e-16	2.04292e-16	2.04292e-16	2.04292e-16	2.04292e-16	2.04292e-16	2.04292e-16	2.04292e-16	2.04292e-16	2.04292e-16	2.04292e-16	2.04292e-16	2.04292e-16	2.04292e-16	2.04292e-16	2.04292e-16	2.04292e-16	2.04292e-16	2.04292e-16	2.04292e-16	2.04292e-16	2.04292e-16	2.04292e-16	2.04292e-16	2.04292e-16	2.04292e-16	2.04292e-16	2.04292e-16	2.04292e-16	2.04292e-16	2.04292e-16	2.04292e-16	2.04292e-16	2.04292e-16	2.04292e-16	2.04292e-16	2.04292e-16	2.04292e-16	2.04292e-16	2.04292e-16	2.04292e-16	2.04292e-16	2.04292e-16	2.04292e-16	2.04292e-16	2.04292e-16	2.04292e-16	2.04292e-16	2.04292e-16	2.04292e-16	2.04292e-16	2.04292e-16	2.04292e-16	2.04292e-16	2.04292e-16
24.27	7.42630e-26	2.70298e-25	5.71083e-25	1.03280e-24	1.74194e-24	2.83177e-24	4.50785e-24	7.08768e-24	1.10624e-23	1.71931e-23	2.66615e-23	4.13068e-23	6.39995e-23	9.92340e-23	1.54074e-22	2.39668e-22	3.73709e-22	5.84439e-22	9.17277e-22	1.44588e-21	2.29097e-21	3.65281e-21	5.86870e-21	9.51724e-21	1.56138e-20	2.59918e-20	4.40847e-20	7.66351e-20	1.37758e-19	2.59763e-19	5.27068e-19	1.21308e-18	3.65890e-18	3.21970e-17	1.50229e-16	1.59950e-16	1.63760e-16	1.66159e-16	1.68002e-16	1.69584e-16	1.71041e-16	1.72449e-16	1.73858e-16	1.75258e-16	1.75440e-16	1.75441e-16	1.75441e-16	1.75441e-16	1.75441e-16	1.75441e-16	1.75441e-16	1.75441e-16	1.75441e-16	1.75441e-16	1.75441e-16	1.75441e-16	1.75441e-16	1.75441e-16	1.75441e-16	1.75441e-16	1.75441e-16	1.75441e-16	1.75441e-16	1.75441e-16	1.75441e-16	1.75441e-16	1.75441e-16	1.75441e-16	1.75441e-16	1.75441e-16	1.75441e-16	1.75441e-16	1.75441e-16	1.75441e-16	1.75441e-16	1.75441e-16	1.75441e-16	1.75441e-16	1.75441e-16	1.75441e-16	1.75441e-16	1.75441e-16	1.75441e-16	1.75441e-16	1.75441e-16	1.75441e-16	1.75441e-16	1.75441e-16	1.75441e-16	1.75441e-16	1.75441e-16	1.75441e-16	1.75441e-16	1.75441e-16	1.75441e-16	1.75441e-16	1.75441e-16	1.75441e-16	1.75441e-16	1.75441e-16	1.75441e-16	1.75441e-16	1.75441e-16	1.75441e-16	1.75441e-16	1.75441e-16	1.75441e-16	1.75441e-16	1.75441e-16	1.75441e-16	1.75441e-16	1.75441e-16	1.75441e-16	1.75441e-16	1.75441e-16	1.75441e-16	1.75441e-16	1.75441e-16	1.75441e-16	1.75441e-16	1.75441e-16	1.75441e-16	1.75441e-16	1.75441e-16	1.75441e-16	1.75441e-16	1.75441e-16	1.75441e-16	1.75441e-16	1.75441e-16	1.75441e-16	1.75441e-16	1.75441e-16
24.31	6.34799e-26	2.31050e-25	4.88161e-25	8.82838e-25	1.48901e-24	2.42059e-24	3.85330e-24	6.05854e-24	9.45613e-24	1.46966e-23	2.27902e-23	3.53090e-23	5.47067e-23	8.48251e-23	1.31702e-22	2.04868e-22	3.19446e-22	4.99578e-22	7.84087e-22	1.23594e-21	1.95832e-21	3.12242e-21	5.01656e-21	8.13532e-21	1.33467e-20	2.22178e-20	3.76836e-20	6.55076e-20	1.17755e-19	2.22045e-19	4.50537e-19	1.03694e-18	3.12762e-18	2.75219e-17	1.28415e-16	1.36725e-16	1.39982e-16	1.42032e-16	1.43608e-16	1.44960e-16	1.46206e-16	1.47409e-16	1.48614e-16	1.49851e-16	1.50667e-16	1.50679e-16	1.50679e-16	1.50679e-16	1.50679e-16	1.50679e-16	1.50679e-16	1.50679e-16	1.50679e-16	1.50679e-16	1.50679e-16	1.50679e-16	1.50679e-16	1.50679e-16	1.50679e-16	1.50679e-16	1.50679e-16	1.50679e-16	1.50679e-16	1.50679e-16	1.50679e-16	1.50679e-16	1.50679e-16	1.50679e-16	1.50679e-16	1.50679e-16	1.50679e-16	1.50679e-16	1.50679e-16	1.50679e-16	1.50679e-16	1.50679e-16	1.50679e-16	1.50679e-16	1.50679e-16	1.50679e-16	1.50679e-16	1.50679e-16	1.50679e-16	1.50679e-16	1.50679e-16	1.50679e-16	1.50679e-16	1.50679e-16	1.50679e-16	1.50679e-16	1.50679e-16	1.50679e-16	1.50679e-16	1.50679e-16	1.50679e-16	1.50679e-16	1.50679e-16	1.50679e-16	1.50679e-16	1.50679e-16	1.50679e-16	1.50679e-16	1.50679e-16	1.50679e-16	1.50679e-16	1.50679e-16	1.50679e-16	1.50679e-16	1.50679e-16	1.50679e-16	1.50679e-16	1.50679e-16	1.50679e-16	1.50679e-16	1.50679e-16	1.50679e-16	1.50679e-16	1.50679e-16	1.50679e-16	1.50679e-16	1.50679e-16	1.50679e-16	1.50679e-16	1.50679e-16	1.50679e-16	1.50679e-16	1.50679e-16	1.50679e-16	1.50679e-16	1.50679e-16	1.50679e-16	1.50679e-16	1.50679e-16
24.34	5.42625e-26	1.97502e-25	4.17279e-25	7.54648e-25	1.27280e-24	2.06912e-24	3.29380e-24	5.17883e-24	8.08309e-24	1.25627e-23	1.94810e-23	3.01821e-23	4.67632e-23	7.25083e-23	1.12579e-22	1.75121e-22	2.73062e-22	4.27038e-22	6.70236e-22	1.05648e-21	1.67397e-21	2.66904e-21	4.28814e-21	6.95406e-21	1.14087e-20	1.89917e-20	3.22118e-20	5.59958e-20	1.00657e-19	1.89804e-19	3.85118e-19	8.86376e-19	2.67349e-18	2.35257e-17	1.09769e-16	1.16872e-16	1.19656e-16	1.21409e-16	1.22756e-16	1.23912e-16	1.24976e-16	1.26005e-16	1.27035e-16	1.28093e-16	1.29196e-16	1.29429e-16	1.29430e-16	1.29430e-16	1.29430e-16	1.29430e-16	1.29430e-16	1.29430e-16	1.29430e-16	1.29430e-16	1.29430e-16	1.29430e-16	1.29430e-16	1.29430e-16	1.29430e-16	1.29430e-16	1.29430e-16	1.29430e-16	1.29430e-16	1.29430e-16	1.29430e-16	1.29430e-16	1.29430e-16	1.29430e-16	1.29430e-16	1.29430e-16	1.29430e-16	1.29430e-16	1.29430e-16	1.29430e-16	1.29430e-16	1.29430e-16	1.29430e-16	1.29430e-16	1.29430e-16	1.29430e-16	1.29430e-16	1.29430e-16	1.29430e-16	1.29430e-16	1.29430e-16	1.29430e-16	1.29430e-16	1.29430e-16	1.29430e-16	1.29430e-16	1.29430e-16	1.29430e-16	1.29430e-16	1.29430e-16	1.29430e-16	1.29430e-16	1.29430e-16	1.29430e-16	1.29430e-16	1.29430e-16	1.29430e-16	1.29430e-16	1.29430e-16	1.29430e-16	1.29430e-16	1.29430e-16	1.29430e-16	1.29430e-16	1.29430e-16	1.29430e-16	1.29430e-16	1.29430e-16	1.29430e-16	1.29430e-16	1.29430e-16	1.29430e-16	1.29430e-16	1.29430e-16	1.29430e-16	1.29430e-16	1.29430e-16	1.29430e-16	1.29430e-16	1.29430e-16	1.29430e-16	1.29430e-16	1.29430e-16	1.29430e-16	1.29430e-16	1.29430e-16	1.29430e-16	1.29430e-16	1.29430e-16
24.38	4.63835e-26	1.68824e-25	3.56689e-25	6.45072e-25	1.08799e-24	1.76868e-24	2.81553e-24	4.42686e-24	6.90941e-24	1.07385e-23	1.66523e-23	2.57996e-23	3.99731e-23	6.19800e-23	9.62320e-23	1.49693e-22	2.33413e-22	3.65032e-22	5.72917e-22	9.03077e-22	1.43091e-21	2.28149e-21	3.66550e-21	5.94432e-21	9.75214e-21	1.62341e-20	2.75346e-20	4.78651e-20	8.60416e-20	1.62244e-19	3.29198e-19	7.57673e-19	2.28529e-18	2.01097e-17	9.38304e-17	9.99020e-17	1.02282e-16	1.03780e-16	1.04931e-16	1.05920e-16	1.06830e-16	1.07709e-16	1.08589e-16	1.09494e-16	1.10442e-16	1.11175e-16	1.11195e-16	1.11195e-16	1.11195e-16	1.11195e-16	1.11195e-16	1.11195e-16	1.11195e-16	1.11195e-16	1.11195e-16	1.11195e-16	1.11195e-16	1.11195e-16	1.11195e-16	1.11195e-16	1.11195e-16	1.11195e-16	1.11195e-16	1.11195e-16	1.11195e-16	1.11195e-16	1.11195e-16	1.11195e-16	1.11195e-16	1.11195e-16	1.11195e-16	1.11195e-16	1.11195e-16	1.11195e-16	1.11195e-16	1.11195e-16	1.11195e-16	1.11195e-16	1.11195e-16	1.11195e-16	1.11195e-16	1.11195e-16	1.11195e-16	1.11195e-16	1.11195e-16	1.11195e-16	1.11195e-16	1.11195e-16	1.11195e-16	1.11195e-16	1.11195e-16	1.11195e-16	1.11195e-16	1.11195e-16	1.11195e-16	1.11195e-16	1.11195e-16	1.11195e-16	1.11195e-16	1.11195e-16	1.11195e-16	1.11195e-16	1.11195e-16	1.11195e-16	1.11195e-16	1.11195e-16	1.11195e-16	1.11195e-16	1.11195e-16	1.11195e-16	1.11195e-16	1.11195e-16	1.11195e-16	1.11195e-16	1.11195e-16	1.11195e-16	1.11195e-16	1.11195e-16	1.11195e-16	1.11195e-16	1.11195e-16	1.11195e-16	1.11195e-16	1.11195e-16	1.11195e-16	1.11195e-16	1.11195e-16	1.11195e-16	1.11195e-16	1.11195e-16	1.11195e-16	1.11195e-16	1.11195e-16
24.41	3.96485e-26	1.44311e-25	3.04898e-25	5.51407e-25	9.30013e-25	1.51187e-24	2.40671e-24	3.78407e-24	5.90615e-24	9.17929e-24	1.42344e-23	2.20534e-23	3.41689e-23	5.29804e-23	8.22589e-23	1.27957e-22	1.99521e-22	3.12029e-22	4.89729e-22	7.71949e-22	1.22314e-21	1.95021e-21	3.13326e-21	5.08120e-21	8.33612e-21	1.38769e-20	2.35366e-20	4.09150e-20	7.35482e-20	1.38686e-19	2.81398e-19	6.47658e-19	1.95346e-18	1.71898e-17	8.02061e-17	8.53961e-17	8.74306e-17	8.87113e-17	8.96953e-17	9.05399e-17	9.13177e-17	9.20695e-17	9.28219e-17	9.35949e-17	9.44054e-17	9.52688e-17	9.55447e-17	9.55457e-17	9.55457e-17	9.55457e-17	9.55457e-17	9.55457e-17	9.55457e-17	9.55457e-17	9.55457e-17	9.55457e-17	9.55457e-17	9.55457e-17	9.55457e-17	9.55457e-17	9.55457e-17	9.55457e-17	9.55457e-17	9.55457e-17	9.55457e-17	9.55457e-17	9.55457e-17	9.55457e-17	9.55457e-17	9.55457e-17	9.55457e-17	9.55457e-17	9.55457e-17	9.55457e-17	9.55457e-17	9.55457e-17	9.55457e-17	9.55457e-17	9.55457e-17	9.55457e-17	9.55457e-17	9.55457e-17	9.55457e-17	9.55457e-17	9.55457e-17	9.55457e-17	9.55457e-17	9.55457e-17	9.55457e-17	9.55457e-17	9.55457e-17	9.55457e-17	9.55457e-17	9.55457e-17	9.55457e-17	9.55457e-17	9.55457e-17	9.55457e-17	9.55457e-17	9.55457e-17	9.55457e-17	9.55457e-17	9.55457e-17	9.55457e-17	9.55457e-17	9.55457e-17	9.55457e-17	9.55457e-17	9.55457e-17	9.55457e-17	9.55457e-17	9.55457e-17	9.55457e-17	9.55457e-17	9.55457e-17	9.55457e-17	9.55457e-17	9.55457e-17	9.55457e-17	9.55457e-17	9.55457e-17	9.55457e-17	9.55457e-17	9.55457e-17	9.55457e-17	9.55457e-17	9.55457e-17	9.55457e-17	9.55457e-17	9.55457e-17	9.55457e-17	9.55457e-17	9.55457e-17
24.44	3.38915e-26	1.23356e-25	2.60626e-25	4.71342e-25	7.94974e-25	1.29234e-24	2.05726e-24	3.23462e-24	5.04857e-24	7.84644e-24	1.21675e-23	1.88512e-23	2.92076e-23	4.52876e-23	7.03148e-23	1.09378e-22	1.70550e-22	2.66722e-22	4.18619e-22	6.59861e-22	1.04553e-21	1.66704e-21	2.67831e-21	4.34340e-21	7.12570e-21	1.18619e-20	2.01190e-20	3.49741e-20	6.28689e-20	1.18549e-19	2.40539e-19	5.53617e-19	1.66982e-18	1.46938e-17	6.85601e-17	7.29964e-17	7.47355e-17	7.58303e-17	7.66714e-17	7.73934e-17	7.80582e-17	7.87008e-17	7.93440e-17	8.00048e-17	8.06976e-17	8.14356e-17	8.20873e-17	8.21161e-17	8.21161e-17	8.21161e-17	8.21161e-17	8.21161e-17	8.21161e-17	8.21161e-17	8.21161e-17	8.21161e-17	8.21161e-17	8.21161e-17	8.21161e-17	8.21161e-17	8.21161e-17	8.21161e-17	8.21161e-17	8.21161e-17	8.21161e-17	8.21161e-17	8.21161e-17	8.21161e-17	8.21161e-17	8.21161e-17	8.21161e-17	8.21161e-17	8.21161e-17	8.21161e-17	8.21161e-17	8.21161e-17	8.21161e-17	8.21161e-17	8.21161e-17	8.21161e-17	8.21161e-17	8.21161e-17	8.21161e-17	8.21161e-17	8.21161e-17	8.21161e-17	8.21161e-17	8.21161e-17	8.21161e-17	8.21161e-17	8.21161e-17	8.21161e-17	8.21161e-17	8.21161e-17	8.21161e-17	8.21161e-17	8.21161e-17	8.21161e-17	8.21161e-17	8.21161e-17	8.21161e-17	8.21161e-17	8.21161e-17	8.21161e-17	8.21161e-17	8.21161e-17	8.21161e-17	8.21161e-17	8.21161e-17	8.21161e-17	8.21161e-17	8.21161e-17	8.21161e-17	8.21161e-17	8.21161e-17	8.21161e-17	8.21161e-17	8.21161e-17	8.21161e-17	8.21161e-17	8.21161e-17	8.21161e-17	8.21161e-17	8.21161e-17	8.21161e-17	8.21161e-17	8.21161e-17	8.21161e-17	8.21161e-17	8.21161e-17	8.21161e-17	8.21161e-17	8.21161e-17
24.48	2.89704e-26	1.05445e-25	2.22783e-25	4.02902e-25	6.79543e-25	1.10469e-24	1.75854e-24	2.76495e-24	4.31551e-24	6.70713e-24	1.04008e-23	1.61140e-23	2.49666e-23	3.87118e-23	6.01050e-23	9.34958e-23	1.45786e-22	2.27993e-22	3.57835e-22	5.64048e-22	8.93722e-22	1.42498e-21	2.28941e-21	3.71273e-21	6.09104e-21	1.01396e-20	1.71977e-20	2.98958e-20	5.37402e-20	1.01335e-19	2.05612e-19	4.73231e-19	1.42736e-18	1.25602e-17	5.86050e-17	6.23972e-17	6.38838e-17	6.48196e-17	6.55386e-17	6.61557e-17	6.67241e-17	6.72734e-17	6.78231e-17	6.83880e-17	6.89802e-17	6.96111e-17	7.02918e-17	7.05887e-17	7.05903e-17	7.05903e-17	7.05903e-17	7.05903e-17	7.05903e-17	7.05903e-17	7.05903e-17	7.05903e-17	7.05903e-17	7.05903e-17	7.05903e-17	7.05903e-17	7.05903e-17	7.05903e-17	7.05903e-17	7.05903e-17	7.05903e-17	7.05903e-17	7.05903e-17	7.05903e-17	7.05903e-17	7.05903e-17	7.05903e-17	7.05903e-17	7.05903e-17	7.05903e-17	7.05903e-17	7.05903e-17	7.05903e-17	7.05903e-17	7.05903e-17	7.05903e-17	7.05903e-17	7.05903e-17	7.05903e-17	7.05903e-17	7.05903e-17	7.05903e-17	7.05903e-17	7.05903e-17	7.05903e-17	7.05903e-17	7.05903e-17	7.05903e-17	7.05903e-17	7.05903e-17	7.05903e-17	7.05903e-17	7.05903e-17	7.05903e-17	7.05903e-17	7.05903e-17	7.05903e-17	7.05903e-17	7.05903e-17	7.05903e-17	7.05903e-17	7.05903e-17	7.05903e-17	7.05903e-17	7.05903e-17	7.05903e-17	7.05903e-17	7.05903e-17	7.05903e-17	7.05903e-17	7.05903e-17	7.05903e-17	7.05903e-17	7.05903e-17	7.05903e-17	7.05903e-17	7.05903e-17	7.05903e-17	7.05903e-17	7.05903e-17	7.05903e-17	7.05903e-17	7.05903e-17	7.05903e-17	7.05903e-17	7.05903e-17	7.05903e-17	7.05903e-17	7.05903e-17
24.51	2.47639e-26	9.01341e-26	1.90434e-25	3.44400e-25	5.80872e-25	9.44288e-25	1.50320e-24	2.36347e-24	3.68889e-24	5.73324e-24	8.89059e-24	1.37742e-23	2.13414e-23	3.30907e-23	5.13777e-23	7.99201e-23	1.24618e-22	1.94888e-22	3.05877e-22	4.82147e-22	7.63952e-22	1.21807e-21	1.95699e-21	3.17364e-21	5.20661e-21	8.66729e-21	1.47006e-20	2.55549e-20	4.59371e-20	8.66211e-20	1.75757e-19	4.04517e-19	1.22010e-18	1.07365e-17	5.00955e-17	5.33371e-17	5.46078e-17	5.54077e-17	5.60223e-17	5.65498e-17	5.70356e-17	5.75052e-17	5.79751e-17	5.84579e-17	5.89641e-17	5.95034e-17	6.00853e-17	6.06552e-17	6.06977e-17	6.06978e-17	6.06978e-17	6.06978e-17	6.06978e-17	6.06978e-17	6.06978e-17	6.06978e-17	6.06978e-17	6.06978e-17	6.06978e-17	6.06978e-17	6.06978e-17	6.06978e-17	6.06978e-17	6.06978e-17	6.06978e-17	6.06978e-17	6.06978e-17	6.06978e-17	6.06978e-17	6.06978e-17	6.06978e-17	6.06978e-17	6.06978e-17	6.06978e-17	6.06978e-17	6.06978e-17	6.06978e-17	6.06978e-17	6.06978e-17	6.06978e-17	6.06978e-17	6.06978e-17	6.06978e-17	6.06978e-17	6.06978e-17	6.06978e-17	6.06978e-17	6.06978e-17	6.06978e-17	6.06978e-17	6.06978e-17	6.06978e-17	6.06978e-17	6.06978e-17	6.06978e-17	6.06978e-17	6.06978e-17	6.06978e-17	6.06978e-17	6.06978e-17	6.06978e-17	6.06978e-17	6.06978e-17	6.06978e-17	6.06978e-17	6.06978e-17	6.06978e-17	6.06978e-17	6.06978e-17	6.06978e-17	6.06978e-17	6.06978e-17	6.06978e-17	6.06978e-17	6.06978e-17	6.06978e-17	6.06978e-17	6.06978e-17	6.06978e-17	6.06978e-17	6.06978e-17	6.06978e-17	6.06978e-17	6.06978e-17	6.06978e-17	6.06978e-17	6.06978e-17	6.06978e-17	6.06978e-17	6.06978e-17	6.06978e-17	6.06978e-17	6.06978e-17
24.55	2.11681e-26	7.70465e-26	1.62783e-25	2.94393e-25	4.96528e-25	8.07176e-25	1.28493e-24	2.02029e-24	3.15326e-24	4.90077e-24	7.59966e-24	1.17742e-23	1.82426e-23	2.82859e-23	4.39175e-23	6.83156e-23	1.06523e-22	1.66590e-22	2.61463e-22	4.12139e-22	6.53025e-22	1.04121e-21	1.67283e-21	2.71282e-21	4.45060e-21	7.40878e-21	1.25660e-20	2.18443e-20	3.92669e-20	7.40436e-20	1.50237e-19	3.45780e-19	1.04294e-18	9.17751e-18	4.28216e-17	4.55924e-17	4.66787e-17	4.73624e-17	4.78877e-17	4.83387e-17	4.87540e-17	4.91553e-17	4.95570e-17	4.99697e-17	5.04025e-17	5.08634e-17	5.13608e-17	5.19031e-17	5.22035e-17	5.22062e-17	5.22062e-17	5.22062e-17	5.22062e-17	5.22062e-17	5.22062e-17	5.22062e-17	5.22062e-17	5.22062e-17	5.22062e-17	5.22062e-17	5.22062e-17	5.22062e-17	5.22062e-17	5.22062e-17	5.22062e-17	5.22062e-17	5.22062e-17	5.22062e-17	5.22062e-17	5.22062e-17	5.22062e-17	5.22062e-17	5.22062e-17	5.22062e-17	5.22062e-17	5.22062e-17	5.22062e-17	5.22062e-17	5.22062e-17	5.22062e-17	5.22062e-17	5.22062e-17	5.22062e-17	5.22062e-17	5.22062e-17	5.22062e-17	5.22062e-17	5.22062e-17	5.22062e-17	5.22062e-17	5.22062e-17	5.22062e-17	5.22062e-17	5.22062e-17	5.22062e-17	5.22062e-17	5.22062e-17	5.22062e-17	5.22062e-17	5.22062e-17	5.22062e-17	5.22062e-17	5.22062e-17	5.22062e-17	5.22062e-17	5.22062e-17	5.22062e-17	5.22062e-17	5.22062e-17	5.22062e-17	5.22062e-17	5.22062e-17	5.22062e-17	5.22062e-17	5.22062e-17	5.22062e-17	5.22062e-17	5.22062e-17	5.22062e-17	5.22062e-17	5.22062e-17	5.22062e-17	5.22062e-17	5.22062e-17	5.22062e-17	5.22062e-17	5.22062e-17	5.22062e-17	5.22062e-17	5.22062e-17	5.22062e-17	5.22062e-17	5.22062e-17
24.58	1.80945e-26	6.58592e-26	1.39147e-25	2.51646e-25	4.24432e-25	6.89973e-25	1.09836e-24	1.72694e-24	2.69540e-24	4.18917e-24	6.49618e-24	1.00646e-23	1.55937e-23	2.41788e-23	3.75406e-23	5.83960e-23	9.10556e-23	1.42401e-22	2.23498e-22	3.52296e-22	5.58205e-22	8.90022e-22	1.42993e-21	2.31891e-21	3.80437e-21	6.33302e-21	1.07414e-20	1.86725e-20	3.35653e-20	6.32923e-20	1.28422e-19	2.95573e-19	8.91505e-19	7.84492e-18	3.66038e-17	3.89723e-17	3.99008e-17	4.04853e-17	4.09344e-17	4.13198e-17	4.16748e-17	4.20179e-17	4.23613e-17	4.27141e-17	4.30839e-17	4.34780e-17	4.39032e-17	4.43667e-17	4.48554e-17	4.49163e-17	4.49164e-17	4.49164e-17	4.49164e-17	4.49164e-17	4.49164e-17	4.49164e-17	4.49164e-17	4.49164e-17	4.49164e-17	4.49164e-17	4.49164e-17	4.49164e-17	4.49164e-17	4.49164e-17	4.49164e-17	4.49164e-17	4.49164e-17	4.49164e-17	4.49164e-17	4.49164e-17	4.49164e-17	4.49164e-17	4.49164e-17	4.49164e-17	4.49164e-17	4.49164e-17	4.49164e-17	4.49164e-17	4.49164e-17	4.49164e-17	4.49164e-17	4.49164e-17	4.49164e-17	4.49164e-17	4.49164e-17	4.49164e-17	4.49164e-17	4.49164e-17	4.49164e-17	4.49164e-17	4.49164e-17	4.49164e-17	4.49164e-17	4.49164e-17	4.49164e-17	4.49164e-17	4.49164e-17	4.49164e-17	4.49164e-17	4.49164e-17	4.49164e-17	4.49164e-17	4.49164e-17	4.49164e-17	4.49164e-17	4.49164e-17	4.49164e-17	4.49164e-17	4.49164e-17	4.49164e-17	4.49164e-17	4.49164e-17	4.49164e-17	4.49164e-17	4.49164e-17	4.49164e-17	4.49164e-17	4.49164e-17	4.49164e-17	4.49164e-17	4.49164e-17	4.49164e-17	4.49164e-17	4.49164e-17	4.49164e-17	4.49164e-17	4.49164e-17	4.49164e-17	4.49164e-17	4.49164e-17	4.49164e-17	4.49164e-17	4.49164e-17
24.62	1.54671e-26	5.62964e-26	1.18942e-25	2.15107e-25	3.62804e-25	5.89788e-25	9.38873e-25	1.47619e-24	2.30402e-24	3.58089e-24	5.55292e-24	8.60317e-24	1.33295e-23	2.06680e-23	3.20897e-23	4.99169e-23	7.78342e-23	1.21724e-22	1.91046e-22	3.01142e-22	4.77152e-22	7.60790e-22	1.22230e-21	1.98220e-21	3.25197e-21	5.41345e-21	9.18175e-21	1.59612e-20	2.86916e-20	5.41022e-20	1.09775e-19	2.52655e-19	7.62057e-19	6.70583e-18	3.12889e-17	3.33135e-17	3.41072e-17	3.46068e-17	3.49906e-17	3.53201e-17	3.56236e-17	3.59168e-17	3.62103e-17	3.65119e-17	3.68281e-17	3.71649e-17	3.75284e-17	3.79246e-17	3.83603e-17	3.86531e-17	3.86574e-17	3.86574e-17	3.86574e-17	3.86574e-17	3.86574e-17	3.86574e-17	3.86574e-17	3.86574e-17	3.86574e-17	3.86574e-17	3.86574e-17	3.86574e-17	3.86574e-17	3.86574e-17	3.86574e-17	3.86574e-17	3.86574e-17	3.86574e-17	3.86574e-17	3.86574e-17	3.86574e-17	3.86574e-17	3.86574e-17	3.86574e-17	3.86574e-17	3.86574e-17	3.86574e-17	3.86574e-17	3.86574e-17	3.86574e-17	3.86574e-17	3.86574e-17	3.86574e-17	3.86574e-17	3.86574e-17	3.86574e-17	3.86574e-17	3.86574e-17	3.86574e-17	3.86574e-17	3.86574e-17	3.86574e-17	3.86574e-17	3.86574e-17	3.86574e-17	3.86574e-17	3.86574e-17	3.86574e-17	3.86574e-17	3.86574e-17	3.86574e-17	3.86574e-17	3.86574e-17	3.86574e-17	3.86574e-17	3.86574e-17	3.86574e-17	3.86574e-17	3.86574e-17	3.86574e-17	3.86574e-17	3.86574e-17	3.86574e-17	3.86574e-17	3.86574e-17	3.86574e-17	3.86574e-17	3.86574e-17	3.86574e-17	3.86574e-17	3.86574e-17	3.86574e-17	3.86574e-17	3.86574e-17	3.86574e-17	3.86574e-17	3.86574e-17	3.86574e-17	3.86574e-17	3.86574e-17	3.86574e-17	3.86574e-17	3.86574e-17
24.65	1.32213e-26	4.81220e-26	1.01672e-25	1.83873e-25	3.10124e-25	5.04150e-25	8.02547e-25	1.26184e-24	1.96948e-24	3.06094e-24	4.74663e-24	7.35398e-24	1.13940e-23	1.76669e-23	2.74302e-23	4.26688e-23	6.65325e-23	1.04050e-22	1.63306e-22	2.57415e-22	4.07869e-22	6.50322e-22	1.04482e-21	1.69438e-21	2.77978e-21	4.62741e-21	7.84855e-21	1.36436e-20	2.45255e-20	4.62465e-20	9.38356e-20	2.15969e-19	6.51406e-19	5.73213e-18	2.67457e-17	2.84763e-17	2.91548e-17	2.95818e-17	2.99099e-17	3.01916e-17	3.04510e-17	3.07017e-17	3.09525e-17	3.12103e-17	3.14806e-17	3.17685e-17	3.20792e-17	3.24179e-17	3.27904e-17	3.31995e-17	3.32823e-17	3.32825e-17	3.32825e-17	3.32825e-17	3.32825e-17	3.32825e-17	3.32825e-17	3.32825e-17	3.32825e-17	3.32825e-17	3.32825e-17	3.32825e-17	3.32825e-17	3.32825e-17	3.32825e-17	3.32825e-17	3.32825e-17	3.32825e-17	3.32825e-17	3.32825e-17	3.32825e-17	3.32825e-17	3.32825e-17	3.32825e-17	3.32825e-17	3.32825e-17	3.32825e-17	3.32825e-17	3.32825e-17	3.32825e-17	3.32825e-17	3.32825e-17	3.32825e-17	3.32825e-17	3.32825e-17	3.32825e-17	3.32825e-17	3.32825e-17	3.32825e-17	3.32825e-17	3.32825e-17	3.32825e-17	3.32825e-17	3.32825e-17	3.32825e-17	3.32825e-17	3.32825e-17	3.32825e-17	3.32825e-17	3.32825e-17	3.32825e-17	3.32825e-17	3.32825e-17	3.32825e-17	3.32825e-17	3.32825e-17	3.32825e-17	3.32825e-17	3.32825e-17	3.32825e-17	3.32825e-17	3.32825e-17	3.32825e-17	3.32825e-17	3.32825e-17	3.32825e-17	3.32825e-17	3.32825e-17	3.32825e-17	3.32825e-17	3.32825e-17	3.32825e-17	3.32825e-17	3.32825e-17	3.32825e-17	3.32825e-17	3.32825e-17	3.32825e-17	3.32825e-17	3.32825e-17	3.32825e-17	3.32825e-17	3.32825e-17
24.68	1.13015e-26	4.11346e-26	8.69088e-26	1.57174e-25	2.65093e-25	4.30946e-25	6.86016e-25	1.07862e-24	1.68351e-24	2.61649e-24	4.05741e-24	6.28617e-24	9.73961e-24	1.51017e-23	2.34473e-23	3.64733e-23	5.68719e-23	8.89415e-23	1.39594e-22	2.20038e-22	3.48646e-22	5.55894e-22	8.93113e-22	1.44836e-21	2.37615e-21	3.95550e-21	6.70892e-21	1.16625e-20	2.09644e-20	3.95314e-20	8.02105e-20	1.84610e-19	5.56820e-19	4.89982e-18	2.28622e-17	2.43415e-17	2.49214e-17	2.52865e-17	2.55670e-17	2.58077e-17	2.60294e-17	2.62437e-17	2.64582e-17	2.66785e-17	2.69096e-17	2.71557e-17	2.74212e-17	2.77108e-17	2.80291e-17	2.83817e-17	2.86593e-17	2.86662e-17	2.86662e-17	2.86662e-17	2.86662e-17	2.86662e-17	2.86662e-17	2.86662e-17	2.86662e-17	2.86662e-17	2.86662e-17	2.86662e-17	2.86662e-17	2.86662e-17	2.86662e-17	2.86662e-17	2.86662e-17	2.86662e-17	2.86662e-17	2.86662e-17	2.86662e-17	2.86662e-17	2.86662e-17	2.86662e-17	2.86662e-17	2.86662e-17	2.86662e-17	2.86662e-17	2.86662e-17	2.86662e-17	2.86662e-17	2.86662e-17	2.86662e-17	2.86662e-17	2.86662e-17	2.86662e-17	2.86662e-17	2.86662e-17	2.86662e-17	2.86662e-17	2.86662e-17	2.86662e-17	2.86662e-17	2.86662e-17	2.86662e-17	2.86662e-17	2.86662e-17	2.86662e-17	2.86662e-17	2.86662e-17	2.86662e-17	2.86662e-17	2.86662e-17	2.86662e-17	2.86662e-17	2.86662e-17	2.86662e-17	2.86662e-17	2.86662e-17	2.86662e-17	2.86662e-17	2.86662e-17	2.86662e-17	2.86662e-17	2.86662e-17	2.86662e-17	2.86662e-17	2.86662e-17	2.86662e-17	2.86662e-17	2.86662e-17	2.86662e-17	2.86662e-17	2.86662e-17	2.86662e-17	2.86662e-17	2.86662e-17	2.86662e-17	2.86662e-17	2.86662e-17	2.86662e-17	2.86662e-17	2.86662e-17
24.72	9.66052e-27	3.51618e-26	7.42895e-26	1.34352e-25	2.26601e-25	3.68372e-25	5.86405e-25	9.22004e-25	1.43906e-24	2.23657e-24	3.46827e-24	5.37341e-24	8.32540e-24	1.29089e-23	2.00427e-23	3.11773e-23	4.86140e-23	7.60270e-23	1.19324e-22	1.88088e-22	2.98022e-22	4.75177e-22	7.63432e-22	1.23805e-21	2.03113e-21	3.38116e-21	5.73478e-21	9.96911e-21	1.79203e-20	3.37914e-20	6.85638e-20	1.57804e-19	4.75969e-19	4.18836e-18	1.95425e-17	2.08071e-17	2.13028e-17	2.16149e-17	2.18546e-17	2.20604e-17	2.22499e-17	2.24331e-17	2.26164e-17	2.28048e-17	2.30023e-17	2.32126e-17	2.34396e-17	2.36871e-17	2.39593e-17	2.42606e-17	2.45963e-17	2.47001e-17	2.47005e-17	2.47005e-17	2.47005e-17	2.47005e-17	2.47005e-17	2.47005e-17	2.47005e-17	2.47005e-17	2.47005e-17	2.47005e-17	2.47005e-17	2.47005e-17	2.47005e-17	2.47005e-17	2.47005e-17	2.47005e-17	2.47005e-17	2.47005e-17	2.47005e-17	2.47005e-17	2.47005e-17	2.47005e-17	2.47005e-17	2.47005e-17	2.47005e-17	2.47005e-17	2.47005e-17	2.47005e-17	2.47005e-17	2.47005e-17	2.47005e-17	2.47005e-17	2.47005e-17	2.47005e-17	2.47005e-17	2.47005e-17	2.47005e-17	2.47005e-17	2.47005e-17	2.47005e-17	2.47005e-17	2.47005e-17	2.47005e-17	2.47005e-17	2.47005e-17	2.47005e-17	2.47005e-17	2.47005e-17	2.47005e-17	2.47005e-17	2.47005e-17	2.47005e-17	2.47005e-17	2.47005e-17	2.47005e-17	2.47005e-17	2.47005e-17	2.47005e-17	2.47005e-17	2.47005e-17	2.47005e-17	2.47005e-17	2.47005e-17	2.47005e-17	2.47005e-17	2.47005e-17	2.47005e-17	2.47005e-17	2.47005e-17	2.47005e-17	2.47005e-17	2.47005e-17	2.47005e-17	2.47005e-17	2.47005e-17	2.47005e-17	2.47005e-17	2.47005e-17	2.47005e-17	2.47005e-17	2.47005e-17
24.75	8.25780e-27	3.00563e-26	6.35025e-26	1.14844e-25	1.93699e-25	3.14884e-25	5.01259e-25	7.88128e-25	1.23010e-24	1.91182e-24	2.96467e-24	4.59318e-24	7.11654e-24	1.10345e-23	1.71325e-23	2.66503e-23	4.15552e-23	6.49878e-23	1.01998e-22	1.60778e-22	2.54749e-22	4.06181e-22	6.52580e-22	1.05829e-21	1.73621e-21	2.89021e-21	4.90208e-21	8.52158e-21	1.53183e-20	2.88848e-20	5.86082e-20	1.34891e-19	4.06858e-19	3.58020e-18	1.67049e-17	1.77859e-17	1.82096e-17	1.84763e-17	1.86813e-17	1.88572e-17	1.90192e-17	1.91758e-17	1.93325e-17	1.94935e-17	1.96623e-17	1.98421e-17	2.00362e-17	2.02477e-17	2.04803e-17	2.07380e-17	2.10249e-17	2.12824e-17	2.12931e-17	2.12931e-17	2.12931e-17	2.12931e-17	2.12931e-17	2.12931e-17	2.12931e-17	2.12931e-17	2.12931e-17	2.12931e-17	2.12931e-17	2.12931e-17	2.12931e-17	2.12931e-17	2.12931e-17	2.12931e-17	2.12931e-17	2.12931e-17	2.12931e-17	2.12931e-17	2.12931e-17	2.12931e-17	2.12931e-17	2.12931e-17	2.12931e-17	2.12931e-17	2.12931e-17	2.12931e-17	2.12931e-17	2.12931e-17	2.12931e-17	2.12931e-17	2.12931e-17	2.12931e-17	2.12931e-17	2.12931e-17	2.12931e-17	2.12931e-17	2.12931e-17	2.12931e-17	2.12931e-17	2.12931e-17	2.12931e-17	2.12931e-17	2.12931e-17	2.12931e-17	2.12931e-17	2.12931e-17	2.12931e-17	2.12931e-17	2.12931e-17	2.12931e-17	2.12931e-17	2.12931e-17	2.12931e-17	2.12931e-17	2.12931e-17	2.12931e-17	2.12931e-17	2.12931e-17	2.12931e-17	2.12931e-17	2.12931e-17	2.12931e-17	2.12931e-17	2.12931e-17	2.12931e-17	2.12931e-17	2.12931e-17	2.12931e-17	2.12931e-17	2.12931e-17	2.12931e-17	2.12931e-17	2.12931e-17	2.12931e-17	2.12931e-17	2.12931e-17	2.12931e-17	2.12931e-17	2.12931e-17
24.79	7.05876e-27	2.56921e-26	5.42819e-26	9.81687e-26	1.65573e-25	2.69162e-25	4.28475e-25	6.73690e-25	1.05149e-24	1.63422e-24	2.53420e-24	3.92624e-24	6.08321e-24	9.43227e-24	1.46448e-23	2.27806e-23	3.55213e-23	5.55515e-23	8.71880e-23	1.37433e-22	2.17759e-22	3.47203e-22	5.57825e-22	9.04622e-22	1.48411e-21	2.47055e-21	4.19029e-21	7.28423e-21	1.30940e-20	2.46907e-20	5.00982e-20	1.15305e-19	3.47781e-19	3.06035e-18	1.42794e-17	1.52033e-17	1.55655e-17	1.57936e-17	1.59687e-17	1.61191e-17	1.62576e-17	1.63914e-17	1.65254e-17	1.66630e-17	1.68073e-17	1.69610e-17	1.71269e-17	1.73077e-17	1.75066e-17	1.77268e-17	1.79721e-17	1.82466e-17	1.83639e-17	1.83646e-17	1.83646e-17	1.83646e-17	1.83646e-17	1.83646e-17	1.83646e-17	1.83646e-17	1.83646e-17	1.83646e-17	1.83646e-17	1.83646e-17	1.83646e-17	1.83646e-17	1.83646e-17	1.83646e-17	1.83646e-17	1.83646e-17	1.83646e-17	1.83646e-17	1.83646e-17	1.83646e-17	1.83646e-17	1.83646e-17	1.83646e-17	1.83646e-17	1.83646e-17	1.83646e-17	1.83646e-17	1.83646e-17	1.83646e-17	1.83646e-17	1.83646e-17	1.83646e-17	1.83646e-17	1.83646e-17	1.83646e-17	1.83646e-17	1.83646e-17	1.83646e-17	1.83646e-17	1.83646e-17	1.83646e-17	1.83646e-17	1.83646e-17	1.83646e-17	1.83646e-17	1.83646e-17	1.83646e-17	1.83646e-17	1.83646e-17	1.83646e-17	1.83646e-17	1.83646e-17	1.83646e-17	1.83646e-17	1.83646e-17	1.83646e-17	1.83646e-17	1.83646e-17	1.83646e-17	1.83646e-17	1.83646e-17	1.83646e-17	1.83646e-17	1.83646e-17	1.83646e-17	1.83646e-17	1.83646e-17	1.83646e-17	1.83646e-17	1.83646e-17	1.83646e-17	1.83646e-17	1.83646e-17	1.83646e-17	1.83646e-17	1.83646e-17	1.83646e-17	1.83646e-17	1.83646e-17
24.82	6.03381e-27	2.19615e-26	4.64001e-26	8.39144e-26	1.41532e-25	2.30080e-25	3.66260e-25	5.75869e-25	8.98813e-25	1.39693e-24	2.16623e-24	3.35615e-24	5.19992e-24	8.06269e-24	1.25184e-23	1.94729e-23	3.03636e-23	4.74853e-23	7.45281e-23	1.17477e-22	1.86140e-22	2.96788e-22	4.76828e-22	7.73269e-22	1.26861e-21	2.11182e-21	3.58185e-21	6.22655e-21	1.11927e-20	2.11056e-20	4.28239e-20	9.85621e-20	2.97283e-19	2.61598e-18	1.22060e-17	1.29958e-17	1.33054e-17	1.35003e-17	1.36500e-17	1.37786e-17	1.38970e-17	1.40114e-17	1.41259e-17	1.42435e-17	1.43668e-17	1.44982e-17	1.46400e-17	1.47946e-17	1.49646e-17	1.51528e-17	1.53625e-17	1.55972e-17	1.58307e-17	1.58470e-17	1.58470e-17	1.58470e-17	1.58470e-17	1.58470e-17	1.58470e-17	1.58470e-17	1.58470e-17	1.58470e-17	1.58470e-17	1.58470e-17	1.58470e-17	1.58470e-17	1.58470e-17	1.58470e-17	1.58470e-17	1.58470e-17	1.58470e-17	1.58470e-17	1.58470e-17	1.58470e-17	1.58470e-17	1.58470e-17	1.58470e-17	1.58470e-17	1.58470e-17	1.58470e-17	1.58470e-17	1.58470e-17	1.58470e-17	1.58470e-17	1.58470e-17	1.58470e-17	1.58470e-17	1.58470e-17	1.58470e-17	1.58470e-17	1.58470e-17	1.58470e-17	1.58470e-17	1.58470e-17	1.58470e-17	1.58470e-17	1.58470e-17	1.58470e-17	1.58470e-17	1.58470e-17	1.58470e-17	1.58470e-17	1.58470e-17	1.58470e-17	1.58470e-17	1.58470e-17	1.58470e-17	1.58470e-17	1.58470e-17	1.58470e-17	1.58470e-17	1.58470e-17	1.58470e-17	1.58470e-17	1.58470e-17	1.58470e-17	1.58470e-17	1.58470e-17	1.58470e-17	1.58470e-17	1.58470e-17	1.58470e-17	1.58470e-17	1.58470e-17	1.58470e-17	1.58470e-17	1.58470e-17	1.58470e-17	1.58470e-17	1.58470e-17	1.58470e-17	1.58470e-17	1.58470e-17
24.85	5.15769e-27	1.87727e-26	3.96627e-26	7.17299e-26	1.20981e-25	1.96672e-25	3.13078e-25	4.92252e-25	7.68304e-25	1.19409e-24	1.85169e-24	2.86883e-24	4.44488e-24	6.89198e-24	1.07007e-23	1.66454e-23	2.59547e-23	4.05904e-23	6.37065e-23	1.00419e-22	1.59112e-22	2.53694e-22	4.07592e-22	6.60989e-22	1.08441e-21	1.80518e-21	3.06176e-21	5.32244e-21	9.56754e-21	1.80410e-20	3.66058e-20	8.42508e-20	2.54117e-19	2.23614e-18	1.04336e-17	1.11088e-17	1.13734e-17	1.15400e-17	1.16680e-17	1.17779e-17	1.18791e-17	1.19769e-17	1.20748e-17	1.21753e-17	1.22808e-17	1.23931e-17	1.25143e-17	1.26464e-17	1.27917e-17	1.29526e-17	1.31318e-17	1.33325e-17	1.35580e-17	1.36811e-17	1.36822e-17	1.36822e-17	1.36822e-17	1.36822e-17	1.36822e-17	1.36822e-17	1.36822e-17	1.36822e-17	1.36822e-17	1.36822e-17	1.36822e-17	1.36822e-17	1.36822e-17	1.36822e-17	1.36822e-17	1.36822e-17	1.36822e-17	1.36822e-17	1.36822e-17	1.36822e-17	1.36822e-17	1.36822e-17	1.36822e-17	1.36822e-17	1.36822e-17	1.36822e-17	1.36822e-17	1.36822e-17	1.36822e-17	1.36822e-17	1.36822e-17	1.36822e-17	1.36822e-17	1.36822e-17	1.36822e-17	1.36822e-17	1.36822e-17	1.36822e-17	1.36822e-17	1.36822e-17	1.36822e-17	1.36822e-17	1.36822e-17	1.36822e-17	1.36822e-17	1.36822e-17	1.36822e-17	1.36822e-17	1.36822e-17	1.36822e-17	1.36822e-17	1.36822e-17	1.36822e-17	1.36822e-17	1.36822e-17	1.36822e-17	1.36822e-17	1.36822e-17	1.36822e-17	1.36822e-17	1.36822e-17	1.36822e-17	1.36822e-17	1.36822e-17	1.36822e-17	1.36822e-17	1.36822e-17	1.36822e-17	1.36822e-17	1.36822e-17	1.36822e-17	1.36822e-17	1.36822e-17	1.36822e-17	1.36822e-17	1.36822e-17	1.36822e-17	1.36822e-17	1.36822e-17
24.89	4.40879e-27	1.60469e-26	3.39036e-26	6.13146e-26	1.03414e-25	1.68115e-25	2.67619e-25	4.20776e-25	6.56745e-25	1.02071e-24	1.58282e-24	2.45227e-24	3.79948e-24	5.89125e-24	9.14693e-24	1.42284e-23	2.21861e-23	3.46966e-23	5.44562e-23	8.58382e-23	1.36009e-22	2.16858e-22	3.48409e-22	5.65013e-22	9.26949e-22	1.54306e-21	2.61719e-21	4.54962e-21	8.17832e-21	1.54214e-20	3.12906e-20	7.20174e-20	2.17219e-19	1.91145e-18	8.91866e-18	9.49577e-18	9.72200e-18	9.86441e-18	9.97382e-18	1.00677e-17	1.01542e-17	1.02378e-17	1.03215e-17	1.04075e-17	1.04976e-17	1.05936e-17	1.06972e-17	1.08101e-17	1.09343e-17	1.10719e-17	1.12251e-17	1.13966e-17	1.15893e-17	1.17959e-17	1.18200e-17	1.18200e-17	1.18200e-17	1.18200e-17	1.18200e-17	1.18200e-17	1.18200e-17	1.18200e-17	1.18200e-17	1.18200e-17	1.18200e-17	1.18200e-17	1.18200e-17	1.18200e-17	1.18200e-17	1.18200e-17	1.18200e-17	1.18200e-17	1.18200e-17	1.18200e-17	1.18200e-17	1.18200e-17	1.18200e-17	1.18200e-17	1.18200e-17	1.18200e-17	1.18200e-17	1.18200e-17	1.18200e-17	1.18200e-17	1.18200e-17	1.18200e-17	1.18200e-17	1.18200e-17	1.18200e-17	1.18200e-17	1.18200e-17	1.18200e-17	1.18200e-17	1.18200e-17	1.18200e-17	1.18200e-17	1.18200e-17	1.18200e-17	1.18200e-17	1.18200e-17	1.18200e-17	1.18200e-17	1.18200e-17	1.18200e-17	1.18200e-17	1.18200e-17	1.18200e-17	1.18200e-17	1.18200e-17	1.18200e-17	1.18200e-17	1.18200e-17	1.18200e-17	1.18200e-17	1.18200e-17	1.18200e-17	1.18200e-17	1.18200e-17	1.18200e-17	1.18200e-17	1.18200e-17	1.18200e-17	1.18200e-17	1.18200e-17	1.18200e-17	1.18200e-17	1.18200e-17	1.18200e-17	1.18200e-17	1.18200e-17	1.18200e-17	1.18200e-17	1.18200e-17
24.92	3.76863e-27	1.37168e-26	2.89808e-26	5.24117e-26	8.83985e-26	1.43704e-25	2.28760e-25	3.59679e-25	5.61385e-25	8.72499e-25	1.35299e-24	2.09620e-24	3.24779e-24	5.03583e-24	7.81878e-24	1.21624e-23	1.89646e-23	2.96586e-23	4.65491e-23	7.33744e-23	1.16260e-22	1.85369e-22	2.97819e-22	4.82972e-22	7.92355e-22	1.31901e-21	2.23717e-21	3.88901e-21	6.99082e-21	1.31822e-20	2.67471e-20	6.15604e-20	1.85678e-19	1.63390e-18	7.62366e-18	8.11697e-18	8.31035e-18	8.43208e-18	8.52561e-18	8.60589e-18	8.67983e-18	8.75128e-18	8.82280e-18	8.89627e-18	8.97331e-18	9.05538e-18	9.14393e-18	9.24048e-18	9.34665e-18	9.46421e-18	9.59517e-18	9.74177e-18	9.90655e-18	1.00924e-17	1.02160e-17	1.02177e-17	1.02177e-17	1.02177e-17	1.02177e-17	1.02177e-17	1.02177e-17	1.02177e-17	1.02177e-17	1.02177e-17	1.02177e-17	1.02177e-17	1.02177e-17	1.02177e-17	1.02177e-17	1.02177e-17	1.02177e-17	1.02177e-17	1.02177e-17	1.02177e-17	1.02177e-17	1.02177e-17	1.02177e-17	1.02177e-17	1.02177e-17	1.02177e-17	1.02177e-17	1.02177e-17	1.02177e-17	1.02177e-17	1.02177e-17	1.02177e-17	1.02177e-17	1.02177e-17	1.02177e-17	1.02177e-17	1.02177e-17	1.02177e-17	1.02177e-17	1.02177e-17	1.02177e-17	1.02177e-17	1.02177e-17	1.02177e-17	1.02177e-17	1.02177e-17	1.02177e-17	1.02177e-17	1.02177e-17	1.02177e-17	1.02177e-17	1.02177e-17	1.02177e-17	1.02177e-17	1.02177e-17	1.02177e-17	1.02177e-17	1.02177e-17	1.02177e-17	1.02177e-17	1.02177e-17	1.02177e-17	1.02177e-17	1.02177e-17	1.02177e-17	1.02177e-17	1.02177e-17	1.02177e-17	1.02177e-17	1.02177e-17	1.02177e-17	1.02177e-17	1.02177e-17	1.02177e-17	1.02177e-17	1.02177e-17	1.02177e-17	1.02177e-17	1.02177e-17
24.96	3.22142e-27	1.17251e-26	2.47727e-26	4.48014e-26	7.55629e-26	1.22838e-25	1.95544e-25	3.07453e-25	4.79871e-25	7.45811e-25	1.15654e-24	1.79183e-24	2.77620e-24	4.30462e-24	6.68348e-24	1.03964e-23	1.62109e-23	2.53521e-23	3.97901e-23	6.27203e-23	9.93790e-23	1.58454e-22	2.54575e-22	4.12844e-22	6.77304e-22	1.12749e-21	1.91233e-21	3.32432e-21	5.97574e-21	1.12681e-20	2.28634e-20	5.26217e-20	1.58718e-19	1.39666e-18	6.51669e-18	6.93837e-18	7.10367e-18	7.20773e-18	7.28768e-18	7.35630e-18	7.41950e-18	7.48058e-18	7.54171e-18	7.60452e-18	7.67037e-18	7.74052e-18	7.81622e-18	7.89875e-18	7.98950e-18	8.09000e-18	8.20194e-18	8.32725e-18	8.46810e-18	8.62699e-18	8.80468e-18	8.83844e-18	8.83853e-18	8.83853e-18	8.83853e-18	8.83853e-18	8.83853e-18	8.83853e-18	8.83853e-18	8.83853e-18	8.83853e-18	8.83853e-18	8.83853e-18	8.83853e-18	8.83853e-18	8.83853e-18	8.83853e-18	8.83853e-18	8.83853e-18	8.83853e-18	8.83853e-18	8.83853e-18	8.83853e-18	8.83853e-18	8.83853e-18	8.83853e-18	8.83853e-18	8.83853e-18	8.83853e-18	8.83853e-18	8.83853e-18	8.83853e-18	8.83853e-18	8.83853e-18	8.83853e-18	8.83853e-18	8.83853e-18	8.83853e-18	8.83853e-18	8.83853e-18	8.83853e-18	8.83853e-18	8.83853e-18	8.83853e-18	8.83853e-18	8.83853e-18	8.83853e-18	8.83853e-18	8.83853e-18	8.83853e-18	8.83853e-18	8.83853e-18	8.83853e-18	8.83853e-18	8.83853e-18	8.83853e-18	8.83853e-18	8.83853e-18	8.83853e-18	8.83853e-18	8.83853e-18	8.83853e-18	8.83853e-18	8.83853e-18	8.83853e-18	8.83853e-18	8.83853e-18	8.83853e-18	8.83853e-18	8.83853e-18	8.83853e-18	8.83853e-18	8.83853e-18	8.83853e-18	8.83853e-18	8.83853e-18	8.83853e-18	8.83853e-18	8.83853e-18
24.99	2.75366e-27	1.00226e-26	2.11757e-26	3.82962e-26	6.45911e-26	1.05002e-25	1.67151e-25	2.62810e-25	4.10193e-25	6.37518e-25	9.88604e-25	1.53165e-24	2.37309e-24	3.67958e-24	5.71303e-24	8.88686e-24	1.38571e-23	2.16709e-23	3.40125e-23	5.36132e-23	8.49490e-23	1.35446e-22	2.17611e-22	3.52898e-22	5.78958e-22	9.63774e-22	1.63466e-21	2.84162e-21	5.10805e-21	9.63198e-21	1.95436e-20	4.49810e-20	1.35672e-19	1.19386e-18	5.57046e-18	5.93091e-18	6.07221e-18	6.16116e-18	6.22950e-18	6.28816e-18	6.34218e-18	6.39439e-18	6.44664e-18	6.50033e-18	6.55662e-18	6.61659e-18	6.68129e-18	6.75184e-18	6.82941e-18	6.91532e-18	7.01100e-18	7.11812e-18	7.23852e-18	7.37434e-18	7.52800e-18	7.64814e-18	7.65089e-18	7.65089e-18	7.65089e-18	7.65089e-18	7.65089e-18	7.65089e-18	7.65089e-18	7.65089e-18	7.65089e-18	7.65089e-18	7.65089e-18	7.65089e-18	7.65089e-18	7.65089e-18	7.65089e-18	7.65089e-18	7.65089e-18	7.65089e-18	7.65089e-18	7.65089e-18	7.65089e-18	7.65089e-18	7.65089e-18	7.65089e-18	7.65089e-18	7.65089e-18	7.65089e-18	7.65089e-18	7.65089e-18	7.65089e-18	7.65089e-18	7.65089e-18	7.65089e-18	7.65089e-18	7.65089e-18	7.65089e-18	7.65089e-18	7.65089e-18	7.65089e-18	7.65089e-18	7.65089e-18	7.65089e-18	7.65089e-18	7.65089e-18	7.65089e-18	7.65089e-18	7.65089e-18	7.65089e-18	7.65089e-18	7.65089e-18	7.65089e-18	7.65089e-18	7.65089e-18	7.65089e-18	7.65089e-18	7.65089e-18	7.65089e-18	7.65089e-18	7.65089e-18	7.65089e-18	7.65089e-18	7.65089e-18	7.65089e-18	7.65089e-18	7.65089e-18	7.65089e-18	7.65089e-18	7.65089e-18	7.65089e-18	7.65089e-18	7.65089e-18	7.65089e-18	7.65089e-18	7.65089e-18	7.65089e-18	7.65089e-18	7.65089e-18
25.02	2.35383e-27	8.56732e-27	1.81009e-26	3.27355e-26	5.52124e-26	8.97554e-26	1.42880e-25	2.24650e-25	3.50632e-25	5.44950e-25	8.45058e-25	1.30925e-24	2.02852e-24	3.14530e-24	4.88349e-24	7.59647e-24	1.18450e-23	1.85243e-23	2.90739e-23	4.58285e-23	7.26143e-23	1.15779e-22	1.86013e-22	3.01657e-22	4.94893e-22	8.23833e-22	1.39730e-21	2.42901e-21	4.36636e-21	8.23341e-21	1.67058e-20	3.84497e-20	1.15972e-19	1.02051e-18	4.76162e-18	5.06973e-18	5.19052e-18	5.26655e-18	5.32496e-18	5.37511e-18	5.42128e-18	5.46591e-18	5.51058e-18	5.55647e-18	5.60459e-18	5.65585e-18	5.71116e-18	5.77146e-18	5.83777e-18	5.91120e-18	5.99299e-18	6.08456e-18	6.18748e-18	6.30357e-18	6.43492e-18	6.58389e-18	6.62764e-18	6.62779e-18	6.62779e-18	6.62779e-18	6.62779e-18	6.62779e-18	6.62779e-18	6.62779e-18	6.62779e-18	6.62779e-18	6.62779e-18	6.62779e-18	6.62779e-18	6.62779e-18	6.62779e-18	6.62779e-18	6.62779e-18	6.62779e-18	6.62779e-18	6.62779e-18	6.62779e-18	6.62779e-18	6.62779e-18	6.62779e-18	6.62779e-18	6.62779e-18	6.62779e-18	6.62779e-18	6.62779e-18	6.62779e-18	6.62779e-18	6.62779e-18	6.62779e-18	6.62779e-18	6.62779e-18	6.62779e-18	6.62779e-18	6.62779e-18	6.62779e-18	6.62779e-18	6.62779e-18	6.62779e-18	6.62779e-18	6.62779e-18	6.62779e-18	6.62779e-18	6.62779e-18	6.62779e-18	6.62779e-18	6.62779e-18	6.62779e-18	6.62779e-18	6.62779e-18	6.62779e-18	6.62779e-18	6.62779e-18	6.62779e-18	6.62779e-18	6.62779e-18	6.62779e-18	6.62779e-18	6.62779e-18	6.62779e-18	6.62779e-18	6.62779e-18	6.62779e-18	6.62779e-18	6.62779e-18	6.62779e-18	6.62779e-18	6.62779e-18	6.62779e-18	6.62779e-18	6.62779e-18	6.62779e-18	6.62779e-18	6.62779e-18
25.06	2.01205e-27	7.32333e-27	1.54726e-26	2.79823e-26	4.71954e-26	7.67227e-26	1.22134e-25	1.92030e-25	2.99720e-25	4.65822e-25	7.22354e-25	1.11915e-24	1.73397e-24	2.68860e-24	4.17440e-24	6.49345e-24	1.01251e-23	1.58345e-23	2.48523e-23	3.91741e-23	6.20706e-23	9.89676e-23	1.59004e-22	2.57856e-22	4.23033e-22	7.04211e-22	1.19441e-21	2.07632e-21	3.73235e-21	7.03790e-21	1.42801e-20	3.28667e-20	9.91325e-20	8.72330e-19	4.07022e-18	4.33360e-18	4.43684e-18	4.50184e-18	4.55177e-18	4.59463e-18	4.63411e-18	4.67225e-18	4.71044e-18	4.74967e-18	4.79080e-18	4.83461e-18	4.88189e-18	4.93344e-18	4.99012e-18	5.05289e-18	5.12280e-18	5.20107e-18	5.28904e-18	5.38828e-18	5.50056e-18	5.62792e-18	5.74165e-18	5.74603e-18	5.74604e-18	5.74604e-18	5.74604e-18	5.74604e-18	5.74604e-18	5.74604e-18	5.74604e-18	5.74604e-18	5.74604e-18	5.74604e-18	5.74604e-18	5.74604e-18	5.74604e-18	5.74604e-18	5.74604e-18	5.74604e-18	5.74604e-18	5.74604e-18	5.74604e-18	5.74604e-18	5.74604e-18	5.74604e-18	5.74604e-18	5.74604e-18	5.74604e-18	5.74604e-18	5.74604e-18	5.74604e-18	5.74604e-18	5.74604e-18	5.74604e-18	5.74604e-18	5.74604e-18	5.74604e-18	5.74604e-18	5.74604e-18	5.74604e-18	5.74604e-18	5.74604e-18	5.74604e-18	5.74604e-18	5.74604e-18	5.74604e-18	5.74604e-18	5.74604e-18	5.74604e-18	5.74604e-18	5.74604e-18	5.74604e-18	5.74604e-18	5.74604e-18	5.74604e-18	5.74604e-18	5.74604e-18	5.74604e-18	5.74604e-18	5.74604e-18	5.74604e-18	5.74604e-18	5.74604e-18	5.74604e-18	5.74604e-18	5.74604e-18	5.74604e-18	5.74604e-18	5.74604e-18	5.74604e-18	5.74604e-18	5.74604e-18	5.74604e-18	5.74604e-18	5.74604e-18	5.74604e-18	5.74604e-18	5.74604e-18
25.09	1.71989e-27	6.25997e-27	1.32260e-26	2.39192e-26	4.03426e-26	6.55825e-26	1.04400e-25	1.64147e-25	2.56200e-25	3.98184e-25	6.17467e-25	9.56645e-25	1.48220e-24	2.29821e-24	3.56827e-24	5.55059e-24	8.65491e-24	1.35353e-23	2.12437e-23	3.34860e-23	5.30578e-23	8.45974e-23	1.35916e-22	2.20415e-22	3.61608e-22	6.01959e-22	1.02098e-21	1.77483e-21	3.19041e-21	6.01599e-21	1.22066e-20	2.80944e-20	8.47383e-20	7.45666e-19	3.47922e-18	3.70435e-18	3.79261e-18	3.84816e-18	3.89085e-18	3.92748e-18	3.96123e-18	3.99384e-18	4.02647e-18	4.06001e-18	4.09516e-18	4.13262e-18	4.17303e-18	4.21709e-18	4.26555e-18	4.31920e-18	4.37896e-18	4.44587e-18	4.52107e-18	4.60590e-18	4.70187e-18	4.81074e-18	4.93449e-18	4.98548e-18	4.98574e-18	4.98574e-18	4.98574e-18	4.98574e-18	4.98574e-18	4.98574e-18	4.98574e-18	4.98574e-18	4.98574e-18	4.98574e-18	4.98574e-18	4.98574e-18	4.98574e-18	4.98574e-18	4.98574e-18	4.98574e-18	4.98574e-18	4.98574e-18	4.98574e-18	4.98574e-18	4.98574e-18	4.98574e-18	4.98574e-18	4.98574e-18	4.98574e-18	4.98574e-18	4.98574e-18	4.98574e-18	4.98574e-18	4.98574e-18	4.98574e-18	4.98574e-18	4.98574e-18	4.98574e-18	4.98574e-18	4.98574e-18	4.98574e-18	4.98574e-18	4.98574e-18	4.98574e-18	4.98574e-18	4.98574e-18	4.98574e-18	4.98574e-18	4.98574e-18	4.98574e-18	4.98574e-18	4.98574e-18	4.98574e-18	4.98574e-18	4.98574e-18	4.98574e-18	4.98574e-18	4.98574e-18	4.98574e-18	4.98574e-18	4.98574e-18	4.98574e-18	4.98574e-18	4.98574e-18	4.98574e-18	4.98574e-18	4.98574e-18	4.98574e-18	4.98574e-18	4.98574e-18	4.98574e-18	4.98574e-18	4.98574e-18	4.98574e-18	4.98574e-18	4.98574e-18	4.98574e-18	4.98574e-18	4.98574e-18
25.13	1.47016e-27	5.35102e-27	1.13056e-26	2.04461e-26	3.44848e-26	5.60598e-26	8.92407e-26	1.40313e-25	2.18999e-25	3.40367e-25	5.27810e-25	8.17739e-25	1.26698e-24	1.96451e-24	3.05015e-24	4.74464e-24	7.39820e-24	1.15700e-23	1.81591e-23	2.86238e-23	4.53537e-23	7.23137e-23	1.16181e-22	1.88410e-22	3.09102e-22	5.14553e-22	8.72733e-22	1.51712e-21	2.72716e-21	5.14246e-21	1.04342e-20	2.40151e-20	7.24342e-20	6.37394e-19	2.97403e-18	3.16648e-18	3.24192e-18	3.28940e-18	3.32589e-18	3.35721e-18	3.38605e-18	3.41392e-18	3.44182e-18	3.47049e-18	3.50054e-18	3.53256e-18	3.56710e-18	3.60477e-18	3.64618e-18	3.69204e-18	3.74313e-18	3.80032e-18	3.86460e-18	3.93711e-18	4.01915e-18	4.11221e-18	4.21799e-18	4.32302e-18	4.32982e-18	4.32984e-18	4.32984e-18	4.32984e-18	4.32984e-18	4.32984e-18	4.32984e-18	4.32984e-18	4.32984e-18	4.32984e-18	4.32984e-18	4.32984e-18	4.32984e-18	4.32984e-18	4.32984e-18	4.32984e-18	4.32984e-18	4.32984e-18	4.32984e-18	4.32984e-18	4.32984e-18	4.32984e-18	4.32984e-18	4.32984e-18	4.32984e-18	4.32984e-18	4.32984e-18	4.32984e-18	4.32984e-18	4.32984e-18	4.32984e-18	4.32984e-18	4.32984e-18	4.32984e-18	4.32984e-18	4.32984e-18	4.32984e-18	4.32984e-18	4.32984e-18	4.32984e-18	4.32984e-18	4.32984e-18	4.32984e-18	4.32984e-18	4.32984e-18	4.32984e-18	4.32984e-18	4.32984e-18	4.32984e-18	4.32984e-18	4.32984e-18	4.32984e-18	4.32984e-18	4.32984e-18	4.32984e-18	4.32984e-18	4.32984e-18	4.32984e-18	4.32984e-18	4.32984e-18	4.32984e-18	4.32984e-18	4.32984e-18	4.32984e-18	4.32984e-18	4.32984e-18	4.32984e-18	4.32984e-18	4.32984e-18	4.32984e-18	4.32984e-18	4.32984e-18	4.32984e-18	4.32984e-18	4.32984e-18
25.16	1.25669e-27	4.57404e-27	9.66398e-27	1.74773e-26	2.94775e-26	4.79198e-26	7.62828e-26	1.19939e-25	1.87200e-25	2.90945e-25	4.51171e-25	6.99002e-25	1.08301e-24	1.67926e-24	2.60726e-24	4.05571e-24	6.32397e-24	9.89000e-24	1.55224e-23	2.44676e-23	3.87683e-23	6.18136e-23	9.93113e-23	1.61053e-22	2.64220e-22	4.39839e-22	7.46011e-22	1.29683e-21	2.33117e-21	4.39576e-21	8.91915e-21	2.05280e-20	6.19166e-20	5.44844e-19	2.54220e-18	2.70670e-18	2.77118e-18	2.81178e-18	2.84296e-18	2.86974e-18	2.89439e-18	2.91822e-18	2.94207e-18	2.96657e-18	2.99226e-18	3.01962e-18	3.04915e-18	3.08135e-18	3.11675e-18	3.15595e-18	3.19962e-18	3.24851e-18	3.30346e-18	3.36544e-18	3.43557e-18	3.51511e-18	3.60553e-18	3.70851e-18	3.76325e-18	3.76369e-18	3.76369e-18	3.76369e-18	3.76369e-18	3.76369e-18	3.76369e-18	3.76369e-18	3.76369e-18	3.76369e-18	3.76369e-18	3.76369e-18	3.76369e-18	3.76369e-18	3.76369e-18	3.76369e-18	3.76369e-18	3.76369e-18	3.76369e-18	3.76369e-18	3.76369e-18	3.76369e-18	3.76369e-18	3.76369e-18	3.76369e-18	3.76369e-18	3.76369e-18	3.76369e-18	3.76369e-18	3.76369e-18	3.76369e-18	3.76369e-18	3.76369e-18	3.76369e-18	3.76369e-18	3.76369e-18	3.76369e-18	3.76369e-18	3.76369e-18	3.76369e-18	3.76369e-18	3.76369e-18	3.76369e-18	3.76369e-18	3.76369e-18	3.76369e-18	3.76369e-18	3.76369e-18	3.76369e-18	3.76369e-18	3.76369e-18	3.76369e-18	3.76369e-18	3.76369e-18	3.76369e-18	3.76369e-18	3.76369e-18	3.76369e-18	3.76369e-18	3.76369e-18	3.76369e-18	3.76369e-18	3.76369e-18	3.76369e-18	3.76369e-18	3.76369e-18	3.76369e-18	3.76369e-18	3.76369e-18	3.76369e-18	3.76369e-18	3.76369e-18	3.76369e-18	3.76369e-18	3.76369e-18
25.19	1.07422e-27	3.90988e-27	8.26075e-27	1.49396e-26	2.51974e-26	4.09618e-26	6.52064e-26	1.02524e-25	1.60019e-25	2.48700e-25	3.85660e-25	5.97506e-25	9.25758e-25	1.43543e-24	2.22869e-24	3.46681e-24	5.40572e-24	8.45396e-24	1.32685e-23	2.09148e-23	3.31391e-23	5.28382e-23	8.48912e-23	1.37668e-22	2.25855e-22	3.75974e-22	6.37689e-22	1.10853e-21	1.99268e-21	3.75749e-21	7.62407e-21	1.75473e-20	5.29262e-20	4.65732e-19	2.17307e-18	2.31368e-18	2.36880e-18	2.40350e-18	2.43016e-18	2.45305e-18	2.47412e-18	2.49449e-18	2.51487e-18	2.53582e-18	2.55778e-18	2.58117e-18	2.60641e-18	2.63393e-18	2.66419e-18	2.69770e-18	2.73503e-18	2.77682e-18	2.82379e-18	2.87677e-18	2.93672e-18	3.00471e-18	3.08201e-18	3.17003e-18	3.26449e-18	3.27470e-18	3.27472e-18	3.27472e-18	3.27472e-18	3.27472e-18	3.27472e-18	3.27472e-18	3.27472e-18	3.27472e-18	3.27472e-18	3.27472e-18	3.27472e-18	3.27472e-18	3.27472e-18	3.27472e-18	3.27472e-18	3.27472e-18	3.27472e-18	3.27472e-18	3.27472e-18	3.27472e-18	3.27472e-18	3.27472e-18	3.27472e-18	3.27472e-18	3.27472e-18	3.27472e-18	3.27472e-18	3.27472e-18	3.27472e-18	3.27472e-18	3.27472e-18	3.27472e-18	3.27472e-18	3.27472e-18	3.27472e-18	3.27472e-18	3.27472e-18	3.27472e-18	3.27472e-18	3.27472e-18	3.27472e-18	3.27472e-18	3.27472e-18	3.27472e-18	3.27472e-18	3.27472e-18	3.27472e-18	3.27472e-18	3.27472e-18	3.27472e-18	3.27472e-18	3.27472e-18	3.27472e-18	3.27472e-18	3.27472e-18	3.27472e-18	3.27472e-18	3.27472e-18	3.27472e-18	3.27472e-18	3.27472e-18	3.27472e-18	3.27472e-18	3.27472e-18	3.27472e-18	3.27472e-18	3.27472e-18	3.27472e-18	3.27472e-18	3.27472e-18	3.27472e-18	3.27472e-18	3.27472e-18
25.23	9.18241e-28	3.34216e-27	7.06128e-27	1.27703e-26	2.15387e-26	3.50141e-26	5.57383e-26	8.76373e-26	1.36784e-25	2.12588e-25	3.29662e-25	5.10747e-25	7.91336e-25	1.22700e-24	1.90508e-24	2.96343e-24	4.62080e-24	7.22643e-24	1.13419e-23	1.78780e-23	2.83272e-23	4.51660e-23	7.25648e-23	1.17678e-22	1.93060e-22	3.21382e-22	5.45095e-22	9.47572e-22	1.70334e-21	3.21190e-21	6.51705e-21	1.49994e-20	4.52413e-20	3.98107e-19	1.85753e-18	1.97773e-18	2.02485e-18	2.05451e-18	2.07730e-18	2.09686e-18	2.11487e-18	2.13228e-18	2.14971e-18	2.16761e-18	2.18638e-18	2.20638e-18	2.22796e-18	2.25148e-18	2.27735e-18	2.30599e-18	2.33790e-18	2.37362e-18	2.41377e-18	2.45906e-18	2.51030e-18	2.56842e-18	2.63449e-18	2.70974e-18	2.79557e-18	2.85145e-18	2.85216e-18	2.85216e-18	2.85216e-18	2.85216e-18	2.85216e-18	2.85216e-18	2.85216e-18	2.85216e-18	2.85216e-18	2.85216e-18	2.85216e-18	2.85216e-18	2.85216e-18	2.85216e-18	2.85216e-18	2.85216e-18	2.85216e-18	2.85216e-18	2.85216e-18	2.85216e-18	2.85216e-18	2.85216e-18	2.85216e-18	2.85216e-18	2.85216e-18	2.85216e-18	2.85216e-18	2.85216e-18	2.85216e-18	2.85216e-18	2.85216e-18	2.85216e-18	2.85216e-18	2.85216e-18	2.85216e-18	2.85216e-18	2.85216e-18	2.85216e-18	2.85216e-18	2.85216e-18	2.85216e-18	2.85216e-18	2.85216e-18	2.85216e-18	2.85216e-18	2.85216e-18	2.85216e-18	2.85216e-18	2.85216e-18	2.85216e-18	2.85216e-18	2.85216e-18	2.85216e-18	2.85216e-18	2.85216e-18	2.85216e-18	2.85216e-18	2.85216e-18	2.85216e-18	2.85216e-18	2.85216e-18	2.85216e-18	2.85216e-18	2.85216e-18	2.85216e-18	2.85216e-18	2.85216e-18	2.85216e-18	2.85216e-18	2.85216e-18	2.85216e-18	2.85216e-18	2.85216e-18
25.26	7.84911e-28	2.85687e-27	6.03597e-27	1.09160e-26	1.84112e-26	2.99300e-26	4.76450e-26	7.49122e-26	1.16922e-25	1.81720e-25	2.81794e-25	4.36586e-25	6.76433e-25	1.04884e-24	1.62846e-24	2.53313e-24	3.94986e-24	6.17714e-24	9.69502e-24	1.52821e-23	2.42141e-23	3.86078e-23	6.20283e-23	1.00591e-22	1.65028e-22	2.74717e-22	4.65947e-22	8.09983e-22	1.45601e-21	2.74553e-21	5.57076e-21	1.28215e-20	3.86722e-20	3.40301e-19	1.58782e-18	1.69056e-18	1.73084e-18	1.75619e-18	1.77567e-18	1.79239e-18	1.80779e-18	1.82267e-18	1.83757e-18	1.85287e-18	1.86892e-18	1.88601e-18	1.90445e-18	1.92456e-18	1.94667e-18	1.97116e-18	1.99843e-18	2.02897e-18	2.06329e-18	2.10200e-18	2.14580e-18	2.19548e-18	2.25196e-18	2.31628e-18	2.38965e-18	2.47212e-18	2.48671e-18	2.48675e-18	2.48675e-18	2.48675e-18	2.48675e-18	2.48675e-18	2.48675e-18	2.48675e-18	2.48675e-18	2.48675e-18	2.48675e-18	2.48675e-18	2.48675e-18	2.48675e-18	2.48675e-18	2.48675e-18	2.48675e-18	2.48675e-18	2.48675e-18	2.48675e-18	2.48675e-18	2.48675e-18	2.48675e-18	2.48675e-18	2.48675e-18	2.48675e-18	2.48675e-18	2.48675e-18	2.48675e-18	2.48675e-18	2.48675e-18	2.48675e-18	2.48675e-18	2.48675e-18	2.48675e-18	2.48675e-18	2.48675e-18	2.48675e-18	2.48675e-18	2.48675e-18	2.48675e-18	2.48675e-18	2.48675e-18	2.48675e-18	2.48675e-18	2.48675e-18	2.48675e-18	2.48675e-18	2.48675e-18	2.48675e-18	2.48675e-18	2.48675e-18	2.48675e-18	2.48675e-18	2.48675e-18	2.48675e-18	2.48675e-18	2.48675e-18	2.48675e-18	2.48675e-18	2.48675e-18	2.48675e-18	2.48675e-18	2.48675e-18	2.48675e-18	2.48675e-18	2.48675e-18	2.48675e-18	2.48675e-18	2.48675e-18	2.48675e-18	2.48675e-18	2.48675e-18
25.30	6.70941e-28	2.44205e-27	5.15954e-27	9.33102e-27	1.57379e-26	2.55841e-26	4.07269e-26	6.40348e-26	9.99452e-26	1.55334e-25	2.40877e-25	3.73193e-25	5.78214e-25	8.96545e-25	1.39200e-24	2.16532e-24	3.37633e-24	5.28021e-24	8.28729e-24	1.30631e-23	2.06982e-23	3.30019e-23	5.30217e-23	8.59850e-23	1.41065e-22	2.34827e-22	3.98291e-22	6.92372e-22	1.24460e-21	2.34687e-21	4.76188e-21	1.09598e-20	3.30569e-20	2.90889e-19	1.35726e-18	1.44509e-18	1.47952e-18	1.50119e-18	1.51784e-18	1.53213e-18	1.54530e-18	1.55802e-18	1.57075e-18	1.58383e-18	1.59755e-18	1.61216e-18	1.62792e-18	1.64511e-18	1.66401e-18	1.68494e-18	1.70826e-18	1.73436e-18	1.76369e-18	1.79679e-18	1.83423e-18	1.87670e-18	1.92497e-18	1.97995e-18	2.04267e-18	2.11430e-18	2.16937e-18	2.17054e-18	2.17054e-18	2.17054e-18	2.17054e-18	2.17054e-18	2.17054e-18	2.17054e-18	2.17054e-18	2.17054e-18	2.17054e-18	2.17054e-18	2.17054e-18	2.17054e-18	2.17054e-18	2.17054e-18	2.17054e-18	2.17054e-18	2.17054e-18	2.17054e-18	2.17054e-18	2.17054e-18	2.17054e-18	2.17054e-18	2.17054e-18	2.17054e-18	2.17054e-18	2.17054e-18	2.17054e-18	2.17054e-18	2.17054e-18	2.17054e-18	2.17054e-18	2.17054e-18	2.17054e-18	2.17054e-18	2.17054e-18	2.17054e-18	2.17054e-18	2.17054e-18	2.17054e-18	2.17054e-18	2.17054e-18	2.17054e-18	2.17054e-18	2.17054e-18	2.17054e-18	2.17054e-18	2.17054e-18	2.17054e-18	2.17054e-18	2.17054e-18	2.17054e-18	2.17054e-18	2.17054e-18	2.17054e-18	2.17054e-18	2.17054e-18	2.17054e-18	2.17054e-18	2.17054e-18	2.17054e-18	2.17054e-18	2.17054e-18	2.17054e-18	2.17054e-18	2.17054e-18	2.17054e-18	2.17054e-18	2.17054e-18	2.17054e-18	2.17054e-18	2.17054e-18
25.33	5.73519e-28	2.08746e-27	4.41036e-27	7.97614e-27	1.34527e-26	2.18693e-26	3.48133e-26	5.47369e-26	8.54330e-26	1.32779e-25	2.05902e-25	3.19005e-25	4.94256e-25	7.66366e-25	1.18988e-24	1.85091e-24	2.88608e-24	4.51352e-24	7.08396e-24	1.11663e-23	1.76928e-23	2.82100e-23	4.53229e-23	7.34999e-23	1.20583e-22	2.00730e-22	3.40458e-22	5.91839e-22	1.06388e-21	2.00610e-21	4.07045e-21	9.36841e-21	2.82570e-20	2.48651e-19	1.16019e-18	1.23526e-18	1.26469e-18	1.28322e-18	1.29745e-18	1.30967e-18	1.32092e-18	1.33179e-18	1.34268e-18	1.35386e-18	1.36558e-18	1.37807e-18	1.39155e-18	1.40624e-18	1.42240e-18	1.44029e-18	1.46022e-18	1.48253e-18	1.50760e-18	1.53589e-18	1.56790e-18	1.60420e-18	1.64546e-18	1.69246e-18	1.74607e-18	1.80730e-18	1.87729e-18	1.89663e-18	1.89670e-18	1.89670e-18	1.89670e-18	1.89670e-18	1.89670e-18	1.89670e-18	1.89670e-18	1.89670e-18	1.89670e-18	1.89670e-18	1.89670e-18	1.89670e-18	1.89670e-18	1.89670e-18	1.89670e-18	1.89670e-18	1.89670e-18	1.89670e-18	1.89670e-18	1.89670e-18	1.89670e-18	1.89670e-18	1.89670e-18	1.89670e-18	1.89670e-18	1.89670e-18	1.89670e-18	1.89670e-18	1.89670e-18	1.89670e-18	1.89670e-18	1.89670e-18	1.89670e-18	1.89670e-18	1.89670e-18	1.89670e-18	1.89670e-18	1.89670e-18	1.89670e-18	1.89670e-18	1.89670e-18	1.89670e-18	1.89670e-18	1.89670e-18	1.89670e-18	1.89670e-18	1.89670e-18	1.89670e-18	1.89670e-18	1.89670e-18	1.89670e-18	1.89670e-18	1.89670e-18	1.89670e-18	1.89670e-18	1.89670e-18	1.89670e-18	1.89670e-18	1.89670e-18	1.89670e-18	1.89670e-18	1.89670e-18	1.89670e-18	1.89670e-18	1.89670e-18	1.89670e-18	1.89670e-18	1.89670e-18	1.89670e-18	1.89670e-18	1.89670e-18
25.36	4.90243e-28	1.78436e-27	3.76997e-27	6.81799e-27	1.14994e-26	1.86938e-26	2.97583e-26	4.67890e-26	7.30280e-26	1.13499e-25	1.76004e-25	2.72685e-25	4.22490e-25	6.55088e-25	1.01711e-24	1.58216e-24	2.46702e-24	3.85815e-24	6.05536e-24	9.54493e-24	1.51237e-23	2.41139e-23	3.87419e-23	6.28276e-23	1.03074e-22	1.71584e-22	2.91023e-22	5.05903e-22	9.09403e-22	1.71481e-21	3.47941e-21	8.00811e-21	2.41540e-20	2.12547e-19	9.91726e-19	1.05590e-18	1.08105e-18	1.09689e-18	1.10906e-18	1.11950e-18	1.12912e-18	1.13841e-18	1.14772e-18	1.15727e-18	1.16730e-18	1.17797e-18	1.18949e-18	1.20205e-18	1.21586e-18	1.23116e-18	1.24819e-18	1.26726e-18	1.28870e-18	1.31288e-18	1.34023e-18	1.37127e-18	1.40654e-18	1.44671e-18	1.49254e-18	1.54488e-18	1.60474e-18	1.65750e-18	1.65937e-18	1.65937e-18	1.65937e-18	1.65937e-18	1.65937e-18	1.65937e-18	1.65937e-18	1.65937e-18	1.65937e-18	1.65937e-18	1.65937e-18	1.65937e-18	1.65937e-18	1.65937e-18	1.65937e-18	1.65937e-18	1.65937e-18	1.65937e-18	1.65937e-18	1.65937e-18	1.65937e-18	1.65937e-18	1.65937e-18	1.65937e-18	1.65937e-18	1.65937e-18	1.65937e-18	1.65937e-18	1.65937e-18	1.65937e-18	1.65937e-18	1.65937e-18	1.65937e-18	1.65937e-18	1.65937e-18	1.65937e-18	1.65937e-18	1.65937e-18	1.65937e-18	1.65937e-18	1.65937e-18	1.65937e-18	1.65937e-18	1.65937e-18	1.65937e-18	1.65937e-18	1.65937e-18	1.65937e-18	1.65937e-18	1.65937e-18	1.65937e-18	1.65937e-18	1.65937e-18	1.65937e-18	1.65937e-18	1.65937e-18	1.65937e-18	1.65937e-18	1.65937e-18	1.65937e-18	1.65937e-18	1.65937e-18	1.65937e-18	1.65937e-18	1.65937e-18	1.65937e-18	1.65937e-18	1.65937e-18	1.65937e-18	1.65937e-18	1.65937e-18
25.40	4.19059e-28	1.52527e-27	3.22257e-27	5.82801e-27	9.82963e-27	1.59794e-26	2.54374e-26	3.99952e-26	6.24242e-26	9.70191e-26	1.50448e-25	2.33090e-25	3.61143e-25	5.59968e-25	8.69423e-25	1.35242e-24	2.10880e-24	3.29794e-24	5.17611e-24	8.15900e-24	1.29277e-23	2.06125e-23	3.31165e-23	5.37049e-23	8.81073e-23	1.46670e-22	2.48766e-22	4.32445e-22	7.77356e-22	1.46582e-21	2.97420e-21	6.84532e-21	2.06468e-20	1.81685e-19	8.47726e-19	9.02581e-19	9.24084e-19	9.37620e-19	9.48020e-19	9.56947e-19	9.65169e-19	9.73114e-19	9.81066e-19	9.89237e-19	9.97803e-19	1.00693e-18	1.01678e-18	1.02751e-18	1.03932e-18	1.05239e-18	1.06695e-18	1.08325e-18	1.10158e-18	1.12225e-18	1.14563e-18	1.17216e-18	1.20231e-18	1.23665e-18	1.27582e-18	1.32056e-18	1.37173e-18	1.43031e-18	1.45341e-18	1.45352e-18	1.45352e-18	1.45352e-18	1.45352e-18	1.45352e-18	1.45352e-18	1.45352e-18	1.45352e-18	1.45352e-18	1.45352e-18	1.45352e-18	1.45352e-18	1.45352e-18	1.45352e-18	1.45352e-18	1.45352e-18	1.45352e-18	1.45352e-18	1.45352e-18	1.45352e-18	1.45352e-18	1.45352e-18	1.45352e-18	1.45352e-18	1.45352e-18	1.45352e-18	1.45352e-18	1.45352e-18	1.45352e-18	1.45352e-18	1.45352e-18	1.45352e-18	1.45352e-18	1.45352e-18	1.45352e-18	1.45352e-18	1.45352e-18	1.45352e-18	1.45352e-18	1.45352e-18	1.45352e-18	1.45352e-18	1.45352e-18	1.45352e-18	1.45352e-18	1.45352e-18	1.45352e-18	1.45352e-18	1.45352e-18	1.45352e-18	1.45352e-18	1.45352e-18	1.45352e-18	1.45352e-18	1.45352e-18	1.45352e-18	1.45352e-18	1.45352e-18	1.45352e-18	1.45352e-18	1.45352e-18	1.45352e-18	1.45352e-18	1.45352e-18	1.45352e-18	1.45352e-18	1.45352e-18	1.45352e-18	1.45352e-18	1.45352e-18
25.43	3.58211e-28	1.30380e-27	2.75465e-27	4.98177e-27	8.40236e-27	1.36592e-26	2.17438e-26	3.41878e-26	5.33601e-26	8.29318e-26	1.28603e-25	1.99245e-25	3.08705e-25	4.78660e-25	7.43181e-25	1.15605e-24	1.80260e-24	2.81907e-24	4.42453e-24	6.97430e-24	1.10506e-23	1.76195e-23	2.83080e-23	4.59069e-23	7.53140e-23	1.25373e-22	2.12645e-22	3.69653e-22	6.64483e-22	1.25298e-21	2.54234e-21	5.85137e-21	1.76489e-20	1.55304e-19	7.24635e-19	7.71524e-19	7.89906e-19	8.01476e-19	8.10366e-19	8.17997e-19	8.25025e-19	8.31816e-19	8.38614e-19	8.45598e-19	8.52921e-19	8.60721e-19	8.69139e-19	8.78316e-19	8.88407e-19	8.99581e-19	9.12029e-19	9.25963e-19	9.41626e-19	9.59294e-19	9.79283e-19	1.00196e-18	1.02773e-18	1.05708e-18	1.09057e-18	1.12881e-18	1.17255e-18	1.22262e-18	1.27187e-18	1.27481e-18	1.27481e-18	1.27481e-18	1.27481e-18	1.27481e-18	1.27481e-18	1.27481e-18	1.27481e-18	1.27481e-18	1.27481e-18	1.27481e-18	1.27481e-18	1.27481e-18	1.27481e-18	1.27481e-18	1.27481e-18	1.27481e-18	1.27481e-18	1.27481e-18	1.27481e-18	1.27481e-18	1.27481e-18	1.27481e-18	1.27481e-18	1.27481e-18	1.27481e-18	1.27481e-18	1.27481e-18	1.27481e-18	1.27481e-18	1.27481e-18	1.27481e-18	1.27481e-18	1.27481e-18	1.27481e-18	1.27481e-18	1.27481e-18	1.27481e-18	1.27481e-18	1.27481e-18	1.27481e-18	1.27481e-18	1.27481e-18	1.27481e-18	1.27481e-18	1.27481e-18	1.27481e-18	1.27481e-18	1.27481e-18	1.27481e-18	1.27481e-18	1.27481e-18	1.27481e-18	1.27481e-18	1.27481e-18	1.27481e-18	1.27481e-18	1.27481e-18	1.27481e-18	1.27481e-18	1.27481e-18	1.27481e-18	1.27481e-18	1.27481e-18	1.27481e-18	1.27481e-18	1.27481e-18	1.27481e-18	1.27481e-18	1.27481e-18
25.47	3.06198e-28	1.11448e-27	2.35467e-27	4.25841e-27	7.18232e-27	1.16759e-26	1.85866e-26	2.92237e-26	4.56121e-26	7.08900e-26	1.09930e-25	1.70315e-25	2.63880e-25	4.09158e-25	6.35270e-25	9.88190e-25	1.54086e-24	2.40974e-24	3.78208e-24	5.96162e-24	9.44605e-24	1.50611e-23	2.41976e-23	3.92411e-23	6.43783e-23	1.07169e-22	1.81769e-22	3.15979e-22	5.67999e-22	1.07105e-21	2.17319e-21	5.00174e-21	1.50862e-20	1.32753e-19	6.19417e-19	6.59498e-19	6.75210e-19	6.85101e-19	6.92700e-19	6.99223e-19	7.05230e-19	7.11035e-19	7.16846e-19	7.22816e-19	7.29075e-19	7.35743e-19	7.42938e-19	7.50783e-19	7.59409e-19	7.68961e-19	7.79601e-19	7.91512e-19	8.04900e-19	8.20003e-19	8.37090e-19	8.56471e-19	8.78503e-19	9.03594e-19	9.32216e-19	9.64909e-19	1.00230e-18	1.04510e-18	1.09413e-18	1.11935e-18	1.11953e-18	1.11953e-18	1.11953e-18	1.11953e-18	1.11953e-18	1.11953e-18	1.11953e-18	1.11953e-18	1.11953e-18	1.11953e-18	1.11953e-18	1.11953e-18	1.11953e-18	1.11953e-18	1.11953e-18	1.11953e-18	1.11953e-18	1.11953e-18	1.11953e-18	1.11953e-18	1.11953e-18	1.11953e-18	1.11953e-18	1.11953e-18	1.11953e-18	1.11953e-18	1.11953e-18	1.11953e-18	1.11953e-18	1.11953e-18	1.11953e-18	1.11953e-18	1.11953e-18	1.11953e-18	1.11953e-18	1.11953e-18	1.11953e-18	1.11953e-18	1.11953e-18	1.11953e-18	1.11953e-18	1.11953e-18	1.11953e-18	1.11953e-18	1.11953e-18	1.11953e-18	1.11953e-18	1.11953e-18	1.11953e-18	1.11953e-18	1.11953e-18	1.11953e-18	1.11953e-18	1.11953e-18	1.11953e-18	1.11953e-18	1.11953e-18	1.11953e-18	1.11953e-18	1.11953e-18	1.11953e-18	1.11953e-18	1.11953e-18	1.11953e-18	1.11953e-18	1.11953e-18	1.11953e-18	1.11953e-18	1.11953e-18
25.50	2.61738e-28	9.52659e-28	2.01277e-27	3.64008e-27	6.13944e-27	9.98051e-27	1.58878e-26	2.49804e-26	3.89892e-26	6.05966e-26	9.39677e-26	1.45585e-25	2.25565e-25	3.49748e-25	5.43028e-25	8.44703e-25	1.31713e-24	2.05984e-24	3.23292e-24	5.09598e-24	8.07447e-24	1.28742e-23	2.06841e-23	3.35433e-23	5.50305e-23	9.16076e-23	1.55375e-22	2.70098e-22	4.85525e-22	9.15528e-22	1.85764e-21	4.27548e-21	1.28957e-20	1.13477e-19	5.29477e-19	5.63738e-19	5.77169e-19	5.85623e-19	5.92119e-19	5.97694e-19	6.02829e-19	6.07792e-19	6.12759e-19	6.17862e-19	6.23212e-19	6.28912e-19	6.35062e-19	6.41768e-19	6.49141e-19	6.57306e-19	6.66402e-19	6.76583e-19	6.88027e-19	7.00937e-19	7.15543e-19	7.32110e-19	7.50943e-19	7.72391e-19	7.96857e-19	8.24802e-19	8.56761e-19	8.93347e-19	9.35265e-19	9.80004e-19	9.84473e-19	9.84482e-19	9.84482e-19	9.84482e-19	9.84482e-19	9.84482e-19	9.84482e-19	9.84482e-19	9.84482e-19	9.84482e-19	9.84482e-19	9.84482e-19	9.84482e-19	9.84482e-19	9.84482e-19	9.84482e-19	9.84482e-19	9.84482e-19	9.84482e-19	9.84482e-19	9.84482e-19	9.84482e-19	9.84482e-19	9.84482e-19	9.84482e-19	9.84482e-19	9.84482e-19	9.84482e-19	9.84482e-19	9.84482e-19	9.84482e-19	9.84482e-19	9.84482e-19	9.84482e-19	9.84482e-19	9.84482e-19	9.84482e-19	9.84482e-19	9.84482e-19	9.84482e-19	9.84482e-19	9.84482e-19	9.84482e-19	9.84482e-19	9.84482e-19	9.84482e-19	9.84482e-19	9.84482e-19	9.84482e-19	9.84482e-19	9.84482e-19	9.84482e-19	9.84482e-19	9.84482e-19	9.84482e-19	9.84482e-19	9.84482e-19	9.84482e-19	9.84482e-19	9.84482e-19	9.84482e-19	9.84482e-19	9.84482e-19	9.84482e-19	9.84482e-19	9.84482e-19	9.84482e-19	9.84482e-19	9.84482e-19
25.54	2.23733e-28	8.14331e-28	1.72051e-27	3.11154e-27	5.24798e-27	8.53132e-27	1.35809e-26	2.13532e-26	3.33279e-26	5.17979e-26	8.03234e-26	1.24446e-25	1.92812e-25	2.98964e-25	4.64180e-25	7.22051e-25	1.12588e-24	1.76075e-24	2.76349e-24	4.35604e-24	6.90205e-24	1.10049e-23	1.76807e-23	2.86727e-23	4.70399e-23	7.83060e-23	1.32815e-22	2.30880e-22	4.15026e-22	7.82592e-22	1.58790e-21	3.65467e-21	1.10232e-20	9.70003e-20	4.52596e-19	4.81882e-19	4.93363e-19	5.00590e-19	5.06142e-19	5.10908e-19	5.15298e-19	5.19540e-19	5.23785e-19	5.28147e-19	5.32721e-19	5.37593e-19	5.42850e-19	5.48582e-19	5.54885e-19	5.61865e-19	5.69639e-19	5.78342e-19	5.88125e-19	5.99160e-19	6.11645e-19	6.25807e-19	6.41905e-19	6.60239e-19	6.81152e-19	7.05040e-19	7.32358e-19	7.63631e-19	7.99463e-19	8.40549e-19	8.66597e-19	8.66905e-19	8.66905e-19	8.66905e-19	8.66905e-19	8.66905e-19	8.66905e-19	8.66905e-19	8.66905e-19	8.66905e-19	8.66905e-19	8.66905e-19	8.66905e-19	8.66905e-19	8.66905e-19	8.66905e-19	8.66905e-19	8.66905e-19	8.66905e-19	8.66905e-19	8.66905e-19	8.66905e-19	8.66905e-19	8.66905e-19	8.66905e-19	8.66905e-19	8.66905e-19	8.66905e-19	8.66905e-19	8.66905e-19	8.66905e-19	8.66905e-19	8.66905e-19	8.66905e-19	8.66905e-19	8.66905e-19	8.66905e-19	8.66905e-19	8.66905e-19	8.66905e-19	8.66905e-19	8.66905e-19	8.66905e-19	8.66905e-19	8.66905e-19	8.66905e-19	8.66905e-19	8.66905e-19	8.66905e-19	8.66905e-19	8.66905e-19	8.66905e-19	8.66905e-19	8.66905e-19	8.66905e-19	8.66905e-19	8.66905e-19	8.66905e-19	8.66905e-19	8.66905e-19	8.66905e-19	8.66905e-19	8.66905e-19	8.66905e-19	8.66905e-19	8.66905e-19	8.66905e-19	8.66905e-19	8.66905e-19
25.57	1.91247e-28	6.96089e-28	1.47069e-27	2.65974e-27	4.48597e-27	7.29256e-27	1.16089e-26	1.82527e-26	2.84886e-26	4.42768e-26	6.86603e-26	1.06376e-25	1.64816e-25	2.55554e-25	3.96780e-25	6.17208e-25	9.62398e-25	1.50509e-24	2.36223e-24	3.72353e-24	5.89986e-24	9.40695e-24	1.51134e-23	2.45094e-23	4.02097e-23	6.69358e-23	1.13530e-22	1.97356e-22	3.54763e-22	6.68958e-22	1.35734e-21	3.12401e-21	9.42263e-21	8.29157e-20	3.86878e-19	4.11912e-19	4.21726e-19	4.27903e-19	4.32650e-19	4.36724e-19	4.40476e-19	4.44102e-19	4.47731e-19	4.51460e-19	4.55369e-19	4.59534e-19	4.64028e-19	4.68927e-19	4.74315e-19	4.80281e-19	4.86927e-19	4.94366e-19	5.02728e-19	5.12161e-19	5.22833e-19	5.34939e-19	5.48699e-19	5.64371e-19	5.82248e-19	6.02667e-19	6.26019e-19	6.52751e-19	6.83380e-19	7.18500e-19	7.57947e-19	7.64420e-19	7.64436e-19	7.64436e-19	7.64436e-19	7.64436e-19	7.64436e-19	7.64436e-19	7.64436e-19	7.64436e-19	7.64436e-19	7.64436e-19	7.64436e-19	7.64436e-19	7.64436e-19	7.64436e-19	7.64436e-19	7.64436e-19	7.64436e-19	7.64436e-19	7.64436e-19	7.64436e-19	7.64436e-19	7.64436e-19	7.64436e-19	7.64436e-19	7.64436e-19	7.64436e-19	7.64436e-19	7.64436e-19	7.64436e-19	7.64436e-19	7.64436e-19	7.64436e-19	7.64436e-19	7.64436e-19	7.64436e-19	7.64436e-19	7.64436e-19	7.64436e-19	7.64436e-19	7.64436e-19	7.64436e-19	7.64436e-19	7.64436e-19	7.64436e-19	7.64436e-19	7.64436e-19	7.64436e-19	7.64436e-19	7.64436e-19	7.64436e-19	7.64436e-19	7.64436e-19	7.64436e-19	7.64436e-19	7.64436e-19	7.64436e-19	7.64436e-19	7.64436e-19	7.64436e-19	7.64436e-19	7.64436e-19	7.64436e-19	7.64436e-19	7.64436e-19	7.64436e-19	7.64436e-19	7.64436e-19
25.60	1.63477e-28	5.95016e-28	1.25714e-27	2.27354e-27	3.83460e-27	6.23367e-27	9.92327e-27	1.56023e-26	2.43520e-26	3.78477e-26	5.86907e-26	9.09299e-26	1.40884e-25	2.18447e-25	3.39167e-25	5.27588e-25	8.22656e-25	1.28654e-24	2.01923e-24	3.18287e-24	5.04319e-24	8.04105e-24	1.29190e-23	2.09506e-23	3.43712e-23	5.72167e-23	9.70451e-23	1.68699e-22	3.03251e-22	5.71825e-22	1.16025e-21	2.67040e-21	8.05445e-21	7.08762e-20	3.30703e-19	3.52102e-19	3.60491e-19	3.65771e-19	3.69828e-19	3.73311e-19	3.76518e-19	3.79617e-19	3.82720e-19	3.85907e-19	3.89249e-19	3.92809e-19	3.96650e-19	4.00838e-19	4.05444e-19	4.10543e-19	4.16224e-19	4.22583e-19	4.29731e-19	4.37794e-19	4.46917e-19	4.57265e-19	4.69027e-19	4.82423e-19	4.97704e-19	5.15159e-19	5.35120e-19	5.57970e-19	5.84152e-19	6.14172e-19	6.48617e-19	6.74530e-19	6.75036e-19	6.75037e-19	6.75037e-19	6.75037e-19	6.75037e-19	6.75037e-19	6.75037e-19	6.75037e-19	6.75037e-19	6.75037e-19	6.75037e-19	6.75037e-19	6.75037e-19	6.75037e-19	6.75037e-19	6.75037e-19	6.75037e-19	6.75037e-19	6.75037e-19	6.75037e-19	6.75037e-19	6.75037e-19	6.75037e-19	6.75037e-19	6.75037e-19	6.75037e-19	6.75037e-19	6.75037e-19	6.75037e-19	6.75037e-19	6.75037e-19	6.75037e-19	6.75037e-19	6.75037e-19	6.75037e-19	6.75037e-19	6.75037e-19	6.75037e-19	6.75037e-19	6.75037e-19	6.75037e-19	6.75037e-19	6.75037e-19	6.75037e-19	6.75037e-19	6.75037e-19	6.75037e-19	6.75037e-19	6.75037e-19	6.75037e-19	6.75037e-19	6.75037e-19	6.75037e-19	6.75037e-19	6.75037e-19	6.75037e-19	6.75037e-19	6.75037e-19	6.75037e-19	6.75037e-19	6.75037e-19	6.75037e-19	6.75037e-19	6.75037e-19	6.75037e-19	6.75037e-19	6.75037e-19
25.64	1.39740e-28	5.08619e-28	1.07460e-27	1.94342e-27	3.27781e-27	5.32853e-27	8.48240e-27	1.33369e-26	2.08161e-26	3.23522e-26	5.01688e-26	7.77268e-26	1.20428e-25	1.86728e-25	2.89919e-25	4.50982e-25	7.03205e-25	1.09974e-24	1.72604e-24	2.72071e-24	4.31091e-24	6.87348e-24	1.10431e-23	1.79085e-23	2.93804e-23	4.89087e-23	8.29540e-23	1.44204e-22	2.59219e-22	4.88795e-22	9.91780e-22	2.28265e-21	6.88493e-21	6.05849e-20	2.82684e-19	3.00976e-19	3.08147e-19	3.12660e-19	3.16129e-19	3.19105e-19	3.21847e-19	3.24496e-19	3.27148e-19	3.29873e-19	3.32729e-19	3.35772e-19	3.39056e-19	3.42636e-19	3.46573e-19	3.50932e-19	3.55788e-19	3.61223e-19	3.67334e-19	3.74226e-19	3.82024e-19	3.90869e-19	4.00924e-19	4.12375e-19	4.25437e-19	4.40357e-19	4.57420e-19	4.76952e-19	4.99332e-19	5.24994e-19	5.54437e-19	5.88188e-19	5.96925e-19	5.96953e-19	5.96953e-19	5.96953e-19	5.96953e-19	5.96953e-19	5.96953e-19	5.96953e-19	5.96953e-19	5.96953e-19	5.96953e-19	5.96953e-19	5.96953e-19	5.96953e-19	5.96953e-19	5.96953e-19	5.96953e-19	5.96953e-19	5.96953e-19	5.96953e-19	5.96953e-19	5.96953e-19	5.96953e-19	5.96953e-19	5.96953e-19	5.96953e-19	5.96953e-19	5.96953e-19	5.96953e-19	5.96953e-19	5.96953e-19	5.96953e-19	5.96953e-19	5.96953e-19	5.96953e-19	5.96953e-19	5.96953e-19	5.96953e-19	5.96953e-19	5.96953e-19	5.96953e-19	5.96953e-19	5.96953e-19	5.96953e-19	5.96953e-19	5.96953e-19	5.96953e-19	5.96953e-19	5.96953e-19	5.96953e-19	5.96953e-19	5.96953e-19	5.96953e-19	5.96953e-19	5.96953e-19	5.96953e-19	5.96953e-19	5.96953e-19	5.96953e-19	5.96953e-19	5.96953e-19	5.96953e-19	5.96953e-19	5.96953e-19	5.96953e-19	5.96953e-19	5.96953e-19
25.67	1.19450e-28	4.34766e-28	9.18569e-28	1.66123e-27	2.80186e-27	4.55482e-27	7.25074e-27	1.14003e-26	1.77936e-26	2.76546e-26	4.28842e-26	6.64407e-26	1.02941e-25	1.59615e-25	2.47823e-25	3.85499e-25	6.01099e-25	9.40053e-25	1.47541e-24	2.32566e-24	3.68496e-24	5.87544e-24	9.43962e-24	1.53082e-23	2.51143e-23	4.18071e-23	7.09089e-23	1.23265e-22	2.21580e-22	4.17821e-22	8.47772e-22	1.95121e-21	5.88523e-21	5.17879e-20	2.41638e-19	2.57274e-19	2.63403e-19	2.67262e-19	2.70226e-19	2.72771e-19	2.75114e-19	2.77379e-19	2.79646e-19	2.81975e-19	2.84416e-19	2.87018e-19	2.89824e-19	2.92885e-19	2.96250e-19	2.99976e-19	3.04127e-19	3.08773e-19	3.13996e-19	3.19888e-19	3.26553e-19	3.34114e-19	3.42709e-19	3.52497e-19	3.63663e-19	3.76416e-19	3.91002e-19	4.07698e-19	4.26828e-19	4.48764e-19	4.73932e-19	5.02826e-19	5.27852e-19	5.28670e-19	5.28671e-19	5.28671e-19	5.28671e-19	5.28671e-19	5.28671e-19	5.28671e-19	5.28671e-19	5.28671e-19	5.28671e-19	5.28671e-19	5.28671e-19	5.28671e-19	5.28671e-19	5.28671e-19	5.28671e-19	5.28671e-19	5.28671e-19	5.28671e-19	5.28671e-19	5.28671e-19	5.28671e-19	5.28671e-19	5.28671e-19	5.28671e-19	5.28671e-19	5.28671e-19	5.28671e-19	5.28671e-19	5.28671e-19	5.28671e-19	5.28671e-19	5.28671e-19	5.28671e-19	5.28671e-19	5.28671e-19	5.28671e-19	5.28671e-19	5.28671e-19	5.28671e-19	5.28671e-19	5.28671e-19	5.28671e-19	5.28671e-19	5.28671e-19	5.28671e-19	5.28671e-19	5.28671e-19	5.28671e-19	5.28671e-19	5.28671e-19	5.28671e-19	5.28671e-19	5.28671e-19	5.28671e-19	5.28671e-19	5.28671e-19	5.28671e-19	5.28671e-19	5.28671e-19	5.28671e-19	5.28671e-19	5.28671e-19	5.28671e-19	5.28671e-19	5.28671e-19
25.71	1.02105e-28	3.71638e-28	7.85191e-28	1.42002e-27	2.39503e-27	3.89345e-27	6.19792e-27	9.74498e-27	1.52099e-26	2.36391e-26	3.66573e-26	5.67934e-26	8.79940e-26	1.36439e-25	2.11838e-25	3.29524e-25	5.13818e-25	8.03556e-25	1.26118e-24	1.98797e-24	3.14990e-24	5.02231e-24	8.06898e-24	1.30854e-23	2.14677e-23	3.57366e-23	6.06129e-23	1.05367e-22	1.89406e-22	3.57153e-22	7.24675e-22	1.66789e-21	5.03068e-21	4.42682e-20	2.06552e-19	2.19917e-19	2.25157e-19	2.28455e-19	2.30989e-19	2.33164e-19	2.35167e-19	2.37103e-19	2.39041e-19	2.41032e-19	2.43119e-19	2.45342e-19	2.47742e-19	2.50357e-19	2.53234e-19	2.56419e-19	2.59967e-19	2.63939e-19	2.68403e-19	2.73440e-19	2.79137e-19	2.85600e-19	2.92947e-19	3.01314e-19	3.10858e-19	3.21760e-19	3.34228e-19	3.48500e-19	3.64852e-19	3.83603e-19	4.05116e-19	4.29815e-19	4.58183e-19	4.68842e-19	4.68890e-19	4.68890e-19	4.68890e-19	4.68890e-19	4.68890e-19	4.68890e-19	4.68890e-19	4.68890e-19	4.68890e-19	4.68890e-19	4.68890e-19	4.68890e-19	4.68890e-19	4.68890e-19	4.68890e-19	4.68890e-19	4.68890e-19	4.68890e-19	4.68890e-19	4.68890e-19	4.68890e-19	4.68890e-19	4.68890e-19	4.68890e-19	4.68890e-19	4.68890e-19	4.68890e-19	4.68890e-19	4.68890e-19	4.68890e-19	4.68890e-19	4.68890e-19	4.68890e-19	4.68890e-19	4.68890e-19	4.68890e-19	4.68890e-19	4.68890e-19	4.68890e-19	4.68890e-19	4.68890e-19	4.68890e-19	4.68890e-19	4.68890e-19	4.68890e-19	4.68890e-19	4.68890e-19	4.68890e-19	4.68890e-19	4.68890e-19	4.68890e-19	4.68890e-19	4.68890e-19	4.68890e-19	4.68890e-19	4.68890e-19	4.68890e-19	4.68890e-19	4.68890e-19	4.68890e-19	4.68890e-19	4.68890e-19	4.68890e-19	4.68890e-19	4.68890e-19
25.74	8.72796e-29	3.17675e-28	6.71180e-28	1.21383e-27	2.04727e-27	3.32812e-27	5.29797e-27	8.32999e-27	1.30014e-26	2.02067e-26	3.13346e-26	4.85469e-26	7.52172e-26	1.16627e-25	1.81079e-25	2.81676e-25	4.39211e-25	6.86878e-25	1.07805e-24	1.69932e-24	2.69253e-24	4.29307e-24	6.89735e-24	1.11854e-23	1.83506e-23	3.05476e-23	5.18118e-23	9.00675e-23	1.61904e-22	3.05294e-22	6.19451e-22	1.42571e-21	4.30022e-21	3.78404e-20	1.76560e-19	1.87985e-19	1.92464e-19	1.95283e-19	1.97449e-19	1.99308e-19	2.01021e-19	2.02675e-19	2.04332e-19	2.06033e-19	2.07818e-19	2.09718e-19	2.11769e-19	2.14005e-19	2.16464e-19	2.19187e-19	2.22220e-19	2.25615e-19	2.29431e-19	2.33736e-19	2.38606e-19	2.44131e-19	2.50411e-19	2.57563e-19	2.65721e-19	2.75040e-19	2.85697e-19	2.97897e-19	3.11875e-19	3.27903e-19	3.46293e-19	3.67405e-19	3.91654e-19	4.15189e-19	4.16483e-19	4.16485e-19	4.16485e-19	4.16485e-19	4.16485e-19	4.16485e-19	4.16485e-19	4.16485e-19	4.16485e-19	4.16485e-19	4.16485e-19	4.16485e-19	4.16485e-19	4.16485e-19	4.16485e-19	4.16485e-19	4.16485e-19	4.16485e-19	4.16485e-19	4.16485e-19	4.16485e-19	4.16485e-19	4.16485e-19	4.16485e-19	4.16485e-19	4.16485e-19	4.16485e-19	4.16485e-19	4.16485e-19	4.16485e-19	4.16485e-19	4.16485e-19	4.16485e-19	4.16485e-19	4.16485e-19	4.16485e-19	4.16485e-19	4.16485e-19	4.16485e-19	4.16485e-19	4.16485e-19	4.16485e-19	4.16485e-19	4.16485e-19	4.16485e-19	4.16485e-19	4.16485e-19	4.16485e-19	4.16485e-19	4.16485e-19	4.16485e-19	4.16485e-19	4.16485e-19	4.16485e-19	4.16485e-19	4.16485e-19	4.16485e-19	4.16485e-19	4.16485e-19	4.16485e-19	4.16485e-19	4.16485e-19	4.16485e-19	4.16485e-19	4.16485e-19
25.77	7.46064e-29	2.71548e-28	5.73724e-28	1.03758e-27	1.75000e-27	2.84487e-27	4.52870e-27	7.12047e-27	1.11136e-26	1.72726e-26	2.67848e-26	4.14978e-26	6.42955e-26	9.96930e-26	1.54786e-25	2.40776e-25	3.75437e-25	5.87143e-25	9.21520e-25	1.45257e-24	2.30157e-24	3.66971e-24	5.89584e-24	9.56126e-24	1.56860e-23	2.61121e-23	4.42886e-23	7.69896e-23	1.38395e-22	2.60965e-22	5.29505e-22	1.21869e-21	3.67582e-21	3.23459e-20	1.50923e-19	1.60689e-19	1.64518e-19	1.66927e-19	1.68779e-19	1.70368e-19	1.71832e-19	1.73247e-19	1.74662e-19	1.76117e-19	1.77642e-19	1.79267e-19	1.81020e-19	1.82931e-19	1.85033e-19	1.87360e-19	1.89953e-19	1.92855e-19	1.96117e-19	1.99797e-19	2.03960e-19	2.08683e-19	2.14051e-19	2.20164e-19	2.27138e-19	2.35104e-19	2.44214e-19	2.54642e-19	2.66590e-19	2.80291e-19	2.96011e-19	3.14057e-19	3.34785e-19	3.58604e-19	3.70406e-19	3.70487e-19	3.70487e-19	3.70487e-19	3.70487e-19	3.70487e-19	3.70487e-19	3.70487e-19	3.70487e-19	3.70487e-19	3.70487e-19	3.70487e-19	3.70487e-19	3.70487e-19	3.70487e-19	3.70487e-19	3.70487e-19	3.70487e-19	3.70487e-19	3.70487e-19	3.70487e-19	3.70487e-19	3.70487e-19	3.70487e-19	3.70487e-19	3.70487e-19	3.70487e-19	3.70487e-19	3.70487e-19	3.70487e-19	3.70487e-19	3.70487e-19	3.70487e-19	3.70487e-19	3.70487e-19	3.70487e-19	3.70487e-19	3.70487e-19	3.70487e-19	3.70487e-19	3.70487e-19	3.70487e-19	3.70487e-19	3.70487e-19	3.70487e-19	3.70487e-19	3.70487e-19	3.70487e-19	3.70487e-19	3.70487e-19	3.70487e-19	3.70487e-19	3.70487e-19	3.70487e-19	3.70487e-19	3.70487e-19	3.70487e-19	3.70487e-19	3.70487e-19	3.70487e-19	3.70487e-19	3.70487e-19	3.70487e-19	3.70487e-19	3.70487e-19
25.81	6.37735e-29	2.32119e-28	4.90418e-28	8.86921e-28	1.49590e-27	2.43179e-27	3.87113e-27	6.08656e-27	9.49987e-27	1.47646e-26	2.28956e-26	3.54723e-26	5.49597e-26	8.52174e-26	1.32311e-25	2.05815e-25	3.20923e-25	5.01889e-25	7.87714e-25	1.24166e-24	1.96738e-24	3.13686e-24	5.03976e-24	8.17295e-24	1.34084e-23	2.23205e-23	3.78578e-23	6.58106e-23	1.18300e-22	2.23072e-22	4.52620e-22	1.04174e-21	3.14209e-21	2.76492e-20	1.29009e-19	1.37357e-19	1.40629e-19	1.42689e-19	1.44272e-19	1.45631e-19	1.46882e-19	1.48091e-19	1.49301e-19	1.50545e-19	1.51848e-19	1.53237e-19	1.54736e-19	1.56369e-19	1.58166e-19	1.60155e-19	1.62371e-19	1.64852e-19	1.67641e-19	1.70786e-19	1.74345e-19	1.78382e-19	1.82970e-19	1.88196e-19	1.94157e-19	2.00966e-19	2.08753e-19	2.17667e-19	2.27881e-19	2.39592e-19	2.53029e-19	2.68456e-19	2.86174e-19	3.06534e-19	3.28073e-19	3.30055e-19	3.30059e-19	3.30059e-19	3.30059e-19	3.30059e-19	3.30059e-19	3.30059e-19	3.30059e-19	3.30059e-19	3.30059e-19	3.30059e-19	3.30059e-19	3.30059e-19	3.30059e-19	3.30059e-19	3.30059e-19	3.30059e-19	3.30059e-19	3.30059e-19	3.30059e-19	3.30059e-19	3.30059e-19	3.30059e-19	3.30059e-19	3.30059e-19	3.30059e-19	3.30059e-19	3.30059e-19	3.30059e-19	3.30059e-19	3.30059e-19	3.30059e-19	3.30059e-19	3.30059e-19	3.30059e-19	3.30059e-19	3.30059e-19	3.30059e-19	3.30059e-19	3.30059e-19	3.30059e-19	3.30059e-19	3.30059e-19	3.30059e-19	3.30059e-19	3.30059e-19	3.30059e-19	3.30059e-19	3.30059e-19	3.30059e-19	3.30059e-19	3.30059e-19	3.30059e-19	3.30059e-19	3.30059e-19	3.30059e-19	3.30059e-19	3.30059e-19	3.30059e-19	3.30059e-19	3.30059e-19	3.30059e-19	3.30059e-19	3.30059e-19
25.84	5.45135e-29	1.98415e-28	4.19209e-28	7.58138e-28	1.27869e-27	2.07869e-27	3.30903e-27	5.20278e-27	8.12047e-27	1.26208e-26	1.95711e-26	3.03217e-26	4.69795e-26	7.28437e-26	1.13099e-25	1.75931e-25	2.74325e-25	4.29014e-25	6.73336e-25	1.06137e-24	1.68171e-24	2.68138e-24	4.30798e-24	6.98622e-24	1.14615e-23	1.90796e-23	3.23608e-23	5.62548e-23	1.01123e-22	1.90682e-22	3.86899e-22	8.90475e-22	2.68585e-21	2.36345e-20	1.10277e-19	1.17413e-19	1.20210e-19	1.21971e-19	1.23324e-19	1.24485e-19	1.25554e-19	1.26588e-19	1.27622e-19	1.28685e-19	1.29800e-19	1.30987e-19	1.32268e-19	1.33664e-19	1.35200e-19	1.36901e-19	1.38795e-19	1.40915e-19	1.43299e-19	1.45988e-19	1.49030e-19	1.52480e-19	1.56403e-19	1.60870e-19	1.65965e-19	1.71786e-19	1.78442e-19	1.86062e-19	1.94792e-19	2.04803e-19	2.16289e-19	2.29475e-19	2.44621e-19	2.62025e-19	2.82030e-19	2.94345e-19	2.94479e-19	2.94479e-19	2.94479e-19	2.94479e-19	2.94479e-19	2.94479e-19	2.94479e-19	2.94479e-19	2.94479e-19	2.94479e-19	2.94479e-19	2.94479e-19	2.94479e-19	2.94479e-19	2.94479e-19	2.94479e-19	2.94479e-19	2.94479e-19	2.94479e-19	2.94479e-19	2.94479e-19	2.94479e-19	2.94479e-19	2.94479e-19	2.94479e-19	2.94479e-19	2.94479e-19	2.94479e-19	2.94479e-19	2.94479e-19	2.94479e-19	2.94479e-19	2.94479e-19	2.94479e-19	2.94479e-19	2.94479e-19	2.94479e-19	2.94479e-19	2.94479e-19	2.94479e-19	2.94479e-19	2.94479e-19	2.94479e-19	2.94479e-19	2.94479e-19	2.94479e-19	2.94479e-19	2.94479e-19	2.94479e-19	2.94479e-19	2.94479e-19	2.94479e-19	2.94479e-19	2.94479e-19	2.94479e-19	2.94479e-19	2.94479e-19	2.94479e-19	2.94479e-19	2.94479e-19	2.94479e-19	2.94479e-19	2.94479e-19
25.88	4.65980e-29	1.69605e-28	3.58339e-28	6.48056e-28	1.09302e-27	1.77686e-27	2.82856e-27	4.44733e-27	6.94137e-27	1.07882e-26	1.67294e-26	2.59189e-26	4.01580e-26	6.22667e-26	9.66770e-26	1.50385e-25	2.34492e-25	3.66720e-25	5.75567e-25	9.07254e-25	1.43752e-24	2.29204e-24	3.68245e-24	5.97181e-24	9.79725e-24	1.63092e-23	2.76620e-23	4.80865e-23	8.64395e-23	1.62994e-22	3.30721e-22	7.61177e-22	2.29586e-21	2.02027e-20	9.42644e-20	1.00364e-19	1.02755e-19	1.04260e-19	1.05417e-19	1.06409e-19	1.07324e-19	1.08207e-19	1.09091e-19	1.10000e-19	1.10952e-19	1.11967e-19	1.13062e-19	1.14256e-19	1.15569e-19	1.17022e-19	1.18642e-19	1.20454e-19	1.22492e-19	1.24790e-19	1.27390e-19	1.30340e-19	1.33693e-19	1.37511e-19	1.41867e-19	1.46842e-19	1.52532e-19	1.59045e-19	1.66508e-19	1.75065e-19	1.84884e-19	1.96155e-19	2.09102e-19	2.23978e-19	2.41079e-19	2.60211e-19	2.63115e-19	2.63122e-19	2.63122e-19	2.63122e-19	2.63122e-19	2.63122e-19	2.63122e-19	2.63122e-19	2.63122e-19	2.63122e-19	2.63122e-19	2.63122e-19	2.63122e-19	2.63122e-19	2.63122e-19	2.63122e-19	2.63122e-19	2.63122e-19	2.63122e-19	2.63122e-19	2.63122e-19	2.63122e-19	2.63122e-19	2.63122e-19	2.63122e-19	2.63122e-19	2.63122e-19	2.63122e-19	2.63122e-19	2.63122e-19	2.63122e-19	2.63122e-19	2.63122e-19	2.63122e-19	2.63122e-19	2.63122e-19	2.63122e-19	2.63122e-19	2.63122e-19	2.63122e-19	2.63122e-19	2.63122e-19	2.63122e-19	2.63122e-19	2.63122e-19	2.63122e-19	2.63122e-19	2.63122e-19	2.63122e-19	2.63122e-19	2.63122e-19	2.63122e-19	2.63122e-19	2.63122e-19	2.63122e-19	2.63122e-19	2.63122e-19	2.63122e-19	2.63122e-19	2.63122e-19	2.63122e-19	2.63122e-19	2.63122e-19
25.91	3.98319e-29	1.44978e-28	3.06308e-28	5.53957e-28	9.34315e-28	1.51886e-27	2.41785e-27	3.80157e-27	5.93347e-27	9.22175e-27	1.43002e-26	2.21554e-26	3.43270e-26	5.32255e-26	8.26394e-26	1.28549e-25	2.00444e-25	3.13472e-25	4.91994e-25	7.75519e-25	1.22879e-24	1.95923e-24	3.14775e-24	5.10470e-24	8.37467e-24	1.39411e-23	2.36454e-23	4.11042e-23	7.38884e-23	1.39327e-22	2.82700e-22	6.50653e-22	1.96250e-21	1.72693e-20	8.05771e-20	8.57910e-20	8.78350e-20	8.91216e-20	9.01101e-20	9.09586e-20	9.17401e-20	9.24953e-20	9.32512e-20	9.40278e-20	9.48420e-20	9.57094e-20	9.66454e-20	9.76659e-20	9.87880e-20	1.00031e-19	1.01415e-19	1.02964e-19	1.04706e-19	1.06670e-19	1.08893e-19	1.11414e-19	1.14280e-19	1.17544e-19	1.21268e-19	1.25521e-19	1.30384e-19	1.35952e-19	1.42331e-19	1.49646e-19	1.58038e-19	1.67673e-19	1.78740e-19	1.91456e-19	2.06074e-19	2.22882e-19	2.35225e-19	2.35447e-19	2.35448e-19	2.35448e-19	2.35448e-19	2.35448e-19	2.35448e-19	2.35448e-19	2.35448e-19	2.35448e-19	2.35448e-19	2.35448e-19	2.35448e-19	2.35448e-19	2.35448e-19	2.35448e-19	2.35448e-19	2.35448e-19	2.35448e-19	2.35448e-19	2.35448e-19	2.35448e-19	2.35448e-19	2.35448e-19	2.35448e-19	2.35448e-19	2.35448e-19	2.35448e-19	2.35448e-19	2.35448e-19	2.35448e-19	2.35448e-19	2.35448e-19	2.35448e-19	2.35448e-19	2.35448e-19	2.35448e-19	2.35448e-19	2.35448e-19	2.35448e-19	2.35448e-19	2.35448e-19	2.35448e-19	2.35448e-19	2.35448e-19	2.35448e-19	2.35448e-19	2.35448e-19	2.35448e-19	2.35448e-19	2.35448e-19	2.35448e-19	2.35448e-19	2.35448e-19	2.35448e-19	2.35448e-19	2.35448e-19	2.35448e-19	2.35448e-19	2.35448e-19	2.35448e-19	2.35448e-19	2.35448e-19
25.94	3.40483e-29	1.23927e-28	2.61831e-28	4.73522e-28	7.98651e-28	1.29832e-27	2.06677e-27	3.24958e-27	5.07192e-27	7.88273e-27	1.22238e-26	1.89384e-26	2.93426e-26	4.54970e-26	7.06400e-26	1.09884e-25	1.71339e-25	2.67955e-25	4.20555e-25	6.62913e-25	1.05037e-24	1.67475e-24	2.69070e-24	4.36349e-24	7.15866e-24	1.19168e-23	2.02121e-23	3.51358e-23	6.31597e-23	1.19097e-22	2.41651e-22	5.56177e-22	1.67754e-21	1.47617e-20	6.88772e-20	7.33340e-20	7.50812e-20	7.61810e-20	7.70260e-20	7.77513e-20	7.84193e-20	7.90648e-20	7.97110e-20	8.03748e-20	8.10708e-20	8.18123e-20	8.26123e-20	8.34846e-20	8.44438e-20	8.55060e-20	8.66891e-20	8.80135e-20	8.95023e-20	9.11816e-20	9.30817e-20	9.52368e-20	9.76867e-20	1.00477e-19	1.03659e-19	1.07295e-19	1.11452e-19	1.16211e-19	1.21664e-19	1.27917e-19	1.35091e-19	1.43327e-19	1.52787e-19	1.63657e-19	1.76151e-19	1.90519e-19	2.06995e-19	2.10976e-19	2.10988e-19	2.10988e-19	2.10988e-19	2.10988e-19	2.10988e-19	2.10988e-19	2.10988e-19	2.10988e-19	2.10988e-19	2.10988e-19	2.10988e-19	2.10988e-19	2.10988e-19	2.10988e-19	2.10988e-19	2.10988e-19	2.10988e-19	2.10988e-19	2.10988e-19	2.10988e-19	2.10988e-19	2.10988e-19	2.10988e-19	2.10988e-19	2.10988e-19	2.10988e-19	2.10988e-19	2.10988e-19	2.10988e-19	2.10988e-19	2.10988e-19	2.10988e-19	2.10988e-19	2.10988e-19	2.10988e-19	2.10988e-19	2.10988e-19	2.10988e-19	2.10988e-19	2.10988e-19	2.10988e-19	2.10988e-19	2.10988e-19	2.10988e-19	2.10988e-19	2.10988e-19	2.10988e-19	2.10988e-19	2.10988e-19	2.10988e-19	2.10988e-19	2.10988e-19	2.10988e-19	2.10988e-19	2.10988e-19	2.10988e-19	2.10988e-19	2.10988e-19	2.10988e-19	2.10988e-19	2.10988e-19
25.98	2.91044e-29	1.05933e-28	2.23813e-28	4.04765e-28	6.82685e-28	1.10980e-27	1.76667e-27	2.77773e-27	4.33547e-27	6.73815e-27	1.04489e-26	1.61885e-26	2.50821e-26	3.88908e-26	6.03830e-26	9.39283e-26	1.46460e-25	2.29048e-25	3.59490e-25	5.66657e-25	8.97855e-25	1.43157e-24	2.30000e-24	3.72990e-24	6.11921e-24	1.01865e-23	1.72772e-23	3.00341e-23	5.39888e-23	1.01804e-22	2.06563e-22	4.75419e-22	1.43396e-21	1.26183e-20	5.88761e-20	6.26858e-20	6.41793e-20	6.51194e-20	6.58417e-20	6.64617e-20	6.70327e-20	6.75845e-20	6.81368e-20	6.87043e-20	6.92992e-20	6.99330e-20	7.06169e-20	7.13625e-20	7.21824e-20	7.30904e-20	7.41017e-20	7.52338e-20	7.65064e-20	7.79419e-20	7.95661e-20	8.14083e-20	8.35024e-20	8.58874e-20	8.86079e-20	9.17154e-20	9.52691e-20	9.93373e-20	1.03998e-19	1.09343e-19	1.15475e-19	1.22516e-19	1.30602e-19	1.39893e-19	1.50574e-19	1.62855e-19	1.76981e-19	1.88977e-19	1.89338e-19	1.89339e-19	1.89339e-19	1.89339e-19	1.89339e-19	1.89339e-19	1.89339e-19	1.89339e-19	1.89339e-19	1.89339e-19	1.89339e-19	1.89339e-19	1.89339e-19	1.89339e-19	1.89339e-19	1.89339e-19	1.89339e-19	1.89339e-19	1.89339e-19	1.89339e-19	1.89339e-19	1.89339e-19	1.89339e-19	1.89339e-19	1.89339e-19	1.89339e-19	1.89339e-19	1.89339e-19	1.89339e-19	1.89339e-19	1.89339e-19	1.89339e-19	1.89339e-19	1.89339e-19	1.89339e-19	1.89339e-19	1.89339e-19	1.89339e-19	1.89339e-19	1.89339e-19	1.89339e-19	1.89339e-19	1.89339e-19	1.89339e-19	1.89339e-19	1.89339e-19	1.89339e-19	1.89339e-19	1.89339e-19	1.89339e-19	1.89339e-19	1.89339e-19	1.89339e-19	1.89339e-19	1.89339e-19	1.89339e-19	1.89339e-19	1.89339e-19	1.89339e-19	1.89339e-19	1.89339e-19
26.01	2.48784e-29	9.05510e-29	1.91315e-28	3.45993e-28	5.83558e-28	9.48655e-28	1.51015e-27	2.37440e-27	3.70595e-27	5.75976e-27	8.93171e-27	1.38379e-26	2.14401e-26	3.32438e-26	5.16153e-26	8.02897e-26	1.25194e-25	1.95790e-25	3.07292e-25	4.84377e-25	7.67485e-25	1.22371e-24	1.96604e-24	3.18831e-24	5.23069e-24	8.70737e-24	1.47686e-23	2.56731e-23	4.61495e-23	8.70217e-23	1.76570e-22	4.06388e-22	1.22575e-21	1.07861e-20	5.03272e-20	5.35837e-20	5.48604e-20	5.56639e-20	5.62814e-20	5.68114e-20	5.72994e-20	5.77711e-20	5.82432e-20	5.87283e-20	5.92369e-20	5.97786e-20	6.03632e-20	6.10006e-20	6.17014e-20	6.24775e-20	6.33420e-20	6.43098e-20	6.53976e-20	6.66246e-20	6.80129e-20	6.95877e-20	7.13778e-20	7.34164e-20	7.57419e-20	7.83982e-20	8.14359e-20	8.49133e-20	8.88977e-20	9.34663e-20	9.87082e-20	1.04726e-19	1.11638e-19	1.19581e-19	1.28710e-19	1.39208e-19	1.51283e-19	1.65174e-19	1.70128e-19	1.70148e-19	1.70148e-19	1.70148e-19	1.70148e-19	1.70148e-19	1.70148e-19	1.70148e-19	1.70148e-19	1.70148e-19	1.70148e-19	1.70148e-19	1.70148e-19	1.70148e-19	1.70148e-19	1.70148e-19	1.70148e-19	1.70148e-19	1.70148e-19	1.70148e-19	1.70148e-19	1.70148e-19	1.70148e-19	1.70148e-19	1.70148e-19	1.70148e-19	1.70148e-19	1.70148e-19	1.70148e-19	1.70148e-19	1.70148e-19	1.70148e-19	1.70148e-19	1.70148e-19	1.70148e-19	1.70148e-19	1.70148e-19	1.70148e-19	1.70148e-19	1.70148e-19	1.70148e-19	1.70148e-19	1.70148e-19	1.70148e-19	1.70148e-19	1.70148e-19	1.70148e-19	1.70148e-19	1.70148e-19	1.70148e-19	1.70148e-19	1.70148e-19	1.70148e-19	1.70148e-19	1.70148e-19	1.70148e-19	1.70148e-19	1.70148e-19	1.70148e-19	1.70148e-19	1.70148e-19
26.05	2.12660e-29	7.74028e-29	1.63536e-28	2.95754e-28	4.98825e-28	8.10909e-28	1.29087e-27	2.02964e-27	3.16784e-27	4.92343e-27	7.63481e-27	1.18287e-26	1.83270e-26	2.84167e-26	4.41207e-26	6.86315e-26	1.07016e-25	1.67361e-25	2.62672e-25	4.14045e-25	6.56045e-25	1.04602e-24	1.68057e-24	2.72537e-24	4.47119e-24	7.44305e-24	1.26241e-23	2.19453e-23	3.94485e-23	7.43860e-23	1.50932e-22	3.47380e-22	1.04777e-21	9.21996e-21	4.30196e-20	4.58033e-20	4.68945e-20	4.75815e-20	4.81092e-20	4.85623e-20	4.89795e-20	4.93827e-20	4.97862e-20	5.02009e-20	5.06356e-20	5.10987e-20	5.15984e-20	5.21432e-20	5.27423e-20	5.34057e-20	5.41447e-20	5.49719e-20	5.59017e-20	5.69506e-20	5.81374e-20	5.94834e-20	6.10136e-20	6.27562e-20	6.47440e-20	6.70146e-20	6.96113e-20	7.25838e-20	7.59896e-20	7.98948e-20	8.43756e-20	8.95197e-20	9.54281e-20	1.02217e-19	1.10021e-19	1.18995e-19	1.29316e-19	1.41190e-19	1.52538e-19	1.53112e-19	1.53113e-19	1.53113e-19	1.53113e-19	1.53113e-19	1.53113e-19	1.53113e-19	1.53113e-19	1.53113e-19	1.53113e-19	1.53113e-19	1.53113e-19	1.53113e-19	1.53113e-19	1.53113e-19	1.53113e-19	1.53113e-19	1.53113e-19	1.53113e-19	1.53113e-19	1.53113e-19	1.53113e-19	1.53113e-19	1.53113e-19	1.53113e-19	1.53113e-19	1.53113e-19	1.53113e-19	1.53113e-19	1.53113e-19	1.53113e-19	1.53113e-19	1.53113e-19	1.53113e-19	1.53113e-19	1.53113e-19	1.53113e-19	1.53113e-19	1.53113e-19	1.53113e-19	1.53113e-19	1.53113e-19	1.53113e-19	1.53113e-19	1.53113e-19	1.53113e-19	1.53113e-19	1.53113e-19	1.53113e-19	1.53113e-19	1.53113e-19	1.53113e-19	1.53113e-19	1.53113e-19	1.53113e-19	1.53113e-19	1.53113e-19	1.53113e-19	1.53113e-19	1.53113e-19
26.08	1.81782e-29	6.61638e-29	1.39790e-28	2.52810e-28	4.26395e-28	6.93164e-28	1.10344e-27	1.73493e-27	2.70787e-27	4.20854e-27	6.52622e-27	1.01111e-26	1.56659e-26	2.42906e-26	3.77143e-26	5.86661e-26	9.14767e-26	1.43060e-25	2.24532e-25	3.53925e-25	5.60786e-25	8.94139e-25	1.43655e-24	2.32964e-24	3.82196e-24	6.36231e-24	1.07911e-23	1.87588e-23	3.37205e-23	6.35851e-23	1.29016e-22	2.96940e-22	8.95629e-22	7.88121e-21	3.67731e-20	3.91526e-20	4.00854e-20	4.06726e-20	4.11237e-20	4.15109e-20	4.18676e-20	4.22122e-20	4.25572e-20	4.29116e-20	4.32832e-20	4.36791e-20	4.41062e-20	4.45719e-20	4.50840e-20	4.56511e-20	4.62828e-20	4.69899e-20	4.77847e-20	4.86813e-20	4.96957e-20	5.08464e-20	5.21543e-20	5.36439e-20	5.53431e-20	5.72840e-20	5.95036e-20	6.20445e-20	6.49558e-20	6.82940e-20	7.21242e-20	7.65213e-20	8.15718e-20	8.73752e-20	9.40462e-20	1.01717e-19	1.10539e-19	1.20689e-19	1.32369e-19	1.37932e-19	1.37968e-19	1.37968e-19	1.37968e-19	1.37968e-19	1.37968e-19	1.37968e-19	1.37968e-19	1.37968e-19	1.37968e-19	1.37968e-19	1.37968e-19	1.37968e-19	1.37968e-19	1.37968e-19	1.37968e-19	1.37968e-19	1.37968e-19	1.37968e-19	1.37968e-19	1.37968e-19	1.37968e-19	1.37968e-19	1.37968e-19	1.37968e-19	1.37968e-19	1.37968e-19	1.37968e-19	1.37968e-19	1.37968e-19	1.37968e-19	1.37968e-19	1.37968e-19	1.37968e-19	1.37968e-19	1.37968e-19	1.37968e-19	1.37968e-19	1.37968e-19	1.37968e-19	1.37968e-19	1.37968e-19	1.37968e-19	1.37968e-19	1.37968e-19	1.37968e-19	1.37968e-19	1.37968e-19	1.37968e-19	1.37968e-19	1.37968e-19	1.37968e-19	1.37968e-19	1.37968e-19	1.37968e-19	1.37968e-19	1.37968e-19	1.37968e-19	1.37968e-19	1.37968e-19
26.11	1.55387e-29	5.65567e-29	1.19492e-28	2.16102e-28	3.64482e-28	5.92515e-28	9.43215e-28	1.48302e-27	2.31468e-27	3.59746e-27	5.57860e-27	8.64296e-27	1.33912e-26	2.07636e-26	3.22381e-26	5.01477e-26	7.81942e-26	1.22287e-25	1.91930e-25	3.02535e-25	4.79359e-25	7.64308e-25	1.22796e-24	1.99137e-24	3.26701e-24	5.43849e-24	9.22422e-24	1.60350e-23	2.88243e-23	5.43524e-23	1.10283e-22	2.53823e-22	7.65582e-22	6.73684e-21	3.14336e-20	3.34676e-20	3.42649e-20	3.47668e-20	3.51525e-20	3.54835e-20	3.57883e-20	3.60830e-20	3.63778e-20	3.66808e-20	3.69984e-20	3.73368e-20	3.77019e-20	3.81000e-20	3.85378e-20	3.90225e-20	3.95625e-20	4.01669e-20	4.08463e-20	4.16127e-20	4.24798e-20	4.34634e-20	4.45814e-20	4.58548e-20	4.73072e-20	4.89663e-20	5.08636e-20	5.30356e-20	5.55241e-20	5.83776e-20	6.16516e-20	6.54103e-20	6.97274e-20	7.46882e-20	8.03905e-20	8.69474e-20	9.44889e-20	1.03165e-19	1.13148e-19	1.23596e-19	1.24481e-19	1.24483e-19	1.24483e-19	1.24483e-19	1.24483e-19	1.24483e-19	1.24483e-19	1.24483e-19	1.24483e-19	1.24483e-19	1.24483e-19	1.24483e-19	1.24483e-19	1.24483e-19	1.24483e-19	1.24483e-19	1.24483e-19	1.24483e-19	1.24483e-19	1.24483e-19	1.24483e-19	1.24483e-19	1.24483e-19	1.24483e-19	1.24483e-19	1.24483e-19	1.24483e-19	1.24483e-19	1.24483e-19	1.24483e-19	1.24483e-19	1.24483e-19	1.24483e-19	1.24483e-19	1.24483e-19	1.24483e-19	1.24483e-19	1.24483e-19	1.24483e-19	1.24483e-19	1.24483e-19	1.24483e-19	1.24483e-19	1.24483e-19	1.24483e-19	1.24483e-19	1.24483e-19	1.24483e-19	1.24483e-19	1.24483e-19	1.24483e-19	1.24483e-19	1.24483e-19	1.24483e-19	1.24483e-19	1.24483e-19	1.24483e-19	1.24483e-19	1.24483e-19
26.15	1.32824e-29	4.83446e-29	1.02142e-28	1.84723e-28	3.11558e-28	5.06481e-28	8.06259e-28	1.26768e-27	1.97859e-27	3.07510e-27	4.76858e-27	7.38799e-27	1.14467e-26	1.77487e-26	2.75571e-26	4.28662e-26	6.68403e-26	1.04531e-25	1.64061e-25	2.58606e-25	4.09756e-25	6.53330e-25	1.04966e-24	1.70222e-24	2.79263e-24	4.64881e-24	7.88485e-24	1.37067e-23	2.46389e-23	4.64604e-23	9.42696e-23	2.16968e-22	6.54418e-22	5.75864e-21	2.68694e-20	2.86080e-20	2.92896e-20	2.97186e-20	3.00483e-20	3.03312e-20	3.05918e-20	3.08437e-20	3.10957e-20	3.13547e-20	3.16262e-20	3.19154e-20	3.22275e-20	3.25678e-20	3.29420e-20	3.33564e-20	3.38179e-20	3.43346e-20	3.49154e-20	3.55705e-20	3.63117e-20	3.71524e-20	3.81081e-20	3.91966e-20	4.04381e-20	4.18563e-20	4.34781e-20	4.53347e-20	4.74619e-20	4.99011e-20	5.26997e-20	5.59126e-20	5.96029e-20	6.38433e-20	6.87177e-20	7.43225e-20	8.07690e-20	8.81853e-20	9.67191e-20	1.06541e-19	1.12399e-19	1.12458e-19	1.12458e-19	1.12458e-19	1.12458e-19	1.12458e-19	1.12458e-19	1.12458e-19	1.12458e-19	1.12458e-19	1.12458e-19	1.12458e-19	1.12458e-19	1.12458e-19	1.12458e-19	1.12458e-19	1.12458e-19	1.12458e-19	1.12458e-19	1.12458e-19	1.12458e-19	1.12458e-19	1.12458e-19	1.12458e-19	1.12458e-19	1.12458e-19	1.12458e-19	1.12458e-19	1.12458e-19	1.12458e-19	1.12458e-19	1.12458e-19	1.12458e-19	1.12458e-19	1.12458e-19	1.12458e-19	1.12458e-19	1.12458e-19	1.12458e-19	1.12458e-19	1.12458e-19	1.12458e-19	1.12458e-19	1.12458e-19	1.12458e-19	1.12458e-19	1.12458e-19	1.12458e-19	1.12458e-19	1.12458e-19	1.12458e-19	1.12458e-19	1.12458e-19	1.12458e-19	1.12458e-19	1.12458e-19	1.12458e-19	1.12458e-19	1.12458e-19
26.18	1.13538e-29	4.13249e-29	8.73107e-29	1.57901e-28	2.66320e-28	4.32939e-28	6.89189e-28	1.08361e-27	1.69129e-27	2.62859e-27	4.07618e-27	6.31524e-27	9.78465e-27	1.51715e-26	2.35557e-26	3.66420e-26	5.71350e-26	8.93528e-26	1.40239e-25	2.21056e-25	3.50258e-25	5.58465e-25	8.97244e-25	1.45506e-24	2.38714e-24	3.97380e-24	6.73995e-24	1.17165e-23	2.10613e-23	3.97142e-23	8.05815e-23	1.85464e-22	5.59396e-22	4.92248e-21	2.29679e-20	2.44541e-20	2.50367e-20	2.54034e-20	2.56852e-20	2.59271e-20	2.61498e-20	2.63651e-20	2.65806e-20	2.68019e-20	2.70340e-20	2.72813e-20	2.75481e-20	2.78389e-20	2.81588e-20	2.85130e-20	2.89075e-20	2.93492e-20	2.98456e-20	3.04056e-20	3.10392e-20	3.17578e-20	3.25748e-20	3.35052e-20	3.45664e-20	3.57787e-20	3.71650e-20	3.87520e-20	4.05704e-20	4.26554e-20	4.50476e-20	4.77940e-20	5.09485e-20	5.45732e-20	5.87398e-20	6.35308e-20	6.90412e-20	7.53807e-20	8.26754e-20	9.10707e-20	1.00408e-19	1.01718e-19	1.01721e-19	1.01721e-19	1.01721e-19	1.01721e-19	1.01721e-19	1.01721e-19	1.01721e-19	1.01721e-19	1.01721e-19	1.01721e-19	1.01721e-19	1.01721e-19	1.01721e-19	1.01721e-19	1.01721e-19	1.01721e-19	1.01721e-19	1.01721e-19	1.01721e-19	1.01721e-19	1.01721e-19	1.01721e-19	1.01721e-19	1.01721e-19	1.01721e-19	1.01721e-19	1.01721e-19	1.01721e-19	1.01721e-19	1.01721e-19	1.01721e-19	1.01721e-19	1.01721e-19	1.01721e-19	1.01721e-19	1.01721e-19	1.01721e-19	1.01721e-19	1.01721e-19	1.01721e-19	1.01721e-19	1.01721e-19	1.01721e-19	1.01721e-19	1.01721e-19	1.01721e-19	1.01721e-19	1.01721e-19	1.01721e-19	1.01721e-19	1.01721e-19	1.01721e-19	1.01721e-19	1.01721e-19	1.01721e-19	1.01721e-19	1.01721e-19
26.22	9.70521e-30	3.53245e-29	7.46331e-29	1.34974e-28	2.27650e-28	3.70076e-28	5.89118e-28	9.26268e-28	1.44571e-27	2.24692e-27	3.48431e-27	5.39826e-27	8.36391e-27	1.29686e-26	2.01354e-26	3.13215e-26	4.88389e-26	7.63787e-26	1.19876e-25	1.88958e-25	2.99400e-25	4.77375e-25	7.66963e-25	1.24378e-24	2.04052e-24	3.39680e-24	5.76130e-24	1.00152e-23	1.80032e-23	3.39477e-23	6.88809e-23	1.58534e-22	4.78171e-22	4.20773e-21	1.96329e-20	2.09033e-20	2.14013e-20	2.17148e-20	2.19557e-20	2.21624e-20	2.23528e-20	2.25369e-20	2.27210e-20	2.29102e-20	2.31086e-20	2.33200e-20	2.35480e-20	2.37967e-20	2.40701e-20	2.43728e-20	2.47101e-20	2.50876e-20	2.55120e-20	2.59907e-20	2.65322e-20	2.71466e-20	2.78449e-20	2.86402e-20	2.95473e-20	3.05836e-20	3.17686e-20	3.31252e-20	3.46795e-20	3.64617e-20	3.85066e-20	4.08542e-20	4.35507e-20	4.66491e-20	5.02107e-20	5.43060e-20	5.90163e-20	6.44353e-20	7.06708e-20	7.78471e-20	8.61076e-20	9.20196e-20	9.21176e-20	9.21178e-20	9.21178e-20	9.21178e-20	9.21178e-20	9.21178e-20	9.21178e-20	9.21178e-20	9.21178e-20	9.21178e-20	9.21178e-20	9.21178e-20	9.21178e-20	9.21178e-20	9.21178e-20	9.21178e-20	9.21178e-20	9.21178e-20	9.21178e-20	9.21178e-20	9.21178e-20	9.21178e-20	9.21178e-20	9.21178e-20	9.21178e-20	9.21178e-20	9.21178e-20	9.21178e-20	9.21178e-20	9.21178e-20	9.21178e-20	9.21178e-20	9.21178e-20	9.21178e-20	9.21178e-20	9.21178e-20	9.21178e-20	9.21178e-20	9.21178e-20	9.21178e-20	9.21178e-20	9.21178e-20	9.21178e-20	9.21178e-20	9.21178e-20	9.21178e-20	9.21178e-20	9.21178e-20	9.21178e-20	9.21178e-20	9.21178e-20	9.21178e-20	9.21178e-20	9.21178e-20	9.21178e-20	9.21178e-20	9.21178e-20
26.25	8.29599e-30	3.01953e-29	6.37962e-29	1.15375e-28	1.94594e-28	3.16340e-28	5.03577e-28	7.91773e-28	1.23579e-27	1.92066e-27	2.97838e-27	4.61443e-27	7.14945e-27	1.10855e-26	1.72117e-26	2.67736e-26	4.17474e-26	6.52884e-26	1.02470e-25	1.61521e-25	2.55927e-25	4.08060e-25	6.55599e-25	1.06318e-24	1.74424e-24	2.90358e-24	4.92475e-24	8.56099e-24	1.53891e-23	2.90184e-23	5.88793e-23	1.35515e-22	4.08740e-22	3.59676e-21	1.67822e-20	1.78681e-20	1.82938e-20	1.85618e-20	1.87677e-20	1.89444e-20	1.91072e-20	1.92645e-20	1.94219e-20	1.95836e-20	1.97532e-20	1.99339e-20	2.01288e-20	2.03414e-20	2.05751e-20	2.08339e-20	2.11221e-20	2.14449e-20	2.18076e-20	2.22168e-20	2.26797e-20	2.32048e-20	2.38018e-20	2.44816e-20	2.52570e-20	2.61428e-20	2.71558e-20	2.83154e-20	2.96440e-20	3.11674e-20	3.29154e-20	3.49221e-20	3.72271e-20	3.98756e-20	4.29200e-20	4.64207e-20	5.04470e-20	5.50792e-20	6.04093e-20	6.65436e-20	7.36046e-20	8.16929e-20	8.35119e-20	8.35172e-20	8.35172e-20	8.35172e-20	8.35172e-20	8.35172e-20	8.35172e-20	8.35172e-20	8.35172e-20	8.35172e-20	8.35172e-20	8.35172e-20	8.35172e-20	8.35172e-20	8.35172e-20	8.35172e-20	8.35172e-20	8.35172e-20	8.35172e-20	8.35172e-20	8.35172e-20	8.35172e-20	8.35172e-20	8.35172e-20	8.35172e-20	8.35172e-20	8.35172e-20	8.35172e-20	8.35172e-20	8.35172e-20	8.35172e-20	8.35172e-20	8.35172e-20	8.35172e-20	8.35172e-20	8.35172e-20	8.35172e-20	8.35172e-20	8.35172e-20	8.35172e-20	8.35172e-20	8.35172e-20	8.35172e-20	8.35172e-20	8.35172e-20	8.35172e-20	8.35172e-20	8.35172e-20	8.35172e-20	8.35172e-20	8.35172e-20	8.35172e-20	8.35172e-20	8.35172e-20	8.35172e-20	8.35172e-20	8.35172e-20
26.28	7.09140e-30	2.58109e-29	5.45329e-29	9.86227e-29	1.66339e-28	2.70407e-28	4.30457e-28	6.76806e-28	1.05635e-27	1.64178e-27	2.54592e-27	3.94440e-27	6.11134e-27	9.47590e-27	1.47126e-26	2.28860e-26	3.56856e-26	5.58084e-26	8.75912e-26	1.38068e-25	2.18766e-25	3.48809e-25	5.60405e-25	9.08805e-25	1.49097e-24	2.48197e-24	4.20967e-24	7.31792e-24	1.31546e-23	2.48049e-23	5.03299e-23	1.15838e-22	3.49390e-22	3.07450e-21	1.43454e-20	1.52737e-20	1.56375e-20	1.58666e-20	1.60426e-20	1.61937e-20	1.63328e-20	1.64672e-20	1.66018e-20	1.67401e-20	1.68850e-20	1.70395e-20	1.72061e-20	1.73878e-20	1.75875e-20	1.78088e-20	1.80552e-20	1.83310e-20	1.86411e-20	1.89909e-20	1.93866e-20	1.98355e-20	2.03457e-20	2.09268e-20	2.15897e-20	2.23468e-20	2.32127e-20	2.42039e-20	2.53396e-20	2.66419e-20	2.81360e-20	2.98514e-20	3.18216e-20	3.40856e-20	3.66880e-20	3.96803e-20	4.31221e-20	4.70816e-20	5.16377e-20	5.68814e-20	6.29171e-20	6.98656e-20	7.56434e-20	7.58032e-20	7.58034e-20	7.58035e-20	7.58035e-20	7.58035e-20	7.58035e-20	7.58035e-20	7.58035e-20	7.58035e-20	7.58035e-20	7.58035e-20	7.58035e-20	7.58035e-20	7.58035e-20	7.58035e-20	7.58035e-20	7.58035e-20	7.58035e-20	7.58035e-20	7.58035e-20	7.58035e-20	7.58035e-20	7.58035e-20	7.58035e-20	7.58035e-20	7.58035e-20	7.58035e-20	7.58035e-20	7.58035e-20	7.58035e-20	7.58035e-20	7.58035e-20	7.58035e-20	7.58035e-20	7.58035e-20	7.58035e-20	7.58035e-20	7.58035e-20	7.58035e-20	7.58035e-20	7.58035e-20	7.58035e-20	7.58035e-20	7.58035e-20	7.58035e-20	7.58035e-20	7.58035e-20	7.58035e-20	7.58035e-20	7.58035e-20	7.58035e-20	7.58035e-20	7.58035e-20	7.58035e-20	7.58035e-20	7.58035e-20
26.32	6.06172e-30	2.20631e-29	4.66147e-29	8.43026e-29	1.42186e-28	2.31144e-28	3.67954e-28	5.78533e-28	9.02970e-28	1.40339e-27	2.17625e-27	3.37167e-27	5.22397e-27	8.09998e-27	1.25763e-26	1.95629e-26	3.05040e-26	4.77049e-26	7.48728e-26	1.18020e-25	1.87001e-25	2.98161e-25	4.79033e-25	7.76846e-25	1.27448e-24	2.12159e-24	3.59842e-24	6.25535e-24	1.12445e-23	2.12032e-23	4.30219e-23	9.90180e-23	2.98658e-22	2.62808e-21	1.22624e-20	1.30559e-20	1.33669e-20	1.35627e-20	1.37132e-20	1.38423e-20	1.39612e-20	1.40762e-20	1.41912e-20	1.43094e-20	1.44333e-20	1.45653e-20	1.47077e-20	1.48630e-20	1.50338e-20	1.52229e-20	1.54335e-20	1.56693e-20	1.59344e-20	1.62334e-20	1.65716e-20	1.69553e-20	1.73915e-20	1.78882e-20	1.84548e-20	1.91020e-20	1.98422e-20	2.06895e-20	2.16603e-20	2.27734e-20	2.40507e-20	2.55169e-20	2.72011e-20	2.91363e-20	3.13608e-20	3.39187e-20	3.68607e-20	4.02453e-20	4.41399e-20	4.86221e-20	5.37814e-20	5.97210e-20	6.65595e-20	6.88661e-20	6.88752e-20	6.88752e-20	6.88752e-20	6.88752e-20	6.88752e-20	6.88752e-20	6.88752e-20	6.88752e-20	6.88752e-20	6.88752e-20	6.88752e-20	6.88752e-20	6.88752e-20	6.88752e-20	6.88752e-20	6.88752e-20	6.88752e-20	6.88752e-20	6.88752e-20	6.88752e-20	6.88752e-20	6.88752e-20	6.88752e-20	6.88752e-20	6.88752e-20	6.88752e-20	6.88752e-20	6.88752e-20	6.88752e-20	6.88752e-20	6.88752e-20	6.88752e-20	6.88752e-20	6.88752e-20	6.88752e-20	6.88752e-20	6.88752e-20	6.88752e-20	6.88752e-20	6.88752e-20	6.88752e-20	6.88752e-20	6.88752e-20	6.88752e-20	6.88752e-20	6.88752e-20	6.88752e-20	6.88752e-20	6.88752e-20	6.88752e-20	6.88752e-20	6.88752e-20	6.88752e-20	6.88752e-20	6.88752e-20
26.35	5.18155e-30	1.88595e-29	3.98461e-29	7.20617e-29	1.21541e-28	1.97581e-28	3.14526e-28	4.94529e-28	7.71858e-28	1.19961e-27	1.86025e-27	2.88210e-27	4.46544e-27	6.92385e-27	1.07502e-26	1.67223e-26	2.60748e-26	4.07781e-26	6.40012e-26	1.00884e-25	1.59848e-25	2.54868e-25	4.09477e-25	6.64046e-25	1.08942e-24	1.81353e-24	3.07592e-24	5.34706e-24	9.61179e-24	1.81245e-23	3.67751e-23	8.46404e-23	2.55292e-22	2.24648e-21	1.04819e-20	1.11602e-20	1.14260e-20	1.15934e-20	1.17220e-20	1.18324e-20	1.19340e-20	1.20323e-20	1.21306e-20	1.22316e-20	1.23376e-20	1.24504e-20	1.25722e-20	1.27049e-20	1.28509e-20	1.30125e-20	1.31926e-20	1.33941e-20	1.36207e-20	1.38763e-20	1.41654e-20	1.44934e-20	1.48662e-20	1.52908e-20	1.57751e-20	1.63284e-20	1.69611e-20	1.76853e-20	1.85152e-20	1.94667e-20	2.05585e-20	2.18118e-20	2.32514e-20	2.49057e-20	2.68072e-20	2.89936e-20	3.15084e-20	3.44016e-20	3.77307e-20	4.15621e-20	4.59723e-20	5.10494e-20	5.68949e-20	6.23884e-20	6.26435e-20	6.26439e-20	6.26439e-20	6.26439e-20	6.26439e-20	6.26439e-20	6.26439e-20	6.26439e-20	6.26439e-20	6.26439e-20	6.26439e-20	6.26439e-20	6.26439e-20	6.26439e-20	6.26439e-20	6.26439e-20	6.26439e-20	6.26439e-20	6.26439e-20	6.26439e-20	6.26439e-20	6.26439e-20	6.26439e-20	6.26439e-20	6.26439e-20	6.26439e-20	6.26439e-20	6.26439e-20	6.26439e-20	6.26439e-20	6.26439e-20	6.26439e-20	6.26439e-20	6.26439e-20	6.26439e-20	6.26439e-20	6.26439e-20	6.26439e-20	6.26439e-20	6.26439e-20	6.26439e-20	6.26439e-20	6.26439e-20	6.26439e-20	6.26439e-20	6.26439e-20	6.26439e-20	6.26439e-20	6.26439e-20	6.26439e-20	6.26439e-20	6.26439e-20	6.26439e-20	6.26439e-20	6.26439e-20
26.39	4.42918e-30	1.61211e-29	3.40604e-29	6.15982e-29	1.03893e-28	1.68892e-28	2.68857e-28	4.22723e-28	6.59783e-28	1.02543e-27	1.59014e-27	2.46361e-27	3.81705e-27	5.91850e-27	9.18923e-27	1.42942e-26	2.22887e-26	3.48571e-26	5.47081e-26	8.62352e-26	1.36638e-25	2.17860e-25	3.50020e-25	5.67626e-25	9.31237e-25	1.55020e-24	2.62929e-24	4.57066e-24	8.21615e-24	1.54928e-23	3.14353e-23	7.23505e-23	2.18224e-22	1.92029e-21	8.95991e-21	9.53969e-21	9.76696e-21	9.91003e-21	1.00200e-20	1.01143e-20	1.02012e-20	1.02852e-20	1.03692e-20	1.04556e-20	1.05461e-20	1.06426e-20	1.07467e-20	1.08601e-20	1.09849e-20	1.11231e-20	1.12770e-20	1.14493e-20	1.16429e-20	1.18614e-20	1.21086e-20	1.23889e-20	1.27076e-20	1.30706e-20	1.34846e-20	1.39575e-20	1.44983e-20	1.51174e-20	1.58267e-20	1.66401e-20	1.75733e-20	1.86447e-20	1.98753e-20	2.12893e-20	2.29147e-20	2.47837e-20	2.69334e-20	2.94064e-20	3.22521e-20	3.55272e-20	3.92970e-20	4.36369e-20	4.86337e-20	5.43873e-20	5.70164e-20	5.70319e-20	5.70319e-20	5.70319e-20	5.70319e-20	5.70319e-20	5.70319e-20	5.70319e-20	5.70319e-20	5.70319e-20	5.70319e-20	5.70319e-20	5.70319e-20	5.70319e-20	5.70319e-20	5.70319e-20	5.70319e-20	5.70319e-20	5.70319e-20	5.70319e-20	5.70319e-20	5.70319e-20	5.70319e-20	5.70319e-20	5.70319e-20	5.70319e-20	5.70319e-20	5.70319e-20	5.70319e-20	5.70319e-20	5.70319e-20	5.70319e-20	5.70319e-20	5.70319e-20	5.70319e-20	5.70319e-20	5.70319e-20	5.70319e-20	5.70319e-20	5.70319e-20	5.70319e-20	5.70319e-20	5.70319e-20	5.70319e-20	5.70319e-20	5.70319e-20	5.70319e-20	5.70319e-20	5.70319e-20	5.70319e-20	5.70319e-20	5.70319e-20	5.70319e-20	5.70319e-20	5.70319e-20
26.42	3.78606e-30	1.37803e-29	2.91148e-29	5.26541e-29	8.88074e-29	1.44369e-28	2.29818e-28	3.61343e-28	5.63981e-28	8.76535e-28	1.35925e-27	2.10589e-27	3.26281e-27	5.05912e-27	7.85494e-27	1.22187e-26	1.90523e-26	2.97958e-26	4.67644e-26	7.37137e-26	1.16798e-25	1.86227e-25	2.99197e-25	4.85206e-25	7.96020e-25	1.32511e-24	2.24752e-24	3.90699e-24	7.02315e-24	1.32432e-23	2.68708e-23	6.18451e-23	1.86537e-22	1.64146e-21	7.65892e-21	8.15451e-21	8.34879e-21	8.47108e-21	8.56504e-21	8.64569e-21	8.71997e-21	8.79176e-21	8.86360e-21	8.93742e-21	9.01481e-21	9.09726e-21	9.18623e-21	9.28322e-21	9.38988e-21	9.50799e-21	9.63955e-21	9.78682e-21	9.95237e-21	1.01391e-20	1.03504e-20	1.05900e-20	1.08624e-20	1.11727e-20	1.15266e-20	1.19308e-20	1.23931e-20	1.29223e-20	1.35287e-20	1.42239e-20	1.50217e-20	1.59375e-20	1.69894e-20	1.81981e-20	1.95875e-20	2.11851e-20	2.30226e-20	2.51366e-20	2.75691e-20	3.03686e-20	3.35911e-20	3.73008e-20	4.15720e-20	4.64902e-20	5.15741e-20	5.19702e-20	5.19710e-20	5.19710e-20	5.19710e-20	5.19710e-20	5.19710e-20	5.19710e-20	5.19710e-20	5.19710e-20	5.19710e-20	5.19710e-20	5.19710e-20	5.19710e-20	5.19710e-20	5.19710e-20	5.19710e-20	5.19710e-20	5.19710e-20	5.19710e-20	5.19710e-20	5.19710e-20	5.19710e-20	5.19710e-20	5.19710e-20	5.19710e-20	5.19710e-20	5.19710e-20	5.19710e-20	5.19710e-20	5.19710e-20	5.19710e-20	5.19710e-20	5.19710e-20	5.19710e-20	5.19710e-20	5.19710e-20	5.19710e-20	5.19710e-20	5.19710e-20	5.19710e-20	5.19710e-20	5.19710e-20	5.19710e-20	5.19710e-20	5.19710e-20	5.19710e-20	5.19710e-20	5.19710e-20	5.19710e-20	5.19710e-20	5.19710e-20	5.19710e-20	5.19710e-20	5.19710e-20
26.45	3.23632e-30	1.17794e-29	2.48873e-29	4.50086e-29	7.59124e-29	1.23406e-28	1.96448e-28	3.08875e-28	4.82090e-28	7.49261e-28	1.16188e-27	1.80011e-27	2.78904e-27	4.32453e-27	6.71439e-27	1.04445e-26	1.62859e-26	2.54694e-26	3.99741e-26	6.30104e-26	9.98386e-26	1.59186e-25	2.55753e-25	4.14753e-25	6.80436e-25	1.13270e-24	1.92117e-24	3.33969e-24	6.00338e-24	1.13203e-23	2.29692e-23	5.28651e-23	1.59452e-22	1.40312e-21	6.54683e-21	6.97046e-21	7.13653e-21	7.24106e-21	7.32138e-21	7.39033e-21	7.45382e-21	7.51518e-21	7.57659e-21	7.63969e-21	7.70585e-21	7.77632e-21	7.85237e-21	7.93528e-21	8.02645e-21	8.12741e-21	8.23987e-21	8.36576e-21	8.50727e-21	8.66689e-21	8.84749e-21	9.05234e-21	9.28520e-21	9.55040e-21	9.85291e-21	1.01985e-20	1.05936e-20	1.10460e-20	1.15643e-20	1.21586e-20	1.28405e-20	1.36233e-20	1.45225e-20	1.55557e-20	1.67433e-20	1.81090e-20	1.96797e-20	2.14867e-20	2.35660e-20	2.59590e-20	2.87136e-20	3.18847e-20	3.55357e-20	3.97397e-20	4.45810e-20	4.73750e-20	4.74011e-20	4.74011e-20	4.74011e-20	4.74011e-20	4.74011e-20	4.74011e-20	4.74011e-20	4.74011e-20	4.74011e-20	4.74011e-20	4.74011e-20	4.74011e-20	4.74011e-20	4.74011e-20	4.74011e-20	4.74011e-20	4.74011e-20	4.74011e-20	4.74011e-20	4.74011e-20	4.74011e-20	4.74011e-20	4.74011e-20	4.74011e-20	4.74011e-20	4.74011e-20	4.74011e-20	4.74011e-20	4.74011e-20	4.74011e-20	4.74011e-20	4.74011e-20	4.74011e-20	4.74011e-20	4.74011e-20	4.74011e-20	4.74011e-20	4.74011e-20	4.74011e-20	4.74011e-20	4.74011e-20	4.74011e-20	4.74011e-20	4.74011e-20	4.74011e-20	4.74011e-20	4.74011e-20	4.74011e-20	4.74011e-20	4.74011e-20	4.74011e-20	4.74011e-20	4.74011e-20
26.49	2.76640e-30	1.00690e-29	2.12736e-29	3.84733e-29	6.48898e-29	1.05487e-28	1.67924e-28	2.64026e-28	4.12090e-28	6.40467e-28	9.93177e-28	1.53873e-27	2.38407e-27	3.69660e-27	5.73945e-27	8.92796e-27	1.39212e-26	2.17712e-26	3.41698e-26	5.38612e-26	8.53419e-26	1.36072e-25	2.18617e-25	3.54530e-25	5.81636e-25	9.68232e-25	1.64222e-24	2.85476e-24	5.13168e-24	9.67653e-24	1.96340e-23	4.51890e-23	1.36299e-22	1.19938e-21	5.59622e-21	5.95834e-21	6.10029e-21	6.18965e-21	6.25831e-21	6.31724e-21	6.37151e-21	6.42396e-21	6.47646e-21	6.53040e-21	6.58695e-21	6.64719e-21	6.71219e-21	6.78307e-21	6.86100e-21	6.94730e-21	7.04343e-21	7.15104e-21	7.27200e-21	7.40844e-21	7.56282e-21	7.73792e-21	7.93698e-21	8.16367e-21	8.42225e-21	8.71762e-21	9.05541e-21	9.44209e-21	9.88514e-21	1.03932e-20	1.09760e-20	1.16452e-20	1.24138e-20	1.32970e-20	1.43122e-20	1.54795e-20	1.68222e-20	1.83668e-20	2.01442e-20	2.21897e-20	2.45443e-20	2.72550e-20	3.03759e-20	3.39695e-20	3.81077e-20	4.26771e-20	4.32682e-20	4.32695e-20	4.32695e-20	4.32695e-20	4.32695e-20	4.32695e-20	4.32695e-20	4.32695e-20	4.32695e-20	4.32695e-20	4.32695e-20	4.32695e-20	4.32695e-20	4.32695e-20	4.32695e-20	4.32695e-20	4.32695e-20	4.32695e-20	4.32695e-20	4.32695e-20	4.32695e-20	4.32695e-20	4.32695e-20	4.32695e-20	4.32695e-20	4.32695e-20	4.32695e-20	4.32695e-20	4.32695e-20	4.32695e-20	4.32695e-20	4.32695e-20	4.32695e-20	4.32695e-20	4.32695e-20	4.32695e-20	4.32695e-20	4.32695e-20	4.32695e-20	4.32695e-20	4.32695e-20	4.32695e-20	4.32695e-20	4.32695e-20	4.32695e-20	4.32695e-20	4.32695e-20	4.32695e-20	4.32695e-20	4.32695e-20	4.32695e-20	4.32695e-20	4.32695e-20
26.52	2.36471e-30	8.60695e-30	1.81847e-29	3.28869e-29	5.54677e-29	9.01705e-29	1.43541e-28	2.25689e-28	3.52254e-28	5.47470e-28	8.48966e-28	1.31531e-27	2.03790e-27	3.15985e-27	4.90607e-27	7.63161e-27	1.18998e-26	1.86100e-26	2.92083e-26	4.60405e-26	7.29501e-26	1.16314e-25	1.86874e-25	3.03052e-25	4.97181e-25	8.27643e-25	1.40376e-24	2.44025e-24	4.38655e-24	8.27149e-24	1.67831e-23	3.86275e-23	1.16508e-22	1.02523e-21	4.78364e-21	5.09318e-21	5.21452e-21	5.29090e-21	5.34959e-21	5.39997e-21	5.44636e-21	5.49119e-21	5.53607e-21	5.58217e-21	5.63051e-21	5.68201e-21	5.73757e-21	5.79816e-21	5.86477e-21	5.93854e-21	6.02071e-21	6.11270e-21	6.21609e-21	6.33273e-21	6.46469e-21	6.61437e-21	6.78451e-21	6.97829e-21	7.19933e-21	7.45181e-21	7.74055e-21	8.07108e-21	8.44980e-21	8.88405e-21	9.38230e-21	9.95430e-21	1.06113e-20	1.13662e-20	1.22340e-20	1.32319e-20	1.43796e-20	1.56999e-20	1.72192e-20	1.89678e-20	2.09805e-20	2.32975e-20	2.59652e-20	2.90370e-20	3.25744e-20	3.66483e-20	3.94863e-20	3.95297e-20	3.95297e-20	3.95297e-20	3.95297e-20	3.95297e-20	3.95297e-20	3.95297e-20	3.95297e-20	3.95297e-20	3.95297e-20	3.95297e-20	3.95297e-20	3.95297e-20	3.95297e-20	3.95297e-20	3.95297e-20	3.95297e-20	3.95297e-20	3.95297e-20	3.95297e-20	3.95297e-20	3.95297e-20	3.95297e-20	3.95297e-20	3.95297e-20	3.95297e-20	3.95297e-20	3.95297e-20	3.95297e-20	3.95297e-20	3.95297e-20	3.95297e-20	3.95297e-20	3.95297e-20	3.95297e-20	3.95297e-20	3.95297e-20	3.95297e-20	3.95297e-20	3.95297e-20	3.95297e-20	3.95297e-20	3.95297e-20	3.95297e-20	3.95297e-20	3.95297e-20	3.95297e-20	3.95297e-20	3.95297e-20	3.95297e-20	3.95297e-20	3.95297e-20
26.56	2.02135e-30	7.35720e-30	1.55442e-29	2.81117e-29	4.74137e-29	7.70776e-29	1.22699e-28	1.92919e-28	3.01106e-28	4.67976e-28	7.25695e-28	1.12432e-27	1.74199e-27	2.70104e-27	4.19371e-27	6.52348e-27	1.01719e-26	1.59078e-26	2.49672e-26	3.93553e-26	6.23576e-26	9.94253e-26	1.59739e-25	2.59048e-25	4.24990e-25	7.07468e-25	1.19994e-24	2.08592e-24	3.74962e-24	7.07045e-24	1.43462e-23	3.30187e-23	9.95910e-23	8.76365e-22	4.08905e-21	4.35364e-21	4.45737e-21	4.52266e-21	4.57282e-21	4.61588e-21	4.65554e-21	4.69386e-21	4.73222e-21	4.77163e-21	4.81295e-21	4.85697e-21	4.90447e-21	4.95625e-21	5.01320e-21	5.07626e-21	5.14650e-21	5.22512e-21	5.31351e-21	5.41321e-21	5.52600e-21	5.65395e-21	5.79939e-21	5.96503e-21	6.15398e-21	6.36980e-21	6.61661e-21	6.89915e-21	7.22288e-21	7.59407e-21	8.01997e-21	8.50892e-21	9.07052e-21	9.71584e-21	1.04576e-20	1.13106e-20	1.22916e-20	1.34203e-20	1.47190e-20	1.62136e-20	1.79341e-20	1.99147e-20	2.21950e-20	2.48208e-20	2.78446e-20	3.13269e-20	3.53067e-20	3.61382e-20	3.61405e-20	3.61405e-20	3.61405e-20	3.61405e-20	3.61405e-20	3.61405e-20	3.61405e-20	3.61405e-20	3.61405e-20	3.61405e-20	3.61405e-20	3.61405e-20	3.61405e-20	3.61405e-20	3.61405e-20	3.61405e-20	3.61405e-20	3.61405e-20	3.61405e-20	3.61405e-20	3.61405e-20	3.61405e-20	3.61405e-20	3.61405e-20	3.61405e-20	3.61405e-20	3.61405e-20	3.61405e-20	3.61405e-20	3.61405e-20	3.61405e-20	3.61405e-20	3.61405e-20	3.61405e-20	3.61405e-20	3.61405e-20	3.61405e-20	3.61405e-20	3.61405e-20	3.61405e-20	3.61405e-20	3.61405e-20	3.61405e-20	3.61405e-20	3.61405e-20	3.61405e-20	3.61405e-20	3.61405e-20	3.61405e-20	3.61405e-20	3.61405e-20
26.59	1.72785e-30	6.28893e-30	1.32872e-29	2.40298e-29	4.05292e-29	6.58858e-29	1.04883e-28	1.64907e-28	2.57385e-28	4.00026e-28	6.20323e-28	9.61070e-28	1.48905e-27	2.30884e-27	3.58477e-27	5.57626e-27	8.69494e-27	1.35979e-26	2.13419e-26	3.36409e-26	5.33032e-26	8.49886e-26	1.36545e-25	2.21434e-25	3.63281e-25	6.04743e-25	1.02570e-24	1.78304e-24	3.20517e-24	6.04381e-24	1.22631e-23	2.82244e-23	8.51302e-23	7.49115e-22	3.49531e-21	3.72149e-21	3.81015e-21	3.86596e-21	3.90884e-21	3.94565e-21	3.97955e-21	4.01231e-21	4.04510e-21	4.07878e-21	4.11410e-21	4.15173e-21	4.19233e-21	4.23660e-21	4.28527e-21	4.33918e-21	4.39922e-21	4.46643e-21	4.54198e-21	4.62720e-21	4.72362e-21	4.83299e-21	4.95731e-21	5.09890e-21	5.26041e-21	5.44489e-21	5.65587e-21	5.89738e-21	6.17410e-21	6.49140e-21	6.85546e-21	7.27341e-21	7.75347e-21	8.30509e-21	8.93917e-21	9.66827e-21	1.05069e-20	1.14716e-20	1.25817e-20	1.38594e-20	1.53300e-20	1.70230e-20	1.89723e-20	2.12168e-20	2.38015e-20	2.67782e-20	3.02066e-20	3.29947e-20	3.30656e-20	3.30657e-20	3.30657e-20	3.30657e-20	3.30657e-20	3.30657e-20	3.30657e-20	3.30657e-20	3.30657e-20	3.30657e-20	3.30657e-20	3.30657e-20	3.30657e-20	3.30657e-20	3.30657e-20	3.30657e-20	3.30657e-20	3.30657e-20	3.30657e-20	3.30657e-20	3.30657e-20	3.30657e-20	3.30657e-20	3.30657e-20	3.30657e-20	3.30657e-20	3.30657e-20	3.30657e-20	3.30657e-20	3.30657e-20	3.30657e-20	3.30657e-20	3.30657e-20	3.30657e-20	3.30657e-20	3.30657e-20	3.30657e-20	3.30657e-20	3.30657e-20	3.30657e-20	3.30657e-20	3.30657e-20	3.30657e-20	3.30657e-20	3.30657e-20	3.30657e-20	3.30657e-20	3.30657e-20	3.30657e-20	3.30657e-20	3.30657e-20
26.63	1.47696e-30	5.37576e-30	1.13579e-29	2.05407e-29	3.46443e-29	5.63191e-29	8.96534e-29	1.40962e-28	2.20012e-28	3.41941e-28	5.30251e-28	8.21521e-28	1.27284e-27	1.97359e-27	3.06426e-27	4.76658e-27	7.43242e-27	1.16235e-26	1.82431e-26	2.87562e-26	4.55635e-26	7.26481e-26	1.16718e-25	1.89282e-25	3.10532e-25	5.16933e-25	8.76769e-25	1.52414e-24	2.73977e-24	5.16624e-24	1.04825e-23	2.41261e-23	7.27692e-23	6.40342e-22	2.98779e-21	3.18112e-21	3.25691e-21	3.30462e-21	3.34127e-21	3.37274e-21	3.40171e-21	3.42971e-21	3.45774e-21	3.48654e-21	3.51673e-21	3.54889e-21	3.58360e-21	3.62144e-21	3.66305e-21	3.70912e-21	3.76044e-21	3.81790e-21	3.88248e-21	3.95532e-21	4.03774e-21	4.13123e-21	4.23750e-21	4.35853e-21	4.49659e-21	4.65428e-21	4.83463e-21	5.04107e-21	5.27761e-21	5.54884e-21	5.86004e-21	6.21730e-21	6.62765e-21	7.09917e-21	7.64119e-21	8.26442e-21	8.98125e-21	9.80592e-21	1.07549e-20	1.18470e-20	1.31041e-20	1.45513e-20	1.62175e-20	1.81361e-20	2.03455e-20	2.28900e-20	2.58205e-20	2.91959e-20	3.02690e-20	3.02730e-20	3.02730e-20	3.02730e-20	3.02730e-20	3.02730e-20	3.02730e-20	3.02730e-20	3.02730e-20	3.02730e-20	3.02730e-20	3.02730e-20	3.02730e-20	3.02730e-20	3.02730e-20	3.02730e-20	3.02730e-20	3.02730e-20	3.02730e-20	3.02730e-20	3.02730e-20	3.02730e-20	3.02730e-20	3.02730e-20	3.02730e-20	3.02730e-20	3.02730e-20	3.02730e-20	3.02730e-20	3.02730e-20	3.02730e-20	3.02730e-20	3.02730e-20	3.02730e-20	3.02730e-20	3.02730e-20	3.02730e-20	3.02730e-20	3.02730e-20	3.02730e-20	3.02730e-20	3.02730e-20	3.02730e-20	3.02730e-20	3.02730e-20	3.02730e-20	3.02730e-20	3.02730e-20	3.02730e-20	3.02730e-20	3.02730e-20
26.66	1.26251e-30	4.59520e-30	9.70867e-30	1.75581e-29	2.96139e-29	4.81415e-29	7.66356e-29	1.20494e-28	1.88066e-28	2.92291e-28	4.53258e-28	7.02235e-28	1.08802e-27	1.68702e-27	2.61932e-27	4.07447e-27	6.35322e-27	9.93575e-27	1.55941e-26	2.45807e-26	3.89476e-26	6.20995e-26	9.97707e-26	1.61798e-25	2.65442e-25	4.41874e-25	7.49461e-25	1.30283e-24	2.34195e-24	4.41610e-24	8.96040e-24	2.06230e-23	6.22030e-23	5.47364e-22	2.55396e-21	2.71922e-21	2.78400e-21	2.82478e-21	2.85611e-21	2.88301e-21	2.90778e-21	2.93171e-21	2.95567e-21	2.98029e-21	3.00610e-21	3.03359e-21	3.06326e-21	3.09560e-21	3.13117e-21	3.17055e-21	3.21442e-21	3.26353e-21	3.31873e-21	3.38100e-21	3.45146e-21	3.53137e-21	3.62221e-21	3.72567e-21	3.84368e-21	3.97848e-21	4.13263e-21	4.30910e-21	4.51130e-21	4.74314e-21	5.00915e-21	5.31454e-21	5.66531e-21	6.06836e-21	6.53167e-21	7.06441e-21	7.67716e-21	8.38209e-21	9.19323e-21	1.01268e-20	1.12013e-20	1.24384e-20	1.38627e-20	1.55027e-20	1.73913e-20	1.95663e-20	2.20713e-20	2.49566e-20	2.76201e-20	2.77338e-20	2.77340e-20	2.77340e-20	2.77340e-20	2.77340e-20	2.77340e-20	2.77340e-20	2.77340e-20	2.77340e-20	2.77340e-20	2.77340e-20	2.77340e-20	2.77340e-20	2.77340e-20	2.77340e-20	2.77340e-20	2.77340e-20	2.77340e-20	2.77340e-20	2.77340e-20	2.77340e-20	2.77340e-20	2.77340e-20	2.77340e-20	2.77340e-20	2.77340e-20	2.77340e-20	2.77340e-20	2.77340e-20	2.77340e-20	2.77340e-20	2.77340e-20	2.77340e-20	2.77340e-20	2.77340e-20	2.77340e-20	2.77340e-20	2.77340e-20	2.77340e-20	2.77340e-20	2.77340e-20	2.77340e-20	2.77340e-20	2.77340e-20	2.77340e-20	2.77340e-20	2.77340e-20	2.77340e-20	2.77340e-20	2.77340e-20
26.69	1.07919e-30	3.92797e-30	8.29896e-30	1.50087e-29	2.53139e-29	4.11513e-29	6.55080e-29	1.02998e-28	1.60759e-28	2.49850e-28	3.87444e-28	6.00269e-28	9.30039e-28	1.44207e-27	2.23899e-27	3.48285e-27	5.43072e-27	8.49306e-27	1.33298e-26	2.10116e-26	3.32924e-26	5.30826e-26	8.52838e-26	1.38304e-25	2.26900e-25	3.77713e-25	6.40638e-25	1.11366e-24	2.00190e-24	3.77487e-24	7.65934e-24	1.76285e-23	5.31710e-23	4.67886e-22	2.18312e-21	2.32438e-21	2.37976e-21	2.41462e-21	2.44140e-21	2.46439e-21	2.48556e-21	2.50603e-21	2.52650e-21	2.54755e-21	2.56961e-21	2.59311e-21	2.61847e-21	2.64611e-21	2.67652e-21	2.71018e-21	2.74768e-21	2.78966e-21	2.83685e-21	2.89008e-21	2.95030e-21	3.01861e-21	3.09626e-21	3.18469e-21	3.28557e-21	3.40079e-21	3.53257e-21	3.68341e-21	3.85625e-21	4.05443e-21	4.28181e-21	4.54286e-21	4.84270e-21	5.18723e-21	5.58326e-21	6.03865e-21	6.56242e-21	7.16499e-21	7.85836e-21	8.65635e-21	9.57488e-21	1.06323e-20	1.18498e-20	1.32517e-20	1.48661e-20	1.67252e-20	1.88665e-20	2.13329e-20	2.41738e-20	2.54164e-20	2.54233e-20	2.54233e-20	2.54233e-20	2.54233e-20	2.54233e-20	2.54233e-20	2.54233e-20	2.54233e-20	2.54233e-20	2.54233e-20	2.54233e-20	2.54233e-20	2.54233e-20	2.54233e-20	2.54233e-20	2.54233e-20	2.54233e-20	2.54233e-20	2.54233e-20	2.54233e-20	2.54233e-20	2.54233e-20	2.54233e-20	2.54233e-20	2.54233e-20	2.54233e-20	2.54233e-20	2.54233e-20	2.54233e-20	2.54233e-20	2.54233e-20	2.54233e-20	2.54233e-20	2.54233e-20	2.54233e-20	2.54233e-20	2.54233e-20	2.54233e-20	2.54233e-20	2.54233e-20	2.54233e-20	2.54233e-20	2.54233e-20	2.54233e-20	2.54233e-20	2.54233e-20	2.54233e-20	2.54233e-20	2.54233e-20
26.73	9.22488e-31	3.35762e-30	7.09394e-30	1.28294e-29	2.16383e-29	3.51760e-29	5.59961e-29	8.80426e-29	1.37416e-28	2.13571e-28	3.31187e-28	5.13109e-28	7.94996e-28	1.23268e-27	1.91389e-27	2.97713e-27	4.64218e-27	7.25985e-27	1.13943e-26	1.79606e-26	2.84583e-26	4.53749e-26	7.29005e-26	1.18222e-25	1.93953e-25	3.22868e-25	5.47617e-25	9.51954e-25	1.71122e-24	3.22675e-24	6.54719e-24	1.50688e-23	4.54505e-23	3.99948e-22	1.86613e-21	1.98688e-21	2.03422e-21	2.06401e-21	2.08691e-21	2.10656e-21	2.12466e-21	2.14215e-21	2.15965e-21	2.17764e-21	2.19650e-21	2.21658e-21	2.23826e-21	2.26189e-21	2.28788e-21	2.31666e-21	2.34871e-21	2.38460e-21	2.42493e-21	2.47043e-21	2.52191e-21	2.58030e-21	2.64668e-21	2.72227e-21	2.80850e-21	2.90699e-21	3.01963e-21	3.14858e-21	3.29632e-21	3.46572e-21	3.66009e-21	3.88323e-21	4.13953e-21	4.43403e-21	4.77257e-21	5.16183e-21	5.60955e-21	6.12463e-21	6.71732e-21	7.39943e-21	8.18459e-21	9.08849e-21	1.01292e-20	1.13275e-20	1.27075e-20	1.42967e-20	1.61271e-20	1.82353e-20	2.06637e-20	2.31406e-20	2.33180e-20	2.33183e-20	2.33183e-20	2.33183e-20	2.33183e-20	2.33183e-20	2.33183e-20	2.33183e-20	2.33183e-20	2.33183e-20	2.33183e-20	2.33183e-20	2.33183e-20	2.33183e-20	2.33183e-20	2.33183e-20	2.33183e-20	2.33183e-20	2.33183e-20	2.33183e-20	2.33183e-20	2.33183e-20	2.33183e-20	2.33183e-20	2.33183e-20	2.33183e-20	2.33183e-20	2.33183e-20	2.33183e-20	2.33183e-20	2.33183e-20	2.33183e-20	2.33183e-20	2.33183e-20	2.33183e-20	2.33183e-20	2.33183e-20	2.33183e-20	2.33183e-20	2.33183e-20	2.33183e-20	2.33183e-20	2.33183e-20	2.33183e-20	2.33183e-20	2.33183e-20	2.33183e-20	2.33183e-20	2.33183e-20
26.76	7.88541e-31	2.87009e-30	6.06389e-30	1.09665e-29	1.84964e-29	3.00684e-29	4.78654e-29	7.52587e-29	1.17463e-28	1.82560e-28	2.83098e-28	4.38605e-28	6.79562e-28	1.05369e-27	1.63599e-27	2.54485e-27	3.96812e-27	6.20571e-27	9.73986e-27	1.53527e-26	2.43261e-26	3.87864e-26	6.23152e-26	1.01056e-25	1.65791e-25	2.75987e-25	4.68102e-25	8.13729e-25	1.46275e-24	2.75822e-24	5.59653e-24	1.28808e-23	3.88510e-23	3.41875e-22	1.59516e-21	1.69838e-21	1.73884e-21	1.76431e-21	1.78388e-21	1.80068e-21	1.81615e-21	1.83110e-21	1.84607e-21	1.86144e-21	1.87756e-21	1.89473e-21	1.91326e-21	1.93346e-21	1.95568e-21	1.98028e-21	2.00768e-21	2.03835e-21	2.07283e-21	2.11172e-21	2.15573e-21	2.20564e-21	2.26238e-21	2.32699e-21	2.40070e-21	2.48489e-21	2.58118e-21	2.69140e-21	2.81769e-21	2.96249e-21	3.12864e-21	3.31938e-21	3.53846e-21	3.79021e-21	4.07958e-21	4.41232e-21	4.79503e-21	5.23532e-21	5.74195e-21	6.32502e-21	6.99618e-21	7.76882e-21	8.65841e-21	9.68274e-21	1.08623e-20	1.22208e-20	1.37854e-20	1.55875e-20	1.76633e-20	2.00544e-20	2.13876e-20	2.13991e-20	2.13992e-20	2.13992e-20	2.13992e-20	2.13992e-20	2.13992e-20	2.13992e-20	2.13992e-20	2.13992e-20	2.13992e-20	2.13992e-20	2.13992e-20	2.13992e-20	2.13992e-20	2.13992e-20	2.13992e-20	2.13992e-20	2.13992e-20	2.13992e-20	2.13992e-20	2.13992e-20	2.13992e-20	2.13992e-20	2.13992e-20	2.13992e-20	2.13992e-20	2.13992e-20	2.13992e-20	2.13992e-20	2.13992e-20	2.13992e-20	2.13992e-20	2.13992e-20	2.13992e-20	2.13992e-20	2.13992e-20	2.13992e-20	2.13992e-20	2.13992e-20	2.13992e-20	2.13992e-20	2.13992e-20	2.13992e-20	2.13992e-20	2.13992e-20	2.13992e-20	2.13992e-20	2.13992e-20
26.80	6.74044e-31	2.45335e-30	5.18340e-30	9.37417e-30	1.58107e-29	2.57024e-29	4.09153e-29	6.43310e-29	1.00407e-28	1.56052e-28	2.41991e-28	3.74919e-28	5.80888e-28	9.00692e-28	1.39844e-27	2.17533e-27	3.39195e-27	5.30463e-27	8.32562e-27	1.31235e-26	2.07939e-26	3.31546e-26	5.32669e-26	8.63827e-26	1.41718e-25	2.35914e-25	4.00133e-25	6.95574e-25	1.25035e-24	2.35773e-24	4.78390e-24	1.10105e-23	3.32098e-23	2.92234e-22	1.36354e-21	1.45177e-21	1.48636e-21	1.50813e-21	1.52486e-21	1.53922e-21	1.55244e-21	1.56522e-21	1.57802e-21	1.59116e-21	1.60494e-21	1.61961e-21	1.63545e-21	1.65272e-21	1.67171e-21	1.69274e-21	1.71616e-21	1.74238e-21	1.77185e-21	1.80510e-21	1.84271e-21	1.88538e-21	1.93388e-21	1.98911e-21	2.05212e-21	2.12408e-21	2.20639e-21	2.30060e-21	2.40855e-21	2.53233e-21	2.67435e-21	2.83740e-21	3.02467e-21	3.23986e-21	3.48722e-21	3.77165e-21	4.09879e-21	4.47514e-21	4.90821e-21	5.40662e-21	5.98032e-21	6.64078e-21	7.40120e-21	8.27679e-21	9.28510e-21	1.04463e-20	1.17838e-20	1.33242e-20	1.50986e-20	1.71424e-20	1.93804e-20	1.96472e-20	1.96478e-20	1.96478e-20	1.96478e-20	1.96478e-20	1.96478e-20	1.96478e-20	1.96478e-20	1.96478e-20	1.96478e-20	1.96478e-20	1.96478e-20	1.96478e-20	1.96478e-20	1.96478e-20	1.96478e-20	1.96478e-20	1.96478e-20	1.96478e-20	1.96478e-20	1.96478e-20	1.96478e-20	1.96478e-20	1.96478e-20	1.96478e-20	1.96478e-20	1.96478e-20	1.96478e-20	1.96478e-20	1.96478e-20	1.96478e-20	1.96478e-20	1.96478e-20	1.96478e-20	1.96478e-20	1.96478e-20	1.96478e-20	1.96478e-20	1.96478e-20	1.96478e-20	1.96478e-20	1.96478e-20	1.96478e-20	1.96478e-20	1.96478e-20	1.96478e-20	1.96478e-20	1.96478e-20
26.83	5.76172e-31	2.09712e-30	4.43076e-30	8.01303e-30	1.35149e-29	2.19704e-29	3.49743e-29	5.49900e-29	8.58281e-29	1.33393e-28	2.06854e-28	3.20480e-28	4.96542e-28	7.69910e-28	1.19538e-27	1.85947e-27	2.89943e-27	4.53439e-27	7.11672e-27	1.12179e-26	1.77746e-26	2.83405e-26	4.55325e-26	7.38398e-26	1.21140e-25	2.01659e-25	3.42033e-25	5.94576e-25	1.06880e-24	2.01538e-24	4.08927e-24	9.41174e-24	2.83877e-23	2.49801e-22	1.16555e-21	1.24097e-21	1.27054e-21	1.28915e-21	1.30345e-21	1.31572e-21	1.32703e-21	1.33795e-21	1.34889e-21	1.36012e-21	1.37190e-21	1.38444e-21	1.39798e-21	1.41274e-21	1.42898e-21	1.44695e-21	1.46697e-21	1.48938e-21	1.51458e-21	1.54299e-21	1.57515e-21	1.61162e-21	1.65307e-21	1.70029e-21	1.75415e-21	1.81566e-21	1.88602e-21	1.96655e-21	2.05883e-21	2.16463e-21	2.28603e-21	2.42541e-21	2.58549e-21	2.76943e-21	2.98087e-21	3.22400e-21	3.50364e-21	3.82535e-21	4.19553e-21	4.62157e-21	5.11197e-21	5.67653e-21	6.32653e-21	7.07499e-21	7.93689e-21	8.92951e-21	1.00727e-20	1.13895e-20	1.29062e-20	1.46533e-20	1.66659e-20	1.80291e-20	1.80483e-20	1.80483e-20	1.80483e-20	1.80483e-20	1.80483e-20	1.80483e-20	1.80483e-20	1.80483e-20	1.80483e-20	1.80483e-20	1.80483e-20	1.80483e-20	1.80483e-20	1.80483e-20	1.80483e-20	1.80483e-20	1.80483e-20	1.80483e-20	1.80483e-20	1.80483e-20	1.80483e-20	1.80483e-20	1.80483e-20	1.80483e-20	1.80483e-20	1.80483e-20	1.80483e-20	1.80483e-20	1.80483e-20	1.80483e-20	1.80483e-20	1.80483e-20	1.80483e-20	1.80483e-20	1.80483e-20	1.80483e-20	1.80483e-20	1.80483e-20	1.80483e-20	1.80483e-20	1.80483e-20	1.80483e-20	1.80483e-20	1.80483e-20	1.80483e-20	1.80483e-20	1.80483e-20
26.86	4.92511e-31	1.79261e-30	3.78741e-30	6.84952e-30	1.15525e-29	1.87803e-29	2.98960e-29	4.70054e-29	7.33657e-29	1.14024e-28	1.76818e-28	2.73946e-28	4.24444e-28	6.58118e-28	1.02181e-27	1.58947e-27	2.47843e-27	3.87599e-27	6.08337e-27	9.58908e-27	1.51937e-26	2.42254e-26	3.89211e-26	6.31182e-26	1.03551e-25	1.72377e-25	2.92369e-25	5.08243e-25	9.13609e-25	1.72274e-24	3.49550e-24	8.04514e-24	2.42658e-23	2.13530e-22	9.96313e-22	1.06078e-21	1.08605e-21	1.10196e-21	1.11419e-21	1.12468e-21	1.13434e-21	1.14368e-21	1.15302e-21	1.16263e-21	1.17270e-21	1.18342e-21	1.19499e-21	1.20761e-21	1.22149e-21	1.23685e-21	1.25396e-21	1.27312e-21	1.29466e-21	1.31895e-21	1.34643e-21	1.37761e-21	1.41305e-21	1.45340e-21	1.49944e-21	1.55203e-21	1.61216e-21	1.68101e-21	1.75988e-21	1.85033e-21	1.95410e-21	2.07323e-21	2.21007e-21	2.36730e-21	2.54804e-21	2.75587e-21	2.99490e-21	3.26990e-21	3.58633e-21	3.95051e-21	4.36970e-21	4.85229e-21	5.40791e-21	6.04769e-21	6.78444e-21	7.63293e-21	8.61016e-21	9.73572e-21	1.10322e-20	1.25256e-20	1.42460e-20	1.62057e-20	1.65854e-20	1.65864e-20	1.65864e-20	1.65864e-20	1.65864e-20	1.65864e-20	1.65864e-20	1.65864e-20	1.65864e-20	1.65864e-20	1.65864e-20	1.65864e-20	1.65864e-20	1.65864e-20	1.65864e-20	1.65864e-20	1.65864e-20	1.65864e-20	1.65864e-20	1.65864e-20	1.65864e-20	1.65864e-20	1.65864e-20	1.65864e-20	1.65864e-20	1.65864e-20	1.65864e-20	1.65864e-20	1.65864e-20	1.65864e-20	1.65864e-20	1.65864e-20	1.65864e-20	1.65864e-20	1.65864e-20	1.65864e-20	1.65864e-20	1.65864e-20	1.65864e-20	1.65864e-20	1.65864e-20	1.65864e-20	1.65864e-20	1.65864e-20	1.65864e-20	1.65864e-20	1.65864e-20
26.90	4.20997e-31	1.53232e-30	3.23747e-30	5.85496e-30	9.87510e-30	1.60533e-29	2.55550e-29	4.01801e-29	6.27129e-29	9.74678e-29	1.51144e-28	2.34168e-28	3.62814e-28	5.62558e-28	8.73444e-28	1.35868e-27	2.11856e-27	3.31319e-27	5.20005e-27	8.19673e-27	1.29875e-26	2.07078e-26	3.32697e-26	5.39533e-26	8.85148e-26	1.47348e-25	2.49917e-25	4.34445e-25	7.80952e-25	1.47260e-24	2.98795e-24	6.87698e-24	2.07423e-23	1.82525e-22	8.51647e-22	9.06755e-22	9.28358e-22	9.41957e-22	9.52405e-22	9.61373e-22	9.69633e-22	9.77615e-22	9.85604e-22	9.93812e-22	1.00242e-21	1.01159e-21	1.02148e-21	1.03226e-21	1.04412e-21	1.05726e-21	1.07189e-21	1.08826e-21	1.10667e-21	1.12744e-21	1.15093e-21	1.17758e-21	1.20787e-21	1.24237e-21	1.28172e-21	1.32667e-21	1.37807e-21	1.43692e-21	1.50434e-21	1.58166e-21	1.67036e-21	1.77220e-21	1.88916e-21	2.02357e-21	2.17806e-21	2.35571e-21	2.56004e-21	2.79511e-21	3.06559e-21	3.37689e-21	3.73522e-21	4.14773e-21	4.62267e-21	5.16956e-21	5.79933e-21	6.52462e-21	7.35995e-21	8.32208e-21	9.43032e-21	1.07069e-20	1.21775e-20	1.38715e-20	1.52177e-20	1.52492e-20	1.52492e-20	1.52492e-20	1.52492e-20	1.52492e-20	1.52492e-20	1.52492e-20	1.52492e-20	1.52492e-20	1.52492e-20	1.52492e-20	1.52492e-20	1.52492e-20	1.52492e-20	1.52492e-20	1.52492e-20	1.52492e-20	1.52492e-20	1.52492e-20	1.52492e-20	1.52492e-20	1.52492e-20	1.52492e-20	1.52492e-20	1.52492e-20	1.52492e-20	1.52492e-20	1.52492e-20	1.52492e-20	1.52492e-20	1.52492e-20	1.52492e-20	1.52492e-20	1.52492e-20	1.52492e-20	1.52492e-20	1.52492e-20	1.52492e-20	1.52492e-20	1.52492e-20	1.52492e-20	1.52492e-20	1.52492e-20	1.52492e-20	1.52492e-20	1.52492e-20
26.93	3.59868e-31	1.30983e-30	2.76739e-30	5.00481e-30	8.44122e-30	1.37224e-29	2.18444e-29	3.43459e-29	5.36069e-29	8.33153e-29	1.29198e-28	2.00167e-28	3.10133e-28	4.80874e-28	7.46619e-28	1.16140e-27	1.81094e-27	2.83211e-27	4.44500e-27	7.00655e-27	1.11017e-26	1.77010e-26	2.84389e-26	4.61192e-26	7.56623e-26	1.25953e-25	2.13628e-25	3.71363e-25	6.67556e-25	1.25878e-24	2.55410e-24	5.87843e-24	1.77305e-23	1.56022e-22	7.27986e-22	7.75093e-22	7.93559e-22	8.05183e-22	8.14114e-22	8.21780e-22	8.28840e-22	8.35664e-22	8.42493e-22	8.49509e-22	8.56865e-22	8.64702e-22	8.73158e-22	8.82378e-22	8.92516e-22	9.03742e-22	9.16247e-22	9.30246e-22	9.45981e-22	9.63730e-22	9.83812e-22	1.00659e-21	1.03248e-21	1.06197e-21	1.09561e-21	1.13404e-21	1.17798e-21	1.22828e-21	1.28591e-21	1.35200e-21	1.42782e-21	1.51487e-21	1.61485e-21	1.72974e-21	1.86181e-21	2.01366e-21	2.18832e-21	2.38925e-21	2.62046e-21	2.88656e-21	3.19286e-21	3.54547e-21	3.95145e-21	4.41893e-21	4.95726e-21	5.57723e-21	6.29127e-21	7.11370e-21	8.06102e-21	9.15224e-21	1.04093e-20	1.18574e-20	1.35253e-20	1.40235e-20	1.40253e-20	1.40253e-20	1.40253e-20	1.40253e-20	1.40253e-20	1.40253e-20	1.40253e-20	1.40253e-20	1.40253e-20	1.40253e-20	1.40253e-20	1.40253e-20	1.40253e-20	1.40253e-20	1.40253e-20	1.40253e-20	1.40253e-20	1.40253e-20	1.40253e-20	1.40253e-20	1.40253e-20	1.40253e-20	1.40253e-20	1.40253e-20	1.40253e-20	1.40253e-20	1.40253e-20	1.40253e-20	1.40253e-20	1.40253e-20	1.40253e-20	1.40253e-20	1.40253e-20	1.40253e-20	1.40253e-20	1.40253e-20	1.40253e-20	1.40253e-20	1.40253e-20	1.40253e-20	1.40253e-20	1.40253e-20	1.40253e-20	1.40253e-20	1.40253e-20
26.97	3.07614e-31	1.11964e-30	2.36556e-30	4.27811e-30	7.21554e-30	1.17299e-29	1.86726e-29	2.93588e-29	4.58231e-29	7.12178e-29	1.10438e-28	1.71102e-28	2.65101e-28	4.11050e-28	6.38209e-28	9.92760e-28	1.54799e-27	2.42088e-27	3.79958e-27	5.98919e-27	9.48974e-27	1.51308e-26	2.43095e-26	3.94226e-26	6.46760e-26	1.07664e-25	1.82609e-25	3.17440e-25	5.70626e-25	1.07600e-24	2.18324e-24	5.02487e-24	1.51560e-23	1.33367e-22	6.22282e-22	6.62548e-22	6.78333e-22	6.88269e-22	6.95904e-22	7.02457e-22	7.08491e-22	7.14324e-22	7.20161e-22	7.26159e-22	7.32447e-22	7.39146e-22	7.46374e-22	7.54255e-22	7.62921e-22	7.72517e-22	7.83207e-22	7.95172e-22	8.08623e-22	8.23795e-22	8.40961e-22	8.60432e-22	8.82566e-22	9.07774e-22	9.36527e-22	9.69371e-22	1.00693e-21	1.04993e-21	1.09920e-21	1.15568e-21	1.22050e-21	1.29491e-21	1.38037e-21	1.47858e-21	1.59147e-21	1.72127e-21	1.87057e-21	2.04233e-21	2.23997e-21	2.46743e-21	2.72925e-21	3.03066e-21	3.37770e-21	3.77729e-21	4.23746e-21	4.76741e-21	5.37777e-21	6.08078e-21	6.89055e-21	7.82332e-21	8.89783e-21	1.01356e-20	1.15616e-20	1.28536e-20	1.29042e-20	1.29043e-20	1.29043e-20	1.29043e-20	1.29043e-20	1.29043e-20	1.29043e-20	1.29043e-20	1.29043e-20	1.29043e-20	1.29043e-20	1.29043e-20	1.29043e-20	1.29043e-20	1.29043e-20	1.29043e-20	1.29043e-20	1.29043e-20	1.29043e-20	1.29043e-20	1.29043e-20	1.29043e-20	1.29043e-20	1.29043e-20	1.29043e-20	1.29043e-20	1.29043e-20	1.29043e-20	1.29043e-20	1.29043e-20	1.29043e-20	1.29043e-20	1.29043e-20	1.29043e-20	1.29043e-20	1.29043e-20	1.29043e-20	1.29043e-20	1.29043e-20	1.29043e-20	1.29043e-20	1.29043e-20	1.29043e-20	1.29043e-20	1.29043e-20
27.00	2.62948e-31	9.57065e-31	2.02207e-30	3.65692e-30	6.16783e-30	1.00267e-29	1.59613e-29	2.50959e-29	3.91695e-29	6.08769e-29	9.44023e-29	1.46258e-28	2.26608e-28	3.51365e-28	5.45540e-28	8.48610e-28	1.32322e-27	2.06937e-27	3.24787e-27	5.11955e-27	8.11182e-27	1.29338e-26	2.07797e-26	3.36984e-26	5.52850e-26	9.20312e-26	1.56094e-25	2.71348e-25	4.87770e-25	9.19762e-25	1.86623e-24	4.29525e-24	1.29553e-23	1.14002e-22	5.31925e-22	5.66345e-22	5.79838e-22	5.88331e-22	5.94857e-22	6.00459e-22	6.05617e-22	6.10603e-22	6.15593e-22	6.20720e-22	6.26095e-22	6.31821e-22	6.38000e-22	6.44736e-22	6.52144e-22	6.60347e-22	6.69484e-22	6.79712e-22	6.91210e-22	7.04179e-22	7.18852e-22	7.35496e-22	7.54416e-22	7.75963e-22	8.00542e-22	8.28617e-22	8.60724e-22	8.97478e-22	9.39591e-22	9.87878e-22	1.04328e-21	1.10689e-21	1.17994e-21	1.26389e-21	1.36038e-21	1.47134e-21	1.59896e-21	1.74578e-21	1.91472e-21	2.10915e-21	2.33296e-21	2.59061e-21	2.88725e-21	3.22883e-21	3.62217e-21	4.07517e-21	4.59691e-21	5.19784e-21	5.89003e-21	6.68737e-21	7.60585e-21	8.66393e-21	9.88286e-21	1.12871e-20	1.18739e-20	1.18769e-20	1.18769e-20	1.18769e-20	1.18769e-20	1.18769e-20	1.18769e-20	1.18769e-20	1.18769e-20	1.18769e-20	1.18769e-20	1.18769e-20	1.18769e-20	1.18769e-20	1.18769e-20	1.18769e-20	1.18769e-20	1.18769e-20	1.18769e-20	1.18769e-20	1.18769e-20	1.18769e-20	1.18769e-20	1.18769e-20	1.18769e-20	1.18769e-20	1.18769e-20	1.18769e-20	1.18769e-20	1.18769e-20	1.18769e-20	1.18769e-20	1.18769e-20	1.18769e-20	1.18769e-20	1.18769e-20	1.18769e-20	1.18769e-20	1.18769e-20	1.18769e-20	1.18769e-20	1.18769e-20	1.18769e-20	1.18769e-20	1.18769e-20
