# NeutrinoAntineutrinoInteraction/NeutrinoAntineutrinoResonanceStrange cumulative differential rate
# photon field: massive Cosmic Neutrino Background, T_CnuB = 1.94535456 K
# Produced with crpropa-data version: 60a1560e37035039ec25f414e0c42a2444bad49c
# log10(E/eV), d(1/lambda)/ds_kin [1/Mpc/eV^2] for log10(s_kin/eV^2) as given in first row
0.00	1.66154e+01	1.66769e+01	1.67385e+01	1.68000e+01	1.68615e+01	1.69231e+01	1.69846e+01	1.70462e+01	1.71077e+01	1.71692e+01	1.72308e+01	1.72923e+01	1.73538e+01	1.74154e+01	1.74769e+01	1.75385e+01	1.76000e+01	1.76615e+01	1.77231e+01	1.77846e+01	1.78462e+01	1.79077e+01	1.79692e+01	1.80308e+01	1.80923e+01	1.81538e+01	1.82154e+01	1.82769e+01	1.83385e+01	1.84000e+01	1.84615e+01	1.85231e+01	1.85846e+01	1.86462e+01	1.87077e+01	1.87692e+01	1.88308e+01	1.88923e+01	1.89538e+01	1.90154e+01	1.90769e+01	1.91385e+01	1.92000e+01	1.92615e+01	1.93231e+01	1.93846e+01	1.94462e+01	1.95077e+01	1.95692e+01	1.96308e+01	1.96923e+01	1.97538e+01	1.98154e+01	1.98769e+01	1.99385e+01	2.00000e+01	2.00615e+01	2.01231e+01	2.01846e+01	2.02462e+01	2.03077e+01	2.03692e+01	2.04308e+01	2.04923e+01	2.05538e+01	2.06154e+01	2.06769e+01	2.07385e+01	2.08000e+01	2.08615e+01	2.09231e+01	2.09846e+01	2.10462e+01	2.11077e+01	2.11692e+01	2.12308e+01	2.12923e+01	2.13538e+01	2.14154e+01	2.14769e+01	2.15385e+01	2.16000e+01	2.16615e+01	2.17231e+01	2.17846e+01	2.18462e+01	2.19077e+01	2.19692e+01	2.20308e+01	2.20923e+01	2.21538e+01	2.22154e+01	2.22769e+01	2.23385e+01	2.24000e+01	2.24615e+01	2.25231e+01	2.25846e+01	2.26462e+01	2.27077e+01	2.27692e+01	2.28308e+01	2.28923e+01	2.29538e+01	2.30154e+01	2.30769e+01	2.31385e+01	2.32000e+01	2.32615e+01	2.33231e+01	2.33846e+01	2.34462e+01	2.35077e+01	2.35692e+01	2.36308e+01	2.36923e+01	2.37538e+01	2.38154e+01	2.38769e+01	2.39385e+01	2.40000e+01	2.40615e+01	2.41231e+01	2.41846e+01	2.42462e+01	2.43077e+01	2.43692e+01	2.44308e+01	2.44923e+01	2.45538e+01	2.46154e+01	2.46769e+01	2.47385e+01	2.48000e+01	2.48615e+01	2.49231e+01	2.49846e+01	2.50462e+01	2.51077e+01	2.51692e+01	2.52308e+01	2.52923e+01	2.53538e+01	2.54154e+01	2.54769e+01	2.55385e+01	2.56000e+01	2.56615e+01	2.57231e+01	2.57846e+01	2.58462e+01	2.59077e+01	2.59692e+01	2.60308e+01	2.60923e+01	2.61538e+01	2.62154e+01	2.62769e+01	2.63385e+01	2.64000e+01	2.64615e+01	2.65231e+01	2.65846e+01	2.66462e+01	2.67077e+01	2.67692e+01	2.68308e+01	2.68923e+01	2.69538e+01	2.70154e+01	2.70769e+01	2.71385e+01	2.72000e+01	2.72615e+01	2.73231e+01	2.73846e+01	2.74462e+01	2.75077e+01	2.75692e+01	2.76308e+01	2.76923e+01	2.77538e+01	2.78154e+01	2.78769e+01	2.79385e+01	2.80000e+01
14.97	0.00000e+00	0.00000e+00	0.00000e+00	0.00000e+00	0.00000e+00	0.00000e+00	0.00000e+00	0.00000e+00	0.00000e+00	0.00000e+00	0.00000e+00	0.00000e+00	0.00000e+00	0.00000e+00	0.00000e+00	0.00000e+00	0.00000e+00	0.00000e+00	0.00000e+00	0.00000e+00	0.00000e+00	0.00000e+00	0.00000e+00	0.00000e+00	0.00000e+00	0.00000e+00	0.00000e+00	0.00000e+00	0.00000e+00	0.00000e+00	0.00000e+00	0.00000e+00	0.00000e+00	0.00000e+00	0.00000e+00	0.00000e+00	0.00000e+00	0.00000e+00	0.00000e+00	0.00000e+00	0.00000e+00	0.00000e+00	0.00000e+00	0.00000e+00	0.00000e+00	0.00000e+00	0.00000e+00	0.00000e+00	0.00000e+00	0.00000e+00	0.00000e+00	0.00000e+00	0.00000e+00	0.00000e+00	0.00000e+00	0.00000e+00	0.00000e+00	0.00000e+00	0.00000e+00	0.00000e+00	0.00000e+00	0.00000e+00	0.00000e+00	0.00000e+00	0.00000e+00	0.00000e+00	0.00000e+00	0.00000e+00	0.00000e+00	0.00000e+00	0.00000e+00	0.00000e+00	0.00000e+00	0.00000e+00	0.00000e+00	0.00000e+00	0.00000e+00	0.00000e+00	0.00000e+00	0.00000e+00	0.00000e+00	0.00000e+00	0.00000e+00	0.00000e+00	0.00000e+00	0.00000e+00	0.00000e+00	0.00000e+00	0.00000e+00	0.00000e+00	0.00000e+00	0.00000e+00	0.00000e+00	0.00000e+00	0.00000e+00	0.00000e+00	0.00000e+00	0.00000e+00	0.00000e+00	0.00000e+00	0.00000e+00	0.00000e+00	0.00000e+00	0.00000e+00	0.00000e+00	0.00000e+00	0.00000e+00	0.00000e+00	0.00000e+00	0.00000e+00	0.00000e+00	0.00000e+00	0.00000e+00	0.00000e+00	0.00000e+00	0.00000e+00	0.00000e+00	0.00000e+00	0.00000e+00	0.00000e+00	0.00000e+00	0.00000e+00	0.00000e+00	0.00000e+00	0.00000e+00	0.00000e+00	0.00000e+00	0.00000e+00	0.00000e+00	0.00000e+00	0.00000e+00	0.00000e+00	0.00000e+00	0.00000e+00	0.00000e+00	0.00000e+00	0.00000e+00	0.00000e+00	0.00000e+00	0.00000e+00	0.00000e+00	0.00000e+00	0.00000e+00	0.00000e+00	0.00000e+00	0.00000e+00	0.00000e+00	0.00000e+00	0.00000e+00	0.00000e+00	0.00000e+00	0.00000e+00	0.00000e+00	0.00000e+00	0.00000e+00	0.00000e+00	0.00000e+00	0.00000e+00	0.00000e+00	0.00000e+00	0.00000e+00	0.00000e+00	0.00000e+00	0.00000e+00	0.00000e+00	0.00000e+00	0.00000e+00	0.00000e+00	0.00000e+00	0.00000e+00	0.00000e+00	0.00000e+00	0.00000e+00	0.00000e+00	0.00000e+00	0.00000e+00	0.00000e+00	0.00000e+00	0.00000e+00	0.00000e+00	0.00000e+00	0.00000e+00	0.00000e+00	0.00000e+00	0.00000e+00	0.00000e+00
15.01	0.00000e+00	0.00000e+00	0.00000e+00	0.00000e+00	0.00000e+00	0.00000e+00	0.00000e+00	0.00000e+00	0.00000e+00	0.00000e+00	0.00000e+00	0.00000e+00	0.00000e+00	0.00000e+00	0.00000e+00	0.00000e+00	0.00000e+00	0.00000e+00	0.00000e+00	0.00000e+00	0.00000e+00	0.00000e+00	0.00000e+00	0.00000e+00	0.00000e+00	0.00000e+00	0.00000e+00	0.00000e+00	0.00000e+00	0.00000e+00	0.00000e+00	0.00000e+00	0.00000e+00	0.00000e+00	0.00000e+00	0.00000e+00	0.00000e+00	0.00000e+00	0.00000e+00	0.00000e+00	0.00000e+00	0.00000e+00	0.00000e+00	0.00000e+00	0.00000e+00	0.00000e+00	0.00000e+00	0.00000e+00	0.00000e+00	0.00000e+00	0.00000e+00	0.00000e+00	0.00000e+00	0.00000e+00	0.00000e+00	0.00000e+00	0.00000e+00	0.00000e+00	0.00000e+00	0.00000e+00	0.00000e+00	0.00000e+00	0.00000e+00	0.00000e+00	0.00000e+00	0.00000e+00	0.00000e+00	0.00000e+00	0.00000e+00	0.00000e+00	0.00000e+00	0.00000e+00	0.00000e+00	0.00000e+00	0.00000e+00	0.00000e+00	0.00000e+00	0.00000e+00	0.00000e+00	0.00000e+00	0.00000e+00	0.00000e+00	0.00000e+00	0.00000e+00	0.00000e+00	0.00000e+00	0.00000e+00	0.00000e+00	0.00000e+00	0.00000e+00	0.00000e+00	0.00000e+00	0.00000e+00	0.00000e+00	0.00000e+00	0.00000e+00	0.00000e+00	0.00000e+00	0.00000e+00	0.00000e+00	0.00000e+00	0.00000e+00	0.00000e+00	0.00000e+00	0.00000e+00	0.00000e+00	0.00000e+00	0.00000e+00	0.00000e+00	0.00000e+00	0.00000e+00	0.00000e+00	0.00000e+00	0.00000e+00	0.00000e+00	0.00000e+00	0.00000e+00	0.00000e+00	0.00000e+00	0.00000e+00	0.00000e+00	0.00000e+00	0.00000e+00	0.00000e+00	0.00000e+00	0.00000e+00	0.00000e+00	0.00000e+00	0.00000e+00	0.00000e+00	0.00000e+00	0.00000e+00	0.00000e+00	0.00000e+00	0.00000e+00	0.00000e+00	0.00000e+00	0.00000e+00	0.00000e+00	0.00000e+00	0.00000e+00	0.00000e+00	0.00000e+00	0.00000e+00	0.00000e+00	0.00000e+00	0.00000e+00	0.00000e+00	0.00000e+00	0.00000e+00	0.00000e+00	0.00000e+00	0.00000e+00	0.00000e+00	0.00000e+00	0.00000e+00	0.00000e+00	0.00000e+00	0.00000e+00	0.00000e+00	0.00000e+00	0.00000e+00	0.00000e+00	0.00000e+00	0.00000e+00	0.00000e+00	0.00000e+00	0.00000e+00	0.00000e+00	0.00000e+00	0.00000e+00	0.00000e+00	0.00000e+00	0.00000e+00	0.00000e+00	0.00000e+00	0.00000e+00	0.00000e+00	0.00000e+00	0.00000e+00	0.00000e+00	0.00000e+00	0.00000e+00	0.00000e+00	0.00000e+00	0.00000e+00
15.04	0.00000e+00	0.00000e+00	0.00000e+00	0.00000e+00	0.00000e+00	0.00000e+00	0.00000e+00	0.00000e+00	0.00000e+00	0.00000e+00	0.00000e+00	0.00000e+00	0.00000e+00	0.00000e+00	0.00000e+00	0.00000e+00	0.00000e+00	0.00000e+00	0.00000e+00	0.00000e+00	0.00000e+00	0.00000e+00	0.00000e+00	0.00000e+00	0.00000e+00	0.00000e+00	0.00000e+00	0.00000e+00	0.00000e+00	0.00000e+00	0.00000e+00	0.00000e+00	0.00000e+00	0.00000e+00	0.00000e+00	0.00000e+00	0.00000e+00	0.00000e+00	0.00000e+00	0.00000e+00	0.00000e+00	0.00000e+00	0.00000e+00	0.00000e+00	0.00000e+00	0.00000e+00	0.00000e+00	0.00000e+00	0.00000e+00	0.00000e+00	0.00000e+00	0.00000e+00	0.00000e+00	0.00000e+00	0.00000e+00	0.00000e+00	0.00000e+00	0.00000e+00	0.00000e+00	0.00000e+00	0.00000e+00	0.00000e+00	0.00000e+00	0.00000e+00	0.00000e+00	0.00000e+00	0.00000e+00	0.00000e+00	0.00000e+00	0.00000e+00	0.00000e+00	0.00000e+00	0.00000e+00	0.00000e+00	0.00000e+00	0.00000e+00	0.00000e+00	0.00000e+00	0.00000e+00	0.00000e+00	0.00000e+00	0.00000e+00	0.00000e+00	0.00000e+00	0.00000e+00	0.00000e+00	0.00000e+00	0.00000e+00	0.00000e+00	0.00000e+00	0.00000e+00	0.00000e+00	0.00000e+00	0.00000e+00	0.00000e+00	0.00000e+00	0.00000e+00	0.00000e+00	0.00000e+00	0.00000e+00	0.00000e+00	0.00000e+00	0.00000e+00	0.00000e+00	0.00000e+00	0.00000e+00	0.00000e+00	0.00000e+00	0.00000e+00	0.00000e+00	0.00000e+00	0.00000e+00	0.00000e+00	0.00000e+00	0.00000e+00	0.00000e+00	0.00000e+00	0.00000e+00	0.00000e+00	0.00000e+00	0.00000e+00	0.00000e+00	0.00000e+00	0.00000e+00	0.00000e+00	0.00000e+00	0.00000e+00	0.00000e+00	0.00000e+00	0.00000e+00	0.00000e+00	0.00000e+00	0.00000e+00	0.00000e+00	0.00000e+00	0.00000e+00	0.00000e+00	0.00000e+00	0.00000e+00	0.00000e+00	0.00000e+00	0.00000e+00	0.00000e+00	0.00000e+00	0.00000e+00	0.00000e+00	0.00000e+00	0.00000e+00	0.00000e+00	0.00000e+00	0.00000e+00	0.00000e+00	0.00000e+00	0.00000e+00	0.00000e+00	0.00000e+00	0.00000e+00	0.00000e+00	0.00000e+00	0.00000e+00	0.00000e+00	0.00000e+00	0.00000e+00	0.00000e+00	0.00000e+00	0.00000e+00	0.00000e+00	0.00000e+00	0.00000e+00	0.00000e+00	0.00000e+00	0.00000e+00	0.00000e+00	0.00000e+00	0.00000e+00	0.00000e+00	0.00000e+00	0.00000e+00	0.00000e+00	0.00000e+00	0.00000e+00	0.00000e+00	0.00000e+00	0.00000e+00	0.00000e+00	0.00000e+00
15.08	0.00000e+00	0.00000e+00	0.00000e+00	0.00000e+00	0.00000e+00	0.00000e+00	0.00000e+00	0.00000e+00	0.00000e+00	0.00000e+00	0.00000e+00	0.00000e+00	0.00000e+00	0.00000e+00	0.00000e+00	0.00000e+00	0.00000e+00	0.00000e+00	0.00000e+00	0.00000e+00	0.00000e+00	0.00000e+00	0.00000e+00	0.00000e+00	0.00000e+00	0.00000e+00	0.00000e+00	0.00000e+00	0.00000e+00	0.00000e+00	0.00000e+00	0.00000e+00	0.00000e+00	0.00000e+00	0.00000e+00	0.00000e+00	0.00000e+00	0.00000e+00	0.00000e+00	0.00000e+00	0.00000e+00	0.00000e+00	0.00000e+00	0.00000e+00	0.00000e+00	0.00000e+00	0.00000e+00	0.00000e+00	0.00000e+00	0.00000e+00	0.00000e+00	0.00000e+00	0.00000e+00	0.00000e+00	0.00000e+00	0.00000e+00	0.00000e+00	0.00000e+00	0.00000e+00	0.00000e+00	0.00000e+00	0.00000e+00	0.00000e+00	0.00000e+00	0.00000e+00	0.00000e+00	0.00000e+00	0.00000e+00	0.00000e+00	0.00000e+00	0.00000e+00	0.00000e+00	0.00000e+00	0.00000e+00	0.00000e+00	0.00000e+00	0.00000e+00	0.00000e+00	0.00000e+00	0.00000e+00	0.00000e+00	0.00000e+00	0.00000e+00	0.00000e+00	0.00000e+00	0.00000e+00	0.00000e+00	0.00000e+00	0.00000e+00	0.00000e+00	0.00000e+00	0.00000e+00	0.00000e+00	0.00000e+00	0.00000e+00	0.00000e+00	0.00000e+00	0.00000e+00	0.00000e+00	0.00000e+00	0.00000e+00	0.00000e+00	0.00000e+00	0.00000e+00	0.00000e+00	0.00000e+00	0.00000e+00	0.00000e+00	0.00000e+00	0.00000e+00	0.00000e+00	0.00000e+00	0.00000e+00	0.00000e+00	0.00000e+00	0.00000e+00	0.00000e+00	0.00000e+00	0.00000e+00	0.00000e+00	0.00000e+00	0.00000e+00	0.00000e+00	0.00000e+00	0.00000e+00	0.00000e+00	0.00000e+00	0.00000e+00	0.00000e+00	0.00000e+00	0.00000e+00	0.00000e+00	0.00000e+00	0.00000e+00	0.00000e+00	0.00000e+00	0.00000e+00	0.00000e+00	0.00000e+00	0.00000e+00	0.00000e+00	0.00000e+00	0.00000e+00	0.00000e+00	0.00000e+00	0.00000e+00	0.00000e+00	0.00000e+00	0.00000e+00	0.00000e+00	0.00000e+00	0.00000e+00	0.00000e+00	0.00000e+00	0.00000e+00	0.00000e+00	0.00000e+00	0.00000e+00	0.00000e+00	0.00000e+00	0.00000e+00	0.00000e+00	0.00000e+00	0.00000e+00	0.00000e+00	0.00000e+00	0.00000e+00	0.00000e+00	0.00000e+00	0.00000e+00	0.00000e+00	0.00000e+00	0.00000e+00	0.00000e+00	0.00000e+00	0.00000e+00	0.00000e+00	0.00000e+00	0.00000e+00	0.00000e+00	0.00000e+00	0.00000e+00	0.00000e+00	0.00000e+00	0.00000e+00	0.00000e+00
15.11	0.00000e+00	0.00000e+00	0.00000e+00	0.00000e+00	0.00000e+00	0.00000e+00	0.00000e+00	0.00000e+00	0.00000e+00	0.00000e+00	0.00000e+00	0.00000e+00	0.00000e+00	0.00000e+00	0.00000e+00	0.00000e+00	0.00000e+00	0.00000e+00	0.00000e+00	0.00000e+00	0.00000e+00	0.00000e+00	0.00000e+00	0.00000e+00	0.00000e+00	0.00000e+00	0.00000e+00	0.00000e+00	0.00000e+00	0.00000e+00	0.00000e+00	0.00000e+00	0.00000e+00	0.00000e+00	0.00000e+00	0.00000e+00	0.00000e+00	0.00000e+00	0.00000e+00	0.00000e+00	0.00000e+00	0.00000e+00	0.00000e+00	0.00000e+00	0.00000e+00	0.00000e+00	0.00000e+00	0.00000e+00	0.00000e+00	0.00000e+00	0.00000e+00	0.00000e+00	0.00000e+00	0.00000e+00	0.00000e+00	0.00000e+00	0.00000e+00	0.00000e+00	0.00000e+00	0.00000e+00	0.00000e+00	0.00000e+00	0.00000e+00	0.00000e+00	0.00000e+00	0.00000e+00	0.00000e+00	0.00000e+00	0.00000e+00	0.00000e+00	0.00000e+00	0.00000e+00	0.00000e+00	0.00000e+00	0.00000e+00	0.00000e+00	0.00000e+00	0.00000e+00	0.00000e+00	0.00000e+00	0.00000e+00	0.00000e+00	0.00000e+00	0.00000e+00	0.00000e+00	0.00000e+00	0.00000e+00	0.00000e+00	0.00000e+00	0.00000e+00	0.00000e+00	0.00000e+00	0.00000e+00	0.00000e+00	0.00000e+00	0.00000e+00	0.00000e+00	0.00000e+00	0.00000e+00	0.00000e+00	0.00000e+00	0.00000e+00	0.00000e+00	0.00000e+00	0.00000e+00	0.00000e+00	0.00000e+00	0.00000e+00	0.00000e+00	0.00000e+00	0.00000e+00	0.00000e+00	0.00000e+00	0.00000e+00	0.00000e+00	0.00000e+00	0.00000e+00	0.00000e+00	0.00000e+00	0.00000e+00	0.00000e+00	0.00000e+00	0.00000e+00	0.00000e+00	0.00000e+00	0.00000e+00	0.00000e+00	0.00000e+00	0.00000e+00	0.00000e+00	0.00000e+00	0.00000e+00	0.00000e+00	0.00000e+00	0.00000e+00	0.00000e+00	0.00000e+00	0.00000e+00	0.00000e+00	0.00000e+00	0.00000e+00	0.00000e+00	0.00000e+00	0.00000e+00	0.00000e+00	0.00000e+00	0.00000e+00	0.00000e+00	0.00000e+00	0.00000e+00	0.00000e+00	0.00000e+00	0.00000e+00	0.00000e+00	0.00000e+00	0.00000e+00	0.00000e+00	0.00000e+00	0.00000e+00	0.00000e+00	0.00000e+00	0.00000e+00	0.00000e+00	0.00000e+00	0.00000e+00	0.00000e+00	0.00000e+00	0.00000e+00	0.00000e+00	0.00000e+00	0.00000e+00	0.00000e+00	0.00000e+00	0.00000e+00	0.00000e+00	0.00000e+00	0.00000e+00	0.00000e+00	0.00000e+00	0.00000e+00	0.00000e+00	0.00000e+00	0.00000e+00	0.00000e+00	0.00000e+00	0.00000e+00
15.14	0.00000e+00	0.00000e+00	0.00000e+00	0.00000e+00	0.00000e+00	0.00000e+00	0.00000e+00	0.00000e+00	0.00000e+00	0.00000e+00	0.00000e+00	0.00000e+00	0.00000e+00	0.00000e+00	0.00000e+00	0.00000e+00	0.00000e+00	0.00000e+00	0.00000e+00	0.00000e+00	0.00000e+00	0.00000e+00	0.00000e+00	0.00000e+00	0.00000e+00	0.00000e+00	0.00000e+00	0.00000e+00	0.00000e+00	0.00000e+00	0.00000e+00	0.00000e+00	0.00000e+00	0.00000e+00	0.00000e+00	0.00000e+00	0.00000e+00	0.00000e+00	0.00000e+00	0.00000e+00	0.00000e+00	0.00000e+00	0.00000e+00	0.00000e+00	0.00000e+00	0.00000e+00	0.00000e+00	0.00000e+00	0.00000e+00	0.00000e+00	0.00000e+00	0.00000e+00	0.00000e+00	0.00000e+00	0.00000e+00	0.00000e+00	0.00000e+00	0.00000e+00	0.00000e+00	0.00000e+00	0.00000e+00	0.00000e+00	0.00000e+00	0.00000e+00	0.00000e+00	0.00000e+00	0.00000e+00	0.00000e+00	0.00000e+00	0.00000e+00	0.00000e+00	0.00000e+00	0.00000e+00	0.00000e+00	0.00000e+00	0.00000e+00	0.00000e+00	0.00000e+00	0.00000e+00	0.00000e+00	0.00000e+00	0.00000e+00	0.00000e+00	0.00000e+00	0.00000e+00	0.00000e+00	0.00000e+00	0.00000e+00	0.00000e+00	0.00000e+00	0.00000e+00	0.00000e+00	0.00000e+00	0.00000e+00	0.00000e+00	0.00000e+00	0.00000e+00	0.00000e+00	0.00000e+00	0.00000e+00	0.00000e+00	0.00000e+00	0.00000e+00	0.00000e+00	0.00000e+00	0.00000e+00	0.00000e+00	0.00000e+00	0.00000e+00	0.00000e+00	0.00000e+00	0.00000e+00	0.00000e+00	0.00000e+00	0.00000e+00	0.00000e+00	0.00000e+00	0.00000e+00	0.00000e+00	0.00000e+00	0.00000e+00	0.00000e+00	0.00000e+00	0.00000e+00	0.00000e+00	0.00000e+00	0.00000e+00	0.00000e+00	0.00000e+00	0.00000e+00	0.00000e+00	0.00000e+00	0.00000e+00	0.00000e+00	0.00000e+00	0.00000e+00	0.00000e+00	0.00000e+00	0.00000e+00	0.00000e+00	0.00000e+00	0.00000e+00	0.00000e+00	0.00000e+00	0.00000e+00	0.00000e+00	0.00000e+00	0.00000e+00	0.00000e+00	0.00000e+00	0.00000e+00	0.00000e+00	0.00000e+00	0.00000e+00	0.00000e+00	0.00000e+00	0.00000e+00	0.00000e+00	0.00000e+00	0.00000e+00	0.00000e+00	0.00000e+00	0.00000e+00	0.00000e+00	0.00000e+00	0.00000e+00	0.00000e+00	0.00000e+00	0.00000e+00	0.00000e+00	0.00000e+00	0.00000e+00	0.00000e+00	0.00000e+00	0.00000e+00	0.00000e+00	0.00000e+00	0.00000e+00	0.00000e+00	0.00000e+00	0.00000e+00	0.00000e+00	0.00000e+00	0.00000e+00	0.00000e+00	0.00000e+00
15.18	0.00000e+00	0.00000e+00	0.00000e+00	0.00000e+00	0.00000e+00	0.00000e+00	0.00000e+00	0.00000e+00	0.00000e+00	0.00000e+00	0.00000e+00	0.00000e+00	0.00000e+00	0.00000e+00	0.00000e+00	0.00000e+00	0.00000e+00	0.00000e+00	0.00000e+00	0.00000e+00	0.00000e+00	0.00000e+00	0.00000e+00	0.00000e+00	0.00000e+00	0.00000e+00	0.00000e+00	0.00000e+00	0.00000e+00	0.00000e+00	0.00000e+00	0.00000e+00	0.00000e+00	0.00000e+00	0.00000e+00	0.00000e+00	0.00000e+00	0.00000e+00	0.00000e+00	0.00000e+00	0.00000e+00	0.00000e+00	0.00000e+00	0.00000e+00	0.00000e+00	0.00000e+00	0.00000e+00	0.00000e+00	0.00000e+00	0.00000e+00	0.00000e+00	0.00000e+00	0.00000e+00	0.00000e+00	0.00000e+00	0.00000e+00	0.00000e+00	0.00000e+00	0.00000e+00	0.00000e+00	0.00000e+00	0.00000e+00	0.00000e+00	0.00000e+00	0.00000e+00	0.00000e+00	0.00000e+00	0.00000e+00	0.00000e+00	0.00000e+00	0.00000e+00	0.00000e+00	0.00000e+00	0.00000e+00	0.00000e+00	0.00000e+00	0.00000e+00	0.00000e+00	0.00000e+00	0.00000e+00	0.00000e+00	0.00000e+00	0.00000e+00	0.00000e+00	0.00000e+00	0.00000e+00	0.00000e+00	0.00000e+00	0.00000e+00	0.00000e+00	0.00000e+00	0.00000e+00	0.00000e+00	0.00000e+00	0.00000e+00	0.00000e+00	0.00000e+00	0.00000e+00	0.00000e+00	0.00000e+00	0.00000e+00	0.00000e+00	0.00000e+00	0.00000e+00	0.00000e+00	0.00000e+00	0.00000e+00	0.00000e+00	0.00000e+00	0.00000e+00	0.00000e+00	0.00000e+00	0.00000e+00	0.00000e+00	0.00000e+00	0.00000e+00	0.00000e+00	0.00000e+00	0.00000e+00	0.00000e+00	0.00000e+00	0.00000e+00	0.00000e+00	0.00000e+00	0.00000e+00	0.00000e+00	0.00000e+00	0.00000e+00	0.00000e+00	0.00000e+00	0.00000e+00	0.00000e+00	0.00000e+00	0.00000e+00	0.00000e+00	0.00000e+00	0.00000e+00	0.00000e+00	0.00000e+00	0.00000e+00	0.00000e+00	0.00000e+00	0.00000e+00	0.00000e+00	0.00000e+00	0.00000e+00	0.00000e+00	0.00000e+00	0.00000e+00	0.00000e+00	0.00000e+00	0.00000e+00	0.00000e+00	0.00000e+00	0.00000e+00	0.00000e+00	0.00000e+00	0.00000e+00	0.00000e+00	0.00000e+00	0.00000e+00	0.00000e+00	0.00000e+00	0.00000e+00	0.00000e+00	0.00000e+00	0.00000e+00	0.00000e+00	0.00000e+00	0.00000e+00	0.00000e+00	0.00000e+00	0.00000e+00	0.00000e+00	0.00000e+00	0.00000e+00	0.00000e+00	0.00000e+00	0.00000e+00	0.00000e+00	0.00000e+00	0.00000e+00	0.00000e+00	0.00000e+00	0.00000e+00	0.00000e+00
15.21	0.00000e+00	0.00000e+00	0.00000e+00	0.00000e+00	0.00000e+00	0.00000e+00	0.00000e+00	0.00000e+00	0.00000e+00	0.00000e+00	0.00000e+00	0.00000e+00	0.00000e+00	0.00000e+00	0.00000e+00	0.00000e+00	0.00000e+00	0.00000e+00	0.00000e+00	0.00000e+00	0.00000e+00	0.00000e+00	0.00000e+00	0.00000e+00	0.00000e+00	0.00000e+00	0.00000e+00	0.00000e+00	0.00000e+00	0.00000e+00	0.00000e+00	0.00000e+00	0.00000e+00	0.00000e+00	0.00000e+00	0.00000e+00	0.00000e+00	0.00000e+00	0.00000e+00	0.00000e+00	0.00000e+00	0.00000e+00	0.00000e+00	0.00000e+00	0.00000e+00	0.00000e+00	0.00000e+00	0.00000e+00	0.00000e+00	0.00000e+00	0.00000e+00	0.00000e+00	0.00000e+00	0.00000e+00	0.00000e+00	0.00000e+00	0.00000e+00	0.00000e+00	0.00000e+00	0.00000e+00	0.00000e+00	0.00000e+00	0.00000e+00	0.00000e+00	0.00000e+00	0.00000e+00	0.00000e+00	0.00000e+00	0.00000e+00	0.00000e+00	0.00000e+00	0.00000e+00	0.00000e+00	0.00000e+00	0.00000e+00	0.00000e+00	0.00000e+00	0.00000e+00	0.00000e+00	0.00000e+00	0.00000e+00	0.00000e+00	0.00000e+00	0.00000e+00	0.00000e+00	0.00000e+00	0.00000e+00	0.00000e+00	0.00000e+00	0.00000e+00	0.00000e+00	0.00000e+00	0.00000e+00	0.00000e+00	0.00000e+00	0.00000e+00	0.00000e+00	0.00000e+00	0.00000e+00	0.00000e+00	0.00000e+00	0.00000e+00	0.00000e+00	0.00000e+00	0.00000e+00	0.00000e+00	0.00000e+00	0.00000e+00	0.00000e+00	0.00000e+00	0.00000e+00	0.00000e+00	0.00000e+00	0.00000e+00	0.00000e+00	0.00000e+00	0.00000e+00	0.00000e+00	0.00000e+00	0.00000e+00	0.00000e+00	0.00000e+00	0.00000e+00	0.00000e+00	0.00000e+00	0.00000e+00	0.00000e+00	0.00000e+00	0.00000e+00	0.00000e+00	0.00000e+00	0.00000e+00	0.00000e+00	0.00000e+00	0.00000e+00	0.00000e+00	0.00000e+00	0.00000e+00	0.00000e+00	0.00000e+00	0.00000e+00	0.00000e+00	0.00000e+00	0.00000e+00	0.00000e+00	0.00000e+00	0.00000e+00	0.00000e+00	0.00000e+00	0.00000e+00	0.00000e+00	0.00000e+00	0.00000e+00	0.00000e+00	0.00000e+00	0.00000e+00	0.00000e+00	0.00000e+00	0.00000e+00	0.00000e+00	0.00000e+00	0.00000e+00	0.00000e+00	0.00000e+00	0.00000e+00	0.00000e+00	0.00000e+00	0.00000e+00	0.00000e+00	0.00000e+00	0.00000e+00	0.00000e+00	0.00000e+00	0.00000e+00	0.00000e+00	0.00000e+00	0.00000e+00	0.00000e+00	0.00000e+00	0.00000e+00	0.00000e+00	0.00000e+00	0.00000e+00	0.00000e+00	0.00000e+00	0.00000e+00
15.25	0.00000e+00	0.00000e+00	0.00000e+00	0.00000e+00	0.00000e+00	0.00000e+00	0.00000e+00	0.00000e+00	0.00000e+00	0.00000e+00	0.00000e+00	0.00000e+00	0.00000e+00	0.00000e+00	0.00000e+00	0.00000e+00	0.00000e+00	0.00000e+00	0.00000e+00	0.00000e+00	0.00000e+00	0.00000e+00	0.00000e+00	0.00000e+00	0.00000e+00	0.00000e+00	0.00000e+00	0.00000e+00	0.00000e+00	0.00000e+00	0.00000e+00	0.00000e+00	0.00000e+00	0.00000e+00	0.00000e+00	0.00000e+00	0.00000e+00	0.00000e+00	0.00000e+00	0.00000e+00	0.00000e+00	0.00000e+00	0.00000e+00	0.00000e+00	0.00000e+00	0.00000e+00	0.00000e+00	0.00000e+00	0.00000e+00	0.00000e+00	0.00000e+00	0.00000e+00	0.00000e+00	0.00000e+00	0.00000e+00	0.00000e+00	0.00000e+00	0.00000e+00	0.00000e+00	0.00000e+00	0.00000e+00	0.00000e+00	0.00000e+00	0.00000e+00	0.00000e+00	0.00000e+00	0.00000e+00	0.00000e+00	0.00000e+00	0.00000e+00	0.00000e+00	0.00000e+00	0.00000e+00	0.00000e+00	0.00000e+00	0.00000e+00	0.00000e+00	0.00000e+00	0.00000e+00	0.00000e+00	0.00000e+00	0.00000e+00	0.00000e+00	0.00000e+00	0.00000e+00	0.00000e+00	0.00000e+00	0.00000e+00	0.00000e+00	0.00000e+00	0.00000e+00	0.00000e+00	0.00000e+00	0.00000e+00	0.00000e+00	0.00000e+00	0.00000e+00	0.00000e+00	0.00000e+00	0.00000e+00	0.00000e+00	0.00000e+00	0.00000e+00	0.00000e+00	0.00000e+00	0.00000e+00	0.00000e+00	0.00000e+00	0.00000e+00	0.00000e+00	0.00000e+00	0.00000e+00	0.00000e+00	0.00000e+00	0.00000e+00	0.00000e+00	0.00000e+00	0.00000e+00	0.00000e+00	0.00000e+00	0.00000e+00	0.00000e+00	0.00000e+00	0.00000e+00	0.00000e+00	0.00000e+00	0.00000e+00	0.00000e+00	0.00000e+00	0.00000e+00	0.00000e+00	0.00000e+00	0.00000e+00	0.00000e+00	0.00000e+00	0.00000e+00	0.00000e+00	0.00000e+00	0.00000e+00	0.00000e+00	0.00000e+00	0.00000e+00	0.00000e+00	0.00000e+00	0.00000e+00	0.00000e+00	0.00000e+00	0.00000e+00	0.00000e+00	0.00000e+00	0.00000e+00	0.00000e+00	0.00000e+00	0.00000e+00	0.00000e+00	0.00000e+00	0.00000e+00	0.00000e+00	0.00000e+00	0.00000e+00	0.00000e+00	0.00000e+00	0.00000e+00	0.00000e+00	0.00000e+00	0.00000e+00	0.00000e+00	0.00000e+00	0.00000e+00	0.00000e+00	0.00000e+00	0.00000e+00	0.00000e+00	0.00000e+00	0.00000e+00	0.00000e+00	0.00000e+00	0.00000e+00	0.00000e+00	0.00000e+00	0.00000e+00	0.00000e+00	0.00000e+00	0.00000e+00	0.00000e+00	0.00000e+00
15.28	0.00000e+00	0.00000e+00	0.00000e+00	0.00000e+00	0.00000e+00	0.00000e+00	0.00000e+00	0.00000e+00	0.00000e+00	0.00000e+00	0.00000e+00	0.00000e+00	0.00000e+00	0.00000e+00	0.00000e+00	0.00000e+00	0.00000e+00	0.00000e+00	0.00000e+00	0.00000e+00	0.00000e+00	0.00000e+00	0.00000e+00	0.00000e+00	0.00000e+00	0.00000e+00	0.00000e+00	0.00000e+00	0.00000e+00	0.00000e+00	0.00000e+00	0.00000e+00	0.00000e+00	0.00000e+00	0.00000e+00	0.00000e+00	0.00000e+00	0.00000e+00	0.00000e+00	0.00000e+00	0.00000e+00	0.00000e+00	0.00000e+00	0.00000e+00	0.00000e+00	0.00000e+00	0.00000e+00	0.00000e+00	0.00000e+00	0.00000e+00	0.00000e+00	0.00000e+00	0.00000e+00	0.00000e+00	0.00000e+00	0.00000e+00	0.00000e+00	0.00000e+00	0.00000e+00	0.00000e+00	0.00000e+00	0.00000e+00	0.00000e+00	0.00000e+00	0.00000e+00	0.00000e+00	0.00000e+00	0.00000e+00	0.00000e+00	0.00000e+00	0.00000e+00	0.00000e+00	0.00000e+00	0.00000e+00	0.00000e+00	0.00000e+00	0.00000e+00	0.00000e+00	0.00000e+00	0.00000e+00	0.00000e+00	0.00000e+00	0.00000e+00	0.00000e+00	0.00000e+00	0.00000e+00	0.00000e+00	0.00000e+00	0.00000e+00	0.00000e+00	0.00000e+00	0.00000e+00	0.00000e+00	0.00000e+00	0.00000e+00	0.00000e+00	0.00000e+00	0.00000e+00	0.00000e+00	0.00000e+00	0.00000e+00	0.00000e+00	0.00000e+00	0.00000e+00	0.00000e+00	0.00000e+00	0.00000e+00	0.00000e+00	0.00000e+00	0.00000e+00	0.00000e+00	0.00000e+00	0.00000e+00	0.00000e+00	0.00000e+00	0.00000e+00	0.00000e+00	0.00000e+00	0.00000e+00	0.00000e+00	0.00000e+00	0.00000e+00	0.00000e+00	0.00000e+00	0.00000e+00	0.00000e+00	0.00000e+00	0.00000e+00	0.00000e+00	0.00000e+00	0.00000e+00	0.00000e+00	0.00000e+00	0.00000e+00	0.00000e+00	0.00000e+00	0.00000e+00	0.00000e+00	0.00000e+00	0.00000e+00	0.00000e+00	0.00000e+00	0.00000e+00	0.00000e+00	0.00000e+00	0.00000e+00	0.00000e+00	0.00000e+00	0.00000e+00	0.00000e+00	0.00000e+00	0.00000e+00	0.00000e+00	0.00000e+00	0.00000e+00	0.00000e+00	0.00000e+00	0.00000e+00	0.00000e+00	0.00000e+00	0.00000e+00	0.00000e+00	0.00000e+00	0.00000e+00	0.00000e+00	0.00000e+00	0.00000e+00	0.00000e+00	0.00000e+00	0.00000e+00	0.00000e+00	0.00000e+00	0.00000e+00	0.00000e+00	0.00000e+00	0.00000e+00	0.00000e+00	0.00000e+00	0.00000e+00	0.00000e+00	0.00000e+00	0.00000e+00	0.00000e+00	0.00000e+00	0.00000e+00	0.00000e+00
15.31	0.00000e+00	0.00000e+00	0.00000e+00	0.00000e+00	0.00000e+00	0.00000e+00	0.00000e+00	0.00000e+00	0.00000e+00	0.00000e+00	0.00000e+00	0.00000e+00	0.00000e+00	0.00000e+00	0.00000e+00	0.00000e+00	0.00000e+00	0.00000e+00	0.00000e+00	0.00000e+00	0.00000e+00	0.00000e+00	0.00000e+00	0.00000e+00	0.00000e+00	0.00000e+00	0.00000e+00	0.00000e+00	0.00000e+00	0.00000e+00	0.00000e+00	0.00000e+00	0.00000e+00	0.00000e+00	0.00000e+00	0.00000e+00	0.00000e+00	0.00000e+00	0.00000e+00	0.00000e+00	0.00000e+00	0.00000e+00	0.00000e+00	0.00000e+00	0.00000e+00	0.00000e+00	0.00000e+00	0.00000e+00	0.00000e+00	0.00000e+00	0.00000e+00	0.00000e+00	0.00000e+00	0.00000e+00	0.00000e+00	0.00000e+00	0.00000e+00	0.00000e+00	0.00000e+00	0.00000e+00	0.00000e+00	0.00000e+00	0.00000e+00	0.00000e+00	0.00000e+00	0.00000e+00	0.00000e+00	0.00000e+00	0.00000e+00	0.00000e+00	0.00000e+00	0.00000e+00	0.00000e+00	0.00000e+00	0.00000e+00	0.00000e+00	0.00000e+00	0.00000e+00	0.00000e+00	0.00000e+00	0.00000e+00	0.00000e+00	0.00000e+00	0.00000e+00	0.00000e+00	0.00000e+00	0.00000e+00	0.00000e+00	0.00000e+00	0.00000e+00	0.00000e+00	0.00000e+00	0.00000e+00	0.00000e+00	0.00000e+00	0.00000e+00	0.00000e+00	0.00000e+00	0.00000e+00	0.00000e+00	0.00000e+00	0.00000e+00	0.00000e+00	0.00000e+00	0.00000e+00	0.00000e+00	0.00000e+00	0.00000e+00	0.00000e+00	0.00000e+00	0.00000e+00	0.00000e+00	0.00000e+00	0.00000e+00	0.00000e+00	0.00000e+00	0.00000e+00	0.00000e+00	0.00000e+00	0.00000e+00	0.00000e+00	0.00000e+00	0.00000e+00	0.00000e+00	0.00000e+00	0.00000e+00	0.00000e+00	0.00000e+00	0.00000e+00	0.00000e+00	0.00000e+00	0.00000e+00	0.00000e+00	0.00000e+00	0.00000e+00	0.00000e+00	0.00000e+00	0.00000e+00	0.00000e+00	0.00000e+00	0.00000e+00	0.00000e+00	0.00000e+00	0.00000e+00	0.00000e+00	0.00000e+00	0.00000e+00	0.00000e+00	0.00000e+00	0.00000e+00	0.00000e+00	0.00000e+00	0.00000e+00	0.00000e+00	0.00000e+00	0.00000e+00	0.00000e+00	0.00000e+00	0.00000e+00	0.00000e+00	0.00000e+00	0.00000e+00	0.00000e+00	0.00000e+00	0.00000e+00	0.00000e+00	0.00000e+00	0.00000e+00	0.00000e+00	0.00000e+00	0.00000e+00	0.00000e+00	0.00000e+00	0.00000e+00	0.00000e+00	0.00000e+00	0.00000e+00	0.00000e+00	0.00000e+00	0.00000e+00	0.00000e+00	0.00000e+00	0.00000e+00	0.00000e+00	0.00000e+00	0.00000e+00
15.35	0.00000e+00	0.00000e+00	0.00000e+00	0.00000e+00	0.00000e+00	0.00000e+00	0.00000e+00	0.00000e+00	0.00000e+00	0.00000e+00	0.00000e+00	0.00000e+00	0.00000e+00	0.00000e+00	0.00000e+00	0.00000e+00	0.00000e+00	0.00000e+00	0.00000e+00	0.00000e+00	0.00000e+00	0.00000e+00	0.00000e+00	0.00000e+00	0.00000e+00	0.00000e+00	0.00000e+00	0.00000e+00	0.00000e+00	0.00000e+00	0.00000e+00	0.00000e+00	0.00000e+00	0.00000e+00	0.00000e+00	0.00000e+00	0.00000e+00	0.00000e+00	0.00000e+00	0.00000e+00	0.00000e+00	0.00000e+00	0.00000e+00	0.00000e+00	0.00000e+00	0.00000e+00	0.00000e+00	0.00000e+00	0.00000e+00	0.00000e+00	0.00000e+00	0.00000e+00	0.00000e+00	0.00000e+00	0.00000e+00	0.00000e+00	0.00000e+00	0.00000e+00	0.00000e+00	0.00000e+00	0.00000e+00	0.00000e+00	0.00000e+00	0.00000e+00	0.00000e+00	0.00000e+00	0.00000e+00	0.00000e+00	0.00000e+00	0.00000e+00	0.00000e+00	0.00000e+00	0.00000e+00	0.00000e+00	0.00000e+00	0.00000e+00	0.00000e+00	0.00000e+00	0.00000e+00	0.00000e+00	0.00000e+00	0.00000e+00	0.00000e+00	0.00000e+00	0.00000e+00	0.00000e+00	0.00000e+00	0.00000e+00	0.00000e+00	0.00000e+00	0.00000e+00	0.00000e+00	0.00000e+00	0.00000e+00	0.00000e+00	0.00000e+00	0.00000e+00	0.00000e+00	0.00000e+00	0.00000e+00	0.00000e+00	0.00000e+00	0.00000e+00	0.00000e+00	0.00000e+00	0.00000e+00	0.00000e+00	0.00000e+00	0.00000e+00	0.00000e+00	0.00000e+00	0.00000e+00	0.00000e+00	0.00000e+00	0.00000e+00	0.00000e+00	0.00000e+00	0.00000e+00	0.00000e+00	0.00000e+00	0.00000e+00	0.00000e+00	0.00000e+00	0.00000e+00	0.00000e+00	0.00000e+00	0.00000e+00	0.00000e+00	0.00000e+00	0.00000e+00	0.00000e+00	0.00000e+00	0.00000e+00	0.00000e+00	0.00000e+00	0.00000e+00	0.00000e+00	0.00000e+00	0.00000e+00	0.00000e+00	0.00000e+00	0.00000e+00	0.00000e+00	0.00000e+00	0.00000e+00	0.00000e+00	0.00000e+00	0.00000e+00	0.00000e+00	0.00000e+00	0.00000e+00	0.00000e+00	0.00000e+00	0.00000e+00	0.00000e+00	0.00000e+00	0.00000e+00	0.00000e+00	0.00000e+00	0.00000e+00	0.00000e+00	0.00000e+00	0.00000e+00	0.00000e+00	0.00000e+00	0.00000e+00	0.00000e+00	0.00000e+00	0.00000e+00	0.00000e+00	0.00000e+00	0.00000e+00	0.00000e+00	0.00000e+00	0.00000e+00	0.00000e+00	0.00000e+00	0.00000e+00	0.00000e+00	0.00000e+00	0.00000e+00	0.00000e+00	0.00000e+00	0.00000e+00	0.00000e+00	0.00000e+00
15.38	0.00000e+00	0.00000e+00	0.00000e+00	0.00000e+00	0.00000e+00	0.00000e+00	0.00000e+00	0.00000e+00	0.00000e+00	0.00000e+00	0.00000e+00	0.00000e+00	0.00000e+00	0.00000e+00	0.00000e+00	0.00000e+00	0.00000e+00	0.00000e+00	0.00000e+00	0.00000e+00	0.00000e+00	0.00000e+00	0.00000e+00	0.00000e+00	0.00000e+00	0.00000e+00	0.00000e+00	0.00000e+00	0.00000e+00	0.00000e+00	0.00000e+00	0.00000e+00	0.00000e+00	0.00000e+00	0.00000e+00	0.00000e+00	0.00000e+00	0.00000e+00	0.00000e+00	0.00000e+00	0.00000e+00	0.00000e+00	0.00000e+00	0.00000e+00	0.00000e+00	0.00000e+00	0.00000e+00	0.00000e+00	0.00000e+00	0.00000e+00	0.00000e+00	0.00000e+00	0.00000e+00	0.00000e+00	0.00000e+00	0.00000e+00	0.00000e+00	0.00000e+00	0.00000e+00	0.00000e+00	0.00000e+00	0.00000e+00	0.00000e+00	0.00000e+00	0.00000e+00	0.00000e+00	0.00000e+00	0.00000e+00	0.00000e+00	0.00000e+00	0.00000e+00	0.00000e+00	0.00000e+00	0.00000e+00	0.00000e+00	0.00000e+00	0.00000e+00	0.00000e+00	0.00000e+00	0.00000e+00	0.00000e+00	0.00000e+00	0.00000e+00	0.00000e+00	0.00000e+00	0.00000e+00	0.00000e+00	0.00000e+00	0.00000e+00	0.00000e+00	0.00000e+00	0.00000e+00	0.00000e+00	0.00000e+00	0.00000e+00	0.00000e+00	0.00000e+00	0.00000e+00	0.00000e+00	0.00000e+00	0.00000e+00	0.00000e+00	0.00000e+00	0.00000e+00	0.00000e+00	0.00000e+00	0.00000e+00	0.00000e+00	0.00000e+00	0.00000e+00	0.00000e+00	0.00000e+00	0.00000e+00	0.00000e+00	0.00000e+00	0.00000e+00	0.00000e+00	0.00000e+00	0.00000e+00	0.00000e+00	0.00000e+00	0.00000e+00	0.00000e+00	0.00000e+00	0.00000e+00	0.00000e+00	0.00000e+00	0.00000e+00	0.00000e+00	0.00000e+00	0.00000e+00	0.00000e+00	0.00000e+00	0.00000e+00	0.00000e+00	0.00000e+00	0.00000e+00	0.00000e+00	0.00000e+00	0.00000e+00	0.00000e+00	0.00000e+00	0.00000e+00	0.00000e+00	0.00000e+00	0.00000e+00	0.00000e+00	0.00000e+00	0.00000e+00	0.00000e+00	0.00000e+00	0.00000e+00	0.00000e+00	0.00000e+00	0.00000e+00	0.00000e+00	0.00000e+00	0.00000e+00	0.00000e+00	0.00000e+00	0.00000e+00	0.00000e+00	0.00000e+00	0.00000e+00	0.00000e+00	0.00000e+00	0.00000e+00	0.00000e+00	0.00000e+00	0.00000e+00	0.00000e+00	0.00000e+00	0.00000e+00	0.00000e+00	0.00000e+00	0.00000e+00	0.00000e+00	0.00000e+00	0.00000e+00	0.00000e+00	0.00000e+00	0.00000e+00	0.00000e+00	0.00000e+00	0.00000e+00	0.00000e+00
15.42	0.00000e+00	0.00000e+00	0.00000e+00	0.00000e+00	0.00000e+00	0.00000e+00	0.00000e+00	0.00000e+00	0.00000e+00	0.00000e+00	0.00000e+00	0.00000e+00	0.00000e+00	0.00000e+00	0.00000e+00	0.00000e+00	0.00000e+00	0.00000e+00	0.00000e+00	0.00000e+00	0.00000e+00	0.00000e+00	0.00000e+00	0.00000e+00	0.00000e+00	0.00000e+00	0.00000e+00	0.00000e+00	0.00000e+00	0.00000e+00	0.00000e+00	0.00000e+00	0.00000e+00	0.00000e+00	0.00000e+00	0.00000e+00	0.00000e+00	0.00000e+00	0.00000e+00	0.00000e+00	0.00000e+00	0.00000e+00	0.00000e+00	0.00000e+00	0.00000e+00	0.00000e+00	0.00000e+00	0.00000e+00	0.00000e+00	0.00000e+00	0.00000e+00	0.00000e+00	0.00000e+00	0.00000e+00	0.00000e+00	0.00000e+00	0.00000e+00	0.00000e+00	0.00000e+00	0.00000e+00	0.00000e+00	0.00000e+00	0.00000e+00	0.00000e+00	0.00000e+00	0.00000e+00	0.00000e+00	0.00000e+00	0.00000e+00	0.00000e+00	0.00000e+00	0.00000e+00	0.00000e+00	0.00000e+00	0.00000e+00	0.00000e+00	0.00000e+00	0.00000e+00	0.00000e+00	0.00000e+00	0.00000e+00	0.00000e+00	0.00000e+00	0.00000e+00	0.00000e+00	0.00000e+00	0.00000e+00	0.00000e+00	0.00000e+00	0.00000e+00	0.00000e+00	0.00000e+00	0.00000e+00	0.00000e+00	0.00000e+00	0.00000e+00	0.00000e+00	0.00000e+00	0.00000e+00	0.00000e+00	0.00000e+00	0.00000e+00	0.00000e+00	0.00000e+00	0.00000e+00	0.00000e+00	0.00000e+00	0.00000e+00	0.00000e+00	0.00000e+00	0.00000e+00	0.00000e+00	0.00000e+00	0.00000e+00	0.00000e+00	0.00000e+00	0.00000e+00	0.00000e+00	0.00000e+00	0.00000e+00	0.00000e+00	0.00000e+00	0.00000e+00	0.00000e+00	0.00000e+00	0.00000e+00	0.00000e+00	0.00000e+00	0.00000e+00	0.00000e+00	0.00000e+00	0.00000e+00	0.00000e+00	0.00000e+00	0.00000e+00	0.00000e+00	0.00000e+00	0.00000e+00	0.00000e+00	0.00000e+00	0.00000e+00	0.00000e+00	0.00000e+00	0.00000e+00	0.00000e+00	0.00000e+00	0.00000e+00	0.00000e+00	0.00000e+00	0.00000e+00	0.00000e+00	0.00000e+00	0.00000e+00	0.00000e+00	0.00000e+00	0.00000e+00	0.00000e+00	0.00000e+00	0.00000e+00	0.00000e+00	0.00000e+00	0.00000e+00	0.00000e+00	0.00000e+00	0.00000e+00	0.00000e+00	0.00000e+00	0.00000e+00	0.00000e+00	0.00000e+00	0.00000e+00	0.00000e+00	0.00000e+00	0.00000e+00	0.00000e+00	0.00000e+00	0.00000e+00	0.00000e+00	0.00000e+00	0.00000e+00	0.00000e+00	0.00000e+00	0.00000e+00	0.00000e+00	0.00000e+00	0.00000e+00
15.45	0.00000e+00	0.00000e+00	0.00000e+00	0.00000e+00	0.00000e+00	0.00000e+00	0.00000e+00	0.00000e+00	0.00000e+00	0.00000e+00	0.00000e+00	0.00000e+00	0.00000e+00	0.00000e+00	0.00000e+00	0.00000e+00	0.00000e+00	0.00000e+00	0.00000e+00	0.00000e+00	0.00000e+00	0.00000e+00	0.00000e+00	0.00000e+00	0.00000e+00	0.00000e+00	0.00000e+00	0.00000e+00	0.00000e+00	0.00000e+00	0.00000e+00	0.00000e+00	0.00000e+00	0.00000e+00	0.00000e+00	0.00000e+00	0.00000e+00	0.00000e+00	0.00000e+00	0.00000e+00	0.00000e+00	0.00000e+00	0.00000e+00	0.00000e+00	0.00000e+00	0.00000e+00	0.00000e+00	0.00000e+00	0.00000e+00	0.00000e+00	0.00000e+00	0.00000e+00	0.00000e+00	0.00000e+00	0.00000e+00	0.00000e+00	0.00000e+00	0.00000e+00	0.00000e+00	0.00000e+00	0.00000e+00	0.00000e+00	0.00000e+00	0.00000e+00	0.00000e+00	0.00000e+00	0.00000e+00	0.00000e+00	0.00000e+00	0.00000e+00	0.00000e+00	0.00000e+00	0.00000e+00	0.00000e+00	0.00000e+00	0.00000e+00	0.00000e+00	0.00000e+00	0.00000e+00	0.00000e+00	0.00000e+00	0.00000e+00	0.00000e+00	0.00000e+00	0.00000e+00	0.00000e+00	0.00000e+00	0.00000e+00	0.00000e+00	0.00000e+00	0.00000e+00	0.00000e+00	0.00000e+00	0.00000e+00	0.00000e+00	0.00000e+00	0.00000e+00	0.00000e+00	0.00000e+00	0.00000e+00	0.00000e+00	0.00000e+00	0.00000e+00	0.00000e+00	0.00000e+00	0.00000e+00	0.00000e+00	0.00000e+00	0.00000e+00	0.00000e+00	0.00000e+00	0.00000e+00	0.00000e+00	0.00000e+00	0.00000e+00	0.00000e+00	0.00000e+00	0.00000e+00	0.00000e+00	0.00000e+00	0.00000e+00	0.00000e+00	0.00000e+00	0.00000e+00	0.00000e+00	0.00000e+00	0.00000e+00	0.00000e+00	0.00000e+00	0.00000e+00	0.00000e+00	0.00000e+00	0.00000e+00	0.00000e+00	0.00000e+00	0.00000e+00	0.00000e+00	0.00000e+00	0.00000e+00	0.00000e+00	0.00000e+00	0.00000e+00	0.00000e+00	0.00000e+00	0.00000e+00	0.00000e+00	0.00000e+00	0.00000e+00	0.00000e+00	0.00000e+00	0.00000e+00	0.00000e+00	0.00000e+00	0.00000e+00	0.00000e+00	0.00000e+00	0.00000e+00	0.00000e+00	0.00000e+00	0.00000e+00	0.00000e+00	0.00000e+00	0.00000e+00	0.00000e+00	0.00000e+00	0.00000e+00	0.00000e+00	0.00000e+00	0.00000e+00	0.00000e+00	0.00000e+00	0.00000e+00	0.00000e+00	0.00000e+00	0.00000e+00	0.00000e+00	0.00000e+00	0.00000e+00	0.00000e+00	0.00000e+00	0.00000e+00	0.00000e+00	0.00000e+00	0.00000e+00	0.00000e+00	0.00000e+00
15.48	0.00000e+00	0.00000e+00	0.00000e+00	0.00000e+00	0.00000e+00	0.00000e+00	0.00000e+00	0.00000e+00	0.00000e+00	0.00000e+00	0.00000e+00	0.00000e+00	0.00000e+00	0.00000e+00	0.00000e+00	0.00000e+00	0.00000e+00	0.00000e+00	0.00000e+00	0.00000e+00	0.00000e+00	0.00000e+00	0.00000e+00	0.00000e+00	0.00000e+00	0.00000e+00	0.00000e+00	0.00000e+00	0.00000e+00	0.00000e+00	0.00000e+00	0.00000e+00	0.00000e+00	0.00000e+00	0.00000e+00	0.00000e+00	0.00000e+00	0.00000e+00	0.00000e+00	0.00000e+00	0.00000e+00	0.00000e+00	0.00000e+00	0.00000e+00	0.00000e+00	0.00000e+00	0.00000e+00	0.00000e+00	0.00000e+00	0.00000e+00	0.00000e+00	0.00000e+00	0.00000e+00	0.00000e+00	0.00000e+00	0.00000e+00	0.00000e+00	0.00000e+00	0.00000e+00	0.00000e+00	0.00000e+00	0.00000e+00	0.00000e+00	0.00000e+00	0.00000e+00	0.00000e+00	0.00000e+00	0.00000e+00	0.00000e+00	0.00000e+00	0.00000e+00	0.00000e+00	0.00000e+00	0.00000e+00	0.00000e+00	0.00000e+00	0.00000e+00	0.00000e+00	0.00000e+00	0.00000e+00	0.00000e+00	0.00000e+00	0.00000e+00	0.00000e+00	0.00000e+00	0.00000e+00	0.00000e+00	0.00000e+00	0.00000e+00	0.00000e+00	0.00000e+00	0.00000e+00	0.00000e+00	0.00000e+00	0.00000e+00	0.00000e+00	0.00000e+00	0.00000e+00	0.00000e+00	0.00000e+00	0.00000e+00	0.00000e+00	0.00000e+00	0.00000e+00	0.00000e+00	0.00000e+00	0.00000e+00	0.00000e+00	0.00000e+00	0.00000e+00	0.00000e+00	0.00000e+00	0.00000e+00	0.00000e+00	0.00000e+00	0.00000e+00	0.00000e+00	0.00000e+00	0.00000e+00	0.00000e+00	0.00000e+00	0.00000e+00	0.00000e+00	0.00000e+00	0.00000e+00	0.00000e+00	0.00000e+00	0.00000e+00	0.00000e+00	0.00000e+00	0.00000e+00	0.00000e+00	0.00000e+00	0.00000e+00	0.00000e+00	0.00000e+00	0.00000e+00	0.00000e+00	0.00000e+00	0.00000e+00	0.00000e+00	0.00000e+00	0.00000e+00	0.00000e+00	0.00000e+00	0.00000e+00	0.00000e+00	0.00000e+00	0.00000e+00	0.00000e+00	0.00000e+00	0.00000e+00	0.00000e+00	0.00000e+00	0.00000e+00	0.00000e+00	0.00000e+00	0.00000e+00	0.00000e+00	0.00000e+00	0.00000e+00	0.00000e+00	0.00000e+00	0.00000e+00	0.00000e+00	0.00000e+00	0.00000e+00	0.00000e+00	0.00000e+00	0.00000e+00	0.00000e+00	0.00000e+00	0.00000e+00	0.00000e+00	0.00000e+00	0.00000e+00	0.00000e+00	0.00000e+00	0.00000e+00	0.00000e+00	0.00000e+00	0.00000e+00	0.00000e+00	0.00000e+00	0.00000e+00	0.00000e+00
15.52	0.00000e+00	0.00000e+00	0.00000e+00	0.00000e+00	0.00000e+00	0.00000e+00	0.00000e+00	0.00000e+00	0.00000e+00	0.00000e+00	0.00000e+00	0.00000e+00	0.00000e+00	0.00000e+00	0.00000e+00	0.00000e+00	0.00000e+00	0.00000e+00	0.00000e+00	0.00000e+00	0.00000e+00	0.00000e+00	0.00000e+00	0.00000e+00	0.00000e+00	0.00000e+00	0.00000e+00	0.00000e+00	0.00000e+00	0.00000e+00	0.00000e+00	0.00000e+00	0.00000e+00	0.00000e+00	0.00000e+00	0.00000e+00	0.00000e+00	0.00000e+00	0.00000e+00	0.00000e+00	0.00000e+00	0.00000e+00	0.00000e+00	0.00000e+00	0.00000e+00	0.00000e+00	0.00000e+00	0.00000e+00	0.00000e+00	0.00000e+00	0.00000e+00	0.00000e+00	0.00000e+00	0.00000e+00	0.00000e+00	0.00000e+00	0.00000e+00	0.00000e+00	0.00000e+00	0.00000e+00	0.00000e+00	0.00000e+00	0.00000e+00	0.00000e+00	0.00000e+00	0.00000e+00	0.00000e+00	0.00000e+00	0.00000e+00	0.00000e+00	0.00000e+00	0.00000e+00	0.00000e+00	0.00000e+00	0.00000e+00	0.00000e+00	0.00000e+00	0.00000e+00	0.00000e+00	0.00000e+00	0.00000e+00	0.00000e+00	0.00000e+00	0.00000e+00	0.00000e+00	0.00000e+00	0.00000e+00	0.00000e+00	0.00000e+00	0.00000e+00	0.00000e+00	0.00000e+00	0.00000e+00	0.00000e+00	0.00000e+00	0.00000e+00	0.00000e+00	0.00000e+00	0.00000e+00	0.00000e+00	0.00000e+00	0.00000e+00	0.00000e+00	0.00000e+00	0.00000e+00	0.00000e+00	0.00000e+00	0.00000e+00	0.00000e+00	0.00000e+00	0.00000e+00	0.00000e+00	0.00000e+00	0.00000e+00	0.00000e+00	0.00000e+00	0.00000e+00	0.00000e+00	0.00000e+00	0.00000e+00	0.00000e+00	0.00000e+00	0.00000e+00	0.00000e+00	0.00000e+00	0.00000e+00	0.00000e+00	0.00000e+00	0.00000e+00	0.00000e+00	0.00000e+00	0.00000e+00	0.00000e+00	0.00000e+00	0.00000e+00	0.00000e+00	0.00000e+00	0.00000e+00	0.00000e+00	0.00000e+00	0.00000e+00	0.00000e+00	0.00000e+00	0.00000e+00	0.00000e+00	0.00000e+00	0.00000e+00	0.00000e+00	0.00000e+00	0.00000e+00	0.00000e+00	0.00000e+00	0.00000e+00	0.00000e+00	0.00000e+00	0.00000e+00	0.00000e+00	0.00000e+00	0.00000e+00	0.00000e+00	0.00000e+00	0.00000e+00	0.00000e+00	0.00000e+00	0.00000e+00	0.00000e+00	0.00000e+00	0.00000e+00	0.00000e+00	0.00000e+00	0.00000e+00	0.00000e+00	0.00000e+00	0.00000e+00	0.00000e+00	0.00000e+00	0.00000e+00	0.00000e+00	0.00000e+00	0.00000e+00	0.00000e+00	0.00000e+00	0.00000e+00	0.00000e+00	0.00000e+00	0.00000e+00
15.55	0.00000e+00	0.00000e+00	0.00000e+00	0.00000e+00	0.00000e+00	0.00000e+00	0.00000e+00	0.00000e+00	0.00000e+00	0.00000e+00	0.00000e+00	0.00000e+00	0.00000e+00	0.00000e+00	0.00000e+00	0.00000e+00	0.00000e+00	0.00000e+00	0.00000e+00	0.00000e+00	0.00000e+00	0.00000e+00	0.00000e+00	0.00000e+00	0.00000e+00	0.00000e+00	0.00000e+00	0.00000e+00	0.00000e+00	0.00000e+00	0.00000e+00	0.00000e+00	0.00000e+00	0.00000e+00	0.00000e+00	0.00000e+00	0.00000e+00	0.00000e+00	0.00000e+00	0.00000e+00	0.00000e+00	0.00000e+00	0.00000e+00	0.00000e+00	0.00000e+00	0.00000e+00	0.00000e+00	0.00000e+00	0.00000e+00	0.00000e+00	0.00000e+00	0.00000e+00	0.00000e+00	0.00000e+00	0.00000e+00	0.00000e+00	0.00000e+00	0.00000e+00	0.00000e+00	0.00000e+00	0.00000e+00	0.00000e+00	0.00000e+00	0.00000e+00	0.00000e+00	0.00000e+00	0.00000e+00	0.00000e+00	0.00000e+00	0.00000e+00	0.00000e+00	0.00000e+00	0.00000e+00	0.00000e+00	0.00000e+00	0.00000e+00	0.00000e+00	0.00000e+00	0.00000e+00	0.00000e+00	0.00000e+00	0.00000e+00	0.00000e+00	0.00000e+00	0.00000e+00	0.00000e+00	0.00000e+00	0.00000e+00	0.00000e+00	0.00000e+00	0.00000e+00	0.00000e+00	0.00000e+00	0.00000e+00	0.00000e+00	0.00000e+00	0.00000e+00	0.00000e+00	0.00000e+00	0.00000e+00	0.00000e+00	0.00000e+00	0.00000e+00	0.00000e+00	0.00000e+00	0.00000e+00	0.00000e+00	0.00000e+00	0.00000e+00	0.00000e+00	0.00000e+00	0.00000e+00	0.00000e+00	0.00000e+00	0.00000e+00	0.00000e+00	0.00000e+00	0.00000e+00	0.00000e+00	0.00000e+00	0.00000e+00	0.00000e+00	0.00000e+00	0.00000e+00	0.00000e+00	0.00000e+00	0.00000e+00	0.00000e+00	0.00000e+00	0.00000e+00	0.00000e+00	0.00000e+00	0.00000e+00	0.00000e+00	0.00000e+00	0.00000e+00	0.00000e+00	0.00000e+00	0.00000e+00	0.00000e+00	0.00000e+00	0.00000e+00	0.00000e+00	0.00000e+00	0.00000e+00	0.00000e+00	0.00000e+00	0.00000e+00	0.00000e+00	0.00000e+00	0.00000e+00	0.00000e+00	0.00000e+00	0.00000e+00	0.00000e+00	0.00000e+00	0.00000e+00	0.00000e+00	0.00000e+00	0.00000e+00	0.00000e+00	0.00000e+00	0.00000e+00	0.00000e+00	0.00000e+00	0.00000e+00	0.00000e+00	0.00000e+00	0.00000e+00	0.00000e+00	0.00000e+00	0.00000e+00	0.00000e+00	0.00000e+00	0.00000e+00	0.00000e+00	0.00000e+00	0.00000e+00	0.00000e+00	0.00000e+00	0.00000e+00	0.00000e+00	0.00000e+00	0.00000e+00	0.00000e+00	0.00000e+00
15.59	0.00000e+00	0.00000e+00	0.00000e+00	0.00000e+00	0.00000e+00	0.00000e+00	0.00000e+00	0.00000e+00	0.00000e+00	0.00000e+00	0.00000e+00	0.00000e+00	0.00000e+00	0.00000e+00	0.00000e+00	0.00000e+00	0.00000e+00	0.00000e+00	0.00000e+00	0.00000e+00	0.00000e+00	0.00000e+00	0.00000e+00	0.00000e+00	0.00000e+00	0.00000e+00	0.00000e+00	0.00000e+00	0.00000e+00	0.00000e+00	0.00000e+00	0.00000e+00	0.00000e+00	0.00000e+00	0.00000e+00	0.00000e+00	0.00000e+00	0.00000e+00	0.00000e+00	0.00000e+00	0.00000e+00	0.00000e+00	0.00000e+00	0.00000e+00	0.00000e+00	0.00000e+00	0.00000e+00	0.00000e+00	0.00000e+00	0.00000e+00	0.00000e+00	0.00000e+00	0.00000e+00	0.00000e+00	0.00000e+00	0.00000e+00	0.00000e+00	0.00000e+00	0.00000e+00	0.00000e+00	0.00000e+00	0.00000e+00	0.00000e+00	0.00000e+00	0.00000e+00	0.00000e+00	0.00000e+00	0.00000e+00	0.00000e+00	0.00000e+00	0.00000e+00	0.00000e+00	0.00000e+00	0.00000e+00	0.00000e+00	0.00000e+00	0.00000e+00	0.00000e+00	0.00000e+00	0.00000e+00	0.00000e+00	0.00000e+00	0.00000e+00	0.00000e+00	0.00000e+00	0.00000e+00	0.00000e+00	0.00000e+00	0.00000e+00	0.00000e+00	0.00000e+00	0.00000e+00	0.00000e+00	0.00000e+00	0.00000e+00	0.00000e+00	0.00000e+00	0.00000e+00	0.00000e+00	0.00000e+00	0.00000e+00	0.00000e+00	0.00000e+00	0.00000e+00	0.00000e+00	0.00000e+00	0.00000e+00	0.00000e+00	0.00000e+00	0.00000e+00	0.00000e+00	0.00000e+00	0.00000e+00	0.00000e+00	0.00000e+00	0.00000e+00	0.00000e+00	0.00000e+00	0.00000e+00	0.00000e+00	0.00000e+00	0.00000e+00	0.00000e+00	0.00000e+00	0.00000e+00	0.00000e+00	0.00000e+00	0.00000e+00	0.00000e+00	0.00000e+00	0.00000e+00	0.00000e+00	0.00000e+00	0.00000e+00	0.00000e+00	0.00000e+00	0.00000e+00	0.00000e+00	0.00000e+00	0.00000e+00	0.00000e+00	0.00000e+00	0.00000e+00	0.00000e+00	0.00000e+00	0.00000e+00	0.00000e+00	0.00000e+00	0.00000e+00	0.00000e+00	0.00000e+00	0.00000e+00	0.00000e+00	0.00000e+00	0.00000e+00	0.00000e+00	0.00000e+00	0.00000e+00	0.00000e+00	0.00000e+00	0.00000e+00	0.00000e+00	0.00000e+00	0.00000e+00	0.00000e+00	0.00000e+00	0.00000e+00	0.00000e+00	0.00000e+00	0.00000e+00	0.00000e+00	0.00000e+00	0.00000e+00	0.00000e+00	0.00000e+00	0.00000e+00	0.00000e+00	0.00000e+00	0.00000e+00	0.00000e+00	0.00000e+00	0.00000e+00	0.00000e+00	0.00000e+00	0.00000e+00	0.00000e+00
15.62	0.00000e+00	0.00000e+00	0.00000e+00	0.00000e+00	0.00000e+00	0.00000e+00	0.00000e+00	0.00000e+00	0.00000e+00	0.00000e+00	0.00000e+00	0.00000e+00	0.00000e+00	0.00000e+00	0.00000e+00	0.00000e+00	0.00000e+00	0.00000e+00	0.00000e+00	0.00000e+00	0.00000e+00	0.00000e+00	0.00000e+00	0.00000e+00	0.00000e+00	0.00000e+00	0.00000e+00	0.00000e+00	0.00000e+00	0.00000e+00	0.00000e+00	0.00000e+00	0.00000e+00	0.00000e+00	0.00000e+00	0.00000e+00	0.00000e+00	0.00000e+00	0.00000e+00	0.00000e+00	0.00000e+00	0.00000e+00	0.00000e+00	0.00000e+00	0.00000e+00	0.00000e+00	0.00000e+00	0.00000e+00	0.00000e+00	0.00000e+00	0.00000e+00	0.00000e+00	0.00000e+00	0.00000e+00	0.00000e+00	0.00000e+00	0.00000e+00	0.00000e+00	0.00000e+00	0.00000e+00	0.00000e+00	0.00000e+00	0.00000e+00	0.00000e+00	0.00000e+00	0.00000e+00	0.00000e+00	0.00000e+00	0.00000e+00	0.00000e+00	0.00000e+00	0.00000e+00	0.00000e+00	0.00000e+00	0.00000e+00	0.00000e+00	0.00000e+00	0.00000e+00	0.00000e+00	0.00000e+00	0.00000e+00	0.00000e+00	0.00000e+00	0.00000e+00	0.00000e+00	0.00000e+00	0.00000e+00	0.00000e+00	0.00000e+00	0.00000e+00	0.00000e+00	0.00000e+00	0.00000e+00	0.00000e+00	0.00000e+00	0.00000e+00	0.00000e+00	0.00000e+00	0.00000e+00	0.00000e+00	0.00000e+00	0.00000e+00	0.00000e+00	0.00000e+00	0.00000e+00	0.00000e+00	0.00000e+00	0.00000e+00	0.00000e+00	0.00000e+00	0.00000e+00	0.00000e+00	0.00000e+00	0.00000e+00	0.00000e+00	0.00000e+00	0.00000e+00	0.00000e+00	0.00000e+00	0.00000e+00	0.00000e+00	0.00000e+00	0.00000e+00	0.00000e+00	0.00000e+00	0.00000e+00	0.00000e+00	0.00000e+00	0.00000e+00	0.00000e+00	0.00000e+00	0.00000e+00	0.00000e+00	0.00000e+00	0.00000e+00	0.00000e+00	0.00000e+00	0.00000e+00	0.00000e+00	0.00000e+00	0.00000e+00	0.00000e+00	0.00000e+00	0.00000e+00	0.00000e+00	0.00000e+00	0.00000e+00	0.00000e+00	0.00000e+00	0.00000e+00	0.00000e+00	0.00000e+00	0.00000e+00	0.00000e+00	0.00000e+00	0.00000e+00	0.00000e+00	0.00000e+00	0.00000e+00	0.00000e+00	0.00000e+00	0.00000e+00	0.00000e+00	0.00000e+00	0.00000e+00	0.00000e+00	0.00000e+00	0.00000e+00	0.00000e+00	0.00000e+00	0.00000e+00	0.00000e+00	0.00000e+00	0.00000e+00	0.00000e+00	0.00000e+00	0.00000e+00	0.00000e+00	0.00000e+00	0.00000e+00	0.00000e+00	0.00000e+00	0.00000e+00	0.00000e+00	0.00000e+00	0.00000e+00
15.66	0.00000e+00	0.00000e+00	0.00000e+00	0.00000e+00	0.00000e+00	0.00000e+00	0.00000e+00	0.00000e+00	0.00000e+00	0.00000e+00	0.00000e+00	0.00000e+00	0.00000e+00	0.00000e+00	0.00000e+00	0.00000e+00	0.00000e+00	0.00000e+00	0.00000e+00	0.00000e+00	0.00000e+00	0.00000e+00	0.00000e+00	0.00000e+00	0.00000e+00	0.00000e+00	0.00000e+00	0.00000e+00	0.00000e+00	0.00000e+00	0.00000e+00	0.00000e+00	0.00000e+00	0.00000e+00	0.00000e+00	0.00000e+00	0.00000e+00	0.00000e+00	0.00000e+00	0.00000e+00	0.00000e+00	0.00000e+00	0.00000e+00	0.00000e+00	0.00000e+00	0.00000e+00	0.00000e+00	0.00000e+00	0.00000e+00	0.00000e+00	0.00000e+00	0.00000e+00	0.00000e+00	0.00000e+00	0.00000e+00	0.00000e+00	0.00000e+00	0.00000e+00	0.00000e+00	0.00000e+00	0.00000e+00	0.00000e+00	0.00000e+00	0.00000e+00	0.00000e+00	0.00000e+00	0.00000e+00	0.00000e+00	0.00000e+00	0.00000e+00	0.00000e+00	0.00000e+00	0.00000e+00	0.00000e+00	0.00000e+00	0.00000e+00	0.00000e+00	0.00000e+00	0.00000e+00	0.00000e+00	0.00000e+00	0.00000e+00	0.00000e+00	0.00000e+00	0.00000e+00	0.00000e+00	0.00000e+00	0.00000e+00	0.00000e+00	0.00000e+00	0.00000e+00	0.00000e+00	0.00000e+00	0.00000e+00	0.00000e+00	0.00000e+00	0.00000e+00	0.00000e+00	0.00000e+00	0.00000e+00	0.00000e+00	0.00000e+00	0.00000e+00	0.00000e+00	0.00000e+00	0.00000e+00	0.00000e+00	0.00000e+00	0.00000e+00	0.00000e+00	0.00000e+00	0.00000e+00	0.00000e+00	0.00000e+00	0.00000e+00	0.00000e+00	0.00000e+00	0.00000e+00	0.00000e+00	0.00000e+00	0.00000e+00	0.00000e+00	0.00000e+00	0.00000e+00	0.00000e+00	0.00000e+00	0.00000e+00	0.00000e+00	0.00000e+00	0.00000e+00	0.00000e+00	0.00000e+00	0.00000e+00	0.00000e+00	0.00000e+00	0.00000e+00	0.00000e+00	0.00000e+00	0.00000e+00	0.00000e+00	0.00000e+00	0.00000e+00	0.00000e+00	0.00000e+00	0.00000e+00	0.00000e+00	0.00000e+00	0.00000e+00	0.00000e+00	0.00000e+00	0.00000e+00	0.00000e+00	0.00000e+00	0.00000e+00	0.00000e+00	0.00000e+00	0.00000e+00	0.00000e+00	0.00000e+00	0.00000e+00	0.00000e+00	0.00000e+00	0.00000e+00	0.00000e+00	0.00000e+00	0.00000e+00	0.00000e+00	0.00000e+00	0.00000e+00	0.00000e+00	0.00000e+00	0.00000e+00	0.00000e+00	0.00000e+00	0.00000e+00	0.00000e+00	0.00000e+00	0.00000e+00	0.00000e+00	0.00000e+00	0.00000e+00	0.00000e+00	0.00000e+00	0.00000e+00	0.00000e+00	0.00000e+00
15.69	0.00000e+00	0.00000e+00	0.00000e+00	0.00000e+00	0.00000e+00	0.00000e+00	0.00000e+00	0.00000e+00	0.00000e+00	0.00000e+00	0.00000e+00	0.00000e+00	0.00000e+00	0.00000e+00	0.00000e+00	0.00000e+00	0.00000e+00	0.00000e+00	0.00000e+00	0.00000e+00	0.00000e+00	0.00000e+00	0.00000e+00	0.00000e+00	0.00000e+00	0.00000e+00	0.00000e+00	0.00000e+00	0.00000e+00	0.00000e+00	0.00000e+00	0.00000e+00	0.00000e+00	0.00000e+00	0.00000e+00	0.00000e+00	0.00000e+00	0.00000e+00	0.00000e+00	0.00000e+00	0.00000e+00	0.00000e+00	0.00000e+00	0.00000e+00	0.00000e+00	0.00000e+00	0.00000e+00	0.00000e+00	0.00000e+00	0.00000e+00	0.00000e+00	0.00000e+00	0.00000e+00	0.00000e+00	0.00000e+00	0.00000e+00	0.00000e+00	0.00000e+00	0.00000e+00	0.00000e+00	0.00000e+00	0.00000e+00	0.00000e+00	0.00000e+00	0.00000e+00	0.00000e+00	0.00000e+00	0.00000e+00	0.00000e+00	0.00000e+00	0.00000e+00	0.00000e+00	0.00000e+00	0.00000e+00	0.00000e+00	0.00000e+00	0.00000e+00	0.00000e+00	0.00000e+00	0.00000e+00	0.00000e+00	0.00000e+00	0.00000e+00	0.00000e+00	0.00000e+00	0.00000e+00	0.00000e+00	0.00000e+00	0.00000e+00	0.00000e+00	0.00000e+00	0.00000e+00	0.00000e+00	0.00000e+00	0.00000e+00	0.00000e+00	0.00000e+00	0.00000e+00	0.00000e+00	0.00000e+00	0.00000e+00	0.00000e+00	0.00000e+00	0.00000e+00	0.00000e+00	0.00000e+00	0.00000e+00	0.00000e+00	0.00000e+00	0.00000e+00	0.00000e+00	0.00000e+00	0.00000e+00	0.00000e+00	0.00000e+00	0.00000e+00	0.00000e+00	0.00000e+00	0.00000e+00	0.00000e+00	0.00000e+00	0.00000e+00	0.00000e+00	0.00000e+00	0.00000e+00	0.00000e+00	0.00000e+00	0.00000e+00	0.00000e+00	0.00000e+00	0.00000e+00	0.00000e+00	0.00000e+00	0.00000e+00	0.00000e+00	0.00000e+00	0.00000e+00	0.00000e+00	0.00000e+00	0.00000e+00	0.00000e+00	0.00000e+00	0.00000e+00	0.00000e+00	0.00000e+00	0.00000e+00	0.00000e+00	0.00000e+00	0.00000e+00	0.00000e+00	0.00000e+00	0.00000e+00	0.00000e+00	0.00000e+00	0.00000e+00	0.00000e+00	0.00000e+00	0.00000e+00	0.00000e+00	0.00000e+00	0.00000e+00	0.00000e+00	0.00000e+00	0.00000e+00	0.00000e+00	0.00000e+00	0.00000e+00	0.00000e+00	0.00000e+00	0.00000e+00	0.00000e+00	0.00000e+00	0.00000e+00	0.00000e+00	0.00000e+00	0.00000e+00	0.00000e+00	0.00000e+00	0.00000e+00	0.00000e+00	0.00000e+00	0.00000e+00	0.00000e+00	0.00000e+00	0.00000e+00	0.00000e+00
15.72	0.00000e+00	0.00000e+00	0.00000e+00	0.00000e+00	0.00000e+00	0.00000e+00	0.00000e+00	0.00000e+00	0.00000e+00	0.00000e+00	0.00000e+00	0.00000e+00	0.00000e+00	0.00000e+00	0.00000e+00	0.00000e+00	0.00000e+00	0.00000e+00	0.00000e+00	0.00000e+00	0.00000e+00	0.00000e+00	0.00000e+00	0.00000e+00	0.00000e+00	0.00000e+00	0.00000e+00	0.00000e+00	0.00000e+00	0.00000e+00	0.00000e+00	0.00000e+00	0.00000e+00	0.00000e+00	0.00000e+00	0.00000e+00	0.00000e+00	0.00000e+00	0.00000e+00	0.00000e+00	0.00000e+00	0.00000e+00	0.00000e+00	0.00000e+00	0.00000e+00	0.00000e+00	0.00000e+00	0.00000e+00	0.00000e+00	0.00000e+00	0.00000e+00	0.00000e+00	0.00000e+00	0.00000e+00	0.00000e+00	0.00000e+00	0.00000e+00	0.00000e+00	0.00000e+00	0.00000e+00	0.00000e+00	0.00000e+00	0.00000e+00	0.00000e+00	0.00000e+00	0.00000e+00	0.00000e+00	0.00000e+00	0.00000e+00	0.00000e+00	0.00000e+00	0.00000e+00	0.00000e+00	0.00000e+00	0.00000e+00	0.00000e+00	0.00000e+00	0.00000e+00	0.00000e+00	0.00000e+00	0.00000e+00	0.00000e+00	0.00000e+00	0.00000e+00	0.00000e+00	0.00000e+00	0.00000e+00	0.00000e+00	0.00000e+00	0.00000e+00	0.00000e+00	0.00000e+00	0.00000e+00	0.00000e+00	0.00000e+00	0.00000e+00	0.00000e+00	0.00000e+00	0.00000e+00	0.00000e+00	0.00000e+00	0.00000e+00	0.00000e+00	0.00000e+00	0.00000e+00	0.00000e+00	0.00000e+00	0.00000e+00	0.00000e+00	0.00000e+00	0.00000e+00	0.00000e+00	0.00000e+00	0.00000e+00	0.00000e+00	0.00000e+00	0.00000e+00	0.00000e+00	0.00000e+00	0.00000e+00	0.00000e+00	0.00000e+00	0.00000e+00	0.00000e+00	0.00000e+00	0.00000e+00	0.00000e+00	0.00000e+00	0.00000e+00	0.00000e+00	0.00000e+00	0.00000e+00	0.00000e+00	0.00000e+00	0.00000e+00	0.00000e+00	0.00000e+00	0.00000e+00	0.00000e+00	0.00000e+00	0.00000e+00	0.00000e+00	0.00000e+00	0.00000e+00	0.00000e+00	0.00000e+00	0.00000e+00	0.00000e+00	0.00000e+00	0.00000e+00	0.00000e+00	0.00000e+00	0.00000e+00	0.00000e+00	0.00000e+00	0.00000e+00	0.00000e+00	0.00000e+00	0.00000e+00	0.00000e+00	0.00000e+00	0.00000e+00	0.00000e+00	0.00000e+00	0.00000e+00	0.00000e+00	0.00000e+00	0.00000e+00	0.00000e+00	0.00000e+00	0.00000e+00	0.00000e+00	0.00000e+00	0.00000e+00	0.00000e+00	0.00000e+00	0.00000e+00	0.00000e+00	0.00000e+00	0.00000e+00	0.00000e+00	0.00000e+00	0.00000e+00	0.00000e+00	0.00000e+00	0.00000e+00
15.76	0.00000e+00	0.00000e+00	0.00000e+00	0.00000e+00	0.00000e+00	0.00000e+00	0.00000e+00	0.00000e+00	0.00000e+00	0.00000e+00	0.00000e+00	0.00000e+00	0.00000e+00	0.00000e+00	0.00000e+00	0.00000e+00	0.00000e+00	0.00000e+00	0.00000e+00	0.00000e+00	0.00000e+00	0.00000e+00	0.00000e+00	0.00000e+00	0.00000e+00	0.00000e+00	0.00000e+00	0.00000e+00	0.00000e+00	0.00000e+00	0.00000e+00	0.00000e+00	0.00000e+00	0.00000e+00	0.00000e+00	0.00000e+00	0.00000e+00	0.00000e+00	0.00000e+00	0.00000e+00	0.00000e+00	0.00000e+00	0.00000e+00	0.00000e+00	0.00000e+00	0.00000e+00	0.00000e+00	0.00000e+00	0.00000e+00	0.00000e+00	0.00000e+00	0.00000e+00	0.00000e+00	0.00000e+00	0.00000e+00	0.00000e+00	0.00000e+00	0.00000e+00	0.00000e+00	0.00000e+00	0.00000e+00	0.00000e+00	0.00000e+00	0.00000e+00	0.00000e+00	0.00000e+00	0.00000e+00	0.00000e+00	0.00000e+00	0.00000e+00	0.00000e+00	0.00000e+00	0.00000e+00	0.00000e+00	0.00000e+00	0.00000e+00	0.00000e+00	0.00000e+00	0.00000e+00	0.00000e+00	0.00000e+00	0.00000e+00	0.00000e+00	0.00000e+00	0.00000e+00	0.00000e+00	0.00000e+00	0.00000e+00	0.00000e+00	0.00000e+00	0.00000e+00	0.00000e+00	0.00000e+00	0.00000e+00	0.00000e+00	0.00000e+00	0.00000e+00	0.00000e+00	0.00000e+00	0.00000e+00	0.00000e+00	0.00000e+00	0.00000e+00	0.00000e+00	0.00000e+00	0.00000e+00	0.00000e+00	0.00000e+00	0.00000e+00	0.00000e+00	0.00000e+00	0.00000e+00	0.00000e+00	0.00000e+00	0.00000e+00	0.00000e+00	0.00000e+00	0.00000e+00	0.00000e+00	0.00000e+00	0.00000e+00	0.00000e+00	0.00000e+00	0.00000e+00	0.00000e+00	0.00000e+00	0.00000e+00	0.00000e+00	0.00000e+00	0.00000e+00	0.00000e+00	0.00000e+00	0.00000e+00	0.00000e+00	0.00000e+00	0.00000e+00	0.00000e+00	0.00000e+00	0.00000e+00	0.00000e+00	0.00000e+00	0.00000e+00	0.00000e+00	0.00000e+00	0.00000e+00	0.00000e+00	0.00000e+00	0.00000e+00	0.00000e+00	0.00000e+00	0.00000e+00	0.00000e+00	0.00000e+00	0.00000e+00	0.00000e+00	0.00000e+00	0.00000e+00	0.00000e+00	0.00000e+00	0.00000e+00	0.00000e+00	0.00000e+00	0.00000e+00	0.00000e+00	0.00000e+00	0.00000e+00	0.00000e+00	0.00000e+00	0.00000e+00	0.00000e+00	0.00000e+00	0.00000e+00	0.00000e+00	0.00000e+00	0.00000e+00	0.00000e+00	0.00000e+00	0.00000e+00	0.00000e+00	0.00000e+00	0.00000e+00	0.00000e+00	0.00000e+00	0.00000e+00	0.00000e+00	0.00000e+00
15.79	0.00000e+00	0.00000e+00	0.00000e+00	0.00000e+00	0.00000e+00	0.00000e+00	0.00000e+00	0.00000e+00	0.00000e+00	0.00000e+00	0.00000e+00	0.00000e+00	0.00000e+00	0.00000e+00	0.00000e+00	0.00000e+00	0.00000e+00	0.00000e+00	0.00000e+00	0.00000e+00	0.00000e+00	0.00000e+00	0.00000e+00	0.00000e+00	0.00000e+00	0.00000e+00	0.00000e+00	0.00000e+00	0.00000e+00	0.00000e+00	0.00000e+00	0.00000e+00	0.00000e+00	0.00000e+00	0.00000e+00	0.00000e+00	0.00000e+00	0.00000e+00	0.00000e+00	0.00000e+00	0.00000e+00	0.00000e+00	0.00000e+00	0.00000e+00	0.00000e+00	0.00000e+00	0.00000e+00	0.00000e+00	0.00000e+00	0.00000e+00	0.00000e+00	0.00000e+00	0.00000e+00	0.00000e+00	0.00000e+00	0.00000e+00	0.00000e+00	0.00000e+00	0.00000e+00	0.00000e+00	0.00000e+00	0.00000e+00	0.00000e+00	0.00000e+00	0.00000e+00	0.00000e+00	0.00000e+00	0.00000e+00	0.00000e+00	0.00000e+00	0.00000e+00	0.00000e+00	0.00000e+00	0.00000e+00	0.00000e+00	0.00000e+00	0.00000e+00	0.00000e+00	0.00000e+00	0.00000e+00	0.00000e+00	0.00000e+00	0.00000e+00	0.00000e+00	0.00000e+00	0.00000e+00	0.00000e+00	0.00000e+00	0.00000e+00	0.00000e+00	0.00000e+00	0.00000e+00	0.00000e+00	0.00000e+00	0.00000e+00	0.00000e+00	0.00000e+00	0.00000e+00	0.00000e+00	0.00000e+00	0.00000e+00	0.00000e+00	0.00000e+00	0.00000e+00	0.00000e+00	0.00000e+00	0.00000e+00	0.00000e+00	0.00000e+00	0.00000e+00	0.00000e+00	0.00000e+00	0.00000e+00	0.00000e+00	0.00000e+00	0.00000e+00	0.00000e+00	0.00000e+00	0.00000e+00	0.00000e+00	0.00000e+00	0.00000e+00	0.00000e+00	0.00000e+00	0.00000e+00	0.00000e+00	0.00000e+00	0.00000e+00	0.00000e+00	0.00000e+00	0.00000e+00	0.00000e+00	0.00000e+00	0.00000e+00	0.00000e+00	0.00000e+00	0.00000e+00	0.00000e+00	0.00000e+00	0.00000e+00	0.00000e+00	0.00000e+00	0.00000e+00	0.00000e+00	0.00000e+00	0.00000e+00	0.00000e+00	0.00000e+00	0.00000e+00	0.00000e+00	0.00000e+00	0.00000e+00	0.00000e+00	0.00000e+00	0.00000e+00	0.00000e+00	0.00000e+00	0.00000e+00	0.00000e+00	0.00000e+00	0.00000e+00	0.00000e+00	0.00000e+00	0.00000e+00	0.00000e+00	0.00000e+00	0.00000e+00	0.00000e+00	0.00000e+00	0.00000e+00	0.00000e+00	0.00000e+00	0.00000e+00	0.00000e+00	0.00000e+00	0.00000e+00	0.00000e+00	0.00000e+00	0.00000e+00	0.00000e+00	0.00000e+00	0.00000e+00	0.00000e+00	0.00000e+00	0.00000e+00	0.00000e+00
15.83	0.00000e+00	0.00000e+00	0.00000e+00	0.00000e+00	0.00000e+00	0.00000e+00	0.00000e+00	0.00000e+00	0.00000e+00	0.00000e+00	0.00000e+00	0.00000e+00	0.00000e+00	0.00000e+00	0.00000e+00	0.00000e+00	0.00000e+00	0.00000e+00	0.00000e+00	0.00000e+00	0.00000e+00	0.00000e+00	0.00000e+00	0.00000e+00	0.00000e+00	0.00000e+00	0.00000e+00	0.00000e+00	0.00000e+00	0.00000e+00	0.00000e+00	0.00000e+00	0.00000e+00	0.00000e+00	0.00000e+00	0.00000e+00	0.00000e+00	0.00000e+00	0.00000e+00	0.00000e+00	0.00000e+00	0.00000e+00	0.00000e+00	0.00000e+00	0.00000e+00	0.00000e+00	0.00000e+00	0.00000e+00	0.00000e+00	0.00000e+00	0.00000e+00	0.00000e+00	0.00000e+00	0.00000e+00	0.00000e+00	0.00000e+00	0.00000e+00	0.00000e+00	0.00000e+00	0.00000e+00	0.00000e+00	0.00000e+00	0.00000e+00	0.00000e+00	0.00000e+00	0.00000e+00	0.00000e+00	0.00000e+00	0.00000e+00	0.00000e+00	0.00000e+00	0.00000e+00	0.00000e+00	0.00000e+00	0.00000e+00	0.00000e+00	0.00000e+00	0.00000e+00	0.00000e+00	0.00000e+00	0.00000e+00	0.00000e+00	0.00000e+00	0.00000e+00	0.00000e+00	0.00000e+00	0.00000e+00	0.00000e+00	0.00000e+00	0.00000e+00	0.00000e+00	0.00000e+00	0.00000e+00	0.00000e+00	0.00000e+00	0.00000e+00	0.00000e+00	0.00000e+00	0.00000e+00	0.00000e+00	0.00000e+00	0.00000e+00	0.00000e+00	0.00000e+00	0.00000e+00	0.00000e+00	0.00000e+00	0.00000e+00	0.00000e+00	0.00000e+00	0.00000e+00	0.00000e+00	0.00000e+00	0.00000e+00	0.00000e+00	0.00000e+00	0.00000e+00	0.00000e+00	0.00000e+00	0.00000e+00	0.00000e+00	0.00000e+00	0.00000e+00	0.00000e+00	0.00000e+00	0.00000e+00	0.00000e+00	0.00000e+00	0.00000e+00	0.00000e+00	0.00000e+00	0.00000e+00	0.00000e+00	0.00000e+00	0.00000e+00	0.00000e+00	0.00000e+00	0.00000e+00	0.00000e+00	0.00000e+00	0.00000e+00	0.00000e+00	0.00000e+00	0.00000e+00	0.00000e+00	0.00000e+00	0.00000e+00	0.00000e+00	0.00000e+00	0.00000e+00	0.00000e+00	0.00000e+00	0.00000e+00	0.00000e+00	0.00000e+00	0.00000e+00	0.00000e+00	0.00000e+00	0.00000e+00	0.00000e+00	0.00000e+00	0.00000e+00	0.00000e+00	0.00000e+00	0.00000e+00	0.00000e+00	0.00000e+00	0.00000e+00	0.00000e+00	0.00000e+00	0.00000e+00	0.00000e+00	0.00000e+00	0.00000e+00	0.00000e+00	0.00000e+00	0.00000e+00	0.00000e+00	0.00000e+00	0.00000e+00	0.00000e+00	0.00000e+00	0.00000e+00	0.00000e+00	0.00000e+00	0.00000e+00
15.86	0.00000e+00	0.00000e+00	0.00000e+00	0.00000e+00	0.00000e+00	0.00000e+00	0.00000e+00	0.00000e+00	0.00000e+00	0.00000e+00	0.00000e+00	0.00000e+00	0.00000e+00	0.00000e+00	0.00000e+00	0.00000e+00	0.00000e+00	0.00000e+00	0.00000e+00	0.00000e+00	0.00000e+00	0.00000e+00	0.00000e+00	0.00000e+00	0.00000e+00	0.00000e+00	0.00000e+00	0.00000e+00	0.00000e+00	0.00000e+00	0.00000e+00	0.00000e+00	0.00000e+00	0.00000e+00	0.00000e+00	0.00000e+00	0.00000e+00	0.00000e+00	0.00000e+00	0.00000e+00	0.00000e+00	0.00000e+00	0.00000e+00	0.00000e+00	0.00000e+00	0.00000e+00	0.00000e+00	0.00000e+00	0.00000e+00	0.00000e+00	0.00000e+00	0.00000e+00	0.00000e+00	0.00000e+00	0.00000e+00	0.00000e+00	0.00000e+00	0.00000e+00	0.00000e+00	0.00000e+00	0.00000e+00	0.00000e+00	0.00000e+00	0.00000e+00	0.00000e+00	0.00000e+00	0.00000e+00	0.00000e+00	0.00000e+00	0.00000e+00	0.00000e+00	0.00000e+00	0.00000e+00	0.00000e+00	0.00000e+00	0.00000e+00	0.00000e+00	0.00000e+00	0.00000e+00	0.00000e+00	0.00000e+00	0.00000e+00	0.00000e+00	0.00000e+00	0.00000e+00	0.00000e+00	0.00000e+00	0.00000e+00	0.00000e+00	0.00000e+00	0.00000e+00	0.00000e+00	0.00000e+00	0.00000e+00	0.00000e+00	0.00000e+00	0.00000e+00	0.00000e+00	0.00000e+00	0.00000e+00	0.00000e+00	0.00000e+00	0.00000e+00	0.00000e+00	0.00000e+00	0.00000e+00	0.00000e+00	0.00000e+00	0.00000e+00	0.00000e+00	0.00000e+00	0.00000e+00	0.00000e+00	0.00000e+00	0.00000e+00	0.00000e+00	0.00000e+00	0.00000e+00	0.00000e+00	0.00000e+00	0.00000e+00	0.00000e+00	0.00000e+00	0.00000e+00	0.00000e+00	0.00000e+00	0.00000e+00	0.00000e+00	0.00000e+00	0.00000e+00	0.00000e+00	0.00000e+00	0.00000e+00	0.00000e+00	0.00000e+00	0.00000e+00	0.00000e+00	0.00000e+00	0.00000e+00	0.00000e+00	0.00000e+00	0.00000e+00	0.00000e+00	0.00000e+00	0.00000e+00	0.00000e+00	0.00000e+00	0.00000e+00	0.00000e+00	0.00000e+00	0.00000e+00	0.00000e+00	0.00000e+00	0.00000e+00	0.00000e+00	0.00000e+00	0.00000e+00	0.00000e+00	0.00000e+00	0.00000e+00	0.00000e+00	0.00000e+00	0.00000e+00	0.00000e+00	0.00000e+00	0.00000e+00	0.00000e+00	0.00000e+00	0.00000e+00	0.00000e+00	0.00000e+00	0.00000e+00	0.00000e+00	0.00000e+00	0.00000e+00	0.00000e+00	0.00000e+00	0.00000e+00	0.00000e+00	0.00000e+00	0.00000e+00	0.00000e+00	0.00000e+00	0.00000e+00	0.00000e+00	0.00000e+00
15.89	0.00000e+00	0.00000e+00	0.00000e+00	0.00000e+00	0.00000e+00	0.00000e+00	0.00000e+00	0.00000e+00	0.00000e+00	0.00000e+00	0.00000e+00	0.00000e+00	0.00000e+00	0.00000e+00	0.00000e+00	0.00000e+00	0.00000e+00	0.00000e+00	0.00000e+00	0.00000e+00	0.00000e+00	0.00000e+00	0.00000e+00	0.00000e+00	0.00000e+00	0.00000e+00	0.00000e+00	0.00000e+00	0.00000e+00	0.00000e+00	0.00000e+00	0.00000e+00	0.00000e+00	0.00000e+00	0.00000e+00	0.00000e+00	0.00000e+00	0.00000e+00	0.00000e+00	0.00000e+00	0.00000e+00	0.00000e+00	0.00000e+00	0.00000e+00	0.00000e+00	0.00000e+00	0.00000e+00	0.00000e+00	0.00000e+00	0.00000e+00	0.00000e+00	0.00000e+00	0.00000e+00	0.00000e+00	0.00000e+00	0.00000e+00	0.00000e+00	0.00000e+00	0.00000e+00	0.00000e+00	0.00000e+00	0.00000e+00	0.00000e+00	0.00000e+00	0.00000e+00	0.00000e+00	0.00000e+00	0.00000e+00	0.00000e+00	0.00000e+00	0.00000e+00	0.00000e+00	0.00000e+00	0.00000e+00	0.00000e+00	0.00000e+00	0.00000e+00	0.00000e+00	0.00000e+00	0.00000e+00	0.00000e+00	0.00000e+00	0.00000e+00	0.00000e+00	0.00000e+00	0.00000e+00	0.00000e+00	0.00000e+00	0.00000e+00	0.00000e+00	0.00000e+00	0.00000e+00	0.00000e+00	0.00000e+00	0.00000e+00	0.00000e+00	0.00000e+00	0.00000e+00	0.00000e+00	0.00000e+00	0.00000e+00	0.00000e+00	0.00000e+00	0.00000e+00	0.00000e+00	0.00000e+00	0.00000e+00	0.00000e+00	0.00000e+00	0.00000e+00	0.00000e+00	0.00000e+00	0.00000e+00	0.00000e+00	0.00000e+00	0.00000e+00	0.00000e+00	0.00000e+00	0.00000e+00	0.00000e+00	0.00000e+00	0.00000e+00	0.00000e+00	0.00000e+00	0.00000e+00	0.00000e+00	0.00000e+00	0.00000e+00	0.00000e+00	0.00000e+00	0.00000e+00	0.00000e+00	0.00000e+00	0.00000e+00	0.00000e+00	0.00000e+00	0.00000e+00	0.00000e+00	0.00000e+00	0.00000e+00	0.00000e+00	0.00000e+00	0.00000e+00	0.00000e+00	0.00000e+00	0.00000e+00	0.00000e+00	0.00000e+00	0.00000e+00	0.00000e+00	0.00000e+00	0.00000e+00	0.00000e+00	0.00000e+00	0.00000e+00	0.00000e+00	0.00000e+00	0.00000e+00	0.00000e+00	0.00000e+00	0.00000e+00	0.00000e+00	0.00000e+00	0.00000e+00	0.00000e+00	0.00000e+00	0.00000e+00	0.00000e+00	0.00000e+00	0.00000e+00	0.00000e+00	0.00000e+00	0.00000e+00	0.00000e+00	0.00000e+00	0.00000e+00	0.00000e+00	0.00000e+00	0.00000e+00	0.00000e+00	0.00000e+00	0.00000e+00	0.00000e+00	0.00000e+00	0.00000e+00	0.00000e+00
15.93	0.00000e+00	0.00000e+00	0.00000e+00	0.00000e+00	0.00000e+00	0.00000e+00	0.00000e+00	0.00000e+00	0.00000e+00	0.00000e+00	0.00000e+00	0.00000e+00	0.00000e+00	0.00000e+00	0.00000e+00	0.00000e+00	0.00000e+00	0.00000e+00	0.00000e+00	0.00000e+00	0.00000e+00	0.00000e+00	0.00000e+00	0.00000e+00	0.00000e+00	0.00000e+00	0.00000e+00	0.00000e+00	0.00000e+00	0.00000e+00	0.00000e+00	0.00000e+00	0.00000e+00	0.00000e+00	0.00000e+00	0.00000e+00	0.00000e+00	0.00000e+00	0.00000e+00	0.00000e+00	0.00000e+00	0.00000e+00	0.00000e+00	0.00000e+00	0.00000e+00	0.00000e+00	0.00000e+00	0.00000e+00	0.00000e+00	0.00000e+00	0.00000e+00	0.00000e+00	0.00000e+00	0.00000e+00	0.00000e+00	0.00000e+00	0.00000e+00	0.00000e+00	0.00000e+00	0.00000e+00	0.00000e+00	0.00000e+00	0.00000e+00	0.00000e+00	0.00000e+00	0.00000e+00	0.00000e+00	0.00000e+00	0.00000e+00	0.00000e+00	0.00000e+00	0.00000e+00	0.00000e+00	0.00000e+00	0.00000e+00	0.00000e+00	0.00000e+00	0.00000e+00	0.00000e+00	0.00000e+00	0.00000e+00	0.00000e+00	0.00000e+00	0.00000e+00	0.00000e+00	0.00000e+00	0.00000e+00	0.00000e+00	0.00000e+00	0.00000e+00	0.00000e+00	0.00000e+00	0.00000e+00	0.00000e+00	0.00000e+00	0.00000e+00	0.00000e+00	0.00000e+00	0.00000e+00	0.00000e+00	0.00000e+00	0.00000e+00	0.00000e+00	0.00000e+00	0.00000e+00	0.00000e+00	0.00000e+00	0.00000e+00	0.00000e+00	0.00000e+00	0.00000e+00	0.00000e+00	0.00000e+00	0.00000e+00	0.00000e+00	0.00000e+00	0.00000e+00	0.00000e+00	0.00000e+00	0.00000e+00	0.00000e+00	0.00000e+00	0.00000e+00	0.00000e+00	0.00000e+00	0.00000e+00	0.00000e+00	0.00000e+00	0.00000e+00	0.00000e+00	0.00000e+00	0.00000e+00	0.00000e+00	0.00000e+00	0.00000e+00	0.00000e+00	0.00000e+00	0.00000e+00	0.00000e+00	0.00000e+00	0.00000e+00	0.00000e+00	0.00000e+00	0.00000e+00	0.00000e+00	0.00000e+00	0.00000e+00	0.00000e+00	0.00000e+00	0.00000e+00	0.00000e+00	0.00000e+00	0.00000e+00	0.00000e+00	0.00000e+00	0.00000e+00	0.00000e+00	0.00000e+00	0.00000e+00	0.00000e+00	0.00000e+00	0.00000e+00	0.00000e+00	0.00000e+00	0.00000e+00	0.00000e+00	0.00000e+00	0.00000e+00	0.00000e+00	0.00000e+00	0.00000e+00	0.00000e+00	0.00000e+00	0.00000e+00	0.00000e+00	0.00000e+00	0.00000e+00	0.00000e+00	0.00000e+00	0.00000e+00	0.00000e+00	0.00000e+00	0.00000e+00	0.00000e+00	0.00000e+00	0.00000e+00
15.96	0.00000e+00	0.00000e+00	0.00000e+00	0.00000e+00	0.00000e+00	0.00000e+00	0.00000e+00	0.00000e+00	0.00000e+00	0.00000e+00	0.00000e+00	0.00000e+00	0.00000e+00	0.00000e+00	0.00000e+00	0.00000e+00	0.00000e+00	0.00000e+00	0.00000e+00	0.00000e+00	0.00000e+00	0.00000e+00	0.00000e+00	0.00000e+00	0.00000e+00	0.00000e+00	0.00000e+00	0.00000e+00	0.00000e+00	0.00000e+00	0.00000e+00	0.00000e+00	0.00000e+00	0.00000e+00	0.00000e+00	0.00000e+00	0.00000e+00	0.00000e+00	0.00000e+00	0.00000e+00	0.00000e+00	0.00000e+00	0.00000e+00	0.00000e+00	0.00000e+00	0.00000e+00	0.00000e+00	0.00000e+00	0.00000e+00	0.00000e+00	0.00000e+00	0.00000e+00	0.00000e+00	0.00000e+00	0.00000e+00	0.00000e+00	0.00000e+00	0.00000e+00	0.00000e+00	0.00000e+00	0.00000e+00	0.00000e+00	0.00000e+00	0.00000e+00	0.00000e+00	0.00000e+00	0.00000e+00	0.00000e+00	0.00000e+00	0.00000e+00	0.00000e+00	0.00000e+00	0.00000e+00	0.00000e+00	0.00000e+00	0.00000e+00	0.00000e+00	0.00000e+00	0.00000e+00	0.00000e+00	0.00000e+00	0.00000e+00	0.00000e+00	0.00000e+00	0.00000e+00	0.00000e+00	0.00000e+00	0.00000e+00	0.00000e+00	0.00000e+00	0.00000e+00	0.00000e+00	0.00000e+00	0.00000e+00	0.00000e+00	0.00000e+00	0.00000e+00	0.00000e+00	0.00000e+00	0.00000e+00	0.00000e+00	0.00000e+00	0.00000e+00	0.00000e+00	0.00000e+00	0.00000e+00	0.00000e+00	0.00000e+00	0.00000e+00	0.00000e+00	0.00000e+00	0.00000e+00	0.00000e+00	0.00000e+00	0.00000e+00	0.00000e+00	0.00000e+00	0.00000e+00	0.00000e+00	0.00000e+00	0.00000e+00	0.00000e+00	0.00000e+00	0.00000e+00	0.00000e+00	0.00000e+00	0.00000e+00	0.00000e+00	0.00000e+00	0.00000e+00	0.00000e+00	0.00000e+00	0.00000e+00	0.00000e+00	0.00000e+00	0.00000e+00	0.00000e+00	0.00000e+00	0.00000e+00	0.00000e+00	0.00000e+00	0.00000e+00	0.00000e+00	0.00000e+00	0.00000e+00	0.00000e+00	0.00000e+00	0.00000e+00	0.00000e+00	0.00000e+00	0.00000e+00	0.00000e+00	0.00000e+00	0.00000e+00	0.00000e+00	0.00000e+00	0.00000e+00	0.00000e+00	0.00000e+00	0.00000e+00	0.00000e+00	0.00000e+00	0.00000e+00	0.00000e+00	0.00000e+00	0.00000e+00	0.00000e+00	0.00000e+00	0.00000e+00	0.00000e+00	0.00000e+00	0.00000e+00	0.00000e+00	0.00000e+00	0.00000e+00	0.00000e+00	0.00000e+00	0.00000e+00	0.00000e+00	0.00000e+00	0.00000e+00	0.00000e+00	0.00000e+00	0.00000e+00	0.00000e+00	0.00000e+00
16.00	0.00000e+00	0.00000e+00	0.00000e+00	0.00000e+00	0.00000e+00	0.00000e+00	0.00000e+00	0.00000e+00	0.00000e+00	0.00000e+00	0.00000e+00	0.00000e+00	0.00000e+00	0.00000e+00	0.00000e+00	0.00000e+00	0.00000e+00	0.00000e+00	0.00000e+00	0.00000e+00	0.00000e+00	0.00000e+00	0.00000e+00	0.00000e+00	0.00000e+00	0.00000e+00	0.00000e+00	0.00000e+00	0.00000e+00	0.00000e+00	0.00000e+00	0.00000e+00	0.00000e+00	0.00000e+00	0.00000e+00	0.00000e+00	0.00000e+00	0.00000e+00	0.00000e+00	0.00000e+00	0.00000e+00	0.00000e+00	0.00000e+00	0.00000e+00	0.00000e+00	0.00000e+00	0.00000e+00	0.00000e+00	0.00000e+00	0.00000e+00	0.00000e+00	0.00000e+00	0.00000e+00	0.00000e+00	0.00000e+00	0.00000e+00	0.00000e+00	0.00000e+00	0.00000e+00	0.00000e+00	0.00000e+00	0.00000e+00	0.00000e+00	0.00000e+00	0.00000e+00	0.00000e+00	0.00000e+00	0.00000e+00	0.00000e+00	0.00000e+00	0.00000e+00	0.00000e+00	0.00000e+00	0.00000e+00	0.00000e+00	0.00000e+00	0.00000e+00	0.00000e+00	0.00000e+00	0.00000e+00	0.00000e+00	0.00000e+00	0.00000e+00	0.00000e+00	0.00000e+00	0.00000e+00	0.00000e+00	0.00000e+00	0.00000e+00	0.00000e+00	0.00000e+00	0.00000e+00	0.00000e+00	0.00000e+00	0.00000e+00	0.00000e+00	0.00000e+00	0.00000e+00	0.00000e+00	0.00000e+00	0.00000e+00	0.00000e+00	0.00000e+00	0.00000e+00	0.00000e+00	0.00000e+00	0.00000e+00	0.00000e+00	0.00000e+00	0.00000e+00	0.00000e+00	0.00000e+00	0.00000e+00	0.00000e+00	0.00000e+00	0.00000e+00	0.00000e+00	0.00000e+00	0.00000e+00	0.00000e+00	0.00000e+00	0.00000e+00	0.00000e+00	0.00000e+00	0.00000e+00	0.00000e+00	0.00000e+00	0.00000e+00	0.00000e+00	0.00000e+00	0.00000e+00	0.00000e+00	0.00000e+00	0.00000e+00	0.00000e+00	0.00000e+00	0.00000e+00	0.00000e+00	0.00000e+00	0.00000e+00	0.00000e+00	0.00000e+00	0.00000e+00	0.00000e+00	0.00000e+00	0.00000e+00	0.00000e+00	0.00000e+00	0.00000e+00	0.00000e+00	0.00000e+00	0.00000e+00	0.00000e+00	0.00000e+00	0.00000e+00	0.00000e+00	0.00000e+00	0.00000e+00	0.00000e+00	0.00000e+00	0.00000e+00	0.00000e+00	0.00000e+00	0.00000e+00	0.00000e+00	0.00000e+00	0.00000e+00	0.00000e+00	0.00000e+00	0.00000e+00	0.00000e+00	0.00000e+00	0.00000e+00	0.00000e+00	0.00000e+00	0.00000e+00	0.00000e+00	0.00000e+00	0.00000e+00	0.00000e+00	0.00000e+00	0.00000e+00	0.00000e+00	0.00000e+00	0.00000e+00	0.00000e+00
16.03	0.00000e+00	0.00000e+00	0.00000e+00	0.00000e+00	0.00000e+00	0.00000e+00	0.00000e+00	0.00000e+00	0.00000e+00	0.00000e+00	0.00000e+00	0.00000e+00	0.00000e+00	0.00000e+00	0.00000e+00	0.00000e+00	0.00000e+00	0.00000e+00	0.00000e+00	0.00000e+00	0.00000e+00	0.00000e+00	0.00000e+00	0.00000e+00	0.00000e+00	0.00000e+00	0.00000e+00	0.00000e+00	0.00000e+00	0.00000e+00	0.00000e+00	0.00000e+00	0.00000e+00	0.00000e+00	0.00000e+00	0.00000e+00	0.00000e+00	0.00000e+00	0.00000e+00	0.00000e+00	0.00000e+00	0.00000e+00	0.00000e+00	0.00000e+00	0.00000e+00	0.00000e+00	0.00000e+00	0.00000e+00	0.00000e+00	0.00000e+00	0.00000e+00	0.00000e+00	0.00000e+00	0.00000e+00	0.00000e+00	0.00000e+00	0.00000e+00	0.00000e+00	0.00000e+00	0.00000e+00	0.00000e+00	0.00000e+00	0.00000e+00	0.00000e+00	0.00000e+00	0.00000e+00	0.00000e+00	0.00000e+00	0.00000e+00	0.00000e+00	0.00000e+00	0.00000e+00	0.00000e+00	0.00000e+00	0.00000e+00	0.00000e+00	0.00000e+00	0.00000e+00	0.00000e+00	0.00000e+00	0.00000e+00	0.00000e+00	0.00000e+00	0.00000e+00	0.00000e+00	0.00000e+00	0.00000e+00	0.00000e+00	0.00000e+00	0.00000e+00	0.00000e+00	0.00000e+00	0.00000e+00	0.00000e+00	0.00000e+00	0.00000e+00	0.00000e+00	0.00000e+00	0.00000e+00	0.00000e+00	0.00000e+00	0.00000e+00	0.00000e+00	0.00000e+00	0.00000e+00	0.00000e+00	0.00000e+00	0.00000e+00	0.00000e+00	0.00000e+00	0.00000e+00	0.00000e+00	0.00000e+00	0.00000e+00	0.00000e+00	0.00000e+00	0.00000e+00	0.00000e+00	0.00000e+00	0.00000e+00	0.00000e+00	0.00000e+00	0.00000e+00	0.00000e+00	0.00000e+00	0.00000e+00	0.00000e+00	0.00000e+00	0.00000e+00	0.00000e+00	0.00000e+00	0.00000e+00	0.00000e+00	0.00000e+00	0.00000e+00	0.00000e+00	0.00000e+00	0.00000e+00	0.00000e+00	0.00000e+00	0.00000e+00	0.00000e+00	0.00000e+00	0.00000e+00	0.00000e+00	0.00000e+00	0.00000e+00	0.00000e+00	0.00000e+00	0.00000e+00	0.00000e+00	0.00000e+00	0.00000e+00	0.00000e+00	0.00000e+00	0.00000e+00	0.00000e+00	0.00000e+00	0.00000e+00	0.00000e+00	0.00000e+00	0.00000e+00	0.00000e+00	0.00000e+00	0.00000e+00	0.00000e+00	0.00000e+00	0.00000e+00	0.00000e+00	0.00000e+00	0.00000e+00	0.00000e+00	0.00000e+00	0.00000e+00	0.00000e+00	0.00000e+00	0.00000e+00	0.00000e+00	0.00000e+00	0.00000e+00	0.00000e+00	0.00000e+00	0.00000e+00	0.00000e+00	0.00000e+00	0.00000e+00
16.06	0.00000e+00	0.00000e+00	0.00000e+00	0.00000e+00	0.00000e+00	0.00000e+00	0.00000e+00	0.00000e+00	0.00000e+00	0.00000e+00	0.00000e+00	0.00000e+00	0.00000e+00	0.00000e+00	0.00000e+00	0.00000e+00	0.00000e+00	0.00000e+00	0.00000e+00	0.00000e+00	0.00000e+00	0.00000e+00	0.00000e+00	0.00000e+00	0.00000e+00	0.00000e+00	0.00000e+00	0.00000e+00	0.00000e+00	0.00000e+00	0.00000e+00	0.00000e+00	0.00000e+00	0.00000e+00	0.00000e+00	0.00000e+00	0.00000e+00	0.00000e+00	0.00000e+00	0.00000e+00	0.00000e+00	0.00000e+00	0.00000e+00	0.00000e+00	0.00000e+00	0.00000e+00	0.00000e+00	0.00000e+00	0.00000e+00	0.00000e+00	0.00000e+00	0.00000e+00	0.00000e+00	0.00000e+00	0.00000e+00	0.00000e+00	0.00000e+00	0.00000e+00	0.00000e+00	0.00000e+00	0.00000e+00	0.00000e+00	0.00000e+00	0.00000e+00	0.00000e+00	0.00000e+00	0.00000e+00	0.00000e+00	0.00000e+00	0.00000e+00	0.00000e+00	0.00000e+00	0.00000e+00	0.00000e+00	0.00000e+00	0.00000e+00	0.00000e+00	0.00000e+00	0.00000e+00	0.00000e+00	0.00000e+00	0.00000e+00	0.00000e+00	0.00000e+00	0.00000e+00	0.00000e+00	0.00000e+00	0.00000e+00	0.00000e+00	0.00000e+00	0.00000e+00	0.00000e+00	0.00000e+00	0.00000e+00	0.00000e+00	0.00000e+00	0.00000e+00	0.00000e+00	0.00000e+00	0.00000e+00	0.00000e+00	0.00000e+00	0.00000e+00	0.00000e+00	0.00000e+00	0.00000e+00	0.00000e+00	0.00000e+00	0.00000e+00	0.00000e+00	0.00000e+00	0.00000e+00	0.00000e+00	0.00000e+00	0.00000e+00	0.00000e+00	0.00000e+00	0.00000e+00	0.00000e+00	0.00000e+00	0.00000e+00	0.00000e+00	0.00000e+00	0.00000e+00	0.00000e+00	0.00000e+00	0.00000e+00	0.00000e+00	0.00000e+00	0.00000e+00	0.00000e+00	0.00000e+00	0.00000e+00	0.00000e+00	0.00000e+00	0.00000e+00	0.00000e+00	0.00000e+00	0.00000e+00	0.00000e+00	0.00000e+00	0.00000e+00	0.00000e+00	0.00000e+00	0.00000e+00	0.00000e+00	0.00000e+00	0.00000e+00	0.00000e+00	0.00000e+00	0.00000e+00	0.00000e+00	0.00000e+00	0.00000e+00	0.00000e+00	0.00000e+00	0.00000e+00	0.00000e+00	0.00000e+00	0.00000e+00	0.00000e+00	0.00000e+00	0.00000e+00	0.00000e+00	0.00000e+00	0.00000e+00	0.00000e+00	0.00000e+00	0.00000e+00	0.00000e+00	0.00000e+00	0.00000e+00	0.00000e+00	0.00000e+00	0.00000e+00	0.00000e+00	0.00000e+00	0.00000e+00	0.00000e+00	0.00000e+00	0.00000e+00	0.00000e+00	0.00000e+00	0.00000e+00	0.00000e+00	0.00000e+00
16.10	0.00000e+00	0.00000e+00	0.00000e+00	0.00000e+00	0.00000e+00	0.00000e+00	0.00000e+00	0.00000e+00	0.00000e+00	0.00000e+00	0.00000e+00	0.00000e+00	0.00000e+00	0.00000e+00	0.00000e+00	0.00000e+00	0.00000e+00	0.00000e+00	0.00000e+00	0.00000e+00	0.00000e+00	0.00000e+00	0.00000e+00	0.00000e+00	0.00000e+00	0.00000e+00	0.00000e+00	0.00000e+00	0.00000e+00	0.00000e+00	0.00000e+00	0.00000e+00	0.00000e+00	0.00000e+00	0.00000e+00	0.00000e+00	0.00000e+00	0.00000e+00	0.00000e+00	0.00000e+00	0.00000e+00	0.00000e+00	0.00000e+00	0.00000e+00	0.00000e+00	0.00000e+00	0.00000e+00	0.00000e+00	0.00000e+00	0.00000e+00	0.00000e+00	0.00000e+00	0.00000e+00	0.00000e+00	0.00000e+00	0.00000e+00	0.00000e+00	0.00000e+00	0.00000e+00	0.00000e+00	0.00000e+00	0.00000e+00	0.00000e+00	0.00000e+00	0.00000e+00	0.00000e+00	0.00000e+00	0.00000e+00	0.00000e+00	0.00000e+00	0.00000e+00	0.00000e+00	0.00000e+00	0.00000e+00	0.00000e+00	0.00000e+00	0.00000e+00	0.00000e+00	0.00000e+00	0.00000e+00	0.00000e+00	0.00000e+00	0.00000e+00	0.00000e+00	0.00000e+00	0.00000e+00	0.00000e+00	0.00000e+00	0.00000e+00	0.00000e+00	0.00000e+00	0.00000e+00	0.00000e+00	0.00000e+00	0.00000e+00	0.00000e+00	0.00000e+00	0.00000e+00	0.00000e+00	0.00000e+00	0.00000e+00	0.00000e+00	0.00000e+00	0.00000e+00	0.00000e+00	0.00000e+00	0.00000e+00	0.00000e+00	0.00000e+00	0.00000e+00	0.00000e+00	0.00000e+00	0.00000e+00	0.00000e+00	0.00000e+00	0.00000e+00	0.00000e+00	0.00000e+00	0.00000e+00	0.00000e+00	0.00000e+00	0.00000e+00	0.00000e+00	0.00000e+00	0.00000e+00	0.00000e+00	0.00000e+00	0.00000e+00	0.00000e+00	0.00000e+00	0.00000e+00	0.00000e+00	0.00000e+00	0.00000e+00	0.00000e+00	0.00000e+00	0.00000e+00	0.00000e+00	0.00000e+00	0.00000e+00	0.00000e+00	0.00000e+00	0.00000e+00	0.00000e+00	0.00000e+00	0.00000e+00	0.00000e+00	0.00000e+00	0.00000e+00	0.00000e+00	0.00000e+00	0.00000e+00	0.00000e+00	0.00000e+00	0.00000e+00	0.00000e+00	0.00000e+00	0.00000e+00	0.00000e+00	0.00000e+00	0.00000e+00	0.00000e+00	0.00000e+00	0.00000e+00	0.00000e+00	0.00000e+00	0.00000e+00	0.00000e+00	0.00000e+00	0.00000e+00	0.00000e+00	0.00000e+00	0.00000e+00	0.00000e+00	0.00000e+00	0.00000e+00	0.00000e+00	0.00000e+00	0.00000e+00	0.00000e+00	0.00000e+00	0.00000e+00	0.00000e+00	0.00000e+00	0.00000e+00	0.00000e+00
16.13	0.00000e+00	0.00000e+00	0.00000e+00	0.00000e+00	0.00000e+00	0.00000e+00	0.00000e+00	0.00000e+00	0.00000e+00	0.00000e+00	0.00000e+00	0.00000e+00	0.00000e+00	0.00000e+00	0.00000e+00	0.00000e+00	0.00000e+00	0.00000e+00	0.00000e+00	0.00000e+00	0.00000e+00	0.00000e+00	0.00000e+00	0.00000e+00	0.00000e+00	0.00000e+00	0.00000e+00	0.00000e+00	0.00000e+00	0.00000e+00	0.00000e+00	0.00000e+00	0.00000e+00	0.00000e+00	0.00000e+00	0.00000e+00	0.00000e+00	0.00000e+00	0.00000e+00	0.00000e+00	0.00000e+00	0.00000e+00	0.00000e+00	0.00000e+00	0.00000e+00	0.00000e+00	0.00000e+00	0.00000e+00	0.00000e+00	0.00000e+00	0.00000e+00	0.00000e+00	0.00000e+00	0.00000e+00	0.00000e+00	0.00000e+00	0.00000e+00	0.00000e+00	0.00000e+00	0.00000e+00	0.00000e+00	0.00000e+00	0.00000e+00	0.00000e+00	0.00000e+00	0.00000e+00	0.00000e+00	0.00000e+00	0.00000e+00	0.00000e+00	0.00000e+00	0.00000e+00	0.00000e+00	0.00000e+00	0.00000e+00	0.00000e+00	0.00000e+00	0.00000e+00	0.00000e+00	0.00000e+00	0.00000e+00	0.00000e+00	0.00000e+00	0.00000e+00	0.00000e+00	0.00000e+00	0.00000e+00	0.00000e+00	0.00000e+00	0.00000e+00	0.00000e+00	0.00000e+00	0.00000e+00	0.00000e+00	0.00000e+00	0.00000e+00	0.00000e+00	0.00000e+00	0.00000e+00	0.00000e+00	0.00000e+00	0.00000e+00	0.00000e+00	0.00000e+00	0.00000e+00	0.00000e+00	0.00000e+00	0.00000e+00	0.00000e+00	0.00000e+00	0.00000e+00	0.00000e+00	0.00000e+00	0.00000e+00	0.00000e+00	0.00000e+00	0.00000e+00	0.00000e+00	0.00000e+00	0.00000e+00	0.00000e+00	0.00000e+00	0.00000e+00	0.00000e+00	0.00000e+00	0.00000e+00	0.00000e+00	0.00000e+00	0.00000e+00	0.00000e+00	0.00000e+00	0.00000e+00	0.00000e+00	0.00000e+00	0.00000e+00	0.00000e+00	0.00000e+00	0.00000e+00	0.00000e+00	0.00000e+00	0.00000e+00	0.00000e+00	0.00000e+00	0.00000e+00	0.00000e+00	0.00000e+00	0.00000e+00	0.00000e+00	0.00000e+00	0.00000e+00	0.00000e+00	0.00000e+00	0.00000e+00	0.00000e+00	0.00000e+00	0.00000e+00	0.00000e+00	0.00000e+00	0.00000e+00	0.00000e+00	0.00000e+00	0.00000e+00	0.00000e+00	0.00000e+00	0.00000e+00	0.00000e+00	0.00000e+00	0.00000e+00	0.00000e+00	0.00000e+00	0.00000e+00	0.00000e+00	0.00000e+00	0.00000e+00	0.00000e+00	0.00000e+00	0.00000e+00	0.00000e+00	0.00000e+00	0.00000e+00	0.00000e+00	0.00000e+00	0.00000e+00	0.00000e+00	0.00000e+00	0.00000e+00
16.17	0.00000e+00	0.00000e+00	0.00000e+00	0.00000e+00	0.00000e+00	0.00000e+00	0.00000e+00	0.00000e+00	0.00000e+00	0.00000e+00	0.00000e+00	0.00000e+00	0.00000e+00	0.00000e+00	0.00000e+00	0.00000e+00	0.00000e+00	0.00000e+00	0.00000e+00	0.00000e+00	0.00000e+00	0.00000e+00	0.00000e+00	0.00000e+00	0.00000e+00	0.00000e+00	0.00000e+00	0.00000e+00	0.00000e+00	0.00000e+00	0.00000e+00	0.00000e+00	0.00000e+00	0.00000e+00	0.00000e+00	0.00000e+00	0.00000e+00	0.00000e+00	0.00000e+00	0.00000e+00	0.00000e+00	0.00000e+00	0.00000e+00	0.00000e+00	0.00000e+00	0.00000e+00	0.00000e+00	0.00000e+00	0.00000e+00	0.00000e+00	0.00000e+00	0.00000e+00	0.00000e+00	0.00000e+00	0.00000e+00	0.00000e+00	0.00000e+00	0.00000e+00	0.00000e+00	0.00000e+00	0.00000e+00	0.00000e+00	0.00000e+00	0.00000e+00	0.00000e+00	0.00000e+00	0.00000e+00	0.00000e+00	0.00000e+00	0.00000e+00	0.00000e+00	0.00000e+00	0.00000e+00	0.00000e+00	0.00000e+00	0.00000e+00	0.00000e+00	0.00000e+00	0.00000e+00	0.00000e+00	0.00000e+00	0.00000e+00	0.00000e+00	0.00000e+00	0.00000e+00	0.00000e+00	0.00000e+00	0.00000e+00	0.00000e+00	0.00000e+00	0.00000e+00	0.00000e+00	0.00000e+00	0.00000e+00	0.00000e+00	0.00000e+00	0.00000e+00	0.00000e+00	0.00000e+00	0.00000e+00	0.00000e+00	0.00000e+00	0.00000e+00	0.00000e+00	0.00000e+00	0.00000e+00	0.00000e+00	0.00000e+00	0.00000e+00	0.00000e+00	0.00000e+00	0.00000e+00	0.00000e+00	0.00000e+00	0.00000e+00	0.00000e+00	0.00000e+00	0.00000e+00	0.00000e+00	0.00000e+00	0.00000e+00	0.00000e+00	0.00000e+00	0.00000e+00	0.00000e+00	0.00000e+00	0.00000e+00	0.00000e+00	0.00000e+00	0.00000e+00	0.00000e+00	0.00000e+00	0.00000e+00	0.00000e+00	0.00000e+00	0.00000e+00	0.00000e+00	0.00000e+00	0.00000e+00	0.00000e+00	0.00000e+00	0.00000e+00	0.00000e+00	0.00000e+00	0.00000e+00	0.00000e+00	0.00000e+00	0.00000e+00	0.00000e+00	0.00000e+00	0.00000e+00	0.00000e+00	0.00000e+00	0.00000e+00	0.00000e+00	0.00000e+00	0.00000e+00	0.00000e+00	0.00000e+00	0.00000e+00	0.00000e+00	0.00000e+00	0.00000e+00	0.00000e+00	0.00000e+00	0.00000e+00	0.00000e+00	0.00000e+00	0.00000e+00	0.00000e+00	0.00000e+00	0.00000e+00	0.00000e+00	0.00000e+00	0.00000e+00	0.00000e+00	0.00000e+00	0.00000e+00	0.00000e+00	0.00000e+00	0.00000e+00	0.00000e+00	0.00000e+00	0.00000e+00	0.00000e+00	0.00000e+00
16.20	0.00000e+00	0.00000e+00	0.00000e+00	0.00000e+00	0.00000e+00	0.00000e+00	0.00000e+00	0.00000e+00	0.00000e+00	0.00000e+00	0.00000e+00	0.00000e+00	0.00000e+00	0.00000e+00	0.00000e+00	0.00000e+00	0.00000e+00	0.00000e+00	0.00000e+00	0.00000e+00	0.00000e+00	0.00000e+00	0.00000e+00	0.00000e+00	0.00000e+00	0.00000e+00	0.00000e+00	0.00000e+00	0.00000e+00	0.00000e+00	0.00000e+00	0.00000e+00	0.00000e+00	0.00000e+00	0.00000e+00	0.00000e+00	0.00000e+00	0.00000e+00	0.00000e+00	0.00000e+00	0.00000e+00	0.00000e+00	0.00000e+00	0.00000e+00	0.00000e+00	0.00000e+00	0.00000e+00	0.00000e+00	0.00000e+00	0.00000e+00	0.00000e+00	0.00000e+00	0.00000e+00	0.00000e+00	0.00000e+00	0.00000e+00	0.00000e+00	0.00000e+00	0.00000e+00	0.00000e+00	0.00000e+00	0.00000e+00	0.00000e+00	0.00000e+00	0.00000e+00	0.00000e+00	0.00000e+00	0.00000e+00	0.00000e+00	0.00000e+00	0.00000e+00	0.00000e+00	0.00000e+00	0.00000e+00	0.00000e+00	0.00000e+00	0.00000e+00	0.00000e+00	0.00000e+00	0.00000e+00	0.00000e+00	0.00000e+00	0.00000e+00	0.00000e+00	0.00000e+00	0.00000e+00	0.00000e+00	0.00000e+00	0.00000e+00	0.00000e+00	0.00000e+00	0.00000e+00	0.00000e+00	0.00000e+00	0.00000e+00	0.00000e+00	0.00000e+00	0.00000e+00	0.00000e+00	0.00000e+00	0.00000e+00	0.00000e+00	0.00000e+00	0.00000e+00	0.00000e+00	0.00000e+00	0.00000e+00	0.00000e+00	0.00000e+00	0.00000e+00	0.00000e+00	0.00000e+00	0.00000e+00	0.00000e+00	0.00000e+00	0.00000e+00	0.00000e+00	0.00000e+00	0.00000e+00	0.00000e+00	0.00000e+00	0.00000e+00	0.00000e+00	0.00000e+00	0.00000e+00	0.00000e+00	0.00000e+00	0.00000e+00	0.00000e+00	0.00000e+00	0.00000e+00	0.00000e+00	0.00000e+00	0.00000e+00	0.00000e+00	0.00000e+00	0.00000e+00	0.00000e+00	0.00000e+00	0.00000e+00	0.00000e+00	0.00000e+00	0.00000e+00	0.00000e+00	0.00000e+00	0.00000e+00	0.00000e+00	0.00000e+00	0.00000e+00	0.00000e+00	0.00000e+00	0.00000e+00	0.00000e+00	0.00000e+00	0.00000e+00	0.00000e+00	0.00000e+00	0.00000e+00	0.00000e+00	0.00000e+00	0.00000e+00	0.00000e+00	0.00000e+00	0.00000e+00	0.00000e+00	0.00000e+00	0.00000e+00	0.00000e+00	0.00000e+00	0.00000e+00	0.00000e+00	0.00000e+00	0.00000e+00	0.00000e+00	0.00000e+00	0.00000e+00	0.00000e+00	0.00000e+00	0.00000e+00	0.00000e+00	0.00000e+00	0.00000e+00	0.00000e+00	0.00000e+00	0.00000e+00	0.00000e+00
16.23	0.00000e+00	0.00000e+00	0.00000e+00	0.00000e+00	0.00000e+00	0.00000e+00	0.00000e+00	0.00000e+00	0.00000e+00	0.00000e+00	0.00000e+00	0.00000e+00	0.00000e+00	0.00000e+00	0.00000e+00	0.00000e+00	0.00000e+00	0.00000e+00	0.00000e+00	0.00000e+00	0.00000e+00	0.00000e+00	0.00000e+00	0.00000e+00	0.00000e+00	0.00000e+00	0.00000e+00	0.00000e+00	0.00000e+00	0.00000e+00	0.00000e+00	0.00000e+00	0.00000e+00	0.00000e+00	0.00000e+00	0.00000e+00	0.00000e+00	0.00000e+00	0.00000e+00	0.00000e+00	0.00000e+00	0.00000e+00	0.00000e+00	0.00000e+00	0.00000e+00	0.00000e+00	0.00000e+00	0.00000e+00	0.00000e+00	0.00000e+00	0.00000e+00	0.00000e+00	0.00000e+00	0.00000e+00	0.00000e+00	0.00000e+00	0.00000e+00	0.00000e+00	0.00000e+00	0.00000e+00	0.00000e+00	0.00000e+00	0.00000e+00	0.00000e+00	0.00000e+00	0.00000e+00	0.00000e+00	0.00000e+00	0.00000e+00	0.00000e+00	0.00000e+00	0.00000e+00	0.00000e+00	0.00000e+00	0.00000e+00	0.00000e+00	0.00000e+00	0.00000e+00	0.00000e+00	0.00000e+00	0.00000e+00	0.00000e+00	0.00000e+00	0.00000e+00	0.00000e+00	0.00000e+00	0.00000e+00	0.00000e+00	0.00000e+00	0.00000e+00	0.00000e+00	0.00000e+00	0.00000e+00	0.00000e+00	0.00000e+00	0.00000e+00	0.00000e+00	0.00000e+00	0.00000e+00	0.00000e+00	0.00000e+00	0.00000e+00	0.00000e+00	0.00000e+00	0.00000e+00	0.00000e+00	0.00000e+00	0.00000e+00	0.00000e+00	0.00000e+00	0.00000e+00	0.00000e+00	0.00000e+00	0.00000e+00	0.00000e+00	0.00000e+00	0.00000e+00	0.00000e+00	0.00000e+00	0.00000e+00	0.00000e+00	0.00000e+00	0.00000e+00	0.00000e+00	0.00000e+00	0.00000e+00	0.00000e+00	0.00000e+00	0.00000e+00	0.00000e+00	0.00000e+00	0.00000e+00	0.00000e+00	0.00000e+00	0.00000e+00	0.00000e+00	0.00000e+00	0.00000e+00	0.00000e+00	0.00000e+00	0.00000e+00	0.00000e+00	0.00000e+00	0.00000e+00	0.00000e+00	0.00000e+00	0.00000e+00	0.00000e+00	0.00000e+00	0.00000e+00	0.00000e+00	0.00000e+00	0.00000e+00	0.00000e+00	0.00000e+00	0.00000e+00	0.00000e+00	0.00000e+00	0.00000e+00	0.00000e+00	0.00000e+00	0.00000e+00	0.00000e+00	0.00000e+00	0.00000e+00	0.00000e+00	0.00000e+00	0.00000e+00	0.00000e+00	0.00000e+00	0.00000e+00	0.00000e+00	0.00000e+00	0.00000e+00	0.00000e+00	0.00000e+00	0.00000e+00	0.00000e+00	0.00000e+00	0.00000e+00	0.00000e+00	0.00000e+00	0.00000e+00	0.00000e+00	0.00000e+00	0.00000e+00
16.27	0.00000e+00	0.00000e+00	0.00000e+00	0.00000e+00	0.00000e+00	0.00000e+00	0.00000e+00	0.00000e+00	0.00000e+00	0.00000e+00	0.00000e+00	0.00000e+00	0.00000e+00	0.00000e+00	0.00000e+00	0.00000e+00	0.00000e+00	0.00000e+00	0.00000e+00	0.00000e+00	0.00000e+00	0.00000e+00	0.00000e+00	0.00000e+00	0.00000e+00	0.00000e+00	0.00000e+00	0.00000e+00	0.00000e+00	0.00000e+00	0.00000e+00	0.00000e+00	0.00000e+00	0.00000e+00	0.00000e+00	0.00000e+00	0.00000e+00	0.00000e+00	0.00000e+00	0.00000e+00	0.00000e+00	0.00000e+00	0.00000e+00	0.00000e+00	0.00000e+00	0.00000e+00	0.00000e+00	0.00000e+00	0.00000e+00	0.00000e+00	0.00000e+00	0.00000e+00	0.00000e+00	0.00000e+00	0.00000e+00	0.00000e+00	0.00000e+00	0.00000e+00	0.00000e+00	0.00000e+00	0.00000e+00	0.00000e+00	0.00000e+00	0.00000e+00	0.00000e+00	0.00000e+00	0.00000e+00	0.00000e+00	0.00000e+00	0.00000e+00	0.00000e+00	0.00000e+00	0.00000e+00	0.00000e+00	0.00000e+00	0.00000e+00	0.00000e+00	0.00000e+00	0.00000e+00	0.00000e+00	0.00000e+00	0.00000e+00	0.00000e+00	0.00000e+00	0.00000e+00	0.00000e+00	0.00000e+00	0.00000e+00	0.00000e+00	0.00000e+00	0.00000e+00	0.00000e+00	0.00000e+00	0.00000e+00	0.00000e+00	0.00000e+00	0.00000e+00	0.00000e+00	0.00000e+00	0.00000e+00	0.00000e+00	0.00000e+00	0.00000e+00	0.00000e+00	0.00000e+00	0.00000e+00	0.00000e+00	0.00000e+00	0.00000e+00	0.00000e+00	0.00000e+00	0.00000e+00	0.00000e+00	0.00000e+00	0.00000e+00	0.00000e+00	0.00000e+00	0.00000e+00	0.00000e+00	0.00000e+00	0.00000e+00	0.00000e+00	0.00000e+00	0.00000e+00	0.00000e+00	0.00000e+00	0.00000e+00	0.00000e+00	0.00000e+00	0.00000e+00	0.00000e+00	0.00000e+00	0.00000e+00	0.00000e+00	0.00000e+00	0.00000e+00	0.00000e+00	0.00000e+00	0.00000e+00	0.00000e+00	0.00000e+00	0.00000e+00	0.00000e+00	0.00000e+00	0.00000e+00	0.00000e+00	0.00000e+00	0.00000e+00	0.00000e+00	0.00000e+00	0.00000e+00	0.00000e+00	0.00000e+00	0.00000e+00	0.00000e+00	0.00000e+00	0.00000e+00	0.00000e+00	0.00000e+00	0.00000e+00	0.00000e+00	0.00000e+00	0.00000e+00	0.00000e+00	0.00000e+00	0.00000e+00	0.00000e+00	0.00000e+00	0.00000e+00	0.00000e+00	0.00000e+00	0.00000e+00	0.00000e+00	0.00000e+00	0.00000e+00	0.00000e+00	0.00000e+00	0.00000e+00	0.00000e+00	0.00000e+00	0.00000e+00	0.00000e+00	0.00000e+00	0.00000e+00	0.00000e+00	0.00000e+00
16.30	0.00000e+00	0.00000e+00	0.00000e+00	0.00000e+00	0.00000e+00	0.00000e+00	0.00000e+00	0.00000e+00	0.00000e+00	0.00000e+00	0.00000e+00	0.00000e+00	0.00000e+00	0.00000e+00	0.00000e+00	0.00000e+00	0.00000e+00	0.00000e+00	0.00000e+00	0.00000e+00	0.00000e+00	0.00000e+00	0.00000e+00	0.00000e+00	0.00000e+00	0.00000e+00	0.00000e+00	0.00000e+00	0.00000e+00	0.00000e+00	0.00000e+00	0.00000e+00	0.00000e+00	0.00000e+00	0.00000e+00	0.00000e+00	0.00000e+00	0.00000e+00	0.00000e+00	0.00000e+00	0.00000e+00	0.00000e+00	0.00000e+00	0.00000e+00	0.00000e+00	0.00000e+00	0.00000e+00	0.00000e+00	0.00000e+00	0.00000e+00	0.00000e+00	0.00000e+00	0.00000e+00	0.00000e+00	0.00000e+00	0.00000e+00	0.00000e+00	0.00000e+00	0.00000e+00	0.00000e+00	0.00000e+00	0.00000e+00	0.00000e+00	0.00000e+00	0.00000e+00	0.00000e+00	0.00000e+00	0.00000e+00	0.00000e+00	0.00000e+00	0.00000e+00	0.00000e+00	0.00000e+00	0.00000e+00	0.00000e+00	0.00000e+00	0.00000e+00	0.00000e+00	0.00000e+00	0.00000e+00	0.00000e+00	0.00000e+00	0.00000e+00	0.00000e+00	0.00000e+00	0.00000e+00	0.00000e+00	0.00000e+00	0.00000e+00	0.00000e+00	0.00000e+00	0.00000e+00	0.00000e+00	0.00000e+00	0.00000e+00	0.00000e+00	0.00000e+00	0.00000e+00	0.00000e+00	0.00000e+00	0.00000e+00	0.00000e+00	0.00000e+00	0.00000e+00	0.00000e+00	0.00000e+00	0.00000e+00	0.00000e+00	0.00000e+00	0.00000e+00	0.00000e+00	0.00000e+00	0.00000e+00	0.00000e+00	0.00000e+00	0.00000e+00	0.00000e+00	0.00000e+00	0.00000e+00	0.00000e+00	0.00000e+00	0.00000e+00	0.00000e+00	0.00000e+00	0.00000e+00	0.00000e+00	0.00000e+00	0.00000e+00	0.00000e+00	0.00000e+00	0.00000e+00	0.00000e+00	0.00000e+00	0.00000e+00	0.00000e+00	0.00000e+00	0.00000e+00	0.00000e+00	0.00000e+00	0.00000e+00	0.00000e+00	0.00000e+00	0.00000e+00	0.00000e+00	0.00000e+00	0.00000e+00	0.00000e+00	0.00000e+00	0.00000e+00	0.00000e+00	0.00000e+00	0.00000e+00	0.00000e+00	0.00000e+00	0.00000e+00	0.00000e+00	0.00000e+00	0.00000e+00	0.00000e+00	0.00000e+00	0.00000e+00	0.00000e+00	0.00000e+00	0.00000e+00	0.00000e+00	0.00000e+00	0.00000e+00	0.00000e+00	0.00000e+00	0.00000e+00	0.00000e+00	0.00000e+00	0.00000e+00	0.00000e+00	0.00000e+00	0.00000e+00	0.00000e+00	0.00000e+00	0.00000e+00	0.00000e+00	0.00000e+00	0.00000e+00	0.00000e+00	0.00000e+00	0.00000e+00	0.00000e+00
16.34	0.00000e+00	0.00000e+00	0.00000e+00	0.00000e+00	0.00000e+00	0.00000e+00	0.00000e+00	0.00000e+00	0.00000e+00	0.00000e+00	0.00000e+00	0.00000e+00	0.00000e+00	0.00000e+00	0.00000e+00	0.00000e+00	0.00000e+00	0.00000e+00	0.00000e+00	0.00000e+00	0.00000e+00	0.00000e+00	0.00000e+00	0.00000e+00	0.00000e+00	0.00000e+00	0.00000e+00	0.00000e+00	0.00000e+00	0.00000e+00	0.00000e+00	0.00000e+00	0.00000e+00	0.00000e+00	0.00000e+00	0.00000e+00	0.00000e+00	0.00000e+00	0.00000e+00	0.00000e+00	0.00000e+00	0.00000e+00	0.00000e+00	0.00000e+00	0.00000e+00	0.00000e+00	0.00000e+00	0.00000e+00	0.00000e+00	0.00000e+00	0.00000e+00	0.00000e+00	0.00000e+00	0.00000e+00	0.00000e+00	0.00000e+00	0.00000e+00	0.00000e+00	0.00000e+00	0.00000e+00	0.00000e+00	0.00000e+00	0.00000e+00	0.00000e+00	0.00000e+00	0.00000e+00	0.00000e+00	0.00000e+00	0.00000e+00	0.00000e+00	0.00000e+00	0.00000e+00	0.00000e+00	0.00000e+00	0.00000e+00	0.00000e+00	0.00000e+00	0.00000e+00	0.00000e+00	0.00000e+00	0.00000e+00	0.00000e+00	0.00000e+00	0.00000e+00	0.00000e+00	0.00000e+00	0.00000e+00	0.00000e+00	0.00000e+00	0.00000e+00	0.00000e+00	0.00000e+00	0.00000e+00	0.00000e+00	0.00000e+00	0.00000e+00	0.00000e+00	0.00000e+00	0.00000e+00	0.00000e+00	0.00000e+00	0.00000e+00	0.00000e+00	0.00000e+00	0.00000e+00	0.00000e+00	0.00000e+00	0.00000e+00	0.00000e+00	0.00000e+00	0.00000e+00	0.00000e+00	0.00000e+00	0.00000e+00	0.00000e+00	0.00000e+00	0.00000e+00	0.00000e+00	0.00000e+00	0.00000e+00	0.00000e+00	0.00000e+00	0.00000e+00	0.00000e+00	0.00000e+00	0.00000e+00	0.00000e+00	0.00000e+00	0.00000e+00	0.00000e+00	0.00000e+00	0.00000e+00	0.00000e+00	0.00000e+00	0.00000e+00	0.00000e+00	0.00000e+00	0.00000e+00	0.00000e+00	0.00000e+00	0.00000e+00	0.00000e+00	0.00000e+00	0.00000e+00	0.00000e+00	0.00000e+00	0.00000e+00	0.00000e+00	0.00000e+00	0.00000e+00	0.00000e+00	0.00000e+00	0.00000e+00	0.00000e+00	0.00000e+00	0.00000e+00	0.00000e+00	0.00000e+00	0.00000e+00	0.00000e+00	0.00000e+00	0.00000e+00	0.00000e+00	0.00000e+00	0.00000e+00	0.00000e+00	0.00000e+00	0.00000e+00	0.00000e+00	0.00000e+00	0.00000e+00	0.00000e+00	0.00000e+00	0.00000e+00	0.00000e+00	0.00000e+00	0.00000e+00	0.00000e+00	0.00000e+00	0.00000e+00	0.00000e+00	0.00000e+00	0.00000e+00	0.00000e+00	0.00000e+00	0.00000e+00
16.37	0.00000e+00	0.00000e+00	0.00000e+00	0.00000e+00	0.00000e+00	0.00000e+00	0.00000e+00	0.00000e+00	0.00000e+00	0.00000e+00	0.00000e+00	0.00000e+00	0.00000e+00	0.00000e+00	0.00000e+00	0.00000e+00	0.00000e+00	0.00000e+00	0.00000e+00	0.00000e+00	0.00000e+00	0.00000e+00	0.00000e+00	0.00000e+00	0.00000e+00	0.00000e+00	0.00000e+00	0.00000e+00	0.00000e+00	0.00000e+00	0.00000e+00	0.00000e+00	0.00000e+00	0.00000e+00	0.00000e+00	0.00000e+00	0.00000e+00	0.00000e+00	0.00000e+00	0.00000e+00	0.00000e+00	0.00000e+00	0.00000e+00	0.00000e+00	0.00000e+00	0.00000e+00	0.00000e+00	0.00000e+00	0.00000e+00	0.00000e+00	0.00000e+00	0.00000e+00	0.00000e+00	0.00000e+00	0.00000e+00	0.00000e+00	0.00000e+00	0.00000e+00	0.00000e+00	0.00000e+00	0.00000e+00	0.00000e+00	0.00000e+00	0.00000e+00	0.00000e+00	0.00000e+00	0.00000e+00	0.00000e+00	0.00000e+00	0.00000e+00	0.00000e+00	0.00000e+00	0.00000e+00	0.00000e+00	0.00000e+00	0.00000e+00	0.00000e+00	0.00000e+00	0.00000e+00	0.00000e+00	0.00000e+00	0.00000e+00	0.00000e+00	0.00000e+00	0.00000e+00	0.00000e+00	0.00000e+00	0.00000e+00	0.00000e+00	0.00000e+00	0.00000e+00	0.00000e+00	0.00000e+00	0.00000e+00	0.00000e+00	0.00000e+00	0.00000e+00	0.00000e+00	0.00000e+00	0.00000e+00	0.00000e+00	0.00000e+00	0.00000e+00	0.00000e+00	0.00000e+00	0.00000e+00	0.00000e+00	0.00000e+00	0.00000e+00	0.00000e+00	0.00000e+00	0.00000e+00	0.00000e+00	0.00000e+00	0.00000e+00	0.00000e+00	0.00000e+00	0.00000e+00	0.00000e+00	0.00000e+00	0.00000e+00	0.00000e+00	0.00000e+00	0.00000e+00	0.00000e+00	0.00000e+00	0.00000e+00	0.00000e+00	0.00000e+00	0.00000e+00	0.00000e+00	0.00000e+00	0.00000e+00	0.00000e+00	0.00000e+00	0.00000e+00	0.00000e+00	0.00000e+00	0.00000e+00	0.00000e+00	0.00000e+00	0.00000e+00	0.00000e+00	0.00000e+00	0.00000e+00	0.00000e+00	0.00000e+00	0.00000e+00	0.00000e+00	0.00000e+00	0.00000e+00	0.00000e+00	0.00000e+00	0.00000e+00	0.00000e+00	0.00000e+00	0.00000e+00	0.00000e+00	0.00000e+00	0.00000e+00	0.00000e+00	0.00000e+00	0.00000e+00	0.00000e+00	0.00000e+00	0.00000e+00	0.00000e+00	0.00000e+00	0.00000e+00	0.00000e+00	0.00000e+00	0.00000e+00	0.00000e+00	0.00000e+00	0.00000e+00	0.00000e+00	0.00000e+00	0.00000e+00	0.00000e+00	0.00000e+00	0.00000e+00	0.00000e+00	0.00000e+00	0.00000e+00	0.00000e+00	0.00000e+00
16.40	0.00000e+00	0.00000e+00	0.00000e+00	0.00000e+00	0.00000e+00	0.00000e+00	0.00000e+00	0.00000e+00	0.00000e+00	0.00000e+00	0.00000e+00	0.00000e+00	0.00000e+00	0.00000e+00	0.00000e+00	0.00000e+00	0.00000e+00	0.00000e+00	0.00000e+00	0.00000e+00	0.00000e+00	0.00000e+00	0.00000e+00	0.00000e+00	0.00000e+00	0.00000e+00	0.00000e+00	0.00000e+00	0.00000e+00	0.00000e+00	0.00000e+00	0.00000e+00	0.00000e+00	0.00000e+00	0.00000e+00	0.00000e+00	0.00000e+00	0.00000e+00	0.00000e+00	0.00000e+00	0.00000e+00	0.00000e+00	0.00000e+00	0.00000e+00	0.00000e+00	0.00000e+00	0.00000e+00	0.00000e+00	0.00000e+00	0.00000e+00	0.00000e+00	0.00000e+00	0.00000e+00	0.00000e+00	0.00000e+00	0.00000e+00	0.00000e+00	0.00000e+00	0.00000e+00	0.00000e+00	0.00000e+00	0.00000e+00	0.00000e+00	0.00000e+00	0.00000e+00	0.00000e+00	0.00000e+00	0.00000e+00	0.00000e+00	0.00000e+00	0.00000e+00	0.00000e+00	0.00000e+00	0.00000e+00	0.00000e+00	0.00000e+00	0.00000e+00	0.00000e+00	0.00000e+00	0.00000e+00	0.00000e+00	0.00000e+00	0.00000e+00	0.00000e+00	0.00000e+00	0.00000e+00	0.00000e+00	0.00000e+00	0.00000e+00	0.00000e+00	0.00000e+00	0.00000e+00	0.00000e+00	0.00000e+00	0.00000e+00	0.00000e+00	0.00000e+00	0.00000e+00	0.00000e+00	0.00000e+00	0.00000e+00	0.00000e+00	0.00000e+00	0.00000e+00	0.00000e+00	0.00000e+00	0.00000e+00	0.00000e+00	0.00000e+00	0.00000e+00	0.00000e+00	0.00000e+00	0.00000e+00	0.00000e+00	0.00000e+00	0.00000e+00	0.00000e+00	0.00000e+00	0.00000e+00	0.00000e+00	0.00000e+00	0.00000e+00	0.00000e+00	0.00000e+00	0.00000e+00	0.00000e+00	0.00000e+00	0.00000e+00	0.00000e+00	0.00000e+00	0.00000e+00	0.00000e+00	0.00000e+00	0.00000e+00	0.00000e+00	0.00000e+00	0.00000e+00	0.00000e+00	0.00000e+00	0.00000e+00	0.00000e+00	0.00000e+00	0.00000e+00	0.00000e+00	0.00000e+00	0.00000e+00	0.00000e+00	0.00000e+00	0.00000e+00	0.00000e+00	0.00000e+00	0.00000e+00	0.00000e+00	0.00000e+00	0.00000e+00	0.00000e+00	0.00000e+00	0.00000e+00	0.00000e+00	0.00000e+00	0.00000e+00	0.00000e+00	0.00000e+00	0.00000e+00	0.00000e+00	0.00000e+00	0.00000e+00	0.00000e+00	0.00000e+00	0.00000e+00	0.00000e+00	0.00000e+00	0.00000e+00	0.00000e+00	0.00000e+00	0.00000e+00	0.00000e+00	0.00000e+00	0.00000e+00	0.00000e+00	0.00000e+00	0.00000e+00	0.00000e+00	0.00000e+00	0.00000e+00	0.00000e+00
16.44	0.00000e+00	0.00000e+00	0.00000e+00	0.00000e+00	0.00000e+00	0.00000e+00	0.00000e+00	0.00000e+00	0.00000e+00	0.00000e+00	0.00000e+00	0.00000e+00	0.00000e+00	0.00000e+00	0.00000e+00	0.00000e+00	0.00000e+00	0.00000e+00	0.00000e+00	0.00000e+00	0.00000e+00	0.00000e+00	0.00000e+00	0.00000e+00	0.00000e+00	0.00000e+00	0.00000e+00	0.00000e+00	0.00000e+00	0.00000e+00	0.00000e+00	0.00000e+00	0.00000e+00	0.00000e+00	0.00000e+00	0.00000e+00	0.00000e+00	0.00000e+00	0.00000e+00	0.00000e+00	0.00000e+00	0.00000e+00	0.00000e+00	0.00000e+00	0.00000e+00	0.00000e+00	0.00000e+00	0.00000e+00	0.00000e+00	0.00000e+00	0.00000e+00	0.00000e+00	0.00000e+00	0.00000e+00	0.00000e+00	0.00000e+00	0.00000e+00	0.00000e+00	0.00000e+00	0.00000e+00	0.00000e+00	0.00000e+00	0.00000e+00	0.00000e+00	0.00000e+00	0.00000e+00	0.00000e+00	0.00000e+00	0.00000e+00	0.00000e+00	0.00000e+00	0.00000e+00	0.00000e+00	0.00000e+00	0.00000e+00	0.00000e+00	0.00000e+00	0.00000e+00	0.00000e+00	0.00000e+00	0.00000e+00	0.00000e+00	0.00000e+00	0.00000e+00	0.00000e+00	0.00000e+00	0.00000e+00	0.00000e+00	0.00000e+00	0.00000e+00	0.00000e+00	0.00000e+00	0.00000e+00	0.00000e+00	0.00000e+00	0.00000e+00	0.00000e+00	0.00000e+00	0.00000e+00	0.00000e+00	0.00000e+00	0.00000e+00	0.00000e+00	0.00000e+00	0.00000e+00	0.00000e+00	0.00000e+00	0.00000e+00	0.00000e+00	0.00000e+00	0.00000e+00	0.00000e+00	0.00000e+00	0.00000e+00	0.00000e+00	0.00000e+00	0.00000e+00	0.00000e+00	0.00000e+00	0.00000e+00	0.00000e+00	0.00000e+00	0.00000e+00	0.00000e+00	0.00000e+00	0.00000e+00	0.00000e+00	0.00000e+00	0.00000e+00	0.00000e+00	0.00000e+00	0.00000e+00	0.00000e+00	0.00000e+00	0.00000e+00	0.00000e+00	0.00000e+00	0.00000e+00	0.00000e+00	0.00000e+00	0.00000e+00	0.00000e+00	0.00000e+00	0.00000e+00	0.00000e+00	0.00000e+00	0.00000e+00	0.00000e+00	0.00000e+00	0.00000e+00	0.00000e+00	0.00000e+00	0.00000e+00	0.00000e+00	0.00000e+00	0.00000e+00	0.00000e+00	0.00000e+00	0.00000e+00	0.00000e+00	0.00000e+00	0.00000e+00	0.00000e+00	0.00000e+00	0.00000e+00	0.00000e+00	0.00000e+00	0.00000e+00	0.00000e+00	0.00000e+00	0.00000e+00	0.00000e+00	0.00000e+00	0.00000e+00	0.00000e+00	0.00000e+00	0.00000e+00	0.00000e+00	0.00000e+00	0.00000e+00	0.00000e+00	0.00000e+00	0.00000e+00	0.00000e+00	0.00000e+00	0.00000e+00
16.47	0.00000e+00	0.00000e+00	0.00000e+00	0.00000e+00	0.00000e+00	0.00000e+00	0.00000e+00	0.00000e+00	0.00000e+00	0.00000e+00	0.00000e+00	0.00000e+00	0.00000e+00	0.00000e+00	0.00000e+00	0.00000e+00	0.00000e+00	0.00000e+00	0.00000e+00	0.00000e+00	0.00000e+00	0.00000e+00	0.00000e+00	0.00000e+00	0.00000e+00	0.00000e+00	0.00000e+00	0.00000e+00	0.00000e+00	0.00000e+00	0.00000e+00	0.00000e+00	0.00000e+00	0.00000e+00	0.00000e+00	0.00000e+00	0.00000e+00	0.00000e+00	0.00000e+00	0.00000e+00	0.00000e+00	0.00000e+00	0.00000e+00	0.00000e+00	0.00000e+00	0.00000e+00	0.00000e+00	0.00000e+00	0.00000e+00	0.00000e+00	0.00000e+00	0.00000e+00	0.00000e+00	0.00000e+00	0.00000e+00	0.00000e+00	0.00000e+00	0.00000e+00	0.00000e+00	0.00000e+00	0.00000e+00	0.00000e+00	0.00000e+00	0.00000e+00	0.00000e+00	0.00000e+00	0.00000e+00	0.00000e+00	0.00000e+00	0.00000e+00	0.00000e+00	0.00000e+00	0.00000e+00	0.00000e+00	0.00000e+00	0.00000e+00	0.00000e+00	0.00000e+00	0.00000e+00	0.00000e+00	0.00000e+00	0.00000e+00	0.00000e+00	0.00000e+00	0.00000e+00	0.00000e+00	0.00000e+00	0.00000e+00	0.00000e+00	0.00000e+00	0.00000e+00	0.00000e+00	0.00000e+00	0.00000e+00	0.00000e+00	0.00000e+00	0.00000e+00	0.00000e+00	0.00000e+00	0.00000e+00	0.00000e+00	0.00000e+00	0.00000e+00	0.00000e+00	0.00000e+00	0.00000e+00	0.00000e+00	0.00000e+00	0.00000e+00	0.00000e+00	0.00000e+00	0.00000e+00	0.00000e+00	0.00000e+00	0.00000e+00	0.00000e+00	0.00000e+00	0.00000e+00	0.00000e+00	0.00000e+00	0.00000e+00	0.00000e+00	0.00000e+00	0.00000e+00	0.00000e+00	0.00000e+00	0.00000e+00	0.00000e+00	0.00000e+00	0.00000e+00	0.00000e+00	0.00000e+00	0.00000e+00	0.00000e+00	0.00000e+00	0.00000e+00	0.00000e+00	0.00000e+00	0.00000e+00	0.00000e+00	0.00000e+00	0.00000e+00	0.00000e+00	0.00000e+00	0.00000e+00	0.00000e+00	0.00000e+00	0.00000e+00	0.00000e+00	0.00000e+00	0.00000e+00	0.00000e+00	0.00000e+00	0.00000e+00	0.00000e+00	0.00000e+00	0.00000e+00	0.00000e+00	0.00000e+00	0.00000e+00	0.00000e+00	0.00000e+00	0.00000e+00	0.00000e+00	0.00000e+00	0.00000e+00	0.00000e+00	0.00000e+00	0.00000e+00	0.00000e+00	0.00000e+00	0.00000e+00	0.00000e+00	0.00000e+00	0.00000e+00	0.00000e+00	0.00000e+00	0.00000e+00	0.00000e+00	0.00000e+00	0.00000e+00	0.00000e+00	0.00000e+00	0.00000e+00	0.00000e+00	0.00000e+00
16.51	0.00000e+00	0.00000e+00	0.00000e+00	0.00000e+00	0.00000e+00	0.00000e+00	0.00000e+00	0.00000e+00	0.00000e+00	0.00000e+00	0.00000e+00	0.00000e+00	0.00000e+00	0.00000e+00	0.00000e+00	0.00000e+00	0.00000e+00	0.00000e+00	0.00000e+00	0.00000e+00	0.00000e+00	0.00000e+00	0.00000e+00	0.00000e+00	0.00000e+00	0.00000e+00	0.00000e+00	0.00000e+00	0.00000e+00	0.00000e+00	0.00000e+00	0.00000e+00	0.00000e+00	0.00000e+00	0.00000e+00	0.00000e+00	0.00000e+00	0.00000e+00	0.00000e+00	0.00000e+00	0.00000e+00	0.00000e+00	0.00000e+00	0.00000e+00	0.00000e+00	0.00000e+00	0.00000e+00	0.00000e+00	0.00000e+00	0.00000e+00	0.00000e+00	0.00000e+00	0.00000e+00	0.00000e+00	0.00000e+00	0.00000e+00	0.00000e+00	0.00000e+00	0.00000e+00	0.00000e+00	0.00000e+00	0.00000e+00	0.00000e+00	0.00000e+00	0.00000e+00	0.00000e+00	0.00000e+00	0.00000e+00	0.00000e+00	0.00000e+00	0.00000e+00	0.00000e+00	0.00000e+00	0.00000e+00	0.00000e+00	0.00000e+00	0.00000e+00	0.00000e+00	0.00000e+00	0.00000e+00	0.00000e+00	0.00000e+00	0.00000e+00	0.00000e+00	0.00000e+00	0.00000e+00	0.00000e+00	0.00000e+00	0.00000e+00	0.00000e+00	0.00000e+00	0.00000e+00	0.00000e+00	0.00000e+00	0.00000e+00	0.00000e+00	0.00000e+00	0.00000e+00	0.00000e+00	0.00000e+00	0.00000e+00	0.00000e+00	0.00000e+00	0.00000e+00	0.00000e+00	0.00000e+00	0.00000e+00	0.00000e+00	0.00000e+00	0.00000e+00	0.00000e+00	0.00000e+00	0.00000e+00	0.00000e+00	0.00000e+00	0.00000e+00	0.00000e+00	0.00000e+00	0.00000e+00	0.00000e+00	0.00000e+00	0.00000e+00	0.00000e+00	0.00000e+00	0.00000e+00	0.00000e+00	0.00000e+00	0.00000e+00	0.00000e+00	0.00000e+00	0.00000e+00	0.00000e+00	0.00000e+00	0.00000e+00	0.00000e+00	0.00000e+00	0.00000e+00	0.00000e+00	0.00000e+00	0.00000e+00	0.00000e+00	0.00000e+00	0.00000e+00	0.00000e+00	0.00000e+00	0.00000e+00	0.00000e+00	0.00000e+00	0.00000e+00	0.00000e+00	0.00000e+00	0.00000e+00	0.00000e+00	0.00000e+00	0.00000e+00	0.00000e+00	0.00000e+00	0.00000e+00	0.00000e+00	0.00000e+00	0.00000e+00	0.00000e+00	0.00000e+00	0.00000e+00	0.00000e+00	0.00000e+00	0.00000e+00	0.00000e+00	0.00000e+00	0.00000e+00	0.00000e+00	0.00000e+00	0.00000e+00	0.00000e+00	0.00000e+00	0.00000e+00	0.00000e+00	0.00000e+00	0.00000e+00	0.00000e+00	0.00000e+00	0.00000e+00	0.00000e+00	0.00000e+00	0.00000e+00	0.00000e+00
16.54	0.00000e+00	0.00000e+00	0.00000e+00	0.00000e+00	0.00000e+00	0.00000e+00	0.00000e+00	0.00000e+00	0.00000e+00	0.00000e+00	0.00000e+00	0.00000e+00	0.00000e+00	0.00000e+00	0.00000e+00	0.00000e+00	0.00000e+00	0.00000e+00	0.00000e+00	0.00000e+00	0.00000e+00	0.00000e+00	0.00000e+00	0.00000e+00	0.00000e+00	0.00000e+00	0.00000e+00	0.00000e+00	0.00000e+00	0.00000e+00	0.00000e+00	0.00000e+00	0.00000e+00	0.00000e+00	0.00000e+00	0.00000e+00	0.00000e+00	0.00000e+00	0.00000e+00	0.00000e+00	0.00000e+00	0.00000e+00	0.00000e+00	0.00000e+00	0.00000e+00	0.00000e+00	0.00000e+00	0.00000e+00	0.00000e+00	0.00000e+00	0.00000e+00	0.00000e+00	0.00000e+00	0.00000e+00	0.00000e+00	0.00000e+00	0.00000e+00	0.00000e+00	0.00000e+00	0.00000e+00	0.00000e+00	0.00000e+00	0.00000e+00	0.00000e+00	0.00000e+00	0.00000e+00	0.00000e+00	0.00000e+00	0.00000e+00	0.00000e+00	0.00000e+00	0.00000e+00	0.00000e+00	0.00000e+00	0.00000e+00	0.00000e+00	0.00000e+00	0.00000e+00	0.00000e+00	0.00000e+00	0.00000e+00	0.00000e+00	0.00000e+00	0.00000e+00	0.00000e+00	0.00000e+00	0.00000e+00	0.00000e+00	0.00000e+00	0.00000e+00	0.00000e+00	0.00000e+00	0.00000e+00	0.00000e+00	0.00000e+00	0.00000e+00	0.00000e+00	0.00000e+00	0.00000e+00	0.00000e+00	0.00000e+00	0.00000e+00	0.00000e+00	0.00000e+00	0.00000e+00	0.00000e+00	0.00000e+00	0.00000e+00	0.00000e+00	0.00000e+00	0.00000e+00	0.00000e+00	0.00000e+00	0.00000e+00	0.00000e+00	0.00000e+00	0.00000e+00	0.00000e+00	0.00000e+00	0.00000e+00	0.00000e+00	0.00000e+00	0.00000e+00	0.00000e+00	0.00000e+00	0.00000e+00	0.00000e+00	0.00000e+00	0.00000e+00	0.00000e+00	0.00000e+00	0.00000e+00	0.00000e+00	0.00000e+00	0.00000e+00	0.00000e+00	0.00000e+00	0.00000e+00	0.00000e+00	0.00000e+00	0.00000e+00	0.00000e+00	0.00000e+00	0.00000e+00	0.00000e+00	0.00000e+00	0.00000e+00	0.00000e+00	0.00000e+00	0.00000e+00	0.00000e+00	0.00000e+00	0.00000e+00	0.00000e+00	0.00000e+00	0.00000e+00	0.00000e+00	0.00000e+00	0.00000e+00	0.00000e+00	0.00000e+00	0.00000e+00	0.00000e+00	0.00000e+00	0.00000e+00	0.00000e+00	0.00000e+00	0.00000e+00	0.00000e+00	0.00000e+00	0.00000e+00	0.00000e+00	0.00000e+00	0.00000e+00	0.00000e+00	0.00000e+00	0.00000e+00	0.00000e+00	0.00000e+00	0.00000e+00	0.00000e+00	0.00000e+00	0.00000e+00	0.00000e+00	0.00000e+00	0.00000e+00
16.58	0.00000e+00	0.00000e+00	0.00000e+00	0.00000e+00	0.00000e+00	0.00000e+00	0.00000e+00	0.00000e+00	0.00000e+00	0.00000e+00	0.00000e+00	0.00000e+00	0.00000e+00	0.00000e+00	0.00000e+00	0.00000e+00	0.00000e+00	0.00000e+00	0.00000e+00	0.00000e+00	0.00000e+00	0.00000e+00	0.00000e+00	0.00000e+00	0.00000e+00	0.00000e+00	0.00000e+00	0.00000e+00	0.00000e+00	0.00000e+00	0.00000e+00	0.00000e+00	0.00000e+00	0.00000e+00	0.00000e+00	0.00000e+00	0.00000e+00	0.00000e+00	0.00000e+00	0.00000e+00	0.00000e+00	0.00000e+00	0.00000e+00	0.00000e+00	0.00000e+00	0.00000e+00	0.00000e+00	0.00000e+00	0.00000e+00	0.00000e+00	0.00000e+00	0.00000e+00	0.00000e+00	0.00000e+00	0.00000e+00	0.00000e+00	0.00000e+00	0.00000e+00	0.00000e+00	0.00000e+00	0.00000e+00	0.00000e+00	0.00000e+00	0.00000e+00	0.00000e+00	0.00000e+00	0.00000e+00	0.00000e+00	0.00000e+00	0.00000e+00	0.00000e+00	0.00000e+00	0.00000e+00	0.00000e+00	0.00000e+00	0.00000e+00	0.00000e+00	0.00000e+00	0.00000e+00	0.00000e+00	0.00000e+00	0.00000e+00	0.00000e+00	0.00000e+00	0.00000e+00	0.00000e+00	0.00000e+00	0.00000e+00	0.00000e+00	0.00000e+00	0.00000e+00	0.00000e+00	0.00000e+00	0.00000e+00	0.00000e+00	0.00000e+00	0.00000e+00	0.00000e+00	0.00000e+00	0.00000e+00	0.00000e+00	0.00000e+00	0.00000e+00	0.00000e+00	0.00000e+00	0.00000e+00	0.00000e+00	0.00000e+00	0.00000e+00	0.00000e+00	0.00000e+00	0.00000e+00	0.00000e+00	0.00000e+00	0.00000e+00	0.00000e+00	0.00000e+00	0.00000e+00	0.00000e+00	0.00000e+00	0.00000e+00	0.00000e+00	0.00000e+00	0.00000e+00	0.00000e+00	0.00000e+00	0.00000e+00	0.00000e+00	0.00000e+00	0.00000e+00	0.00000e+00	0.00000e+00	0.00000e+00	0.00000e+00	0.00000e+00	0.00000e+00	0.00000e+00	0.00000e+00	0.00000e+00	0.00000e+00	0.00000e+00	0.00000e+00	0.00000e+00	0.00000e+00	0.00000e+00	0.00000e+00	0.00000e+00	0.00000e+00	0.00000e+00	0.00000e+00	0.00000e+00	0.00000e+00	0.00000e+00	0.00000e+00	0.00000e+00	0.00000e+00	0.00000e+00	0.00000e+00	0.00000e+00	0.00000e+00	0.00000e+00	0.00000e+00	0.00000e+00	0.00000e+00	0.00000e+00	0.00000e+00	0.00000e+00	0.00000e+00	0.00000e+00	0.00000e+00	0.00000e+00	0.00000e+00	0.00000e+00	0.00000e+00	0.00000e+00	0.00000e+00	0.00000e+00	0.00000e+00	0.00000e+00	0.00000e+00	0.00000e+00	0.00000e+00	0.00000e+00	0.00000e+00	0.00000e+00	0.00000e+00
16.61	0.00000e+00	0.00000e+00	0.00000e+00	0.00000e+00	0.00000e+00	0.00000e+00	0.00000e+00	0.00000e+00	0.00000e+00	0.00000e+00	0.00000e+00	0.00000e+00	0.00000e+00	0.00000e+00	0.00000e+00	0.00000e+00	0.00000e+00	0.00000e+00	0.00000e+00	0.00000e+00	0.00000e+00	0.00000e+00	0.00000e+00	0.00000e+00	0.00000e+00	0.00000e+00	0.00000e+00	0.00000e+00	0.00000e+00	0.00000e+00	0.00000e+00	0.00000e+00	0.00000e+00	0.00000e+00	0.00000e+00	0.00000e+00	0.00000e+00	0.00000e+00	0.00000e+00	0.00000e+00	0.00000e+00	0.00000e+00	0.00000e+00	0.00000e+00	0.00000e+00	0.00000e+00	0.00000e+00	0.00000e+00	0.00000e+00	0.00000e+00	0.00000e+00	0.00000e+00	0.00000e+00	0.00000e+00	0.00000e+00	0.00000e+00	0.00000e+00	0.00000e+00	0.00000e+00	0.00000e+00	0.00000e+00	0.00000e+00	0.00000e+00	0.00000e+00	0.00000e+00	0.00000e+00	0.00000e+00	0.00000e+00	0.00000e+00	0.00000e+00	0.00000e+00	0.00000e+00	0.00000e+00	0.00000e+00	0.00000e+00	0.00000e+00	0.00000e+00	0.00000e+00	0.00000e+00	0.00000e+00	0.00000e+00	0.00000e+00	0.00000e+00	0.00000e+00	0.00000e+00	0.00000e+00	0.00000e+00	0.00000e+00	0.00000e+00	0.00000e+00	0.00000e+00	0.00000e+00	0.00000e+00	0.00000e+00	0.00000e+00	0.00000e+00	0.00000e+00	0.00000e+00	0.00000e+00	0.00000e+00	0.00000e+00	0.00000e+00	0.00000e+00	0.00000e+00	0.00000e+00	0.00000e+00	0.00000e+00	0.00000e+00	0.00000e+00	0.00000e+00	0.00000e+00	0.00000e+00	0.00000e+00	0.00000e+00	0.00000e+00	0.00000e+00	0.00000e+00	0.00000e+00	0.00000e+00	0.00000e+00	0.00000e+00	0.00000e+00	0.00000e+00	0.00000e+00	0.00000e+00	0.00000e+00	0.00000e+00	0.00000e+00	0.00000e+00	0.00000e+00	0.00000e+00	0.00000e+00	0.00000e+00	0.00000e+00	0.00000e+00	0.00000e+00	0.00000e+00	0.00000e+00	0.00000e+00	0.00000e+00	0.00000e+00	0.00000e+00	0.00000e+00	0.00000e+00	0.00000e+00	0.00000e+00	0.00000e+00	0.00000e+00	0.00000e+00	0.00000e+00	0.00000e+00	0.00000e+00	0.00000e+00	0.00000e+00	0.00000e+00	0.00000e+00	0.00000e+00	0.00000e+00	0.00000e+00	0.00000e+00	0.00000e+00	0.00000e+00	0.00000e+00	0.00000e+00	0.00000e+00	0.00000e+00	0.00000e+00	0.00000e+00	0.00000e+00	0.00000e+00	0.00000e+00	0.00000e+00	0.00000e+00	0.00000e+00	0.00000e+00	0.00000e+00	0.00000e+00	0.00000e+00	0.00000e+00	0.00000e+00	0.00000e+00	0.00000e+00	0.00000e+00	0.00000e+00	0.00000e+00	0.00000e+00
16.64	0.00000e+00	0.00000e+00	0.00000e+00	0.00000e+00	0.00000e+00	0.00000e+00	0.00000e+00	0.00000e+00	0.00000e+00	0.00000e+00	0.00000e+00	0.00000e+00	0.00000e+00	0.00000e+00	0.00000e+00	0.00000e+00	0.00000e+00	0.00000e+00	0.00000e+00	0.00000e+00	0.00000e+00	0.00000e+00	0.00000e+00	0.00000e+00	0.00000e+00	0.00000e+00	0.00000e+00	0.00000e+00	0.00000e+00	0.00000e+00	0.00000e+00	0.00000e+00	0.00000e+00	0.00000e+00	0.00000e+00	0.00000e+00	0.00000e+00	0.00000e+00	0.00000e+00	0.00000e+00	0.00000e+00	0.00000e+00	0.00000e+00	0.00000e+00	0.00000e+00	0.00000e+00	0.00000e+00	0.00000e+00	0.00000e+00	0.00000e+00	0.00000e+00	0.00000e+00	0.00000e+00	0.00000e+00	0.00000e+00	0.00000e+00	0.00000e+00	0.00000e+00	0.00000e+00	0.00000e+00	0.00000e+00	0.00000e+00	0.00000e+00	0.00000e+00	0.00000e+00	0.00000e+00	0.00000e+00	0.00000e+00	0.00000e+00	0.00000e+00	0.00000e+00	0.00000e+00	0.00000e+00	0.00000e+00	0.00000e+00	0.00000e+00	0.00000e+00	0.00000e+00	0.00000e+00	0.00000e+00	0.00000e+00	0.00000e+00	0.00000e+00	0.00000e+00	0.00000e+00	0.00000e+00	0.00000e+00	0.00000e+00	0.00000e+00	0.00000e+00	0.00000e+00	0.00000e+00	0.00000e+00	0.00000e+00	0.00000e+00	0.00000e+00	0.00000e+00	0.00000e+00	0.00000e+00	0.00000e+00	0.00000e+00	0.00000e+00	0.00000e+00	0.00000e+00	0.00000e+00	0.00000e+00	0.00000e+00	0.00000e+00	0.00000e+00	0.00000e+00	0.00000e+00	0.00000e+00	0.00000e+00	0.00000e+00	0.00000e+00	0.00000e+00	0.00000e+00	0.00000e+00	0.00000e+00	0.00000e+00	0.00000e+00	0.00000e+00	0.00000e+00	0.00000e+00	0.00000e+00	0.00000e+00	0.00000e+00	0.00000e+00	0.00000e+00	0.00000e+00	0.00000e+00	0.00000e+00	0.00000e+00	0.00000e+00	0.00000e+00	0.00000e+00	0.00000e+00	0.00000e+00	0.00000e+00	0.00000e+00	0.00000e+00	0.00000e+00	0.00000e+00	0.00000e+00	0.00000e+00	0.00000e+00	0.00000e+00	0.00000e+00	0.00000e+00	0.00000e+00	0.00000e+00	0.00000e+00	0.00000e+00	0.00000e+00	0.00000e+00	0.00000e+00	0.00000e+00	0.00000e+00	0.00000e+00	0.00000e+00	0.00000e+00	0.00000e+00	0.00000e+00	0.00000e+00	0.00000e+00	0.00000e+00	0.00000e+00	0.00000e+00	0.00000e+00	0.00000e+00	0.00000e+00	0.00000e+00	0.00000e+00	0.00000e+00	0.00000e+00	0.00000e+00	0.00000e+00	0.00000e+00	0.00000e+00	0.00000e+00	0.00000e+00	0.00000e+00	0.00000e+00	0.00000e+00	0.00000e+00	0.00000e+00
16.68	0.00000e+00	0.00000e+00	0.00000e+00	0.00000e+00	0.00000e+00	0.00000e+00	0.00000e+00	0.00000e+00	0.00000e+00	0.00000e+00	0.00000e+00	0.00000e+00	0.00000e+00	0.00000e+00	0.00000e+00	0.00000e+00	0.00000e+00	0.00000e+00	0.00000e+00	0.00000e+00	0.00000e+00	0.00000e+00	0.00000e+00	0.00000e+00	0.00000e+00	0.00000e+00	0.00000e+00	0.00000e+00	0.00000e+00	0.00000e+00	0.00000e+00	0.00000e+00	0.00000e+00	0.00000e+00	0.00000e+00	0.00000e+00	0.00000e+00	0.00000e+00	0.00000e+00	0.00000e+00	0.00000e+00	0.00000e+00	0.00000e+00	0.00000e+00	0.00000e+00	0.00000e+00	0.00000e+00	0.00000e+00	0.00000e+00	0.00000e+00	0.00000e+00	0.00000e+00	0.00000e+00	0.00000e+00	0.00000e+00	0.00000e+00	0.00000e+00	0.00000e+00	0.00000e+00	0.00000e+00	0.00000e+00	0.00000e+00	0.00000e+00	0.00000e+00	0.00000e+00	0.00000e+00	0.00000e+00	0.00000e+00	0.00000e+00	0.00000e+00	0.00000e+00	0.00000e+00	0.00000e+00	0.00000e+00	0.00000e+00	0.00000e+00	0.00000e+00	0.00000e+00	0.00000e+00	0.00000e+00	0.00000e+00	0.00000e+00	0.00000e+00	0.00000e+00	0.00000e+00	0.00000e+00	0.00000e+00	0.00000e+00	0.00000e+00	0.00000e+00	0.00000e+00	0.00000e+00	0.00000e+00	0.00000e+00	0.00000e+00	0.00000e+00	0.00000e+00	0.00000e+00	0.00000e+00	0.00000e+00	0.00000e+00	0.00000e+00	0.00000e+00	0.00000e+00	0.00000e+00	0.00000e+00	0.00000e+00	0.00000e+00	0.00000e+00	0.00000e+00	0.00000e+00	0.00000e+00	0.00000e+00	0.00000e+00	0.00000e+00	0.00000e+00	0.00000e+00	0.00000e+00	0.00000e+00	0.00000e+00	0.00000e+00	0.00000e+00	0.00000e+00	0.00000e+00	0.00000e+00	0.00000e+00	0.00000e+00	0.00000e+00	0.00000e+00	0.00000e+00	0.00000e+00	0.00000e+00	0.00000e+00	0.00000e+00	0.00000e+00	0.00000e+00	0.00000e+00	0.00000e+00	0.00000e+00	0.00000e+00	0.00000e+00	0.00000e+00	0.00000e+00	0.00000e+00	0.00000e+00	0.00000e+00	0.00000e+00	0.00000e+00	0.00000e+00	0.00000e+00	0.00000e+00	0.00000e+00	0.00000e+00	0.00000e+00	0.00000e+00	0.00000e+00	0.00000e+00	0.00000e+00	0.00000e+00	0.00000e+00	0.00000e+00	0.00000e+00	0.00000e+00	0.00000e+00	0.00000e+00	0.00000e+00	0.00000e+00	0.00000e+00	0.00000e+00	0.00000e+00	0.00000e+00	0.00000e+00	0.00000e+00	0.00000e+00	0.00000e+00	0.00000e+00	0.00000e+00	0.00000e+00	0.00000e+00	0.00000e+00	0.00000e+00	0.00000e+00	0.00000e+00	0.00000e+00	0.00000e+00	0.00000e+00
16.71	0.00000e+00	0.00000e+00	0.00000e+00	0.00000e+00	0.00000e+00	0.00000e+00	0.00000e+00	0.00000e+00	0.00000e+00	0.00000e+00	0.00000e+00	0.00000e+00	0.00000e+00	0.00000e+00	0.00000e+00	0.00000e+00	0.00000e+00	0.00000e+00	0.00000e+00	0.00000e+00	0.00000e+00	0.00000e+00	0.00000e+00	0.00000e+00	0.00000e+00	0.00000e+00	0.00000e+00	0.00000e+00	0.00000e+00	0.00000e+00	0.00000e+00	0.00000e+00	0.00000e+00	0.00000e+00	0.00000e+00	0.00000e+00	0.00000e+00	0.00000e+00	0.00000e+00	0.00000e+00	0.00000e+00	0.00000e+00	0.00000e+00	0.00000e+00	0.00000e+00	0.00000e+00	0.00000e+00	0.00000e+00	0.00000e+00	0.00000e+00	0.00000e+00	0.00000e+00	0.00000e+00	0.00000e+00	0.00000e+00	0.00000e+00	0.00000e+00	0.00000e+00	0.00000e+00	0.00000e+00	0.00000e+00	0.00000e+00	0.00000e+00	0.00000e+00	0.00000e+00	0.00000e+00	0.00000e+00	0.00000e+00	0.00000e+00	0.00000e+00	0.00000e+00	0.00000e+00	0.00000e+00	0.00000e+00	0.00000e+00	0.00000e+00	0.00000e+00	0.00000e+00	0.00000e+00	0.00000e+00	0.00000e+00	0.00000e+00	0.00000e+00	0.00000e+00	0.00000e+00	0.00000e+00	0.00000e+00	0.00000e+00	0.00000e+00	0.00000e+00	0.00000e+00	0.00000e+00	0.00000e+00	0.00000e+00	0.00000e+00	0.00000e+00	0.00000e+00	0.00000e+00	0.00000e+00	0.00000e+00	0.00000e+00	0.00000e+00	0.00000e+00	0.00000e+00	0.00000e+00	0.00000e+00	0.00000e+00	0.00000e+00	0.00000e+00	0.00000e+00	0.00000e+00	0.00000e+00	0.00000e+00	0.00000e+00	0.00000e+00	0.00000e+00	0.00000e+00	0.00000e+00	0.00000e+00	0.00000e+00	0.00000e+00	0.00000e+00	0.00000e+00	0.00000e+00	0.00000e+00	0.00000e+00	0.00000e+00	0.00000e+00	0.00000e+00	0.00000e+00	0.00000e+00	0.00000e+00	0.00000e+00	0.00000e+00	0.00000e+00	0.00000e+00	0.00000e+00	0.00000e+00	0.00000e+00	0.00000e+00	0.00000e+00	0.00000e+00	0.00000e+00	0.00000e+00	0.00000e+00	0.00000e+00	0.00000e+00	0.00000e+00	0.00000e+00	0.00000e+00	0.00000e+00	0.00000e+00	0.00000e+00	0.00000e+00	0.00000e+00	0.00000e+00	0.00000e+00	0.00000e+00	0.00000e+00	0.00000e+00	0.00000e+00	0.00000e+00	0.00000e+00	0.00000e+00	0.00000e+00	0.00000e+00	0.00000e+00	0.00000e+00	0.00000e+00	0.00000e+00	0.00000e+00	0.00000e+00	0.00000e+00	0.00000e+00	0.00000e+00	0.00000e+00	0.00000e+00	0.00000e+00	0.00000e+00	0.00000e+00	0.00000e+00	0.00000e+00	0.00000e+00	0.00000e+00	0.00000e+00	0.00000e+00
16.75	0.00000e+00	0.00000e+00	0.00000e+00	0.00000e+00	0.00000e+00	0.00000e+00	0.00000e+00	0.00000e+00	0.00000e+00	0.00000e+00	0.00000e+00	0.00000e+00	0.00000e+00	0.00000e+00	0.00000e+00	0.00000e+00	0.00000e+00	0.00000e+00	0.00000e+00	0.00000e+00	0.00000e+00	0.00000e+00	0.00000e+00	0.00000e+00	0.00000e+00	0.00000e+00	0.00000e+00	0.00000e+00	0.00000e+00	0.00000e+00	0.00000e+00	0.00000e+00	0.00000e+00	0.00000e+00	0.00000e+00	0.00000e+00	0.00000e+00	0.00000e+00	0.00000e+00	0.00000e+00	0.00000e+00	0.00000e+00	0.00000e+00	0.00000e+00	0.00000e+00	0.00000e+00	0.00000e+00	0.00000e+00	0.00000e+00	0.00000e+00	0.00000e+00	0.00000e+00	0.00000e+00	0.00000e+00	0.00000e+00	0.00000e+00	0.00000e+00	0.00000e+00	0.00000e+00	0.00000e+00	0.00000e+00	0.00000e+00	0.00000e+00	0.00000e+00	0.00000e+00	0.00000e+00	0.00000e+00	0.00000e+00	0.00000e+00	0.00000e+00	0.00000e+00	0.00000e+00	0.00000e+00	0.00000e+00	0.00000e+00	0.00000e+00	0.00000e+00	0.00000e+00	0.00000e+00	0.00000e+00	0.00000e+00	0.00000e+00	0.00000e+00	0.00000e+00	0.00000e+00	0.00000e+00	0.00000e+00	0.00000e+00	0.00000e+00	0.00000e+00	0.00000e+00	0.00000e+00	0.00000e+00	0.00000e+00	0.00000e+00	0.00000e+00	0.00000e+00	0.00000e+00	0.00000e+00	0.00000e+00	0.00000e+00	0.00000e+00	0.00000e+00	0.00000e+00	0.00000e+00	0.00000e+00	0.00000e+00	0.00000e+00	0.00000e+00	0.00000e+00	0.00000e+00	0.00000e+00	0.00000e+00	0.00000e+00	0.00000e+00	0.00000e+00	0.00000e+00	0.00000e+00	0.00000e+00	0.00000e+00	0.00000e+00	0.00000e+00	0.00000e+00	0.00000e+00	0.00000e+00	0.00000e+00	0.00000e+00	0.00000e+00	0.00000e+00	0.00000e+00	0.00000e+00	0.00000e+00	0.00000e+00	0.00000e+00	0.00000e+00	0.00000e+00	0.00000e+00	0.00000e+00	0.00000e+00	0.00000e+00	0.00000e+00	0.00000e+00	0.00000e+00	0.00000e+00	0.00000e+00	0.00000e+00	0.00000e+00	0.00000e+00	0.00000e+00	0.00000e+00	0.00000e+00	0.00000e+00	0.00000e+00	0.00000e+00	0.00000e+00	0.00000e+00	0.00000e+00	0.00000e+00	0.00000e+00	0.00000e+00	0.00000e+00	0.00000e+00	0.00000e+00	0.00000e+00	0.00000e+00	0.00000e+00	0.00000e+00	0.00000e+00	0.00000e+00	0.00000e+00	0.00000e+00	0.00000e+00	0.00000e+00	0.00000e+00	0.00000e+00	0.00000e+00	0.00000e+00	0.00000e+00	0.00000e+00	0.00000e+00	0.00000e+00	0.00000e+00	0.00000e+00	0.00000e+00	0.00000e+00	0.00000e+00
16.78	0.00000e+00	0.00000e+00	0.00000e+00	0.00000e+00	0.00000e+00	0.00000e+00	0.00000e+00	0.00000e+00	0.00000e+00	0.00000e+00	0.00000e+00	0.00000e+00	0.00000e+00	0.00000e+00	0.00000e+00	0.00000e+00	0.00000e+00	0.00000e+00	0.00000e+00	0.00000e+00	0.00000e+00	0.00000e+00	0.00000e+00	0.00000e+00	0.00000e+00	0.00000e+00	0.00000e+00	0.00000e+00	0.00000e+00	0.00000e+00	0.00000e+00	0.00000e+00	0.00000e+00	0.00000e+00	0.00000e+00	0.00000e+00	0.00000e+00	0.00000e+00	0.00000e+00	0.00000e+00	0.00000e+00	0.00000e+00	0.00000e+00	0.00000e+00	0.00000e+00	0.00000e+00	0.00000e+00	0.00000e+00	0.00000e+00	0.00000e+00	0.00000e+00	0.00000e+00	0.00000e+00	0.00000e+00	0.00000e+00	0.00000e+00	0.00000e+00	0.00000e+00	0.00000e+00	0.00000e+00	0.00000e+00	0.00000e+00	0.00000e+00	0.00000e+00	0.00000e+00	0.00000e+00	0.00000e+00	0.00000e+00	0.00000e+00	0.00000e+00	0.00000e+00	0.00000e+00	0.00000e+00	0.00000e+00	0.00000e+00	0.00000e+00	0.00000e+00	0.00000e+00	0.00000e+00	0.00000e+00	0.00000e+00	0.00000e+00	0.00000e+00	0.00000e+00	0.00000e+00	0.00000e+00	0.00000e+00	0.00000e+00	0.00000e+00	0.00000e+00	0.00000e+00	0.00000e+00	0.00000e+00	0.00000e+00	0.00000e+00	0.00000e+00	0.00000e+00	0.00000e+00	0.00000e+00	0.00000e+00	0.00000e+00	0.00000e+00	0.00000e+00	0.00000e+00	0.00000e+00	0.00000e+00	0.00000e+00	0.00000e+00	0.00000e+00	0.00000e+00	0.00000e+00	0.00000e+00	0.00000e+00	0.00000e+00	0.00000e+00	0.00000e+00	0.00000e+00	0.00000e+00	0.00000e+00	0.00000e+00	0.00000e+00	0.00000e+00	0.00000e+00	0.00000e+00	0.00000e+00	0.00000e+00	0.00000e+00	0.00000e+00	0.00000e+00	0.00000e+00	0.00000e+00	0.00000e+00	0.00000e+00	0.00000e+00	0.00000e+00	0.00000e+00	0.00000e+00	0.00000e+00	0.00000e+00	0.00000e+00	0.00000e+00	0.00000e+00	0.00000e+00	0.00000e+00	0.00000e+00	0.00000e+00	0.00000e+00	0.00000e+00	0.00000e+00	0.00000e+00	0.00000e+00	0.00000e+00	0.00000e+00	0.00000e+00	0.00000e+00	0.00000e+00	0.00000e+00	0.00000e+00	0.00000e+00	0.00000e+00	0.00000e+00	0.00000e+00	0.00000e+00	0.00000e+00	0.00000e+00	0.00000e+00	0.00000e+00	0.00000e+00	0.00000e+00	0.00000e+00	0.00000e+00	0.00000e+00	0.00000e+00	0.00000e+00	0.00000e+00	0.00000e+00	0.00000e+00	0.00000e+00	0.00000e+00	0.00000e+00	0.00000e+00	0.00000e+00	0.00000e+00	0.00000e+00	0.00000e+00	0.00000e+00
16.81	0.00000e+00	0.00000e+00	0.00000e+00	0.00000e+00	0.00000e+00	0.00000e+00	0.00000e+00	0.00000e+00	0.00000e+00	0.00000e+00	0.00000e+00	0.00000e+00	0.00000e+00	0.00000e+00	0.00000e+00	0.00000e+00	0.00000e+00	0.00000e+00	0.00000e+00	0.00000e+00	0.00000e+00	0.00000e+00	0.00000e+00	0.00000e+00	0.00000e+00	0.00000e+00	0.00000e+00	0.00000e+00	0.00000e+00	0.00000e+00	0.00000e+00	0.00000e+00	0.00000e+00	0.00000e+00	0.00000e+00	0.00000e+00	0.00000e+00	0.00000e+00	0.00000e+00	0.00000e+00	0.00000e+00	0.00000e+00	0.00000e+00	0.00000e+00	0.00000e+00	0.00000e+00	0.00000e+00	0.00000e+00	0.00000e+00	0.00000e+00	0.00000e+00	0.00000e+00	0.00000e+00	0.00000e+00	0.00000e+00	0.00000e+00	0.00000e+00	0.00000e+00	0.00000e+00	0.00000e+00	0.00000e+00	0.00000e+00	0.00000e+00	0.00000e+00	0.00000e+00	0.00000e+00	0.00000e+00	0.00000e+00	0.00000e+00	0.00000e+00	0.00000e+00	0.00000e+00	0.00000e+00	0.00000e+00	0.00000e+00	0.00000e+00	0.00000e+00	0.00000e+00	0.00000e+00	0.00000e+00	0.00000e+00	0.00000e+00	0.00000e+00	0.00000e+00	0.00000e+00	0.00000e+00	0.00000e+00	0.00000e+00	0.00000e+00	0.00000e+00	0.00000e+00	0.00000e+00	0.00000e+00	0.00000e+00	0.00000e+00	0.00000e+00	0.00000e+00	0.00000e+00	0.00000e+00	0.00000e+00	0.00000e+00	0.00000e+00	0.00000e+00	0.00000e+00	0.00000e+00	0.00000e+00	0.00000e+00	0.00000e+00	0.00000e+00	0.00000e+00	0.00000e+00	0.00000e+00	0.00000e+00	0.00000e+00	0.00000e+00	0.00000e+00	0.00000e+00	0.00000e+00	0.00000e+00	0.00000e+00	0.00000e+00	0.00000e+00	0.00000e+00	0.00000e+00	0.00000e+00	0.00000e+00	0.00000e+00	0.00000e+00	0.00000e+00	0.00000e+00	0.00000e+00	0.00000e+00	0.00000e+00	0.00000e+00	0.00000e+00	0.00000e+00	0.00000e+00	0.00000e+00	0.00000e+00	0.00000e+00	0.00000e+00	0.00000e+00	0.00000e+00	0.00000e+00	0.00000e+00	0.00000e+00	0.00000e+00	0.00000e+00	0.00000e+00	0.00000e+00	0.00000e+00	0.00000e+00	0.00000e+00	0.00000e+00	0.00000e+00	0.00000e+00	0.00000e+00	0.00000e+00	0.00000e+00	0.00000e+00	0.00000e+00	0.00000e+00	0.00000e+00	0.00000e+00	0.00000e+00	0.00000e+00	0.00000e+00	0.00000e+00	0.00000e+00	0.00000e+00	0.00000e+00	0.00000e+00	0.00000e+00	0.00000e+00	0.00000e+00	0.00000e+00	0.00000e+00	0.00000e+00	0.00000e+00	0.00000e+00	0.00000e+00	0.00000e+00	0.00000e+00	0.00000e+00	0.00000e+00	0.00000e+00
16.85	0.00000e+00	0.00000e+00	0.00000e+00	0.00000e+00	0.00000e+00	0.00000e+00	0.00000e+00	0.00000e+00	0.00000e+00	0.00000e+00	0.00000e+00	0.00000e+00	0.00000e+00	0.00000e+00	0.00000e+00	0.00000e+00	0.00000e+00	0.00000e+00	0.00000e+00	0.00000e+00	0.00000e+00	0.00000e+00	0.00000e+00	0.00000e+00	0.00000e+00	0.00000e+00	0.00000e+00	0.00000e+00	0.00000e+00	0.00000e+00	0.00000e+00	0.00000e+00	0.00000e+00	0.00000e+00	0.00000e+00	0.00000e+00	0.00000e+00	0.00000e+00	0.00000e+00	0.00000e+00	0.00000e+00	0.00000e+00	0.00000e+00	0.00000e+00	0.00000e+00	0.00000e+00	0.00000e+00	0.00000e+00	0.00000e+00	0.00000e+00	0.00000e+00	0.00000e+00	0.00000e+00	0.00000e+00	0.00000e+00	0.00000e+00	0.00000e+00	0.00000e+00	0.00000e+00	0.00000e+00	0.00000e+00	0.00000e+00	0.00000e+00	0.00000e+00	0.00000e+00	0.00000e+00	0.00000e+00	0.00000e+00	0.00000e+00	0.00000e+00	0.00000e+00	0.00000e+00	0.00000e+00	0.00000e+00	0.00000e+00	0.00000e+00	0.00000e+00	0.00000e+00	0.00000e+00	0.00000e+00	0.00000e+00	0.00000e+00	0.00000e+00	0.00000e+00	0.00000e+00	0.00000e+00	0.00000e+00	0.00000e+00	0.00000e+00	0.00000e+00	0.00000e+00	0.00000e+00	0.00000e+00	0.00000e+00	0.00000e+00	0.00000e+00	0.00000e+00	0.00000e+00	0.00000e+00	0.00000e+00	0.00000e+00	0.00000e+00	0.00000e+00	0.00000e+00	0.00000e+00	0.00000e+00	0.00000e+00	0.00000e+00	0.00000e+00	0.00000e+00	0.00000e+00	0.00000e+00	0.00000e+00	0.00000e+00	0.00000e+00	0.00000e+00	0.00000e+00	0.00000e+00	0.00000e+00	0.00000e+00	0.00000e+00	0.00000e+00	0.00000e+00	0.00000e+00	0.00000e+00	0.00000e+00	0.00000e+00	0.00000e+00	0.00000e+00	0.00000e+00	0.00000e+00	0.00000e+00	0.00000e+00	0.00000e+00	0.00000e+00	0.00000e+00	0.00000e+00	0.00000e+00	0.00000e+00	0.00000e+00	0.00000e+00	0.00000e+00	0.00000e+00	0.00000e+00	0.00000e+00	0.00000e+00	0.00000e+00	0.00000e+00	0.00000e+00	0.00000e+00	0.00000e+00	0.00000e+00	0.00000e+00	0.00000e+00	0.00000e+00	0.00000e+00	0.00000e+00	0.00000e+00	0.00000e+00	0.00000e+00	0.00000e+00	0.00000e+00	0.00000e+00	0.00000e+00	0.00000e+00	0.00000e+00	0.00000e+00	0.00000e+00	0.00000e+00	0.00000e+00	0.00000e+00	0.00000e+00	0.00000e+00	0.00000e+00	0.00000e+00	0.00000e+00	0.00000e+00	0.00000e+00	0.00000e+00	0.00000e+00	0.00000e+00	0.00000e+00	0.00000e+00	0.00000e+00	0.00000e+00	0.00000e+00
16.88	0.00000e+00	0.00000e+00	0.00000e+00	0.00000e+00	0.00000e+00	0.00000e+00	0.00000e+00	0.00000e+00	0.00000e+00	0.00000e+00	0.00000e+00	0.00000e+00	0.00000e+00	0.00000e+00	0.00000e+00	0.00000e+00	0.00000e+00	0.00000e+00	0.00000e+00	0.00000e+00	0.00000e+00	0.00000e+00	0.00000e+00	0.00000e+00	0.00000e+00	0.00000e+00	0.00000e+00	0.00000e+00	0.00000e+00	0.00000e+00	0.00000e+00	0.00000e+00	0.00000e+00	0.00000e+00	0.00000e+00	0.00000e+00	0.00000e+00	0.00000e+00	0.00000e+00	0.00000e+00	0.00000e+00	0.00000e+00	0.00000e+00	0.00000e+00	0.00000e+00	0.00000e+00	0.00000e+00	0.00000e+00	0.00000e+00	0.00000e+00	0.00000e+00	0.00000e+00	0.00000e+00	0.00000e+00	0.00000e+00	0.00000e+00	0.00000e+00	0.00000e+00	0.00000e+00	0.00000e+00	0.00000e+00	0.00000e+00	0.00000e+00	0.00000e+00	0.00000e+00	0.00000e+00	0.00000e+00	0.00000e+00	0.00000e+00	0.00000e+00	0.00000e+00	0.00000e+00	0.00000e+00	0.00000e+00	0.00000e+00	0.00000e+00	0.00000e+00	0.00000e+00	0.00000e+00	0.00000e+00	0.00000e+00	0.00000e+00	0.00000e+00	0.00000e+00	0.00000e+00	0.00000e+00	0.00000e+00	0.00000e+00	0.00000e+00	0.00000e+00	0.00000e+00	0.00000e+00	0.00000e+00	0.00000e+00	0.00000e+00	0.00000e+00	0.00000e+00	0.00000e+00	0.00000e+00	0.00000e+00	0.00000e+00	0.00000e+00	0.00000e+00	0.00000e+00	0.00000e+00	0.00000e+00	0.00000e+00	0.00000e+00	0.00000e+00	0.00000e+00	0.00000e+00	0.00000e+00	0.00000e+00	0.00000e+00	0.00000e+00	0.00000e+00	0.00000e+00	0.00000e+00	0.00000e+00	0.00000e+00	0.00000e+00	0.00000e+00	0.00000e+00	0.00000e+00	0.00000e+00	0.00000e+00	0.00000e+00	0.00000e+00	0.00000e+00	0.00000e+00	0.00000e+00	0.00000e+00	0.00000e+00	0.00000e+00	0.00000e+00	0.00000e+00	0.00000e+00	0.00000e+00	0.00000e+00	0.00000e+00	0.00000e+00	0.00000e+00	0.00000e+00	0.00000e+00	0.00000e+00	0.00000e+00	0.00000e+00	0.00000e+00	0.00000e+00	0.00000e+00	0.00000e+00	0.00000e+00	0.00000e+00	0.00000e+00	0.00000e+00	0.00000e+00	0.00000e+00	0.00000e+00	0.00000e+00	0.00000e+00	0.00000e+00	0.00000e+00	0.00000e+00	0.00000e+00	0.00000e+00	0.00000e+00	0.00000e+00	0.00000e+00	0.00000e+00	0.00000e+00	0.00000e+00	0.00000e+00	0.00000e+00	0.00000e+00	0.00000e+00	0.00000e+00	0.00000e+00	0.00000e+00	0.00000e+00	0.00000e+00	0.00000e+00	0.00000e+00	0.00000e+00	0.00000e+00	0.00000e+00	0.00000e+00
16.92	0.00000e+00	0.00000e+00	0.00000e+00	0.00000e+00	0.00000e+00	0.00000e+00	0.00000e+00	0.00000e+00	0.00000e+00	0.00000e+00	0.00000e+00	0.00000e+00	0.00000e+00	0.00000e+00	0.00000e+00	0.00000e+00	0.00000e+00	0.00000e+00	0.00000e+00	0.00000e+00	0.00000e+00	0.00000e+00	0.00000e+00	0.00000e+00	0.00000e+00	0.00000e+00	0.00000e+00	0.00000e+00	0.00000e+00	0.00000e+00	0.00000e+00	0.00000e+00	0.00000e+00	0.00000e+00	0.00000e+00	0.00000e+00	0.00000e+00	0.00000e+00	0.00000e+00	0.00000e+00	0.00000e+00	0.00000e+00	0.00000e+00	0.00000e+00	0.00000e+00	0.00000e+00	0.00000e+00	0.00000e+00	0.00000e+00	0.00000e+00	0.00000e+00	0.00000e+00	0.00000e+00	0.00000e+00	0.00000e+00	0.00000e+00	0.00000e+00	0.00000e+00	0.00000e+00	0.00000e+00	0.00000e+00	0.00000e+00	0.00000e+00	0.00000e+00	0.00000e+00	0.00000e+00	0.00000e+00	0.00000e+00	0.00000e+00	0.00000e+00	0.00000e+00	0.00000e+00	0.00000e+00	0.00000e+00	0.00000e+00	0.00000e+00	0.00000e+00	0.00000e+00	0.00000e+00	0.00000e+00	0.00000e+00	0.00000e+00	0.00000e+00	0.00000e+00	0.00000e+00	0.00000e+00	0.00000e+00	0.00000e+00	0.00000e+00	0.00000e+00	0.00000e+00	0.00000e+00	0.00000e+00	0.00000e+00	0.00000e+00	0.00000e+00	0.00000e+00	0.00000e+00	0.00000e+00	0.00000e+00	0.00000e+00	0.00000e+00	0.00000e+00	0.00000e+00	0.00000e+00	0.00000e+00	0.00000e+00	0.00000e+00	0.00000e+00	0.00000e+00	0.00000e+00	0.00000e+00	0.00000e+00	0.00000e+00	0.00000e+00	0.00000e+00	0.00000e+00	0.00000e+00	0.00000e+00	0.00000e+00	0.00000e+00	0.00000e+00	0.00000e+00	0.00000e+00	0.00000e+00	0.00000e+00	0.00000e+00	0.00000e+00	0.00000e+00	0.00000e+00	0.00000e+00	0.00000e+00	0.00000e+00	0.00000e+00	0.00000e+00	0.00000e+00	0.00000e+00	0.00000e+00	0.00000e+00	0.00000e+00	0.00000e+00	0.00000e+00	0.00000e+00	0.00000e+00	0.00000e+00	0.00000e+00	0.00000e+00	0.00000e+00	0.00000e+00	0.00000e+00	0.00000e+00	0.00000e+00	0.00000e+00	0.00000e+00	0.00000e+00	0.00000e+00	0.00000e+00	0.00000e+00	0.00000e+00	0.00000e+00	0.00000e+00	0.00000e+00	0.00000e+00	0.00000e+00	0.00000e+00	0.00000e+00	0.00000e+00	0.00000e+00	0.00000e+00	0.00000e+00	0.00000e+00	0.00000e+00	0.00000e+00	0.00000e+00	0.00000e+00	0.00000e+00	0.00000e+00	0.00000e+00	0.00000e+00	0.00000e+00	0.00000e+00	0.00000e+00	0.00000e+00	0.00000e+00	0.00000e+00	0.00000e+00
16.95	0.00000e+00	0.00000e+00	0.00000e+00	0.00000e+00	0.00000e+00	0.00000e+00	0.00000e+00	0.00000e+00	0.00000e+00	0.00000e+00	0.00000e+00	0.00000e+00	0.00000e+00	0.00000e+00	0.00000e+00	0.00000e+00	0.00000e+00	0.00000e+00	0.00000e+00	0.00000e+00	0.00000e+00	0.00000e+00	0.00000e+00	0.00000e+00	0.00000e+00	0.00000e+00	0.00000e+00	0.00000e+00	0.00000e+00	0.00000e+00	0.00000e+00	0.00000e+00	0.00000e+00	0.00000e+00	0.00000e+00	0.00000e+00	0.00000e+00	0.00000e+00	0.00000e+00	0.00000e+00	0.00000e+00	0.00000e+00	0.00000e+00	0.00000e+00	0.00000e+00	0.00000e+00	0.00000e+00	0.00000e+00	0.00000e+00	0.00000e+00	0.00000e+00	0.00000e+00	0.00000e+00	0.00000e+00	0.00000e+00	0.00000e+00	0.00000e+00	0.00000e+00	0.00000e+00	0.00000e+00	0.00000e+00	0.00000e+00	0.00000e+00	0.00000e+00	0.00000e+00	0.00000e+00	0.00000e+00	0.00000e+00	0.00000e+00	0.00000e+00	0.00000e+00	0.00000e+00	0.00000e+00	0.00000e+00	0.00000e+00	0.00000e+00	0.00000e+00	0.00000e+00	0.00000e+00	0.00000e+00	0.00000e+00	0.00000e+00	0.00000e+00	0.00000e+00	0.00000e+00	0.00000e+00	0.00000e+00	0.00000e+00	0.00000e+00	0.00000e+00	0.00000e+00	0.00000e+00	0.00000e+00	0.00000e+00	0.00000e+00	0.00000e+00	0.00000e+00	0.00000e+00	0.00000e+00	0.00000e+00	0.00000e+00	0.00000e+00	0.00000e+00	0.00000e+00	0.00000e+00	0.00000e+00	0.00000e+00	0.00000e+00	0.00000e+00	0.00000e+00	0.00000e+00	0.00000e+00	0.00000e+00	0.00000e+00	0.00000e+00	0.00000e+00	0.00000e+00	0.00000e+00	0.00000e+00	0.00000e+00	0.00000e+00	0.00000e+00	0.00000e+00	0.00000e+00	0.00000e+00	0.00000e+00	0.00000e+00	0.00000e+00	0.00000e+00	0.00000e+00	0.00000e+00	0.00000e+00	0.00000e+00	0.00000e+00	0.00000e+00	0.00000e+00	0.00000e+00	0.00000e+00	0.00000e+00	0.00000e+00	0.00000e+00	0.00000e+00	0.00000e+00	0.00000e+00	0.00000e+00	0.00000e+00	0.00000e+00	0.00000e+00	0.00000e+00	0.00000e+00	0.00000e+00	0.00000e+00	0.00000e+00	0.00000e+00	0.00000e+00	0.00000e+00	0.00000e+00	0.00000e+00	0.00000e+00	0.00000e+00	0.00000e+00	0.00000e+00	0.00000e+00	0.00000e+00	0.00000e+00	0.00000e+00	0.00000e+00	0.00000e+00	0.00000e+00	0.00000e+00	0.00000e+00	0.00000e+00	0.00000e+00	0.00000e+00	0.00000e+00	0.00000e+00	0.00000e+00	0.00000e+00	0.00000e+00	0.00000e+00	0.00000e+00	0.00000e+00	0.00000e+00	0.00000e+00	0.00000e+00	0.00000e+00
16.98	3.07986e-288	3.07986e-288	3.07986e-288	3.07986e-288	3.07986e-288	3.07986e-288	3.07986e-288	3.07986e-288	3.07986e-288	3.07986e-288	3.07986e-288	3.07986e-288	3.07986e-288	3.07986e-288	3.07986e-288	3.07986e-288	3.07986e-288	3.07986e-288	3.07986e-288	3.07986e-288	3.07986e-288	3.07986e-288	3.07986e-288	3.07986e-288	3.07986e-288	3.07986e-288	3.07986e-288	3.07986e-288	3.07986e-288	3.07986e-288	3.07986e-288	3.07986e-288	3.07986e-288	3.07986e-288	3.07986e-288	3.07986e-288	3.07986e-288	3.07986e-288	3.07986e-288	3.07986e-288	3.07986e-288	3.07986e-288	3.07986e-288	3.07986e-288	3.07986e-288	3.07986e-288	3.07986e-288	3.07986e-288	3.07986e-288	3.07986e-288	3.07986e-288	3.07986e-288	3.07986e-288	3.07986e-288	3.07986e-288	3.07986e-288	3.07986e-288	3.07986e-288	3.07986e-288	3.07986e-288	3.07986e-288	3.07986e-288	3.07986e-288	3.07986e-288	3.07986e-288	3.07986e-288	3.07986e-288	3.07986e-288	3.07986e-288	3.07986e-288	3.07986e-288	3.07986e-288	3.07986e-288	3.07986e-288	3.07986e-288	3.07986e-288	3.07986e-288	3.07986e-288	3.07986e-288	3.07986e-288	3.07986e-288	3.07986e-288	3.07986e-288	3.07986e-288	3.07986e-288	3.07986e-288	3.07986e-288	3.07986e-288	3.07986e-288	3.07986e-288	3.07986e-288	3.07986e-288	3.07986e-288	3.07986e-288	3.07986e-288	3.07986e-288	3.07986e-288	3.07986e-288	3.07986e-288	3.07986e-288	3.07986e-288	3.07986e-288	3.07986e-288	3.07986e-288	3.07986e-288	3.07986e-288	3.07986e-288	3.07986e-288	3.07986e-288	3.07986e-288	3.07986e-288	3.07986e-288	3.07986e-288	3.07986e-288	3.07986e-288	3.07986e-288	3.07986e-288	3.07986e-288	3.07986e-288	3.07986e-288	3.07986e-288	3.07986e-288	3.07986e-288	3.07986e-288	3.07986e-288	3.07986e-288	3.07986e-288	3.07986e-288	3.07986e-288	3.07986e-288	3.07986e-288	3.07986e-288	3.07986e-288	3.07986e-288	3.07986e-288	3.07986e-288	3.07986e-288	3.07986e-288	3.07986e-288	3.07986e-288	3.07986e-288	3.07986e-288	3.07986e-288	3.07986e-288	3.07986e-288	3.07986e-288	3.07986e-288	3.07986e-288	3.07986e-288	3.07986e-288	3.07986e-288	3.07986e-288	3.07986e-288	3.07986e-288	3.07986e-288	3.07986e-288	3.07986e-288	3.07986e-288	3.07986e-288	3.07986e-288	3.07986e-288	3.07986e-288	3.07986e-288	3.07986e-288	3.07986e-288	3.07986e-288	3.07986e-288	3.07986e-288	3.07986e-288	3.07986e-288	3.07986e-288	3.07986e-288	3.07986e-288	3.07986e-288	3.07986e-288	3.07986e-288	3.07986e-288	3.07986e-288	3.07986e-288	3.07986e-288	3.07986e-288	3.07986e-288	3.07986e-288	3.07986e-288	3.07986e-288	3.07986e-288
17.02	4.77399e-270	4.77399e-270	4.77399e-270	4.77399e-270	4.77399e-270	4.77399e-270	4.77399e-270	4.77399e-270	4.77399e-270	4.77399e-270	4.77399e-270	4.77399e-270	4.77399e-270	4.77399e-270	4.77399e-270	4.77399e-270	4.77399e-270	4.77399e-270	4.77399e-270	4.77399e-270	4.77399e-270	4.77399e-270	4.77399e-270	4.77399e-270	4.77399e-270	4.77399e-270	4.77399e-270	4.77399e-270	4.77399e-270	4.77399e-270	4.77399e-270	4.77399e-270	4.77399e-270	4.77399e-270	4.77399e-270	4.77399e-270	4.77399e-270	4.77399e-270	4.77399e-270	4.77399e-270	4.77399e-270	4.77399e-270	4.77399e-270	4.77399e-270	4.77399e-270	4.77399e-270	4.77399e-270	4.77399e-270	4.77399e-270	4.77399e-270	4.77399e-270	4.77399e-270	4.77399e-270	4.77399e-270	4.77399e-270	4.77399e-270	4.77399e-270	4.77399e-270	4.77399e-270	4.77399e-270	4.77399e-270	4.77399e-270	4.77399e-270	4.77399e-270	4.77399e-270	4.77399e-270	4.77399e-270	4.77399e-270	4.77399e-270	4.77399e-270	4.77399e-270	4.77399e-270	4.77399e-270	4.77399e-270	4.77399e-270	4.77399e-270	4.77399e-270	4.77399e-270	4.77399e-270	4.77399e-270	4.77399e-270	4.77399e-270	4.77399e-270	4.77399e-270	4.77399e-270	4.77399e-270	4.77399e-270	4.77399e-270	4.77399e-270	4.77399e-270	4.77399e-270	4.77399e-270	4.77399e-270	4.77399e-270	4.77399e-270	4.77399e-270	4.77399e-270	4.77399e-270	4.77399e-270	4.77399e-270	4.77399e-270	4.77399e-270	4.77399e-270	4.77399e-270	4.77399e-270	4.77399e-270	4.77399e-270	4.77399e-270	4.77399e-270	4.77399e-270	4.77399e-270	4.77399e-270	4.77399e-270	4.77399e-270	4.77399e-270	4.77399e-270	4.77399e-270	4.77399e-270	4.77399e-270	4.77399e-270	4.77399e-270	4.77399e-270	4.77399e-270	4.77399e-270	4.77399e-270	4.77399e-270	4.77399e-270	4.77399e-270	4.77399e-270	4.77399e-270	4.77399e-270	4.77399e-270	4.77399e-270	4.77399e-270	4.77399e-270	4.77399e-270	4.77399e-270	4.77399e-270	4.77399e-270	4.77399e-270	4.77399e-270	4.77399e-270	4.77399e-270	4.77399e-270	4.77399e-270	4.77399e-270	4.77399e-270	4.77399e-270	4.77399e-270	4.77399e-270	4.77399e-270	4.77399e-270	4.77399e-270	4.77399e-270	4.77399e-270	4.77399e-270	4.77399e-270	4.77399e-270	4.77399e-270	4.77399e-270	4.77399e-270	4.77399e-270	4.77399e-270	4.77399e-270	4.77399e-270	4.77399e-270	4.77399e-270	4.77399e-270	4.77399e-270	4.77399e-270	4.77399e-270	4.77399e-270	4.77399e-270	4.77399e-270	4.77399e-270	4.77399e-270	4.77399e-270	4.77399e-270	4.77399e-270	4.77399e-270	4.77399e-270	4.77399e-270	4.77399e-270	4.77399e-270	4.77399e-270	4.77399e-270
17.05	3.16479e-253	3.16479e-253	3.16479e-253	3.16479e-253	3.16479e-253	3.16479e-253	3.16479e-253	3.16479e-253	3.16479e-253	3.16479e-253	3.16479e-253	3.16479e-253	3.16479e-253	3.16479e-253	3.16479e-253	3.16479e-253	3.16479e-253	3.16479e-253	3.16479e-253	3.16479e-253	3.16479e-253	3.16479e-253	3.16479e-253	3.16479e-253	3.16479e-253	3.16479e-253	3.16479e-253	3.16479e-253	3.16479e-253	3.16479e-253	3.16479e-253	3.16479e-253	3.16479e-253	3.16479e-253	3.16479e-253	3.16479e-253	3.16479e-253	3.16479e-253	3.16479e-253	3.16479e-253	3.16479e-253	3.16479e-253	3.16479e-253	3.16479e-253	3.16479e-253	3.16479e-253	3.16479e-253	3.16479e-253	3.16479e-253	3.16479e-253	3.16479e-253	3.16479e-253	3.16479e-253	3.16479e-253	3.16479e-253	3.16479e-253	3.16479e-253	3.16479e-253	3.16479e-253	3.16479e-253	3.16479e-253	3.16479e-253	3.16479e-253	3.16479e-253	3.16479e-253	3.16479e-253	3.16479e-253	3.16479e-253	3.16479e-253	3.16479e-253	3.16479e-253	3.16479e-253	3.16479e-253	3.16479e-253	3.16479e-253	3.16479e-253	3.16479e-253	3.16479e-253	3.16479e-253	3.16479e-253	3.16479e-253	3.16479e-253	3.16479e-253	3.16479e-253	3.16479e-253	3.16479e-253	3.16479e-253	3.16479e-253	3.16479e-253	3.16479e-253	3.16479e-253	3.16479e-253	3.16479e-253	3.16479e-253	3.16479e-253	3.16479e-253	3.16479e-253	3.16479e-253	3.16479e-253	3.16479e-253	3.16479e-253	3.16479e-253	3.16479e-253	3.16479e-253	3.16479e-253	3.16479e-253	3.16479e-253	3.16479e-253	3.16479e-253	3.16479e-253	3.16479e-253	3.16479e-253	3.16479e-253	3.16479e-253	3.16479e-253	3.16479e-253	3.16479e-253	3.16479e-253	3.16479e-253	3.16479e-253	3.16479e-253	3.16479e-253	3.16479e-253	3.16479e-253	3.16479e-253	3.16479e-253	3.16479e-253	3.16479e-253	3.16479e-253	3.16479e-253	3.16479e-253	3.16479e-253	3.16479e-253	3.16479e-253	3.16479e-253	3.16479e-253	3.16479e-253	3.16479e-253	3.16479e-253	3.16479e-253	3.16479e-253	3.16479e-253	3.16479e-253	3.16479e-253	3.16479e-253	3.16479e-253	3.16479e-253	3.16479e-253	3.16479e-253	3.16479e-253	3.16479e-253	3.16479e-253	3.16479e-253	3.16479e-253	3.16479e-253	3.16479e-253	3.16479e-253	3.16479e-253	3.16479e-253	3.16479e-253	3.16479e-253	3.16479e-253	3.16479e-253	3.16479e-253	3.16479e-253	3.16479e-253	3.16479e-253	3.16479e-253	3.16479e-253	3.16479e-253	3.16479e-253	3.16479e-253	3.16479e-253	3.16479e-253	3.16479e-253	3.16479e-253	3.16479e-253	3.16479e-253	3.16479e-253	3.16479e-253	3.16479e-253	3.16479e-253	3.16479e-253	3.16479e-253	3.16479e-253	3.16479e-253
17.09	1.19104e-237	1.19104e-237	1.19104e-237	1.19104e-237	1.19104e-237	1.19104e-237	1.19104e-237	1.19104e-237	1.19104e-237	1.19104e-237	1.19104e-237	1.19104e-237	1.19104e-237	1.19104e-237	1.19104e-237	1.19104e-237	1.19104e-237	1.19104e-237	1.19104e-237	1.19104e-237	1.19104e-237	1.19104e-237	1.19104e-237	1.19104e-237	1.19104e-237	1.19104e-237	1.19104e-237	1.19104e-237	1.19104e-237	1.19104e-237	1.19104e-237	1.19104e-237	1.19104e-237	1.19104e-237	1.19104e-237	1.19104e-237	1.19104e-237	1.19104e-237	1.19104e-237	1.19104e-237	1.19104e-237	1.19104e-237	1.19104e-237	1.19104e-237	1.19104e-237	1.19104e-237	1.19104e-237	1.19104e-237	1.19104e-237	1.19104e-237	1.19104e-237	1.19104e-237	1.19104e-237	1.19104e-237	1.19104e-237	1.19104e-237	1.19104e-237	1.19104e-237	1.19104e-237	1.19104e-237	1.19104e-237	1.19104e-237	1.19104e-237	1.19104e-237	1.19104e-237	1.19104e-237	1.19104e-237	1.19104e-237	1.19104e-237	1.19104e-237	1.19104e-237	1.19104e-237	1.19104e-237	1.19104e-237	1.19104e-237	1.19104e-237	1.19104e-237	1.19104e-237	1.19104e-237	1.19104e-237	1.19104e-237	1.19104e-237	1.19104e-237	1.19104e-237	1.19104e-237	1.19104e-237	1.19104e-237	1.19104e-237	1.19104e-237	1.19104e-237	1.19104e-237	1.19104e-237	1.19104e-237	1.19104e-237	1.19104e-237	1.19104e-237	1.19104e-237	1.19104e-237	1.19104e-237	1.19104e-237	1.19104e-237	1.19104e-237	1.19104e-237	1.19104e-237	1.19104e-237	1.19104e-237	1.19104e-237	1.19104e-237	1.19104e-237	1.19104e-237	1.19104e-237	1.19104e-237	1.19104e-237	1.19104e-237	1.19104e-237	1.19104e-237	1.19104e-237	1.19104e-237	1.19104e-237	1.19104e-237	1.19104e-237	1.19104e-237	1.19104e-237	1.19104e-237	1.19104e-237	1.19104e-237	1.19104e-237	1.19104e-237	1.19104e-237	1.19104e-237	1.19104e-237	1.19104e-237	1.19104e-237	1.19104e-237	1.19104e-237	1.19104e-237	1.19104e-237	1.19104e-237	1.19104e-237	1.19104e-237	1.19104e-237	1.19104e-237	1.19104e-237	1.19104e-237	1.19104e-237	1.19104e-237	1.19104e-237	1.19104e-237	1.19104e-237	1.19104e-237	1.19104e-237	1.19104e-237	1.19104e-237	1.19104e-237	1.19104e-237	1.19104e-237	1.19104e-237	1.19104e-237	1.19104e-237	1.19104e-237	1.19104e-237	1.19104e-237	1.19104e-237	1.19104e-237	1.19104e-237	1.19104e-237	1.19104e-237	1.19104e-237	1.19104e-237	1.19104e-237	1.19104e-237	1.19104e-237	1.19104e-237	1.19104e-237	1.19104e-237	1.19104e-237	1.19104e-237	1.19104e-237	1.19104e-237	1.19104e-237	1.19104e-237	1.19104e-237	1.19104e-237	1.19104e-237	1.19104e-237	1.19104e-237
17.12	3.57244e-223	3.57244e-223	3.57244e-223	3.57244e-223	3.57244e-223	3.57244e-223	3.57244e-223	3.57244e-223	3.57244e-223	3.57244e-223	3.57244e-223	3.57244e-223	3.57244e-223	3.57244e-223	3.57244e-223	3.57244e-223	3.57244e-223	3.57244e-223	3.57244e-223	3.57244e-223	3.57244e-223	3.57244e-223	3.57244e-223	3.57244e-223	3.57244e-223	3.57244e-223	3.57244e-223	3.57244e-223	3.57244e-223	3.57244e-223	3.57244e-223	3.57244e-223	3.57244e-223	3.57244e-223	3.57244e-223	3.57244e-223	3.57244e-223	3.57244e-223	3.57244e-223	3.57244e-223	3.57244e-223	3.57244e-223	3.57244e-223	3.57244e-223	3.57244e-223	3.57244e-223	3.57244e-223	3.57244e-223	3.57244e-223	3.57244e-223	3.57244e-223	3.57244e-223	3.57244e-223	3.57244e-223	3.57244e-223	3.57244e-223	3.57244e-223	3.57244e-223	3.57244e-223	3.57244e-223	3.57244e-223	3.57244e-223	3.57244e-223	3.57244e-223	3.57244e-223	3.57244e-223	3.57244e-223	3.57244e-223	3.57244e-223	3.57244e-223	3.57244e-223	3.57244e-223	3.57244e-223	3.57244e-223	3.57244e-223	3.57244e-223	3.57244e-223	3.57244e-223	3.57244e-223	3.57244e-223	3.57244e-223	3.57244e-223	3.57244e-223	3.57244e-223	3.57244e-223	3.57244e-223	3.57244e-223	3.57244e-223	3.57244e-223	3.57244e-223	3.57244e-223	3.57244e-223	3.57244e-223	3.57244e-223	3.57244e-223	3.57244e-223	3.57244e-223	3.57244e-223	3.57244e-223	3.57244e-223	3.57244e-223	3.57244e-223	3.57244e-223	3.57244e-223	3.57244e-223	3.57244e-223	3.57244e-223	3.57244e-223	3.57244e-223	3.57244e-223	3.57244e-223	3.57244e-223	3.57244e-223	3.57244e-223	3.57244e-223	3.57244e-223	3.57244e-223	3.57244e-223	3.57244e-223	3.57244e-223	3.57244e-223	3.57244e-223	3.57244e-223	3.57244e-223	3.57244e-223	3.57244e-223	3.57244e-223	3.57244e-223	3.57244e-223	3.57244e-223	3.57244e-223	3.57244e-223	3.57244e-223	3.57244e-223	3.57244e-223	3.57244e-223	3.57244e-223	3.57244e-223	3.57244e-223	3.57244e-223	3.57244e-223	3.57244e-223	3.57244e-223	3.57244e-223	3.57244e-223	3.57244e-223	3.57244e-223	3.57244e-223	3.57244e-223	3.57244e-223	3.57244e-223	3.57244e-223	3.57244e-223	3.57244e-223	3.57244e-223	3.57244e-223	3.57244e-223	3.57244e-223	3.57244e-223	3.57244e-223	3.57244e-223	3.57244e-223	3.57244e-223	3.57244e-223	3.57244e-223	3.57244e-223	3.57244e-223	3.57244e-223	3.57244e-223	3.57244e-223	3.57244e-223	3.57244e-223	3.57244e-223	3.57244e-223	3.57244e-223	3.57244e-223	3.57244e-223	3.57244e-223	3.57244e-223	3.57244e-223	3.57244e-223	3.57244e-223	3.57244e-223	3.57244e-223	3.57244e-223	3.57244e-223
17.15	8.97967e-210	8.97967e-210	8.97967e-210	8.97967e-210	8.97967e-210	8.97967e-210	8.97967e-210	8.97967e-210	8.97967e-210	8.97967e-210	8.97967e-210	8.97967e-210	8.97967e-210	8.97967e-210	8.97967e-210	8.97967e-210	8.97967e-210	8.97967e-210	8.97967e-210	8.97967e-210	8.97967e-210	8.97967e-210	8.97967e-210	8.97967e-210	8.97967e-210	8.97967e-210	8.97967e-210	8.97967e-210	8.97967e-210	8.97967e-210	8.97967e-210	8.97967e-210	8.97967e-210	8.97967e-210	8.97967e-210	8.97967e-210	8.97967e-210	8.97967e-210	8.97967e-210	8.97967e-210	8.97967e-210	8.97967e-210	8.97967e-210	8.97967e-210	8.97967e-210	8.97967e-210	8.97967e-210	8.97967e-210	8.97967e-210	8.97967e-210	8.97967e-210	8.97967e-210	8.97967e-210	8.97967e-210	8.97967e-210	8.97967e-210	8.97967e-210	8.97967e-210	8.97967e-210	8.97967e-210	8.97967e-210	8.97967e-210	8.97967e-210	8.97967e-210	8.97967e-210	8.97967e-210	8.97967e-210	8.97967e-210	8.97967e-210	8.97967e-210	8.97967e-210	8.97967e-210	8.97967e-210	8.97967e-210	8.97967e-210	8.97967e-210	8.97967e-210	8.97967e-210	8.97967e-210	8.97967e-210	8.97967e-210	8.97967e-210	8.97967e-210	8.97967e-210	8.97967e-210	8.97967e-210	8.97967e-210	8.97967e-210	8.97967e-210	8.97967e-210	8.97967e-210	8.97967e-210	8.97967e-210	8.97967e-210	8.97967e-210	8.97967e-210	8.97967e-210	8.97967e-210	8.97967e-210	8.97967e-210	8.97967e-210	8.97967e-210	8.97967e-210	8.97967e-210	8.97967e-210	8.97967e-210	8.97967e-210	8.97967e-210	8.97967e-210	8.97967e-210	8.97967e-210	8.97967e-210	8.97967e-210	8.97967e-210	8.97967e-210	8.97967e-210	8.97967e-210	8.97967e-210	8.97967e-210	8.97967e-210	8.97967e-210	8.97967e-210	8.97967e-210	8.97967e-210	8.97967e-210	8.97967e-210	8.97967e-210	8.97967e-210	8.97967e-210	8.97967e-210	8.97967e-210	8.97967e-210	8.97967e-210	8.97967e-210	8.97967e-210	8.97967e-210	8.97967e-210	8.97967e-210	8.97967e-210	8.97967e-210	8.97967e-210	8.97967e-210	8.97967e-210	8.97967e-210	8.97967e-210	8.97967e-210	8.97967e-210	8.97967e-210	8.97967e-210	8.97967e-210	8.97967e-210	8.97967e-210	8.97967e-210	8.97967e-210	8.97967e-210	8.97967e-210	8.97967e-210	8.97967e-210	8.97967e-210	8.97967e-210	8.97967e-210	8.97967e-210	8.97967e-210	8.97967e-210	8.97967e-210	8.97967e-210	8.97967e-210	8.97967e-210	8.97967e-210	8.97967e-210	8.97967e-210	8.97967e-210	8.97967e-210	8.97967e-210	8.97967e-210	8.97967e-210	8.97967e-210	8.97967e-210	8.97967e-210	8.97967e-210	8.97967e-210	8.97967e-210	8.97967e-210	8.97967e-210	8.97967e-210	8.97967e-210
17.19	2.11750e-197	2.11750e-197	2.11750e-197	2.11750e-197	2.11750e-197	2.11750e-197	2.11750e-197	2.11750e-197	2.11750e-197	2.11750e-197	2.11750e-197	2.11750e-197	2.11750e-197	2.11750e-197	2.11750e-197	2.11750e-197	2.11750e-197	2.11750e-197	2.11750e-197	2.11750e-197	2.11750e-197	2.11750e-197	2.11750e-197	2.11750e-197	2.11750e-197	2.11750e-197	2.11750e-197	2.11750e-197	2.11750e-197	2.11750e-197	2.11750e-197	2.11750e-197	2.11750e-197	2.11750e-197	2.11750e-197	2.11750e-197	2.11750e-197	2.11750e-197	2.11750e-197	2.11750e-197	2.11750e-197	2.11750e-197	2.11750e-197	2.11750e-197	2.11750e-197	2.11750e-197	2.11750e-197	2.11750e-197	2.11750e-197	2.11750e-197	2.11750e-197	2.11750e-197	2.11750e-197	2.11750e-197	2.11750e-197	2.11750e-197	2.11750e-197	2.11750e-197	2.11750e-197	2.11750e-197	2.11750e-197	2.11750e-197	2.11750e-197	2.11750e-197	2.11750e-197	2.11750e-197	2.11750e-197	2.11750e-197	2.11750e-197	2.11750e-197	2.11750e-197	2.11750e-197	2.11750e-197	2.11750e-197	2.11750e-197	2.11750e-197	2.11750e-197	2.11750e-197	2.11750e-197	2.11750e-197	2.11750e-197	2.11750e-197	2.11750e-197	2.11750e-197	2.11750e-197	2.11750e-197	2.11750e-197	2.11750e-197	2.11750e-197	2.11750e-197	2.11750e-197	2.11750e-197	2.11750e-197	2.11750e-197	2.11750e-197	2.11750e-197	2.11750e-197	2.11750e-197	2.11750e-197	2.11750e-197	2.11750e-197	2.11750e-197	2.11750e-197	2.11750e-197	2.11750e-197	2.11750e-197	2.11750e-197	2.11750e-197	2.11750e-197	2.11750e-197	2.11750e-197	2.11750e-197	2.11750e-197	2.11750e-197	2.11750e-197	2.11750e-197	2.11750e-197	2.11750e-197	2.11750e-197	2.11750e-197	2.11750e-197	2.11750e-197	2.11750e-197	2.11750e-197	2.11750e-197	2.11750e-197	2.11750e-197	2.11750e-197	2.11750e-197	2.11750e-197	2.11750e-197	2.11750e-197	2.11750e-197	2.11750e-197	2.11750e-197	2.11750e-197	2.11750e-197	2.11750e-197	2.11750e-197	2.11750e-197	2.11750e-197	2.11750e-197	2.11750e-197	2.11750e-197	2.11750e-197	2.11750e-197	2.11750e-197	2.11750e-197	2.11750e-197	2.11750e-197	2.11750e-197	2.11750e-197	2.11750e-197	2.11750e-197	2.11750e-197	2.11750e-197	2.11750e-197	2.11750e-197	2.11750e-197	2.11750e-197	2.11750e-197	2.11750e-197	2.11750e-197	2.11750e-197	2.11750e-197	2.11750e-197	2.11750e-197	2.11750e-197	2.11750e-197	2.11750e-197	2.11750e-197	2.11750e-197	2.11750e-197	2.11750e-197	2.11750e-197	2.11750e-197	2.11750e-197	2.11750e-197	2.11750e-197	2.11750e-197	2.11750e-197	2.11750e-197	2.11750e-197	2.11750e-197	2.11750e-197	2.11750e-197
17.22	5.72238e-186	5.72238e-186	5.72238e-186	5.72238e-186	5.72238e-186	5.72238e-186	5.72238e-186	5.72238e-186	5.72238e-186	5.72238e-186	5.72238e-186	5.72238e-186	5.72238e-186	5.72238e-186	5.72238e-186	5.72238e-186	5.72238e-186	5.72238e-186	5.72238e-186	5.72238e-186	5.72238e-186	5.72238e-186	5.72238e-186	5.72238e-186	5.72238e-186	5.72238e-186	5.72238e-186	5.72238e-186	5.72238e-186	5.72238e-186	5.72238e-186	5.72238e-186	5.72238e-186	5.72238e-186	5.72238e-186	5.72238e-186	5.72238e-186	5.72238e-186	5.72238e-186	5.72238e-186	5.72238e-186	5.72238e-186	5.72238e-186	5.72238e-186	5.72238e-186	5.72238e-186	5.72238e-186	5.72238e-186	5.72238e-186	5.72238e-186	5.72238e-186	5.72238e-186	5.72238e-186	5.72238e-186	5.72238e-186	5.72238e-186	5.72238e-186	5.72238e-186	5.72238e-186	5.72238e-186	5.72238e-186	5.72238e-186	5.72238e-186	5.72238e-186	5.72238e-186	5.72238e-186	5.72238e-186	5.72238e-186	5.72238e-186	5.72238e-186	5.72238e-186	5.72238e-186	5.72238e-186	5.72238e-186	5.72238e-186	5.72238e-186	5.72238e-186	5.72238e-186	5.72238e-186	5.72238e-186	5.72238e-186	5.72238e-186	5.72238e-186	5.72238e-186	5.72238e-186	5.72238e-186	5.72238e-186	5.72238e-186	5.72238e-186	5.72238e-186	5.72238e-186	5.72238e-186	5.72238e-186	5.72238e-186	5.72238e-186	5.72238e-186	5.72238e-186	5.72238e-186	5.72238e-186	5.72238e-186	5.72238e-186	5.72238e-186	5.72238e-186	5.72238e-186	5.72238e-186	5.72238e-186	5.72238e-186	5.72238e-186	5.72238e-186	5.72238e-186	5.72238e-186	5.72238e-186	5.72238e-186	5.72238e-186	5.72238e-186	5.72238e-186	5.72238e-186	5.72238e-186	5.72238e-186	5.72238e-186	5.72238e-186	5.72238e-186	5.72238e-186	5.72238e-186	5.72238e-186	5.72238e-186	5.72238e-186	5.72238e-186	5.72238e-186	5.72238e-186	5.72238e-186	5.72238e-186	5.72238e-186	5.72238e-186	5.72238e-186	5.72238e-186	5.72238e-186	5.72238e-186	5.72238e-186	5.72238e-186	5.72238e-186	5.72238e-186	5.72238e-186	5.72238e-186	5.72238e-186	5.72238e-186	5.72238e-186	5.72238e-186	5.72238e-186	5.72238e-186	5.72238e-186	5.72238e-186	5.72238e-186	5.72238e-186	5.72238e-186	5.72238e-186	5.72238e-186	5.72238e-186	5.72238e-186	5.72238e-186	5.72238e-186	5.72238e-186	5.72238e-186	5.72238e-186	5.72238e-186	5.72238e-186	5.72238e-186	5.72238e-186	5.72238e-186	5.72238e-186	5.72238e-186	5.72238e-186	5.72238e-186	5.72238e-186	5.72238e-186	5.72238e-186	5.72238e-186	5.72238e-186	5.72238e-186	5.72238e-186	5.72238e-186	5.72238e-186	5.72238e-186	5.72238e-186	5.72238e-186	5.72238e-186
17.26	2.08419e-175	2.08419e-175	2.08419e-175	2.08419e-175	2.08419e-175	2.08419e-175	2.08419e-175	2.08419e-175	2.08419e-175	2.08419e-175	2.08419e-175	2.08419e-175	2.08419e-175	2.08419e-175	2.08419e-175	2.08419e-175	2.08419e-175	2.08419e-175	2.08419e-175	2.08419e-175	2.08419e-175	2.08419e-175	2.08419e-175	2.08419e-175	2.08419e-175	2.08419e-175	2.08419e-175	2.08419e-175	2.08419e-175	2.08419e-175	2.08419e-175	2.08419e-175	2.08419e-175	2.08419e-175	2.08419e-175	2.08419e-175	2.08419e-175	2.08419e-175	2.08419e-175	2.08419e-175	2.08419e-175	2.08419e-175	2.08419e-175	2.08419e-175	2.08419e-175	2.08419e-175	2.08419e-175	2.08419e-175	2.08419e-175	2.08419e-175	2.08419e-175	2.08419e-175	2.08419e-175	2.08419e-175	2.08419e-175	2.08419e-175	2.08419e-175	2.08419e-175	2.08419e-175	2.08419e-175	2.08419e-175	2.08419e-175	2.08419e-175	2.08419e-175	2.08419e-175	2.08419e-175	2.08419e-175	2.08419e-175	2.08419e-175	2.08419e-175	2.08419e-175	2.08419e-175	2.08419e-175	2.08419e-175	2.08419e-175	2.08419e-175	2.08419e-175	2.08419e-175	2.08419e-175	2.08419e-175	2.08419e-175	2.08419e-175	2.08419e-175	2.08419e-175	2.08419e-175	2.08419e-175	2.08419e-175	2.08419e-175	2.08419e-175	2.08419e-175	2.08419e-175	2.08419e-175	2.08419e-175	2.08419e-175	2.08419e-175	2.08419e-175	2.08419e-175	2.08419e-175	2.08419e-175	2.08419e-175	2.08419e-175	2.08419e-175	2.08419e-175	2.08419e-175	2.08419e-175	2.08419e-175	2.08419e-175	2.08419e-175	2.08419e-175	2.08419e-175	2.08419e-175	2.08419e-175	2.08419e-175	2.08419e-175	2.08419e-175	2.08419e-175	2.08419e-175	2.08419e-175	2.08419e-175	2.08419e-175	2.08419e-175	2.08419e-175	2.08419e-175	2.08419e-175	2.08419e-175	2.08419e-175	2.08419e-175	2.08419e-175	2.08419e-175	2.08419e-175	2.08419e-175	2.08419e-175	2.08419e-175	2.08419e-175	2.08419e-175	2.08419e-175	2.08419e-175	2.08419e-175	2.08419e-175	2.08419e-175	2.08419e-175	2.08419e-175	2.08419e-175	2.08419e-175	2.08419e-175	2.08419e-175	2.08419e-175	2.08419e-175	2.08419e-175	2.08419e-175	2.08419e-175	2.08419e-175	2.08419e-175	2.08419e-175	2.08419e-175	2.08419e-175	2.08419e-175	2.08419e-175	2.08419e-175	2.08419e-175	2.08419e-175	2.08419e-175	2.08419e-175	2.08419e-175	2.08419e-175	2.08419e-175	2.08419e-175	2.08419e-175	2.08419e-175	2.08419e-175	2.08419e-175	2.08419e-175	2.08419e-175	2.08419e-175	2.08419e-175	2.08419e-175	2.08419e-175	2.08419e-175	2.08419e-175	2.08419e-175	2.08419e-175	2.08419e-175	2.08419e-175	2.08419e-175	2.08419e-175	2.08419e-175
17.29	1.19028e-165	1.19028e-165	1.19028e-165	1.19028e-165	1.19028e-165	1.19028e-165	1.19028e-165	1.19028e-165	1.19028e-165	1.19028e-165	1.19028e-165	1.19028e-165	1.19028e-165	1.19028e-165	1.19028e-165	1.19028e-165	1.19028e-165	1.19028e-165	1.19028e-165	1.19028e-165	1.19028e-165	1.19028e-165	1.19028e-165	1.19028e-165	1.19028e-165	1.19028e-165	1.19028e-165	1.19028e-165	1.19028e-165	1.19028e-165	1.19028e-165	1.19028e-165	1.19028e-165	1.19028e-165	1.19028e-165	1.19028e-165	1.19028e-165	1.19028e-165	1.19028e-165	1.19028e-165	1.19028e-165	1.19028e-165	1.19028e-165	1.19028e-165	1.19028e-165	1.19028e-165	1.19028e-165	1.19028e-165	1.19028e-165	1.19028e-165	1.19028e-165	1.19028e-165	1.19028e-165	1.19028e-165	1.19028e-165	1.19028e-165	1.19028e-165	1.19028e-165	1.19028e-165	1.19028e-165	1.19028e-165	1.19028e-165	1.19028e-165	1.19028e-165	1.19028e-165	1.19028e-165	1.19028e-165	1.19028e-165	1.19028e-165	1.19028e-165	1.19028e-165	1.19028e-165	1.19028e-165	1.19028e-165	1.19028e-165	1.19028e-165	1.19028e-165	1.19028e-165	1.19028e-165	1.19028e-165	1.19028e-165	1.19028e-165	1.19028e-165	1.19028e-165	1.19028e-165	1.19028e-165	1.19028e-165	1.19028e-165	1.19028e-165	1.19028e-165	1.19028e-165	1.19028e-165	1.19028e-165	1.19028e-165	1.19028e-165	1.19028e-165	1.19028e-165	1.19028e-165	1.19028e-165	1.19028e-165	1.19028e-165	1.19028e-165	1.19028e-165	1.19028e-165	1.19028e-165	1.19028e-165	1.19028e-165	1.19028e-165	1.19028e-165	1.19028e-165	1.19028e-165	1.19028e-165	1.19028e-165	1.19028e-165	1.19028e-165	1.19028e-165	1.19028e-165	1.19028e-165	1.19028e-165	1.19028e-165	1.19028e-165	1.19028e-165	1.19028e-165	1.19028e-165	1.19028e-165	1.19028e-165	1.19028e-165	1.19028e-165	1.19028e-165	1.19028e-165	1.19028e-165	1.19028e-165	1.19028e-165	1.19028e-165	1.19028e-165	1.19028e-165	1.19028e-165	1.19028e-165	1.19028e-165	1.19028e-165	1.19028e-165	1.19028e-165	1.19028e-165	1.19028e-165	1.19028e-165	1.19028e-165	1.19028e-165	1.19028e-165	1.19028e-165	1.19028e-165	1.19028e-165	1.19028e-165	1.19028e-165	1.19028e-165	1.19028e-165	1.19028e-165	1.19028e-165	1.19028e-165	1.19028e-165	1.19028e-165	1.19028e-165	1.19028e-165	1.19028e-165	1.19028e-165	1.19028e-165	1.19028e-165	1.19028e-165	1.19028e-165	1.19028e-165	1.19028e-165	1.19028e-165	1.19028e-165	1.19028e-165	1.19028e-165	1.19028e-165	1.19028e-165	1.19028e-165	1.19028e-165	1.19028e-165	1.19028e-165	1.19028e-165	1.19028e-165	1.19028e-165	1.19028e-165	1.19028e-165	1.19028e-165
17.32	1.25036e-156	1.25036e-156	1.25036e-156	1.25036e-156	1.25036e-156	1.25036e-156	1.25036e-156	1.25036e-156	1.25036e-156	1.25036e-156	1.25036e-156	1.25036e-156	1.25036e-156	1.25036e-156	1.25036e-156	1.25036e-156	1.25036e-156	1.25036e-156	1.25036e-156	1.25036e-156	1.25036e-156	1.25036e-156	1.25036e-156	1.25036e-156	1.25036e-156	1.25036e-156	1.25036e-156	1.25036e-156	1.25036e-156	1.25036e-156	1.25036e-156	1.25036e-156	1.25036e-156	1.25036e-156	1.25036e-156	1.25036e-156	1.25036e-156	1.25036e-156	1.25036e-156	1.25036e-156	1.25036e-156	1.25036e-156	1.25036e-156	1.25036e-156	1.25036e-156	1.25036e-156	1.25036e-156	1.25036e-156	1.25036e-156	1.25036e-156	1.25036e-156	1.25036e-156	1.25036e-156	1.25036e-156	1.25036e-156	1.25036e-156	1.25036e-156	1.25036e-156	1.25036e-156	1.25036e-156	1.25036e-156	1.25036e-156	1.25036e-156	1.25036e-156	1.25036e-156	1.25036e-156	1.25036e-156	1.25036e-156	1.25036e-156	1.25036e-156	1.25036e-156	1.25036e-156	1.25036e-156	1.25036e-156	1.25036e-156	1.25036e-156	1.25036e-156	1.25036e-156	1.25036e-156	1.25036e-156	1.25036e-156	1.25036e-156	1.25036e-156	1.25036e-156	1.25036e-156	1.25036e-156	1.25036e-156	1.25036e-156	1.25036e-156	1.25036e-156	1.25036e-156	1.25036e-156	1.25036e-156	1.25036e-156	1.25036e-156	1.25036e-156	1.25036e-156	1.25036e-156	1.25036e-156	1.25036e-156	1.25036e-156	1.25036e-156	1.25036e-156	1.25036e-156	1.25036e-156	1.25036e-156	1.25036e-156	1.25036e-156	1.25036e-156	1.25036e-156	1.25036e-156	1.25036e-156	1.25036e-156	1.25036e-156	1.25036e-156	1.25036e-156	1.25036e-156	1.25036e-156	1.25036e-156	1.25036e-156	1.25036e-156	1.25036e-156	1.25036e-156	1.25036e-156	1.25036e-156	1.25036e-156	1.25036e-156	1.25036e-156	1.25036e-156	1.25036e-156	1.25036e-156	1.25036e-156	1.25036e-156	1.25036e-156	1.25036e-156	1.25036e-156	1.25036e-156	1.25036e-156	1.25036e-156	1.25036e-156	1.25036e-156	1.25036e-156	1.25036e-156	1.25036e-156	1.25036e-156	1.25036e-156	1.25036e-156	1.25036e-156	1.25036e-156	1.25036e-156	1.25036e-156	1.25036e-156	1.25036e-156	1.25036e-156	1.25036e-156	1.25036e-156	1.25036e-156	1.25036e-156	1.25036e-156	1.25036e-156	1.25036e-156	1.25036e-156	1.25036e-156	1.25036e-156	1.25036e-156	1.25036e-156	1.25036e-156	1.25036e-156	1.25036e-156	1.25036e-156	1.25036e-156	1.25036e-156	1.25036e-156	1.25036e-156	1.25036e-156	1.25036e-156	1.25036e-156	1.25036e-156	1.25036e-156	1.25036e-156	1.25036e-156	1.25036e-156	1.25036e-156	1.25036e-156	1.25036e-156	1.25036e-156
17.36	3.14657e-148	3.14657e-148	3.14657e-148	3.14657e-148	3.14657e-148	3.14657e-148	3.14657e-148	3.14657e-148	3.14657e-148	3.14657e-148	3.14657e-148	3.14657e-148	3.14657e-148	3.14657e-148	3.14657e-148	3.14657e-148	3.14657e-148	3.14657e-148	3.14657e-148	3.14657e-148	3.14657e-148	3.14657e-148	3.14657e-148	3.14657e-148	3.14657e-148	3.14657e-148	3.14657e-148	3.14657e-148	3.14657e-148	3.14657e-148	3.14657e-148	3.14657e-148	3.14657e-148	3.14657e-148	3.14657e-148	3.14657e-148	3.14657e-148	3.14657e-148	3.14657e-148	3.14657e-148	3.14657e-148	3.14657e-148	3.14657e-148	3.14657e-148	3.14657e-148	3.14657e-148	3.14657e-148	3.14657e-148	3.14657e-148	3.14657e-148	3.14657e-148	3.14657e-148	3.14657e-148	3.14657e-148	3.14657e-148	3.14657e-148	3.14657e-148	3.14657e-148	3.14657e-148	3.14657e-148	3.14657e-148	3.14657e-148	3.14657e-148	3.14657e-148	3.14657e-148	3.14657e-148	3.14657e-148	3.14657e-148	3.14657e-148	3.14657e-148	3.14657e-148	3.14657e-148	3.14657e-148	3.14657e-148	3.14657e-148	3.14657e-148	3.14657e-148	3.14657e-148	3.14657e-148	3.14657e-148	3.14657e-148	3.14657e-148	3.14657e-148	3.14657e-148	3.14657e-148	3.14657e-148	3.14657e-148	3.14657e-148	3.14657e-148	3.14657e-148	3.14657e-148	3.14657e-148	3.14657e-148	3.14657e-148	3.14657e-148	3.14657e-148	3.14657e-148	3.14657e-148	3.14657e-148	3.14657e-148	3.14657e-148	3.14657e-148	3.14657e-148	3.14657e-148	3.14657e-148	3.14657e-148	3.14657e-148	3.14657e-148	3.14657e-148	3.14657e-148	3.14657e-148	3.14657e-148	3.14657e-148	3.14657e-148	3.14657e-148	3.14657e-148	3.14657e-148	3.14657e-148	3.14657e-148	3.14657e-148	3.14657e-148	3.14657e-148	3.14657e-148	3.14657e-148	3.14657e-148	3.14657e-148	3.14657e-148	3.14657e-148	3.14657e-148	3.14657e-148	3.14657e-148	3.14657e-148	3.14657e-148	3.14657e-148	3.14657e-148	3.14657e-148	3.14657e-148	3.14657e-148	3.14657e-148	3.14657e-148	3.14657e-148	3.14657e-148	3.14657e-148	3.14657e-148	3.14657e-148	3.14657e-148	3.14657e-148	3.14657e-148	3.14657e-148	3.14657e-148	3.14657e-148	3.14657e-148	3.14657e-148	3.14657e-148	3.14657e-148	3.14657e-148	3.14657e-148	3.14657e-148	3.14657e-148	3.14657e-148	3.14657e-148	3.14657e-148	3.14657e-148	3.14657e-148	3.14657e-148	3.14657e-148	3.14657e-148	3.14657e-148	3.14657e-148	3.14657e-148	3.14657e-148	3.14657e-148	3.14657e-148	3.14657e-148	3.14657e-148	3.14657e-148	3.14657e-148	3.14657e-148	3.14657e-148	3.14657e-148	3.14657e-148	3.14657e-148	3.14657e-148	3.14657e-148	3.14657e-148	3.14657e-148
17.39	1.90575e-140	1.90575e-140	1.90575e-140	1.90575e-140	1.90575e-140	1.90575e-140	1.90575e-140	1.90575e-140	1.90575e-140	1.90575e-140	1.90575e-140	1.90575e-140	1.90575e-140	1.90575e-140	1.90575e-140	1.90575e-140	1.90575e-140	1.90575e-140	1.90575e-140	1.90575e-140	1.90575e-140	1.90575e-140	1.90575e-140	1.90575e-140	1.90575e-140	1.90575e-140	1.90575e-140	1.90575e-140	1.90575e-140	1.90575e-140	1.90575e-140	1.90575e-140	1.90575e-140	1.90575e-140	1.90575e-140	1.90575e-140	1.90575e-140	1.90575e-140	1.90575e-140	1.90575e-140	1.90575e-140	1.90575e-140	1.90575e-140	1.90575e-140	1.90575e-140	1.90575e-140	1.90575e-140	1.90575e-140	1.90575e-140	1.90575e-140	1.90575e-140	1.90575e-140	1.90575e-140	1.90575e-140	1.90575e-140	1.90575e-140	1.90575e-140	1.90575e-140	1.90575e-140	1.90575e-140	1.90575e-140	1.90575e-140	1.90575e-140	1.90575e-140	1.90575e-140	1.90575e-140	1.90575e-140	1.90575e-140	1.90575e-140	1.90575e-140	1.90575e-140	1.90575e-140	1.90575e-140	1.90575e-140	1.90575e-140	1.90575e-140	1.90575e-140	1.90575e-140	1.90575e-140	1.90575e-140	1.90575e-140	1.90575e-140	1.90575e-140	1.90575e-140	1.90575e-140	1.90575e-140	1.90575e-140	1.90575e-140	1.90575e-140	1.90575e-140	1.90575e-140	1.90575e-140	1.90575e-140	1.90575e-140	1.90575e-140	1.90575e-140	1.90575e-140	1.90575e-140	1.90575e-140	1.90575e-140	1.90575e-140	1.90575e-140	1.90575e-140	1.90575e-140	1.90575e-140	1.90575e-140	1.90575e-140	1.90575e-140	1.90575e-140	1.90575e-140	1.90575e-140	1.90575e-140	1.90575e-140	1.90575e-140	1.90575e-140	1.90575e-140	1.90575e-140	1.90575e-140	1.90575e-140	1.90575e-140	1.90575e-140	1.90575e-140	1.90575e-140	1.90575e-140	1.90575e-140	1.90575e-140	1.90575e-140	1.90575e-140	1.90575e-140	1.90575e-140	1.90575e-140	1.90575e-140	1.90575e-140	1.90575e-140	1.90575e-140	1.90575e-140	1.90575e-140	1.90575e-140	1.90575e-140	1.90575e-140	1.90575e-140	1.90575e-140	1.90575e-140	1.90575e-140	1.90575e-140	1.90575e-140	1.90575e-140	1.90575e-140	1.90575e-140	1.90575e-140	1.90575e-140	1.90575e-140	1.90575e-140	1.90575e-140	1.90575e-140	1.90575e-140	1.90575e-140	1.90575e-140	1.90575e-140	1.90575e-140	1.90575e-140	1.90575e-140	1.90575e-140	1.90575e-140	1.90575e-140	1.90575e-140	1.90575e-140	1.90575e-140	1.90575e-140	1.90575e-140	1.90575e-140	1.90575e-140	1.90575e-140	1.90575e-140	1.90575e-140	1.90575e-140	1.90575e-140	1.90575e-140	1.90575e-140	1.90575e-140	1.90575e-140	1.90575e-140	1.90575e-140	1.90575e-140	1.90575e-140	1.90575e-140
17.43	2.87375e-133	2.87375e-133	2.87375e-133	2.87375e-133	2.87375e-133	2.87375e-133	2.87375e-133	2.87375e-133	2.87375e-133	2.87375e-133	2.87375e-133	2.87375e-133	2.87375e-133	2.87375e-133	2.87375e-133	2.87375e-133	2.87375e-133	2.87375e-133	2.87375e-133	2.87375e-133	2.87375e-133	2.87375e-133	2.87375e-133	2.87375e-133	2.87375e-133	2.87375e-133	2.87375e-133	2.87375e-133	2.87375e-133	2.87375e-133	2.87375e-133	2.87375e-133	2.87375e-133	2.87375e-133	2.87375e-133	2.87375e-133	2.87375e-133	2.87375e-133	2.87375e-133	2.87375e-133	2.87375e-133	2.87375e-133	2.87375e-133	2.87375e-133	2.87375e-133	2.87375e-133	2.87375e-133	2.87375e-133	2.87375e-133	2.87375e-133	2.87375e-133	2.87375e-133	2.87375e-133	2.87375e-133	2.87375e-133	2.87375e-133	2.87375e-133	2.87375e-133	2.87375e-133	2.87375e-133	2.87375e-133	2.87375e-133	2.87375e-133	2.87375e-133	2.87375e-133	2.87375e-133	2.87375e-133	2.87375e-133	2.87375e-133	2.87375e-133	2.87375e-133	2.87375e-133	2.87375e-133	2.87375e-133	2.87375e-133	2.87375e-133	2.87375e-133	2.87375e-133	2.87375e-133	2.87375e-133	2.87375e-133	2.87375e-133	2.87375e-133	2.87375e-133	2.87375e-133	2.87375e-133	2.87375e-133	2.87375e-133	2.87375e-133	2.87375e-133	2.87375e-133	2.87375e-133	2.87375e-133	2.87375e-133	2.87375e-133	2.87375e-133	2.87375e-133	2.87375e-133	2.87375e-133	2.87375e-133	2.87375e-133	2.87375e-133	2.87375e-133	2.87375e-133	2.87375e-133	2.87375e-133	2.87375e-133	2.87375e-133	2.87375e-133	2.87375e-133	2.87375e-133	2.87375e-133	2.87375e-133	2.87375e-133	2.87375e-133	2.87375e-133	2.87375e-133	2.87375e-133	2.87375e-133	2.87375e-133	2.87375e-133	2.87375e-133	2.87375e-133	2.87375e-133	2.87375e-133	2.87375e-133	2.87375e-133	2.87375e-133	2.87375e-133	2.87375e-133	2.87375e-133	2.87375e-133	2.87375e-133	2.87375e-133	2.87375e-133	2.87375e-133	2.87375e-133	2.87375e-133	2.87375e-133	2.87375e-133	2.87375e-133	2.87375e-133	2.87375e-133	2.87375e-133	2.87375e-133	2.87375e-133	2.87375e-133	2.87375e-133	2.87375e-133	2.87375e-133	2.87375e-133	2.87375e-133	2.87375e-133	2.87375e-133	2.87375e-133	2.87375e-133	2.87375e-133	2.87375e-133	2.87375e-133	2.87375e-133	2.87375e-133	2.87375e-133	2.87375e-133	2.87375e-133	2.87375e-133	2.87375e-133	2.87375e-133	2.87375e-133	2.87375e-133	2.87375e-133	2.87375e-133	2.87375e-133	2.87375e-133	2.87375e-133	2.87375e-133	2.87375e-133	2.87375e-133	2.87375e-133	2.87375e-133	2.87375e-133	2.87375e-133	2.87375e-133	2.87375e-133	2.87375e-133	2.87375e-133	2.87375e-133
17.46	1.28905e-126	1.28905e-126	1.28905e-126	1.28905e-126	1.28905e-126	1.28905e-126	1.28905e-126	1.28905e-126	1.28905e-126	1.28905e-126	1.28905e-126	1.28905e-126	1.28905e-126	1.28905e-126	1.28905e-126	1.28905e-126	1.28905e-126	1.28905e-126	1.28905e-126	1.28905e-126	1.28905e-126	1.28905e-126	1.28905e-126	1.28905e-126	1.28905e-126	1.28905e-126	1.28905e-126	1.28905e-126	1.28905e-126	1.28905e-126	1.28905e-126	1.28905e-126	1.28905e-126	1.28905e-126	1.28905e-126	1.28905e-126	1.28905e-126	1.28905e-126	1.28905e-126	1.28905e-126	1.28905e-126	1.28905e-126	1.28905e-126	1.28905e-126	1.28905e-126	1.28905e-126	1.28905e-126	1.28905e-126	1.28905e-126	1.28905e-126	1.28905e-126	1.28905e-126	1.28905e-126	1.28905e-126	1.28905e-126	1.28905e-126	1.28905e-126	1.28905e-126	1.28905e-126	1.28905e-126	1.28905e-126	1.28905e-126	1.28905e-126	1.28905e-126	1.28905e-126	1.28905e-126	1.28905e-126	1.28905e-126	1.28905e-126	1.28905e-126	1.28905e-126	1.28905e-126	1.28905e-126	1.28905e-126	1.28905e-126	1.28905e-126	1.28905e-126	1.28905e-126	1.28905e-126	1.28905e-126	1.28905e-126	1.28905e-126	1.28905e-126	1.28905e-126	1.28905e-126	1.28905e-126	1.28905e-126	1.28905e-126	1.28905e-126	1.28905e-126	1.28905e-126	1.28905e-126	1.28905e-126	1.28905e-126	1.28905e-126	1.28905e-126	1.28905e-126	1.28905e-126	1.28905e-126	1.28905e-126	1.28905e-126	1.28905e-126	1.28905e-126	1.28905e-126	1.28905e-126	1.28905e-126	1.28905e-126	1.28905e-126	1.28905e-126	1.28905e-126	1.28905e-126	1.28905e-126	1.28905e-126	1.28905e-126	1.28905e-126	1.28905e-126	1.28905e-126	1.28905e-126	1.28905e-126	1.28905e-126	1.28905e-126	1.28905e-126	1.28905e-126	1.28905e-126	1.28905e-126	1.28905e-126	1.28905e-126	1.28905e-126	1.28905e-126	1.28905e-126	1.28905e-126	1.28905e-126	1.28905e-126	1.28905e-126	1.28905e-126	1.28905e-126	1.28905e-126	1.28905e-126	1.28905e-126	1.28905e-126	1.28905e-126	1.28905e-126	1.28905e-126	1.28905e-126	1.28905e-126	1.28905e-126	1.28905e-126	1.28905e-126	1.28905e-126	1.28905e-126	1.28905e-126	1.28905e-126	1.28905e-126	1.28905e-126	1.28905e-126	1.28905e-126	1.28905e-126	1.28905e-126	1.28905e-126	1.28905e-126	1.28905e-126	1.28905e-126	1.28905e-126	1.28905e-126	1.28905e-126	1.28905e-126	1.28905e-126	1.28905e-126	1.28905e-126	1.28905e-126	1.28905e-126	1.28905e-126	1.28905e-126	1.28905e-126	1.28905e-126	1.28905e-126	1.28905e-126	1.28905e-126	1.28905e-126	1.28905e-126	1.28905e-126	1.28905e-126	1.28905e-126	1.28905e-126	1.28905e-126	1.28905e-126
17.49	1.99897e-120	1.99897e-120	1.99897e-120	1.99897e-120	1.99897e-120	1.99897e-120	1.99897e-120	1.99897e-120	1.99897e-120	1.99897e-120	1.99897e-120	1.99897e-120	1.99897e-120	1.99897e-120	1.99897e-120	1.99897e-120	1.99897e-120	1.99897e-120	1.99897e-120	1.99897e-120	1.99897e-120	1.99897e-120	1.99897e-120	1.99897e-120	1.99897e-120	1.99897e-120	1.99897e-120	1.99897e-120	1.99897e-120	1.99897e-120	1.99897e-120	1.99897e-120	1.99897e-120	1.99897e-120	1.99897e-120	1.99897e-120	1.99897e-120	1.99897e-120	1.99897e-120	1.99897e-120	1.99897e-120	1.99897e-120	1.99897e-120	1.99897e-120	1.99897e-120	1.99897e-120	1.99897e-120	1.99897e-120	1.99897e-120	1.99897e-120	1.99897e-120	1.99897e-120	1.99897e-120	1.99897e-120	1.99897e-120	1.99897e-120	1.99897e-120	1.99897e-120	1.99897e-120	1.99897e-120	1.99897e-120	1.99897e-120	1.99897e-120	1.99897e-120	1.99897e-120	1.99897e-120	1.99897e-120	1.99897e-120	1.99897e-120	1.99897e-120	1.99897e-120	1.99897e-120	1.99897e-120	1.99897e-120	1.99897e-120	1.99897e-120	1.99897e-120	1.99897e-120	1.99897e-120	1.99897e-120	1.99897e-120	1.99897e-120	1.99897e-120	1.99897e-120	1.99897e-120	1.99897e-120	1.99897e-120	1.99897e-120	1.99897e-120	1.99897e-120	1.99897e-120	1.99897e-120	1.99897e-120	1.99897e-120	1.99897e-120	1.99897e-120	1.99897e-120	1.99897e-120	1.99897e-120	1.99897e-120	1.99897e-120	1.99897e-120	1.99897e-120	1.99897e-120	1.99897e-120	1.99897e-120	1.99897e-120	1.99897e-120	1.99897e-120	1.99897e-120	1.99897e-120	1.99897e-120	1.99897e-120	1.99897e-120	1.99897e-120	1.99897e-120	1.99897e-120	1.99897e-120	1.99897e-120	1.99897e-120	1.99897e-120	1.99897e-120	1.99897e-120	1.99897e-120	1.99897e-120	1.99897e-120	1.99897e-120	1.99897e-120	1.99897e-120	1.99897e-120	1.99897e-120	1.99897e-120	1.99897e-120	1.99897e-120	1.99897e-120	1.99897e-120	1.99897e-120	1.99897e-120	1.99897e-120	1.99897e-120	1.99897e-120	1.99897e-120	1.99897e-120	1.99897e-120	1.99897e-120	1.99897e-120	1.99897e-120	1.99897e-120	1.99897e-120	1.99897e-120	1.99897e-120	1.99897e-120	1.99897e-120	1.99897e-120	1.99897e-120	1.99897e-120	1.99897e-120	1.99897e-120	1.99897e-120	1.99897e-120	1.99897e-120	1.99897e-120	1.99897e-120	1.99897e-120	1.99897e-120	1.99897e-120	1.99897e-120	1.99897e-120	1.99897e-120	1.99897e-120	1.99897e-120	1.99897e-120	1.99897e-120	1.99897e-120	1.99897e-120	1.99897e-120	1.99897e-120	1.99897e-120	1.99897e-120	1.99897e-120	1.99897e-120	1.99897e-120	1.99897e-120	1.99897e-120	1.99897e-120	1.99897e-120
17.53	1.03704e-114	1.03704e-114	1.03704e-114	1.03704e-114	1.03704e-114	1.03704e-114	1.03704e-114	1.03704e-114	1.03704e-114	1.03704e-114	1.03704e-114	1.03704e-114	1.03704e-114	1.03704e-114	1.03704e-114	1.03704e-114	1.03704e-114	1.03704e-114	1.03704e-114	1.03704e-114	1.03704e-114	1.03704e-114	1.03704e-114	1.03704e-114	1.03704e-114	1.03704e-114	1.03704e-114	1.03704e-114	1.03704e-114	1.03704e-114	1.03704e-114	1.03704e-114	1.03704e-114	1.03704e-114	1.03704e-114	1.03704e-114	1.03704e-114	1.03704e-114	1.03704e-114	1.03704e-114	1.03704e-114	1.03704e-114	1.03704e-114	1.03704e-114	1.03704e-114	1.03704e-114	1.03704e-114	1.03704e-114	1.03704e-114	1.03704e-114	1.03704e-114	1.03704e-114	1.03704e-114	1.03704e-114	1.03704e-114	1.03704e-114	1.03704e-114	1.03704e-114	1.03704e-114	1.03704e-114	1.03704e-114	1.03704e-114	1.03704e-114	1.03704e-114	1.03704e-114	1.03704e-114	1.03704e-114	1.03704e-114	1.03704e-114	1.03704e-114	1.03704e-114	1.03704e-114	1.03704e-114	1.03704e-114	1.03704e-114	1.03704e-114	1.03704e-114	1.03704e-114	1.03704e-114	1.03704e-114	1.03704e-114	1.03704e-114	1.03704e-114	1.03704e-114	1.03704e-114	1.03704e-114	1.03704e-114	1.03704e-114	1.03704e-114	1.03704e-114	1.03704e-114	1.03704e-114	1.03704e-114	1.03704e-114	1.03704e-114	1.03704e-114	1.03704e-114	1.03704e-114	1.03704e-114	1.03704e-114	1.03704e-114	1.03704e-114	1.03704e-114	1.03704e-114	1.03704e-114	1.03704e-114	1.03704e-114	1.03704e-114	1.03704e-114	1.03704e-114	1.03704e-114	1.03704e-114	1.03704e-114	1.03704e-114	1.03704e-114	1.03704e-114	1.03704e-114	1.03704e-114	1.03704e-114	1.03704e-114	1.03704e-114	1.03704e-114	1.03704e-114	1.03704e-114	1.03704e-114	1.03704e-114	1.03704e-114	1.03704e-114	1.03704e-114	1.03704e-114	1.03704e-114	1.03704e-114	1.03704e-114	1.03704e-114	1.03704e-114	1.03704e-114	1.03704e-114	1.03704e-114	1.03704e-114	1.03704e-114	1.03704e-114	1.03704e-114	1.03704e-114	1.03704e-114	1.03704e-114	1.03704e-114	1.03704e-114	1.03704e-114	1.03704e-114	1.03704e-114	1.03704e-114	1.03704e-114	1.03704e-114	1.03704e-114	1.03704e-114	1.03704e-114	1.03704e-114	1.03704e-114	1.03704e-114	1.03704e-114	1.03704e-114	1.03704e-114	1.03704e-114	1.03704e-114	1.03704e-114	1.03704e-114	1.03704e-114	1.03704e-114	1.03704e-114	1.03704e-114	1.03704e-114	1.03704e-114	1.03704e-114	1.03704e-114	1.03704e-114	1.03704e-114	1.03704e-114	1.03704e-114	1.03704e-114	1.03704e-114	1.03704e-114	1.03704e-114	1.03704e-114	1.03704e-114	1.03704e-114	1.03704e-114
17.56	2.17368e-109	2.17368e-109	2.17368e-109	2.17368e-109	2.17368e-109	2.17368e-109	2.17368e-109	2.17368e-109	2.17368e-109	2.17368e-109	2.17368e-109	2.17368e-109	2.17368e-109	2.17368e-109	2.17368e-109	2.17368e-109	2.17368e-109	2.17368e-109	2.17368e-109	2.17368e-109	2.17368e-109	2.17368e-109	2.17368e-109	2.17368e-109	2.17368e-109	2.17368e-109	2.17368e-109	2.17368e-109	2.17368e-109	2.17368e-109	2.17368e-109	2.17368e-109	2.17368e-109	2.17368e-109	2.17368e-109	2.17368e-109	2.17368e-109	2.17368e-109	2.17368e-109	2.17368e-109	2.17368e-109	2.17368e-109	2.17368e-109	2.17368e-109	2.17368e-109	2.17368e-109	2.17368e-109	2.17368e-109	2.17368e-109	2.17368e-109	2.17368e-109	2.17368e-109	2.17368e-109	2.17368e-109	2.17368e-109	2.17368e-109	2.17368e-109	2.17368e-109	2.17368e-109	2.17368e-109	2.17368e-109	2.17368e-109	2.17368e-109	2.17368e-109	2.17368e-109	2.17368e-109	2.17368e-109	2.17368e-109	2.17368e-109	2.17368e-109	2.17368e-109	2.17368e-109	2.17368e-109	2.17368e-109	2.17368e-109	2.17368e-109	2.17368e-109	2.17368e-109	2.17368e-109	2.17368e-109	2.17368e-109	2.17368e-109	2.17368e-109	2.17368e-109	2.17368e-109	2.17368e-109	2.17368e-109	2.17368e-109	2.17368e-109	2.17368e-109	2.17368e-109	2.17368e-109	2.17368e-109	2.17368e-109	2.17368e-109	2.17368e-109	2.17368e-109	2.17368e-109	2.17368e-109	2.17368e-109	2.17368e-109	2.17368e-109	2.17368e-109	2.17368e-109	2.17368e-109	2.17368e-109	2.17368e-109	2.17368e-109	2.17368e-109	2.17368e-109	2.17368e-109	2.17368e-109	2.17368e-109	2.17368e-109	2.17368e-109	2.17368e-109	2.17368e-109	2.17368e-109	2.17368e-109	2.17368e-109	2.17368e-109	2.17368e-109	2.17368e-109	2.17368e-109	2.17368e-109	2.17368e-109	2.17368e-109	2.17368e-109	2.17368e-109	2.17368e-109	2.17368e-109	2.17368e-109	2.17368e-109	2.17368e-109	2.17368e-109	2.17368e-109	2.17368e-109	2.17368e-109	2.17368e-109	2.17368e-109	2.17368e-109	2.17368e-109	2.17368e-109	2.17368e-109	2.17368e-109	2.17368e-109	2.17368e-109	2.17368e-109	2.17368e-109	2.17368e-109	2.17368e-109	2.17368e-109	2.17368e-109	2.17368e-109	2.17368e-109	2.17368e-109	2.17368e-109	2.17368e-109	2.17368e-109	2.17368e-109	2.17368e-109	2.17368e-109	2.17368e-109	2.17368e-109	2.17368e-109	2.17368e-109	2.17368e-109	2.17368e-109	2.17368e-109	2.17368e-109	2.17368e-109	2.17368e-109	2.17368e-109	2.17368e-109	2.17368e-109	2.17368e-109	2.17368e-109	2.17368e-109	2.17368e-109	2.17368e-109	2.17368e-109	2.17368e-109	2.17368e-109	2.17368e-109	2.17368e-109	2.17368e-109
17.60	1.85653e-104	1.85653e-104	1.85653e-104	1.85653e-104	1.85653e-104	1.85653e-104	1.85653e-104	1.85653e-104	1.85653e-104	1.85653e-104	1.85653e-104	1.85653e-104	1.85653e-104	1.85653e-104	1.85653e-104	1.85653e-104	1.85653e-104	1.85653e-104	1.85653e-104	1.85653e-104	1.85653e-104	1.85653e-104	1.85653e-104	1.85653e-104	1.85653e-104	1.85653e-104	1.85653e-104	1.85653e-104	1.85653e-104	1.85653e-104	1.85653e-104	1.85653e-104	1.85653e-104	1.85653e-104	1.85653e-104	1.85653e-104	1.85653e-104	1.85653e-104	1.85653e-104	1.85653e-104	1.85653e-104	1.85653e-104	1.85653e-104	1.85653e-104	1.85653e-104	1.85653e-104	1.85653e-104	1.85653e-104	1.85653e-104	1.85653e-104	1.85653e-104	1.85653e-104	1.85653e-104	1.85653e-104	1.85653e-104	1.85653e-104	1.85653e-104	1.85653e-104	1.85653e-104	1.85653e-104	1.85653e-104	1.85653e-104	1.85653e-104	1.85653e-104	1.85653e-104	1.85653e-104	1.85653e-104	1.85653e-104	1.85653e-104	1.85653e-104	1.85653e-104	1.85653e-104	1.85653e-104	1.85653e-104	1.85653e-104	1.85653e-104	1.85653e-104	1.85653e-104	1.85653e-104	1.85653e-104	1.85653e-104	1.85653e-104	1.85653e-104	1.85653e-104	1.85653e-104	1.85653e-104	1.85653e-104	1.85653e-104	1.85653e-104	1.85653e-104	1.85653e-104	1.85653e-104	1.85653e-104	1.85653e-104	1.85653e-104	1.85653e-104	1.85653e-104	1.85653e-104	1.85653e-104	1.85653e-104	1.85653e-104	1.85653e-104	1.85653e-104	1.85653e-104	1.85653e-104	1.85653e-104	1.85653e-104	1.85653e-104	1.85653e-104	1.85653e-104	1.85653e-104	1.85653e-104	1.85653e-104	1.85653e-104	1.85653e-104	1.85653e-104	1.85653e-104	1.85653e-104	1.85653e-104	1.85653e-104	1.85653e-104	1.85653e-104	1.85653e-104	1.85653e-104	1.85653e-104	1.85653e-104	1.85653e-104	1.85653e-104	1.85653e-104	1.85653e-104	1.85653e-104	1.85653e-104	1.85653e-104	1.85653e-104	1.85653e-104	1.85653e-104	1.85653e-104	1.85653e-104	1.85653e-104	1.85653e-104	1.85653e-104	1.85653e-104	1.85653e-104	1.85653e-104	1.85653e-104	1.85653e-104	1.85653e-104	1.85653e-104	1.85653e-104	1.85653e-104	1.85653e-104	1.85653e-104	1.85653e-104	1.85653e-104	1.85653e-104	1.85653e-104	1.85653e-104	1.85653e-104	1.85653e-104	1.85653e-104	1.85653e-104	1.85653e-104	1.85653e-104	1.85653e-104	1.85653e-104	1.85653e-104	1.85653e-104	1.85653e-104	1.85653e-104	1.85653e-104	1.85653e-104	1.85653e-104	1.85653e-104	1.85653e-104	1.85653e-104	1.85653e-104	1.85653e-104	1.85653e-104	1.85653e-104	1.85653e-104	1.85653e-104	1.85653e-104	1.85653e-104	1.85653e-104	1.85653e-104	1.85653e-104
17.63	7.08043e-100	7.08043e-100	7.08043e-100	7.08043e-100	7.08043e-100	7.08043e-100	7.08043e-100	7.08043e-100	7.08043e-100	7.08043e-100	7.08043e-100	7.08043e-100	7.08043e-100	7.08043e-100	7.08043e-100	7.08043e-100	7.08043e-100	7.08043e-100	7.08043e-100	7.08043e-100	7.08043e-100	7.08043e-100	7.08043e-100	7.08043e-100	7.08043e-100	7.08043e-100	7.08043e-100	7.08043e-100	7.08043e-100	7.08043e-100	7.08043e-100	7.08043e-100	7.08043e-100	7.08043e-100	7.08043e-100	7.08043e-100	7.08043e-100	7.08043e-100	7.08043e-100	7.08043e-100	7.08043e-100	7.08043e-100	7.08043e-100	7.08043e-100	7.08043e-100	7.08043e-100	7.08043e-100	7.08043e-100	7.08043e-100	7.08043e-100	7.08043e-100	7.08043e-100	7.08043e-100	7.08043e-100	7.08043e-100	7.08043e-100	7.08043e-100	7.08043e-100	7.08043e-100	7.08043e-100	7.08043e-100	7.08043e-100	7.08043e-100	7.08043e-100	7.08043e-100	7.08043e-100	7.08043e-100	7.08043e-100	7.08043e-100	7.08043e-100	7.08043e-100	7.08043e-100	7.08043e-100	7.08043e-100	7.08043e-100	7.08043e-100	7.08043e-100	7.08043e-100	7.08043e-100	7.08043e-100	7.08043e-100	7.08043e-100	7.08043e-100	7.08043e-100	7.08043e-100	7.08043e-100	7.08043e-100	7.08043e-100	7.08043e-100	7.08043e-100	7.08043e-100	7.08043e-100	7.08043e-100	7.08043e-100	7.08043e-100	7.08043e-100	7.08043e-100	7.08043e-100	7.08043e-100	7.08043e-100	7.08043e-100	7.08043e-100	7.08043e-100	7.08043e-100	7.08043e-100	7.08043e-100	7.08043e-100	7.08043e-100	7.08043e-100	7.08043e-100	7.08043e-100	7.08043e-100	7.08043e-100	7.08043e-100	7.08043e-100	7.08043e-100	7.08043e-100	7.08043e-100	7.08043e-100	7.08043e-100	7.08043e-100	7.08043e-100	7.08043e-100	7.08043e-100	7.08043e-100	7.08043e-100	7.08043e-100	7.08043e-100	7.08043e-100	7.08043e-100	7.08043e-100	7.08043e-100	7.08043e-100	7.08043e-100	7.08043e-100	7.08043e-100	7.08043e-100	7.08043e-100	7.08043e-100	7.08043e-100	7.08043e-100	7.08043e-100	7.08043e-100	7.08043e-100	7.08043e-100	7.08043e-100	7.08043e-100	7.08043e-100	7.08043e-100	7.08043e-100	7.08043e-100	7.08043e-100	7.08043e-100	7.08043e-100	7.08043e-100	7.08043e-100	7.08043e-100	7.08043e-100	7.08043e-100	7.08043e-100	7.08043e-100	7.08043e-100	7.08043e-100	7.08043e-100	7.08043e-100	7.08043e-100	7.08043e-100	7.08043e-100	7.08043e-100	7.08043e-100	7.08043e-100	7.08043e-100	7.08043e-100	7.08043e-100	7.08043e-100	7.08043e-100	7.08043e-100	7.08043e-100	7.08043e-100	7.08043e-100	7.08043e-100	7.08043e-100	7.08043e-100	7.08043e-100	7.08043e-100	7.08043e-100
17.67	1.29160e-95	1.29160e-95	1.29160e-95	1.29160e-95	1.29160e-95	1.29160e-95	1.29160e-95	1.29160e-95	1.29160e-95	1.29160e-95	1.29160e-95	1.29160e-95	1.29160e-95	1.29160e-95	1.29160e-95	1.29160e-95	1.29160e-95	1.29160e-95	1.29160e-95	1.29160e-95	1.29160e-95	1.29160e-95	1.29160e-95	1.29160e-95	1.29160e-95	1.29160e-95	1.29160e-95	1.29160e-95	1.29160e-95	1.29160e-95	1.29160e-95	1.29160e-95	1.29160e-95	1.29160e-95	1.29160e-95	1.29160e-95	1.29160e-95	1.29160e-95	1.29160e-95	1.29160e-95	1.29160e-95	1.29160e-95	1.29160e-95	1.29160e-95	1.29160e-95	1.29160e-95	1.29160e-95	1.29160e-95	1.29160e-95	1.29160e-95	1.29160e-95	1.29160e-95	1.29160e-95	1.29160e-95	1.29160e-95	1.29160e-95	1.29160e-95	1.29160e-95	1.29160e-95	1.29160e-95	1.29160e-95	1.29160e-95	1.29160e-95	1.29160e-95	1.29160e-95	1.29160e-95	1.29160e-95	1.29160e-95	1.29160e-95	1.29160e-95	1.29160e-95	1.29160e-95	1.29160e-95	1.29160e-95	1.29160e-95	1.29160e-95	1.29160e-95	1.29160e-95	1.29160e-95	1.29160e-95	1.29160e-95	1.29160e-95	1.29160e-95	1.29160e-95	1.29160e-95	1.29160e-95	1.29160e-95	1.29160e-95	1.29160e-95	1.29160e-95	1.29160e-95	1.29160e-95	1.29160e-95	1.29160e-95	1.29160e-95	1.29160e-95	1.29160e-95	1.29160e-95	1.29160e-95	1.29160e-95	1.29160e-95	1.29160e-95	1.29160e-95	1.29160e-95	1.29160e-95	1.29160e-95	1.29160e-95	1.29160e-95	1.29160e-95	1.29160e-95	1.29160e-95	1.29160e-95	1.29160e-95	1.29160e-95	1.29160e-95	1.29160e-95	1.29160e-95	1.29160e-95	1.29160e-95	1.29160e-95	1.29160e-95	1.29160e-95	1.29160e-95	1.29160e-95	1.29160e-95	1.29160e-95	1.29160e-95	1.29160e-95	1.29160e-95	1.29160e-95	1.29160e-95	1.29160e-95	1.29160e-95	1.29160e-95	1.29160e-95	1.29160e-95	1.29160e-95	1.29160e-95	1.29160e-95	1.29160e-95	1.29160e-95	1.29160e-95	1.29160e-95	1.29160e-95	1.29160e-95	1.29160e-95	1.29160e-95	1.29160e-95	1.29160e-95	1.29160e-95	1.29160e-95	1.29160e-95	1.29160e-95	1.29160e-95	1.29160e-95	1.29160e-95	1.29160e-95	1.29160e-95	1.29160e-95	1.29160e-95	1.29160e-95	1.29160e-95	1.29160e-95	1.29160e-95	1.29160e-95	1.29160e-95	1.29160e-95	1.29160e-95	1.29160e-95	1.29160e-95	1.29160e-95	1.29160e-95	1.29160e-95	1.29160e-95	1.29160e-95	1.29160e-95	1.29160e-95	1.29160e-95	1.29160e-95	1.29160e-95	1.29160e-95	1.29160e-95	1.29160e-95	1.29160e-95	1.29160e-95	1.29160e-95
17.70	1.19567e-91	1.19567e-91	1.19567e-91	1.19567e-91	1.19567e-91	1.19567e-91	1.19567e-91	1.19567e-91	1.19567e-91	1.19567e-91	1.19567e-91	1.19567e-91	1.19567e-91	1.19567e-91	1.19567e-91	1.19567e-91	1.19567e-91	1.19567e-91	1.19567e-91	1.19567e-91	1.19567e-91	1.19567e-91	1.19567e-91	1.19567e-91	1.19567e-91	1.19567e-91	1.19567e-91	1.19567e-91	1.19567e-91	1.19567e-91	1.19567e-91	1.19567e-91	1.19567e-91	1.19567e-91	1.19567e-91	1.19567e-91	1.19567e-91	1.19567e-91	1.19567e-91	1.19567e-91	1.19567e-91	1.19567e-91	1.19567e-91	1.19567e-91	1.19567e-91	1.19567e-91	1.19567e-91	1.19567e-91	1.19567e-91	1.19567e-91	1.19567e-91	1.19567e-91	1.19567e-91	1.19567e-91	1.19567e-91	1.19567e-91	1.19567e-91	1.19567e-91	1.19567e-91	1.19567e-91	1.19567e-91	1.19567e-91	1.19567e-91	1.19567e-91	1.19567e-91	1.19567e-91	1.19567e-91	1.19567e-91	1.19567e-91	1.19567e-91	1.19567e-91	1.19567e-91	1.19567e-91	1.19567e-91	1.19567e-91	1.19567e-91	1.19567e-91	1.19567e-91	1.19567e-91	1.19567e-91	1.19567e-91	1.19567e-91	1.19567e-91	1.19567e-91	1.19567e-91	1.19567e-91	1.19567e-91	1.19567e-91	1.19567e-91	1.19567e-91	1.19567e-91	1.19567e-91	1.19567e-91	1.19567e-91	1.19567e-91	1.19567e-91	1.19567e-91	1.19567e-91	1.19567e-91	1.19567e-91	1.19567e-91	1.19567e-91	1.19567e-91	1.19567e-91	1.19567e-91	1.19567e-91	1.19567e-91	1.19567e-91	1.19567e-91	1.19567e-91	1.19567e-91	1.19567e-91	1.19567e-91	1.19567e-91	1.19567e-91	1.19567e-91	1.19567e-91	1.19567e-91	1.19567e-91	1.19567e-91	1.19567e-91	1.19567e-91	1.19567e-91	1.19567e-91	1.19567e-91	1.19567e-91	1.19567e-91	1.19567e-91	1.19567e-91	1.19567e-91	1.19567e-91	1.19567e-91	1.19567e-91	1.19567e-91	1.19567e-91	1.19567e-91	1.19567e-91	1.19567e-91	1.19567e-91	1.19567e-91	1.19567e-91	1.19567e-91	1.19567e-91	1.19567e-91	1.19567e-91	1.19567e-91	1.19567e-91	1.19567e-91	1.19567e-91	1.19567e-91	1.19567e-91	1.19567e-91	1.19567e-91	1.19567e-91	1.19567e-91	1.19567e-91	1.19567e-91	1.19567e-91	1.19567e-91	1.19567e-91	1.19567e-91	1.19567e-91	1.19567e-91	1.19567e-91	1.19567e-91	1.19567e-91	1.19567e-91	1.19567e-91	1.19567e-91	1.19567e-91	1.19567e-91	1.19567e-91	1.19567e-91	1.19567e-91	1.19567e-91	1.19567e-91	1.19567e-91	1.19567e-91	1.19567e-91	1.19567e-91	1.19567e-91	1.19567e-91	1.19567e-91	1.19567e-91	1.19567e-91	1.19567e-91
17.73	5.93485e-88	5.93486e-88	5.93486e-88	5.93486e-88	5.93486e-88	5.93486e-88	5.93486e-88	5.93486e-88	5.93486e-88	5.93486e-88	5.93486e-88	5.93486e-88	5.93486e-88	5.93486e-88	5.93486e-88	5.93486e-88	5.93486e-88	5.93486e-88	5.93486e-88	5.93486e-88	5.93486e-88	5.93486e-88	5.93486e-88	5.93486e-88	5.93486e-88	5.93486e-88	5.93486e-88	5.93486e-88	5.93486e-88	5.93486e-88	5.93486e-88	5.93486e-88	5.93486e-88	5.93486e-88	5.93486e-88	5.93486e-88	5.93486e-88	5.93486e-88	5.93486e-88	5.93486e-88	5.93486e-88	5.93486e-88	5.93486e-88	5.93486e-88	5.93486e-88	5.93486e-88	5.93486e-88	5.93486e-88	5.93486e-88	5.93486e-88	5.93486e-88	5.93486e-88	5.93486e-88	5.93486e-88	5.93486e-88	5.93486e-88	5.93486e-88	5.93486e-88	5.93486e-88	5.93486e-88	5.93486e-88	5.93486e-88	5.93486e-88	5.93486e-88	5.93486e-88	5.93486e-88	5.93486e-88	5.93486e-88	5.93486e-88	5.93486e-88	5.93486e-88	5.93486e-88	5.93486e-88	5.93486e-88	5.93486e-88	5.93486e-88	5.93486e-88	5.93486e-88	5.93486e-88	5.93486e-88	5.93486e-88	5.93486e-88	5.93486e-88	5.93486e-88	5.93486e-88	5.93486e-88	5.93486e-88	5.93486e-88	5.93486e-88	5.93486e-88	5.93486e-88	5.93486e-88	5.93486e-88	5.93486e-88	5.93486e-88	5.93486e-88	5.93486e-88	5.93486e-88	5.93486e-88	5.93486e-88	5.93486e-88	5.93486e-88	5.93486e-88	5.93486e-88	5.93486e-88	5.93486e-88	5.93486e-88	5.93486e-88	5.93486e-88	5.93486e-88	5.93486e-88	5.93486e-88	5.93486e-88	5.93486e-88	5.93486e-88	5.93486e-88	5.93486e-88	5.93486e-88	5.93486e-88	5.93486e-88	5.93486e-88	5.93486e-88	5.93486e-88	5.93486e-88	5.93486e-88	5.93486e-88	5.93486e-88	5.93486e-88	5.93486e-88	5.93486e-88	5.93486e-88	5.93486e-88	5.93486e-88	5.93486e-88	5.93486e-88	5.93486e-88	5.93486e-88	5.93486e-88	5.93486e-88	5.93486e-88	5.93486e-88	5.93486e-88	5.93486e-88	5.93486e-88	5.93486e-88	5.93486e-88	5.93486e-88	5.93486e-88	5.93486e-88	5.93486e-88	5.93486e-88	5.93486e-88	5.93486e-88	5.93486e-88	5.93486e-88	5.93486e-88	5.93486e-88	5.93486e-88	5.93486e-88	5.93486e-88	5.93486e-88	5.93486e-88	5.93486e-88	5.93486e-88	5.93486e-88	5.93486e-88	5.93486e-88	5.93486e-88	5.93486e-88	5.93486e-88	5.93486e-88	5.93486e-88	5.93486e-88	5.93486e-88	5.93486e-88	5.93486e-88	5.93486e-88	5.93486e-88	5.93486e-88	5.93486e-88	5.93486e-88	5.93486e-88	5.93486e-88	5.93486e-88	5.93486e-88	5.93486e-88
17.77	1.65191e-84	1.65191e-84	1.65191e-84	1.65191e-84	1.65191e-84	1.65191e-84	1.65191e-84	1.65191e-84	1.65191e-84	1.65191e-84	1.65191e-84	1.65191e-84	1.65191e-84	1.65191e-84	1.65191e-84	1.65191e-84	1.65191e-84	1.65191e-84	1.65191e-84	1.65191e-84	1.65191e-84	1.65191e-84	1.65191e-84	1.65191e-84	1.65191e-84	1.65191e-84	1.65191e-84	1.65191e-84	1.65191e-84	1.65191e-84	1.65191e-84	1.65191e-84	1.65191e-84	1.65191e-84	1.65191e-84	1.65191e-84	1.65191e-84	1.65191e-84	1.65191e-84	1.65191e-84	1.65191e-84	1.65191e-84	1.65191e-84	1.65191e-84	1.65191e-84	1.65191e-84	1.65191e-84	1.65191e-84	1.65191e-84	1.65191e-84	1.65191e-84	1.65191e-84	1.65191e-84	1.65191e-84	1.65191e-84	1.65191e-84	1.65191e-84	1.65191e-84	1.65191e-84	1.65191e-84	1.65191e-84	1.65191e-84	1.65191e-84	1.65191e-84	1.65191e-84	1.65191e-84	1.65191e-84	1.65191e-84	1.65191e-84	1.65191e-84	1.65191e-84	1.65191e-84	1.65191e-84	1.65191e-84	1.65191e-84	1.65191e-84	1.65191e-84	1.65191e-84	1.65191e-84	1.65191e-84	1.65191e-84	1.65191e-84	1.65191e-84	1.65191e-84	1.65191e-84	1.65191e-84	1.65191e-84	1.65191e-84	1.65191e-84	1.65191e-84	1.65191e-84	1.65191e-84	1.65191e-84	1.65191e-84	1.65191e-84	1.65191e-84	1.65191e-84	1.65191e-84	1.65191e-84	1.65191e-84	1.65191e-84	1.65191e-84	1.65191e-84	1.65191e-84	1.65191e-84	1.65191e-84	1.65191e-84	1.65191e-84	1.65191e-84	1.65191e-84	1.65191e-84	1.65191e-84	1.65191e-84	1.65191e-84	1.65191e-84	1.65191e-84	1.65191e-84	1.65191e-84	1.65191e-84	1.65191e-84	1.65191e-84	1.65191e-84	1.65191e-84	1.65191e-84	1.65191e-84	1.65191e-84	1.65191e-84	1.65191e-84	1.65191e-84	1.65191e-84	1.65191e-84	1.65191e-84	1.65191e-84	1.65191e-84	1.65191e-84	1.65191e-84	1.65191e-84	1.65191e-84	1.65191e-84	1.65191e-84	1.65191e-84	1.65191e-84	1.65191e-84	1.65191e-84	1.65191e-84	1.65191e-84	1.65191e-84	1.65191e-84	1.65191e-84	1.65191e-84	1.65191e-84	1.65191e-84	1.65191e-84	1.65191e-84	1.65191e-84	1.65191e-84	1.65191e-84	1.65191e-84	1.65191e-84	1.65191e-84	1.65191e-84	1.65191e-84	1.65191e-84	1.65191e-84	1.65191e-84	1.65191e-84	1.65191e-84	1.65191e-84	1.65191e-84	1.65191e-84	1.65191e-84	1.65191e-84	1.65191e-84	1.65191e-84	1.65191e-84	1.65191e-84	1.65191e-84	1.65191e-84	1.65191e-84	1.65191e-84	1.65191e-84	1.65191e-84	1.65191e-84	1.65191e-84	1.65191e-84	1.65191e-84
17.80	2.73716e-81	2.73717e-81	2.73717e-81	2.73717e-81	2.73717e-81	2.73717e-81	2.73717e-81	2.73717e-81	2.73717e-81	2.73717e-81	2.73717e-81	2.73717e-81	2.73717e-81	2.73717e-81	2.73717e-81	2.73717e-81	2.73717e-81	2.73717e-81	2.73717e-81	2.73717e-81	2.73717e-81	2.73717e-81	2.73717e-81	2.73717e-81	2.73717e-81	2.73717e-81	2.73717e-81	2.73717e-81	2.73717e-81	2.73717e-81	2.73717e-81	2.73717e-81	2.73717e-81	2.73717e-81	2.73717e-81	2.73717e-81	2.73717e-81	2.73717e-81	2.73717e-81	2.73717e-81	2.73717e-81	2.73717e-81	2.73717e-81	2.73717e-81	2.73717e-81	2.73717e-81	2.73717e-81	2.73717e-81	2.73717e-81	2.73717e-81	2.73717e-81	2.73717e-81	2.73717e-81	2.73717e-81	2.73717e-81	2.73717e-81	2.73717e-81	2.73717e-81	2.73717e-81	2.73717e-81	2.73717e-81	2.73717e-81	2.73717e-81	2.73717e-81	2.73717e-81	2.73717e-81	2.73717e-81	2.73717e-81	2.73717e-81	2.73717e-81	2.73717e-81	2.73717e-81	2.73717e-81	2.73717e-81	2.73717e-81	2.73717e-81	2.73717e-81	2.73717e-81	2.73717e-81	2.73717e-81	2.73717e-81	2.73717e-81	2.73717e-81	2.73717e-81	2.73717e-81	2.73717e-81	2.73717e-81	2.73717e-81	2.73717e-81	2.73717e-81	2.73717e-81	2.73717e-81	2.73717e-81	2.73717e-81	2.73717e-81	2.73717e-81	2.73717e-81	2.73717e-81	2.73717e-81	2.73717e-81	2.73717e-81	2.73717e-81	2.73717e-81	2.73717e-81	2.73717e-81	2.73717e-81	2.73717e-81	2.73717e-81	2.73717e-81	2.73717e-81	2.73717e-81	2.73717e-81	2.73717e-81	2.73717e-81	2.73717e-81	2.73717e-81	2.73717e-81	2.73717e-81	2.73717e-81	2.73717e-81	2.73717e-81	2.73717e-81	2.73717e-81	2.73717e-81	2.73717e-81	2.73717e-81	2.73717e-81	2.73717e-81	2.73717e-81	2.73717e-81	2.73717e-81	2.73717e-81	2.73717e-81	2.73717e-81	2.73717e-81	2.73717e-81	2.73717e-81	2.73717e-81	2.73717e-81	2.73717e-81	2.73717e-81	2.73717e-81	2.73717e-81	2.73717e-81	2.73717e-81	2.73717e-81	2.73717e-81	2.73717e-81	2.73717e-81	2.73717e-81	2.73717e-81	2.73717e-81	2.73717e-81	2.73717e-81	2.73717e-81	2.73717e-81	2.73717e-81	2.73717e-81	2.73717e-81	2.73717e-81	2.73717e-81	2.73717e-81	2.73717e-81	2.73717e-81	2.73717e-81	2.73717e-81	2.73717e-81	2.73717e-81	2.73717e-81	2.73717e-81	2.73717e-81	2.73717e-81	2.73717e-81	2.73717e-81	2.73717e-81	2.73717e-81	2.73717e-81	2.73717e-81	2.73717e-81	2.73717e-81	2.73717e-81	2.73717e-81	2.73717e-81	2.73717e-81	2.73717e-81	2.73717e-81
17.84	2.82099e-78	2.82101e-78	2.82101e-78	2.82101e-78	2.82101e-78	2.82101e-78	2.82101e-78	2.82101e-78	2.82101e-78	2.82101e-78	2.82101e-78	2.82101e-78	2.82101e-78	2.82101e-78	2.82101e-78	2.82101e-78	2.82101e-78	2.82101e-78	2.82101e-78	2.82101e-78	2.82101e-78	2.82101e-78	2.82101e-78	2.82101e-78	2.82101e-78	2.82101e-78	2.82101e-78	2.82101e-78	2.82101e-78	2.82101e-78	2.82101e-78	2.82101e-78	2.82101e-78	2.82101e-78	2.82101e-78	2.82101e-78	2.82101e-78	2.82101e-78	2.82101e-78	2.82101e-78	2.82101e-78	2.82101e-78	2.82101e-78	2.82101e-78	2.82101e-78	2.82101e-78	2.82101e-78	2.82101e-78	2.82101e-78	2.82101e-78	2.82101e-78	2.82101e-78	2.82101e-78	2.82101e-78	2.82101e-78	2.82101e-78	2.82101e-78	2.82101e-78	2.82101e-78	2.82101e-78	2.82101e-78	2.82101e-78	2.82101e-78	2.82101e-78	2.82101e-78	2.82101e-78	2.82101e-78	2.82101e-78	2.82101e-78	2.82101e-78	2.82101e-78	2.82101e-78	2.82101e-78	2.82101e-78	2.82101e-78	2.82101e-78	2.82101e-78	2.82101e-78	2.82101e-78	2.82101e-78	2.82101e-78	2.82101e-78	2.82101e-78	2.82101e-78	2.82101e-78	2.82101e-78	2.82101e-78	2.82101e-78	2.82101e-78	2.82101e-78	2.82101e-78	2.82101e-78	2.82101e-78	2.82101e-78	2.82101e-78	2.82101e-78	2.82101e-78	2.82101e-78	2.82101e-78	2.82101e-78	2.82101e-78	2.82101e-78	2.82101e-78	2.82101e-78	2.82101e-78	2.82101e-78	2.82101e-78	2.82101e-78	2.82101e-78	2.82101e-78	2.82101e-78	2.82101e-78	2.82101e-78	2.82101e-78	2.82101e-78	2.82101e-78	2.82101e-78	2.82101e-78	2.82101e-78	2.82101e-78	2.82101e-78	2.82101e-78	2.82101e-78	2.82101e-78	2.82101e-78	2.82101e-78	2.82101e-78	2.82101e-78	2.82101e-78	2.82101e-78	2.82101e-78	2.82101e-78	2.82101e-78	2.82101e-78	2.82101e-78	2.82101e-78	2.82101e-78	2.82101e-78	2.82101e-78	2.82101e-78	2.82101e-78	2.82101e-78	2.82101e-78	2.82101e-78	2.82101e-78	2.82101e-78	2.82101e-78	2.82101e-78	2.82101e-78	2.82101e-78	2.82101e-78	2.82101e-78	2.82101e-78	2.82101e-78	2.82101e-78	2.82101e-78	2.82101e-78	2.82101e-78	2.82101e-78	2.82101e-78	2.82101e-78	2.82101e-78	2.82101e-78	2.82101e-78	2.82101e-78	2.82101e-78	2.82101e-78	2.82101e-78	2.82101e-78	2.82101e-78	2.82101e-78	2.82101e-78	2.82101e-78	2.82101e-78	2.82101e-78	2.82101e-78	2.82101e-78	2.82101e-78	2.82101e-78	2.82101e-78	2.82101e-78	2.82101e-78	2.82101e-78	2.82101e-78	2.82101e-78	2.82101e-78
17.87	1.88104e-75	1.88107e-75	1.88107e-75	1.88107e-75	1.88107e-75	1.88107e-75	1.88107e-75	1.88107e-75	1.88107e-75	1.88107e-75	1.88107e-75	1.88107e-75	1.88107e-75	1.88107e-75	1.88107e-75	1.88107e-75	1.88107e-75	1.88107e-75	1.88107e-75	1.88107e-75	1.88107e-75	1.88107e-75	1.88107e-75	1.88107e-75	1.88107e-75	1.88107e-75	1.88107e-75	1.88107e-75	1.88107e-75	1.88107e-75	1.88107e-75	1.88107e-75	1.88107e-75	1.88107e-75	1.88107e-75	1.88107e-75	1.88107e-75	1.88107e-75	1.88107e-75	1.88107e-75	1.88107e-75	1.88107e-75	1.88107e-75	1.88107e-75	1.88107e-75	1.88107e-75	1.88107e-75	1.88107e-75	1.88107e-75	1.88107e-75	1.88107e-75	1.88107e-75	1.88107e-75	1.88107e-75	1.88107e-75	1.88107e-75	1.88107e-75	1.88107e-75	1.88107e-75	1.88107e-75	1.88107e-75	1.88107e-75	1.88107e-75	1.88107e-75	1.88107e-75	1.88107e-75	1.88107e-75	1.88107e-75	1.88107e-75	1.88107e-75	1.88107e-75	1.88107e-75	1.88107e-75	1.88107e-75	1.88107e-75	1.88107e-75	1.88107e-75	1.88107e-75	1.88107e-75	1.88107e-75	1.88107e-75	1.88107e-75	1.88107e-75	1.88107e-75	1.88107e-75	1.88107e-75	1.88107e-75	1.88107e-75	1.88107e-75	1.88107e-75	1.88107e-75	1.88107e-75	1.88107e-75	1.88107e-75	1.88107e-75	1.88107e-75	1.88107e-75	1.88107e-75	1.88107e-75	1.88107e-75	1.88107e-75	1.88107e-75	1.88107e-75	1.88107e-75	1.88107e-75	1.88107e-75	1.88107e-75	1.88107e-75	1.88107e-75	1.88107e-75	1.88107e-75	1.88107e-75	1.88107e-75	1.88107e-75	1.88107e-75	1.88107e-75	1.88107e-75	1.88107e-75	1.88107e-75	1.88107e-75	1.88107e-75	1.88107e-75	1.88107e-75	1.88107e-75	1.88107e-75	1.88107e-75	1.88107e-75	1.88107e-75	1.88107e-75	1.88107e-75	1.88107e-75	1.88107e-75	1.88107e-75	1.88107e-75	1.88107e-75	1.88107e-75	1.88107e-75	1.88107e-75	1.88107e-75	1.88107e-75	1.88107e-75	1.88107e-75	1.88107e-75	1.88107e-75	1.88107e-75	1.88107e-75	1.88107e-75	1.88107e-75	1.88107e-75	1.88107e-75	1.88107e-75	1.88107e-75	1.88107e-75	1.88107e-75	1.88107e-75	1.88107e-75	1.88107e-75	1.88107e-75	1.88107e-75	1.88107e-75	1.88107e-75	1.88107e-75	1.88107e-75	1.88107e-75	1.88107e-75	1.88107e-75	1.88107e-75	1.88107e-75	1.88107e-75	1.88107e-75	1.88107e-75	1.88107e-75	1.88107e-75	1.88107e-75	1.88107e-75	1.88107e-75	1.88107e-75	1.88107e-75	1.88107e-75	1.88107e-75	1.88107e-75	1.88107e-75	1.88107e-75	1.88107e-75	1.88107e-75	1.88107e-75
17.90	4.85255e-47	4.85255e-47	4.85255e-47	4.85255e-47	4.85255e-47	4.85255e-47	4.85255e-47	4.85255e-47	4.85255e-47	4.85255e-47	4.85255e-47	4.85255e-47	4.85255e-47	4.85255e-47	4.85255e-47	4.85255e-47	4.85255e-47	4.85255e-47	4.85255e-47	4.85255e-47	4.85255e-47	4.85255e-47	4.85255e-47	4.85255e-47	4.85255e-47	4.85255e-47	4.85255e-47	4.85255e-47	4.85255e-47	4.85255e-47	4.85255e-47	4.85255e-47	4.85255e-47	4.85255e-47	4.85255e-47	4.85255e-47	4.85255e-47	4.85255e-47	4.85255e-47	4.85255e-47	4.85255e-47	4.85255e-47	4.85255e-47	4.85255e-47	4.85255e-47	4.85255e-47	4.85255e-47	4.85255e-47	4.85255e-47	4.85255e-47	4.85255e-47	4.85255e-47	4.85255e-47	4.85255e-47	4.85255e-47	4.85255e-47	4.85255e-47	4.85255e-47	4.85255e-47	4.85255e-47	4.85255e-47	4.85255e-47	4.85255e-47	4.85255e-47	4.85255e-47	4.85255e-47	4.85255e-47	4.85255e-47	4.85255e-47	4.85255e-47	4.85255e-47	4.85255e-47	4.85255e-47	4.85255e-47	4.85255e-47	4.85255e-47	4.85255e-47	4.85255e-47	4.85255e-47	4.85255e-47	4.85255e-47	4.85255e-47	4.85255e-47	4.85255e-47	4.85255e-47	4.85255e-47	4.85255e-47	4.85255e-47	4.85255e-47	4.85255e-47	4.85255e-47	4.85255e-47	4.85255e-47	4.85255e-47	4.85255e-47	4.85255e-47	4.85255e-47	4.85255e-47	4.85255e-47	4.85255e-47	4.85255e-47	4.85255e-47	4.85255e-47	4.85255e-47	4.85255e-47	4.85255e-47	4.85255e-47	4.85255e-47	4.85255e-47	4.85255e-47	4.85255e-47	4.85255e-47	4.85255e-47	4.85255e-47	4.85255e-47	4.85255e-47	4.85255e-47	4.85255e-47	4.85255e-47	4.85255e-47	4.85255e-47	4.85255e-47	4.85255e-47	4.85255e-47	4.85255e-47	4.85255e-47	4.85255e-47	4.85255e-47	4.85255e-47	4.85255e-47	4.85255e-47	4.85255e-47	4.85255e-47	4.85255e-47	4.85255e-47	4.85255e-47	4.85255e-47	4.85255e-47	4.85255e-47	4.85255e-47	4.85255e-47	4.85255e-47	4.85255e-47	4.85255e-47	4.85255e-47	4.85255e-47	4.85255e-47	4.85255e-47	4.85255e-47	4.85255e-47	4.85255e-47	4.85255e-47	4.85255e-47	4.85255e-47	4.85255e-47	4.85255e-47	4.85255e-47	4.85255e-47	4.85255e-47	4.85255e-47	4.85255e-47	4.85255e-47	4.85255e-47	4.85255e-47	4.85255e-47	4.85255e-47	4.85255e-47	4.85255e-47	4.85255e-47	4.85255e-47	4.85255e-47	4.85255e-47	4.85255e-47	4.85255e-47	4.85255e-47	4.85255e-47	4.85255e-47	4.85255e-47	4.85255e-47	4.85255e-47	4.85255e-47	4.85255e-47	4.85255e-47	4.85255e-47	4.85255e-47	4.85255e-47
17.94	1.52923e-44	1.52923e-44	1.52923e-44	1.52923e-44	1.52923e-44	1.52923e-44	1.52923e-44	1.52923e-44	1.52923e-44	1.52923e-44	1.52923e-44	1.52923e-44	1.52923e-44	1.52923e-44	1.52923e-44	1.52923e-44	1.52923e-44	1.52923e-44	1.52923e-44	1.52923e-44	1.52923e-44	1.52923e-44	1.52923e-44	1.52923e-44	1.52923e-44	1.52923e-44	1.52923e-44	1.52923e-44	1.52923e-44	1.52923e-44	1.52923e-44	1.52923e-44	1.52923e-44	1.52923e-44	1.52923e-44	1.52923e-44	1.52923e-44	1.52923e-44	1.52923e-44	1.52923e-44	1.52923e-44	1.52923e-44	1.52923e-44	1.52923e-44	1.52923e-44	1.52923e-44	1.52923e-44	1.52923e-44	1.52923e-44	1.52923e-44	1.52923e-44	1.52923e-44	1.52923e-44	1.52923e-44	1.52923e-44	1.52923e-44	1.52923e-44	1.52923e-44	1.52923e-44	1.52923e-44	1.52923e-44	1.52923e-44	1.52923e-44	1.52923e-44	1.52923e-44	1.52923e-44	1.52923e-44	1.52923e-44	1.52923e-44	1.52923e-44	1.52923e-44	1.52923e-44	1.52923e-44	1.52923e-44	1.52923e-44	1.52923e-44	1.52923e-44	1.52923e-44	1.52923e-44	1.52923e-44	1.52923e-44	1.52923e-44	1.52923e-44	1.52923e-44	1.52923e-44	1.52923e-44	1.52923e-44	1.52923e-44	1.52923e-44	1.52923e-44	1.52923e-44	1.52923e-44	1.52923e-44	1.52923e-44	1.52923e-44	1.52923e-44	1.52923e-44	1.52923e-44	1.52923e-44	1.52923e-44	1.52923e-44	1.52923e-44	1.52923e-44	1.52923e-44	1.52923e-44	1.52923e-44	1.52923e-44	1.52923e-44	1.52923e-44	1.52923e-44	1.52923e-44	1.52923e-44	1.52923e-44	1.52923e-44	1.52923e-44	1.52923e-44	1.52923e-44	1.52923e-44	1.52923e-44	1.52923e-44	1.52923e-44	1.52923e-44	1.52923e-44	1.52923e-44	1.52923e-44	1.52923e-44	1.52923e-44	1.52923e-44	1.52923e-44	1.52923e-44	1.52923e-44	1.52923e-44	1.52923e-44	1.52923e-44	1.52923e-44	1.52923e-44	1.52923e-44	1.52923e-44	1.52923e-44	1.52923e-44	1.52923e-44	1.52923e-44	1.52923e-44	1.52923e-44	1.52923e-44	1.52923e-44	1.52923e-44	1.52923e-44	1.52923e-44	1.52923e-44	1.52923e-44	1.52923e-44	1.52923e-44	1.52923e-44	1.52923e-44	1.52923e-44	1.52923e-44	1.52923e-44	1.52923e-44	1.52923e-44	1.52923e-44	1.52923e-44	1.52923e-44	1.52923e-44	1.52923e-44	1.52923e-44	1.52923e-44	1.52923e-44	1.52923e-44	1.52923e-44	1.52923e-44	1.52923e-44	1.52923e-44	1.52923e-44	1.52923e-44	1.52923e-44	1.52923e-44	1.52923e-44	1.52923e-44	1.52923e-44	1.52923e-44	1.52923e-44	1.52923e-44	1.52923e-44	1.52923e-44	1.52923e-44
17.97	3.36121e-42	3.36154e-42	3.36154e-42	3.36154e-42	3.36154e-42	3.36154e-42	3.36154e-42	3.36154e-42	3.36154e-42	3.36154e-42	3.36154e-42	3.36154e-42	3.36154e-42	3.36154e-42	3.36154e-42	3.36154e-42	3.36154e-42	3.36154e-42	3.36154e-42	3.36154e-42	3.36154e-42	3.36154e-42	3.36154e-42	3.36154e-42	3.36154e-42	3.36154e-42	3.36154e-42	3.36154e-42	3.36154e-42	3.36154e-42	3.36154e-42	3.36154e-42	3.36154e-42	3.36154e-42	3.36154e-42	3.36154e-42	3.36154e-42	3.36154e-42	3.36154e-42	3.36154e-42	3.36154e-42	3.36154e-42	3.36154e-42	3.36154e-42	3.36154e-42	3.36154e-42	3.36154e-42	3.36154e-42	3.36154e-42	3.36154e-42	3.36154e-42	3.36154e-42	3.36154e-42	3.36154e-42	3.36154e-42	3.36154e-42	3.36154e-42	3.36154e-42	3.36154e-42	3.36154e-42	3.36154e-42	3.36154e-42	3.36154e-42	3.36154e-42	3.36154e-42	3.36154e-42	3.36154e-42	3.36154e-42	3.36154e-42	3.36154e-42	3.36154e-42	3.36154e-42	3.36154e-42	3.36154e-42	3.36154e-42	3.36154e-42	3.36154e-42	3.36154e-42	3.36154e-42	3.36154e-42	3.36154e-42	3.36154e-42	3.36154e-42	3.36154e-42	3.36154e-42	3.36154e-42	3.36154e-42	3.36154e-42	3.36154e-42	3.36154e-42	3.36154e-42	3.36154e-42	3.36154e-42	3.36154e-42	3.36154e-42	3.36154e-42	3.36154e-42	3.36154e-42	3.36154e-42	3.36154e-42	3.36154e-42	3.36154e-42	3.36154e-42	3.36154e-42	3.36154e-42	3.36154e-42	3.36154e-42	3.36154e-42	3.36154e-42	3.36154e-42	3.36154e-42	3.36154e-42	3.36154e-42	3.36154e-42	3.36154e-42	3.36154e-42	3.36154e-42	3.36154e-42	3.36154e-42	3.36154e-42	3.36154e-42	3.36154e-42	3.36154e-42	3.36154e-42	3.36154e-42	3.36154e-42	3.36154e-42	3.36154e-42	3.36154e-42	3.36154e-42	3.36154e-42	3.36154e-42	3.36154e-42	3.36154e-42	3.36154e-42	3.36154e-42	3.36154e-42	3.36154e-42	3.36154e-42	3.36154e-42	3.36154e-42	3.36154e-42	3.36154e-42	3.36154e-42	3.36154e-42	3.36154e-42	3.36154e-42	3.36154e-42	3.36154e-42	3.36154e-42	3.36154e-42	3.36154e-42	3.36154e-42	3.36154e-42	3.36154e-42	3.36154e-42	3.36154e-42	3.36154e-42	3.36154e-42	3.36154e-42	3.36154e-42	3.36154e-42	3.36154e-42	3.36154e-42	3.36154e-42	3.36154e-42	3.36154e-42	3.36154e-42	3.36154e-42	3.36154e-42	3.36154e-42	3.36154e-42	3.36154e-42	3.36154e-42	3.36154e-42	3.36154e-42	3.36154e-42	3.36154e-42	3.36154e-42	3.36154e-42	3.36154e-42	3.36154e-42	3.36154e-42	3.36154e-42	3.36154e-42	3.36154e-42
18.01	5.49291e-40	5.49384e-40	5.49384e-40	5.49384e-40	5.49384e-40	5.49384e-40	5.49384e-40	5.49384e-40	5.49384e-40	5.49384e-40	5.49384e-40	5.49384e-40	5.49384e-40	5.49384e-40	5.49384e-40	5.49384e-40	5.49384e-40	5.49384e-40	5.49384e-40	5.49384e-40	5.49384e-40	5.49384e-40	5.49384e-40	5.49384e-40	5.49384e-40	5.49384e-40	5.49384e-40	5.49384e-40	5.49384e-40	5.49384e-40	5.49384e-40	5.49384e-40	5.49384e-40	5.49384e-40	5.49384e-40	5.49384e-40	5.49384e-40	5.49384e-40	5.49384e-40	5.49384e-40	5.49384e-40	5.49384e-40	5.49384e-40	5.49384e-40	5.49384e-40	5.49384e-40	5.49384e-40	5.49384e-40	5.49384e-40	5.49384e-40	5.49384e-40	5.49384e-40	5.49384e-40	5.49384e-40	5.49384e-40	5.49384e-40	5.49384e-40	5.49384e-40	5.49384e-40	5.49384e-40	5.49384e-40	5.49384e-40	5.49384e-40	5.49384e-40	5.49384e-40	5.49384e-40	5.49384e-40	5.49384e-40	5.49384e-40	5.49384e-40	5.49384e-40	5.49384e-40	5.49384e-40	5.49384e-40	5.49384e-40	5.49384e-40	5.49384e-40	5.49384e-40	5.49384e-40	5.49384e-40	5.49384e-40	5.49384e-40	5.49384e-40	5.49384e-40	5.49384e-40	5.49384e-40	5.49384e-40	5.49384e-40	5.49384e-40	5.49384e-40	5.49384e-40	5.49384e-40	5.49384e-40	5.49384e-40	5.49384e-40	5.49384e-40	5.49384e-40	5.49384e-40	5.49384e-40	5.49384e-40	5.49384e-40	5.49384e-40	5.49384e-40	5.49384e-40	5.49384e-40	5.49384e-40	5.49384e-40	5.49384e-40	5.49384e-40	5.49384e-40	5.49384e-40	5.49384e-40	5.49384e-40	5.49384e-40	5.49384e-40	5.49384e-40	5.49384e-40	5.49384e-40	5.49384e-40	5.49384e-40	5.49384e-40	5.49384e-40	5.49384e-40	5.49384e-40	5.49384e-40	5.49384e-40	5.49384e-40	5.49384e-40	5.49384e-40	5.49384e-40	5.49384e-40	5.49384e-40	5.49384e-40	5.49384e-40	5.49384e-40	5.49384e-40	5.49384e-40	5.49384e-40	5.49384e-40	5.49384e-40	5.49384e-40	5.49384e-40	5.49384e-40	5.49384e-40	5.49384e-40	5.49384e-40	5.49384e-40	5.49384e-40	5.49384e-40	5.49384e-40	5.49384e-40	5.49384e-40	5.49384e-40	5.49384e-40	5.49384e-40	5.49384e-40	5.49384e-40	5.49384e-40	5.49384e-40	5.49384e-40	5.49384e-40	5.49384e-40	5.49384e-40	5.49384e-40	5.49384e-40	5.49384e-40	5.49384e-40	5.49384e-40	5.49384e-40	5.49384e-40	5.49384e-40	5.49384e-40	5.49384e-40	5.49384e-40	5.49384e-40	5.49384e-40	5.49384e-40	5.49384e-40	5.49384e-40	5.49384e-40	5.49384e-40	5.49384e-40	5.49384e-40	5.49384e-40	5.49384e-40	5.49384e-40
18.04	6.88267e-38	6.88452e-38	6.88452e-38	6.88452e-38	6.88452e-38	6.88452e-38	6.88452e-38	6.88452e-38	6.88452e-38	6.88452e-38	6.88452e-38	6.88452e-38	6.88452e-38	6.88452e-38	6.88452e-38	6.88452e-38	6.88452e-38	6.88452e-38	6.88452e-38	6.88452e-38	6.88452e-38	6.88452e-38	6.88452e-38	6.88452e-38	6.88452e-38	6.88452e-38	6.88452e-38	6.88452e-38	6.88452e-38	6.88452e-38	6.88452e-38	6.88452e-38	6.88452e-38	6.88452e-38	6.88452e-38	6.88452e-38	6.88452e-38	6.88452e-38	6.88452e-38	6.88452e-38	6.88452e-38	6.88452e-38	6.88452e-38	6.88452e-38	6.88452e-38	6.88452e-38	6.88452e-38	6.88452e-38	6.88452e-38	6.88452e-38	6.88452e-38	6.88452e-38	6.88452e-38	6.88452e-38	6.88452e-38	6.88452e-38	6.88452e-38	6.88452e-38	6.88452e-38	6.88452e-38	6.88452e-38	6.88452e-38	6.88452e-38	6.88452e-38	6.88452e-38	6.88452e-38	6.88452e-38	6.88452e-38	6.88452e-38	6.88452e-38	6.88452e-38	6.88452e-38	6.88452e-38	6.88452e-38	6.88452e-38	6.88452e-38	6.88452e-38	6.88452e-38	6.88452e-38	6.88452e-38	6.88452e-38	6.88452e-38	6.88452e-38	6.88452e-38	6.88452e-38	6.88452e-38	6.88452e-38	6.88452e-38	6.88452e-38	6.88452e-38	6.88452e-38	6.88452e-38	6.88452e-38	6.88452e-38	6.88452e-38	6.88452e-38	6.88452e-38	6.88452e-38	6.88452e-38	6.88452e-38	6.88452e-38	6.88452e-38	6.88452e-38	6.88452e-38	6.88452e-38	6.88452e-38	6.88452e-38	6.88452e-38	6.88452e-38	6.88452e-38	6.88452e-38	6.88452e-38	6.88452e-38	6.88452e-38	6.88452e-38	6.88452e-38	6.88452e-38	6.88452e-38	6.88452e-38	6.88452e-38	6.88452e-38	6.88452e-38	6.88452e-38	6.88452e-38	6.88452e-38	6.88452e-38	6.88452e-38	6.88452e-38	6.88452e-38	6.88452e-38	6.88452e-38	6.88452e-38	6.88452e-38	6.88452e-38	6.88452e-38	6.88452e-38	6.88452e-38	6.88452e-38	6.88452e-38	6.88452e-38	6.88452e-38	6.88452e-38	6.88452e-38	6.88452e-38	6.88452e-38	6.88452e-38	6.88452e-38	6.88452e-38	6.88452e-38	6.88452e-38	6.88452e-38	6.88452e-38	6.88452e-38	6.88452e-38	6.88452e-38	6.88452e-38	6.88452e-38	6.88452e-38	6.88452e-38	6.88452e-38	6.88452e-38	6.88452e-38	6.88452e-38	6.88452e-38	6.88452e-38	6.88452e-38	6.88452e-38	6.88452e-38	6.88452e-38	6.88452e-38	6.88452e-38	6.88452e-38	6.88452e-38	6.88452e-38	6.88452e-38	6.88452e-38	6.88452e-38	6.88452e-38	6.88452e-38	6.88452e-38	6.88452e-38	6.88452e-38	6.88452e-38	6.88452e-38	6.88452e-38	6.88452e-38
18.07	6.79025e-36	6.79303e-36	6.79303e-36	6.79303e-36	6.79303e-36	6.79303e-36	6.79303e-36	6.79303e-36	6.79303e-36	6.79303e-36	6.79303e-36	6.79303e-36	6.79303e-36	6.79303e-36	6.79303e-36	6.79303e-36	6.79303e-36	6.79303e-36	6.79303e-36	6.79303e-36	6.79303e-36	6.79303e-36	6.79303e-36	6.79303e-36	6.79303e-36	6.79303e-36	6.79303e-36	6.79303e-36	6.79303e-36	6.79303e-36	6.79303e-36	6.79303e-36	6.79303e-36	6.79303e-36	6.79303e-36	6.79303e-36	6.79303e-36	6.79303e-36	6.79303e-36	6.79303e-36	6.79303e-36	6.79303e-36	6.79303e-36	6.79303e-36	6.79303e-36	6.79303e-36	6.79303e-36	6.79303e-36	6.79303e-36	6.79303e-36	6.79303e-36	6.79303e-36	6.79303e-36	6.79303e-36	6.79303e-36	6.79303e-36	6.79303e-36	6.79303e-36	6.79303e-36	6.79303e-36	6.79303e-36	6.79303e-36	6.79303e-36	6.79303e-36	6.79303e-36	6.79303e-36	6.79303e-36	6.79303e-36	6.79303e-36	6.79303e-36	6.79303e-36	6.79303e-36	6.79303e-36	6.79303e-36	6.79303e-36	6.79303e-36	6.79303e-36	6.79303e-36	6.79303e-36	6.79303e-36	6.79303e-36	6.79303e-36	6.79303e-36	6.79303e-36	6.79303e-36	6.79303e-36	6.79303e-36	6.79303e-36	6.79303e-36	6.79303e-36	6.79303e-36	6.79303e-36	6.79303e-36	6.79303e-36	6.79303e-36	6.79303e-36	6.79303e-36	6.79303e-36	6.79303e-36	6.79303e-36	6.79303e-36	6.79303e-36	6.79303e-36	6.79303e-36	6.79303e-36	6.79303e-36	6.79303e-36	6.79303e-36	6.79303e-36	6.79303e-36	6.79303e-36	6.79303e-36	6.79303e-36	6.79303e-36	6.79303e-36	6.79303e-36	6.79303e-36	6.79303e-36	6.79303e-36	6.79303e-36	6.79303e-36	6.79303e-36	6.79303e-36	6.79303e-36	6.79303e-36	6.79303e-36	6.79303e-36	6.79303e-36	6.79303e-36	6.79303e-36	6.79303e-36	6.79303e-36	6.79303e-36	6.79303e-36	6.79303e-36	6.79303e-36	6.79303e-36	6.79303e-36	6.79303e-36	6.79303e-36	6.79303e-36	6.79303e-36	6.79303e-36	6.79303e-36	6.79303e-36	6.79303e-36	6.79303e-36	6.79303e-36	6.79303e-36	6.79303e-36	6.79303e-36	6.79303e-36	6.79303e-36	6.79303e-36	6.79303e-36	6.79303e-36	6.79303e-36	6.79303e-36	6.79303e-36	6.79303e-36	6.79303e-36	6.79303e-36	6.79303e-36	6.79303e-36	6.79303e-36	6.79303e-36	6.79303e-36	6.79303e-36	6.79303e-36	6.79303e-36	6.79303e-36	6.79303e-36	6.79303e-36	6.79303e-36	6.79303e-36	6.79303e-36	6.79303e-36	6.79303e-36	6.79303e-36	6.79303e-36	6.79303e-36	6.79303e-36	6.79303e-36	6.79303e-36	6.79303e-36	6.79303e-36
18.11	5.41575e-34	5.41898e-34	5.41898e-34	5.41898e-34	5.41898e-34	5.41898e-34	5.41898e-34	5.41898e-34	5.41898e-34	5.41898e-34	5.41898e-34	5.41898e-34	5.41898e-34	5.41898e-34	5.41898e-34	5.41898e-34	5.41898e-34	5.41898e-34	5.41898e-34	5.41898e-34	5.41898e-34	5.41898e-34	5.41898e-34	5.41898e-34	5.41898e-34	5.41898e-34	5.41898e-34	5.41898e-34	5.41898e-34	5.41898e-34	5.41898e-34	5.41898e-34	5.41898e-34	5.41898e-34	5.41898e-34	5.41898e-34	5.41898e-34	5.41898e-34	5.41898e-34	5.41898e-34	5.41898e-34	5.41898e-34	5.41898e-34	5.41898e-34	5.41898e-34	5.41898e-34	5.41898e-34	5.41898e-34	5.41898e-34	5.41898e-34	5.41898e-34	5.41898e-34	5.41898e-34	5.41898e-34	5.41898e-34	5.41898e-34	5.41898e-34	5.41898e-34	5.41898e-34	5.41898e-34	5.41898e-34	5.41898e-34	5.41898e-34	5.41898e-34	5.41898e-34	5.41898e-34	5.41898e-34	5.41898e-34	5.41898e-34	5.41898e-34	5.41898e-34	5.41898e-34	5.41898e-34	5.41898e-34	5.41898e-34	5.41898e-34	5.41898e-34	5.41898e-34	5.41898e-34	5.41898e-34	5.41898e-34	5.41898e-34	5.41898e-34	5.41898e-34	5.41898e-34	5.41898e-34	5.41898e-34	5.41898e-34	5.41898e-34	5.41898e-34	5.41898e-34	5.41898e-34	5.41898e-34	5.41898e-34	5.41898e-34	5.41898e-34	5.41898e-34	5.41898e-34	5.41898e-34	5.41898e-34	5.41898e-34	5.41898e-34	5.41898e-34	5.41898e-34	5.41898e-34	5.41898e-34	5.41898e-34	5.41898e-34	5.41898e-34	5.41898e-34	5.41898e-34	5.41898e-34	5.41898e-34	5.41898e-34	5.41898e-34	5.41898e-34	5.41898e-34	5.41898e-34	5.41898e-34	5.41898e-34	5.41898e-34	5.41898e-34	5.41898e-34	5.41898e-34	5.41898e-34	5.41898e-34	5.41898e-34	5.41898e-34	5.41898e-34	5.41898e-34	5.41898e-34	5.41898e-34	5.41898e-34	5.41898e-34	5.41898e-34	5.41898e-34	5.41898e-34	5.41898e-34	5.41898e-34	5.41898e-34	5.41898e-34	5.41898e-34	5.41898e-34	5.41898e-34	5.41898e-34	5.41898e-34	5.41898e-34	5.41898e-34	5.41898e-34	5.41898e-34	5.41898e-34	5.41898e-34	5.41898e-34	5.41898e-34	5.41898e-34	5.41898e-34	5.41898e-34	5.41898e-34	5.41898e-34	5.41898e-34	5.41898e-34	5.41898e-34	5.41898e-34	5.41898e-34	5.41898e-34	5.41898e-34	5.41898e-34	5.41898e-34	5.41898e-34	5.41898e-34	5.41898e-34	5.41898e-34	5.41898e-34	5.41898e-34	5.41898e-34	5.41898e-34	5.41898e-34	5.41898e-34	5.41898e-34	5.41898e-34	5.41898e-34	5.41898e-34	5.41898e-34	5.41898e-34	5.41898e-34	5.41898e-34
18.14	3.56770e-32	3.57069e-32	3.57069e-32	3.57069e-32	3.57069e-32	3.57069e-32	3.57069e-32	3.57069e-32	3.57069e-32	3.57069e-32	3.57069e-32	3.57069e-32	3.57069e-32	3.57069e-32	3.57069e-32	3.57069e-32	3.57069e-32	3.57069e-32	3.57069e-32	3.57069e-32	3.57069e-32	3.57069e-32	3.57069e-32	3.57069e-32	3.57069e-32	3.57069e-32	3.57069e-32	3.57069e-32	3.57069e-32	3.57069e-32	3.57069e-32	3.57069e-32	3.57069e-32	3.57069e-32	3.57069e-32	3.57069e-32	3.57069e-32	3.57069e-32	3.57069e-32	3.57069e-32	3.57069e-32	3.57069e-32	3.57069e-32	3.57069e-32	3.57069e-32	3.57069e-32	3.57069e-32	3.57069e-32	3.57069e-32	3.57069e-32	3.57069e-32	3.57069e-32	3.57069e-32	3.57069e-32	3.57069e-32	3.57069e-32	3.57069e-32	3.57069e-32	3.57069e-32	3.57069e-32	3.57069e-32	3.57069e-32	3.57069e-32	3.57069e-32	3.57069e-32	3.57069e-32	3.57069e-32	3.57069e-32	3.57069e-32	3.57069e-32	3.57069e-32	3.57069e-32	3.57069e-32	3.57069e-32	3.57069e-32	3.57069e-32	3.57069e-32	3.57069e-32	3.57069e-32	3.57069e-32	3.57069e-32	3.57069e-32	3.57069e-32	3.57069e-32	3.57069e-32	3.57069e-32	3.57069e-32	3.57069e-32	3.57069e-32	3.57069e-32	3.57069e-32	3.57069e-32	3.57069e-32	3.57069e-32	3.57069e-32	3.57069e-32	3.57069e-32	3.57069e-32	3.57069e-32	3.57069e-32	3.57069e-32	3.57069e-32	3.57069e-32	3.57069e-32	3.57069e-32	3.57069e-32	3.57069e-32	3.57069e-32	3.57069e-32	3.57069e-32	3.57069e-32	3.57069e-32	3.57069e-32	3.57069e-32	3.57069e-32	3.57069e-32	3.57069e-32	3.57069e-32	3.57069e-32	3.57069e-32	3.57069e-32	3.57069e-32	3.57069e-32	3.57069e-32	3.57069e-32	3.57069e-32	3.57069e-32	3.57069e-32	3.57069e-32	3.57069e-32	3.57069e-32	3.57069e-32	3.57069e-32	3.57069e-32	3.57069e-32	3.57069e-32	3.57069e-32	3.57069e-32	3.57069e-32	3.57069e-32	3.57069e-32	3.57069e-32	3.57069e-32	3.57069e-32	3.57069e-32	3.57069e-32	3.57069e-32	3.57069e-32	3.57069e-32	3.57069e-32	3.57069e-32	3.57069e-32	3.57069e-32	3.57069e-32	3.57069e-32	3.57069e-32	3.57069e-32	3.57069e-32	3.57069e-32	3.57069e-32	3.57069e-32	3.57069e-32	3.57069e-32	3.57069e-32	3.57069e-32	3.57069e-32	3.57069e-32	3.57069e-32	3.57069e-32	3.57069e-32	3.57069e-32	3.57069e-32	3.57069e-32	3.57069e-32	3.57069e-32	3.57069e-32	3.57069e-32	3.57069e-32	3.57069e-32	3.57069e-32	3.57069e-32	3.57069e-32	3.57069e-32	3.57069e-32	3.57069e-32	3.57069e-32
18.18	1.97731e-30	1.97955e-30	1.97955e-30	1.97955e-30	1.97955e-30	1.97955e-30	1.97955e-30	1.97955e-30	1.97955e-30	1.97955e-30	1.97955e-30	1.97955e-30	1.97955e-30	1.97955e-30	1.97955e-30	1.97955e-30	1.97955e-30	1.97955e-30	1.97955e-30	1.97955e-30	1.97955e-30	1.97955e-30	1.97955e-30	1.97955e-30	1.97955e-30	1.97955e-30	1.97955e-30	1.97955e-30	1.97955e-30	1.97955e-30	1.97955e-30	1.97955e-30	1.97955e-30	1.97955e-30	1.97955e-30	1.97955e-30	1.97955e-30	1.97955e-30	1.97955e-30	1.97955e-30	1.97955e-30	1.97955e-30	1.97955e-30	1.97955e-30	1.97955e-30	1.97955e-30	1.97955e-30	1.97955e-30	1.97955e-30	1.97955e-30	1.97955e-30	1.97955e-30	1.97955e-30	1.97955e-30	1.97955e-30	1.97955e-30	1.97955e-30	1.97955e-30	1.97955e-30	1.97955e-30	1.97955e-30	1.97955e-30	1.97955e-30	1.97955e-30	1.97955e-30	1.97955e-30	1.97955e-30	1.97955e-30	1.97955e-30	1.97955e-30	1.97955e-30	1.97955e-30	1.97955e-30	1.97955e-30	1.97955e-30	1.97955e-30	1.97955e-30	1.97955e-30	1.97955e-30	1.97955e-30	1.97955e-30	1.97955e-30	1.97955e-30	1.97955e-30	1.97955e-30	1.97955e-30	1.97955e-30	1.97955e-30	1.97955e-30	1.97955e-30	1.97955e-30	1.97955e-30	1.97955e-30	1.97955e-30	1.97955e-30	1.97955e-30	1.97955e-30	1.97955e-30	1.97955e-30	1.97955e-30	1.97955e-30	1.97955e-30	1.97955e-30	1.97955e-30	1.97955e-30	1.97955e-30	1.97955e-30	1.97955e-30	1.97955e-30	1.97955e-30	1.97955e-30	1.97955e-30	1.97955e-30	1.97955e-30	1.97955e-30	1.97955e-30	1.97955e-30	1.97955e-30	1.97955e-30	1.97955e-30	1.97955e-30	1.97955e-30	1.97955e-30	1.97955e-30	1.97955e-30	1.97955e-30	1.97955e-30	1.97955e-30	1.97955e-30	1.97955e-30	1.97955e-30	1.97955e-30	1.97955e-30	1.97955e-30	1.97955e-30	1.97955e-30	1.97955e-30	1.97955e-30	1.97955e-30	1.97955e-30	1.97955e-30	1.97955e-30	1.97955e-30	1.97955e-30	1.97955e-30	1.97955e-30	1.97955e-30	1.97955e-30	1.97955e-30	1.97955e-30	1.97955e-30	1.97955e-30	1.97955e-30	1.97955e-30	1.97955e-30	1.97955e-30	1.97955e-30	1.97955e-30	1.97955e-30	1.97955e-30	1.97955e-30	1.97955e-30	1.97955e-30	1.97955e-30	1.97955e-30	1.97955e-30	1.97955e-30	1.97955e-30	1.97955e-30	1.97955e-30	1.97955e-30	1.97955e-30	1.97955e-30	1.97955e-30	1.97955e-30	1.97955e-30	1.97955e-30	1.97955e-30	1.97955e-30	1.97955e-30	1.97955e-30	1.97955e-30	1.97955e-30	1.97955e-30	1.97955e-30	1.97955e-30
18.21	9.32691e-29	9.34089e-29	9.34090e-29	9.34090e-29	9.34090e-29	9.34090e-29	9.34090e-29	9.34090e-29	9.34090e-29	9.34090e-29	9.34090e-29	9.34090e-29	9.34090e-29	9.34090e-29	9.34090e-29	9.34090e-29	9.34090e-29	9.34090e-29	9.34090e-29	9.34090e-29	9.34090e-29	9.34090e-29	9.34090e-29	9.34090e-29	9.34090e-29	9.34090e-29	9.34090e-29	9.34090e-29	9.34090e-29	9.34090e-29	9.34090e-29	9.34090e-29	9.34090e-29	9.34090e-29	9.34090e-29	9.34090e-29	9.34090e-29	9.34090e-29	9.34090e-29	9.34090e-29	9.34090e-29	9.34090e-29	9.34090e-29	9.34090e-29	9.34090e-29	9.34090e-29	9.34090e-29	9.34090e-29	9.34090e-29	9.34090e-29	9.34090e-29	9.34090e-29	9.34090e-29	9.34090e-29	9.34090e-29	9.34090e-29	9.34090e-29	9.34090e-29	9.34090e-29	9.34090e-29	9.34090e-29	9.34090e-29	9.34090e-29	9.34090e-29	9.34090e-29	9.34090e-29	9.34090e-29	9.34090e-29	9.34090e-29	9.34090e-29	9.34090e-29	9.34090e-29	9.34090e-29	9.34090e-29	9.34090e-29	9.34090e-29	9.34090e-29	9.34090e-29	9.34090e-29	9.34090e-29	9.34090e-29	9.34090e-29	9.34090e-29	9.34090e-29	9.34090e-29	9.34090e-29	9.34090e-29	9.34090e-29	9.34090e-29	9.34090e-29	9.34090e-29	9.34090e-29	9.34090e-29	9.34090e-29	9.34090e-29	9.34090e-29	9.34090e-29	9.34090e-29	9.34090e-29	9.34090e-29	9.34090e-29	9.34090e-29	9.34090e-29	9.34090e-29	9.34090e-29	9.34090e-29	9.34090e-29	9.34090e-29	9.34090e-29	9.34090e-29	9.34090e-29	9.34090e-29	9.34090e-29	9.34090e-29	9.34090e-29	9.34090e-29	9.34090e-29	9.34090e-29	9.34090e-29	9.34090e-29	9.34090e-29	9.34090e-29	9.34090e-29	9.34090e-29	9.34090e-29	9.34090e-29	9.34090e-29	9.34090e-29	9.34090e-29	9.34090e-29	9.34090e-29	9.34090e-29	9.34090e-29	9.34090e-29	9.34090e-29	9.34090e-29	9.34090e-29	9.34090e-29	9.34090e-29	9.34090e-29	9.34090e-29	9.34090e-29	9.34090e-29	9.34090e-29	9.34090e-29	9.34090e-29	9.34090e-29	9.34090e-29	9.34090e-29	9.34090e-29	9.34090e-29	9.34090e-29	9.34090e-29	9.34090e-29	9.34090e-29	9.34090e-29	9.34090e-29	9.34090e-29	9.34090e-29	9.34090e-29	9.34090e-29	9.34090e-29	9.34090e-29	9.34090e-29	9.34090e-29	9.34090e-29	9.34090e-29	9.34090e-29	9.34090e-29	9.34090e-29	9.34090e-29	9.34090e-29	9.34090e-29	9.34090e-29	9.34090e-29	9.34090e-29	9.34090e-29	9.34090e-29	9.34090e-29	9.34090e-29	9.34090e-29	9.34090e-29	9.34090e-29	9.34090e-29	9.34090e-29	9.34090e-29
18.24	3.73669e-27	3.74407e-27	3.74408e-27	3.74408e-27	3.74408e-27	3.74408e-27	3.74408e-27	3.74408e-27	3.74408e-27	3.74408e-27	3.74408e-27	3.74408e-27	3.74408e-27	3.74408e-27	3.74408e-27	3.74408e-27	3.74408e-27	3.74408e-27	3.74408e-27	3.74408e-27	3.74408e-27	3.74408e-27	3.74408e-27	3.74408e-27	3.74408e-27	3.74408e-27	3.74408e-27	3.74408e-27	3.74408e-27	3.74408e-27	3.74408e-27	3.74408e-27	3.74408e-27	3.74408e-27	3.74408e-27	3.74408e-27	3.74408e-27	3.74408e-27	3.74408e-27	3.74408e-27	3.74408e-27	3.74408e-27	3.74408e-27	3.74408e-27	3.74408e-27	3.74408e-27	3.74408e-27	3.74408e-27	3.74408e-27	3.74408e-27	3.74408e-27	3.74408e-27	3.74408e-27	3.74408e-27	3.74408e-27	3.74408e-27	3.74408e-27	3.74408e-27	3.74408e-27	3.74408e-27	3.74408e-27	3.74408e-27	3.74408e-27	3.74408e-27	3.74408e-27	3.74408e-27	3.74408e-27	3.74408e-27	3.74408e-27	3.74408e-27	3.74408e-27	3.74408e-27	3.74408e-27	3.74408e-27	3.74408e-27	3.74408e-27	3.74408e-27	3.74408e-27	3.74408e-27	3.74408e-27	3.74408e-27	3.74408e-27	3.74408e-27	3.74408e-27	3.74408e-27	3.74408e-27	3.74408e-27	3.74408e-27	3.74408e-27	3.74408e-27	3.74408e-27	3.74408e-27	3.74408e-27	3.74408e-27	3.74408e-27	3.74408e-27	3.74408e-27	3.74408e-27	3.74408e-27	3.74408e-27	3.74408e-27	3.74408e-27	3.74408e-27	3.74408e-27	3.74408e-27	3.74408e-27	3.74408e-27	3.74408e-27	3.74408e-27	3.74408e-27	3.74408e-27	3.74408e-27	3.74408e-27	3.74408e-27	3.74408e-27	3.74408e-27	3.74408e-27	3.74408e-27	3.74408e-27	3.74408e-27	3.74408e-27	3.74408e-27	3.74408e-27	3.74408e-27	3.74408e-27	3.74408e-27	3.74408e-27	3.74408e-27	3.74408e-27	3.74408e-27	3.74408e-27	3.74408e-27	3.74408e-27	3.74408e-27	3.74408e-27	3.74408e-27	3.74408e-27	3.74408e-27	3.74408e-27	3.74408e-27	3.74408e-27	3.74408e-27	3.74408e-27	3.74408e-27	3.74408e-27	3.74408e-27	3.74408e-27	3.74408e-27	3.74408e-27	3.74408e-27	3.74408e-27	3.74408e-27	3.74408e-27	3.74408e-27	3.74408e-27	3.74408e-27	3.74408e-27	3.74408e-27	3.74408e-27	3.74408e-27	3.74408e-27	3.74408e-27	3.74408e-27	3.74408e-27	3.74408e-27	3.74408e-27	3.74408e-27	3.74408e-27	3.74408e-27	3.74408e-27	3.74408e-27	3.74408e-27	3.74408e-27	3.74408e-27	3.74408e-27	3.74408e-27	3.74408e-27	3.74408e-27	3.74408e-27	3.74408e-27	3.74408e-27	3.74408e-27	3.74408e-27	3.74408e-27	3.74408e-27	3.74408e-27
18.28	1.21884e-25	1.22215e-25	1.22216e-25	1.22216e-25	1.22216e-25	1.22216e-25	1.22216e-25	1.22216e-25	1.22216e-25	1.22216e-25	1.22216e-25	1.22216e-25	1.22216e-25	1.22216e-25	1.22216e-25	1.22216e-25	1.22216e-25	1.22216e-25	1.22216e-25	1.22216e-25	1.22216e-25	1.22216e-25	1.22216e-25	1.22216e-25	1.22216e-25	1.22216e-25	1.22216e-25	1.22216e-25	1.22216e-25	1.22216e-25	1.22216e-25	1.22216e-25	1.22216e-25	1.22216e-25	1.22216e-25	1.22216e-25	1.22216e-25	1.22216e-25	1.22216e-25	1.22216e-25	1.22216e-25	1.22216e-25	1.22216e-25	1.22216e-25	1.22216e-25	1.22216e-25	1.22216e-25	1.22216e-25	1.22216e-25	1.22216e-25	1.22216e-25	1.22216e-25	1.22216e-25	1.22216e-25	1.22216e-25	1.22216e-25	1.22216e-25	1.22216e-25	1.22216e-25	1.22216e-25	1.22216e-25	1.22216e-25	1.22216e-25	1.22216e-25	1.22216e-25	1.22216e-25	1.22216e-25	1.22216e-25	1.22216e-25	1.22216e-25	1.22216e-25	1.22216e-25	1.22216e-25	1.22216e-25	1.22216e-25	1.22216e-25	1.22216e-25	1.22216e-25	1.22216e-25	1.22216e-25	1.22216e-25	1.22216e-25	1.22216e-25	1.22216e-25	1.22216e-25	1.22216e-25	1.22216e-25	1.22216e-25	1.22216e-25	1.22216e-25	1.22216e-25	1.22216e-25	1.22216e-25	1.22216e-25	1.22216e-25	1.22216e-25	1.22216e-25	1.22216e-25	1.22216e-25	1.22216e-25	1.22216e-25	1.22216e-25	1.22216e-25	1.22216e-25	1.22216e-25	1.22216e-25	1.22216e-25	1.22216e-25	1.22216e-25	1.22216e-25	1.22216e-25	1.22216e-25	1.22216e-25	1.22216e-25	1.22216e-25	1.22216e-25	1.22216e-25	1.22216e-25	1.22216e-25	1.22216e-25	1.22216e-25	1.22216e-25	1.22216e-25	1.22216e-25	1.22216e-25	1.22216e-25	1.22216e-25	1.22216e-25	1.22216e-25	1.22216e-25	1.22216e-25	1.22216e-25	1.22216e-25	1.22216e-25	1.22216e-25	1.22216e-25	1.22216e-25	1.22216e-25	1.22216e-25	1.22216e-25	1.22216e-25	1.22216e-25	1.22216e-25	1.22216e-25	1.22216e-25	1.22216e-25	1.22216e-25	1.22216e-25	1.22216e-25	1.22216e-25	1.22216e-25	1.22216e-25	1.22216e-25	1.22216e-25	1.22216e-25	1.22216e-25	1.22216e-25	1.22216e-25	1.22216e-25	1.22216e-25	1.22216e-25	1.22216e-25	1.22216e-25	1.22216e-25	1.22216e-25	1.22216e-25	1.22216e-25	1.22216e-25	1.22216e-25	1.22216e-25	1.22216e-25	1.22216e-25	1.22216e-25	1.22216e-25	1.22216e-25	1.22216e-25	1.22216e-25	1.22216e-25	1.22216e-25	1.22216e-25	1.22216e-25	1.22216e-25	1.22216e-25	1.22216e-25	1.22216e-25	1.22216e-25
18.31	2.49675e-24	2.50934e-24	2.50935e-24	2.50935e-24	2.50935e-24	2.50935e-24	2.50935e-24	2.50935e-24	2.50935e-24	2.50935e-24	2.50935e-24	2.50935e-24	2.50935e-24	2.50935e-24	2.50935e-24	2.50935e-24	2.50935e-24	2.50935e-24	2.50935e-24	2.50935e-24	2.50935e-24	2.50935e-24	2.50935e-24	2.50935e-24	2.50935e-24	2.50935e-24	2.50935e-24	2.50935e-24	2.50935e-24	2.50935e-24	2.50935e-24	2.50935e-24	2.50935e-24	2.50935e-24	2.50935e-24	2.50935e-24	2.50935e-24	2.50935e-24	2.50935e-24	2.50935e-24	2.50935e-24	2.50935e-24	2.50935e-24	2.50935e-24	2.50935e-24	2.50935e-24	2.50935e-24	2.50935e-24	2.50935e-24	2.50935e-24	2.50935e-24	2.50935e-24	2.50935e-24	2.50935e-24	2.50935e-24	2.50935e-24	2.50935e-24	2.50935e-24	2.50935e-24	2.50935e-24	2.50935e-24	2.50935e-24	2.50935e-24	2.50935e-24	2.50935e-24	2.50935e-24	2.50935e-24	2.50935e-24	2.50935e-24	2.50935e-24	2.50935e-24	2.50935e-24	2.50935e-24	2.50935e-24	2.50935e-24	2.50935e-24	2.50935e-24	2.50935e-24	2.50935e-24	2.50935e-24	2.50935e-24	2.50935e-24	2.50935e-24	2.50935e-24	2.50935e-24	2.50935e-24	2.50935e-24	2.50935e-24	2.50935e-24	2.50935e-24	2.50935e-24	2.50935e-24	2.50935e-24	2.50935e-24	2.50935e-24	2.50935e-24	2.50935e-24	2.50935e-24	2.50935e-24	2.50935e-24	2.50935e-24	2.50935e-24	2.50935e-24	2.50935e-24	2.50935e-24	2.50935e-24	2.50935e-24	2.50935e-24	2.50935e-24	2.50935e-24	2.50935e-24	2.50935e-24	2.50935e-24	2.50935e-24	2.50935e-24	2.50935e-24	2.50935e-24	2.50935e-24	2.50935e-24	2.50935e-24	2.50935e-24	2.50935e-24	2.50935e-24	2.50935e-24	2.50935e-24	2.50935e-24	2.50935e-24	2.50935e-24	2.50935e-24	2.50935e-24	2.50935e-24	2.50935e-24	2.50935e-24	2.50935e-24	2.50935e-24	2.50935e-24	2.50935e-24	2.50935e-24	2.50935e-24	2.50935e-24	2.50935e-24	2.50935e-24	2.50935e-24	2.50935e-24	2.50935e-24	2.50935e-24	2.50935e-24	2.50935e-24	2.50935e-24	2.50935e-24	2.50935e-24	2.50935e-24	2.50935e-24	2.50935e-24	2.50935e-24	2.50935e-24	2.50935e-24	2.50935e-24	2.50935e-24	2.50935e-24	2.50935e-24	2.50935e-24	2.50935e-24	2.50935e-24	2.50935e-24	2.50935e-24	2.50935e-24	2.50935e-24	2.50935e-24	2.50935e-24	2.50935e-24	2.50935e-24	2.50935e-24	2.50935e-24	2.50935e-24	2.50935e-24	2.50935e-24	2.50935e-24	2.50935e-24	2.50935e-24	2.50935e-24	2.50935e-24	2.50935e-24	2.50935e-24	2.50935e-24	2.50935e-24
18.35	9.73105e-24	1.01068e-23	1.01076e-23	1.01076e-23	1.01076e-23	1.01076e-23	1.01076e-23	1.01076e-23	1.01076e-23	1.01076e-23	1.01076e-23	1.01076e-23	1.01076e-23	1.01076e-23	1.01076e-23	1.01076e-23	1.01076e-23	1.01076e-23	1.01076e-23	1.01076e-23	1.01076e-23	1.01076e-23	1.01076e-23	1.01076e-23	1.01076e-23	1.01076e-23	1.01076e-23	1.01076e-23	1.01076e-23	1.01076e-23	1.01076e-23	1.01076e-23	1.01076e-23	1.01076e-23	1.01076e-23	1.01076e-23	1.01076e-23	1.01076e-23	1.01076e-23	1.01076e-23	1.01076e-23	1.01076e-23	1.01076e-23	1.01076e-23	1.01076e-23	1.01076e-23	1.01076e-23	1.01076e-23	1.01076e-23	1.01076e-23	1.01076e-23	1.01076e-23	1.01076e-23	1.01076e-23	1.01076e-23	1.01076e-23	1.01076e-23	1.01076e-23	1.01076e-23	1.01076e-23	1.01076e-23	1.01076e-23	1.01076e-23	1.01076e-23	1.01076e-23	1.01076e-23	1.01076e-23	1.01076e-23	1.01076e-23	1.01076e-23	1.01076e-23	1.01076e-23	1.01076e-23	1.01076e-23	1.01076e-23	1.01076e-23	1.01076e-23	1.01076e-23	1.01076e-23	1.01076e-23	1.01076e-23	1.01076e-23	1.01076e-23	1.01076e-23	1.01076e-23	1.01076e-23	1.01076e-23	1.01076e-23	1.01076e-23	1.01076e-23	1.01076e-23	1.01076e-23	1.01076e-23	1.01076e-23	1.01076e-23	1.01076e-23	1.01076e-23	1.01076e-23	1.01076e-23	1.01076e-23	1.01076e-23	1.01076e-23	1.01076e-23	1.01076e-23	1.01076e-23	1.01076e-23	1.01076e-23	1.01076e-23	1.01076e-23	1.01076e-23	1.01076e-23	1.01076e-23	1.01076e-23	1.01076e-23	1.01076e-23	1.01076e-23	1.01076e-23	1.01076e-23	1.01076e-23	1.01076e-23	1.01076e-23	1.01076e-23	1.01076e-23	1.01076e-23	1.01076e-23	1.01076e-23	1.01076e-23	1.01076e-23	1.01076e-23	1.01076e-23	1.01076e-23	1.01076e-23	1.01076e-23	1.01076e-23	1.01076e-23	1.01076e-23	1.01076e-23	1.01076e-23	1.01076e-23	1.01076e-23	1.01076e-23	1.01076e-23	1.01076e-23	1.01076e-23	1.01076e-23	1.01076e-23	1.01076e-23	1.01076e-23	1.01076e-23	1.01076e-23	1.01076e-23	1.01076e-23	1.01076e-23	1.01076e-23	1.01076e-23	1.01076e-23	1.01076e-23	1.01076e-23	1.01076e-23	1.01076e-23	1.01076e-23	1.01076e-23	1.01076e-23	1.01076e-23	1.01076e-23	1.01076e-23	1.01076e-23	1.01076e-23	1.01076e-23	1.01076e-23	1.01076e-23	1.01076e-23	1.01076e-23	1.01076e-23	1.01076e-23	1.01076e-23	1.01076e-23	1.01076e-23	1.01076e-23	1.01076e-23	1.01076e-23	1.01076e-23	1.01076e-23	1.01076e-23	1.01076e-23	1.01076e-23
18.38	1.20315e-23	1.74053e-23	1.74340e-23	1.74340e-23	1.74340e-23	1.74340e-23	1.74340e-23	1.74340e-23	1.74340e-23	1.74340e-23	1.74340e-23	1.74340e-23	1.74340e-23	1.74340e-23	1.74340e-23	1.74340e-23	1.74340e-23	1.74340e-23	1.74340e-23	1.74340e-23	1.74340e-23	1.74340e-23	1.74340e-23	1.74340e-23	1.74340e-23	1.74340e-23	1.74340e-23	1.74340e-23	1.74340e-23	1.74340e-23	1.74340e-23	1.74340e-23	1.74340e-23	1.74340e-23	1.74340e-23	1.74340e-23	1.74340e-23	1.74340e-23	1.74340e-23	1.74340e-23	1.74340e-23	1.74340e-23	1.74340e-23	1.74340e-23	1.74340e-23	1.74340e-23	1.74340e-23	1.74340e-23	1.74340e-23	1.74340e-23	1.74340e-23	1.74340e-23	1.74340e-23	1.74340e-23	1.74340e-23	1.74340e-23	1.74340e-23	1.74340e-23	1.74340e-23	1.74340e-23	1.74340e-23	1.74340e-23	1.74340e-23	1.74340e-23	1.74340e-23	1.74340e-23	1.74340e-23	1.74340e-23	1.74340e-23	1.74340e-23	1.74340e-23	1.74340e-23	1.74340e-23	1.74340e-23	1.74340e-23	1.74340e-23	1.74340e-23	1.74340e-23	1.74340e-23	1.74340e-23	1.74340e-23	1.74340e-23	1.74340e-23	1.74340e-23	1.74340e-23	1.74340e-23	1.74340e-23	1.74340e-23	1.74340e-23	1.74340e-23	1.74340e-23	1.74340e-23	1.74340e-23	1.74340e-23	1.74340e-23	1.74340e-23	1.74340e-23	1.74340e-23	1.74340e-23	1.74340e-23	1.74340e-23	1.74340e-23	1.74340e-23	1.74340e-23	1.74340e-23	1.74340e-23	1.74340e-23	1.74340e-23	1.74340e-23	1.74340e-23	1.74340e-23	1.74340e-23	1.74340e-23	1.74340e-23	1.74340e-23	1.74340e-23	1.74340e-23	1.74340e-23	1.74340e-23	1.74340e-23	1.74340e-23	1.74340e-23	1.74340e-23	1.74340e-23	1.74340e-23	1.74340e-23	1.74340e-23	1.74340e-23	1.74340e-23	1.74340e-23	1.74340e-23	1.74340e-23	1.74340e-23	1.74340e-23	1.74340e-23	1.74340e-23	1.74340e-23	1.74340e-23	1.74340e-23	1.74340e-23	1.74340e-23	1.74340e-23	1.74340e-23	1.74340e-23	1.74340e-23	1.74340e-23	1.74340e-23	1.74340e-23	1.74340e-23	1.74340e-23	1.74340e-23	1.74340e-23	1.74340e-23	1.74340e-23	1.74340e-23	1.74340e-23	1.74340e-23	1.74340e-23	1.74340e-23	1.74340e-23	1.74340e-23	1.74340e-23	1.74340e-23	1.74340e-23	1.74340e-23	1.74340e-23	1.74340e-23	1.74340e-23	1.74340e-23	1.74340e-23	1.74340e-23	1.74340e-23	1.74340e-23	1.74340e-23	1.74340e-23	1.74340e-23	1.74340e-23	1.74340e-23	1.74340e-23	1.74340e-23	1.74340e-23	1.74340e-23	1.74340e-23	1.74340e-23	1.74340e-23	1.74340e-23
18.41	1.02845e-23	2.36161e-23	2.44124e-23	2.44142e-23	2.44142e-23	2.44142e-23	2.44142e-23	2.44142e-23	2.44142e-23	2.44142e-23	2.44142e-23	2.44142e-23	2.44142e-23	2.44142e-23	2.44142e-23	2.44142e-23	2.44142e-23	2.44142e-23	2.44142e-23	2.44142e-23	2.44142e-23	2.44142e-23	2.44142e-23	2.44142e-23	2.44142e-23	2.44142e-23	2.44142e-23	2.44142e-23	2.44142e-23	2.44142e-23	2.44142e-23	2.44142e-23	2.44142e-23	2.44142e-23	2.44142e-23	2.44142e-23	2.44142e-23	2.44142e-23	2.44142e-23	2.44142e-23	2.44142e-23	2.44142e-23	2.44142e-23	2.44142e-23	2.44142e-23	2.44142e-23	2.44142e-23	2.44142e-23	2.44142e-23	2.44142e-23	2.44142e-23	2.44142e-23	2.44142e-23	2.44142e-23	2.44142e-23	2.44142e-23	2.44142e-23	2.44142e-23	2.44142e-23	2.44142e-23	2.44142e-23	2.44142e-23	2.44142e-23	2.44142e-23	2.44142e-23	2.44142e-23	2.44142e-23	2.44142e-23	2.44142e-23	2.44142e-23	2.44142e-23	2.44142e-23	2.44142e-23	2.44142e-23	2.44142e-23	2.44142e-23	2.44142e-23	2.44142e-23	2.44142e-23	2.44142e-23	2.44142e-23	2.44142e-23	2.44142e-23	2.44142e-23	2.44142e-23	2.44142e-23	2.44142e-23	2.44142e-23	2.44142e-23	2.44142e-23	2.44142e-23	2.44142e-23	2.44142e-23	2.44142e-23	2.44142e-23	2.44142e-23	2.44142e-23	2.44142e-23	2.44142e-23	2.44142e-23	2.44142e-23	2.44142e-23	2.44142e-23	2.44142e-23	2.44142e-23	2.44142e-23	2.44142e-23	2.44142e-23	2.44142e-23	2.44142e-23	2.44142e-23	2.44142e-23	2.44142e-23	2.44142e-23	2.44142e-23	2.44142e-23	2.44142e-23	2.44142e-23	2.44142e-23	2.44142e-23	2.44142e-23	2.44142e-23	2.44142e-23	2.44142e-23	2.44142e-23	2.44142e-23	2.44142e-23	2.44142e-23	2.44142e-23	2.44142e-23	2.44142e-23	2.44142e-23	2.44142e-23	2.44142e-23	2.44142e-23	2.44142e-23	2.44142e-23	2.44142e-23	2.44142e-23	2.44142e-23	2.44142e-23	2.44142e-23	2.44142e-23	2.44142e-23	2.44142e-23	2.44142e-23	2.44142e-23	2.44142e-23	2.44142e-23	2.44142e-23	2.44142e-23	2.44142e-23	2.44142e-23	2.44142e-23	2.44142e-23	2.44142e-23	2.44142e-23	2.44142e-23	2.44142e-23	2.44142e-23	2.44142e-23	2.44142e-23	2.44142e-23	2.44142e-23	2.44142e-23	2.44142e-23	2.44142e-23	2.44142e-23	2.44142e-23	2.44142e-23	2.44142e-23	2.44142e-23	2.44142e-23	2.44142e-23	2.44142e-23	2.44142e-23	2.44142e-23	2.44142e-23	2.44142e-23	2.44142e-23	2.44142e-23	2.44142e-23	2.44142e-23	2.44142e-23	2.44142e-23	2.44142e-23
18.45	8.79118e-24	2.29327e-23	3.10924e-23	3.11570e-23	3.11571e-23	3.11571e-23	3.11571e-23	3.11571e-23	3.11571e-23	3.11571e-23	3.11571e-23	3.11571e-23	3.11571e-23	3.11571e-23	3.11571e-23	3.11571e-23	3.11571e-23	3.11571e-23	3.11571e-23	3.11571e-23	3.11571e-23	3.11571e-23	3.11571e-23	3.11571e-23	3.11571e-23	3.11571e-23	3.11571e-23	3.11571e-23	3.11571e-23	3.11571e-23	3.11571e-23	3.11571e-23	3.11571e-23	3.11571e-23	3.11571e-23	3.11571e-23	3.11571e-23	3.11571e-23	3.11571e-23	3.11571e-23	3.11571e-23	3.11571e-23	3.11571e-23	3.11571e-23	3.11571e-23	3.11571e-23	3.11571e-23	3.11571e-23	3.11571e-23	3.11571e-23	3.11571e-23	3.11571e-23	3.11571e-23	3.11571e-23	3.11571e-23	3.11571e-23	3.11571e-23	3.11571e-23	3.11571e-23	3.11571e-23	3.11571e-23	3.11571e-23	3.11571e-23	3.11571e-23	3.11571e-23	3.11571e-23	3.11571e-23	3.11571e-23	3.11571e-23	3.11571e-23	3.11571e-23	3.11571e-23	3.11571e-23	3.11571e-23	3.11571e-23	3.11571e-23	3.11571e-23	3.11571e-23	3.11571e-23	3.11571e-23	3.11571e-23	3.11571e-23	3.11571e-23	3.11571e-23	3.11571e-23	3.11571e-23	3.11571e-23	3.11571e-23	3.11571e-23	3.11571e-23	3.11571e-23	3.11571e-23	3.11571e-23	3.11571e-23	3.11571e-23	3.11571e-23	3.11571e-23	3.11571e-23	3.11571e-23	3.11571e-23	3.11571e-23	3.11571e-23	3.11571e-23	3.11571e-23	3.11571e-23	3.11571e-23	3.11571e-23	3.11571e-23	3.11571e-23	3.11571e-23	3.11571e-23	3.11571e-23	3.11571e-23	3.11571e-23	3.11571e-23	3.11571e-23	3.11571e-23	3.11571e-23	3.11571e-23	3.11571e-23	3.11571e-23	3.11571e-23	3.11571e-23	3.11571e-23	3.11571e-23	3.11571e-23	3.11571e-23	3.11571e-23	3.11571e-23	3.11571e-23	3.11571e-23	3.11571e-23	3.11571e-23	3.11571e-23	3.11571e-23	3.11571e-23	3.11571e-23	3.11571e-23	3.11571e-23	3.11571e-23	3.11571e-23	3.11571e-23	3.11571e-23	3.11571e-23	3.11571e-23	3.11571e-23	3.11571e-23	3.11571e-23	3.11571e-23	3.11571e-23	3.11571e-23	3.11571e-23	3.11571e-23	3.11571e-23	3.11571e-23	3.11571e-23	3.11571e-23	3.11571e-23	3.11571e-23	3.11571e-23	3.11571e-23	3.11571e-23	3.11571e-23	3.11571e-23	3.11571e-23	3.11571e-23	3.11571e-23	3.11571e-23	3.11571e-23	3.11571e-23	3.11571e-23	3.11571e-23	3.11571e-23	3.11571e-23	3.11571e-23	3.11571e-23	3.11571e-23	3.11571e-23	3.11571e-23	3.11571e-23	3.11571e-23	3.11571e-23	3.11571e-23	3.11571e-23	3.11571e-23	3.11571e-23
18.48	7.51469e-24	1.96028e-23	3.61157e-23	3.77562e-23	3.77605e-23	3.77605e-23	3.77605e-23	3.77605e-23	3.77605e-23	3.77605e-23	3.77605e-23	3.77605e-23	3.77605e-23	3.77605e-23	3.77605e-23	3.77605e-23	3.77605e-23	3.77605e-23	3.77605e-23	3.77605e-23	3.77605e-23	3.77605e-23	3.77605e-23	3.77605e-23	3.77605e-23	3.77605e-23	3.77605e-23	3.77605e-23	3.77605e-23	3.77605e-23	3.77605e-23	3.77605e-23	3.77605e-23	3.77605e-23	3.77605e-23	3.77605e-23	3.77605e-23	3.77605e-23	3.77605e-23	3.77605e-23	3.77605e-23	3.77605e-23	3.77605e-23	3.77605e-23	3.77605e-23	3.77605e-23	3.77605e-23	3.77605e-23	3.77605e-23	3.77605e-23	3.77605e-23	3.77605e-23	3.77605e-23	3.77605e-23	3.77605e-23	3.77605e-23	3.77605e-23	3.77605e-23	3.77605e-23	3.77605e-23	3.77605e-23	3.77605e-23	3.77605e-23	3.77605e-23	3.77605e-23	3.77605e-23	3.77605e-23	3.77605e-23	3.77605e-23	3.77605e-23	3.77605e-23	3.77605e-23	3.77605e-23	3.77605e-23	3.77605e-23	3.77605e-23	3.77605e-23	3.77605e-23	3.77605e-23	3.77605e-23	3.77605e-23	3.77605e-23	3.77605e-23	3.77605e-23	3.77605e-23	3.77605e-23	3.77605e-23	3.77605e-23	3.77605e-23	3.77605e-23	3.77605e-23	3.77605e-23	3.77605e-23	3.77605e-23	3.77605e-23	3.77605e-23	3.77605e-23	3.77605e-23	3.77605e-23	3.77605e-23	3.77605e-23	3.77605e-23	3.77605e-23	3.77605e-23	3.77605e-23	3.77605e-23	3.77605e-23	3.77605e-23	3.77605e-23	3.77605e-23	3.77605e-23	3.77605e-23	3.77605e-23	3.77605e-23	3.77605e-23	3.77605e-23	3.77605e-23	3.77605e-23	3.77605e-23	3.77605e-23	3.77605e-23	3.77605e-23	3.77605e-23	3.77605e-23	3.77605e-23	3.77605e-23	3.77605e-23	3.77605e-23	3.77605e-23	3.77605e-23	3.77605e-23	3.77605e-23	3.77605e-23	3.77605e-23	3.77605e-23	3.77605e-23	3.77605e-23	3.77605e-23	3.77605e-23	3.77605e-23	3.77605e-23	3.77605e-23	3.77605e-23	3.77605e-23	3.77605e-23	3.77605e-23	3.77605e-23	3.77605e-23	3.77605e-23	3.77605e-23	3.77605e-23	3.77605e-23	3.77605e-23	3.77605e-23	3.77605e-23	3.77605e-23	3.77605e-23	3.77605e-23	3.77605e-23	3.77605e-23	3.77605e-23	3.77605e-23	3.77605e-23	3.77605e-23	3.77605e-23	3.77605e-23	3.77605e-23	3.77605e-23	3.77605e-23	3.77605e-23	3.77605e-23	3.77605e-23	3.77605e-23	3.77605e-23	3.77605e-23	3.77605e-23	3.77605e-23	3.77605e-23	3.77605e-23	3.77605e-23	3.77605e-23	3.77605e-23	3.77605e-23	3.77605e-23	3.77605e-23	3.77605e-23
18.52	6.42355e-24	1.67565e-23	3.25631e-23	4.41687e-23	4.43129e-23	4.43131e-23	4.43131e-23	4.43131e-23	4.43131e-23	4.43131e-23	4.43131e-23	4.43131e-23	4.43131e-23	4.43131e-23	4.43131e-23	4.43131e-23	4.43131e-23	4.43131e-23	4.43131e-23	4.43131e-23	4.43131e-23	4.43131e-23	4.43131e-23	4.43131e-23	4.43131e-23	4.43131e-23	4.43131e-23	4.43131e-23	4.43131e-23	4.43131e-23	4.43131e-23	4.43131e-23	4.43131e-23	4.43131e-23	4.43131e-23	4.43131e-23	4.43131e-23	4.43131e-23	4.43131e-23	4.43131e-23	4.43131e-23	4.43131e-23	4.43131e-23	4.43131e-23	4.43131e-23	4.43131e-23	4.43131e-23	4.43131e-23	4.43131e-23	4.43131e-23	4.43131e-23	4.43131e-23	4.43131e-23	4.43131e-23	4.43131e-23	4.43131e-23	4.43131e-23	4.43131e-23	4.43131e-23	4.43131e-23	4.43131e-23	4.43131e-23	4.43131e-23	4.43131e-23	4.43131e-23	4.43131e-23	4.43131e-23	4.43131e-23	4.43131e-23	4.43131e-23	4.43131e-23	4.43131e-23	4.43131e-23	4.43131e-23	4.43131e-23	4.43131e-23	4.43131e-23	4.43131e-23	4.43131e-23	4.43131e-23	4.43131e-23	4.43131e-23	4.43131e-23	4.43131e-23	4.43131e-23	4.43131e-23	4.43131e-23	4.43131e-23	4.43131e-23	4.43131e-23	4.43131e-23	4.43131e-23	4.43131e-23	4.43131e-23	4.43131e-23	4.43131e-23	4.43131e-23	4.43131e-23	4.43131e-23	4.43131e-23	4.43131e-23	4.43131e-23	4.43131e-23	4.43131e-23	4.43131e-23	4.43131e-23	4.43131e-23	4.43131e-23	4.43131e-23	4.43131e-23	4.43131e-23	4.43131e-23	4.43131e-23	4.43131e-23	4.43131e-23	4.43131e-23	4.43131e-23	4.43131e-23	4.43131e-23	4.43131e-23	4.43131e-23	4.43131e-23	4.43131e-23	4.43131e-23	4.43131e-23	4.43131e-23	4.43131e-23	4.43131e-23	4.43131e-23	4.43131e-23	4.43131e-23	4.43131e-23	4.43131e-23	4.43131e-23	4.43131e-23	4.43131e-23	4.43131e-23	4.43131e-23	4.43131e-23	4.43131e-23	4.43131e-23	4.43131e-23	4.43131e-23	4.43131e-23	4.43131e-23	4.43131e-23	4.43131e-23	4.43131e-23	4.43131e-23	4.43131e-23	4.43131e-23	4.43131e-23	4.43131e-23	4.43131e-23	4.43131e-23	4.43131e-23	4.43131e-23	4.43131e-23	4.43131e-23	4.43131e-23	4.43131e-23	4.43131e-23	4.43131e-23	4.43131e-23	4.43131e-23	4.43131e-23	4.43131e-23	4.43131e-23	4.43131e-23	4.43131e-23	4.43131e-23	4.43131e-23	4.43131e-23	4.43131e-23	4.43131e-23	4.43131e-23	4.43131e-23	4.43131e-23	4.43131e-23	4.43131e-23	4.43131e-23	4.43131e-23	4.43131e-23	4.43131e-23	4.43131e-23	4.43131e-23
18.55	5.49084e-24	1.43234e-23	2.78349e-23	4.76414e-23	5.08864e-23	5.08964e-23	5.08964e-23	5.08964e-23	5.08964e-23	5.08964e-23	5.08964e-23	5.08964e-23	5.08964e-23	5.08964e-23	5.08964e-23	5.08964e-23	5.08964e-23	5.08964e-23	5.08964e-23	5.08964e-23	5.08964e-23	5.08964e-23	5.08964e-23	5.08964e-23	5.08964e-23	5.08964e-23	5.08964e-23	5.08964e-23	5.08964e-23	5.08964e-23	5.08964e-23	5.08964e-23	5.08964e-23	5.08964e-23	5.08964e-23	5.08964e-23	5.08964e-23	5.08964e-23	5.08964e-23	5.08964e-23	5.08964e-23	5.08964e-23	5.08964e-23	5.08964e-23	5.08964e-23	5.08964e-23	5.08964e-23	5.08964e-23	5.08964e-23	5.08964e-23	5.08964e-23	5.08964e-23	5.08964e-23	5.08964e-23	5.08964e-23	5.08964e-23	5.08964e-23	5.08964e-23	5.08964e-23	5.08964e-23	5.08964e-23	5.08964e-23	5.08964e-23	5.08964e-23	5.08964e-23	5.08964e-23	5.08964e-23	5.08964e-23	5.08964e-23	5.08964e-23	5.08964e-23	5.08964e-23	5.08964e-23	5.08964e-23	5.08964e-23	5.08964e-23	5.08964e-23	5.08964e-23	5.08964e-23	5.08964e-23	5.08964e-23	5.08964e-23	5.08964e-23	5.08964e-23	5.08964e-23	5.08964e-23	5.08964e-23	5.08964e-23	5.08964e-23	5.08964e-23	5.08964e-23	5.08964e-23	5.08964e-23	5.08964e-23	5.08964e-23	5.08964e-23	5.08964e-23	5.08964e-23	5.08964e-23	5.08964e-23	5.08964e-23	5.08964e-23	5.08964e-23	5.08964e-23	5.08964e-23	5.08964e-23	5.08964e-23	5.08964e-23	5.08964e-23	5.08964e-23	5.08964e-23	5.08964e-23	5.08964e-23	5.08964e-23	5.08964e-23	5.08964e-23	5.08964e-23	5.08964e-23	5.08964e-23	5.08964e-23	5.08964e-23	5.08964e-23	5.08964e-23	5.08964e-23	5.08964e-23	5.08964e-23	5.08964e-23	5.08964e-23	5.08964e-23	5.08964e-23	5.08964e-23	5.08964e-23	5.08964e-23	5.08964e-23	5.08964e-23	5.08964e-23	5.08964e-23	5.08964e-23	5.08964e-23	5.08964e-23	5.08964e-23	5.08964e-23	5.08964e-23	5.08964e-23	5.08964e-23	5.08964e-23	5.08964e-23	5.08964e-23	5.08964e-23	5.08964e-23	5.08964e-23	5.08964e-23	5.08964e-23	5.08964e-23	5.08964e-23	5.08964e-23	5.08964e-23	5.08964e-23	5.08964e-23	5.08964e-23	5.08964e-23	5.08964e-23	5.08964e-23	5.08964e-23	5.08964e-23	5.08964e-23	5.08964e-23	5.08964e-23	5.08964e-23	5.08964e-23	5.08964e-23	5.08964e-23	5.08964e-23	5.08964e-23	5.08964e-23	5.08964e-23	5.08964e-23	5.08964e-23	5.08964e-23	5.08964e-23	5.08964e-23	5.08964e-23	5.08964e-23	5.08964e-23	5.08964e-23	5.08964e-23
18.59	4.69356e-24	1.22436e-23	2.37932e-23	4.14610e-23	5.72678e-23	5.75855e-23	5.75861e-23	5.75861e-23	5.75861e-23	5.75861e-23	5.75861e-23	5.75861e-23	5.75861e-23	5.75861e-23	5.75861e-23	5.75861e-23	5.75861e-23	5.75861e-23	5.75861e-23	5.75861e-23	5.75861e-23	5.75861e-23	5.75861e-23	5.75861e-23	5.75861e-23	5.75861e-23	5.75861e-23	5.75861e-23	5.75861e-23	5.75861e-23	5.75861e-23	5.75861e-23	5.75861e-23	5.75861e-23	5.75861e-23	5.75861e-23	5.75861e-23	5.75861e-23	5.75861e-23	5.75861e-23	5.75861e-23	5.75861e-23	5.75861e-23	5.75861e-23	5.75861e-23	5.75861e-23	5.75861e-23	5.75861e-23	5.75861e-23	5.75861e-23	5.75861e-23	5.75861e-23	5.75861e-23	5.75861e-23	5.75861e-23	5.75861e-23	5.75861e-23	5.75861e-23	5.75861e-23	5.75861e-23	5.75861e-23	5.75861e-23	5.75861e-23	5.75861e-23	5.75861e-23	5.75861e-23	5.75861e-23	5.75861e-23	5.75861e-23	5.75861e-23	5.75861e-23	5.75861e-23	5.75861e-23	5.75861e-23	5.75861e-23	5.75861e-23	5.75861e-23	5.75861e-23	5.75861e-23	5.75861e-23	5.75861e-23	5.75861e-23	5.75861e-23	5.75861e-23	5.75861e-23	5.75861e-23	5.75861e-23	5.75861e-23	5.75861e-23	5.75861e-23	5.75861e-23	5.75861e-23	5.75861e-23	5.75861e-23	5.75861e-23	5.75861e-23	5.75861e-23	5.75861e-23	5.75861e-23	5.75861e-23	5.75861e-23	5.75861e-23	5.75861e-23	5.75861e-23	5.75861e-23	5.75861e-23	5.75861e-23	5.75861e-23	5.75861e-23	5.75861e-23	5.75861e-23	5.75861e-23	5.75861e-23	5.75861e-23	5.75861e-23	5.75861e-23	5.75861e-23	5.75861e-23	5.75861e-23	5.75861e-23	5.75861e-23	5.75861e-23	5.75861e-23	5.75861e-23	5.75861e-23	5.75861e-23	5.75861e-23	5.75861e-23	5.75861e-23	5.75861e-23	5.75861e-23	5.75861e-23	5.75861e-23	5.75861e-23	5.75861e-23	5.75861e-23	5.75861e-23	5.75861e-23	5.75861e-23	5.75861e-23	5.75861e-23	5.75861e-23	5.75861e-23	5.75861e-23	5.75861e-23	5.75861e-23	5.75861e-23	5.75861e-23	5.75861e-23	5.75861e-23	5.75861e-23	5.75861e-23	5.75861e-23	5.75861e-23	5.75861e-23	5.75861e-23	5.75861e-23	5.75861e-23	5.75861e-23	5.75861e-23	5.75861e-23	5.75861e-23	5.75861e-23	5.75861e-23	5.75861e-23	5.75861e-23	5.75861e-23	5.75861e-23	5.75861e-23	5.75861e-23	5.75861e-23	5.75861e-23	5.75861e-23	5.75861e-23	5.75861e-23	5.75861e-23	5.75861e-23	5.75861e-23	5.75861e-23	5.75861e-23	5.75861e-23	5.75861e-23	5.75861e-23	5.75861e-23	5.75861e-23	5.75861e-23
18.62	4.01205e-24	1.04658e-23	2.03384e-23	3.54408e-23	5.83826e-23	6.44306e-23	6.44534e-23	6.44534e-23	6.44534e-23	6.44534e-23	6.44534e-23	6.44534e-23	6.44534e-23	6.44534e-23	6.44534e-23	6.44534e-23	6.44534e-23	6.44534e-23	6.44534e-23	6.44534e-23	6.44534e-23	6.44534e-23	6.44534e-23	6.44534e-23	6.44534e-23	6.44534e-23	6.44534e-23	6.44534e-23	6.44534e-23	6.44534e-23	6.44534e-23	6.44534e-23	6.44534e-23	6.44534e-23	6.44534e-23	6.44534e-23	6.44534e-23	6.44534e-23	6.44534e-23	6.44534e-23	6.44534e-23	6.44534e-23	6.44534e-23	6.44534e-23	6.44534e-23	6.44534e-23	6.44534e-23	6.44534e-23	6.44534e-23	6.44534e-23	6.44534e-23	6.44534e-23	6.44534e-23	6.44534e-23	6.44534e-23	6.44534e-23	6.44534e-23	6.44534e-23	6.44534e-23	6.44534e-23	6.44534e-23	6.44534e-23	6.44534e-23	6.44534e-23	6.44534e-23	6.44534e-23	6.44534e-23	6.44534e-23	6.44534e-23	6.44534e-23	6.44534e-23	6.44534e-23	6.44534e-23	6.44534e-23	6.44534e-23	6.44534e-23	6.44534e-23	6.44534e-23	6.44534e-23	6.44534e-23	6.44534e-23	6.44534e-23	6.44534e-23	6.44534e-23	6.44534e-23	6.44534e-23	6.44534e-23	6.44534e-23	6.44534e-23	6.44534e-23	6.44534e-23	6.44534e-23	6.44534e-23	6.44534e-23	6.44534e-23	6.44534e-23	6.44534e-23	6.44534e-23	6.44534e-23	6.44534e-23	6.44534e-23	6.44534e-23	6.44534e-23	6.44534e-23	6.44534e-23	6.44534e-23	6.44534e-23	6.44534e-23	6.44534e-23	6.44534e-23	6.44534e-23	6.44534e-23	6.44534e-23	6.44534e-23	6.44534e-23	6.44534e-23	6.44534e-23	6.44534e-23	6.44534e-23	6.44534e-23	6.44534e-23	6.44534e-23	6.44534e-23	6.44534e-23	6.44534e-23	6.44534e-23	6.44534e-23	6.44534e-23	6.44534e-23	6.44534e-23	6.44534e-23	6.44534e-23	6.44534e-23	6.44534e-23	6.44534e-23	6.44534e-23	6.44534e-23	6.44534e-23	6.44534e-23	6.44534e-23	6.44534e-23	6.44534e-23	6.44534e-23	6.44534e-23	6.44534e-23	6.44534e-23	6.44534e-23	6.44534e-23	6.44534e-23	6.44534e-23	6.44534e-23	6.44534e-23	6.44534e-23	6.44534e-23	6.44534e-23	6.44534e-23	6.44534e-23	6.44534e-23	6.44534e-23	6.44534e-23	6.44534e-23	6.44534e-23	6.44534e-23	6.44534e-23	6.44534e-23	6.44534e-23	6.44534e-23	6.44534e-23	6.44534e-23	6.44534e-23	6.44534e-23	6.44534e-23	6.44534e-23	6.44534e-23	6.44534e-23	6.44534e-23	6.44534e-23	6.44534e-23	6.44534e-23	6.44534e-23	6.44534e-23	6.44534e-23	6.44534e-23	6.44534e-23	6.44534e-23	6.44534e-23
18.65	3.42949e-24	8.94617e-24	1.73852e-23	3.02947e-23	5.00429e-23	7.08757e-23	7.15650e-23	7.15664e-23	7.15664e-23	7.15664e-23	7.15664e-23	7.15664e-23	7.15664e-23	7.15664e-23	7.15664e-23	7.15664e-23	7.15664e-23	7.15664e-23	7.15664e-23	7.15664e-23	7.15664e-23	7.15664e-23	7.15664e-23	7.15664e-23	7.15664e-23	7.15664e-23	7.15664e-23	7.15664e-23	7.15664e-23	7.15664e-23	7.15664e-23	7.15664e-23	7.15664e-23	7.15664e-23	7.15664e-23	7.15664e-23	7.15664e-23	7.15664e-23	7.15664e-23	7.15664e-23	7.15664e-23	7.15664e-23	7.15664e-23	7.15664e-23	7.15664e-23	7.15664e-23	7.15664e-23	7.15664e-23	7.15664e-23	7.15664e-23	7.15664e-23	7.15664e-23	7.15664e-23	7.15664e-23	7.15664e-23	7.15664e-23	7.15664e-23	7.15664e-23	7.15664e-23	7.15664e-23	7.15664e-23	7.15664e-23	7.15664e-23	7.15664e-23	7.15664e-23	7.15664e-23	7.15664e-23	7.15664e-23	7.15664e-23	7.15664e-23	7.15664e-23	7.15664e-23	7.15664e-23	7.15664e-23	7.15664e-23	7.15664e-23	7.15664e-23	7.15664e-23	7.15664e-23	7.15664e-23	7.15664e-23	7.15664e-23	7.15664e-23	7.15664e-23	7.15664e-23	7.15664e-23	7.15664e-23	7.15664e-23	7.15664e-23	7.15664e-23	7.15664e-23	7.15664e-23	7.15664e-23	7.15664e-23	7.15664e-23	7.15664e-23	7.15664e-23	7.15664e-23	7.15664e-23	7.15664e-23	7.15664e-23	7.15664e-23	7.15664e-23	7.15664e-23	7.15664e-23	7.15664e-23	7.15664e-23	7.15664e-23	7.15664e-23	7.15664e-23	7.15664e-23	7.15664e-23	7.15664e-23	7.15664e-23	7.15664e-23	7.15664e-23	7.15664e-23	7.15664e-23	7.15664e-23	7.15664e-23	7.15664e-23	7.15664e-23	7.15664e-23	7.15664e-23	7.15664e-23	7.15664e-23	7.15664e-23	7.15664e-23	7.15664e-23	7.15664e-23	7.15664e-23	7.15664e-23	7.15664e-23	7.15664e-23	7.15664e-23	7.15664e-23	7.15664e-23	7.15664e-23	7.15664e-23	7.15664e-23	7.15664e-23	7.15664e-23	7.15664e-23	7.15664e-23	7.15664e-23	7.15664e-23	7.15664e-23	7.15664e-23	7.15664e-23	7.15664e-23	7.15664e-23	7.15664e-23	7.15664e-23	7.15664e-23	7.15664e-23	7.15664e-23	7.15664e-23	7.15664e-23	7.15664e-23	7.15664e-23	7.15664e-23	7.15664e-23	7.15664e-23	7.15664e-23	7.15664e-23	7.15664e-23	7.15664e-23	7.15664e-23	7.15664e-23	7.15664e-23	7.15664e-23	7.15664e-23	7.15664e-23	7.15664e-23	7.15664e-23	7.15664e-23	7.15664e-23	7.15664e-23	7.15664e-23	7.15664e-23	7.15664e-23	7.15664e-23	7.15664e-23	7.15664e-23	7.15664e-23	7.15664e-23
18.69	2.93152e-24	7.64717e-24	1.48609e-23	2.58959e-23	4.27766e-23	6.85996e-23	7.89385e-23	7.89906e-23	7.89907e-23	7.89907e-23	7.89907e-23	7.89907e-23	7.89907e-23	7.89907e-23	7.89907e-23	7.89907e-23	7.89907e-23	7.89907e-23	7.89907e-23	7.89907e-23	7.89907e-23	7.89907e-23	7.89907e-23	7.89907e-23	7.89907e-23	7.89907e-23	7.89907e-23	7.89907e-23	7.89907e-23	7.89907e-23	7.89907e-23	7.89907e-23	7.89907e-23	7.89907e-23	7.89907e-23	7.89907e-23	7.89907e-23	7.89907e-23	7.89907e-23	7.89907e-23	7.89907e-23	7.89907e-23	7.89907e-23	7.89907e-23	7.89907e-23	7.89907e-23	7.89907e-23	7.89907e-23	7.89907e-23	7.89907e-23	7.89907e-23	7.89907e-23	7.89907e-23	7.89907e-23	7.89907e-23	7.89907e-23	7.89907e-23	7.89907e-23	7.89907e-23	7.89907e-23	7.89907e-23	7.89907e-23	7.89907e-23	7.89907e-23	7.89907e-23	7.89907e-23	7.89907e-23	7.89907e-23	7.89907e-23	7.89907e-23	7.89907e-23	7.89907e-23	7.89907e-23	7.89907e-23	7.89907e-23	7.89907e-23	7.89907e-23	7.89907e-23	7.89907e-23	7.89907e-23	7.89907e-23	7.89907e-23	7.89907e-23	7.89907e-23	7.89907e-23	7.89907e-23	7.89907e-23	7.89907e-23	7.89907e-23	7.89907e-23	7.89907e-23	7.89907e-23	7.89907e-23	7.89907e-23	7.89907e-23	7.89907e-23	7.89907e-23	7.89907e-23	7.89907e-23	7.89907e-23	7.89907e-23	7.89907e-23	7.89907e-23	7.89907e-23	7.89907e-23	7.89907e-23	7.89907e-23	7.89907e-23	7.89907e-23	7.89907e-23	7.89907e-23	7.89907e-23	7.89907e-23	7.89907e-23	7.89907e-23	7.89907e-23	7.89907e-23	7.89907e-23	7.89907e-23	7.89907e-23	7.89907e-23	7.89907e-23	7.89907e-23	7.89907e-23	7.89907e-23	7.89907e-23	7.89907e-23	7.89907e-23	7.89907e-23	7.89907e-23	7.89907e-23	7.89907e-23	7.89907e-23	7.89907e-23	7.89907e-23	7.89907e-23	7.89907e-23	7.89907e-23	7.89907e-23	7.89907e-23	7.89907e-23	7.89907e-23	7.89907e-23	7.89907e-23	7.89907e-23	7.89907e-23	7.89907e-23	7.89907e-23	7.89907e-23	7.89907e-23	7.89907e-23	7.89907e-23	7.89907e-23	7.89907e-23	7.89907e-23	7.89907e-23	7.89907e-23	7.89907e-23	7.89907e-23	7.89907e-23	7.89907e-23	7.89907e-23	7.89907e-23	7.89907e-23	7.89907e-23	7.89907e-23	7.89907e-23	7.89907e-23	7.89907e-23	7.89907e-23	7.89907e-23	7.89907e-23	7.89907e-23	7.89907e-23	7.89907e-23	7.89907e-23	7.89907e-23	7.89907e-23	7.89907e-23	7.89907e-23	7.89907e-23	7.89907e-23	7.89907e-23	7.89907e-23	7.89907e-23	7.89907e-23
18.72	2.50586e-24	6.53679e-24	1.27030e-23	2.21358e-23	3.65653e-23	5.86388e-23	8.53212e-23	8.67875e-23	8.67909e-23	8.67909e-23	8.67909e-23	8.67909e-23	8.67909e-23	8.67909e-23	8.67909e-23	8.67909e-23	8.67909e-23	8.67909e-23	8.67909e-23	8.67909e-23	8.67909e-23	8.67909e-23	8.67909e-23	8.67909e-23	8.67909e-23	8.67909e-23	8.67909e-23	8.67909e-23	8.67909e-23	8.67909e-23	8.67909e-23	8.67909e-23	8.67909e-23	8.67909e-23	8.67909e-23	8.67909e-23	8.67909e-23	8.67909e-23	8.67909e-23	8.67909e-23	8.67909e-23	8.67909e-23	8.67909e-23	8.67909e-23	8.67909e-23	8.67909e-23	8.67909e-23	8.67909e-23	8.67909e-23	8.67909e-23	8.67909e-23	8.67909e-23	8.67909e-23	8.67909e-23	8.67909e-23	8.67909e-23	8.67909e-23	8.67909e-23	8.67909e-23	8.67909e-23	8.67909e-23	8.67909e-23	8.67909e-23	8.67909e-23	8.67909e-23	8.67909e-23	8.67909e-23	8.67909e-23	8.67909e-23	8.67909e-23	8.67909e-23	8.67909e-23	8.67909e-23	8.67909e-23	8.67909e-23	8.67909e-23	8.67909e-23	8.67909e-23	8.67909e-23	8.67909e-23	8.67909e-23	8.67909e-23	8.67909e-23	8.67909e-23	8.67909e-23	8.67909e-23	8.67909e-23	8.67909e-23	8.67909e-23	8.67909e-23	8.67909e-23	8.67909e-23	8.67909e-23	8.67909e-23	8.67909e-23	8.67909e-23	8.67909e-23	8.67909e-23	8.67909e-23	8.67909e-23	8.67909e-23	8.67909e-23	8.67909e-23	8.67909e-23	8.67909e-23	8.67909e-23	8.67909e-23	8.67909e-23	8.67909e-23	8.67909e-23	8.67909e-23	8.67909e-23	8.67909e-23	8.67909e-23	8.67909e-23	8.67909e-23	8.67909e-23	8.67909e-23	8.67909e-23	8.67909e-23	8.67909e-23	8.67909e-23	8.67909e-23	8.67909e-23	8.67909e-23	8.67909e-23	8.67909e-23	8.67909e-23	8.67909e-23	8.67909e-23	8.67909e-23	8.67909e-23	8.67909e-23	8.67909e-23	8.67909e-23	8.67909e-23	8.67909e-23	8.67909e-23	8.67909e-23	8.67909e-23	8.67909e-23	8.67909e-23	8.67909e-23	8.67909e-23	8.67909e-23	8.67909e-23	8.67909e-23	8.67909e-23	8.67909e-23	8.67909e-23	8.67909e-23	8.67909e-23	8.67909e-23	8.67909e-23	8.67909e-23	8.67909e-23	8.67909e-23	8.67909e-23	8.67909e-23	8.67909e-23	8.67909e-23	8.67909e-23	8.67909e-23	8.67909e-23	8.67909e-23	8.67909e-23	8.67909e-23	8.67909e-23	8.67909e-23	8.67909e-23	8.67909e-23	8.67909e-23	8.67909e-23	8.67909e-23	8.67909e-23	8.67909e-23	8.67909e-23	8.67909e-23	8.67909e-23	8.67909e-23	8.67909e-23	8.67909e-23	8.67909e-23	8.67909e-23	8.67909e-23	8.67909e-23
18.76	2.14201e-24	5.58764e-24	1.08585e-23	1.89216e-23	3.12560e-23	5.01244e-23	7.89880e-23	9.49131e-23	9.50308e-23	9.50309e-23	9.50309e-23	9.50309e-23	9.50309e-23	9.50309e-23	9.50309e-23	9.50309e-23	9.50309e-23	9.50309e-23	9.50309e-23	9.50309e-23	9.50309e-23	9.50309e-23	9.50309e-23	9.50309e-23	9.50309e-23	9.50309e-23	9.50309e-23	9.50309e-23	9.50309e-23	9.50309e-23	9.50309e-23	9.50309e-23	9.50309e-23	9.50309e-23	9.50309e-23	9.50309e-23	9.50309e-23	9.50309e-23	9.50309e-23	9.50309e-23	9.50309e-23	9.50309e-23	9.50309e-23	9.50309e-23	9.50309e-23	9.50309e-23	9.50309e-23	9.50309e-23	9.50309e-23	9.50309e-23	9.50309e-23	9.50309e-23	9.50309e-23	9.50309e-23	9.50309e-23	9.50309e-23	9.50309e-23	9.50309e-23	9.50309e-23	9.50309e-23	9.50309e-23	9.50309e-23	9.50309e-23	9.50309e-23	9.50309e-23	9.50309e-23	9.50309e-23	9.50309e-23	9.50309e-23	9.50309e-23	9.50309e-23	9.50309e-23	9.50309e-23	9.50309e-23	9.50309e-23	9.50309e-23	9.50309e-23	9.50309e-23	9.50309e-23	9.50309e-23	9.50309e-23	9.50309e-23	9.50309e-23	9.50309e-23	9.50309e-23	9.50309e-23	9.50309e-23	9.50309e-23	9.50309e-23	9.50309e-23	9.50309e-23	9.50309e-23	9.50309e-23	9.50309e-23	9.50309e-23	9.50309e-23	9.50309e-23	9.50309e-23	9.50309e-23	9.50309e-23	9.50309e-23	9.50309e-23	9.50309e-23	9.50309e-23	9.50309e-23	9.50309e-23	9.50309e-23	9.50309e-23	9.50309e-23	9.50309e-23	9.50309e-23	9.50309e-23	9.50309e-23	9.50309e-23	9.50309e-23	9.50309e-23	9.50309e-23	9.50309e-23	9.50309e-23	9.50309e-23	9.50309e-23	9.50309e-23	9.50309e-23	9.50309e-23	9.50309e-23	9.50309e-23	9.50309e-23	9.50309e-23	9.50309e-23	9.50309e-23	9.50309e-23	9.50309e-23	9.50309e-23	9.50309e-23	9.50309e-23	9.50309e-23	9.50309e-23	9.50309e-23	9.50309e-23	9.50309e-23	9.50309e-23	9.50309e-23	9.50309e-23	9.50309e-23	9.50309e-23	9.50309e-23	9.50309e-23	9.50309e-23	9.50309e-23	9.50309e-23	9.50309e-23	9.50309e-23	9.50309e-23	9.50309e-23	9.50309e-23	9.50309e-23	9.50309e-23	9.50309e-23	9.50309e-23	9.50309e-23	9.50309e-23	9.50309e-23	9.50309e-23	9.50309e-23	9.50309e-23	9.50309e-23	9.50309e-23	9.50309e-23	9.50309e-23	9.50309e-23	9.50309e-23	9.50309e-23	9.50309e-23	9.50309e-23	9.50309e-23	9.50309e-23	9.50309e-23	9.50309e-23	9.50309e-23	9.50309e-23	9.50309e-23	9.50309e-23	9.50309e-23	9.50309e-23	9.50309e-23	9.50309e-23
18.79	1.83098e-24	4.77630e-24	9.28186e-24	1.61742e-23	2.67176e-23	4.28462e-23	6.75188e-23	1.00731e-22	1.03768e-22	1.03775e-22	1.03775e-22	1.03775e-22	1.03775e-22	1.03775e-22	1.03775e-22	1.03775e-22	1.03775e-22	1.03775e-22	1.03775e-22	1.03775e-22	1.03775e-22	1.03775e-22	1.03775e-22	1.03775e-22	1.03775e-22	1.03775e-22	1.03775e-22	1.03775e-22	1.03775e-22	1.03775e-22	1.03775e-22	1.03775e-22	1.03775e-22	1.03775e-22	1.03775e-22	1.03775e-22	1.03775e-22	1.03775e-22	1.03775e-22	1.03775e-22	1.03775e-22	1.03775e-22	1.03775e-22	1.03775e-22	1.03775e-22	1.03775e-22	1.03775e-22	1.03775e-22	1.03775e-22	1.03775e-22	1.03775e-22	1.03775e-22	1.03775e-22	1.03775e-22	1.03775e-22	1.03775e-22	1.03775e-22	1.03775e-22	1.03775e-22	1.03775e-22	1.03775e-22	1.03775e-22	1.03775e-22	1.03775e-22	1.03775e-22	1.03775e-22	1.03775e-22	1.03775e-22	1.03775e-22	1.03775e-22	1.03775e-22	1.03775e-22	1.03775e-22	1.03775e-22	1.03775e-22	1.03775e-22	1.03775e-22	1.03775e-22	1.03775e-22	1.03775e-22	1.03775e-22	1.03775e-22	1.03775e-22	1.03775e-22	1.03775e-22	1.03775e-22	1.03775e-22	1.03775e-22	1.03775e-22	1.03775e-22	1.03775e-22	1.03775e-22	1.03775e-22	1.03775e-22	1.03775e-22	1.03775e-22	1.03775e-22	1.03775e-22	1.03775e-22	1.03775e-22	1.03775e-22	1.03775e-22	1.03775e-22	1.03775e-22	1.03775e-22	1.03775e-22	1.03775e-22	1.03775e-22	1.03775e-22	1.03775e-22	1.03775e-22	1.03775e-22	1.03775e-22	1.03775e-22	1.03775e-22	1.03775e-22	1.03775e-22	1.03775e-22	1.03775e-22	1.03775e-22	1.03775e-22	1.03775e-22	1.03775e-22	1.03775e-22	1.03775e-22	1.03775e-22	1.03775e-22	1.03775e-22	1.03775e-22	1.03775e-22	1.03775e-22	1.03775e-22	1.03775e-22	1.03775e-22	1.03775e-22	1.03775e-22	1.03775e-22	1.03775e-22	1.03775e-22	1.03775e-22	1.03775e-22	1.03775e-22	1.03775e-22	1.03775e-22	1.03775e-22	1.03775e-22	1.03775e-22	1.03775e-22	1.03775e-22	1.03775e-22	1.03775e-22	1.03775e-22	1.03775e-22	1.03775e-22	1.03775e-22	1.03775e-22	1.03775e-22	1.03775e-22	1.03775e-22	1.03775e-22	1.03775e-22	1.03775e-22	1.03775e-22	1.03775e-22	1.03775e-22	1.03775e-22	1.03775e-22	1.03775e-22	1.03775e-22	1.03775e-22	1.03775e-22	1.03775e-22	1.03775e-22	1.03775e-22	1.03775e-22	1.03775e-22	1.03775e-22	1.03775e-22	1.03775e-22	1.03775e-22	1.03775e-22	1.03775e-22	1.03775e-22	1.03775e-22	1.03775e-22	1.03775e-22
18.82	1.56512e-24	4.08278e-24	7.93412e-24	1.38257e-23	2.28381e-23	3.66249e-23	5.77149e-23	8.99772e-23	1.12826e-22	1.13089e-22	1.13090e-22	1.13090e-22	1.13090e-22	1.13090e-22	1.13090e-22	1.13090e-22	1.13090e-22	1.13090e-22	1.13090e-22	1.13090e-22	1.13090e-22	1.13090e-22	1.13090e-22	1.13090e-22	1.13090e-22	1.13090e-22	1.13090e-22	1.13090e-22	1.13090e-22	1.13090e-22	1.13090e-22	1.13090e-22	1.13090e-22	1.13090e-22	1.13090e-22	1.13090e-22	1.13090e-22	1.13090e-22	1.13090e-22	1.13090e-22	1.13090e-22	1.13090e-22	1.13090e-22	1.13090e-22	1.13090e-22	1.13090e-22	1.13090e-22	1.13090e-22	1.13090e-22	1.13090e-22	1.13090e-22	1.13090e-22	1.13090e-22	1.13090e-22	1.13090e-22	1.13090e-22	1.13090e-22	1.13090e-22	1.13090e-22	1.13090e-22	1.13090e-22	1.13090e-22	1.13090e-22	1.13090e-22	1.13090e-22	1.13090e-22	1.13090e-22	1.13090e-22	1.13090e-22	1.13090e-22	1.13090e-22	1.13090e-22	1.13090e-22	1.13090e-22	1.13090e-22	1.13090e-22	1.13090e-22	1.13090e-22	1.13090e-22	1.13090e-22	1.13090e-22	1.13090e-22	1.13090e-22	1.13090e-22	1.13090e-22	1.13090e-22	1.13090e-22	1.13090e-22	1.13090e-22	1.13090e-22	1.13090e-22	1.13090e-22	1.13090e-22	1.13090e-22	1.13090e-22	1.13090e-22	1.13090e-22	1.13090e-22	1.13090e-22	1.13090e-22	1.13090e-22	1.13090e-22	1.13090e-22	1.13090e-22	1.13090e-22	1.13090e-22	1.13090e-22	1.13090e-22	1.13090e-22	1.13090e-22	1.13090e-22	1.13090e-22	1.13090e-22	1.13090e-22	1.13090e-22	1.13090e-22	1.13090e-22	1.13090e-22	1.13090e-22	1.13090e-22	1.13090e-22	1.13090e-22	1.13090e-22	1.13090e-22	1.13090e-22	1.13090e-22	1.13090e-22	1.13090e-22	1.13090e-22	1.13090e-22	1.13090e-22	1.13090e-22	1.13090e-22	1.13090e-22	1.13090e-22	1.13090e-22	1.13090e-22	1.13090e-22	1.13090e-22	1.13090e-22	1.13090e-22	1.13090e-22	1.13090e-22	1.13090e-22	1.13090e-22	1.13090e-22	1.13090e-22	1.13090e-22	1.13090e-22	1.13090e-22	1.13090e-22	1.13090e-22	1.13090e-22	1.13090e-22	1.13090e-22	1.13090e-22	1.13090e-22	1.13090e-22	1.13090e-22	1.13090e-22	1.13090e-22	1.13090e-22	1.13090e-22	1.13090e-22	1.13090e-22	1.13090e-22	1.13090e-22	1.13090e-22	1.13090e-22	1.13090e-22	1.13090e-22	1.13090e-22	1.13090e-22	1.13090e-22	1.13090e-22	1.13090e-22	1.13090e-22	1.13090e-22	1.13090e-22	1.13090e-22	1.13090e-22	1.13090e-22	1.13090e-22	1.13090e-22	1.13090e-22	1.13090e-22
18.86	1.33786e-24	3.48995e-24	6.78208e-24	1.18182e-23	1.95220e-23	3.13069e-23	4.93346e-23	7.69124e-23	1.16969e-22	1.23023e-22	1.23041e-22	1.23042e-22	1.23042e-22	1.23042e-22	1.23042e-22	1.23042e-22	1.23042e-22	1.23042e-22	1.23042e-22	1.23042e-22	1.23042e-22	1.23042e-22	1.23042e-22	1.23042e-22	1.23042e-22	1.23042e-22	1.23042e-22	1.23042e-22	1.23042e-22	1.23042e-22	1.23042e-22	1.23042e-22	1.23042e-22	1.23042e-22	1.23042e-22	1.23042e-22	1.23042e-22	1.23042e-22	1.23042e-22	1.23042e-22	1.23042e-22	1.23042e-22	1.23042e-22	1.23042e-22	1.23042e-22	1.23042e-22	1.23042e-22	1.23042e-22	1.23042e-22	1.23042e-22	1.23042e-22	1.23042e-22	1.23042e-22	1.23042e-22	1.23042e-22	1.23042e-22	1.23042e-22	1.23042e-22	1.23042e-22	1.23042e-22	1.23042e-22	1.23042e-22	1.23042e-22	1.23042e-22	1.23042e-22	1.23042e-22	1.23042e-22	1.23042e-22	1.23042e-22	1.23042e-22	1.23042e-22	1.23042e-22	1.23042e-22	1.23042e-22	1.23042e-22	1.23042e-22	1.23042e-22	1.23042e-22	1.23042e-22	1.23042e-22	1.23042e-22	1.23042e-22	1.23042e-22	1.23042e-22	1.23042e-22	1.23042e-22	1.23042e-22	1.23042e-22	1.23042e-22	1.23042e-22	1.23042e-22	1.23042e-22	1.23042e-22	1.23042e-22	1.23042e-22	1.23042e-22	1.23042e-22	1.23042e-22	1.23042e-22	1.23042e-22	1.23042e-22	1.23042e-22	1.23042e-22	1.23042e-22	1.23042e-22	1.23042e-22	1.23042e-22	1.23042e-22	1.23042e-22	1.23042e-22	1.23042e-22	1.23042e-22	1.23042e-22	1.23042e-22	1.23042e-22	1.23042e-22	1.23042e-22	1.23042e-22	1.23042e-22	1.23042e-22	1.23042e-22	1.23042e-22	1.23042e-22	1.23042e-22	1.23042e-22	1.23042e-22	1.23042e-22	1.23042e-22	1.23042e-22	1.23042e-22	1.23042e-22	1.23042e-22	1.23042e-22	1.23042e-22	1.23042e-22	1.23042e-22	1.23042e-22	1.23042e-22	1.23042e-22	1.23042e-22	1.23042e-22	1.23042e-22	1.23042e-22	1.23042e-22	1.23042e-22	1.23042e-22	1.23042e-22	1.23042e-22	1.23042e-22	1.23042e-22	1.23042e-22	1.23042e-22	1.23042e-22	1.23042e-22	1.23042e-22	1.23042e-22	1.23042e-22	1.23042e-22	1.23042e-22	1.23042e-22	1.23042e-22	1.23042e-22	1.23042e-22	1.23042e-22	1.23042e-22	1.23042e-22	1.23042e-22	1.23042e-22	1.23042e-22	1.23042e-22	1.23042e-22	1.23042e-22	1.23042e-22	1.23042e-22	1.23042e-22	1.23042e-22	1.23042e-22	1.23042e-22	1.23042e-22	1.23042e-22	1.23042e-22	1.23042e-22	1.23042e-22	1.23042e-22	1.23042e-22	1.23042e-22
18.89	1.14360e-24	2.98321e-24	5.79731e-24	1.01021e-23	1.66874e-23	2.67611e-23	4.21712e-23	6.57446e-23	1.01806e-22	1.33119e-22	1.33699e-22	1.33700e-22	1.33700e-22	1.33700e-22	1.33700e-22	1.33700e-22	1.33700e-22	1.33700e-22	1.33700e-22	1.33700e-22	1.33700e-22	1.33700e-22	1.33700e-22	1.33700e-22	1.33700e-22	1.33700e-22	1.33700e-22	1.33700e-22	1.33700e-22	1.33700e-22	1.33700e-22	1.33700e-22	1.33700e-22	1.33700e-22	1.33700e-22	1.33700e-22	1.33700e-22	1.33700e-22	1.33700e-22	1.33700e-22	1.33700e-22	1.33700e-22	1.33700e-22	1.33700e-22	1.33700e-22	1.33700e-22	1.33700e-22	1.33700e-22	1.33700e-22	1.33700e-22	1.33700e-22	1.33700e-22	1.33700e-22	1.33700e-22	1.33700e-22	1.33700e-22	1.33700e-22	1.33700e-22	1.33700e-22	1.33700e-22	1.33700e-22	1.33700e-22	1.33700e-22	1.33700e-22	1.33700e-22	1.33700e-22	1.33700e-22	1.33700e-22	1.33700e-22	1.33700e-22	1.33700e-22	1.33700e-22	1.33700e-22	1.33700e-22	1.33700e-22	1.33700e-22	1.33700e-22	1.33700e-22	1.33700e-22	1.33700e-22	1.33700e-22	1.33700e-22	1.33700e-22	1.33700e-22	1.33700e-22	1.33700e-22	1.33700e-22	1.33700e-22	1.33700e-22	1.33700e-22	1.33700e-22	1.33700e-22	1.33700e-22	1.33700e-22	1.33700e-22	1.33700e-22	1.33700e-22	1.33700e-22	1.33700e-22	1.33700e-22	1.33700e-22	1.33700e-22	1.33700e-22	1.33700e-22	1.33700e-22	1.33700e-22	1.33700e-22	1.33700e-22	1.33700e-22	1.33700e-22	1.33700e-22	1.33700e-22	1.33700e-22	1.33700e-22	1.33700e-22	1.33700e-22	1.33700e-22	1.33700e-22	1.33700e-22	1.33700e-22	1.33700e-22	1.33700e-22	1.33700e-22	1.33700e-22	1.33700e-22	1.33700e-22	1.33700e-22	1.33700e-22	1.33700e-22	1.33700e-22	1.33700e-22	1.33700e-22	1.33700e-22	1.33700e-22	1.33700e-22	1.33700e-22	1.33700e-22	1.33700e-22	1.33700e-22	1.33700e-22	1.33700e-22	1.33700e-22	1.33700e-22	1.33700e-22	1.33700e-22	1.33700e-22	1.33700e-22	1.33700e-22	1.33700e-22	1.33700e-22	1.33700e-22	1.33700e-22	1.33700e-22	1.33700e-22	1.33700e-22	1.33700e-22	1.33700e-22	1.33700e-22	1.33700e-22	1.33700e-22	1.33700e-22	1.33700e-22	1.33700e-22	1.33700e-22	1.33700e-22	1.33700e-22	1.33700e-22	1.33700e-22	1.33700e-22	1.33700e-22	1.33700e-22	1.33700e-22	1.33700e-22	1.33700e-22	1.33700e-22	1.33700e-22	1.33700e-22	1.33700e-22	1.33700e-22	1.33700e-22	1.33700e-22	1.33700e-22	1.33700e-22	1.33700e-22	1.33700e-22	1.33700e-22
18.93	9.77551e-25	2.55004e-24	4.95553e-24	8.63529e-24	1.42644e-23	2.28753e-23	3.60479e-23	5.61984e-23	8.70234e-23	1.33686e-22	1.45098e-22	1.45139e-22	1.45139e-22	1.45139e-22	1.45139e-22	1.45139e-22	1.45139e-22	1.45139e-22	1.45139e-22	1.45139e-22	1.45139e-22	1.45139e-22	1.45139e-22	1.45139e-22	1.45139e-22	1.45139e-22	1.45139e-22	1.45139e-22	1.45139e-22	1.45139e-22	1.45139e-22	1.45139e-22	1.45139e-22	1.45139e-22	1.45139e-22	1.45139e-22	1.45139e-22	1.45139e-22	1.45139e-22	1.45139e-22	1.45139e-22	1.45139e-22	1.45139e-22	1.45139e-22	1.45139e-22	1.45139e-22	1.45139e-22	1.45139e-22	1.45139e-22	1.45139e-22	1.45139e-22	1.45139e-22	1.45139e-22	1.45139e-22	1.45139e-22	1.45139e-22	1.45139e-22	1.45139e-22	1.45139e-22	1.45139e-22	1.45139e-22	1.45139e-22	1.45139e-22	1.45139e-22	1.45139e-22	1.45139e-22	1.45139e-22	1.45139e-22	1.45139e-22	1.45139e-22	1.45139e-22	1.45139e-22	1.45139e-22	1.45139e-22	1.45139e-22	1.45139e-22	1.45139e-22	1.45139e-22	1.45139e-22	1.45139e-22	1.45139e-22	1.45139e-22	1.45139e-22	1.45139e-22	1.45139e-22	1.45139e-22	1.45139e-22	1.45139e-22	1.45139e-22	1.45139e-22	1.45139e-22	1.45139e-22	1.45139e-22	1.45139e-22	1.45139e-22	1.45139e-22	1.45139e-22	1.45139e-22	1.45139e-22	1.45139e-22	1.45139e-22	1.45139e-22	1.45139e-22	1.45139e-22	1.45139e-22	1.45139e-22	1.45139e-22	1.45139e-22	1.45139e-22	1.45139e-22	1.45139e-22	1.45139e-22	1.45139e-22	1.45139e-22	1.45139e-22	1.45139e-22	1.45139e-22	1.45139e-22	1.45139e-22	1.45139e-22	1.45139e-22	1.45139e-22	1.45139e-22	1.45139e-22	1.45139e-22	1.45139e-22	1.45139e-22	1.45139e-22	1.45139e-22	1.45139e-22	1.45139e-22	1.45139e-22	1.45139e-22	1.45139e-22	1.45139e-22	1.45139e-22	1.45139e-22	1.45139e-22	1.45139e-22	1.45139e-22	1.45139e-22	1.45139e-22	1.45139e-22	1.45139e-22	1.45139e-22	1.45139e-22	1.45139e-22	1.45139e-22	1.45139e-22	1.45139e-22	1.45139e-22	1.45139e-22	1.45139e-22	1.45139e-22	1.45139e-22	1.45139e-22	1.45139e-22	1.45139e-22	1.45139e-22	1.45139e-22	1.45139e-22	1.45139e-22	1.45139e-22	1.45139e-22	1.45139e-22	1.45139e-22	1.45139e-22	1.45139e-22	1.45139e-22	1.45139e-22	1.45139e-22	1.45139e-22	1.45139e-22	1.45139e-22	1.45139e-22	1.45139e-22	1.45139e-22	1.45139e-22	1.45139e-22	1.45139e-22	1.45139e-22	1.45139e-22	1.45139e-22	1.45139e-22	1.45139e-22	1.45139e-22
18.96	8.35609e-25	2.17977e-24	4.23598e-24	7.38143e-24	1.21931e-23	1.95538e-23	3.08137e-23	4.80383e-23	7.43874e-23	1.14695e-22	1.56169e-22	1.57433e-22	1.57435e-22	1.57435e-22	1.57435e-22	1.57435e-22	1.57435e-22	1.57435e-22	1.57435e-22	1.57435e-22	1.57435e-22	1.57435e-22	1.57435e-22	1.57435e-22	1.57435e-22	1.57435e-22	1.57435e-22	1.57435e-22	1.57435e-22	1.57435e-22	1.57435e-22	1.57435e-22	1.57435e-22	1.57435e-22	1.57435e-22	1.57435e-22	1.57435e-22	1.57435e-22	1.57435e-22	1.57435e-22	1.57435e-22	1.57435e-22	1.57435e-22	1.57435e-22	1.57435e-22	1.57435e-22	1.57435e-22	1.57435e-22	1.57435e-22	1.57435e-22	1.57435e-22	1.57435e-22	1.57435e-22	1.57435e-22	1.57435e-22	1.57435e-22	1.57435e-22	1.57435e-22	1.57435e-22	1.57435e-22	1.57435e-22	1.57435e-22	1.57435e-22	1.57435e-22	1.57435e-22	1.57435e-22	1.57435e-22	1.57435e-22	1.57435e-22	1.57435e-22	1.57435e-22	1.57435e-22	1.57435e-22	1.57435e-22	1.57435e-22	1.57435e-22	1.57435e-22	1.57435e-22	1.57435e-22	1.57435e-22	1.57435e-22	1.57435e-22	1.57435e-22	1.57435e-22	1.57435e-22	1.57435e-22	1.57435e-22	1.57435e-22	1.57435e-22	1.57435e-22	1.57435e-22	1.57435e-22	1.57435e-22	1.57435e-22	1.57435e-22	1.57435e-22	1.57435e-22	1.57435e-22	1.57435e-22	1.57435e-22	1.57435e-22	1.57435e-22	1.57435e-22	1.57435e-22	1.57435e-22	1.57435e-22	1.57435e-22	1.57435e-22	1.57435e-22	1.57435e-22	1.57435e-22	1.57435e-22	1.57435e-22	1.57435e-22	1.57435e-22	1.57435e-22	1.57435e-22	1.57435e-22	1.57435e-22	1.57435e-22	1.57435e-22	1.57435e-22	1.57435e-22	1.57435e-22	1.57435e-22	1.57435e-22	1.57435e-22	1.57435e-22	1.57435e-22	1.57435e-22	1.57435e-22	1.57435e-22	1.57435e-22	1.57435e-22	1.57435e-22	1.57435e-22	1.57435e-22	1.57435e-22	1.57435e-22	1.57435e-22	1.57435e-22	1.57435e-22	1.57435e-22	1.57435e-22	1.57435e-22	1.57435e-22	1.57435e-22	1.57435e-22	1.57435e-22	1.57435e-22	1.57435e-22	1.57435e-22	1.57435e-22	1.57435e-22	1.57435e-22	1.57435e-22	1.57435e-22	1.57435e-22	1.57435e-22	1.57435e-22	1.57435e-22	1.57435e-22	1.57435e-22	1.57435e-22	1.57435e-22	1.57435e-22	1.57435e-22	1.57435e-22	1.57435e-22	1.57435e-22	1.57435e-22	1.57435e-22	1.57435e-22	1.57435e-22	1.57435e-22	1.57435e-22	1.57435e-22	1.57435e-22	1.57435e-22	1.57435e-22	1.57435e-22	1.57435e-22	1.57435e-22	1.57435e-22	1.57435e-22	1.57435e-22
18.99	7.14278e-25	1.86326e-24	3.62091e-24	6.30964e-24	1.04227e-23	1.67146e-23	2.63395e-23	4.10630e-23	6.35863e-23	9.80409e-23	1.50745e-22	1.70574e-22	1.70669e-22	1.70669e-22	1.70669e-22	1.70669e-22	1.70669e-22	1.70669e-22	1.70669e-22	1.70669e-22	1.70669e-22	1.70669e-22	1.70669e-22	1.70669e-22	1.70669e-22	1.70669e-22	1.70669e-22	1.70669e-22	1.70669e-22	1.70669e-22	1.70669e-22	1.70669e-22	1.70669e-22	1.70669e-22	1.70669e-22	1.70669e-22	1.70669e-22	1.70669e-22	1.70669e-22	1.70669e-22	1.70669e-22	1.70669e-22	1.70669e-22	1.70669e-22	1.70669e-22	1.70669e-22	1.70669e-22	1.70669e-22	1.70669e-22	1.70669e-22	1.70669e-22	1.70669e-22	1.70669e-22	1.70669e-22	1.70669e-22	1.70669e-22	1.70669e-22	1.70669e-22	1.70669e-22	1.70669e-22	1.70669e-22	1.70669e-22	1.70669e-22	1.70669e-22	1.70669e-22	1.70669e-22	1.70669e-22	1.70669e-22	1.70669e-22	1.70669e-22	1.70669e-22	1.70669e-22	1.70669e-22	1.70669e-22	1.70669e-22	1.70669e-22	1.70669e-22	1.70669e-22	1.70669e-22	1.70669e-22	1.70669e-22	1.70669e-22	1.70669e-22	1.70669e-22	1.70669e-22	1.70669e-22	1.70669e-22	1.70669e-22	1.70669e-22	1.70669e-22	1.70669e-22	1.70669e-22	1.70669e-22	1.70669e-22	1.70669e-22	1.70669e-22	1.70669e-22	1.70669e-22	1.70669e-22	1.70669e-22	1.70669e-22	1.70669e-22	1.70669e-22	1.70669e-22	1.70669e-22	1.70669e-22	1.70669e-22	1.70669e-22	1.70669e-22	1.70669e-22	1.70669e-22	1.70669e-22	1.70669e-22	1.70669e-22	1.70669e-22	1.70669e-22	1.70669e-22	1.70669e-22	1.70669e-22	1.70669e-22	1.70669e-22	1.70669e-22	1.70669e-22	1.70669e-22	1.70669e-22	1.70669e-22	1.70669e-22	1.70669e-22	1.70669e-22	1.70669e-22	1.70669e-22	1.70669e-22	1.70669e-22	1.70669e-22	1.70669e-22	1.70669e-22	1.70669e-22	1.70669e-22	1.70669e-22	1.70669e-22	1.70669e-22	1.70669e-22	1.70669e-22	1.70669e-22	1.70669e-22	1.70669e-22	1.70669e-22	1.70669e-22	1.70669e-22	1.70669e-22	1.70669e-22	1.70669e-22	1.70669e-22	1.70669e-22	1.70669e-22	1.70669e-22	1.70669e-22	1.70669e-22	1.70669e-22	1.70669e-22	1.70669e-22	1.70669e-22	1.70669e-22	1.70669e-22	1.70669e-22	1.70669e-22	1.70669e-22	1.70669e-22	1.70669e-22	1.70669e-22	1.70669e-22	1.70669e-22	1.70669e-22	1.70669e-22	1.70669e-22	1.70669e-22	1.70669e-22	1.70669e-22	1.70669e-22	1.70669e-22	1.70669e-22	1.70669e-22	1.70669e-22	1.70669e-22	1.70669e-22	1.70669e-22
19.03	6.10563e-25	1.59272e-24	3.09515e-24	5.39347e-24	8.90929e-24	1.42876e-23	2.25149e-23	3.51006e-23	5.43534e-23	8.38052e-23	1.28859e-22	1.82222e-22	1.84920e-22	1.84926e-22	1.84926e-22	1.84926e-22	1.84926e-22	1.84926e-22	1.84926e-22	1.84926e-22	1.84926e-22	1.84926e-22	1.84926e-22	1.84926e-22	1.84926e-22	1.84926e-22	1.84926e-22	1.84926e-22	1.84926e-22	1.84926e-22	1.84926e-22	1.84926e-22	1.84926e-22	1.84926e-22	1.84926e-22	1.84926e-22	1.84926e-22	1.84926e-22	1.84926e-22	1.84926e-22	1.84926e-22	1.84926e-22	1.84926e-22	1.84926e-22	1.84926e-22	1.84926e-22	1.84926e-22	1.84926e-22	1.84926e-22	1.84926e-22	1.84926e-22	1.84926e-22	1.84926e-22	1.84926e-22	1.84926e-22	1.84926e-22	1.84926e-22	1.84926e-22	1.84926e-22	1.84926e-22	1.84926e-22	1.84926e-22	1.84926e-22	1.84926e-22	1.84926e-22	1.84926e-22	1.84926e-22	1.84926e-22	1.84926e-22	1.84926e-22	1.84926e-22	1.84926e-22	1.84926e-22	1.84926e-22	1.84926e-22	1.84926e-22	1.84926e-22	1.84926e-22	1.84926e-22	1.84926e-22	1.84926e-22	1.84926e-22	1.84926e-22	1.84926e-22	1.84926e-22	1.84926e-22	1.84926e-22	1.84926e-22	1.84926e-22	1.84926e-22	1.84926e-22	1.84926e-22	1.84926e-22	1.84926e-22	1.84926e-22	1.84926e-22	1.84926e-22	1.84926e-22	1.84926e-22	1.84926e-22	1.84926e-22	1.84926e-22	1.84926e-22	1.84926e-22	1.84926e-22	1.84926e-22	1.84926e-22	1.84926e-22	1.84926e-22	1.84926e-22	1.84926e-22	1.84926e-22	1.84926e-22	1.84926e-22	1.84926e-22	1.84926e-22	1.84926e-22	1.84926e-22	1.84926e-22	1.84926e-22	1.84926e-22	1.84926e-22	1.84926e-22	1.84926e-22	1.84926e-22	1.84926e-22	1.84926e-22	1.84926e-22	1.84926e-22	1.84926e-22	1.84926e-22	1.84926e-22	1.84926e-22	1.84926e-22	1.84926e-22	1.84926e-22	1.84926e-22	1.84926e-22	1.84926e-22	1.84926e-22	1.84926e-22	1.84926e-22	1.84926e-22	1.84926e-22	1.84926e-22	1.84926e-22	1.84926e-22	1.84926e-22	1.84926e-22	1.84926e-22	1.84926e-22	1.84926e-22	1.84926e-22	1.84926e-22	1.84926e-22	1.84926e-22	1.84926e-22	1.84926e-22	1.84926e-22	1.84926e-22	1.84926e-22	1.84926e-22	1.84926e-22	1.84926e-22	1.84926e-22	1.84926e-22	1.84926e-22	1.84926e-22	1.84926e-22	1.84926e-22	1.84926e-22	1.84926e-22	1.84926e-22	1.84926e-22	1.84926e-22	1.84926e-22	1.84926e-22	1.84926e-22	1.84926e-22	1.84926e-22	1.84926e-22	1.84926e-22	1.84926e-22	1.84926e-22	1.84926e-22	1.84926e-22
19.06	5.21909e-25	1.36145e-24	2.64573e-24	4.61033e-24	7.61565e-24	1.22130e-23	1.92457e-23	3.00040e-23	4.64612e-23	7.16366e-23	1.10148e-22	1.69061e-22	2.00085e-22	2.00299e-22	2.00300e-22	2.00300e-22	2.00300e-22	2.00300e-22	2.00300e-22	2.00300e-22	2.00300e-22	2.00300e-22	2.00300e-22	2.00300e-22	2.00300e-22	2.00300e-22	2.00300e-22	2.00300e-22	2.00300e-22	2.00300e-22	2.00300e-22	2.00300e-22	2.00300e-22	2.00300e-22	2.00300e-22	2.00300e-22	2.00300e-22	2.00300e-22	2.00300e-22	2.00300e-22	2.00300e-22	2.00300e-22	2.00300e-22	2.00300e-22	2.00300e-22	2.00300e-22	2.00300e-22	2.00300e-22	2.00300e-22	2.00300e-22	2.00300e-22	2.00300e-22	2.00300e-22	2.00300e-22	2.00300e-22	2.00300e-22	2.00300e-22	2.00300e-22	2.00300e-22	2.00300e-22	2.00300e-22	2.00300e-22	2.00300e-22	2.00300e-22	2.00300e-22	2.00300e-22	2.00300e-22	2.00300e-22	2.00300e-22	2.00300e-22	2.00300e-22	2.00300e-22	2.00300e-22	2.00300e-22	2.00300e-22	2.00300e-22	2.00300e-22	2.00300e-22	2.00300e-22	2.00300e-22	2.00300e-22	2.00300e-22	2.00300e-22	2.00300e-22	2.00300e-22	2.00300e-22	2.00300e-22	2.00300e-22	2.00300e-22	2.00300e-22	2.00300e-22	2.00300e-22	2.00300e-22	2.00300e-22	2.00300e-22	2.00300e-22	2.00300e-22	2.00300e-22	2.00300e-22	2.00300e-22	2.00300e-22	2.00300e-22	2.00300e-22	2.00300e-22	2.00300e-22	2.00300e-22	2.00300e-22	2.00300e-22	2.00300e-22	2.00300e-22	2.00300e-22	2.00300e-22	2.00300e-22	2.00300e-22	2.00300e-22	2.00300e-22	2.00300e-22	2.00300e-22	2.00300e-22	2.00300e-22	2.00300e-22	2.00300e-22	2.00300e-22	2.00300e-22	2.00300e-22	2.00300e-22	2.00300e-22	2.00300e-22	2.00300e-22	2.00300e-22	2.00300e-22	2.00300e-22	2.00300e-22	2.00300e-22	2.00300e-22	2.00300e-22	2.00300e-22	2.00300e-22	2.00300e-22	2.00300e-22	2.00300e-22	2.00300e-22	2.00300e-22	2.00300e-22	2.00300e-22	2.00300e-22	2.00300e-22	2.00300e-22	2.00300e-22	2.00300e-22	2.00300e-22	2.00300e-22	2.00300e-22	2.00300e-22	2.00300e-22	2.00300e-22	2.00300e-22	2.00300e-22	2.00300e-22	2.00300e-22	2.00300e-22	2.00300e-22	2.00300e-22	2.00300e-22	2.00300e-22	2.00300e-22	2.00300e-22	2.00300e-22	2.00300e-22	2.00300e-22	2.00300e-22	2.00300e-22	2.00300e-22	2.00300e-22	2.00300e-22	2.00300e-22	2.00300e-22	2.00300e-22	2.00300e-22	2.00300e-22	2.00300e-22	2.00300e-22	2.00300e-22	2.00300e-22	2.00300e-22	2.00300e-22
19.10	4.46127e-25	1.16377e-24	2.26156e-24	3.94090e-24	6.50985e-24	1.04397e-23	1.64512e-23	2.56473e-23	3.97150e-23	6.12348e-23	9.41546e-23	1.44513e-22	2.11256e-22	2.16873e-22	2.16887e-22	2.16887e-22	2.16887e-22	2.16887e-22	2.16887e-22	2.16887e-22	2.16887e-22	2.16887e-22	2.16887e-22	2.16887e-22	2.16887e-22	2.16887e-22	2.16887e-22	2.16887e-22	2.16887e-22	2.16887e-22	2.16887e-22	2.16887e-22	2.16887e-22	2.16887e-22	2.16887e-22	2.16887e-22	2.16887e-22	2.16887e-22	2.16887e-22	2.16887e-22	2.16887e-22	2.16887e-22	2.16887e-22	2.16887e-22	2.16887e-22	2.16887e-22	2.16887e-22	2.16887e-22	2.16887e-22	2.16887e-22	2.16887e-22	2.16887e-22	2.16887e-22	2.16887e-22	2.16887e-22	2.16887e-22	2.16887e-22	2.16887e-22	2.16887e-22	2.16887e-22	2.16887e-22	2.16887e-22	2.16887e-22	2.16887e-22	2.16887e-22	2.16887e-22	2.16887e-22	2.16887e-22	2.16887e-22	2.16887e-22	2.16887e-22	2.16887e-22	2.16887e-22	2.16887e-22	2.16887e-22	2.16887e-22	2.16887e-22	2.16887e-22	2.16887e-22	2.16887e-22	2.16887e-22	2.16887e-22	2.16887e-22	2.16887e-22	2.16887e-22	2.16887e-22	2.16887e-22	2.16887e-22	2.16887e-22	2.16887e-22	2.16887e-22	2.16887e-22	2.16887e-22	2.16887e-22	2.16887e-22	2.16887e-22	2.16887e-22	2.16887e-22	2.16887e-22	2.16887e-22	2.16887e-22	2.16887e-22	2.16887e-22	2.16887e-22	2.16887e-22	2.16887e-22	2.16887e-22	2.16887e-22	2.16887e-22	2.16887e-22	2.16887e-22	2.16887e-22	2.16887e-22	2.16887e-22	2.16887e-22	2.16887e-22	2.16887e-22	2.16887e-22	2.16887e-22	2.16887e-22	2.16887e-22	2.16887e-22	2.16887e-22	2.16887e-22	2.16887e-22	2.16887e-22	2.16887e-22	2.16887e-22	2.16887e-22	2.16887e-22	2.16887e-22	2.16887e-22	2.16887e-22	2.16887e-22	2.16887e-22	2.16887e-22	2.16887e-22	2.16887e-22	2.16887e-22	2.16887e-22	2.16887e-22	2.16887e-22	2.16887e-22	2.16887e-22	2.16887e-22	2.16887e-22	2.16887e-22	2.16887e-22	2.16887e-22	2.16887e-22	2.16887e-22	2.16887e-22	2.16887e-22	2.16887e-22	2.16887e-22	2.16887e-22	2.16887e-22	2.16887e-22	2.16887e-22	2.16887e-22	2.16887e-22	2.16887e-22	2.16887e-22	2.16887e-22	2.16887e-22	2.16887e-22	2.16887e-22	2.16887e-22	2.16887e-22	2.16887e-22	2.16887e-22	2.16887e-22	2.16887e-22	2.16887e-22	2.16887e-22	2.16887e-22	2.16887e-22	2.16887e-22	2.16887e-22	2.16887e-22	2.16887e-22	2.16887e-22	2.16887e-22	2.16887e-22	2.16887e-22	2.16887e-22
19.13	3.81348e-25	9.94785e-25	1.93318e-24	3.36868e-24	5.56461e-24	8.92380e-24	1.40625e-23	2.19233e-23	3.39483e-23	5.23434e-23	8.04832e-23	1.23530e-22	1.89380e-22	2.34312e-22	2.34791e-22	2.34792e-22	2.34792e-22	2.34792e-22	2.34792e-22	2.34792e-22	2.34792e-22	2.34792e-22	2.34792e-22	2.34792e-22	2.34792e-22	2.34792e-22	2.34792e-22	2.34792e-22	2.34792e-22	2.34792e-22	2.34792e-22	2.34792e-22	2.34792e-22	2.34792e-22	2.34792e-22	2.34792e-22	2.34792e-22	2.34792e-22	2.34792e-22	2.34792e-22	2.34792e-22	2.34792e-22	2.34792e-22	2.34792e-22	2.34792e-22	2.34792e-22	2.34792e-22	2.34792e-22	2.34792e-22	2.34792e-22	2.34792e-22	2.34792e-22	2.34792e-22	2.34792e-22	2.34792e-22	2.34792e-22	2.34792e-22	2.34792e-22	2.34792e-22	2.34792e-22	2.34792e-22	2.34792e-22	2.34792e-22	2.34792e-22	2.34792e-22	2.34792e-22	2.34792e-22	2.34792e-22	2.34792e-22	2.34792e-22	2.34792e-22	2.34792e-22	2.34792e-22	2.34792e-22	2.34792e-22	2.34792e-22	2.34792e-22	2.34792e-22	2.34792e-22	2.34792e-22	2.34792e-22	2.34792e-22	2.34792e-22	2.34792e-22	2.34792e-22	2.34792e-22	2.34792e-22	2.34792e-22	2.34792e-22	2.34792e-22	2.34792e-22	2.34792e-22	2.34792e-22	2.34792e-22	2.34792e-22	2.34792e-22	2.34792e-22	2.34792e-22	2.34792e-22	2.34792e-22	2.34792e-22	2.34792e-22	2.34792e-22	2.34792e-22	2.34792e-22	2.34792e-22	2.34792e-22	2.34792e-22	2.34792e-22	2.34792e-22	2.34792e-22	2.34792e-22	2.34792e-22	2.34792e-22	2.34792e-22	2.34792e-22	2.34792e-22	2.34792e-22	2.34792e-22	2.34792e-22	2.34792e-22	2.34792e-22	2.34792e-22	2.34792e-22	2.34792e-22	2.34792e-22	2.34792e-22	2.34792e-22	2.34792e-22	2.34792e-22	2.34792e-22	2.34792e-22	2.34792e-22	2.34792e-22	2.34792e-22	2.34792e-22	2.34792e-22	2.34792e-22	2.34792e-22	2.34792e-22	2.34792e-22	2.34792e-22	2.34792e-22	2.34792e-22	2.34792e-22	2.34792e-22	2.34792e-22	2.34792e-22	2.34792e-22	2.34792e-22	2.34792e-22	2.34792e-22	2.34792e-22	2.34792e-22	2.34792e-22	2.34792e-22	2.34792e-22	2.34792e-22	2.34792e-22	2.34792e-22	2.34792e-22	2.34792e-22	2.34792e-22	2.34792e-22	2.34792e-22	2.34792e-22	2.34792e-22	2.34792e-22	2.34792e-22	2.34792e-22	2.34792e-22	2.34792e-22	2.34792e-22	2.34792e-22	2.34792e-22	2.34792e-22	2.34792e-22	2.34792e-22	2.34792e-22	2.34792e-22	2.34792e-22	2.34792e-22	2.34792e-22	2.34792e-22	2.34792e-22	2.34792e-22
19.16	3.25976e-25	8.50341e-25	1.65248e-24	2.87954e-24	4.75662e-24	7.62805e-24	1.20206e-23	1.87400e-23	2.90190e-23	4.47431e-23	6.87969e-23	1.05593e-22	1.61882e-22	2.42819e-22	2.54097e-22	2.54129e-22	2.54129e-22	2.54129e-22	2.54129e-22	2.54129e-22	2.54129e-22	2.54129e-22	2.54129e-22	2.54129e-22	2.54129e-22	2.54129e-22	2.54129e-22	2.54129e-22	2.54129e-22	2.54129e-22	2.54129e-22	2.54129e-22	2.54129e-22	2.54129e-22	2.54129e-22	2.54129e-22	2.54129e-22	2.54129e-22	2.54129e-22	2.54129e-22	2.54129e-22	2.54129e-22	2.54129e-22	2.54129e-22	2.54129e-22	2.54129e-22	2.54129e-22	2.54129e-22	2.54129e-22	2.54129e-22	2.54129e-22	2.54129e-22	2.54129e-22	2.54129e-22	2.54129e-22	2.54129e-22	2.54129e-22	2.54129e-22	2.54129e-22	2.54129e-22	2.54129e-22	2.54129e-22	2.54129e-22	2.54129e-22	2.54129e-22	2.54129e-22	2.54129e-22	2.54129e-22	2.54129e-22	2.54129e-22	2.54129e-22	2.54129e-22	2.54129e-22	2.54129e-22	2.54129e-22	2.54129e-22	2.54129e-22	2.54129e-22	2.54129e-22	2.54129e-22	2.54129e-22	2.54129e-22	2.54129e-22	2.54129e-22	2.54129e-22	2.54129e-22	2.54129e-22	2.54129e-22	2.54129e-22	2.54129e-22	2.54129e-22	2.54129e-22	2.54129e-22	2.54129e-22	2.54129e-22	2.54129e-22	2.54129e-22	2.54129e-22	2.54129e-22	2.54129e-22	2.54129e-22	2.54129e-22	2.54129e-22	2.54129e-22	2.54129e-22	2.54129e-22	2.54129e-22	2.54129e-22	2.54129e-22	2.54129e-22	2.54129e-22	2.54129e-22	2.54129e-22	2.54129e-22	2.54129e-22	2.54129e-22	2.54129e-22	2.54129e-22	2.54129e-22	2.54129e-22	2.54129e-22	2.54129e-22	2.54129e-22	2.54129e-22	2.54129e-22	2.54129e-22	2.54129e-22	2.54129e-22	2.54129e-22	2.54129e-22	2.54129e-22	2.54129e-22	2.54129e-22	2.54129e-22	2.54129e-22	2.54129e-22	2.54129e-22	2.54129e-22	2.54129e-22	2.54129e-22	2.54129e-22	2.54129e-22	2.54129e-22	2.54129e-22	2.54129e-22	2.54129e-22	2.54129e-22	2.54129e-22	2.54129e-22	2.54129e-22	2.54129e-22	2.54129e-22	2.54129e-22	2.54129e-22	2.54129e-22	2.54129e-22	2.54129e-22	2.54129e-22	2.54129e-22	2.54129e-22	2.54129e-22	2.54129e-22	2.54129e-22	2.54129e-22	2.54129e-22	2.54129e-22	2.54129e-22	2.54129e-22	2.54129e-22	2.54129e-22	2.54129e-22	2.54129e-22	2.54129e-22	2.54129e-22	2.54129e-22	2.54129e-22	2.54129e-22	2.54129e-22	2.54129e-22	2.54129e-22	2.54129e-22	2.54129e-22	2.54129e-22	2.54129e-22	2.54129e-22	2.54129e-22
19.20	2.78644e-25	7.26870e-25	1.41254e-24	2.46143e-24	4.06595e-24	6.52044e-24	1.02752e-23	1.60189e-23	2.48054e-23	3.82463e-23	5.88075e-23	9.02607e-23	1.38376e-22	2.11980e-22	2.73955e-22	2.75017e-22	2.75019e-22	2.75019e-22	2.75019e-22	2.75019e-22	2.75019e-22	2.75019e-22	2.75019e-22	2.75019e-22	2.75019e-22	2.75019e-22	2.75019e-22	2.75019e-22	2.75019e-22	2.75019e-22	2.75019e-22	2.75019e-22	2.75019e-22	2.75019e-22	2.75019e-22	2.75019e-22	2.75019e-22	2.75019e-22	2.75019e-22	2.75019e-22	2.75019e-22	2.75019e-22	2.75019e-22	2.75019e-22	2.75019e-22	2.75019e-22	2.75019e-22	2.75019e-22	2.75019e-22	2.75019e-22	2.75019e-22	2.75019e-22	2.75019e-22	2.75019e-22	2.75019e-22	2.75019e-22	2.75019e-22	2.75019e-22	2.75019e-22	2.75019e-22	2.75019e-22	2.75019e-22	2.75019e-22	2.75019e-22	2.75019e-22	2.75019e-22	2.75019e-22	2.75019e-22	2.75019e-22	2.75019e-22	2.75019e-22	2.75019e-22	2.75019e-22	2.75019e-22	2.75019e-22	2.75019e-22	2.75019e-22	2.75019e-22	2.75019e-22	2.75019e-22	2.75019e-22	2.75019e-22	2.75019e-22	2.75019e-22	2.75019e-22	2.75019e-22	2.75019e-22	2.75019e-22	2.75019e-22	2.75019e-22	2.75019e-22	2.75019e-22	2.75019e-22	2.75019e-22	2.75019e-22	2.75019e-22	2.75019e-22	2.75019e-22	2.75019e-22	2.75019e-22	2.75019e-22	2.75019e-22	2.75019e-22	2.75019e-22	2.75019e-22	2.75019e-22	2.75019e-22	2.75019e-22	2.75019e-22	2.75019e-22	2.75019e-22	2.75019e-22	2.75019e-22	2.75019e-22	2.75019e-22	2.75019e-22	2.75019e-22	2.75019e-22	2.75019e-22	2.75019e-22	2.75019e-22	2.75019e-22	2.75019e-22	2.75019e-22	2.75019e-22	2.75019e-22	2.75019e-22	2.75019e-22	2.75019e-22	2.75019e-22	2.75019e-22	2.75019e-22	2.75019e-22	2.75019e-22	2.75019e-22	2.75019e-22	2.75019e-22	2.75019e-22	2.75019e-22	2.75019e-22	2.75019e-22	2.75019e-22	2.75019e-22	2.75019e-22	2.75019e-22	2.75019e-22	2.75019e-22	2.75019e-22	2.75019e-22	2.75019e-22	2.75019e-22	2.75019e-22	2.75019e-22	2.75019e-22	2.75019e-22	2.75019e-22	2.75019e-22	2.75019e-22	2.75019e-22	2.75019e-22	2.75019e-22	2.75019e-22	2.75019e-22	2.75019e-22	2.75019e-22	2.75019e-22	2.75019e-22	2.75019e-22	2.75019e-22	2.75019e-22	2.75019e-22	2.75019e-22	2.75019e-22	2.75019e-22	2.75019e-22	2.75019e-22	2.75019e-22	2.75019e-22	2.75019e-22	2.75019e-22	2.75019e-22	2.75019e-22	2.75019e-22	2.75019e-22	2.75019e-22	2.75019e-22
19.23	2.38184e-25	6.21327e-25	1.20743e-24	2.10402e-24	3.47557e-24	5.57367e-24	8.78321e-24	1.36930e-23	2.12036e-23	3.26929e-23	5.02685e-23	7.71547e-23	1.18284e-22	1.81200e-22	2.76028e-22	2.97516e-22	2.97591e-22	2.97591e-22	2.97591e-22	2.97591e-22	2.97591e-22	2.97591e-22	2.97591e-22	2.97591e-22	2.97591e-22	2.97591e-22	2.97591e-22	2.97591e-22	2.97591e-22	2.97591e-22	2.97591e-22	2.97591e-22	2.97591e-22	2.97591e-22	2.97591e-22	2.97591e-22	2.97591e-22	2.97591e-22	2.97591e-22	2.97591e-22	2.97591e-22	2.97591e-22	2.97591e-22	2.97591e-22	2.97591e-22	2.97591e-22	2.97591e-22	2.97591e-22	2.97591e-22	2.97591e-22	2.97591e-22	2.97591e-22	2.97591e-22	2.97591e-22	2.97591e-22	2.97591e-22	2.97591e-22	2.97591e-22	2.97591e-22	2.97591e-22	2.97591e-22	2.97591e-22	2.97591e-22	2.97591e-22	2.97591e-22	2.97591e-22	2.97591e-22	2.97591e-22	2.97591e-22	2.97591e-22	2.97591e-22	2.97591e-22	2.97591e-22	2.97591e-22	2.97591e-22	2.97591e-22	2.97591e-22	2.97591e-22	2.97591e-22	2.97591e-22	2.97591e-22	2.97591e-22	2.97591e-22	2.97591e-22	2.97591e-22	2.97591e-22	2.97591e-22	2.97591e-22	2.97591e-22	2.97591e-22	2.97591e-22	2.97591e-22	2.97591e-22	2.97591e-22	2.97591e-22	2.97591e-22	2.97591e-22	2.97591e-22	2.97591e-22	2.97591e-22	2.97591e-22	2.97591e-22	2.97591e-22	2.97591e-22	2.97591e-22	2.97591e-22	2.97591e-22	2.97591e-22	2.97591e-22	2.97591e-22	2.97591e-22	2.97591e-22	2.97591e-22	2.97591e-22	2.97591e-22	2.97591e-22	2.97591e-22	2.97591e-22	2.97591e-22	2.97591e-22	2.97591e-22	2.97591e-22	2.97591e-22	2.97591e-22	2.97591e-22	2.97591e-22	2.97591e-22	2.97591e-22	2.97591e-22	2.97591e-22	2.97591e-22	2.97591e-22	2.97591e-22	2.97591e-22	2.97591e-22	2.97591e-22	2.97591e-22	2.97591e-22	2.97591e-22	2.97591e-22	2.97591e-22	2.97591e-22	2.97591e-22	2.97591e-22	2.97591e-22	2.97591e-22	2.97591e-22	2.97591e-22	2.97591e-22	2.97591e-22	2.97591e-22	2.97591e-22	2.97591e-22	2.97591e-22	2.97591e-22	2.97591e-22	2.97591e-22	2.97591e-22	2.97591e-22	2.97591e-22	2.97591e-22	2.97591e-22	2.97591e-22	2.97591e-22	2.97591e-22	2.97591e-22	2.97591e-22	2.97591e-22	2.97591e-22	2.97591e-22	2.97591e-22	2.97591e-22	2.97591e-22	2.97591e-22	2.97591e-22	2.97591e-22	2.97591e-22	2.97591e-22	2.97591e-22	2.97591e-22	2.97591e-22	2.97591e-22	2.97591e-22	2.97591e-22	2.97591e-22	2.97591e-22
19.27	2.03600e-25	5.31110e-25	1.03211e-24	1.79852e-24	2.97091e-24	4.76436e-24	7.50787e-24	1.17047e-23	1.81248e-23	2.79458e-23	4.29695e-23	6.59518e-23	1.01109e-22	1.54890e-22	2.37161e-22	3.19667e-22	3.21983e-22	3.21987e-22	3.21987e-22	3.21987e-22	3.21987e-22	3.21987e-22	3.21987e-22	3.21987e-22	3.21987e-22	3.21987e-22	3.21987e-22	3.21987e-22	3.21987e-22	3.21987e-22	3.21987e-22	3.21987e-22	3.21987e-22	3.21987e-22	3.21987e-22	3.21987e-22	3.21987e-22	3.21987e-22	3.21987e-22	3.21987e-22	3.21987e-22	3.21987e-22	3.21987e-22	3.21987e-22	3.21987e-22	3.21987e-22	3.21987e-22	3.21987e-22	3.21987e-22	3.21987e-22	3.21987e-22	3.21987e-22	3.21987e-22	3.21987e-22	3.21987e-22	3.21987e-22	3.21987e-22	3.21987e-22	3.21987e-22	3.21987e-22	3.21987e-22	3.21987e-22	3.21987e-22	3.21987e-22	3.21987e-22	3.21987e-22	3.21987e-22	3.21987e-22	3.21987e-22	3.21987e-22	3.21987e-22	3.21987e-22	3.21987e-22	3.21987e-22	3.21987e-22	3.21987e-22	3.21987e-22	3.21987e-22	3.21987e-22	3.21987e-22	3.21987e-22	3.21987e-22	3.21987e-22	3.21987e-22	3.21987e-22	3.21987e-22	3.21987e-22	3.21987e-22	3.21987e-22	3.21987e-22	3.21987e-22	3.21987e-22	3.21987e-22	3.21987e-22	3.21987e-22	3.21987e-22	3.21987e-22	3.21987e-22	3.21987e-22	3.21987e-22	3.21987e-22	3.21987e-22	3.21987e-22	3.21987e-22	3.21987e-22	3.21987e-22	3.21987e-22	3.21987e-22	3.21987e-22	3.21987e-22	3.21987e-22	3.21987e-22	3.21987e-22	3.21987e-22	3.21987e-22	3.21987e-22	3.21987e-22	3.21987e-22	3.21987e-22	3.21987e-22	3.21987e-22	3.21987e-22	3.21987e-22	3.21987e-22	3.21987e-22	3.21987e-22	3.21987e-22	3.21987e-22	3.21987e-22	3.21987e-22	3.21987e-22	3.21987e-22	3.21987e-22	3.21987e-22	3.21987e-22	3.21987e-22	3.21987e-22	3.21987e-22	3.21987e-22	3.21987e-22	3.21987e-22	3.21987e-22	3.21987e-22	3.21987e-22	3.21987e-22	3.21987e-22	3.21987e-22	3.21987e-22	3.21987e-22	3.21987e-22	3.21987e-22	3.21987e-22	3.21987e-22	3.21987e-22	3.21987e-22	3.21987e-22	3.21987e-22	3.21987e-22	3.21987e-22	3.21987e-22	3.21987e-22	3.21987e-22	3.21987e-22	3.21987e-22	3.21987e-22	3.21987e-22	3.21987e-22	3.21987e-22	3.21987e-22	3.21987e-22	3.21987e-22	3.21987e-22	3.21987e-22	3.21987e-22	3.21987e-22	3.21987e-22	3.21987e-22	3.21987e-22	3.21987e-22	3.21987e-22	3.21987e-22	3.21987e-22	3.21987e-22	3.21987e-22	3.21987e-22	3.21987e-22
19.30	1.74037e-25	4.53992e-25	8.82249e-25	1.53737e-24	2.53953e-24	4.07257e-24	6.41772e-24	1.00052e-23	1.54930e-23	2.38881e-23	3.67302e-23	5.63755e-23	8.64276e-23	1.32400e-22	2.02725e-22	3.10270e-22	3.48186e-22	3.48358e-22	3.48358e-22	3.48358e-22	3.48358e-22	3.48358e-22	3.48358e-22	3.48358e-22	3.48358e-22	3.48358e-22	3.48358e-22	3.48358e-22	3.48358e-22	3.48358e-22	3.48358e-22	3.48358e-22	3.48358e-22	3.48358e-22	3.48358e-22	3.48358e-22	3.48358e-22	3.48358e-22	3.48358e-22	3.48358e-22	3.48358e-22	3.48358e-22	3.48358e-22	3.48358e-22	3.48358e-22	3.48358e-22	3.48358e-22	3.48358e-22	3.48358e-22	3.48358e-22	3.48358e-22	3.48358e-22	3.48358e-22	3.48358e-22	3.48358e-22	3.48358e-22	3.48358e-22	3.48358e-22	3.48358e-22	3.48358e-22	3.48358e-22	3.48358e-22	3.48358e-22	3.48358e-22	3.48358e-22	3.48358e-22	3.48358e-22	3.48358e-22	3.48358e-22	3.48358e-22	3.48358e-22	3.48358e-22	3.48358e-22	3.48358e-22	3.48358e-22	3.48358e-22	3.48358e-22	3.48358e-22	3.48358e-22	3.48358e-22	3.48358e-22	3.48358e-22	3.48358e-22	3.48358e-22	3.48358e-22	3.48358e-22	3.48358e-22	3.48358e-22	3.48358e-22	3.48358e-22	3.48358e-22	3.48358e-22	3.48358e-22	3.48358e-22	3.48358e-22	3.48358e-22	3.48358e-22	3.48358e-22	3.48358e-22	3.48358e-22	3.48358e-22	3.48358e-22	3.48358e-22	3.48358e-22	3.48358e-22	3.48358e-22	3.48358e-22	3.48358e-22	3.48358e-22	3.48358e-22	3.48358e-22	3.48358e-22	3.48358e-22	3.48358e-22	3.48358e-22	3.48358e-22	3.48358e-22	3.48358e-22	3.48358e-22	3.48358e-22	3.48358e-22	3.48358e-22	3.48358e-22	3.48358e-22	3.48358e-22	3.48358e-22	3.48358e-22	3.48358e-22	3.48358e-22	3.48358e-22	3.48358e-22	3.48358e-22	3.48358e-22	3.48358e-22	3.48358e-22	3.48358e-22	3.48358e-22	3.48358e-22	3.48358e-22	3.48358e-22	3.48358e-22	3.48358e-22	3.48358e-22	3.48358e-22	3.48358e-22	3.48358e-22	3.48358e-22	3.48358e-22	3.48358e-22	3.48358e-22	3.48358e-22	3.48358e-22	3.48358e-22	3.48358e-22	3.48358e-22	3.48358e-22	3.48358e-22	3.48358e-22	3.48358e-22	3.48358e-22	3.48358e-22	3.48358e-22	3.48358e-22	3.48358e-22	3.48358e-22	3.48358e-22	3.48358e-22	3.48358e-22	3.48358e-22	3.48358e-22	3.48358e-22	3.48358e-22	3.48358e-22	3.48358e-22	3.48358e-22	3.48358e-22	3.48358e-22	3.48358e-22	3.48358e-22	3.48358e-22	3.48358e-22	3.48358e-22	3.48358e-22	3.48358e-22	3.48358e-22	3.48358e-22
19.33	1.48766e-25	3.88071e-25	7.54145e-25	1.31414e-24	2.17079e-24	3.48123e-24	5.48585e-24	8.55241e-24	1.32434e-23	2.04195e-23	3.13970e-23	4.81897e-23	7.38782e-23	1.13175e-22	1.73289e-22	2.65249e-22	3.71895e-22	3.76857e-22	3.76868e-22	3.76868e-22	3.76868e-22	3.76868e-22	3.76868e-22	3.76868e-22	3.76868e-22	3.76868e-22	3.76868e-22	3.76868e-22	3.76868e-22	3.76868e-22	3.76868e-22	3.76868e-22	3.76868e-22	3.76868e-22	3.76868e-22	3.76868e-22	3.76868e-22	3.76868e-22	3.76868e-22	3.76868e-22	3.76868e-22	3.76868e-22	3.76868e-22	3.76868e-22	3.76868e-22	3.76868e-22	3.76868e-22	3.76868e-22	3.76868e-22	3.76868e-22	3.76868e-22	3.76868e-22	3.76868e-22	3.76868e-22	3.76868e-22	3.76868e-22	3.76868e-22	3.76868e-22	3.76868e-22	3.76868e-22	3.76868e-22	3.76868e-22	3.76868e-22	3.76868e-22	3.76868e-22	3.76868e-22	3.76868e-22	3.76868e-22	3.76868e-22	3.76868e-22	3.76868e-22	3.76868e-22	3.76868e-22	3.76868e-22	3.76868e-22	3.76868e-22	3.76868e-22	3.76868e-22	3.76868e-22	3.76868e-22	3.76868e-22	3.76868e-22	3.76868e-22	3.76868e-22	3.76868e-22	3.76868e-22	3.76868e-22	3.76868e-22	3.76868e-22	3.76868e-22	3.76868e-22	3.76868e-22	3.76868e-22	3.76868e-22	3.76868e-22	3.76868e-22	3.76868e-22	3.76868e-22	3.76868e-22	3.76868e-22	3.76868e-22	3.76868e-22	3.76868e-22	3.76868e-22	3.76868e-22	3.76868e-22	3.76868e-22	3.76868e-22	3.76868e-22	3.76868e-22	3.76868e-22	3.76868e-22	3.76868e-22	3.76868e-22	3.76868e-22	3.76868e-22	3.76868e-22	3.76868e-22	3.76868e-22	3.76868e-22	3.76868e-22	3.76868e-22	3.76868e-22	3.76868e-22	3.76868e-22	3.76868e-22	3.76868e-22	3.76868e-22	3.76868e-22	3.76868e-22	3.76868e-22	3.76868e-22	3.76868e-22	3.76868e-22	3.76868e-22	3.76868e-22	3.76868e-22	3.76868e-22	3.76868e-22	3.76868e-22	3.76868e-22	3.76868e-22	3.76868e-22	3.76868e-22	3.76868e-22	3.76868e-22	3.76868e-22	3.76868e-22	3.76868e-22	3.76868e-22	3.76868e-22	3.76868e-22	3.76868e-22	3.76868e-22	3.76868e-22	3.76868e-22	3.76868e-22	3.76868e-22	3.76868e-22	3.76868e-22	3.76868e-22	3.76868e-22	3.76868e-22	3.76868e-22	3.76868e-22	3.76868e-22	3.76868e-22	3.76868e-22	3.76868e-22	3.76868e-22	3.76868e-22	3.76868e-22	3.76868e-22	3.76868e-22	3.76868e-22	3.76868e-22	3.76868e-22	3.76868e-22	3.76868e-22	3.76868e-22	3.76868e-22	3.76868e-22	3.76868e-22	3.76868e-22	3.76868e-22	3.76868e-22
19.37	1.27165e-25	3.31723e-25	6.44642e-25	1.12333e-24	1.85558e-24	2.97575e-24	4.68930e-24	7.31059e-24	1.13205e-23	1.74545e-23	2.68381e-23	4.11924e-23	6.31509e-23	9.67418e-23	1.48127e-22	2.26734e-22	3.46983e-22	4.07302e-22	4.07692e-22	4.07693e-22	4.07693e-22	4.07693e-22	4.07693e-22	4.07693e-22	4.07693e-22	4.07693e-22	4.07693e-22	4.07693e-22	4.07693e-22	4.07693e-22	4.07693e-22	4.07693e-22	4.07693e-22	4.07693e-22	4.07693e-22	4.07693e-22	4.07693e-22	4.07693e-22	4.07693e-22	4.07693e-22	4.07693e-22	4.07693e-22	4.07693e-22	4.07693e-22	4.07693e-22	4.07693e-22	4.07693e-22	4.07693e-22	4.07693e-22	4.07693e-22	4.07693e-22	4.07693e-22	4.07693e-22	4.07693e-22	4.07693e-22	4.07693e-22	4.07693e-22	4.07693e-22	4.07693e-22	4.07693e-22	4.07693e-22	4.07693e-22	4.07693e-22	4.07693e-22	4.07693e-22	4.07693e-22	4.07693e-22	4.07693e-22	4.07693e-22	4.07693e-22	4.07693e-22	4.07693e-22	4.07693e-22	4.07693e-22	4.07693e-22	4.07693e-22	4.07693e-22	4.07693e-22	4.07693e-22	4.07693e-22	4.07693e-22	4.07693e-22	4.07693e-22	4.07693e-22	4.07693e-22	4.07693e-22	4.07693e-22	4.07693e-22	4.07693e-22	4.07693e-22	4.07693e-22	4.07693e-22	4.07693e-22	4.07693e-22	4.07693e-22	4.07693e-22	4.07693e-22	4.07693e-22	4.07693e-22	4.07693e-22	4.07693e-22	4.07693e-22	4.07693e-22	4.07693e-22	4.07693e-22	4.07693e-22	4.07693e-22	4.07693e-22	4.07693e-22	4.07693e-22	4.07693e-22	4.07693e-22	4.07693e-22	4.07693e-22	4.07693e-22	4.07693e-22	4.07693e-22	4.07693e-22	4.07693e-22	4.07693e-22	4.07693e-22	4.07693e-22	4.07693e-22	4.07693e-22	4.07693e-22	4.07693e-22	4.07693e-22	4.07693e-22	4.07693e-22	4.07693e-22	4.07693e-22	4.07693e-22	4.07693e-22	4.07693e-22	4.07693e-22	4.07693e-22	4.07693e-22	4.07693e-22	4.07693e-22	4.07693e-22	4.07693e-22	4.07693e-22	4.07693e-22	4.07693e-22	4.07693e-22	4.07693e-22	4.07693e-22	4.07693e-22	4.07693e-22	4.07693e-22	4.07693e-22	4.07693e-22	4.07693e-22	4.07693e-22	4.07693e-22	4.07693e-22	4.07693e-22	4.07693e-22	4.07693e-22	4.07693e-22	4.07693e-22	4.07693e-22	4.07693e-22	4.07693e-22	4.07693e-22	4.07693e-22	4.07693e-22	4.07693e-22	4.07693e-22	4.07693e-22	4.07693e-22	4.07693e-22	4.07693e-22	4.07693e-22	4.07693e-22	4.07693e-22	4.07693e-22	4.07693e-22	4.07693e-22	4.07693e-22	4.07693e-22	4.07693e-22	4.07693e-22	4.07693e-22	4.07693e-22	4.07693e-22
19.40	1.08701e-25	2.83556e-25	5.51039e-25	9.60217e-25	1.58615e-24	2.54366e-24	4.00841e-24	6.24908e-24	9.67672e-24	1.49201e-23	2.29411e-23	3.52112e-23	5.39813e-23	8.26948e-23	1.26619e-22	1.93812e-22	2.96601e-22	4.30621e-22	4.40998e-22	4.41023e-22	4.41024e-22	4.41024e-22	4.41024e-22	4.41024e-22	4.41024e-22	4.41024e-22	4.41024e-22	4.41024e-22	4.41024e-22	4.41024e-22	4.41024e-22	4.41024e-22	4.41024e-22	4.41024e-22	4.41024e-22	4.41024e-22	4.41024e-22	4.41024e-22	4.41024e-22	4.41024e-22	4.41024e-22	4.41024e-22	4.41024e-22	4.41024e-22	4.41024e-22	4.41024e-22	4.41024e-22	4.41024e-22	4.41024e-22	4.41024e-22	4.41024e-22	4.41024e-22	4.41024e-22	4.41024e-22	4.41024e-22	4.41024e-22	4.41024e-22	4.41024e-22	4.41024e-22	4.41024e-22	4.41024e-22	4.41024e-22	4.41024e-22	4.41024e-22	4.41024e-22	4.41024e-22	4.41024e-22	4.41024e-22	4.41024e-22	4.41024e-22	4.41024e-22	4.41024e-22	4.41024e-22	4.41024e-22	4.41024e-22	4.41024e-22	4.41024e-22	4.41024e-22	4.41024e-22	4.41024e-22	4.41024e-22	4.41024e-22	4.41024e-22	4.41024e-22	4.41024e-22	4.41024e-22	4.41024e-22	4.41024e-22	4.41024e-22	4.41024e-22	4.41024e-22	4.41024e-22	4.41024e-22	4.41024e-22	4.41024e-22	4.41024e-22	4.41024e-22	4.41024e-22	4.41024e-22	4.41024e-22	4.41024e-22	4.41024e-22	4.41024e-22	4.41024e-22	4.41024e-22	4.41024e-22	4.41024e-22	4.41024e-22	4.41024e-22	4.41024e-22	4.41024e-22	4.41024e-22	4.41024e-22	4.41024e-22	4.41024e-22	4.41024e-22	4.41024e-22	4.41024e-22	4.41024e-22	4.41024e-22	4.41024e-22	4.41024e-22	4.41024e-22	4.41024e-22	4.41024e-22	4.41024e-22	4.41024e-22	4.41024e-22	4.41024e-22	4.41024e-22	4.41024e-22	4.41024e-22	4.41024e-22	4.41024e-22	4.41024e-22	4.41024e-22	4.41024e-22	4.41024e-22	4.41024e-22	4.41024e-22	4.41024e-22	4.41024e-22	4.41024e-22	4.41024e-22	4.41024e-22	4.41024e-22	4.41024e-22	4.41024e-22	4.41024e-22	4.41024e-22	4.41024e-22	4.41024e-22	4.41024e-22	4.41024e-22	4.41024e-22	4.41024e-22	4.41024e-22	4.41024e-22	4.41024e-22	4.41024e-22	4.41024e-22	4.41024e-22	4.41024e-22	4.41024e-22	4.41024e-22	4.41024e-22	4.41024e-22	4.41024e-22	4.41024e-22	4.41024e-22	4.41024e-22	4.41024e-22	4.41024e-22	4.41024e-22	4.41024e-22	4.41024e-22	4.41024e-22	4.41024e-22	4.41024e-22	4.41024e-22	4.41024e-22	4.41024e-22	4.41024e-22	4.41024e-22	4.41024e-22	4.41024e-22
19.44	9.29171e-26	2.42383e-25	4.71027e-25	8.20792e-25	1.35584e-24	2.17432e-24	3.42638e-24	5.34170e-24	8.27164e-24	1.27537e-23	1.96101e-23	3.00985e-23	4.61432e-23	7.06873e-23	1.08234e-22	1.65670e-22	2.53534e-22	3.87943e-22	4.76190e-22	4.77065e-22	4.77066e-22	4.77066e-22	4.77066e-22	4.77066e-22	4.77066e-22	4.77066e-22	4.77066e-22	4.77066e-22	4.77066e-22	4.77066e-22	4.77066e-22	4.77066e-22	4.77066e-22	4.77066e-22	4.77066e-22	4.77066e-22	4.77066e-22	4.77066e-22	4.77066e-22	4.77066e-22	4.77066e-22	4.77066e-22	4.77066e-22	4.77066e-22	4.77066e-22	4.77066e-22	4.77066e-22	4.77066e-22	4.77066e-22	4.77066e-22	4.77066e-22	4.77066e-22	4.77066e-22	4.77066e-22	4.77066e-22	4.77066e-22	4.77066e-22	4.77066e-22	4.77066e-22	4.77066e-22	4.77066e-22	4.77066e-22	4.77066e-22	4.77066e-22	4.77066e-22	4.77066e-22	4.77066e-22	4.77066e-22	4.77066e-22	4.77066e-22	4.77066e-22	4.77066e-22	4.77066e-22	4.77066e-22	4.77066e-22	4.77066e-22	4.77066e-22	4.77066e-22	4.77066e-22	4.77066e-22	4.77066e-22	4.77066e-22	4.77066e-22	4.77066e-22	4.77066e-22	4.77066e-22	4.77066e-22	4.77066e-22	4.77066e-22	4.77066e-22	4.77066e-22	4.77066e-22	4.77066e-22	4.77066e-22	4.77066e-22	4.77066e-22	4.77066e-22	4.77066e-22	4.77066e-22	4.77066e-22	4.77066e-22	4.77066e-22	4.77066e-22	4.77066e-22	4.77066e-22	4.77066e-22	4.77066e-22	4.77066e-22	4.77066e-22	4.77066e-22	4.77066e-22	4.77066e-22	4.77066e-22	4.77066e-22	4.77066e-22	4.77066e-22	4.77066e-22	4.77066e-22	4.77066e-22	4.77066e-22	4.77066e-22	4.77066e-22	4.77066e-22	4.77066e-22	4.77066e-22	4.77066e-22	4.77066e-22	4.77066e-22	4.77066e-22	4.77066e-22	4.77066e-22	4.77066e-22	4.77066e-22	4.77066e-22	4.77066e-22	4.77066e-22	4.77066e-22	4.77066e-22	4.77066e-22	4.77066e-22	4.77066e-22	4.77066e-22	4.77066e-22	4.77066e-22	4.77066e-22	4.77066e-22	4.77066e-22	4.77066e-22	4.77066e-22	4.77066e-22	4.77066e-22	4.77066e-22	4.77066e-22	4.77066e-22	4.77066e-22	4.77066e-22	4.77066e-22	4.77066e-22	4.77066e-22	4.77066e-22	4.77066e-22	4.77066e-22	4.77066e-22	4.77066e-22	4.77066e-22	4.77066e-22	4.77066e-22	4.77066e-22	4.77066e-22	4.77066e-22	4.77066e-22	4.77066e-22	4.77066e-22	4.77066e-22	4.77066e-22	4.77066e-22	4.77066e-22	4.77066e-22	4.77066e-22	4.77066e-22	4.77066e-22	4.77066e-22	4.77066e-22	4.77066e-22	4.77066e-22	4.77066e-22
19.47	7.94254e-26	2.07189e-25	4.02633e-25	7.01611e-25	1.15897e-24	1.85860e-24	2.92886e-24	4.56608e-24	7.07059e-24	1.09018e-23	1.67626e-23	2.57282e-23	3.94431e-23	6.04234e-23	9.25180e-23	1.41615e-22	2.16720e-22	3.31613e-22	4.95003e-22	5.15984e-22	5.16043e-22	5.16043e-22	5.16043e-22	5.16043e-22	5.16043e-22	5.16043e-22	5.16043e-22	5.16043e-22	5.16043e-22	5.16043e-22	5.16043e-22	5.16043e-22	5.16043e-22	5.16043e-22	5.16043e-22	5.16043e-22	5.16043e-22	5.16043e-22	5.16043e-22	5.16043e-22	5.16043e-22	5.16043e-22	5.16043e-22	5.16043e-22	5.16043e-22	5.16043e-22	5.16043e-22	5.16043e-22	5.16043e-22	5.16043e-22	5.16043e-22	5.16043e-22	5.16043e-22	5.16043e-22	5.16043e-22	5.16043e-22	5.16043e-22	5.16043e-22	5.16043e-22	5.16043e-22	5.16043e-22	5.16043e-22	5.16043e-22	5.16043e-22	5.16043e-22	5.16043e-22	5.16043e-22	5.16043e-22	5.16043e-22	5.16043e-22	5.16043e-22	5.16043e-22	5.16043e-22	5.16043e-22	5.16043e-22	5.16043e-22	5.16043e-22	5.16043e-22	5.16043e-22	5.16043e-22	5.16043e-22	5.16043e-22	5.16043e-22	5.16043e-22	5.16043e-22	5.16043e-22	5.16043e-22	5.16043e-22	5.16043e-22	5.16043e-22	5.16043e-22	5.16043e-22	5.16043e-22	5.16043e-22	5.16043e-22	5.16043e-22	5.16043e-22	5.16043e-22	5.16043e-22	5.16043e-22	5.16043e-22	5.16043e-22	5.16043e-22	5.16043e-22	5.16043e-22	5.16043e-22	5.16043e-22	5.16043e-22	5.16043e-22	5.16043e-22	5.16043e-22	5.16043e-22	5.16043e-22	5.16043e-22	5.16043e-22	5.16043e-22	5.16043e-22	5.16043e-22	5.16043e-22	5.16043e-22	5.16043e-22	5.16043e-22	5.16043e-22	5.16043e-22	5.16043e-22	5.16043e-22	5.16043e-22	5.16043e-22	5.16043e-22	5.16043e-22	5.16043e-22	5.16043e-22	5.16043e-22	5.16043e-22	5.16043e-22	5.16043e-22	5.16043e-22	5.16043e-22	5.16043e-22	5.16043e-22	5.16043e-22	5.16043e-22	5.16043e-22	5.16043e-22	5.16043e-22	5.16043e-22	5.16043e-22	5.16043e-22	5.16043e-22	5.16043e-22	5.16043e-22	5.16043e-22	5.16043e-22	5.16043e-22	5.16043e-22	5.16043e-22	5.16043e-22	5.16043e-22	5.16043e-22	5.16043e-22	5.16043e-22	5.16043e-22	5.16043e-22	5.16043e-22	5.16043e-22	5.16043e-22	5.16043e-22	5.16043e-22	5.16043e-22	5.16043e-22	5.16043e-22	5.16043e-22	5.16043e-22	5.16043e-22	5.16043e-22	5.16043e-22	5.16043e-22	5.16043e-22	5.16043e-22	5.16043e-22	5.16043e-22	5.16043e-22	5.16043e-22	5.16043e-22	5.16043e-22	5.16043e-22
19.51	6.78927e-26	1.77105e-25	3.44170e-25	5.99736e-25	9.90685e-25	1.58873e-24	2.50359e-24	3.90308e-24	6.04393e-24	9.31887e-24	1.43287e-23	2.19924e-23	3.37159e-23	5.16499e-23	7.90843e-23	1.21052e-22	1.85252e-22	2.83462e-22	4.33700e-22	5.56252e-22	5.58192e-22	5.58195e-22	5.58195e-22	5.58195e-22	5.58195e-22	5.58195e-22	5.58195e-22	5.58195e-22	5.58195e-22	5.58195e-22	5.58195e-22	5.58195e-22	5.58195e-22	5.58195e-22	5.58195e-22	5.58195e-22	5.58195e-22	5.58195e-22	5.58195e-22	5.58195e-22	5.58195e-22	5.58195e-22	5.58195e-22	5.58195e-22	5.58195e-22	5.58195e-22	5.58195e-22	5.58195e-22	5.58195e-22	5.58195e-22	5.58195e-22	5.58195e-22	5.58195e-22	5.58195e-22	5.58195e-22	5.58195e-22	5.58195e-22	5.58195e-22	5.58195e-22	5.58195e-22	5.58195e-22	5.58195e-22	5.58195e-22	5.58195e-22	5.58195e-22	5.58195e-22	5.58195e-22	5.58195e-22	5.58195e-22	5.58195e-22	5.58195e-22	5.58195e-22	5.58195e-22	5.58195e-22	5.58195e-22	5.58195e-22	5.58195e-22	5.58195e-22	5.58195e-22	5.58195e-22	5.58195e-22	5.58195e-22	5.58195e-22	5.58195e-22	5.58195e-22	5.58195e-22	5.58195e-22	5.58195e-22	5.58195e-22	5.58195e-22	5.58195e-22	5.58195e-22	5.58195e-22	5.58195e-22	5.58195e-22	5.58195e-22	5.58195e-22	5.58195e-22	5.58195e-22	5.58195e-22	5.58195e-22	5.58195e-22	5.58195e-22	5.58195e-22	5.58195e-22	5.58195e-22	5.58195e-22	5.58195e-22	5.58195e-22	5.58195e-22	5.58195e-22	5.58195e-22	5.58195e-22	5.58195e-22	5.58195e-22	5.58195e-22	5.58195e-22	5.58195e-22	5.58195e-22	5.58195e-22	5.58195e-22	5.58195e-22	5.58195e-22	5.58195e-22	5.58195e-22	5.58195e-22	5.58195e-22	5.58195e-22	5.58195e-22	5.58195e-22	5.58195e-22	5.58195e-22	5.58195e-22	5.58195e-22	5.58195e-22	5.58195e-22	5.58195e-22	5.58195e-22	5.58195e-22	5.58195e-22	5.58195e-22	5.58195e-22	5.58195e-22	5.58195e-22	5.58195e-22	5.58195e-22	5.58195e-22	5.58195e-22	5.58195e-22	5.58195e-22	5.58195e-22	5.58195e-22	5.58195e-22	5.58195e-22	5.58195e-22	5.58195e-22	5.58195e-22	5.58195e-22	5.58195e-22	5.58195e-22	5.58195e-22	5.58195e-22	5.58195e-22	5.58195e-22	5.58195e-22	5.58195e-22	5.58195e-22	5.58195e-22	5.58195e-22	5.58195e-22	5.58195e-22	5.58195e-22	5.58195e-22	5.58195e-22	5.58195e-22	5.58195e-22	5.58195e-22	5.58195e-22	5.58195e-22	5.58195e-22	5.58195e-22	5.58195e-22	5.58195e-22	5.58195e-22	5.58195e-22	5.58195e-22
19.54	5.80345e-26	1.51389e-25	2.94196e-25	5.12654e-25	8.46836e-25	1.35805e-24	2.14006e-24	3.33634e-24	5.16634e-24	7.96576e-24	1.22481e-23	1.87991e-23	2.88203e-23	4.41502e-23	6.76011e-23	1.03475e-22	1.58353e-22	2.42303e-22	3.70726e-22	5.63266e-22	6.03646e-22	6.03782e-22	6.03782e-22	6.03782e-22	6.03782e-22	6.03782e-22	6.03782e-22	6.03782e-22	6.03782e-22	6.03782e-22	6.03782e-22	6.03782e-22	6.03782e-22	6.03782e-22	6.03782e-22	6.03782e-22	6.03782e-22	6.03782e-22	6.03782e-22	6.03782e-22	6.03782e-22	6.03782e-22	6.03782e-22	6.03782e-22	6.03782e-22	6.03782e-22	6.03782e-22	6.03782e-22	6.03782e-22	6.03782e-22	6.03782e-22	6.03782e-22	6.03782e-22	6.03782e-22	6.03782e-22	6.03782e-22	6.03782e-22	6.03782e-22	6.03782e-22	6.03782e-22	6.03782e-22	6.03782e-22	6.03782e-22	6.03782e-22	6.03782e-22	6.03782e-22	6.03782e-22	6.03782e-22	6.03782e-22	6.03782e-22	6.03782e-22	6.03782e-22	6.03782e-22	6.03782e-22	6.03782e-22	6.03782e-22	6.03782e-22	6.03782e-22	6.03782e-22	6.03782e-22	6.03782e-22	6.03782e-22	6.03782e-22	6.03782e-22	6.03782e-22	6.03782e-22	6.03782e-22	6.03782e-22	6.03782e-22	6.03782e-22	6.03782e-22	6.03782e-22	6.03782e-22	6.03782e-22	6.03782e-22	6.03782e-22	6.03782e-22	6.03782e-22	6.03782e-22	6.03782e-22	6.03782e-22	6.03782e-22	6.03782e-22	6.03782e-22	6.03782e-22	6.03782e-22	6.03782e-22	6.03782e-22	6.03782e-22	6.03782e-22	6.03782e-22	6.03782e-22	6.03782e-22	6.03782e-22	6.03782e-22	6.03782e-22	6.03782e-22	6.03782e-22	6.03782e-22	6.03782e-22	6.03782e-22	6.03782e-22	6.03782e-22	6.03782e-22	6.03782e-22	6.03782e-22	6.03782e-22	6.03782e-22	6.03782e-22	6.03782e-22	6.03782e-22	6.03782e-22	6.03782e-22	6.03782e-22	6.03782e-22	6.03782e-22	6.03782e-22	6.03782e-22	6.03782e-22	6.03782e-22	6.03782e-22	6.03782e-22	6.03782e-22	6.03782e-22	6.03782e-22	6.03782e-22	6.03782e-22	6.03782e-22	6.03782e-22	6.03782e-22	6.03782e-22	6.03782e-22	6.03782e-22	6.03782e-22	6.03782e-22	6.03782e-22	6.03782e-22	6.03782e-22	6.03782e-22	6.03782e-22	6.03782e-22	6.03782e-22	6.03782e-22	6.03782e-22	6.03782e-22	6.03782e-22	6.03782e-22	6.03782e-22	6.03782e-22	6.03782e-22	6.03782e-22	6.03782e-22	6.03782e-22	6.03782e-22	6.03782e-22	6.03782e-22	6.03782e-22	6.03782e-22	6.03782e-22	6.03782e-22	6.03782e-22	6.03782e-22	6.03782e-22	6.03782e-22	6.03782e-22	6.03782e-22
19.57	4.96078e-26	1.29407e-25	2.51479e-25	4.38216e-25	7.23874e-25	1.16086e-24	1.82932e-24	2.85190e-24	4.41618e-24	6.80912e-24	1.04697e-23	1.60694e-23	2.46355e-23	3.77395e-23	5.77853e-23	8.84503e-23	1.35360e-22	2.07120e-22	3.16896e-22	4.84827e-22	6.48835e-22	6.53078e-22	6.53086e-22	6.53086e-22	6.53086e-22	6.53086e-22	6.53086e-22	6.53086e-22	6.53086e-22	6.53086e-22	6.53086e-22	6.53086e-22	6.53086e-22	6.53086e-22	6.53086e-22	6.53086e-22	6.53086e-22	6.53086e-22	6.53086e-22	6.53086e-22	6.53086e-22	6.53086e-22	6.53086e-22	6.53086e-22	6.53086e-22	6.53086e-22	6.53086e-22	6.53086e-22	6.53086e-22	6.53086e-22	6.53086e-22	6.53086e-22	6.53086e-22	6.53086e-22	6.53086e-22	6.53086e-22	6.53086e-22	6.53086e-22	6.53086e-22	6.53086e-22	6.53086e-22	6.53086e-22	6.53086e-22	6.53086e-22	6.53086e-22	6.53086e-22	6.53086e-22	6.53086e-22	6.53086e-22	6.53086e-22	6.53086e-22	6.53086e-22	6.53086e-22	6.53086e-22	6.53086e-22	6.53086e-22	6.53086e-22	6.53086e-22	6.53086e-22	6.53086e-22	6.53086e-22	6.53086e-22	6.53086e-22	6.53086e-22	6.53086e-22	6.53086e-22	6.53086e-22	6.53086e-22	6.53086e-22	6.53086e-22	6.53086e-22	6.53086e-22	6.53086e-22	6.53086e-22	6.53086e-22	6.53086e-22	6.53086e-22	6.53086e-22	6.53086e-22	6.53086e-22	6.53086e-22	6.53086e-22	6.53086e-22	6.53086e-22	6.53086e-22	6.53086e-22	6.53086e-22	6.53086e-22	6.53086e-22	6.53086e-22	6.53086e-22	6.53086e-22	6.53086e-22	6.53086e-22	6.53086e-22	6.53086e-22	6.53086e-22	6.53086e-22	6.53086e-22	6.53086e-22	6.53086e-22	6.53086e-22	6.53086e-22	6.53086e-22	6.53086e-22	6.53086e-22	6.53086e-22	6.53086e-22	6.53086e-22	6.53086e-22	6.53086e-22	6.53086e-22	6.53086e-22	6.53086e-22	6.53086e-22	6.53086e-22	6.53086e-22	6.53086e-22	6.53086e-22	6.53086e-22	6.53086e-22	6.53086e-22	6.53086e-22	6.53086e-22	6.53086e-22	6.53086e-22	6.53086e-22	6.53086e-22	6.53086e-22	6.53086e-22	6.53086e-22	6.53086e-22	6.53086e-22	6.53086e-22	6.53086e-22	6.53086e-22	6.53086e-22	6.53086e-22	6.53086e-22	6.53086e-22	6.53086e-22	6.53086e-22	6.53086e-22	6.53086e-22	6.53086e-22	6.53086e-22	6.53086e-22	6.53086e-22	6.53086e-22	6.53086e-22	6.53086e-22	6.53086e-22	6.53086e-22	6.53086e-22	6.53086e-22	6.53086e-22	6.53086e-22	6.53086e-22	6.53086e-22	6.53086e-22	6.53086e-22	6.53086e-22	6.53086e-22	6.53086e-22	6.53086e-22	6.53086e-22
19.61	4.24047e-26	1.10617e-25	2.14963e-25	3.74586e-25	6.18766e-25	9.92298e-25	1.56370e-24	2.43780e-24	3.77494e-24	5.82042e-24	8.94947e-24	1.37361e-23	2.10584e-23	3.22597e-23	4.93948e-23	7.56072e-23	1.15706e-22	1.77046e-22	2.70882e-22	4.14429e-22	6.33802e-22	7.06097e-22	7.06410e-22	7.06410e-22	7.06410e-22	7.06410e-22	7.06410e-22	7.06410e-22	7.06410e-22	7.06410e-22	7.06410e-22	7.06410e-22	7.06410e-22	7.06410e-22	7.06410e-22	7.06410e-22	7.06410e-22	7.06410e-22	7.06410e-22	7.06410e-22	7.06410e-22	7.06410e-22	7.06410e-22	7.06410e-22	7.06410e-22	7.06410e-22	7.06410e-22	7.06410e-22	7.06410e-22	7.06410e-22	7.06410e-22	7.06410e-22	7.06410e-22	7.06410e-22	7.06410e-22	7.06410e-22	7.06410e-22	7.06410e-22	7.06410e-22	7.06410e-22	7.06410e-22	7.06410e-22	7.06410e-22	7.06410e-22	7.06410e-22	7.06410e-22	7.06410e-22	7.06410e-22	7.06410e-22	7.06410e-22	7.06410e-22	7.06410e-22	7.06410e-22	7.06410e-22	7.06410e-22	7.06410e-22	7.06410e-22	7.06410e-22	7.06410e-22	7.06410e-22	7.06410e-22	7.06410e-22	7.06410e-22	7.06410e-22	7.06410e-22	7.06410e-22	7.06410e-22	7.06410e-22	7.06410e-22	7.06410e-22	7.06410e-22	7.06410e-22	7.06410e-22	7.06410e-22	7.06410e-22	7.06410e-22	7.06410e-22	7.06410e-22	7.06410e-22	7.06410e-22	7.06410e-22	7.06410e-22	7.06410e-22	7.06410e-22	7.06410e-22	7.06410e-22	7.06410e-22	7.06410e-22	7.06410e-22	7.06410e-22	7.06410e-22	7.06410e-22	7.06410e-22	7.06410e-22	7.06410e-22	7.06410e-22	7.06410e-22	7.06410e-22	7.06410e-22	7.06410e-22	7.06410e-22	7.06410e-22	7.06410e-22	7.06410e-22	7.06410e-22	7.06410e-22	7.06410e-22	7.06410e-22	7.06410e-22	7.06410e-22	7.06410e-22	7.06410e-22	7.06410e-22	7.06410e-22	7.06410e-22	7.06410e-22	7.06410e-22	7.06410e-22	7.06410e-22	7.06410e-22	7.06410e-22	7.06410e-22	7.06410e-22	7.06410e-22	7.06410e-22	7.06410e-22	7.06410e-22	7.06410e-22	7.06410e-22	7.06410e-22	7.06410e-22	7.06410e-22	7.06410e-22	7.06410e-22	7.06410e-22	7.06410e-22	7.06410e-22	7.06410e-22	7.06410e-22	7.06410e-22	7.06410e-22	7.06410e-22	7.06410e-22	7.06410e-22	7.06410e-22	7.06410e-22	7.06410e-22	7.06410e-22	7.06410e-22	7.06410e-22	7.06410e-22	7.06410e-22	7.06410e-22	7.06410e-22	7.06410e-22	7.06410e-22	7.06410e-22	7.06410e-22	7.06410e-22	7.06410e-22	7.06410e-22	7.06410e-22	7.06410e-22	7.06410e-22	7.06410e-22	7.06410e-22
19.64	3.62475e-26	9.45551e-26	1.83750e-25	3.20196e-25	5.28920e-25	8.48214e-25	1.33665e-24	2.08383e-24	3.22682e-24	4.97529e-24	7.64999e-24	1.17416e-23	1.80007e-23	2.75755e-23	4.22226e-23	6.46289e-23	9.89050e-23	1.51339e-22	2.31550e-22	3.54254e-22	5.41961e-22	7.54944e-22	7.64064e-22	7.64083e-22	7.64083e-22	7.64083e-22	7.64083e-22	7.64083e-22	7.64083e-22	7.64083e-22	7.64083e-22	7.64083e-22	7.64083e-22	7.64083e-22	7.64083e-22	7.64083e-22	7.64083e-22	7.64083e-22	7.64083e-22	7.64083e-22	7.64083e-22	7.64083e-22	7.64083e-22	7.64083e-22	7.64083e-22	7.64083e-22	7.64083e-22	7.64083e-22	7.64083e-22	7.64083e-22	7.64083e-22	7.64083e-22	7.64083e-22	7.64083e-22	7.64083e-22	7.64083e-22	7.64083e-22	7.64083e-22	7.64083e-22	7.64083e-22	7.64083e-22	7.64083e-22	7.64083e-22	7.64083e-22	7.64083e-22	7.64083e-22	7.64083e-22	7.64083e-22	7.64083e-22	7.64083e-22	7.64083e-22	7.64083e-22	7.64083e-22	7.64083e-22	7.64083e-22	7.64083e-22	7.64083e-22	7.64083e-22	7.64083e-22	7.64083e-22	7.64083e-22	7.64083e-22	7.64083e-22	7.64083e-22	7.64083e-22	7.64083e-22	7.64083e-22	7.64083e-22	7.64083e-22	7.64083e-22	7.64083e-22	7.64083e-22	7.64083e-22	7.64083e-22	7.64083e-22	7.64083e-22	7.64083e-22	7.64083e-22	7.64083e-22	7.64083e-22	7.64083e-22	7.64083e-22	7.64083e-22	7.64083e-22	7.64083e-22	7.64083e-22	7.64083e-22	7.64083e-22	7.64083e-22	7.64083e-22	7.64083e-22	7.64083e-22	7.64083e-22	7.64083e-22	7.64083e-22	7.64083e-22	7.64083e-22	7.64083e-22	7.64083e-22	7.64083e-22	7.64083e-22	7.64083e-22	7.64083e-22	7.64083e-22	7.64083e-22	7.64083e-22	7.64083e-22	7.64083e-22	7.64083e-22	7.64083e-22	7.64083e-22	7.64083e-22	7.64083e-22	7.64083e-22	7.64083e-22	7.64083e-22	7.64083e-22	7.64083e-22	7.64083e-22	7.64083e-22	7.64083e-22	7.64083e-22	7.64083e-22	7.64083e-22	7.64083e-22	7.64083e-22	7.64083e-22	7.64083e-22	7.64083e-22	7.64083e-22	7.64083e-22	7.64083e-22	7.64083e-22	7.64083e-22	7.64083e-22	7.64083e-22	7.64083e-22	7.64083e-22	7.64083e-22	7.64083e-22	7.64083e-22	7.64083e-22	7.64083e-22	7.64083e-22	7.64083e-22	7.64083e-22	7.64083e-22	7.64083e-22	7.64083e-22	7.64083e-22	7.64083e-22	7.64083e-22	7.64083e-22	7.64083e-22	7.64083e-22	7.64083e-22	7.64083e-22	7.64083e-22	7.64083e-22	7.64083e-22	7.64083e-22	7.64083e-22	7.64083e-22	7.64083e-22	7.64083e-22	7.64083e-22
19.68	3.09843e-26	8.08256e-26	1.57070e-25	2.73703e-25	4.52120e-25	7.25052e-25	1.14257e-24	1.78125e-24	2.75828e-24	4.25287e-24	6.53920e-24	1.00367e-23	1.53870e-23	2.35715e-23	3.60918e-23	5.52447e-23	8.45438e-23	1.29364e-22	1.97929e-22	3.02815e-22	4.63268e-22	7.08722e-22	8.25751e-22	8.26461e-22	8.26462e-22	8.26462e-22	8.26462e-22	8.26462e-22	8.26462e-22	8.26462e-22	8.26462e-22	8.26462e-22	8.26462e-22	8.26462e-22	8.26462e-22	8.26462e-22	8.26462e-22	8.26462e-22	8.26462e-22	8.26462e-22	8.26462e-22	8.26462e-22	8.26462e-22	8.26462e-22	8.26462e-22	8.26462e-22	8.26462e-22	8.26462e-22	8.26462e-22	8.26462e-22	8.26462e-22	8.26462e-22	8.26462e-22	8.26462e-22	8.26462e-22	8.26462e-22	8.26462e-22	8.26462e-22	8.26462e-22	8.26462e-22	8.26462e-22	8.26462e-22	8.26462e-22	8.26462e-22	8.26462e-22	8.26462e-22	8.26462e-22	8.26462e-22	8.26462e-22	8.26462e-22	8.26462e-22	8.26462e-22	8.26462e-22	8.26462e-22	8.26462e-22	8.26462e-22	8.26462e-22	8.26462e-22	8.26462e-22	8.26462e-22	8.26462e-22	8.26462e-22	8.26462e-22	8.26462e-22	8.26462e-22	8.26462e-22	8.26462e-22	8.26462e-22	8.26462e-22	8.26462e-22	8.26462e-22	8.26462e-22	8.26462e-22	8.26462e-22	8.26462e-22	8.26462e-22	8.26462e-22	8.26462e-22	8.26462e-22	8.26462e-22	8.26462e-22	8.26462e-22	8.26462e-22	8.26462e-22	8.26462e-22	8.26462e-22	8.26462e-22	8.26462e-22	8.26462e-22	8.26462e-22	8.26462e-22	8.26462e-22	8.26462e-22	8.26462e-22	8.26462e-22	8.26462e-22	8.26462e-22	8.26462e-22	8.26462e-22	8.26462e-22	8.26462e-22	8.26462e-22	8.26462e-22	8.26462e-22	8.26462e-22	8.26462e-22	8.26462e-22	8.26462e-22	8.26462e-22	8.26462e-22	8.26462e-22	8.26462e-22	8.26462e-22	8.26462e-22	8.26462e-22	8.26462e-22	8.26462e-22	8.26462e-22	8.26462e-22	8.26462e-22	8.26462e-22	8.26462e-22	8.26462e-22	8.26462e-22	8.26462e-22	8.26462e-22	8.26462e-22	8.26462e-22	8.26462e-22	8.26462e-22	8.26462e-22	8.26462e-22	8.26462e-22	8.26462e-22	8.26462e-22	8.26462e-22	8.26462e-22	8.26462e-22	8.26462e-22	8.26462e-22	8.26462e-22	8.26462e-22	8.26462e-22	8.26462e-22	8.26462e-22	8.26462e-22	8.26462e-22	8.26462e-22	8.26462e-22	8.26462e-22	8.26462e-22	8.26462e-22	8.26462e-22	8.26462e-22	8.26462e-22	8.26462e-22	8.26462e-22	8.26462e-22	8.26462e-22	8.26462e-22	8.26462e-22	8.26462e-22	8.26462e-22	8.26462e-22	8.26462e-22	8.26462e-22
19.71	2.64853e-26	6.90896e-26	1.34263e-25	2.33961e-25	3.86472e-25	6.19774e-25	9.76664e-25	1.52261e-24	2.35777e-24	3.63534e-24	5.58970e-24	8.57936e-24	1.31528e-23	2.01489e-23	3.08512e-23	4.72231e-23	7.22679e-23	1.10580e-22	1.69189e-22	2.58846e-22	3.96000e-22	6.05815e-22	8.74725e-22	8.93883e-22	8.93929e-22	8.93930e-22	8.93930e-22	8.93930e-22	8.93930e-22	8.93930e-22	8.93930e-22	8.93930e-22	8.93930e-22	8.93930e-22	8.93930e-22	8.93930e-22	8.93930e-22	8.93930e-22	8.93930e-22	8.93930e-22	8.93930e-22	8.93930e-22	8.93930e-22	8.93930e-22	8.93930e-22	8.93930e-22	8.93930e-22	8.93930e-22	8.93930e-22	8.93930e-22	8.93930e-22	8.93930e-22	8.93930e-22	8.93930e-22	8.93930e-22	8.93930e-22	8.93930e-22	8.93930e-22	8.93930e-22	8.93930e-22	8.93930e-22	8.93930e-22	8.93930e-22	8.93930e-22	8.93930e-22	8.93930e-22	8.93930e-22	8.93930e-22	8.93930e-22	8.93930e-22	8.93930e-22	8.93930e-22	8.93930e-22	8.93930e-22	8.93930e-22	8.93930e-22	8.93930e-22	8.93930e-22	8.93930e-22	8.93930e-22	8.93930e-22	8.93930e-22	8.93930e-22	8.93930e-22	8.93930e-22	8.93930e-22	8.93930e-22	8.93930e-22	8.93930e-22	8.93930e-22	8.93930e-22	8.93930e-22	8.93930e-22	8.93930e-22	8.93930e-22	8.93930e-22	8.93930e-22	8.93930e-22	8.93930e-22	8.93930e-22	8.93930e-22	8.93930e-22	8.93930e-22	8.93930e-22	8.93930e-22	8.93930e-22	8.93930e-22	8.93930e-22	8.93930e-22	8.93930e-22	8.93930e-22	8.93930e-22	8.93930e-22	8.93930e-22	8.93930e-22	8.93930e-22	8.93930e-22	8.93930e-22	8.93930e-22	8.93930e-22	8.93930e-22	8.93930e-22	8.93930e-22	8.93930e-22	8.93930e-22	8.93930e-22	8.93930e-22	8.93930e-22	8.93930e-22	8.93930e-22	8.93930e-22	8.93930e-22	8.93930e-22	8.93930e-22	8.93930e-22	8.93930e-22	8.93930e-22	8.93930e-22	8.93930e-22	8.93930e-22	8.93930e-22	8.93930e-22	8.93930e-22	8.93930e-22	8.93930e-22	8.93930e-22	8.93930e-22	8.93930e-22	8.93930e-22	8.93930e-22	8.93930e-22	8.93930e-22	8.93930e-22	8.93930e-22	8.93930e-22	8.93930e-22	8.93930e-22	8.93930e-22	8.93930e-22	8.93930e-22	8.93930e-22	8.93930e-22	8.93930e-22	8.93930e-22	8.93930e-22	8.93930e-22	8.93930e-22	8.93930e-22	8.93930e-22	8.93930e-22	8.93930e-22	8.93930e-22	8.93930e-22	8.93930e-22	8.93930e-22	8.93930e-22	8.93930e-22	8.93930e-22	8.93930e-22	8.93930e-22	8.93930e-22	8.93930e-22	8.93930e-22	8.93930e-22	8.93930e-22	8.93930e-22
19.74	2.26396e-26	5.90577e-26	1.14768e-25	1.99989e-25	3.30356e-25	5.29782e-25	8.34851e-25	1.30153e-24	2.01542e-24	3.10749e-24	4.77807e-24	7.33362e-24	1.12430e-23	1.72233e-23	2.63716e-23	4.03662e-23	6.17745e-23	9.45239e-23	1.44622e-22	2.21261e-22	3.38501e-22	5.17850e-22	7.92213e-22	9.65306e-22	9.66900e-22	9.66903e-22	9.66903e-22	9.66903e-22	9.66903e-22	9.66903e-22	9.66903e-22	9.66903e-22	9.66903e-22	9.66903e-22	9.66903e-22	9.66903e-22	9.66903e-22	9.66903e-22	9.66903e-22	9.66903e-22	9.66903e-22	9.66903e-22	9.66903e-22	9.66903e-22	9.66903e-22	9.66903e-22	9.66903e-22	9.66903e-22	9.66903e-22	9.66903e-22	9.66903e-22	9.66903e-22	9.66903e-22	9.66903e-22	9.66903e-22	9.66903e-22	9.66903e-22	9.66903e-22	9.66903e-22	9.66903e-22	9.66903e-22	9.66903e-22	9.66903e-22	9.66903e-22	9.66903e-22	9.66903e-22	9.66903e-22	9.66903e-22	9.66903e-22	9.66903e-22	9.66903e-22	9.66903e-22	9.66903e-22	9.66903e-22	9.66903e-22	9.66903e-22	9.66903e-22	9.66903e-22	9.66903e-22	9.66903e-22	9.66903e-22	9.66903e-22	9.66903e-22	9.66903e-22	9.66903e-22	9.66903e-22	9.66903e-22	9.66903e-22	9.66903e-22	9.66903e-22	9.66903e-22	9.66903e-22	9.66903e-22	9.66903e-22	9.66903e-22	9.66903e-22	9.66903e-22	9.66903e-22	9.66903e-22	9.66903e-22	9.66903e-22	9.66903e-22	9.66903e-22	9.66903e-22	9.66903e-22	9.66903e-22	9.66903e-22	9.66903e-22	9.66903e-22	9.66903e-22	9.66903e-22	9.66903e-22	9.66903e-22	9.66903e-22	9.66903e-22	9.66903e-22	9.66903e-22	9.66903e-22	9.66903e-22	9.66903e-22	9.66903e-22	9.66903e-22	9.66903e-22	9.66903e-22	9.66903e-22	9.66903e-22	9.66903e-22	9.66903e-22	9.66903e-22	9.66903e-22	9.66903e-22	9.66903e-22	9.66903e-22	9.66903e-22	9.66903e-22	9.66903e-22	9.66903e-22	9.66903e-22	9.66903e-22	9.66903e-22	9.66903e-22	9.66903e-22	9.66903e-22	9.66903e-22	9.66903e-22	9.66903e-22	9.66903e-22	9.66903e-22	9.66903e-22	9.66903e-22	9.66903e-22	9.66903e-22	9.66903e-22	9.66903e-22	9.66903e-22	9.66903e-22	9.66903e-22	9.66903e-22	9.66903e-22	9.66903e-22	9.66903e-22	9.66903e-22	9.66903e-22	9.66903e-22	9.66903e-22	9.66903e-22	9.66903e-22	9.66903e-22	9.66903e-22	9.66903e-22	9.66903e-22	9.66903e-22	9.66903e-22	9.66903e-22	9.66903e-22	9.66903e-22	9.66903e-22	9.66903e-22	9.66903e-22	9.66903e-22	9.66903e-22	9.66903e-22	9.66903e-22	9.66903e-22	9.66903e-22	9.66903e-22
19.78	1.93523e-26	5.04824e-26	9.81032e-26	1.70950e-25	2.82387e-25	4.52856e-25	7.13629e-25	1.11254e-24	1.72278e-24	2.65628e-24	4.08428e-24	6.26877e-24	9.61047e-24	1.47224e-23	2.25424e-23	3.45050e-23	5.28047e-23	8.07989e-23	1.23623e-22	1.89134e-22	2.89350e-22	4.42657e-22	6.77183e-22	1.00674e-21	1.04572e-21	1.04583e-21	1.04583e-21	1.04583e-21	1.04583e-21	1.04583e-21	1.04583e-21	1.04583e-21	1.04583e-21	1.04583e-21	1.04583e-21	1.04583e-21	1.04583e-21	1.04583e-21	1.04583e-21	1.04583e-21	1.04583e-21	1.04583e-21	1.04583e-21	1.04583e-21	1.04583e-21	1.04583e-21	1.04583e-21	1.04583e-21	1.04583e-21	1.04583e-21	1.04583e-21	1.04583e-21	1.04583e-21	1.04583e-21	1.04583e-21	1.04583e-21	1.04583e-21	1.04583e-21	1.04583e-21	1.04583e-21	1.04583e-21	1.04583e-21	1.04583e-21	1.04583e-21	1.04583e-21	1.04583e-21	1.04583e-21	1.04583e-21	1.04583e-21	1.04583e-21	1.04583e-21	1.04583e-21	1.04583e-21	1.04583e-21	1.04583e-21	1.04583e-21	1.04583e-21	1.04583e-21	1.04583e-21	1.04583e-21	1.04583e-21	1.04583e-21	1.04583e-21	1.04583e-21	1.04583e-21	1.04583e-21	1.04583e-21	1.04583e-21	1.04583e-21	1.04583e-21	1.04583e-21	1.04583e-21	1.04583e-21	1.04583e-21	1.04583e-21	1.04583e-21	1.04583e-21	1.04583e-21	1.04583e-21	1.04583e-21	1.04583e-21	1.04583e-21	1.04583e-21	1.04583e-21	1.04583e-21	1.04583e-21	1.04583e-21	1.04583e-21	1.04583e-21	1.04583e-21	1.04583e-21	1.04583e-21	1.04583e-21	1.04583e-21	1.04583e-21	1.04583e-21	1.04583e-21	1.04583e-21	1.04583e-21	1.04583e-21	1.04583e-21	1.04583e-21	1.04583e-21	1.04583e-21	1.04583e-21	1.04583e-21	1.04583e-21	1.04583e-21	1.04583e-21	1.04583e-21	1.04583e-21	1.04583e-21	1.04583e-21	1.04583e-21	1.04583e-21	1.04583e-21	1.04583e-21	1.04583e-21	1.04583e-21	1.04583e-21	1.04583e-21	1.04583e-21	1.04583e-21	1.04583e-21	1.04583e-21	1.04583e-21	1.04583e-21	1.04583e-21	1.04583e-21	1.04583e-21	1.04583e-21	1.04583e-21	1.04583e-21	1.04583e-21	1.04583e-21	1.04583e-21	1.04583e-21	1.04583e-21	1.04583e-21	1.04583e-21	1.04583e-21	1.04583e-21	1.04583e-21	1.04583e-21	1.04583e-21	1.04583e-21	1.04583e-21	1.04583e-21	1.04583e-21	1.04583e-21	1.04583e-21	1.04583e-21	1.04583e-21	1.04583e-21	1.04583e-21	1.04583e-21	1.04583e-21	1.04583e-21	1.04583e-21	1.04583e-21	1.04583e-21	1.04583e-21	1.04583e-21	1.04583e-21	1.04583e-21	1.04583e-21
19.81	1.65423e-26	4.31523e-26	8.38585e-26	1.46128e-25	2.41384e-25	3.87101e-25	6.10009e-25	9.51000e-25	1.47263e-24	2.27058e-24	3.49124e-24	5.35853e-24	8.21501e-24	1.25847e-23	1.92692e-23	2.94948e-23	4.51374e-23	6.90668e-23	1.05673e-22	1.61671e-22	2.47336e-22	3.78383e-22	5.78855e-22	8.85533e-22	1.12765e-21	1.13120e-21	1.13120e-21	1.13120e-21	1.13120e-21	1.13120e-21	1.13120e-21	1.13120e-21	1.13120e-21	1.13120e-21	1.13120e-21	1.13120e-21	1.13120e-21	1.13120e-21	1.13120e-21	1.13120e-21	1.13120e-21	1.13120e-21	1.13120e-21	1.13120e-21	1.13120e-21	1.13120e-21	1.13120e-21	1.13120e-21	1.13120e-21	1.13120e-21	1.13120e-21	1.13120e-21	1.13120e-21	1.13120e-21	1.13120e-21	1.13120e-21	1.13120e-21	1.13120e-21	1.13120e-21	1.13120e-21	1.13120e-21	1.13120e-21	1.13120e-21	1.13120e-21	1.13120e-21	1.13120e-21	1.13120e-21	1.13120e-21	1.13120e-21	1.13120e-21	1.13120e-21	1.13120e-21	1.13120e-21	1.13120e-21	1.13120e-21	1.13120e-21	1.13120e-21	1.13120e-21	1.13120e-21	1.13120e-21	1.13120e-21	1.13120e-21	1.13120e-21	1.13120e-21	1.13120e-21	1.13120e-21	1.13120e-21	1.13120e-21	1.13120e-21	1.13120e-21	1.13120e-21	1.13120e-21	1.13120e-21	1.13120e-21	1.13120e-21	1.13120e-21	1.13120e-21	1.13120e-21	1.13120e-21	1.13120e-21	1.13120e-21	1.13120e-21	1.13120e-21	1.13120e-21	1.13120e-21	1.13120e-21	1.13120e-21	1.13120e-21	1.13120e-21	1.13120e-21	1.13120e-21	1.13120e-21	1.13120e-21	1.13120e-21	1.13120e-21	1.13120e-21	1.13120e-21	1.13120e-21	1.13120e-21	1.13120e-21	1.13120e-21	1.13120e-21	1.13120e-21	1.13120e-21	1.13120e-21	1.13120e-21	1.13120e-21	1.13120e-21	1.13120e-21	1.13120e-21	1.13120e-21	1.13120e-21	1.13120e-21	1.13120e-21	1.13120e-21	1.13120e-21	1.13120e-21	1.13120e-21	1.13120e-21	1.13120e-21	1.13120e-21	1.13120e-21	1.13120e-21	1.13120e-21	1.13120e-21	1.13120e-21	1.13120e-21	1.13120e-21	1.13120e-21	1.13120e-21	1.13120e-21	1.13120e-21	1.13120e-21	1.13120e-21	1.13120e-21	1.13120e-21	1.13120e-21	1.13120e-21	1.13120e-21	1.13120e-21	1.13120e-21	1.13120e-21	1.13120e-21	1.13120e-21	1.13120e-21	1.13120e-21	1.13120e-21	1.13120e-21	1.13120e-21	1.13120e-21	1.13120e-21	1.13120e-21	1.13120e-21	1.13120e-21	1.13120e-21	1.13120e-21	1.13120e-21	1.13120e-21	1.13120e-21	1.13120e-21	1.13120e-21	1.13120e-21	1.13120e-21	1.13120e-21	1.13120e-21	1.13120e-21
19.85	1.41403e-26	3.68865e-26	7.16821e-26	1.24910e-25	2.06335e-25	3.30893e-25	5.21435e-25	8.12913e-25	1.25880e-24	1.94089e-24	2.98431e-24	4.58047e-24	7.02218e-24	1.07574e-23	1.64713e-23	2.52121e-23	3.85834e-23	5.90382e-23	9.03290e-23	1.38196e-22	2.11422e-22	3.23441e-22	4.94804e-22	7.56952e-22	1.14755e-21	1.22329e-21	1.22354e-21	1.22354e-21	1.22354e-21	1.22354e-21	1.22354e-21	1.22354e-21	1.22354e-21	1.22354e-21	1.22354e-21	1.22354e-21	1.22354e-21	1.22354e-21	1.22354e-21	1.22354e-21	1.22354e-21	1.22354e-21	1.22354e-21	1.22354e-21	1.22354e-21	1.22354e-21	1.22354e-21	1.22354e-21	1.22354e-21	1.22354e-21	1.22354e-21	1.22354e-21	1.22354e-21	1.22354e-21	1.22354e-21	1.22354e-21	1.22354e-21	1.22354e-21	1.22354e-21	1.22354e-21	1.22354e-21	1.22354e-21	1.22354e-21	1.22354e-21	1.22354e-21	1.22354e-21	1.22354e-21	1.22354e-21	1.22354e-21	1.22354e-21	1.22354e-21	1.22354e-21	1.22354e-21	1.22354e-21	1.22354e-21	1.22354e-21	1.22354e-21	1.22354e-21	1.22354e-21	1.22354e-21	1.22354e-21	1.22354e-21	1.22354e-21	1.22354e-21	1.22354e-21	1.22354e-21	1.22354e-21	1.22354e-21	1.22354e-21	1.22354e-21	1.22354e-21	1.22354e-21	1.22354e-21	1.22354e-21	1.22354e-21	1.22354e-21	1.22354e-21	1.22354e-21	1.22354e-21	1.22354e-21	1.22354e-21	1.22354e-21	1.22354e-21	1.22354e-21	1.22354e-21	1.22354e-21	1.22354e-21	1.22354e-21	1.22354e-21	1.22354e-21	1.22354e-21	1.22354e-21	1.22354e-21	1.22354e-21	1.22354e-21	1.22354e-21	1.22354e-21	1.22354e-21	1.22354e-21	1.22354e-21	1.22354e-21	1.22354e-21	1.22354e-21	1.22354e-21	1.22354e-21	1.22354e-21	1.22354e-21	1.22354e-21	1.22354e-21	1.22354e-21	1.22354e-21	1.22354e-21	1.22354e-21	1.22354e-21	1.22354e-21	1.22354e-21	1.22354e-21	1.22354e-21	1.22354e-21	1.22354e-21	1.22354e-21	1.22354e-21	1.22354e-21	1.22354e-21	1.22354e-21	1.22354e-21	1.22354e-21	1.22354e-21	1.22354e-21	1.22354e-21	1.22354e-21	1.22354e-21	1.22354e-21	1.22354e-21	1.22354e-21	1.22354e-21	1.22354e-21	1.22354e-21	1.22354e-21	1.22354e-21	1.22354e-21	1.22354e-21	1.22354e-21	1.22354e-21	1.22354e-21	1.22354e-21	1.22354e-21	1.22354e-21	1.22354e-21	1.22354e-21	1.22354e-21	1.22354e-21	1.22354e-21	1.22354e-21	1.22354e-21	1.22354e-21	1.22354e-21	1.22354e-21	1.22354e-21	1.22354e-21	1.22354e-21	1.22354e-21	1.22354e-21	1.22354e-21	1.22354e-21	1.22354e-21
19.88	1.20871e-26	3.15305e-26	6.12737e-26	1.06773e-25	1.76375e-25	2.82847e-25	4.45722e-25	6.94877e-25	1.07602e-24	1.65907e-24	2.55098e-24	3.91538e-24	6.00255e-24	9.19539e-24	1.40796e-23	2.15513e-23	3.29810e-23	5.04657e-23	7.72130e-23	1.18130e-22	1.80723e-22	2.76477e-22	4.22958e-22	6.47042e-22	9.89843e-22	1.31563e-21	1.32340e-21	1.32342e-21	1.32342e-21	1.32342e-21	1.32342e-21	1.32342e-21	1.32342e-21	1.32342e-21	1.32342e-21	1.32342e-21	1.32342e-21	1.32342e-21	1.32342e-21	1.32342e-21	1.32342e-21	1.32342e-21	1.32342e-21	1.32342e-21	1.32342e-21	1.32342e-21	1.32342e-21	1.32342e-21	1.32342e-21	1.32342e-21	1.32342e-21	1.32342e-21	1.32342e-21	1.32342e-21	1.32342e-21	1.32342e-21	1.32342e-21	1.32342e-21	1.32342e-21	1.32342e-21	1.32342e-21	1.32342e-21	1.32342e-21	1.32342e-21	1.32342e-21	1.32342e-21	1.32342e-21	1.32342e-21	1.32342e-21	1.32342e-21	1.32342e-21	1.32342e-21	1.32342e-21	1.32342e-21	1.32342e-21	1.32342e-21	1.32342e-21	1.32342e-21	1.32342e-21	1.32342e-21	1.32342e-21	1.32342e-21	1.32342e-21	1.32342e-21	1.32342e-21	1.32342e-21	1.32342e-21	1.32342e-21	1.32342e-21	1.32342e-21	1.32342e-21	1.32342e-21	1.32342e-21	1.32342e-21	1.32342e-21	1.32342e-21	1.32342e-21	1.32342e-21	1.32342e-21	1.32342e-21	1.32342e-21	1.32342e-21	1.32342e-21	1.32342e-21	1.32342e-21	1.32342e-21	1.32342e-21	1.32342e-21	1.32342e-21	1.32342e-21	1.32342e-21	1.32342e-21	1.32342e-21	1.32342e-21	1.32342e-21	1.32342e-21	1.32342e-21	1.32342e-21	1.32342e-21	1.32342e-21	1.32342e-21	1.32342e-21	1.32342e-21	1.32342e-21	1.32342e-21	1.32342e-21	1.32342e-21	1.32342e-21	1.32342e-21	1.32342e-21	1.32342e-21	1.32342e-21	1.32342e-21	1.32342e-21	1.32342e-21	1.32342e-21	1.32342e-21	1.32342e-21	1.32342e-21	1.32342e-21	1.32342e-21	1.32342e-21	1.32342e-21	1.32342e-21	1.32342e-21	1.32342e-21	1.32342e-21	1.32342e-21	1.32342e-21	1.32342e-21	1.32342e-21	1.32342e-21	1.32342e-21	1.32342e-21	1.32342e-21	1.32342e-21	1.32342e-21	1.32342e-21	1.32342e-21	1.32342e-21	1.32342e-21	1.32342e-21	1.32342e-21	1.32342e-21	1.32342e-21	1.32342e-21	1.32342e-21	1.32342e-21	1.32342e-21	1.32342e-21	1.32342e-21	1.32342e-21	1.32342e-21	1.32342e-21	1.32342e-21	1.32342e-21	1.32342e-21	1.32342e-21	1.32342e-21	1.32342e-21	1.32342e-21	1.32342e-21	1.32342e-21	1.32342e-21	1.32342e-21	1.32342e-21
19.91	1.03321e-26	2.69522e-26	5.23767e-26	9.12694e-26	1.50765e-25	2.41777e-25	3.81002e-25	5.93980e-25	9.19780e-25	1.41817e-24	2.18057e-24	3.34686e-24	5.13097e-24	7.86020e-24	1.20352e-23	1.84220e-23	2.81921e-23	4.31380e-23	6.60016e-23	1.00977e-22	1.54482e-22	2.36332e-22	3.61544e-22	5.53090e-22	8.46116e-22	1.29340e-21	1.43088e-21	1.43145e-21	1.43145e-21	1.43145e-21	1.43145e-21	1.43145e-21	1.43145e-21	1.43145e-21	1.43145e-21	1.43145e-21	1.43145e-21	1.43145e-21	1.43145e-21	1.43145e-21	1.43145e-21	1.43145e-21	1.43145e-21	1.43145e-21	1.43145e-21	1.43145e-21	1.43145e-21	1.43145e-21	1.43145e-21	1.43145e-21	1.43145e-21	1.43145e-21	1.43145e-21	1.43145e-21	1.43145e-21	1.43145e-21	1.43145e-21	1.43145e-21	1.43145e-21	1.43145e-21	1.43145e-21	1.43145e-21	1.43145e-21	1.43145e-21	1.43145e-21	1.43145e-21	1.43145e-21	1.43145e-21	1.43145e-21	1.43145e-21	1.43145e-21	1.43145e-21	1.43145e-21	1.43145e-21	1.43145e-21	1.43145e-21	1.43145e-21	1.43145e-21	1.43145e-21	1.43145e-21	1.43145e-21	1.43145e-21	1.43145e-21	1.43145e-21	1.43145e-21	1.43145e-21	1.43145e-21	1.43145e-21	1.43145e-21	1.43145e-21	1.43145e-21	1.43145e-21	1.43145e-21	1.43145e-21	1.43145e-21	1.43145e-21	1.43145e-21	1.43145e-21	1.43145e-21	1.43145e-21	1.43145e-21	1.43145e-21	1.43145e-21	1.43145e-21	1.43145e-21	1.43145e-21	1.43145e-21	1.43145e-21	1.43145e-21	1.43145e-21	1.43145e-21	1.43145e-21	1.43145e-21	1.43145e-21	1.43145e-21	1.43145e-21	1.43145e-21	1.43145e-21	1.43145e-21	1.43145e-21	1.43145e-21	1.43145e-21	1.43145e-21	1.43145e-21	1.43145e-21	1.43145e-21	1.43145e-21	1.43145e-21	1.43145e-21	1.43145e-21	1.43145e-21	1.43145e-21	1.43145e-21	1.43145e-21	1.43145e-21	1.43145e-21	1.43145e-21	1.43145e-21	1.43145e-21	1.43145e-21	1.43145e-21	1.43145e-21	1.43145e-21	1.43145e-21	1.43145e-21	1.43145e-21	1.43145e-21	1.43145e-21	1.43145e-21	1.43145e-21	1.43145e-21	1.43145e-21	1.43145e-21	1.43145e-21	1.43145e-21	1.43145e-21	1.43145e-21	1.43145e-21	1.43145e-21	1.43145e-21	1.43145e-21	1.43145e-21	1.43145e-21	1.43145e-21	1.43145e-21	1.43145e-21	1.43145e-21	1.43145e-21	1.43145e-21	1.43145e-21	1.43145e-21	1.43145e-21	1.43145e-21	1.43145e-21	1.43145e-21	1.43145e-21	1.43145e-21	1.43145e-21	1.43145e-21	1.43145e-21	1.43145e-21	1.43145e-21	1.43145e-21	1.43145e-21	1.43145e-21	1.43145e-21
19.95	8.83184e-27	2.30387e-26	4.47715e-26	7.80169e-26	1.28874e-25	2.06671e-25	3.25680e-25	5.07733e-25	7.86226e-25	1.21225e-24	1.86395e-24	2.86089e-24	4.38594e-24	6.71889e-24	1.02877e-23	1.57471e-23	2.40986e-23	3.68743e-23	5.64181e-23	8.63153e-23	1.32051e-22	2.02016e-22	3.09047e-22	4.72781e-22	7.23259e-22	1.10644e-21	1.53151e-21	1.54826e-21	1.54830e-21	1.54830e-21	1.54830e-21	1.54830e-21	1.54830e-21	1.54830e-21	1.54830e-21	1.54830e-21	1.54830e-21	1.54830e-21	1.54830e-21	1.54830e-21	1.54830e-21	1.54830e-21	1.54830e-21	1.54830e-21	1.54830e-21	1.54830e-21	1.54830e-21	1.54830e-21	1.54830e-21	1.54830e-21	1.54830e-21	1.54830e-21	1.54830e-21	1.54830e-21	1.54830e-21	1.54830e-21	1.54830e-21	1.54830e-21	1.54830e-21	1.54830e-21	1.54830e-21	1.54830e-21	1.54830e-21	1.54830e-21	1.54830e-21	1.54830e-21	1.54830e-21	1.54830e-21	1.54830e-21	1.54830e-21	1.54830e-21	1.54830e-21	1.54830e-21	1.54830e-21	1.54830e-21	1.54830e-21	1.54830e-21	1.54830e-21	1.54830e-21	1.54830e-21	1.54830e-21	1.54830e-21	1.54830e-21	1.54830e-21	1.54830e-21	1.54830e-21	1.54830e-21	1.54830e-21	1.54830e-21	1.54830e-21	1.54830e-21	1.54830e-21	1.54830e-21	1.54830e-21	1.54830e-21	1.54830e-21	1.54830e-21	1.54830e-21	1.54830e-21	1.54830e-21	1.54830e-21	1.54830e-21	1.54830e-21	1.54830e-21	1.54830e-21	1.54830e-21	1.54830e-21	1.54830e-21	1.54830e-21	1.54830e-21	1.54830e-21	1.54830e-21	1.54830e-21	1.54830e-21	1.54830e-21	1.54830e-21	1.54830e-21	1.54830e-21	1.54830e-21	1.54830e-21	1.54830e-21	1.54830e-21	1.54830e-21	1.54830e-21	1.54830e-21	1.54830e-21	1.54830e-21	1.54830e-21	1.54830e-21	1.54830e-21	1.54830e-21	1.54830e-21	1.54830e-21	1.54830e-21	1.54830e-21	1.54830e-21	1.54830e-21	1.54830e-21	1.54830e-21	1.54830e-21	1.54830e-21	1.54830e-21	1.54830e-21	1.54830e-21	1.54830e-21	1.54830e-21	1.54830e-21	1.54830e-21	1.54830e-21	1.54830e-21	1.54830e-21	1.54830e-21	1.54830e-21	1.54830e-21	1.54830e-21	1.54830e-21	1.54830e-21	1.54830e-21	1.54830e-21	1.54830e-21	1.54830e-21	1.54830e-21	1.54830e-21	1.54830e-21	1.54830e-21	1.54830e-21	1.54830e-21	1.54830e-21	1.54830e-21	1.54830e-21	1.54830e-21	1.54830e-21	1.54830e-21	1.54830e-21	1.54830e-21	1.54830e-21	1.54830e-21	1.54830e-21	1.54830e-21	1.54830e-21	1.54830e-21	1.54830e-21	1.54830e-21	1.54830e-21	1.54830e-21	1.54830e-21
19.98	7.54945e-27	1.96935e-26	3.82706e-26	6.66887e-26	1.10161e-25	1.76662e-25	2.78391e-25	4.34010e-25	6.72065e-25	1.03623e-24	1.59330e-24	2.44548e-24	3.74910e-24	5.74330e-24	8.79391e-24	1.34606e-23	2.05994e-23	3.15201e-23	4.82261e-23	7.37822e-23	1.12877e-22	1.72683e-22	2.64173e-22	4.04132e-22	6.18240e-22	9.45782e-22	1.44686e-21	1.67339e-21	1.67468e-21	1.67469e-21	1.67469e-21	1.67469e-21	1.67469e-21	1.67469e-21	1.67469e-21	1.67469e-21	1.67469e-21	1.67469e-21	1.67469e-21	1.67469e-21	1.67469e-21	1.67469e-21	1.67469e-21	1.67469e-21	1.67469e-21	1.67469e-21	1.67469e-21	1.67469e-21	1.67469e-21	1.67469e-21	1.67469e-21	1.67469e-21	1.67469e-21	1.67469e-21	1.67469e-21	1.67469e-21	1.67469e-21	1.67469e-21	1.67469e-21	1.67469e-21	1.67469e-21	1.67469e-21	1.67469e-21	1.67469e-21	1.67469e-21	1.67469e-21	1.67469e-21	1.67469e-21	1.67469e-21	1.67469e-21	1.67469e-21	1.67469e-21	1.67469e-21	1.67469e-21	1.67469e-21	1.67469e-21	1.67469e-21	1.67469e-21	1.67469e-21	1.67469e-21	1.67469e-21	1.67469e-21	1.67469e-21	1.67469e-21	1.67469e-21	1.67469e-21	1.67469e-21	1.67469e-21	1.67469e-21	1.67469e-21	1.67469e-21	1.67469e-21	1.67469e-21	1.67469e-21	1.67469e-21	1.67469e-21	1.67469e-21	1.67469e-21	1.67469e-21	1.67469e-21	1.67469e-21	1.67469e-21	1.67469e-21	1.67469e-21	1.67469e-21	1.67469e-21	1.67469e-21	1.67469e-21	1.67469e-21	1.67469e-21	1.67469e-21	1.67469e-21	1.67469e-21	1.67469e-21	1.67469e-21	1.67469e-21	1.67469e-21	1.67469e-21	1.67469e-21	1.67469e-21	1.67469e-21	1.67469e-21	1.67469e-21	1.67469e-21	1.67469e-21	1.67469e-21	1.67469e-21	1.67469e-21	1.67469e-21	1.67469e-21	1.67469e-21	1.67469e-21	1.67469e-21	1.67469e-21	1.67469e-21	1.67469e-21	1.67469e-21	1.67469e-21	1.67469e-21	1.67469e-21	1.67469e-21	1.67469e-21	1.67469e-21	1.67469e-21	1.67469e-21	1.67469e-21	1.67469e-21	1.67469e-21	1.67469e-21	1.67469e-21	1.67469e-21	1.67469e-21	1.67469e-21	1.67469e-21	1.67469e-21	1.67469e-21	1.67469e-21	1.67469e-21	1.67469e-21	1.67469e-21	1.67469e-21	1.67469e-21	1.67469e-21	1.67469e-21	1.67469e-21	1.67469e-21	1.67469e-21	1.67469e-21	1.67469e-21	1.67469e-21	1.67469e-21	1.67469e-21	1.67469e-21	1.67469e-21	1.67469e-21	1.67469e-21	1.67469e-21	1.67469e-21	1.67469e-21	1.67469e-21	1.67469e-21	1.67469e-21	1.67469e-21	1.67469e-21	1.67469e-21	1.67469e-21
20.02	6.45325e-27	1.68340e-26	3.27137e-26	5.70054e-26	9.41654e-26	1.51010e-25	2.37968e-25	3.70991e-25	5.74480e-25	8.85766e-25	1.36195e-24	2.09040e-24	3.20472e-24	4.90936e-24	7.51702e-24	1.15061e-23	1.76084e-23	2.69433e-23	4.12236e-23	6.30689e-23	9.64871e-23	1.47609e-22	2.25815e-22	3.45452e-22	5.28471e-22	8.08453e-22	1.23677e-21	1.77597e-21	1.81131e-21	1.81140e-21	1.81140e-21	1.81140e-21	1.81140e-21	1.81140e-21	1.81140e-21	1.81140e-21	1.81140e-21	1.81140e-21	1.81140e-21	1.81140e-21	1.81140e-21	1.81140e-21	1.81140e-21	1.81140e-21	1.81140e-21	1.81140e-21	1.81140e-21	1.81140e-21	1.81140e-21	1.81140e-21	1.81140e-21	1.81140e-21	1.81140e-21	1.81140e-21	1.81140e-21	1.81140e-21	1.81140e-21	1.81140e-21	1.81140e-21	1.81140e-21	1.81140e-21	1.81140e-21	1.81140e-21	1.81140e-21	1.81140e-21	1.81140e-21	1.81140e-21	1.81140e-21	1.81140e-21	1.81140e-21	1.81140e-21	1.81140e-21	1.81140e-21	1.81140e-21	1.81140e-21	1.81140e-21	1.81140e-21	1.81140e-21	1.81140e-21	1.81140e-21	1.81140e-21	1.81140e-21	1.81140e-21	1.81140e-21	1.81140e-21	1.81140e-21	1.81140e-21	1.81140e-21	1.81140e-21	1.81140e-21	1.81140e-21	1.81140e-21	1.81140e-21	1.81140e-21	1.81140e-21	1.81140e-21	1.81140e-21	1.81140e-21	1.81140e-21	1.81140e-21	1.81140e-21	1.81140e-21	1.81140e-21	1.81140e-21	1.81140e-21	1.81140e-21	1.81140e-21	1.81140e-21	1.81140e-21	1.81140e-21	1.81140e-21	1.81140e-21	1.81140e-21	1.81140e-21	1.81140e-21	1.81140e-21	1.81140e-21	1.81140e-21	1.81140e-21	1.81140e-21	1.81140e-21	1.81140e-21	1.81140e-21	1.81140e-21	1.81140e-21	1.81140e-21	1.81140e-21	1.81140e-21	1.81140e-21	1.81140e-21	1.81140e-21	1.81140e-21	1.81140e-21	1.81140e-21	1.81140e-21	1.81140e-21	1.81140e-21	1.81140e-21	1.81140e-21	1.81140e-21	1.81140e-21	1.81140e-21	1.81140e-21	1.81140e-21	1.81140e-21	1.81140e-21	1.81140e-21	1.81140e-21	1.81140e-21	1.81140e-21	1.81140e-21	1.81140e-21	1.81140e-21	1.81140e-21	1.81140e-21	1.81140e-21	1.81140e-21	1.81140e-21	1.81140e-21	1.81140e-21	1.81140e-21	1.81140e-21	1.81140e-21	1.81140e-21	1.81140e-21	1.81140e-21	1.81140e-21	1.81140e-21	1.81140e-21	1.81140e-21	1.81140e-21	1.81140e-21	1.81140e-21	1.81140e-21	1.81140e-21	1.81140e-21	1.81140e-21	1.81140e-21	1.81140e-21	1.81140e-21	1.81140e-21	1.81140e-21	1.81140e-21	1.81140e-21	1.81140e-21	1.81140e-21
20.05	5.51623e-27	1.43896e-26	2.79636e-26	4.87282e-26	8.04924e-26	1.29083e-25	2.03415e-25	3.17122e-25	4.91065e-25	7.57152e-25	1.16420e-24	1.78687e-24	2.73939e-24	4.19651e-24	6.42554e-24	9.83539e-24	1.50516e-23	2.30311e-23	3.52378e-23	5.39112e-23	8.24770e-23	1.26176e-22	1.93026e-22	2.95291e-22	4.51736e-22	6.91065e-22	1.05719e-21	1.61730e-21	1.95636e-21	1.95927e-21	1.95927e-21	1.95927e-21	1.95927e-21	1.95927e-21	1.95927e-21	1.95927e-21	1.95927e-21	1.95927e-21	1.95927e-21	1.95927e-21	1.95927e-21	1.95927e-21	1.95927e-21	1.95927e-21	1.95927e-21	1.95927e-21	1.95927e-21	1.95927e-21	1.95927e-21	1.95927e-21	1.95927e-21	1.95927e-21	1.95927e-21	1.95927e-21	1.95927e-21	1.95927e-21	1.95927e-21	1.95927e-21	1.95927e-21	1.95927e-21	1.95927e-21	1.95927e-21	1.95927e-21	1.95927e-21	1.95927e-21	1.95927e-21	1.95927e-21	1.95927e-21	1.95927e-21	1.95927e-21	1.95927e-21	1.95927e-21	1.95927e-21	1.95927e-21	1.95927e-21	1.95927e-21	1.95927e-21	1.95927e-21	1.95927e-21	1.95927e-21	1.95927e-21	1.95927e-21	1.95927e-21	1.95927e-21	1.95927e-21	1.95927e-21	1.95927e-21	1.95927e-21	1.95927e-21	1.95927e-21	1.95927e-21	1.95927e-21	1.95927e-21	1.95927e-21	1.95927e-21	1.95927e-21	1.95927e-21	1.95927e-21	1.95927e-21	1.95927e-21	1.95927e-21	1.95927e-21	1.95927e-21	1.95927e-21	1.95927e-21	1.95927e-21	1.95927e-21	1.95927e-21	1.95927e-21	1.95927e-21	1.95927e-21	1.95927e-21	1.95927e-21	1.95927e-21	1.95927e-21	1.95927e-21	1.95927e-21	1.95927e-21	1.95927e-21	1.95927e-21	1.95927e-21	1.95927e-21	1.95927e-21	1.95927e-21	1.95927e-21	1.95927e-21	1.95927e-21	1.95927e-21	1.95927e-21	1.95927e-21	1.95927e-21	1.95927e-21	1.95927e-21	1.95927e-21	1.95927e-21	1.95927e-21	1.95927e-21	1.95927e-21	1.95927e-21	1.95927e-21	1.95927e-21	1.95927e-21	1.95927e-21	1.95927e-21	1.95927e-21	1.95927e-21	1.95927e-21	1.95927e-21	1.95927e-21	1.95927e-21	1.95927e-21	1.95927e-21	1.95927e-21	1.95927e-21	1.95927e-21	1.95927e-21	1.95927e-21	1.95927e-21	1.95927e-21	1.95927e-21	1.95927e-21	1.95927e-21	1.95927e-21	1.95927e-21	1.95927e-21	1.95927e-21	1.95927e-21	1.95927e-21	1.95927e-21	1.95927e-21	1.95927e-21	1.95927e-21	1.95927e-21	1.95927e-21	1.95927e-21	1.95927e-21	1.95927e-21	1.95927e-21	1.95927e-21	1.95927e-21	1.95927e-21	1.95927e-21	1.95927e-21	1.95927e-21	1.95927e-21	1.95927e-21
20.08	4.71527e-27	1.23002e-26	2.39032e-26	4.16528e-26	6.88048e-26	1.10340e-25	1.73879e-25	2.71076e-25	4.19761e-25	6.47212e-25	9.95152e-25	1.52741e-24	2.34163e-24	3.58717e-24	5.49254e-24	8.40727e-24	1.28661e-23	1.96870e-23	3.01213e-23	4.60832e-23	7.05012e-23	1.07855e-22	1.64998e-22	2.52415e-22	3.86143e-22	5.90721e-22	9.03685e-22	1.38246e-21	2.04667e-21	2.11902e-21	2.11922e-21	2.11922e-21	2.11922e-21	2.11922e-21	2.11922e-21	2.11922e-21	2.11922e-21	2.11922e-21	2.11922e-21	2.11922e-21	2.11922e-21	2.11922e-21	2.11922e-21	2.11922e-21	2.11922e-21	2.11922e-21	2.11922e-21	2.11922e-21	2.11922e-21	2.11922e-21	2.11922e-21	2.11922e-21	2.11922e-21	2.11922e-21	2.11922e-21	2.11922e-21	2.11922e-21	2.11922e-21	2.11922e-21	2.11922e-21	2.11922e-21	2.11922e-21	2.11922e-21	2.11922e-21	2.11922e-21	2.11922e-21	2.11922e-21	2.11922e-21	2.11922e-21	2.11922e-21	2.11922e-21	2.11922e-21	2.11922e-21	2.11922e-21	2.11922e-21	2.11922e-21	2.11922e-21	2.11922e-21	2.11922e-21	2.11922e-21	2.11922e-21	2.11922e-21	2.11922e-21	2.11922e-21	2.11922e-21	2.11922e-21	2.11922e-21	2.11922e-21	2.11922e-21	2.11922e-21	2.11922e-21	2.11922e-21	2.11922e-21	2.11922e-21	2.11922e-21	2.11922e-21	2.11922e-21	2.11922e-21	2.11922e-21	2.11922e-21	2.11922e-21	2.11922e-21	2.11922e-21	2.11922e-21	2.11922e-21	2.11922e-21	2.11922e-21	2.11922e-21	2.11922e-21	2.11922e-21	2.11922e-21	2.11922e-21	2.11922e-21	2.11922e-21	2.11922e-21	2.11922e-21	2.11922e-21	2.11922e-21	2.11922e-21	2.11922e-21	2.11922e-21	2.11922e-21	2.11922e-21	2.11922e-21	2.11922e-21	2.11922e-21	2.11922e-21	2.11922e-21	2.11922e-21	2.11922e-21	2.11922e-21	2.11922e-21	2.11922e-21	2.11922e-21	2.11922e-21	2.11922e-21	2.11922e-21	2.11922e-21	2.11922e-21	2.11922e-21	2.11922e-21	2.11922e-21	2.11922e-21	2.11922e-21	2.11922e-21	2.11922e-21	2.11922e-21	2.11922e-21	2.11922e-21	2.11922e-21	2.11922e-21	2.11922e-21	2.11922e-21	2.11922e-21	2.11922e-21	2.11922e-21	2.11922e-21	2.11922e-21	2.11922e-21	2.11922e-21	2.11922e-21	2.11922e-21	2.11922e-21	2.11922e-21	2.11922e-21	2.11922e-21	2.11922e-21	2.11922e-21	2.11922e-21	2.11922e-21	2.11922e-21	2.11922e-21	2.11922e-21	2.11922e-21	2.11922e-21	2.11922e-21	2.11922e-21	2.11922e-21	2.11922e-21	2.11922e-21	2.11922e-21	2.11922e-21	2.11922e-21	2.11922e-21	2.11922e-21	2.11922e-21
20.12	4.03060e-27	1.05142e-26	2.04325e-26	3.56047e-26	5.88142e-26	9.43187e-26	1.48631e-25	2.31715e-25	3.58811e-25	5.53236e-25	8.50655e-25	1.30563e-24	2.00162e-24	3.06631e-24	4.69502e-24	7.18653e-24	1.09979e-23	1.68284e-23	2.57476e-23	3.93919e-23	6.02643e-23	9.21944e-23	1.41040e-22	2.15764e-22	3.30075e-22	5.04947e-22	7.72469e-22	1.18173e-21	1.80783e-21	2.28575e-21	2.29222e-21	2.29223e-21	2.29223e-21	2.29223e-21	2.29223e-21	2.29223e-21	2.29223e-21	2.29223e-21	2.29223e-21	2.29223e-21	2.29223e-21	2.29223e-21	2.29223e-21	2.29223e-21	2.29223e-21	2.29223e-21	2.29223e-21	2.29223e-21	2.29223e-21	2.29223e-21	2.29223e-21	2.29223e-21	2.29223e-21	2.29223e-21	2.29223e-21	2.29223e-21	2.29223e-21	2.29223e-21	2.29223e-21	2.29223e-21	2.29223e-21	2.29223e-21	2.29223e-21	2.29223e-21	2.29223e-21	2.29223e-21	2.29223e-21	2.29223e-21	2.29223e-21	2.29223e-21	2.29223e-21	2.29223e-21	2.29223e-21	2.29223e-21	2.29223e-21	2.29223e-21	2.29223e-21	2.29223e-21	2.29223e-21	2.29223e-21	2.29223e-21	2.29223e-21	2.29223e-21	2.29223e-21	2.29223e-21	2.29223e-21	2.29223e-21	2.29223e-21	2.29223e-21	2.29223e-21	2.29223e-21	2.29223e-21	2.29223e-21	2.29223e-21	2.29223e-21	2.29223e-21	2.29223e-21	2.29223e-21	2.29223e-21	2.29223e-21	2.29223e-21	2.29223e-21	2.29223e-21	2.29223e-21	2.29223e-21	2.29223e-21	2.29223e-21	2.29223e-21	2.29223e-21	2.29223e-21	2.29223e-21	2.29223e-21	2.29223e-21	2.29223e-21	2.29223e-21	2.29223e-21	2.29223e-21	2.29223e-21	2.29223e-21	2.29223e-21	2.29223e-21	2.29223e-21	2.29223e-21	2.29223e-21	2.29223e-21	2.29223e-21	2.29223e-21	2.29223e-21	2.29223e-21	2.29223e-21	2.29223e-21	2.29223e-21	2.29223e-21	2.29223e-21	2.29223e-21	2.29223e-21	2.29223e-21	2.29223e-21	2.29223e-21	2.29223e-21	2.29223e-21	2.29223e-21	2.29223e-21	2.29223e-21	2.29223e-21	2.29223e-21	2.29223e-21	2.29223e-21	2.29223e-21	2.29223e-21	2.29223e-21	2.29223e-21	2.29223e-21	2.29223e-21	2.29223e-21	2.29223e-21	2.29223e-21	2.29223e-21	2.29223e-21	2.29223e-21	2.29223e-21	2.29223e-21	2.29223e-21	2.29223e-21	2.29223e-21	2.29223e-21	2.29223e-21	2.29223e-21	2.29223e-21	2.29223e-21	2.29223e-21	2.29223e-21	2.29223e-21	2.29223e-21	2.29223e-21	2.29223e-21	2.29223e-21	2.29223e-21	2.29223e-21	2.29223e-21	2.29223e-21	2.29223e-21	2.29223e-21	2.29223e-21	2.29223e-21	2.29223e-21
20.15	3.44535e-27	8.98755e-27	1.74656e-26	3.04349e-26	5.02743e-26	8.06235e-26	1.27050e-25	1.98070e-25	3.06711e-25	4.72905e-25	7.27138e-25	1.11605e-24	1.71098e-24	2.62108e-24	4.01329e-24	6.14303e-24	9.40100e-24	1.43849e-23	2.20090e-23	3.36721e-23	5.15139e-23	7.88076e-23	1.20561e-22	1.84434e-22	2.82147e-22	4.31628e-22	6.60305e-22	1.01014e-21	1.54533e-21	2.33709e-21	2.47892e-21	2.47937e-21	2.47937e-21	2.47937e-21	2.47937e-21	2.47937e-21	2.47937e-21	2.47937e-21	2.47937e-21	2.47937e-21	2.47937e-21	2.47937e-21	2.47937e-21	2.47937e-21	2.47937e-21	2.47937e-21	2.47937e-21	2.47937e-21	2.47937e-21	2.47937e-21	2.47937e-21	2.47937e-21	2.47937e-21	2.47937e-21	2.47937e-21	2.47937e-21	2.47937e-21	2.47937e-21	2.47937e-21	2.47937e-21	2.47937e-21	2.47937e-21	2.47937e-21	2.47937e-21	2.47937e-21	2.47937e-21	2.47937e-21	2.47937e-21	2.47937e-21	2.47937e-21	2.47937e-21	2.47937e-21	2.47937e-21	2.47937e-21	2.47937e-21	2.47937e-21	2.47937e-21	2.47937e-21	2.47937e-21	2.47937e-21	2.47937e-21	2.47937e-21	2.47937e-21	2.47937e-21	2.47937e-21	2.47937e-21	2.47937e-21	2.47937e-21	2.47937e-21	2.47937e-21	2.47937e-21	2.47937e-21	2.47937e-21	2.47937e-21	2.47937e-21	2.47937e-21	2.47937e-21	2.47937e-21	2.47937e-21	2.47937e-21	2.47937e-21	2.47937e-21	2.47937e-21	2.47937e-21	2.47937e-21	2.47937e-21	2.47937e-21	2.47937e-21	2.47937e-21	2.47937e-21	2.47937e-21	2.47937e-21	2.47937e-21	2.47937e-21	2.47937e-21	2.47937e-21	2.47937e-21	2.47937e-21	2.47937e-21	2.47937e-21	2.47937e-21	2.47937e-21	2.47937e-21	2.47937e-21	2.47937e-21	2.47937e-21	2.47937e-21	2.47937e-21	2.47937e-21	2.47937e-21	2.47937e-21	2.47937e-21	2.47937e-21	2.47937e-21	2.47937e-21	2.47937e-21	2.47937e-21	2.47937e-21	2.47937e-21	2.47937e-21	2.47937e-21	2.47937e-21	2.47937e-21	2.47937e-21	2.47937e-21	2.47937e-21	2.47937e-21	2.47937e-21	2.47937e-21	2.47937e-21	2.47937e-21	2.47937e-21	2.47937e-21	2.47937e-21	2.47937e-21	2.47937e-21	2.47937e-21	2.47937e-21	2.47937e-21	2.47937e-21	2.47937e-21	2.47937e-21	2.47937e-21	2.47937e-21	2.47937e-21	2.47937e-21	2.47937e-21	2.47937e-21	2.47937e-21	2.47937e-21	2.47937e-21	2.47937e-21	2.47937e-21	2.47937e-21	2.47937e-21	2.47937e-21	2.47937e-21	2.47937e-21	2.47937e-21	2.47937e-21	2.47937e-21	2.47937e-21	2.47937e-21	2.47937e-21	2.47937e-21	2.47937e-21
20.19	2.94508e-27	7.68254e-27	1.49296e-26	2.60157e-26	4.29744e-26	6.89168e-26	1.08602e-25	1.69310e-25	2.62177e-25	4.04239e-25	6.21557e-25	9.53997e-25	1.46255e-24	2.24049e-24	3.43056e-24	5.25105e-24	8.03596e-24	1.22962e-23	1.88133e-23	2.87829e-23	4.40340e-23	6.73647e-23	1.03055e-22	1.57654e-22	2.41179e-22	3.68955e-22	5.64428e-22	8.63465e-22	1.32094e-21	2.02081e-21	2.66755e-21	2.68178e-21	2.68180e-21	2.68180e-21	2.68180e-21	2.68180e-21	2.68180e-21	2.68180e-21	2.68180e-21	2.68180e-21	2.68180e-21	2.68180e-21	2.68180e-21	2.68180e-21	2.68180e-21	2.68180e-21	2.68180e-21	2.68180e-21	2.68180e-21	2.68180e-21	2.68180e-21	2.68180e-21	2.68180e-21	2.68180e-21	2.68180e-21	2.68180e-21	2.68180e-21	2.68180e-21	2.68180e-21	2.68180e-21	2.68180e-21	2.68180e-21	2.68180e-21	2.68180e-21	2.68180e-21	2.68180e-21	2.68180e-21	2.68180e-21	2.68180e-21	2.68180e-21	2.68180e-21	2.68180e-21	2.68180e-21	2.68180e-21	2.68180e-21	2.68180e-21	2.68180e-21	2.68180e-21	2.68180e-21	2.68180e-21	2.68180e-21	2.68180e-21	2.68180e-21	2.68180e-21	2.68180e-21	2.68180e-21	2.68180e-21	2.68180e-21	2.68180e-21	2.68180e-21	2.68180e-21	2.68180e-21	2.68180e-21	2.68180e-21	2.68180e-21	2.68180e-21	2.68180e-21	2.68180e-21	2.68180e-21	2.68180e-21	2.68180e-21	2.68180e-21	2.68180e-21	2.68180e-21	2.68180e-21	2.68180e-21	2.68180e-21	2.68180e-21	2.68180e-21	2.68180e-21	2.68180e-21	2.68180e-21	2.68180e-21	2.68180e-21	2.68180e-21	2.68180e-21	2.68180e-21	2.68180e-21	2.68180e-21	2.68180e-21	2.68180e-21	2.68180e-21	2.68180e-21	2.68180e-21	2.68180e-21	2.68180e-21	2.68180e-21	2.68180e-21	2.68180e-21	2.68180e-21	2.68180e-21	2.68180e-21	2.68180e-21	2.68180e-21	2.68180e-21	2.68180e-21	2.68180e-21	2.68180e-21	2.68180e-21	2.68180e-21	2.68180e-21	2.68180e-21	2.68180e-21	2.68180e-21	2.68180e-21	2.68180e-21	2.68180e-21	2.68180e-21	2.68180e-21	2.68180e-21	2.68180e-21	2.68180e-21	2.68180e-21	2.68180e-21	2.68180e-21	2.68180e-21	2.68180e-21	2.68180e-21	2.68180e-21	2.68180e-21	2.68180e-21	2.68180e-21	2.68180e-21	2.68180e-21	2.68180e-21	2.68180e-21	2.68180e-21	2.68180e-21	2.68180e-21	2.68180e-21	2.68180e-21	2.68180e-21	2.68180e-21	2.68180e-21	2.68180e-21	2.68180e-21	2.68180e-21	2.68180e-21	2.68180e-21	2.68180e-21	2.68180e-21	2.68180e-21	2.68180e-21	2.68180e-21	2.68180e-21	2.68180e-21
20.22	2.51745e-27	6.56702e-27	1.27618e-26	2.22381e-26	3.67345e-26	5.89100e-26	9.28327e-26	1.44726e-25	2.24108e-25	3.45543e-25	5.31306e-25	8.15475e-25	1.25018e-24	1.91517e-24	2.93243e-24	4.48859e-24	6.86912e-24	1.05108e-23	1.60816e-23	2.46035e-23	3.76402e-23	5.75832e-23	8.80915e-23	1.34763e-22	2.06160e-22	3.15382e-22	4.82472e-22	7.38089e-22	1.12914e-21	1.72739e-21	2.63892e-21	2.89973e-21	2.90076e-21	2.90077e-21	2.90077e-21	2.90077e-21	2.90077e-21	2.90077e-21	2.90077e-21	2.90077e-21	2.90077e-21	2.90077e-21	2.90077e-21	2.90077e-21	2.90077e-21	2.90077e-21	2.90077e-21	2.90077e-21	2.90077e-21	2.90077e-21	2.90077e-21	2.90077e-21	2.90077e-21	2.90077e-21	2.90077e-21	2.90077e-21	2.90077e-21	2.90077e-21	2.90077e-21	2.90077e-21	2.90077e-21	2.90077e-21	2.90077e-21	2.90077e-21	2.90077e-21	2.90077e-21	2.90077e-21	2.90077e-21	2.90077e-21	2.90077e-21	2.90077e-21	2.90077e-21	2.90077e-21	2.90077e-21	2.90077e-21	2.90077e-21	2.90077e-21	2.90077e-21	2.90077e-21	2.90077e-21	2.90077e-21	2.90077e-21	2.90077e-21	2.90077e-21	2.90077e-21	2.90077e-21	2.90077e-21	2.90077e-21	2.90077e-21	2.90077e-21	2.90077e-21	2.90077e-21	2.90077e-21	2.90077e-21	2.90077e-21	2.90077e-21	2.90077e-21	2.90077e-21	2.90077e-21	2.90077e-21	2.90077e-21	2.90077e-21	2.90077e-21	2.90077e-21	2.90077e-21	2.90077e-21	2.90077e-21	2.90077e-21	2.90077e-21	2.90077e-21	2.90077e-21	2.90077e-21	2.90077e-21	2.90077e-21	2.90077e-21	2.90077e-21	2.90077e-21	2.90077e-21	2.90077e-21	2.90077e-21	2.90077e-21	2.90077e-21	2.90077e-21	2.90077e-21	2.90077e-21	2.90077e-21	2.90077e-21	2.90077e-21	2.90077e-21	2.90077e-21	2.90077e-21	2.90077e-21	2.90077e-21	2.90077e-21	2.90077e-21	2.90077e-21	2.90077e-21	2.90077e-21	2.90077e-21	2.90077e-21	2.90077e-21	2.90077e-21	2.90077e-21	2.90077e-21	2.90077e-21	2.90077e-21	2.90077e-21	2.90077e-21	2.90077e-21	2.90077e-21	2.90077e-21	2.90077e-21	2.90077e-21	2.90077e-21	2.90077e-21	2.90077e-21	2.90077e-21	2.90077e-21	2.90077e-21	2.90077e-21	2.90077e-21	2.90077e-21	2.90077e-21	2.90077e-21	2.90077e-21	2.90077e-21	2.90077e-21	2.90077e-21	2.90077e-21	2.90077e-21	2.90077e-21	2.90077e-21	2.90077e-21	2.90077e-21	2.90077e-21	2.90077e-21	2.90077e-21	2.90077e-21	2.90077e-21	2.90077e-21	2.90077e-21	2.90077e-21	2.90077e-21	2.90077e-21	2.90077e-21	2.90077e-21
20.25	2.15191e-27	5.61348e-27	1.09088e-26	1.90091e-26	3.14006e-26	5.03562e-26	7.93533e-26	1.23711e-25	1.91567e-25	2.95369e-25	4.54159e-25	6.97067e-25	1.06865e-24	1.63708e-24	2.50664e-24	3.83684e-24	5.87172e-24	8.98457e-24	1.37465e-23	2.10311e-23	3.21748e-23	4.92220e-23	7.53005e-23	1.15195e-22	1.76225e-22	2.69588e-22	4.12416e-22	6.30917e-22	9.65187e-22	1.47657e-21	2.25891e-21	3.10679e-21	3.13755e-21	3.13762e-21	3.13762e-21	3.13762e-21	3.13762e-21	3.13762e-21	3.13762e-21	3.13762e-21	3.13762e-21	3.13762e-21	3.13762e-21	3.13762e-21	3.13762e-21	3.13762e-21	3.13762e-21	3.13762e-21	3.13762e-21	3.13762e-21	3.13762e-21	3.13762e-21	3.13762e-21	3.13762e-21	3.13762e-21	3.13762e-21	3.13762e-21	3.13762e-21	3.13762e-21	3.13762e-21	3.13762e-21	3.13762e-21	3.13762e-21	3.13762e-21	3.13762e-21	3.13762e-21	3.13762e-21	3.13762e-21	3.13762e-21	3.13762e-21	3.13762e-21	3.13762e-21	3.13762e-21	3.13762e-21	3.13762e-21	3.13762e-21	3.13762e-21	3.13762e-21	3.13762e-21	3.13762e-21	3.13762e-21	3.13762e-21	3.13762e-21	3.13762e-21	3.13762e-21	3.13762e-21	3.13762e-21	3.13762e-21	3.13762e-21	3.13762e-21	3.13762e-21	3.13762e-21	3.13762e-21	3.13762e-21	3.13762e-21	3.13762e-21	3.13762e-21	3.13762e-21	3.13762e-21	3.13762e-21	3.13762e-21	3.13762e-21	3.13762e-21	3.13762e-21	3.13762e-21	3.13762e-21	3.13762e-21	3.13762e-21	3.13762e-21	3.13762e-21	3.13762e-21	3.13762e-21	3.13762e-21	3.13762e-21	3.13762e-21	3.13762e-21	3.13762e-21	3.13762e-21	3.13762e-21	3.13762e-21	3.13762e-21	3.13762e-21	3.13762e-21	3.13762e-21	3.13762e-21	3.13762e-21	3.13762e-21	3.13762e-21	3.13762e-21	3.13762e-21	3.13762e-21	3.13762e-21	3.13762e-21	3.13762e-21	3.13762e-21	3.13762e-21	3.13762e-21	3.13762e-21	3.13762e-21	3.13762e-21	3.13762e-21	3.13762e-21	3.13762e-21	3.13762e-21	3.13762e-21	3.13762e-21	3.13762e-21	3.13762e-21	3.13762e-21	3.13762e-21	3.13762e-21	3.13762e-21	3.13762e-21	3.13762e-21	3.13762e-21	3.13762e-21	3.13762e-21	3.13762e-21	3.13762e-21	3.13762e-21	3.13762e-21	3.13762e-21	3.13762e-21	3.13762e-21	3.13762e-21	3.13762e-21	3.13762e-21	3.13762e-21	3.13762e-21	3.13762e-21	3.13762e-21	3.13762e-21	3.13762e-21	3.13762e-21	3.13762e-21	3.13762e-21	3.13762e-21	3.13762e-21	3.13762e-21	3.13762e-21	3.13762e-21	3.13762e-21	3.13762e-21	3.13762e-21	3.13762e-21	3.13762e-21
20.29	1.83945e-27	4.79840e-27	9.32479e-27	1.62490e-26	2.68412e-26	4.30444e-26	6.78311e-26	1.05748e-25	1.63751e-25	2.52481e-25	3.88215e-25	5.95852e-25	9.13483e-25	1.39938e-24	2.14267e-24	3.27973e-24	5.01913e-24	7.68000e-24	1.17505e-23	1.79773e-23	2.75029e-23	4.20749e-23	6.43668e-23	9.84684e-23	1.50637e-22	2.30444e-22	3.52533e-22	5.39307e-22	8.25040e-22	1.26217e-21	1.93091e-21	2.95402e-21	3.39147e-21	3.39382e-21	3.39382e-21	3.39382e-21	3.39382e-21	3.39382e-21	3.39382e-21	3.39382e-21	3.39382e-21	3.39382e-21	3.39382e-21	3.39382e-21	3.39382e-21	3.39382e-21	3.39382e-21	3.39382e-21	3.39382e-21	3.39382e-21	3.39382e-21	3.39382e-21	3.39382e-21	3.39382e-21	3.39382e-21	3.39382e-21	3.39382e-21	3.39382e-21	3.39382e-21	3.39382e-21	3.39382e-21	3.39382e-21	3.39382e-21	3.39382e-21	3.39382e-21	3.39382e-21	3.39382e-21	3.39382e-21	3.39382e-21	3.39382e-21	3.39382e-21	3.39382e-21	3.39382e-21	3.39382e-21	3.39382e-21	3.39382e-21	3.39382e-21	3.39382e-21	3.39382e-21	3.39382e-21	3.39382e-21	3.39382e-21	3.39382e-21	3.39382e-21	3.39382e-21	3.39382e-21	3.39382e-21	3.39382e-21	3.39382e-21	3.39382e-21	3.39382e-21	3.39382e-21	3.39382e-21	3.39382e-21	3.39382e-21	3.39382e-21	3.39382e-21	3.39382e-21	3.39382e-21	3.39382e-21	3.39382e-21	3.39382e-21	3.39382e-21	3.39382e-21	3.39382e-21	3.39382e-21	3.39382e-21	3.39382e-21	3.39382e-21	3.39382e-21	3.39382e-21	3.39382e-21	3.39382e-21	3.39382e-21	3.39382e-21	3.39382e-21	3.39382e-21	3.39382e-21	3.39382e-21	3.39382e-21	3.39382e-21	3.39382e-21	3.39382e-21	3.39382e-21	3.39382e-21	3.39382e-21	3.39382e-21	3.39382e-21	3.39382e-21	3.39382e-21	3.39382e-21	3.39382e-21	3.39382e-21	3.39382e-21	3.39382e-21	3.39382e-21	3.39382e-21	3.39382e-21	3.39382e-21	3.39382e-21	3.39382e-21	3.39382e-21	3.39382e-21	3.39382e-21	3.39382e-21	3.39382e-21	3.39382e-21	3.39382e-21	3.39382e-21	3.39382e-21	3.39382e-21	3.39382e-21	3.39382e-21	3.39382e-21	3.39382e-21	3.39382e-21	3.39382e-21	3.39382e-21	3.39382e-21	3.39382e-21	3.39382e-21	3.39382e-21	3.39382e-21	3.39382e-21	3.39382e-21	3.39382e-21	3.39382e-21	3.39382e-21	3.39382e-21	3.39382e-21	3.39382e-21	3.39382e-21	3.39382e-21	3.39382e-21	3.39382e-21	3.39382e-21	3.39382e-21	3.39382e-21	3.39382e-21	3.39382e-21	3.39382e-21	3.39382e-21	3.39382e-21	3.39382e-21	3.39382e-21	3.39382e-21
20.32	1.57236e-27	4.10166e-27	7.97082e-27	1.38896e-26	2.29438e-26	3.67943e-26	5.79819e-26	9.03934e-26	1.39974e-25	2.15820e-25	3.31845e-25	5.09333e-25	7.80844e-25	1.19619e-24	1.83155e-24	2.80350e-24	4.29035e-24	6.56485e-24	1.00443e-23	1.53670e-23	2.35095e-23	3.59656e-23	5.50206e-23	8.41706e-23	1.28764e-22	1.96983e-22	3.01344e-22	4.60999e-22	7.05243e-22	1.07890e-21	1.65054e-21	2.52509e-21	3.60564e-21	3.67081e-21	3.67096e-21	3.67096e-21	3.67096e-21	3.67096e-21	3.67096e-21	3.67096e-21	3.67096e-21	3.67096e-21	3.67096e-21	3.67096e-21	3.67096e-21	3.67096e-21	3.67096e-21	3.67096e-21	3.67096e-21	3.67096e-21	3.67096e-21	3.67096e-21	3.67096e-21	3.67096e-21	3.67096e-21	3.67096e-21	3.67096e-21	3.67096e-21	3.67096e-21	3.67096e-21	3.67096e-21	3.67096e-21	3.67096e-21	3.67096e-21	3.67096e-21	3.67096e-21	3.67096e-21	3.67096e-21	3.67096e-21	3.67096e-21	3.67096e-21	3.67096e-21	3.67096e-21	3.67096e-21	3.67096e-21	3.67096e-21	3.67096e-21	3.67096e-21	3.67096e-21	3.67096e-21	3.67096e-21	3.67096e-21	3.67096e-21	3.67096e-21	3.67096e-21	3.67096e-21	3.67096e-21	3.67096e-21	3.67096e-21	3.67096e-21	3.67096e-21	3.67096e-21	3.67096e-21	3.67096e-21	3.67096e-21	3.67096e-21	3.67096e-21	3.67096e-21	3.67096e-21	3.67096e-21	3.67096e-21	3.67096e-21	3.67096e-21	3.67096e-21	3.67096e-21	3.67096e-21	3.67096e-21	3.67096e-21	3.67096e-21	3.67096e-21	3.67096e-21	3.67096e-21	3.67096e-21	3.67096e-21	3.67096e-21	3.67096e-21	3.67096e-21	3.67096e-21	3.67096e-21	3.67096e-21	3.67096e-21	3.67096e-21	3.67096e-21	3.67096e-21	3.67096e-21	3.67096e-21	3.67096e-21	3.67096e-21	3.67096e-21	3.67096e-21	3.67096e-21	3.67096e-21	3.67096e-21	3.67096e-21	3.67096e-21	3.67096e-21	3.67096e-21	3.67096e-21	3.67096e-21	3.67096e-21	3.67096e-21	3.67096e-21	3.67096e-21	3.67096e-21	3.67096e-21	3.67096e-21	3.67096e-21	3.67096e-21	3.67096e-21	3.67096e-21	3.67096e-21	3.67096e-21	3.67096e-21	3.67096e-21	3.67096e-21	3.67096e-21	3.67096e-21	3.67096e-21	3.67096e-21	3.67096e-21	3.67096e-21	3.67096e-21	3.67096e-21	3.67096e-21	3.67096e-21	3.67096e-21	3.67096e-21	3.67096e-21	3.67096e-21	3.67096e-21	3.67096e-21	3.67096e-21	3.67096e-21	3.67096e-21	3.67096e-21	3.67096e-21	3.67096e-21	3.67096e-21	3.67096e-21	3.67096e-21	3.67096e-21	3.67096e-21	3.67096e-21	3.67096e-21	3.67096e-21	3.67096e-21
20.36	1.34405e-27	3.50609e-27	6.81344e-27	1.18728e-26	1.96123e-26	3.14517e-26	4.95628e-26	7.72681e-26	1.19650e-25	1.84483e-25	2.83661e-25	4.35377e-25	6.67464e-25	1.02250e-24	1.56561e-24	2.39643e-24	3.66738e-24	5.61163e-24	8.58584e-24	1.31357e-23	2.00959e-23	3.07433e-23	4.70315e-23	7.19489e-23	1.10067e-22	1.68381e-22	2.57589e-22	3.94061e-22	6.02841e-22	9.22241e-22	1.41088e-21	2.15844e-21	3.30214e-21	3.96544e-21	3.97074e-21	3.97075e-21	3.97075e-21	3.97075e-21	3.97075e-21	3.97075e-21	3.97075e-21	3.97075e-21	3.97075e-21	3.97075e-21	3.97075e-21	3.97075e-21	3.97075e-21	3.97075e-21	3.97075e-21	3.97075e-21	3.97075e-21	3.97075e-21	3.97075e-21	3.97075e-21	3.97075e-21	3.97075e-21	3.97075e-21	3.97075e-21	3.97075e-21	3.97075e-21	3.97075e-21	3.97075e-21	3.97075e-21	3.97075e-21	3.97075e-21	3.97075e-21	3.97075e-21	3.97075e-21	3.97075e-21	3.97075e-21	3.97075e-21	3.97075e-21	3.97075e-21	3.97075e-21	3.97075e-21	3.97075e-21	3.97075e-21	3.97075e-21	3.97075e-21	3.97075e-21	3.97075e-21	3.97075e-21	3.97075e-21	3.97075e-21	3.97075e-21	3.97075e-21	3.97075e-21	3.97075e-21	3.97075e-21	3.97075e-21	3.97075e-21	3.97075e-21	3.97075e-21	3.97075e-21	3.97075e-21	3.97075e-21	3.97075e-21	3.97075e-21	3.97075e-21	3.97075e-21	3.97075e-21	3.97075e-21	3.97075e-21	3.97075e-21	3.97075e-21	3.97075e-21	3.97075e-21	3.97075e-21	3.97075e-21	3.97075e-21	3.97075e-21	3.97075e-21	3.97075e-21	3.97075e-21	3.97075e-21	3.97075e-21	3.97075e-21	3.97075e-21	3.97075e-21	3.97075e-21	3.97075e-21	3.97075e-21	3.97075e-21	3.97075e-21	3.97075e-21	3.97075e-21	3.97075e-21	3.97075e-21	3.97075e-21	3.97075e-21	3.97075e-21	3.97075e-21	3.97075e-21	3.97075e-21	3.97075e-21	3.97075e-21	3.97075e-21	3.97075e-21	3.97075e-21	3.97075e-21	3.97075e-21	3.97075e-21	3.97075e-21	3.97075e-21	3.97075e-21	3.97075e-21	3.97075e-21	3.97075e-21	3.97075e-21	3.97075e-21	3.97075e-21	3.97075e-21	3.97075e-21	3.97075e-21	3.97075e-21	3.97075e-21	3.97075e-21	3.97075e-21	3.97075e-21	3.97075e-21	3.97075e-21	3.97075e-21	3.97075e-21	3.97075e-21	3.97075e-21	3.97075e-21	3.97075e-21	3.97075e-21	3.97075e-21	3.97075e-21	3.97075e-21	3.97075e-21	3.97075e-21	3.97075e-21	3.97075e-21	3.97075e-21	3.97075e-21	3.97075e-21	3.97075e-21	3.97075e-21	3.97075e-21	3.97075e-21	3.97075e-21	3.97075e-21	3.97075e-21	3.97075e-21
20.39	1.14889e-27	2.99700e-27	5.82412e-27	1.01489e-26	1.67646e-26	2.68849e-26	4.23662e-26	6.60487e-26	1.02277e-25	1.57696e-25	2.42473e-25	3.72160e-25	5.70547e-25	8.74029e-25	1.33828e-24	2.04847e-24	3.13487e-24	4.79681e-24	7.33916e-24	1.12284e-23	1.71779e-23	2.62793e-23	4.02025e-23	6.15018e-23	9.40854e-23	1.43932e-22	2.20187e-22	3.36843e-22	5.15307e-22	7.88330e-22	1.20602e-21	1.84503e-21	2.82267e-21	4.16050e-21	4.29468e-21	4.29503e-21	4.29503e-21	4.29503e-21	4.29503e-21	4.29503e-21	4.29503e-21	4.29503e-21	4.29503e-21	4.29503e-21	4.29503e-21	4.29503e-21	4.29503e-21	4.29503e-21	4.29503e-21	4.29503e-21	4.29503e-21	4.29503e-21	4.29503e-21	4.29503e-21	4.29503e-21	4.29503e-21	4.29503e-21	4.29503e-21	4.29503e-21	4.29503e-21	4.29503e-21	4.29503e-21	4.29503e-21	4.29503e-21	4.29503e-21	4.29503e-21	4.29503e-21	4.29503e-21	4.29503e-21	4.29503e-21	4.29503e-21	4.29503e-21	4.29503e-21	4.29503e-21	4.29503e-21	4.29503e-21	4.29503e-21	4.29503e-21	4.29503e-21	4.29503e-21	4.29503e-21	4.29503e-21	4.29503e-21	4.29503e-21	4.29503e-21	4.29503e-21	4.29503e-21	4.29503e-21	4.29503e-21	4.29503e-21	4.29503e-21	4.29503e-21	4.29503e-21	4.29503e-21	4.29503e-21	4.29503e-21	4.29503e-21	4.29503e-21	4.29503e-21	4.29503e-21	4.29503e-21	4.29503e-21	4.29503e-21	4.29503e-21	4.29503e-21	4.29503e-21	4.29503e-21	4.29503e-21	4.29503e-21	4.29503e-21	4.29503e-21	4.29503e-21	4.29503e-21	4.29503e-21	4.29503e-21	4.29503e-21	4.29503e-21	4.29503e-21	4.29503e-21	4.29503e-21	4.29503e-21	4.29503e-21	4.29503e-21	4.29503e-21	4.29503e-21	4.29503e-21	4.29503e-21	4.29503e-21	4.29503e-21	4.29503e-21	4.29503e-21	4.29503e-21	4.29503e-21	4.29503e-21	4.29503e-21	4.29503e-21	4.29503e-21	4.29503e-21	4.29503e-21	4.29503e-21	4.29503e-21	4.29503e-21	4.29503e-21	4.29503e-21	4.29503e-21	4.29503e-21	4.29503e-21	4.29503e-21	4.29503e-21	4.29503e-21	4.29503e-21	4.29503e-21	4.29503e-21	4.29503e-21	4.29503e-21	4.29503e-21	4.29503e-21	4.29503e-21	4.29503e-21	4.29503e-21	4.29503e-21	4.29503e-21	4.29503e-21	4.29503e-21	4.29503e-21	4.29503e-21	4.29503e-21	4.29503e-21	4.29503e-21	4.29503e-21	4.29503e-21	4.29503e-21	4.29503e-21	4.29503e-21	4.29503e-21	4.29503e-21	4.29503e-21	4.29503e-21	4.29503e-21	4.29503e-21	4.29503e-21	4.29503e-21	4.29503e-21	4.29503e-21	4.29503e-21	4.29503e-21
20.42	9.82072e-28	2.56183e-27	4.97845e-27	8.67523e-27	1.43303e-26	2.29811e-26	3.62146e-26	5.64583e-26	8.74258e-26	1.34798e-25	2.07265e-25	3.18122e-25	4.87703e-25	7.47119e-25	1.14396e-24	1.75103e-24	2.67969e-24	4.10030e-24	6.27351e-24	9.59798e-24	1.46836e-23	2.24635e-23	3.43650e-23	5.25717e-23	8.04240e-23	1.23032e-22	1.88215e-22	2.87933e-22	4.40484e-22	6.73864e-22	1.03090e-21	1.57713e-21	2.41281e-21	3.69134e-21	4.63399e-21	4.64581e-21	4.64583e-21	4.64583e-21	4.64583e-21	4.64583e-21	4.64583e-21	4.64583e-21	4.64583e-21	4.64583e-21	4.64583e-21	4.64583e-21	4.64583e-21	4.64583e-21	4.64583e-21	4.64583e-21	4.64583e-21	4.64583e-21	4.64583e-21	4.64583e-21	4.64583e-21	4.64583e-21	4.64583e-21	4.64583e-21	4.64583e-21	4.64583e-21	4.64583e-21	4.64583e-21	4.64583e-21	4.64583e-21	4.64583e-21	4.64583e-21	4.64583e-21	4.64583e-21	4.64583e-21	4.64583e-21	4.64583e-21	4.64583e-21	4.64583e-21	4.64583e-21	4.64583e-21	4.64583e-21	4.64583e-21	4.64583e-21	4.64583e-21	4.64583e-21	4.64583e-21	4.64583e-21	4.64583e-21	4.64583e-21	4.64583e-21	4.64583e-21	4.64583e-21	4.64583e-21	4.64583e-21	4.64583e-21	4.64583e-21	4.64583e-21	4.64583e-21	4.64583e-21	4.64583e-21	4.64583e-21	4.64583e-21	4.64583e-21	4.64583e-21	4.64583e-21	4.64583e-21	4.64583e-21	4.64583e-21	4.64583e-21	4.64583e-21	4.64583e-21	4.64583e-21	4.64583e-21	4.64583e-21	4.64583e-21	4.64583e-21	4.64583e-21	4.64583e-21	4.64583e-21	4.64583e-21	4.64583e-21	4.64583e-21	4.64583e-21	4.64583e-21	4.64583e-21	4.64583e-21	4.64583e-21	4.64583e-21	4.64583e-21	4.64583e-21	4.64583e-21	4.64583e-21	4.64583e-21	4.64583e-21	4.64583e-21	4.64583e-21	4.64583e-21	4.64583e-21	4.64583e-21	4.64583e-21	4.64583e-21	4.64583e-21	4.64583e-21	4.64583e-21	4.64583e-21	4.64583e-21	4.64583e-21	4.64583e-21	4.64583e-21	4.64583e-21	4.64583e-21	4.64583e-21	4.64583e-21	4.64583e-21	4.64583e-21	4.64583e-21	4.64583e-21	4.64583e-21	4.64583e-21	4.64583e-21	4.64583e-21	4.64583e-21	4.64583e-21	4.64583e-21	4.64583e-21	4.64583e-21	4.64583e-21	4.64583e-21	4.64583e-21	4.64583e-21	4.64583e-21	4.64583e-21	4.64583e-21	4.64583e-21	4.64583e-21	4.64583e-21	4.64583e-21	4.64583e-21	4.64583e-21	4.64583e-21	4.64583e-21	4.64583e-21	4.64583e-21	4.64583e-21	4.64583e-21	4.64583e-21	4.64583e-21	4.64583e-21	4.64583e-21	4.64583e-21	4.64583e-21
20.46	8.39474e-28	2.18985e-27	4.25557e-27	7.41557e-27	1.22495e-26	1.96442e-26	3.09562e-26	4.82605e-26	7.47315e-26	1.15225e-25	1.77170e-25	2.71930e-25	4.16888e-25	6.38636e-25	9.77855e-25	1.49677e-24	2.29059e-24	3.50493e-24	5.36258e-24	8.20434e-24	1.25516e-23	1.92018e-23	2.93752e-23	4.49382e-23	6.87463e-23	1.05168e-22	1.60886e-22	2.46124e-22	3.76525e-22	5.76018e-22	8.81214e-22	1.34813e-21	2.06247e-21	3.15536e-21	4.75925e-21	5.02448e-21	5.02530e-21	5.02530e-21	5.02530e-21	5.02530e-21	5.02530e-21	5.02530e-21	5.02530e-21	5.02530e-21	5.02530e-21	5.02530e-21	5.02530e-21	5.02530e-21	5.02530e-21	5.02530e-21	5.02530e-21	5.02530e-21	5.02530e-21	5.02530e-21	5.02530e-21	5.02530e-21	5.02530e-21	5.02530e-21	5.02530e-21	5.02530e-21	5.02530e-21	5.02530e-21	5.02530e-21	5.02530e-21	5.02530e-21	5.02530e-21	5.02530e-21	5.02530e-21	5.02530e-21	5.02530e-21	5.02530e-21	5.02530e-21	5.02530e-21	5.02530e-21	5.02530e-21	5.02530e-21	5.02530e-21	5.02530e-21	5.02530e-21	5.02530e-21	5.02530e-21	5.02530e-21	5.02530e-21	5.02530e-21	5.02530e-21	5.02530e-21	5.02530e-21	5.02530e-21	5.02530e-21	5.02530e-21	5.02530e-21	5.02530e-21	5.02530e-21	5.02530e-21	5.02530e-21	5.02530e-21	5.02530e-21	5.02530e-21	5.02530e-21	5.02530e-21	5.02530e-21	5.02530e-21	5.02530e-21	5.02530e-21	5.02530e-21	5.02530e-21	5.02530e-21	5.02530e-21	5.02530e-21	5.02530e-21	5.02530e-21	5.02530e-21	5.02530e-21	5.02530e-21	5.02530e-21	5.02530e-21	5.02530e-21	5.02530e-21	5.02530e-21	5.02530e-21	5.02530e-21	5.02530e-21	5.02530e-21	5.02530e-21	5.02530e-21	5.02530e-21	5.02530e-21	5.02530e-21	5.02530e-21	5.02530e-21	5.02530e-21	5.02530e-21	5.02530e-21	5.02530e-21	5.02530e-21	5.02530e-21	5.02530e-21	5.02530e-21	5.02530e-21	5.02530e-21	5.02530e-21	5.02530e-21	5.02530e-21	5.02530e-21	5.02530e-21	5.02530e-21	5.02530e-21	5.02530e-21	5.02530e-21	5.02530e-21	5.02530e-21	5.02530e-21	5.02530e-21	5.02530e-21	5.02530e-21	5.02530e-21	5.02530e-21	5.02530e-21	5.02530e-21	5.02530e-21	5.02530e-21	5.02530e-21	5.02530e-21	5.02530e-21	5.02530e-21	5.02530e-21	5.02530e-21	5.02530e-21	5.02530e-21	5.02530e-21	5.02530e-21	5.02530e-21	5.02530e-21	5.02530e-21	5.02530e-21	5.02530e-21	5.02530e-21	5.02530e-21	5.02530e-21	5.02530e-21	5.02530e-21	5.02530e-21	5.02530e-21	5.02530e-21	5.02530e-21	5.02530e-21
20.49	7.17581e-28	1.87188e-27	3.63766e-27	6.33882e-27	1.04709e-26	1.67919e-26	2.64613e-26	4.12530e-26	6.38804e-26	9.84944e-26	1.51445e-25	2.32445e-25	3.56355e-25	5.45905e-25	8.35869e-25	1.27944e-24	1.95799e-24	2.99601e-24	4.58393e-24	7.01306e-24	1.07291e-23	1.64137e-23	2.51098e-23	3.84131e-23	5.87643e-23	8.98974e-23	1.37525e-22	2.10387e-22	3.21853e-22	4.92379e-22	7.53261e-22	1.15238e-21	1.76299e-21	2.69719e-21	4.12649e-21	5.40971e-21	5.43574e-21	5.43579e-21	5.43579e-21	5.43579e-21	5.43579e-21	5.43579e-21	5.43579e-21	5.43579e-21	5.43579e-21	5.43579e-21	5.43579e-21	5.43579e-21	5.43579e-21	5.43579e-21	5.43579e-21	5.43579e-21	5.43579e-21	5.43579e-21	5.43579e-21	5.43579e-21	5.43579e-21	5.43579e-21	5.43579e-21	5.43579e-21	5.43579e-21	5.43579e-21	5.43579e-21	5.43579e-21	5.43579e-21	5.43579e-21	5.43579e-21	5.43579e-21	5.43579e-21	5.43579e-21	5.43579e-21	5.43579e-21	5.43579e-21	5.43579e-21	5.43579e-21	5.43579e-21	5.43579e-21	5.43579e-21	5.43579e-21	5.43579e-21	5.43579e-21	5.43579e-21	5.43579e-21	5.43579e-21	5.43579e-21	5.43579e-21	5.43579e-21	5.43579e-21	5.43579e-21	5.43579e-21	5.43579e-21	5.43579e-21	5.43579e-21	5.43579e-21	5.43579e-21	5.43579e-21	5.43579e-21	5.43579e-21	5.43579e-21	5.43579e-21	5.43579e-21	5.43579e-21	5.43579e-21	5.43579e-21	5.43579e-21	5.43579e-21	5.43579e-21	5.43579e-21	5.43579e-21	5.43579e-21	5.43579e-21	5.43579e-21	5.43579e-21	5.43579e-21	5.43579e-21	5.43579e-21	5.43579e-21	5.43579e-21	5.43579e-21	5.43579e-21	5.43579e-21	5.43579e-21	5.43579e-21	5.43579e-21	5.43579e-21	5.43579e-21	5.43579e-21	5.43579e-21	5.43579e-21	5.43579e-21	5.43579e-21	5.43579e-21	5.43579e-21	5.43579e-21	5.43579e-21	5.43579e-21	5.43579e-21	5.43579e-21	5.43579e-21	5.43579e-21	5.43579e-21	5.43579e-21	5.43579e-21	5.43579e-21	5.43579e-21	5.43579e-21	5.43579e-21	5.43579e-21	5.43579e-21	5.43579e-21	5.43579e-21	5.43579e-21	5.43579e-21	5.43579e-21	5.43579e-21	5.43579e-21	5.43579e-21	5.43579e-21	5.43579e-21	5.43579e-21	5.43579e-21	5.43579e-21	5.43579e-21	5.43579e-21	5.43579e-21	5.43579e-21	5.43579e-21	5.43579e-21	5.43579e-21	5.43579e-21	5.43579e-21	5.43579e-21	5.43579e-21	5.43579e-21	5.43579e-21	5.43579e-21	5.43579e-21	5.43579e-21	5.43579e-21	5.43579e-21	5.43579e-21	5.43579e-21	5.43579e-21	5.43579e-21	5.43579e-21	5.43579e-21
20.53	6.13387e-28	1.60008e-27	3.10946e-27	5.41841e-27	8.95050e-27	1.43537e-26	2.26191e-26	3.52630e-26	5.46048e-26	8.41928e-26	1.29455e-25	1.98694e-25	3.04612e-25	4.66639e-25	7.14499e-25	1.09366e-24	1.67369e-24	2.56099e-24	3.91833e-24	5.99475e-24	9.17118e-24	1.40304e-23	2.14639e-23	3.28355e-23	5.02316e-23	7.68441e-23	1.17556e-22	1.79838e-22	2.75119e-22	4.20885e-22	6.43886e-22	9.85052e-22	1.50700e-21	2.30556e-21	3.52731e-21	5.38422e-21	5.87798e-21	5.87986e-21	5.87986e-21	5.87986e-21	5.87986e-21	5.87986e-21	5.87986e-21	5.87986e-21	5.87986e-21	5.87986e-21	5.87986e-21	5.87986e-21	5.87986e-21	5.87986e-21	5.87986e-21	5.87986e-21	5.87986e-21	5.87986e-21	5.87986e-21	5.87986e-21	5.87986e-21	5.87986e-21	5.87986e-21	5.87986e-21	5.87986e-21	5.87986e-21	5.87986e-21	5.87986e-21	5.87986e-21	5.87986e-21	5.87986e-21	5.87986e-21	5.87986e-21	5.87986e-21	5.87986e-21	5.87986e-21	5.87986e-21	5.87986e-21	5.87986e-21	5.87986e-21	5.87986e-21	5.87986e-21	5.87986e-21	5.87986e-21	5.87986e-21	5.87986e-21	5.87986e-21	5.87986e-21	5.87986e-21	5.87986e-21	5.87986e-21	5.87986e-21	5.87986e-21	5.87986e-21	5.87986e-21	5.87986e-21	5.87986e-21	5.87986e-21	5.87986e-21	5.87986e-21	5.87986e-21	5.87986e-21	5.87986e-21	5.87986e-21	5.87986e-21	5.87986e-21	5.87986e-21	5.87986e-21	5.87986e-21	5.87986e-21	5.87986e-21	5.87986e-21	5.87986e-21	5.87986e-21	5.87986e-21	5.87986e-21	5.87986e-21	5.87986e-21	5.87986e-21	5.87986e-21	5.87986e-21	5.87986e-21	5.87986e-21	5.87986e-21	5.87986e-21	5.87986e-21	5.87986e-21	5.87986e-21	5.87986e-21	5.87986e-21	5.87986e-21	5.87986e-21	5.87986e-21	5.87986e-21	5.87986e-21	5.87986e-21	5.87986e-21	5.87986e-21	5.87986e-21	5.87986e-21	5.87986e-21	5.87986e-21	5.87986e-21	5.87986e-21	5.87986e-21	5.87986e-21	5.87986e-21	5.87986e-21	5.87986e-21	5.87986e-21	5.87986e-21	5.87986e-21	5.87986e-21	5.87986e-21	5.87986e-21	5.87986e-21	5.87986e-21	5.87986e-21	5.87986e-21	5.87986e-21	5.87986e-21	5.87986e-21	5.87986e-21	5.87986e-21	5.87986e-21	5.87986e-21	5.87986e-21	5.87986e-21	5.87986e-21	5.87986e-21	5.87986e-21	5.87986e-21	5.87986e-21	5.87986e-21	5.87986e-21	5.87986e-21	5.87986e-21	5.87986e-21	5.87986e-21	5.87986e-21	5.87986e-21	5.87986e-21	5.87986e-21	5.87986e-21	5.87986e-21	5.87986e-21	5.87986e-21	5.87986e-21	5.87986e-21	5.87986e-21
20.56	5.24322e-28	1.36775e-27	2.65796e-27	4.63165e-27	7.65087e-27	1.22695e-26	1.93347e-26	3.01427e-26	4.66761e-26	7.19679e-26	1.10658e-25	1.69843e-25	2.60382e-25	3.98882e-25	6.10753e-25	9.34862e-25	1.43067e-24	2.18913e-24	3.34939e-24	5.12430e-24	7.83951e-24	1.19931e-23	1.83473e-23	2.80677e-23	4.29379e-23	6.56863e-23	1.00487e-22	1.53725e-22	2.35172e-22	3.59772e-22	5.50393e-22	8.42021e-22	1.28818e-21	1.97079e-21	3.01514e-21	4.61301e-21	6.30365e-21	6.36013e-21	6.36024e-21	6.36025e-21	6.36025e-21	6.36025e-21	6.36025e-21	6.36025e-21	6.36025e-21	6.36025e-21	6.36025e-21	6.36025e-21	6.36025e-21	6.36025e-21	6.36025e-21	6.36025e-21	6.36025e-21	6.36025e-21	6.36025e-21	6.36025e-21	6.36025e-21	6.36025e-21	6.36025e-21	6.36025e-21	6.36025e-21	6.36025e-21	6.36025e-21	6.36025e-21	6.36025e-21	6.36025e-21	6.36025e-21	6.36025e-21	6.36025e-21	6.36025e-21	6.36025e-21	6.36025e-21	6.36025e-21	6.36025e-21	6.36025e-21	6.36025e-21	6.36025e-21	6.36025e-21	6.36025e-21	6.36025e-21	6.36025e-21	6.36025e-21	6.36025e-21	6.36025e-21	6.36025e-21	6.36025e-21	6.36025e-21	6.36025e-21	6.36025e-21	6.36025e-21	6.36025e-21	6.36025e-21	6.36025e-21	6.36025e-21	6.36025e-21	6.36025e-21	6.36025e-21	6.36025e-21	6.36025e-21	6.36025e-21	6.36025e-21	6.36025e-21	6.36025e-21	6.36025e-21	6.36025e-21	6.36025e-21	6.36025e-21	6.36025e-21	6.36025e-21	6.36025e-21	6.36025e-21	6.36025e-21	6.36025e-21	6.36025e-21	6.36025e-21	6.36025e-21	6.36025e-21	6.36025e-21	6.36025e-21	6.36025e-21	6.36025e-21	6.36025e-21	6.36025e-21	6.36025e-21	6.36025e-21	6.36025e-21	6.36025e-21	6.36025e-21	6.36025e-21	6.36025e-21	6.36025e-21	6.36025e-21	6.36025e-21	6.36025e-21	6.36025e-21	6.36025e-21	6.36025e-21	6.36025e-21	6.36025e-21	6.36025e-21	6.36025e-21	6.36025e-21	6.36025e-21	6.36025e-21	6.36025e-21	6.36025e-21	6.36025e-21	6.36025e-21	6.36025e-21	6.36025e-21	6.36025e-21	6.36025e-21	6.36025e-21	6.36025e-21	6.36025e-21	6.36025e-21	6.36025e-21	6.36025e-21	6.36025e-21	6.36025e-21	6.36025e-21	6.36025e-21	6.36025e-21	6.36025e-21	6.36025e-21	6.36025e-21	6.36025e-21	6.36025e-21	6.36025e-21	6.36025e-21	6.36025e-21	6.36025e-21	6.36025e-21	6.36025e-21	6.36025e-21	6.36025e-21	6.36025e-21	6.36025e-21	6.36025e-21	6.36025e-21	6.36025e-21	6.36025e-21	6.36025e-21	6.36025e-21	6.36025e-21	6.36025e-21
20.60	4.48190e-28	1.16915e-27	2.27202e-27	3.95913e-27	6.53995e-27	1.04879e-26	1.65273e-26	2.57660e-26	3.98987e-26	6.15180e-26	9.45900e-26	1.45182e-25	2.22574e-25	3.40964e-25	5.22071e-25	7.99118e-25	1.22293e-24	1.87126e-24	2.86305e-24	4.38025e-24	6.70120e-24	1.02517e-23	1.56832e-23	2.39922e-23	3.67032e-23	5.61485e-23	8.58960e-23	1.31404e-22	2.01024e-22	3.07532e-22	4.70475e-22	7.19758e-22	1.10114e-21	1.68463e-21	2.57734e-21	3.94319e-21	6.03300e-21	6.87565e-21	6.87992e-21	6.87993e-21	6.87993e-21	6.87993e-21	6.87993e-21	6.87993e-21	6.87993e-21	6.87993e-21	6.87993e-21	6.87993e-21	6.87993e-21	6.87993e-21	6.87993e-21	6.87993e-21	6.87993e-21	6.87993e-21	6.87993e-21	6.87993e-21	6.87993e-21	6.87993e-21	6.87993e-21	6.87993e-21	6.87993e-21	6.87993e-21	6.87993e-21	6.87993e-21	6.87993e-21	6.87993e-21	6.87993e-21	6.87993e-21	6.87993e-21	6.87993e-21	6.87993e-21	6.87993e-21	6.87993e-21	6.87993e-21	6.87993e-21	6.87993e-21	6.87993e-21	6.87993e-21	6.87993e-21	6.87993e-21	6.87993e-21	6.87993e-21	6.87993e-21	6.87993e-21	6.87993e-21	6.87993e-21	6.87993e-21	6.87993e-21	6.87993e-21	6.87993e-21	6.87993e-21	6.87993e-21	6.87993e-21	6.87993e-21	6.87993e-21	6.87993e-21	6.87993e-21	6.87993e-21	6.87993e-21	6.87993e-21	6.87993e-21	6.87993e-21	6.87993e-21	6.87993e-21	6.87993e-21	6.87993e-21	6.87993e-21	6.87993e-21	6.87993e-21	6.87993e-21	6.87993e-21	6.87993e-21	6.87993e-21	6.87993e-21	6.87993e-21	6.87993e-21	6.87993e-21	6.87993e-21	6.87993e-21	6.87993e-21	6.87993e-21	6.87993e-21	6.87993e-21	6.87993e-21	6.87993e-21	6.87993e-21	6.87993e-21	6.87993e-21	6.87993e-21	6.87993e-21	6.87993e-21	6.87993e-21	6.87993e-21	6.87993e-21	6.87993e-21	6.87993e-21	6.87993e-21	6.87993e-21	6.87993e-21	6.87993e-21	6.87993e-21	6.87993e-21	6.87993e-21	6.87993e-21	6.87993e-21	6.87993e-21	6.87993e-21	6.87993e-21	6.87993e-21	6.87993e-21	6.87993e-21	6.87993e-21	6.87993e-21	6.87993e-21	6.87993e-21	6.87993e-21	6.87993e-21	6.87993e-21	6.87993e-21	6.87993e-21	6.87993e-21	6.87993e-21	6.87993e-21	6.87993e-21	6.87993e-21	6.87993e-21	6.87993e-21	6.87993e-21	6.87993e-21	6.87993e-21	6.87993e-21	6.87993e-21	6.87993e-21	6.87993e-21	6.87993e-21	6.87993e-21	6.87993e-21	6.87993e-21	6.87993e-21	6.87993e-21	6.87993e-21	6.87993e-21	6.87993e-21	6.87993e-21	6.87993e-21	6.87993e-21
20.63	3.83112e-28	9.99386e-28	1.94212e-27	3.38426e-27	5.59034e-27	8.96507e-27	1.41275e-26	2.20247e-26	3.41053e-26	5.25855e-26	8.08554e-26	1.24101e-25	1.90256e-25	2.91455e-25	4.46265e-25	6.83085e-25	1.04536e-24	1.59955e-24	2.44733e-24	3.74423e-24	5.72818e-24	8.76316e-24	1.34060e-23	2.05085e-23	3.13739e-23	4.79957e-23	7.34238e-23	1.12324e-22	1.71835e-22	2.62878e-22	4.02161e-22	6.15248e-22	9.41251e-22	1.44001e-21	2.20311e-21	3.37063e-21	5.15700e-21	7.32173e-21	7.44186e-21	7.44213e-21	7.44213e-21	7.44213e-21	7.44213e-21	7.44213e-21	7.44213e-21	7.44213e-21	7.44213e-21	7.44213e-21	7.44213e-21	7.44213e-21	7.44213e-21	7.44213e-21	7.44213e-21	7.44213e-21	7.44213e-21	7.44213e-21	7.44213e-21	7.44213e-21	7.44213e-21	7.44213e-21	7.44213e-21	7.44213e-21	7.44213e-21	7.44213e-21	7.44213e-21	7.44213e-21	7.44213e-21	7.44213e-21	7.44213e-21	7.44213e-21	7.44213e-21	7.44213e-21	7.44213e-21	7.44213e-21	7.44213e-21	7.44213e-21	7.44213e-21	7.44213e-21	7.44213e-21	7.44213e-21	7.44213e-21	7.44213e-21	7.44213e-21	7.44213e-21	7.44213e-21	7.44213e-21	7.44213e-21	7.44213e-21	7.44213e-21	7.44213e-21	7.44213e-21	7.44213e-21	7.44213e-21	7.44213e-21	7.44213e-21	7.44213e-21	7.44213e-21	7.44213e-21	7.44213e-21	7.44213e-21	7.44213e-21	7.44213e-21	7.44213e-21	7.44213e-21	7.44213e-21	7.44213e-21	7.44213e-21	7.44213e-21	7.44213e-21	7.44213e-21	7.44213e-21	7.44213e-21	7.44213e-21	7.44213e-21	7.44213e-21	7.44213e-21	7.44213e-21	7.44213e-21	7.44213e-21	7.44213e-21	7.44213e-21	7.44213e-21	7.44213e-21	7.44213e-21	7.44213e-21	7.44213e-21	7.44213e-21	7.44213e-21	7.44213e-21	7.44213e-21	7.44213e-21	7.44213e-21	7.44213e-21	7.44213e-21	7.44213e-21	7.44213e-21	7.44213e-21	7.44213e-21	7.44213e-21	7.44213e-21	7.44213e-21	7.44213e-21	7.44213e-21	7.44213e-21	7.44213e-21	7.44213e-21	7.44213e-21	7.44213e-21	7.44213e-21	7.44213e-21	7.44213e-21	7.44213e-21	7.44213e-21	7.44213e-21	7.44213e-21	7.44213e-21	7.44213e-21	7.44213e-21	7.44213e-21	7.44213e-21	7.44213e-21	7.44213e-21	7.44213e-21	7.44213e-21	7.44213e-21	7.44213e-21	7.44213e-21	7.44213e-21	7.44213e-21	7.44213e-21	7.44213e-21	7.44213e-21	7.44213e-21	7.44213e-21	7.44213e-21	7.44213e-21	7.44213e-21	7.44213e-21	7.44213e-21	7.44213e-21	7.44213e-21	7.44213e-21	7.44213e-21	7.44213e-21	7.44213e-21	7.44213e-21
20.66	3.27484e-28	8.54274e-28	1.66012e-27	2.89286e-27	4.77862e-27	7.66333e-27	1.20762e-26	1.88267e-26	2.91532e-26	4.49500e-26	6.91151e-26	1.06081e-25	1.62630e-25	2.49136e-25	3.81467e-25	5.83900e-25	8.93573e-25	1.36730e-24	2.09197e-24	3.20056e-24	4.89644e-24	7.49073e-24	1.14594e-23	1.75306e-23	2.68183e-23	4.10266e-23	6.27625e-23	9.60146e-23	1.46885e-22	2.24708e-22	3.43767e-22	5.25913e-22	8.04580e-22	1.23092e-21	1.88321e-21	2.88121e-21	4.40819e-21	6.74461e-21	8.04068e-21	8.05033e-21	8.05035e-21	8.05035e-21	8.05035e-21	8.05035e-21	8.05035e-21	8.05035e-21	8.05035e-21	8.05035e-21	8.05035e-21	8.05035e-21	8.05035e-21	8.05035e-21	8.05035e-21	8.05035e-21	8.05035e-21	8.05035e-21	8.05035e-21	8.05035e-21	8.05035e-21	8.05035e-21	8.05035e-21	8.05035e-21	8.05035e-21	8.05035e-21	8.05035e-21	8.05035e-21	8.05035e-21	8.05035e-21	8.05035e-21	8.05035e-21	8.05035e-21	8.05035e-21	8.05035e-21	8.05035e-21	8.05035e-21	8.05035e-21	8.05035e-21	8.05035e-21	8.05035e-21	8.05035e-21	8.05035e-21	8.05035e-21	8.05035e-21	8.05035e-21	8.05035e-21	8.05035e-21	8.05035e-21	8.05035e-21	8.05035e-21	8.05035e-21	8.05035e-21	8.05035e-21	8.05035e-21	8.05035e-21	8.05035e-21	8.05035e-21	8.05035e-21	8.05035e-21	8.05035e-21	8.05035e-21	8.05035e-21	8.05035e-21	8.05035e-21	8.05035e-21	8.05035e-21	8.05035e-21	8.05035e-21	8.05035e-21	8.05035e-21	8.05035e-21	8.05035e-21	8.05035e-21	8.05035e-21	8.05035e-21	8.05035e-21	8.05035e-21	8.05035e-21	8.05035e-21	8.05035e-21	8.05035e-21	8.05035e-21	8.05035e-21	8.05035e-21	8.05035e-21	8.05035e-21	8.05035e-21	8.05035e-21	8.05035e-21	8.05035e-21	8.05035e-21	8.05035e-21	8.05035e-21	8.05035e-21	8.05035e-21	8.05035e-21	8.05035e-21	8.05035e-21	8.05035e-21	8.05035e-21	8.05035e-21	8.05035e-21	8.05035e-21	8.05035e-21	8.05035e-21	8.05035e-21	8.05035e-21	8.05035e-21	8.05035e-21	8.05035e-21	8.05035e-21	8.05035e-21	8.05035e-21	8.05035e-21	8.05035e-21	8.05035e-21	8.05035e-21	8.05035e-21	8.05035e-21	8.05035e-21	8.05035e-21	8.05035e-21	8.05035e-21	8.05035e-21	8.05035e-21	8.05035e-21	8.05035e-21	8.05035e-21	8.05035e-21	8.05035e-21	8.05035e-21	8.05035e-21	8.05035e-21	8.05035e-21	8.05035e-21	8.05035e-21	8.05035e-21	8.05035e-21	8.05035e-21	8.05035e-21	8.05035e-21	8.05035e-21	8.05035e-21	8.05035e-21	8.05035e-21	8.05035e-21	8.05035e-21
20.70	2.79933e-28	7.30232e-28	1.41907e-27	2.47281e-27	4.08475e-27	6.55060e-27	1.03227e-26	1.60930e-26	2.49201e-26	3.84232e-26	5.90795e-26	9.06782e-26	1.39016e-25	2.12961e-25	3.26077e-25	4.99117e-25	7.63825e-25	1.16876e-24	1.78822e-24	2.73583e-24	4.18547e-24	6.40307e-24	9.79550e-24	1.49852e-23	2.29243e-23	3.50695e-23	5.36493e-23	8.20731e-23	1.25557e-22	1.92080e-22	2.93851e-22	4.49550e-22	6.87754e-22	1.05219e-21	1.60977e-21	2.46286e-21	3.76812e-21	5.76528e-21	8.45900e-21	8.70771e-21	8.70835e-21	8.70835e-21	8.70835e-21	8.70835e-21	8.70835e-21	8.70835e-21	8.70835e-21	8.70835e-21	8.70835e-21	8.70835e-21	8.70835e-21	8.70835e-21	8.70835e-21	8.70835e-21	8.70835e-21	8.70835e-21	8.70835e-21	8.70835e-21	8.70835e-21	8.70835e-21	8.70835e-21	8.70835e-21	8.70835e-21	8.70835e-21	8.70835e-21	8.70835e-21	8.70835e-21	8.70835e-21	8.70835e-21	8.70835e-21	8.70835e-21	8.70835e-21	8.70835e-21	8.70835e-21	8.70835e-21	8.70835e-21	8.70835e-21	8.70835e-21	8.70835e-21	8.70835e-21	8.70835e-21	8.70835e-21	8.70835e-21	8.70835e-21	8.70835e-21	8.70835e-21	8.70835e-21	8.70835e-21	8.70835e-21	8.70835e-21	8.70835e-21	8.70835e-21	8.70835e-21	8.70835e-21	8.70835e-21	8.70835e-21	8.70835e-21	8.70835e-21	8.70835e-21	8.70835e-21	8.70835e-21	8.70835e-21	8.70835e-21	8.70835e-21	8.70835e-21	8.70835e-21	8.70835e-21	8.70835e-21	8.70835e-21	8.70835e-21	8.70835e-21	8.70835e-21	8.70835e-21	8.70835e-21	8.70835e-21	8.70835e-21	8.70835e-21	8.70835e-21	8.70835e-21	8.70835e-21	8.70835e-21	8.70835e-21	8.70835e-21	8.70835e-21	8.70835e-21	8.70835e-21	8.70835e-21	8.70835e-21	8.70835e-21	8.70835e-21	8.70835e-21	8.70835e-21	8.70835e-21	8.70835e-21	8.70835e-21	8.70835e-21	8.70835e-21	8.70835e-21	8.70835e-21	8.70835e-21	8.70835e-21	8.70835e-21	8.70835e-21	8.70835e-21	8.70835e-21	8.70835e-21	8.70835e-21	8.70835e-21	8.70835e-21	8.70835e-21	8.70835e-21	8.70835e-21	8.70835e-21	8.70835e-21	8.70835e-21	8.70835e-21	8.70835e-21	8.70835e-21	8.70835e-21	8.70835e-21	8.70835e-21	8.70835e-21	8.70835e-21	8.70835e-21	8.70835e-21	8.70835e-21	8.70835e-21	8.70835e-21	8.70835e-21	8.70835e-21	8.70835e-21	8.70835e-21	8.70835e-21	8.70835e-21	8.70835e-21	8.70835e-21	8.70835e-21	8.70835e-21	8.70835e-21	8.70835e-21	8.70835e-21	8.70835e-21	8.70835e-21	8.70835e-21	8.70835e-21	8.70835e-21
20.73	2.39286e-28	6.24201e-28	1.21302e-27	2.11375e-27	3.49164e-27	5.59944e-27	8.82383e-27	1.37563e-26	2.13017e-26	3.28441e-26	5.05010e-26	7.75116e-26	1.18831e-25	1.82039e-25	2.78730e-25	4.26644e-25	6.52916e-25	9.99056e-25	1.52856e-24	2.33859e-24	3.57773e-24	5.47333e-24	8.37317e-24	1.28093e-23	1.95956e-23	2.99773e-23	4.58594e-23	7.01560e-23	1.07326e-22	1.64190e-22	2.51184e-22	3.84274e-22	5.87891e-22	8.99411e-22	1.37603e-21	2.10525e-21	3.22098e-21	4.92816e-21	7.54037e-21	9.39861e-21	9.42019e-21	9.42022e-21	9.42022e-21	9.42022e-21	9.42022e-21	9.42022e-21	9.42022e-21	9.42022e-21	9.42022e-21	9.42022e-21	9.42022e-21	9.42022e-21	9.42022e-21	9.42022e-21	9.42022e-21	9.42022e-21	9.42022e-21	9.42022e-21	9.42022e-21	9.42022e-21	9.42022e-21	9.42022e-21	9.42022e-21	9.42022e-21	9.42022e-21	9.42022e-21	9.42022e-21	9.42022e-21	9.42022e-21	9.42022e-21	9.42022e-21	9.42022e-21	9.42022e-21	9.42022e-21	9.42022e-21	9.42022e-21	9.42022e-21	9.42022e-21	9.42022e-21	9.42022e-21	9.42022e-21	9.42022e-21	9.42022e-21	9.42022e-21	9.42022e-21	9.42022e-21	9.42022e-21	9.42022e-21	9.42022e-21	9.42022e-21	9.42022e-21	9.42022e-21	9.42022e-21	9.42022e-21	9.42022e-21	9.42022e-21	9.42022e-21	9.42022e-21	9.42022e-21	9.42022e-21	9.42022e-21	9.42022e-21	9.42022e-21	9.42022e-21	9.42022e-21	9.42022e-21	9.42022e-21	9.42022e-21	9.42022e-21	9.42022e-21	9.42022e-21	9.42022e-21	9.42022e-21	9.42022e-21	9.42022e-21	9.42022e-21	9.42022e-21	9.42022e-21	9.42022e-21	9.42022e-21	9.42022e-21	9.42022e-21	9.42022e-21	9.42022e-21	9.42022e-21	9.42022e-21	9.42022e-21	9.42022e-21	9.42022e-21	9.42022e-21	9.42022e-21	9.42022e-21	9.42022e-21	9.42022e-21	9.42022e-21	9.42022e-21	9.42022e-21	9.42022e-21	9.42022e-21	9.42022e-21	9.42022e-21	9.42022e-21	9.42022e-21	9.42022e-21	9.42022e-21	9.42022e-21	9.42022e-21	9.42022e-21	9.42022e-21	9.42022e-21	9.42022e-21	9.42022e-21	9.42022e-21	9.42022e-21	9.42022e-21	9.42022e-21	9.42022e-21	9.42022e-21	9.42022e-21	9.42022e-21	9.42022e-21	9.42022e-21	9.42022e-21	9.42022e-21	9.42022e-21	9.42022e-21	9.42022e-21	9.42022e-21	9.42022e-21	9.42022e-21	9.42022e-21	9.42022e-21	9.42022e-21	9.42022e-21	9.42022e-21	9.42022e-21	9.42022e-21	9.42022e-21	9.42022e-21	9.42022e-21	9.42022e-21	9.42022e-21	9.42022e-21	9.42022e-21	9.42022e-21	9.42022e-21
20.77	2.04541e-28	5.33566e-28	1.03689e-27	1.80683e-27	2.98465e-27	4.78640e-27	7.54259e-27	1.17589e-26	1.82086e-26	2.80751e-26	4.31682e-26	6.62568e-26	1.01576e-25	1.55606e-25	2.38258e-25	3.64695e-25	5.58112e-25	8.53991e-25	1.30661e-24	1.99902e-24	3.05824e-24	4.67860e-24	7.15738e-24	1.09494e-23	1.67503e-23	2.56246e-23	3.92005e-23	5.99692e-23	9.17418e-23	1.40349e-22	2.14711e-22	3.28477e-22	5.02528e-22	7.68815e-22	1.17622e-21	1.79956e-21	2.75329e-21	4.21258e-21	6.44550e-21	9.69338e-21	1.01889e-20	1.01904e-20	1.01904e-20	1.01904e-20	1.01904e-20	1.01904e-20	1.01904e-20	1.01904e-20	1.01904e-20	1.01904e-20	1.01904e-20	1.01904e-20	1.01904e-20	1.01904e-20	1.01904e-20	1.01904e-20	1.01904e-20	1.01904e-20	1.01904e-20	1.01904e-20	1.01904e-20	1.01904e-20	1.01904e-20	1.01904e-20	1.01904e-20	1.01904e-20	1.01904e-20	1.01904e-20	1.01904e-20	1.01904e-20	1.01904e-20	1.01904e-20	1.01904e-20	1.01904e-20	1.01904e-20	1.01904e-20	1.01904e-20	1.01904e-20	1.01904e-20	1.01904e-20	1.01904e-20	1.01904e-20	1.01904e-20	1.01904e-20	1.01904e-20	1.01904e-20	1.01904e-20	1.01904e-20	1.01904e-20	1.01904e-20	1.01904e-20	1.01904e-20	1.01904e-20	1.01904e-20	1.01904e-20	1.01904e-20	1.01904e-20	1.01904e-20	1.01904e-20	1.01904e-20	1.01904e-20	1.01904e-20	1.01904e-20	1.01904e-20	1.01904e-20	1.01904e-20	1.01904e-20	1.01904e-20	1.01904e-20	1.01904e-20	1.01904e-20	1.01904e-20	1.01904e-20	1.01904e-20	1.01904e-20	1.01904e-20	1.01904e-20	1.01904e-20	1.01904e-20	1.01904e-20	1.01904e-20	1.01904e-20	1.01904e-20	1.01904e-20	1.01904e-20	1.01904e-20	1.01904e-20	1.01904e-20	1.01904e-20	1.01904e-20	1.01904e-20	1.01904e-20	1.01904e-20	1.01904e-20	1.01904e-20	1.01904e-20	1.01904e-20	1.01904e-20	1.01904e-20	1.01904e-20	1.01904e-20	1.01904e-20	1.01904e-20	1.01904e-20	1.01904e-20	1.01904e-20	1.01904e-20	1.01904e-20	1.01904e-20	1.01904e-20	1.01904e-20	1.01904e-20	1.01904e-20	1.01904e-20	1.01904e-20	1.01904e-20	1.01904e-20	1.01904e-20	1.01904e-20	1.01904e-20	1.01904e-20	1.01904e-20	1.01904e-20	1.01904e-20	1.01904e-20	1.01904e-20	1.01904e-20	1.01904e-20	1.01904e-20	1.01904e-20	1.01904e-20	1.01904e-20	1.01904e-20	1.01904e-20	1.01904e-20	1.01904e-20	1.01904e-20	1.01904e-20	1.01904e-20	1.01904e-20	1.01904e-20	1.01904e-20	1.01904e-20	1.01904e-20	1.01904e-20	1.01904e-20
20.80	1.74842e-28	4.56091e-28	8.86329e-28	1.54448e-27	2.55127e-27	4.09140e-27	6.44740e-27	1.00514e-26	1.55647e-26	2.39985e-26	3.69001e-26	5.66362e-26	8.68273e-26	1.33012e-25	2.03663e-25	3.11741e-25	4.77073e-25	7.29990e-25	1.11689e-24	1.70876e-24	2.61418e-24	3.99926e-24	6.11811e-24	9.35950e-24	1.43181e-23	2.19039e-23	3.35085e-23	5.12616e-23	7.84207e-23	1.19970e-22	1.83535e-22	2.80782e-22	4.29560e-22	6.57182e-22	1.00543e-21	1.53826e-21	2.35351e-21	3.60091e-21	5.50960e-21	8.43030e-21	1.09759e-20	1.10236e-20	1.10237e-20	1.10237e-20	1.10237e-20	1.10237e-20	1.10237e-20	1.10237e-20	1.10237e-20	1.10237e-20	1.10237e-20	1.10237e-20	1.10237e-20	1.10237e-20	1.10237e-20	1.10237e-20	1.10237e-20	1.10237e-20	1.10237e-20	1.10237e-20	1.10237e-20	1.10237e-20	1.10237e-20	1.10237e-20	1.10237e-20	1.10237e-20	1.10237e-20	1.10237e-20	1.10237e-20	1.10237e-20	1.10237e-20	1.10237e-20	1.10237e-20	1.10237e-20	1.10237e-20	1.10237e-20	1.10237e-20	1.10237e-20	1.10237e-20	1.10237e-20	1.10237e-20	1.10237e-20	1.10237e-20	1.10237e-20	1.10237e-20	1.10237e-20	1.10237e-20	1.10237e-20	1.10237e-20	1.10237e-20	1.10237e-20	1.10237e-20	1.10237e-20	1.10237e-20	1.10237e-20	1.10237e-20	1.10237e-20	1.10237e-20	1.10237e-20	1.10237e-20	1.10237e-20	1.10237e-20	1.10237e-20	1.10237e-20	1.10237e-20	1.10237e-20	1.10237e-20	1.10237e-20	1.10237e-20	1.10237e-20	1.10237e-20	1.10237e-20	1.10237e-20	1.10237e-20	1.10237e-20	1.10237e-20	1.10237e-20	1.10237e-20	1.10237e-20	1.10237e-20	1.10237e-20	1.10237e-20	1.10237e-20	1.10237e-20	1.10237e-20	1.10237e-20	1.10237e-20	1.10237e-20	1.10237e-20	1.10237e-20	1.10237e-20	1.10237e-20	1.10237e-20	1.10237e-20	1.10237e-20	1.10237e-20	1.10237e-20	1.10237e-20	1.10237e-20	1.10237e-20	1.10237e-20	1.10237e-20	1.10237e-20	1.10237e-20	1.10237e-20	1.10237e-20	1.10237e-20	1.10237e-20	1.10237e-20	1.10237e-20	1.10237e-20	1.10237e-20	1.10237e-20	1.10237e-20	1.10237e-20	1.10237e-20	1.10237e-20	1.10237e-20	1.10237e-20	1.10237e-20	1.10237e-20	1.10237e-20	1.10237e-20	1.10237e-20	1.10237e-20	1.10237e-20	1.10237e-20	1.10237e-20	1.10237e-20	1.10237e-20	1.10237e-20	1.10237e-20	1.10237e-20	1.10237e-20	1.10237e-20	1.10237e-20	1.10237e-20	1.10237e-20	1.10237e-20	1.10237e-20	1.10237e-20	1.10237e-20	1.10237e-20	1.10237e-20	1.10237e-20	1.10237e-20
20.83	1.49454e-28	3.89866e-28	7.57633e-28	1.32022e-27	2.18083e-27	3.49733e-27	5.51123e-27	8.59196e-27	1.33047e-26	2.05139e-26	3.15422e-26	4.84125e-26	7.42199e-26	1.13698e-25	1.74091e-25	2.66475e-25	4.07801e-25	6.23995e-25	9.54718e-25	1.46065e-24	2.23459e-24	3.41856e-24	5.22975e-24	8.00049e-24	1.22391e-23	1.87234e-23	2.86430e-23	4.38183e-23	6.70339e-23	1.02550e-22	1.56885e-22	2.40012e-22	3.67188e-22	5.61758e-22	8.59444e-22	1.31490e-21	2.01177e-21	3.07805e-21	4.70960e-21	7.20621e-21	1.09885e-20	1.19218e-20	1.19252e-20	1.19252e-20	1.19252e-20	1.19252e-20	1.19252e-20	1.19252e-20	1.19252e-20	1.19252e-20	1.19252e-20	1.19252e-20	1.19252e-20	1.19252e-20	1.19252e-20	1.19252e-20	1.19252e-20	1.19252e-20	1.19252e-20	1.19252e-20	1.19252e-20	1.19252e-20	1.19252e-20	1.19252e-20	1.19252e-20	1.19252e-20	1.19252e-20	1.19252e-20	1.19252e-20	1.19252e-20	1.19252e-20	1.19252e-20	1.19252e-20	1.19252e-20	1.19252e-20	1.19252e-20	1.19252e-20	1.19252e-20	1.19252e-20	1.19252e-20	1.19252e-20	1.19252e-20	1.19252e-20	1.19252e-20	1.19252e-20	1.19252e-20	1.19252e-20	1.19252e-20	1.19252e-20	1.19252e-20	1.19252e-20	1.19252e-20	1.19252e-20	1.19252e-20	1.19252e-20	1.19252e-20	1.19252e-20	1.19252e-20	1.19252e-20	1.19252e-20	1.19252e-20	1.19252e-20	1.19252e-20	1.19252e-20	1.19252e-20	1.19252e-20	1.19252e-20	1.19252e-20	1.19252e-20	1.19252e-20	1.19252e-20	1.19252e-20	1.19252e-20	1.19252e-20	1.19252e-20	1.19252e-20	1.19252e-20	1.19252e-20	1.19252e-20	1.19252e-20	1.19252e-20	1.19252e-20	1.19252e-20	1.19252e-20	1.19252e-20	1.19252e-20	1.19252e-20	1.19252e-20	1.19252e-20	1.19252e-20	1.19252e-20	1.19252e-20	1.19252e-20	1.19252e-20	1.19252e-20	1.19252e-20	1.19252e-20	1.19252e-20	1.19252e-20	1.19252e-20	1.19252e-20	1.19252e-20	1.19252e-20	1.19252e-20	1.19252e-20	1.19252e-20	1.19252e-20	1.19252e-20	1.19252e-20	1.19252e-20	1.19252e-20	1.19252e-20	1.19252e-20	1.19252e-20	1.19252e-20	1.19252e-20	1.19252e-20	1.19252e-20	1.19252e-20	1.19252e-20	1.19252e-20	1.19252e-20	1.19252e-20	1.19252e-20	1.19252e-20	1.19252e-20	1.19252e-20	1.19252e-20	1.19252e-20	1.19252e-20	1.19252e-20	1.19252e-20	1.19252e-20	1.19252e-20	1.19252e-20	1.19252e-20	1.19252e-20	1.19252e-20	1.19252e-20	1.19252e-20	1.19252e-20	1.19252e-20	1.19252e-20	1.19252e-20	1.19252e-20	1.19252e-20
20.87	1.27753e-28	3.33257e-28	6.47623e-28	1.12852e-27	1.86417e-27	2.98951e-27	4.71099e-27	7.34440e-27	1.13728e-26	1.75353e-26	2.69622e-26	4.13830e-26	6.34430e-26	9.71892e-26	1.48812e-25	2.27783e-25	3.48588e-25	5.33390e-25	8.16091e-25	1.24856e-24	1.91013e-24	2.92218e-24	4.47039e-24	6.83881e-24	1.04620e-23	1.60047e-23	2.44840e-23	3.74558e-23	5.73005e-23	8.76598e-23	1.34105e-22	2.05162e-22	3.13871e-22	4.80190e-22	7.34651e-22	1.12398e-21	1.71966e-21	2.63111e-21	4.02576e-21	6.15985e-21	9.42561e-21	1.27968e-20	1.29005e-20	1.29007e-20	1.29007e-20	1.29007e-20	1.29007e-20	1.29007e-20	1.29007e-20	1.29007e-20	1.29007e-20	1.29007e-20	1.29007e-20	1.29007e-20	1.29007e-20	1.29007e-20	1.29007e-20	1.29007e-20	1.29007e-20	1.29007e-20	1.29007e-20	1.29007e-20	1.29007e-20	1.29007e-20	1.29007e-20	1.29007e-20	1.29007e-20	1.29007e-20	1.29007e-20	1.29007e-20	1.29007e-20	1.29007e-20	1.29007e-20	1.29007e-20	1.29007e-20	1.29007e-20	1.29007e-20	1.29007e-20	1.29007e-20	1.29007e-20	1.29007e-20	1.29007e-20	1.29007e-20	1.29007e-20	1.29007e-20	1.29007e-20	1.29007e-20	1.29007e-20	1.29007e-20	1.29007e-20	1.29007e-20	1.29007e-20	1.29007e-20	1.29007e-20	1.29007e-20	1.29007e-20	1.29007e-20	1.29007e-20	1.29007e-20	1.29007e-20	1.29007e-20	1.29007e-20	1.29007e-20	1.29007e-20	1.29007e-20	1.29007e-20	1.29007e-20	1.29007e-20	1.29007e-20	1.29007e-20	1.29007e-20	1.29007e-20	1.29007e-20	1.29007e-20	1.29007e-20	1.29007e-20	1.29007e-20	1.29007e-20	1.29007e-20	1.29007e-20	1.29007e-20	1.29007e-20	1.29007e-20	1.29007e-20	1.29007e-20	1.29007e-20	1.29007e-20	1.29007e-20	1.29007e-20	1.29007e-20	1.29007e-20	1.29007e-20	1.29007e-20	1.29007e-20	1.29007e-20	1.29007e-20	1.29007e-20	1.29007e-20	1.29007e-20	1.29007e-20	1.29007e-20	1.29007e-20	1.29007e-20	1.29007e-20	1.29007e-20	1.29007e-20	1.29007e-20	1.29007e-20	1.29007e-20	1.29007e-20	1.29007e-20	1.29007e-20	1.29007e-20	1.29007e-20	1.29007e-20	1.29007e-20	1.29007e-20	1.29007e-20	1.29007e-20	1.29007e-20	1.29007e-20	1.29007e-20	1.29007e-20	1.29007e-20	1.29007e-20	1.29007e-20	1.29007e-20	1.29007e-20	1.29007e-20	1.29007e-20	1.29007e-20	1.29007e-20	1.29007e-20	1.29007e-20	1.29007e-20	1.29007e-20	1.29007e-20	1.29007e-20	1.29007e-20	1.29007e-20	1.29007e-20	1.29007e-20	1.29007e-20	1.29007e-20	1.29007e-20	1.29007e-20
20.90	1.09203e-28	2.84868e-28	5.53587e-28	9.64658e-28	1.59349e-27	2.55543e-27	4.02694e-27	6.27798e-27	9.72147e-27	1.49891e-26	2.30472e-26	3.53741e-26	5.42310e-26	8.30772e-26	1.27205e-25	1.94708e-25	2.97972e-25	4.55941e-25	6.97594e-25	1.06726e-24	1.63277e-24	2.49787e-24	3.82128e-24	5.84580e-24	8.94289e-24	1.36808e-23	2.09289e-23	3.20172e-23	4.89804e-23	7.49315e-23	1.14633e-22	1.75372e-22	2.68297e-22	4.10466e-22	6.27979e-22	9.60774e-22	1.46996e-21	2.24907e-21	3.44121e-21	5.26543e-21	8.05700e-21	1.23289e-20	1.39484e-20	1.39562e-20	1.39562e-20	1.39562e-20	1.39562e-20	1.39562e-20	1.39562e-20	1.39562e-20	1.39562e-20	1.39562e-20	1.39562e-20	1.39562e-20	1.39562e-20	1.39562e-20	1.39562e-20	1.39562e-20	1.39562e-20	1.39562e-20	1.39562e-20	1.39562e-20	1.39562e-20	1.39562e-20	1.39562e-20	1.39562e-20	1.39562e-20	1.39562e-20	1.39562e-20	1.39562e-20	1.39562e-20	1.39562e-20	1.39562e-20	1.39562e-20	1.39562e-20	1.39562e-20	1.39562e-20	1.39562e-20	1.39562e-20	1.39562e-20	1.39562e-20	1.39562e-20	1.39562e-20	1.39562e-20	1.39562e-20	1.39562e-20	1.39562e-20	1.39562e-20	1.39562e-20	1.39562e-20	1.39562e-20	1.39562e-20	1.39562e-20	1.39562e-20	1.39562e-20	1.39562e-20	1.39562e-20	1.39562e-20	1.39562e-20	1.39562e-20	1.39562e-20	1.39562e-20	1.39562e-20	1.39562e-20	1.39562e-20	1.39562e-20	1.39562e-20	1.39562e-20	1.39562e-20	1.39562e-20	1.39562e-20	1.39562e-20	1.39562e-20	1.39562e-20	1.39562e-20	1.39562e-20	1.39562e-20	1.39562e-20	1.39562e-20	1.39562e-20	1.39562e-20	1.39562e-20	1.39562e-20	1.39562e-20	1.39562e-20	1.39562e-20	1.39562e-20	1.39562e-20	1.39562e-20	1.39562e-20	1.39562e-20	1.39562e-20	1.39562e-20	1.39562e-20	1.39562e-20	1.39562e-20	1.39562e-20	1.39562e-20	1.39562e-20	1.39562e-20	1.39562e-20	1.39562e-20	1.39562e-20	1.39562e-20	1.39562e-20	1.39562e-20	1.39562e-20	1.39562e-20	1.39562e-20	1.39562e-20	1.39562e-20	1.39562e-20	1.39562e-20	1.39562e-20	1.39562e-20	1.39562e-20	1.39562e-20	1.39562e-20	1.39562e-20	1.39562e-20	1.39562e-20	1.39562e-20	1.39562e-20	1.39562e-20	1.39562e-20	1.39562e-20	1.39562e-20	1.39562e-20	1.39562e-20	1.39562e-20	1.39562e-20	1.39562e-20	1.39562e-20	1.39562e-20	1.39562e-20	1.39562e-20	1.39562e-20	1.39562e-20	1.39562e-20	1.39562e-20	1.39562e-20	1.39562e-20	1.39562e-20	1.39562e-20	1.39562e-20	1.39562e-20
20.94	9.33468e-29	2.43504e-28	4.73206e-28	8.24588e-28	1.36211e-27	2.18438e-27	3.44223e-27	5.36641e-27	8.30990e-27	1.28127e-26	1.97007e-26	3.02377e-26	4.63566e-26	7.10143e-26	1.08734e-25	1.66436e-25	2.54706e-25	3.89737e-25	5.96302e-25	9.12296e-25	1.39569e-24	2.13518e-24	3.26642e-24	4.99698e-24	7.64437e-24	1.16943e-23	1.78900e-23	2.73682e-23	4.18684e-23	6.40513e-23	9.79882e-23	1.49908e-22	2.29340e-22	3.50865e-22	5.36795e-22	8.21268e-22	1.25652e-21	1.92250e-21	2.94154e-21	4.50088e-21	6.88711e-21	1.05389e-20	1.48763e-20	1.50978e-20	1.50983e-20	1.50983e-20	1.50983e-20	1.50983e-20	1.50983e-20	1.50983e-20	1.50983e-20	1.50983e-20	1.50983e-20	1.50983e-20	1.50983e-20	1.50983e-20	1.50983e-20	1.50983e-20	1.50983e-20	1.50983e-20	1.50983e-20	1.50983e-20	1.50983e-20	1.50983e-20	1.50983e-20	1.50983e-20	1.50983e-20	1.50983e-20	1.50983e-20	1.50983e-20	1.50983e-20	1.50983e-20	1.50983e-20	1.50983e-20	1.50983e-20	1.50983e-20	1.50983e-20	1.50983e-20	1.50983e-20	1.50983e-20	1.50983e-20	1.50983e-20	1.50983e-20	1.50983e-20	1.50983e-20	1.50983e-20	1.50983e-20	1.50983e-20	1.50983e-20	1.50983e-20	1.50983e-20	1.50983e-20	1.50983e-20	1.50983e-20	1.50983e-20	1.50983e-20	1.50983e-20	1.50983e-20	1.50983e-20	1.50983e-20	1.50983e-20	1.50983e-20	1.50983e-20	1.50983e-20	1.50983e-20	1.50983e-20	1.50983e-20	1.50983e-20	1.50983e-20	1.50983e-20	1.50983e-20	1.50983e-20	1.50983e-20	1.50983e-20	1.50983e-20	1.50983e-20	1.50983e-20	1.50983e-20	1.50983e-20	1.50983e-20	1.50983e-20	1.50983e-20	1.50983e-20	1.50983e-20	1.50983e-20	1.50983e-20	1.50983e-20	1.50983e-20	1.50983e-20	1.50983e-20	1.50983e-20	1.50983e-20	1.50983e-20	1.50983e-20	1.50983e-20	1.50983e-20	1.50983e-20	1.50983e-20	1.50983e-20	1.50983e-20	1.50983e-20	1.50983e-20	1.50983e-20	1.50983e-20	1.50983e-20	1.50983e-20	1.50983e-20	1.50983e-20	1.50983e-20	1.50983e-20	1.50983e-20	1.50983e-20	1.50983e-20	1.50983e-20	1.50983e-20	1.50983e-20	1.50983e-20	1.50983e-20	1.50983e-20	1.50983e-20	1.50983e-20	1.50983e-20	1.50983e-20	1.50983e-20	1.50983e-20	1.50983e-20	1.50983e-20	1.50983e-20	1.50983e-20	1.50983e-20	1.50983e-20	1.50983e-20	1.50983e-20	1.50983e-20	1.50983e-20	1.50983e-20	1.50983e-20	1.50983e-20	1.50983e-20	1.50983e-20	1.50983e-20	1.50983e-20	1.50983e-20	1.50983e-20	1.50983e-20	1.50983e-20
20.97	7.97927e-29	2.08147e-28	4.04496e-28	7.04856e-28	1.16433e-27	1.86720e-27	2.94241e-27	4.58720e-27	7.10329e-27	1.09523e-26	1.68402e-26	2.58472e-26	3.96255e-26	6.07029e-26	9.29459e-26	1.42270e-25	2.17723e-25	3.33147e-25	5.09718e-25	7.79829e-25	1.19304e-24	1.82515e-24	2.79213e-24	4.27141e-24	6.53439e-24	9.99630e-24	1.52923e-23	2.33943e-23	3.57890e-23	5.47509e-23	8.37601e-23	1.28141e-22	1.96039e-22	2.99919e-22	4.58852e-22	7.02019e-22	1.07407e-21	1.64335e-21	2.51443e-21	3.84735e-21	5.88709e-21	9.00862e-21	1.37860e-20	1.63164e-20	1.63341e-20	1.63341e-20	1.63341e-20	1.63341e-20	1.63341e-20	1.63341e-20	1.63341e-20	1.63341e-20	1.63341e-20	1.63341e-20	1.63341e-20	1.63341e-20	1.63341e-20	1.63341e-20	1.63341e-20	1.63341e-20	1.63341e-20	1.63341e-20	1.63341e-20	1.63341e-20	1.63341e-20	1.63341e-20	1.63341e-20	1.63341e-20	1.63341e-20	1.63341e-20	1.63341e-20	1.63341e-20	1.63341e-20	1.63341e-20	1.63341e-20	1.63341e-20	1.63341e-20	1.63341e-20	1.63341e-20	1.63341e-20	1.63341e-20	1.63341e-20	1.63341e-20	1.63341e-20	1.63341e-20	1.63341e-20	1.63341e-20	1.63341e-20	1.63341e-20	1.63341e-20	1.63341e-20	1.63341e-20	1.63341e-20	1.63341e-20	1.63341e-20	1.63341e-20	1.63341e-20	1.63341e-20	1.63341e-20	1.63341e-20	1.63341e-20	1.63341e-20	1.63341e-20	1.63341e-20	1.63341e-20	1.63341e-20	1.63341e-20	1.63341e-20	1.63341e-20	1.63341e-20	1.63341e-20	1.63341e-20	1.63341e-20	1.63341e-20	1.63341e-20	1.63341e-20	1.63341e-20	1.63341e-20	1.63341e-20	1.63341e-20	1.63341e-20	1.63341e-20	1.63341e-20	1.63341e-20	1.63341e-20	1.63341e-20	1.63341e-20	1.63341e-20	1.63341e-20	1.63341e-20	1.63341e-20	1.63341e-20	1.63341e-20	1.63341e-20	1.63341e-20	1.63341e-20	1.63341e-20	1.63341e-20	1.63341e-20	1.63341e-20	1.63341e-20	1.63341e-20	1.63341e-20	1.63341e-20	1.63341e-20	1.63341e-20	1.63341e-20	1.63341e-20	1.63341e-20	1.63341e-20	1.63341e-20	1.63341e-20	1.63341e-20	1.63341e-20	1.63341e-20	1.63341e-20	1.63341e-20	1.63341e-20	1.63341e-20	1.63341e-20	1.63341e-20	1.63341e-20	1.63341e-20	1.63341e-20	1.63341e-20	1.63341e-20	1.63341e-20	1.63341e-20	1.63341e-20	1.63341e-20	1.63341e-20	1.63341e-20	1.63341e-20	1.63341e-20	1.63341e-20	1.63341e-20	1.63341e-20	1.63341e-20	1.63341e-20	1.63341e-20	1.63341e-20	1.63341e-20	1.63341e-20	1.63341e-20	1.63341e-20	1.63341e-20
21.00	6.82067e-29	1.77924e-28	3.45762e-28	6.02510e-28	9.95267e-28	1.59608e-27	2.51517e-27	3.92113e-27	6.07188e-27	9.36197e-27	1.43950e-26	2.20941e-26	3.38718e-26	5.18887e-26	7.94500e-26	1.21612e-25	1.86109e-25	2.84773e-25	4.35706e-25	6.66597e-25	1.01981e-24	1.56013e-24	2.38671e-24	3.65120e-24	5.58559e-24	8.54482e-24	1.30719e-23	1.99974e-23	3.05924e-23	4.68010e-23	7.15980e-23	1.09535e-22	1.67574e-22	2.56370e-22	3.92226e-22	6.00085e-22	9.18117e-22	1.40473e-21	2.14933e-21	3.28871e-21	5.03228e-21	7.70056e-21	1.17842e-20	1.72092e-20	1.76702e-20	1.76714e-20	1.76714e-20	1.76714e-20	1.76714e-20	1.76714e-20	1.76714e-20	1.76714e-20	1.76714e-20	1.76714e-20	1.76714e-20	1.76714e-20	1.76714e-20	1.76714e-20	1.76714e-20	1.76714e-20	1.76714e-20	1.76714e-20	1.76714e-20	1.76714e-20	1.76714e-20	1.76714e-20	1.76714e-20	1.76714e-20	1.76714e-20	1.76714e-20	1.76714e-20	1.76714e-20	1.76714e-20	1.76714e-20	1.76714e-20	1.76714e-20	1.76714e-20	1.76714e-20	1.76714e-20	1.76714e-20	1.76714e-20	1.76714e-20	1.76714e-20	1.76714e-20	1.76714e-20	1.76714e-20	1.76714e-20	1.76714e-20	1.76714e-20	1.76714e-20	1.76714e-20	1.76714e-20	1.76714e-20	1.76714e-20	1.76714e-20	1.76714e-20	1.76714e-20	1.76714e-20	1.76714e-20	1.76714e-20	1.76714e-20	1.76714e-20	1.76714e-20	1.76714e-20	1.76714e-20	1.76714e-20	1.76714e-20	1.76714e-20	1.76714e-20	1.76714e-20	1.76714e-20	1.76714e-20	1.76714e-20	1.76714e-20	1.76714e-20	1.76714e-20	1.76714e-20	1.76714e-20	1.76714e-20	1.76714e-20	1.76714e-20	1.76714e-20	1.76714e-20	1.76714e-20	1.76714e-20	1.76714e-20	1.76714e-20	1.76714e-20	1.76714e-20	1.76714e-20	1.76714e-20	1.76714e-20	1.76714e-20	1.76714e-20	1.76714e-20	1.76714e-20	1.76714e-20	1.76714e-20	1.76714e-20	1.76714e-20	1.76714e-20	1.76714e-20	1.76714e-20	1.76714e-20	1.76714e-20	1.76714e-20	1.76714e-20	1.76714e-20	1.76714e-20	1.76714e-20	1.76714e-20	1.76714e-20	1.76714e-20	1.76714e-20	1.76714e-20	1.76714e-20	1.76714e-20	1.76714e-20	1.76714e-20	1.76714e-20	1.76714e-20	1.76714e-20	1.76714e-20	1.76714e-20	1.76714e-20	1.76714e-20	1.76714e-20	1.76714e-20	1.76714e-20	1.76714e-20	1.76714e-20	1.76714e-20	1.76714e-20	1.76714e-20	1.76714e-20	1.76714e-20	1.76714e-20	1.76714e-20	1.76714e-20	1.76714e-20	1.76714e-20	1.76714e-20	1.76714e-20	1.76714e-20	1.76714e-20	1.76714e-20
21.04	5.83030e-29	1.52089e-28	2.95557e-28	5.15025e-28	8.50752e-28	1.36433e-27	2.14996e-27	3.35177e-27	5.19023e-27	8.00260e-27	1.23048e-26	1.88860e-26	2.89536e-26	4.43544e-26	6.79138e-26	1.03954e-25	1.59086e-25	2.43424e-25	3.72441e-25	5.69806e-25	8.71728e-25	1.33360e-24	2.04016e-24	3.12104e-24	4.77455e-24	7.30410e-24	1.11738e-23	1.70938e-23	2.61503e-23	4.00054e-23	6.12019e-23	9.36300e-23	1.43242e-22	2.19145e-22	3.35274e-22	5.12951e-22	7.84805e-22	1.20076e-21	1.83724e-21	2.81118e-21	4.30158e-21	6.58243e-21	1.00732e-20	1.54159e-20	1.90790e-20	1.91185e-20	1.91185e-20	1.91185e-20	1.91185e-20	1.91185e-20	1.91185e-20	1.91185e-20	1.91185e-20	1.91185e-20	1.91185e-20	1.91185e-20	1.91185e-20	1.91185e-20	1.91185e-20	1.91185e-20	1.91185e-20	1.91185e-20	1.91185e-20	1.91185e-20	1.91185e-20	1.91185e-20	1.91185e-20	1.91185e-20	1.91185e-20	1.91185e-20	1.91185e-20	1.91185e-20	1.91185e-20	1.91185e-20	1.91185e-20	1.91185e-20	1.91185e-20	1.91185e-20	1.91185e-20	1.91185e-20	1.91185e-20	1.91185e-20	1.91185e-20	1.91185e-20	1.91185e-20	1.91185e-20	1.91185e-20	1.91185e-20	1.91185e-20	1.91185e-20	1.91185e-20	1.91185e-20	1.91185e-20	1.91185e-20	1.91185e-20	1.91185e-20	1.91185e-20	1.91185e-20	1.91185e-20	1.91185e-20	1.91185e-20	1.91185e-20	1.91185e-20	1.91185e-20	1.91185e-20	1.91185e-20	1.91185e-20	1.91185e-20	1.91185e-20	1.91185e-20	1.91185e-20	1.91185e-20	1.91185e-20	1.91185e-20	1.91185e-20	1.91185e-20	1.91185e-20	1.91185e-20	1.91185e-20	1.91185e-20	1.91185e-20	1.91185e-20	1.91185e-20	1.91185e-20	1.91185e-20	1.91185e-20	1.91185e-20	1.91185e-20	1.91185e-20	1.91185e-20	1.91185e-20	1.91185e-20	1.91185e-20	1.91185e-20	1.91185e-20	1.91185e-20	1.91185e-20	1.91185e-20	1.91185e-20	1.91185e-20	1.91185e-20	1.91185e-20	1.91185e-20	1.91185e-20	1.91185e-20	1.91185e-20	1.91185e-20	1.91185e-20	1.91185e-20	1.91185e-20	1.91185e-20	1.91185e-20	1.91185e-20	1.91185e-20	1.91185e-20	1.91185e-20	1.91185e-20	1.91185e-20	1.91185e-20	1.91185e-20	1.91185e-20	1.91185e-20	1.91185e-20	1.91185e-20	1.91185e-20	1.91185e-20	1.91185e-20	1.91185e-20	1.91185e-20	1.91185e-20	1.91185e-20	1.91185e-20	1.91185e-20	1.91185e-20	1.91185e-20	1.91185e-20	1.91185e-20	1.91185e-20	1.91185e-20	1.91185e-20	1.91185e-20	1.91185e-20	1.91185e-20	1.91185e-20	1.91185e-20	1.91185e-20
21.07	4.98373e-29	1.30006e-28	2.52642e-28	4.40242e-28	7.27222e-28	1.16622e-27	1.83778e-27	2.86509e-27	4.43660e-27	6.84061e-27	1.05181e-26	1.61437e-26	2.47495e-26	3.79141e-26	5.80526e-26	8.88594e-26	1.35986e-25	2.08078e-25	3.18362e-25	4.87069e-25	7.45152e-25	1.13996e-24	1.74392e-24	2.66786e-24	4.08128e-24	6.24353e-24	9.55136e-24	1.46117e-23	2.23533e-23	3.41966e-23	5.23153e-23	8.00348e-23	1.22443e-22	1.87325e-22	2.86592e-22	4.38470e-22	6.70850e-22	1.02641e-21	1.57047e-21	2.40299e-21	3.67698e-21	5.62665e-21	8.61052e-21	1.31775e-20	1.97563e-20	2.06820e-20	2.06847e-20	2.06847e-20	2.06847e-20	2.06847e-20	2.06847e-20	2.06847e-20	2.06847e-20	2.06847e-20	2.06847e-20	2.06847e-20	2.06847e-20	2.06847e-20	2.06847e-20	2.06847e-20	2.06847e-20	2.06847e-20	2.06847e-20	2.06847e-20	2.06847e-20	2.06847e-20	2.06847e-20	2.06847e-20	2.06847e-20	2.06847e-20	2.06847e-20	2.06847e-20	2.06847e-20	2.06847e-20	2.06847e-20	2.06847e-20	2.06847e-20	2.06847e-20	2.06847e-20	2.06847e-20	2.06847e-20	2.06847e-20	2.06847e-20	2.06847e-20	2.06847e-20	2.06847e-20	2.06847e-20	2.06847e-20	2.06847e-20	2.06847e-20	2.06847e-20	2.06847e-20	2.06847e-20	2.06847e-20	2.06847e-20	2.06847e-20	2.06847e-20	2.06847e-20	2.06847e-20	2.06847e-20	2.06847e-20	2.06847e-20	2.06847e-20	2.06847e-20	2.06847e-20	2.06847e-20	2.06847e-20	2.06847e-20	2.06847e-20	2.06847e-20	2.06847e-20	2.06847e-20	2.06847e-20	2.06847e-20	2.06847e-20	2.06847e-20	2.06847e-20	2.06847e-20	2.06847e-20	2.06847e-20	2.06847e-20	2.06847e-20	2.06847e-20	2.06847e-20	2.06847e-20	2.06847e-20	2.06847e-20	2.06847e-20	2.06847e-20	2.06847e-20	2.06847e-20	2.06847e-20	2.06847e-20	2.06847e-20	2.06847e-20	2.06847e-20	2.06847e-20	2.06847e-20	2.06847e-20	2.06847e-20	2.06847e-20	2.06847e-20	2.06847e-20	2.06847e-20	2.06847e-20	2.06847e-20	2.06847e-20	2.06847e-20	2.06847e-20	2.06847e-20	2.06847e-20	2.06847e-20	2.06847e-20	2.06847e-20	2.06847e-20	2.06847e-20	2.06847e-20	2.06847e-20	2.06847e-20	2.06847e-20	2.06847e-20	2.06847e-20	2.06847e-20	2.06847e-20	2.06847e-20	2.06847e-20	2.06847e-20	2.06847e-20	2.06847e-20	2.06847e-20	2.06847e-20	2.06847e-20	2.06847e-20	2.06847e-20	2.06847e-20	2.06847e-20	2.06847e-20	2.06847e-20	2.06847e-20	2.06847e-20	2.06847e-20	2.06847e-20	2.06847e-20	2.06847e-20	2.06847e-20	2.06847e-20
21.11	4.26008e-29	1.11129e-28	2.15958e-28	3.76318e-28	6.21628e-28	9.96887e-28	1.57093e-27	2.44908e-27	3.79240e-27	5.84734e-27	8.99086e-27	1.37996e-26	2.11558e-26	3.24089e-26	4.96233e-26	7.59569e-26	1.16241e-25	1.77865e-25	2.72135e-25	4.16346e-25	6.36955e-25	9.74435e-25	1.49070e-24	2.28048e-24	3.48867e-24	5.33696e-24	8.16449e-24	1.24901e-23	1.91075e-23	2.92312e-23	4.47190e-23	6.84136e-23	1.04664e-22	1.60125e-22	2.44978e-22	3.74804e-22	5.73442e-22	8.77375e-22	1.34244e-21	2.05408e-21	3.14308e-21	4.80965e-21	7.36026e-21	1.12641e-20	1.72398e-20	2.22921e-20	2.23795e-20	2.23796e-20	2.23796e-20	2.23796e-20	2.23796e-20	2.23796e-20	2.23796e-20	2.23796e-20	2.23796e-20	2.23796e-20	2.23796e-20	2.23796e-20	2.23796e-20	2.23796e-20	2.23796e-20	2.23796e-20	2.23796e-20	2.23796e-20	2.23796e-20	2.23796e-20	2.23796e-20	2.23796e-20	2.23796e-20	2.23796e-20	2.23796e-20	2.23796e-20	2.23796e-20	2.23796e-20	2.23796e-20	2.23796e-20	2.23796e-20	2.23796e-20	2.23796e-20	2.23796e-20	2.23796e-20	2.23796e-20	2.23796e-20	2.23796e-20	2.23796e-20	2.23796e-20	2.23796e-20	2.23796e-20	2.23796e-20	2.23796e-20	2.23796e-20	2.23796e-20	2.23796e-20	2.23796e-20	2.23796e-20	2.23796e-20	2.23796e-20	2.23796e-20	2.23796e-20	2.23796e-20	2.23796e-20	2.23796e-20	2.23796e-20	2.23796e-20	2.23796e-20	2.23796e-20	2.23796e-20	2.23796e-20	2.23796e-20	2.23796e-20	2.23796e-20	2.23796e-20	2.23796e-20	2.23796e-20	2.23796e-20	2.23796e-20	2.23796e-20	2.23796e-20	2.23796e-20	2.23796e-20	2.23796e-20	2.23796e-20	2.23796e-20	2.23796e-20	2.23796e-20	2.23796e-20	2.23796e-20	2.23796e-20	2.23796e-20	2.23796e-20	2.23796e-20	2.23796e-20	2.23796e-20	2.23796e-20	2.23796e-20	2.23796e-20	2.23796e-20	2.23796e-20	2.23796e-20	2.23796e-20	2.23796e-20	2.23796e-20	2.23796e-20	2.23796e-20	2.23796e-20	2.23796e-20	2.23796e-20	2.23796e-20	2.23796e-20	2.23796e-20	2.23796e-20	2.23796e-20	2.23796e-20	2.23796e-20	2.23796e-20	2.23796e-20	2.23796e-20	2.23796e-20	2.23796e-20	2.23796e-20	2.23796e-20	2.23796e-20	2.23796e-20	2.23796e-20	2.23796e-20	2.23796e-20	2.23796e-20	2.23796e-20	2.23796e-20	2.23796e-20	2.23796e-20	2.23796e-20	2.23796e-20	2.23796e-20	2.23796e-20	2.23796e-20	2.23796e-20	2.23796e-20	2.23796e-20	2.23796e-20	2.23796e-20	2.23796e-20	2.23796e-20	2.23796e-20	2.23796e-20	2.23796e-20
21.14	3.64151e-29	9.49925e-29	1.84600e-28	3.21676e-28	5.31367e-28	8.52138e-28	1.34283e-27	2.09347e-27	3.24174e-27	4.99830e-27	7.68538e-27	1.17959e-26	1.80840e-26	2.77031e-26	4.24179e-26	6.49278e-26	9.93624e-26	1.52039e-25	2.32621e-25	3.55892e-25	5.44468e-25	8.32945e-25	1.27425e-24	1.94935e-24	2.98211e-24	4.56203e-24	6.97899e-24	1.06765e-23	1.63331e-23	2.49868e-23	3.82258e-23	5.84798e-23	8.94667e-23	1.36875e-22	2.09407e-22	3.20381e-22	4.90177e-22	7.49979e-22	1.14751e-21	1.75582e-21	2.68670e-21	4.11128e-21	6.29154e-21	9.62856e-21	1.47365e-20	2.24448e-20	2.42079e-20	2.42141e-20	2.42141e-20	2.42141e-20	2.42141e-20	2.42141e-20	2.42141e-20	2.42141e-20	2.42141e-20	2.42141e-20	2.42141e-20	2.42141e-20	2.42141e-20	2.42141e-20	2.42141e-20	2.42141e-20	2.42141e-20	2.42141e-20	2.42141e-20	2.42141e-20	2.42141e-20	2.42141e-20	2.42141e-20	2.42141e-20	2.42141e-20	2.42141e-20	2.42141e-20	2.42141e-20	2.42141e-20	2.42141e-20	2.42141e-20	2.42141e-20	2.42141e-20	2.42141e-20	2.42141e-20	2.42141e-20	2.42141e-20	2.42141e-20	2.42141e-20	2.42141e-20	2.42141e-20	2.42141e-20	2.42141e-20	2.42141e-20	2.42141e-20	2.42141e-20	2.42141e-20	2.42141e-20	2.42141e-20	2.42141e-20	2.42141e-20	2.42141e-20	2.42141e-20	2.42141e-20	2.42141e-20	2.42141e-20	2.42141e-20	2.42141e-20	2.42141e-20	2.42141e-20	2.42141e-20	2.42141e-20	2.42141e-20	2.42141e-20	2.42141e-20	2.42141e-20	2.42141e-20	2.42141e-20	2.42141e-20	2.42141e-20	2.42141e-20	2.42141e-20	2.42141e-20	2.42141e-20	2.42141e-20	2.42141e-20	2.42141e-20	2.42141e-20	2.42141e-20	2.42141e-20	2.42141e-20	2.42141e-20	2.42141e-20	2.42141e-20	2.42141e-20	2.42141e-20	2.42141e-20	2.42141e-20	2.42141e-20	2.42141e-20	2.42141e-20	2.42141e-20	2.42141e-20	2.42141e-20	2.42141e-20	2.42141e-20	2.42141e-20	2.42141e-20	2.42141e-20	2.42141e-20	2.42141e-20	2.42141e-20	2.42141e-20	2.42141e-20	2.42141e-20	2.42141e-20	2.42141e-20	2.42141e-20	2.42141e-20	2.42141e-20	2.42141e-20	2.42141e-20	2.42141e-20	2.42141e-20	2.42141e-20	2.42141e-20	2.42141e-20	2.42141e-20	2.42141e-20	2.42141e-20	2.42141e-20	2.42141e-20	2.42141e-20	2.42141e-20	2.42141e-20	2.42141e-20	2.42141e-20	2.42141e-20	2.42141e-20	2.42141e-20	2.42141e-20	2.42141e-20	2.42141e-20	2.42141e-20	2.42141e-20	2.42141e-20	2.42141e-20	2.42141e-20	2.42141e-20	2.42141e-20
21.17	3.11276e-29	8.11994e-29	1.57796e-28	2.74969e-28	4.54211e-28	7.28406e-28	1.14785e-27	1.78949e-27	2.77103e-27	4.27254e-27	6.56945e-27	1.00831e-26	1.54581e-26	2.36805e-26	3.62587e-26	5.55002e-26	8.49348e-26	1.29963e-25	1.98844e-25	3.04216e-25	4.65410e-25	7.12000e-25	1.08923e-24	1.66630e-24	2.54911e-24	3.89961e-24	5.96563e-24	9.12626e-24	1.39615e-23	2.13587e-23	3.26753e-23	4.99885e-23	7.64760e-23	1.17000e-22	1.79001e-22	2.73862e-22	4.19003e-22	6.41081e-22	9.80892e-22	1.50087e-21	2.29659e-21	3.51432e-21	5.37800e-21	8.23048e-21	1.25968e-20	1.92808e-20	2.60085e-20	2.61993e-20	2.61997e-20	2.61997e-20	2.61997e-20	2.61997e-20	2.61997e-20	2.61997e-20	2.61997e-20	2.61997e-20	2.61997e-20	2.61997e-20	2.61997e-20	2.61997e-20	2.61997e-20	2.61997e-20	2.61997e-20	2.61997e-20	2.61997e-20	2.61997e-20	2.61997e-20	2.61997e-20	2.61997e-20	2.61997e-20	2.61997e-20	2.61997e-20	2.61997e-20	2.61997e-20	2.61997e-20	2.61997e-20	2.61997e-20	2.61997e-20	2.61997e-20	2.61997e-20	2.61997e-20	2.61997e-20	2.61997e-20	2.61997e-20	2.61997e-20	2.61997e-20	2.61997e-20	2.61997e-20	2.61997e-20	2.61997e-20	2.61997e-20	2.61997e-20	2.61997e-20	2.61997e-20	2.61997e-20	2.61997e-20	2.61997e-20	2.61997e-20	2.61997e-20	2.61997e-20	2.61997e-20	2.61997e-20	2.61997e-20	2.61997e-20	2.61997e-20	2.61997e-20	2.61997e-20	2.61997e-20	2.61997e-20	2.61997e-20	2.61997e-20	2.61997e-20	2.61997e-20	2.61997e-20	2.61997e-20	2.61997e-20	2.61997e-20	2.61997e-20	2.61997e-20	2.61997e-20	2.61997e-20	2.61997e-20	2.61997e-20	2.61997e-20	2.61997e-20	2.61997e-20	2.61997e-20	2.61997e-20	2.61997e-20	2.61997e-20	2.61997e-20	2.61997e-20	2.61997e-20	2.61997e-20	2.61997e-20	2.61997e-20	2.61997e-20	2.61997e-20	2.61997e-20	2.61997e-20	2.61997e-20	2.61997e-20	2.61997e-20	2.61997e-20	2.61997e-20	2.61997e-20	2.61997e-20	2.61997e-20	2.61997e-20	2.61997e-20	2.61997e-20	2.61997e-20	2.61997e-20	2.61997e-20	2.61997e-20	2.61997e-20	2.61997e-20	2.61997e-20	2.61997e-20	2.61997e-20	2.61997e-20	2.61997e-20	2.61997e-20	2.61997e-20	2.61997e-20	2.61997e-20	2.61997e-20	2.61997e-20	2.61997e-20	2.61997e-20	2.61997e-20	2.61997e-20	2.61997e-20	2.61997e-20	2.61997e-20	2.61997e-20	2.61997e-20	2.61997e-20	2.61997e-20	2.61997e-20	2.61997e-20	2.61997e-20	2.61997e-20	2.61997e-20	2.61997e-20	2.61997e-20
21.21	2.66078e-29	6.94091e-29	1.34884e-28	2.35043e-28	3.88259e-28	6.22640e-28	9.81181e-28	1.52965e-27	2.36868e-27	3.65216e-27	5.61555e-27	8.61904e-27	1.32136e-26	2.02421e-26	3.09939e-26	4.74415e-26	7.26022e-26	1.11092e-25	1.69971e-25	2.60043e-25	3.97832e-25	6.08617e-25	9.31070e-25	1.42435e-24	2.17897e-24	3.33338e-24	5.09941e-24	7.80112e-24	1.19343e-23	1.82574e-23	2.79308e-23	4.27301e-23	6.53716e-23	1.00012e-22	1.53010e-22	2.34096e-22	3.58163e-22	5.47995e-22	8.38465e-22	1.28294e-21	1.96312e-21	3.00403e-21	4.59710e-21	7.03540e-21	1.07677e-20	1.64812e-20	2.52262e-20	2.83347e-20	2.83489e-20	2.83489e-20	2.83489e-20	2.83489e-20	2.83489e-20	2.83489e-20	2.83489e-20	2.83489e-20	2.83489e-20	2.83489e-20	2.83489e-20	2.83489e-20	2.83489e-20	2.83489e-20	2.83489e-20	2.83489e-20	2.83489e-20	2.83489e-20	2.83489e-20	2.83489e-20	2.83489e-20	2.83489e-20	2.83489e-20	2.83489e-20	2.83489e-20	2.83489e-20	2.83489e-20	2.83489e-20	2.83489e-20	2.83489e-20	2.83489e-20	2.83489e-20	2.83489e-20	2.83489e-20	2.83489e-20	2.83489e-20	2.83489e-20	2.83489e-20	2.83489e-20	2.83489e-20	2.83489e-20	2.83489e-20	2.83489e-20	2.83489e-20	2.83489e-20	2.83489e-20	2.83489e-20	2.83489e-20	2.83489e-20	2.83489e-20	2.83489e-20	2.83489e-20	2.83489e-20	2.83489e-20	2.83489e-20	2.83489e-20	2.83489e-20	2.83489e-20	2.83489e-20	2.83489e-20	2.83489e-20	2.83489e-20	2.83489e-20	2.83489e-20	2.83489e-20	2.83489e-20	2.83489e-20	2.83489e-20	2.83489e-20	2.83489e-20	2.83489e-20	2.83489e-20	2.83489e-20	2.83489e-20	2.83489e-20	2.83489e-20	2.83489e-20	2.83489e-20	2.83489e-20	2.83489e-20	2.83489e-20	2.83489e-20	2.83489e-20	2.83489e-20	2.83489e-20	2.83489e-20	2.83489e-20	2.83489e-20	2.83489e-20	2.83489e-20	2.83489e-20	2.83489e-20	2.83489e-20	2.83489e-20	2.83489e-20	2.83489e-20	2.83489e-20	2.83489e-20	2.83489e-20	2.83489e-20	2.83489e-20	2.83489e-20	2.83489e-20	2.83489e-20	2.83489e-20	2.83489e-20	2.83489e-20	2.83489e-20	2.83489e-20	2.83489e-20	2.83489e-20	2.83489e-20	2.83489e-20	2.83489e-20	2.83489e-20	2.83489e-20	2.83489e-20	2.83489e-20	2.83489e-20	2.83489e-20	2.83489e-20	2.83489e-20	2.83489e-20	2.83489e-20	2.83489e-20	2.83489e-20	2.83489e-20	2.83489e-20	2.83489e-20	2.83489e-20	2.83489e-20	2.83489e-20	2.83489e-20	2.83489e-20	2.83489e-20	2.83489e-20	2.83489e-20	2.83489e-20
21.24	2.27443e-29	5.93308e-29	1.15298e-28	2.00914e-28	3.31883e-28	5.32232e-28	8.38712e-28	1.30755e-27	2.02474e-27	3.12186e-27	4.80017e-27	7.36754e-27	1.12950e-26	1.73029e-26	2.64935e-26	4.05529e-26	6.20602e-26	9.49611e-26	1.45291e-25	2.22285e-25	3.40066e-25	5.20245e-25	7.95877e-25	1.21753e-24	1.86258e-24	2.84937e-24	4.35897e-24	6.66838e-24	1.02014e-23	1.56064e-23	2.38752e-23	3.65256e-23	5.58795e-23	8.54898e-23	1.30792e-22	2.00105e-22	3.06157e-22	4.68425e-22	7.16719e-22	1.09666e-21	1.67807e-21	2.56784e-21	3.92960e-21	6.01385e-21	9.20420e-21	1.40881e-20	2.15654e-20	3.02656e-20	3.06745e-20	3.06754e-20	3.06754e-20	3.06754e-20	3.06754e-20	3.06754e-20	3.06754e-20	3.06754e-20	3.06754e-20	3.06754e-20	3.06754e-20	3.06754e-20	3.06754e-20	3.06754e-20	3.06754e-20	3.06754e-20	3.06754e-20	3.06754e-20	3.06754e-20	3.06754e-20	3.06754e-20	3.06754e-20	3.06754e-20	3.06754e-20	3.06754e-20	3.06754e-20	3.06754e-20	3.06754e-20	3.06754e-20	3.06754e-20	3.06754e-20	3.06754e-20	3.06754e-20	3.06754e-20	3.06754e-20	3.06754e-20	3.06754e-20	3.06754e-20	3.06754e-20	3.06754e-20	3.06754e-20	3.06754e-20	3.06754e-20	3.06754e-20	3.06754e-20	3.06754e-20	3.06754e-20	3.06754e-20	3.06754e-20	3.06754e-20	3.06754e-20	3.06754e-20	3.06754e-20	3.06754e-20	3.06754e-20	3.06754e-20	3.06754e-20	3.06754e-20	3.06754e-20	3.06754e-20	3.06754e-20	3.06754e-20	3.06754e-20	3.06754e-20	3.06754e-20	3.06754e-20	3.06754e-20	3.06754e-20	3.06754e-20	3.06754e-20	3.06754e-20	3.06754e-20	3.06754e-20	3.06754e-20	3.06754e-20	3.06754e-20	3.06754e-20	3.06754e-20	3.06754e-20	3.06754e-20	3.06754e-20	3.06754e-20	3.06754e-20	3.06754e-20	3.06754e-20	3.06754e-20	3.06754e-20	3.06754e-20	3.06754e-20	3.06754e-20	3.06754e-20	3.06754e-20	3.06754e-20	3.06754e-20	3.06754e-20	3.06754e-20	3.06754e-20	3.06754e-20	3.06754e-20	3.06754e-20	3.06754e-20	3.06754e-20	3.06754e-20	3.06754e-20	3.06754e-20	3.06754e-20	3.06754e-20	3.06754e-20	3.06754e-20	3.06754e-20	3.06754e-20	3.06754e-20	3.06754e-20	3.06754e-20	3.06754e-20	3.06754e-20	3.06754e-20	3.06754e-20	3.06754e-20	3.06754e-20	3.06754e-20	3.06754e-20	3.06754e-20	3.06754e-20	3.06754e-20	3.06754e-20	3.06754e-20	3.06754e-20	3.06754e-20	3.06754e-20	3.06754e-20	3.06754e-20	3.06754e-20	3.06754e-20	3.06754e-20	3.06754e-20	3.06754e-20	3.06754e-20
21.28	1.94418e-29	5.07159e-29	9.85569e-29	1.71741e-28	2.83693e-28	4.54951e-28	7.16930e-28	1.11769e-27	1.73074e-27	2.66856e-27	4.10317e-27	6.29776e-27	9.65492e-27	1.47905e-26	2.26466e-26	3.46646e-26	5.30490e-26	8.11726e-26	1.24195e-25	1.90009e-25	2.90688e-25	4.44704e-25	6.80315e-25	1.04075e-24	1.59213e-24	2.43564e-24	3.72604e-24	5.70012e-24	8.72013e-24	1.33403e-23	2.04085e-23	3.12220e-23	4.77657e-23	7.30765e-23	1.11801e-22	1.71050e-22	2.61702e-22	4.00409e-22	6.12650e-22	9.37422e-22	1.43441e-21	2.19499e-21	3.35901e-21	5.14063e-21	7.86773e-21	1.20425e-20	1.84341e-20	2.82209e-20	3.31618e-20	3.31940e-20	3.31941e-20	3.31941e-20	3.31941e-20	3.31941e-20	3.31941e-20	3.31941e-20	3.31941e-20	3.31941e-20	3.31941e-20	3.31941e-20	3.31941e-20	3.31941e-20	3.31941e-20	3.31941e-20	3.31941e-20	3.31941e-20	3.31941e-20	3.31941e-20	3.31941e-20	3.31941e-20	3.31941e-20	3.31941e-20	3.31941e-20	3.31941e-20	3.31941e-20	3.31941e-20	3.31941e-20	3.31941e-20	3.31941e-20	3.31941e-20	3.31941e-20	3.31941e-20	3.31941e-20	3.31941e-20	3.31941e-20	3.31941e-20	3.31941e-20	3.31941e-20	3.31941e-20	3.31941e-20	3.31941e-20	3.31941e-20	3.31941e-20	3.31941e-20	3.31941e-20	3.31941e-20	3.31941e-20	3.31941e-20	3.31941e-20	3.31941e-20	3.31941e-20	3.31941e-20	3.31941e-20	3.31941e-20	3.31941e-20	3.31941e-20	3.31941e-20	3.31941e-20	3.31941e-20	3.31941e-20	3.31941e-20	3.31941e-20	3.31941e-20	3.31941e-20	3.31941e-20	3.31941e-20	3.31941e-20	3.31941e-20	3.31941e-20	3.31941e-20	3.31941e-20	3.31941e-20	3.31941e-20	3.31941e-20	3.31941e-20	3.31941e-20	3.31941e-20	3.31941e-20	3.31941e-20	3.31941e-20	3.31941e-20	3.31941e-20	3.31941e-20	3.31941e-20	3.31941e-20	3.31941e-20	3.31941e-20	3.31941e-20	3.31941e-20	3.31941e-20	3.31941e-20	3.31941e-20	3.31941e-20	3.31941e-20	3.31941e-20	3.31941e-20	3.31941e-20	3.31941e-20	3.31941e-20	3.31941e-20	3.31941e-20	3.31941e-20	3.31941e-20	3.31941e-20	3.31941e-20	3.31941e-20	3.31941e-20	3.31941e-20	3.31941e-20	3.31941e-20	3.31941e-20	3.31941e-20	3.31941e-20	3.31941e-20	3.31941e-20	3.31941e-20	3.31941e-20	3.31941e-20	3.31941e-20	3.31941e-20	3.31941e-20	3.31941e-20	3.31941e-20	3.31941e-20	3.31941e-20	3.31941e-20	3.31941e-20	3.31941e-20	3.31941e-20	3.31941e-20	3.31941e-20	3.31941e-20	3.31941e-20	3.31941e-20	3.31941e-20	3.31941e-20
21.31	1.66188e-29	4.33519e-29	8.42463e-29	1.46804e-28	2.42501e-28	3.88891e-28	6.12831e-28	9.55399e-28	1.47944e-27	2.28108e-27	3.50739e-27	5.38332e-27	8.25301e-27	1.26429e-26	1.93583e-26	2.96312e-26	4.53462e-26	6.93862e-26	1.06162e-25	1.62419e-25	2.48480e-25	3.80133e-25	5.81532e-25	8.89629e-25	1.36095e-24	2.08198e-24	3.18501e-24	4.87246e-24	7.45396e-24	1.14033e-23	1.74451e-23	2.66885e-23	4.08301e-23	6.24657e-23	9.55674e-23	1.46213e-22	2.23703e-22	3.42269e-22	5.23692e-22	8.01307e-22	1.22613e-21	1.87627e-21	2.87128e-21	4.39420e-21	6.72533e-21	1.02939e-20	1.57574e-20	2.41232e-20	3.50629e-20	3.59188e-20	3.59209e-20	3.59209e-20	3.59209e-20	3.59209e-20	3.59209e-20	3.59209e-20	3.59209e-20	3.59209e-20	3.59209e-20	3.59209e-20	3.59209e-20	3.59209e-20	3.59209e-20	3.59209e-20	3.59209e-20	3.59209e-20	3.59209e-20	3.59209e-20	3.59209e-20	3.59209e-20	3.59209e-20	3.59209e-20	3.59209e-20	3.59209e-20	3.59209e-20	3.59209e-20	3.59209e-20	3.59209e-20	3.59209e-20	3.59209e-20	3.59209e-20	3.59209e-20	3.59209e-20	3.59209e-20	3.59209e-20	3.59209e-20	3.59209e-20	3.59209e-20	3.59209e-20	3.59209e-20	3.59209e-20	3.59209e-20	3.59209e-20	3.59209e-20	3.59209e-20	3.59209e-20	3.59209e-20	3.59209e-20	3.59209e-20	3.59209e-20	3.59209e-20	3.59209e-20	3.59209e-20	3.59209e-20	3.59209e-20	3.59209e-20	3.59209e-20	3.59209e-20	3.59209e-20	3.59209e-20	3.59209e-20	3.59209e-20	3.59209e-20	3.59209e-20	3.59209e-20	3.59209e-20	3.59209e-20	3.59209e-20	3.59209e-20	3.59209e-20	3.59209e-20	3.59209e-20	3.59209e-20	3.59209e-20	3.59209e-20	3.59209e-20	3.59209e-20	3.59209e-20	3.59209e-20	3.59209e-20	3.59209e-20	3.59209e-20	3.59209e-20	3.59209e-20	3.59209e-20	3.59209e-20	3.59209e-20	3.59209e-20	3.59209e-20	3.59209e-20	3.59209e-20	3.59209e-20	3.59209e-20	3.59209e-20	3.59209e-20	3.59209e-20	3.59209e-20	3.59209e-20	3.59209e-20	3.59209e-20	3.59209e-20	3.59209e-20	3.59209e-20	3.59209e-20	3.59209e-20	3.59209e-20	3.59209e-20	3.59209e-20	3.59209e-20	3.59209e-20	3.59209e-20	3.59209e-20	3.59209e-20	3.59209e-20	3.59209e-20	3.59209e-20	3.59209e-20	3.59209e-20	3.59209e-20	3.59209e-20	3.59209e-20	3.59209e-20	3.59209e-20	3.59209e-20	3.59209e-20	3.59209e-20	3.59209e-20	3.59209e-20	3.59209e-20	3.59209e-20	3.59209e-20	3.59209e-20	3.59209e-20	3.59209e-20	3.59209e-20	3.59209e-20
21.34	1.42057e-29	3.70571e-29	7.20136e-29	1.25488e-28	2.07289e-28	3.32424e-28	5.23847e-28	8.16673e-28	1.26462e-27	1.94986e-27	2.99811e-27	4.60165e-27	7.05466e-27	1.08071e-26	1.65475e-26	2.53287e-26	3.87618e-26	5.93112e-26	9.07467e-26	1.38836e-25	2.12400e-25	3.24937e-25	4.97093e-25	7.60453e-25	1.16334e-24	1.77967e-24	2.72254e-24	4.16497e-24	6.37163e-24	9.74749e-24	1.49121e-23	2.28133e-23	3.49015e-23	5.33956e-23	8.16909e-23	1.24983e-22	1.91221e-22	2.92571e-22	4.47651e-22	6.84956e-22	1.04810e-21	1.60383e-21	2.45436e-21	3.75616e-21	5.74880e-21	8.79921e-21	1.34694e-20	2.06205e-20	3.15718e-20	3.88008e-20	3.88732e-20	3.88733e-20	3.88733e-20	3.88733e-20	3.88733e-20	3.88733e-20	3.88733e-20	3.88733e-20	3.88733e-20	3.88733e-20	3.88733e-20	3.88733e-20	3.88733e-20	3.88733e-20	3.88733e-20	3.88733e-20	3.88733e-20	3.88733e-20	3.88733e-20	3.88733e-20	3.88733e-20	3.88733e-20	3.88733e-20	3.88733e-20	3.88733e-20	3.88733e-20	3.88733e-20	3.88733e-20	3.88733e-20	3.88733e-20	3.88733e-20	3.88733e-20	3.88733e-20	3.88733e-20	3.88733e-20	3.88733e-20	3.88733e-20	3.88733e-20	3.88733e-20	3.88733e-20	3.88733e-20	3.88733e-20	3.88733e-20	3.88733e-20	3.88733e-20	3.88733e-20	3.88733e-20	3.88733e-20	3.88733e-20	3.88733e-20	3.88733e-20	3.88733e-20	3.88733e-20	3.88733e-20	3.88733e-20	3.88733e-20	3.88733e-20	3.88733e-20	3.88733e-20	3.88733e-20	3.88733e-20	3.88733e-20	3.88733e-20	3.88733e-20	3.88733e-20	3.88733e-20	3.88733e-20	3.88733e-20	3.88733e-20	3.88733e-20	3.88733e-20	3.88733e-20	3.88733e-20	3.88733e-20	3.88733e-20	3.88733e-20	3.88733e-20	3.88733e-20	3.88733e-20	3.88733e-20	3.88733e-20	3.88733e-20	3.88733e-20	3.88733e-20	3.88733e-20	3.88733e-20	3.88733e-20	3.88733e-20	3.88733e-20	3.88733e-20	3.88733e-20	3.88733e-20	3.88733e-20	3.88733e-20	3.88733e-20	3.88733e-20	3.88733e-20	3.88733e-20	3.88733e-20	3.88733e-20	3.88733e-20	3.88733e-20	3.88733e-20	3.88733e-20	3.88733e-20	3.88733e-20	3.88733e-20	3.88733e-20	3.88733e-20	3.88733e-20	3.88733e-20	3.88733e-20	3.88733e-20	3.88733e-20	3.88733e-20	3.88733e-20	3.88733e-20	3.88733e-20	3.88733e-20	3.88733e-20	3.88733e-20	3.88733e-20	3.88733e-20	3.88733e-20	3.88733e-20	3.88733e-20	3.88733e-20	3.88733e-20	3.88733e-20	3.88733e-20	3.88733e-20	3.88733e-20	3.88733e-20	3.88733e-20	3.88733e-20	3.88733e-20
21.38	1.21431e-29	3.16764e-29	6.15571e-29	1.07267e-28	1.77191e-28	2.84155e-28	4.47783e-28	6.98091e-28	1.08100e-27	1.66674e-27	2.56278e-27	3.93348e-27	6.03031e-27	9.23792e-27	1.41447e-26	2.16509e-26	3.31336e-26	5.06991e-26	7.75702e-26	1.18676e-25	1.81559e-25	2.77755e-25	4.24914e-25	6.50034e-25	9.94421e-25	1.52126e-24	2.32723e-24	3.56021e-24	5.44646e-24	8.33214e-24	1.27468e-23	1.95008e-23	2.98337e-23	4.56425e-23	6.98292e-23	1.06835e-22	1.63455e-22	2.50089e-22	3.82652e-22	5.85499e-22	8.95912e-22	1.37096e-21	2.09799e-21	3.21076e-21	4.91406e-21	7.52156e-21	1.15136e-20	1.76263e-20	2.69875e-20	4.03338e-20	4.20653e-20	4.20702e-20	4.20702e-20	4.20702e-20	4.20702e-20	4.20702e-20	4.20702e-20	4.20702e-20	4.20702e-20	4.20702e-20	4.20702e-20	4.20702e-20	4.20702e-20	4.20702e-20	4.20702e-20	4.20702e-20	4.20702e-20	4.20702e-20	4.20702e-20	4.20702e-20	4.20702e-20	4.20702e-20	4.20702e-20	4.20702e-20	4.20702e-20	4.20702e-20	4.20702e-20	4.20702e-20	4.20702e-20	4.20702e-20	4.20702e-20	4.20702e-20	4.20702e-20	4.20702e-20	4.20702e-20	4.20702e-20	4.20702e-20	4.20702e-20	4.20702e-20	4.20702e-20	4.20702e-20	4.20702e-20	4.20702e-20	4.20702e-20	4.20702e-20	4.20702e-20	4.20702e-20	4.20702e-20	4.20702e-20	4.20702e-20	4.20702e-20	4.20702e-20	4.20702e-20	4.20702e-20	4.20702e-20	4.20702e-20	4.20702e-20	4.20702e-20	4.20702e-20	4.20702e-20	4.20702e-20	4.20702e-20	4.20702e-20	4.20702e-20	4.20702e-20	4.20702e-20	4.20702e-20	4.20702e-20	4.20702e-20	4.20702e-20	4.20702e-20	4.20702e-20	4.20702e-20	4.20702e-20	4.20702e-20	4.20702e-20	4.20702e-20	4.20702e-20	4.20702e-20	4.20702e-20	4.20702e-20	4.20702e-20	4.20702e-20	4.20702e-20	4.20702e-20	4.20702e-20	4.20702e-20	4.20702e-20	4.20702e-20	4.20702e-20	4.20702e-20	4.20702e-20	4.20702e-20	4.20702e-20	4.20702e-20	4.20702e-20	4.20702e-20	4.20702e-20	4.20702e-20	4.20702e-20	4.20702e-20	4.20702e-20	4.20702e-20	4.20702e-20	4.20702e-20	4.20702e-20	4.20702e-20	4.20702e-20	4.20702e-20	4.20702e-20	4.20702e-20	4.20702e-20	4.20702e-20	4.20702e-20	4.20702e-20	4.20702e-20	4.20702e-20	4.20702e-20	4.20702e-20	4.20702e-20	4.20702e-20	4.20702e-20	4.20702e-20	4.20702e-20	4.20702e-20	4.20702e-20	4.20702e-20	4.20702e-20	4.20702e-20	4.20702e-20	4.20702e-20	4.20702e-20	4.20702e-20	4.20702e-20	4.20702e-20	4.20702e-20
21.41	1.03799e-29	2.70769e-29	5.26189e-29	9.16915e-29	1.51462e-28	2.42896e-28	3.82764e-28	5.96727e-28	9.24034e-28	1.42473e-27	2.19066e-27	3.36234e-27	5.15470e-27	7.89656e-27	1.20909e-26	1.85072e-26	2.83225e-26	4.33375e-26	6.63069e-26	1.01444e-25	1.55197e-25	2.37425e-25	3.63216e-25	5.55648e-25	8.50029e-25	1.30037e-24	1.98931e-24	3.04326e-24	4.65563e-24	7.12230e-24	1.08960e-23	1.66693e-23	2.55018e-23	3.90151e-23	5.96899e-23	9.13224e-23	1.39721e-22	2.13776e-22	3.27090e-22	5.00484e-22	7.65824e-22	1.17189e-21	1.79336e-21	2.74455e-21	4.20054e-21	6.42941e-21	9.84184e-21	1.50670e-20	2.30689e-20	3.53253e-20	4.53714e-20	4.55320e-20	4.55323e-20	4.55323e-20	4.55323e-20	4.55323e-20	4.55323e-20	4.55323e-20	4.55323e-20	4.55323e-20	4.55323e-20	4.55323e-20	4.55323e-20	4.55323e-20	4.55323e-20	4.55323e-20	4.55323e-20	4.55323e-20	4.55323e-20	4.55323e-20	4.55323e-20	4.55323e-20	4.55323e-20	4.55323e-20	4.55323e-20	4.55323e-20	4.55323e-20	4.55323e-20	4.55323e-20	4.55323e-20	4.55323e-20	4.55323e-20	4.55323e-20	4.55323e-20	4.55323e-20	4.55323e-20	4.55323e-20	4.55323e-20	4.55323e-20	4.55323e-20	4.55323e-20	4.55323e-20	4.55323e-20	4.55323e-20	4.55323e-20	4.55323e-20	4.55323e-20	4.55323e-20	4.55323e-20	4.55323e-20	4.55323e-20	4.55323e-20	4.55323e-20	4.55323e-20	4.55323e-20	4.55323e-20	4.55323e-20	4.55323e-20	4.55323e-20	4.55323e-20	4.55323e-20	4.55323e-20	4.55323e-20	4.55323e-20	4.55323e-20	4.55323e-20	4.55323e-20	4.55323e-20	4.55323e-20	4.55323e-20	4.55323e-20	4.55323e-20	4.55323e-20	4.55323e-20	4.55323e-20	4.55323e-20	4.55323e-20	4.55323e-20	4.55323e-20	4.55323e-20	4.55323e-20	4.55323e-20	4.55323e-20	4.55323e-20	4.55323e-20	4.55323e-20	4.55323e-20	4.55323e-20	4.55323e-20	4.55323e-20	4.55323e-20	4.55323e-20	4.55323e-20	4.55323e-20	4.55323e-20	4.55323e-20	4.55323e-20	4.55323e-20	4.55323e-20	4.55323e-20	4.55323e-20	4.55323e-20	4.55323e-20	4.55323e-20	4.55323e-20	4.55323e-20	4.55323e-20	4.55323e-20	4.55323e-20	4.55323e-20	4.55323e-20	4.55323e-20	4.55323e-20	4.55323e-20	4.55323e-20	4.55323e-20	4.55323e-20	4.55323e-20	4.55323e-20	4.55323e-20	4.55323e-20	4.55323e-20	4.55323e-20	4.55323e-20	4.55323e-20	4.55323e-20	4.55323e-20	4.55323e-20	4.55323e-20	4.55323e-20	4.55323e-20	4.55323e-20	4.55323e-20	4.55323e-20	4.55323e-20	4.55323e-20
21.45	8.87269e-30	2.31453e-29	4.49786e-29	7.83778e-29	1.29470e-28	2.07627e-28	3.27186e-28	5.10081e-28	7.89863e-28	1.21786e-27	1.87257e-27	2.87412e-27	4.40623e-27	6.74997e-27	1.03353e-26	1.58199e-26	2.42100e-26	3.70449e-26	5.66790e-26	8.67145e-26	1.32662e-25	2.02950e-25	3.10476e-25	4.74967e-25	7.26604e-25	1.11156e-24	1.70046e-24	2.60137e-24	3.97962e-24	6.08813e-24	9.31386e-24	1.42488e-23	2.17989e-23	3.33500e-23	5.10228e-23	7.80622e-23	1.19434e-22	1.82735e-22	2.79596e-22	4.27813e-22	6.54625e-22	1.00173e-21	1.53296e-21	2.34604e-21	3.59061e-21	5.49585e-21	8.41279e-21	1.28792e-20	1.97192e-20	3.01960e-20	4.59363e-20	4.92705e-20	4.92818e-20	4.92818e-20	4.92818e-20	4.92818e-20	4.92818e-20	4.92818e-20	4.92818e-20	4.92818e-20	4.92818e-20	4.92818e-20	4.92818e-20	4.92818e-20	4.92818e-20	4.92818e-20	4.92818e-20	4.92818e-20	4.92818e-20	4.92818e-20	4.92818e-20	4.92818e-20	4.92818e-20	4.92818e-20	4.92818e-20	4.92818e-20	4.92818e-20	4.92818e-20	4.92818e-20	4.92818e-20	4.92818e-20	4.92818e-20	4.92818e-20	4.92818e-20	4.92818e-20	4.92818e-20	4.92818e-20	4.92818e-20	4.92818e-20	4.92818e-20	4.92818e-20	4.92818e-20	4.92818e-20	4.92818e-20	4.92818e-20	4.92818e-20	4.92818e-20	4.92818e-20	4.92818e-20	4.92818e-20	4.92818e-20	4.92818e-20	4.92818e-20	4.92818e-20	4.92818e-20	4.92818e-20	4.92818e-20	4.92818e-20	4.92818e-20	4.92818e-20	4.92818e-20	4.92818e-20	4.92818e-20	4.92818e-20	4.92818e-20	4.92818e-20	4.92818e-20	4.92818e-20	4.92818e-20	4.92818e-20	4.92818e-20	4.92818e-20	4.92818e-20	4.92818e-20	4.92818e-20	4.92818e-20	4.92818e-20	4.92818e-20	4.92818e-20	4.92818e-20	4.92818e-20	4.92818e-20	4.92818e-20	4.92818e-20	4.92818e-20	4.92818e-20	4.92818e-20	4.92818e-20	4.92818e-20	4.92818e-20	4.92818e-20	4.92818e-20	4.92818e-20	4.92818e-20	4.92818e-20	4.92818e-20	4.92818e-20	4.92818e-20	4.92818e-20	4.92818e-20	4.92818e-20	4.92818e-20	4.92818e-20	4.92818e-20	4.92818e-20	4.92818e-20	4.92818e-20	4.92818e-20	4.92818e-20	4.92818e-20	4.92818e-20	4.92818e-20	4.92818e-20	4.92818e-20	4.92818e-20	4.92818e-20	4.92818e-20	4.92818e-20	4.92818e-20	4.92818e-20	4.92818e-20	4.92818e-20	4.92818e-20	4.92818e-20	4.92818e-20	4.92818e-20	4.92818e-20	4.92818e-20	4.92818e-20	4.92818e-20	4.92818e-20	4.92818e-20	4.92818e-20	4.92818e-20	4.92818e-20	4.92818e-20
21.48	7.58436e-30	1.97846e-29	3.84476e-29	6.69972e-29	1.10670e-28	1.77479e-28	2.79678e-28	4.36017e-28	6.75174e-28	1.04102e-27	1.60067e-27	2.45679e-27	3.76644e-27	5.76986e-27	8.83459e-27	1.35228e-26	2.06947e-26	3.16659e-26	4.84491e-26	7.41234e-26	1.13399e-25	1.73482e-25	2.65395e-25	4.06001e-25	6.21100e-25	9.50157e-25	1.45355e-24	2.22365e-24	3.40177e-24	5.20412e-24	7.96147e-24	1.21799e-23	1.86337e-23	2.85076e-23	4.36143e-23	6.67275e-23	1.02092e-22	1.56202e-22	2.38998e-22	3.65694e-22	5.59573e-22	8.56277e-22	1.31037e-21	2.00539e-21	3.06925e-21	4.69785e-21	7.19124e-21	1.10091e-20	1.68560e-20	2.58115e-20	3.95312e-20	5.29905e-20	5.33425e-20	5.33431e-20	5.33431e-20	5.33431e-20	5.33431e-20	5.33431e-20	5.33431e-20	5.33431e-20	5.33431e-20	5.33431e-20	5.33431e-20	5.33431e-20	5.33431e-20	5.33431e-20	5.33431e-20	5.33431e-20	5.33431e-20	5.33431e-20	5.33431e-20	5.33431e-20	5.33431e-20	5.33431e-20	5.33431e-20	5.33431e-20	5.33431e-20	5.33431e-20	5.33431e-20	5.33431e-20	5.33431e-20	5.33431e-20	5.33431e-20	5.33431e-20	5.33431e-20	5.33431e-20	5.33431e-20	5.33431e-20	5.33431e-20	5.33431e-20	5.33431e-20	5.33431e-20	5.33431e-20	5.33431e-20	5.33431e-20	5.33431e-20	5.33431e-20	5.33431e-20	5.33431e-20	5.33431e-20	5.33431e-20	5.33431e-20	5.33431e-20	5.33431e-20	5.33431e-20	5.33431e-20	5.33431e-20	5.33431e-20	5.33431e-20	5.33431e-20	5.33431e-20	5.33431e-20	5.33431e-20	5.33431e-20	5.33431e-20	5.33431e-20	5.33431e-20	5.33431e-20	5.33431e-20	5.33431e-20	5.33431e-20	5.33431e-20	5.33431e-20	5.33431e-20	5.33431e-20	5.33431e-20	5.33431e-20	5.33431e-20	5.33431e-20	5.33431e-20	5.33431e-20	5.33431e-20	5.33431e-20	5.33431e-20	5.33431e-20	5.33431e-20	5.33431e-20	5.33431e-20	5.33431e-20	5.33431e-20	5.33431e-20	5.33431e-20	5.33431e-20	5.33431e-20	5.33431e-20	5.33431e-20	5.33431e-20	5.33431e-20	5.33431e-20	5.33431e-20	5.33431e-20	5.33431e-20	5.33431e-20	5.33431e-20	5.33431e-20	5.33431e-20	5.33431e-20	5.33431e-20	5.33431e-20	5.33431e-20	5.33431e-20	5.33431e-20	5.33431e-20	5.33431e-20	5.33431e-20	5.33431e-20	5.33431e-20	5.33431e-20	5.33431e-20	5.33431e-20	5.33431e-20	5.33431e-20	5.33431e-20	5.33431e-20	5.33431e-20	5.33431e-20	5.33431e-20	5.33431e-20	5.33431e-20	5.33431e-20	5.33431e-20	5.33431e-20	5.33431e-20	5.33431e-20	5.33431e-20	5.33431e-20
21.52	6.48310e-30	1.69118e-29	3.28650e-29	5.72691e-29	9.46009e-29	1.51709e-28	2.39069e-28	3.72707e-28	5.77137e-28	8.89863e-28	1.36825e-27	2.10006e-27	3.21955e-27	4.93207e-27	7.55179e-27	1.15593e-26	1.76898e-26	2.70680e-26	4.14142e-26	6.33606e-26	9.69334e-26	1.48292e-25	2.26859e-25	3.47049e-25	5.30915e-25	8.12192e-25	1.24249e-24	1.90077e-24	2.90783e-24	4.44848e-24	6.80545e-24	1.04114e-23	1.59280e-23	2.43682e-23	3.72814e-23	5.70385e-23	8.72678e-23	1.33521e-22	2.04295e-22	3.12594e-22	4.78322e-22	7.31944e-22	1.12010e-21	1.71420e-21	2.62359e-21	4.01571e-21	6.14706e-21	9.41059e-21	1.44085e-20	2.20636e-20	3.37912e-20	5.17456e-20	5.77166e-20	5.77427e-20	5.77427e-20	5.77427e-20	5.77427e-20	5.77427e-20	5.77427e-20	5.77427e-20	5.77427e-20	5.77427e-20	5.77427e-20	5.77427e-20	5.77427e-20	5.77427e-20	5.77427e-20	5.77427e-20	5.77427e-20	5.77427e-20	5.77427e-20	5.77427e-20	5.77427e-20	5.77427e-20	5.77427e-20	5.77427e-20	5.77427e-20	5.77427e-20	5.77427e-20	5.77427e-20	5.77427e-20	5.77427e-20	5.77427e-20	5.77427e-20	5.77427e-20	5.77427e-20	5.77427e-20	5.77427e-20	5.77427e-20	5.77427e-20	5.77427e-20	5.77427e-20	5.77427e-20	5.77427e-20	5.77427e-20	5.77427e-20	5.77427e-20	5.77427e-20	5.77427e-20	5.77427e-20	5.77427e-20	5.77427e-20	5.77427e-20	5.77427e-20	5.77427e-20	5.77427e-20	5.77427e-20	5.77427e-20	5.77427e-20	5.77427e-20	5.77427e-20	5.77427e-20	5.77427e-20	5.77427e-20	5.77427e-20	5.77427e-20	5.77427e-20	5.77427e-20	5.77427e-20	5.77427e-20	5.77427e-20	5.77427e-20	5.77427e-20	5.77427e-20	5.77427e-20	5.77427e-20	5.77427e-20	5.77427e-20	5.77427e-20	5.77427e-20	5.77427e-20	5.77427e-20	5.77427e-20	5.77427e-20	5.77427e-20	5.77427e-20	5.77427e-20	5.77427e-20	5.77427e-20	5.77427e-20	5.77427e-20	5.77427e-20	5.77427e-20	5.77427e-20	5.77427e-20	5.77427e-20	5.77427e-20	5.77427e-20	5.77427e-20	5.77427e-20	5.77427e-20	5.77427e-20	5.77427e-20	5.77427e-20	5.77427e-20	5.77427e-20	5.77427e-20	5.77427e-20	5.77427e-20	5.77427e-20	5.77427e-20	5.77427e-20	5.77427e-20	5.77427e-20	5.77427e-20	5.77427e-20	5.77427e-20	5.77427e-20	5.77427e-20	5.77427e-20	5.77427e-20	5.77427e-20	5.77427e-20	5.77427e-20	5.77427e-20	5.77427e-20	5.77427e-20	5.77427e-20	5.77427e-20	5.77427e-20	5.77427e-20	5.77427e-20	5.77427e-20	5.77427e-20	5.77427e-20	5.77427e-20
21.55	5.54174e-30	1.44562e-29	2.80929e-29	4.89535e-29	8.08647e-29	1.29680e-28	2.04356e-28	3.18589e-28	4.93336e-28	7.60654e-28	1.16958e-27	1.79513e-27	2.75206e-27	4.21592e-27	6.45526e-27	9.88088e-27	1.51212e-26	2.31376e-26	3.54008e-26	5.41605e-26	8.28585e-26	1.26760e-25	1.93919e-25	2.96657e-25	4.53825e-25	6.94261e-25	1.06208e-24	1.62478e-24	2.48561e-24	3.80255e-24	5.81729e-24	8.89961e-24	1.36153e-23	2.08299e-23	3.18681e-23	4.87565e-23	7.45964e-23	1.14134e-22	1.74631e-22	2.67205e-22	4.08869e-22	6.25665e-22	9.57462e-22	1.46530e-21	2.24264e-21	3.43262e-21	5.25450e-21	8.04416e-21	1.23163e-20	1.88599e-20	2.88847e-20	4.42459e-20	6.17498e-20	6.25076e-20	6.25092e-20	6.25092e-20	6.25092e-20	6.25092e-20	6.25092e-20	6.25092e-20	6.25092e-20	6.25092e-20	6.25092e-20	6.25092e-20	6.25092e-20	6.25092e-20	6.25092e-20	6.25092e-20	6.25092e-20	6.25092e-20	6.25092e-20	6.25092e-20	6.25092e-20	6.25092e-20	6.25092e-20	6.25092e-20	6.25092e-20	6.25092e-20	6.25092e-20	6.25092e-20	6.25092e-20	6.25092e-20	6.25092e-20	6.25092e-20	6.25092e-20	6.25092e-20	6.25092e-20	6.25092e-20	6.25092e-20	6.25092e-20	6.25092e-20	6.25092e-20	6.25092e-20	6.25092e-20	6.25092e-20	6.25092e-20	6.25092e-20	6.25092e-20	6.25092e-20	6.25092e-20	6.25092e-20	6.25092e-20	6.25092e-20	6.25092e-20	6.25092e-20	6.25092e-20	6.25092e-20	6.25092e-20	6.25092e-20	6.25092e-20	6.25092e-20	6.25092e-20	6.25092e-20	6.25092e-20	6.25092e-20	6.25092e-20	6.25092e-20	6.25092e-20	6.25092e-20	6.25092e-20	6.25092e-20	6.25092e-20	6.25092e-20	6.25092e-20	6.25092e-20	6.25092e-20	6.25092e-20	6.25092e-20	6.25092e-20	6.25092e-20	6.25092e-20	6.25092e-20	6.25092e-20	6.25092e-20	6.25092e-20	6.25092e-20	6.25092e-20	6.25092e-20	6.25092e-20	6.25092e-20	6.25092e-20	6.25092e-20	6.25092e-20	6.25092e-20	6.25092e-20	6.25092e-20	6.25092e-20	6.25092e-20	6.25092e-20	6.25092e-20	6.25092e-20	6.25092e-20	6.25092e-20	6.25092e-20	6.25092e-20	6.25092e-20	6.25092e-20	6.25092e-20	6.25092e-20	6.25092e-20	6.25092e-20	6.25092e-20	6.25092e-20	6.25092e-20	6.25092e-20	6.25092e-20	6.25092e-20	6.25092e-20	6.25092e-20	6.25092e-20	6.25092e-20	6.25092e-20	6.25092e-20	6.25092e-20	6.25092e-20	6.25092e-20	6.25092e-20	6.25092e-20	6.25092e-20	6.25092e-20	6.25092e-20	6.25092e-20	6.25092e-20	6.25092e-20	6.25092e-20	6.25092e-20
21.58	4.73707e-30	1.23571e-29	2.40138e-29	4.18454e-29	6.91230e-29	1.10851e-28	1.74683e-28	2.72329e-28	4.21703e-28	6.50205e-28	9.99755e-28	1.53448e-27	2.35246e-27	3.60377e-27	5.51795e-27	8.44616e-27	1.29256e-26	1.97780e-26	3.02606e-26	4.62963e-26	7.08273e-26	1.08354e-25	1.65761e-25	2.53582e-25	3.87929e-25	5.93453e-25	9.07865e-25	1.38886e-24	2.12470e-24	3.25041e-24	4.97261e-24	7.60737e-24	1.16383e-23	1.78054e-23	2.72408e-23	4.16769e-23	6.37649e-23	9.75613e-23	1.49275e-22	2.28407e-22	3.49500e-22	5.34817e-22	8.18437e-22	1.25253e-21	1.91701e-21	2.93420e-21	4.49154e-21	6.87614e-21	1.05280e-20	1.61215e-20	2.46906e-20	3.78213e-20	5.79473e-20	6.76149e-20	6.76740e-20	6.76741e-20	6.76741e-20	6.76741e-20	6.76741e-20	6.76741e-20	6.76741e-20	6.76741e-20	6.76741e-20	6.76741e-20	6.76741e-20	6.76741e-20	6.76741e-20	6.76741e-20	6.76741e-20	6.76741e-20	6.76741e-20	6.76741e-20	6.76741e-20	6.76741e-20	6.76741e-20	6.76741e-20	6.76741e-20	6.76741e-20	6.76741e-20	6.76741e-20	6.76741e-20	6.76741e-20	6.76741e-20	6.76741e-20	6.76741e-20	6.76741e-20	6.76741e-20	6.76741e-20	6.76741e-20	6.76741e-20	6.76741e-20	6.76741e-20	6.76741e-20	6.76741e-20	6.76741e-20	6.76741e-20	6.76741e-20	6.76741e-20	6.76741e-20	6.76741e-20	6.76741e-20	6.76741e-20	6.76741e-20	6.76741e-20	6.76741e-20	6.76741e-20	6.76741e-20	6.76741e-20	6.76741e-20	6.76741e-20	6.76741e-20	6.76741e-20	6.76741e-20	6.76741e-20	6.76741e-20	6.76741e-20	6.76741e-20	6.76741e-20	6.76741e-20	6.76741e-20	6.76741e-20	6.76741e-20	6.76741e-20	6.76741e-20	6.76741e-20	6.76741e-20	6.76741e-20	6.76741e-20	6.76741e-20	6.76741e-20	6.76741e-20	6.76741e-20	6.76741e-20	6.76741e-20	6.76741e-20	6.76741e-20	6.76741e-20	6.76741e-20	6.76741e-20	6.76741e-20	6.76741e-20	6.76741e-20	6.76741e-20	6.76741e-20	6.76741e-20	6.76741e-20	6.76741e-20	6.76741e-20	6.76741e-20	6.76741e-20	6.76741e-20	6.76741e-20	6.76741e-20	6.76741e-20	6.76741e-20	6.76741e-20	6.76741e-20	6.76741e-20	6.76741e-20	6.76741e-20	6.76741e-20	6.76741e-20	6.76741e-20	6.76741e-20	6.76741e-20	6.76741e-20	6.76741e-20	6.76741e-20	6.76741e-20	6.76741e-20	6.76741e-20	6.76741e-20	6.76741e-20	6.76741e-20	6.76741e-20	6.76741e-20	6.76741e-20	6.76741e-20	6.76741e-20	6.76741e-20	6.76741e-20	6.76741e-20	6.76741e-20	6.76741e-20	6.76741e-20	6.76741e-20
21.62	4.04924e-30	1.05629e-29	2.05270e-29	3.57694e-29	5.90863e-29	9.47549e-29	1.49319e-28	2.32787e-28	3.60471e-28	5.55795e-28	8.54589e-28	1.31167e-27	2.01088e-27	3.08049e-27	4.71673e-27	7.21976e-27	1.10488e-26	1.69062e-26	2.58667e-26	3.95740e-26	6.05431e-26	9.26208e-26	1.41693e-25	2.16762e-25	3.31601e-25	5.07283e-25	7.76041e-25	1.18719e-24	1.81619e-24	2.77845e-24	4.25058e-24	6.50277e-24	9.94841e-24	1.52200e-23	2.32854e-23	3.56254e-23	5.45061e-23	8.33952e-23	1.27600e-22	1.95242e-22	2.98752e-22	4.57161e-22	6.99599e-22	1.07066e-21	1.63865e-21	2.50815e-21	3.83936e-21	5.87771e-21	8.99930e-21	1.37806e-20	2.11055e-20	3.23296e-20	4.95332e-20	7.16724e-20	7.32675e-20	7.32714e-20	7.32714e-20	7.32714e-20	7.32714e-20	7.32714e-20	7.32714e-20	7.32714e-20	7.32714e-20	7.32714e-20	7.32714e-20	7.32714e-20	7.32714e-20	7.32714e-20	7.32714e-20	7.32714e-20	7.32714e-20	7.32714e-20	7.32714e-20	7.32714e-20	7.32714e-20	7.32714e-20	7.32714e-20	7.32714e-20	7.32714e-20	7.32714e-20	7.32714e-20	7.32714e-20	7.32714e-20	7.32714e-20	7.32714e-20	7.32714e-20	7.32714e-20	7.32714e-20	7.32714e-20	7.32714e-20	7.32714e-20	7.32714e-20	7.32714e-20	7.32714e-20	7.32714e-20	7.32714e-20	7.32714e-20	7.32714e-20	7.32714e-20	7.32714e-20	7.32714e-20	7.32714e-20	7.32714e-20	7.32714e-20	7.32714e-20	7.32714e-20	7.32714e-20	7.32714e-20	7.32714e-20	7.32714e-20	7.32714e-20	7.32714e-20	7.32714e-20	7.32714e-20	7.32714e-20	7.32714e-20	7.32714e-20	7.32714e-20	7.32714e-20	7.32714e-20	7.32714e-20	7.32714e-20	7.32714e-20	7.32714e-20	7.32714e-20	7.32714e-20	7.32714e-20	7.32714e-20	7.32714e-20	7.32714e-20	7.32714e-20	7.32714e-20	7.32714e-20	7.32714e-20	7.32714e-20	7.32714e-20	7.32714e-20	7.32714e-20	7.32714e-20	7.32714e-20	7.32714e-20	7.32714e-20	7.32714e-20	7.32714e-20	7.32714e-20	7.32714e-20	7.32714e-20	7.32714e-20	7.32714e-20	7.32714e-20	7.32714e-20	7.32714e-20	7.32714e-20	7.32714e-20	7.32714e-20	7.32714e-20	7.32714e-20	7.32714e-20	7.32714e-20	7.32714e-20	7.32714e-20	7.32714e-20	7.32714e-20	7.32714e-20	7.32714e-20	7.32714e-20	7.32714e-20	7.32714e-20	7.32714e-20	7.32714e-20	7.32714e-20	7.32714e-20	7.32714e-20	7.32714e-20	7.32714e-20	7.32714e-20	7.32714e-20	7.32714e-20	7.32714e-20	7.32714e-20	7.32714e-20	7.32714e-20	7.32714e-20	7.32714e-20	7.32714e-20	7.32714e-20
21.65	3.46129e-30	9.02911e-30	1.75464e-29	3.05756e-29	5.05068e-29	8.09964e-29	1.27637e-28	1.98986e-28	3.08130e-28	4.75092e-28	7.30501e-28	1.12121e-27	1.71890e-27	2.63320e-27	4.03185e-27	6.17144e-27	9.44448e-27	1.44514e-26	2.21108e-26	3.38278e-26	5.17521e-26	7.91721e-26	1.21119e-25	1.85287e-25	2.83452e-25	4.33624e-25	6.63359e-25	1.01481e-24	1.55247e-24	2.37501e-24	3.63339e-24	5.55856e-24	8.50389e-24	1.30100e-23	1.99043e-23	3.04525e-23	4.65917e-23	7.12861e-23	1.09072e-22	1.66892e-22	2.55373e-22	3.90781e-22	5.98016e-22	9.15203e-22	1.40072e-21	2.14396e-21	3.28188e-21	5.02426e-21	7.69259e-21	1.17796e-20	1.80409e-20	2.76353e-20	4.23409e-20	6.48875e-20	7.92048e-20	7.93381e-20	7.93383e-20	7.93383e-20	7.93383e-20	7.93383e-20	7.93383e-20	7.93383e-20	7.93383e-20	7.93383e-20	7.93383e-20	7.93383e-20	7.93383e-20	7.93383e-20	7.93383e-20	7.93383e-20	7.93383e-20	7.93383e-20	7.93383e-20	7.93383e-20	7.93383e-20	7.93383e-20	7.93383e-20	7.93383e-20	7.93383e-20	7.93383e-20	7.93383e-20	7.93383e-20	7.93383e-20	7.93383e-20	7.93383e-20	7.93383e-20	7.93383e-20	7.93383e-20	7.93383e-20	7.93383e-20	7.93383e-20	7.93383e-20	7.93383e-20	7.93383e-20	7.93383e-20	7.93383e-20	7.93383e-20	7.93383e-20	7.93383e-20	7.93383e-20	7.93383e-20	7.93383e-20	7.93383e-20	7.93383e-20	7.93383e-20	7.93383e-20	7.93383e-20	7.93383e-20	7.93383e-20	7.93383e-20	7.93383e-20	7.93383e-20	7.93383e-20	7.93383e-20	7.93383e-20	7.93383e-20	7.93383e-20	7.93383e-20	7.93383e-20	7.93383e-20	7.93383e-20	7.93383e-20	7.93383e-20	7.93383e-20	7.93383e-20	7.93383e-20	7.93383e-20	7.93383e-20	7.93383e-20	7.93383e-20	7.93383e-20	7.93383e-20	7.93383e-20	7.93383e-20	7.93383e-20	7.93383e-20	7.93383e-20	7.93383e-20	7.93383e-20	7.93383e-20	7.93383e-20	7.93383e-20	7.93383e-20	7.93383e-20	7.93383e-20	7.93383e-20	7.93383e-20	7.93383e-20	7.93383e-20	7.93383e-20	7.93383e-20	7.93383e-20	7.93383e-20	7.93383e-20	7.93383e-20	7.93383e-20	7.93383e-20	7.93383e-20	7.93383e-20	7.93383e-20	7.93383e-20	7.93383e-20	7.93383e-20	7.93383e-20	7.93383e-20	7.93383e-20	7.93383e-20	7.93383e-20	7.93383e-20	7.93383e-20	7.93383e-20	7.93383e-20	7.93383e-20	7.93383e-20	7.93383e-20	7.93383e-20	7.93383e-20	7.93383e-20	7.93383e-20	7.93383e-20	7.93383e-20	7.93383e-20	7.93383e-20	7.93383e-20	7.93383e-20	7.93383e-20
21.69	2.95870e-30	7.71807e-30	1.49986e-29	2.61360e-29	4.31732e-29	6.92356e-29	1.09104e-28	1.70093e-28	2.63389e-28	4.06108e-28	6.24431e-28	9.58409e-28	1.46931e-27	2.25086e-27	3.44642e-27	5.27534e-27	8.07313e-27	1.23530e-26	1.89003e-26	2.89160e-26	4.42376e-26	6.76762e-26	1.03532e-25	1.58383e-25	2.42295e-25	3.70662e-25	5.67038e-25	8.67459e-25	1.32705e-24	2.03016e-24	3.10582e-24	4.75145e-24	7.26911e-24	1.11210e-23	1.70142e-23	2.60308e-23	3.98265e-23	6.09353e-23	9.32346e-23	1.42659e-22	2.18293e-22	3.34039e-22	5.11183e-22	7.82314e-22	1.19733e-21	1.83266e-21	2.80535e-21	4.29473e-21	6.57561e-21	1.00692e-20	1.54214e-20	2.36226e-20	3.61930e-20	5.54657e-20	8.26536e-20	8.59064e-20	8.59154e-20	8.59154e-20	8.59154e-20	8.59154e-20	8.59154e-20	8.59154e-20	8.59154e-20	8.59154e-20	8.59154e-20	8.59154e-20	8.59154e-20	8.59154e-20	8.59154e-20	8.59154e-20	8.59154e-20	8.59154e-20	8.59154e-20	8.59154e-20	8.59154e-20	8.59154e-20	8.59154e-20	8.59154e-20	8.59154e-20	8.59154e-20	8.59154e-20	8.59154e-20	8.59154e-20	8.59154e-20	8.59154e-20	8.59154e-20	8.59154e-20	8.59154e-20	8.59154e-20	8.59154e-20	8.59154e-20	8.59154e-20	8.59154e-20	8.59154e-20	8.59154e-20	8.59154e-20	8.59154e-20	8.59154e-20	8.59154e-20	8.59154e-20	8.59154e-20	8.59154e-20	8.59154e-20	8.59154e-20	8.59154e-20	8.59154e-20	8.59154e-20	8.59154e-20	8.59154e-20	8.59154e-20	8.59154e-20	8.59154e-20	8.59154e-20	8.59154e-20	8.59154e-20	8.59154e-20	8.59154e-20	8.59154e-20	8.59154e-20	8.59154e-20	8.59154e-20	8.59154e-20	8.59154e-20	8.59154e-20	8.59154e-20	8.59154e-20	8.59154e-20	8.59154e-20	8.59154e-20	8.59154e-20	8.59154e-20	8.59154e-20	8.59154e-20	8.59154e-20	8.59154e-20	8.59154e-20	8.59154e-20	8.59154e-20	8.59154e-20	8.59154e-20	8.59154e-20	8.59154e-20	8.59154e-20	8.59154e-20	8.59154e-20	8.59154e-20	8.59154e-20	8.59154e-20	8.59154e-20	8.59154e-20	8.59154e-20	8.59154e-20	8.59154e-20	8.59154e-20	8.59154e-20	8.59154e-20	8.59154e-20	8.59154e-20	8.59154e-20	8.59154e-20	8.59154e-20	8.59154e-20	8.59154e-20	8.59154e-20	8.59154e-20	8.59154e-20	8.59154e-20	8.59154e-20	8.59154e-20	8.59154e-20	8.59154e-20	8.59154e-20	8.59154e-20	8.59154e-20	8.59154e-20	8.59154e-20	8.59154e-20	8.59154e-20	8.59154e-20	8.59154e-20	8.59154e-20	8.59154e-20	8.59154e-20	8.59154e-20	8.59154e-20	8.59154e-20
21.72	2.52910e-30	6.59740e-30	1.28208e-29	2.23410e-29	3.69044e-29	5.91825e-29	9.32621e-29	1.45395e-28	2.25145e-28	3.47141e-28	5.33763e-28	8.19247e-28	1.25596e-27	1.92403e-27	2.94600e-27	4.50935e-27	6.90089e-27	1.05594e-26	1.61559e-26	2.47173e-26	3.78143e-26	5.78495e-26	8.84990e-26	1.35386e-25	2.07113e-25	3.16841e-25	4.84703e-25	7.41503e-25	1.13436e-24	1.73538e-24	2.65485e-24	4.06153e-24	6.21362e-24	9.50619e-24	1.45437e-23	2.22511e-23	3.40437e-23	5.20874e-23	7.96968e-23	1.21945e-22	1.86596e-22	2.85536e-22	4.36958e-22	6.68721e-22	1.02348e-21	1.56655e-21	2.39800e-21	3.67113e-21	5.62082e-21	8.60715e-21	1.31822e-20	2.01926e-20	3.09377e-20	4.74120e-20	7.26790e-20	9.27493e-20	9.30464e-20	9.30470e-20	9.30470e-20	9.30470e-20	9.30470e-20	9.30470e-20	9.30470e-20	9.30470e-20	9.30470e-20	9.30470e-20	9.30470e-20	9.30470e-20	9.30470e-20	9.30470e-20	9.30470e-20	9.30470e-20	9.30470e-20	9.30470e-20	9.30470e-20	9.30470e-20	9.30470e-20	9.30470e-20	9.30470e-20	9.30470e-20	9.30470e-20	9.30470e-20	9.30470e-20	9.30470e-20	9.30470e-20	9.30470e-20	9.30470e-20	9.30470e-20	9.30470e-20	9.30470e-20	9.30470e-20	9.30470e-20	9.30470e-20	9.30470e-20	9.30470e-20	9.30470e-20	9.30470e-20	9.30470e-20	9.30470e-20	9.30470e-20	9.30470e-20	9.30470e-20	9.30470e-20	9.30470e-20	9.30470e-20	9.30470e-20	9.30470e-20	9.30470e-20	9.30470e-20	9.30470e-20	9.30470e-20	9.30470e-20	9.30470e-20	9.30470e-20	9.30470e-20	9.30470e-20	9.30470e-20	9.30470e-20	9.30470e-20	9.30470e-20	9.30470e-20	9.30470e-20	9.30470e-20	9.30470e-20	9.30470e-20	9.30470e-20	9.30470e-20	9.30470e-20	9.30470e-20	9.30470e-20	9.30470e-20	9.30470e-20	9.30470e-20	9.30470e-20	9.30470e-20	9.30470e-20	9.30470e-20	9.30470e-20	9.30470e-20	9.30470e-20	9.30470e-20	9.30470e-20	9.30470e-20	9.30470e-20	9.30470e-20	9.30470e-20	9.30470e-20	9.30470e-20	9.30470e-20	9.30470e-20	9.30470e-20	9.30470e-20	9.30470e-20	9.30470e-20	9.30470e-20	9.30470e-20	9.30470e-20	9.30470e-20	9.30470e-20	9.30470e-20	9.30470e-20	9.30470e-20	9.30470e-20	9.30470e-20	9.30470e-20	9.30470e-20	9.30470e-20	9.30470e-20	9.30470e-20	9.30470e-20	9.30470e-20	9.30470e-20	9.30470e-20	9.30470e-20	9.30470e-20	9.30470e-20	9.30470e-20	9.30470e-20	9.30470e-20	9.30470e-20	9.30470e-20	9.30470e-20	9.30470e-20	9.30470e-20	9.30470e-20	9.30470e-20
21.75	2.16187e-30	5.63944e-30	1.09592e-29	1.90971e-29	3.15458e-29	5.05891e-29	7.97203e-29	1.24283e-28	1.92453e-28	2.96735e-28	4.56260e-28	7.00291e-28	1.07360e-27	1.64466e-27	2.51823e-27	3.85459e-27	5.89887e-27	9.02613e-27	1.38101e-26	2.11283e-26	3.23236e-26	4.94497e-26	7.56488e-26	1.15728e-25	1.77040e-25	2.70835e-25	4.14324e-25	6.33835e-25	9.69651e-25	1.48340e-24	2.26936e-24	3.47179e-24	5.31140e-24	8.12587e-24	1.24319e-23	1.90202e-23	2.91005e-23	4.45242e-23	6.81247e-23	1.04238e-22	1.59502e-22	2.44076e-22	3.73511e-22	5.71621e-22	8.74867e-22	1.33909e-21	2.04981e-21	3.13807e-21	4.80467e-21	7.35737e-21	1.12681e-20	1.72606e-20	2.64455e-20	4.05277e-20	6.21259e-20	9.44264e-20	1.00760e-19	1.00781e-19	1.00781e-19	1.00781e-19	1.00781e-19	1.00781e-19	1.00781e-19	1.00781e-19	1.00781e-19	1.00781e-19	1.00781e-19	1.00781e-19	1.00781e-19	1.00781e-19	1.00781e-19	1.00781e-19	1.00781e-19	1.00781e-19	1.00781e-19	1.00781e-19	1.00781e-19	1.00781e-19	1.00781e-19	1.00781e-19	1.00781e-19	1.00781e-19	1.00781e-19	1.00781e-19	1.00781e-19	1.00781e-19	1.00781e-19	1.00781e-19	1.00781e-19	1.00781e-19	1.00781e-19	1.00781e-19	1.00781e-19	1.00781e-19	1.00781e-19	1.00781e-19	1.00781e-19	1.00781e-19	1.00781e-19	1.00781e-19	1.00781e-19	1.00781e-19	1.00781e-19	1.00781e-19	1.00781e-19	1.00781e-19	1.00781e-19	1.00781e-19	1.00781e-19	1.00781e-19	1.00781e-19	1.00781e-19	1.00781e-19	1.00781e-19	1.00781e-19	1.00781e-19	1.00781e-19	1.00781e-19	1.00781e-19	1.00781e-19	1.00781e-19	1.00781e-19	1.00781e-19	1.00781e-19	1.00781e-19	1.00781e-19	1.00781e-19	1.00781e-19	1.00781e-19	1.00781e-19	1.00781e-19	1.00781e-19	1.00781e-19	1.00781e-19	1.00781e-19	1.00781e-19	1.00781e-19	1.00781e-19	1.00781e-19	1.00781e-19	1.00781e-19	1.00781e-19	1.00781e-19	1.00781e-19	1.00781e-19	1.00781e-19	1.00781e-19	1.00781e-19	1.00781e-19	1.00781e-19	1.00781e-19	1.00781e-19	1.00781e-19	1.00781e-19	1.00781e-19	1.00781e-19	1.00781e-19	1.00781e-19	1.00781e-19	1.00781e-19	1.00781e-19	1.00781e-19	1.00781e-19	1.00781e-19	1.00781e-19	1.00781e-19	1.00781e-19	1.00781e-19	1.00781e-19	1.00781e-19	1.00781e-19	1.00781e-19	1.00781e-19	1.00781e-19	1.00781e-19	1.00781e-19	1.00781e-19	1.00781e-19	1.00781e-19	1.00781e-19	1.00781e-19	1.00781e-19	1.00781e-19	1.00781e-19	1.00781e-19	1.00781e-19
21.79	1.84796e-30	4.82059e-30	9.36792e-30	1.63241e-29	2.69653e-29	4.32435e-29	6.81448e-29	1.06237e-28	1.64509e-28	2.53649e-28	3.90010e-28	5.98608e-28	9.17708e-28	1.40585e-27	2.15258e-27	3.29490e-27	5.04235e-27	7.71552e-27	1.18048e-26	1.80605e-26	2.76301e-26	4.22695e-26	6.46645e-26	9.89238e-26	1.51333e-25	2.31509e-25	3.54163e-25	5.41801e-25	8.28856e-25	1.26801e-24	1.93984e-24	2.96768e-24	4.54017e-24	6.94598e-24	1.06268e-23	1.62584e-23	2.48750e-23	3.80592e-23	5.82329e-23	8.91027e-23	1.36342e-22	2.08635e-22	3.19277e-22	4.88621e-22	7.47835e-22	1.14465e-21	1.75218e-21	2.68242e-21	4.10702e-21	6.28907e-21	9.63194e-21	1.47543e-20	2.26056e-20	3.46430e-20	5.31052e-20	8.14323e-20	1.08516e-19	1.09170e-19	1.09171e-19	1.09171e-19	1.09171e-19	1.09171e-19	1.09171e-19	1.09171e-19	1.09171e-19	1.09171e-19	1.09171e-19	1.09171e-19	1.09171e-19	1.09171e-19	1.09171e-19	1.09171e-19	1.09171e-19	1.09171e-19	1.09171e-19	1.09171e-19	1.09171e-19	1.09171e-19	1.09171e-19	1.09171e-19	1.09171e-19	1.09171e-19	1.09171e-19	1.09171e-19	1.09171e-19	1.09171e-19	1.09171e-19	1.09171e-19	1.09171e-19	1.09171e-19	1.09171e-19	1.09171e-19	1.09171e-19	1.09171e-19	1.09171e-19	1.09171e-19	1.09171e-19	1.09171e-19	1.09171e-19	1.09171e-19	1.09171e-19	1.09171e-19	1.09171e-19	1.09171e-19	1.09171e-19	1.09171e-19	1.09171e-19	1.09171e-19	1.09171e-19	1.09171e-19	1.09171e-19	1.09171e-19	1.09171e-19	1.09171e-19	1.09171e-19	1.09171e-19	1.09171e-19	1.09171e-19	1.09171e-19	1.09171e-19	1.09171e-19	1.09171e-19	1.09171e-19	1.09171e-19	1.09171e-19	1.09171e-19	1.09171e-19	1.09171e-19	1.09171e-19	1.09171e-19	1.09171e-19	1.09171e-19	1.09171e-19	1.09171e-19	1.09171e-19	1.09171e-19	1.09171e-19	1.09171e-19	1.09171e-19	1.09171e-19	1.09171e-19	1.09171e-19	1.09171e-19	1.09171e-19	1.09171e-19	1.09171e-19	1.09171e-19	1.09171e-19	1.09171e-19	1.09171e-19	1.09171e-19	1.09171e-19	1.09171e-19	1.09171e-19	1.09171e-19	1.09171e-19	1.09171e-19	1.09171e-19	1.09171e-19	1.09171e-19	1.09171e-19	1.09171e-19	1.09171e-19	1.09171e-19	1.09171e-19	1.09171e-19	1.09171e-19	1.09171e-19	1.09171e-19	1.09171e-19	1.09171e-19	1.09171e-19	1.09171e-19	1.09171e-19	1.09171e-19	1.09171e-19	1.09171e-19	1.09171e-19	1.09171e-19	1.09171e-19	1.09171e-19	1.09171e-19	1.09171e-19	1.09171e-19	1.09171e-19	1.09171e-19
21.82	1.57963e-30	4.12063e-30	8.00768e-30	1.39538e-29	2.30499e-29	3.69644e-29	5.82501e-29	9.08114e-29	1.40622e-28	2.16819e-28	3.33380e-28	5.11689e-28	7.84455e-28	1.20172e-27	1.84002e-27	2.81647e-27	4.31019e-27	6.59522e-27	1.00907e-26	1.54381e-26	2.36182e-26	3.61319e-26	5.52751e-26	8.45599e-26	1.29360e-25	1.97894e-25	3.02738e-25	4.63131e-25	7.08505e-25	1.08389e-24	1.65818e-24	2.53677e-24	3.88093e-24	5.93742e-24	9.08376e-24	1.38977e-23	2.12631e-23	3.25330e-23	4.97774e-23	7.61649e-23	1.16545e-22	1.78341e-22	2.72917e-22	4.17672e-22	6.39248e-22	9.78444e-22	1.49776e-21	2.29293e-21	3.51068e-21	5.37589e-21	8.23337e-21	1.26120e-20	1.93232e-20	2.96128e-20	4.53942e-20	6.96082e-20	1.06702e-19	1.18226e-19	1.18274e-19	1.18274e-19	1.18274e-19	1.18274e-19	1.18274e-19	1.18274e-19	1.18274e-19	1.18274e-19	1.18274e-19	1.18274e-19	1.18274e-19	1.18274e-19	1.18274e-19	1.18274e-19	1.18274e-19	1.18274e-19	1.18274e-19	1.18274e-19	1.18274e-19	1.18274e-19	1.18274e-19	1.18274e-19	1.18274e-19	1.18274e-19	1.18274e-19	1.18274e-19	1.18274e-19	1.18274e-19	1.18274e-19	1.18274e-19	1.18274e-19	1.18274e-19	1.18274e-19	1.18274e-19	1.18274e-19	1.18274e-19	1.18274e-19	1.18274e-19	1.18274e-19	1.18274e-19	1.18274e-19	1.18274e-19	1.18274e-19	1.18274e-19	1.18274e-19	1.18274e-19	1.18274e-19	1.18274e-19	1.18274e-19	1.18274e-19	1.18274e-19	1.18274e-19	1.18274e-19	1.18274e-19	1.18274e-19	1.18274e-19	1.18274e-19	1.18274e-19	1.18274e-19	1.18274e-19	1.18274e-19	1.18274e-19	1.18274e-19	1.18274e-19	1.18274e-19	1.18274e-19	1.18274e-19	1.18274e-19	1.18274e-19	1.18274e-19	1.18274e-19	1.18274e-19	1.18274e-19	1.18274e-19	1.18274e-19	1.18274e-19	1.18274e-19	1.18274e-19	1.18274e-19	1.18274e-19	1.18274e-19	1.18274e-19	1.18274e-19	1.18274e-19	1.18274e-19	1.18274e-19	1.18274e-19	1.18274e-19	1.18274e-19	1.18274e-19	1.18274e-19	1.18274e-19	1.18274e-19	1.18274e-19	1.18274e-19	1.18274e-19	1.18274e-19	1.18274e-19	1.18274e-19	1.18274e-19	1.18274e-19	1.18274e-19	1.18274e-19	1.18274e-19	1.18274e-19	1.18274e-19	1.18274e-19	1.18274e-19	1.18274e-19	1.18274e-19	1.18274e-19	1.18274e-19	1.18274e-19	1.18274e-19	1.18274e-19	1.18274e-19	1.18274e-19	1.18274e-19	1.18274e-19	1.18274e-19	1.18274e-19	1.18274e-19	1.18274e-19	1.18274e-19	1.18274e-19	1.18274e-19	1.18274e-19	1.18274e-19
21.86	1.35027e-30	3.52231e-30	6.84496e-30	1.19277e-29	1.97030e-29	3.15972e-29	4.97921e-29	7.76255e-29	1.20203e-28	1.85336e-28	2.84973e-28	4.37391e-28	6.70551e-28	1.02723e-27	1.57285e-27	2.40752e-27	3.68435e-27	5.63758e-27	8.62555e-27	1.31964e-26	2.01888e-26	3.08855e-26	4.72491e-26	7.22817e-26	1.10576e-25	1.69159e-25	2.58780e-25	3.95884e-25	6.05629e-25	9.26507e-25	1.41741e-24	2.16843e-24	3.31742e-24	5.07529e-24	7.76478e-24	1.18797e-23	1.81757e-23	2.78091e-23	4.25496e-23	6.51056e-23	9.96225e-23	1.52446e-22	2.33289e-22	3.57026e-22	5.46428e-22	8.36373e-22	1.28028e-21	1.95999e-21	3.00092e-21	4.59530e-21	7.03787e-21	1.07807e-20	1.65174e-20	2.53130e-20	3.88029e-20	5.95010e-20	9.12737e-20	1.26735e-19	1.28151e-19	1.28154e-19	1.28154e-19	1.28154e-19	1.28154e-19	1.28154e-19	1.28154e-19	1.28154e-19	1.28154e-19	1.28154e-19	1.28154e-19	1.28154e-19	1.28154e-19	1.28154e-19	1.28154e-19	1.28154e-19	1.28154e-19	1.28154e-19	1.28154e-19	1.28154e-19	1.28154e-19	1.28154e-19	1.28154e-19	1.28154e-19	1.28154e-19	1.28154e-19	1.28154e-19	1.28154e-19	1.28154e-19	1.28154e-19	1.28154e-19	1.28154e-19	1.28154e-19	1.28154e-19	1.28154e-19	1.28154e-19	1.28154e-19	1.28154e-19	1.28154e-19	1.28154e-19	1.28154e-19	1.28154e-19	1.28154e-19	1.28154e-19	1.28154e-19	1.28154e-19	1.28154e-19	1.28154e-19	1.28154e-19	1.28154e-19	1.28154e-19	1.28154e-19	1.28154e-19	1.28154e-19	1.28154e-19	1.28154e-19	1.28154e-19	1.28154e-19	1.28154e-19	1.28154e-19	1.28154e-19	1.28154e-19	1.28154e-19	1.28154e-19	1.28154e-19	1.28154e-19	1.28154e-19	1.28154e-19	1.28154e-19	1.28154e-19	1.28154e-19	1.28154e-19	1.28154e-19	1.28154e-19	1.28154e-19	1.28154e-19	1.28154e-19	1.28154e-19	1.28154e-19	1.28154e-19	1.28154e-19	1.28154e-19	1.28154e-19	1.28154e-19	1.28154e-19	1.28154e-19	1.28154e-19	1.28154e-19	1.28154e-19	1.28154e-19	1.28154e-19	1.28154e-19	1.28154e-19	1.28154e-19	1.28154e-19	1.28154e-19	1.28154e-19	1.28154e-19	1.28154e-19	1.28154e-19	1.28154e-19	1.28154e-19	1.28154e-19	1.28154e-19	1.28154e-19	1.28154e-19	1.28154e-19	1.28154e-19	1.28154e-19	1.28154e-19	1.28154e-19	1.28154e-19	1.28154e-19	1.28154e-19	1.28154e-19	1.28154e-19	1.28154e-19	1.28154e-19	1.28154e-19	1.28154e-19	1.28154e-19	1.28154e-19	1.28154e-19	1.28154e-19	1.28154e-19	1.28154e-19	1.28154e-19	1.28154e-19
21.89	1.15421e-30	3.01086e-30	5.85106e-30	1.01958e-29	1.68421e-29	2.70092e-29	4.25622e-29	6.63541e-29	1.02750e-28	1.58425e-28	2.43594e-28	3.73881e-28	5.73186e-28	8.78072e-28	1.34447e-27	2.05794e-27	3.14937e-27	4.81899e-27	7.37311e-27	1.12803e-26	1.72574e-26	2.64009e-26	4.03884e-26	6.17863e-26	9.45205e-26	1.44597e-25	2.21205e-25	3.38401e-25	5.17691e-25	7.91976e-25	1.21160e-24	1.85357e-24	2.83572e-24	4.33835e-24	6.63733e-24	1.01548e-23	1.55366e-23	2.37712e-23	3.63714e-23	5.56522e-23	8.51572e-23	1.30310e-22	1.99415e-22	3.05185e-22	4.67086e-22	7.14930e-22	1.09438e-21	1.67540e-21	2.56518e-21	3.92806e-21	6.01596e-21	9.21532e-21	1.41191e-20	2.16375e-20	3.31687e-20	5.08614e-20	7.80206e-20	1.19734e-19	1.38769e-19	1.38879e-19	1.38879e-19	1.38879e-19	1.38879e-19	1.38879e-19	1.38879e-19	1.38879e-19	1.38879e-19	1.38879e-19	1.38879e-19	1.38879e-19	1.38879e-19	1.38879e-19	1.38879e-19	1.38879e-19	1.38879e-19	1.38879e-19	1.38879e-19	1.38879e-19	1.38879e-19	1.38879e-19	1.38879e-19	1.38879e-19	1.38879e-19	1.38879e-19	1.38879e-19	1.38879e-19	1.38879e-19	1.38879e-19	1.38879e-19	1.38879e-19	1.38879e-19	1.38879e-19	1.38879e-19	1.38879e-19	1.38879e-19	1.38879e-19	1.38879e-19	1.38879e-19	1.38879e-19	1.38879e-19	1.38879e-19	1.38879e-19	1.38879e-19	1.38879e-19	1.38879e-19	1.38879e-19	1.38879e-19	1.38879e-19	1.38879e-19	1.38879e-19	1.38879e-19	1.38879e-19	1.38879e-19	1.38879e-19	1.38879e-19	1.38879e-19	1.38879e-19	1.38879e-19	1.38879e-19	1.38879e-19	1.38879e-19	1.38879e-19	1.38879e-19	1.38879e-19	1.38879e-19	1.38879e-19	1.38879e-19	1.38879e-19	1.38879e-19	1.38879e-19	1.38879e-19	1.38879e-19	1.38879e-19	1.38879e-19	1.38879e-19	1.38879e-19	1.38879e-19	1.38879e-19	1.38879e-19	1.38879e-19	1.38879e-19	1.38879e-19	1.38879e-19	1.38879e-19	1.38879e-19	1.38879e-19	1.38879e-19	1.38879e-19	1.38879e-19	1.38879e-19	1.38879e-19	1.38879e-19	1.38879e-19	1.38879e-19	1.38879e-19	1.38879e-19	1.38879e-19	1.38879e-19	1.38879e-19	1.38879e-19	1.38879e-19	1.38879e-19	1.38879e-19	1.38879e-19	1.38879e-19	1.38879e-19	1.38879e-19	1.38879e-19	1.38879e-19	1.38879e-19	1.38879e-19	1.38879e-19	1.38879e-19	1.38879e-19	1.38879e-19	1.38879e-19	1.38879e-19	1.38879e-19	1.38879e-19	1.38879e-19	1.38879e-19	1.38879e-19	1.38879e-19	1.38879e-19	1.38879e-19	1.38879e-19
21.92	9.86615e-31	2.57368e-30	5.00147e-30	8.71535e-30	1.43966e-29	2.30874e-29	3.63821e-29	5.67194e-29	8.78302e-29	1.35422e-28	2.08224e-28	3.19593e-28	4.89959e-28	7.50574e-28	1.14925e-27	1.75912e-27	2.69208e-27	4.11927e-27	6.30252e-27	9.64237e-27	1.47516e-26	2.25674e-26	3.45240e-26	5.28148e-26	8.07960e-26	1.23601e-25	1.89086e-25	2.89264e-25	4.42521e-25	6.76980e-25	1.03567e-24	1.58443e-24	2.42397e-24	3.70842e-24	5.67358e-24	8.68027e-24	1.32806e-23	2.03196e-23	3.10902e-23	4.75714e-23	7.27922e-23	1.11389e-22	1.70460e-22	2.60872e-22	3.99264e-22	6.11121e-22	9.35475e-22	1.43213e-21	2.19272e-21	3.35770e-21	5.14243e-21	7.87724e-21	1.20690e-20	1.84957e-20	2.83525e-20	4.34762e-20	6.66919e-20	1.02348e-19	1.47519e-19	1.50519e-19	1.50526e-19	1.50526e-19	1.50526e-19	1.50526e-19	1.50526e-19	1.50526e-19	1.50526e-19	1.50526e-19	1.50526e-19	1.50526e-19	1.50526e-19	1.50526e-19	1.50526e-19	1.50526e-19	1.50526e-19	1.50526e-19	1.50526e-19	1.50526e-19	1.50526e-19	1.50526e-19	1.50526e-19	1.50526e-19	1.50526e-19	1.50526e-19	1.50526e-19	1.50526e-19	1.50526e-19	1.50526e-19	1.50526e-19	1.50526e-19	1.50526e-19	1.50526e-19	1.50526e-19	1.50526e-19	1.50526e-19	1.50526e-19	1.50526e-19	1.50526e-19	1.50526e-19	1.50526e-19	1.50526e-19	1.50526e-19	1.50526e-19	1.50526e-19	1.50526e-19	1.50526e-19	1.50526e-19	1.50526e-19	1.50526e-19	1.50526e-19	1.50526e-19	1.50526e-19	1.50526e-19	1.50526e-19	1.50526e-19	1.50526e-19	1.50526e-19	1.50526e-19	1.50526e-19	1.50526e-19	1.50526e-19	1.50526e-19	1.50526e-19	1.50526e-19	1.50526e-19	1.50526e-19	1.50526e-19	1.50526e-19	1.50526e-19	1.50526e-19	1.50526e-19	1.50526e-19	1.50526e-19	1.50526e-19	1.50526e-19	1.50526e-19	1.50526e-19	1.50526e-19	1.50526e-19	1.50526e-19	1.50526e-19	1.50526e-19	1.50526e-19	1.50526e-19	1.50526e-19	1.50526e-19	1.50526e-19	1.50526e-19	1.50526e-19	1.50526e-19	1.50526e-19	1.50526e-19	1.50526e-19	1.50526e-19	1.50526e-19	1.50526e-19	1.50526e-19	1.50526e-19	1.50526e-19	1.50526e-19	1.50526e-19	1.50526e-19	1.50526e-19	1.50526e-19	1.50526e-19	1.50526e-19	1.50526e-19	1.50526e-19	1.50526e-19	1.50526e-19	1.50526e-19	1.50526e-19	1.50526e-19	1.50526e-19	1.50526e-19	1.50526e-19	1.50526e-19	1.50526e-19	1.50526e-19	1.50526e-19	1.50526e-19	1.50526e-19	1.50526e-19	1.50526e-19	1.50526e-19	1.50526e-19
21.96	8.43357e-31	2.19998e-30	4.27525e-30	7.44987e-30	1.23062e-29	1.97351e-29	3.10993e-29	4.84837e-29	7.50771e-29	1.15758e-28	1.77990e-28	2.73188e-28	4.18816e-28	6.41590e-28	9.82378e-28	1.50370e-27	2.30118e-27	3.52114e-27	5.38739e-27	8.24229e-27	1.26096e-26	1.92906e-26	2.95110e-26	4.51460e-26	6.90643e-26	1.05654e-25	1.61630e-25	2.47263e-25	3.78266e-25	5.78682e-25	8.85290e-25	1.35436e-24	2.07201e-24	3.16995e-24	4.84976e-24	7.41988e-24	1.13523e-23	1.73692e-23	2.65758e-23	4.06640e-23	6.22227e-23	9.52153e-23	1.45709e-22	2.22993e-22	3.41291e-22	5.22385e-22	7.99643e-22	1.22418e-21	1.87433e-21	2.87015e-21	4.39574e-21	6.73345e-21	1.03165e-20	1.58101e-20	2.42357e-20	3.71634e-20	5.70081e-20	8.74871e-20	1.34328e-19	1.62929e-19	1.63177e-19	1.63178e-19	1.63178e-19	1.63178e-19	1.63178e-19	1.63178e-19	1.63178e-19	1.63178e-19	1.63178e-19	1.63178e-19	1.63178e-19	1.63178e-19	1.63178e-19	1.63178e-19	1.63178e-19	1.63178e-19	1.63178e-19	1.63178e-19	1.63178e-19	1.63178e-19	1.63178e-19	1.63178e-19	1.63178e-19	1.63178e-19	1.63178e-19	1.63178e-19	1.63178e-19	1.63178e-19	1.63178e-19	1.63178e-19	1.63178e-19	1.63178e-19	1.63178e-19	1.63178e-19	1.63178e-19	1.63178e-19	1.63178e-19	1.63178e-19	1.63178e-19	1.63178e-19	1.63178e-19	1.63178e-19	1.63178e-19	1.63178e-19	1.63178e-19	1.63178e-19	1.63178e-19	1.63178e-19	1.63178e-19	1.63178e-19	1.63178e-19	1.63178e-19	1.63178e-19	1.63178e-19	1.63178e-19	1.63178e-19	1.63178e-19	1.63178e-19	1.63178e-19	1.63178e-19	1.63178e-19	1.63178e-19	1.63178e-19	1.63178e-19	1.63178e-19	1.63178e-19	1.63178e-19	1.63178e-19	1.63178e-19	1.63178e-19	1.63178e-19	1.63178e-19	1.63178e-19	1.63178e-19	1.63178e-19	1.63178e-19	1.63178e-19	1.63178e-19	1.63178e-19	1.63178e-19	1.63178e-19	1.63178e-19	1.63178e-19	1.63178e-19	1.63178e-19	1.63178e-19	1.63178e-19	1.63178e-19	1.63178e-19	1.63178e-19	1.63178e-19	1.63178e-19	1.63178e-19	1.63178e-19	1.63178e-19	1.63178e-19	1.63178e-19	1.63178e-19	1.63178e-19	1.63178e-19	1.63178e-19	1.63178e-19	1.63178e-19	1.63178e-19	1.63178e-19	1.63178e-19	1.63178e-19	1.63178e-19	1.63178e-19	1.63178e-19	1.63178e-19	1.63178e-19	1.63178e-19	1.63178e-19	1.63178e-19	1.63178e-19	1.63178e-19	1.63178e-19	1.63178e-19	1.63178e-19	1.63178e-19	1.63178e-19	1.63178e-19	1.63178e-19	1.63178e-19	1.63178e-19
21.99	7.20900e-31	1.88054e-30	3.65448e-30	6.36814e-30	1.05193e-29	1.68695e-29	2.65837e-29	4.14438e-29	6.41758e-29	9.89499e-29	1.52145e-28	2.33520e-28	3.58003e-28	5.48430e-28	8.39735e-28	1.28536e-27	1.96705e-27	3.00987e-27	4.60513e-27	7.04549e-27	1.07787e-26	1.64896e-26	2.52260e-26	3.85908e-26	5.90360e-26	9.03132e-26	1.38161e-25	2.11360e-25	3.23341e-25	4.94656e-25	7.56744e-25	1.15771e-24	1.77115e-24	2.70967e-24	4.14557e-24	6.34250e-24	9.70390e-24	1.48471e-23	2.27170e-23	3.47595e-23	5.31879e-23	8.13899e-23	1.24552e-22	1.90614e-22	2.91735e-22	4.46534e-22	6.83534e-22	1.04643e-21	1.60217e-21	2.45340e-21	3.75748e-21	5.75575e-21	8.81856e-21	1.35144e-20	2.07166e-20	3.17672e-20	4.87304e-20	7.47838e-20	1.14823e-19	1.70736e-19	1.76910e-19	1.76926e-19	1.76926e-19	1.76926e-19	1.76926e-19	1.76926e-19	1.76926e-19	1.76926e-19	1.76926e-19	1.76926e-19	1.76926e-19	1.76926e-19	1.76926e-19	1.76926e-19	1.76926e-19	1.76926e-19	1.76926e-19	1.76926e-19	1.76926e-19	1.76926e-19	1.76926e-19	1.76926e-19	1.76926e-19	1.76926e-19	1.76926e-19	1.76926e-19	1.76926e-19	1.76926e-19	1.76926e-19	1.76926e-19	1.76926e-19	1.76926e-19	1.76926e-19	1.76926e-19	1.76926e-19	1.76926e-19	1.76926e-19	1.76926e-19	1.76926e-19	1.76926e-19	1.76926e-19	1.76926e-19	1.76926e-19	1.76926e-19	1.76926e-19	1.76926e-19	1.76926e-19	1.76926e-19	1.76926e-19	1.76926e-19	1.76926e-19	1.76926e-19	1.76926e-19	1.76926e-19	1.76926e-19	1.76926e-19	1.76926e-19	1.76926e-19	1.76926e-19	1.76926e-19	1.76926e-19	1.76926e-19	1.76926e-19	1.76926e-19	1.76926e-19	1.76926e-19	1.76926e-19	1.76926e-19	1.76926e-19	1.76926e-19	1.76926e-19	1.76926e-19	1.76926e-19	1.76926e-19	1.76926e-19	1.76926e-19	1.76926e-19	1.76926e-19	1.76926e-19	1.76926e-19	1.76926e-19	1.76926e-19	1.76926e-19	1.76926e-19	1.76926e-19	1.76926e-19	1.76926e-19	1.76926e-19	1.76926e-19	1.76926e-19	1.76926e-19	1.76926e-19	1.76926e-19	1.76926e-19	1.76926e-19	1.76926e-19	1.76926e-19	1.76926e-19	1.76926e-19	1.76926e-19	1.76926e-19	1.76926e-19	1.76926e-19	1.76926e-19	1.76926e-19	1.76926e-19	1.76926e-19	1.76926e-19	1.76926e-19	1.76926e-19	1.76926e-19	1.76926e-19	1.76926e-19	1.76926e-19	1.76926e-19	1.76926e-19	1.76926e-19	1.76926e-19	1.76926e-19	1.76926e-19	1.76926e-19	1.76926e-19	1.76926e-19	1.76926e-19	1.76926e-19	1.76926e-19
22.03	6.16224e-31	1.60748e-30	3.12384e-30	5.44347e-30	8.99190e-30	1.44200e-29	2.27237e-29	3.54261e-29	5.48574e-29	8.45822e-29	1.30053e-28	1.99613e-28	3.06021e-28	4.68797e-28	7.17804e-28	1.09872e-27	1.68143e-27	2.57283e-27	3.93646e-27	6.02248e-27	9.21360e-27	1.40953e-26	2.15631e-26	3.29873e-26	5.04639e-26	7.71996e-26	1.18100e-25	1.80670e-25	2.76392e-25	4.22831e-25	6.46864e-25	9.89608e-25	1.51397e-24	2.31622e-24	3.54363e-24	5.42156e-24	8.29488e-24	1.26913e-23	1.94184e-23	2.97124e-23	4.54649e-23	6.95719e-23	1.06467e-22	1.62936e-22	2.49374e-22	3.81697e-22	5.84283e-22	8.94485e-22	1.36954e-21	2.09717e-21	3.21188e-21	4.92000e-21	7.53809e-21	1.15521e-20	1.77085e-20	2.71546e-20	4.16547e-20	6.39251e-20	9.81508e-20	1.50787e-19	1.91315e-19	1.91871e-19	1.91872e-19	1.91872e-19	1.91872e-19	1.91872e-19	1.91872e-19	1.91872e-19	1.91872e-19	1.91872e-19	1.91872e-19	1.91872e-19	1.91872e-19	1.91872e-19	1.91872e-19	1.91872e-19	1.91872e-19	1.91872e-19	1.91872e-19	1.91872e-19	1.91872e-19	1.91872e-19	1.91872e-19	1.91872e-19	1.91872e-19	1.91872e-19	1.91872e-19	1.91872e-19	1.91872e-19	1.91872e-19	1.91872e-19	1.91872e-19	1.91872e-19	1.91872e-19	1.91872e-19	1.91872e-19	1.91872e-19	1.91872e-19	1.91872e-19	1.91872e-19	1.91872e-19	1.91872e-19	1.91872e-19	1.91872e-19	1.91872e-19	1.91872e-19	1.91872e-19	1.91872e-19	1.91872e-19	1.91872e-19	1.91872e-19	1.91872e-19	1.91872e-19	1.91872e-19	1.91872e-19	1.91872e-19	1.91872e-19	1.91872e-19	1.91872e-19	1.91872e-19	1.91872e-19	1.91872e-19	1.91872e-19	1.91872e-19	1.91872e-19	1.91872e-19	1.91872e-19	1.91872e-19	1.91872e-19	1.91872e-19	1.91872e-19	1.91872e-19	1.91872e-19	1.91872e-19	1.91872e-19	1.91872e-19	1.91872e-19	1.91872e-19	1.91872e-19	1.91872e-19	1.91872e-19	1.91872e-19	1.91872e-19	1.91872e-19	1.91872e-19	1.91872e-19	1.91872e-19	1.91872e-19	1.91872e-19	1.91872e-19	1.91872e-19	1.91872e-19	1.91872e-19	1.91872e-19	1.91872e-19	1.91872e-19	1.91872e-19	1.91872e-19	1.91872e-19	1.91872e-19	1.91872e-19	1.91872e-19	1.91872e-19	1.91872e-19	1.91872e-19	1.91872e-19	1.91872e-19	1.91872e-19	1.91872e-19	1.91872e-19	1.91872e-19	1.91872e-19	1.91872e-19	1.91872e-19	1.91872e-19	1.91872e-19	1.91872e-19	1.91872e-19	1.91872e-19	1.91872e-19	1.91872e-19	1.91872e-19	1.91872e-19	1.91872e-19	1.91872e-19	1.91872e-19
22.06	5.26747e-31	1.37407e-30	2.67026e-30	4.65307e-30	7.68626e-30	1.23262e-29	1.94242e-29	3.02821e-29	4.68920e-29	7.23007e-29	1.11170e-28	1.70629e-28	2.61586e-28	4.00727e-28	6.13578e-28	9.39186e-28	1.43728e-27	2.19925e-27	3.36488e-27	5.14800e-27	7.87577e-27	1.20486e-26	1.84321e-26	2.81975e-26	4.31365e-26	6.59901e-26	1.00952e-25	1.54436e-25	2.36259e-25	3.61436e-25	5.52938e-25	8.45915e-25	1.29414e-24	1.97990e-24	3.02909e-24	4.63434e-24	7.09045e-24	1.08485e-23	1.65989e-23	2.53981e-23	3.88633e-23	5.94700e-23	9.10075e-23	1.39278e-22	2.13165e-22	3.26274e-22	4.99445e-22	7.64604e-22	1.17068e-21	1.79265e-21	2.74551e-21	4.20561e-21	6.44355e-21	9.87474e-21	1.51372e-20	2.32117e-20	3.56064e-20	5.46431e-20	8.38991e-20	1.28893e-19	1.95917e-19	2.08088e-19	2.08127e-19	2.08127e-19	2.08127e-19	2.08127e-19	2.08127e-19	2.08127e-19	2.08127e-19	2.08127e-19	2.08127e-19	2.08127e-19	2.08127e-19	2.08127e-19	2.08127e-19	2.08127e-19	2.08127e-19	2.08127e-19	2.08127e-19	2.08127e-19	2.08127e-19	2.08127e-19	2.08127e-19	2.08127e-19	2.08127e-19	2.08127e-19	2.08127e-19	2.08127e-19	2.08127e-19	2.08127e-19	2.08127e-19	2.08127e-19	2.08127e-19	2.08127e-19	2.08127e-19	2.08127e-19	2.08127e-19	2.08127e-19	2.08127e-19	2.08127e-19	2.08127e-19	2.08127e-19	2.08127e-19	2.08127e-19	2.08127e-19	2.08127e-19	2.08127e-19	2.08127e-19	2.08127e-19	2.08127e-19	2.08127e-19	2.08127e-19	2.08127e-19	2.08127e-19	2.08127e-19	2.08127e-19	2.08127e-19	2.08127e-19	2.08127e-19	2.08127e-19	2.08127e-19	2.08127e-19	2.08127e-19	2.08127e-19	2.08127e-19	2.08127e-19	2.08127e-19	2.08127e-19	2.08127e-19	2.08127e-19	2.08127e-19	2.08127e-19	2.08127e-19	2.08127e-19	2.08127e-19	2.08127e-19	2.08127e-19	2.08127e-19	2.08127e-19	2.08127e-19	2.08127e-19	2.08127e-19	2.08127e-19	2.08127e-19	2.08127e-19	2.08127e-19	2.08127e-19	2.08127e-19	2.08127e-19	2.08127e-19	2.08127e-19	2.08127e-19	2.08127e-19	2.08127e-19	2.08127e-19	2.08127e-19	2.08127e-19	2.08127e-19	2.08127e-19	2.08127e-19	2.08127e-19	2.08127e-19	2.08127e-19	2.08127e-19	2.08127e-19	2.08127e-19	2.08127e-19	2.08127e-19	2.08127e-19	2.08127e-19	2.08127e-19	2.08127e-19	2.08127e-19	2.08127e-19	2.08127e-19	2.08127e-19	2.08127e-19	2.08127e-19	2.08127e-19	2.08127e-19	2.08127e-19	2.08127e-19	2.08127e-19	2.08127e-19	2.08127e-19	2.08127e-19
22.09	4.50263e-31	1.17456e-30	2.28253e-30	3.97744e-30	6.57020e-30	1.05364e-29	1.66037e-29	2.58851e-29	4.00832e-29	6.18026e-29	9.50275e-29	1.45853e-28	2.23603e-28	3.42541e-28	5.24485e-28	8.02814e-28	1.22859e-27	1.87992e-27	2.87629e-27	4.40051e-27	6.73219e-27	1.02991e-26	1.57558e-26	2.41032e-26	3.68730e-26	5.64082e-26	8.62933e-26	1.32012e-25	2.01954e-25	3.08955e-25	4.72651e-25	7.23087e-25	1.10623e-24	1.69242e-24	2.58926e-24	3.96143e-24	6.06090e-24	9.27328e-24	1.41887e-23	2.17102e-23	3.32203e-23	5.08348e-23	7.77931e-23	1.19054e-22	1.82213e-22	2.78898e-22	4.26924e-22	6.53583e-22	1.00069e-21	1.53236e-21	2.34686e-21	3.59495e-21	5.50794e-21	8.44091e-21	1.29393e-20	1.98413e-20	3.04363e-20	4.67088e-20	7.17168e-20	1.10177e-19	1.69376e-19	2.24578e-19	2.25811e-19	2.25813e-19	2.25813e-19	2.25813e-19	2.25813e-19	2.25813e-19	2.25813e-19	2.25813e-19	2.25813e-19	2.25813e-19	2.25813e-19	2.25813e-19	2.25813e-19	2.25813e-19	2.25813e-19	2.25813e-19	2.25813e-19	2.25813e-19	2.25813e-19	2.25813e-19	2.25813e-19	2.25813e-19	2.25813e-19	2.25813e-19	2.25813e-19	2.25813e-19	2.25813e-19	2.25813e-19	2.25813e-19	2.25813e-19	2.25813e-19	2.25813e-19	2.25813e-19	2.25813e-19	2.25813e-19	2.25813e-19	2.25813e-19	2.25813e-19	2.25813e-19	2.25813e-19	2.25813e-19	2.25813e-19	2.25813e-19	2.25813e-19	2.25813e-19	2.25813e-19	2.25813e-19	2.25813e-19	2.25813e-19	2.25813e-19	2.25813e-19	2.25813e-19	2.25813e-19	2.25813e-19	2.25813e-19	2.25813e-19	2.25813e-19	2.25813e-19	2.25813e-19	2.25813e-19	2.25813e-19	2.25813e-19	2.25813e-19	2.25813e-19	2.25813e-19	2.25813e-19	2.25813e-19	2.25813e-19	2.25813e-19	2.25813e-19	2.25813e-19	2.25813e-19	2.25813e-19	2.25813e-19	2.25813e-19	2.25813e-19	2.25813e-19	2.25813e-19	2.25813e-19	2.25813e-19	2.25813e-19	2.25813e-19	2.25813e-19	2.25813e-19	2.25813e-19	2.25813e-19	2.25813e-19	2.25813e-19	2.25813e-19	2.25813e-19	2.25813e-19	2.25813e-19	2.25813e-19	2.25813e-19	2.25813e-19	2.25813e-19	2.25813e-19	2.25813e-19	2.25813e-19	2.25813e-19	2.25813e-19	2.25813e-19	2.25813e-19	2.25813e-19	2.25813e-19	2.25813e-19	2.25813e-19	2.25813e-19	2.25813e-19	2.25813e-19	2.25813e-19	2.25813e-19	2.25813e-19	2.25813e-19	2.25813e-19	2.25813e-19	2.25813e-19	2.25813e-19	2.25813e-19	2.25813e-19	2.25813e-19	2.25813e-19	2.25813e-19	2.25813e-19
22.13	3.84884e-31	1.00401e-30	1.95110e-30	3.39991e-30	5.61620e-30	9.00654e-30	1.41929e-29	2.21266e-29	3.42631e-29	5.28287e-29	8.12294e-29	1.24675e-28	1.91136e-28	2.92803e-28	4.48329e-28	6.86245e-28	1.05020e-27	1.60695e-27	2.45865e-27	3.76155e-27	5.75467e-27	8.80369e-27	1.34680e-26	2.06034e-26	3.15190e-26	4.82176e-26	7.37634e-26	1.12844e-25	1.72630e-25	2.64094e-25	4.04021e-25	6.18094e-25	9.45605e-25	1.44668e-24	2.21329e-24	3.38622e-24	5.18085e-24	7.92679e-24	1.21285e-23	1.85579e-23	2.83967e-23	4.34535e-23	6.64974e-23	1.01768e-22	1.55755e-22	2.38402e-22	3.64934e-22	5.58681e-22	8.55391e-22	1.30986e-21	2.00609e-21	3.07296e-21	4.70817e-21	7.21528e-21	1.10605e-20	1.69603e-20	2.60169e-20	3.99266e-20	6.13034e-20	9.41795e-20	1.44783e-19	2.22449e-19	2.44976e-19	2.45066e-19	2.45066e-19	2.45066e-19	2.45066e-19	2.45066e-19	2.45066e-19	2.45066e-19	2.45066e-19	2.45066e-19	2.45066e-19	2.45066e-19	2.45066e-19	2.45066e-19	2.45066e-19	2.45066e-19	2.45066e-19	2.45066e-19	2.45066e-19	2.45066e-19	2.45066e-19	2.45066e-19	2.45066e-19	2.45066e-19	2.45066e-19	2.45066e-19	2.45066e-19	2.45066e-19	2.45066e-19	2.45066e-19	2.45066e-19	2.45066e-19	2.45066e-19	2.45066e-19	2.45066e-19	2.45066e-19	2.45066e-19	2.45066e-19	2.45066e-19	2.45066e-19	2.45066e-19	2.45066e-19	2.45066e-19	2.45066e-19	2.45066e-19	2.45066e-19	2.45066e-19	2.45066e-19	2.45066e-19	2.45066e-19	2.45066e-19	2.45066e-19	2.45066e-19	2.45066e-19	2.45066e-19	2.45066e-19	2.45066e-19	2.45066e-19	2.45066e-19	2.45066e-19	2.45066e-19	2.45066e-19	2.45066e-19	2.45066e-19	2.45066e-19	2.45066e-19	2.45066e-19	2.45066e-19	2.45066e-19	2.45066e-19	2.45066e-19	2.45066e-19	2.45066e-19	2.45066e-19	2.45066e-19	2.45066e-19	2.45066e-19	2.45066e-19	2.45066e-19	2.45066e-19	2.45066e-19	2.45066e-19	2.45066e-19	2.45066e-19	2.45066e-19	2.45066e-19	2.45066e-19	2.45066e-19	2.45066e-19	2.45066e-19	2.45066e-19	2.45066e-19	2.45066e-19	2.45066e-19	2.45066e-19	2.45066e-19	2.45066e-19	2.45066e-19	2.45066e-19	2.45066e-19	2.45066e-19	2.45066e-19	2.45066e-19	2.45066e-19	2.45066e-19	2.45066e-19	2.45066e-19	2.45066e-19	2.45066e-19	2.45066e-19	2.45066e-19	2.45066e-19	2.45066e-19	2.45066e-19	2.45066e-19	2.45066e-19	2.45066e-19	2.45066e-19	2.45066e-19	2.45066e-19	2.45066e-19	2.45066e-19	2.45066e-19	2.45066e-19
22.16	3.28998e-31	8.58225e-31	1.66780e-30	2.90624e-30	4.80072e-30	7.69877e-30	1.21320e-29	1.89138e-29	2.92880e-29	4.51579e-29	6.94348e-29	1.06572e-28	1.63382e-28	2.50288e-28	3.83231e-28	5.86601e-28	8.97705e-28	1.37362e-27	2.10165e-27	3.21536e-27	4.91908e-27	7.52538e-27	1.15124e-26	1.76117e-26	2.69424e-26	4.12164e-26	6.30528e-26	9.64586e-26	1.47564e-25	2.25747e-25	3.45357e-25	5.28346e-25	8.08302e-25	1.23662e-24	1.89192e-24	2.89454e-24	4.42858e-24	6.77581e-24	1.03674e-23	1.58632e-23	2.42734e-23	3.71440e-23	5.68419e-23	8.69908e-23	1.33139e-22	2.03786e-22	3.11945e-22	4.77560e-22	7.31187e-22	1.11966e-21	1.71481e-21	2.62676e-21	4.02454e-21	6.16761e-21	9.45448e-21	1.44977e-20	2.22392e-20	3.41292e-20	5.24021e-20	8.05045e-20	1.23760e-19	1.90403e-19	2.63340e-19	2.66030e-19	2.66036e-19	2.66036e-19	2.66036e-19	2.66036e-19	2.66036e-19	2.66036e-19	2.66036e-19	2.66036e-19	2.66036e-19	2.66036e-19	2.66036e-19	2.66036e-19	2.66036e-19	2.66036e-19	2.66036e-19	2.66036e-19	2.66036e-19	2.66036e-19	2.66036e-19	2.66036e-19	2.66036e-19	2.66036e-19	2.66036e-19	2.66036e-19	2.66036e-19	2.66036e-19	2.66036e-19	2.66036e-19	2.66036e-19	2.66036e-19	2.66036e-19	2.66036e-19	2.66036e-19	2.66036e-19	2.66036e-19	2.66036e-19	2.66036e-19	2.66036e-19	2.66036e-19	2.66036e-19	2.66036e-19	2.66036e-19	2.66036e-19	2.66036e-19	2.66036e-19	2.66036e-19	2.66036e-19	2.66036e-19	2.66036e-19	2.66036e-19	2.66036e-19	2.66036e-19	2.66036e-19	2.66036e-19	2.66036e-19	2.66036e-19	2.66036e-19	2.66036e-19	2.66036e-19	2.66036e-19	2.66036e-19	2.66036e-19	2.66036e-19	2.66036e-19	2.66036e-19	2.66036e-19	2.66036e-19	2.66036e-19	2.66036e-19	2.66036e-19	2.66036e-19	2.66036e-19	2.66036e-19	2.66036e-19	2.66036e-19	2.66036e-19	2.66036e-19	2.66036e-19	2.66036e-19	2.66036e-19	2.66036e-19	2.66036e-19	2.66036e-19	2.66036e-19	2.66036e-19	2.66036e-19	2.66036e-19	2.66036e-19	2.66036e-19	2.66036e-19	2.66036e-19	2.66036e-19	2.66036e-19	2.66036e-19	2.66036e-19	2.66036e-19	2.66036e-19	2.66036e-19	2.66036e-19	2.66036e-19	2.66036e-19	2.66036e-19	2.66036e-19	2.66036e-19	2.66036e-19	2.66036e-19	2.66036e-19	2.66036e-19	2.66036e-19	2.66036e-19	2.66036e-19	2.66036e-19	2.66036e-19	2.66036e-19	2.66036e-19	2.66036e-19	2.66036e-19	2.66036e-19	2.66036e-19	2.66036e-19	2.66036e-19	2.66036e-19
22.20	2.81227e-31	7.33609e-31	1.42563e-30	2.48425e-30	4.10365e-30	6.58090e-30	1.03704e-29	1.61674e-29	2.50354e-29	3.86009e-29	5.93527e-29	9.10976e-29	1.39659e-28	2.13946e-28	3.27585e-28	5.01425e-28	7.67357e-28	1.17417e-27	1.79649e-27	2.74849e-27	4.20482e-27	6.43268e-27	9.84080e-27	1.50545e-26	2.30303e-26	3.52317e-26	5.38975e-26	8.24527e-26	1.26137e-25	1.92968e-25	2.95210e-25	4.51629e-25	6.90935e-25	1.05706e-24	1.61721e-24	2.47425e-24	3.78555e-24	5.79195e-24	8.86203e-24	1.35599e-23	2.07489e-23	3.17507e-23	4.85884e-23	7.43596e-23	1.13807e-22	1.74196e-22	2.66650e-22	4.08217e-22	6.25017e-22	9.57087e-22	1.46581e-21	2.24535e-21	3.44017e-21	5.27206e-21	8.08168e-21	1.23926e-20	1.90100e-20	2.91736e-20	4.47932e-20	6.88151e-20	1.05790e-19	1.62756e-19	2.50623e-19	2.88681e-19	2.88888e-19	2.88888e-19	2.88888e-19	2.88888e-19	2.88888e-19	2.88888e-19	2.88888e-19	2.88888e-19	2.88888e-19	2.88888e-19	2.88888e-19	2.88888e-19	2.88888e-19	2.88888e-19	2.88888e-19	2.88888e-19	2.88888e-19	2.88888e-19	2.88888e-19	2.88888e-19	2.88888e-19	2.88888e-19	2.88888e-19	2.88888e-19	2.88888e-19	2.88888e-19	2.88888e-19	2.88888e-19	2.88888e-19	2.88888e-19	2.88888e-19	2.88888e-19	2.88888e-19	2.88888e-19	2.88888e-19	2.88888e-19	2.88888e-19	2.88888e-19	2.88888e-19	2.88888e-19	2.88888e-19	2.88888e-19	2.88888e-19	2.88888e-19	2.88888e-19	2.88888e-19	2.88888e-19	2.88888e-19	2.88888e-19	2.88888e-19	2.88888e-19	2.88888e-19	2.88888e-19	2.88888e-19	2.88888e-19	2.88888e-19	2.88888e-19	2.88888e-19	2.88888e-19	2.88888e-19	2.88888e-19	2.88888e-19	2.88888e-19	2.88888e-19	2.88888e-19	2.88888e-19	2.88888e-19	2.88888e-19	2.88888e-19	2.88888e-19	2.88888e-19	2.88888e-19	2.88888e-19	2.88888e-19	2.88888e-19	2.88888e-19	2.88888e-19	2.88888e-19	2.88888e-19	2.88888e-19	2.88888e-19	2.88888e-19	2.88888e-19	2.88888e-19	2.88888e-19	2.88888e-19	2.88888e-19	2.88888e-19	2.88888e-19	2.88888e-19	2.88888e-19	2.88888e-19	2.88888e-19	2.88888e-19	2.88888e-19	2.88888e-19	2.88888e-19	2.88888e-19	2.88888e-19	2.88888e-19	2.88888e-19	2.88888e-19	2.88888e-19	2.88888e-19	2.88888e-19	2.88888e-19	2.88888e-19	2.88888e-19	2.88888e-19	2.88888e-19	2.88888e-19	2.88888e-19	2.88888e-19	2.88888e-19	2.88888e-19	2.88888e-19	2.88888e-19	2.88888e-19	2.88888e-19	2.88888e-19	2.88888e-19	2.88888e-19
22.23	2.40393e-31	6.27088e-31	1.21863e-30	2.12353e-30	3.50779e-30	5.62534e-30	8.86464e-30	1.38199e-29	2.14002e-29	3.29960e-29	5.07346e-29	7.78701e-29	1.19380e-28	1.82880e-28	2.80019e-28	4.28618e-28	6.55936e-28	1.00368e-27	1.53563e-27	2.34940e-27	3.59428e-27	5.49865e-27	8.41190e-27	1.28685e-26	1.96863e-26	3.01160e-26	4.60715e-26	7.04804e-26	1.07822e-25	1.64949e-25	2.52345e-25	3.86052e-25	5.90610e-25	9.03571e-25	1.38239e-24	2.11498e-24	3.23588e-24	4.95095e-24	7.57525e-24	1.15910e-23	1.77361e-23	2.71404e-23	4.15333e-23	6.35624e-23	9.72824e-23	1.48902e-22	2.27932e-22	3.48944e-22	5.34264e-22	8.18116e-22	1.25297e-21	1.91932e-21	2.94065e-21	4.50655e-21	6.90820e-21	1.05932e-20	1.62497e-20	2.49375e-20	3.82892e-20	5.88230e-20	9.04289e-20	1.39124e-19	2.14232e-19	3.08041e-19	3.13796e-19	3.13809e-19	3.13809e-19	3.13809e-19	3.13809e-19	3.13809e-19	3.13809e-19	3.13809e-19	3.13809e-19	3.13809e-19	3.13809e-19	3.13809e-19	3.13809e-19	3.13809e-19	3.13809e-19	3.13809e-19	3.13809e-19	3.13809e-19	3.13809e-19	3.13809e-19	3.13809e-19	3.13809e-19	3.13809e-19	3.13809e-19	3.13809e-19	3.13809e-19	3.13809e-19	3.13809e-19	3.13809e-19	3.13809e-19	3.13809e-19	3.13809e-19	3.13809e-19	3.13809e-19	3.13809e-19	3.13809e-19	3.13809e-19	3.13809e-19	3.13809e-19	3.13809e-19	3.13809e-19	3.13809e-19	3.13809e-19	3.13809e-19	3.13809e-19	3.13809e-19	3.13809e-19	3.13809e-19	3.13809e-19	3.13809e-19	3.13809e-19	3.13809e-19	3.13809e-19	3.13809e-19	3.13809e-19	3.13809e-19	3.13809e-19	3.13809e-19	3.13809e-19	3.13809e-19	3.13809e-19	3.13809e-19	3.13809e-19	3.13809e-19	3.13809e-19	3.13809e-19	3.13809e-19	3.13809e-19	3.13809e-19	3.13809e-19	3.13809e-19	3.13809e-19	3.13809e-19	3.13809e-19	3.13809e-19	3.13809e-19	3.13809e-19	3.13809e-19	3.13809e-19	3.13809e-19	3.13809e-19	3.13809e-19	3.13809e-19	3.13809e-19	3.13809e-19	3.13809e-19	3.13809e-19	3.13809e-19	3.13809e-19	3.13809e-19	3.13809e-19	3.13809e-19	3.13809e-19	3.13809e-19	3.13809e-19	3.13809e-19	3.13809e-19	3.13809e-19	3.13809e-19	3.13809e-19	3.13809e-19	3.13809e-19	3.13809e-19	3.13809e-19	3.13809e-19	3.13809e-19	3.13809e-19	3.13809e-19	3.13809e-19	3.13809e-19	3.13809e-19	3.13809e-19	3.13809e-19	3.13809e-19	3.13809e-19	3.13809e-19	3.13809e-19	3.13809e-19	3.13809e-19	3.13809e-19	3.13809e-19	3.13809e-19
22.26	2.05487e-31	5.36034e-31	1.04168e-30	1.81519e-30	2.99845e-30	4.80853e-30	7.57748e-30	1.18132e-29	1.82928e-29	2.82049e-29	4.33679e-29	6.65632e-29	1.02046e-28	1.56326e-28	2.39360e-28	3.66382e-28	5.60693e-28	8.57941e-28	1.31266e-27	2.00827e-27	3.07238e-27	4.70023e-27	7.19048e-27	1.10000e-26	1.68278e-26	2.57431e-26	3.93818e-26	6.02466e-26	9.21661e-26	1.40998e-25	2.15704e-25	3.29996e-25	5.04853e-25	7.72371e-25	1.18166e-24	1.80788e-24	2.76602e-24	4.23206e-24	6.47531e-24	9.90794e-24	1.51608e-23	2.31996e-23	3.55026e-23	5.43331e-23	8.31568e-23	1.27281e-22	1.94836e-22	2.98277e-22	4.56688e-22	6.99325e-22	1.07104e-21	1.64063e-21	2.51367e-21	3.85219e-21	5.90512e-21	9.05501e-21	1.38903e-20	2.13166e-20	3.27295e-20	5.02818e-20	7.72985e-20	1.18923e-19	1.83125e-19	2.82280e-19	3.40529e-19	3.41003e-19	3.41004e-19	3.41004e-19	3.41004e-19	3.41004e-19	3.41004e-19	3.41004e-19	3.41004e-19	3.41004e-19	3.41004e-19	3.41004e-19	3.41004e-19	3.41004e-19	3.41004e-19	3.41004e-19	3.41004e-19	3.41004e-19	3.41004e-19	3.41004e-19	3.41004e-19	3.41004e-19	3.41004e-19	3.41004e-19	3.41004e-19	3.41004e-19	3.41004e-19	3.41004e-19	3.41004e-19	3.41004e-19	3.41004e-19	3.41004e-19	3.41004e-19	3.41004e-19	3.41004e-19	3.41004e-19	3.41004e-19	3.41004e-19	3.41004e-19	3.41004e-19	3.41004e-19	3.41004e-19	3.41004e-19	3.41004e-19	3.41004e-19	3.41004e-19	3.41004e-19	3.41004e-19	3.41004e-19	3.41004e-19	3.41004e-19	3.41004e-19	3.41004e-19	3.41004e-19	3.41004e-19	3.41004e-19	3.41004e-19	3.41004e-19	3.41004e-19	3.41004e-19	3.41004e-19	3.41004e-19	3.41004e-19	3.41004e-19	3.41004e-19	3.41004e-19	3.41004e-19	3.41004e-19	3.41004e-19	3.41004e-19	3.41004e-19	3.41004e-19	3.41004e-19	3.41004e-19	3.41004e-19	3.41004e-19	3.41004e-19	3.41004e-19	3.41004e-19	3.41004e-19	3.41004e-19	3.41004e-19	3.41004e-19	3.41004e-19	3.41004e-19	3.41004e-19	3.41004e-19	3.41004e-19	3.41004e-19	3.41004e-19	3.41004e-19	3.41004e-19	3.41004e-19	3.41004e-19	3.41004e-19	3.41004e-19	3.41004e-19	3.41004e-19	3.41004e-19	3.41004e-19	3.41004e-19	3.41004e-19	3.41004e-19	3.41004e-19	3.41004e-19	3.41004e-19	3.41004e-19	3.41004e-19	3.41004e-19	3.41004e-19	3.41004e-19	3.41004e-19	3.41004e-19	3.41004e-19	3.41004e-19	3.41004e-19	3.41004e-19	3.41004e-19	3.41004e-19	3.41004e-19	3.41004e-19	3.41004e-19
22.30	1.75650e-31	4.58201e-31	8.90429e-31	1.55162e-30	2.56307e-30	4.11033e-30	6.47722e-30	1.00979e-29	1.56367e-29	2.41095e-29	3.70708e-29	5.68981e-29	8.72289e-29	1.33627e-28	2.04605e-28	3.13183e-28	4.79279e-28	7.33367e-28	1.12206e-27	1.71666e-27	2.62627e-27	4.01775e-27	6.14641e-27	9.40279e-27	1.43844e-26	2.20052e-26	3.36635e-26	5.14987e-26	7.87834e-26	1.20525e-25	1.84384e-25	2.82080e-25	4.31547e-25	6.60221e-25	1.01008e-24	1.54538e-24	2.36439e-24	3.61756e-24	5.53509e-24	8.46929e-24	1.29594e-23	1.98310e-23	3.03475e-23	4.64438e-23	7.10823e-23	1.08800e-22	1.66546e-22	2.54966e-22	3.90376e-22	5.97782e-22	9.15524e-22	1.40241e-21	2.14868e-21	3.29285e-21	5.04769e-21	7.74021e-21	1.18734e-20	1.82214e-20	2.79772e-20	4.29808e-20	6.60746e-20	1.01655e-19	1.56535e-19	2.41293e-19	3.58683e-19	3.70669e-19	3.70701e-19	3.70701e-19	3.70701e-19	3.70701e-19	3.70701e-19	3.70701e-19	3.70701e-19	3.70701e-19	3.70701e-19	3.70701e-19	3.70701e-19	3.70701e-19	3.70701e-19	3.70701e-19	3.70701e-19	3.70701e-19	3.70701e-19	3.70701e-19	3.70701e-19	3.70701e-19	3.70701e-19	3.70701e-19	3.70701e-19	3.70701e-19	3.70701e-19	3.70701e-19	3.70701e-19	3.70701e-19	3.70701e-19	3.70701e-19	3.70701e-19	3.70701e-19	3.70701e-19	3.70701e-19	3.70701e-19	3.70701e-19	3.70701e-19	3.70701e-19	3.70701e-19	3.70701e-19	3.70701e-19	3.70701e-19	3.70701e-19	3.70701e-19	3.70701e-19	3.70701e-19	3.70701e-19	3.70701e-19	3.70701e-19	3.70701e-19	3.70701e-19	3.70701e-19	3.70701e-19	3.70701e-19	3.70701e-19	3.70701e-19	3.70701e-19	3.70701e-19	3.70701e-19	3.70701e-19	3.70701e-19	3.70701e-19	3.70701e-19	3.70701e-19	3.70701e-19	3.70701e-19	3.70701e-19	3.70701e-19	3.70701e-19	3.70701e-19	3.70701e-19	3.70701e-19	3.70701e-19	3.70701e-19	3.70701e-19	3.70701e-19	3.70701e-19	3.70701e-19	3.70701e-19	3.70701e-19	3.70701e-19	3.70701e-19	3.70701e-19	3.70701e-19	3.70701e-19	3.70701e-19	3.70701e-19	3.70701e-19	3.70701e-19	3.70701e-19	3.70701e-19	3.70701e-19	3.70701e-19	3.70701e-19	3.70701e-19	3.70701e-19	3.70701e-19	3.70701e-19	3.70701e-19	3.70701e-19	3.70701e-19	3.70701e-19	3.70701e-19	3.70701e-19	3.70701e-19	3.70701e-19	3.70701e-19	3.70701e-19	3.70701e-19	3.70701e-19	3.70701e-19	3.70701e-19	3.70701e-19	3.70701e-19	3.70701e-19	3.70701e-19	3.70701e-19	3.70701e-19	3.70701e-19	3.70701e-19
22.33	1.50145e-31	3.91669e-31	7.61137e-31	1.32632e-30	2.19091e-30	3.51350e-30	5.53672e-30	8.63170e-30	1.33662e-29	2.06088e-29	3.16881e-29	4.86364e-29	7.45631e-29	1.14224e-28	1.74896e-28	2.67708e-28	4.09687e-28	6.26881e-28	9.59134e-28	1.46740e-27	2.24493e-27	3.43437e-27	5.25394e-27	8.03749e-27	1.22957e-26	1.88100e-26	2.87755e-26	4.40210e-26	6.73440e-26	1.03025e-25	1.57611e-25	2.41122e-25	3.68886e-25	5.64356e-25	8.63419e-25	1.32099e-24	2.02108e-24	3.09229e-24	4.73138e-24	7.23954e-24	1.10777e-23	1.69515e-23	2.59410e-23	3.97001e-23	6.07610e-23	9.30019e-23	1.42363e-22	2.17945e-22	3.33693e-22	5.10983e-22	7.82588e-22	1.19878e-21	1.83669e-21	2.81472e-21	4.31476e-21	6.61632e-21	1.01493e-20	1.55756e-20	2.39148e-20	3.67400e-20	5.64805e-20	8.68946e-20	1.33806e-19	2.06257e-19	3.18321e-19	4.02085e-19	4.03157e-19	4.03159e-19	4.03159e-19	4.03159e-19	4.03159e-19	4.03159e-19	4.03159e-19	4.03159e-19	4.03159e-19	4.03159e-19	4.03159e-19	4.03159e-19	4.03159e-19	4.03159e-19	4.03159e-19	4.03159e-19	4.03159e-19	4.03159e-19	4.03159e-19	4.03159e-19	4.03159e-19	4.03159e-19	4.03159e-19	4.03159e-19	4.03159e-19	4.03159e-19	4.03159e-19	4.03159e-19	4.03159e-19	4.03159e-19	4.03159e-19	4.03159e-19	4.03159e-19	4.03159e-19	4.03159e-19	4.03159e-19	4.03159e-19	4.03159e-19	4.03159e-19	4.03159e-19	4.03159e-19	4.03159e-19	4.03159e-19	4.03159e-19	4.03159e-19	4.03159e-19	4.03159e-19	4.03159e-19	4.03159e-19	4.03159e-19	4.03159e-19	4.03159e-19	4.03159e-19	4.03159e-19	4.03159e-19	4.03159e-19	4.03159e-19	4.03159e-19	4.03159e-19	4.03159e-19	4.03159e-19	4.03159e-19	4.03159e-19	4.03159e-19	4.03159e-19	4.03159e-19	4.03159e-19	4.03159e-19	4.03159e-19	4.03159e-19	4.03159e-19	4.03159e-19	4.03159e-19	4.03159e-19	4.03159e-19	4.03159e-19	4.03159e-19	4.03159e-19	4.03159e-19	4.03159e-19	4.03159e-19	4.03159e-19	4.03159e-19	4.03159e-19	4.03159e-19	4.03159e-19	4.03159e-19	4.03159e-19	4.03159e-19	4.03159e-19	4.03159e-19	4.03159e-19	4.03159e-19	4.03159e-19	4.03159e-19	4.03159e-19	4.03159e-19	4.03159e-19	4.03159e-19	4.03159e-19	4.03159e-19	4.03159e-19	4.03159e-19	4.03159e-19	4.03159e-19	4.03159e-19	4.03159e-19	4.03159e-19	4.03159e-19	4.03159e-19	4.03159e-19	4.03159e-19	4.03159e-19	4.03159e-19	4.03159e-19	4.03159e-19	4.03159e-19	4.03159e-19	4.03159e-19	4.03159e-19
22.37	1.28344e-31	3.34798e-31	6.50619e-31	1.13374e-30	1.87279e-30	3.00334e-30	4.73278e-30	7.37837e-30	1.14254e-29	1.76164e-29	2.70869e-29	4.15744e-29	6.37364e-29	9.76388e-29	1.49501e-28	2.28836e-28	3.50200e-28	5.35857e-28	8.19866e-28	1.25433e-27	1.91896e-27	2.93569e-27	4.49106e-27	6.87044e-27	1.05104e-26	1.60787e-26	2.45973e-26	3.76291e-26	5.75655e-26	8.80652e-26	1.34726e-25	2.06111e-25	3.15323e-25	4.82411e-25	7.38049e-25	1.12918e-24	1.72762e-24	2.64328e-24	4.04438e-24	6.18834e-24	9.46920e-24	1.44901e-23	2.21743e-23	3.39356e-23	5.19384e-23	7.94979e-23	1.21692e-22	1.86299e-22	2.85240e-22	4.36787e-22	6.68955e-22	1.02471e-21	1.57000e-21	2.40602e-21	3.68825e-21	5.65562e-21	8.67564e-21	1.33140e-20	2.04424e-20	3.14053e-20	4.82794e-20	7.42774e-20	1.14377e-19	1.76308e-19	2.72100e-19	4.14581e-19	4.38588e-19	4.38663e-19	4.38663e-19	4.38663e-19	4.38663e-19	4.38663e-19	4.38663e-19	4.38663e-19	4.38663e-19	4.38663e-19	4.38663e-19	4.38663e-19	4.38663e-19	4.38663e-19	4.38663e-19	4.38663e-19	4.38663e-19	4.38663e-19	4.38663e-19	4.38663e-19	4.38663e-19	4.38663e-19	4.38663e-19	4.38663e-19	4.38663e-19	4.38663e-19	4.38663e-19	4.38663e-19	4.38663e-19	4.38663e-19	4.38663e-19	4.38663e-19	4.38663e-19	4.38663e-19	4.38663e-19	4.38663e-19	4.38663e-19	4.38663e-19	4.38663e-19	4.38663e-19	4.38663e-19	4.38663e-19	4.38663e-19	4.38663e-19	4.38663e-19	4.38663e-19	4.38663e-19	4.38663e-19	4.38663e-19	4.38663e-19	4.38663e-19	4.38663e-19	4.38663e-19	4.38663e-19	4.38663e-19	4.38663e-19	4.38663e-19	4.38663e-19	4.38663e-19	4.38663e-19	4.38663e-19	4.38663e-19	4.38663e-19	4.38663e-19	4.38663e-19	4.38663e-19	4.38663e-19	4.38663e-19	4.38663e-19	4.38663e-19	4.38663e-19	4.38663e-19	4.38663e-19	4.38663e-19	4.38663e-19	4.38663e-19	4.38663e-19	4.38663e-19	4.38663e-19	4.38663e-19	4.38663e-19	4.38663e-19	4.38663e-19	4.38663e-19	4.38663e-19	4.38663e-19	4.38663e-19	4.38663e-19	4.38663e-19	4.38663e-19	4.38663e-19	4.38663e-19	4.38663e-19	4.38663e-19	4.38663e-19	4.38663e-19	4.38663e-19	4.38663e-19	4.38663e-19	4.38663e-19	4.38663e-19	4.38663e-19	4.38663e-19	4.38663e-19	4.38663e-19	4.38663e-19	4.38663e-19	4.38663e-19	4.38663e-19	4.38663e-19	4.38663e-19	4.38663e-19	4.38663e-19	4.38663e-19	4.38663e-19	4.38663e-19	4.38663e-19	4.38663e-19	4.38663e-19	4.38663e-19
22.40	1.09708e-31	2.86185e-31	5.56148e-31	9.69119e-31	1.60086e-30	2.56725e-30	4.04557e-30	6.30702e-30	9.76643e-30	1.50584e-29	2.31538e-29	3.55377e-29	5.44818e-29	8.34615e-29	1.27793e-28	1.95609e-28	2.99350e-28	4.58049e-28	7.00820e-28	1.07220e-27	1.64033e-27	2.50943e-27	3.83895e-27	5.87284e-27	8.98425e-27	1.37441e-26	2.10257e-26	3.21653e-26	4.92069e-26	7.52780e-26	1.15163e-25	1.76183e-25	2.69538e-25	4.12364e-25	6.30883e-25	9.65218e-25	1.47676e-24	2.25947e-24	3.45713e-24	5.28979e-24	8.09426e-24	1.23861e-23	1.89546e-23	2.90081e-23	4.43969e-23	6.79547e-23	1.04022e-22	1.59248e-22	2.43823e-22	3.73365e-22	5.71822e-22	8.75924e-22	1.34203e-21	2.05666e-21	3.15271e-21	4.83442e-21	7.41592e-21	1.13808e-20	1.74741e-20	2.68452e-20	4.12692e-20	6.34922e-20	9.77693e-20	1.50708e-19	2.32591e-19	3.59467e-19	4.75135e-19	4.77534e-19	4.77538e-19	4.77538e-19	4.77538e-19	4.77538e-19	4.77538e-19	4.77538e-19	4.77538e-19	4.77538e-19	4.77538e-19	4.77538e-19	4.77538e-19	4.77538e-19	4.77538e-19	4.77538e-19	4.77538e-19	4.77538e-19	4.77538e-19	4.77538e-19	4.77538e-19	4.77538e-19	4.77538e-19	4.77538e-19	4.77538e-19	4.77538e-19	4.77538e-19	4.77538e-19	4.77538e-19	4.77538e-19	4.77538e-19	4.77538e-19	4.77538e-19	4.77538e-19	4.77538e-19	4.77538e-19	4.77538e-19	4.77538e-19	4.77538e-19	4.77538e-19	4.77538e-19	4.77538e-19	4.77538e-19	4.77538e-19	4.77538e-19	4.77538e-19	4.77538e-19	4.77538e-19	4.77538e-19	4.77538e-19	4.77538e-19	4.77538e-19	4.77538e-19	4.77538e-19	4.77538e-19	4.77538e-19	4.77538e-19	4.77538e-19	4.77538e-19	4.77538e-19	4.77538e-19	4.77538e-19	4.77538e-19	4.77538e-19	4.77538e-19	4.77538e-19	4.77538e-19	4.77538e-19	4.77538e-19	4.77538e-19	4.77538e-19	4.77538e-19	4.77538e-19	4.77538e-19	4.77538e-19	4.77538e-19	4.77538e-19	4.77538e-19	4.77538e-19	4.77538e-19	4.77538e-19	4.77538e-19	4.77538e-19	4.77538e-19	4.77538e-19	4.77538e-19	4.77538e-19	4.77538e-19	4.77538e-19	4.77538e-19	4.77538e-19	4.77538e-19	4.77538e-19	4.77538e-19	4.77538e-19	4.77538e-19	4.77538e-19	4.77538e-19	4.77538e-19	4.77538e-19	4.77538e-19	4.77538e-19	4.77538e-19	4.77538e-19	4.77538e-19	4.77538e-19	4.77538e-19	4.77538e-19	4.77538e-19	4.77538e-19	4.77538e-19	4.77538e-19	4.77538e-19	4.77538e-19	4.77538e-19	4.77538e-19	4.77538e-19	4.77538e-19	4.77538e-19	4.77538e-19
22.43	9.37785e-32	2.44631e-31	4.75394e-31	8.28402e-31	1.36841e-30	2.19448e-30	3.45815e-30	5.39123e-30	8.34833e-30	1.28719e-29	1.97919e-29	3.03776e-29	4.65710e-29	7.13427e-29	1.09237e-28	1.67206e-28	2.55884e-28	3.91540e-28	5.99060e-28	9.16516e-28	1.40215e-27	2.14505e-27	3.28153e-27	5.02009e-27	7.67972e-27	1.17484e-26	1.79727e-26	2.74948e-26	4.20620e-26	6.43475e-26	9.84414e-26	1.50601e-25	2.30400e-25	3.52488e-25	5.39278e-25	8.25067e-25	1.26233e-24	1.93139e-24	2.95515e-24	4.52170e-24	6.91896e-24	1.05876e-23	1.62024e-23	2.47961e-23	3.79504e-23	5.80876e-23	8.89177e-23	1.36125e-22	2.08419e-22	3.19152e-22	4.88793e-22	7.48738e-22	1.14717e-21	1.75803e-21	2.69493e-21	4.13245e-21	6.33912e-21	9.72828e-21	1.49368e-20	2.29472e-20	3.52768e-20	5.42730e-20	8.35731e-20	1.28825e-19	1.98818e-19	3.07272e-19	4.74600e-19	5.19972e-19	5.20148e-19	5.20148e-19	5.20148e-19	5.20148e-19	5.20148e-19	5.20148e-19	5.20148e-19	5.20148e-19	5.20148e-19	5.20148e-19	5.20148e-19	5.20148e-19	5.20148e-19	5.20148e-19	5.20148e-19	5.20148e-19	5.20148e-19	5.20148e-19	5.20148e-19	5.20148e-19	5.20148e-19	5.20148e-19	5.20148e-19	5.20148e-19	5.20148e-19	5.20148e-19	5.20148e-19	5.20148e-19	5.20148e-19	5.20148e-19	5.20148e-19	5.20148e-19	5.20148e-19	5.20148e-19	5.20148e-19	5.20148e-19	5.20148e-19	5.20148e-19	5.20148e-19	5.20148e-19	5.20148e-19	5.20148e-19	5.20148e-19	5.20148e-19	5.20148e-19	5.20148e-19	5.20148e-19	5.20148e-19	5.20148e-19	5.20148e-19	5.20148e-19	5.20148e-19	5.20148e-19	5.20148e-19	5.20148e-19	5.20148e-19	5.20148e-19	5.20148e-19	5.20148e-19	5.20148e-19	5.20148e-19	5.20148e-19	5.20148e-19	5.20148e-19	5.20148e-19	5.20148e-19	5.20148e-19	5.20148e-19	5.20148e-19	5.20148e-19	5.20148e-19	5.20148e-19	5.20148e-19	5.20148e-19	5.20148e-19	5.20148e-19	5.20148e-19	5.20148e-19	5.20148e-19	5.20148e-19	5.20148e-19	5.20148e-19	5.20148e-19	5.20148e-19	5.20148e-19	5.20148e-19	5.20148e-19	5.20148e-19	5.20148e-19	5.20148e-19	5.20148e-19	5.20148e-19	5.20148e-19	5.20148e-19	5.20148e-19	5.20148e-19	5.20148e-19	5.20148e-19	5.20148e-19	5.20148e-19	5.20148e-19	5.20148e-19	5.20148e-19	5.20148e-19	5.20148e-19	5.20148e-19	5.20148e-19	5.20148e-19	5.20148e-19	5.20148e-19	5.20148e-19	5.20148e-19	5.20148e-19	5.20148e-19	5.20148e-19	5.20148e-19	5.20148e-19	5.20148e-19
22.47	8.01617e-32	2.09110e-31	4.06366e-31	7.08116e-31	1.16971e-30	1.87584e-30	2.95602e-30	4.60841e-30	7.13614e-30	1.10029e-29	1.69181e-29	2.59667e-29	3.98088e-29	6.09836e-29	9.33758e-29	1.42928e-28	2.18730e-28	3.34688e-28	5.12075e-28	7.83436e-28	1.19855e-27	1.83359e-27	2.80505e-27	4.29117e-27	6.56462e-27	1.00425e-26	1.53631e-26	2.35025e-26	3.59545e-26	5.50042e-26	8.41475e-26	1.28734e-25	1.96946e-25	3.01306e-25	4.60974e-25	7.05266e-25	1.07904e-24	1.65095e-24	2.52606e-24	3.86514e-24	5.91432e-24	9.05029e-24	1.38498e-23	2.11956e-23	3.24399e-23	4.96532e-23	7.60067e-23	1.16359e-22	1.78157e-22	2.72811e-22	4.17819e-22	6.40020e-22	9.80595e-22	1.50276e-21	2.30362e-21	3.53241e-21	5.41867e-21	8.31572e-21	1.27680e-20	1.96152e-20	3.01546e-20	4.63925e-20	7.14381e-20	1.10119e-19	1.69949e-19	2.62656e-19	4.06599e-19	5.61589e-19	5.66892e-19	5.66903e-19	5.66904e-19	5.66904e-19	5.66904e-19	5.66904e-19	5.66904e-19	5.66904e-19	5.66904e-19	5.66904e-19	5.66904e-19	5.66904e-19	5.66904e-19	5.66904e-19	5.66904e-19	5.66904e-19	5.66904e-19	5.66904e-19	5.66904e-19	5.66904e-19	5.66904e-19	5.66904e-19	5.66904e-19	5.66904e-19	5.66904e-19	5.66904e-19	5.66904e-19	5.66904e-19	5.66904e-19	5.66904e-19	5.66904e-19	5.66904e-19	5.66904e-19	5.66904e-19	5.66904e-19	5.66904e-19	5.66904e-19	5.66904e-19	5.66904e-19	5.66904e-19	5.66904e-19	5.66904e-19	5.66904e-19	5.66904e-19	5.66904e-19	5.66904e-19	5.66904e-19	5.66904e-19	5.66904e-19	5.66904e-19	5.66904e-19	5.66904e-19	5.66904e-19	5.66904e-19	5.66904e-19	5.66904e-19	5.66904e-19	5.66904e-19	5.66904e-19	5.66904e-19	5.66904e-19	5.66904e-19	5.66904e-19	5.66904e-19	5.66904e-19	5.66904e-19	5.66904e-19	5.66904e-19	5.66904e-19	5.66904e-19	5.66904e-19	5.66904e-19	5.66904e-19	5.66904e-19	5.66904e-19	5.66904e-19	5.66904e-19	5.66904e-19	5.66904e-19	5.66904e-19	5.66904e-19	5.66904e-19	5.66904e-19	5.66904e-19	5.66904e-19	5.66904e-19	5.66904e-19	5.66904e-19	5.66904e-19	5.66904e-19	5.66904e-19	5.66904e-19	5.66904e-19	5.66904e-19	5.66904e-19	5.66904e-19	5.66904e-19	5.66904e-19	5.66904e-19	5.66904e-19	5.66904e-19	5.66904e-19	5.66904e-19	5.66904e-19	5.66904e-19	5.66904e-19	5.66904e-19	5.66904e-19	5.66904e-19	5.66904e-19	5.66904e-19	5.66904e-19	5.66904e-19	5.66904e-19	5.66904e-19	5.66904e-19	5.66904e-19	5.66904e-19
22.50	6.85221e-32	1.78747e-31	3.47361e-31	6.05297e-31	9.99870e-31	1.60346e-30	2.52680e-30	3.93926e-30	6.09996e-30	9.40527e-30	1.44615e-29	2.21963e-29	3.40285e-29	5.21287e-29	7.98175e-29	1.22174e-28	1.86970e-28	2.86091e-28	4.37721e-28	6.69680e-28	1.02452e-27	1.56735e-27	2.39775e-27	3.66808e-27	5.61142e-27	8.58434e-27	1.31323e-26	2.00899e-26	3.07339e-26	4.70175e-26	7.19292e-26	1.10041e-25	1.68349e-25	2.57556e-25	3.94040e-25	6.02860e-25	9.22363e-25	1.41123e-24	2.15927e-24	3.30392e-24	5.05555e-24	7.73617e-24	1.18387e-23	1.81180e-23	2.77296e-23	4.24434e-23	6.49704e-23	9.94638e-23	1.52288e-22	2.33198e-22	3.57151e-22	5.47089e-22	8.38211e-22	1.28456e-21	1.96913e-21	3.01950e-21	4.63187e-21	7.10826e-21	1.09140e-20	1.67671e-20	2.57761e-20	3.96562e-20	6.10652e-20	9.41297e-20	1.45272e-19	2.24518e-19	3.47560e-19	5.39065e-19	6.17860e-19	6.18271e-19	6.18271e-19	6.18271e-19	6.18271e-19	6.18271e-19	6.18271e-19	6.18271e-19	6.18271e-19	6.18271e-19	6.18271e-19	6.18271e-19	6.18271e-19	6.18271e-19	6.18271e-19	6.18271e-19	6.18271e-19	6.18271e-19	6.18271e-19	6.18271e-19	6.18271e-19	6.18271e-19	6.18271e-19	6.18271e-19	6.18271e-19	6.18271e-19	6.18271e-19	6.18271e-19	6.18271e-19	6.18271e-19	6.18271e-19	6.18271e-19	6.18271e-19	6.18271e-19	6.18271e-19	6.18271e-19	6.18271e-19	6.18271e-19	6.18271e-19	6.18271e-19	6.18271e-19	6.18271e-19	6.18271e-19	6.18271e-19	6.18271e-19	6.18271e-19	6.18271e-19	6.18271e-19	6.18271e-19	6.18271e-19	6.18271e-19	6.18271e-19	6.18271e-19	6.18271e-19	6.18271e-19	6.18271e-19	6.18271e-19	6.18271e-19	6.18271e-19	6.18271e-19	6.18271e-19	6.18271e-19	6.18271e-19	6.18271e-19	6.18271e-19	6.18271e-19	6.18271e-19	6.18271e-19	6.18271e-19	6.18271e-19	6.18271e-19	6.18271e-19	6.18271e-19	6.18271e-19	6.18271e-19	6.18271e-19	6.18271e-19	6.18271e-19	6.18271e-19	6.18271e-19	6.18271e-19	6.18271e-19	6.18271e-19	6.18271e-19	6.18271e-19	6.18271e-19	6.18271e-19	6.18271e-19	6.18271e-19	6.18271e-19	6.18271e-19	6.18271e-19	6.18271e-19	6.18271e-19	6.18271e-19	6.18271e-19	6.18271e-19	6.18271e-19	6.18271e-19	6.18271e-19	6.18271e-19	6.18271e-19	6.18271e-19	6.18271e-19	6.18271e-19	6.18271e-19	6.18271e-19	6.18271e-19	6.18271e-19	6.18271e-19	6.18271e-19	6.18271e-19	6.18271e-19	6.18271e-19	6.18271e-19	6.18271e-19	6.18271e-19	6.18271e-19
22.54	5.85726e-32	1.52792e-31	2.96924e-31	5.17407e-31	8.54687e-31	1.37064e-30	2.15990e-30	3.36728e-30	5.21424e-30	8.03961e-30	1.23617e-29	1.89734e-29	2.90875e-29	4.45596e-29	6.82279e-29	1.04434e-28	1.59821e-28	2.44550e-28	3.74164e-28	5.72441e-28	8.75760e-28	1.33977e-27	2.04959e-27	3.13547e-27	4.79664e-27	7.33788e-27	1.12255e-26	1.71728e-26	2.62713e-26	4.01905e-26	6.14850e-26	9.40631e-26	1.43905e-25	2.20159e-25	3.36825e-25	5.15324e-25	7.88435e-25	1.20632e-24	1.84574e-24	2.82418e-24	4.32148e-24	6.61287e-24	1.01197e-23	1.54872e-23	2.37032e-23	3.62806e-23	5.55366e-23	8.50215e-23	1.30176e-22	1.99337e-22	3.05292e-22	4.67650e-22	7.16502e-22	1.09804e-21	1.68321e-21	2.58106e-21	3.95931e-21	6.07613e-21	9.32931e-21	1.43325e-20	2.20334e-20	3.38981e-20	5.21984e-20	8.04619e-20	1.24179e-19	1.91917e-19	2.97094e-19	4.60792e-19	6.63230e-19	6.74755e-19	6.74782e-19	6.74782e-19	6.74782e-19	6.74782e-19	6.74782e-19	6.74782e-19	6.74782e-19	6.74782e-19	6.74782e-19	6.74782e-19	6.74782e-19	6.74782e-19	6.74782e-19	6.74782e-19	6.74782e-19	6.74782e-19	6.74782e-19	6.74782e-19	6.74782e-19	6.74782e-19	6.74782e-19	6.74782e-19	6.74782e-19	6.74782e-19	6.74782e-19	6.74782e-19	6.74782e-19	6.74782e-19	6.74782e-19	6.74782e-19	6.74782e-19	6.74782e-19	6.74782e-19	6.74782e-19	6.74782e-19	6.74782e-19	6.74782e-19	6.74782e-19	6.74782e-19	6.74782e-19	6.74782e-19	6.74782e-19	6.74782e-19	6.74782e-19	6.74782e-19	6.74782e-19	6.74782e-19	6.74782e-19	6.74782e-19	6.74782e-19	6.74782e-19	6.74782e-19	6.74782e-19	6.74782e-19	6.74782e-19	6.74782e-19	6.74782e-19	6.74782e-19	6.74782e-19	6.74782e-19	6.74782e-19	6.74782e-19	6.74782e-19	6.74782e-19	6.74782e-19	6.74782e-19	6.74782e-19	6.74782e-19	6.74782e-19	6.74782e-19	6.74782e-19	6.74782e-19	6.74782e-19	6.74782e-19	6.74782e-19	6.74782e-19	6.74782e-19	6.74782e-19	6.74782e-19	6.74782e-19	6.74782e-19	6.74782e-19	6.74782e-19	6.74782e-19	6.74782e-19	6.74782e-19	6.74782e-19	6.74782e-19	6.74782e-19	6.74782e-19	6.74782e-19	6.74782e-19	6.74782e-19	6.74782e-19	6.74782e-19	6.74782e-19	6.74782e-19	6.74782e-19	6.74782e-19	6.74782e-19	6.74782e-19	6.74782e-19	6.74782e-19	6.74782e-19	6.74782e-19	6.74782e-19	6.74782e-19	6.74782e-19	6.74782e-19	6.74782e-19	6.74782e-19	6.74782e-19	6.74782e-19	6.74782e-19	6.74782e-19	6.74782e-19
22.57	5.00678e-32	1.30607e-31	2.53810e-31	4.42278e-31	7.30585e-31	1.17162e-30	1.84628e-30	2.87834e-30	4.45712e-30	6.87225e-30	1.05668e-29	1.62184e-29	2.48640e-29	3.80894e-29	5.83211e-29	8.92704e-29	1.36615e-28	2.09041e-28	3.19834e-28	4.89322e-28	7.48598e-28	1.14523e-27	1.75199e-27	2.68020e-27	4.10016e-27	6.27241e-27	9.59554e-27	1.46793e-26	2.24566e-26	3.43548e-26	5.25572e-26	8.04050e-26	1.23009e-25	1.88191e-25	2.87917e-25	4.40498e-25	6.73953e-25	1.03116e-24	1.57774e-24	2.41411e-24	3.69399e-24	5.65267e-24	8.65034e-24	1.32385e-23	2.02615e-23	3.10126e-23	4.74726e-23	7.26763e-23	1.11274e-22	1.70393e-22	2.60963e-22	3.99747e-22	6.12465e-22	9.38602e-22	1.43881e-21	2.20629e-21	3.38442e-21	5.19387e-21	7.97468e-21	1.22514e-20	1.88341e-20	2.89760e-20	4.46191e-20	6.87787e-20	1.06148e-19	1.64051e-19	2.53955e-19	3.93884e-19	6.12287e-19	7.36088e-19	7.37039e-19	7.37041e-19	7.37041e-19	7.37041e-19	7.37041e-19	7.37041e-19	7.37041e-19	7.37041e-19	7.37041e-19	7.37041e-19	7.37041e-19	7.37041e-19	7.37041e-19	7.37041e-19	7.37041e-19	7.37041e-19	7.37041e-19	7.37041e-19	7.37041e-19	7.37041e-19	7.37041e-19	7.37041e-19	7.37041e-19	7.37041e-19	7.37041e-19	7.37041e-19	7.37041e-19	7.37041e-19	7.37041e-19	7.37041e-19	7.37041e-19	7.37041e-19	7.37041e-19	7.37041e-19	7.37041e-19	7.37041e-19	7.37041e-19	7.37041e-19	7.37041e-19	7.37041e-19	7.37041e-19	7.37041e-19	7.37041e-19	7.37041e-19	7.37041e-19	7.37041e-19	7.37041e-19	7.37041e-19	7.37041e-19	7.37041e-19	7.37041e-19	7.37041e-19	7.37041e-19	7.37041e-19	7.37041e-19	7.37041e-19	7.37041e-19	7.37041e-19	7.37041e-19	7.37041e-19	7.37041e-19	7.37041e-19	7.37041e-19	7.37041e-19	7.37041e-19	7.37041e-19	7.37041e-19	7.37041e-19	7.37041e-19	7.37041e-19	7.37041e-19	7.37041e-19	7.37041e-19	7.37041e-19	7.37041e-19	7.37041e-19	7.37041e-19	7.37041e-19	7.37041e-19	7.37041e-19	7.37041e-19	7.37041e-19	7.37041e-19	7.37041e-19	7.37041e-19	7.37041e-19	7.37041e-19	7.37041e-19	7.37041e-19	7.37041e-19	7.37041e-19	7.37041e-19	7.37041e-19	7.37041e-19	7.37041e-19	7.37041e-19	7.37041e-19	7.37041e-19	7.37041e-19	7.37041e-19	7.37041e-19	7.37041e-19	7.37041e-19	7.37041e-19	7.37041e-19	7.37041e-19	7.37041e-19	7.37041e-19	7.37041e-19	7.37041e-19	7.37041e-19	7.37041e-19	7.37041e-19	7.37041e-19	7.37041e-19	7.37041e-19
22.61	4.27979e-32	1.11642e-31	2.16956e-31	3.78059e-31	6.24503e-31	1.00150e-30	1.57820e-30	2.46040e-30	3.80994e-30	5.87439e-30	9.03245e-30	1.38635e-29	2.12537e-29	3.25588e-29	4.98528e-29	7.63082e-29	1.16778e-28	1.78688e-28	2.73394e-28	4.18272e-28	6.39901e-28	9.78942e-28	1.49760e-27	2.29103e-27	3.50481e-27	5.36165e-27	8.20225e-27	1.25479e-26	1.91959e-26	2.93664e-26	4.49259e-26	6.87300e-26	1.05148e-25	1.60866e-25	2.46111e-25	3.76537e-25	5.76094e-25	8.81433e-25	1.34865e-24	2.06358e-24	3.15762e-24	4.83189e-24	7.39430e-24	1.13162e-23	1.73195e-23	2.65095e-23	4.05795e-23	6.21236e-23	9.51167e-23	1.45652e-22	2.23071e-22	3.41703e-22	5.23534e-22	8.02315e-22	1.22989e-21	1.88593e-21	2.89299e-21	4.43971e-21	6.81674e-21	1.04725e-20	1.60994e-20	2.47687e-20	3.81404e-20	5.87919e-20	9.07349e-20	1.40230e-19	2.17081e-19	3.36692e-19	5.23382e-19	7.81209e-19	8.05677e-19	8.05742e-19	8.05742e-19	8.05742e-19	8.05742e-19	8.05742e-19	8.05742e-19	8.05742e-19	8.05742e-19	8.05742e-19	8.05742e-19	8.05742e-19	8.05742e-19	8.05742e-19	8.05742e-19	8.05742e-19	8.05742e-19	8.05742e-19	8.05742e-19	8.05742e-19	8.05742e-19	8.05742e-19	8.05742e-19	8.05742e-19	8.05742e-19	8.05742e-19	8.05742e-19	8.05742e-19	8.05742e-19	8.05742e-19	8.05742e-19	8.05742e-19	8.05742e-19	8.05742e-19	8.05742e-19	8.05742e-19	8.05742e-19	8.05742e-19	8.05742e-19	8.05742e-19	8.05742e-19	8.05742e-19	8.05742e-19	8.05742e-19	8.05742e-19	8.05742e-19	8.05742e-19	8.05742e-19	8.05742e-19	8.05742e-19	8.05742e-19	8.05742e-19	8.05742e-19	8.05742e-19	8.05742e-19	8.05742e-19	8.05742e-19	8.05742e-19	8.05742e-19	8.05742e-19	8.05742e-19	8.05742e-19	8.05742e-19	8.05742e-19	8.05742e-19	8.05742e-19	8.05742e-19	8.05742e-19	8.05742e-19	8.05742e-19	8.05742e-19	8.05742e-19	8.05742e-19	8.05742e-19	8.05742e-19	8.05742e-19	8.05742e-19	8.05742e-19	8.05742e-19	8.05742e-19	8.05742e-19	8.05742e-19	8.05742e-19	8.05742e-19	8.05742e-19	8.05742e-19	8.05742e-19	8.05742e-19	8.05742e-19	8.05742e-19	8.05742e-19	8.05742e-19	8.05742e-19	8.05742e-19	8.05742e-19	8.05742e-19	8.05742e-19	8.05742e-19	8.05742e-19	8.05742e-19	8.05742e-19	8.05742e-19	8.05742e-19	8.05742e-19	8.05742e-19	8.05742e-19	8.05742e-19	8.05742e-19	8.05742e-19	8.05742e-19	8.05742e-19	8.05742e-19	8.05742e-19	8.05742e-19	8.05742e-19	8.05742e-19
22.64	3.65835e-32	9.54318e-32	1.85454e-31	3.23164e-31	5.33824e-31	8.56079e-31	1.34904e-30	2.10315e-30	3.25673e-30	5.02142e-30	7.72092e-30	1.18505e-29	1.81676e-29	2.78312e-29	4.26141e-29	6.52281e-29	9.98220e-29	1.52742e-28	2.33697e-28	3.57538e-28	5.46986e-28	8.36798e-28	1.28014e-27	1.95837e-27	2.99590e-27	4.58313e-27	7.01127e-27	1.07259e-26	1.64086e-26	2.51023e-26	3.84026e-26	5.87503e-26	8.98805e-26	1.37508e-25	2.10376e-25	3.21863e-25	4.92444e-25	7.53448e-25	1.15282e-24	1.76394e-24	2.69913e-24	4.13030e-24	6.32064e-24	9.67309e-24	1.48047e-23	2.26603e-23	3.46873e-23	5.31031e-23	8.13056e-23	1.24503e-22	1.90681e-22	2.92087e-22	4.47516e-22	6.85818e-22	1.05131e-21	1.61209e-21	2.47293e-21	3.79506e-21	5.82694e-21	8.95184e-21	1.37617e-20	2.11722e-20	3.26023e-20	5.02553e-20	7.75601e-20	1.19869e-19	1.85560e-19	2.87803e-19	4.47386e-19	6.97293e-19	8.79490e-19	8.81679e-19	8.81683e-19	8.81683e-19	8.81683e-19	8.81683e-19	8.81683e-19	8.81683e-19	8.81683e-19	8.81683e-19	8.81683e-19	8.81683e-19	8.81683e-19	8.81683e-19	8.81683e-19	8.81683e-19	8.81683e-19	8.81683e-19	8.81683e-19	8.81683e-19	8.81683e-19	8.81683e-19	8.81683e-19	8.81683e-19	8.81683e-19	8.81683e-19	8.81683e-19	8.81683e-19	8.81683e-19	8.81683e-19	8.81683e-19	8.81683e-19	8.81683e-19	8.81683e-19	8.81683e-19	8.81683e-19	8.81683e-19	8.81683e-19	8.81683e-19	8.81683e-19	8.81683e-19	8.81683e-19	8.81683e-19	8.81683e-19	8.81683e-19	8.81683e-19	8.81683e-19	8.81683e-19	8.81683e-19	8.81683e-19	8.81683e-19	8.81683e-19	8.81683e-19	8.81683e-19	8.81683e-19	8.81683e-19	8.81683e-19	8.81683e-19	8.81683e-19	8.81683e-19	8.81683e-19	8.81683e-19	8.81683e-19	8.81683e-19	8.81683e-19	8.81683e-19	8.81683e-19	8.81683e-19	8.81683e-19	8.81683e-19	8.81683e-19	8.81683e-19	8.81683e-19	8.81683e-19	8.81683e-19	8.81683e-19	8.81683e-19	8.81683e-19	8.81683e-19	8.81683e-19	8.81683e-19	8.81683e-19	8.81683e-19	8.81683e-19	8.81683e-19	8.81683e-19	8.81683e-19	8.81683e-19	8.81683e-19	8.81683e-19	8.81683e-19	8.81683e-19	8.81683e-19	8.81683e-19	8.81683e-19	8.81683e-19	8.81683e-19	8.81683e-19	8.81683e-19	8.81683e-19	8.81683e-19	8.81683e-19	8.81683e-19	8.81683e-19	8.81683e-19	8.81683e-19	8.81683e-19	8.81683e-19	8.81683e-19	8.81683e-19	8.81683e-19	8.81683e-19	8.81683e-19	8.81683e-19	8.81683e-19	8.81683e-19
22.67	3.12716e-32	8.15750e-32	1.58526e-31	2.76240e-31	4.56312e-31	7.31775e-31	1.15316e-30	1.79777e-30	2.78385e-30	4.29230e-30	6.59983e-30	1.01298e-29	1.55296e-29	2.37901e-29	3.64264e-29	5.57569e-29	8.53276e-29	1.30564e-28	1.99764e-28	3.05623e-28	4.67563e-28	7.15293e-28	1.09427e-27	1.67401e-27	2.56089e-27	3.91765e-27	5.99322e-27	9.16847e-27	1.40261e-26	2.14574e-26	3.28264e-26	5.02197e-26	7.68297e-26	1.17541e-25	1.79829e-25	2.75128e-25	4.20940e-25	6.44046e-25	9.85429e-25	1.50781e-24	2.30721e-24	3.53057e-24	5.40287e-24	8.26854e-24	1.26550e-23	1.93700e-23	2.96507e-23	4.53925e-23	6.94999e-23	1.06425e-22	1.62994e-22	2.49676e-22	3.82536e-22	5.86236e-22	8.98656e-22	1.37801e-21	2.11385e-21	3.24401e-21	4.98086e-21	7.65202e-21	1.17635e-20	1.80980e-20	2.78684e-20	4.29581e-20	6.62982e-20	1.02463e-19	1.58616e-19	2.46014e-19	3.82425e-19	5.96045e-19	9.15432e-19	9.65632e-19	9.65788e-19	9.65788e-19	9.65788e-19	9.65788e-19	9.65788e-19	9.65788e-19	9.65788e-19	9.65788e-19	9.65788e-19	9.65788e-19	9.65788e-19	9.65788e-19	9.65788e-19	9.65788e-19	9.65788e-19	9.65788e-19	9.65788e-19	9.65788e-19	9.65788e-19	9.65788e-19	9.65788e-19	9.65788e-19	9.65788e-19	9.65788e-19	9.65788e-19	9.65788e-19	9.65788e-19	9.65788e-19	9.65788e-19	9.65788e-19	9.65788e-19	9.65788e-19	9.65788e-19	9.65788e-19	9.65788e-19	9.65788e-19	9.65788e-19	9.65788e-19	9.65788e-19	9.65788e-19	9.65788e-19	9.65788e-19	9.65788e-19	9.65788e-19	9.65788e-19	9.65788e-19	9.65788e-19	9.65788e-19	9.65788e-19	9.65788e-19	9.65788e-19	9.65788e-19	9.65788e-19	9.65788e-19	9.65788e-19	9.65788e-19	9.65788e-19	9.65788e-19	9.65788e-19	9.65788e-19	9.65788e-19	9.65788e-19	9.65788e-19	9.65788e-19	9.65788e-19	9.65788e-19	9.65788e-19	9.65788e-19	9.65788e-19	9.65788e-19	9.65788e-19	9.65788e-19	9.65788e-19	9.65788e-19	9.65788e-19	9.65788e-19	9.65788e-19	9.65788e-19	9.65788e-19	9.65788e-19	9.65788e-19	9.65788e-19	9.65788e-19	9.65788e-19	9.65788e-19	9.65788e-19	9.65788e-19	9.65788e-19	9.65788e-19	9.65788e-19	9.65788e-19	9.65788e-19	9.65788e-19	9.65788e-19	9.65788e-19	9.65788e-19	9.65788e-19	9.65788e-19	9.65788e-19	9.65788e-19	9.65788e-19	9.65788e-19	9.65788e-19	9.65788e-19	9.65788e-19	9.65788e-19	9.65788e-19	9.65788e-19	9.65788e-19	9.65788e-19	9.65788e-19	9.65788e-19	9.65788e-19	9.65788e-19
22.71	2.67309e-32	6.97302e-32	1.35508e-31	2.36130e-31	3.90055e-31	6.25520e-31	9.85719e-31	1.53673e-30	2.37963e-30	3.66905e-30	5.64153e-30	8.65890e-30	1.32747e-29	2.03357e-29	3.11373e-29	4.76609e-29	7.29379e-29	1.11606e-28	1.70758e-28	2.61246e-28	3.99672e-28	6.11432e-28	9.35376e-28	1.43094e-27	2.18905e-27	3.34880e-27	5.12300e-27	7.83720e-27	1.19895e-26	1.83418e-26	2.80600e-26	4.29277e-26	6.56739e-26	1.00474e-25	1.53717e-25	2.35179e-25	3.59819e-25	5.50529e-25	8.42343e-25	1.28888e-24	1.97220e-24	3.01793e-24	4.61836e-24	7.06794e-24	1.08175e-23	1.65574e-23	2.53453e-23	3.88014e-23	5.94084e-23	9.09719e-23	1.39327e-22	2.13422e-22	3.26991e-22	5.01114e-22	7.68170e-22	1.17792e-21	1.80692e-21	2.77297e-21	4.25763e-21	6.54093e-21	1.00554e-20	1.54701e-20	2.38219e-20	3.67205e-20	5.66716e-20	8.75856e-20	1.35585e-19	2.10292e-19	3.26896e-19	5.09498e-19	7.96574e-19	1.05411e-18	1.05912e-18	1.05913e-18	1.05913e-18	1.05913e-18	1.05913e-18	1.05913e-18	1.05913e-18	1.05913e-18	1.05913e-18	1.05913e-18	1.05913e-18	1.05913e-18	1.05913e-18	1.05913e-18	1.05913e-18	1.05913e-18	1.05913e-18	1.05913e-18	1.05913e-18	1.05913e-18	1.05913e-18	1.05913e-18	1.05913e-18	1.05913e-18	1.05913e-18	1.05913e-18	1.05913e-18	1.05913e-18	1.05913e-18	1.05913e-18	1.05913e-18	1.05913e-18	1.05913e-18	1.05913e-18	1.05913e-18	1.05913e-18	1.05913e-18	1.05913e-18	1.05913e-18	1.05913e-18	1.05913e-18	1.05913e-18	1.05913e-18	1.05913e-18	1.05913e-18	1.05913e-18	1.05913e-18	1.05913e-18	1.05913e-18	1.05913e-18	1.05913e-18	1.05913e-18	1.05913e-18	1.05913e-18	1.05913e-18	1.05913e-18	1.05913e-18	1.05913e-18	1.05913e-18	1.05913e-18	1.05913e-18	1.05913e-18	1.05913e-18	1.05913e-18	1.05913e-18	1.05913e-18	1.05913e-18	1.05913e-18	1.05913e-18	1.05913e-18	1.05913e-18	1.05913e-18	1.05913e-18	1.05913e-18	1.05913e-18	1.05913e-18	1.05913e-18	1.05913e-18	1.05913e-18	1.05913e-18	1.05913e-18	1.05913e-18	1.05913e-18	1.05913e-18	1.05913e-18	1.05913e-18	1.05913e-18	1.05913e-18	1.05913e-18	1.05913e-18	1.05913e-18	1.05913e-18	1.05913e-18	1.05913e-18	1.05913e-18	1.05913e-18	1.05913e-18	1.05913e-18	1.05913e-18	1.05913e-18	1.05913e-18	1.05913e-18	1.05913e-18	1.05913e-18	1.05913e-18	1.05913e-18	1.05913e-18	1.05913e-18	1.05913e-18	1.05913e-18	1.05913e-18	1.05913e-18	1.05913e-18	1.05913e-18
22.74	2.28495e-32	5.96052e-32	1.15832e-31	2.01843e-31	3.33418e-31	5.34693e-31	8.42591e-31	1.31359e-30	2.03410e-30	3.13630e-30	4.82237e-30	7.40162e-30	1.13472e-29	1.73829e-29	2.66161e-29	4.07405e-29	6.23472e-29	9.54003e-29	1.45963e-28	2.23313e-28	3.41639e-28	5.22651e-28	7.99558e-28	1.22317e-27	1.87120e-27	2.86255e-27	4.37913e-27	6.69922e-27	1.02486e-26	1.56785e-26	2.39856e-26	3.66945e-26	5.61380e-26	8.58852e-26	1.31397e-25	2.01031e-25	3.07573e-25	4.70592e-25	7.20034e-25	1.10173e-24	1.68583e-24	2.57972e-24	3.94777e-24	6.04166e-24	9.24677e-24	1.41533e-23	2.16652e-23	3.31674e-23	5.07822e-23	7.77626e-23	1.19096e-22	1.82433e-22	2.79512e-22	4.28351e-22	6.56630e-22	1.00689e-21	1.54455e-21	2.37033e-21	3.63942e-21	5.59118e-21	8.59534e-21	1.32238e-20	2.03629e-20	3.13887e-20	4.84428e-20	7.48681e-20	1.15898e-19	1.79758e-19	2.79431e-19	4.35518e-19	6.80910e-19	1.06473e-18	1.16257e-18	1.16295e-18	1.16295e-18	1.16295e-18	1.16295e-18	1.16295e-18	1.16295e-18	1.16295e-18	1.16295e-18	1.16295e-18	1.16295e-18	1.16295e-18	1.16295e-18	1.16295e-18	1.16295e-18	1.16295e-18	1.16295e-18	1.16295e-18	1.16295e-18	1.16295e-18	1.16295e-18	1.16295e-18	1.16295e-18	1.16295e-18	1.16295e-18	1.16295e-18	1.16295e-18	1.16295e-18	1.16295e-18	1.16295e-18	1.16295e-18	1.16295e-18	1.16295e-18	1.16295e-18	1.16295e-18	1.16295e-18	1.16295e-18	1.16295e-18	1.16295e-18	1.16295e-18	1.16295e-18	1.16295e-18	1.16295e-18	1.16295e-18	1.16295e-18	1.16295e-18	1.16295e-18	1.16295e-18	1.16295e-18	1.16295e-18	1.16295e-18	1.16295e-18	1.16295e-18	1.16295e-18	1.16295e-18	1.16295e-18	1.16295e-18	1.16295e-18	1.16295e-18	1.16295e-18	1.16295e-18	1.16295e-18	1.16295e-18	1.16295e-18	1.16295e-18	1.16295e-18	1.16295e-18	1.16295e-18	1.16295e-18	1.16295e-18	1.16295e-18	1.16295e-18	1.16295e-18	1.16295e-18	1.16295e-18	1.16295e-18	1.16295e-18	1.16295e-18	1.16295e-18	1.16295e-18	1.16295e-18	1.16295e-18	1.16295e-18	1.16295e-18	1.16295e-18	1.16295e-18	1.16295e-18	1.16295e-18	1.16295e-18	1.16295e-18	1.16295e-18	1.16295e-18	1.16295e-18	1.16295e-18	1.16295e-18	1.16295e-18	1.16295e-18	1.16295e-18	1.16295e-18	1.16295e-18	1.16295e-18	1.16295e-18	1.16295e-18	1.16295e-18	1.16295e-18	1.16295e-18	1.16295e-18	1.16295e-18	1.16295e-18	1.16295e-18	1.16295e-18	1.16295e-18	1.16295e-18	1.16295e-18
22.78	1.95317e-32	5.09505e-32	9.90128e-32	1.72535e-31	2.85006e-31	4.57055e-31	7.20246e-31	1.12286e-30	1.73875e-30	2.68090e-30	4.12215e-30	6.32689e-30	9.69957e-30	1.48589e-29	2.27514e-29	3.48249e-29	5.32943e-29	8.15480e-29	1.24769e-28	1.90887e-28	2.92032e-28	4.46761e-28	6.83461e-28	1.04556e-27	1.59950e-27	2.44690e-27	3.74327e-27	5.72649e-27	8.76047e-27	1.34020e-26	2.05029e-26	3.13664e-26	4.79867e-26	7.34145e-26	1.12318e-25	1.71841e-25	2.62913e-25	4.02261e-25	6.15484e-25	9.41758e-25	1.44105e-24	2.20514e-24	3.37455e-24	5.16440e-24	7.90412e-24	1.20982e-23	1.85193e-23	2.83514e-23	4.34086e-23	6.64714e-23	1.01803e-22	1.55944e-22	2.38926e-22	3.66154e-22	5.61287e-22	8.60686e-22	1.32028e-21	2.02616e-21	3.11097e-21	4.77933e-21	7.34729e-21	1.13037e-20	1.74062e-20	2.68310e-20	4.14089e-20	6.39971e-20	9.90694e-20	1.53656e-19	2.38857e-19	3.72280e-19	5.82041e-19	9.13347e-19	1.26734e-18	1.27870e-18	1.27872e-18	1.27872e-18	1.27872e-18	1.27872e-18	1.27872e-18	1.27872e-18	1.27872e-18	1.27872e-18	1.27872e-18	1.27872e-18	1.27872e-18	1.27872e-18	1.27872e-18	1.27872e-18	1.27872e-18	1.27872e-18	1.27872e-18	1.27872e-18	1.27872e-18	1.27872e-18	1.27872e-18	1.27872e-18	1.27872e-18	1.27872e-18	1.27872e-18	1.27872e-18	1.27872e-18	1.27872e-18	1.27872e-18	1.27872e-18	1.27872e-18	1.27872e-18	1.27872e-18	1.27872e-18	1.27872e-18	1.27872e-18	1.27872e-18	1.27872e-18	1.27872e-18	1.27872e-18	1.27872e-18	1.27872e-18	1.27872e-18	1.27872e-18	1.27872e-18	1.27872e-18	1.27872e-18	1.27872e-18	1.27872e-18	1.27872e-18	1.27872e-18	1.27872e-18	1.27872e-18	1.27872e-18	1.27872e-18	1.27872e-18	1.27872e-18	1.27872e-18	1.27872e-18	1.27872e-18	1.27872e-18	1.27872e-18	1.27872e-18	1.27872e-18	1.27872e-18	1.27872e-18	1.27872e-18	1.27872e-18	1.27872e-18	1.27872e-18	1.27872e-18	1.27872e-18	1.27872e-18	1.27872e-18	1.27872e-18	1.27872e-18	1.27872e-18	1.27872e-18	1.27872e-18	1.27872e-18	1.27872e-18	1.27872e-18	1.27872e-18	1.27872e-18	1.27872e-18	1.27872e-18	1.27872e-18	1.27872e-18	1.27872e-18	1.27872e-18	1.27872e-18	1.27872e-18	1.27872e-18	1.27872e-18	1.27872e-18	1.27872e-18	1.27872e-18	1.27872e-18	1.27872e-18	1.27872e-18	1.27872e-18	1.27872e-18	1.27872e-18	1.27872e-18	1.27872e-18	1.27872e-18	1.27872e-18	1.27872e-18	1.27872e-18	1.27872e-18	1.27872e-18	1.27872e-18
22.81	1.66957e-32	4.35524e-32	8.46360e-32	1.47483e-31	2.43622e-31	3.90690e-31	6.15665e-31	9.59817e-31	1.48628e-30	2.29163e-30	3.52361e-30	5.40822e-30	8.29118e-30	1.27014e-29	1.94479e-29	2.97683e-29	4.55559e-29	6.97071e-29	1.06653e-28	1.63170e-28	2.49629e-28	3.81891e-28	5.84221e-28	8.93743e-28	1.36725e-27	2.09161e-27	3.19974e-27	4.89499e-27	7.48843e-27	1.14560e-26	1.75258e-26	2.68120e-26	4.10189e-26	6.27546e-26	9.60094e-26	1.46889e-25	2.24738e-25	3.43852e-25	5.26114e-25	8.05013e-25	1.23180e-24	1.88495e-24	2.88456e-24	4.41452e-24	6.75643e-24	1.03415e-23	1.58303e-23	2.42348e-23	3.71056e-23	5.68196e-23	8.70213e-23	1.33300e-22	2.04234e-22	3.12988e-22	4.79787e-22	7.35713e-22	1.12857e-21	1.73196e-21	2.65925e-21	4.08536e-21	6.28045e-21	9.66240e-21	1.48788e-20	2.29351e-20	3.53962e-20	5.47046e-20	8.46844e-20	1.31345e-19	2.04174e-19	3.18225e-19	4.97528e-19	7.80727e-19	1.23049e-18	1.40727e-18	1.40817e-18	1.40817e-18	1.40817e-18	1.40817e-18	1.40817e-18	1.40817e-18	1.40817e-18	1.40817e-18	1.40817e-18	1.40817e-18	1.40817e-18	1.40817e-18	1.40817e-18	1.40817e-18	1.40817e-18	1.40817e-18	1.40817e-18	1.40817e-18	1.40817e-18	1.40817e-18	1.40817e-18	1.40817e-18	1.40817e-18	1.40817e-18	1.40817e-18	1.40817e-18	1.40817e-18	1.40817e-18	1.40817e-18	1.40817e-18	1.40817e-18	1.40817e-18	1.40817e-18	1.40817e-18	1.40817e-18	1.40817e-18	1.40817e-18	1.40817e-18	1.40817e-18	1.40817e-18	1.40817e-18	1.40817e-18	1.40817e-18	1.40817e-18	1.40817e-18	1.40817e-18	1.40817e-18	1.40817e-18	1.40817e-18	1.40817e-18	1.40817e-18	1.40817e-18	1.40817e-18	1.40817e-18	1.40817e-18	1.40817e-18	1.40817e-18	1.40817e-18	1.40817e-18	1.40817e-18	1.40817e-18	1.40817e-18	1.40817e-18	1.40817e-18	1.40817e-18	1.40817e-18	1.40817e-18	1.40817e-18	1.40817e-18	1.40817e-18	1.40817e-18	1.40817e-18	1.40817e-18	1.40817e-18	1.40817e-18	1.40817e-18	1.40817e-18	1.40817e-18	1.40817e-18	1.40817e-18	1.40817e-18	1.40817e-18	1.40817e-18	1.40817e-18	1.40817e-18	1.40817e-18	1.40817e-18	1.40817e-18	1.40817e-18	1.40817e-18	1.40817e-18	1.40817e-18	1.40817e-18	1.40817e-18	1.40817e-18	1.40817e-18	1.40817e-18	1.40817e-18	1.40817e-18	1.40817e-18	1.40817e-18	1.40817e-18	1.40817e-18	1.40817e-18	1.40817e-18	1.40817e-18	1.40817e-18	1.40817e-18	1.40817e-18	1.40817e-18	1.40817e-18	1.40817e-18
22.84	1.42715e-32	3.72285e-32	7.23467e-32	1.26068e-31	2.08248e-31	3.33961e-31	5.26269e-31	8.20450e-31	1.27047e-30	1.95888e-30	3.01198e-30	4.62293e-30	7.08729e-30	1.08571e-29	1.66240e-29	2.54459e-29	3.89411e-29	5.95855e-29	9.11664e-29	1.39478e-28	2.13382e-28	3.26440e-28	4.99392e-28	7.63970e-28	1.16872e-27	1.78790e-27	2.73514e-27	4.18423e-27	6.40110e-27	9.79257e-27	1.49811e-26	2.29188e-26	3.50629e-26	5.36425e-26	8.20687e-26	1.25561e-25	1.92105e-25	2.93924e-25	4.49722e-25	6.88124e-25	1.05294e-24	1.61125e-24	2.46572e-24	3.77353e-24	5.77539e-24	8.83991e-24	1.35317e-23	2.07158e-23	3.17178e-23	4.85693e-23	7.43857e-23	1.13945e-22	1.74579e-22	2.67542e-22	4.10121e-22	6.28887e-22	9.64703e-22	1.48047e-21	2.27312e-21	3.49216e-21	5.36852e-21	8.25941e-21	1.27184e-20	1.96049e-20	3.02566e-20	4.67614e-20	7.23881e-20	1.12274e-19	1.74528e-19	2.72018e-19	4.25286e-19	6.67364e-19	1.05183e-18	1.52785e-18	1.55329e-18	1.55335e-18	1.55335e-18	1.55335e-18	1.55335e-18	1.55335e-18	1.55335e-18	1.55335e-18	1.55335e-18	1.55335e-18	1.55335e-18	1.55335e-18	1.55335e-18	1.55335e-18	1.55335e-18	1.55335e-18	1.55335e-18	1.55335e-18	1.55335e-18	1.55335e-18	1.55335e-18	1.55335e-18	1.55335e-18	1.55335e-18	1.55335e-18	1.55335e-18	1.55335e-18	1.55335e-18	1.55335e-18	1.55335e-18	1.55335e-18	1.55335e-18	1.55335e-18	1.55335e-18	1.55335e-18	1.55335e-18	1.55335e-18	1.55335e-18	1.55335e-18	1.55335e-18	1.55335e-18	1.55335e-18	1.55335e-18	1.55335e-18	1.55335e-18	1.55335e-18	1.55335e-18	1.55335e-18	1.55335e-18	1.55335e-18	1.55335e-18	1.55335e-18	1.55335e-18	1.55335e-18	1.55335e-18	1.55335e-18	1.55335e-18	1.55335e-18	1.55335e-18	1.55335e-18	1.55335e-18	1.55335e-18	1.55335e-18	1.55335e-18	1.55335e-18	1.55335e-18	1.55335e-18	1.55335e-18	1.55335e-18	1.55335e-18	1.55335e-18	1.55335e-18	1.55335e-18	1.55335e-18	1.55335e-18	1.55335e-18	1.55335e-18	1.55335e-18	1.55335e-18	1.55335e-18	1.55335e-18	1.55335e-18	1.55335e-18	1.55335e-18	1.55335e-18	1.55335e-18	1.55335e-18	1.55335e-18	1.55335e-18	1.55335e-18	1.55335e-18	1.55335e-18	1.55335e-18	1.55335e-18	1.55335e-18	1.55335e-18	1.55335e-18	1.55335e-18	1.55335e-18	1.55335e-18	1.55335e-18	1.55335e-18	1.55335e-18	1.55335e-18	1.55335e-18	1.55335e-18	1.55335e-18	1.55335e-18	1.55335e-18	1.55335e-18	1.55335e-18	1.55335e-18
22.88	1.21992e-32	3.18229e-32	6.18418e-32	1.07763e-31	1.78010e-31	2.85470e-31	4.49854e-31	7.01320e-31	1.08600e-30	1.67445e-30	2.57463e-30	3.95168e-30	6.05820e-30	9.28064e-30	1.42102e-29	2.17511e-29	3.32868e-29	5.09336e-29	7.79289e-29	1.19225e-28	1.82399e-28	2.79040e-28	4.26879e-28	6.53041e-28	9.99020e-28	1.52830e-27	2.33799e-27	3.57667e-27	5.47165e-27	8.37067e-27	1.28058e-26	1.95910e-26	2.99717e-26	4.58536e-26	7.01522e-26	1.07329e-25	1.64211e-25	2.51246e-25	3.84422e-25	5.88207e-25	9.00056e-25	1.37730e-24	2.10769e-24	3.22561e-24	4.93679e-24	7.55634e-24	1.15669e-23	1.77079e-23	2.71123e-23	4.15170e-23	6.35848e-23	9.73999e-23	1.49229e-22	2.28694e-22	3.50571e-22	5.37571e-22	8.24626e-22	1.26551e-21	1.94306e-21	2.98510e-21	4.58900e-21	7.06013e-21	1.08716e-20	1.67582e-20	2.58633e-20	3.99716e-20	6.18772e-20	9.59715e-20	1.49186e-19	2.32521e-19	3.63534e-19	5.70462e-19	8.99102e-19	1.42450e-18	1.71457e-18	1.71671e-18	1.71672e-18	1.71672e-18	1.71672e-18	1.71672e-18	1.71672e-18	1.71672e-18	1.71672e-18	1.71672e-18	1.71672e-18	1.71672e-18	1.71672e-18	1.71672e-18	1.71672e-18	1.71672e-18	1.71672e-18	1.71672e-18	1.71672e-18	1.71672e-18	1.71672e-18	1.71672e-18	1.71672e-18	1.71672e-18	1.71672e-18	1.71672e-18	1.71672e-18	1.71672e-18	1.71672e-18	1.71672e-18	1.71672e-18	1.71672e-18	1.71672e-18	1.71672e-18	1.71672e-18	1.71672e-18	1.71672e-18	1.71672e-18	1.71672e-18	1.71672e-18	1.71672e-18	1.71672e-18	1.71672e-18	1.71672e-18	1.71672e-18	1.71672e-18	1.71672e-18	1.71672e-18	1.71672e-18	1.71672e-18	1.71672e-18	1.71672e-18	1.71672e-18	1.71672e-18	1.71672e-18	1.71672e-18	1.71672e-18	1.71672e-18	1.71672e-18	1.71672e-18	1.71672e-18	1.71672e-18	1.71672e-18	1.71672e-18	1.71672e-18	1.71672e-18	1.71672e-18	1.71672e-18	1.71672e-18	1.71672e-18	1.71672e-18	1.71672e-18	1.71672e-18	1.71672e-18	1.71672e-18	1.71672e-18	1.71672e-18	1.71672e-18	1.71672e-18	1.71672e-18	1.71672e-18	1.71672e-18	1.71672e-18	1.71672e-18	1.71672e-18	1.71672e-18	1.71672e-18	1.71672e-18	1.71672e-18	1.71672e-18	1.71672e-18	1.71672e-18	1.71672e-18	1.71672e-18	1.71672e-18	1.71672e-18	1.71672e-18	1.71672e-18	1.71672e-18	1.71672e-18	1.71672e-18	1.71672e-18	1.71672e-18	1.71672e-18	1.71672e-18	1.71672e-18	1.71672e-18	1.71672e-18	1.71672e-18	1.71672e-18	1.71672e-18	1.71672e-18
22.91	1.04279e-32	2.72021e-32	5.28623e-32	9.21156e-32	1.52163e-31	2.44019e-31	3.84535e-31	5.99487e-31	9.28308e-31	1.43132e-30	2.20079e-30	3.37789e-30	5.17854e-30	7.93308e-30	1.21468e-29	1.85928e-29	2.84535e-29	4.35380e-29	6.66135e-29	1.01914e-28	1.55914e-28	2.38523e-28	3.64896e-28	5.58218e-28	8.53961e-28	1.30639e-27	1.99851e-27	3.05734e-27	4.67716e-27	7.15524e-27	1.09464e-26	1.67463e-26	2.56198e-26	3.91955e-26	5.99660e-26	9.17448e-26	1.40368e-25	2.14765e-25	3.28603e-25	5.02799e-25	7.69366e-25	1.17731e-24	1.80165e-24	2.75724e-24	4.21996e-24	6.45915e-24	9.88736e-24	1.51367e-23	2.31756e-23	3.54887e-23	5.43522e-23	8.32573e-23	1.27561e-22	1.95487e-22	2.99668e-22	4.59515e-22	7.04889e-22	1.08175e-21	1.66093e-21	2.55166e-21	3.92267e-21	6.03499e-21	9.29305e-21	1.43249e-20	2.21079e-20	3.41677e-20	5.28925e-20	8.20363e-20	1.27524e-19	1.98758e-19	3.10748e-19	4.87630e-19	7.68551e-19	1.21766e-18	1.84501e-18	1.90107e-18	1.90122e-18	1.90122e-18	1.90122e-18	1.90122e-18	1.90122e-18	1.90122e-18	1.90122e-18	1.90122e-18	1.90122e-18	1.90122e-18	1.90122e-18	1.90122e-18	1.90122e-18	1.90122e-18	1.90122e-18	1.90122e-18	1.90122e-18	1.90122e-18	1.90122e-18	1.90122e-18	1.90122e-18	1.90122e-18	1.90122e-18	1.90122e-18	1.90122e-18	1.90122e-18	1.90122e-18	1.90122e-18	1.90122e-18	1.90122e-18	1.90122e-18	1.90122e-18	1.90122e-18	1.90122e-18	1.90122e-18	1.90122e-18	1.90122e-18	1.90122e-18	1.90122e-18	1.90122e-18	1.90122e-18	1.90122e-18	1.90122e-18	1.90122e-18	1.90122e-18	1.90122e-18	1.90122e-18	1.90122e-18	1.90122e-18	1.90122e-18	1.90122e-18	1.90122e-18	1.90122e-18	1.90122e-18	1.90122e-18	1.90122e-18	1.90122e-18	1.90122e-18	1.90122e-18	1.90122e-18	1.90122e-18	1.90122e-18	1.90122e-18	1.90122e-18	1.90122e-18	1.90122e-18	1.90122e-18	1.90122e-18	1.90122e-18	1.90122e-18	1.90122e-18	1.90122e-18	1.90122e-18	1.90122e-18	1.90122e-18	1.90122e-18	1.90122e-18	1.90122e-18	1.90122e-18	1.90122e-18	1.90122e-18	1.90122e-18	1.90122e-18	1.90122e-18	1.90122e-18	1.90122e-18	1.90122e-18	1.90122e-18	1.90122e-18	1.90122e-18	1.90122e-18	1.90122e-18	1.90122e-18	1.90122e-18	1.90122e-18	1.90122e-18	1.90122e-18	1.90122e-18	1.90122e-18	1.90122e-18	1.90122e-18	1.90122e-18	1.90122e-18	1.90122e-18	1.90122e-18	1.90122e-18	1.90122e-18	1.90122e-18	1.90122e-18	1.90122e-18
22.95	8.91373e-33	2.32523e-32	4.51866e-32	7.87403e-32	1.30068e-31	2.08587e-31	3.28700e-31	5.12441e-31	7.93516e-31	1.22349e-30	1.88123e-30	2.88741e-30	4.42661e-30	6.78119e-30	1.03831e-29	1.58931e-29	2.43220e-29	3.72162e-29	5.69411e-29	8.71156e-29	1.33275e-28	2.03889e-28	3.11912e-28	4.77164e-28	7.29964e-28	1.11670e-27	1.70832e-27	2.61341e-27	3.99803e-27	6.11629e-27	9.35694e-27	1.43148e-26	2.18997e-26	3.35043e-26	5.12588e-26	7.84233e-26	1.19986e-25	1.83581e-25	2.80889e-25	4.29792e-25	6.57653e-25	1.00636e-24	1.54005e-24	2.35689e-24	3.60722e-24	5.52127e-24	8.45170e-24	1.29388e-23	1.98104e-23	3.03357e-23	4.64601e-23	7.11682e-23	1.09039e-22	1.67102e-22	2.56155e-22	3.92793e-22	6.02538e-22	9.24681e-22	1.41976e-21	2.18115e-21	3.35309e-21	5.15870e-21	7.94369e-21	1.22449e-20	1.88978e-20	2.92065e-20	4.52125e-20	7.01245e-20	1.09007e-19	1.69898e-19	2.65627e-19	4.16825e-19	6.56956e-19	1.04085e-18	1.65950e-18	2.10530e-18	2.11044e-18	2.11045e-18	2.11045e-18	2.11045e-18	2.11045e-18	2.11045e-18	2.11045e-18	2.11045e-18	2.11045e-18	2.11045e-18	2.11045e-18	2.11045e-18	2.11045e-18	2.11045e-18	2.11045e-18	2.11045e-18	2.11045e-18	2.11045e-18	2.11045e-18	2.11045e-18	2.11045e-18	2.11045e-18	2.11045e-18	2.11045e-18	2.11045e-18	2.11045e-18	2.11045e-18	2.11045e-18	2.11045e-18	2.11045e-18	2.11045e-18	2.11045e-18	2.11045e-18	2.11045e-18	2.11045e-18	2.11045e-18	2.11045e-18	2.11045e-18	2.11045e-18	2.11045e-18	2.11045e-18	2.11045e-18	2.11045e-18	2.11045e-18	2.11045e-18	2.11045e-18	2.11045e-18	2.11045e-18	2.11045e-18	2.11045e-18	2.11045e-18	2.11045e-18	2.11045e-18	2.11045e-18	2.11045e-18	2.11045e-18	2.11045e-18	2.11045e-18	2.11045e-18	2.11045e-18	2.11045e-18	2.11045e-18	2.11045e-18	2.11045e-18	2.11045e-18	2.11045e-18	2.11045e-18	2.11045e-18	2.11045e-18	2.11045e-18	2.11045e-18	2.11045e-18	2.11045e-18	2.11045e-18	2.11045e-18	2.11045e-18	2.11045e-18	2.11045e-18	2.11045e-18	2.11045e-18	2.11045e-18	2.11045e-18	2.11045e-18	2.11045e-18	2.11045e-18	2.11045e-18	2.11045e-18	2.11045e-18	2.11045e-18	2.11045e-18	2.11045e-18	2.11045e-18	2.11045e-18	2.11045e-18	2.11045e-18	2.11045e-18	2.11045e-18	2.11045e-18	2.11045e-18	2.11045e-18	2.11045e-18	2.11045e-18	2.11045e-18	2.11045e-18	2.11045e-18	2.11045e-18	2.11045e-18	2.11045e-18	2.11045e-18	2.11045e-18
22.98	7.61944e-33	1.98761e-32	3.86255e-32	6.73071e-32	1.11182e-31	1.78300e-31	2.80972e-31	4.38033e-31	6.78296e-31	1.04584e-30	1.60808e-30	2.46816e-30	3.78386e-30	5.79655e-30	8.87545e-30	1.35854e-29	2.07904e-29	3.18123e-29	4.86732e-29	7.44663e-29	1.13924e-28	1.74284e-28	2.66622e-28	4.07879e-28	6.23972e-28	9.54551e-28	1.46027e-27	2.23394e-27	3.41751e-27	5.22819e-27	7.99829e-27	1.22362e-26	1.87199e-26	2.86394e-26	4.38160e-26	6.70361e-26	1.02564e-25	1.56924e-25	2.40104e-25	3.67385e-25	5.62161e-25	8.60238e-25	1.31643e-24	2.01466e-24	3.08344e-24	4.71957e-24	7.22450e-24	1.10601e-23	1.69339e-23	2.59309e-23	3.97141e-23	6.08345e-23	9.32064e-23	1.42839e-22	2.18961e-22	3.35759e-22	5.15049e-22	7.90416e-22	1.21361e-21	1.86444e-21	2.86622e-21	4.40965e-21	6.79025e-21	1.04669e-20	1.61538e-20	2.49656e-20	3.86475e-20	5.99423e-20	9.31794e-20	1.45229e-19	2.27058e-19	3.56302e-19	5.61565e-19	8.89721e-19	1.41854e-18	2.22791e-18	2.34839e-18	2.34877e-18	2.34877e-18	2.34877e-18	2.34877e-18	2.34877e-18	2.34877e-18	2.34877e-18	2.34877e-18	2.34877e-18	2.34877e-18	2.34877e-18	2.34877e-18	2.34877e-18	2.34877e-18	2.34877e-18	2.34877e-18	2.34877e-18	2.34877e-18	2.34877e-18	2.34877e-18	2.34877e-18	2.34877e-18	2.34877e-18	2.34877e-18	2.34877e-18	2.34877e-18	2.34877e-18	2.34877e-18	2.34877e-18	2.34877e-18	2.34877e-18	2.34877e-18	2.34877e-18	2.34877e-18	2.34877e-18	2.34877e-18	2.34877e-18	2.34877e-18	2.34877e-18	2.34877e-18	2.34877e-18	2.34877e-18	2.34877e-18	2.34877e-18	2.34877e-18	2.34877e-18	2.34877e-18	2.34877e-18	2.34877e-18	2.34877e-18	2.34877e-18	2.34877e-18	2.34877e-18	2.34877e-18	2.34877e-18	2.34877e-18	2.34877e-18	2.34877e-18	2.34877e-18	2.34877e-18	2.34877e-18	2.34877e-18	2.34877e-18	2.34877e-18	2.34877e-18	2.34877e-18	2.34877e-18	2.34877e-18	2.34877e-18	2.34877e-18	2.34877e-18	2.34877e-18	2.34877e-18	2.34877e-18	2.34877e-18	2.34877e-18	2.34877e-18	2.34877e-18	2.34877e-18	2.34877e-18	2.34877e-18	2.34877e-18	2.34877e-18	2.34877e-18	2.34877e-18	2.34877e-18	2.34877e-18	2.34877e-18	2.34877e-18	2.34877e-18	2.34877e-18	2.34877e-18	2.34877e-18	2.34877e-18	2.34877e-18	2.34877e-18	2.34877e-18	2.34877e-18	2.34877e-18	2.34877e-18	2.34877e-18	2.34877e-18	2.34877e-18	2.34877e-18	2.34877e-18	2.34877e-18	2.34877e-18	2.34877e-18	2.34877e-18
23.01	6.51309e-33	1.69900e-32	3.30170e-32	5.75340e-32	9.50385e-32	1.52410e-31	2.40174e-31	3.74430e-31	5.79807e-31	8.93979e-31	1.37458e-30	2.10978e-30	3.23444e-30	4.95488e-30	7.58672e-30	1.16128e-29	1.77716e-29	2.71931e-29	4.16058e-29	6.36536e-29	9.73817e-29	1.48978e-28	2.27908e-28	3.48654e-28	5.33371e-28	8.15949e-28	1.24824e-27	1.90956e-27	2.92128e-27	4.46905e-27	6.83693e-27	1.04595e-26	1.60017e-26	2.44809e-26	3.74538e-26	5.73024e-26	8.76714e-26	1.34139e-25	2.05240e-25	3.14040e-25	4.80534e-25	7.35330e-25	1.12528e-24	1.72213e-24	2.63572e-24	4.03428e-24	6.17549e-24	9.45412e-24	1.44751e-23	2.21657e-23	3.39475e-23	5.20012e-23	7.96727e-23	1.22098e-22	1.87168e-22	2.87006e-22	4.40263e-22	6.75646e-22	1.03739e-21	1.59372e-21	2.45004e-21	3.76936e-21	5.80430e-21	8.94710e-21	1.38083e-20	2.13406e-20	3.30359e-20	5.12386e-20	7.96496e-20	1.24141e-19	1.94088e-19	3.04566e-19	4.80025e-19	7.60532e-19	1.21256e-18	1.94808e-18	2.60925e-18	2.62159e-18	2.62162e-18	2.62162e-18	2.62162e-18	2.62162e-18	2.62162e-18	2.62162e-18	2.62162e-18	2.62162e-18	2.62162e-18	2.62162e-18	2.62162e-18	2.62162e-18	2.62162e-18	2.62162e-18	2.62162e-18	2.62162e-18	2.62162e-18	2.62162e-18	2.62162e-18	2.62162e-18	2.62162e-18	2.62162e-18	2.62162e-18	2.62162e-18	2.62162e-18	2.62162e-18	2.62162e-18	2.62162e-18	2.62162e-18	2.62162e-18	2.62162e-18	2.62162e-18	2.62162e-18	2.62162e-18	2.62162e-18	2.62162e-18	2.62162e-18	2.62162e-18	2.62162e-18	2.62162e-18	2.62162e-18	2.62162e-18	2.62162e-18	2.62162e-18	2.62162e-18	2.62162e-18	2.62162e-18	2.62162e-18	2.62162e-18	2.62162e-18	2.62162e-18	2.62162e-18	2.62162e-18	2.62162e-18	2.62162e-18	2.62162e-18	2.62162e-18	2.62162e-18	2.62162e-18	2.62162e-18	2.62162e-18	2.62162e-18	2.62162e-18	2.62162e-18	2.62162e-18	2.62162e-18	2.62162e-18	2.62162e-18	2.62162e-18	2.62162e-18	2.62162e-18	2.62162e-18	2.62162e-18	2.62162e-18	2.62162e-18	2.62162e-18	2.62162e-18	2.62162e-18	2.62162e-18	2.62162e-18	2.62162e-18	2.62162e-18	2.62162e-18	2.62162e-18	2.62162e-18	2.62162e-18	2.62162e-18	2.62162e-18	2.62162e-18	2.62162e-18	2.62162e-18	2.62162e-18	2.62162e-18	2.62162e-18	2.62162e-18	2.62162e-18	2.62162e-18	2.62162e-18	2.62162e-18	2.62162e-18	2.62162e-18	2.62162e-18	2.62162e-18	2.62162e-18	2.62162e-18	2.62162e-18	2.62162e-18	2.62162e-18
23.05	5.56738e-33	1.45231e-32	2.82229e-32	4.91799e-32	8.12387e-32	1.30280e-31	2.05301e-31	3.20062e-31	4.95618e-31	7.64172e-31	1.17499e-30	1.80343e-30	2.76479e-30	4.23542e-30	6.48512e-30	9.92658e-30	1.51912e-29	2.32447e-29	3.55646e-29	5.44110e-29	8.32417e-29	1.27346e-28	1.94816e-28	2.98029e-28	4.55924e-28	6.97472e-28	1.06699e-27	1.63229e-27	2.49711e-27	3.82014e-27	5.84420e-27	8.94077e-27	1.36782e-26	2.09263e-26	3.20155e-26	4.89820e-26	7.49414e-26	1.14662e-25	1.75439e-25	2.68441e-25	4.10760e-25	6.28559e-25	9.61890e-25	1.47208e-24	2.25301e-24	3.44850e-24	5.27880e-24	8.08137e-24	1.23733e-23	1.89472e-23	2.90183e-23	4.44506e-23	6.81041e-23	1.04370e-22	1.59991e-22	2.45332e-22	3.76336e-22	5.77541e-22	8.86759e-22	1.36231e-21	2.09429e-21	3.22204e-21	4.96150e-21	7.64797e-21	1.18033e-20	1.82419e-20	2.82390e-20	4.37986e-20	6.80844e-20	1.06116e-19	1.65907e-19	2.60343e-19	4.10325e-19	6.50102e-19	1.03650e-18	1.66521e-18	2.68574e-18	2.93477e-18	2.93573e-18	2.93573e-18	2.93573e-18	2.93573e-18	2.93573e-18	2.93573e-18	2.93573e-18	2.93573e-18	2.93573e-18	2.93573e-18	2.93573e-18	2.93573e-18	2.93573e-18	2.93573e-18	2.93573e-18	2.93573e-18	2.93573e-18	2.93573e-18	2.93573e-18	2.93573e-18	2.93573e-18	2.93573e-18	2.93573e-18	2.93573e-18	2.93573e-18	2.93573e-18	2.93573e-18	2.93573e-18	2.93573e-18	2.93573e-18	2.93573e-18	2.93573e-18	2.93573e-18	2.93573e-18	2.93573e-18	2.93573e-18	2.93573e-18	2.93573e-18	2.93573e-18	2.93573e-18	2.93573e-18	2.93573e-18	2.93573e-18	2.93573e-18	2.93573e-18	2.93573e-18	2.93573e-18	2.93573e-18	2.93573e-18	2.93573e-18	2.93573e-18	2.93573e-18	2.93573e-18	2.93573e-18	2.93573e-18	2.93573e-18	2.93573e-18	2.93573e-18	2.93573e-18	2.93573e-18	2.93573e-18	2.93573e-18	2.93573e-18	2.93573e-18	2.93573e-18	2.93573e-18	2.93573e-18	2.93573e-18	2.93573e-18	2.93573e-18	2.93573e-18	2.93573e-18	2.93573e-18	2.93573e-18	2.93573e-18	2.93573e-18	2.93573e-18	2.93573e-18	2.93573e-18	2.93573e-18	2.93573e-18	2.93573e-18	2.93573e-18	2.93573e-18	2.93573e-18	2.93573e-18	2.93573e-18	2.93573e-18	2.93573e-18	2.93573e-18	2.93573e-18	2.93573e-18	2.93573e-18	2.93573e-18	2.93573e-18	2.93573e-18	2.93573e-18	2.93573e-18	2.93573e-18	2.93573e-18	2.93573e-18	2.93573e-18	2.93573e-18	2.93573e-18	2.93573e-18	2.93573e-18	2.93573e-18	2.93573e-18
23.08	4.75898e-33	1.24143e-32	2.41249e-32	4.20389e-32	6.94427e-32	1.11363e-31	1.75491e-31	2.73589e-31	4.23653e-31	6.53213e-31	1.00438e-30	1.54157e-30	2.36334e-30	3.62043e-30	5.54347e-30	8.48522e-30	1.29854e-29	1.98695e-29	3.04005e-29	4.65105e-29	7.11549e-29	1.08855e-28	1.66528e-28	2.54755e-28	3.89723e-28	5.96198e-28	9.12064e-28	1.39528e-27	2.13452e-27	3.26545e-27	4.99561e-27	7.64256e-27	1.16921e-26	1.78877e-26	2.73668e-26	4.18697e-26	6.40598e-26	9.80125e-26	1.49965e-25	2.29463e-25	3.51117e-25	5.37291e-25	8.22222e-25	1.25833e-24	1.92587e-24	2.94777e-24	4.51231e-24	6.90794e-24	1.05767e-23	1.61960e-23	2.48048e-23	3.79963e-23	5.82153e-23	8.92149e-23	1.36760e-22	2.09710e-22	3.21692e-22	4.93681e-22	7.58000e-22	1.16450e-21	1.79020e-21	2.75420e-21	4.24109e-21	6.53747e-21	1.00894e-20	1.55932e-20	2.41387e-20	3.74390e-20	5.81984e-20	9.07076e-20	1.41817e-19	2.22541e-19	3.50745e-19	5.55706e-19	8.85996e-19	1.42342e-18	2.30831e-18	3.26984e-18	3.29958e-18	3.29964e-18	3.29964e-18	3.29964e-18	3.29964e-18	3.29964e-18	3.29964e-18	3.29964e-18	3.29964e-18	3.29964e-18	3.29964e-18	3.29964e-18	3.29964e-18	3.29964e-18	3.29964e-18	3.29964e-18	3.29964e-18	3.29964e-18	3.29964e-18	3.29964e-18	3.29964e-18	3.29964e-18	3.29964e-18	3.29964e-18	3.29964e-18	3.29964e-18	3.29964e-18	3.29964e-18	3.29964e-18	3.29964e-18	3.29964e-18	3.29964e-18	3.29964e-18	3.29964e-18	3.29964e-18	3.29964e-18	3.29964e-18	3.29964e-18	3.29964e-18	3.29964e-18	3.29964e-18	3.29964e-18	3.29964e-18	3.29964e-18	3.29964e-18	3.29964e-18	3.29964e-18	3.29964e-18	3.29964e-18	3.29964e-18	3.29964e-18	3.29964e-18	3.29964e-18	3.29964e-18	3.29964e-18	3.29964e-18	3.29964e-18	3.29964e-18	3.29964e-18	3.29964e-18	3.29964e-18	3.29964e-18	3.29964e-18	3.29964e-18	3.29964e-18	3.29964e-18	3.29964e-18	3.29964e-18	3.29964e-18	3.29964e-18	3.29964e-18	3.29964e-18	3.29964e-18	3.29964e-18	3.29964e-18	3.29964e-18	3.29964e-18	3.29964e-18	3.29964e-18	3.29964e-18	3.29964e-18	3.29964e-18	3.29964e-18	3.29964e-18	3.29964e-18	3.29964e-18	3.29964e-18	3.29964e-18	3.29964e-18	3.29964e-18	3.29964e-18	3.29964e-18	3.29964e-18	3.29964e-18	3.29964e-18	3.29964e-18	3.29964e-18	3.29964e-18	3.29964e-18	3.29964e-18	3.29964e-18	3.29964e-18	3.29964e-18	3.29964e-18	3.29964e-18	3.29964e-18	3.29964e-18	3.29964e-18
23.12	4.06797e-33	1.06117e-32	2.06219e-32	3.59348e-32	5.93595e-32	9.51932e-32	1.50009e-31	2.33863e-31	3.62138e-31	5.58365e-31	8.58541e-31	1.31773e-30	2.02018e-30	3.09474e-30	4.73855e-30	7.25316e-30	1.10999e-29	1.69844e-29	2.59863e-29	3.97571e-29	6.08231e-29	9.30492e-29	1.42348e-28	2.17764e-28	3.33135e-28	5.09629e-28	7.79631e-28	1.19268e-27	1.82459e-27	2.79130e-27	4.27024e-27	6.53285e-27	9.99442e-27	1.52904e-26	2.33931e-26	3.57902e-26	5.47582e-26	8.37810e-26	1.28190e-25	1.96145e-25	3.00134e-25	4.59276e-25	7.02834e-25	1.07562e-24	1.64623e-24	2.51975e-24	3.85712e-24	5.90490e-24	9.04092e-24	1.38443e-23	2.12031e-23	3.24792e-23	4.97623e-23	7.62608e-23	1.16902e-22	1.79260e-22	2.74981e-22	4.21998e-22	6.47937e-22	9.95415e-22	1.53026e-21	2.35428e-21	3.62527e-21	5.58822e-21	8.62443e-21	1.33290e-20	2.06337e-20	3.20028e-20	4.97479e-20	7.75367e-20	1.21225e-19	1.90227e-19	2.99816e-19	4.75017e-19	7.57348e-19	1.21674e-18	1.97314e-18	3.23674e-18	3.72173e-18	3.72423e-18	3.72423e-18	3.72423e-18	3.72423e-18	3.72423e-18	3.72423e-18	3.72423e-18	3.72423e-18	3.72423e-18	3.72423e-18	3.72423e-18	3.72423e-18	3.72423e-18	3.72423e-18	3.72423e-18	3.72423e-18	3.72423e-18	3.72423e-18	3.72423e-18	3.72423e-18	3.72423e-18	3.72423e-18	3.72423e-18	3.72423e-18	3.72423e-18	3.72423e-18	3.72423e-18	3.72423e-18	3.72423e-18	3.72423e-18	3.72423e-18	3.72423e-18	3.72423e-18	3.72423e-18	3.72423e-18	3.72423e-18	3.72423e-18	3.72423e-18	3.72423e-18	3.72423e-18	3.72423e-18	3.72423e-18	3.72423e-18	3.72423e-18	3.72423e-18	3.72423e-18	3.72423e-18	3.72423e-18	3.72423e-18	3.72423e-18	3.72423e-18	3.72423e-18	3.72423e-18	3.72423e-18	3.72423e-18	3.72423e-18	3.72423e-18	3.72423e-18	3.72423e-18	3.72423e-18	3.72423e-18	3.72423e-18	3.72423e-18	3.72423e-18	3.72423e-18	3.72423e-18	3.72423e-18	3.72423e-18	3.72423e-18	3.72423e-18	3.72423e-18	3.72423e-18	3.72423e-18	3.72423e-18	3.72423e-18	3.72423e-18	3.72423e-18	3.72423e-18	3.72423e-18	3.72423e-18	3.72423e-18	3.72423e-18	3.72423e-18	3.72423e-18	3.72423e-18	3.72423e-18	3.72423e-18	3.72423e-18	3.72423e-18	3.72423e-18	3.72423e-18	3.72423e-18	3.72423e-18	3.72423e-18	3.72423e-18	3.72423e-18	3.72423e-18	3.72423e-18	3.72423e-18	3.72423e-18	3.72423e-18	3.72423e-18	3.72423e-18	3.72423e-18	3.72423e-18	3.72423e-18	3.72423e-18
23.15	3.47730e-33	9.07087e-33	1.76276e-32	3.07170e-32	5.07404e-32	8.13710e-32	1.28228e-31	1.99906e-31	3.09555e-31	4.77290e-31	7.33880e-31	1.12640e-30	1.72685e-30	2.64538e-30	4.05050e-30	6.19999e-30	9.48816e-30	1.45183e-29	2.22131e-29	3.39843e-29	5.19915e-29	7.95383e-29	1.21679e-28	1.86144e-28	2.84763e-28	4.35630e-28	6.66427e-28	1.01950e-27	1.55965e-27	2.38600e-27	3.65019e-27	5.58427e-27	8.54322e-27	1.30702e-26	1.99964e-26	3.05934e-26	4.68072e-26	7.16158e-26	1.09577e-25	1.67664e-25	2.56554e-25	3.92588e-25	6.00782e-25	9.19435e-25	1.40720e-24	2.15388e-24	3.29706e-24	5.04750e-24	7.72817e-24	1.18341e-23	1.81244e-23	2.77631e-23	4.25368e-23	6.51876e-23	9.99277e-23	1.53231e-22	2.35054e-22	3.60723e-22	5.53856e-22	8.50880e-22	1.30806e-21	2.01244e-21	3.09888e-21	4.77680e-21	7.37215e-21	1.13936e-20	1.76376e-20	2.73560e-20	4.25244e-20	6.62783e-20	1.03623e-19	1.62606e-19	2.56282e-19	4.06043e-19	6.47380e-19	1.04007e-18	1.68664e-18	2.76703e-18	4.15155e-18	4.22342e-18	4.22360e-18	4.22360e-18	4.22360e-18	4.22360e-18	4.22360e-18	4.22360e-18	4.22360e-18	4.22360e-18	4.22360e-18	4.22360e-18	4.22360e-18	4.22360e-18	4.22360e-18	4.22360e-18	4.22360e-18	4.22360e-18	4.22360e-18	4.22360e-18	4.22360e-18	4.22360e-18	4.22360e-18	4.22360e-18	4.22360e-18	4.22360e-18	4.22360e-18	4.22360e-18	4.22360e-18	4.22360e-18	4.22360e-18	4.22360e-18	4.22360e-18	4.22360e-18	4.22360e-18	4.22360e-18	4.22360e-18	4.22360e-18	4.22360e-18	4.22360e-18	4.22360e-18	4.22360e-18	4.22360e-18	4.22360e-18	4.22360e-18	4.22360e-18	4.22360e-18	4.22360e-18	4.22360e-18	4.22360e-18	4.22360e-18	4.22360e-18	4.22360e-18	4.22360e-18	4.22360e-18	4.22360e-18	4.22360e-18	4.22360e-18	4.22360e-18	4.22360e-18	4.22360e-18	4.22360e-18	4.22360e-18	4.22360e-18	4.22360e-18	4.22360e-18	4.22360e-18	4.22360e-18	4.22360e-18	4.22360e-18	4.22360e-18	4.22360e-18	4.22360e-18	4.22360e-18	4.22360e-18	4.22360e-18	4.22360e-18	4.22360e-18	4.22360e-18	4.22360e-18	4.22360e-18	4.22360e-18	4.22360e-18	4.22360e-18	4.22360e-18	4.22360e-18	4.22360e-18	4.22360e-18	4.22360e-18	4.22360e-18	4.22360e-18	4.22360e-18	4.22360e-18	4.22360e-18	4.22360e-18	4.22360e-18	4.22360e-18	4.22360e-18	4.22360e-18	4.22360e-18	4.22360e-18	4.22360e-18	4.22360e-18	4.22360e-18	4.22360e-18	4.22360e-18	4.22360e-18	4.22360e-18
23.18	2.97239e-33	7.75377e-33	1.50680e-32	2.62569e-32	4.33729e-32	6.95558e-32	1.09609e-31	1.70879e-31	2.64607e-31	4.07987e-31	6.27319e-31	9.62842e-31	1.47611e-30	2.26127e-30	3.46236e-30	5.29974e-30	8.11046e-30	1.24102e-29	1.89877e-29	2.90497e-29	4.44422e-29	6.79892e-29	1.04011e-28	1.59116e-28	2.43415e-28	3.72376e-28	5.69661e-28	8.71471e-28	1.33319e-27	2.03955e-27	3.12018e-27	4.77342e-27	7.30273e-27	1.11724e-26	1.70929e-26	2.61512e-26	4.00107e-26	6.12171e-26	9.36658e-26	1.43319e-25	2.19302e-25	3.35584e-25	5.13547e-25	7.85932e-25	1.20287e-24	1.84113e-24	2.81832e-24	4.31459e-24	6.60602e-24	1.01158e-23	1.54927e-23	2.37319e-23	3.63604e-23	5.57222e-23	8.54180e-23	1.30981e-22	2.00924e-22	3.08346e-22	4.73435e-22	7.27331e-22	1.11813e-21	1.72023e-21	2.64892e-21	4.08320e-21	6.30170e-21	9.73924e-21	1.50766e-20	2.33838e-20	3.63498e-20	5.66546e-20	8.85765e-20	1.38995e-19	2.19070e-19	3.47085e-19	5.53379e-19	8.89046e-19	1.44173e-18	2.36525e-18	3.93734e-18	4.80975e-18	4.81630e-18	4.81631e-18	4.81631e-18	4.81631e-18	4.81631e-18	4.81631e-18	4.81631e-18	4.81631e-18	4.81631e-18	4.81631e-18	4.81631e-18	4.81631e-18	4.81631e-18	4.81631e-18	4.81631e-18	4.81631e-18	4.81631e-18	4.81631e-18	4.81631e-18	4.81631e-18	4.81631e-18	4.81631e-18	4.81631e-18	4.81631e-18	4.81631e-18	4.81631e-18	4.81631e-18	4.81631e-18	4.81631e-18	4.81631e-18	4.81631e-18	4.81631e-18	4.81631e-18	4.81631e-18	4.81631e-18	4.81631e-18	4.81631e-18	4.81631e-18	4.81631e-18	4.81631e-18	4.81631e-18	4.81631e-18	4.81631e-18	4.81631e-18	4.81631e-18	4.81631e-18	4.81631e-18	4.81631e-18	4.81631e-18	4.81631e-18	4.81631e-18	4.81631e-18	4.81631e-18	4.81631e-18	4.81631e-18	4.81631e-18	4.81631e-18	4.81631e-18	4.81631e-18	4.81631e-18	4.81631e-18	4.81631e-18	4.81631e-18	4.81631e-18	4.81631e-18	4.81631e-18	4.81631e-18	4.81631e-18	4.81631e-18	4.81631e-18	4.81631e-18	4.81631e-18	4.81631e-18	4.81631e-18	4.81631e-18	4.81631e-18	4.81631e-18	4.81631e-18	4.81631e-18	4.81631e-18	4.81631e-18	4.81631e-18	4.81631e-18	4.81631e-18	4.81631e-18	4.81631e-18	4.81631e-18	4.81631e-18	4.81631e-18	4.81631e-18	4.81631e-18	4.81631e-18	4.81631e-18	4.81631e-18	4.81631e-18	4.81631e-18	4.81631e-18	4.81631e-18	4.81631e-18	4.81631e-18	4.81631e-18	4.81631e-18	4.81631e-18	4.81631e-18	4.81631e-18	4.81631e-18
23.22	2.54079e-33	6.62791e-33	1.28801e-32	2.24443e-32	3.70750e-32	5.94562e-32	9.36934e-32	1.46067e-31	2.26186e-31	3.48746e-31	5.36232e-31	8.23036e-31	1.26177e-30	1.93293e-30	2.95962e-30	4.53021e-30	6.93281e-30	1.06082e-29	1.62307e-29	2.48317e-29	3.79892e-29	5.81171e-29	8.89083e-29	1.36012e-28	2.08071e-28	3.18306e-28	4.86945e-28	7.44932e-28	1.13961e-27	1.74340e-27	2.66713e-27	4.08031e-27	6.24236e-27	9.55015e-27	1.46110e-26	2.23540e-26	3.42011e-26	5.23283e-26	8.00654e-26	1.22509e-25	1.87459e-25	2.86856e-25	4.38979e-25	6.71813e-25	1.02821e-24	1.57380e-24	2.40910e-24	3.68811e-24	5.64682e-24	8.64695e-24	1.32431e-23	2.02860e-23	3.10808e-23	4.76313e-23	7.30152e-23	1.11963e-22	1.71749e-22	2.63573e-22	4.04692e-22	6.21721e-22	9.55775e-22	1.47045e-21	2.26429e-21	3.49032e-21	5.38669e-21	8.32509e-21	1.28875e-20	1.99885e-20	3.10718e-20	4.84282e-20	7.57150e-20	1.18813e-19	1.87261e-19	2.96688e-19	4.73028e-19	7.59955e-19	1.23239e-18	2.02182e-18	3.36563e-18	5.35225e-18	5.52670e-18	5.52722e-18	5.52722e-18	5.52722e-18	5.52722e-18	5.52722e-18	5.52722e-18	5.52722e-18	5.52722e-18	5.52722e-18	5.52722e-18	5.52722e-18	5.52722e-18	5.52722e-18	5.52722e-18	5.52722e-18	5.52722e-18	5.52722e-18	5.52722e-18	5.52722e-18	5.52722e-18	5.52722e-18	5.52722e-18	5.52722e-18	5.52722e-18	5.52722e-18	5.52722e-18	5.52722e-18	5.52722e-18	5.52722e-18	5.52722e-18	5.52722e-18	5.52722e-18	5.52722e-18	5.52722e-18	5.52722e-18	5.52722e-18	5.52722e-18	5.52722e-18	5.52722e-18	5.52722e-18	5.52722e-18	5.52722e-18	5.52722e-18	5.52722e-18	5.52722e-18	5.52722e-18	5.52722e-18	5.52722e-18	5.52722e-18	5.52722e-18	5.52722e-18	5.52722e-18	5.52722e-18	5.52722e-18	5.52722e-18	5.52722e-18	5.52722e-18	5.52722e-18	5.52722e-18	5.52722e-18	5.52722e-18	5.52722e-18	5.52722e-18	5.52722e-18	5.52722e-18	5.52722e-18	5.52722e-18	5.52722e-18	5.52722e-18	5.52722e-18	5.52722e-18	5.52722e-18	5.52722e-18	5.52722e-18	5.52722e-18	5.52722e-18	5.52722e-18	5.52722e-18	5.52722e-18	5.52722e-18	5.52722e-18	5.52722e-18	5.52722e-18	5.52722e-18	5.52722e-18	5.52722e-18	5.52722e-18	5.52722e-18	5.52722e-18	5.52722e-18	5.52722e-18	5.52722e-18	5.52722e-18	5.52722e-18	5.52722e-18	5.52722e-18	5.52722e-18	5.52722e-18	5.52722e-18	5.52722e-18	5.52722e-18	5.52722e-18	5.52722e-18	5.52722e-18	5.52722e-18
23.25	2.17187e-33	5.66553e-33	1.10099e-32	1.91854e-32	3.16917e-32	5.08231e-32	8.00890e-32	1.24858e-31	1.93343e-31	2.98108e-31	4.58370e-31	7.03530e-31	1.07856e-30	1.65226e-30	2.52988e-30	3.87241e-30	5.92616e-30	9.06787e-30	1.38739e-29	2.12261e-29	3.24731e-29	4.96784e-29	7.59987e-29	1.16263e-28	1.77859e-28	2.72088e-28	4.16240e-28	6.36767e-28	9.74135e-28	1.49026e-27	2.27985e-27	3.48785e-27	5.33596e-27	8.16346e-27	1.24894e-26	1.91081e-26	2.92351e-26	4.47301e-26	6.84398e-26	1.04720e-25	1.60240e-25	2.45204e-25	3.75239e-25	5.74265e-25	8.78913e-25	1.34528e-24	2.05929e-24	3.15259e-24	4.82689e-24	7.39140e-24	1.13202e-23	1.73404e-23	2.65678e-23	4.07151e-23	6.24133e-23	9.57056e-23	1.46811e-22	2.25302e-22	3.45930e-22	5.31446e-22	8.16995e-22	1.25694e-21	1.93551e-21	2.98352e-21	4.60453e-21	7.11627e-21	1.10162e-20	1.70861e-20	2.65601e-20	4.13964e-20	6.47211e-20	1.01561e-19	1.60070e-19	2.53608e-19	4.04343e-19	6.49609e-19	1.05345e-18	1.72824e-18	2.87694e-18	4.87954e-18	6.37253e-18	6.39025e-18	6.39029e-18	6.39029e-18	6.39029e-18	6.39029e-18	6.39029e-18	6.39029e-18	6.39029e-18	6.39029e-18	6.39029e-18	6.39029e-18	6.39029e-18	6.39029e-18	6.39029e-18	6.39029e-18	6.39029e-18	6.39029e-18	6.39029e-18	6.39029e-18	6.39029e-18	6.39029e-18	6.39029e-18	6.39029e-18	6.39029e-18	6.39029e-18	6.39029e-18	6.39029e-18	6.39029e-18	6.39029e-18	6.39029e-18	6.39029e-18	6.39029e-18	6.39029e-18	6.39029e-18	6.39029e-18	6.39029e-18	6.39029e-18	6.39029e-18	6.39029e-18	6.39029e-18	6.39029e-18	6.39029e-18	6.39029e-18	6.39029e-18	6.39029e-18	6.39029e-18	6.39029e-18	6.39029e-18	6.39029e-18	6.39029e-18	6.39029e-18	6.39029e-18	6.39029e-18	6.39029e-18	6.39029e-18	6.39029e-18	6.39029e-18	6.39029e-18	6.39029e-18	6.39029e-18	6.39029e-18	6.39029e-18	6.39029e-18	6.39029e-18	6.39029e-18	6.39029e-18	6.39029e-18	6.39029e-18	6.39029e-18	6.39029e-18	6.39029e-18	6.39029e-18	6.39029e-18	6.39029e-18	6.39029e-18	6.39029e-18	6.39029e-18	6.39029e-18	6.39029e-18	6.39029e-18	6.39029e-18	6.39029e-18	6.39029e-18	6.39029e-18	6.39029e-18	6.39029e-18	6.39029e-18	6.39029e-18	6.39029e-18	6.39029e-18	6.39029e-18	6.39029e-18	6.39029e-18	6.39029e-18	6.39029e-18	6.39029e-18	6.39029e-18	6.39029e-18	6.39029e-18	6.39029e-18	6.39029e-18	6.39029e-18	6.39029e-18	6.39029e-18	6.39029e-18
23.29	1.85651e-33	4.84288e-33	9.41125e-33	1.63996e-32	2.70900e-32	4.34435e-32	6.84600e-32	1.06729e-31	1.65270e-31	2.54822e-31	3.91814e-31	6.01376e-31	9.21952e-31	1.41235e-30	2.16254e-30	3.31013e-30	5.06567e-30	7.75121e-30	1.18594e-29	1.81440e-29	2.77579e-29	4.24650e-29	6.49635e-29	9.93814e-29	1.52033e-28	2.32580e-28	3.55801e-28	5.44307e-28	8.32689e-28	1.27387e-27	1.94882e-27	2.98141e-27	4.56117e-27	6.97811e-27	1.06759e-26	1.63336e-26	2.49901e-26	3.82353e-26	5.85022e-26	8.95149e-26	1.36973e-25	2.09600e-25	3.20754e-25	4.90881e-25	7.51293e-25	1.14994e-24	1.76028e-24	2.69483e-24	4.12602e-24	6.31816e-24	9.67649e-24	1.48226e-23	2.27101e-23	3.48032e-23	5.33508e-23	8.18090e-23	1.25494e-22	1.92588e-22	2.95700e-22	4.54279e-22	6.98366e-22	1.07443e-21	1.65447e-21	2.55031e-21	3.93595e-21	6.08298e-21	9.41663e-21	1.46052e-20	2.27035e-20	3.53856e-20	5.53235e-20	8.68143e-20	1.36828e-19	2.16784e-19	3.45632e-19	5.55284e-19	9.00485e-19	1.47730e-18	2.45920e-18	4.17103e-18	7.02613e-18	7.45149e-18	7.45301e-18	7.45301e-18	7.45301e-18	7.45301e-18	7.45301e-18	7.45301e-18	7.45301e-18	7.45301e-18	7.45301e-18	7.45301e-18	7.45301e-18	7.45301e-18	7.45301e-18	7.45301e-18	7.45301e-18	7.45301e-18	7.45301e-18	7.45301e-18	7.45301e-18	7.45301e-18	7.45301e-18	7.45301e-18	7.45301e-18	7.45301e-18	7.45301e-18	7.45301e-18	7.45301e-18	7.45301e-18	7.45301e-18	7.45301e-18	7.45301e-18	7.45301e-18	7.45301e-18	7.45301e-18	7.45301e-18	7.45301e-18	7.45301e-18	7.45301e-18	7.45301e-18	7.45301e-18	7.45301e-18	7.45301e-18	7.45301e-18	7.45301e-18	7.45301e-18	7.45301e-18	7.45301e-18	7.45301e-18	7.45301e-18	7.45301e-18	7.45301e-18	7.45301e-18	7.45301e-18	7.45301e-18	7.45301e-18	7.45301e-18	7.45301e-18	7.45301e-18	7.45301e-18	7.45301e-18	7.45301e-18	7.45301e-18	7.45301e-18	7.45301e-18	7.45301e-18	7.45301e-18	7.45301e-18	7.45301e-18	7.45301e-18	7.45301e-18	7.45301e-18	7.45301e-18	7.45301e-18	7.45301e-18	7.45301e-18	7.45301e-18	7.45301e-18	7.45301e-18	7.45301e-18	7.45301e-18	7.45301e-18	7.45301e-18	7.45301e-18	7.45301e-18	7.45301e-18	7.45301e-18	7.45301e-18	7.45301e-18	7.45301e-18	7.45301e-18	7.45301e-18	7.45301e-18	7.45301e-18	7.45301e-18	7.45301e-18	7.45301e-18	7.45301e-18	7.45301e-18	7.45301e-18	7.45301e-18	7.45301e-18	7.45301e-18	7.45301e-18	7.45301e-18
23.32	1.58694e-33	4.13969e-33	8.04472e-33	1.40184e-32	2.31565e-32	3.71354e-32	5.85195e-32	9.12314e-32	1.41272e-31	2.17821e-31	3.34922e-31	5.14055e-31	7.88083e-31	1.20728e-30	1.84853e-30	2.82950e-30	4.33013e-30	6.62572e-30	1.01374e-29	1.55095e-29	2.37274e-29	3.62990e-29	5.55307e-29	8.49510e-29	1.29958e-28	1.98809e-28	3.04138e-28	4.65273e-28	7.11782e-28	1.08890e-27	1.66585e-27	2.54850e-27	3.89888e-27	5.96488e-27	9.12577e-27	1.39619e-26	2.13615e-26	3.26834e-26	5.00076e-26	7.65172e-26	1.17084e-25	1.79166e-25	2.74180e-25	4.19604e-25	6.42205e-25	9.82970e-25	1.50468e-24	2.30353e-24	3.52692e-24	5.40075e-24	8.27145e-24	1.26703e-23	1.94126e-23	2.97498e-23	4.56042e-23	6.99302e-23	1.07272e-22	1.64624e-22	2.52764e-22	3.88317e-22	5.96962e-22	9.18419e-22	1.41424e-21	2.18000e-21	3.36444e-21	5.19972e-21	8.04932e-21	1.24845e-20	1.94069e-20	3.02475e-20	4.72904e-20	7.42088e-20	1.16960e-19	1.85307e-19	2.95446e-19	4.74656e-19	7.69733e-19	1.26279e-18	2.10212e-18	3.56539e-18	6.19791e-18	8.73363e-18	8.78355e-18	8.78368e-18	8.78368e-18	8.78368e-18	8.78368e-18	8.78368e-18	8.78368e-18	8.78368e-18	8.78368e-18	8.78368e-18	8.78368e-18	8.78368e-18	8.78368e-18	8.78368e-18	8.78368e-18	8.78368e-18	8.78368e-18	8.78368e-18	8.78368e-18	8.78368e-18	8.78368e-18	8.78368e-18	8.78368e-18	8.78368e-18	8.78368e-18	8.78368e-18	8.78368e-18	8.78368e-18	8.78368e-18	8.78368e-18	8.78368e-18	8.78368e-18	8.78368e-18	8.78368e-18	8.78368e-18	8.78368e-18	8.78368e-18	8.78368e-18	8.78368e-18	8.78368e-18	8.78368e-18	8.78368e-18	8.78368e-18	8.78368e-18	8.78368e-18	8.78368e-18	8.78368e-18	8.78368e-18	8.78368e-18	8.78368e-18	8.78368e-18	8.78368e-18	8.78368e-18	8.78368e-18	8.78368e-18	8.78368e-18	8.78368e-18	8.78368e-18	8.78368e-18	8.78368e-18	8.78368e-18	8.78368e-18	8.78368e-18	8.78368e-18	8.78368e-18	8.78368e-18	8.78368e-18	8.78368e-18	8.78368e-18	8.78368e-18	8.78368e-18	8.78368e-18	8.78368e-18	8.78368e-18	8.78368e-18	8.78368e-18	8.78368e-18	8.78368e-18	8.78368e-18	8.78368e-18	8.78368e-18	8.78368e-18	8.78368e-18	8.78368e-18	8.78368e-18	8.78368e-18	8.78368e-18	8.78368e-18	8.78368e-18	8.78368e-18	8.78368e-18	8.78368e-18	8.78368e-18	8.78368e-18	8.78368e-18	8.78368e-18	8.78368e-18	8.78368e-18	8.78368e-18	8.78368e-18	8.78368e-18	8.78368e-18	8.78368e-18	8.78368e-18
23.35	1.35651e-33	3.53860e-33	6.87661e-33	1.19829e-32	1.97941e-32	3.17433e-32	5.00223e-32	7.79845e-32	1.20759e-31	1.86193e-31	2.86291e-31	4.39414e-31	6.73652e-31	1.03198e-30	1.58012e-30	2.41865e-30	3.70139e-30	5.66365e-30	8.66545e-30	1.32575e-29	2.02822e-29	3.10284e-29	4.74676e-29	7.26160e-29	1.11088e-28	1.69942e-28	2.59977e-28	3.97715e-28	6.08430e-28	9.30792e-28	1.42396e-27	2.17845e-27	3.33276e-27	5.09877e-27	7.80070e-27	1.19347e-26	1.82598e-26	2.79377e-26	4.27464e-26	6.54067e-26	1.00083e-25	1.53151e-25	2.34368e-25	3.58677e-25	5.48955e-25	8.40241e-25	1.28620e-24	1.96906e-24	3.01480e-24	4.61656e-24	7.07042e-24	1.08306e-23	1.65938e-23	2.54300e-23	3.89824e-23	5.97762e-23	9.16958e-23	1.40720e-22	2.16062e-22	3.31933e-22	5.10282e-22	7.85063e-22	1.20889e-21	1.86346e-21	2.87592e-21	4.44471e-21	6.88054e-21	1.06717e-20	1.65890e-20	2.58555e-20	4.04238e-20	6.34335e-20	9.99773e-20	1.58400e-19	2.52547e-19	4.05735e-19	6.57966e-19	1.07943e-18	1.79689e-18	3.04769e-18	5.29796e-18	9.43648e-18	1.04788e-17	1.04836e-17	1.04836e-17	1.04836e-17	1.04836e-17	1.04836e-17	1.04836e-17	1.04836e-17	1.04836e-17	1.04836e-17	1.04836e-17	1.04836e-17	1.04836e-17	1.04836e-17	1.04836e-17	1.04836e-17	1.04836e-17	1.04836e-17	1.04836e-17	1.04836e-17	1.04836e-17	1.04836e-17	1.04836e-17	1.04836e-17	1.04836e-17	1.04836e-17	1.04836e-17	1.04836e-17	1.04836e-17	1.04836e-17	1.04836e-17	1.04836e-17	1.04836e-17	1.04836e-17	1.04836e-17	1.04836e-17	1.04836e-17	1.04836e-17	1.04836e-17	1.04836e-17	1.04836e-17	1.04836e-17	1.04836e-17	1.04836e-17	1.04836e-17	1.04836e-17	1.04836e-17	1.04836e-17	1.04836e-17	1.04836e-17	1.04836e-17	1.04836e-17	1.04836e-17	1.04836e-17	1.04836e-17	1.04836e-17	1.04836e-17	1.04836e-17	1.04836e-17	1.04836e-17	1.04836e-17	1.04836e-17	1.04836e-17	1.04836e-17	1.04836e-17	1.04836e-17	1.04836e-17	1.04836e-17	1.04836e-17	1.04836e-17	1.04836e-17	1.04836e-17	1.04836e-17	1.04836e-17	1.04836e-17	1.04836e-17	1.04836e-17	1.04836e-17	1.04836e-17	1.04836e-17	1.04836e-17	1.04836e-17	1.04836e-17	1.04836e-17	1.04836e-17	1.04836e-17	1.04836e-17	1.04836e-17	1.04836e-17	1.04836e-17	1.04836e-17	1.04836e-17	1.04836e-17	1.04836e-17	1.04836e-17	1.04836e-17	1.04836e-17	1.04836e-17	1.04836e-17	1.04836e-17	1.04836e-17	1.04836e-17	1.04836e-17	1.04836e-17
23.39	1.15955e-33	3.02479e-33	5.87812e-33	1.02430e-32	1.69200e-32	2.71341e-32	4.27590e-32	6.66610e-32	1.03225e-31	1.59158e-31	2.44721e-31	3.75610e-31	5.75837e-31	8.82133e-31	1.35069e-30	2.06746e-30	3.16394e-30	4.84128e-30	7.40721e-30	1.13325e-29	1.73372e-29	2.65230e-29	4.05752e-29	6.20721e-29	9.49577e-29	1.45266e-28	2.22228e-28	3.39966e-28	5.20085e-28	7.95639e-28	1.21720e-27	1.86214e-27	2.84884e-27	4.35842e-27	6.66802e-27	1.02017e-26	1.56084e-26	2.38811e-26	3.65396e-26	5.59096e-26	8.55510e-26	1.30913e-25	2.00338e-25	3.06597e-25	4.69246e-25	7.18237e-25	1.09944e-24	1.68315e-24	2.57705e-24	3.94622e-24	6.04378e-24	9.25794e-24	1.41844e-23	2.17376e-23	3.33221e-23	5.10966e-23	7.83814e-23	1.20287e-22	1.84690e-22	2.83736e-22	4.36188e-22	6.71071e-22	1.03336e-21	1.59288e-21	2.45833e-21	3.79933e-21	5.88148e-21	9.12217e-21	1.41803e-20	2.21013e-20	3.45542e-20	5.42229e-20	8.54604e-20	1.35400e-19	2.15876e-19	3.46822e-19	5.62429e-19	9.22699e-19	1.53598e-18	2.60516e-18	4.52869e-18	8.14069e-18	1.25588e-17	1.27087e-17	1.27092e-17	1.27092e-17	1.27092e-17	1.27092e-17	1.27092e-17	1.27092e-17	1.27092e-17	1.27092e-17	1.27092e-17	1.27092e-17	1.27092e-17	1.27092e-17	1.27092e-17	1.27092e-17	1.27092e-17	1.27092e-17	1.27092e-17	1.27092e-17	1.27092e-17	1.27092e-17	1.27092e-17	1.27092e-17	1.27092e-17	1.27092e-17	1.27092e-17	1.27092e-17	1.27092e-17	1.27092e-17	1.27092e-17	1.27092e-17	1.27092e-17	1.27092e-17	1.27092e-17	1.27092e-17	1.27092e-17	1.27092e-17	1.27092e-17	1.27092e-17	1.27092e-17	1.27092e-17	1.27092e-17	1.27092e-17	1.27092e-17	1.27092e-17	1.27092e-17	1.27092e-17	1.27092e-17	1.27092e-17	1.27092e-17	1.27092e-17	1.27092e-17	1.27092e-17	1.27092e-17	1.27092e-17	1.27092e-17	1.27092e-17	1.27092e-17	1.27092e-17	1.27092e-17	1.27092e-17	1.27092e-17	1.27092e-17	1.27092e-17	1.27092e-17	1.27092e-17	1.27092e-17	1.27092e-17	1.27092e-17	1.27092e-17	1.27092e-17	1.27092e-17	1.27092e-17	1.27092e-17	1.27092e-17	1.27092e-17	1.27092e-17	1.27092e-17	1.27092e-17	1.27092e-17	1.27092e-17	1.27092e-17	1.27092e-17	1.27092e-17	1.27092e-17	1.27092e-17	1.27092e-17	1.27092e-17	1.27092e-17	1.27092e-17	1.27092e-17	1.27092e-17	1.27092e-17	1.27092e-17	1.27092e-17	1.27092e-17	1.27092e-17	1.27092e-17	1.27092e-17	1.27092e-17	1.27092e-17	1.27092e-17	1.27092e-17
23.42	9.91178e-34	2.58559e-33	5.02461e-33	8.75566e-33	1.44632e-32	2.31942e-32	3.65503e-32	5.69817e-32	8.82364e-32	1.36048e-31	2.09187e-31	3.21071e-31	4.92225e-31	7.54046e-31	1.15457e-30	1.76726e-30	2.70453e-30	4.13832e-30	6.33167e-30	9.68697e-30	1.48198e-29	2.26718e-29	3.46836e-29	5.30591e-29	8.11697e-29	1.24173e-28	1.89960e-28	2.90602e-28	4.44568e-28	6.80111e-28	1.04046e-27	1.59175e-27	2.43518e-27	3.72557e-27	5.69982e-27	8.72042e-27	1.33421e-26	2.04136e-26	3.12340e-26	4.77914e-26	7.31289e-26	1.11904e-25	1.71248e-25	2.62078e-25	4.01111e-25	6.13948e-25	9.39802e-25	1.43875e-24	2.20286e-24	3.37323e-24	5.16622e-24	7.91368e-24	1.21248e-23	1.85812e-23	2.84836e-23	4.36773e-23	6.70003e-23	1.02822e-22	1.57872e-22	2.42537e-22	3.72853e-22	5.73630e-22	8.83313e-22	1.36159e-21	2.10138e-21	3.24766e-21	5.02748e-21	7.79761e-21	1.21213e-20	1.88921e-20	2.95369e-20	4.63496e-20	7.30514e-20	1.15740e-19	1.84531e-19	2.96463e-19	4.80763e-19	7.88722e-19	1.31295e-18	2.22689e-18	3.87112e-18	6.95865e-18	1.31158e-17	1.56962e-17	1.57133e-17	1.57134e-17	1.57134e-17	1.57134e-17	1.57134e-17	1.57134e-17	1.57134e-17	1.57134e-17	1.57134e-17	1.57134e-17	1.57134e-17	1.57134e-17	1.57134e-17	1.57134e-17	1.57134e-17	1.57134e-17	1.57134e-17	1.57134e-17	1.57134e-17	1.57134e-17	1.57134e-17	1.57134e-17	1.57134e-17	1.57134e-17	1.57134e-17	1.57134e-17	1.57134e-17	1.57134e-17	1.57134e-17	1.57134e-17	1.57134e-17	1.57134e-17	1.57134e-17	1.57134e-17	1.57134e-17	1.57134e-17	1.57134e-17	1.57134e-17	1.57134e-17	1.57134e-17	1.57134e-17	1.57134e-17	1.57134e-17	1.57134e-17	1.57134e-17	1.57134e-17	1.57134e-17	1.57134e-17	1.57134e-17	1.57134e-17	1.57134e-17	1.57134e-17	1.57134e-17	1.57134e-17	1.57134e-17	1.57134e-17	1.57134e-17	1.57134e-17	1.57134e-17	1.57134e-17	1.57134e-17	1.57134e-17	1.57134e-17	1.57134e-17	1.57134e-17	1.57134e-17	1.57134e-17	1.57134e-17	1.57134e-17	1.57134e-17	1.57134e-17	1.57134e-17	1.57134e-17	1.57134e-17	1.57134e-17	1.57134e-17	1.57134e-17	1.57134e-17	1.57134e-17	1.57134e-17	1.57134e-17	1.57134e-17	1.57134e-17	1.57134e-17	1.57134e-17	1.57134e-17	1.57134e-17	1.57134e-17	1.57134e-17	1.57134e-17	1.57134e-17	1.57134e-17	1.57134e-17	1.57134e-17	1.57134e-17	1.57134e-17	1.57134e-17	1.57134e-17	1.57134e-17	1.57134e-17	1.57134e-17	1.57134e-17
23.46	8.47257e-34	2.21015e-33	4.29503e-33	7.48433e-33	1.23631e-32	1.98264e-32	3.12432e-32	4.87079e-32	7.54244e-32	1.16294e-31	1.78813e-31	2.74451e-31	4.20753e-31	6.44557e-31	9.86921e-31	1.51065e-30	2.31183e-30	3.53743e-30	5.41230e-30	8.28041e-30	1.26679e-29	1.93798e-29	2.96475e-29	4.53548e-29	6.93837e-29	1.06143e-28	1.62378e-28	2.48406e-28	3.80016e-28	5.81358e-28	8.89384e-28	1.36063e-27	2.08159e-27	3.18461e-27	4.87219e-27	7.45420e-27	1.14048e-26	1.74495e-26	2.66988e-26	4.08520e-26	6.25105e-26	9.56556e-26	1.46383e-25	2.24024e-25	3.42869e-25	5.24801e-25	8.03341e-25	1.22984e-24	1.88300e-24	2.88343e-24	4.41607e-24	6.76460e-24	1.03643e-23	1.58832e-23	2.43478e-23	3.73353e-23	5.72718e-23	8.78917e-23	1.34949e-22	2.07320e-22	3.18714e-22	4.90338e-22	7.55054e-22	1.16389e-21	1.79625e-21	2.77610e-21	4.29748e-21	6.66539e-21	1.03612e-20	1.61490e-20	2.52481e-20	3.96196e-20	6.24442e-20	9.89341e-20	1.57737e-19	2.53416e-19	4.10956e-19	6.74198e-19	1.12231e-18	1.90354e-18	3.30902e-18	5.94824e-18	1.12163e-17	1.94275e-17	1.99294e-17	1.99315e-17	1.99315e-17	1.99315e-17	1.99315e-17	1.99315e-17	1.99315e-17	1.99315e-17	1.99315e-17	1.99315e-17	1.99315e-17	1.99315e-17	1.99315e-17	1.99315e-17	1.99315e-17	1.99315e-17	1.99315e-17	1.99315e-17	1.99315e-17	1.99315e-17	1.99315e-17	1.99315e-17	1.99315e-17	1.99315e-17	1.99315e-17	1.99315e-17	1.99315e-17	1.99315e-17	1.99315e-17	1.99315e-17	1.99315e-17	1.99315e-17	1.99315e-17	1.99315e-17	1.99315e-17	1.99315e-17	1.99315e-17	1.99315e-17	1.99315e-17	1.99315e-17	1.99315e-17	1.99315e-17	1.99315e-17	1.99315e-17	1.99315e-17	1.99315e-17	1.99315e-17	1.99315e-17	1.99315e-17	1.99315e-17	1.99315e-17	1.99315e-17	1.99315e-17	1.99315e-17	1.99315e-17	1.99315e-17	1.99315e-17	1.99315e-17	1.99315e-17	1.99315e-17	1.99315e-17	1.99315e-17	1.99315e-17	1.99315e-17	1.99315e-17	1.99315e-17	1.99315e-17	1.99315e-17	1.99315e-17	1.99315e-17	1.99315e-17	1.99315e-17	1.99315e-17	1.99315e-17	1.99315e-17	1.99315e-17	1.99315e-17	1.99315e-17	1.99315e-17	1.99315e-17	1.99315e-17	1.99315e-17	1.99315e-17	1.99315e-17	1.99315e-17	1.99315e-17	1.99315e-17	1.99315e-17	1.99315e-17	1.99315e-17	1.99315e-17	1.99315e-17	1.99315e-17	1.99315e-17	1.99315e-17	1.99315e-17	1.99315e-17	1.99315e-17	1.99315e-17	1.99315e-17	1.99315e-17	1.99315e-17
23.49	7.24234e-34	1.88924e-33	3.67138e-33	6.39759e-33	1.05680e-32	1.69475e-32	2.67066e-32	4.16354e-32	6.44726e-32	9.94075e-32	1.52849e-31	2.34600e-31	3.59659e-31	5.50967e-31	8.43619e-31	1.29130e-30	1.97615e-30	3.02379e-30	4.62643e-30	7.07808e-30	1.08285e-29	1.65658e-29	2.53427e-29	3.87692e-29	5.93091e-29	9.07309e-29	1.38800e-28	2.12337e-28	3.24837e-28	4.96944e-28	7.60244e-28	1.16306e-27	1.77934e-27	2.72220e-27	4.16474e-27	6.37184e-27	9.74878e-27	1.49158e-26	2.28221e-26	3.49203e-26	5.34339e-26	8.17663e-26	1.25128e-25	1.91495e-25	2.93084e-25	4.48599e-25	6.86695e-25	1.05127e-24	1.60958e-24	2.46475e-24	3.77485e-24	5.78237e-24	8.85935e-24	1.35769e-23	2.08124e-23	3.19141e-23	4.89558e-23	7.51297e-23	1.15354e-22	1.77217e-22	2.72437e-22	4.19140e-22	6.45419e-22	9.94889e-22	1.53544e-21	2.37300e-21	3.67348e-21	5.69756e-21	8.85678e-21	1.38041e-20	2.15820e-20	3.38668e-20	5.33772e-20	8.45687e-20	1.34833e-19	2.16620e-19	3.51284e-19	5.76304e-19	9.59348e-19	1.62714e-18	2.82855e-18	5.08455e-18	9.58765e-18	1.94536e-17	2.60981e-17	2.61740e-17	2.61744e-17	2.61744e-17	2.61744e-17	2.61744e-17	2.61744e-17	2.61744e-17	2.61744e-17	2.61744e-17	2.61744e-17	2.61744e-17	2.61744e-17	2.61744e-17	2.61744e-17	2.61744e-17	2.61744e-17	2.61744e-17	2.61744e-17	2.61744e-17	2.61744e-17	2.61744e-17	2.61744e-17	2.61744e-17	2.61744e-17	2.61744e-17	2.61744e-17	2.61744e-17	2.61744e-17	2.61744e-17	2.61744e-17	2.61744e-17	2.61744e-17	2.61744e-17	2.61744e-17	2.61744e-17	2.61744e-17	2.61744e-17	2.61744e-17	2.61744e-17	2.61744e-17	2.61744e-17	2.61744e-17	2.61744e-17	2.61744e-17	2.61744e-17	2.61744e-17	2.61744e-17	2.61744e-17	2.61744e-17	2.61744e-17	2.61744e-17	2.61744e-17	2.61744e-17	2.61744e-17	2.61744e-17	2.61744e-17	2.61744e-17	2.61744e-17	2.61744e-17	2.61744e-17	2.61744e-17	2.61744e-17	2.61744e-17	2.61744e-17	2.61744e-17	2.61744e-17	2.61744e-17	2.61744e-17	2.61744e-17	2.61744e-17	2.61744e-17	2.61744e-17	2.61744e-17	2.61744e-17	2.61744e-17	2.61744e-17	2.61744e-17	2.61744e-17	2.61744e-17	2.61744e-17	2.61744e-17	2.61744e-17	2.61744e-17	2.61744e-17	2.61744e-17	2.61744e-17	2.61744e-17	2.61744e-17	2.61744e-17	2.61744e-17	2.61744e-17	2.61744e-17	2.61744e-17	2.61744e-17	2.61744e-17	2.61744e-17	2.61744e-17	2.61744e-17	2.61744e-17	2.61744e-17	2.61744e-17
23.53	6.19074e-34	1.61492e-33	3.13829e-33	5.46865e-33	9.03348e-33	1.44867e-32	2.28288e-32	3.55899e-32	5.51111e-32	8.49734e-32	1.30655e-31	2.00536e-31	3.07436e-31	4.70965e-31	7.21124e-31	1.10380e-30	1.68921e-30	2.58473e-30	3.95466e-30	6.05033e-30	9.25621e-30	1.41605e-29	2.16629e-29	3.31399e-29	5.06973e-29	7.75566e-29	1.18646e-28	1.81506e-28	2.77670e-28	4.24787e-28	6.49856e-28	9.94185e-28	1.52098e-27	2.32693e-27	3.56002e-27	5.44664e-27	8.33324e-27	1.27500e-26	1.95083e-26	2.98498e-26	4.56752e-26	6.98937e-26	1.06959e-25	1.63690e-25	2.50528e-25	3.83462e-25	5.86986e-25	8.98622e-25	1.37587e-24	2.10686e-24	3.22674e-24	4.94276e-24	7.57296e-24	1.16056e-23	1.77904e-23	2.72802e-23	4.18474e-23	6.42207e-23	9.86047e-23	1.51485e-22	2.32878e-22	3.58281e-22	5.51703e-22	8.50430e-22	1.31249e-21	2.02844e-21	3.14009e-21	4.87027e-21	7.57076e-21	1.17997e-20	1.84483e-20	2.89493e-20	4.56268e-20	7.22892e-20	1.15255e-19	1.85166e-19	3.00277e-19	4.92623e-19	8.20049e-19	1.39088e-18	2.41784e-18	4.34626e-18	8.19551e-18	1.66289e-17	3.40364e-17	3.61140e-17	3.61310e-17	3.61314e-17	3.61314e-17	3.61314e-17	3.61314e-17	3.61314e-17	3.61314e-17	3.61314e-17	3.61314e-17	3.61314e-17	3.61314e-17	3.61314e-17	3.61314e-17	3.61314e-17	3.61314e-17	3.61314e-17	3.61314e-17	3.61314e-17	3.61314e-17	3.61314e-17	3.61314e-17	3.61314e-17	3.61314e-17	3.61314e-17	3.61314e-17	3.61314e-17	3.61314e-17	3.61314e-17	3.61314e-17	3.61314e-17	3.61314e-17	3.61314e-17	3.61314e-17	3.61314e-17	3.61314e-17	3.61314e-17	3.61314e-17	3.61314e-17	3.61314e-17	3.61314e-17	3.61314e-17	3.61314e-17	3.61314e-17	3.61314e-17	3.61314e-17	3.61314e-17	3.61314e-17	3.61314e-17	3.61314e-17	3.61314e-17	3.61314e-17	3.61314e-17	3.61314e-17	3.61314e-17	3.61314e-17	3.61314e-17	3.61314e-17	3.61314e-17	3.61314e-17	3.61314e-17	3.61314e-17	3.61314e-17	3.61314e-17	3.61314e-17	3.61314e-17	3.61314e-17	3.61314e-17	3.61314e-17	3.61314e-17	3.61314e-17	3.61314e-17	3.61314e-17	3.61314e-17	3.61314e-17	3.61314e-17	3.61314e-17	3.61314e-17	3.61314e-17	3.61314e-17	3.61314e-17	3.61314e-17	3.61314e-17	3.61314e-17	3.61314e-17	3.61314e-17	3.61314e-17	3.61314e-17	3.61314e-17	3.61314e-17	3.61314e-17	3.61314e-17	3.61314e-17	3.61314e-17	3.61314e-17	3.61314e-17	3.61314e-17	3.61314e-17	3.61314e-17	3.61314e-17	3.61314e-17
23.56	5.29184e-34	1.38043e-33	2.68261e-33	4.67459e-33	7.72181e-33	1.23832e-32	1.95140e-32	3.04222e-32	4.71089e-32	7.26351e-32	1.11684e-31	1.71418e-31	2.62796e-31	4.02580e-31	6.16416e-31	9.43529e-31	1.44393e-30	2.20942e-30	3.38044e-30	5.17181e-30	7.91219e-30	1.21043e-29	1.85174e-29	2.83279e-29	4.33360e-29	6.62953e-29	1.01419e-28	1.55151e-28	2.37352e-28	3.63107e-28	5.55496e-28	8.49828e-28	1.30013e-27	1.98906e-27	3.04310e-27	4.65578e-27	7.12324e-27	1.08987e-26	1.66756e-26	2.55155e-26	3.90431e-26	5.97450e-26	9.14284e-26	1.39922e-25	2.14151e-25	3.27783e-25	5.01755e-25	7.68141e-25	1.17609e-24	1.80094e-24	2.75821e-24	4.22506e-24	6.47335e-24	9.92041e-24	1.52072e-23	2.33190e-23	3.57711e-23	5.48958e-23	8.42872e-23	1.29489e-22	1.99064e-22	3.06258e-22	4.71595e-22	7.26946e-22	1.12191e-21	1.73391e-21	2.68414e-21	4.16310e-21	6.47148e-21	1.00864e-20	1.57696e-20	2.47458e-20	3.90017e-20	6.17927e-20	9.85199e-20	1.58280e-19	2.56677e-19	4.21094e-19	7.00977e-19	1.18892e-18	2.06677e-18	3.71518e-18	7.00551e-18	1.42144e-17	3.27154e-17	5.33734e-17	5.39776e-17	5.39946e-17	5.39946e-17	5.39946e-17	5.39946e-17	5.39946e-17	5.39946e-17	5.39946e-17	5.39946e-17	5.39946e-17	5.39946e-17	5.39946e-17	5.39946e-17	5.39946e-17	5.39946e-17	5.39946e-17	5.39946e-17	5.39946e-17	5.39946e-17	5.39946e-17	5.39946e-17	5.39946e-17	5.39946e-17	5.39946e-17	5.39946e-17	5.39946e-17	5.39946e-17	5.39946e-17	5.39946e-17	5.39946e-17	5.39946e-17	5.39946e-17	5.39946e-17	5.39946e-17	5.39946e-17	5.39946e-17	5.39946e-17	5.39946e-17	5.39946e-17	5.39946e-17	5.39946e-17	5.39946e-17	5.39946e-17	5.39946e-17	5.39946e-17	5.39946e-17	5.39946e-17	5.39946e-17	5.39946e-17	5.39946e-17	5.39946e-17	5.39946e-17	5.39946e-17	5.39946e-17	5.39946e-17	5.39946e-17	5.39946e-17	5.39946e-17	5.39946e-17	5.39946e-17	5.39946e-17	5.39946e-17	5.39946e-17	5.39946e-17	5.39946e-17	5.39946e-17	5.39946e-17	5.39946e-17	5.39946e-17	5.39946e-17	5.39946e-17	5.39946e-17	5.39946e-17	5.39946e-17	5.39946e-17	5.39946e-17	5.39946e-17	5.39946e-17	5.39946e-17	5.39946e-17	5.39946e-17	5.39946e-17	5.39946e-17	5.39946e-17	5.39946e-17	5.39946e-17	5.39946e-17	5.39946e-17	5.39946e-17	5.39946e-17	5.39946e-17	5.39946e-17	5.39946e-17	5.39946e-17	5.39946e-17	5.39946e-17	5.39946e-17	5.39946e-17	5.39946e-17	5.39946e-17
23.59	4.52345e-34	1.17999e-33	2.29309e-33	3.99584e-33	6.60059e-33	1.05852e-32	1.66805e-32	2.60048e-32	4.02686e-32	6.20884e-32	9.54670e-32	1.46528e-31	2.24637e-31	3.44125e-31	5.26911e-31	8.06527e-31	1.23427e-30	1.88861e-30	2.88960e-30	4.42086e-30	6.76333e-30	1.03468e-29	1.58286e-29	2.42147e-29	3.70435e-29	5.66691e-29	8.66924e-29	1.32623e-28	2.02888e-28	3.10384e-28	4.74837e-28	7.26431e-28	1.11135e-27	1.70024e-27	2.60123e-27	3.97975e-27	6.08893e-27	9.31617e-27	1.42543e-26	2.18107e-26	3.33740e-26	5.10700e-26	7.81529e-26	1.19605e-25	1.83056e-25	2.80188e-25	4.28899e-25	6.56605e-25	1.00532e-24	1.53944e-24	2.35772e-24	3.61158e-24	5.53341e-24	8.47995e-24	1.29991e-23	1.99331e-23	3.05770e-23	4.69248e-23	7.20485e-23	1.10687e-22	1.70160e-22	2.61789e-22	4.03119e-22	6.21392e-22	9.59009e-22	1.48214e-21	2.29440e-21	3.55861e-21	5.53181e-21	8.62183e-21	1.34798e-20	2.11527e-20	3.33386e-20	5.28203e-20	8.42147e-20	1.35297e-19	2.19407e-19	3.59950e-19	5.99194e-19	1.01629e-18	1.76667e-18	3.17573e-18	5.98830e-18	1.21504e-17	2.79651e-17	7.77549e-17	9.33818e-17	9.40668e-17	9.40669e-17	9.40669e-17	9.40669e-17	9.40669e-17	9.40669e-17	9.40669e-17	9.40669e-17	9.40669e-17	9.40669e-17	9.40669e-17	9.40669e-17	9.40669e-17	9.40669e-17	9.40669e-17	9.40669e-17	9.40669e-17	9.40669e-17	9.40669e-17	9.40669e-17	9.40669e-17	9.40669e-17	9.40669e-17	9.40669e-17	9.40669e-17	9.40669e-17	9.40669e-17	9.40669e-17	9.40669e-17	9.40669e-17	9.40669e-17	9.40669e-17	9.40669e-17	9.40669e-17	9.40669e-17	9.40669e-17	9.40669e-17	9.40669e-17	9.40669e-17	9.40669e-17	9.40669e-17	9.40669e-17	9.40669e-17	9.40669e-17	9.40669e-17	9.40669e-17	9.40669e-17	9.40669e-17	9.40669e-17	9.40669e-17	9.40669e-17	9.40669e-17	9.40669e-17	9.40669e-17	9.40669e-17	9.40669e-17	9.40669e-17	9.40669e-17	9.40669e-17	9.40669e-17	9.40669e-17	9.40669e-17	9.40669e-17	9.40669e-17	9.40669e-17	9.40669e-17	9.40669e-17	9.40669e-17	9.40669e-17	9.40669e-17	9.40669e-17	9.40669e-17	9.40669e-17	9.40669e-17	9.40669e-17	9.40669e-17	9.40669e-17	9.40669e-17	9.40669e-17	9.40669e-17	9.40669e-17	9.40669e-17	9.40669e-17	9.40669e-17	9.40669e-17	9.40669e-17	9.40669e-17	9.40669e-17	9.40669e-17	9.40669e-17	9.40669e-17	9.40669e-17	9.40669e-17	9.40669e-17	9.40669e-17	9.40669e-17	9.40669e-17	9.40669e-17	9.40669e-17
23.63	3.86664e-34	1.00865e-33	1.96013e-33	3.41563e-33	5.64217e-33	9.04819e-33	1.42585e-32	2.22289e-32	3.44215e-32	5.30731e-32	8.16051e-32	1.25252e-31	1.92020e-31	2.94158e-31	4.50403e-31	6.89418e-31	1.05505e-30	1.61438e-30	2.47002e-30	3.77894e-30	5.78128e-30	8.84440e-30	1.35303e-29	2.06987e-29	3.16648e-29	4.84407e-29	7.41045e-29	1.13366e-28	1.73428e-28	2.65315e-28	4.05890e-28	6.20952e-28	9.49978e-28	1.45337e-27	2.22353e-27	3.40188e-27	5.20481e-27	7.96345e-27	1.21846e-26	1.86437e-26	2.85280e-26	4.36545e-26	6.68050e-26	1.02238e-25	1.56476e-25	2.39504e-25	3.66622e-25	5.61265e-25	8.59347e-25	1.31592e-24	2.01537e-24	3.08717e-24	4.72995e-24	7.24865e-24	1.11116e-23	1.70388e-23	2.61372e-23	4.01113e-23	6.15870e-23	9.46151e-23	1.45452e-22	2.23777e-22	3.44585e-22	5.31165e-22	8.19759e-22	1.26693e-21	1.96125e-21	3.04189e-21	4.72858e-21	7.36993e-21	1.15225e-20	1.80813e-20	2.84978e-20	4.51507e-20	7.19866e-20	1.15652e-19	1.87548e-19	3.07685e-19	5.12190e-19	8.68721e-19	1.51014e-18	2.71461e-18	5.11879e-18	1.03862e-17	2.39045e-17	7.21007e-17	2.14539e-16	2.37060e-16	2.37062e-16	2.37062e-16	2.37062e-16	2.37062e-16	2.37062e-16	2.37062e-16	2.37062e-16	2.37062e-16	2.37062e-16	2.37062e-16	2.37062e-16	2.37062e-16	2.37062e-16	2.37062e-16	2.37062e-16	2.37062e-16	2.37062e-16	2.37062e-16	2.37062e-16	2.37062e-16	2.37062e-16	2.37062e-16	2.37062e-16	2.37062e-16	2.37062e-16	2.37062e-16	2.37062e-16	2.37062e-16	2.37062e-16	2.37062e-16	2.37062e-16	2.37062e-16	2.37062e-16	2.37062e-16	2.37062e-16	2.37062e-16	2.37062e-16	2.37062e-16	2.37062e-16	2.37062e-16	2.37062e-16	2.37062e-16	2.37062e-16	2.37062e-16	2.37062e-16	2.37062e-16	2.37062e-16	2.37062e-16	2.37062e-16	2.37062e-16	2.37062e-16	2.37062e-16	2.37062e-16	2.37062e-16	2.37062e-16	2.37062e-16	2.37062e-16	2.37062e-16	2.37062e-16	2.37062e-16	2.37062e-16	2.37062e-16	2.37062e-16	2.37062e-16	2.37062e-16	2.37062e-16	2.37062e-16	2.37062e-16	2.37062e-16	2.37062e-16	2.37062e-16	2.37062e-16	2.37062e-16	2.37062e-16	2.37062e-16	2.37062e-16	2.37062e-16	2.37062e-16	2.37062e-16	2.37062e-16	2.37062e-16	2.37062e-16	2.37062e-16	2.37062e-16	2.37062e-16	2.37062e-16	2.37062e-16	2.37062e-16	2.37062e-16	2.37062e-16	2.37062e-16	2.37062e-16	2.37062e-16	2.37062e-16	2.37062e-16	2.37062e-16	2.37062e-16	2.37062e-16
23.66	3.30520e-34	8.62194e-34	1.67551e-33	2.91968e-33	4.82292e-33	7.73438e-33	1.21881e-32	1.90012e-32	2.94235e-32	4.53668e-32	6.97559e-32	1.07065e-31	1.64138e-31	2.51446e-31	3.85004e-31	5.89314e-31	9.01857e-31	1.37997e-30	2.11137e-30	3.23023e-30	4.94183e-30	7.56018e-30	1.15657e-29	1.76932e-29	2.70670e-29	4.14070e-29	6.33444e-29	9.69048e-29	1.48246e-28	2.26791e-28	3.46954e-28	5.30789e-28	8.12040e-28	1.24234e-27	1.90067e-27	2.90793e-27	4.44907e-27	6.80714e-27	1.04153e-26	1.59366e-26	2.43857e-26	3.73158e-26	5.71048e-26	8.73931e-26	1.33755e-25	2.04728e-25	3.13388e-25	4.79769e-25	7.34569e-25	1.12484e-24	1.72274e-24	2.63891e-24	4.04315e-24	6.19613e-24	9.49821e-24	1.45647e-23	2.23420e-23	3.42871e-23	5.26444e-23	8.08768e-23	1.24332e-22	1.91284e-22	2.94551e-22	4.54039e-22	7.00729e-22	1.08297e-21	1.67647e-21	2.60021e-21	4.04198e-21	6.29981e-21	9.84942e-21	1.54558e-20	2.43599e-20	3.85948e-20	6.15340e-20	9.88591e-20	1.60316e-19	2.63009e-19	4.37819e-19	7.42581e-19	1.29087e-18	2.32044e-18	4.37553e-18	8.87809e-18	2.04335e-17	6.16316e-17	5.08155e-16	9.83044e-16	9.83125e-16	9.83125e-16	9.83125e-16	9.83125e-16	9.83125e-16	9.83125e-16	9.83125e-16	9.83125e-16	9.83125e-16	9.83125e-16	9.83125e-16	9.83125e-16	9.83125e-16	9.83125e-16	9.83125e-16	9.83125e-16	9.83125e-16	9.83125e-16	9.83125e-16	9.83125e-16	9.83125e-16	9.83125e-16	9.83125e-16	9.83125e-16	9.83125e-16	9.83125e-16	9.83125e-16	9.83125e-16	9.83125e-16	9.83125e-16	9.83125e-16	9.83125e-16	9.83125e-16	9.83125e-16	9.83125e-16	9.83125e-16	9.83125e-16	9.83125e-16	9.83125e-16	9.83125e-16	9.83125e-16	9.83125e-16	9.83125e-16	9.83125e-16	9.83125e-16	9.83125e-16	9.83125e-16	9.83125e-16	9.83125e-16	9.83125e-16	9.83125e-16	9.83125e-16	9.83125e-16	9.83125e-16	9.83125e-16	9.83125e-16	9.83125e-16	9.83125e-16	9.83125e-16	9.83125e-16	9.83125e-16	9.83125e-16	9.83125e-16	9.83125e-16	9.83125e-16	9.83125e-16	9.83125e-16	9.83125e-16	9.83125e-16	9.83125e-16	9.83125e-16	9.83125e-16	9.83125e-16	9.83125e-16	9.83125e-16	9.83125e-16	9.83125e-16	9.83125e-16	9.83125e-16	9.83125e-16	9.83125e-16	9.83125e-16	9.83125e-16	9.83125e-16	9.83125e-16	9.83125e-16	9.83125e-16	9.83125e-16	9.83125e-16	9.83125e-16	9.83125e-16	9.83125e-16	9.83125e-16	9.83125e-16	9.83125e-16	9.83125e-16	9.83125e-16	9.83125e-16
23.70	2.82528e-34	7.37002e-34	1.43223e-33	2.49574e-33	4.12263e-33	6.61134e-33	1.04184e-32	1.62422e-32	2.51511e-32	3.87795e-32	5.96272e-32	9.15189e-32	1.40305e-31	2.14935e-31	3.29100e-31	5.03745e-31	7.70906e-31	1.17960e-30	1.80480e-30	2.76120e-30	4.22427e-30	6.46243e-30	9.88631e-30	1.51241e-29	2.31368e-29	3.53946e-29	5.41467e-29	8.28340e-29	1.26721e-28	1.93861e-28	2.96576e-28	4.53718e-28	6.94131e-28	1.06195e-27	1.62469e-27	2.48569e-27	3.80305e-27	5.81874e-27	8.90302e-27	1.36226e-26	2.08449e-26	3.18975e-26	4.88131e-26	7.47035e-26	1.14334e-25	1.75001e-25	2.67884e-25	4.10106e-25	6.27908e-25	9.61513e-25	1.47259e-24	2.25573e-24	3.45608e-24	5.29644e-24	8.11905e-24	1.24499e-23	1.90979e-23	2.93085e-23	4.50004e-23	6.91334e-23	1.06279e-22	1.63509e-22	2.51782e-22	3.88112e-22	5.98982e-22	9.25723e-22	1.43305e-21	2.22265e-21	3.45508e-21	5.38506e-21	8.41927e-21	1.32116e-20	2.08228e-20	3.29907e-20	5.25992e-20	8.45046e-20	1.37038e-19	2.24819e-19	3.74247e-19	6.34757e-19	1.10343e-18	1.98351e-18	3.74020e-18	7.58898e-18	1.74666e-17	5.26826e-17	4.63587e-16	1.98856e-15	1.99104e-15	1.99104e-15	1.99104e-15	1.99104e-15	1.99104e-15	1.99104e-15	1.99104e-15	1.99104e-15	1.99104e-15	1.99104e-15	1.99104e-15	1.99104e-15	1.99104e-15	1.99104e-15	1.99104e-15	1.99104e-15	1.99104e-15	1.99104e-15	1.99104e-15	1.99104e-15	1.99104e-15	1.99104e-15	1.99104e-15	1.99104e-15	1.99104e-15	1.99104e-15	1.99104e-15	1.99104e-15	1.99104e-15	1.99104e-15	1.99104e-15	1.99104e-15	1.99104e-15	1.99104e-15	1.99104e-15	1.99104e-15	1.99104e-15	1.99104e-15	1.99104e-15	1.99104e-15	1.99104e-15	1.99104e-15	1.99104e-15	1.99104e-15	1.99104e-15	1.99104e-15	1.99104e-15	1.99104e-15	1.99104e-15	1.99104e-15	1.99104e-15	1.99104e-15	1.99104e-15	1.99104e-15	1.99104e-15	1.99104e-15	1.99104e-15	1.99104e-15	1.99104e-15	1.99104e-15	1.99104e-15	1.99104e-15	1.99104e-15	1.99104e-15	1.99104e-15	1.99104e-15	1.99104e-15	1.99104e-15	1.99104e-15	1.99104e-15	1.99104e-15	1.99104e-15	1.99104e-15	1.99104e-15	1.99104e-15	1.99104e-15	1.99104e-15	1.99104e-15	1.99104e-15	1.99104e-15	1.99104e-15	1.99104e-15	1.99104e-15	1.99104e-15	1.99104e-15	1.99104e-15	1.99104e-15	1.99104e-15	1.99104e-15	1.99104e-15	1.99104e-15	1.99104e-15	1.99104e-15	1.99104e-15	1.99104e-15	1.99104e-15	1.99104e-15	1.99104e-15
23.73	2.41504e-34	6.29988e-34	1.22427e-33	2.13335e-33	3.52401e-33	5.65136e-33	8.90564e-33	1.38838e-32	2.14992e-32	3.31486e-32	5.09693e-32	7.82302e-32	1.19933e-31	1.83726e-31	2.81315e-31	4.30600e-31	6.58970e-31	1.00832e-30	1.54274e-30	2.36027e-30	3.61090e-30	5.52408e-30	8.45081e-30	1.29281e-29	1.97773e-29	3.02553e-29	4.62845e-29	7.08064e-29	1.08321e-28	1.65712e-28	2.53512e-28	3.87837e-28	5.93342e-28	9.07750e-28	1.38878e-27	2.12476e-27	3.25084e-27	4.97385e-27	7.61028e-27	1.16446e-26	1.78181e-26	2.72659e-26	4.17254e-26	6.38564e-26	9.77323e-26	1.49591e-25	2.28987e-25	3.50558e-25	5.36735e-25	8.21900e-25	1.25877e-24	1.92820e-24	2.95425e-24	4.52739e-24	6.94015e-24	1.06421e-23	1.63249e-23	2.50529e-23	3.84663e-23	5.90951e-23	9.08472e-23	1.39767e-22	2.15223e-22	3.31758e-22	5.12009e-22	7.91306e-22	1.22497e-21	1.89992e-21	2.95340e-21	4.60314e-21	7.19678e-21	1.12933e-20	1.77993e-20	2.82004e-20	4.49617e-20	7.22344e-20	1.17140e-19	1.92175e-19	3.19906e-19	5.42590e-19	9.43213e-19	1.69550e-18	3.19712e-18	6.48705e-18	1.49304e-17	4.50330e-17	3.96274e-16	1.84861e-15	1.88888e-15	1.88892e-15	1.88892e-15	1.88892e-15	1.88892e-15	1.88892e-15	1.88892e-15	1.88892e-15	1.88892e-15	1.88892e-15	1.88892e-15	1.88892e-15	1.88892e-15	1.88892e-15	1.88892e-15	1.88892e-15	1.88892e-15	1.88892e-15	1.88892e-15	1.88892e-15	1.88892e-15	1.88892e-15	1.88892e-15	1.88892e-15	1.88892e-15	1.88892e-15	1.88892e-15	1.88892e-15	1.88892e-15	1.88892e-15	1.88892e-15	1.88892e-15	1.88892e-15	1.88892e-15	1.88892e-15	1.88892e-15	1.88892e-15	1.88892e-15	1.88892e-15	1.88892e-15	1.88892e-15	1.88892e-15	1.88892e-15	1.88892e-15	1.88892e-15	1.88892e-15	1.88892e-15	1.88892e-15	1.88892e-15	1.88892e-15	1.88892e-15	1.88892e-15	1.88892e-15	1.88892e-15	1.88892e-15	1.88892e-15	1.88892e-15	1.88892e-15	1.88892e-15	1.88892e-15	1.88892e-15	1.88892e-15	1.88892e-15	1.88892e-15	1.88892e-15	1.88892e-15	1.88892e-15	1.88892e-15	1.88892e-15	1.88892e-15	1.88892e-15	1.88892e-15	1.88892e-15	1.88892e-15	1.88892e-15	1.88892e-15	1.88892e-15	1.88892e-15	1.88892e-15	1.88892e-15	1.88892e-15	1.88892e-15	1.88892e-15	1.88892e-15	1.88892e-15	1.88892e-15	1.88892e-15	1.88892e-15	1.88892e-15	1.88892e-15	1.88892e-15	1.88892e-15	1.88892e-15	1.88892e-15	1.88892e-15	1.88892e-15	1.88892e-15	1.88892e-15
23.76	2.06438e-34	5.38513e-34	1.04650e-33	1.82359e-33	3.01232e-33	4.83077e-33	7.61253e-33	1.18679e-32	1.83774e-32	2.83354e-32	4.35684e-32	6.68711e-32	1.02518e-31	1.57049e-31	2.40467e-31	3.68076e-31	5.63286e-31	8.61909e-31	1.31873e-30	2.01755e-30	3.08659e-30	4.72197e-30	7.22374e-30	1.10509e-29	1.69056e-29	2.58622e-29	3.95640e-29	6.05252e-29	9.25924e-29	1.41650e-28	2.16702e-28	3.31523e-28	5.07188e-28	7.75943e-28	1.18713e-27	1.81625e-27	2.77882e-27	4.25164e-27	6.50526e-27	9.95376e-27	1.52309e-26	2.33069e-26	3.56668e-26	5.45844e-26	8.35414e-26	1.27870e-25	1.95737e-25	2.99656e-25	4.58800e-25	7.02559e-25	1.07599e-24	1.64822e-24	2.52529e-24	3.87001e-24	5.93243e-24	9.09689e-24	1.39545e-23	2.14152e-23	3.28809e-23	5.05144e-23	7.76560e-23	1.19473e-22	1.83972e-22	2.83586e-22	4.37664e-22	6.76408e-22	1.04710e-21	1.62405e-21	2.52456e-21	3.93476e-21	6.15179e-21	9.65347e-21	1.52148e-20	2.41057e-20	3.84332e-20	6.17458e-20	1.00131e-19	1.64271e-19	2.73455e-19	4.63805e-19	8.06257e-19	1.44931e-18	2.73289e-18	5.54512e-18	1.27625e-17	3.84941e-17	3.38734e-16	1.58051e-15	1.66757e-15	1.66866e-15	1.66866e-15	1.66866e-15	1.66866e-15	1.66866e-15	1.66866e-15	1.66866e-15	1.66866e-15	1.66866e-15	1.66866e-15	1.66866e-15	1.66866e-15	1.66866e-15	1.66866e-15	1.66866e-15	1.66866e-15	1.66866e-15	1.66866e-15	1.66866e-15	1.66866e-15	1.66866e-15	1.66866e-15	1.66866e-15	1.66866e-15	1.66866e-15	1.66866e-15	1.66866e-15	1.66866e-15	1.66866e-15	1.66866e-15	1.66866e-15	1.66866e-15	1.66866e-15	1.66866e-15	1.66866e-15	1.66866e-15	1.66866e-15	1.66866e-15	1.66866e-15	1.66866e-15	1.66866e-15	1.66866e-15	1.66866e-15	1.66866e-15	1.66866e-15	1.66866e-15	1.66866e-15	1.66866e-15	1.66866e-15	1.66866e-15	1.66866e-15	1.66866e-15	1.66866e-15	1.66866e-15	1.66866e-15	1.66866e-15	1.66866e-15	1.66866e-15	1.66866e-15	1.66866e-15	1.66866e-15	1.66866e-15	1.66866e-15	1.66866e-15	1.66866e-15	1.66866e-15	1.66866e-15	1.66866e-15	1.66866e-15	1.66866e-15	1.66866e-15	1.66866e-15	1.66866e-15	1.66866e-15	1.66866e-15	1.66866e-15	1.66866e-15	1.66866e-15	1.66866e-15	1.66866e-15	1.66866e-15	1.66866e-15	1.66866e-15	1.66866e-15	1.66866e-15	1.66866e-15	1.66866e-15	1.66866e-15	1.66866e-15	1.66866e-15	1.66866e-15	1.66866e-15	1.66866e-15	1.66866e-15	1.66866e-15	1.66866e-15	1.66866e-15
23.80	1.76463e-34	4.60320e-34	8.94547e-34	1.55880e-33	2.57493e-33	4.12934e-33	6.50718e-33	1.01446e-32	1.57090e-32	2.42210e-32	3.72422e-32	5.71613e-32	8.76323e-32	1.34245e-31	2.05551e-31	3.14631e-31	4.81496e-31	7.36759e-31	1.12725e-30	1.72460e-30	2.63841e-30	4.03634e-30	6.17484e-30	9.44628e-30	1.44509e-29	2.21069e-29	3.38192e-29	5.17369e-29	7.91478e-29	1.21082e-28	1.85237e-28	2.83385e-28	4.33543e-28	6.63275e-28	1.01476e-27	1.55252e-27	2.37533e-27	3.63429e-27	5.56069e-27	8.50846e-27	1.30194e-26	1.99227e-26	3.04879e-26	4.66586e-26	7.14111e-26	1.09303e-25	1.67316e-25	2.56146e-25	3.92182e-25	6.00546e-25	9.19758e-25	1.40890e-24	2.15862e-24	3.30808e-24	5.07103e-24	7.77601e-24	1.19283e-23	1.83056e-23	2.81065e-23	4.31796e-23	6.63802e-23	1.02125e-22	1.57259e-22	2.42409e-22	3.74115e-22	5.78192e-22	8.95058e-22	1.38823e-21	2.15799e-21	3.36343e-21	5.25854e-21	8.25178e-21	1.30056e-20	2.06055e-20	3.28526e-20	5.27802e-20	8.55918e-20	1.40419e-19	2.33749e-19	3.96460e-19	6.89187e-19	1.23887e-18	2.33607e-18	4.73996e-18	1.09093e-17	3.29047e-17	2.89550e-16	1.35102e-15	1.43844e-15	1.45204e-15	1.45207e-15	1.45207e-15	1.45207e-15	1.45207e-15	1.45207e-15	1.45207e-15	1.45207e-15	1.45207e-15	1.45207e-15	1.45207e-15	1.45207e-15	1.45207e-15	1.45207e-15	1.45207e-15	1.45207e-15	1.45207e-15	1.45207e-15	1.45207e-15	1.45207e-15	1.45207e-15	1.45207e-15	1.45207e-15	1.45207e-15	1.45207e-15	1.45207e-15	1.45207e-15	1.45207e-15	1.45207e-15	1.45207e-15	1.45207e-15	1.45207e-15	1.45207e-15	1.45207e-15	1.45207e-15	1.45207e-15	1.45207e-15	1.45207e-15	1.45207e-15	1.45207e-15	1.45207e-15	1.45207e-15	1.45207e-15	1.45207e-15	1.45207e-15	1.45207e-15	1.45207e-15	1.45207e-15	1.45207e-15	1.45207e-15	1.45207e-15	1.45207e-15	1.45207e-15	1.45207e-15	1.45207e-15	1.45207e-15	1.45207e-15	1.45207e-15	1.45207e-15	1.45207e-15	1.45207e-15	1.45207e-15	1.45207e-15	1.45207e-15	1.45207e-15	1.45207e-15	1.45207e-15	1.45207e-15	1.45207e-15	1.45207e-15	1.45207e-15	1.45207e-15	1.45207e-15	1.45207e-15	1.45207e-15	1.45207e-15	1.45207e-15	1.45207e-15	1.45207e-15	1.45207e-15	1.45207e-15	1.45207e-15	1.45207e-15	1.45207e-15	1.45207e-15	1.45207e-15	1.45207e-15	1.45207e-15	1.45207e-15	1.45207e-15	1.45207e-15	1.45207e-15	1.45207e-15	1.45207e-15	1.45207e-15	1.45207e-15	1.45207e-15
23.83	1.50840e-34	3.93481e-34	7.64657e-34	1.33246e-33	2.20104e-33	3.52975e-33	5.56232e-33	8.67162e-33	1.34280e-32	2.07041e-32	3.18346e-32	4.88614e-32	7.49080e-32	1.14753e-31	1.75705e-31	2.68946e-31	4.11582e-31	6.29780e-31	9.63570e-31	1.47419e-30	2.25531e-30	3.45025e-30	5.27824e-30	8.07467e-30	1.23526e-29	1.88970e-29	2.89086e-29	4.42246e-29	6.76554e-29	1.03501e-28	1.58340e-28	2.42237e-28	3.70592e-28	5.66966e-28	8.67412e-28	1.32709e-27	2.03043e-27	3.10659e-27	4.75327e-27	7.27302e-27	1.11289e-26	1.70299e-26	2.60610e-26	3.98837e-26	6.10421e-26	9.34321e-26	1.43021e-25	2.18953e-25	3.35236e-25	5.13346e-25	7.86208e-25	1.20432e-24	1.84518e-24	2.82774e-24	4.33471e-24	6.64692e-24	1.01963e-23	1.56476e-23	2.40254e-23	3.69099e-23	5.67417e-23	8.72965e-23	1.34425e-22	2.07211e-22	3.19793e-22	4.94238e-22	7.65094e-22	1.18666e-21	1.84465e-21	2.87505e-21	4.49499e-21	7.05360e-21	1.11171e-20	1.76136e-20	2.80824e-20	4.51165e-20	7.31638e-20	1.20030e-19	1.99808e-19	3.38893e-19	5.89116e-19	1.05898e-18	1.99687e-18	4.05171e-18	9.32529e-18	2.81269e-17	2.47507e-16	1.15485e-15	1.22957e-15	1.25538e-15	1.25625e-15	1.25625e-15	1.25625e-15	1.25625e-15	1.25625e-15	1.25625e-15	1.25625e-15	1.25625e-15	1.25625e-15	1.25625e-15	1.25625e-15	1.25625e-15	1.25625e-15	1.25625e-15	1.25625e-15	1.25625e-15	1.25625e-15	1.25625e-15	1.25625e-15	1.25625e-15	1.25625e-15	1.25625e-15	1.25625e-15	1.25625e-15	1.25625e-15	1.25625e-15	1.25625e-15	1.25625e-15	1.25625e-15	1.25625e-15	1.25625e-15	1.25625e-15	1.25625e-15	1.25625e-15	1.25625e-15	1.25625e-15	1.25625e-15	1.25625e-15	1.25625e-15	1.25625e-15	1.25625e-15	1.25625e-15	1.25625e-15	1.25625e-15	1.25625e-15	1.25625e-15	1.25625e-15	1.25625e-15	1.25625e-15	1.25625e-15	1.25625e-15	1.25625e-15	1.25625e-15	1.25625e-15	1.25625e-15	1.25625e-15	1.25625e-15	1.25625e-15	1.25625e-15	1.25625e-15	1.25625e-15	1.25625e-15	1.25625e-15	1.25625e-15	1.25625e-15	1.25625e-15	1.25625e-15	1.25625e-15	1.25625e-15	1.25625e-15	1.25625e-15	1.25625e-15	1.25625e-15	1.25625e-15	1.25625e-15	1.25625e-15	1.25625e-15	1.25625e-15	1.25625e-15	1.25625e-15	1.25625e-15	1.25625e-15	1.25625e-15	1.25625e-15	1.25625e-15	1.25625e-15	1.25625e-15	1.25625e-15	1.25625e-15	1.25625e-15	1.25625e-15	1.25625e-15	1.25625e-15	1.25625e-15	1.25625e-15	1.25625e-15
23.87	1.28938e-34	3.36347e-34	6.53628e-34	1.13898e-33	1.88145e-33	3.01723e-33	4.75467e-33	7.41249e-33	1.14783e-32	1.76978e-32	2.72122e-32	4.17666e-32	6.40312e-32	9.80903e-32	1.50192e-31	2.29895e-31	3.51820e-31	5.38335e-31	8.23658e-31	1.26013e-30	1.92784e-30	2.94927e-30	4.51183e-30	6.90221e-30	1.05590e-29	1.61531e-29	2.47110e-29	3.78031e-29	5.78318e-29	8.84725e-29	1.35349e-28	2.07064e-28	3.16781e-28	4.84642e-28	7.41463e-28	1.13440e-27	1.73561e-27	2.65551e-27	4.06308e-27	6.21697e-27	9.51300e-27	1.45571e-26	2.22769e-26	3.40926e-26	5.21787e-26	7.98656e-26	1.22255e-25	1.87161e-25	2.86559e-25	4.38807e-25	6.72049e-25	1.02945e-24	1.57726e-24	2.41715e-24	3.70531e-24	5.68178e-24	8.71576e-24	1.33756e-23	2.05369e-23	3.15505e-23	4.85027e-23	7.46209e-23	1.14906e-22	1.77123e-22	2.73358e-22	4.22474e-22	6.54001e-22	1.01436e-21	1.57680e-21	2.45759e-21	3.84231e-21	6.02941e-21	9.50292e-21	1.50560e-20	2.40048e-20	3.85655e-20	6.25403e-20	1.02601e-19	1.70796e-19	2.89685e-19	5.03576e-19	9.05218e-19	1.70692e-18	3.46339e-18	7.97124e-18	2.40428e-17	2.11568e-16	9.87161e-16	1.05104e-15	1.07608e-15	1.08364e-15	1.08368e-15	1.08368e-15	1.08368e-15	1.08368e-15	1.08368e-15	1.08368e-15	1.08368e-15	1.08368e-15	1.08368e-15	1.08368e-15	1.08368e-15	1.08368e-15	1.08368e-15	1.08368e-15	1.08368e-15	1.08368e-15	1.08368e-15	1.08368e-15	1.08368e-15	1.08368e-15	1.08368e-15	1.08368e-15	1.08368e-15	1.08368e-15	1.08368e-15	1.08368e-15	1.08368e-15	1.08368e-15	1.08368e-15	1.08368e-15	1.08368e-15	1.08368e-15	1.08368e-15	1.08368e-15	1.08368e-15	1.08368e-15	1.08368e-15	1.08368e-15	1.08368e-15	1.08368e-15	1.08368e-15	1.08368e-15	1.08368e-15	1.08368e-15	1.08368e-15	1.08368e-15	1.08368e-15	1.08368e-15	1.08368e-15	1.08368e-15	1.08368e-15	1.08368e-15	1.08368e-15	1.08368e-15	1.08368e-15	1.08368e-15	1.08368e-15	1.08368e-15	1.08368e-15	1.08368e-15	1.08368e-15	1.08368e-15	1.08368e-15	1.08368e-15	1.08368e-15	1.08368e-15	1.08368e-15	1.08368e-15	1.08368e-15	1.08368e-15	1.08368e-15	1.08368e-15	1.08368e-15	1.08368e-15	1.08368e-15	1.08368e-15	1.08368e-15	1.08368e-15	1.08368e-15	1.08368e-15	1.08368e-15	1.08368e-15	1.08368e-15	1.08368e-15	1.08368e-15	1.08368e-15	1.08368e-15	1.08368e-15	1.08368e-15	1.08368e-15	1.08368e-15	1.08368e-15	1.08368e-15	1.08368e-15	1.08368e-15
23.90	1.10216e-34	2.87509e-34	5.58720e-34	9.73601e-34	1.60826e-33	2.57912e-33	4.06428e-33	6.33619e-33	9.81161e-33	1.51281e-32	2.32609e-32	3.57021e-32	5.47338e-32	8.38475e-32	1.28384e-31	1.96514e-31	3.00735e-31	4.60168e-31	7.04061e-31	1.07716e-30	1.64791e-30	2.52103e-30	3.85671e-30	5.90000e-30	9.02580e-30	1.38077e-29	2.11230e-29	3.23140e-29	4.94345e-29	7.56262e-29	1.15696e-28	1.76998e-28	2.70784e-28	4.14271e-28	6.33801e-28	9.69682e-28	1.48359e-27	2.26992e-27	3.47312e-27	5.31425e-27	8.13170e-27	1.24434e-26	1.90423e-26	2.91423e-26	4.46022e-26	6.82690e-26	1.04503e-25	1.59985e-25	2.44951e-25	3.75092e-25	5.74467e-25	8.79975e-25	1.34824e-24	2.06617e-24	3.16729e-24	4.85677e-24	7.45022e-24	1.14334e-23	1.75549e-23	2.69693e-23	4.14601e-23	6.37858e-23	9.82215e-23	1.51405e-22	2.33666e-22	3.61130e-22	5.59039e-22	8.67069e-22	1.34785e-21	2.10074e-21	3.28440e-21	5.15393e-21	8.12308e-21	1.28699e-20	2.05192e-20	3.29657e-20	5.34593e-20	8.77033e-20	1.45996e-19	2.47622e-19	4.30456e-19	7.73779e-19	1.45907e-18	2.96050e-18	6.81380e-18	2.05518e-17	1.80848e-16	8.43823e-16	8.98425e-16	9.19830e-16	9.32404e-16	9.33249e-16	9.33250e-16	9.33250e-16	9.33250e-16	9.33250e-16	9.33250e-16	9.33250e-16	9.33250e-16	9.33250e-16	9.33250e-16	9.33250e-16	9.33250e-16	9.33250e-16	9.33250e-16	9.33250e-16	9.33250e-16	9.33250e-16	9.33250e-16	9.33250e-16	9.33250e-16	9.33250e-16	9.33250e-16	9.33250e-16	9.33250e-16	9.33250e-16	9.33250e-16	9.33250e-16	9.33250e-16	9.33250e-16	9.33250e-16	9.33250e-16	9.33250e-16	9.33250e-16	9.33250e-16	9.33250e-16	9.33250e-16	9.33250e-16	9.33250e-16	9.33250e-16	9.33250e-16	9.33250e-16	9.33250e-16	9.33250e-16	9.33250e-16	9.33250e-16	9.33250e-16	9.33250e-16	9.33250e-16	9.33250e-16	9.33250e-16	9.33250e-16	9.33250e-16	9.33250e-16	9.33250e-16	9.33250e-16	9.33250e-16	9.33250e-16	9.33250e-16	9.33250e-16	9.33250e-16	9.33250e-16	9.33250e-16	9.33250e-16	9.33250e-16	9.33250e-16	9.33250e-16	9.33250e-16	9.33250e-16	9.33250e-16	9.33250e-16	9.33250e-16	9.33250e-16	9.33250e-16	9.33250e-16	9.33250e-16	9.33250e-16	9.33250e-16	9.33250e-16	9.33250e-16	9.33250e-16	9.33250e-16	9.33250e-16	9.33250e-16	9.33250e-16	9.33250e-16	9.33250e-16	9.33250e-16	9.33250e-16	9.33250e-16	9.33250e-16	9.33250e-16	9.33250e-16	9.33250e-16	9.33250e-16	9.33250e-16
23.93	9.42123e-35	2.45762e-34	4.77593e-34	8.32233e-34	1.37474e-33	2.20463e-33	3.47414e-33	5.41616e-33	8.38694e-33	1.29315e-32	1.98834e-32	3.05181e-32	4.67864e-32	7.16727e-32	1.09742e-31	1.67980e-31	2.57068e-31	3.93351e-31	6.01831e-31	9.20755e-31	1.40863e-30	2.15497e-30	3.29671e-30	5.04331e-30	7.71524e-30	1.18028e-29	1.80559e-29	2.76220e-29	4.22565e-29	6.46451e-29	9.88967e-29	1.51298e-28	2.31466e-28	3.54118e-28	5.41772e-28	8.28883e-28	1.26817e-27	1.94033e-27	2.96882e-27	4.54261e-27	6.95096e-27	1.06366e-26	1.62773e-26	2.49108e-26	3.81259e-26	5.83562e-26	8.93290e-26	1.36755e-25	2.09383e-25	3.20628e-25	4.91053e-25	7.52201e-25	1.15247e-24	1.76616e-24	2.70739e-24	4.15156e-24	6.36844e-24	9.77327e-24	1.50059e-23	2.30533e-23	3.54400e-23	5.45240e-23	8.39596e-23	1.29421e-22	1.99738e-22	3.08693e-22	4.77866e-22	7.41170e-22	1.15214e-21	1.79571e-21	2.80750e-21	4.40557e-21	6.94360e-21	1.10012e-20	1.75398e-20	2.81791e-20	4.56969e-20	7.49687e-20	1.24797e-19	2.11667e-19	3.67953e-19	6.61425e-19	1.24721e-18	2.53063e-18	5.82443e-18	1.75676e-17	1.54589e-16	7.21299e-16	7.67973e-16	7.86269e-16	7.97786e-16	8.02825e-16	8.02867e-16	8.02867e-16	8.02867e-16	8.02867e-16	8.02867e-16	8.02867e-16	8.02867e-16	8.02867e-16	8.02867e-16	8.02867e-16	8.02867e-16	8.02867e-16	8.02867e-16	8.02867e-16	8.02867e-16	8.02867e-16	8.02867e-16	8.02867e-16	8.02867e-16	8.02867e-16	8.02867e-16	8.02867e-16	8.02867e-16	8.02867e-16	8.02867e-16	8.02867e-16	8.02867e-16	8.02867e-16	8.02867e-16	8.02867e-16	8.02867e-16	8.02867e-16	8.02867e-16	8.02867e-16	8.02867e-16	8.02867e-16	8.02867e-16	8.02867e-16	8.02867e-16	8.02867e-16	8.02867e-16	8.02867e-16	8.02867e-16	8.02867e-16	8.02867e-16	8.02867e-16	8.02867e-16	8.02867e-16	8.02867e-16	8.02867e-16	8.02867e-16	8.02867e-16	8.02867e-16	8.02867e-16	8.02867e-16	8.02867e-16	8.02867e-16	8.02867e-16	8.02867e-16	8.02867e-16	8.02867e-16	8.02867e-16	8.02867e-16	8.02867e-16	8.02867e-16	8.02867e-16	8.02867e-16	8.02867e-16	8.02867e-16	8.02867e-16	8.02867e-16	8.02867e-16	8.02867e-16	8.02867e-16	8.02867e-16	8.02867e-16	8.02867e-16	8.02867e-16	8.02867e-16	8.02867e-16	8.02867e-16	8.02867e-16	8.02867e-16	8.02867e-16	8.02867e-16	8.02867e-16	8.02867e-16	8.02867e-16	8.02867e-16	8.02867e-16	8.02867e-16	8.02867e-16	8.02867e-16	8.02867e-16
23.97	8.05325e-35	2.10077e-34	4.08246e-34	7.11391e-34	1.17512e-33	1.88451e-33	2.96969e-33	4.62973e-33	7.16915e-33	1.10538e-32	1.69963e-32	2.60868e-32	3.99929e-32	6.12657e-32	9.38077e-32	1.43589e-31	2.19741e-31	3.36236e-31	5.14444e-31	7.87060e-31	1.20410e-30	1.84207e-30	2.81802e-30	4.31101e-30	6.59498e-30	1.00890e-29	1.54341e-29	2.36112e-29	3.61208e-29	5.52586e-29	8.45367e-29	1.29329e-28	1.97857e-28	3.02700e-28	4.63106e-28	7.08528e-28	1.08403e-27	1.65859e-27	2.53774e-27	3.88302e-27	5.94167e-27	9.09215e-27	1.39138e-26	2.12937e-26	3.25900e-26	4.98828e-26	7.63583e-26	1.16898e-25	1.78981e-25	2.74072e-25	4.19752e-25	6.42981e-25	9.85131e-25	1.50971e-24	2.31428e-24	3.54875e-24	5.44373e-24	8.35418e-24	1.28270e-23	1.97060e-23	3.02941e-23	4.66071e-23	7.17685e-23	1.10628e-22	1.70735e-22	2.63870e-22	4.08479e-22	6.33551e-22	9.84845e-22	1.53497e-21	2.39985e-21	3.76588e-21	5.93538e-21	9.40377e-21	1.49930e-20	2.40874e-20	3.90617e-20	6.40831e-20	1.06676e-19	1.80933e-19	3.14526e-19	5.65385e-19	1.06612e-18	2.16318e-18	4.97871e-18	1.50168e-17	1.32142e-16	6.16565e-16	6.56462e-16	6.72102e-16	6.81947e-16	6.89329e-16	6.90226e-16	6.90228e-16	6.90228e-16	6.90228e-16	6.90228e-16	6.90228e-16	6.90228e-16	6.90228e-16	6.90228e-16	6.90228e-16	6.90228e-16	6.90228e-16	6.90228e-16	6.90228e-16	6.90228e-16	6.90228e-16	6.90228e-16	6.90228e-16	6.90228e-16	6.90228e-16	6.90228e-16	6.90228e-16	6.90228e-16	6.90228e-16	6.90228e-16	6.90228e-16	6.90228e-16	6.90228e-16	6.90228e-16	6.90228e-16	6.90228e-16	6.90228e-16	6.90228e-16	6.90228e-16	6.90228e-16	6.90228e-16	6.90228e-16	6.90228e-16	6.90228e-16	6.90228e-16	6.90228e-16	6.90228e-16	6.90228e-16	6.90228e-16	6.90228e-16	6.90228e-16	6.90228e-16	6.90228e-16	6.90228e-16	6.90228e-16	6.90228e-16	6.90228e-16	6.90228e-16	6.90228e-16	6.90228e-16	6.90228e-16	6.90228e-16	6.90228e-16	6.90228e-16	6.90228e-16	6.90228e-16	6.90228e-16	6.90228e-16	6.90228e-16	6.90228e-16	6.90228e-16	6.90228e-16	6.90228e-16	6.90228e-16	6.90228e-16	6.90228e-16	6.90228e-16	6.90228e-16	6.90228e-16	6.90228e-16	6.90228e-16	6.90228e-16	6.90228e-16	6.90228e-16	6.90228e-16	6.90228e-16	6.90228e-16	6.90228e-16	6.90228e-16	6.90228e-16	6.90228e-16	6.90228e-16	6.90228e-16	6.90228e-16	6.90228e-16	6.90228e-16	6.90228e-16	6.90228e-16	6.90228e-16
24.00	6.88391e-35	1.79574e-34	3.48968e-34	6.08096e-34	1.00449e-33	1.61088e-33	2.53849e-33	3.95748e-33	6.12818e-33	9.44877e-33	1.45284e-32	2.22990e-32	3.41859e-32	5.23698e-32	8.01866e-32	1.22739e-31	1.87834e-31	2.87414e-31	4.39746e-31	6.72777e-31	1.02926e-30	1.57460e-30	2.40884e-30	3.68505e-30	5.63738e-30	8.62404e-30	1.31931e-29	2.01828e-29	3.08760e-29	4.72349e-29	7.22619e-29	1.10550e-28	1.69128e-28	2.58747e-28	3.95862e-28	6.05648e-28	9.26629e-28	1.41776e-27	2.16926e-27	3.31920e-27	5.07893e-27	7.77195e-27	1.18935e-26	1.82018e-26	2.78579e-26	4.26398e-26	6.52709e-26	9.99239e-26	1.52992e-25	2.34277e-25	3.58803e-25	5.49619e-25	8.42088e-25	1.29050e-24	1.97824e-24	3.03347e-24	4.65329e-24	7.14114e-24	1.09645e-23	1.68446e-23	2.58953e-23	3.98396e-23	6.13476e-23	9.45650e-23	1.45944e-22	2.25556e-22	3.49167e-22	5.41558e-22	8.41844e-22	1.31209e-21	2.05139e-21	3.21907e-21	5.07355e-21	8.03833e-21	1.28160e-20	2.05899e-20	3.33899e-20	5.47781e-20	9.11868e-20	1.54661e-19	2.68856e-19	4.83290e-19	9.11314e-19	1.84908e-18	4.25580e-18	1.28363e-17	1.12955e-16	5.27039e-16	5.61142e-16	5.74511e-16	5.82927e-16	5.89393e-16	5.93063e-16	5.93117e-16	5.93117e-16	5.93117e-16	5.93117e-16	5.93117e-16	5.93117e-16	5.93117e-16	5.93117e-16	5.93117e-16	5.93117e-16	5.93117e-16	5.93117e-16	5.93117e-16	5.93117e-16	5.93117e-16	5.93117e-16	5.93117e-16	5.93117e-16	5.93117e-16	5.93117e-16	5.93117e-16	5.93117e-16	5.93117e-16	5.93117e-16	5.93117e-16	5.93117e-16	5.93117e-16	5.93117e-16	5.93117e-16	5.93117e-16	5.93117e-16	5.93117e-16	5.93117e-16	5.93117e-16	5.93117e-16	5.93117e-16	5.93117e-16	5.93117e-16	5.93117e-16	5.93117e-16	5.93117e-16	5.93117e-16	5.93117e-16	5.93117e-16	5.93117e-16	5.93117e-16	5.93117e-16	5.93117e-16	5.93117e-16	5.93117e-16	5.93117e-16	5.93117e-16	5.93117e-16	5.93117e-16	5.93117e-16	5.93117e-16	5.93117e-16	5.93117e-16	5.93117e-16	5.93117e-16	5.93117e-16	5.93117e-16	5.93117e-16	5.93117e-16	5.93117e-16	5.93117e-16	5.93117e-16	5.93117e-16	5.93117e-16	5.93117e-16	5.93117e-16	5.93117e-16	5.93117e-16	5.93117e-16	5.93117e-16	5.93117e-16	5.93117e-16	5.93117e-16	5.93117e-16	5.93117e-16	5.93117e-16	5.93117e-16	5.93117e-16	5.93117e-16	5.93117e-16	5.93117e-16	5.93117e-16	5.93117e-16	5.93117e-16	5.93117e-16	5.93117e-16	5.93117e-16	5.93117e-16
24.04	5.88435e-35	1.53499e-34	2.98297e-34	5.19800e-34	8.58640e-34	1.37698e-33	2.16989e-33	3.38285e-33	5.23836e-33	8.07679e-33	1.24189e-32	1.90611e-32	2.92220e-32	4.47656e-32	6.85434e-32	1.04917e-31	1.60561e-31	2.45681e-31	3.75894e-31	5.75089e-31	8.79810e-31	1.34596e-30	2.05907e-30	3.14997e-30	4.81882e-30	7.37182e-30	1.12774e-29	1.72523e-29	2.63928e-29	4.03764e-29	6.17693e-29	9.44981e-29	1.44570e-28	2.21177e-28	3.38383e-28	5.17707e-28	7.92081e-28	1.21190e-27	1.85428e-27	2.83725e-27	4.34146e-27	6.64345e-27	1.01665e-26	1.55589e-26	2.38129e-26	3.64484e-26	5.57935e-26	8.54148e-26	1.30778e-25	2.00259e-25	3.06704e-25	4.69813e-25	7.19816e-25	1.10312e-24	1.69100e-24	2.59300e-24	3.97763e-24	6.10423e-24	9.37246e-24	1.43988e-23	2.21353e-23	3.40549e-23	5.24399e-23	8.08340e-23	1.24753e-22	1.92805e-22	2.98468e-22	4.62923e-22	7.19607e-22	1.12157e-21	1.75352e-21	2.75165e-21	4.33686e-21	6.87115e-21	1.09551e-20	1.76002e-20	2.85416e-20	4.68243e-20	7.79464e-20	1.32204e-19	2.29818e-19	4.13116e-19	7.78990e-19	1.58059e-18	3.63785e-18	1.09725e-17	9.65537e-17	4.50512e-16	4.79664e-16	4.91091e-16	4.98285e-16	5.03812e-16	5.08543e-16	5.09507e-16	5.09510e-16	5.09510e-16	5.09510e-16	5.09510e-16	5.09510e-16	5.09510e-16	5.09510e-16	5.09510e-16	5.09510e-16	5.09510e-16	5.09510e-16	5.09510e-16	5.09510e-16	5.09510e-16	5.09510e-16	5.09510e-16	5.09510e-16	5.09510e-16	5.09510e-16	5.09510e-16	5.09510e-16	5.09510e-16	5.09510e-16	5.09510e-16	5.09510e-16	5.09510e-16	5.09510e-16	5.09510e-16	5.09510e-16	5.09510e-16	5.09510e-16	5.09510e-16	5.09510e-16	5.09510e-16	5.09510e-16	5.09510e-16	5.09510e-16	5.09510e-16	5.09510e-16	5.09510e-16	5.09510e-16	5.09510e-16	5.09510e-16	5.09510e-16	5.09510e-16	5.09510e-16	5.09510e-16	5.09510e-16	5.09510e-16	5.09510e-16	5.09510e-16	5.09510e-16	5.09510e-16	5.09510e-16	5.09510e-16	5.09510e-16	5.09510e-16	5.09510e-16	5.09510e-16	5.09510e-16	5.09510e-16	5.09510e-16	5.09510e-16	5.09510e-16	5.09510e-16	5.09510e-16	5.09510e-16	5.09510e-16	5.09510e-16	5.09510e-16	5.09510e-16	5.09510e-16	5.09510e-16	5.09510e-16	5.09510e-16	5.09510e-16	5.09510e-16	5.09510e-16	5.09510e-16	5.09510e-16	5.09510e-16	5.09510e-16	5.09510e-16	5.09510e-16	5.09510e-16	5.09510e-16	5.09510e-16	5.09510e-16	5.09510e-16	5.09510e-16	5.09510e-16	5.09510e-16
24.07	5.02993e-35	1.31211e-34	2.54984e-34	4.44324e-34	7.33964e-34	1.17704e-33	1.85482e-33	2.89166e-33	4.47774e-33	6.90403e-33	1.06156e-32	1.62934e-32	2.49790e-32	3.82656e-32	5.85908e-32	8.96833e-32	1.37247e-31	2.10008e-31	3.21314e-31	4.91585e-31	7.52061e-31	1.15053e-30	1.76009e-30	2.69259e-30	4.11912e-30	6.30142e-30	9.63992e-30	1.47472e-29	2.25605e-29	3.45136e-29	5.28003e-29	8.07768e-29	1.23578e-28	1.89062e-28	2.89249e-28	4.42535e-28	6.77070e-28	1.03593e-27	1.58503e-27	2.42527e-27	3.71108e-27	5.67881e-27	8.69035e-27	1.32997e-26	2.03552e-26	3.11560e-26	4.76922e-26	7.30124e-26	1.11788e-25	1.71181e-25	2.62170e-25	4.01596e-25	6.15297e-25	9.42943e-25	1.44546e-24	2.21649e-24	3.40007e-24	5.21789e-24	8.01156e-24	1.23080e-23	1.89212e-23	2.91101e-23	4.48255e-23	6.90968e-23	1.06639e-22	1.64809e-22	2.55130e-22	3.95706e-22	6.15119e-22	9.58720e-22	1.49891e-21	2.35211e-21	3.70714e-21	5.87345e-21	9.36440e-21	1.50446e-20	2.43973e-20	4.00253e-20	6.66284e-20	1.13008e-19	1.96448e-19	3.53131e-19	6.65879e-19	1.35109e-18	3.10963e-18	9.37925e-18	8.25340e-17	3.85097e-16	4.10016e-16	4.19784e-16	4.25933e-16	4.30658e-16	4.34713e-16	4.37523e-16	4.37596e-16	4.37596e-16	4.37596e-16	4.37596e-16	4.37596e-16	4.37596e-16	4.37596e-16	4.37596e-16	4.37596e-16	4.37596e-16	4.37596e-16	4.37596e-16	4.37596e-16	4.37596e-16	4.37596e-16	4.37596e-16	4.37596e-16	4.37596e-16	4.37596e-16	4.37596e-16	4.37596e-16	4.37596e-16	4.37596e-16	4.37596e-16	4.37596e-16	4.37596e-16	4.37596e-16	4.37596e-16	4.37596e-16	4.37596e-16	4.37596e-16	4.37596e-16	4.37596e-16	4.37596e-16	4.37596e-16	4.37596e-16	4.37596e-16	4.37596e-16	4.37596e-16	4.37596e-16	4.37596e-16	4.37596e-16	4.37596e-16	4.37596e-16	4.37596e-16	4.37596e-16	4.37596e-16	4.37596e-16	4.37596e-16	4.37596e-16	4.37596e-16	4.37596e-16	4.37596e-16	4.37596e-16	4.37596e-16	4.37596e-16	4.37596e-16	4.37596e-16	4.37596e-16	4.37596e-16	4.37596e-16	4.37596e-16	4.37596e-16	4.37596e-16	4.37596e-16	4.37596e-16	4.37596e-16	4.37596e-16	4.37596e-16	4.37596e-16	4.37596e-16	4.37596e-16	4.37596e-16	4.37596e-16	4.37596e-16	4.37596e-16	4.37596e-16	4.37596e-16	4.37596e-16	4.37596e-16	4.37596e-16	4.37596e-16	4.37596e-16	4.37596e-16	4.37596e-16	4.37596e-16	4.37596e-16	4.37596e-16	4.37596e-16	4.37596e-16	4.37596e-16	4.37596e-16
24.10	4.29958e-35	1.12159e-34	2.17960e-34	3.79808e-34	6.27392e-34	1.00613e-33	1.58550e-33	2.47178e-33	3.82756e-33	5.90155e-33	9.07422e-33	1.39276e-32	2.13520e-32	3.27094e-32	5.00833e-32	7.66611e-32	1.17318e-31	1.79514e-31	2.74658e-31	4.20206e-31	6.42860e-31	9.83469e-31	1.50452e-30	2.30162e-30	3.52102e-30	5.38644e-30	8.24019e-30	1.26059e-29	1.92847e-29	2.95022e-29	4.51336e-29	6.90479e-29	1.05635e-28	1.61610e-28	2.47250e-28	3.78279e-28	5.78758e-28	8.85510e-28	1.35488e-27	2.07312e-27	3.17222e-27	4.85424e-27	7.42850e-27	1.13686e-26	1.73996e-26	2.66321e-26	4.07672e-26	6.24109e-26	9.55566e-26	1.46326e-25	2.24103e-25	3.43283e-25	5.25955e-25	8.06026e-25	1.23558e-24	1.89466e-24	2.90637e-24	4.46024e-24	6.84827e-24	1.05209e-23	1.61738e-23	2.48832e-23	3.83168e-23	5.90639e-23	9.11546e-23	1.40879e-22	2.18085e-22	3.38249e-22	5.25803e-22	8.19512e-22	1.28127e-21	2.01058e-21	3.16886e-21	5.02061e-21	8.00467e-21	1.28601e-20	2.08548e-20	3.42136e-20	5.69539e-20	9.65990e-20	1.67923e-19	3.01856e-19	5.69193e-19	1.15491e-18	2.65810e-18	8.01737e-18	7.05499e-17	3.29180e-16	3.50481e-16	3.58831e-16	3.64087e-16	3.68126e-16	3.71592e-16	3.74784e-16	3.75778e-16	3.75782e-16	3.75782e-16	3.75782e-16	3.75782e-16	3.75782e-16	3.75782e-16	3.75782e-16	3.75782e-16	3.75782e-16	3.75782e-16	3.75782e-16	3.75782e-16	3.75782e-16	3.75782e-16	3.75782e-16	3.75782e-16	3.75782e-16	3.75782e-16	3.75782e-16	3.75782e-16	3.75782e-16	3.75782e-16	3.75782e-16	3.75782e-16	3.75782e-16	3.75782e-16	3.75782e-16	3.75782e-16	3.75782e-16	3.75782e-16	3.75782e-16	3.75782e-16	3.75782e-16	3.75782e-16	3.75782e-16	3.75782e-16	3.75782e-16	3.75782e-16	3.75782e-16	3.75782e-16	3.75782e-16	3.75782e-16	3.75782e-16	3.75782e-16	3.75782e-16	3.75782e-16	3.75782e-16	3.75782e-16	3.75782e-16	3.75782e-16	3.75782e-16	3.75782e-16	3.75782e-16	3.75782e-16	3.75782e-16	3.75782e-16	3.75782e-16	3.75782e-16	3.75782e-16	3.75782e-16	3.75782e-16	3.75782e-16	3.75782e-16	3.75782e-16	3.75782e-16	3.75782e-16	3.75782e-16	3.75782e-16	3.75782e-16	3.75782e-16	3.75782e-16	3.75782e-16	3.75782e-16	3.75782e-16	3.75782e-16	3.75782e-16	3.75782e-16	3.75782e-16	3.75782e-16	3.75782e-16	3.75782e-16	3.75782e-16	3.75782e-16	3.75782e-16	3.75782e-16	3.75782e-16	3.75782e-16	3.75782e-16	3.75782e-16	3.75782e-16	3.75782e-16
24.14	3.67527e-35	9.58732e-35	1.86312e-34	3.24659e-34	5.36293e-34	8.60038e-34	1.35528e-33	2.11288e-33	3.27180e-33	5.04464e-33	7.75663e-33	1.19053e-32	1.82516e-32	2.79599e-32	4.28112e-32	6.55298e-32	1.00284e-31	1.53448e-31	2.34778e-31	3.59192e-31	5.49516e-31	8.40668e-31	1.28606e-30	1.96742e-30	3.00976e-30	4.60432e-30	7.04370e-30	1.07755e-29	1.64845e-29	2.52184e-29	3.85802e-29	5.90220e-29	9.02962e-29	1.38144e-28	2.11349e-28	3.23352e-28	4.94722e-28	7.56932e-28	1.15815e-27	1.77210e-27	2.71161e-27	4.14940e-27	6.34987e-27	9.71783e-27	1.48731e-26	2.27651e-26	3.48477e-26	5.33487e-26	8.16816e-26	1.25079e-25	1.91563e-25	2.93438e-25	4.49586e-25	6.88990e-25	1.05617e-24	1.61955e-24	2.48436e-24	3.81261e-24	5.85389e-24	8.99324e-24	1.38253e-23	2.12701e-23	3.27531e-23	5.04877e-23	7.79188e-23	1.20423e-22	1.86418e-22	2.89135e-22	4.49455e-22	7.00518e-22	1.09522e-21	1.71864e-21	2.70874e-21	4.29161e-21	6.84238e-21	1.09928e-20	1.78266e-20	2.92457e-20	4.86841e-20	8.25726e-20	1.43541e-19	2.58026e-19	4.86545e-19	9.87215e-19	2.27214e-18	6.85323e-18	6.03060e-17	2.81383e-16	2.99591e-16	3.06728e-16	3.11221e-16	3.14673e-16	3.17636e-16	3.20365e-16	3.22576e-16	3.22675e-16	3.22675e-16	3.22675e-16	3.22675e-16	3.22675e-16	3.22675e-16	3.22675e-16	3.22675e-16	3.22675e-16	3.22675e-16	3.22675e-16	3.22675e-16	3.22675e-16	3.22675e-16	3.22675e-16	3.22675e-16	3.22675e-16	3.22675e-16	3.22675e-16	3.22675e-16	3.22675e-16	3.22675e-16	3.22675e-16	3.22675e-16	3.22675e-16	3.22675e-16	3.22675e-16	3.22675e-16	3.22675e-16	3.22675e-16	3.22675e-16	3.22675e-16	3.22675e-16	3.22675e-16	3.22675e-16	3.22675e-16	3.22675e-16	3.22675e-16	3.22675e-16	3.22675e-16	3.22675e-16	3.22675e-16	3.22675e-16	3.22675e-16	3.22675e-16	3.22675e-16	3.22675e-16	3.22675e-16	3.22675e-16	3.22675e-16	3.22675e-16	3.22675e-16	3.22675e-16	3.22675e-16	3.22675e-16	3.22675e-16	3.22675e-16	3.22675e-16	3.22675e-16	3.22675e-16	3.22675e-16	3.22675e-16	3.22675e-16	3.22675e-16	3.22675e-16	3.22675e-16	3.22675e-16	3.22675e-16	3.22675e-16	3.22675e-16	3.22675e-16	3.22675e-16	3.22675e-16	3.22675e-16	3.22675e-16	3.22675e-16	3.22675e-16	3.22675e-16	3.22675e-16	3.22675e-16	3.22675e-16	3.22675e-16	3.22675e-16	3.22675e-16	3.22675e-16	3.22675e-16	3.22675e-16	3.22675e-16	3.22675e-16	3.22675e-16	3.22675e-16
24.17	3.14162e-35	8.19523e-35	1.59259e-34	2.77518e-34	4.58423e-34	7.35159e-34	1.15849e-33	1.80608e-33	2.79673e-33	4.31215e-33	6.63036e-33	1.01766e-32	1.56015e-32	2.39001e-32	3.65949e-32	5.60148e-32	8.57223e-32	1.31167e-31	2.00688e-31	3.07036e-31	4.69725e-31	7.18602e-31	1.09933e-30	1.68175e-30	2.57274e-30	3.93577e-30	6.02094e-30	9.21088e-30	1.40909e-29	2.15567e-29	3.29783e-29	5.04520e-29	7.71851e-29	1.18085e-28	1.80660e-28	2.76401e-28	4.22887e-28	6.47025e-28	9.89987e-28	1.51479e-27	2.31788e-27	3.54690e-27	5.42786e-27	8.30679e-27	1.27135e-26	1.94596e-26	2.97878e-26	4.56024e-26	6.98213e-26	1.06917e-25	1.63748e-25	2.50830e-25	3.84305e-25	5.88948e-25	9.02813e-25	1.38439e-24	2.12363e-24	3.25901e-24	5.00390e-24	7.68741e-24	1.18179e-23	1.81817e-23	2.79973e-23	4.31568e-23	6.66049e-23	1.02937e-22	1.59350e-22	2.47152e-22	3.84194e-22	5.98802e-22	9.36195e-22	1.46909e-21	2.31542e-21	3.66846e-21	5.84886e-21	9.39664e-21	1.52382e-20	2.49992e-20	4.16151e-20	7.05830e-20	1.22698e-19	2.20560e-19	4.15898e-19	8.43870e-19	1.94222e-18	5.85813e-18	5.15494e-17	2.40526e-16	2.56090e-16	2.62191e-16	2.66031e-16	2.68982e-16	2.71515e-16	2.73848e-16	2.76102e-16	2.77061e-16	2.77066e-16	2.77066e-16	2.77066e-16	2.77066e-16	2.77066e-16	2.77066e-16	2.77066e-16	2.77066e-16	2.77066e-16	2.77066e-16	2.77066e-16	2.77066e-16	2.77066e-16	2.77066e-16	2.77066e-16	2.77066e-16	2.77066e-16	2.77066e-16	2.77066e-16	2.77066e-16	2.77066e-16	2.77066e-16	2.77066e-16	2.77066e-16	2.77066e-16	2.77066e-16	2.77066e-16	2.77066e-16	2.77066e-16	2.77066e-16	2.77066e-16	2.77066e-16	2.77066e-16	2.77066e-16	2.77066e-16	2.77066e-16	2.77066e-16	2.77066e-16	2.77066e-16	2.77066e-16	2.77066e-16	2.77066e-16	2.77066e-16	2.77066e-16	2.77066e-16	2.77066e-16	2.77066e-16	2.77066e-16	2.77066e-16	2.77066e-16	2.77066e-16	2.77066e-16	2.77066e-16	2.77066e-16	2.77066e-16	2.77066e-16	2.77066e-16	2.77066e-16	2.77066e-16	2.77066e-16	2.77066e-16	2.77066e-16	2.77066e-16	2.77066e-16	2.77066e-16	2.77066e-16	2.77066e-16	2.77066e-16	2.77066e-16	2.77066e-16	2.77066e-16	2.77066e-16	2.77066e-16	2.77066e-16	2.77066e-16	2.77066e-16	2.77066e-16	2.77066e-16	2.77066e-16	2.77066e-16	2.77066e-16	2.77066e-16	2.77066e-16	2.77066e-16	2.77066e-16	2.77066e-16	2.77066e-16	2.77066e-16	2.77066e-16	2.77066e-16
24.21	2.68545e-35	7.00527e-35	1.36134e-34	2.37222e-34	3.91859e-34	6.28413e-34	9.90278e-34	1.54384e-33	2.39064e-33	3.68602e-33	5.66762e-33	8.69895e-33	1.33361e-32	2.04298e-32	3.12813e-32	4.78813e-32	7.32753e-32	1.12122e-31	1.71547e-31	2.62454e-31	4.01520e-31	6.14260e-31	9.39702e-31	1.43756e-30	2.19917e-30	3.36429e-30	5.14669e-30	7.87344e-30	1.20449e-29	1.84266e-29	2.81898e-29	4.31263e-29	6.59777e-29	1.00939e-28	1.54428e-28	2.36267e-28	3.61483e-28	5.53076e-28	8.46239e-28	1.29484e-27	1.98132e-27	3.03188e-27	4.63972e-27	7.10063e-27	1.08675e-26	1.66340e-26	2.54626e-26	3.89809e-26	5.96832e-26	9.13926e-26	1.39971e-25	2.14409e-25	3.28503e-25	5.03431e-25	7.71723e-25	1.18337e-24	1.81528e-24	2.78580e-24	4.27732e-24	6.57118e-24	1.01019e-23	1.55417e-23	2.39321e-23	3.68904e-23	5.69337e-23	8.79907e-23	1.36212e-22	2.11265e-22	3.28408e-22	5.11855e-22	8.00258e-22	1.25578e-21	1.97922e-21	3.13580e-21	4.99959e-21	8.03223e-21	1.30256e-20	2.13693e-20	3.55725e-20	6.03342e-20	1.04882e-19	1.88534e-19	3.55509e-19	7.21339e-19	1.66021e-18	5.00752e-18	4.40644e-17	2.05601e-16	2.18905e-16	2.24120e-16	2.27403e-16	2.29925e-16	2.32091e-16	2.34085e-16	2.36012e-16	2.37771e-16	2.37907e-16	2.37907e-16	2.37907e-16	2.37907e-16	2.37907e-16	2.37907e-16	2.37907e-16	2.37907e-16	2.37907e-16	2.37907e-16	2.37907e-16	2.37907e-16	2.37907e-16	2.37907e-16	2.37907e-16	2.37907e-16	2.37907e-16	2.37907e-16	2.37907e-16	2.37907e-16	2.37907e-16	2.37907e-16	2.37907e-16	2.37907e-16	2.37907e-16	2.37907e-16	2.37907e-16	2.37907e-16	2.37907e-16	2.37907e-16	2.37907e-16	2.37907e-16	2.37907e-16	2.37907e-16	2.37907e-16	2.37907e-16	2.37907e-16	2.37907e-16	2.37907e-16	2.37907e-16	2.37907e-16	2.37907e-16	2.37907e-16	2.37907e-16	2.37907e-16	2.37907e-16	2.37907e-16	2.37907e-16	2.37907e-16	2.37907e-16	2.37907e-16	2.37907e-16	2.37907e-16	2.37907e-16	2.37907e-16	2.37907e-16	2.37907e-16	2.37907e-16	2.37907e-16	2.37907e-16	2.37907e-16	2.37907e-16	2.37907e-16	2.37907e-16	2.37907e-16	2.37907e-16	2.37907e-16	2.37907e-16	2.37907e-16	2.37907e-16	2.37907e-16	2.37907e-16	2.37907e-16	2.37907e-16	2.37907e-16	2.37907e-16	2.37907e-16	2.37907e-16	2.37907e-16	2.37907e-16	2.37907e-16	2.37907e-16	2.37907e-16	2.37907e-16	2.37907e-16	2.37907e-16	2.37907e-16	2.37907e-16	2.37907e-16	2.37907e-16
24.24	2.29552e-35	5.98809e-35	1.16367e-34	2.02777e-34	3.34960e-34	5.37166e-34	8.46488e-34	1.31967e-33	2.04351e-33	3.15080e-33	4.84467e-33	7.43585e-33	1.13997e-32	1.74633e-32	2.67392e-32	4.09289e-32	6.26356e-32	9.58415e-32	1.46638e-31	2.24346e-31	3.43219e-31	5.25068e-31	8.03256e-31	1.22882e-30	1.87985e-30	2.87579e-30	4.39938e-30	6.73021e-30	1.02960e-29	1.57510e-29	2.40966e-29	3.68643e-29	5.63976e-29	8.62824e-29	1.32005e-28	2.01961e-28	3.08995e-28	4.72768e-28	7.23364e-28	1.10683e-27	1.69363e-27	2.59165e-27	3.96603e-27	6.06961e-27	9.28954e-27	1.42187e-26	2.17654e-26	3.33208e-26	5.10171e-26	7.81223e-26	1.19647e-25	1.83277e-25	2.80804e-25	4.30332e-25	6.59667e-25	1.01155e-24	1.55170e-24	2.38130e-24	3.65625e-24	5.61704e-24	8.63510e-24	1.32850e-23	2.04571e-23	3.15338e-23	4.86669e-23	7.52143e-23	1.16434e-22	1.80589e-22	2.80723e-22	4.37533e-22	6.84060e-22	1.07344e-21	1.69184e-21	2.68048e-21	4.27365e-21	6.86594e-21	1.11342e-20	1.82664e-20	3.04073e-20	5.15736e-20	8.96532e-20	1.61159e-19	3.03888e-19	6.16599e-19	1.41915e-18	4.28042e-18	3.76662e-17	1.75747e-16	1.87120e-16	1.91578e-16	1.94384e-16	1.96540e-16	1.98391e-16	2.00095e-16	2.01742e-16	2.03391e-16	2.04284e-16	2.04292e-16	2.04292e-16	2.04292e-16	2.04292e-16	2.04292e-16	2.04292e-16	2.04292e-16	2.04292e-16	2.04292e-16	2.04292e-16	2.04292e-16	2.04292e-16	2.04292e-16	2.04292e-16	2.04292e-16	2.04292e-16	2.04292e-16	2.04292e-16	2.04292e-16	2.04292e-16	2.04292e-16	2.04292e-16	2.04292e-16	2.04292e-16	2.04292e-16	2.04292e-16	2.04292e-16	2.04292e-16	2.04292e-16	2.04292e-16	2.04292e-16	2.04292e-16	2.04292e-16	2.04292e-16	2.04292e-16	2.04292e-16	2.04292e-16	2.04292e-16	2.04292e-16	2.04292e-16	2.04292e-16	2.04292e-16	2.04292e-16	2.04292e-16	2.04292e-16	2.04292e-16	2.04292e-16	2.04292e-16	2.04292e-16	2.04292e-16	2.04292e-16	2.04292e-16	2.04292e-16	2.04292e-16	2.04292e-16	2.04292e-16	2.04292e-16	2.04292e-16	2.04292e-16	2.04292e-16	2.04292e-16	2.04292e-16	2.04292e-16	2.04292e-16	2.04292e-16	2.04292e-16	2.04292e-16	2.04292e-16	2.04292e-16	2.04292e-16	2.04292e-16	2.04292e-16	2.04292e-16	2.04292e-16	2.04292e-16	2.04292e-16	2.04292e-16	2.04292e-16	2.04292e-16	2.04292e-16	2.04292e-16	2.04292e-16	2.04292e-16	2.04292e-16	2.04292e-16	2.04292e-16	2.04292e-16	2.04292e-16	2.04292e-16
24.27	1.96221e-35	5.11861e-35	9.94707e-35	1.73333e-34	2.86324e-34	4.59169e-34	7.23577e-34	1.12805e-33	1.74679e-33	2.69330e-33	4.14122e-33	6.35615e-33	9.74443e-33	1.49276e-32	2.28566e-32	3.49860e-32	5.35408e-32	8.19252e-32	1.25346e-31	1.91770e-31	2.93383e-31	4.48827e-31	6.86622e-31	1.05040e-30	1.60689e-30	2.45822e-30	3.76059e-30	5.75297e-30	8.80098e-30	1.34640e-29	2.05977e-29	3.15115e-29	4.82086e-29	7.37540e-29	1.12838e-28	1.72636e-28	2.64129e-28	4.04122e-28	6.18330e-28	9.46113e-28	1.44771e-27	2.21534e-27	3.39016e-27	5.18829e-27	7.94068e-27	1.21541e-26	1.86050e-26	2.84826e-26	4.36093e-26	6.67788e-26	1.02274e-25	1.56665e-25	2.40031e-25	3.67848e-25	5.63883e-25	8.64667e-25	1.32639e-24	2.03553e-24	3.12536e-24	4.80144e-24	7.38127e-24	1.13560e-23	1.74867e-23	2.69551e-23	4.16004e-23	6.42931e-23	9.95276e-23	1.54367e-22	2.39962e-22	3.74002e-22	5.84733e-22	9.17571e-22	1.44618e-21	2.29127e-21	3.65311e-21	5.86899e-21	9.51753e-21	1.56141e-20	2.59921e-20	4.40850e-20	7.66354e-20	1.37758e-19	2.59763e-19	5.27068e-19	1.21308e-18	3.65890e-18	3.21970e-17	1.50229e-16	1.59950e-16	1.63760e-16	1.66159e-16	1.68002e-16	1.69584e-16	1.71041e-16	1.72449e-16	1.73858e-16	1.75258e-16	1.75440e-16	1.75441e-16	1.75441e-16	1.75441e-16	1.75441e-16	1.75441e-16	1.75441e-16	1.75441e-16	1.75441e-16	1.75441e-16	1.75441e-16	1.75441e-16	1.75441e-16	1.75441e-16	1.75441e-16	1.75441e-16	1.75441e-16	1.75441e-16	1.75441e-16	1.75441e-16	1.75441e-16	1.75441e-16	1.75441e-16	1.75441e-16	1.75441e-16	1.75441e-16	1.75441e-16	1.75441e-16	1.75441e-16	1.75441e-16	1.75441e-16	1.75441e-16	1.75441e-16	1.75441e-16	1.75441e-16	1.75441e-16	1.75441e-16	1.75441e-16	1.75441e-16	1.75441e-16	1.75441e-16	1.75441e-16	1.75441e-16	1.75441e-16	1.75441e-16	1.75441e-16	1.75441e-16	1.75441e-16	1.75441e-16	1.75441e-16	1.75441e-16	1.75441e-16	1.75441e-16	1.75441e-16	1.75441e-16	1.75441e-16	1.75441e-16	1.75441e-16	1.75441e-16	1.75441e-16	1.75441e-16	1.75441e-16	1.75441e-16	1.75441e-16	1.75441e-16	1.75441e-16	1.75441e-16	1.75441e-16	1.75441e-16	1.75441e-16	1.75441e-16	1.75441e-16	1.75441e-16	1.75441e-16	1.75441e-16	1.75441e-16	1.75441e-16	1.75441e-16	1.75441e-16	1.75441e-16	1.75441e-16	1.75441e-16	1.75441e-16	1.75441e-16	1.75441e-16	1.75441e-16	1.75441e-16	1.75441e-16	1.75441e-16
24.31	1.67729e-35	4.37538e-35	8.50274e-35	1.48165e-34	2.44749e-34	3.92497e-34	6.18512e-34	9.64257e-34	1.49315e-33	2.30223e-33	3.53991e-33	5.43323e-33	8.32953e-33	1.27601e-32	1.95378e-32	2.99059e-32	4.57666e-32	7.00295e-32	1.07146e-31	1.63925e-31	2.50783e-31	3.83657e-31	5.86924e-31	8.97877e-31	1.37357e-30	2.10128e-30	3.21454e-30	4.91763e-30	7.52307e-30	1.15090e-29	1.76069e-29	2.69360e-29	4.12086e-29	6.30448e-29	9.64535e-29	1.47569e-28	2.25777e-28	3.45443e-28	5.28548e-28	8.08736e-28	1.23750e-27	1.89367e-27	2.89790e-27	4.43494e-27	6.78768e-27	1.03893e-26	1.59035e-26	2.43468e-26	3.72772e-26	5.70824e-26	8.74238e-26	1.33917e-25	2.05178e-25	3.14435e-25	4.82006e-25	7.39116e-25	1.13379e-24	1.73997e-24	2.67155e-24	4.10426e-24	6.30950e-24	9.70709e-24	1.49476e-23	2.30411e-23	3.55599e-23	5.49576e-23	8.50760e-23	1.31953e-22	2.05119e-22	3.19697e-22	4.99829e-22	7.84338e-22	1.23619e-21	1.95857e-21	3.12267e-21	5.01681e-21	8.13557e-21	1.33469e-20	2.22180e-20	3.76838e-20	6.55078e-20	1.17756e-19	2.22045e-19	4.50537e-19	1.03694e-18	3.12762e-18	2.75219e-17	1.28415e-16	1.36725e-16	1.39982e-16	1.42032e-16	1.43608e-16	1.44960e-16	1.46206e-16	1.47409e-16	1.48614e-16	1.49851e-16	1.50667e-16	1.50679e-16	1.50679e-16	1.50679e-16	1.50679e-16	1.50679e-16	1.50679e-16	1.50679e-16	1.50679e-16	1.50679e-16	1.50679e-16	1.50679e-16	1.50679e-16	1.50679e-16	1.50679e-16	1.50679e-16	1.50679e-16	1.50679e-16	1.50679e-16	1.50679e-16	1.50679e-16	1.50679e-16	1.50679e-16	1.50679e-16	1.50679e-16	1.50679e-16	1.50679e-16	1.50679e-16	1.50679e-16	1.50679e-16	1.50679e-16	1.50679e-16	1.50679e-16	1.50679e-16	1.50679e-16	1.50679e-16	1.50679e-16	1.50679e-16	1.50679e-16	1.50679e-16	1.50679e-16	1.50679e-16	1.50679e-16	1.50679e-16	1.50679e-16	1.50679e-16	1.50679e-16	1.50679e-16	1.50679e-16	1.50679e-16	1.50679e-16	1.50679e-16	1.50679e-16	1.50679e-16	1.50679e-16	1.50679e-16	1.50679e-16	1.50679e-16	1.50679e-16	1.50679e-16	1.50679e-16	1.50679e-16	1.50679e-16	1.50679e-16	1.50679e-16	1.50679e-16	1.50679e-16	1.50679e-16	1.50679e-16	1.50679e-16	1.50679e-16	1.50679e-16	1.50679e-16	1.50679e-16	1.50679e-16	1.50679e-16	1.50679e-16	1.50679e-16	1.50679e-16	1.50679e-16	1.50679e-16	1.50679e-16	1.50679e-16	1.50679e-16	1.50679e-16	1.50679e-16	1.50679e-16	1.50679e-16	1.50679e-16
24.34	1.43375e-35	3.74007e-35	7.26813e-35	1.26651e-34	2.09211e-34	3.35506e-34	5.28703e-34	8.24245e-34	1.27635e-33	1.96794e-33	3.02591e-33	4.64432e-33	7.12007e-33	1.09073e-32	1.67009e-32	2.55636e-32	3.91212e-32	5.98611e-32	9.15881e-32	1.40123e-31	2.14369e-31	3.27949e-31	5.01701e-31	7.67504e-31	1.17413e-30	1.79617e-30	2.74779e-30	4.20358e-30	6.43071e-30	9.83786e-30	1.50503e-29	2.30248e-29	3.52251e-29	5.38906e-29	8.24483e-29	1.26141e-28	1.92994e-28	2.95284e-28	4.51802e-28	6.91307e-28	1.05781e-27	1.61870e-27	2.47712e-27	3.79098e-27	5.80210e-27	8.88080e-27	1.35943e-26	2.08116e-26	3.18645e-26	4.87940e-26	7.47297e-26	1.14472e-25	1.75386e-25	2.68779e-25	4.12018e-25	6.31795e-25	9.69165e-25	1.48732e-24	2.28364e-24	3.50831e-24	5.39335e-24	8.29761e-24	1.27772e-23	1.96955e-23	3.03966e-23	4.69777e-23	7.27229e-23	1.12793e-22	1.75335e-22	2.73276e-22	4.27253e-22	6.70451e-22	1.05669e-21	1.67418e-21	2.66925e-21	4.28836e-21	6.95428e-21	1.14089e-20	1.89919e-20	3.22121e-20	5.59960e-20	1.00657e-19	1.89804e-19	3.85118e-19	8.86376e-19	2.67349e-18	2.35257e-17	1.09769e-16	1.16872e-16	1.19656e-16	1.21409e-16	1.22756e-16	1.23912e-16	1.24976e-16	1.26005e-16	1.27035e-16	1.28093e-16	1.29196e-16	1.29429e-16	1.29430e-16	1.29430e-16	1.29430e-16	1.29430e-16	1.29430e-16	1.29430e-16	1.29430e-16	1.29430e-16	1.29430e-16	1.29430e-16	1.29430e-16	1.29430e-16	1.29430e-16	1.29430e-16	1.29430e-16	1.29430e-16	1.29430e-16	1.29430e-16	1.29430e-16	1.29430e-16	1.29430e-16	1.29430e-16	1.29430e-16	1.29430e-16	1.29430e-16	1.29430e-16	1.29430e-16	1.29430e-16	1.29430e-16	1.29430e-16	1.29430e-16	1.29430e-16	1.29430e-16	1.29430e-16	1.29430e-16	1.29430e-16	1.29430e-16	1.29430e-16	1.29430e-16	1.29430e-16	1.29430e-16	1.29430e-16	1.29430e-16	1.29430e-16	1.29430e-16	1.29430e-16	1.29430e-16	1.29430e-16	1.29430e-16	1.29430e-16	1.29430e-16	1.29430e-16	1.29430e-16	1.29430e-16	1.29430e-16	1.29430e-16	1.29430e-16	1.29430e-16	1.29430e-16	1.29430e-16	1.29430e-16	1.29430e-16	1.29430e-16	1.29430e-16	1.29430e-16	1.29430e-16	1.29430e-16	1.29430e-16	1.29430e-16	1.29430e-16	1.29430e-16	1.29430e-16	1.29430e-16	1.29430e-16	1.29430e-16	1.29430e-16	1.29430e-16	1.29430e-16	1.29430e-16	1.29430e-16	1.29430e-16	1.29430e-16	1.29430e-16	1.29430e-16	1.29430e-16	1.29430e-16	1.29430e-16
24.38	1.22556e-35	3.19700e-35	6.21279e-35	1.08261e-34	1.78833e-34	2.86790e-34	4.51935e-34	7.04563e-34	1.09102e-33	1.68219e-33	2.58654e-33	3.96995e-33	6.08622e-33	9.32357e-33	1.42759e-32	2.18517e-32	3.34408e-32	5.11692e-32	7.82894e-32	1.19777e-31	1.83243e-31	2.80331e-31	4.28854e-31	6.56061e-31	1.00364e-30	1.53537e-30	2.34880e-30	3.59322e-30	5.49696e-30	8.40939e-30	1.28650e-29	1.96816e-29	3.01103e-29	4.60656e-29	7.04767e-29	1.07826e-28	1.64971e-28	2.52408e-28	3.86200e-28	5.90928e-28	9.04219e-28	1.38367e-27	2.11744e-27	3.24053e-27	4.95963e-27	7.59129e-27	1.16204e-26	1.77898e-26	2.72377e-26	4.17090e-26	6.38788e-26	9.78504e-26	1.49920e-25	2.29752e-25	3.52192e-25	5.40058e-25	8.28440e-25	1.27136e-24	1.95205e-24	2.99890e-24	4.61023e-24	7.09278e-24	1.09219e-23	1.68357e-23	2.59829e-23	4.01565e-23	6.21634e-23	9.64153e-23	1.49876e-22	2.33596e-22	3.65215e-22	5.73100e-22	9.03261e-22	1.43109e-21	2.28167e-21	3.66568e-21	5.94450e-21	9.75233e-21	1.62343e-20	2.75348e-20	4.78653e-20	8.60417e-20	1.62244e-19	3.29199e-19	7.57673e-19	2.28529e-18	2.01097e-17	9.38304e-17	9.99020e-17	1.02282e-16	1.03780e-16	1.04931e-16	1.05920e-16	1.06830e-16	1.07709e-16	1.08589e-16	1.09494e-16	1.10442e-16	1.11175e-16	1.11195e-16	1.11195e-16	1.11195e-16	1.11195e-16	1.11195e-16	1.11195e-16	1.11195e-16	1.11195e-16	1.11195e-16	1.11195e-16	1.11195e-16	1.11195e-16	1.11195e-16	1.11195e-16	1.11195e-16	1.11195e-16	1.11195e-16	1.11195e-16	1.11195e-16	1.11195e-16	1.11195e-16	1.11195e-16	1.11195e-16	1.11195e-16	1.11195e-16	1.11195e-16	1.11195e-16	1.11195e-16	1.11195e-16	1.11195e-16	1.11195e-16	1.11195e-16	1.11195e-16	1.11195e-16	1.11195e-16	1.11195e-16	1.11195e-16	1.11195e-16	1.11195e-16	1.11195e-16	1.11195e-16	1.11195e-16	1.11195e-16	1.11195e-16	1.11195e-16	1.11195e-16	1.11195e-16	1.11195e-16	1.11195e-16	1.11195e-16	1.11195e-16	1.11195e-16	1.11195e-16	1.11195e-16	1.11195e-16	1.11195e-16	1.11195e-16	1.11195e-16	1.11195e-16	1.11195e-16	1.11195e-16	1.11195e-16	1.11195e-16	1.11195e-16	1.11195e-16	1.11195e-16	1.11195e-16	1.11195e-16	1.11195e-16	1.11195e-16	1.11195e-16	1.11195e-16	1.11195e-16	1.11195e-16	1.11195e-16	1.11195e-16	1.11195e-16	1.11195e-16	1.11195e-16	1.11195e-16	1.11195e-16	1.11195e-16	1.11195e-16	1.11195e-16	1.11195e-16	1.11195e-16	1.11195e-16
24.41	1.04761e-35	2.73279e-35	5.31068e-35	9.25416e-35	1.52866e-34	2.45148e-34	3.86313e-34	6.02260e-34	9.32601e-34	1.43794e-33	2.21097e-33	3.39351e-33	5.20249e-33	7.96977e-33	1.22030e-32	1.86788e-32	2.85851e-32	4.37393e-32	6.69216e-32	1.02385e-31	1.56635e-31	2.39626e-31	3.66583e-31	5.60800e-31	8.57910e-31	1.31243e-30	2.00775e-30	3.07148e-30	4.69879e-30	7.18833e-30	1.09970e-29	1.68238e-29	2.57383e-29	3.93768e-29	6.02433e-29	9.21691e-29	1.41017e-28	2.15758e-28	3.30123e-28	5.05124e-28	7.72925e-28	1.18276e-27	1.80998e-27	2.77000e-27	4.23948e-27	6.48902e-27	9.93309e-27	1.52067e-26	2.32828e-26	3.56528e-26	5.46035e-26	8.36424e-26	1.28151e-25	1.96392e-25	3.01053e-25	4.61640e-25	7.08150e-25	1.08676e-24	1.66861e-24	2.56346e-24	3.94081e-24	6.06290e-24	9.33604e-24	1.43911e-23	2.22102e-23	3.43257e-23	5.31372e-23	8.24157e-23	1.28114e-22	1.99677e-22	3.12185e-22	4.89885e-22	7.72106e-22	1.22329e-21	1.95037e-21	3.13342e-21	5.08135e-21	8.33627e-21	1.38770e-20	2.35367e-20	4.09152e-20	7.35483e-20	1.38686e-19	2.81398e-19	6.47658e-19	1.95346e-18	1.71898e-17	8.02061e-17	8.53961e-17	8.74306e-17	8.87113e-17	8.96953e-17	9.05399e-17	9.13177e-17	9.20695e-17	9.28219e-17	9.35949e-17	9.44054e-17	9.52688e-17	9.55447e-17	9.55457e-17	9.55457e-17	9.55457e-17	9.55457e-17	9.55457e-17	9.55457e-17	9.55457e-17	9.55457e-17	9.55457e-17	9.55457e-17	9.55457e-17	9.55457e-17	9.55457e-17	9.55457e-17	9.55457e-17	9.55457e-17	9.55457e-17	9.55457e-17	9.55457e-17	9.55457e-17	9.55457e-17	9.55457e-17	9.55457e-17	9.55457e-17	9.55457e-17	9.55457e-17	9.55457e-17	9.55457e-17	9.55457e-17	9.55457e-17	9.55457e-17	9.55457e-17	9.55457e-17	9.55457e-17	9.55457e-17	9.55457e-17	9.55457e-17	9.55457e-17	9.55457e-17	9.55457e-17	9.55457e-17	9.55457e-17	9.55457e-17	9.55457e-17	9.55457e-17	9.55457e-17	9.55457e-17	9.55457e-17	9.55457e-17	9.55457e-17	9.55457e-17	9.55457e-17	9.55457e-17	9.55457e-17	9.55457e-17	9.55457e-17	9.55457e-17	9.55457e-17	9.55457e-17	9.55457e-17	9.55457e-17	9.55457e-17	9.55457e-17	9.55457e-17	9.55457e-17	9.55457e-17	9.55457e-17	9.55457e-17	9.55457e-17	9.55457e-17	9.55457e-17	9.55457e-17	9.55457e-17	9.55457e-17	9.55457e-17	9.55457e-17	9.55457e-17	9.55457e-17	9.55457e-17	9.55457e-17	9.55457e-17	9.55457e-17	9.55457e-17	9.55457e-17	9.55457e-17	9.55457e-17
24.44	8.95495e-36	2.33599e-35	4.53956e-35	7.91044e-35	1.30670e-34	2.09552e-34	3.30220e-34	5.14811e-34	7.97186e-34	1.22915e-33	1.88993e-33	2.90077e-33	4.44708e-33	6.81255e-33	1.04311e-32	1.59666e-32	2.44345e-32	3.73883e-32	5.72045e-32	8.75185e-32	1.33892e-31	2.04832e-31	3.13355e-31	4.79371e-31	7.33340e-31	1.12186e-30	1.71623e-30	2.62549e-30	4.01652e-30	6.14458e-30	9.40021e-30	1.43810e-29	2.20010e-29	3.36593e-29	5.14959e-29	7.87860e-29	1.20541e-28	1.84430e-28	2.82188e-28	4.31779e-28	6.60695e-28	1.01102e-27	1.54717e-27	2.36779e-27	3.62390e-27	5.54681e-27	8.49079e-27	1.29986e-26	1.99021e-26	3.04760e-26	4.66750e-26	7.14974e-26	1.09543e-25	1.67875e-25	2.57340e-25	3.94610e-25	6.05325e-25	9.28958e-25	1.42632e-24	2.19124e-24	3.36860e-24	5.18256e-24	7.98043e-24	1.23015e-23	1.89852e-23	2.93415e-23	4.54216e-23	7.04488e-23	1.09512e-22	1.70684e-22	2.66856e-22	4.18753e-22	6.59995e-22	1.04567e-21	1.66717e-21	2.67844e-21	4.34353e-21	7.12583e-21	1.18621e-20	2.01192e-20	3.49742e-20	6.28690e-20	1.18549e-19	2.40539e-19	5.53617e-19	1.66982e-18	1.46938e-17	6.85601e-17	7.29964e-17	7.47355e-17	7.58303e-17	7.66714e-17	7.73934e-17	7.80582e-17	7.87008e-17	7.93440e-17	8.00048e-17	8.06976e-17	8.14356e-17	8.20873e-17	8.21161e-17	8.21161e-17	8.21161e-17	8.21161e-17	8.21161e-17	8.21161e-17	8.21161e-17	8.21161e-17	8.21161e-17	8.21161e-17	8.21161e-17	8.21161e-17	8.21161e-17	8.21161e-17	8.21161e-17	8.21161e-17	8.21161e-17	8.21161e-17	8.21161e-17	8.21161e-17	8.21161e-17	8.21161e-17	8.21161e-17	8.21161e-17	8.21161e-17	8.21161e-17	8.21161e-17	8.21161e-17	8.21161e-17	8.21161e-17	8.21161e-17	8.21161e-17	8.21161e-17	8.21161e-17	8.21161e-17	8.21161e-17	8.21161e-17	8.21161e-17	8.21161e-17	8.21161e-17	8.21161e-17	8.21161e-17	8.21161e-17	8.21161e-17	8.21161e-17	8.21161e-17	8.21161e-17	8.21161e-17	8.21161e-17	8.21161e-17	8.21161e-17	8.21161e-17	8.21161e-17	8.21161e-17	8.21161e-17	8.21161e-17	8.21161e-17	8.21161e-17	8.21161e-17	8.21161e-17	8.21161e-17	8.21161e-17	8.21161e-17	8.21161e-17	8.21161e-17	8.21161e-17	8.21161e-17	8.21161e-17	8.21161e-17	8.21161e-17	8.21161e-17	8.21161e-17	8.21161e-17	8.21161e-17	8.21161e-17	8.21161e-17	8.21161e-17	8.21161e-17	8.21161e-17	8.21161e-17	8.21161e-17	8.21161e-17	8.21161e-17	8.21161e-17	8.21161e-17	8.21161e-17
24.48	7.65468e-36	1.99680e-35	3.88041e-35	6.76183e-35	1.11697e-34	1.79124e-34	2.82272e-34	4.40059e-34	6.81433e-34	1.05067e-33	1.61551e-33	2.47957e-33	3.80136e-33	5.82336e-33	8.91650e-33	1.36482e-32	2.08866e-32	3.19595e-32	4.88983e-32	7.48107e-32	1.14450e-31	1.75090e-31	2.67855e-31	4.09766e-31	6.26858e-31	9.58966e-31	1.46703e-30	2.24427e-30	3.43331e-30	5.25237e-30	8.03529e-30	1.22928e-29	1.88065e-29	2.87719e-29	4.40186e-29	6.73461e-29	1.03038e-28	1.57650e-28	2.41214e-28	3.69084e-28	5.64761e-28	8.64216e-28	1.32252e-27	2.02398e-27	3.09771e-27	4.74140e-27	7.25792e-27	1.11112e-26	1.70123e-26	2.60508e-26	3.98977e-26	6.11158e-26	9.36375e-26	1.43499e-25	2.19974e-25	3.37312e-25	5.17431e-25	7.94072e-25	1.21922e-24	1.87307e-24	2.87948e-24	4.43004e-24	6.82166e-24	1.05153e-23	1.62285e-23	2.50811e-23	3.88263e-23	6.02195e-23	9.36104e-23	1.45900e-22	2.28108e-22	3.57950e-22	5.64162e-22	8.93836e-22	1.42510e-21	2.28953e-21	3.71284e-21	6.09115e-21	1.01397e-20	1.71978e-20	2.98959e-20	5.37403e-20	1.01335e-19	2.05612e-19	4.73231e-19	1.42736e-18	1.25602e-17	5.86050e-17	6.23972e-17	6.38838e-17	6.48196e-17	6.55386e-17	6.61557e-17	6.67241e-17	6.72734e-17	6.78231e-17	6.83880e-17	6.89802e-17	6.96111e-17	7.02918e-17	7.05887e-17	7.05903e-17	7.05903e-17	7.05903e-17	7.05903e-17	7.05903e-17	7.05903e-17	7.05903e-17	7.05903e-17	7.05903e-17	7.05903e-17	7.05903e-17	7.05903e-17	7.05903e-17	7.05903e-17	7.05903e-17	7.05903e-17	7.05903e-17	7.05903e-17	7.05903e-17	7.05903e-17	7.05903e-17	7.05903e-17	7.05903e-17	7.05903e-17	7.05903e-17	7.05903e-17	7.05903e-17	7.05903e-17	7.05903e-17	7.05903e-17	7.05903e-17	7.05903e-17	7.05903e-17	7.05903e-17	7.05903e-17	7.05903e-17	7.05903e-17	7.05903e-17	7.05903e-17	7.05903e-17	7.05903e-17	7.05903e-17	7.05903e-17	7.05903e-17	7.05903e-17	7.05903e-17	7.05903e-17	7.05903e-17	7.05903e-17	7.05903e-17	7.05903e-17	7.05903e-17	7.05903e-17	7.05903e-17	7.05903e-17	7.05903e-17	7.05903e-17	7.05903e-17	7.05903e-17	7.05903e-17	7.05903e-17	7.05903e-17	7.05903e-17	7.05903e-17	7.05903e-17	7.05903e-17	7.05903e-17	7.05903e-17	7.05903e-17	7.05903e-17	7.05903e-17	7.05903e-17	7.05903e-17	7.05903e-17	7.05903e-17	7.05903e-17	7.05903e-17	7.05903e-17	7.05903e-17	7.05903e-17	7.05903e-17	7.05903e-17	7.05903e-17	7.05903e-17	7.05903e-17
24.51	6.54321e-36	1.70686e-35	3.31697e-35	5.78001e-35	9.54780e-35	1.53115e-34	2.41285e-34	3.76162e-34	5.82488e-34	8.98113e-34	1.38094e-33	2.11953e-33	3.24940e-33	4.97780e-33	7.62181e-33	1.16665e-32	1.78538e-32	2.73189e-32	4.17982e-32	6.39480e-32	9.78321e-32	1.49667e-31	2.28962e-31	3.50267e-31	5.35837e-31	8.19723e-31	1.25401e-30	1.91840e-30	2.93479e-30	4.48972e-30	6.86855e-30	1.05079e-29	1.60757e-29	2.45942e-29	3.76271e-29	5.75674e-29	8.80769e-29	1.34759e-28	2.06190e-28	3.15493e-28	4.82757e-28	7.38731e-28	1.13049e-27	1.73010e-27	2.64791e-27	4.05294e-27	6.20406e-27	9.49785e-27	1.45420e-26	2.22682e-26	3.41045e-26	5.22417e-26	8.00412e-26	1.22663e-25	1.88033e-25	2.88333e-25	4.42299e-25	6.78771e-25	1.04219e-24	1.60110e-24	2.46137e-24	3.78679e-24	5.83114e-24	8.98848e-24	1.38721e-23	2.14393e-23	3.31886e-23	5.14755e-23	8.00180e-23	1.24715e-22	1.94986e-22	3.05975e-22	4.82245e-22	7.64050e-22	1.21817e-21	1.95709e-21	3.17373e-21	5.20671e-21	8.66739e-21	1.47007e-20	2.55550e-20	4.59372e-20	8.66212e-20	1.75757e-19	4.04517e-19	1.22010e-18	1.07365e-17	5.00955e-17	5.33371e-17	5.46078e-17	5.54077e-17	5.60223e-17	5.65498e-17	5.70356e-17	5.75052e-17	5.79751e-17	5.84579e-17	5.89641e-17	5.95034e-17	6.00853e-17	6.06552e-17	6.06977e-17	6.06978e-17	6.06978e-17	6.06978e-17	6.06978e-17	6.06978e-17	6.06978e-17	6.06978e-17	6.06978e-17	6.06978e-17	6.06978e-17	6.06978e-17	6.06978e-17	6.06978e-17	6.06978e-17	6.06978e-17	6.06978e-17	6.06978e-17	6.06978e-17	6.06978e-17	6.06978e-17	6.06978e-17	6.06978e-17	6.06978e-17	6.06978e-17	6.06978e-17	6.06978e-17	6.06978e-17	6.06978e-17	6.06978e-17	6.06978e-17	6.06978e-17	6.06978e-17	6.06978e-17	6.06978e-17	6.06978e-17	6.06978e-17	6.06978e-17	6.06978e-17	6.06978e-17	6.06978e-17	6.06978e-17	6.06978e-17	6.06978e-17	6.06978e-17	6.06978e-17	6.06978e-17	6.06978e-17	6.06978e-17	6.06978e-17	6.06978e-17	6.06978e-17	6.06978e-17	6.06978e-17	6.06978e-17	6.06978e-17	6.06978e-17	6.06978e-17	6.06978e-17	6.06978e-17	6.06978e-17	6.06978e-17	6.06978e-17	6.06978e-17	6.06978e-17	6.06978e-17	6.06978e-17	6.06978e-17	6.06978e-17	6.06978e-17	6.06978e-17	6.06978e-17	6.06978e-17	6.06978e-17	6.06978e-17	6.06978e-17	6.06978e-17	6.06978e-17	6.06978e-17	6.06978e-17	6.06978e-17	6.06978e-17	6.06978e-17	6.06978e-17	6.06978e-17
24.55	5.59313e-36	1.45902e-35	2.83534e-35	4.94074e-35	8.16145e-35	1.30883e-34	2.06250e-34	3.21543e-34	4.97910e-34	7.67706e-34	1.18042e-33	1.81177e-33	2.77758e-33	4.25501e-33	6.51511e-33	9.97249e-33	1.52614e-32	2.33522e-32	3.57290e-32	5.46627e-32	8.36267e-32	1.27935e-31	1.95717e-31	2.99408e-31	4.58033e-31	7.00698e-31	1.07193e-30	1.63984e-30	2.50866e-30	3.83781e-30	5.87123e-30	8.98212e-30	1.37415e-29	2.10230e-29	3.21635e-29	4.92085e-29	7.52880e-29	1.15192e-28	1.76250e-28	2.69683e-28	4.12660e-28	6.31466e-28	9.66339e-28	1.47888e-27	2.26343e-27	3.46445e-27	5.30322e-27	8.11874e-27	1.24305e-26	1.90348e-26	2.91525e-26	4.46561e-26	6.84191e-26	1.04852e-25	1.60731e-25	2.46467e-25	3.78077e-25	5.80213e-25	8.90860e-25	1.36861e-24	2.10398e-24	3.23694e-24	4.98445e-24	7.68334e-24	1.18579e-23	1.83263e-23	2.83696e-23	4.40012e-23	6.83993e-23	1.06607e-22	1.66674e-22	2.61547e-22	4.12222e-22	6.53109e-22	1.04129e-21	1.67291e-21	2.71290e-21	4.45069e-21	7.40887e-21	1.25661e-20	2.18444e-20	3.92670e-20	7.40436e-20	1.50237e-19	3.45780e-19	1.04294e-18	9.17751e-18	4.28216e-17	4.55924e-17	4.66787e-17	4.73624e-17	4.78877e-17	4.83387e-17	4.87540e-17	4.91553e-17	4.95570e-17	4.99697e-17	5.04025e-17	5.08634e-17	5.13608e-17	5.19031e-17	5.22035e-17	5.22062e-17	5.22062e-17	5.22062e-17	5.22062e-17	5.22062e-17	5.22062e-17	5.22062e-17	5.22062e-17	5.22062e-17	5.22062e-17	5.22062e-17	5.22062e-17	5.22062e-17	5.22062e-17	5.22062e-17	5.22062e-17	5.22062e-17	5.22062e-17	5.22062e-17	5.22062e-17	5.22062e-17	5.22062e-17	5.22062e-17	5.22062e-17	5.22062e-17	5.22062e-17	5.22062e-17	5.22062e-17	5.22062e-17	5.22062e-17	5.22062e-17	5.22062e-17	5.22062e-17	5.22062e-17	5.22062e-17	5.22062e-17	5.22062e-17	5.22062e-17	5.22062e-17	5.22062e-17	5.22062e-17	5.22062e-17	5.22062e-17	5.22062e-17	5.22062e-17	5.22062e-17	5.22062e-17	5.22062e-17	5.22062e-17	5.22062e-17	5.22062e-17	5.22062e-17	5.22062e-17	5.22062e-17	5.22062e-17	5.22062e-17	5.22062e-17	5.22062e-17	5.22062e-17	5.22062e-17	5.22062e-17	5.22062e-17	5.22062e-17	5.22062e-17	5.22062e-17	5.22062e-17	5.22062e-17	5.22062e-17	5.22062e-17	5.22062e-17	5.22062e-17	5.22062e-17	5.22062e-17	5.22062e-17	5.22062e-17	5.22062e-17	5.22062e-17	5.22062e-17	5.22062e-17	5.22062e-17	5.22062e-17	5.22062e-17	5.22062e-17	5.22062e-17
24.58	4.78099e-36	1.24717e-35	2.42364e-35	4.22334e-35	6.97639e-35	1.11878e-34	1.76302e-34	2.74854e-34	4.25613e-34	6.56234e-34	1.00902e-33	1.54870e-33	2.37427e-33	3.63718e-33	5.56911e-33	8.52447e-33	1.30454e-32	1.99614e-32	3.05411e-32	4.67256e-32	7.14840e-32	1.09359e-31	1.67298e-31	2.55933e-31	3.91526e-31	5.98955e-31	9.16282e-31	1.40173e-30	2.14439e-30	3.28055e-30	5.01872e-30	7.67790e-30	1.17462e-29	1.79705e-29	2.74933e-29	4.20634e-29	6.43561e-29	9.84658e-29	1.50659e-28	2.30524e-28	3.52741e-28	5.39776e-28	8.26025e-28	1.26415e-27	1.93478e-27	2.96141e-27	4.53318e-27	6.93989e-27	1.06256e-26	1.62709e-26	2.49195e-26	3.81720e-26	5.84845e-26	8.96275e-26	1.37392e-25	2.10680e-25	3.23179e-25	4.95965e-25	7.61506e-25	1.16989e-24	1.79848e-24	2.76693e-24	4.26070e-24	6.56771e-24	1.01361e-23	1.56653e-23	2.42503e-23	3.76122e-23	5.84676e-23	9.11271e-23	1.42473e-22	2.23570e-22	3.52367e-22	5.58276e-22	8.90094e-22	1.43000e-21	2.31899e-21	3.80444e-21	6.33309e-21	1.07415e-20	1.86725e-20	3.35654e-20	6.32924e-20	1.28422e-19	2.95573e-19	8.91505e-19	7.84492e-18	3.66038e-17	3.89723e-17	3.99008e-17	4.04853e-17	4.09344e-17	4.13198e-17	4.16748e-17	4.20179e-17	4.23613e-17	4.27141e-17	4.30839e-17	4.34780e-17	4.39032e-17	4.43667e-17	4.48554e-17	4.49163e-17	4.49164e-17	4.49164e-17	4.49164e-17	4.49164e-17	4.49164e-17	4.49164e-17	4.49164e-17	4.49164e-17	4.49164e-17	4.49164e-17	4.49164e-17	4.49164e-17	4.49164e-17	4.49164e-17	4.49164e-17	4.49164e-17	4.49164e-17	4.49164e-17	4.49164e-17	4.49164e-17	4.49164e-17	4.49164e-17	4.49164e-17	4.49164e-17	4.49164e-17	4.49164e-17	4.49164e-17	4.49164e-17	4.49164e-17	4.49164e-17	4.49164e-17	4.49164e-17	4.49164e-17	4.49164e-17	4.49164e-17	4.49164e-17	4.49164e-17	4.49164e-17	4.49164e-17	4.49164e-17	4.49164e-17	4.49164e-17	4.49164e-17	4.49164e-17	4.49164e-17	4.49164e-17	4.49164e-17	4.49164e-17	4.49164e-17	4.49164e-17	4.49164e-17	4.49164e-17	4.49164e-17	4.49164e-17	4.49164e-17	4.49164e-17	4.49164e-17	4.49164e-17	4.49164e-17	4.49164e-17	4.49164e-17	4.49164e-17	4.49164e-17	4.49164e-17	4.49164e-17	4.49164e-17	4.49164e-17	4.49164e-17	4.49164e-17	4.49164e-17	4.49164e-17	4.49164e-17	4.49164e-17	4.49164e-17	4.49164e-17	4.49164e-17	4.49164e-17	4.49164e-17	4.49164e-17	4.49164e-17	4.49164e-17	4.49164e-17	4.49164e-17
24.62	4.08679e-36	1.06608e-35	2.07173e-35	3.61010e-35	5.96341e-35	9.56335e-35	1.50703e-34	2.34945e-34	3.63813e-34	5.60948e-34	8.62512e-34	1.32383e-33	2.02952e-33	3.10905e-33	4.76046e-33	7.28670e-33	1.11512e-32	1.70630e-32	2.61065e-32	3.99410e-32	6.11044e-32	9.34796e-32	1.43006e-31	2.18771e-31	3.34676e-31	5.11986e-31	7.83236e-31	1.19820e-30	1.83303e-30	2.80421e-30	4.28999e-30	6.56306e-30	1.00406e-29	1.53611e-29	2.35013e-29	3.59557e-29	5.50115e-29	8.41684e-29	1.28783e-28	1.97052e-28	3.01522e-28	4.61400e-28	7.06085e-28	1.08059e-27	1.65385e-27	2.53141e-27	3.87496e-27	5.93221e-27	9.08274e-27	1.39084e-26	2.13012e-26	3.26294e-26	4.99925e-26	7.66135e-26	1.17443e-25	1.80089e-25	2.76253e-25	4.23950e-25	6.50934e-25	1.00002e-24	1.53733e-24	2.36517e-24	3.64204e-24	5.61407e-24	8.66432e-24	1.33906e-23	2.07291e-23	3.21508e-23	4.99780e-23	7.78953e-23	1.21785e-22	1.91107e-22	3.01203e-22	4.77214e-22	7.60851e-22	1.22236e-21	1.98226e-21	3.25203e-21	5.41351e-21	9.18181e-21	1.59612e-20	2.86916e-20	5.41022e-20	1.09775e-19	2.52655e-19	7.62058e-19	6.70583e-18	3.12889e-17	3.33135e-17	3.41072e-17	3.46068e-17	3.49906e-17	3.53201e-17	3.56236e-17	3.59168e-17	3.62103e-17	3.65119e-17	3.68281e-17	3.71649e-17	3.75284e-17	3.79246e-17	3.83603e-17	3.86531e-17	3.86574e-17	3.86574e-17	3.86574e-17	3.86574e-17	3.86574e-17	3.86574e-17	3.86574e-17	3.86574e-17	3.86574e-17	3.86574e-17	3.86574e-17	3.86574e-17	3.86574e-17	3.86574e-17	3.86574e-17	3.86574e-17	3.86574e-17	3.86574e-17	3.86574e-17	3.86574e-17	3.86574e-17	3.86574e-17	3.86574e-17	3.86574e-17	3.86574e-17	3.86574e-17	3.86574e-17	3.86574e-17	3.86574e-17	3.86574e-17	3.86574e-17	3.86574e-17	3.86574e-17	3.86574e-17	3.86574e-17	3.86574e-17	3.86574e-17	3.86574e-17	3.86574e-17	3.86574e-17	3.86574e-17	3.86574e-17	3.86574e-17	3.86574e-17	3.86574e-17	3.86574e-17	3.86574e-17	3.86574e-17	3.86574e-17	3.86574e-17	3.86574e-17	3.86574e-17	3.86574e-17	3.86574e-17	3.86574e-17	3.86574e-17	3.86574e-17	3.86574e-17	3.86574e-17	3.86574e-17	3.86574e-17	3.86574e-17	3.86574e-17	3.86574e-17	3.86574e-17	3.86574e-17	3.86574e-17	3.86574e-17	3.86574e-17	3.86574e-17	3.86574e-17	3.86574e-17	3.86574e-17	3.86574e-17	3.86574e-17	3.86574e-17	3.86574e-17	3.86574e-17	3.86574e-17	3.86574e-17	3.86574e-17	3.86574e-17	3.86574e-17
24.65	3.49338e-36	9.11283e-36	1.77091e-35	3.08591e-35	5.09751e-35	8.17473e-35	1.28821e-34	2.00831e-34	3.10987e-34	4.79497e-34	7.37274e-34	1.13161e-33	1.73483e-33	2.65761e-33	4.06924e-33	6.22866e-33	9.53204e-33	1.45854e-32	2.23158e-32	3.41415e-32	5.22319e-32	7.99062e-32	1.22242e-31	1.87005e-31	2.86080e-31	4.37645e-31	6.69509e-31	1.02422e-30	1.56687e-30	2.39703e-30	3.66708e-30	5.61009e-30	8.58273e-30	1.31307e-29	2.00889e-29	3.07349e-29	4.70237e-29	7.19471e-29	1.10083e-28	1.68440e-28	2.57741e-28	3.94404e-28	6.03560e-28	9.23688e-28	1.41370e-27	2.16384e-27	3.31231e-27	5.07084e-27	7.76391e-27	1.18888e-26	1.82082e-26	2.78915e-26	4.27335e-26	6.54891e-26	1.00390e-25	1.53939e-25	2.36141e-25	3.62392e-25	5.56417e-25	8.54815e-25	1.31411e-24	2.02174e-24	3.11321e-24	4.79890e-24	7.40625e-24	1.14463e-23	1.77192e-23	2.74825e-23	4.27211e-23	6.65848e-23	1.04102e-22	1.63358e-22	2.57468e-22	4.07921e-22	6.50374e-22	1.04488e-21	1.69444e-21	2.77983e-21	4.62746e-21	7.84860e-21	1.36436e-20	2.45256e-20	4.62465e-20	9.38356e-20	2.15969e-19	6.51406e-19	5.73213e-18	2.67457e-17	2.84763e-17	2.91548e-17	2.95818e-17	2.99099e-17	3.01916e-17	3.04510e-17	3.07017e-17	3.09525e-17	3.12103e-17	3.14806e-17	3.17685e-17	3.20792e-17	3.24179e-17	3.27904e-17	3.31995e-17	3.32823e-17	3.32825e-17	3.32825e-17	3.32825e-17	3.32825e-17	3.32825e-17	3.32825e-17	3.32825e-17	3.32825e-17	3.32825e-17	3.32825e-17	3.32825e-17	3.32825e-17	3.32825e-17	3.32825e-17	3.32825e-17	3.32825e-17	3.32825e-17	3.32825e-17	3.32825e-17	3.32825e-17	3.32825e-17	3.32825e-17	3.32825e-17	3.32825e-17	3.32825e-17	3.32825e-17	3.32825e-17	3.32825e-17	3.32825e-17	3.32825e-17	3.32825e-17	3.32825e-17	3.32825e-17	3.32825e-17	3.32825e-17	3.32825e-17	3.32825e-17	3.32825e-17	3.32825e-17	3.32825e-17	3.32825e-17	3.32825e-17	3.32825e-17	3.32825e-17	3.32825e-17	3.32825e-17	3.32825e-17	3.32825e-17	3.32825e-17	3.32825e-17	3.32825e-17	3.32825e-17	3.32825e-17	3.32825e-17	3.32825e-17	3.32825e-17	3.32825e-17	3.32825e-17	3.32825e-17	3.32825e-17	3.32825e-17	3.32825e-17	3.32825e-17	3.32825e-17	3.32825e-17	3.32825e-17	3.32825e-17	3.32825e-17	3.32825e-17	3.32825e-17	3.32825e-17	3.32825e-17	3.32825e-17	3.32825e-17	3.32825e-17	3.32825e-17	3.32825e-17	3.32825e-17	3.32825e-17	3.32825e-17	3.32825e-17	3.32825e-17
24.68	2.98614e-36	7.78963e-36	1.51377e-35	2.63783e-35	4.35735e-35	6.98775e-35	1.10116e-34	1.71670e-34	2.65831e-34	4.09873e-34	6.30221e-34	9.67295e-34	1.48293e-33	2.27172e-33	3.47838e-33	5.32425e-33	8.14798e-33	1.24676e-32	1.90755e-32	2.91841e-32	4.46478e-32	6.83037e-32	1.04492e-31	1.59852e-31	2.44541e-31	3.74098e-31	5.72296e-31	8.75502e-31	1.33936e-30	2.04898e-30	3.13461e-30	4.79550e-30	7.33651e-30	1.12241e-29	1.71719e-29	2.62721e-29	4.01958e-29	6.15002e-29	9.40991e-29	1.43982e-28	2.20316e-28	3.37136e-28	5.15922e-28	7.89567e-28	1.20843e-27	1.84965e-27	2.83136e-27	4.33455e-27	6.63658e-27	1.01626e-26	1.55643e-26	2.38416e-26	3.65285e-26	5.59800e-26	8.58131e-26	1.31587e-25	2.01853e-25	3.09772e-25	4.75625e-25	7.30695e-25	1.12330e-24	1.72818e-24	2.66117e-24	4.10209e-24	6.33085e-24	9.78428e-24	1.51464e-23	2.34920e-23	3.65179e-23	5.69166e-23	8.89861e-23	1.39638e-22	2.20083e-22	3.48691e-22	5.55939e-22	8.93158e-22	1.44840e-21	2.37619e-21	3.95555e-21	6.70897e-21	1.16626e-20	2.09644e-20	3.95314e-20	8.02105e-20	1.84610e-19	5.56820e-19	4.89982e-18	2.28622e-17	2.43415e-17	2.49214e-17	2.52865e-17	2.55670e-17	2.58077e-17	2.60294e-17	2.62437e-17	2.64582e-17	2.66785e-17	2.69096e-17	2.71557e-17	2.74212e-17	2.77108e-17	2.80291e-17	2.83817e-17	2.86593e-17	2.86662e-17	2.86662e-17	2.86662e-17	2.86662e-17	2.86662e-17	2.86662e-17	2.86662e-17	2.86662e-17	2.86662e-17	2.86662e-17	2.86662e-17	2.86662e-17	2.86662e-17	2.86662e-17	2.86662e-17	2.86662e-17	2.86662e-17	2.86662e-17	2.86662e-17	2.86662e-17	2.86662e-17	2.86662e-17	2.86662e-17	2.86662e-17	2.86662e-17	2.86662e-17	2.86662e-17	2.86662e-17	2.86662e-17	2.86662e-17	2.86662e-17	2.86662e-17	2.86662e-17	2.86662e-17	2.86662e-17	2.86662e-17	2.86662e-17	2.86662e-17	2.86662e-17	2.86662e-17	2.86662e-17	2.86662e-17	2.86662e-17	2.86662e-17	2.86662e-17	2.86662e-17	2.86662e-17	2.86662e-17	2.86662e-17	2.86662e-17	2.86662e-17	2.86662e-17	2.86662e-17	2.86662e-17	2.86662e-17	2.86662e-17	2.86662e-17	2.86662e-17	2.86662e-17	2.86662e-17	2.86662e-17	2.86662e-17	2.86662e-17	2.86662e-17	2.86662e-17	2.86662e-17	2.86662e-17	2.86662e-17	2.86662e-17	2.86662e-17	2.86662e-17	2.86662e-17	2.86662e-17	2.86662e-17	2.86662e-17	2.86662e-17	2.86662e-17	2.86662e-17	2.86662e-17	2.86662e-17	2.86662e-17	2.86662e-17
24.72	2.55254e-36	6.65856e-36	1.29397e-35	2.25481e-35	3.72465e-35	5.97312e-35	9.41268e-35	1.46743e-34	2.27232e-34	3.50359e-34	5.38712e-34	8.26842e-34	1.26761e-33	1.94187e-33	2.97331e-33	4.55116e-33	6.96488e-33	1.06573e-32	1.63057e-32	2.49465e-32	3.81649e-32	5.83859e-32	8.93195e-32	1.36641e-31	2.09033e-31	3.19779e-31	4.89197e-31	7.48377e-31	1.14488e-30	1.75147e-30	2.67946e-30	4.09919e-30	6.27123e-30	9.59432e-30	1.46785e-29	2.24574e-29	3.43593e-29	5.25703e-29	8.04357e-29	1.23076e-28	1.88326e-28	2.88183e-28	4.41010e-28	6.74921e-28	1.03297e-27	1.58108e-27	2.42024e-27	3.70516e-27	5.67294e-27	8.68695e-27	1.33044e-26	2.03798e-26	3.12245e-26	4.78516e-26	7.33529e-26	1.12481e-25	1.72543e-25	2.64793e-25	4.06563e-25	6.24597e-25	9.60195e-25	1.47725e-24	2.27476e-24	3.50646e-24	5.41160e-24	8.36359e-24	1.29471e-23	2.00809e-23	3.12155e-23	4.86522e-23	7.60652e-23	1.19363e-22	1.88127e-22	2.98060e-22	4.75216e-22	7.63470e-22	1.23809e-21	2.03117e-21	3.38120e-21	5.73482e-21	9.96915e-21	1.79203e-20	3.37914e-20	6.85638e-20	1.57804e-19	4.75969e-19	4.18836e-18	1.95425e-17	2.08071e-17	2.13028e-17	2.16149e-17	2.18546e-17	2.20604e-17	2.22499e-17	2.24331e-17	2.26164e-17	2.28048e-17	2.30023e-17	2.32126e-17	2.34396e-17	2.36871e-17	2.39593e-17	2.42606e-17	2.45963e-17	2.47001e-17	2.47005e-17	2.47005e-17	2.47005e-17	2.47005e-17	2.47005e-17	2.47005e-17	2.47005e-17	2.47005e-17	2.47005e-17	2.47005e-17	2.47005e-17	2.47005e-17	2.47005e-17	2.47005e-17	2.47005e-17	2.47005e-17	2.47005e-17	2.47005e-17	2.47005e-17	2.47005e-17	2.47005e-17	2.47005e-17	2.47005e-17	2.47005e-17	2.47005e-17	2.47005e-17	2.47005e-17	2.47005e-17	2.47005e-17	2.47005e-17	2.47005e-17	2.47005e-17	2.47005e-17	2.47005e-17	2.47005e-17	2.47005e-17	2.47005e-17	2.47005e-17	2.47005e-17	2.47005e-17	2.47005e-17	2.47005e-17	2.47005e-17	2.47005e-17	2.47005e-17	2.47005e-17	2.47005e-17	2.47005e-17	2.47005e-17	2.47005e-17	2.47005e-17	2.47005e-17	2.47005e-17	2.47005e-17	2.47005e-17	2.47005e-17	2.47005e-17	2.47005e-17	2.47005e-17	2.47005e-17	2.47005e-17	2.47005e-17	2.47005e-17	2.47005e-17	2.47005e-17	2.47005e-17	2.47005e-17	2.47005e-17	2.47005e-17	2.47005e-17	2.47005e-17	2.47005e-17	2.47005e-17	2.47005e-17	2.47005e-17	2.47005e-17	2.47005e-17	2.47005e-17	2.47005e-17	2.47005e-17	2.47005e-17
24.75	2.18191e-36	5.69173e-36	1.10608e-35	1.92741e-35	3.18383e-35	5.10581e-35	8.04594e-35	1.25436e-34	1.94238e-34	2.99487e-34	4.60490e-34	7.06784e-34	1.08355e-33	1.65990e-33	2.54158e-33	3.89033e-33	5.95357e-33	9.10981e-33	1.39381e-32	2.13242e-32	3.26233e-32	4.99082e-32	7.63502e-32	1.16801e-31	1.78681e-31	2.73346e-31	4.18165e-31	6.39712e-31	9.78641e-31	1.49715e-30	2.29040e-30	3.50398e-30	5.36064e-30	8.20121e-30	1.25472e-29	1.91965e-29	2.93703e-29	4.49370e-29	6.87563e-29	1.05205e-28	1.60981e-28	2.46338e-28	3.76974e-28	5.76921e-28	8.82978e-28	1.35150e-27	2.06882e-27	3.16717e-27	4.84922e-27	7.42559e-27	1.13726e-26	1.74206e-26	2.66907e-26	4.09035e-26	6.27019e-26	9.61482e-26	1.47490e-25	2.26344e-25	3.47530e-25	5.33904e-25	8.20773e-25	1.26275e-24	1.94446e-24	2.99732e-24	4.62583e-24	7.14918e-24	1.10671e-23	1.71651e-23	2.66829e-23	4.15878e-23	6.50204e-23	1.02031e-22	1.60810e-22	2.54781e-22	4.06214e-22	6.52613e-22	1.05832e-21	1.73624e-21	2.89024e-21	4.90211e-21	8.52161e-21	1.53183e-20	2.88849e-20	5.86083e-20	1.34891e-19	4.06858e-19	3.58020e-18	1.67049e-17	1.77859e-17	1.82096e-17	1.84763e-17	1.86813e-17	1.88572e-17	1.90192e-17	1.91758e-17	1.93325e-17	1.94935e-17	1.96623e-17	1.98421e-17	2.00362e-17	2.02477e-17	2.04803e-17	2.07380e-17	2.10249e-17	2.12824e-17	2.12931e-17	2.12931e-17	2.12931e-17	2.12931e-17	2.12931e-17	2.12931e-17	2.12931e-17	2.12931e-17	2.12931e-17	2.12931e-17	2.12931e-17	2.12931e-17	2.12931e-17	2.12931e-17	2.12931e-17	2.12931e-17	2.12931e-17	2.12931e-17	2.12931e-17	2.12931e-17	2.12931e-17	2.12931e-17	2.12931e-17	2.12931e-17	2.12931e-17	2.12931e-17	2.12931e-17	2.12931e-17	2.12931e-17	2.12931e-17	2.12931e-17	2.12931e-17	2.12931e-17	2.12931e-17	2.12931e-17	2.12931e-17	2.12931e-17	2.12931e-17	2.12931e-17	2.12931e-17	2.12931e-17	2.12931e-17	2.12931e-17	2.12931e-17	2.12931e-17	2.12931e-17	2.12931e-17	2.12931e-17	2.12931e-17	2.12931e-17	2.12931e-17	2.12931e-17	2.12931e-17	2.12931e-17	2.12931e-17	2.12931e-17	2.12931e-17	2.12931e-17	2.12931e-17	2.12931e-17	2.12931e-17	2.12931e-17	2.12931e-17	2.12931e-17	2.12931e-17	2.12931e-17	2.12931e-17	2.12931e-17	2.12931e-17	2.12931e-17	2.12931e-17	2.12931e-17	2.12931e-17	2.12931e-17	2.12931e-17	2.12931e-17	2.12931e-17	2.12931e-17	2.12931e-17	2.12931e-17	2.12931e-17
24.79	1.86509e-36	4.86528e-36	9.45477e-36	1.64755e-35	2.72153e-35	4.36444e-35	6.87766e-35	1.07222e-34	1.66034e-34	2.56001e-34	3.93626e-34	6.04158e-34	9.26216e-34	1.41888e-33	2.17254e-33	3.32544e-33	5.08910e-33	7.78706e-33	1.19143e-32	1.82279e-32	2.78863e-32	4.26614e-32	6.52640e-32	9.98410e-32	1.52737e-31	2.33656e-31	3.57447e-31	5.46825e-31	8.36541e-31	1.27976e-30	1.95783e-30	2.99519e-30	4.58227e-30	7.01038e-30	1.07253e-29	1.64092e-29	2.51057e-29	3.84121e-29	5.87728e-29	8.99289e-29	1.37606e-28	2.10570e-28	3.22237e-28	4.93151e-28	7.54768e-28	1.15526e-27	1.76842e-27	2.70729e-27	4.14510e-27	6.34738e-27	9.72124e-27	1.48911e-26	2.28152e-26	3.49642e-26	5.35975e-26	8.21873e-26	1.26074e-25	1.93479e-25	2.97068e-25	4.56380e-25	7.01596e-25	1.07940e-24	1.66212e-24	2.56210e-24	3.95415e-24	6.11111e-24	9.46018e-24	1.46727e-23	2.28085e-23	3.55492e-23	5.55794e-23	8.72159e-23	1.37460e-22	2.17787e-22	3.47231e-22	5.57853e-22	9.04649e-22	1.48413e-21	2.47057e-21	4.19032e-21	7.28426e-21	1.30940e-20	2.46907e-20	5.00983e-20	1.15305e-19	3.47781e-19	3.06035e-18	1.42794e-17	1.52033e-17	1.55655e-17	1.57936e-17	1.59687e-17	1.61191e-17	1.62576e-17	1.63914e-17	1.65254e-17	1.66630e-17	1.68073e-17	1.69610e-17	1.71269e-17	1.73077e-17	1.75066e-17	1.77268e-17	1.79721e-17	1.82466e-17	1.83639e-17	1.83646e-17	1.83646e-17	1.83646e-17	1.83646e-17	1.83646e-17	1.83646e-17	1.83646e-17	1.83646e-17	1.83646e-17	1.83646e-17	1.83646e-17	1.83646e-17	1.83646e-17	1.83646e-17	1.83646e-17	1.83646e-17	1.83646e-17	1.83646e-17	1.83646e-17	1.83646e-17	1.83646e-17	1.83646e-17	1.83646e-17	1.83646e-17	1.83646e-17	1.83646e-17	1.83646e-17	1.83646e-17	1.83646e-17	1.83646e-17	1.83646e-17	1.83646e-17	1.83646e-17	1.83646e-17	1.83646e-17	1.83646e-17	1.83646e-17	1.83646e-17	1.83646e-17	1.83646e-17	1.83646e-17	1.83646e-17	1.83646e-17	1.83646e-17	1.83646e-17	1.83646e-17	1.83646e-17	1.83646e-17	1.83646e-17	1.83646e-17	1.83646e-17	1.83646e-17	1.83646e-17	1.83646e-17	1.83646e-17	1.83646e-17	1.83646e-17	1.83646e-17	1.83646e-17	1.83646e-17	1.83646e-17	1.83646e-17	1.83646e-17	1.83646e-17	1.83646e-17	1.83646e-17	1.83646e-17	1.83646e-17	1.83646e-17	1.83646e-17	1.83646e-17	1.83646e-17	1.83646e-17	1.83646e-17	1.83646e-17	1.83646e-17	1.83646e-17	1.83646e-17	1.83646e-17	1.83646e-17
24.82	1.59428e-36	4.15884e-36	8.08193e-36	1.40832e-35	2.32636e-35	3.73072e-35	5.87901e-35	9.16534e-35	1.41926e-34	2.18829e-34	3.36471e-34	5.16433e-34	7.91728e-34	1.21286e-33	1.85708e-33	2.84258e-33	4.35015e-33	6.65636e-33	1.01843e-32	1.55812e-32	2.38372e-32	3.64669e-32	5.57876e-32	8.53439e-32	1.30559e-31	1.99729e-31	3.05545e-31	4.67425e-31	7.15074e-31	1.09394e-30	1.67355e-30	2.56029e-30	3.91691e-30	5.99246e-30	9.16798e-30	1.40265e-29	2.14603e-29	3.28346e-29	5.02389e-29	7.68711e-29	1.17626e-28	1.79995e-28	2.75448e-28	4.21545e-28	6.45175e-28	9.87516e-28	1.51164e-27	2.31419e-27	3.54323e-27	5.42573e-27	8.30970e-27	1.27289e-26	1.95024e-26	2.98874e-26	4.58151e-26	7.02536e-26	1.07768e-25	1.65385e-25	2.53933e-25	3.90113e-25	5.99723e-25	9.22667e-25	1.42078e-24	2.19008e-24	3.38000e-24	5.22377e-24	8.08655e-24	1.25422e-23	1.94967e-23	3.03874e-23	4.75092e-23	7.45520e-23	1.17501e-22	1.86164e-22	2.96812e-22	4.76852e-22	7.73293e-22	1.26864e-21	2.11184e-21	3.58188e-21	6.22657e-21	1.11928e-20	2.11056e-20	4.28239e-20	9.85622e-20	2.97283e-19	2.61598e-18	1.22060e-17	1.29958e-17	1.33054e-17	1.35003e-17	1.36500e-17	1.37786e-17	1.38970e-17	1.40114e-17	1.41259e-17	1.42435e-17	1.43668e-17	1.44982e-17	1.46400e-17	1.47946e-17	1.49646e-17	1.51528e-17	1.53625e-17	1.55972e-17	1.58307e-17	1.58470e-17	1.58470e-17	1.58470e-17	1.58470e-17	1.58470e-17	1.58470e-17	1.58470e-17	1.58470e-17	1.58470e-17	1.58470e-17	1.58470e-17	1.58470e-17	1.58470e-17	1.58470e-17	1.58470e-17	1.58470e-17	1.58470e-17	1.58470e-17	1.58470e-17	1.58470e-17	1.58470e-17	1.58470e-17	1.58470e-17	1.58470e-17	1.58470e-17	1.58470e-17	1.58470e-17	1.58470e-17	1.58470e-17	1.58470e-17	1.58470e-17	1.58470e-17	1.58470e-17	1.58470e-17	1.58470e-17	1.58470e-17	1.58470e-17	1.58470e-17	1.58470e-17	1.58470e-17	1.58470e-17	1.58470e-17	1.58470e-17	1.58470e-17	1.58470e-17	1.58470e-17	1.58470e-17	1.58470e-17	1.58470e-17	1.58470e-17	1.58470e-17	1.58470e-17	1.58470e-17	1.58470e-17	1.58470e-17	1.58470e-17	1.58470e-17	1.58470e-17	1.58470e-17	1.58470e-17	1.58470e-17	1.58470e-17	1.58470e-17	1.58470e-17	1.58470e-17	1.58470e-17	1.58470e-17	1.58470e-17	1.58470e-17	1.58470e-17	1.58470e-17	1.58470e-17	1.58470e-17	1.58470e-17	1.58470e-17	1.58470e-17	1.58470e-17	1.58470e-17	1.58470e-17	1.58470e-17
24.85	1.36279e-36	3.55497e-36	6.90842e-36	1.20383e-35	1.98857e-35	3.18901e-35	5.02537e-35	7.83452e-35	1.21318e-34	1.87055e-34	2.87615e-34	4.41446e-34	6.76768e-34	1.03675e-33	1.58743e-33	2.42984e-33	3.71850e-33	5.68985e-33	8.70552e-33	1.33188e-32	2.03760e-32	3.11719e-32	4.76871e-32	7.29519e-32	1.11602e-31	1.70728e-31	2.61179e-31	3.99554e-31	6.11244e-31	9.35097e-31	1.43055e-30	2.18853e-30	3.34817e-30	5.12235e-30	7.83678e-30	1.19898e-29	1.83442e-29	2.80670e-29	4.29441e-29	6.57093e-29	1.00546e-28	1.53859e-28	2.35452e-28	3.60336e-28	5.51494e-28	8.44127e-28	1.29215e-27	1.97816e-27	3.02875e-27	4.63791e-27	7.10312e-27	1.08806e-26	1.66706e-26	2.55477e-26	3.91627e-26	6.00527e-26	9.21199e-26	1.41371e-25	2.17062e-25	3.33468e-25	5.12642e-25	7.88694e-25	1.21448e-24	1.87208e-24	2.88922e-24	4.46527e-24	6.91237e-24	1.07211e-23	1.66658e-23	2.59751e-23	4.06107e-23	6.37269e-23	1.00440e-22	1.59133e-22	2.53715e-22	4.07612e-22	6.61010e-22	1.08443e-21	1.80520e-21	3.06178e-21	5.32247e-21	9.56756e-21	1.80410e-20	3.66058e-20	8.42508e-20	2.54117e-19	2.23614e-18	1.04336e-17	1.11088e-17	1.13734e-17	1.15400e-17	1.16680e-17	1.17779e-17	1.18791e-17	1.19769e-17	1.20748e-17	1.21753e-17	1.22808e-17	1.23931e-17	1.25143e-17	1.26464e-17	1.27917e-17	1.29526e-17	1.31318e-17	1.33325e-17	1.35580e-17	1.36811e-17	1.36822e-17	1.36822e-17	1.36822e-17	1.36822e-17	1.36822e-17	1.36822e-17	1.36822e-17	1.36822e-17	1.36822e-17	1.36822e-17	1.36822e-17	1.36822e-17	1.36822e-17	1.36822e-17	1.36822e-17	1.36822e-17	1.36822e-17	1.36822e-17	1.36822e-17	1.36822e-17	1.36822e-17	1.36822e-17	1.36822e-17	1.36822e-17	1.36822e-17	1.36822e-17	1.36822e-17	1.36822e-17	1.36822e-17	1.36822e-17	1.36822e-17	1.36822e-17	1.36822e-17	1.36822e-17	1.36822e-17	1.36822e-17	1.36822e-17	1.36822e-17	1.36822e-17	1.36822e-17	1.36822e-17	1.36822e-17	1.36822e-17	1.36822e-17	1.36822e-17	1.36822e-17	1.36822e-17	1.36822e-17	1.36822e-17	1.36822e-17	1.36822e-17	1.36822e-17	1.36822e-17	1.36822e-17	1.36822e-17	1.36822e-17	1.36822e-17	1.36822e-17	1.36822e-17	1.36822e-17	1.36822e-17	1.36822e-17	1.36822e-17	1.36822e-17	1.36822e-17	1.36822e-17	1.36822e-17	1.36822e-17	1.36822e-17	1.36822e-17	1.36822e-17	1.36822e-17	1.36822e-17	1.36822e-17	1.36822e-17	1.36822e-17	1.36822e-17	1.36822e-17	1.36822e-17
24.89	1.16491e-36	3.03878e-36	5.90531e-36	1.02903e-35	1.69983e-35	2.72596e-35	4.29568e-35	6.69693e-35	1.03702e-34	1.59894e-34	2.45853e-34	3.77347e-34	5.78500e-34	8.86213e-34	1.35693e-33	2.07702e-33	3.17857e-33	4.86367e-33	7.44147e-33	1.13849e-32	1.74174e-32	2.66457e-32	4.07629e-32	6.23591e-32	9.53969e-32	1.45938e-31	2.23256e-31	3.41538e-31	5.22490e-31	7.99319e-31	1.22283e-30	1.87075e-30	2.86201e-30	4.37858e-30	6.69886e-30	1.02489e-29	1.56806e-29	2.39916e-29	3.67086e-29	5.61682e-29	8.59467e-29	1.31519e-28	2.01264e-28	3.08015e-28	4.71417e-28	7.21559e-28	1.10453e-27	1.69093e-27	2.58897e-27	3.96448e-27	6.07174e-27	9.30076e-27	1.42500e-26	2.18381e-26	3.34762e-26	5.13329e-26	7.87440e-26	1.20844e-25	1.85544e-25	2.85048e-25	4.38206e-25	6.74175e-25	1.03814e-24	1.60025e-24	2.46970e-24	3.81691e-24	5.90868e-24	9.16436e-24	1.42459e-23	2.22035e-23	3.47140e-23	5.44737e-23	8.58557e-23	1.36026e-22	2.16875e-22	3.48426e-22	5.65030e-22	9.26967e-22	1.54308e-21	2.61721e-21	4.54963e-21	8.17834e-21	1.54214e-20	3.12906e-20	7.20174e-20	2.17219e-19	1.91145e-18	8.91866e-18	9.49577e-18	9.72200e-18	9.86441e-18	9.97382e-18	1.00677e-17	1.01542e-17	1.02378e-17	1.03215e-17	1.04075e-17	1.04976e-17	1.05936e-17	1.06972e-17	1.08101e-17	1.09343e-17	1.10719e-17	1.12251e-17	1.13966e-17	1.15893e-17	1.17959e-17	1.18200e-17	1.18200e-17	1.18200e-17	1.18200e-17	1.18200e-17	1.18200e-17	1.18200e-17	1.18200e-17	1.18200e-17	1.18200e-17	1.18200e-17	1.18200e-17	1.18200e-17	1.18200e-17	1.18200e-17	1.18200e-17	1.18200e-17	1.18200e-17	1.18200e-17	1.18200e-17	1.18200e-17	1.18200e-17	1.18200e-17	1.18200e-17	1.18200e-17	1.18200e-17	1.18200e-17	1.18200e-17	1.18200e-17	1.18200e-17	1.18200e-17	1.18200e-17	1.18200e-17	1.18200e-17	1.18200e-17	1.18200e-17	1.18200e-17	1.18200e-17	1.18200e-17	1.18200e-17	1.18200e-17	1.18200e-17	1.18200e-17	1.18200e-17	1.18200e-17	1.18200e-17	1.18200e-17	1.18200e-17	1.18200e-17	1.18200e-17	1.18200e-17	1.18200e-17	1.18200e-17	1.18200e-17	1.18200e-17	1.18200e-17	1.18200e-17	1.18200e-17	1.18200e-17	1.18200e-17	1.18200e-17	1.18200e-17	1.18200e-17	1.18200e-17	1.18200e-17	1.18200e-17	1.18200e-17	1.18200e-17	1.18200e-17	1.18200e-17	1.18200e-17	1.18200e-17	1.18200e-17	1.18200e-17	1.18200e-17	1.18200e-17	1.18200e-17	1.18200e-17	1.18200e-17
24.92	9.95762e-37	2.59754e-36	5.04785e-36	8.79616e-36	1.45301e-35	2.33015e-35	3.67194e-35	5.72453e-35	8.86445e-35	1.36677e-34	2.10155e-34	3.22556e-34	4.94501e-34	7.57533e-34	1.15991e-33	1.77543e-33	2.71704e-33	4.15746e-33	6.36096e-33	9.73177e-33	1.48883e-32	2.27767e-32	3.48440e-32	5.33045e-32	8.15451e-32	1.24747e-31	1.90839e-31	2.91946e-31	4.46624e-31	6.83257e-31	1.04527e-30	1.59912e-30	2.44644e-30	3.74280e-30	5.72618e-30	8.76075e-30	1.34038e-29	2.05080e-29	3.13784e-29	4.80125e-29	7.34671e-29	1.12422e-28	1.72040e-28	2.63290e-28	4.02966e-28	6.16787e-28	9.44149e-28	1.44541e-27	2.21304e-27	3.38883e-27	5.19011e-27	7.95028e-27	1.21809e-26	1.86672e-26	2.86154e-26	4.38793e-26	6.73102e-26	1.03297e-25	1.58603e-25	2.43659e-25	3.74578e-25	5.76283e-25	8.87398e-25	1.36789e-24	2.11110e-24	3.26269e-24	5.05073e-24	7.83368e-24	1.21773e-23	1.89795e-23	2.96735e-23	4.65640e-23	7.33893e-23	1.16275e-22	1.85384e-22	2.97834e-22	4.82987e-22	7.92370e-22	1.31902e-21	2.23719e-21	3.88902e-21	6.99083e-21	1.31822e-20	2.67471e-20	6.15604e-20	1.85678e-19	1.63390e-18	7.62366e-18	8.11697e-18	8.31035e-18	8.43208e-18	8.52561e-18	8.60589e-18	8.67983e-18	8.75128e-18	8.82280e-18	8.89627e-18	8.97331e-18	9.05538e-18	9.14393e-18	9.24048e-18	9.34665e-18	9.46421e-18	9.59517e-18	9.74177e-18	9.90655e-18	1.00924e-17	1.02160e-17	1.02177e-17	1.02177e-17	1.02177e-17	1.02177e-17	1.02177e-17	1.02177e-17	1.02177e-17	1.02177e-17	1.02177e-17	1.02177e-17	1.02177e-17	1.02177e-17	1.02177e-17	1.02177e-17	1.02177e-17	1.02177e-17	1.02177e-17	1.02177e-17	1.02177e-17	1.02177e-17	1.02177e-17	1.02177e-17	1.02177e-17	1.02177e-17	1.02177e-17	1.02177e-17	1.02177e-17	1.02177e-17	1.02177e-17	1.02177e-17	1.02177e-17	1.02177e-17	1.02177e-17	1.02177e-17	1.02177e-17	1.02177e-17	1.02177e-17	1.02177e-17	1.02177e-17	1.02177e-17	1.02177e-17	1.02177e-17	1.02177e-17	1.02177e-17	1.02177e-17	1.02177e-17	1.02177e-17	1.02177e-17	1.02177e-17	1.02177e-17	1.02177e-17	1.02177e-17	1.02177e-17	1.02177e-17	1.02177e-17	1.02177e-17	1.02177e-17	1.02177e-17	1.02177e-17	1.02177e-17	1.02177e-17	1.02177e-17	1.02177e-17	1.02177e-17	1.02177e-17	1.02177e-17	1.02177e-17	1.02177e-17	1.02177e-17	1.02177e-17	1.02177e-17	1.02177e-17	1.02177e-17	1.02177e-17	1.02177e-17	1.02177e-17	1.02177e-17	1.02177e-17
24.96	8.51176e-37	2.22038e-36	4.31489e-36	7.51894e-36	1.24203e-35	1.99181e-35	3.13877e-35	4.89332e-35	7.57732e-35	1.16831e-34	1.79640e-34	2.75720e-34	4.22699e-34	6.47538e-34	9.91486e-34	1.51764e-33	2.32252e-33	3.55379e-33	5.43734e-33	8.31871e-33	1.27265e-32	1.94695e-32	2.97846e-32	4.55646e-32	6.97046e-32	1.06634e-31	1.63129e-31	2.49555e-31	3.81773e-31	5.84047e-31	8.93498e-31	1.36692e-30	2.09122e-30	3.19934e-30	4.89473e-30	7.48867e-30	1.14575e-29	1.75302e-29	2.68222e-29	4.10410e-29	6.27996e-29	9.60981e-29	1.47060e-28	2.25060e-28	3.44455e-28	5.27229e-28	8.07057e-28	1.23553e-27	1.89171e-27	2.89676e-27	4.43650e-27	6.79588e-27	1.04122e-26	1.59567e-26	2.44604e-26	3.75080e-26	5.75367e-26	8.82982e-26	1.35573e-25	2.08279e-25	3.20188e-25	4.92606e-25	7.58546e-25	1.16927e-24	1.80456e-24	2.78894e-24	4.31736e-24	6.69622e-24	1.04092e-23	1.62237e-23	2.53648e-23	3.98028e-23	6.27330e-23	9.93917e-23	1.58466e-22	2.54588e-22	4.12856e-22	6.77316e-22	1.12750e-21	1.91234e-21	3.32433e-21	5.97575e-21	1.12681e-20	2.28634e-20	5.26217e-20	1.58718e-19	1.39666e-18	6.51669e-18	6.93837e-18	7.10367e-18	7.20773e-18	7.28768e-18	7.35630e-18	7.41950e-18	7.48058e-18	7.54171e-18	7.60452e-18	7.67037e-18	7.74052e-18	7.81622e-18	7.89875e-18	7.98950e-18	8.09000e-18	8.20194e-18	8.32725e-18	8.46810e-18	8.62699e-18	8.80468e-18	8.83844e-18	8.83853e-18	8.83853e-18	8.83853e-18	8.83853e-18	8.83853e-18	8.83853e-18	8.83853e-18	8.83853e-18	8.83853e-18	8.83853e-18	8.83853e-18	8.83853e-18	8.83853e-18	8.83853e-18	8.83853e-18	8.83853e-18	8.83853e-18	8.83853e-18	8.83853e-18	8.83853e-18	8.83853e-18	8.83853e-18	8.83853e-18	8.83853e-18	8.83853e-18	8.83853e-18	8.83853e-18	8.83853e-18	8.83853e-18	8.83853e-18	8.83853e-18	8.83853e-18	8.83853e-18	8.83853e-18	8.83853e-18	8.83853e-18	8.83853e-18	8.83853e-18	8.83853e-18	8.83853e-18	8.83853e-18	8.83853e-18	8.83853e-18	8.83853e-18	8.83853e-18	8.83853e-18	8.83853e-18	8.83853e-18	8.83853e-18	8.83853e-18	8.83853e-18	8.83853e-18	8.83853e-18	8.83853e-18	8.83853e-18	8.83853e-18	8.83853e-18	8.83853e-18	8.83853e-18	8.83853e-18	8.83853e-18	8.83853e-18	8.83853e-18	8.83853e-18	8.83853e-18	8.83853e-18	8.83853e-18	8.83853e-18	8.83853e-18	8.83853e-18	8.83853e-18	8.83853e-18	8.83853e-18	8.83853e-18	8.83853e-18	8.83853e-18	8.83853e-18
24.99	7.27584e-37	1.89797e-36	3.68836e-36	6.42718e-36	1.06168e-35	1.70259e-35	2.68301e-35	4.18280e-35	6.47708e-35	9.98673e-35	1.53556e-34	2.35685e-34	3.61322e-34	5.53515e-34	8.47520e-34	1.29727e-33	1.98529e-33	3.03778e-33	4.64783e-33	7.11082e-33	1.08786e-32	1.66425e-32	2.54599e-32	3.89486e-32	5.95834e-32	9.11505e-32	1.39442e-31	2.13319e-31	3.26339e-31	4.99242e-31	7.63761e-31	1.16844e-30	1.78757e-30	2.73479e-30	4.18401e-30	6.40131e-30	9.79387e-30	1.49848e-29	2.29276e-29	3.50818e-29	5.36810e-29	8.21445e-29	1.25707e-28	1.92381e-28	2.94439e-28	4.50674e-28	6.89871e-28	1.05613e-27	1.61703e-27	2.47615e-27	3.79231e-27	5.80911e-27	8.90032e-27	1.36397e-26	2.09087e-26	3.20618e-26	4.91822e-26	7.54772e-26	1.15888e-25	1.78037e-25	2.73697e-25	4.21079e-25	6.48404e-25	9.99491e-25	1.54254e-24	2.38398e-24	3.69047e-24	5.72392e-24	8.89774e-24	1.38680e-23	2.16818e-23	3.40234e-23	5.36241e-23	8.49599e-23	1.35457e-22	2.17622e-22	3.52909e-22	5.78969e-22	9.63785e-22	1.63467e-21	2.84163e-21	5.10806e-21	9.63200e-21	1.95436e-20	4.49810e-20	1.35672e-19	1.19386e-18	5.57046e-18	5.93091e-18	6.07221e-18	6.16116e-18	6.22950e-18	6.28816e-18	6.34218e-18	6.39439e-18	6.44664e-18	6.50033e-18	6.55662e-18	6.61659e-18	6.68129e-18	6.75184e-18	6.82941e-18	6.91532e-18	7.01100e-18	7.11812e-18	7.23852e-18	7.37434e-18	7.52800e-18	7.64814e-18	7.65089e-18	7.65089e-18	7.65089e-18	7.65089e-18	7.65089e-18	7.65089e-18	7.65089e-18	7.65089e-18	7.65089e-18	7.65089e-18	7.65089e-18	7.65089e-18	7.65089e-18	7.65089e-18	7.65089e-18	7.65089e-18	7.65089e-18	7.65089e-18	7.65089e-18	7.65089e-18	7.65089e-18	7.65089e-18	7.65089e-18	7.65089e-18	7.65089e-18	7.65089e-18	7.65089e-18	7.65089e-18	7.65089e-18	7.65089e-18	7.65089e-18	7.65089e-18	7.65089e-18	7.65089e-18	7.65089e-18	7.65089e-18	7.65089e-18	7.65089e-18	7.65089e-18	7.65089e-18	7.65089e-18	7.65089e-18	7.65089e-18	7.65089e-18	7.65089e-18	7.65089e-18	7.65089e-18	7.65089e-18	7.65089e-18	7.65089e-18	7.65089e-18	7.65089e-18	7.65089e-18	7.65089e-18	7.65089e-18	7.65089e-18	7.65089e-18	7.65089e-18	7.65089e-18	7.65089e-18	7.65089e-18	7.65089e-18	7.65089e-18	7.65089e-18	7.65089e-18	7.65089e-18	7.65089e-18	7.65089e-18	7.65089e-18	7.65089e-18	7.65089e-18	7.65089e-18	7.65089e-18	7.65089e-18	7.65089e-18	7.65089e-18	7.65089e-18
25.02	6.21937e-37	1.62239e-36	3.15281e-36	5.49394e-36	9.07526e-36	1.45537e-35	2.29344e-35	3.57545e-35	5.53660e-35	8.53664e-35	1.31259e-34	2.01463e-34	3.08858e-34	4.73144e-34	7.24459e-34	1.10891e-33	1.69702e-33	2.59669e-33	3.97295e-33	6.07831e-33	9.29902e-33	1.42260e-32	2.17631e-32	3.32932e-32	5.09318e-32	7.79153e-32	1.19195e-31	1.82345e-31	2.78954e-31	4.26752e-31	6.52861e-31	9.98783e-31	1.52801e-30	2.33769e-30	3.57648e-30	5.47183e-30	8.37178e-30	1.28090e-29	1.95985e-29	2.99878e-29	4.58864e-29	7.02170e-29	1.07454e-28	1.64447e-28	2.51686e-28	3.85236e-28	5.89701e-28	9.02778e-28	1.38223e-27	2.11661e-27	3.24166e-27	4.96562e-27	7.60798e-27	1.16592e-26	1.78727e-26	2.74063e-26	4.20409e-26	6.45178e-26	9.90608e-26	1.52185e-25	2.33955e-25	3.59938e-25	5.54255e-25	8.54363e-25	1.31856e-24	2.03782e-24	3.15461e-24	4.89279e-24	7.60578e-24	1.18543e-23	1.85336e-23	2.90832e-23	4.58378e-23	7.26236e-23	1.15788e-22	1.86023e-22	3.01666e-22	4.94902e-22	8.23842e-22	1.39731e-21	2.42902e-21	4.36636e-21	8.23341e-21	1.67059e-20	3.84497e-20	1.15972e-19	1.02051e-18	4.76162e-18	5.06973e-18	5.19052e-18	5.26655e-18	5.32496e-18	5.37511e-18	5.42128e-18	5.46591e-18	5.51058e-18	5.55647e-18	5.60459e-18	5.65585e-18	5.71116e-18	5.77146e-18	5.83777e-18	5.91120e-18	5.99299e-18	6.08456e-18	6.18748e-18	6.30357e-18	6.43492e-18	6.58389e-18	6.62764e-18	6.62779e-18	6.62779e-18	6.62779e-18	6.62779e-18	6.62779e-18	6.62779e-18	6.62779e-18	6.62779e-18	6.62779e-18	6.62779e-18	6.62779e-18	6.62779e-18	6.62779e-18	6.62779e-18	6.62779e-18	6.62779e-18	6.62779e-18	6.62779e-18	6.62779e-18	6.62779e-18	6.62779e-18	6.62779e-18	6.62779e-18	6.62779e-18	6.62779e-18	6.62779e-18	6.62779e-18	6.62779e-18	6.62779e-18	6.62779e-18	6.62779e-18	6.62779e-18	6.62779e-18	6.62779e-18	6.62779e-18	6.62779e-18	6.62779e-18	6.62779e-18	6.62779e-18	6.62779e-18	6.62779e-18	6.62779e-18	6.62779e-18	6.62779e-18	6.62779e-18	6.62779e-18	6.62779e-18	6.62779e-18	6.62779e-18	6.62779e-18	6.62779e-18	6.62779e-18	6.62779e-18	6.62779e-18	6.62779e-18	6.62779e-18	6.62779e-18	6.62779e-18	6.62779e-18	6.62779e-18	6.62779e-18	6.62779e-18	6.62779e-18	6.62779e-18	6.62779e-18	6.62779e-18	6.62779e-18	6.62779e-18	6.62779e-18	6.62779e-18	6.62779e-18	6.62779e-18	6.62779e-18	6.62779e-18	6.62779e-18	6.62779e-18
25.06	5.31631e-37	1.38681e-36	2.69501e-36	4.69621e-36	7.75752e-36	1.24405e-35	1.96043e-35	3.05629e-35	4.73268e-35	7.29711e-35	1.12200e-34	1.72211e-34	2.64011e-34	4.04442e-34	6.19267e-34	9.47893e-34	1.45061e-33	2.21964e-33	3.39608e-33	5.19573e-33	7.94879e-33	1.21603e-32	1.86030e-32	2.84589e-32	4.35364e-32	6.66019e-32	1.01888e-31	1.55868e-31	2.38450e-31	3.64787e-31	5.58065e-31	8.53758e-31	1.30614e-30	1.99826e-30	3.05717e-30	4.67731e-30	7.15619e-30	1.09491e-29	1.67528e-29	2.56336e-29	3.92236e-29	6.00214e-29	9.18513e-29	1.40569e-28	2.15141e-28	3.29299e-28	5.04075e-28	7.71693e-28	1.18153e-27	1.80927e-27	2.77097e-27	4.24460e-27	6.50329e-27	9.96629e-27	1.52776e-26	2.34269e-26	3.59365e-26	5.51497e-26	8.46770e-26	1.30088e-25	1.99985e-25	3.07674e-25	4.73776e-25	7.30308e-25	1.12710e-24	1.74193e-24	2.69655e-24	4.18235e-24	6.50141e-24	1.01330e-23	1.58425e-23	2.48602e-23	3.91821e-23	6.20785e-23	9.89756e-23	1.59012e-22	2.57864e-22	4.23041e-22	7.04219e-22	1.19442e-21	2.07632e-21	3.73236e-21	7.03791e-21	1.42801e-20	3.28667e-20	9.91325e-20	8.72330e-19	4.07022e-18	4.33360e-18	4.43684e-18	4.50184e-18	4.55177e-18	4.59463e-18	4.63411e-18	4.67225e-18	4.71044e-18	4.74967e-18	4.79080e-18	4.83461e-18	4.88189e-18	4.93344e-18	4.99012e-18	5.05289e-18	5.12280e-18	5.20107e-18	5.28904e-18	5.38828e-18	5.50056e-18	5.62792e-18	5.74165e-18	5.74603e-18	5.74604e-18	5.74604e-18	5.74604e-18	5.74604e-18	5.74604e-18	5.74604e-18	5.74604e-18	5.74604e-18	5.74604e-18	5.74604e-18	5.74604e-18	5.74604e-18	5.74604e-18	5.74604e-18	5.74604e-18	5.74604e-18	5.74604e-18	5.74604e-18	5.74604e-18	5.74604e-18	5.74604e-18	5.74604e-18	5.74604e-18	5.74604e-18	5.74604e-18	5.74604e-18	5.74604e-18	5.74604e-18	5.74604e-18	5.74604e-18	5.74604e-18	5.74604e-18	5.74604e-18	5.74604e-18	5.74604e-18	5.74604e-18	5.74604e-18	5.74604e-18	5.74604e-18	5.74604e-18	5.74604e-18	5.74604e-18	5.74604e-18	5.74604e-18	5.74604e-18	5.74604e-18	5.74604e-18	5.74604e-18	5.74604e-18	5.74604e-18	5.74604e-18	5.74604e-18	5.74604e-18	5.74604e-18	5.74604e-18	5.74604e-18	5.74604e-18	5.74604e-18	5.74604e-18	5.74604e-18	5.74604e-18	5.74604e-18	5.74604e-18	5.74604e-18	5.74604e-18	5.74604e-18	5.74604e-18	5.74604e-18	5.74604e-18	5.74604e-18	5.74604e-18	5.74604e-18	5.74604e-18	5.74604e-18	5.74604e-18
25.09	4.54438e-37	1.18545e-36	2.30369e-36	4.01432e-36	6.63112e-36	1.06341e-35	1.67577e-35	2.61251e-35	4.04548e-35	6.23756e-35	9.59086e-35	1.47205e-34	2.25676e-34	3.45717e-34	5.29348e-34	8.10258e-34	1.23998e-33	1.89735e-33	2.90296e-33	4.44131e-33	6.79461e-33	1.03946e-32	1.59018e-32	2.43267e-32	3.72149e-32	5.69312e-32	8.70934e-32	1.33236e-31	2.03826e-31	3.11819e-31	4.77033e-31	7.29791e-31	1.11649e-30	1.70811e-30	2.61327e-30	3.99816e-30	6.11710e-30	9.35926e-30	1.43202e-29	2.19115e-29	3.35283e-29	5.13062e-29	7.85144e-29	1.20158e-28	1.83902e-28	2.81484e-28	4.30883e-28	6.59642e-28	1.00997e-27	1.54656e-27	2.36862e-27	3.62828e-27	5.55900e-27	8.51917e-27	1.30592e-26	2.00253e-26	3.07185e-26	4.71419e-26	7.23818e-26	1.11199e-25	1.70947e-25	2.62999e-25	4.04983e-25	6.24266e-25	9.63444e-25	1.48900e-24	2.30501e-24	3.57507e-24	5.55739e-24	8.66171e-24	1.35421e-23	2.12505e-23	3.34928e-23	5.30646e-23	8.46042e-23	1.35923e-22	2.20421e-22	3.61615e-22	6.01965e-22	1.02099e-21	1.77484e-21	3.19042e-21	6.01599e-21	1.22066e-20	2.80944e-20	8.47383e-20	7.45666e-19	3.47922e-18	3.70435e-18	3.79261e-18	3.84816e-18	3.89085e-18	3.92748e-18	3.96123e-18	3.99384e-18	4.02647e-18	4.06001e-18	4.09516e-18	4.13262e-18	4.17303e-18	4.21709e-18	4.26555e-18	4.31920e-18	4.37896e-18	4.44587e-18	4.52107e-18	4.60590e-18	4.70187e-18	4.81074e-18	4.93449e-18	4.98548e-18	4.98574e-18	4.98574e-18	4.98574e-18	4.98574e-18	4.98574e-18	4.98574e-18	4.98574e-18	4.98574e-18	4.98574e-18	4.98574e-18	4.98574e-18	4.98574e-18	4.98574e-18	4.98574e-18	4.98574e-18	4.98574e-18	4.98574e-18	4.98574e-18	4.98574e-18	4.98574e-18	4.98574e-18	4.98574e-18	4.98574e-18	4.98574e-18	4.98574e-18	4.98574e-18	4.98574e-18	4.98574e-18	4.98574e-18	4.98574e-18	4.98574e-18	4.98574e-18	4.98574e-18	4.98574e-18	4.98574e-18	4.98574e-18	4.98574e-18	4.98574e-18	4.98574e-18	4.98574e-18	4.98574e-18	4.98574e-18	4.98574e-18	4.98574e-18	4.98574e-18	4.98574e-18	4.98574e-18	4.98574e-18	4.98574e-18	4.98574e-18	4.98574e-18	4.98574e-18	4.98574e-18	4.98574e-18	4.98574e-18	4.98574e-18	4.98574e-18	4.98574e-18	4.98574e-18	4.98574e-18	4.98574e-18	4.98574e-18	4.98574e-18	4.98574e-18	4.98574e-18	4.98574e-18	4.98574e-18	4.98574e-18	4.98574e-18	4.98574e-18	4.98574e-18	4.98574e-18	4.98574e-18	4.98574e-18	4.98574e-18
25.13	3.88452e-37	1.01332e-36	1.96919e-36	3.43143e-36	5.66827e-36	9.09004e-36	1.43244e-35	2.23317e-35	3.45807e-35	5.33185e-35	8.19825e-35	1.25831e-34	1.92908e-34	2.95518e-34	4.52486e-34	6.92607e-34	1.05993e-33	1.62185e-33	2.48145e-33	3.79642e-33	5.80802e-33	8.88531e-33	1.35929e-32	2.07944e-32	3.18112e-32	4.86647e-32	7.44473e-32	1.13890e-31	1.74231e-31	2.66542e-31	4.07767e-31	6.23824e-31	9.54372e-31	1.46009e-30	2.23382e-30	3.41762e-30	5.22888e-30	8.00028e-30	1.22409e-29	1.87299e-29	2.86599e-29	4.38564e-29	6.71140e-29	1.02711e-28	1.57199e-28	2.40612e-28	3.68318e-28	5.63861e-28	8.63322e-28	1.32200e-27	2.02469e-27	3.10145e-27	4.75183e-27	7.28217e-27	1.11630e-26	1.71176e-26	2.62581e-26	4.02968e-26	6.18718e-26	9.50527e-26	1.46125e-25	2.24811e-25	3.46179e-25	5.33622e-25	8.23551e-25	1.27279e-24	1.97032e-24	3.05596e-24	4.75045e-24	7.40402e-24	1.15758e-23	1.81649e-23	2.86296e-23	4.53596e-23	7.23195e-23	1.16187e-22	1.88416e-22	3.09108e-22	5.14559e-22	8.72739e-22	1.51713e-21	2.72716e-21	5.14246e-21	1.04342e-20	2.40151e-20	7.24342e-20	6.37394e-19	2.97403e-18	3.16648e-18	3.24192e-18	3.28940e-18	3.32589e-18	3.35721e-18	3.38605e-18	3.41392e-18	3.44182e-18	3.47049e-18	3.50054e-18	3.53256e-18	3.56710e-18	3.60477e-18	3.64618e-18	3.69204e-18	3.74313e-18	3.80032e-18	3.86460e-18	3.93711e-18	4.01915e-18	4.11221e-18	4.21799e-18	4.32302e-18	4.32982e-18	4.32984e-18	4.32984e-18	4.32984e-18	4.32984e-18	4.32984e-18	4.32984e-18	4.32984e-18	4.32984e-18	4.32984e-18	4.32984e-18	4.32984e-18	4.32984e-18	4.32984e-18	4.32984e-18	4.32984e-18	4.32984e-18	4.32984e-18	4.32984e-18	4.32984e-18	4.32984e-18	4.32984e-18	4.32984e-18	4.32984e-18	4.32984e-18	4.32984e-18	4.32984e-18	4.32984e-18	4.32984e-18	4.32984e-18	4.32984e-18	4.32984e-18	4.32984e-18	4.32984e-18	4.32984e-18	4.32984e-18	4.32984e-18	4.32984e-18	4.32984e-18	4.32984e-18	4.32984e-18	4.32984e-18	4.32984e-18	4.32984e-18	4.32984e-18	4.32984e-18	4.32984e-18	4.32984e-18	4.32984e-18	4.32984e-18	4.32984e-18	4.32984e-18	4.32984e-18	4.32984e-18	4.32984e-18	4.32984e-18	4.32984e-18	4.32984e-18	4.32984e-18	4.32984e-18	4.32984e-18	4.32984e-18	4.32984e-18	4.32984e-18	4.32984e-18	4.32984e-18	4.32984e-18	4.32984e-18	4.32984e-18	4.32984e-18	4.32984e-18	4.32984e-18	4.32984e-18	4.32984e-18	4.32984e-18
25.16	3.32049e-37	8.66182e-37	1.68326e-36	2.93318e-36	4.84523e-36	7.77015e-36	1.22445e-35	1.90891e-35	2.95596e-35	4.55766e-35	7.00785e-35	1.07560e-34	1.64897e-34	2.52608e-34	3.86784e-34	5.92039e-34	9.06029e-34	1.38635e-33	2.12114e-33	3.24517e-33	4.96469e-33	7.59515e-33	1.16192e-32	1.77750e-32	2.71922e-32	4.15985e-32	6.36374e-32	9.73529e-32	1.48932e-31	2.27840e-31	3.48559e-31	5.33244e-31	8.15796e-31	1.24808e-30	1.90946e-30	2.92137e-30	4.46964e-30	6.83863e-30	1.04635e-29	1.60103e-29	2.44985e-29	3.74884e-29	5.73689e-29	8.77973e-29	1.34374e-28	2.05675e-28	3.14838e-28	4.81988e-28	7.37966e-28	1.13004e-27	1.73070e-27	2.65111e-27	4.06185e-27	6.22479e-27	9.54214e-27	1.46321e-26	2.24454e-26	3.44456e-26	5.28879e-26	8.12509e-26	1.24907e-25	1.92169e-25	2.95913e-25	4.56139e-25	7.03970e-25	1.08798e-24	1.68423e-24	2.61223e-24	4.06068e-24	6.32894e-24	9.89497e-24	1.55273e-23	2.44725e-23	3.87733e-23	6.18186e-23	9.93163e-23	1.61058e-22	2.64225e-22	4.39844e-22	7.46016e-22	1.29684e-21	2.33118e-21	4.39577e-21	8.91915e-21	2.05280e-20	6.19166e-20	5.44844e-19	2.54220e-18	2.70670e-18	2.77118e-18	2.81178e-18	2.84296e-18	2.86974e-18	2.89439e-18	2.91822e-18	2.94207e-18	2.96657e-18	2.99226e-18	3.01962e-18	3.04915e-18	3.08135e-18	3.11675e-18	3.15595e-18	3.19962e-18	3.24851e-18	3.30346e-18	3.36544e-18	3.43557e-18	3.51511e-18	3.60553e-18	3.70851e-18	3.76325e-18	3.76369e-18	3.76369e-18	3.76369e-18	3.76369e-18	3.76369e-18	3.76369e-18	3.76369e-18	3.76369e-18	3.76369e-18	3.76369e-18	3.76369e-18	3.76369e-18	3.76369e-18	3.76369e-18	3.76369e-18	3.76369e-18	3.76369e-18	3.76369e-18	3.76369e-18	3.76369e-18	3.76369e-18	3.76369e-18	3.76369e-18	3.76369e-18	3.76369e-18	3.76369e-18	3.76369e-18	3.76369e-18	3.76369e-18	3.76369e-18	3.76369e-18	3.76369e-18	3.76369e-18	3.76369e-18	3.76369e-18	3.76369e-18	3.76369e-18	3.76369e-18	3.76369e-18	3.76369e-18	3.76369e-18	3.76369e-18	3.76369e-18	3.76369e-18	3.76369e-18	3.76369e-18	3.76369e-18	3.76369e-18	3.76369e-18	3.76369e-18	3.76369e-18	3.76369e-18	3.76369e-18	3.76369e-18	3.76369e-18	3.76369e-18	3.76369e-18	3.76369e-18	3.76369e-18	3.76369e-18	3.76369e-18	3.76369e-18	3.76369e-18	3.76369e-18	3.76369e-18	3.76369e-18	3.76369e-18	3.76369e-18	3.76369e-18	3.76369e-18	3.76369e-18	3.76369e-18	3.76369e-18	3.76369e-18
25.19	2.83835e-37	7.40411e-37	1.43885e-36	2.50728e-36	4.14169e-36	6.64191e-36	1.04666e-35	1.63173e-35	2.52675e-35	3.89588e-35	5.99030e-35	9.19422e-35	1.40954e-34	2.15929e-34	3.30623e-34	5.06074e-34	7.74472e-34	1.18505e-33	1.81314e-33	2.77397e-33	4.24381e-33	6.49232e-33	9.93204e-33	1.51941e-32	2.32438e-32	3.55583e-32	5.43972e-32	8.32171e-32	1.27307e-31	1.94757e-31	2.97947e-31	4.55816e-31	6.97341e-31	1.06686e-30	1.63221e-30	2.49719e-30	3.82064e-30	5.84565e-30	8.94419e-30	1.36856e-29	2.09413e-29	3.20450e-29	4.90388e-29	7.50490e-29	1.14863e-28	1.75811e-28	2.69123e-28	4.12002e-28	6.30812e-28	9.65960e-28	1.47940e-27	2.26617e-27	3.47207e-27	5.32094e-27	8.15660e-27	1.25075e-26	1.91863e-26	2.94441e-26	4.52085e-26	6.94531e-26	1.06771e-25	1.64265e-25	2.52946e-25	3.89907e-25	6.01752e-25	9.30004e-25	1.43967e-24	2.23293e-24	3.47106e-24	5.40997e-24	8.45821e-24	1.32727e-23	2.09191e-23	3.31433e-23	5.28424e-23	8.48954e-23	1.37672e-22	2.25859e-22	3.75978e-22	6.37693e-22	1.10854e-21	1.99268e-21	3.75750e-21	7.62408e-21	1.75473e-20	5.29262e-20	4.65732e-19	2.17307e-18	2.31368e-18	2.36880e-18	2.40350e-18	2.43016e-18	2.45305e-18	2.47412e-18	2.49449e-18	2.51487e-18	2.53582e-18	2.55778e-18	2.58117e-18	2.60641e-18	2.63393e-18	2.66419e-18	2.69770e-18	2.73503e-18	2.77682e-18	2.82379e-18	2.87677e-18	2.93672e-18	3.00471e-18	3.08201e-18	3.17003e-18	3.26449e-18	3.27470e-18	3.27472e-18	3.27472e-18	3.27472e-18	3.27472e-18	3.27472e-18	3.27472e-18	3.27472e-18	3.27472e-18	3.27472e-18	3.27472e-18	3.27472e-18	3.27472e-18	3.27472e-18	3.27472e-18	3.27472e-18	3.27472e-18	3.27472e-18	3.27472e-18	3.27472e-18	3.27472e-18	3.27472e-18	3.27472e-18	3.27472e-18	3.27472e-18	3.27472e-18	3.27472e-18	3.27472e-18	3.27472e-18	3.27472e-18	3.27472e-18	3.27472e-18	3.27472e-18	3.27472e-18	3.27472e-18	3.27472e-18	3.27472e-18	3.27472e-18	3.27472e-18	3.27472e-18	3.27472e-18	3.27472e-18	3.27472e-18	3.27472e-18	3.27472e-18	3.27472e-18	3.27472e-18	3.27472e-18	3.27472e-18	3.27472e-18	3.27472e-18	3.27472e-18	3.27472e-18	3.27472e-18	3.27472e-18	3.27472e-18	3.27472e-18	3.27472e-18	3.27472e-18	3.27472e-18	3.27472e-18	3.27472e-18	3.27472e-18	3.27472e-18	3.27472e-18	3.27472e-18	3.27472e-18	3.27472e-18	3.27472e-18	3.27472e-18	3.27472e-18	3.27472e-18	3.27472e-18	3.27472e-18
25.23	2.42621e-37	6.32902e-37	1.22993e-36	2.14322e-36	3.54031e-36	5.67750e-36	8.94683e-36	1.39480e-35	2.15986e-35	3.33019e-35	5.12050e-35	7.85921e-35	1.20487e-34	1.84576e-34	2.82616e-34	4.32592e-34	6.62017e-34	1.01298e-33	1.54987e-33	2.37119e-33	3.62760e-33	5.54963e-33	8.48989e-33	1.29879e-32	1.98688e-32	3.03952e-32	4.64986e-32	7.11339e-32	1.08822e-31	1.66478e-31	2.54685e-31	3.89631e-31	5.96086e-31	9.11948e-31	1.39521e-30	2.13459e-30	3.26588e-30	4.99685e-30	7.64548e-30	1.16984e-29	1.79006e-29	2.73920e-29	4.19183e-29	6.41518e-29	9.81843e-29	1.50283e-28	2.30046e-28	3.52179e-28	5.39217e-28	8.25701e-28	1.26459e-27	1.93712e-27	2.96792e-27	4.54833e-27	6.97225e-27	1.06914e-26	1.64004e-26	2.51688e-26	3.86442e-26	5.93684e-26	9.12673e-26	1.40414e-25	2.16218e-25	3.33292e-25	5.14377e-25	7.94966e-25	1.23063e-24	1.90871e-24	2.96706e-24	4.62443e-24	7.23006e-24	1.13455e-23	1.78816e-23	2.83309e-23	4.51696e-23	7.25685e-23	1.17682e-22	1.93064e-22	3.21386e-22	5.45099e-22	9.47576e-22	1.70334e-21	3.21190e-21	6.51705e-21	1.49994e-20	4.52413e-20	3.98107e-19	1.85753e-18	1.97773e-18	2.02485e-18	2.05451e-18	2.07730e-18	2.09686e-18	2.11487e-18	2.13228e-18	2.14971e-18	2.16761e-18	2.18638e-18	2.20638e-18	2.22796e-18	2.25148e-18	2.27735e-18	2.30599e-18	2.33790e-18	2.37362e-18	2.41377e-18	2.45906e-18	2.51030e-18	2.56842e-18	2.63449e-18	2.70974e-18	2.79557e-18	2.85145e-18	2.85216e-18	2.85216e-18	2.85216e-18	2.85216e-18	2.85216e-18	2.85216e-18	2.85216e-18	2.85216e-18	2.85216e-18	2.85216e-18	2.85216e-18	2.85216e-18	2.85216e-18	2.85216e-18	2.85216e-18	2.85216e-18	2.85216e-18	2.85216e-18	2.85216e-18	2.85216e-18	2.85216e-18	2.85216e-18	2.85216e-18	2.85216e-18	2.85216e-18	2.85216e-18	2.85216e-18	2.85216e-18	2.85216e-18	2.85216e-18	2.85216e-18	2.85216e-18	2.85216e-18	2.85216e-18	2.85216e-18	2.85216e-18	2.85216e-18	2.85216e-18	2.85216e-18	2.85216e-18	2.85216e-18	2.85216e-18	2.85216e-18	2.85216e-18	2.85216e-18	2.85216e-18	2.85216e-18	2.85216e-18	2.85216e-18	2.85216e-18	2.85216e-18	2.85216e-18	2.85216e-18	2.85216e-18	2.85216e-18	2.85216e-18	2.85216e-18	2.85216e-18	2.85216e-18	2.85216e-18	2.85216e-18	2.85216e-18	2.85216e-18	2.85216e-18	2.85216e-18	2.85216e-18	2.85216e-18	2.85216e-18	2.85216e-18	2.85216e-18	2.85216e-18	2.85216e-18	2.85216e-18
25.26	2.07392e-37	5.41004e-37	1.05134e-36	1.83202e-36	3.02625e-36	4.85312e-36	7.64773e-36	1.19228e-35	1.84624e-35	2.84664e-35	4.37700e-35	6.71804e-35	1.02992e-34	1.57775e-34	2.41579e-34	3.69779e-34	5.65891e-34	8.65895e-34	1.32483e-33	2.02689e-33	3.10087e-33	4.74381e-33	7.25715e-33	1.11020e-32	1.69838e-32	2.59818e-32	3.97469e-32	6.08051e-32	9.30206e-32	1.42305e-31	2.17704e-31	3.33056e-31	5.09533e-31	7.79532e-31	1.19262e-30	1.82465e-30	2.79167e-30	4.27130e-30	6.53535e-30	9.99980e-30	1.53014e-29	2.34147e-29	3.58317e-29	5.48368e-29	8.39278e-29	1.28461e-28	1.96643e-28	3.01042e-28	4.60922e-28	7.05808e-28	1.08097e-27	1.65584e-27	2.53697e-27	3.88791e-27	5.95987e-27	9.13897e-27	1.40190e-26	2.15142e-26	3.30330e-26	5.07480e-26	7.80152e-26	1.20025e-25	1.84823e-25	2.84897e-25	4.39689e-25	6.79536e-25	1.05194e-24	1.63156e-24	2.53624e-24	3.95296e-24	6.18025e-24	9.69812e-24	1.52852e-23	2.42172e-23	3.86109e-23	6.20314e-23	1.00594e-22	1.65031e-22	2.74720e-22	4.65950e-22	8.09986e-22	1.45602e-21	2.74553e-21	5.57076e-21	1.28215e-20	3.86722e-20	3.40301e-19	1.58782e-18	1.69056e-18	1.73084e-18	1.75619e-18	1.77567e-18	1.79239e-18	1.80779e-18	1.82267e-18	1.83757e-18	1.85287e-18	1.86892e-18	1.88601e-18	1.90445e-18	1.92456e-18	1.94667e-18	1.97116e-18	1.99843e-18	2.02897e-18	2.06329e-18	2.10200e-18	2.14580e-18	2.19548e-18	2.25196e-18	2.31628e-18	2.38965e-18	2.47212e-18	2.48671e-18	2.48675e-18	2.48675e-18	2.48675e-18	2.48675e-18	2.48675e-18	2.48675e-18	2.48675e-18	2.48675e-18	2.48675e-18	2.48675e-18	2.48675e-18	2.48675e-18	2.48675e-18	2.48675e-18	2.48675e-18	2.48675e-18	2.48675e-18	2.48675e-18	2.48675e-18	2.48675e-18	2.48675e-18	2.48675e-18	2.48675e-18	2.48675e-18	2.48675e-18	2.48675e-18	2.48675e-18	2.48675e-18	2.48675e-18	2.48675e-18	2.48675e-18	2.48675e-18	2.48675e-18	2.48675e-18	2.48675e-18	2.48675e-18	2.48675e-18	2.48675e-18	2.48675e-18	2.48675e-18	2.48675e-18	2.48675e-18	2.48675e-18	2.48675e-18	2.48675e-18	2.48675e-18	2.48675e-18	2.48675e-18	2.48675e-18	2.48675e-18	2.48675e-18	2.48675e-18	2.48675e-18	2.48675e-18	2.48675e-18	2.48675e-18	2.48675e-18	2.48675e-18	2.48675e-18	2.48675e-18	2.48675e-18	2.48675e-18	2.48675e-18	2.48675e-18	2.48675e-18	2.48675e-18	2.48675e-18	2.48675e-18	2.48675e-18	2.48675e-18	2.48675e-18	2.48675e-18
25.30	1.77279e-37	4.62449e-37	8.98684e-37	1.56601e-36	2.58684e-36	4.14844e-36	6.53727e-36	1.01916e-35	1.57817e-35	2.43331e-35	3.74145e-35	5.74257e-35	8.80376e-35	1.34866e-34	2.06502e-34	3.16086e-34	4.83723e-34	7.40166e-34	1.13246e-33	1.73258e-33	2.65062e-33	4.05500e-33	6.20340e-33	9.48997e-33	1.45177e-32	2.22092e-32	3.39756e-32	5.19761e-32	7.95139e-32	1.21642e-31	1.86093e-31	2.84696e-31	4.35548e-31	6.66343e-31	1.01945e-30	1.55970e-30	2.38631e-30	3.65110e-30	5.58640e-30	8.54781e-30	1.30796e-29	2.00148e-29	3.06289e-29	4.68744e-29	7.17413e-29	1.09809e-28	1.68090e-28	2.57330e-28	3.93995e-28	6.03324e-28	9.24012e-28	1.41541e-27	2.16860e-27	3.32338e-27	5.09449e-27	7.81197e-27	1.19835e-26	1.83903e-26	2.82365e-26	4.33793e-26	6.66873e-26	1.02598e-25	1.57986e-25	2.43530e-25	3.75845e-25	5.80866e-25	8.99198e-25	1.39465e-24	2.16797e-24	3.37898e-24	5.28286e-24	8.28994e-24	1.30657e-23	2.07008e-23	3.30046e-23	5.30244e-23	8.59877e-23	1.41068e-22	2.34830e-22	3.98293e-22	6.92375e-22	1.24460e-21	2.34687e-21	4.76188e-21	1.09598e-20	3.30569e-20	2.90889e-19	1.35726e-18	1.44509e-18	1.47952e-18	1.50119e-18	1.51784e-18	1.53213e-18	1.54530e-18	1.55802e-18	1.57075e-18	1.58383e-18	1.59755e-18	1.61216e-18	1.62792e-18	1.64511e-18	1.66401e-18	1.68494e-18	1.70826e-18	1.73436e-18	1.76369e-18	1.79679e-18	1.83423e-18	1.87670e-18	1.92497e-18	1.97995e-18	2.04267e-18	2.11430e-18	2.16937e-18	2.17054e-18	2.17054e-18	2.17054e-18	2.17054e-18	2.17054e-18	2.17054e-18	2.17054e-18	2.17054e-18	2.17054e-18	2.17054e-18	2.17054e-18	2.17054e-18	2.17054e-18	2.17054e-18	2.17054e-18	2.17054e-18	2.17054e-18	2.17054e-18	2.17054e-18	2.17054e-18	2.17054e-18	2.17054e-18	2.17054e-18	2.17054e-18	2.17054e-18	2.17054e-18	2.17054e-18	2.17054e-18	2.17054e-18	2.17054e-18	2.17054e-18	2.17054e-18	2.17054e-18	2.17054e-18	2.17054e-18	2.17054e-18	2.17054e-18	2.17054e-18	2.17054e-18	2.17054e-18	2.17054e-18	2.17054e-18	2.17054e-18	2.17054e-18	2.17054e-18	2.17054e-18	2.17054e-18	2.17054e-18	2.17054e-18	2.17054e-18	2.17054e-18	2.17054e-18	2.17054e-18	2.17054e-18	2.17054e-18	2.17054e-18	2.17054e-18	2.17054e-18	2.17054e-18	2.17054e-18	2.17054e-18	2.17054e-18	2.17054e-18	2.17054e-18	2.17054e-18	2.17054e-18	2.17054e-18	2.17054e-18	2.17054e-18	2.17054e-18	2.17054e-18	2.17054e-18
25.33	1.51538e-37	3.95301e-37	7.68194e-37	1.33862e-36	2.21122e-36	3.54608e-36	5.58805e-36	8.71173e-36	1.34901e-35	2.07999e-35	3.19818e-35	4.90874e-35	7.52544e-35	1.15283e-34	1.76517e-34	2.70190e-34	4.13486e-34	6.32693e-34	9.68026e-34	1.48101e-33	2.26574e-33	3.46621e-33	5.30265e-33	8.11201e-33	1.24097e-32	1.89844e-32	2.90423e-32	4.44291e-32	6.79683e-32	1.03980e-31	1.59072e-31	2.43357e-31	3.72306e-31	5.69589e-31	8.71424e-31	1.33323e-30	2.03982e-30	3.12096e-30	4.77525e-30	7.30666e-30	1.11804e-29	1.71086e-29	2.61815e-29	4.00682e-29	6.13244e-29	9.38642e-29	1.43683e-28	2.19965e-28	3.36787e-28	5.15720e-28	7.89844e-28	1.20989e-27	1.85372e-27	2.84082e-27	4.35476e-27	6.67766e-27	1.02434e-26	1.57200e-26	2.41366e-26	3.70806e-26	5.70042e-26	8.77003e-26	1.35046e-25	2.08169e-25	3.21272e-25	4.96524e-25	7.68633e-25	1.19215e-24	1.85318e-24	2.88835e-24	4.51578e-24	7.08623e-24	1.11686e-23	1.76950e-23	2.82123e-23	4.53251e-23	7.35021e-23	1.20585e-22	2.00732e-22	3.40460e-22	5.91841e-22	1.06388e-21	2.00610e-21	4.07045e-21	9.36842e-21	2.82570e-20	2.48651e-19	1.16019e-18	1.23526e-18	1.26469e-18	1.28322e-18	1.29745e-18	1.30967e-18	1.32092e-18	1.33179e-18	1.34268e-18	1.35386e-18	1.36558e-18	1.37807e-18	1.39155e-18	1.40624e-18	1.42240e-18	1.44029e-18	1.46022e-18	1.48253e-18	1.50760e-18	1.53589e-18	1.56790e-18	1.60420e-18	1.64546e-18	1.69246e-18	1.74607e-18	1.80730e-18	1.87729e-18	1.89663e-18	1.89670e-18	1.89670e-18	1.89670e-18	1.89670e-18	1.89670e-18	1.89670e-18	1.89670e-18	1.89670e-18	1.89670e-18	1.89670e-18	1.89670e-18	1.89670e-18	1.89670e-18	1.89670e-18	1.89670e-18	1.89670e-18	1.89670e-18	1.89670e-18	1.89670e-18	1.89670e-18	1.89670e-18	1.89670e-18	1.89670e-18	1.89670e-18	1.89670e-18	1.89670e-18	1.89670e-18	1.89670e-18	1.89670e-18	1.89670e-18	1.89670e-18	1.89670e-18	1.89670e-18	1.89670e-18	1.89670e-18	1.89670e-18	1.89670e-18	1.89670e-18	1.89670e-18	1.89670e-18	1.89670e-18	1.89670e-18	1.89670e-18	1.89670e-18	1.89670e-18	1.89670e-18	1.89670e-18	1.89670e-18	1.89670e-18	1.89670e-18	1.89670e-18	1.89670e-18	1.89670e-18	1.89670e-18	1.89670e-18	1.89670e-18	1.89670e-18	1.89670e-18	1.89670e-18	1.89670e-18	1.89670e-18	1.89670e-18	1.89670e-18	1.89670e-18	1.89670e-18	1.89670e-18	1.89670e-18	1.89670e-18	1.89670e-18	1.89670e-18	1.89670e-18
25.36	1.29534e-37	3.37902e-37	6.56651e-37	1.14425e-36	1.89015e-36	3.03118e-36	4.77666e-36	7.44677e-36	1.15314e-35	1.77797e-35	2.73380e-35	4.19598e-35	6.43274e-35	9.85440e-35	1.50887e-34	2.30958e-34	3.53447e-34	5.40825e-34	8.27467e-34	1.26596e-33	1.93675e-33	2.96291e-33	4.53270e-33	6.93414e-33	1.06078e-32	1.62278e-32	2.48253e-32	3.79779e-32	5.80992e-32	8.88817e-32	1.35975e-31	2.08022e-31	3.18247e-31	4.86884e-31	7.44892e-31	1.13965e-30	1.74363e-30	2.66779e-30	4.08188e-30	6.24572e-30	9.55700e-30	1.46244e-29	2.23799e-29	3.42502e-29	5.24200e-29	8.02350e-29	1.22820e-28	1.88026e-28	2.87885e-28	4.40837e-28	6.75158e-28	1.03421e-27	1.58455e-27	2.42833e-27	3.72244e-27	5.70806e-27	8.75607e-27	1.34374e-26	2.06319e-26	3.16964e-26	4.87271e-26	7.49660e-26	1.15437e-25	1.77942e-25	2.74623e-25	4.24428e-25	6.57026e-25	1.01905e-24	1.58409e-24	2.46896e-24	3.86009e-24	6.05730e-24	9.54687e-24	1.51257e-23	2.41158e-23	3.87439e-23	6.28295e-23	1.03076e-22	1.71586e-22	2.91025e-22	5.05905e-22	9.09405e-22	1.71481e-21	3.47941e-21	8.00811e-21	2.41540e-20	2.12547e-19	9.91726e-19	1.05590e-18	1.08105e-18	1.09689e-18	1.10906e-18	1.11950e-18	1.12912e-18	1.13841e-18	1.14772e-18	1.15727e-18	1.16730e-18	1.17797e-18	1.18949e-18	1.20205e-18	1.21586e-18	1.23116e-18	1.24819e-18	1.26726e-18	1.28870e-18	1.31288e-18	1.34023e-18	1.37127e-18	1.40654e-18	1.44671e-18	1.49254e-18	1.54488e-18	1.60474e-18	1.65750e-18	1.65937e-18	1.65937e-18	1.65937e-18	1.65937e-18	1.65937e-18	1.65937e-18	1.65937e-18	1.65937e-18	1.65937e-18	1.65937e-18	1.65937e-18	1.65937e-18	1.65937e-18	1.65937e-18	1.65937e-18	1.65937e-18	1.65937e-18	1.65937e-18	1.65937e-18	1.65937e-18	1.65937e-18	1.65937e-18	1.65937e-18	1.65937e-18	1.65937e-18	1.65937e-18	1.65937e-18	1.65937e-18	1.65937e-18	1.65937e-18	1.65937e-18	1.65937e-18	1.65937e-18	1.65937e-18	1.65937e-18	1.65937e-18	1.65937e-18	1.65937e-18	1.65937e-18	1.65937e-18	1.65937e-18	1.65937e-18	1.65937e-18	1.65937e-18	1.65937e-18	1.65937e-18	1.65937e-18	1.65937e-18	1.65937e-18	1.65937e-18	1.65937e-18	1.65937e-18	1.65937e-18	1.65937e-18	1.65937e-18	1.65937e-18	1.65937e-18	1.65937e-18	1.65937e-18	1.65937e-18	1.65937e-18	1.65937e-18	1.65937e-18	1.65937e-18	1.65937e-18	1.65937e-18	1.65937e-18	1.65937e-18	1.65937e-18	1.65937e-18	1.65937e-18
25.40	1.10726e-37	2.88839e-37	5.61304e-37	9.78104e-37	1.61570e-36	2.59105e-36	4.08308e-36	6.36549e-36	9.85698e-36	1.51981e-35	2.33685e-35	3.58672e-35	5.49869e-35	8.42353e-35	1.28978e-34	1.97423e-34	3.02126e-34	4.62296e-34	7.07318e-34	1.08214e-33	1.65553e-33	2.53269e-33	3.87455e-33	5.92729e-33	9.06755e-33	1.38715e-32	2.12206e-32	3.24635e-32	4.96631e-32	7.59760e-32	1.16231e-31	1.77817e-31	2.72037e-31	4.16187e-31	6.36733e-31	9.74167e-31	1.49046e-30	2.28042e-30	3.48918e-30	5.33883e-30	8.16931e-30	1.25010e-29	1.91303e-29	2.92770e-29	4.48085e-29	6.85847e-29	1.04986e-28	1.60724e-28	2.46083e-28	3.76827e-28	5.77124e-28	8.84045e-28	1.35447e-27	2.07573e-27	3.18194e-27	4.87924e-27	7.48468e-27	1.14863e-26	1.76361e-26	2.70941e-26	4.16518e-26	6.40809e-26	9.86758e-26	1.52105e-25	2.34747e-25	3.62800e-25	5.61625e-25	8.71080e-25	1.35408e-24	2.11046e-24	3.29960e-24	5.17777e-24	8.16065e-24	1.29294e-23	2.06141e-23	3.31182e-23	5.37066e-23	8.81090e-23	1.46671e-22	2.48768e-22	4.32447e-22	7.77358e-22	1.46582e-21	2.97420e-21	6.84532e-21	2.06468e-20	1.81685e-19	8.47726e-19	9.02581e-19	9.24084e-19	9.37620e-19	9.48020e-19	9.56947e-19	9.65169e-19	9.73114e-19	9.81066e-19	9.89237e-19	9.97803e-19	1.00693e-18	1.01678e-18	1.02751e-18	1.03932e-18	1.05239e-18	1.06695e-18	1.08325e-18	1.10158e-18	1.12225e-18	1.14563e-18	1.17216e-18	1.20231e-18	1.23665e-18	1.27582e-18	1.32056e-18	1.37173e-18	1.43031e-18	1.45341e-18	1.45352e-18	1.45352e-18	1.45352e-18	1.45352e-18	1.45352e-18	1.45352e-18	1.45352e-18	1.45352e-18	1.45352e-18	1.45352e-18	1.45352e-18	1.45352e-18	1.45352e-18	1.45352e-18	1.45352e-18	1.45352e-18	1.45352e-18	1.45352e-18	1.45352e-18	1.45352e-18	1.45352e-18	1.45352e-18	1.45352e-18	1.45352e-18	1.45352e-18	1.45352e-18	1.45352e-18	1.45352e-18	1.45352e-18	1.45352e-18	1.45352e-18	1.45352e-18	1.45352e-18	1.45352e-18	1.45352e-18	1.45352e-18	1.45352e-18	1.45352e-18	1.45352e-18	1.45352e-18	1.45352e-18	1.45352e-18	1.45352e-18	1.45352e-18	1.45352e-18	1.45352e-18	1.45352e-18	1.45352e-18	1.45352e-18	1.45352e-18	1.45352e-18	1.45352e-18	1.45352e-18	1.45352e-18	1.45352e-18	1.45352e-18	1.45352e-18	1.45352e-18	1.45352e-18	1.45352e-18	1.45352e-18	1.45352e-18	1.45352e-18	1.45352e-18	1.45352e-18	1.45352e-18	1.45352e-18	1.45352e-18	1.45352e-18	1.45352e-18
25.43	9.46480e-38	2.46899e-37	4.79802e-37	8.36082e-37	1.38110e-36	2.21482e-36	3.49021e-36	5.44121e-36	8.42574e-36	1.29913e-35	1.99754e-35	3.06592e-35	4.70028e-35	7.20042e-35	1.10250e-34	1.68756e-34	2.58257e-34	3.95170e-34	6.04614e-34	9.25013e-34	1.41515e-33	2.16494e-33	3.31196e-33	5.06664e-33	7.75093e-33	1.18573e-32	1.81394e-32	2.77497e-32	4.24520e-32	6.49441e-32	9.93541e-32	1.51997e-31	2.32537e-31	3.55756e-31	5.44278e-31	8.32716e-31	1.27404e-30	1.94930e-30	2.98255e-30	4.56362e-30	6.98311e-30	1.06858e-29	1.63526e-29	2.50260e-29	3.83023e-29	5.86261e-29	8.97421e-29	1.37387e-28	2.10352e-28	3.22111e-28	4.93324e-28	7.55680e-28	1.15780e-27	1.77433e-27	2.71992e-27	4.17076e-27	6.39789e-27	9.81847e-27	1.50753e-26	2.31600e-26	3.56039e-26	5.47762e-26	8.43479e-26	1.30019e-25	2.00661e-25	3.10121e-25	4.80076e-25	7.44598e-25	1.15747e-24	1.80402e-24	2.82049e-24	4.42595e-24	6.97571e-24	1.10520e-23	1.76209e-23	2.83094e-23	4.59083e-23	7.53154e-23	1.25374e-22	2.12646e-22	3.69655e-22	6.64484e-22	1.25298e-21	2.54234e-21	5.85137e-21	1.76489e-20	1.55304e-19	7.24635e-19	7.71524e-19	7.89906e-19	8.01476e-19	8.10366e-19	8.17997e-19	8.25025e-19	8.31816e-19	8.38614e-19	8.45598e-19	8.52921e-19	8.60721e-19	8.69139e-19	8.78316e-19	8.88407e-19	8.99581e-19	9.12029e-19	9.25963e-19	9.41626e-19	9.59294e-19	9.79283e-19	1.00196e-18	1.02773e-18	1.05708e-18	1.09057e-18	1.12881e-18	1.17255e-18	1.22262e-18	1.27187e-18	1.27481e-18	1.27481e-18	1.27481e-18	1.27481e-18	1.27481e-18	1.27481e-18	1.27481e-18	1.27481e-18	1.27481e-18	1.27481e-18	1.27481e-18	1.27481e-18	1.27481e-18	1.27481e-18	1.27481e-18	1.27481e-18	1.27481e-18	1.27481e-18	1.27481e-18	1.27481e-18	1.27481e-18	1.27481e-18	1.27481e-18	1.27481e-18	1.27481e-18	1.27481e-18	1.27481e-18	1.27481e-18	1.27481e-18	1.27481e-18	1.27481e-18	1.27481e-18	1.27481e-18	1.27481e-18	1.27481e-18	1.27481e-18	1.27481e-18	1.27481e-18	1.27481e-18	1.27481e-18	1.27481e-18	1.27481e-18	1.27481e-18	1.27481e-18	1.27481e-18	1.27481e-18	1.27481e-18	1.27481e-18	1.27481e-18	1.27481e-18	1.27481e-18	1.27481e-18	1.27481e-18	1.27481e-18	1.27481e-18	1.27481e-18	1.27481e-18	1.27481e-18	1.27481e-18	1.27481e-18	1.27481e-18	1.27481e-18	1.27481e-18	1.27481e-18	1.27481e-18	1.27481e-18	1.27481e-18	1.27481e-18	1.27481e-18	1.27481e-18
25.47	8.09050e-38	2.11049e-37	4.10134e-37	7.14682e-37	1.18056e-36	1.89323e-36	2.98343e-36	4.65114e-36	7.20231e-36	1.11049e-35	1.70749e-35	2.62074e-35	4.01779e-35	6.15491e-35	9.42415e-35	1.44253e-34	2.20757e-34	3.37791e-34	5.16823e-34	7.90700e-34	1.20967e-33	1.85059e-33	2.83105e-33	4.33095e-33	6.62548e-33	1.01356e-32	1.55055e-32	2.37204e-32	3.62879e-32	5.55141e-32	8.49277e-32	1.29927e-31	1.98772e-31	3.04100e-31	4.65248e-31	7.11805e-31	1.08905e-30	1.66626e-30	2.54948e-30	3.90098e-30	5.96915e-30	9.13420e-30	1.39782e-29	2.13922e-29	3.27407e-29	5.01135e-29	7.67114e-29	1.17438e-28	1.79808e-28	2.75340e-28	4.21693e-28	6.45954e-28	9.89687e-28	1.51670e-27	2.32498e-27	3.56516e-27	5.46891e-27	8.39282e-27	1.28864e-26	1.97971e-26	3.04342e-26	4.68226e-26	7.21005e-26	1.11140e-25	1.71525e-25	2.65091e-25	4.10368e-25	6.36481e-25	9.89400e-25	1.54207e-24	2.41095e-24	3.78329e-24	5.96283e-24	9.44726e-24	1.50623e-23	2.41988e-23	3.92423e-23	6.43795e-23	1.07170e-22	1.81770e-22	3.15980e-22	5.68000e-22	1.07105e-21	2.17319e-21	5.00174e-21	1.50862e-20	1.32753e-19	6.19417e-19	6.59498e-19	6.75210e-19	6.85101e-19	6.92700e-19	6.99223e-19	7.05230e-19	7.11035e-19	7.16846e-19	7.22816e-19	7.29075e-19	7.35743e-19	7.42938e-19	7.50783e-19	7.59409e-19	7.68961e-19	7.79601e-19	7.91512e-19	8.04900e-19	8.20003e-19	8.37090e-19	8.56471e-19	8.78503e-19	9.03594e-19	9.32216e-19	9.64909e-19	1.00230e-18	1.04510e-18	1.09413e-18	1.11935e-18	1.11953e-18	1.11953e-18	1.11953e-18	1.11953e-18	1.11953e-18	1.11953e-18	1.11953e-18	1.11953e-18	1.11953e-18	1.11953e-18	1.11953e-18	1.11953e-18	1.11953e-18	1.11953e-18	1.11953e-18	1.11953e-18	1.11953e-18	1.11953e-18	1.11953e-18	1.11953e-18	1.11953e-18	1.11953e-18	1.11953e-18	1.11953e-18	1.11953e-18	1.11953e-18	1.11953e-18	1.11953e-18	1.11953e-18	1.11953e-18	1.11953e-18	1.11953e-18	1.11953e-18	1.11953e-18	1.11953e-18	1.11953e-18	1.11953e-18	1.11953e-18	1.11953e-18	1.11953e-18	1.11953e-18	1.11953e-18	1.11953e-18	1.11953e-18	1.11953e-18	1.11953e-18	1.11953e-18	1.11953e-18	1.11953e-18	1.11953e-18	1.11953e-18	1.11953e-18	1.11953e-18	1.11953e-18	1.11953e-18	1.11953e-18	1.11953e-18	1.11953e-18	1.11953e-18	1.11953e-18	1.11953e-18	1.11953e-18	1.11953e-18	1.11953e-18	1.11953e-18	1.11953e-18	1.11953e-18	1.11953e-18	1.11953e-18
25.50	6.91574e-38	1.80404e-37	3.50582e-37	6.10909e-37	1.00914e-36	1.61833e-36	2.55023e-36	3.97579e-36	6.15652e-36	9.49247e-36	1.45956e-35	2.24021e-35	3.43440e-35	5.26120e-35	8.05575e-35	1.23307e-34	1.88703e-34	2.88743e-34	4.41780e-34	6.75889e-34	1.03402e-33	1.58188e-33	2.41998e-33	3.70209e-33	5.66345e-33	8.66393e-33	1.32541e-32	2.02762e-32	3.10188e-32	4.74534e-32	7.25961e-32	1.11061e-31	1.69910e-31	2.59944e-31	3.97693e-31	6.08450e-31	9.30915e-31	1.42432e-30	2.17929e-30	3.33455e-30	5.10242e-30	7.80790e-30	1.19485e-29	1.82860e-29	2.79867e-29	4.28370e-29	6.55728e-29	1.00386e-28	1.53700e-28	2.35360e-28	3.60462e-28	5.52161e-28	8.45983e-28	1.29647e-27	1.98739e-27	3.04750e-27	4.67481e-27	7.17417e-27	1.10152e-26	1.69225e-26	2.60151e-26	4.00239e-26	6.16314e-26	9.50024e-26	1.46619e-25	2.26599e-25	3.50782e-25	5.44063e-25	8.45738e-25	1.31816e-24	2.06088e-24	3.23395e-24	5.09702e-24	8.07551e-24	1.28753e-23	2.06851e-23	3.35443e-23	5.50315e-23	9.16086e-23	1.55376e-22	2.70099e-22	4.85526e-22	9.15529e-22	1.85764e-21	4.27548e-21	1.28957e-20	1.13477e-19	5.29477e-19	5.63738e-19	5.77169e-19	5.85623e-19	5.92119e-19	5.97694e-19	6.02829e-19	6.07792e-19	6.12759e-19	6.17862e-19	6.23212e-19	6.28912e-19	6.35062e-19	6.41768e-19	6.49141e-19	6.57306e-19	6.66402e-19	6.76583e-19	6.88027e-19	7.00937e-19	7.15543e-19	7.32110e-19	7.50943e-19	7.72391e-19	7.96857e-19	8.24802e-19	8.56761e-19	8.93347e-19	9.35265e-19	9.80004e-19	9.84473e-19	9.84482e-19	9.84482e-19	9.84482e-19	9.84482e-19	9.84482e-19	9.84482e-19	9.84482e-19	9.84482e-19	9.84482e-19	9.84482e-19	9.84482e-19	9.84482e-19	9.84482e-19	9.84482e-19	9.84482e-19	9.84482e-19	9.84482e-19	9.84482e-19	9.84482e-19	9.84482e-19	9.84482e-19	9.84482e-19	9.84482e-19	9.84482e-19	9.84482e-19	9.84482e-19	9.84482e-19	9.84482e-19	9.84482e-19	9.84482e-19	9.84482e-19	9.84482e-19	9.84482e-19	9.84482e-19	9.84482e-19	9.84482e-19	9.84482e-19	9.84482e-19	9.84482e-19	9.84482e-19	9.84482e-19	9.84482e-19	9.84482e-19	9.84482e-19	9.84482e-19	9.84482e-19	9.84482e-19	9.84482e-19	9.84482e-19	9.84482e-19	9.84482e-19	9.84482e-19	9.84482e-19	9.84482e-19	9.84482e-19	9.84482e-19	9.84482e-19	9.84482e-19	9.84482e-19	9.84482e-19	9.84482e-19	9.84482e-19	9.84482e-19	9.84482e-19	9.84482e-19	9.84482e-19	9.84482e-19	9.84482e-19
25.54	5.91157e-38	1.54209e-37	2.99677e-37	5.22204e-37	8.62611e-37	1.38335e-36	2.17993e-36	3.39850e-36	5.26258e-36	8.11415e-36	1.24763e-35	1.91493e-35	2.93572e-35	4.49727e-35	6.88604e-35	1.05403e-34	1.61303e-34	2.46817e-34	3.77633e-34	5.77749e-34	8.83880e-34	1.35219e-33	2.06860e-33	3.16454e-33	4.84111e-33	7.40592e-33	1.13296e-32	1.73321e-32	2.65148e-32	4.05631e-32	6.20550e-32	9.49352e-32	1.45239e-31	2.22200e-31	3.39948e-31	5.20102e-31	7.95745e-31	1.21750e-30	1.86285e-30	2.85037e-30	4.36154e-30	6.67418e-30	1.02136e-29	1.56308e-29	2.39230e-29	3.66170e-29	5.60515e-29	8.58098e-29	1.31382e-28	2.01185e-28	3.08123e-28	4.71986e-28	7.23145e-28	1.10822e-27	1.69882e-27	2.60499e-27	3.99602e-27	6.13247e-27	9.41581e-27	1.44654e-26	2.22377e-26	3.42124e-26	5.26824e-26	8.12079e-26	1.25330e-25	1.93697e-25	2.99848e-25	4.65064e-25	7.22935e-25	1.12676e-24	1.76163e-24	2.76438e-24	4.35692e-24	6.90293e-24	1.10058e-23	1.76816e-23	2.86736e-23	4.70408e-23	7.83069e-23	1.32816e-22	2.30881e-22	4.15027e-22	7.82593e-22	1.58791e-21	3.65467e-21	1.10232e-20	9.70003e-20	4.52596e-19	4.81882e-19	4.93363e-19	5.00590e-19	5.06142e-19	5.10908e-19	5.15298e-19	5.19540e-19	5.23785e-19	5.28147e-19	5.32721e-19	5.37593e-19	5.42850e-19	5.48582e-19	5.54885e-19	5.61865e-19	5.69639e-19	5.78342e-19	5.88125e-19	5.99160e-19	6.11645e-19	6.25807e-19	6.41905e-19	6.60239e-19	6.81152e-19	7.05040e-19	7.32358e-19	7.63631e-19	7.99463e-19	8.40549e-19	8.66597e-19	8.66905e-19	8.66905e-19	8.66905e-19	8.66905e-19	8.66905e-19	8.66905e-19	8.66905e-19	8.66905e-19	8.66905e-19	8.66905e-19	8.66905e-19	8.66905e-19	8.66905e-19	8.66905e-19	8.66905e-19	8.66905e-19	8.66905e-19	8.66905e-19	8.66905e-19	8.66905e-19	8.66905e-19	8.66905e-19	8.66905e-19	8.66905e-19	8.66905e-19	8.66905e-19	8.66905e-19	8.66905e-19	8.66905e-19	8.66905e-19	8.66905e-19	8.66905e-19	8.66905e-19	8.66905e-19	8.66905e-19	8.66905e-19	8.66905e-19	8.66905e-19	8.66905e-19	8.66905e-19	8.66905e-19	8.66905e-19	8.66905e-19	8.66905e-19	8.66905e-19	8.66905e-19	8.66905e-19	8.66905e-19	8.66905e-19	8.66905e-19	8.66905e-19	8.66905e-19	8.66905e-19	8.66905e-19	8.66905e-19	8.66905e-19	8.66905e-19	8.66905e-19	8.66905e-19	8.66905e-19	8.66905e-19	8.66905e-19	8.66905e-19	8.66905e-19	8.66905e-19	8.66905e-19	8.66905e-19	8.66905e-19
25.57	5.05320e-38	1.31818e-37	2.56163e-37	4.46379e-37	7.37359e-37	1.18248e-36	1.86340e-36	2.90503e-36	4.49845e-36	6.93596e-36	1.06647e-35	1.63688e-35	2.50945e-35	3.84426e-35	5.88618e-35	9.00980e-35	1.37882e-34	2.10979e-34	3.22800e-34	4.93859e-34	7.55539e-34	1.15585e-33	1.76823e-33	2.70505e-33	4.13817e-33	6.33056e-33	9.68450e-33	1.48154e-32	2.26648e-32	3.46733e-32	5.30445e-32	8.11504e-32	1.24150e-31	1.89936e-31	2.90587e-31	4.44582e-31	6.80201e-31	1.04072e-30	1.59236e-30	2.43649e-30	3.72824e-30	5.70508e-30	8.73054e-30	1.33612e-29	2.04493e-29	3.13001e-29	4.79128e-29	7.33501e-29	1.12306e-28	1.71973e-28	2.63383e-28	4.03453e-28	6.18143e-28	9.47304e-28	1.45215e-27	2.22675e-27	3.41579e-27	5.24202e-27	8.04862e-27	1.23650e-26	1.90087e-26	2.92447e-26	4.50328e-26	6.94164e-26	1.07132e-25	1.65572e-25	2.56310e-25	3.97536e-25	6.17964e-25	9.63154e-25	1.50584e-24	2.36299e-24	3.72429e-24	5.90061e-24	9.40771e-24	1.51142e-23	2.45102e-23	4.02104e-23	6.69366e-23	1.13531e-22	1.97356e-22	3.54764e-22	6.68959e-22	1.35734e-21	3.12401e-21	9.42263e-21	8.29157e-20	3.86878e-19	4.11912e-19	4.21726e-19	4.27903e-19	4.32650e-19	4.36724e-19	4.40476e-19	4.44102e-19	4.47731e-19	4.51460e-19	4.55369e-19	4.59534e-19	4.64028e-19	4.68927e-19	4.74315e-19	4.80281e-19	4.86927e-19	4.94366e-19	5.02728e-19	5.12161e-19	5.22833e-19	5.34939e-19	5.48699e-19	5.64371e-19	5.82248e-19	6.02667e-19	6.26019e-19	6.52751e-19	6.83380e-19	7.18500e-19	7.57947e-19	7.64420e-19	7.64436e-19	7.64436e-19	7.64436e-19	7.64436e-19	7.64436e-19	7.64436e-19	7.64436e-19	7.64436e-19	7.64436e-19	7.64436e-19	7.64436e-19	7.64436e-19	7.64436e-19	7.64436e-19	7.64436e-19	7.64436e-19	7.64436e-19	7.64436e-19	7.64436e-19	7.64436e-19	7.64436e-19	7.64436e-19	7.64436e-19	7.64436e-19	7.64436e-19	7.64436e-19	7.64436e-19	7.64436e-19	7.64436e-19	7.64436e-19	7.64436e-19	7.64436e-19	7.64436e-19	7.64436e-19	7.64436e-19	7.64436e-19	7.64436e-19	7.64436e-19	7.64436e-19	7.64436e-19	7.64436e-19	7.64436e-19	7.64436e-19	7.64436e-19	7.64436e-19	7.64436e-19	7.64436e-19	7.64436e-19	7.64436e-19	7.64436e-19	7.64436e-19	7.64436e-19	7.64436e-19	7.64436e-19	7.64436e-19	7.64436e-19	7.64436e-19	7.64436e-19	7.64436e-19	7.64436e-19	7.64436e-19	7.64436e-19	7.64436e-19	7.64436e-19	7.64436e-19	7.64436e-19	7.64436e-19
25.60	4.31947e-38	1.12678e-37	2.18968e-37	3.81564e-37	6.30293e-37	1.01078e-36	1.59283e-36	2.48321e-36	3.84527e-36	5.92885e-36	9.11619e-36	1.39920e-35	2.14507e-35	3.28607e-35	5.03150e-35	7.70157e-35	1.17861e-34	1.80344e-34	2.75929e-34	4.22150e-34	6.45833e-34	9.88018e-34	1.51148e-33	2.31227e-33	3.53730e-33	5.41136e-33	8.27830e-33	1.26642e-32	1.93739e-32	2.96387e-32	4.53424e-32	6.93673e-32	1.06123e-31	1.62357e-31	2.48393e-31	3.80028e-31	5.81435e-31	8.89605e-31	1.36115e-30	2.08271e-30	3.18689e-30	4.87669e-30	7.46286e-30	1.14211e-29	1.74801e-29	2.67553e-29	4.09558e-29	6.26995e-29	9.59986e-29	1.47002e-28	2.25139e-28	3.44871e-28	5.28388e-28	8.09754e-28	1.24129e-27	1.90342e-27	2.91982e-27	4.48087e-27	6.87995e-27	1.05695e-26	1.62486e-26	2.49983e-26	3.84940e-26	5.93370e-26	9.15762e-26	1.41530e-25	2.19093e-25	3.39813e-25	5.28235e-25	8.23303e-25	1.28719e-24	2.01988e-24	3.18352e-24	5.04384e-24	8.04170e-24	1.29196e-23	2.09512e-23	3.43718e-23	5.72173e-23	9.70457e-23	1.68700e-22	3.03252e-22	5.71825e-22	1.16025e-21	2.67040e-21	8.05445e-21	7.08762e-20	3.30703e-19	3.52102e-19	3.60491e-19	3.65771e-19	3.69828e-19	3.73311e-19	3.76518e-19	3.79617e-19	3.82720e-19	3.85907e-19	3.89249e-19	3.92809e-19	3.96650e-19	4.00838e-19	4.05444e-19	4.10543e-19	4.16224e-19	4.22583e-19	4.29731e-19	4.37794e-19	4.46917e-19	4.57265e-19	4.69027e-19	4.82423e-19	4.97704e-19	5.15159e-19	5.35120e-19	5.57970e-19	5.84152e-19	6.14172e-19	6.48617e-19	6.74530e-19	6.75036e-19	6.75037e-19	6.75037e-19	6.75037e-19	6.75037e-19	6.75037e-19	6.75037e-19	6.75037e-19	6.75037e-19	6.75037e-19	6.75037e-19	6.75037e-19	6.75037e-19	6.75037e-19	6.75037e-19	6.75037e-19	6.75037e-19	6.75037e-19	6.75037e-19	6.75037e-19	6.75037e-19	6.75037e-19	6.75037e-19	6.75037e-19	6.75037e-19	6.75037e-19	6.75037e-19	6.75037e-19	6.75037e-19	6.75037e-19	6.75037e-19	6.75037e-19	6.75037e-19	6.75037e-19	6.75037e-19	6.75037e-19	6.75037e-19	6.75037e-19	6.75037e-19	6.75037e-19	6.75037e-19	6.75037e-19	6.75037e-19	6.75037e-19	6.75037e-19	6.75037e-19	6.75037e-19	6.75037e-19	6.75037e-19	6.75037e-19	6.75037e-19	6.75037e-19	6.75037e-19	6.75037e-19	6.75037e-19	6.75037e-19	6.75037e-19	6.75037e-19	6.75037e-19	6.75037e-19	6.75037e-19	6.75037e-19	6.75037e-19	6.75037e-19	6.75037e-19	6.75037e-19	6.75037e-19
25.64	3.69227e-38	9.63166e-38	1.87173e-37	3.26160e-37	5.38774e-37	8.64016e-37	1.36155e-36	2.12265e-36	3.28693e-36	5.06797e-36	7.79251e-36	1.19603e-35	1.83360e-35	2.80892e-35	4.30092e-35	6.58329e-35	1.00747e-34	1.54158e-34	2.35863e-34	3.60853e-34	5.52057e-34	8.44556e-34	1.29201e-33	1.97652e-33	3.02368e-33	4.62562e-33	7.07628e-33	1.08253e-32	1.65608e-32	2.53351e-32	3.87586e-32	5.92950e-32	9.07139e-32	1.38783e-31	2.12326e-31	3.24847e-31	4.97010e-31	7.60433e-31	1.16351e-30	1.78030e-30	2.72415e-30	4.16859e-30	6.37924e-30	9.76278e-30	1.49419e-29	2.28704e-29	3.50089e-29	5.35955e-29	8.20594e-29	1.25657e-28	1.92449e-28	2.94795e-28	4.51665e-28	6.92177e-28	1.06105e-27	1.62704e-27	2.49585e-27	3.83024e-27	5.88097e-27	9.03483e-27	1.38893e-26	2.13685e-26	3.29046e-26	5.07212e-26	7.82792e-26	1.20980e-25	1.87281e-25	2.90472e-25	4.51534e-25	7.03758e-25	1.10029e-24	1.72659e-24	2.72127e-24	4.31146e-24	6.87403e-24	1.10437e-23	1.79091e-23	2.93810e-23	4.89093e-23	8.29545e-23	1.44204e-22	2.59219e-22	4.88795e-22	9.91781e-22	2.28265e-21	6.88493e-21	6.05849e-20	2.82684e-19	3.00976e-19	3.08147e-19	3.12660e-19	3.16129e-19	3.19105e-19	3.21847e-19	3.24496e-19	3.27148e-19	3.29873e-19	3.32729e-19	3.35772e-19	3.39056e-19	3.42636e-19	3.46573e-19	3.50932e-19	3.55788e-19	3.61223e-19	3.67334e-19	3.74226e-19	3.82024e-19	3.90869e-19	4.00924e-19	4.12375e-19	4.25437e-19	4.40357e-19	4.57420e-19	4.76952e-19	4.99332e-19	5.24994e-19	5.54437e-19	5.88188e-19	5.96925e-19	5.96953e-19	5.96953e-19	5.96953e-19	5.96953e-19	5.96953e-19	5.96953e-19	5.96953e-19	5.96953e-19	5.96953e-19	5.96953e-19	5.96953e-19	5.96953e-19	5.96953e-19	5.96953e-19	5.96953e-19	5.96953e-19	5.96953e-19	5.96953e-19	5.96953e-19	5.96953e-19	5.96953e-19	5.96953e-19	5.96953e-19	5.96953e-19	5.96953e-19	5.96953e-19	5.96953e-19	5.96953e-19	5.96953e-19	5.96953e-19	5.96953e-19	5.96953e-19	5.96953e-19	5.96953e-19	5.96953e-19	5.96953e-19	5.96953e-19	5.96953e-19	5.96953e-19	5.96953e-19	5.96953e-19	5.96953e-19	5.96953e-19	5.96953e-19	5.96953e-19	5.96953e-19	5.96953e-19	5.96953e-19	5.96953e-19	5.96953e-19	5.96953e-19	5.96953e-19	5.96953e-19	5.96953e-19	5.96953e-19	5.96953e-19	5.96953e-19	5.96953e-19	5.96953e-19	5.96953e-19	5.96953e-19	5.96953e-19	5.96953e-19	5.96953e-19	5.96953e-19	5.96953e-19
25.67	3.15615e-38	8.23313e-38	1.59996e-37	2.78801e-37	4.60543e-37	7.38559e-37	1.16385e-36	1.81444e-36	2.80966e-36	4.33209e-36	6.66102e-36	1.02237e-35	1.56736e-35	2.40106e-35	3.67642e-35	5.62738e-35	8.61188e-35	1.31774e-34	2.01616e-34	3.08457e-34	4.71898e-34	7.21925e-34	1.10441e-33	1.68953e-33	2.58464e-33	3.95397e-33	6.04879e-33	9.25348e-33	1.41561e-32	2.16564e-32	3.31308e-32	5.06853e-32	7.75421e-32	1.18631e-31	1.81496e-31	2.77679e-31	4.24843e-31	6.50017e-31	9.94565e-31	1.52179e-30	2.32860e-30	3.56330e-30	5.45296e-30	8.34521e-30	1.27723e-29	1.95496e-29	2.99256e-29	4.58133e-29	7.01443e-29	1.07412e-28	1.64505e-28	2.51991e-28	3.86083e-28	5.91671e-28	9.06988e-28	1.39079e-27	2.13345e-27	3.27409e-27	5.02704e-27	7.72296e-27	1.18725e-26	1.82658e-26	2.81268e-26	4.33564e-26	6.69129e-26	1.03413e-25	1.60087e-25	2.48295e-25	3.85971e-25	6.01571e-25	9.40525e-25	1.47588e-24	2.32613e-24	3.68543e-24	5.87591e-24	9.44010e-24	1.53087e-23	2.51148e-23	4.18076e-23	7.09094e-23	1.23266e-22	2.21580e-22	4.17822e-22	8.47773e-22	1.95121e-21	5.88523e-21	5.17879e-20	2.41638e-19	2.57274e-19	2.63403e-19	2.67262e-19	2.70226e-19	2.72771e-19	2.75114e-19	2.77379e-19	2.79646e-19	2.81975e-19	2.84416e-19	2.87018e-19	2.89824e-19	2.92885e-19	2.96250e-19	2.99976e-19	3.04127e-19	3.08773e-19	3.13996e-19	3.19888e-19	3.26553e-19	3.34114e-19	3.42709e-19	3.52497e-19	3.63663e-19	3.76416e-19	3.91002e-19	4.07698e-19	4.26828e-19	4.48764e-19	4.73932e-19	5.02826e-19	5.27852e-19	5.28670e-19	5.28671e-19	5.28671e-19	5.28671e-19	5.28671e-19	5.28671e-19	5.28671e-19	5.28671e-19	5.28671e-19	5.28671e-19	5.28671e-19	5.28671e-19	5.28671e-19	5.28671e-19	5.28671e-19	5.28671e-19	5.28671e-19	5.28671e-19	5.28671e-19	5.28671e-19	5.28671e-19	5.28671e-19	5.28671e-19	5.28671e-19	5.28671e-19	5.28671e-19	5.28671e-19	5.28671e-19	5.28671e-19	5.28671e-19	5.28671e-19	5.28671e-19	5.28671e-19	5.28671e-19	5.28671e-19	5.28671e-19	5.28671e-19	5.28671e-19	5.28671e-19	5.28671e-19	5.28671e-19	5.28671e-19	5.28671e-19	5.28671e-19	5.28671e-19	5.28671e-19	5.28671e-19	5.28671e-19	5.28671e-19	5.28671e-19	5.28671e-19	5.28671e-19	5.28671e-19	5.28671e-19	5.28671e-19	5.28671e-19	5.28671e-19	5.28671e-19	5.28671e-19	5.28671e-19	5.28671e-19	5.28671e-19	5.28671e-19	5.28671e-19	5.28671e-19	5.28671e-19
25.71	2.69787e-38	7.03767e-38	1.36764e-37	2.38319e-37	3.93671e-37	6.31319e-37	9.94858e-37	1.55098e-36	2.40169e-36	3.70307e-36	5.69383e-36	8.73918e-36	1.33978e-35	2.05243e-35	3.14260e-35	4.81028e-35	7.36142e-35	1.12640e-34	1.72341e-34	2.63668e-34	4.03378e-34	6.17101e-34	9.44049e-34	1.44421e-33	2.20934e-33	3.37985e-33	5.17050e-33	7.90986e-33	1.21006e-32	1.85118e-32	2.83201e-32	4.33257e-32	6.62828e-32	1.01406e-31	1.55142e-31	2.37360e-31	3.63155e-31	5.55634e-31	8.50153e-31	1.30083e-30	1.99048e-30	3.04591e-30	4.66118e-30	7.13347e-30	1.09178e-29	1.67109e-29	2.55803e-29	3.91612e-29	5.99592e-29	9.18153e-29	1.40618e-28	2.15401e-28	3.30023e-28	5.05760e-28	7.75292e-28	1.18885e-27	1.82367e-27	2.79868e-27	4.29711e-27	6.60158e-27	1.01486e-26	1.56136e-26	2.40427e-26	3.70610e-26	5.71971e-26	8.83977e-26	1.36842e-25	2.12242e-25	3.29927e-25	5.14222e-25	8.03960e-25	1.26158e-24	1.98838e-24	3.15030e-24	5.02272e-24	8.06938e-24	1.30858e-23	2.14681e-23	3.57370e-23	6.06133e-23	1.05367e-22	1.89406e-22	3.57153e-22	7.24675e-22	1.66789e-21	5.03068e-21	4.42682e-20	2.06552e-19	2.19917e-19	2.25157e-19	2.28455e-19	2.30989e-19	2.33164e-19	2.35167e-19	2.37103e-19	2.39041e-19	2.41032e-19	2.43119e-19	2.45342e-19	2.47742e-19	2.50357e-19	2.53234e-19	2.56419e-19	2.59967e-19	2.63939e-19	2.68403e-19	2.73440e-19	2.79137e-19	2.85600e-19	2.92947e-19	3.01314e-19	3.10858e-19	3.21760e-19	3.34228e-19	3.48500e-19	3.64852e-19	3.83603e-19	4.05116e-19	4.29815e-19	4.58183e-19	4.68842e-19	4.68890e-19	4.68890e-19	4.68890e-19	4.68890e-19	4.68890e-19	4.68890e-19	4.68890e-19	4.68890e-19	4.68890e-19	4.68890e-19	4.68890e-19	4.68890e-19	4.68890e-19	4.68890e-19	4.68890e-19	4.68890e-19	4.68890e-19	4.68890e-19	4.68890e-19	4.68890e-19	4.68890e-19	4.68890e-19	4.68890e-19	4.68890e-19	4.68890e-19	4.68890e-19	4.68890e-19	4.68890e-19	4.68890e-19	4.68890e-19	4.68890e-19	4.68890e-19	4.68890e-19	4.68890e-19	4.68890e-19	4.68890e-19	4.68890e-19	4.68890e-19	4.68890e-19	4.68890e-19	4.68890e-19	4.68890e-19	4.68890e-19	4.68890e-19	4.68890e-19	4.68890e-19	4.68890e-19	4.68890e-19	4.68890e-19	4.68890e-19	4.68890e-19	4.68890e-19	4.68890e-19	4.68890e-19	4.68890e-19	4.68890e-19	4.68890e-19	4.68890e-19	4.68890e-19	4.68890e-19	4.68890e-19	4.68890e-19	4.68890e-19	4.68890e-19	4.68890e-19
25.74	2.30614e-38	6.01579e-38	1.16906e-37	2.03715e-37	3.36510e-37	5.39651e-37	8.50403e-37	1.32577e-36	2.05296e-36	3.16538e-36	4.86708e-36	7.47024e-36	1.14524e-35	1.75441e-35	2.68629e-35	4.11182e-35	6.29253e-35	9.62848e-35	1.47317e-34	2.25383e-34	3.44806e-34	5.27497e-34	8.06971e-34	1.23451e-33	1.88854e-33	2.88909e-33	4.41973e-33	6.76134e-33	1.03436e-32	1.58239e-32	2.42080e-32	3.70348e-32	5.66585e-32	8.66814e-32	1.32616e-31	2.02895e-31	3.10425e-31	4.74955e-31	7.26709e-31	1.11195e-30	1.70146e-30	2.60364e-30	3.98437e-30	6.09768e-30	9.33250e-30	1.42845e-29	2.18660e-29	3.34749e-29	5.12530e-29	7.84836e-29	1.20200e-28	1.84125e-28	2.82103e-28	4.32323e-28	6.62718e-28	1.01622e-27	1.55887e-27	2.39231e-27	3.67316e-27	5.64302e-27	8.67504e-27	1.33464e-26	2.05517e-26	3.16797e-26	4.88920e-26	7.55622e-26	1.16972e-25	1.81424e-25	2.82021e-25	4.39556e-25	6.87223e-25	1.07840e-24	1.69966e-24	2.69287e-24	4.29341e-24	6.89769e-24	1.11857e-23	1.83509e-23	3.05480e-23	5.18121e-23	9.00678e-23	1.61904e-22	3.05294e-22	6.19451e-22	1.42571e-21	4.30022e-21	3.78404e-20	1.76560e-19	1.87985e-19	1.92464e-19	1.95283e-19	1.97449e-19	1.99308e-19	2.01021e-19	2.02675e-19	2.04332e-19	2.06033e-19	2.07818e-19	2.09718e-19	2.11769e-19	2.14005e-19	2.16464e-19	2.19187e-19	2.22220e-19	2.25615e-19	2.29431e-19	2.33736e-19	2.38606e-19	2.44131e-19	2.50411e-19	2.57563e-19	2.65721e-19	2.75040e-19	2.85697e-19	2.97897e-19	3.11875e-19	3.27903e-19	3.46293e-19	3.67405e-19	3.91654e-19	4.15189e-19	4.16483e-19	4.16485e-19	4.16485e-19	4.16485e-19	4.16485e-19	4.16485e-19	4.16485e-19	4.16485e-19	4.16485e-19	4.16485e-19	4.16485e-19	4.16485e-19	4.16485e-19	4.16485e-19	4.16485e-19	4.16485e-19	4.16485e-19	4.16485e-19	4.16485e-19	4.16485e-19	4.16485e-19	4.16485e-19	4.16485e-19	4.16485e-19	4.16485e-19	4.16485e-19	4.16485e-19	4.16485e-19	4.16485e-19	4.16485e-19	4.16485e-19	4.16485e-19	4.16485e-19	4.16485e-19	4.16485e-19	4.16485e-19	4.16485e-19	4.16485e-19	4.16485e-19	4.16485e-19	4.16485e-19	4.16485e-19	4.16485e-19	4.16485e-19	4.16485e-19	4.16485e-19	4.16485e-19	4.16485e-19	4.16485e-19	4.16485e-19	4.16485e-19	4.16485e-19	4.16485e-19	4.16485e-19	4.16485e-19	4.16485e-19	4.16485e-19	4.16485e-19	4.16485e-19	4.16485e-19	4.16485e-19	4.16485e-19	4.16485e-19	4.16485e-19	4.16485e-19
25.77	1.97128e-38	5.14228e-38	9.99308e-38	1.74135e-37	2.87648e-37	4.61293e-37	7.26924e-37	1.13327e-36	1.75487e-36	2.70576e-36	4.16037e-36	6.38555e-36	9.78950e-36	1.49967e-35	2.29623e-35	3.51478e-35	5.37884e-35	8.23041e-35	1.25926e-34	1.92657e-34	2.94740e-34	4.50903e-34	6.89798e-34	1.05525e-33	1.61432e-33	2.46959e-33	3.77798e-33	5.77958e-33	8.84169e-33	1.35262e-32	2.06930e-32	3.16572e-32	4.84316e-32	7.40952e-32	1.13360e-31	1.73434e-31	2.65350e-31	4.05991e-31	6.21190e-31	9.50489e-31	1.45441e-30	2.22558e-30	3.40584e-30	5.21229e-30	7.97741e-30	1.22104e-29	1.86910e-29	2.86143e-29	4.38110e-29	6.70877e-29	1.02747e-28	1.57389e-28	2.41141e-28	3.69549e-28	5.66491e-28	8.68666e-28	1.33252e-27	2.04494e-27	3.13981e-27	4.82364e-27	7.41541e-27	1.14085e-26	1.75676e-26	2.70797e-26	4.17928e-26	6.45905e-26	9.99879e-26	1.55081e-25	2.41071e-25	3.75732e-25	5.87437e-25	9.21815e-25	1.45287e-24	2.30186e-24	3.67000e-24	5.89614e-24	9.56155e-24	1.56863e-23	2.61124e-23	4.42889e-23	7.69898e-23	1.38396e-22	2.60965e-22	5.29506e-22	1.21869e-21	3.67582e-21	3.23459e-20	1.50923e-19	1.60689e-19	1.64518e-19	1.66927e-19	1.68779e-19	1.70368e-19	1.71832e-19	1.73247e-19	1.74662e-19	1.76117e-19	1.77642e-19	1.79267e-19	1.81020e-19	1.82931e-19	1.85033e-19	1.87360e-19	1.89953e-19	1.92855e-19	1.96117e-19	1.99797e-19	2.03960e-19	2.08683e-19	2.14051e-19	2.20164e-19	2.27138e-19	2.35104e-19	2.44214e-19	2.54642e-19	2.66590e-19	2.80291e-19	2.96011e-19	3.14057e-19	3.34785e-19	3.58604e-19	3.70406e-19	3.70487e-19	3.70487e-19	3.70487e-19	3.70487e-19	3.70487e-19	3.70487e-19	3.70487e-19	3.70487e-19	3.70487e-19	3.70487e-19	3.70487e-19	3.70487e-19	3.70487e-19	3.70487e-19	3.70487e-19	3.70487e-19	3.70487e-19	3.70487e-19	3.70487e-19	3.70487e-19	3.70487e-19	3.70487e-19	3.70487e-19	3.70487e-19	3.70487e-19	3.70487e-19	3.70487e-19	3.70487e-19	3.70487e-19	3.70487e-19	3.70487e-19	3.70487e-19	3.70487e-19	3.70487e-19	3.70487e-19	3.70487e-19	3.70487e-19	3.70487e-19	3.70487e-19	3.70487e-19	3.70487e-19	3.70487e-19	3.70487e-19	3.70487e-19	3.70487e-19	3.70487e-19	3.70487e-19	3.70487e-19	3.70487e-19	3.70487e-19	3.70487e-19	3.70487e-19	3.70487e-19	3.70487e-19	3.70487e-19	3.70487e-19	3.70487e-19	3.70487e-19	3.70487e-19	3.70487e-19	3.70487e-19	3.70487e-19	3.70487e-19	3.70487e-19
25.81	1.68505e-38	4.39562e-38	8.54207e-38	1.48850e-37	2.45881e-37	3.94312e-37	6.21373e-37	9.68716e-37	1.50006e-36	2.31288e-36	3.55628e-36	5.45836e-36	8.36805e-36	1.28191e-35	1.96282e-35	3.00443e-35	4.59783e-35	7.03534e-35	1.07641e-34	1.64683e-34	2.51943e-34	3.85431e-34	5.89638e-34	9.02030e-34	1.37992e-33	2.11100e-33	3.22941e-33	4.94038e-33	7.55786e-33	1.15622e-32	1.76883e-32	2.70606e-32	4.13992e-32	6.33364e-32	9.68996e-32	1.48251e-31	2.26821e-31	3.47040e-31	5.30992e-31	8.12477e-31	1.24323e-30	1.90243e-30	2.91130e-30	4.45545e-30	6.81907e-30	1.04374e-29	1.59771e-29	2.44595e-29	3.74496e-29	5.73464e-29	8.78281e-29	1.34536e-28	2.06127e-28	3.15890e-28	4.84235e-28	7.42535e-28	1.13904e-27	1.74801e-27	2.68391e-27	4.12324e-27	6.33868e-27	9.75199e-27	1.50167e-26	2.31477e-26	3.57244e-26	5.52118e-26	8.54695e-26	1.32563e-25	2.06067e-25	3.21175e-25	5.02141e-25	7.87966e-25	1.24191e-24	1.96763e-24	3.13711e-24	5.04001e-24	8.17320e-24	1.34086e-23	2.23208e-23	3.78581e-23	6.58108e-23	1.18300e-22	2.23072e-22	4.52621e-22	1.04174e-21	3.14209e-21	2.76492e-20	1.29009e-19	1.37357e-19	1.40629e-19	1.42689e-19	1.44272e-19	1.45631e-19	1.46882e-19	1.48091e-19	1.49301e-19	1.50545e-19	1.51848e-19	1.53237e-19	1.54736e-19	1.56369e-19	1.58166e-19	1.60155e-19	1.62371e-19	1.64852e-19	1.67641e-19	1.70786e-19	1.74345e-19	1.78382e-19	1.82970e-19	1.88196e-19	1.94157e-19	2.00966e-19	2.08753e-19	2.17667e-19	2.27881e-19	2.39592e-19	2.53029e-19	2.68456e-19	2.86174e-19	3.06534e-19	3.28073e-19	3.30055e-19	3.30059e-19	3.30059e-19	3.30059e-19	3.30059e-19	3.30059e-19	3.30059e-19	3.30059e-19	3.30059e-19	3.30059e-19	3.30059e-19	3.30059e-19	3.30059e-19	3.30059e-19	3.30059e-19	3.30059e-19	3.30059e-19	3.30059e-19	3.30059e-19	3.30059e-19	3.30059e-19	3.30059e-19	3.30059e-19	3.30059e-19	3.30059e-19	3.30059e-19	3.30059e-19	3.30059e-19	3.30059e-19	3.30059e-19	3.30059e-19	3.30059e-19	3.30059e-19	3.30059e-19	3.30059e-19	3.30059e-19	3.30059e-19	3.30059e-19	3.30059e-19	3.30059e-19	3.30059e-19	3.30059e-19	3.30059e-19	3.30059e-19	3.30059e-19	3.30059e-19	3.30059e-19	3.30059e-19	3.30059e-19	3.30059e-19	3.30059e-19	3.30059e-19	3.30059e-19	3.30059e-19	3.30059e-19	3.30059e-19	3.30059e-19	3.30059e-19	3.30059e-19	3.30059e-19	3.30059e-19	3.30059e-19	3.30059e-19	3.30059e-19
25.84	1.44038e-38	3.75737e-38	7.30175e-38	1.27237e-37	2.10179e-37	3.37058e-37	5.31149e-37	8.28057e-37	1.28225e-36	1.97704e-36	3.03990e-36	4.66580e-36	7.15300e-36	1.09578e-35	1.67781e-35	2.56818e-35	3.93022e-35	6.01380e-35	9.20117e-35	1.40771e-34	2.15361e-34	3.29466e-34	5.04022e-34	7.71053e-34	1.17956e-33	1.80448e-33	2.76050e-33	4.22302e-33	6.46045e-33	9.88336e-33	1.51200e-32	2.31313e-32	3.53880e-32	5.41399e-32	8.28296e-32	1.26725e-31	1.93886e-31	2.96649e-31	4.53891e-31	6.94504e-31	1.06271e-30	1.62619e-30	2.48858e-30	3.80852e-30	5.82893e-30	8.92187e-30	1.36572e-29	2.09079e-29	3.20119e-29	4.90196e-29	7.50753e-29	1.15001e-28	1.76197e-28	2.70022e-28	4.13924e-28	6.34717e-28	9.73647e-28	1.49420e-27	2.29420e-27	3.52454e-27	5.41829e-27	8.33598e-27	1.28363e-26	1.97866e-26	3.05372e-26	4.71950e-26	7.30592e-26	1.13315e-25	1.76146e-25	2.74540e-25	4.29229e-25	6.73552e-25	1.06158e-24	1.68193e-24	2.68160e-24	4.30819e-24	6.98644e-24	1.14617e-23	1.90798e-23	3.23610e-23	5.62550e-23	1.01123e-22	1.90682e-22	3.86899e-22	8.90476e-22	2.68585e-21	2.36345e-20	1.10277e-19	1.17413e-19	1.20210e-19	1.21971e-19	1.23324e-19	1.24485e-19	1.25554e-19	1.26588e-19	1.27622e-19	1.28685e-19	1.29800e-19	1.30987e-19	1.32268e-19	1.33664e-19	1.35200e-19	1.36901e-19	1.38795e-19	1.40915e-19	1.43299e-19	1.45988e-19	1.49030e-19	1.52480e-19	1.56403e-19	1.60870e-19	1.65965e-19	1.71786e-19	1.78442e-19	1.86062e-19	1.94792e-19	2.04803e-19	2.16289e-19	2.29475e-19	2.44621e-19	2.62025e-19	2.82030e-19	2.94345e-19	2.94479e-19	2.94479e-19	2.94479e-19	2.94479e-19	2.94479e-19	2.94479e-19	2.94479e-19	2.94479e-19	2.94479e-19	2.94479e-19	2.94479e-19	2.94479e-19	2.94479e-19	2.94479e-19	2.94479e-19	2.94479e-19	2.94479e-19	2.94479e-19	2.94479e-19	2.94479e-19	2.94479e-19	2.94479e-19	2.94479e-19	2.94479e-19	2.94479e-19	2.94479e-19	2.94479e-19	2.94479e-19	2.94479e-19	2.94479e-19	2.94479e-19	2.94479e-19	2.94479e-19	2.94479e-19	2.94479e-19	2.94479e-19	2.94479e-19	2.94479e-19	2.94479e-19	2.94479e-19	2.94479e-19	2.94479e-19	2.94479e-19	2.94479e-19	2.94479e-19	2.94479e-19	2.94479e-19	2.94479e-19	2.94479e-19	2.94479e-19	2.94479e-19	2.94479e-19	2.94479e-19	2.94479e-19	2.94479e-19	2.94479e-19	2.94479e-19	2.94479e-19	2.94479e-19	2.94479e-19	2.94479e-19	2.94479e-19	2.94479e-19
25.88	1.23123e-38	3.21179e-38	6.24152e-38	1.08762e-37	1.79660e-37	2.88116e-37	4.54025e-37	7.07822e-37	1.09606e-36	1.68997e-36	2.59850e-36	3.98832e-36	6.11437e-36	9.36669e-36	1.43419e-35	2.19527e-35	3.35954e-35	5.14058e-35	7.86515e-35	1.20331e-34	1.84090e-34	2.81627e-34	4.30837e-34	6.59095e-34	1.00828e-33	1.54247e-33	2.35967e-33	3.60984e-33	5.52238e-33	8.44828e-33	1.29245e-32	1.97726e-32	3.02496e-32	4.62787e-32	7.08026e-32	1.08324e-31	1.65734e-31	2.53575e-31	3.87986e-31	5.93661e-31	9.08401e-31	1.39007e-30	2.12723e-30	3.25551e-30	4.98256e-30	7.62640e-30	1.16741e-29	1.78720e-29	2.73637e-29	4.19019e-29	6.41743e-29	9.83030e-29	1.50613e-28	2.30814e-28	3.53821e-28	5.42555e-28	8.32272e-28	1.27724e-27	1.96108e-27	3.01277e-27	4.63155e-27	7.12558e-27	1.09724e-26	1.69136e-26	2.61031e-26	4.03422e-26	6.24509e-26	9.68613e-26	1.50569e-25	2.34676e-25	3.66904e-25	5.75751e-25	9.07438e-25	1.43771e-24	2.29223e-24	3.68264e-24	5.97200e-24	9.79743e-24	1.63094e-23	2.76622e-23	4.80867e-23	8.64397e-23	1.62995e-22	3.30721e-22	7.61177e-22	2.29586e-21	2.02027e-20	9.42644e-20	1.00364e-19	1.02755e-19	1.04260e-19	1.05417e-19	1.06409e-19	1.07324e-19	1.08207e-19	1.09091e-19	1.10000e-19	1.10952e-19	1.11967e-19	1.13062e-19	1.14256e-19	1.15569e-19	1.17022e-19	1.18642e-19	1.20454e-19	1.22492e-19	1.24790e-19	1.27390e-19	1.30340e-19	1.33693e-19	1.37511e-19	1.41867e-19	1.46842e-19	1.52532e-19	1.59045e-19	1.66508e-19	1.75065e-19	1.84884e-19	1.96155e-19	2.09102e-19	2.23978e-19	2.41079e-19	2.60211e-19	2.63115e-19	2.63122e-19	2.63122e-19	2.63122e-19	2.63122e-19	2.63122e-19	2.63122e-19	2.63122e-19	2.63122e-19	2.63122e-19	2.63122e-19	2.63122e-19	2.63122e-19	2.63122e-19	2.63122e-19	2.63122e-19	2.63122e-19	2.63122e-19	2.63122e-19	2.63122e-19	2.63122e-19	2.63122e-19	2.63122e-19	2.63122e-19	2.63122e-19	2.63122e-19	2.63122e-19	2.63122e-19	2.63122e-19	2.63122e-19	2.63122e-19	2.63122e-19	2.63122e-19	2.63122e-19	2.63122e-19	2.63122e-19	2.63122e-19	2.63122e-19	2.63122e-19	2.63122e-19	2.63122e-19	2.63122e-19	2.63122e-19	2.63122e-19	2.63122e-19	2.63122e-19	2.63122e-19	2.63122e-19	2.63122e-19	2.63122e-19	2.63122e-19	2.63122e-19	2.63122e-19	2.63122e-19	2.63122e-19	2.63122e-19	2.63122e-19	2.63122e-19	2.63122e-19	2.63122e-19	2.63122e-19	2.63122e-19	2.63122e-19
25.91	1.05246e-38	2.74543e-38	5.33524e-38	9.29696e-38	1.53573e-37	2.46281e-37	3.88100e-37	6.05045e-37	9.36915e-37	1.44459e-36	2.22120e-36	3.40921e-36	5.22655e-36	8.00663e-36	1.22594e-35	1.87652e-35	2.87173e-35	4.39416e-35	6.72311e-35	1.02858e-34	1.57360e-34	2.40734e-34	3.68279e-34	5.63394e-34	8.61878e-34	1.31850e-33	2.01704e-33	3.08568e-33	4.72052e-33	7.22158e-33	1.10479e-32	1.69016e-32	2.58573e-32	3.95589e-32	6.05220e-32	9.25954e-32	1.41669e-31	2.16756e-31	3.31650e-31	5.07460e-31	7.76499e-31	1.18823e-30	1.81835e-30	2.78281e-30	4.25909e-30	6.51904e-30	9.97903e-30	1.52770e-29	2.33904e-29	3.58177e-29	5.48561e-29	8.40292e-29	1.28744e-28	1.97300e-28	3.02446e-28	4.63776e-28	7.11425e-28	1.09178e-27	1.67633e-27	2.57531e-27	3.95904e-27	6.09094e-27	9.37921e-27	1.44577e-26	2.23129e-26	3.44844e-26	5.33829e-26	8.27969e-26	1.28707e-25	2.00601e-25	3.13629e-25	4.92151e-25	7.75677e-25	1.22895e-24	1.95939e-24	3.14791e-24	5.10485e-24	8.37483e-24	1.39412e-23	2.36456e-23	4.11044e-23	7.38885e-23	1.39328e-22	2.82700e-22	6.50653e-22	1.96250e-21	1.72693e-20	8.05771e-20	8.57910e-20	8.78350e-20	8.91216e-20	9.01101e-20	9.09586e-20	9.17401e-20	9.24953e-20	9.32512e-20	9.40278e-20	9.48420e-20	9.57094e-20	9.66454e-20	9.76659e-20	9.87880e-20	1.00031e-19	1.01415e-19	1.02964e-19	1.04706e-19	1.06670e-19	1.08893e-19	1.11414e-19	1.14280e-19	1.17544e-19	1.21268e-19	1.25521e-19	1.30384e-19	1.35952e-19	1.42331e-19	1.49646e-19	1.58038e-19	1.67673e-19	1.78740e-19	1.91456e-19	2.06074e-19	2.22882e-19	2.35225e-19	2.35447e-19	2.35448e-19	2.35448e-19	2.35448e-19	2.35448e-19	2.35448e-19	2.35448e-19	2.35448e-19	2.35448e-19	2.35448e-19	2.35448e-19	2.35448e-19	2.35448e-19	2.35448e-19	2.35448e-19	2.35448e-19	2.35448e-19	2.35448e-19	2.35448e-19	2.35448e-19	2.35448e-19	2.35448e-19	2.35448e-19	2.35448e-19	2.35448e-19	2.35448e-19	2.35448e-19	2.35448e-19	2.35448e-19	2.35448e-19	2.35448e-19	2.35448e-19	2.35448e-19	2.35448e-19	2.35448e-19	2.35448e-19	2.35448e-19	2.35448e-19	2.35448e-19	2.35448e-19	2.35448e-19	2.35448e-19	2.35448e-19	2.35448e-19	2.35448e-19	2.35448e-19	2.35448e-19	2.35448e-19	2.35448e-19	2.35448e-19	2.35448e-19	2.35448e-19	2.35448e-19	2.35448e-19	2.35448e-19	2.35448e-19	2.35448e-19	2.35448e-19	2.35448e-19	2.35448e-19	2.35448e-19	2.35448e-19
25.94	8.99637e-39	2.34679e-38	4.56056e-38	7.94703e-38	1.31274e-37	2.10521e-37	3.31747e-37	5.17192e-37	8.00873e-37	1.23483e-36	1.89868e-36	2.91418e-36	4.46765e-36	6.84406e-36	1.04794e-35	1.60404e-35	2.45475e-35	3.75612e-35	5.74691e-35	8.79233e-35	1.34511e-34	2.05779e-34	3.14804e-34	4.81588e-34	7.36732e-34	1.12705e-33	1.72416e-33	2.63764e-33	4.03510e-33	6.17299e-33	9.44369e-33	1.44475e-32	2.21028e-32	3.38149e-32	5.17341e-32	7.91504e-32	1.21098e-31	1.85283e-31	2.83494e-31	4.33776e-31	6.63750e-31	1.01569e-30	1.55433e-30	2.37874e-30	3.64066e-30	5.57246e-30	8.53006e-30	1.30588e-29	1.99941e-29	3.06169e-29	4.68909e-29	7.18280e-29	1.10050e-28	1.68652e-28	2.58530e-28	3.96435e-28	6.08125e-28	9.33254e-28	1.43292e-27	2.20137e-27	3.38418e-27	5.20653e-27	8.01734e-27	1.23584e-26	1.90730e-26	2.94773e-26	4.56316e-26	7.07746e-26	1.10018e-25	1.71473e-25	2.68090e-25	4.20690e-25	6.63047e-25	1.05051e-24	1.67488e-24	2.69083e-24	4.36362e-24	7.15879e-24	1.19169e-23	2.02122e-23	3.51360e-23	6.31598e-23	1.19097e-22	2.41651e-22	5.56177e-22	1.67754e-21	1.47617e-20	6.88772e-20	7.33340e-20	7.50812e-20	7.61810e-20	7.70260e-20	7.77513e-20	7.84193e-20	7.90648e-20	7.97110e-20	8.03748e-20	8.10708e-20	8.18123e-20	8.26123e-20	8.34846e-20	8.44438e-20	8.55060e-20	8.66891e-20	8.80135e-20	8.95023e-20	9.11816e-20	9.30817e-20	9.52368e-20	9.76867e-20	1.00477e-19	1.03659e-19	1.07295e-19	1.11452e-19	1.16211e-19	1.21664e-19	1.27917e-19	1.35091e-19	1.43327e-19	1.52787e-19	1.63657e-19	1.76151e-19	1.90519e-19	2.06995e-19	2.10976e-19	2.10988e-19	2.10988e-19	2.10988e-19	2.10988e-19	2.10988e-19	2.10988e-19	2.10988e-19	2.10988e-19	2.10988e-19	2.10988e-19	2.10988e-19	2.10988e-19	2.10988e-19	2.10988e-19	2.10988e-19	2.10988e-19	2.10988e-19	2.10988e-19	2.10988e-19	2.10988e-19	2.10988e-19	2.10988e-19	2.10988e-19	2.10988e-19	2.10988e-19	2.10988e-19	2.10988e-19	2.10988e-19	2.10988e-19	2.10988e-19	2.10988e-19	2.10988e-19	2.10988e-19	2.10988e-19	2.10988e-19	2.10988e-19	2.10988e-19	2.10988e-19	2.10988e-19	2.10988e-19	2.10988e-19	2.10988e-19	2.10988e-19	2.10988e-19	2.10988e-19	2.10988e-19	2.10988e-19	2.10988e-19	2.10988e-19	2.10988e-19	2.10988e-19	2.10988e-19	2.10988e-19	2.10988e-19	2.10988e-19	2.10988e-19	2.10988e-19	2.10988e-19	2.10988e-19	2.10988e-19	2.10988e-19
25.98	7.69008e-39	2.00603e-38	3.89836e-38	6.79311e-38	1.12213e-37	1.79953e-37	2.83577e-37	4.42095e-37	6.84585e-37	1.05553e-36	1.62298e-36	2.49104e-36	3.81894e-36	5.85029e-36	8.95774e-36	1.37113e-35	2.09832e-35	3.21073e-35	4.91245e-35	7.51567e-35	1.14980e-34	1.75900e-34	2.69094e-34	4.11661e-34	6.29757e-34	9.63401e-34	1.47381e-33	2.25465e-33	3.44919e-33	5.27667e-33	8.07245e-33	1.23497e-32	1.88934e-32	2.89049e-32	4.42222e-32	6.76576e-32	1.03515e-31	1.58379e-31	2.42330e-31	3.70791e-31	5.67373e-31	8.68213e-31	1.32864e-30	2.03334e-30	3.11203e-30	4.76333e-30	7.29148e-30	1.11626e-29	1.70909e-29	2.61713e-29	4.00823e-29	6.13985e-29	9.40706e-29	1.44163e-28	2.20991e-28	3.38872e-28	5.19824e-28	7.97744e-28	1.22486e-27	1.88173e-27	2.89279e-27	4.45053e-27	6.85321e-27	1.05640e-26	1.63036e-26	2.51971e-26	3.90059e-26	6.04980e-26	9.40433e-26	1.46575e-25	2.29163e-25	3.59605e-25	5.66772e-25	8.97970e-25	1.43169e-24	2.30012e-24	3.73002e-24	6.11932e-24	1.01866e-23	1.72774e-23	3.00342e-23	5.39889e-23	1.01804e-22	2.06563e-22	4.75419e-22	1.43396e-21	1.26183e-20	5.88761e-20	6.26858e-20	6.41793e-20	6.51194e-20	6.58417e-20	6.64617e-20	6.70327e-20	6.75845e-20	6.81368e-20	6.87043e-20	6.92992e-20	6.99330e-20	7.06169e-20	7.13625e-20	7.21824e-20	7.30904e-20	7.41017e-20	7.52338e-20	7.65064e-20	7.79419e-20	7.95661e-20	8.14083e-20	8.35024e-20	8.58874e-20	8.86079e-20	9.17154e-20	9.52691e-20	9.93373e-20	1.03998e-19	1.09343e-19	1.15475e-19	1.22516e-19	1.30602e-19	1.39893e-19	1.50574e-19	1.62855e-19	1.76981e-19	1.88977e-19	1.89338e-19	1.89339e-19	1.89339e-19	1.89339e-19	1.89339e-19	1.89339e-19	1.89339e-19	1.89339e-19	1.89339e-19	1.89339e-19	1.89339e-19	1.89339e-19	1.89339e-19	1.89339e-19	1.89339e-19	1.89339e-19	1.89339e-19	1.89339e-19	1.89339e-19	1.89339e-19	1.89339e-19	1.89339e-19	1.89339e-19	1.89339e-19	1.89339e-19	1.89339e-19	1.89339e-19	1.89339e-19	1.89339e-19	1.89339e-19	1.89339e-19	1.89339e-19	1.89339e-19	1.89339e-19	1.89339e-19	1.89339e-19	1.89339e-19	1.89339e-19	1.89339e-19	1.89339e-19	1.89339e-19	1.89339e-19	1.89339e-19	1.89339e-19	1.89339e-19	1.89339e-19	1.89339e-19	1.89339e-19	1.89339e-19	1.89339e-19	1.89339e-19	1.89339e-19	1.89339e-19	1.89339e-19	1.89339e-19	1.89339e-19	1.89339e-19	1.89339e-19	1.89339e-19	1.89339e-19	1.89339e-19
26.01	6.57347e-39	1.71476e-38	3.33231e-38	5.80674e-38	9.59196e-38	1.53824e-37	2.42401e-37	3.77902e-37	5.85182e-37	9.02267e-37	1.38732e-36	2.12934e-36	3.26442e-36	5.00082e-36	7.65706e-36	1.17204e-35	1.79364e-35	2.74453e-35	4.19915e-35	6.42438e-35	9.82846e-35	1.50359e-34	2.30021e-34	3.51887e-34	5.38316e-34	8.23514e-34	1.25981e-33	1.92727e-33	2.94837e-33	4.51049e-33	6.90032e-33	1.05565e-32	1.61501e-32	2.47079e-32	3.78011e-32	5.78336e-32	8.84842e-32	1.35382e-31	2.07143e-31	3.16952e-31	4.84989e-31	7.42147e-31	1.13572e-30	1.73810e-30	2.66016e-30	4.07169e-30	6.23275e-30	9.54177e-30	1.46093e-29	2.23712e-29	3.42623e-29	5.24833e-29	8.04114e-29	1.23230e-28	1.88903e-28	2.89667e-28	4.44345e-28	6.81911e-28	1.04701e-27	1.60850e-27	2.47276e-27	3.80431e-27	5.85811e-27	9.03006e-27	1.39363e-26	2.15385e-26	3.33421e-26	5.17136e-26	8.03881e-26	1.25292e-25	1.95888e-25	3.07390e-25	4.84476e-25	7.67584e-25	1.22381e-24	1.96614e-24	3.18841e-24	5.23079e-24	8.70747e-24	1.47687e-23	2.56732e-23	4.61496e-23	8.70218e-23	1.76570e-22	4.06388e-22	1.22575e-21	1.07861e-20	5.03272e-20	5.35837e-20	5.48604e-20	5.56639e-20	5.62814e-20	5.68114e-20	5.72994e-20	5.77711e-20	5.82432e-20	5.87283e-20	5.92369e-20	5.97786e-20	6.03632e-20	6.10006e-20	6.17014e-20	6.24775e-20	6.33420e-20	6.43098e-20	6.53976e-20	6.66246e-20	6.80129e-20	6.95877e-20	7.13778e-20	7.34164e-20	7.57419e-20	7.83982e-20	8.14359e-20	8.49133e-20	8.88977e-20	9.34663e-20	9.87082e-20	1.04726e-19	1.11638e-19	1.19581e-19	1.28710e-19	1.39208e-19	1.51283e-19	1.65174e-19	1.70128e-19	1.70148e-19	1.70148e-19	1.70148e-19	1.70148e-19	1.70148e-19	1.70148e-19	1.70148e-19	1.70148e-19	1.70148e-19	1.70148e-19	1.70148e-19	1.70148e-19	1.70148e-19	1.70148e-19	1.70148e-19	1.70148e-19	1.70148e-19	1.70148e-19	1.70148e-19	1.70148e-19	1.70148e-19	1.70148e-19	1.70148e-19	1.70148e-19	1.70148e-19	1.70148e-19	1.70148e-19	1.70148e-19	1.70148e-19	1.70148e-19	1.70148e-19	1.70148e-19	1.70148e-19	1.70148e-19	1.70148e-19	1.70148e-19	1.70148e-19	1.70148e-19	1.70148e-19	1.70148e-19	1.70148e-19	1.70148e-19	1.70148e-19	1.70148e-19	1.70148e-19	1.70148e-19	1.70148e-19	1.70148e-19	1.70148e-19	1.70148e-19	1.70148e-19	1.70148e-19	1.70148e-19	1.70148e-19	1.70148e-19	1.70148e-19	1.70148e-19	1.70148e-19	1.70148e-19	1.70148e-19
26.05	5.61899e-39	1.46577e-38	2.84845e-38	4.96359e-38	8.19919e-38	1.31488e-37	2.07204e-37	3.23030e-37	5.00213e-37	7.71257e-37	1.18588e-36	1.82015e-36	2.79043e-36	4.27469e-36	6.54524e-36	1.00186e-35	1.53320e-35	2.34602e-35	3.58943e-35	5.49155e-35	8.40135e-35	1.28527e-34	1.96622e-34	3.00792e-34	4.60151e-34	7.03938e-34	1.07689e-33	1.64743e-33	2.52026e-33	3.85556e-33	5.89838e-33	9.02367e-33	1.38051e-32	2.11203e-32	3.23123e-32	4.94361e-32	7.56362e-32	1.15725e-31	1.77066e-31	2.70930e-31	4.14568e-31	6.34386e-31	9.70808e-31	1.48572e-30	2.27390e-30	3.48047e-30	5.32774e-30	8.15629e-30	1.24880e-29	1.91228e-29	2.92873e-29	4.48627e-29	6.87355e-29	1.05337e-28	1.61474e-28	2.47607e-28	3.79825e-28	5.82896e-28	8.94980e-28	1.37494e-27	2.11371e-27	3.25191e-27	5.00751e-27	7.71888e-27	1.19127e-26	1.84110e-26	2.85008e-26	4.42047e-26	6.87156e-26	1.07100e-25	1.67445e-25	2.62756e-25	4.14129e-25	6.56129e-25	1.04611e-24	1.68065e-24	2.72545e-24	4.47127e-24	7.44313e-24	1.26242e-23	2.19454e-23	3.94486e-23	7.43861e-23	1.50932e-22	3.47380e-22	1.04777e-21	9.21996e-21	4.30196e-20	4.58033e-20	4.68945e-20	4.75815e-20	4.81092e-20	4.85623e-20	4.89795e-20	4.93827e-20	4.97862e-20	5.02009e-20	5.06356e-20	5.10987e-20	5.15984e-20	5.21432e-20	5.27423e-20	5.34057e-20	5.41447e-20	5.49719e-20	5.59017e-20	5.69506e-20	5.81374e-20	5.94834e-20	6.10136e-20	6.27562e-20	6.47440e-20	6.70146e-20	6.96113e-20	7.25838e-20	7.59896e-20	7.98948e-20	8.43756e-20	8.95197e-20	9.54281e-20	1.02217e-19	1.10021e-19	1.18995e-19	1.29316e-19	1.41190e-19	1.52538e-19	1.53112e-19	1.53113e-19	1.53113e-19	1.53113e-19	1.53113e-19	1.53113e-19	1.53113e-19	1.53113e-19	1.53113e-19	1.53113e-19	1.53113e-19	1.53113e-19	1.53113e-19	1.53113e-19	1.53113e-19	1.53113e-19	1.53113e-19	1.53113e-19	1.53113e-19	1.53113e-19	1.53113e-19	1.53113e-19	1.53113e-19	1.53113e-19	1.53113e-19	1.53113e-19	1.53113e-19	1.53113e-19	1.53113e-19	1.53113e-19	1.53113e-19	1.53113e-19	1.53113e-19	1.53113e-19	1.53113e-19	1.53113e-19	1.53113e-19	1.53113e-19	1.53113e-19	1.53113e-19	1.53113e-19	1.53113e-19	1.53113e-19	1.53113e-19	1.53113e-19	1.53113e-19	1.53113e-19	1.53113e-19	1.53113e-19	1.53113e-19	1.53113e-19	1.53113e-19	1.53113e-19	1.53113e-19	1.53113e-19	1.53113e-19	1.53113e-19	1.53113e-19	1.53113e-19	1.53113e-19
26.08	4.80311e-39	1.25294e-38	2.43485e-38	4.24287e-38	7.00866e-38	1.12396e-37	1.77118e-37	2.76125e-37	4.27581e-37	6.59269e-37	1.01369e-36	1.55586e-36	2.38525e-36	3.65400e-36	5.59486e-36	8.56389e-36	1.31058e-35	2.00537e-35	3.06824e-35	4.69417e-35	7.18146e-35	1.09864e-34	1.68072e-34	2.57117e-34	3.93337e-34	6.01725e-34	9.20520e-34	1.40822e-33	2.15431e-33	3.29572e-33	5.04193e-33	7.71342e-33	1.18005e-32	1.80536e-32	2.76205e-32	4.22579e-32	6.46537e-32	9.89213e-32	1.51355e-31	2.31591e-31	3.54372e-31	5.42273e-31	8.29845e-31	1.26999e-30	1.94373e-30	2.97510e-30	4.55415e-30	6.97199e-30	1.06747e-29	1.63462e-29	2.50348e-29	3.83486e-29	5.87550e-29	9.00420e-29	1.38028e-28	2.11654e-28	3.24674e-28	4.98259e-28	7.65028e-28	1.17530e-27	1.80679e-27	2.77973e-27	4.28041e-27	6.59809e-27	1.01830e-26	1.57377e-26	2.43625e-26	3.77861e-26	5.87380e-26	9.15486e-26	1.43131e-25	2.24604e-25	3.53997e-25	5.60858e-25	8.94211e-25	1.43662e-24	2.32971e-24	3.82203e-24	6.36238e-24	1.07912e-23	1.87589e-23	3.37206e-23	6.35851e-23	1.29016e-22	2.96940e-22	8.95629e-22	7.88121e-21	3.67731e-20	3.91526e-20	4.00854e-20	4.06726e-20	4.11237e-20	4.15109e-20	4.18676e-20	4.22122e-20	4.25572e-20	4.29116e-20	4.32832e-20	4.36791e-20	4.41062e-20	4.45719e-20	4.50840e-20	4.56511e-20	4.62828e-20	4.69899e-20	4.77847e-20	4.86813e-20	4.96957e-20	5.08464e-20	5.21543e-20	5.36439e-20	5.53431e-20	5.72840e-20	5.95036e-20	6.20445e-20	6.49558e-20	6.82940e-20	7.21242e-20	7.65213e-20	8.15718e-20	8.73752e-20	9.40462e-20	1.01717e-19	1.10539e-19	1.20689e-19	1.32369e-19	1.37932e-19	1.37968e-19	1.37968e-19	1.37968e-19	1.37968e-19	1.37968e-19	1.37968e-19	1.37968e-19	1.37968e-19	1.37968e-19	1.37968e-19	1.37968e-19	1.37968e-19	1.37968e-19	1.37968e-19	1.37968e-19	1.37968e-19	1.37968e-19	1.37968e-19	1.37968e-19	1.37968e-19	1.37968e-19	1.37968e-19	1.37968e-19	1.37968e-19	1.37968e-19	1.37968e-19	1.37968e-19	1.37968e-19	1.37968e-19	1.37968e-19	1.37968e-19	1.37968e-19	1.37968e-19	1.37968e-19	1.37968e-19	1.37968e-19	1.37968e-19	1.37968e-19	1.37968e-19	1.37968e-19	1.37968e-19	1.37968e-19	1.37968e-19	1.37968e-19	1.37968e-19	1.37968e-19	1.37968e-19	1.37968e-19	1.37968e-19	1.37968e-19	1.37968e-19	1.37968e-19	1.37968e-19	1.37968e-19	1.37968e-19	1.37968e-19	1.37968e-19	1.37968e-19	1.37968e-19
26.11	4.10569e-39	1.07101e-38	2.08131e-38	3.62680e-38	5.99099e-38	9.60758e-38	1.51400e-37	2.36032e-37	3.65496e-37	5.63542e-37	8.66501e-37	1.32995e-36	2.03891e-36	3.12343e-36	4.78248e-36	7.32040e-36	1.12028e-35	1.71419e-35	2.62273e-35	4.01257e-35	6.13870e-35	9.39119e-35	1.43668e-34	2.19783e-34	3.36224e-34	5.14354e-34	7.86859e-34	1.20374e-33	1.84150e-33	2.81718e-33	4.30983e-33	6.59342e-33	1.00871e-32	1.54322e-32	2.36100e-32	3.61220e-32	5.52659e-32	8.45577e-32	1.29378e-31	1.97963e-31	3.02917e-31	4.63534e-31	7.09351e-31	1.08559e-30	1.66149e-30	2.54311e-30	3.89288e-30	5.95964e-30	9.12474e-30	1.39727e-29	2.13997e-29	3.27803e-29	5.02237e-29	7.69678e-29	1.17986e-28	1.80922e-28	2.77531e-28	4.25911e-28	6.53945e-28	1.00464e-27	1.54444e-27	2.37611e-27	3.65889e-27	5.64003e-27	8.70439e-27	1.34526e-26	2.08250e-26	3.22995e-26	5.02091e-26	7.82556e-26	1.22349e-25	1.91991e-25	3.02596e-25	4.79421e-25	7.64370e-25	1.22802e-24	1.99143e-24	3.26707e-24	5.43855e-24	9.22428e-24	1.60351e-23	2.88243e-23	5.43525e-23	1.10283e-22	2.53824e-22	7.65582e-22	6.73684e-21	3.14336e-20	3.34676e-20	3.42649e-20	3.47668e-20	3.51525e-20	3.54835e-20	3.57883e-20	3.60830e-20	3.63778e-20	3.66808e-20	3.69984e-20	3.73368e-20	3.77019e-20	3.81000e-20	3.85378e-20	3.90225e-20	3.95625e-20	4.01669e-20	4.08463e-20	4.16127e-20	4.24798e-20	4.34634e-20	4.45814e-20	4.58548e-20	4.73072e-20	4.89663e-20	5.08636e-20	5.30356e-20	5.55241e-20	5.83776e-20	6.16516e-20	6.54103e-20	6.97274e-20	7.46882e-20	8.03905e-20	8.69474e-20	9.44889e-20	1.03165e-19	1.13148e-19	1.23596e-19	1.24481e-19	1.24483e-19	1.24483e-19	1.24483e-19	1.24483e-19	1.24483e-19	1.24483e-19	1.24483e-19	1.24483e-19	1.24483e-19	1.24483e-19	1.24483e-19	1.24483e-19	1.24483e-19	1.24483e-19	1.24483e-19	1.24483e-19	1.24483e-19	1.24483e-19	1.24483e-19	1.24483e-19	1.24483e-19	1.24483e-19	1.24483e-19	1.24483e-19	1.24483e-19	1.24483e-19	1.24483e-19	1.24483e-19	1.24483e-19	1.24483e-19	1.24483e-19	1.24483e-19	1.24483e-19	1.24483e-19	1.24483e-19	1.24483e-19	1.24483e-19	1.24483e-19	1.24483e-19	1.24483e-19	1.24483e-19	1.24483e-19	1.24483e-19	1.24483e-19	1.24483e-19	1.24483e-19	1.24483e-19	1.24483e-19	1.24483e-19	1.24483e-19	1.24483e-19	1.24483e-19	1.24483e-19	1.24483e-19	1.24483e-19	1.24483e-19	1.24483e-19	1.24483e-19
26.15	3.50954e-39	9.15497e-39	1.77910e-38	3.10018e-38	5.12109e-38	8.21254e-38	1.29417e-37	2.01759e-37	3.12425e-37	4.81715e-37	7.40684e-37	1.13684e-36	1.74286e-36	2.66991e-36	4.08806e-36	6.25747e-36	9.57613e-36	1.46529e-35	2.24190e-35	3.42994e-35	5.24735e-35	8.02758e-35	1.22807e-34	1.87870e-34	2.87403e-34	4.39669e-34	6.72606e-34	1.02896e-33	1.57411e-33	2.40812e-33	3.68404e-33	5.63604e-33	8.62243e-33	1.31914e-32	2.01818e-32	3.08770e-32	4.72412e-32	7.22798e-32	1.10592e-31	1.69219e-31	2.58933e-31	3.96228e-31	6.06352e-31	9.27960e-31	1.42024e-30	2.17385e-30	3.32763e-30	5.09429e-30	7.79982e-30	1.19438e-29	1.82924e-29	2.80205e-29	4.29311e-29	6.57920e-29	1.00854e-28	1.54651e-28	2.37233e-28	3.64068e-28	5.58991e-28	8.58769e-28	1.32019e-27	2.03110e-27	3.12761e-27	4.82109e-27	7.44050e-27	1.14992e-26	1.78012e-26	2.76096e-26	4.29187e-26	6.68928e-26	1.04583e-25	1.64114e-25	2.58659e-25	4.09808e-25	6.53382e-25	1.04971e-24	1.70227e-24	2.79269e-24	4.64887e-24	7.88490e-24	1.37067e-23	2.46390e-23	4.64604e-23	9.42696e-23	2.16968e-22	6.54418e-22	5.75864e-21	2.68694e-20	2.86080e-20	2.92896e-20	2.97186e-20	3.00483e-20	3.03312e-20	3.05918e-20	3.08437e-20	3.10957e-20	3.13547e-20	3.16262e-20	3.19154e-20	3.22275e-20	3.25678e-20	3.29420e-20	3.33564e-20	3.38179e-20	3.43346e-20	3.49154e-20	3.55705e-20	3.63117e-20	3.71524e-20	3.81081e-20	3.91966e-20	4.04381e-20	4.18563e-20	4.34781e-20	4.53347e-20	4.74619e-20	4.99011e-20	5.26997e-20	5.59126e-20	5.96029e-20	6.38433e-20	6.87177e-20	7.43225e-20	8.07690e-20	8.81853e-20	9.67191e-20	1.06541e-19	1.12399e-19	1.12458e-19	1.12458e-19	1.12458e-19	1.12458e-19	1.12458e-19	1.12458e-19	1.12458e-19	1.12458e-19	1.12458e-19	1.12458e-19	1.12458e-19	1.12458e-19	1.12458e-19	1.12458e-19	1.12458e-19	1.12458e-19	1.12458e-19	1.12458e-19	1.12458e-19	1.12458e-19	1.12458e-19	1.12458e-19	1.12458e-19	1.12458e-19	1.12458e-19	1.12458e-19	1.12458e-19	1.12458e-19	1.12458e-19	1.12458e-19	1.12458e-19	1.12458e-19	1.12458e-19	1.12458e-19	1.12458e-19	1.12458e-19	1.12458e-19	1.12458e-19	1.12458e-19	1.12458e-19	1.12458e-19	1.12458e-19	1.12458e-19	1.12458e-19	1.12458e-19	1.12458e-19	1.12458e-19	1.12458e-19	1.12458e-19	1.12458e-19	1.12458e-19	1.12458e-19	1.12458e-19	1.12458e-19	1.12458e-19	1.12458e-19	1.12458e-19	1.12458e-19
26.18	2.99995e-39	7.82566e-39	1.52077e-38	2.65003e-38	4.37750e-38	7.02007e-38	1.10625e-37	1.72464e-37	2.67061e-37	4.11769e-37	6.33136e-37	9.71769e-37	1.48979e-36	2.28223e-36	3.49446e-36	5.34887e-36	8.18566e-36	1.25252e-35	1.91637e-35	2.93191e-35	4.48543e-35	6.86196e-35	1.04975e-34	1.60591e-34	2.45672e-34	3.75828e-34	5.74942e-34	8.79551e-34	1.34555e-33	2.05846e-33	3.14911e-33	4.81768e-33	7.37044e-33	1.12760e-32	1.72513e-32	2.63936e-32	4.03817e-32	6.17847e-32	9.45343e-32	1.44648e-31	2.21335e-31	3.38695e-31	5.18309e-31	7.93219e-31	1.21402e-30	1.85820e-30	2.84445e-30	4.35459e-30	6.66727e-30	1.02096e-29	1.56363e-29	2.39519e-29	3.66975e-29	5.62389e-29	8.62100e-29	1.32196e-28	2.02786e-28	3.11205e-28	4.77824e-28	7.34074e-28	1.12850e-27	1.73618e-27	2.67348e-27	4.12106e-27	6.36013e-27	9.82954e-27	1.52164e-26	2.36006e-26	3.66868e-26	5.71798e-26	8.93977e-26	1.40284e-25	2.21101e-25	3.50303e-25	5.58510e-25	8.97289e-25	1.45510e-24	2.38718e-24	3.97384e-24	6.74000e-24	1.17165e-23	2.10614e-23	3.97143e-23	8.05815e-23	1.85464e-22	5.59396e-22	4.92248e-21	2.29679e-20	2.44541e-20	2.50367e-20	2.54034e-20	2.56852e-20	2.59271e-20	2.61498e-20	2.63651e-20	2.65806e-20	2.68019e-20	2.70340e-20	2.72813e-20	2.75481e-20	2.78389e-20	2.81588e-20	2.85130e-20	2.89075e-20	2.93492e-20	2.98456e-20	3.04056e-20	3.10392e-20	3.17578e-20	3.25748e-20	3.35052e-20	3.45664e-20	3.57787e-20	3.71650e-20	3.87520e-20	4.05704e-20	4.26554e-20	4.50476e-20	4.77940e-20	5.09485e-20	5.45732e-20	5.87398e-20	6.35308e-20	6.90412e-20	7.53807e-20	8.26754e-20	9.10707e-20	1.00408e-19	1.01718e-19	1.01721e-19	1.01721e-19	1.01721e-19	1.01721e-19	1.01721e-19	1.01721e-19	1.01721e-19	1.01721e-19	1.01721e-19	1.01721e-19	1.01721e-19	1.01721e-19	1.01721e-19	1.01721e-19	1.01721e-19	1.01721e-19	1.01721e-19	1.01721e-19	1.01721e-19	1.01721e-19	1.01721e-19	1.01721e-19	1.01721e-19	1.01721e-19	1.01721e-19	1.01721e-19	1.01721e-19	1.01721e-19	1.01721e-19	1.01721e-19	1.01721e-19	1.01721e-19	1.01721e-19	1.01721e-19	1.01721e-19	1.01721e-19	1.01721e-19	1.01721e-19	1.01721e-19	1.01721e-19	1.01721e-19	1.01721e-19	1.01721e-19	1.01721e-19	1.01721e-19	1.01721e-19	1.01721e-19	1.01721e-19	1.01721e-19	1.01721e-19	1.01721e-19	1.01721e-19	1.01721e-19	1.01721e-19	1.01721e-19	1.01721e-19	1.01721e-19
26.22	2.56435e-39	6.68936e-39	1.29995e-38	2.26524e-38	3.74188e-38	6.00074e-38	9.45621e-38	1.47422e-37	2.28283e-37	3.51980e-37	5.41203e-37	8.30667e-37	1.27347e-36	1.95085e-36	2.98706e-36	4.57221e-36	6.99709e-36	1.07066e-35	1.63811e-35	2.50619e-35	3.83414e-35	5.86559e-35	8.97326e-35	1.37273e-34	2.10000e-34	3.21258e-34	4.91460e-34	7.51839e-34	1.15017e-33	1.75957e-33	2.69185e-33	4.11815e-33	6.30024e-33	9.63870e-33	1.47464e-32	2.25612e-32	3.45182e-32	5.28134e-32	8.08077e-32	1.23645e-31	1.89197e-31	2.89516e-31	4.43049e-31	6.78042e-31	1.03774e-30	1.58839e-30	2.43143e-30	3.72230e-30	5.69917e-30	8.72712e-30	1.33659e-29	2.04741e-29	3.13689e-29	4.80729e-29	7.36921e-29	1.13001e-28	1.73342e-28	2.66017e-28	4.08444e-28	6.27485e-28	9.64636e-28	1.48408e-27	2.28528e-27	3.52268e-27	5.43663e-27	8.40227e-27	1.30070e-26	2.01738e-26	3.13599e-26	4.88772e-26	7.64170e-26	1.19915e-25	1.88997e-25	2.99439e-25	4.77414e-25	7.67001e-25	1.24382e-24	2.04056e-24	3.39684e-24	5.76134e-24	1.00153e-23	1.80032e-23	3.39477e-23	6.88810e-23	1.58534e-22	4.78171e-22	4.20773e-21	1.96329e-20	2.09033e-20	2.14013e-20	2.17148e-20	2.19557e-20	2.21624e-20	2.23528e-20	2.25369e-20	2.27210e-20	2.29102e-20	2.31086e-20	2.33200e-20	2.35480e-20	2.37967e-20	2.40701e-20	2.43728e-20	2.47101e-20	2.50876e-20	2.55120e-20	2.59907e-20	2.65322e-20	2.71466e-20	2.78449e-20	2.86402e-20	2.95473e-20	3.05836e-20	3.17686e-20	3.31252e-20	3.46795e-20	3.64617e-20	3.85066e-20	4.08542e-20	4.35507e-20	4.66491e-20	5.02107e-20	5.43060e-20	5.90163e-20	6.44353e-20	7.06708e-20	7.78471e-20	8.61076e-20	9.20196e-20	9.21176e-20	9.21178e-20	9.21178e-20	9.21178e-20	9.21178e-20	9.21178e-20	9.21178e-20	9.21178e-20	9.21178e-20	9.21178e-20	9.21178e-20	9.21178e-20	9.21178e-20	9.21178e-20	9.21178e-20	9.21178e-20	9.21178e-20	9.21178e-20	9.21178e-20	9.21178e-20	9.21178e-20	9.21178e-20	9.21178e-20	9.21178e-20	9.21178e-20	9.21178e-20	9.21178e-20	9.21178e-20	9.21178e-20	9.21178e-20	9.21178e-20	9.21178e-20	9.21178e-20	9.21178e-20	9.21178e-20	9.21178e-20	9.21178e-20	9.21178e-20	9.21178e-20	9.21178e-20	9.21178e-20	9.21178e-20	9.21178e-20	9.21178e-20	9.21178e-20	9.21178e-20	9.21178e-20	9.21178e-20	9.21178e-20	9.21178e-20	9.21178e-20	9.21178e-20	9.21178e-20	9.21178e-20	9.21178e-20	9.21178e-20	9.21178e-20
26.25	2.19200e-39	5.71805e-39	1.11120e-38	1.93633e-38	3.19855e-38	5.12943e-38	8.08315e-38	1.26016e-37	1.95136e-37	3.00872e-37	4.62620e-37	7.10053e-37	1.08856e-36	1.66758e-36	2.55334e-36	3.90832e-36	5.98110e-36	9.15195e-36	1.40026e-35	2.14229e-35	3.27741e-35	5.01390e-35	7.67033e-35	1.17341e-34	1.79508e-34	2.74610e-34	4.20099e-34	6.42671e-34	9.83167e-34	1.50407e-33	2.30099e-33	3.52018e-33	5.38543e-33	8.23914e-33	1.26052e-32	1.92853e-32	2.95061e-32	4.51449e-32	6.90743e-32	1.05691e-31	1.61725e-31	2.47478e-31	3.78718e-31	5.79589e-31	8.87062e-31	1.35775e-30	2.07838e-30	3.18182e-30	4.87164e-30	7.45993e-30	1.14252e-29	1.75012e-29	2.68141e-29	4.10926e-29	6.29919e-29	9.65929e-29	1.48172e-28	2.27391e-28	3.49137e-28	5.36373e-28	8.24569e-28	1.26859e-27	1.95346e-27	3.01118e-27	4.64722e-27	7.18225e-27	1.11183e-26	1.72445e-26	2.68064e-26	4.17802e-26	6.53212e-26	1.02503e-25	1.61554e-25	2.55960e-25	4.08092e-25	6.55632e-25	1.06321e-24	1.74427e-24	2.90361e-24	4.92479e-24	8.56102e-24	1.53891e-23	2.90184e-23	5.88793e-23	1.35515e-22	4.08740e-22	3.59676e-21	1.67822e-20	1.78681e-20	1.82938e-20	1.85618e-20	1.87677e-20	1.89444e-20	1.91072e-20	1.92645e-20	1.94219e-20	1.95836e-20	1.97532e-20	1.99339e-20	2.01288e-20	2.03414e-20	2.05751e-20	2.08339e-20	2.11221e-20	2.14449e-20	2.18076e-20	2.22168e-20	2.26797e-20	2.32048e-20	2.38018e-20	2.44816e-20	2.52570e-20	2.61428e-20	2.71558e-20	2.83154e-20	2.96440e-20	3.11674e-20	3.29154e-20	3.49221e-20	3.72271e-20	3.98756e-20	4.29200e-20	4.64207e-20	5.04470e-20	5.50792e-20	6.04093e-20	6.65436e-20	7.36046e-20	8.16929e-20	8.35119e-20	8.35172e-20	8.35172e-20	8.35172e-20	8.35172e-20	8.35172e-20	8.35172e-20	8.35172e-20	8.35172e-20	8.35172e-20	8.35172e-20	8.35172e-20	8.35172e-20	8.35172e-20	8.35172e-20	8.35172e-20	8.35172e-20	8.35172e-20	8.35172e-20	8.35172e-20	8.35172e-20	8.35172e-20	8.35172e-20	8.35172e-20	8.35172e-20	8.35172e-20	8.35172e-20	8.35172e-20	8.35172e-20	8.35172e-20	8.35172e-20	8.35172e-20	8.35172e-20	8.35172e-20	8.35172e-20	8.35172e-20	8.35172e-20	8.35172e-20	8.35172e-20	8.35172e-20	8.35172e-20	8.35172e-20	8.35172e-20	8.35172e-20	8.35172e-20	8.35172e-20	8.35172e-20	8.35172e-20	8.35172e-20	8.35172e-20	8.35172e-20	8.35172e-20	8.35172e-20	8.35172e-20	8.35172e-20	8.35172e-20	8.35172e-20
26.28	1.87372e-39	4.88778e-39	9.49850e-39	1.65517e-38	2.73412e-38	4.38463e-38	6.90947e-38	1.07718e-37	1.66802e-37	2.57185e-37	3.95447e-37	6.06952e-37	9.30500e-37	1.42545e-36	2.18259e-36	3.34082e-36	5.11264e-36	7.82307e-36	1.19694e-35	1.83122e-35	2.80153e-35	4.28587e-35	6.55659e-35	1.00303e-34	1.53443e-34	2.34737e-34	3.59100e-34	5.49354e-34	8.40410e-34	1.28568e-33	1.96688e-33	3.00905e-33	4.60346e-33	7.04281e-33	1.07749e-32	1.64851e-32	2.52218e-32	3.85898e-32	5.90446e-32	9.03448e-32	1.38243e-31	2.11544e-31	3.23727e-31	4.95432e-31	7.58259e-31	1.16060e-30	1.77660e-30	2.71981e-30	4.16427e-30	6.37674e-30	9.76620e-30	1.49600e-29	2.29207e-29	3.51259e-29	5.38454e-29	8.25675e-29	1.26657e-28	1.94374e-28	2.98442e-28	4.58491e-28	7.04841e-28	1.08439e-27	1.66981e-27	2.57395e-27	3.97244e-27	6.13938e-27	9.50393e-27	1.47406e-26	2.29140e-26	3.57136e-26	5.58364e-26	8.76192e-26	1.38096e-25	2.18794e-25	3.48837e-25	5.60433e-25	9.08834e-25	1.49100e-24	2.48200e-24	4.20970e-24	7.31795e-24	1.31546e-23	2.48049e-23	5.03300e-23	1.15838e-22	3.49390e-22	3.07450e-21	1.43454e-20	1.52737e-20	1.56375e-20	1.58666e-20	1.60426e-20	1.61937e-20	1.63328e-20	1.64672e-20	1.66018e-20	1.67401e-20	1.68850e-20	1.70395e-20	1.72061e-20	1.73878e-20	1.75875e-20	1.78088e-20	1.80552e-20	1.83310e-20	1.86411e-20	1.89909e-20	1.93866e-20	1.98355e-20	2.03457e-20	2.09268e-20	2.15897e-20	2.23468e-20	2.32127e-20	2.42039e-20	2.53396e-20	2.66419e-20	2.81360e-20	2.98514e-20	3.18216e-20	3.40856e-20	3.66880e-20	3.96803e-20	4.31221e-20	4.70816e-20	5.16377e-20	5.68814e-20	6.29171e-20	6.98656e-20	7.56434e-20	7.58032e-20	7.58035e-20	7.58035e-20	7.58035e-20	7.58035e-20	7.58035e-20	7.58035e-20	7.58035e-20	7.58035e-20	7.58035e-20	7.58035e-20	7.58035e-20	7.58035e-20	7.58035e-20	7.58035e-20	7.58035e-20	7.58035e-20	7.58035e-20	7.58035e-20	7.58035e-20	7.58035e-20	7.58035e-20	7.58035e-20	7.58035e-20	7.58035e-20	7.58035e-20	7.58035e-20	7.58035e-20	7.58035e-20	7.58035e-20	7.58035e-20	7.58035e-20	7.58035e-20	7.58035e-20	7.58035e-20	7.58035e-20	7.58035e-20	7.58035e-20	7.58035e-20	7.58035e-20	7.58035e-20	7.58035e-20	7.58035e-20	7.58035e-20	7.58035e-20	7.58035e-20	7.58035e-20	7.58035e-20	7.58035e-20	7.58035e-20	7.58035e-20	7.58035e-20	7.58035e-20	7.58035e-20	7.58035e-20	7.58035e-20
26.32	1.60165e-39	4.17807e-39	8.11931e-39	1.41484e-38	2.33712e-38	3.74797e-38	5.90620e-38	9.20773e-38	1.42582e-37	2.19841e-37	3.38027e-37	5.18821e-37	7.95390e-37	1.21847e-36	1.86567e-36	2.85573e-36	4.37027e-36	6.68715e-36	1.02314e-35	1.56533e-35	2.39474e-35	3.66356e-35	5.60456e-35	8.57387e-35	1.31163e-34	2.00652e-34	3.06958e-34	4.69587e-34	7.18381e-34	1.09900e-33	1.68129e-33	2.57213e-33	3.93503e-33	6.02018e-33	9.21038e-33	1.40914e-32	2.15595e-32	3.29865e-32	5.04713e-32	7.72266e-32	1.18170e-31	1.80827e-31	2.76722e-31	4.23495e-31	6.48159e-31	9.92083e-31	1.51863e-30	2.32489e-30	3.55962e-30	5.45083e-30	8.34814e-30	1.27878e-29	1.95926e-29	3.00256e-29	4.60270e-29	7.05785e-29	1.08266e-28	1.66150e-28	2.55108e-28	3.91918e-28	6.02497e-28	9.26934e-28	1.42735e-27	2.20021e-27	3.39563e-27	5.24793e-27	8.12395e-27	1.26002e-26	1.95869e-26	3.05280e-26	4.77289e-26	7.48968e-26	1.18044e-25	1.87025e-25	2.98185e-25	4.79057e-25	7.76869e-25	1.27450e-24	2.12161e-24	3.59844e-24	6.25537e-24	1.12445e-23	2.12032e-23	4.30220e-23	9.90180e-23	2.98658e-22	2.62808e-21	1.22624e-20	1.30559e-20	1.33669e-20	1.35627e-20	1.37132e-20	1.38423e-20	1.39612e-20	1.40762e-20	1.41912e-20	1.43094e-20	1.44333e-20	1.45653e-20	1.47077e-20	1.48630e-20	1.50338e-20	1.52229e-20	1.54335e-20	1.56693e-20	1.59344e-20	1.62334e-20	1.65716e-20	1.69553e-20	1.73915e-20	1.78882e-20	1.84548e-20	1.91020e-20	1.98422e-20	2.06895e-20	2.16603e-20	2.27734e-20	2.40507e-20	2.55169e-20	2.72011e-20	2.91363e-20	3.13608e-20	3.39187e-20	3.68607e-20	4.02453e-20	4.41399e-20	4.86221e-20	5.37814e-20	5.97210e-20	6.65595e-20	6.88661e-20	6.88752e-20	6.88752e-20	6.88752e-20	6.88752e-20	6.88752e-20	6.88752e-20	6.88752e-20	6.88752e-20	6.88752e-20	6.88752e-20	6.88752e-20	6.88752e-20	6.88752e-20	6.88752e-20	6.88752e-20	6.88752e-20	6.88752e-20	6.88752e-20	6.88752e-20	6.88752e-20	6.88752e-20	6.88752e-20	6.88752e-20	6.88752e-20	6.88752e-20	6.88752e-20	6.88752e-20	6.88752e-20	6.88752e-20	6.88752e-20	6.88752e-20	6.88752e-20	6.88752e-20	6.88752e-20	6.88752e-20	6.88752e-20	6.88752e-20	6.88752e-20	6.88752e-20	6.88752e-20	6.88752e-20	6.88752e-20	6.88752e-20	6.88752e-20	6.88752e-20	6.88752e-20	6.88752e-20	6.88752e-20	6.88752e-20	6.88752e-20	6.88752e-20	6.88752e-20	6.88752e-20	6.88752e-20	6.88752e-20
26.35	1.36909e-39	3.57141e-39	6.94037e-39	1.20940e-38	1.99777e-38	3.20376e-38	5.04861e-38	7.87075e-38	1.21879e-37	1.87920e-37	2.88945e-37	4.43488e-37	6.79898e-37	1.04155e-36	1.59477e-36	2.44107e-36	3.73570e-36	5.71616e-36	8.74579e-36	1.33804e-35	2.04702e-35	3.13160e-35	4.79077e-35	7.32893e-35	1.12118e-34	1.71517e-34	2.62387e-34	4.01402e-34	6.14071e-34	9.39422e-34	1.43716e-33	2.19865e-33	3.36366e-33	5.14604e-33	7.87302e-33	1.20453e-32	1.84291e-32	2.81968e-32	4.31428e-32	6.60132e-32	1.01011e-31	1.54571e-31	2.36541e-31	3.62003e-31	5.54045e-31	8.48031e-31	1.29813e-30	1.98731e-30	3.04275e-30	4.65936e-30	7.13597e-30	1.09310e-29	1.67477e-29	2.56658e-29	3.93438e-29	6.03304e-29	9.25460e-29	1.42025e-28	2.18066e-28	3.35011e-28	5.15013e-28	7.92342e-28	1.22010e-27	1.88074e-27	2.90258e-27	4.48592e-27	6.94434e-27	1.07707e-26	1.67428e-26	2.60953e-26	4.07986e-26	6.40217e-26	1.00904e-25	1.59869e-25	2.54888e-25	4.09497e-25	6.64067e-25	1.08944e-24	1.81355e-24	3.07594e-24	5.34708e-24	9.61181e-24	1.81245e-23	3.67751e-23	8.46405e-23	2.55292e-22	2.24648e-21	1.04819e-20	1.11602e-20	1.14260e-20	1.15934e-20	1.17220e-20	1.18324e-20	1.19340e-20	1.20323e-20	1.21306e-20	1.22316e-20	1.23376e-20	1.24504e-20	1.25722e-20	1.27049e-20	1.28509e-20	1.30125e-20	1.31926e-20	1.33941e-20	1.36207e-20	1.38763e-20	1.41654e-20	1.44934e-20	1.48662e-20	1.52908e-20	1.57751e-20	1.63284e-20	1.69611e-20	1.76853e-20	1.85152e-20	1.94667e-20	2.05585e-20	2.18118e-20	2.32514e-20	2.49057e-20	2.68072e-20	2.89936e-20	3.15084e-20	3.44016e-20	3.77307e-20	4.15621e-20	4.59723e-20	5.10494e-20	5.68949e-20	6.23884e-20	6.26435e-20	6.26439e-20	6.26439e-20	6.26439e-20	6.26439e-20	6.26439e-20	6.26439e-20	6.26439e-20	6.26439e-20	6.26439e-20	6.26439e-20	6.26439e-20	6.26439e-20	6.26439e-20	6.26439e-20	6.26439e-20	6.26439e-20	6.26439e-20	6.26439e-20	6.26439e-20	6.26439e-20	6.26439e-20	6.26439e-20	6.26439e-20	6.26439e-20	6.26439e-20	6.26439e-20	6.26439e-20	6.26439e-20	6.26439e-20	6.26439e-20	6.26439e-20	6.26439e-20	6.26439e-20	6.26439e-20	6.26439e-20	6.26439e-20	6.26439e-20	6.26439e-20	6.26439e-20	6.26439e-20	6.26439e-20	6.26439e-20	6.26439e-20	6.26439e-20	6.26439e-20	6.26439e-20	6.26439e-20	6.26439e-20	6.26439e-20	6.26439e-20	6.26439e-20	6.26439e-20	6.26439e-20	6.26439e-20
26.39	1.17030e-39	3.05283e-39	5.93262e-39	1.03379e-38	1.70769e-38	2.73857e-38	4.31555e-38	6.72791e-38	1.04182e-37	1.60634e-37	2.46990e-37	3.79093e-37	5.81176e-37	8.90312e-37	1.36321e-36	2.08663e-36	3.19327e-36	4.88617e-36	7.47589e-36	1.14375e-35	1.74979e-35	2.67689e-35	4.09514e-35	6.26476e-35	9.58381e-35	1.46613e-34	2.24288e-34	3.43118e-34	5.24907e-34	8.03016e-34	1.22849e-33	1.87940e-33	2.87525e-33	4.39883e-33	6.72985e-33	1.02963e-32	1.57531e-32	2.41026e-32	3.68784e-32	5.64280e-32	8.63442e-32	1.32127e-31	2.02195e-31	3.09439e-31	4.73597e-31	7.24896e-31	1.10964e-30	1.69875e-30	2.60094e-30	3.98281e-30	6.09982e-30	9.34378e-30	1.43159e-29	2.19391e-29	3.36310e-29	5.15703e-29	7.91081e-29	1.21403e-28	1.86402e-28	2.86367e-28	4.40233e-28	6.77293e-28	1.04294e-27	1.60765e-27	2.48112e-27	3.83456e-27	5.93601e-27	9.20674e-27	1.43117e-26	2.23062e-26	3.48746e-26	5.47256e-26	8.62527e-26	1.36655e-25	2.17878e-25	3.50038e-25	5.67643e-25	9.31254e-25	1.55022e-24	2.62931e-24	4.57068e-24	8.21616e-24	1.54928e-23	3.14353e-23	7.23505e-23	2.18224e-22	1.92029e-21	8.95991e-21	9.53969e-21	9.76696e-21	9.91003e-21	1.00200e-20	1.01143e-20	1.02012e-20	1.02852e-20	1.03692e-20	1.04556e-20	1.05461e-20	1.06426e-20	1.07467e-20	1.08601e-20	1.09849e-20	1.11231e-20	1.12770e-20	1.14493e-20	1.16429e-20	1.18614e-20	1.21086e-20	1.23889e-20	1.27076e-20	1.30706e-20	1.34846e-20	1.39575e-20	1.44983e-20	1.51174e-20	1.58267e-20	1.66401e-20	1.75733e-20	1.86447e-20	1.98753e-20	2.12893e-20	2.29147e-20	2.47837e-20	2.69334e-20	2.94064e-20	3.22521e-20	3.55272e-20	3.92970e-20	4.36369e-20	4.86337e-20	5.43873e-20	5.70164e-20	5.70319e-20	5.70319e-20	5.70319e-20	5.70319e-20	5.70319e-20	5.70319e-20	5.70319e-20	5.70319e-20	5.70319e-20	5.70319e-20	5.70319e-20	5.70319e-20	5.70319e-20	5.70319e-20	5.70319e-20	5.70319e-20	5.70319e-20	5.70319e-20	5.70319e-20	5.70319e-20	5.70319e-20	5.70319e-20	5.70319e-20	5.70319e-20	5.70319e-20	5.70319e-20	5.70319e-20	5.70319e-20	5.70319e-20	5.70319e-20	5.70319e-20	5.70319e-20	5.70319e-20	5.70319e-20	5.70319e-20	5.70319e-20	5.70319e-20	5.70319e-20	5.70319e-20	5.70319e-20	5.70319e-20	5.70319e-20	5.70319e-20	5.70319e-20	5.70319e-20	5.70319e-20	5.70319e-20	5.70319e-20	5.70319e-20	5.70319e-20	5.70319e-20	5.70319e-20	5.70319e-20	5.70319e-20
26.42	1.00037e-39	2.60956e-39	5.07119e-39	8.83684e-39	1.45973e-38	2.34092e-38	3.68892e-38	5.75100e-38	8.90545e-38	1.37309e-37	2.11127e-37	3.24048e-37	4.96788e-37	7.61037e-37	1.16527e-36	1.78365e-36	2.72960e-36	4.17669e-36	6.39038e-36	9.77678e-36	1.49572e-35	2.28820e-35	3.50052e-35	5.35510e-35	8.19222e-35	1.25324e-34	1.91721e-34	2.93297e-34	4.48690e-34	6.86417e-34	1.05011e-33	1.60651e-33	2.45776e-33	3.76011e-33	5.75266e-33	8.80127e-33	1.34658e-32	2.06028e-32	3.15236e-32	4.82345e-32	7.38069e-32	1.12942e-31	1.72836e-31	2.64508e-31	4.04830e-31	6.19640e-31	9.48515e-31	1.45209e-30	2.22328e-30	3.40450e-30	5.21412e-30	7.98705e-30	1.22372e-29	1.87535e-29	2.87477e-29	4.40823e-29	6.76215e-29	1.03775e-28	1.59336e-28	2.44786e-28	3.76310e-28	5.78949e-28	8.91502e-28	1.37422e-27	2.12086e-27	3.27778e-27	5.07409e-27	7.86991e-27	1.22337e-26	1.90673e-26	2.98107e-26	4.67794e-26	7.37287e-26	1.16813e-25	1.86242e-25	2.99212e-25	4.85221e-25	7.96035e-25	1.32513e-24	2.24753e-24	3.90701e-24	7.02316e-24	1.32432e-23	2.68709e-23	6.18451e-23	1.86537e-22	1.64146e-21	7.65892e-21	8.15451e-21	8.34879e-21	8.47108e-21	8.56504e-21	8.64569e-21	8.71997e-21	8.79176e-21	8.86360e-21	8.93742e-21	9.01481e-21	9.09726e-21	9.18623e-21	9.28322e-21	9.38988e-21	9.50799e-21	9.63955e-21	9.78682e-21	9.95237e-21	1.01391e-20	1.03504e-20	1.05900e-20	1.08624e-20	1.11727e-20	1.15266e-20	1.19308e-20	1.23931e-20	1.29223e-20	1.35287e-20	1.42239e-20	1.50217e-20	1.59375e-20	1.69894e-20	1.81981e-20	1.95875e-20	2.11851e-20	2.30226e-20	2.51366e-20	2.75691e-20	3.03686e-20	3.35911e-20	3.73008e-20	4.15720e-20	4.64902e-20	5.15741e-20	5.19702e-20	5.19710e-20	5.19710e-20	5.19710e-20	5.19710e-20	5.19710e-20	5.19710e-20	5.19710e-20	5.19710e-20	5.19710e-20	5.19710e-20	5.19710e-20	5.19710e-20	5.19710e-20	5.19710e-20	5.19710e-20	5.19710e-20	5.19710e-20	5.19710e-20	5.19710e-20	5.19710e-20	5.19710e-20	5.19710e-20	5.19710e-20	5.19710e-20	5.19710e-20	5.19710e-20	5.19710e-20	5.19710e-20	5.19710e-20	5.19710e-20	5.19710e-20	5.19710e-20	5.19710e-20	5.19710e-20	5.19710e-20	5.19710e-20	5.19710e-20	5.19710e-20	5.19710e-20	5.19710e-20	5.19710e-20	5.19710e-20	5.19710e-20	5.19710e-20	5.19710e-20	5.19710e-20	5.19710e-20	5.19710e-20	5.19710e-20	5.19710e-20	5.19710e-20	5.19710e-20	5.19710e-20
26.45	8.55113e-40	2.23065e-39	4.33485e-39	7.55372e-39	1.24777e-38	2.00102e-38	3.15329e-38	4.91595e-38	7.61237e-38	1.17372e-37	1.80471e-37	2.76996e-37	4.24654e-37	6.50533e-37	9.96071e-37	1.52466e-36	2.33326e-36	3.57023e-36	5.46248e-36	8.35718e-36	1.27854e-35	1.95595e-35	2.99224e-35	4.57753e-35	7.00270e-35	1.07127e-34	1.63883e-34	2.50709e-34	3.83539e-34	5.86748e-34	8.97630e-34	1.37324e-33	2.10089e-33	3.21414e-33	4.91737e-33	7.52331e-33	1.15105e-32	1.76113e-32	2.69463e-32	4.12308e-32	6.30900e-32	9.65425e-32	1.47740e-31	2.26101e-31	3.46048e-31	5.29667e-31	8.10790e-31	1.24125e-30	1.90046e-30	2.91016e-30	4.45702e-30	6.82732e-30	1.04603e-29	1.60305e-29	2.45735e-29	3.76814e-29	5.78028e-29	8.87066e-29	1.36200e-28	2.09242e-28	3.21669e-28	4.94885e-28	7.62055e-28	1.17468e-27	1.81291e-27	2.80184e-27	4.33733e-27	6.72719e-27	1.04573e-26	1.62987e-26	2.54822e-26	3.99869e-26	6.30232e-26	9.98514e-26	1.59199e-25	2.55766e-25	4.14766e-25	6.80449e-25	1.13271e-24	1.92119e-24	3.33970e-24	6.00339e-24	1.13203e-23	2.29692e-23	5.28651e-23	1.59452e-22	1.40312e-21	6.54683e-21	6.97046e-21	7.13653e-21	7.24106e-21	7.32138e-21	7.39033e-21	7.45382e-21	7.51518e-21	7.57659e-21	7.63969e-21	7.70585e-21	7.77632e-21	7.85237e-21	7.93528e-21	8.02645e-21	8.12741e-21	8.23987e-21	8.36576e-21	8.50727e-21	8.66689e-21	8.84749e-21	9.05234e-21	9.28520e-21	9.55040e-21	9.85291e-21	1.01985e-20	1.05936e-20	1.10460e-20	1.15643e-20	1.21586e-20	1.28405e-20	1.36233e-20	1.45225e-20	1.55557e-20	1.67433e-20	1.81090e-20	1.96797e-20	2.14867e-20	2.35660e-20	2.59590e-20	2.87136e-20	3.18847e-20	3.55357e-20	3.97397e-20	4.45810e-20	4.73750e-20	4.74011e-20	4.74011e-20	4.74011e-20	4.74011e-20	4.74011e-20	4.74011e-20	4.74011e-20	4.74011e-20	4.74011e-20	4.74011e-20	4.74011e-20	4.74011e-20	4.74011e-20	4.74011e-20	4.74011e-20	4.74011e-20	4.74011e-20	4.74011e-20	4.74011e-20	4.74011e-20	4.74011e-20	4.74011e-20	4.74011e-20	4.74011e-20	4.74011e-20	4.74011e-20	4.74011e-20	4.74011e-20	4.74011e-20	4.74011e-20	4.74011e-20	4.74011e-20	4.74011e-20	4.74011e-20	4.74011e-20	4.74011e-20	4.74011e-20	4.74011e-20	4.74011e-20	4.74011e-20	4.74011e-20	4.74011e-20	4.74011e-20	4.74011e-20	4.74011e-20	4.74011e-20	4.74011e-20	4.74011e-20	4.74011e-20	4.74011e-20	4.74011e-20	4.74011e-20	4.74011e-20
26.49	7.30949e-40	1.90675e-39	3.70542e-39	6.45691e-39	1.06660e-38	1.71047e-38	2.69542e-38	4.20215e-38	6.50704e-38	1.00329e-37	1.54266e-37	2.36775e-37	3.62993e-37	5.56075e-37	8.51440e-37	1.30327e-36	1.99447e-36	3.05182e-36	4.66932e-36	7.14370e-36	1.09289e-35	1.67194e-35	2.55776e-35	3.91287e-35	5.98590e-35	9.15721e-35	1.40087e-34	2.14306e-34	3.27849e-34	5.01551e-34	7.67293e-34	1.17385e-33	1.79584e-33	2.74744e-33	4.20336e-33	6.43091e-33	9.83916e-33	1.50541e-32	2.30337e-32	3.52440e-32	5.39293e-32	8.25244e-32	1.26288e-31	1.93271e-31	2.95801e-31	4.52759e-31	6.93062e-31	1.06101e-30	1.62451e-30	2.48760e-30	3.80985e-30	5.83598e-30	8.94149e-30	1.37028e-29	2.10054e-29	3.22100e-29	4.94097e-29	7.58262e-29	1.16424e-28	1.78860e-28	2.74962e-28	4.23027e-28	6.51403e-28	1.00411e-27	1.54967e-27	2.39501e-27	3.70754e-27	5.75039e-27	8.93890e-27	1.39321e-26	2.17821e-26	3.41808e-26	5.38721e-26	8.53528e-26	1.36083e-25	2.18628e-25	3.54541e-25	5.81647e-25	9.68243e-25	1.64223e-24	2.85477e-24	5.13169e-24	9.67654e-24	1.96340e-23	4.51890e-23	1.36299e-22	1.19938e-21	5.59622e-21	5.95834e-21	6.10029e-21	6.18965e-21	6.25831e-21	6.31724e-21	6.37151e-21	6.42396e-21	6.47646e-21	6.53040e-21	6.58695e-21	6.64719e-21	6.71219e-21	6.78307e-21	6.86100e-21	6.94730e-21	7.04343e-21	7.15104e-21	7.27200e-21	7.40844e-21	7.56282e-21	7.73792e-21	7.93698e-21	8.16367e-21	8.42225e-21	8.71762e-21	9.05541e-21	9.44209e-21	9.88514e-21	1.03932e-20	1.09760e-20	1.16452e-20	1.24138e-20	1.32970e-20	1.43122e-20	1.54795e-20	1.68222e-20	1.83668e-20	2.01442e-20	2.21897e-20	2.45443e-20	2.72550e-20	3.03759e-20	3.39695e-20	3.81077e-20	4.26771e-20	4.32682e-20	4.32695e-20	4.32695e-20	4.32695e-20	4.32695e-20	4.32695e-20	4.32695e-20	4.32695e-20	4.32695e-20	4.32695e-20	4.32695e-20	4.32695e-20	4.32695e-20	4.32695e-20	4.32695e-20	4.32695e-20	4.32695e-20	4.32695e-20	4.32695e-20	4.32695e-20	4.32695e-20	4.32695e-20	4.32695e-20	4.32695e-20	4.32695e-20	4.32695e-20	4.32695e-20	4.32695e-20	4.32695e-20	4.32695e-20	4.32695e-20	4.32695e-20	4.32695e-20	4.32695e-20	4.32695e-20	4.32695e-20	4.32695e-20	4.32695e-20	4.32695e-20	4.32695e-20	4.32695e-20	4.32695e-20	4.32695e-20	4.32695e-20	4.32695e-20	4.32695e-20	4.32695e-20	4.32695e-20	4.32695e-20	4.32695e-20	4.32695e-20	4.32695e-20	4.32695e-20
26.52	6.24814e-40	1.62989e-39	3.16739e-39	5.51935e-39	9.11724e-39	1.46211e-38	2.30404e-38	3.59199e-38	5.56221e-38	8.57612e-38	1.31866e-37	2.02395e-37	3.10286e-37	4.75332e-37	7.27810e-37	1.11404e-36	1.70487e-36	2.60870e-36	3.99133e-36	6.10643e-36	9.34203e-36	1.42917e-35	2.18637e-35	3.34471e-35	5.11674e-35	7.82757e-35	1.19746e-34	1.83188e-34	2.80245e-34	4.28725e-34	6.55881e-34	1.00340e-33	1.53508e-33	2.34851e-33	3.59302e-33	5.49713e-33	8.41050e-33	1.28682e-32	1.96891e-32	3.01265e-32	4.60987e-32	7.05417e-32	1.07951e-31	1.65208e-31	2.52850e-31	3.87017e-31	5.92428e-31	9.06953e-31	1.38863e-30	2.12640e-30	3.25666e-30	4.98859e-30	7.64317e-30	1.17132e-29	1.79554e-29	2.75331e-29	4.22354e-29	6.48162e-29	9.95189e-29	1.52889e-28	2.35037e-28	3.61602e-28	5.56818e-28	8.58314e-28	1.32466e-27	2.04725e-27	3.16920e-27	4.91542e-27	7.64095e-27	1.19091e-26	1.86193e-26	2.92177e-26	4.60498e-26	7.29595e-26	1.16324e-25	1.86883e-25	3.03061e-25	4.97191e-25	8.27653e-25	1.40377e-24	2.44026e-24	4.38656e-24	8.27149e-24	1.67831e-23	3.86275e-23	1.16508e-22	1.02523e-21	4.78364e-21	5.09318e-21	5.21452e-21	5.29090e-21	5.34959e-21	5.39997e-21	5.44636e-21	5.49119e-21	5.53607e-21	5.58217e-21	5.63051e-21	5.68201e-21	5.73757e-21	5.79816e-21	5.86477e-21	5.93854e-21	6.02071e-21	6.11270e-21	6.21609e-21	6.33273e-21	6.46469e-21	6.61437e-21	6.78451e-21	6.97829e-21	7.19933e-21	7.45181e-21	7.74055e-21	8.07108e-21	8.44980e-21	8.88405e-21	9.38230e-21	9.95430e-21	1.06113e-20	1.13662e-20	1.22340e-20	1.32319e-20	1.43796e-20	1.56999e-20	1.72192e-20	1.89678e-20	2.09805e-20	2.32975e-20	2.59652e-20	2.90370e-20	3.25744e-20	3.66483e-20	3.94863e-20	3.95297e-20	3.95297e-20	3.95297e-20	3.95297e-20	3.95297e-20	3.95297e-20	3.95297e-20	3.95297e-20	3.95297e-20	3.95297e-20	3.95297e-20	3.95297e-20	3.95297e-20	3.95297e-20	3.95297e-20	3.95297e-20	3.95297e-20	3.95297e-20	3.95297e-20	3.95297e-20	3.95297e-20	3.95297e-20	3.95297e-20	3.95297e-20	3.95297e-20	3.95297e-20	3.95297e-20	3.95297e-20	3.95297e-20	3.95297e-20	3.95297e-20	3.95297e-20	3.95297e-20	3.95297e-20	3.95297e-20	3.95297e-20	3.95297e-20	3.95297e-20	3.95297e-20	3.95297e-20	3.95297e-20	3.95297e-20	3.95297e-20	3.95297e-20	3.95297e-20	3.95297e-20	3.95297e-20	3.95297e-20	3.95297e-20	3.95297e-20	3.95297e-20	3.95297e-20
26.56	5.34090e-40	1.39323e-39	2.70748e-39	4.71793e-39	7.79340e-39	1.24981e-38	1.96949e-38	3.07043e-38	4.75457e-38	7.33086e-38	1.12719e-37	1.73007e-37	2.65232e-37	4.06313e-37	6.22131e-37	9.52277e-37	1.45732e-36	2.22991e-36	3.41178e-36	5.21976e-36	7.98555e-36	1.22166e-35	1.86891e-35	2.85906e-35	4.37378e-35	6.69099e-35	1.02359e-34	1.56589e-34	2.39553e-34	3.66474e-34	5.60646e-34	8.57707e-34	1.31218e-33	2.00750e-33	3.07131e-33	4.69894e-33	7.18928e-33	1.09997e-32	1.68302e-32	2.57521e-32	3.94051e-32	6.02990e-32	9.22761e-32	1.41219e-31	2.16136e-31	3.30822e-31	5.06407e-31	7.75262e-31	1.18700e-30	1.81764e-30	2.78378e-30	4.26424e-30	6.53337e-30	1.00124e-29	1.53482e-29	2.35352e-29	3.61027e-29	5.54048e-29	8.50686e-29	1.30690e-28	2.00910e-28	3.09097e-28	4.75968e-28	7.33686e-28	1.13231e-27	1.74998e-27	2.70903e-27	4.20170e-27	6.53148e-27	1.01799e-26	1.59158e-26	2.49752e-26	3.93633e-26	6.23656e-26	9.94333e-26	1.59747e-25	2.59056e-25	4.24998e-25	7.07476e-25	1.19994e-24	2.08593e-24	3.74962e-24	7.07046e-24	1.43462e-23	3.30187e-23	9.95910e-23	8.76365e-22	4.08905e-21	4.35364e-21	4.45737e-21	4.52266e-21	4.57282e-21	4.61588e-21	4.65554e-21	4.69386e-21	4.73222e-21	4.77163e-21	4.81295e-21	4.85697e-21	4.90447e-21	4.95625e-21	5.01320e-21	5.07626e-21	5.14650e-21	5.22512e-21	5.31351e-21	5.41321e-21	5.52600e-21	5.65395e-21	5.79939e-21	5.96503e-21	6.15398e-21	6.36980e-21	6.61661e-21	6.89915e-21	7.22288e-21	7.59407e-21	8.01997e-21	8.50892e-21	9.07052e-21	9.71584e-21	1.04576e-20	1.13106e-20	1.22916e-20	1.34203e-20	1.47190e-20	1.62136e-20	1.79341e-20	1.99147e-20	2.21950e-20	2.48208e-20	2.78446e-20	3.13269e-20	3.53067e-20	3.61382e-20	3.61405e-20	3.61405e-20	3.61405e-20	3.61405e-20	3.61405e-20	3.61405e-20	3.61405e-20	3.61405e-20	3.61405e-20	3.61405e-20	3.61405e-20	3.61405e-20	3.61405e-20	3.61405e-20	3.61405e-20	3.61405e-20	3.61405e-20	3.61405e-20	3.61405e-20	3.61405e-20	3.61405e-20	3.61405e-20	3.61405e-20	3.61405e-20	3.61405e-20	3.61405e-20	3.61405e-20	3.61405e-20	3.61405e-20	3.61405e-20	3.61405e-20	3.61405e-20	3.61405e-20	3.61405e-20	3.61405e-20	3.61405e-20	3.61405e-20	3.61405e-20	3.61405e-20	3.61405e-20	3.61405e-20	3.61405e-20	3.61405e-20	3.61405e-20	3.61405e-20	3.61405e-20	3.61405e-20	3.61405e-20	3.61405e-20	3.61405e-20	3.61405e-20
26.59	4.56539e-40	1.19093e-39	2.31435e-39	4.03288e-39	6.66179e-39	1.06833e-38	1.68352e-38	2.62460e-38	4.06419e-38	6.26641e-38	9.63522e-38	1.47886e-37	2.26720e-37	3.47316e-37	5.31796e-37	8.14005e-37	1.24571e-36	1.90612e-36	2.91639e-36	4.46185e-36	6.82604e-36	1.04427e-35	1.59754e-35	2.44392e-35	3.73870e-35	5.71945e-35	8.74962e-35	1.33852e-34	2.04769e-34	3.13261e-34	4.79239e-34	7.33167e-34	1.12165e-33	1.71601e-33	2.62535e-33	4.01665e-33	6.14539e-33	9.40255e-33	1.43865e-32	2.20129e-32	3.36834e-32	5.15435e-32	7.88775e-32	1.20714e-31	1.84753e-31	2.82786e-31	4.32876e-31	6.62693e-31	1.01464e-30	1.55372e-30	2.37957e-30	3.64506e-30	5.58471e-30	8.55857e-30	1.31196e-29	2.01179e-29	3.08605e-29	4.73599e-29	7.27165e-29	1.11713e-28	1.71737e-28	2.64216e-28	4.06856e-28	6.27154e-28	9.67900e-28	1.49588e-27	2.31567e-27	3.59160e-27	5.58310e-27	8.70177e-27	1.36048e-26	2.13488e-26	3.36477e-26	5.33100e-26	8.49955e-26	1.36552e-25	2.21441e-25	3.63288e-25	6.04749e-25	1.02571e-24	1.78305e-24	3.20517e-24	6.04382e-24	1.22631e-23	2.82244e-23	8.51303e-23	7.49115e-22	3.49531e-21	3.72149e-21	3.81015e-21	3.86596e-21	3.90884e-21	3.94565e-21	3.97955e-21	4.01231e-21	4.04510e-21	4.07878e-21	4.11410e-21	4.15173e-21	4.19233e-21	4.23660e-21	4.28527e-21	4.33918e-21	4.39922e-21	4.46643e-21	4.54198e-21	4.62720e-21	4.72362e-21	4.83299e-21	4.95731e-21	5.09890e-21	5.26041e-21	5.44489e-21	5.65587e-21	5.89738e-21	6.17410e-21	6.49140e-21	6.85546e-21	7.27341e-21	7.75347e-21	8.30509e-21	8.93917e-21	9.66827e-21	1.05069e-20	1.14716e-20	1.25817e-20	1.38594e-20	1.53300e-20	1.70230e-20	1.89723e-20	2.12168e-20	2.38015e-20	2.67782e-20	3.02066e-20	3.29947e-20	3.30656e-20	3.30657e-20	3.30657e-20	3.30657e-20	3.30657e-20	3.30657e-20	3.30657e-20	3.30657e-20	3.30657e-20	3.30657e-20	3.30657e-20	3.30657e-20	3.30657e-20	3.30657e-20	3.30657e-20	3.30657e-20	3.30657e-20	3.30657e-20	3.30657e-20	3.30657e-20	3.30657e-20	3.30657e-20	3.30657e-20	3.30657e-20	3.30657e-20	3.30657e-20	3.30657e-20	3.30657e-20	3.30657e-20	3.30657e-20	3.30657e-20	3.30657e-20	3.30657e-20	3.30657e-20	3.30657e-20	3.30657e-20	3.30657e-20	3.30657e-20	3.30657e-20	3.30657e-20	3.30657e-20	3.30657e-20	3.30657e-20	3.30657e-20	3.30657e-20	3.30657e-20	3.30657e-20	3.30657e-20	3.30657e-20	3.30657e-20	3.30657e-20
26.63	3.90249e-40	1.01800e-39	1.97830e-39	3.44730e-39	5.69449e-39	9.13208e-39	1.43907e-38	2.24350e-38	3.47407e-38	5.35651e-38	8.23617e-38	1.26413e-37	1.93800e-37	2.96885e-37	4.54579e-37	6.95810e-37	1.06483e-36	1.62935e-36	2.49292e-36	3.81398e-36	5.83489e-36	8.92640e-36	1.36557e-35	2.08906e-35	3.19583e-35	4.88898e-35	7.47916e-35	1.14417e-34	1.75036e-34	2.67775e-34	4.09653e-34	6.26710e-34	9.58786e-34	1.46684e-33	2.24415e-33	3.43342e-33	5.25307e-33	8.03728e-33	1.22975e-32	1.88166e-32	2.87925e-32	4.40593e-32	6.74244e-32	1.03186e-31	1.57926e-31	2.41725e-31	3.70021e-31	5.66469e-31	8.67314e-31	1.32812e-30	2.03406e-30	3.11579e-30	4.77380e-30	7.31585e-30	1.12147e-29	1.71967e-29	2.63795e-29	4.04832e-29	6.21580e-29	9.54923e-29	1.46801e-28	2.25851e-28	3.47780e-28	5.36090e-28	8.27360e-28	1.27868e-27	1.97943e-27	3.07010e-27	4.77242e-27	7.43826e-27	1.16293e-26	1.82489e-26	2.87620e-26	4.55693e-26	7.26540e-26	1.16724e-25	1.89287e-25	3.10538e-25	5.16939e-25	8.76775e-25	1.52415e-24	2.73978e-24	5.16625e-24	1.04825e-23	2.41261e-23	7.27692e-23	6.40342e-22	2.98779e-21	3.18112e-21	3.25691e-21	3.30462e-21	3.34127e-21	3.37274e-21	3.40171e-21	3.42971e-21	3.45774e-21	3.48654e-21	3.51673e-21	3.54889e-21	3.58360e-21	3.62144e-21	3.66305e-21	3.70912e-21	3.76044e-21	3.81790e-21	3.88248e-21	3.95532e-21	4.03774e-21	4.13123e-21	4.23750e-21	4.35853e-21	4.49659e-21	4.65428e-21	4.83463e-21	5.04107e-21	5.27761e-21	5.54884e-21	5.86004e-21	6.21730e-21	6.62765e-21	7.09917e-21	7.64119e-21	8.26442e-21	8.98125e-21	9.80592e-21	1.07549e-20	1.18470e-20	1.31041e-20	1.45513e-20	1.62175e-20	1.81361e-20	2.03455e-20	2.28900e-20	2.58205e-20	2.91959e-20	3.02690e-20	3.02730e-20	3.02730e-20	3.02730e-20	3.02730e-20	3.02730e-20	3.02730e-20	3.02730e-20	3.02730e-20	3.02730e-20	3.02730e-20	3.02730e-20	3.02730e-20	3.02730e-20	3.02730e-20	3.02730e-20	3.02730e-20	3.02730e-20	3.02730e-20	3.02730e-20	3.02730e-20	3.02730e-20	3.02730e-20	3.02730e-20	3.02730e-20	3.02730e-20	3.02730e-20	3.02730e-20	3.02730e-20	3.02730e-20	3.02730e-20	3.02730e-20	3.02730e-20	3.02730e-20	3.02730e-20	3.02730e-20	3.02730e-20	3.02730e-20	3.02730e-20	3.02730e-20	3.02730e-20	3.02730e-20	3.02730e-20	3.02730e-20	3.02730e-20	3.02730e-20	3.02730e-20	3.02730e-20	3.02730e-20	3.02730e-20	3.02730e-20
26.66	3.33584e-40	8.70188e-40	1.69105e-39	2.94675e-39	4.86764e-39	7.80609e-39	1.23011e-38	1.91774e-38	2.96963e-38	4.57874e-38	7.04026e-38	1.08058e-37	1.65660e-37	2.53777e-37	3.88573e-37	5.94778e-37	9.10219e-37	1.39277e-36	2.13095e-36	3.26018e-36	4.98765e-36	7.63028e-36	1.16729e-35	1.78572e-35	2.73179e-35	4.17909e-35	6.39317e-35	9.78032e-35	1.49621e-34	2.28894e-34	3.50171e-34	5.35710e-34	8.19569e-34	1.25385e-33	1.91829e-33	2.93489e-33	4.49031e-33	6.87026e-33	1.05119e-32	1.60844e-32	2.46118e-32	3.76618e-32	5.76342e-32	8.82034e-32	1.34995e-31	2.06626e-31	3.16294e-31	4.84217e-31	7.41379e-31	1.13527e-30	1.73871e-30	2.66338e-30	4.08064e-30	6.25358e-30	9.58627e-30	1.46997e-29	2.25492e-29	3.46049e-29	5.31325e-29	8.16267e-29	1.25485e-28	1.93057e-28	2.97282e-28	4.58249e-28	7.07226e-28	1.09301e-27	1.69202e-27	2.62431e-27	4.07946e-27	6.35821e-27	9.94074e-27	1.55991e-26	2.45857e-26	3.89526e-26	6.21045e-26	9.97756e-26	1.61803e-25	2.65447e-25	4.41879e-25	7.49466e-25	1.30284e-24	2.34196e-24	4.41610e-24	8.96040e-24	2.06230e-23	6.22030e-23	5.47364e-22	2.55396e-21	2.71922e-21	2.78400e-21	2.82478e-21	2.85611e-21	2.88301e-21	2.90778e-21	2.93171e-21	2.95567e-21	2.98029e-21	3.00610e-21	3.03359e-21	3.06326e-21	3.09560e-21	3.13117e-21	3.17055e-21	3.21442e-21	3.26353e-21	3.31873e-21	3.38100e-21	3.45146e-21	3.53137e-21	3.62221e-21	3.72567e-21	3.84368e-21	3.97848e-21	4.13263e-21	4.30910e-21	4.51130e-21	4.74314e-21	5.00915e-21	5.31454e-21	5.66531e-21	6.06836e-21	6.53167e-21	7.06441e-21	7.67716e-21	8.38209e-21	9.19323e-21	1.01268e-20	1.12013e-20	1.24384e-20	1.38627e-20	1.55027e-20	1.73913e-20	1.95663e-20	2.20713e-20	2.49566e-20	2.76201e-20	2.77338e-20	2.77340e-20	2.77340e-20	2.77340e-20	2.77340e-20	2.77340e-20	2.77340e-20	2.77340e-20	2.77340e-20	2.77340e-20	2.77340e-20	2.77340e-20	2.77340e-20	2.77340e-20	2.77340e-20	2.77340e-20	2.77340e-20	2.77340e-20	2.77340e-20	2.77340e-20	2.77340e-20	2.77340e-20	2.77340e-20	2.77340e-20	2.77340e-20	2.77340e-20	2.77340e-20	2.77340e-20	2.77340e-20	2.77340e-20	2.77340e-20	2.77340e-20	2.77340e-20	2.77340e-20	2.77340e-20	2.77340e-20	2.77340e-20	2.77340e-20	2.77340e-20	2.77340e-20	2.77340e-20	2.77340e-20	2.77340e-20	2.77340e-20	2.77340e-20	2.77340e-20	2.77340e-20	2.77340e-20	2.77340e-20	2.77340e-20
26.69	2.85147e-40	7.43835e-40	1.44551e-39	2.51888e-39	4.16085e-39	6.67263e-39	1.05150e-38	1.63928e-38	2.53843e-38	3.91390e-38	6.01801e-38	9.23674e-38	1.41606e-37	2.16928e-37	3.32152e-37	5.08415e-37	7.78054e-37	1.19053e-36	1.82153e-36	2.78680e-36	4.26344e-36	6.52235e-36	9.97798e-36	1.52643e-35	2.33513e-35	3.57228e-35	5.46488e-35	8.36020e-35	1.27896e-34	1.95658e-34	2.99325e-34	4.57924e-34	7.00566e-34	1.07179e-33	1.63975e-33	2.50874e-33	3.83831e-33	5.87268e-33	8.98556e-33	1.37489e-32	2.10381e-32	3.21932e-32	4.92657e-32	7.53961e-32	1.15394e-31	1.76624e-31	2.70367e-31	4.13908e-31	6.33730e-31	9.70428e-31	1.48625e-30	2.27665e-30	3.48813e-30	5.34555e-30	8.19433e-30	1.25653e-29	1.92750e-29	2.95803e-29	4.54176e-29	6.97743e-29	1.07264e-28	1.65025e-28	2.54116e-28	3.91710e-28	6.04536e-28	9.34306e-28	1.44633e-27	2.24326e-27	3.48711e-27	5.43499e-27	8.49733e-27	1.33341e-26	2.10158e-26	3.32966e-26	5.30868e-26	8.52881e-26	1.38309e-25	2.26904e-25	3.77717e-25	6.40642e-25	1.11366e-24	2.00190e-24	3.77488e-24	7.65934e-24	1.76285e-23	5.31710e-23	4.67886e-22	2.18312e-21	2.32438e-21	2.37976e-21	2.41462e-21	2.44140e-21	2.46439e-21	2.48556e-21	2.50603e-21	2.52650e-21	2.54755e-21	2.56961e-21	2.59311e-21	2.61847e-21	2.64611e-21	2.67652e-21	2.71018e-21	2.74768e-21	2.78966e-21	2.83685e-21	2.89008e-21	2.95030e-21	3.01861e-21	3.09626e-21	3.18469e-21	3.28557e-21	3.40079e-21	3.53257e-21	3.68341e-21	3.85625e-21	4.05443e-21	4.28181e-21	4.54286e-21	4.84270e-21	5.18723e-21	5.58326e-21	6.03865e-21	6.56242e-21	7.16499e-21	7.85836e-21	8.65635e-21	9.57488e-21	1.06323e-20	1.18498e-20	1.32517e-20	1.48661e-20	1.67252e-20	1.88665e-20	2.13329e-20	2.41738e-20	2.54164e-20	2.54233e-20	2.54233e-20	2.54233e-20	2.54233e-20	2.54233e-20	2.54233e-20	2.54233e-20	2.54233e-20	2.54233e-20	2.54233e-20	2.54233e-20	2.54233e-20	2.54233e-20	2.54233e-20	2.54233e-20	2.54233e-20	2.54233e-20	2.54233e-20	2.54233e-20	2.54233e-20	2.54233e-20	2.54233e-20	2.54233e-20	2.54233e-20	2.54233e-20	2.54233e-20	2.54233e-20	2.54233e-20	2.54233e-20	2.54233e-20	2.54233e-20	2.54233e-20	2.54233e-20	2.54233e-20	2.54233e-20	2.54233e-20	2.54233e-20	2.54233e-20	2.54233e-20	2.54233e-20	2.54233e-20	2.54233e-20	2.54233e-20	2.54233e-20	2.54233e-20	2.54233e-20	2.54233e-20	2.54233e-20	2.54233e-20
26.73	2.43744e-40	6.35829e-40	1.23562e-39	2.15313e-39	3.55669e-39	5.70376e-39	8.98821e-39	1.40126e-38	2.16985e-38	3.34560e-38	5.14418e-38	7.89556e-38	1.21044e-37	1.85430e-37	2.83923e-37	4.34592e-37	6.65079e-37	1.01767e-36	1.55704e-36	2.38215e-36	3.64438e-36	5.57529e-36	8.52916e-36	1.30479e-35	1.99607e-35	3.05358e-35	4.67137e-35	7.14629e-35	1.09325e-34	1.67248e-34	2.55863e-34	3.91433e-34	5.98843e-34	9.16166e-34	1.40166e-33	2.14446e-33	3.28099e-33	5.01996e-33	7.68084e-33	1.17525e-32	1.79833e-32	2.75187e-32	4.21122e-32	6.44485e-32	9.86384e-32	1.50978e-31	2.31110e-31	3.53808e-31	5.41711e-31	8.29520e-31	1.27044e-30	1.94608e-30	2.98164e-30	4.56937e-30	7.00450e-30	1.07408e-29	1.64763e-29	2.52852e-29	3.88229e-29	5.96430e-29	9.16895e-29	1.41063e-28	2.17218e-28	3.34833e-28	5.16756e-28	7.98643e-28	1.23632e-27	1.91753e-27	2.98078e-27	4.64582e-27	7.26350e-27	1.13980e-26	1.79643e-26	2.84619e-26	4.53786e-26	7.29041e-26	1.18226e-25	1.93957e-25	3.22872e-25	5.47620e-25	9.51958e-25	1.71122e-24	3.22676e-24	6.54719e-24	1.50688e-23	4.54505e-23	3.99948e-22	1.86613e-21	1.98688e-21	2.03422e-21	2.06401e-21	2.08691e-21	2.10656e-21	2.12466e-21	2.14215e-21	2.15965e-21	2.17764e-21	2.19650e-21	2.21658e-21	2.23826e-21	2.26189e-21	2.28788e-21	2.31666e-21	2.34871e-21	2.38460e-21	2.42493e-21	2.47043e-21	2.52191e-21	2.58030e-21	2.64668e-21	2.72227e-21	2.80850e-21	2.90699e-21	3.01963e-21	3.14858e-21	3.29632e-21	3.46572e-21	3.66009e-21	3.88323e-21	4.13953e-21	4.43403e-21	4.77257e-21	5.16183e-21	5.60955e-21	6.12463e-21	6.71732e-21	7.39943e-21	8.18459e-21	9.08849e-21	1.01292e-20	1.13275e-20	1.27075e-20	1.42967e-20	1.61271e-20	1.82353e-20	2.06637e-20	2.31406e-20	2.33180e-20	2.33183e-20	2.33183e-20	2.33183e-20	2.33183e-20	2.33183e-20	2.33183e-20	2.33183e-20	2.33183e-20	2.33183e-20	2.33183e-20	2.33183e-20	2.33183e-20	2.33183e-20	2.33183e-20	2.33183e-20	2.33183e-20	2.33183e-20	2.33183e-20	2.33183e-20	2.33183e-20	2.33183e-20	2.33183e-20	2.33183e-20	2.33183e-20	2.33183e-20	2.33183e-20	2.33183e-20	2.33183e-20	2.33183e-20	2.33183e-20	2.33183e-20	2.33183e-20	2.33183e-20	2.33183e-20	2.33183e-20	2.33183e-20	2.33183e-20	2.33183e-20	2.33183e-20	2.33183e-20	2.33183e-20	2.33183e-20	2.33183e-20	2.33183e-20	2.33183e-20	2.33183e-20	2.33183e-20	2.33183e-20
26.76	2.08352e-40	5.43506e-40	1.05620e-39	1.84049e-39	3.04025e-39	4.87556e-39	7.68311e-39	1.19779e-38	1.85478e-38	2.85981e-38	4.39724e-38	6.74911e-38	1.03469e-37	1.58505e-37	2.42697e-37	3.71489e-37	5.68509e-37	8.69900e-37	1.33096e-36	2.03626e-36	3.11521e-36	4.76575e-36	7.29071e-36	1.11533e-35	1.70624e-35	2.61019e-35	3.99308e-35	6.10864e-35	9.34509e-35	1.42964e-34	2.18711e-34	3.34596e-34	5.11890e-34	7.83137e-34	1.19814e-33	1.83308e-33	2.80458e-33	4.29106e-33	6.56557e-33	1.00460e-32	1.53721e-32	2.35230e-32	3.59975e-32	5.50905e-32	8.43160e-32	1.29056e-31	1.97552e-31	3.02434e-31	4.63054e-31	7.09073e-31	1.08597e-30	1.66350e-30	2.54870e-30	3.90589e-30	5.98744e-30	9.18123e-30	1.40839e-29	2.16137e-29	3.31858e-29	5.09827e-29	7.83760e-29	1.20581e-28	1.85678e-28	2.86215e-28	4.41722e-28	6.82679e-28	1.05681e-27	1.63911e-27	2.54797e-27	3.97124e-27	6.20883e-27	9.74298e-27	1.53559e-26	2.43292e-26	3.87895e-26	6.23183e-26	1.01059e-25	1.65794e-25	2.75990e-25	4.68105e-25	8.13732e-25	1.46275e-24	2.75823e-24	5.59653e-24	1.28808e-23	3.88510e-23	3.41875e-22	1.59516e-21	1.69838e-21	1.73884e-21	1.76431e-21	1.78388e-21	1.80068e-21	1.81615e-21	1.83110e-21	1.84607e-21	1.86144e-21	1.87756e-21	1.89473e-21	1.91326e-21	1.93346e-21	1.95568e-21	1.98028e-21	2.00768e-21	2.03835e-21	2.07283e-21	2.11172e-21	2.15573e-21	2.20564e-21	2.26238e-21	2.32699e-21	2.40070e-21	2.48489e-21	2.58118e-21	2.69140e-21	2.81769e-21	2.96249e-21	3.12864e-21	3.31938e-21	3.53846e-21	3.79021e-21	4.07958e-21	4.41232e-21	4.79503e-21	5.23532e-21	5.74195e-21	6.32502e-21	6.99618e-21	7.76882e-21	8.65841e-21	9.68274e-21	1.08623e-20	1.22208e-20	1.37854e-20	1.55875e-20	1.76633e-20	2.00544e-20	2.13876e-20	2.13991e-20	2.13992e-20	2.13992e-20	2.13992e-20	2.13992e-20	2.13992e-20	2.13992e-20	2.13992e-20	2.13992e-20	2.13992e-20	2.13992e-20	2.13992e-20	2.13992e-20	2.13992e-20	2.13992e-20	2.13992e-20	2.13992e-20	2.13992e-20	2.13992e-20	2.13992e-20	2.13992e-20	2.13992e-20	2.13992e-20	2.13992e-20	2.13992e-20	2.13992e-20	2.13992e-20	2.13992e-20	2.13992e-20	2.13992e-20	2.13992e-20	2.13992e-20	2.13992e-20	2.13992e-20	2.13992e-20	2.13992e-20	2.13992e-20	2.13992e-20	2.13992e-20	2.13992e-20	2.13992e-20	2.13992e-20	2.13992e-20	2.13992e-20	2.13992e-20	2.13992e-20	2.13992e-20	2.13992e-20
26.80	1.78099e-40	4.64588e-40	9.02841e-40	1.57325e-39	2.59880e-39	4.16762e-39	6.56751e-39	1.02387e-38	1.58547e-38	2.44456e-38	3.75875e-38	5.76913e-38	8.84448e-38	1.35490e-37	2.07457e-37	3.17548e-37	4.85960e-37	7.43589e-37	1.13770e-36	1.74059e-36	2.66288e-36	4.07376e-36	6.23209e-36	9.53386e-36	1.45849e-35	2.23119e-35	3.41328e-35	5.22165e-35	7.98816e-35	1.22205e-34	1.86954e-34	2.86012e-34	4.37563e-34	6.69425e-34	1.02416e-33	1.56692e-33	2.39735e-33	3.66799e-33	5.61224e-33	8.58735e-33	1.31401e-32	2.01074e-32	3.07706e-32	4.70912e-32	7.20732e-32	1.10316e-31	1.68867e-31	2.58520e-31	3.95818e-31	6.06114e-31	9.28286e-31	1.42196e-30	2.17863e-30	3.33875e-30	5.11805e-30	7.84811e-30	1.20389e-29	1.84754e-29	2.83671e-29	4.35800e-29	6.69957e-29	1.03072e-28	1.58717e-28	2.44656e-28	3.77584e-28	5.83553e-28	9.03357e-28	1.40111e-27	2.17800e-27	3.39461e-27	5.30730e-27	8.32828e-27	1.31262e-26	2.07966e-26	3.31572e-26	5.32696e-26	8.63854e-26	1.41721e-25	2.35916e-25	4.00135e-25	6.95577e-25	1.25036e-24	2.35773e-24	4.78390e-24	1.10105e-23	3.32098e-23	2.92234e-22	1.36354e-21	1.45177e-21	1.48636e-21	1.50813e-21	1.52486e-21	1.53922e-21	1.55244e-21	1.56522e-21	1.57802e-21	1.59116e-21	1.60494e-21	1.61961e-21	1.63545e-21	1.65272e-21	1.67171e-21	1.69274e-21	1.71616e-21	1.74238e-21	1.77185e-21	1.80510e-21	1.84271e-21	1.88538e-21	1.93388e-21	1.98911e-21	2.05212e-21	2.12408e-21	2.20639e-21	2.30060e-21	2.40855e-21	2.53233e-21	2.67435e-21	2.83740e-21	3.02467e-21	3.23986e-21	3.48722e-21	3.77165e-21	4.09879e-21	4.47514e-21	4.90821e-21	5.40662e-21	5.98032e-21	6.64078e-21	7.40120e-21	8.27679e-21	9.28510e-21	1.04463e-20	1.17838e-20	1.33242e-20	1.50986e-20	1.71424e-20	1.93804e-20	1.96472e-20	1.96478e-20	1.96478e-20	1.96478e-20	1.96478e-20	1.96478e-20	1.96478e-20	1.96478e-20	1.96478e-20	1.96478e-20	1.96478e-20	1.96478e-20	1.96478e-20	1.96478e-20	1.96478e-20	1.96478e-20	1.96478e-20	1.96478e-20	1.96478e-20	1.96478e-20	1.96478e-20	1.96478e-20	1.96478e-20	1.96478e-20	1.96478e-20	1.96478e-20	1.96478e-20	1.96478e-20	1.96478e-20	1.96478e-20	1.96478e-20	1.96478e-20	1.96478e-20	1.96478e-20	1.96478e-20	1.96478e-20	1.96478e-20	1.96478e-20	1.96478e-20	1.96478e-20	1.96478e-20	1.96478e-20	1.96478e-20	1.96478e-20	1.96478e-20	1.96478e-20	1.96478e-20	1.96478e-20
26.83	1.52238e-40	3.97129e-40	7.71747e-40	1.34481e-39	2.22145e-39	3.56248e-39	5.61389e-39	8.75202e-39	1.35525e-38	2.08961e-38	3.21298e-38	4.93144e-38	7.56025e-38	1.15817e-37	1.77334e-37	2.71440e-37	4.15398e-37	6.35619e-37	9.72503e-37	1.48786e-36	2.27622e-36	3.48224e-36	5.32718e-36	8.14953e-36	1.24671e-35	1.90722e-35	2.91766e-35	4.46346e-35	6.82827e-35	1.04461e-34	1.59808e-34	2.44483e-34	3.74028e-34	5.72223e-34	8.75455e-34	1.33940e-33	2.04925e-33	3.13539e-33	4.79734e-33	7.34045e-33	1.12321e-32	1.71878e-32	2.63026e-32	4.02535e-32	6.16080e-32	9.42983e-32	1.44347e-31	2.20983e-31	3.38344e-31	5.18106e-31	7.93497e-31	1.21549e-30	1.86229e-30	2.85396e-30	4.37490e-30	6.70855e-30	1.02908e-29	1.57927e-29	2.42482e-29	3.72521e-29	5.72678e-29	8.81059e-29	1.35671e-28	2.09132e-28	3.22758e-28	4.98820e-28	7.72188e-28	1.19766e-27	1.86175e-27	2.90171e-27	4.53667e-27	7.11900e-27	1.12202e-26	1.77769e-26	2.83427e-26	4.55348e-26	7.38421e-26	1.21143e-25	2.01661e-25	3.42035e-25	5.94578e-25	1.06880e-24	2.01538e-24	4.08927e-24	9.41175e-24	2.83877e-23	2.49801e-22	1.16555e-21	1.24097e-21	1.27054e-21	1.28915e-21	1.30345e-21	1.31572e-21	1.32703e-21	1.33795e-21	1.34889e-21	1.36012e-21	1.37190e-21	1.38444e-21	1.39798e-21	1.41274e-21	1.42898e-21	1.44695e-21	1.46697e-21	1.48938e-21	1.51458e-21	1.54299e-21	1.57515e-21	1.61162e-21	1.65307e-21	1.70029e-21	1.75415e-21	1.81566e-21	1.88602e-21	1.96655e-21	2.05883e-21	2.16463e-21	2.28603e-21	2.42541e-21	2.58549e-21	2.76943e-21	2.98087e-21	3.22400e-21	3.50364e-21	3.82535e-21	4.19553e-21	4.62157e-21	5.11197e-21	5.67653e-21	6.32653e-21	7.07499e-21	7.93689e-21	8.92951e-21	1.00727e-20	1.13895e-20	1.29062e-20	1.46533e-20	1.66659e-20	1.80291e-20	1.80483e-20	1.80483e-20	1.80483e-20	1.80483e-20	1.80483e-20	1.80483e-20	1.80483e-20	1.80483e-20	1.80483e-20	1.80483e-20	1.80483e-20	1.80483e-20	1.80483e-20	1.80483e-20	1.80483e-20	1.80483e-20	1.80483e-20	1.80483e-20	1.80483e-20	1.80483e-20	1.80483e-20	1.80483e-20	1.80483e-20	1.80483e-20	1.80483e-20	1.80483e-20	1.80483e-20	1.80483e-20	1.80483e-20	1.80483e-20	1.80483e-20	1.80483e-20	1.80483e-20	1.80483e-20	1.80483e-20	1.80483e-20	1.80483e-20	1.80483e-20	1.80483e-20	1.80483e-20	1.80483e-20	1.80483e-20	1.80483e-20	1.80483e-20	1.80483e-20	1.80483e-20	1.80483e-20
26.86	1.30133e-40	3.39465e-40	6.59688e-40	1.14954e-39	1.89889e-39	3.04520e-39	4.79875e-39	7.48122e-39	1.15847e-38	1.78619e-38	2.74645e-38	4.21539e-38	6.46249e-38	9.89998e-38	1.51585e-37	2.32026e-37	3.55082e-37	5.43326e-37	8.31294e-37	1.27182e-36	1.94571e-36	2.97662e-36	4.55367e-36	6.96621e-36	1.06569e-35	1.63029e-35	2.49401e-35	3.81536e-35	5.83680e-35	8.92928e-35	1.36604e-34	2.08984e-34	3.19719e-34	4.89135e-34	7.48337e-34	1.14492e-33	1.75170e-33	2.68013e-33	4.10076e-33	6.27461e-33	9.60120e-33	1.46921e-32	2.24834e-32	3.44086e-32	5.26624e-32	8.06061e-32	1.23388e-31	1.88896e-31	2.89216e-31	4.42876e-31	6.78280e-31	1.03900e-30	1.59188e-30	2.43956e-30	3.73966e-30	5.73446e-30	8.79657e-30	1.34996e-29	2.07273e-29	3.18430e-29	4.89524e-29	7.53128e-29	1.15971e-28	1.78765e-28	2.75893e-28	4.26391e-28	6.60065e-28	1.02376e-27	1.59142e-27	2.48038e-27	3.87794e-27	6.08531e-27	9.59103e-27	1.51956e-26	2.42273e-26	3.89231e-26	6.31201e-26	1.03552e-25	1.72379e-25	2.92371e-25	5.08245e-25	9.13611e-25	1.72275e-24	3.49551e-24	8.04515e-24	2.42658e-23	2.13530e-22	9.96313e-22	1.06078e-21	1.08605e-21	1.10196e-21	1.11419e-21	1.12468e-21	1.13434e-21	1.14368e-21	1.15302e-21	1.16263e-21	1.17270e-21	1.18342e-21	1.19499e-21	1.20761e-21	1.22149e-21	1.23685e-21	1.25396e-21	1.27312e-21	1.29466e-21	1.31895e-21	1.34643e-21	1.37761e-21	1.41305e-21	1.45340e-21	1.49944e-21	1.55203e-21	1.61216e-21	1.68101e-21	1.75988e-21	1.85033e-21	1.95410e-21	2.07323e-21	2.21007e-21	2.36730e-21	2.54804e-21	2.75587e-21	2.99490e-21	3.26990e-21	3.58633e-21	3.95051e-21	4.36970e-21	4.85229e-21	5.40791e-21	6.04769e-21	6.78444e-21	7.63293e-21	8.61016e-21	9.73572e-21	1.10322e-20	1.25256e-20	1.42460e-20	1.62057e-20	1.65854e-20	1.65864e-20	1.65864e-20	1.65864e-20	1.65864e-20	1.65864e-20	1.65864e-20	1.65864e-20	1.65864e-20	1.65864e-20	1.65864e-20	1.65864e-20	1.65864e-20	1.65864e-20	1.65864e-20	1.65864e-20	1.65864e-20	1.65864e-20	1.65864e-20	1.65864e-20	1.65864e-20	1.65864e-20	1.65864e-20	1.65864e-20	1.65864e-20	1.65864e-20	1.65864e-20	1.65864e-20	1.65864e-20	1.65864e-20	1.65864e-20	1.65864e-20	1.65864e-20	1.65864e-20	1.65864e-20	1.65864e-20	1.65864e-20	1.65864e-20	1.65864e-20	1.65864e-20	1.65864e-20	1.65864e-20	1.65864e-20	1.65864e-20	1.65864e-20	1.65864e-20	1.65864e-20
26.90	1.11238e-40	2.90174e-40	5.63900e-40	9.82628e-40	1.62317e-39	2.60303e-39	4.10196e-39	6.39493e-39	9.90257e-39	1.52683e-38	2.34766e-38	3.60331e-38	5.52413e-38	8.46249e-38	1.29574e-37	1.98336e-37	3.03523e-37	4.64434e-37	7.10589e-37	1.08715e-36	1.66319e-36	2.54441e-36	3.89247e-36	5.95470e-36	9.10949e-36	1.39357e-35	2.13188e-35	3.26136e-35	4.98928e-35	7.63274e-35	1.16769e-34	1.78639e-34	2.73295e-34	4.18112e-34	6.39678e-34	9.78672e-34	1.49735e-33	2.29097e-33	3.50532e-33	5.36352e-33	8.20709e-33	1.25588e-32	1.92188e-32	2.94125e-32	4.50158e-32	6.89019e-32	1.05472e-31	1.61468e-31	2.47222e-31	3.78570e-31	5.79793e-31	8.88134e-31	1.36074e-30	2.08533e-30	3.19666e-30	4.90180e-30	7.51930e-30	1.15394e-29	1.77177e-29	2.72194e-29	4.18445e-29	6.43772e-29	9.91322e-29	1.52808e-28	2.35833e-28	3.64478e-28	5.64223e-28	8.75109e-28	1.36034e-27	2.12022e-27	3.31486e-27	5.20172e-27	8.19840e-27	1.29892e-26	2.07095e-26	3.32714e-26	5.39550e-26	8.85165e-26	1.47350e-25	2.49918e-25	4.34447e-25	7.80953e-25	1.47260e-24	2.98795e-24	6.87698e-24	2.07423e-23	1.82525e-22	8.51647e-22	9.06755e-22	9.28358e-22	9.41957e-22	9.52405e-22	9.61373e-22	9.69633e-22	9.77615e-22	9.85604e-22	9.93812e-22	1.00242e-21	1.01159e-21	1.02148e-21	1.03226e-21	1.04412e-21	1.05726e-21	1.07189e-21	1.08826e-21	1.10667e-21	1.12744e-21	1.15093e-21	1.17758e-21	1.20787e-21	1.24237e-21	1.28172e-21	1.32667e-21	1.37807e-21	1.43692e-21	1.50434e-21	1.58166e-21	1.67036e-21	1.77220e-21	1.88916e-21	2.02357e-21	2.17806e-21	2.35571e-21	2.56004e-21	2.79511e-21	3.06559e-21	3.37689e-21	3.73522e-21	4.14773e-21	4.62267e-21	5.16956e-21	5.79933e-21	6.52462e-21	7.35995e-21	8.32208e-21	9.43032e-21	1.07069e-20	1.21775e-20	1.38715e-20	1.52177e-20	1.52492e-20	1.52492e-20	1.52492e-20	1.52492e-20	1.52492e-20	1.52492e-20	1.52492e-20	1.52492e-20	1.52492e-20	1.52492e-20	1.52492e-20	1.52492e-20	1.52492e-20	1.52492e-20	1.52492e-20	1.52492e-20	1.52492e-20	1.52492e-20	1.52492e-20	1.52492e-20	1.52492e-20	1.52492e-20	1.52492e-20	1.52492e-20	1.52492e-20	1.52492e-20	1.52492e-20	1.52492e-20	1.52492e-20	1.52492e-20	1.52492e-20	1.52492e-20	1.52492e-20	1.52492e-20	1.52492e-20	1.52492e-20	1.52492e-20	1.52492e-20	1.52492e-20	1.52492e-20	1.52492e-20	1.52492e-20	1.52492e-20	1.52492e-20	1.52492e-20	1.52492e-20
26.93	9.50858e-41	2.48041e-40	4.82021e-40	8.39949e-40	1.38748e-39	2.22507e-39	3.50635e-39	5.46638e-39	8.46470e-39	1.30514e-38	2.00678e-38	3.08010e-38	4.72201e-38	7.23372e-38	1.10760e-37	1.69537e-37	2.59451e-37	3.96998e-37	6.07410e-37	9.29291e-37	1.42169e-36	2.17495e-36	3.32727e-36	5.09007e-36	7.78678e-36	1.19122e-35	1.82233e-35	2.78781e-35	4.26483e-35	6.52445e-35	9.98136e-35	1.52700e-34	2.33612e-34	3.57402e-34	5.46795e-34	8.36568e-34	1.27993e-33	1.95832e-33	2.99634e-33	4.58473e-33	7.01541e-33	1.07352e-32	1.64282e-32	2.51417e-32	3.84794e-32	5.88973e-32	9.01572e-32	1.38022e-31	2.11325e-31	3.23601e-31	4.95606e-31	7.59175e-31	1.16316e-30	1.78254e-30	2.73250e-30	4.19005e-30	6.42748e-30	9.86389e-30	1.51450e-29	2.32671e-29	3.57686e-29	5.50296e-29	8.47380e-29	1.30620e-28	2.01590e-28	3.11555e-28	4.82297e-28	7.48041e-28	1.16282e-27	1.81236e-27	2.83353e-27	4.44642e-27	7.00798e-27	1.11032e-26	1.77024e-26	2.84403e-26	4.61206e-26	7.56637e-26	1.25954e-25	2.13630e-25	3.71364e-25	6.67558e-25	1.25878e-24	2.55410e-24	5.87843e-24	1.77305e-23	1.56022e-22	7.27986e-22	7.75093e-22	7.93559e-22	8.05183e-22	8.14114e-22	8.21780e-22	8.28840e-22	8.35664e-22	8.42493e-22	8.49509e-22	8.56865e-22	8.64702e-22	8.73158e-22	8.82378e-22	8.92516e-22	9.03742e-22	9.16247e-22	9.30246e-22	9.45981e-22	9.63730e-22	9.83812e-22	1.00659e-21	1.03248e-21	1.06197e-21	1.09561e-21	1.13404e-21	1.17798e-21	1.22828e-21	1.28591e-21	1.35200e-21	1.42782e-21	1.51487e-21	1.61485e-21	1.72974e-21	1.86181e-21	2.01366e-21	2.18832e-21	2.38925e-21	2.62046e-21	2.88656e-21	3.19286e-21	3.54547e-21	3.95145e-21	4.41893e-21	4.95726e-21	5.57723e-21	6.29127e-21	7.11370e-21	8.06102e-21	9.15224e-21	1.04093e-20	1.18574e-20	1.35253e-20	1.40235e-20	1.40253e-20	1.40253e-20	1.40253e-20	1.40253e-20	1.40253e-20	1.40253e-20	1.40253e-20	1.40253e-20	1.40253e-20	1.40253e-20	1.40253e-20	1.40253e-20	1.40253e-20	1.40253e-20	1.40253e-20	1.40253e-20	1.40253e-20	1.40253e-20	1.40253e-20	1.40253e-20	1.40253e-20	1.40253e-20	1.40253e-20	1.40253e-20	1.40253e-20	1.40253e-20	1.40253e-20	1.40253e-20	1.40253e-20	1.40253e-20	1.40253e-20	1.40253e-20	1.40253e-20	1.40253e-20	1.40253e-20	1.40253e-20	1.40253e-20	1.40253e-20	1.40253e-20	1.40253e-20	1.40253e-20	1.40253e-20	1.40253e-20	1.40253e-20	1.40253e-20
26.97	8.12792e-41	2.12025e-40	4.12031e-40	7.17987e-40	1.18602e-39	1.90198e-39	2.99722e-39	4.67265e-39	7.23562e-39	1.11563e-38	1.71539e-38	2.63287e-38	4.03637e-38	6.18337e-38	9.46774e-38	1.44920e-37	2.21778e-37	3.39353e-37	5.19214e-37	7.94357e-37	1.21526e-36	1.85915e-36	2.84415e-36	4.35098e-36	6.65612e-36	1.01825e-35	1.55772e-35	2.38301e-35	3.64557e-35	5.57709e-35	8.53205e-35	1.30528e-34	1.99691e-34	3.05506e-34	4.67400e-34	7.15097e-34	1.09408e-33	1.67397e-33	2.56127e-33	3.91902e-33	5.99676e-33	9.17645e-33	1.40428e-32	2.14911e-32	3.28921e-32	5.03453e-32	7.70662e-32	1.17981e-31	1.80640e-31	2.76613e-31	4.23643e-31	6.48942e-31	9.94264e-31	1.52371e-30	2.33573e-30	3.58165e-30	5.49420e-30	8.43163e-30	1.29460e-29	1.98887e-29	3.05749e-29	4.70392e-29	7.24339e-29	1.11654e-28	1.72318e-28	2.66317e-28	4.12266e-28	6.39425e-28	9.93976e-28	1.54920e-27	2.42210e-27	3.80079e-27	5.99041e-27	9.49096e-27	1.51320e-26	2.43107e-26	3.94238e-26	6.46773e-26	1.07665e-25	1.82610e-25	3.17442e-25	5.70627e-25	1.07600e-24	2.18324e-24	5.02487e-24	1.51560e-23	1.33367e-22	6.22282e-22	6.62548e-22	6.78333e-22	6.88269e-22	6.95904e-22	7.02457e-22	7.08491e-22	7.14324e-22	7.20161e-22	7.26159e-22	7.32447e-22	7.39146e-22	7.46374e-22	7.54255e-22	7.62921e-22	7.72517e-22	7.83207e-22	7.95172e-22	8.08623e-22	8.23795e-22	8.40961e-22	8.60432e-22	8.82566e-22	9.07774e-22	9.36527e-22	9.69371e-22	1.00693e-21	1.04993e-21	1.09920e-21	1.15568e-21	1.22050e-21	1.29491e-21	1.38037e-21	1.47858e-21	1.59147e-21	1.72127e-21	1.87057e-21	2.04233e-21	2.23997e-21	2.46743e-21	2.72925e-21	3.03066e-21	3.37770e-21	3.77729e-21	4.23746e-21	4.76741e-21	5.37777e-21	6.08078e-21	6.89055e-21	7.82332e-21	8.89783e-21	1.01356e-20	1.15616e-20	1.28536e-20	1.29042e-20	1.29043e-20	1.29043e-20	1.29043e-20	1.29043e-20	1.29043e-20	1.29043e-20	1.29043e-20	1.29043e-20	1.29043e-20	1.29043e-20	1.29043e-20	1.29043e-20	1.29043e-20	1.29043e-20	1.29043e-20	1.29043e-20	1.29043e-20	1.29043e-20	1.29043e-20	1.29043e-20	1.29043e-20	1.29043e-20	1.29043e-20	1.29043e-20	1.29043e-20	1.29043e-20	1.29043e-20	1.29043e-20	1.29043e-20	1.29043e-20	1.29043e-20	1.29043e-20	1.29043e-20	1.29043e-20	1.29043e-20	1.29043e-20	1.29043e-20	1.29043e-20	1.29043e-20	1.29043e-20	1.29043e-20	1.29043e-20	1.29043e-20	1.29043e-20
27.00	6.94773e-41	1.81238e-40	3.52203e-40	6.13734e-40	1.01381e-39	1.62581e-39	2.56202e-39	3.99418e-39	6.18499e-39	9.53637e-39	1.46631e-38	2.25057e-38	3.45028e-38	5.28554e-38	8.09301e-38	1.23877e-37	1.89576e-37	2.90078e-37	4.43823e-37	6.79015e-37	1.03880e-36	1.58920e-36	2.43117e-36	3.71921e-36	5.68964e-36	8.70400e-36	1.33154e-35	2.03700e-35	3.11623e-35	4.76729e-35	7.29318e-35	1.11575e-34	1.70696e-34	2.61146e-34	3.99533e-34	6.11264e-34	9.35221e-34	1.43090e-33	2.18937e-33	3.34997e-33	5.12602e-33	7.84401e-33	1.20038e-32	1.83706e-32	2.81162e-32	4.30351e-32	6.58761e-32	1.00850e-31	1.54411e-31	2.36449e-31	3.62130e-31	5.54715e-31	8.49896e-31	1.30246e-30	1.99658e-30	3.06159e-30	4.69643e-30	7.20735e-30	1.10662e-29	1.70008e-29	2.61354e-29	4.02090e-29	6.19164e-29	9.54418e-29	1.47298e-28	2.27647e-28	3.52405e-28	5.46579e-28	8.49649e-28	1.32426e-27	2.07041e-27	3.24891e-27	5.12059e-27	8.11286e-27	1.29348e-26	2.07808e-26	3.36994e-26	5.52860e-26	9.20323e-26	1.56095e-25	2.71349e-25	4.87771e-25	9.19764e-25	1.86623e-24	4.29525e-24	1.29553e-23	1.14002e-22	5.31925e-22	5.66345e-22	5.79838e-22	5.88331e-22	5.94857e-22	6.00459e-22	6.05617e-22	6.10603e-22	6.15593e-22	6.20720e-22	6.26095e-22	6.31821e-22	6.38000e-22	6.44736e-22	6.52144e-22	6.60347e-22	6.69484e-22	6.79712e-22	6.91210e-22	7.04179e-22	7.18852e-22	7.35496e-22	7.54416e-22	7.75963e-22	8.00542e-22	8.28617e-22	8.60724e-22	8.97478e-22	9.39591e-22	9.87878e-22	1.04328e-21	1.10689e-21	1.17994e-21	1.26389e-21	1.36038e-21	1.47134e-21	1.59896e-21	1.74578e-21	1.91472e-21	2.10915e-21	2.33296e-21	2.59061e-21	2.88725e-21	3.22883e-21	3.62217e-21	4.07517e-21	4.59691e-21	5.19784e-21	5.89003e-21	6.68737e-21	7.60585e-21	8.66393e-21	9.88286e-21	1.12871e-20	1.18739e-20	1.18769e-20	1.18769e-20	1.18769e-20	1.18769e-20	1.18769e-20	1.18769e-20	1.18769e-20	1.18769e-20	1.18769e-20	1.18769e-20	1.18769e-20	1.18769e-20	1.18769e-20	1.18769e-20	1.18769e-20	1.18769e-20	1.18769e-20	1.18769e-20	1.18769e-20	1.18769e-20	1.18769e-20	1.18769e-20	1.18769e-20	1.18769e-20	1.18769e-20	1.18769e-20	1.18769e-20	1.18769e-20	1.18769e-20	1.18769e-20	1.18769e-20	1.18769e-20	1.18769e-20	1.18769e-20	1.18769e-20	1.18769e-20	1.18769e-20	1.18769e-20	1.18769e-20	1.18769e-20	1.18769e-20	1.18769e-20	1.18769e-20	1.18769e-20
