# NeutrinoAntineutrinoInteraction/NeutrinoAntineutrinoResonanceTau cumulative differential rate
# photon field: massive Cosmic Neutrino Background, T_CnuB = 1.94535456 K
# Produced with crpropa-data version: 60a1560e37035039ec25f414e0c42a2444bad49c
# log10(E/eV), d(1/lambda)/ds_kin [1/Mpc/eV^2] for log10(s_kin/eV^2) as given in first row
0.00	1.91385e+01	1.92000e+01	1.92615e+01	1.93231e+01	1.93846e+01	1.94462e+01	1.95077e+01	1.95692e+01	1.96308e+01	1.96923e+01	1.97538e+01	1.98154e+01	1.98769e+01	1.99385e+01	2.00000e+01	2.00615e+01	2.01231e+01	2.01846e+01	2.02462e+01	2.03077e+01	2.03692e+01	2.04308e+01	2.04923e+01	2.05538e+01	2.06154e+01	2.06769e+01	2.07385e+01	2.08000e+01	2.08615e+01	2.09231e+01	2.09846e+01	2.10462e+01	2.11077e+01	2.11692e+01	2.12308e+01	2.12923e+01	2.13538e+01	2.14154e+01	2.14769e+01	2.15385e+01	2.16000e+01	2.16615e+01	2.17231e+01	2.17846e+01	2.18462e+01	2.19077e+01	2.19692e+01	2.20308e+01	2.20923e+01	2.21538e+01	2.22154e+01	2.22769e+01	2.23385e+01	2.24000e+01	2.24615e+01	2.25231e+01	2.25846e+01	2.26462e+01	2.27077e+01	2.27692e+01	2.28308e+01	2.28923e+01	2.29538e+01	2.30154e+01	2.30769e+01	2.31385e+01	2.32000e+01	2.32615e+01	2.33231e+01	2.33846e+01	2.34462e+01	2.35077e+01	2.35692e+01	2.36308e+01	2.36923e+01	2.37538e+01	2.38154e+01	2.38769e+01	2.39385e+01	2.40000e+01	2.40615e+01	2.41231e+01	2.41846e+01	2.42462e+01	2.43077e+01	2.43692e+01	2.44308e+01	2.44923e+01	2.45538e+01	2.46154e+01	2.46769e+01	2.47385e+01	2.48000e+01	2.48615e+01	2.49231e+01	2.49846e+01	2.50462e+01	2.51077e+01	2.51692e+01	2.52308e+01	2.52923e+01	2.53538e+01	2.54154e+01	2.54769e+01	2.55385e+01	2.56000e+01	2.56615e+01	2.57231e+01	2.57846e+01	2.58462e+01	2.59077e+01	2.59692e+01	2.60308e+01	2.60923e+01	2.61538e+01	2.62154e+01	2.62769e+01	2.63385e+01	2.64000e+01	2.64615e+01	2.65231e+01	2.65846e+01	2.66462e+01	2.67077e+01	2.67692e+01	2.68308e+01	2.68923e+01	2.69538e+01	2.70154e+01	2.70769e+01	2.71385e+01	2.72000e+01	2.72615e+01	2.73231e+01	2.73846e+01	2.74462e+01	2.75077e+01	2.75692e+01	2.76308e+01	2.76923e+01	2.77538e+01	2.78154e+01	2.78769e+01	2.79385e+01	2.80000e+01
17.53	0.00000e+00	0.00000e+00	0.00000e+00	0.00000e+00	0.00000e+00	0.00000e+00	0.00000e+00	0.00000e+00	0.00000e+00	0.00000e+00	0.00000e+00	0.00000e+00	0.00000e+00	0.00000e+00	0.00000e+00	0.00000e+00	0.00000e+00	0.00000e+00	0.00000e+00	0.00000e+00	0.00000e+00	0.00000e+00	0.00000e+00	0.00000e+00	0.00000e+00	0.00000e+00	0.00000e+00	0.00000e+00	0.00000e+00	0.00000e+00	0.00000e+00	0.00000e+00	0.00000e+00	0.00000e+00	0.00000e+00	0.00000e+00	0.00000e+00	0.00000e+00	0.00000e+00	0.00000e+00	0.00000e+00	0.00000e+00	0.00000e+00	0.00000e+00	0.00000e+00	0.00000e+00	0.00000e+00	0.00000e+00	0.00000e+00	0.00000e+00	0.00000e+00	0.00000e+00	0.00000e+00	0.00000e+00	0.00000e+00	0.00000e+00	0.00000e+00	0.00000e+00	0.00000e+00	0.00000e+00	0.00000e+00	0.00000e+00	0.00000e+00	0.00000e+00	0.00000e+00	0.00000e+00	0.00000e+00	0.00000e+00	0.00000e+00	0.00000e+00	0.00000e+00	0.00000e+00	0.00000e+00	0.00000e+00	0.00000e+00	0.00000e+00	0.00000e+00	0.00000e+00	0.00000e+00	0.00000e+00	0.00000e+00	0.00000e+00	0.00000e+00	0.00000e+00	0.00000e+00	0.00000e+00	0.00000e+00	0.00000e+00	0.00000e+00	0.00000e+00	0.00000e+00	0.00000e+00	0.00000e+00	0.00000e+00	0.00000e+00	0.00000e+00	0.00000e+00	0.00000e+00	0.00000e+00	0.00000e+00	0.00000e+00	0.00000e+00	0.00000e+00	0.00000e+00	0.00000e+00	0.00000e+00	0.00000e+00	0.00000e+00	0.00000e+00	0.00000e+00	0.00000e+00	0.00000e+00	0.00000e+00	0.00000e+00	0.00000e+00	0.00000e+00	0.00000e+00	0.00000e+00	0.00000e+00	0.00000e+00	0.00000e+00	0.00000e+00	0.00000e+00	0.00000e+00	0.00000e+00	0.00000e+00	0.00000e+00	0.00000e+00	0.00000e+00	0.00000e+00	0.00000e+00	0.00000e+00	0.00000e+00	0.00000e+00	0.00000e+00	0.00000e+00	0.00000e+00	0.00000e+00	0.00000e+00	0.00000e+00	0.00000e+00	0.00000e+00	0.00000e+00	0.00000e+00	0.00000e+00
17.56	0.00000e+00	0.00000e+00	0.00000e+00	0.00000e+00	0.00000e+00	0.00000e+00	0.00000e+00	0.00000e+00	0.00000e+00	0.00000e+00	0.00000e+00	0.00000e+00	0.00000e+00	0.00000e+00	0.00000e+00	0.00000e+00	0.00000e+00	0.00000e+00	0.00000e+00	0.00000e+00	0.00000e+00	0.00000e+00	0.00000e+00	0.00000e+00	0.00000e+00	0.00000e+00	0.00000e+00	0.00000e+00	0.00000e+00	0.00000e+00	0.00000e+00	0.00000e+00	0.00000e+00	0.00000e+00	0.00000e+00	0.00000e+00	0.00000e+00	0.00000e+00	0.00000e+00	0.00000e+00	0.00000e+00	0.00000e+00	0.00000e+00	0.00000e+00	0.00000e+00	0.00000e+00	0.00000e+00	0.00000e+00	0.00000e+00	0.00000e+00	0.00000e+00	0.00000e+00	0.00000e+00	0.00000e+00	0.00000e+00	0.00000e+00	0.00000e+00	0.00000e+00	0.00000e+00	0.00000e+00	0.00000e+00	0.00000e+00	0.00000e+00	0.00000e+00	0.00000e+00	0.00000e+00	0.00000e+00	0.00000e+00	0.00000e+00	0.00000e+00	0.00000e+00	0.00000e+00	0.00000e+00	0.00000e+00	0.00000e+00	0.00000e+00	0.00000e+00	0.00000e+00	0.00000e+00	0.00000e+00	0.00000e+00	0.00000e+00	0.00000e+00	0.00000e+00	0.00000e+00	0.00000e+00	0.00000e+00	0.00000e+00	0.00000e+00	0.00000e+00	0.00000e+00	0.00000e+00	0.00000e+00	0.00000e+00	0.00000e+00	0.00000e+00	0.00000e+00	0.00000e+00	0.00000e+00	0.00000e+00	0.00000e+00	0.00000e+00	0.00000e+00	0.00000e+00	0.00000e+00	0.00000e+00	0.00000e+00	0.00000e+00	0.00000e+00	0.00000e+00	0.00000e+00	0.00000e+00	0.00000e+00	0.00000e+00	0.00000e+00	0.00000e+00	0.00000e+00	0.00000e+00	0.00000e+00	0.00000e+00	0.00000e+00	0.00000e+00	0.00000e+00	0.00000e+00	0.00000e+00	0.00000e+00	0.00000e+00	0.00000e+00	0.00000e+00	0.00000e+00	0.00000e+00	0.00000e+00	0.00000e+00	0.00000e+00	0.00000e+00	0.00000e+00	0.00000e+00	0.00000e+00	0.00000e+00	0.00000e+00	0.00000e+00	0.00000e+00	0.00000e+00	0.00000e+00	0.00000e+00
17.60	0.00000e+00	0.00000e+00	0.00000e+00	0.00000e+00	0.00000e+00	0.00000e+00	0.00000e+00	0.00000e+00	0.00000e+00	0.00000e+00	0.00000e+00	0.00000e+00	0.00000e+00	0.00000e+00	0.00000e+00	0.00000e+00	0.00000e+00	0.00000e+00	0.00000e+00	0.00000e+00	0.00000e+00	0.00000e+00	0.00000e+00	0.00000e+00	0.00000e+00	0.00000e+00	0.00000e+00	0.00000e+00	0.00000e+00	0.00000e+00	0.00000e+00	0.00000e+00	0.00000e+00	0.00000e+00	0.00000e+00	0.00000e+00	0.00000e+00	0.00000e+00	0.00000e+00	0.00000e+00	0.00000e+00	0.00000e+00	0.00000e+00	0.00000e+00	0.00000e+00	0.00000e+00	0.00000e+00	0.00000e+00	0.00000e+00	0.00000e+00	0.00000e+00	0.00000e+00	0.00000e+00	0.00000e+00	0.00000e+00	0.00000e+00	0.00000e+00	0.00000e+00	0.00000e+00	0.00000e+00	0.00000e+00	0.00000e+00	0.00000e+00	0.00000e+00	0.00000e+00	0.00000e+00	0.00000e+00	0.00000e+00	0.00000e+00	0.00000e+00	0.00000e+00	0.00000e+00	0.00000e+00	0.00000e+00	0.00000e+00	0.00000e+00	0.00000e+00	0.00000e+00	0.00000e+00	0.00000e+00	0.00000e+00	0.00000e+00	0.00000e+00	0.00000e+00	0.00000e+00	0.00000e+00	0.00000e+00	0.00000e+00	0.00000e+00	0.00000e+00	0.00000e+00	0.00000e+00	0.00000e+00	0.00000e+00	0.00000e+00	0.00000e+00	0.00000e+00	0.00000e+00	0.00000e+00	0.00000e+00	0.00000e+00	0.00000e+00	0.00000e+00	0.00000e+00	0.00000e+00	0.00000e+00	0.00000e+00	0.00000e+00	0.00000e+00	0.00000e+00	0.00000e+00	0.00000e+00	0.00000e+00	0.00000e+00	0.00000e+00	0.00000e+00	0.00000e+00	0.00000e+00	0.00000e+00	0.00000e+00	0.00000e+00	0.00000e+00	0.00000e+00	0.00000e+00	0.00000e+00	0.00000e+00	0.00000e+00	0.00000e+00	0.00000e+00	0.00000e+00	0.00000e+00	0.00000e+00	0.00000e+00	0.00000e+00	0.00000e+00	0.00000e+00	0.00000e+00	0.00000e+00	0.00000e+00	0.00000e+00	0.00000e+00	0.00000e+00	0.00000e+00	0.00000e+00	0.00000e+00
17.63	0.00000e+00	0.00000e+00	0.00000e+00	0.00000e+00	0.00000e+00	0.00000e+00	0.00000e+00	0.00000e+00	0.00000e+00	0.00000e+00	0.00000e+00	0.00000e+00	0.00000e+00	0.00000e+00	0.00000e+00	0.00000e+00	0.00000e+00	0.00000e+00	0.00000e+00	0.00000e+00	0.00000e+00	0.00000e+00	0.00000e+00	0.00000e+00	0.00000e+00	0.00000e+00	0.00000e+00	0.00000e+00	0.00000e+00	0.00000e+00	0.00000e+00	0.00000e+00	0.00000e+00	0.00000e+00	0.00000e+00	0.00000e+00	0.00000e+00	0.00000e+00	0.00000e+00	0.00000e+00	0.00000e+00	0.00000e+00	0.00000e+00	0.00000e+00	0.00000e+00	0.00000e+00	0.00000e+00	0.00000e+00	0.00000e+00	0.00000e+00	0.00000e+00	0.00000e+00	0.00000e+00	0.00000e+00	0.00000e+00	0.00000e+00	0.00000e+00	0.00000e+00	0.00000e+00	0.00000e+00	0.00000e+00	0.00000e+00	0.00000e+00	0.00000e+00	0.00000e+00	0.00000e+00	0.00000e+00	0.00000e+00	0.00000e+00	0.00000e+00	0.00000e+00	0.00000e+00	0.00000e+00	0.00000e+00	0.00000e+00	0.00000e+00	0.00000e+00	0.00000e+00	0.00000e+00	0.00000e+00	0.00000e+00	0.00000e+00	0.00000e+00	0.00000e+00	0.00000e+00	0.00000e+00	0.00000e+00	0.00000e+00	0.00000e+00	0.00000e+00	0.00000e+00	0.00000e+00	0.00000e+00	0.00000e+00	0.00000e+00	0.00000e+00	0.00000e+00	0.00000e+00	0.00000e+00	0.00000e+00	0.00000e+00	0.00000e+00	0.00000e+00	0.00000e+00	0.00000e+00	0.00000e+00	0.00000e+00	0.00000e+00	0.00000e+00	0.00000e+00	0.00000e+00	0.00000e+00	0.00000e+00	0.00000e+00	0.00000e+00	0.00000e+00	0.00000e+00	0.00000e+00	0.00000e+00	0.00000e+00	0.00000e+00	0.00000e+00	0.00000e+00	0.00000e+00	0.00000e+00	0.00000e+00	0.00000e+00	0.00000e+00	0.00000e+00	0.00000e+00	0.00000e+00	0.00000e+00	0.00000e+00	0.00000e+00	0.00000e+00	0.00000e+00	0.00000e+00	0.00000e+00	0.00000e+00	0.00000e+00	0.00000e+00	0.00000e+00	0.00000e+00	0.00000e+00	0.00000e+00
17.67	0.00000e+00	0.00000e+00	0.00000e+00	0.00000e+00	0.00000e+00	0.00000e+00	0.00000e+00	0.00000e+00	0.00000e+00	0.00000e+00	0.00000e+00	0.00000e+00	0.00000e+00	0.00000e+00	0.00000e+00	0.00000e+00	0.00000e+00	0.00000e+00	0.00000e+00	0.00000e+00	0.00000e+00	0.00000e+00	0.00000e+00	0.00000e+00	0.00000e+00	0.00000e+00	0.00000e+00	0.00000e+00	0.00000e+00	0.00000e+00	0.00000e+00	0.00000e+00	0.00000e+00	0.00000e+00	0.00000e+00	0.00000e+00	0.00000e+00	0.00000e+00	0.00000e+00	0.00000e+00	0.00000e+00	0.00000e+00	0.00000e+00	0.00000e+00	0.00000e+00	0.00000e+00	0.00000e+00	0.00000e+00	0.00000e+00	0.00000e+00	0.00000e+00	0.00000e+00	0.00000e+00	0.00000e+00	0.00000e+00	0.00000e+00	0.00000e+00	0.00000e+00	0.00000e+00	0.00000e+00	0.00000e+00	0.00000e+00	0.00000e+00	0.00000e+00	0.00000e+00	0.00000e+00	0.00000e+00	0.00000e+00	0.00000e+00	0.00000e+00	0.00000e+00	0.00000e+00	0.00000e+00	0.00000e+00	0.00000e+00	0.00000e+00	0.00000e+00	0.00000e+00	0.00000e+00	0.00000e+00	0.00000e+00	0.00000e+00	0.00000e+00	0.00000e+00	0.00000e+00	0.00000e+00	0.00000e+00	0.00000e+00	0.00000e+00	0.00000e+00	0.00000e+00	0.00000e+00	0.00000e+00	0.00000e+00	0.00000e+00	0.00000e+00	0.00000e+00	0.00000e+00	0.00000e+00	0.00000e+00	0.00000e+00	0.00000e+00	0.00000e+00	0.00000e+00	0.00000e+00	0.00000e+00	0.00000e+00	0.00000e+00	0.00000e+00	0.00000e+00	0.00000e+00	0.00000e+00	0.00000e+00	0.00000e+00	0.00000e+00	0.00000e+00	0.00000e+00	0.00000e+00	0.00000e+00	0.00000e+00	0.00000e+00	0.00000e+00	0.00000e+00	0.00000e+00	0.00000e+00	0.00000e+00	0.00000e+00	0.00000e+00	0.00000e+00	0.00000e+00	0.00000e+00	0.00000e+00	0.00000e+00	0.00000e+00	0.00000e+00	0.00000e+00	0.00000e+00	0.00000e+00	0.00000e+00	0.00000e+00	0.00000e+00	0.00000e+00	0.00000e+00	0.00000e+00	0.00000e+00
17.70	0.00000e+00	0.00000e+00	0.00000e+00	0.00000e+00	0.00000e+00	0.00000e+00	0.00000e+00	0.00000e+00	0.00000e+00	0.00000e+00	0.00000e+00	0.00000e+00	0.00000e+00	0.00000e+00	0.00000e+00	0.00000e+00	0.00000e+00	0.00000e+00	0.00000e+00	0.00000e+00	0.00000e+00	0.00000e+00	0.00000e+00	0.00000e+00	0.00000e+00	0.00000e+00	0.00000e+00	0.00000e+00	0.00000e+00	0.00000e+00	0.00000e+00	0.00000e+00	0.00000e+00	0.00000e+00	0.00000e+00	0.00000e+00	0.00000e+00	0.00000e+00	0.00000e+00	0.00000e+00	0.00000e+00	0.00000e+00	0.00000e+00	0.00000e+00	0.00000e+00	0.00000e+00	0.00000e+00	0.00000e+00	0.00000e+00	0.00000e+00	0.00000e+00	0.00000e+00	0.00000e+00	0.00000e+00	0.00000e+00	0.00000e+00	0.00000e+00	0.00000e+00	0.00000e+00	0.00000e+00	0.00000e+00	0.00000e+00	0.00000e+00	0.00000e+00	0.00000e+00	0.00000e+00	0.00000e+00	0.00000e+00	0.00000e+00	0.00000e+00	0.00000e+00	0.00000e+00	0.00000e+00	0.00000e+00	0.00000e+00	0.00000e+00	0.00000e+00	0.00000e+00	0.00000e+00	0.00000e+00	0.00000e+00	0.00000e+00	0.00000e+00	0.00000e+00	0.00000e+00	0.00000e+00	0.00000e+00	0.00000e+00	0.00000e+00	0.00000e+00	0.00000e+00	0.00000e+00	0.00000e+00	0.00000e+00	0.00000e+00	0.00000e+00	0.00000e+00	0.00000e+00	0.00000e+00	0.00000e+00	0.00000e+00	0.00000e+00	0.00000e+00	0.00000e+00	0.00000e+00	0.00000e+00	0.00000e+00	0.00000e+00	0.00000e+00	0.00000e+00	0.00000e+00	0.00000e+00	0.00000e+00	0.00000e+00	0.00000e+00	0.00000e+00	0.00000e+00	0.00000e+00	0.00000e+00	0.00000e+00	0.00000e+00	0.00000e+00	0.00000e+00	0.00000e+00	0.00000e+00	0.00000e+00	0.00000e+00	0.00000e+00	0.00000e+00	0.00000e+00	0.00000e+00	0.00000e+00	0.00000e+00	0.00000e+00	0.00000e+00	0.00000e+00	0.00000e+00	0.00000e+00	0.00000e+00	0.00000e+00	0.00000e+00	0.00000e+00	0.00000e+00	0.00000e+00	0.00000e+00
17.73	0.00000e+00	0.00000e+00	0.00000e+00	0.00000e+00	0.00000e+00	0.00000e+00	0.00000e+00	0.00000e+00	0.00000e+00	0.00000e+00	0.00000e+00	0.00000e+00	0.00000e+00	0.00000e+00	0.00000e+00	0.00000e+00	0.00000e+00	0.00000e+00	0.00000e+00	0.00000e+00	0.00000e+00	0.00000e+00	0.00000e+00	0.00000e+00	0.00000e+00	0.00000e+00	0.00000e+00	0.00000e+00	0.00000e+00	0.00000e+00	0.00000e+00	0.00000e+00	0.00000e+00	0.00000e+00	0.00000e+00	0.00000e+00	0.00000e+00	0.00000e+00	0.00000e+00	0.00000e+00	0.00000e+00	0.00000e+00	0.00000e+00	0.00000e+00	0.00000e+00	0.00000e+00	0.00000e+00	0.00000e+00	0.00000e+00	0.00000e+00	0.00000e+00	0.00000e+00	0.00000e+00	0.00000e+00	0.00000e+00	0.00000e+00	0.00000e+00	0.00000e+00	0.00000e+00	0.00000e+00	0.00000e+00	0.00000e+00	0.00000e+00	0.00000e+00	0.00000e+00	0.00000e+00	0.00000e+00	0.00000e+00	0.00000e+00	0.00000e+00	0.00000e+00	0.00000e+00	0.00000e+00	0.00000e+00	0.00000e+00	0.00000e+00	0.00000e+00	0.00000e+00	0.00000e+00	0.00000e+00	0.00000e+00	0.00000e+00	0.00000e+00	0.00000e+00	0.00000e+00	0.00000e+00	0.00000e+00	0.00000e+00	0.00000e+00	0.00000e+00	0.00000e+00	0.00000e+00	0.00000e+00	0.00000e+00	0.00000e+00	0.00000e+00	0.00000e+00	0.00000e+00	0.00000e+00	0.00000e+00	0.00000e+00	0.00000e+00	0.00000e+00	0.00000e+00	0.00000e+00	0.00000e+00	0.00000e+00	0.00000e+00	0.00000e+00	0.00000e+00	0.00000e+00	0.00000e+00	0.00000e+00	0.00000e+00	0.00000e+00	0.00000e+00	0.00000e+00	0.00000e+00	0.00000e+00	0.00000e+00	0.00000e+00	0.00000e+00	0.00000e+00	0.00000e+00	0.00000e+00	0.00000e+00	0.00000e+00	0.00000e+00	0.00000e+00	0.00000e+00	0.00000e+00	0.00000e+00	0.00000e+00	0.00000e+00	0.00000e+00	0.00000e+00	0.00000e+00	0.00000e+00	0.00000e+00	0.00000e+00	0.00000e+00	0.00000e+00	0.00000e+00	0.00000e+00	0.00000e+00
17.77	0.00000e+00	0.00000e+00	0.00000e+00	0.00000e+00	0.00000e+00	0.00000e+00	0.00000e+00	0.00000e+00	0.00000e+00	0.00000e+00	0.00000e+00	0.00000e+00	0.00000e+00	0.00000e+00	0.00000e+00	0.00000e+00	0.00000e+00	0.00000e+00	0.00000e+00	0.00000e+00	0.00000e+00	0.00000e+00	0.00000e+00	0.00000e+00	0.00000e+00	0.00000e+00	0.00000e+00	0.00000e+00	0.00000e+00	0.00000e+00	0.00000e+00	0.00000e+00	0.00000e+00	0.00000e+00	0.00000e+00	0.00000e+00	0.00000e+00	0.00000e+00	0.00000e+00	0.00000e+00	0.00000e+00	0.00000e+00	0.00000e+00	0.00000e+00	0.00000e+00	0.00000e+00	0.00000e+00	0.00000e+00	0.00000e+00	0.00000e+00	0.00000e+00	0.00000e+00	0.00000e+00	0.00000e+00	0.00000e+00	0.00000e+00	0.00000e+00	0.00000e+00	0.00000e+00	0.00000e+00	0.00000e+00	0.00000e+00	0.00000e+00	0.00000e+00	0.00000e+00	0.00000e+00	0.00000e+00	0.00000e+00	0.00000e+00	0.00000e+00	0.00000e+00	0.00000e+00	0.00000e+00	0.00000e+00	0.00000e+00	0.00000e+00	0.00000e+00	0.00000e+00	0.00000e+00	0.00000e+00	0.00000e+00	0.00000e+00	0.00000e+00	0.00000e+00	0.00000e+00	0.00000e+00	0.00000e+00	0.00000e+00	0.00000e+00	0.00000e+00	0.00000e+00	0.00000e+00	0.00000e+00	0.00000e+00	0.00000e+00	0.00000e+00	0.00000e+00	0.00000e+00	0.00000e+00	0.00000e+00	0.00000e+00	0.00000e+00	0.00000e+00	0.00000e+00	0.00000e+00	0.00000e+00	0.00000e+00	0.00000e+00	0.00000e+00	0.00000e+00	0.00000e+00	0.00000e+00	0.00000e+00	0.00000e+00	0.00000e+00	0.00000e+00	0.00000e+00	0.00000e+00	0.00000e+00	0.00000e+00	0.00000e+00	0.00000e+00	0.00000e+00	0.00000e+00	0.00000e+00	0.00000e+00	0.00000e+00	0.00000e+00	0.00000e+00	0.00000e+00	0.00000e+00	0.00000e+00	0.00000e+00	0.00000e+00	0.00000e+00	0.00000e+00	0.00000e+00	0.00000e+00	0.00000e+00	0.00000e+00	0.00000e+00	0.00000e+00	0.00000e+00	0.00000e+00	0.00000e+00
17.80	0.00000e+00	0.00000e+00	0.00000e+00	0.00000e+00	0.00000e+00	0.00000e+00	0.00000e+00	0.00000e+00	0.00000e+00	0.00000e+00	0.00000e+00	0.00000e+00	0.00000e+00	0.00000e+00	0.00000e+00	0.00000e+00	0.00000e+00	0.00000e+00	0.00000e+00	0.00000e+00	0.00000e+00	0.00000e+00	0.00000e+00	0.00000e+00	0.00000e+00	0.00000e+00	0.00000e+00	0.00000e+00	0.00000e+00	0.00000e+00	0.00000e+00	0.00000e+00	0.00000e+00	0.00000e+00	0.00000e+00	0.00000e+00	0.00000e+00	0.00000e+00	0.00000e+00	0.00000e+00	0.00000e+00	0.00000e+00	0.00000e+00	0.00000e+00	0.00000e+00	0.00000e+00	0.00000e+00	0.00000e+00	0.00000e+00	0.00000e+00	0.00000e+00	0.00000e+00	0.00000e+00	0.00000e+00	0.00000e+00	0.00000e+00	0.00000e+00	0.00000e+00	0.00000e+00	0.00000e+00	0.00000e+00	0.00000e+00	0.00000e+00	0.00000e+00	0.00000e+00	0.00000e+00	0.00000e+00	0.00000e+00	0.00000e+00	0.00000e+00	0.00000e+00	0.00000e+00	0.00000e+00	0.00000e+00	0.00000e+00	0.00000e+00	0.00000e+00	0.00000e+00	0.00000e+00	0.00000e+00	0.00000e+00	0.00000e+00	0.00000e+00	0.00000e+00	0.00000e+00	0.00000e+00	0.00000e+00	0.00000e+00	0.00000e+00	0.00000e+00	0.00000e+00	0.00000e+00	0.00000e+00	0.00000e+00	0.00000e+00	0.00000e+00	0.00000e+00	0.00000e+00	0.00000e+00	0.00000e+00	0.00000e+00	0.00000e+00	0.00000e+00	0.00000e+00	0.00000e+00	0.00000e+00	0.00000e+00	0.00000e+00	0.00000e+00	0.00000e+00	0.00000e+00	0.00000e+00	0.00000e+00	0.00000e+00	0.00000e+00	0.00000e+00	0.00000e+00	0.00000e+00	0.00000e+00	0.00000e+00	0.00000e+00	0.00000e+00	0.00000e+00	0.00000e+00	0.00000e+00	0.00000e+00	0.00000e+00	0.00000e+00	0.00000e+00	0.00000e+00	0.00000e+00	0.00000e+00	0.00000e+00	0.00000e+00	0.00000e+00	0.00000e+00	0.00000e+00	0.00000e+00	0.00000e+00	0.00000e+00	0.00000e+00	0.00000e+00	0.00000e+00	0.00000e+00	0.00000e+00
17.84	0.00000e+00	0.00000e+00	0.00000e+00	0.00000e+00	0.00000e+00	0.00000e+00	0.00000e+00	0.00000e+00	0.00000e+00	0.00000e+00	0.00000e+00	0.00000e+00	0.00000e+00	0.00000e+00	0.00000e+00	0.00000e+00	0.00000e+00	0.00000e+00	0.00000e+00	0.00000e+00	0.00000e+00	0.00000e+00	0.00000e+00	0.00000e+00	0.00000e+00	0.00000e+00	0.00000e+00	0.00000e+00	0.00000e+00	0.00000e+00	0.00000e+00	0.00000e+00	0.00000e+00	0.00000e+00	0.00000e+00	0.00000e+00	0.00000e+00	0.00000e+00	0.00000e+00	0.00000e+00	0.00000e+00	0.00000e+00	0.00000e+00	0.00000e+00	0.00000e+00	0.00000e+00	0.00000e+00	0.00000e+00	0.00000e+00	0.00000e+00	0.00000e+00	0.00000e+00	0.00000e+00	0.00000e+00	0.00000e+00	0.00000e+00	0.00000e+00	0.00000e+00	0.00000e+00	0.00000e+00	0.00000e+00	0.00000e+00	0.00000e+00	0.00000e+00	0.00000e+00	0.00000e+00	0.00000e+00	0.00000e+00	0.00000e+00	0.00000e+00	0.00000e+00	0.00000e+00	0.00000e+00	0.00000e+00	0.00000e+00	0.00000e+00	0.00000e+00	0.00000e+00	0.00000e+00	0.00000e+00	0.00000e+00	0.00000e+00	0.00000e+00	0.00000e+00	0.00000e+00	0.00000e+00	0.00000e+00	0.00000e+00	0.00000e+00	0.00000e+00	0.00000e+00	0.00000e+00	0.00000e+00	0.00000e+00	0.00000e+00	0.00000e+00	0.00000e+00	0.00000e+00	0.00000e+00	0.00000e+00	0.00000e+00	0.00000e+00	0.00000e+00	0.00000e+00	0.00000e+00	0.00000e+00	0.00000e+00	0.00000e+00	0.00000e+00	0.00000e+00	0.00000e+00	0.00000e+00	0.00000e+00	0.00000e+00	0.00000e+00	0.00000e+00	0.00000e+00	0.00000e+00	0.00000e+00	0.00000e+00	0.00000e+00	0.00000e+00	0.00000e+00	0.00000e+00	0.00000e+00	0.00000e+00	0.00000e+00	0.00000e+00	0.00000e+00	0.00000e+00	0.00000e+00	0.00000e+00	0.00000e+00	0.00000e+00	0.00000e+00	0.00000e+00	0.00000e+00	0.00000e+00	0.00000e+00	0.00000e+00	0.00000e+00	0.00000e+00	0.00000e+00	0.00000e+00	0.00000e+00
17.87	0.00000e+00	0.00000e+00	0.00000e+00	0.00000e+00	0.00000e+00	0.00000e+00	0.00000e+00	0.00000e+00	0.00000e+00	0.00000e+00	0.00000e+00	0.00000e+00	0.00000e+00	0.00000e+00	0.00000e+00	0.00000e+00	0.00000e+00	0.00000e+00	0.00000e+00	0.00000e+00	0.00000e+00	0.00000e+00	0.00000e+00	0.00000e+00	0.00000e+00	0.00000e+00	0.00000e+00	0.00000e+00	0.00000e+00	0.00000e+00	0.00000e+00	0.00000e+00	0.00000e+00	0.00000e+00	0.00000e+00	0.00000e+00	0.00000e+00	0.00000e+00	0.00000e+00	0.00000e+00	0.00000e+00	0.00000e+00	0.00000e+00	0.00000e+00	0.00000e+00	0.00000e+00	0.00000e+00	0.00000e+00	0.00000e+00	0.00000e+00	0.00000e+00	0.00000e+00	0.00000e+00	0.00000e+00	0.00000e+00	0.00000e+00	0.00000e+00	0.00000e+00	0.00000e+00	0.00000e+00	0.00000e+00	0.00000e+00	0.00000e+00	0.00000e+00	0.00000e+00	0.00000e+00	0.00000e+00	0.00000e+00	0.00000e+00	0.00000e+00	0.00000e+00	0.00000e+00	0.00000e+00	0.00000e+00	0.00000e+00	0.00000e+00	0.00000e+00	0.00000e+00	0.00000e+00	0.00000e+00	0.00000e+00	0.00000e+00	0.00000e+00	0.00000e+00	0.00000e+00	0.00000e+00	0.00000e+00	0.00000e+00	0.00000e+00	0.00000e+00	0.00000e+00	0.00000e+00	0.00000e+00	0.00000e+00	0.00000e+00	0.00000e+00	0.00000e+00	0.00000e+00	0.00000e+00	0.00000e+00	0.00000e+00	0.00000e+00	0.00000e+00	0.00000e+00	0.00000e+00	0.00000e+00	0.00000e+00	0.00000e+00	0.00000e+00	0.00000e+00	0.00000e+00	0.00000e+00	0.00000e+00	0.00000e+00	0.00000e+00	0.00000e+00	0.00000e+00	0.00000e+00	0.00000e+00	0.00000e+00	0.00000e+00	0.00000e+00	0.00000e+00	0.00000e+00	0.00000e+00	0.00000e+00	0.00000e+00	0.00000e+00	0.00000e+00	0.00000e+00	0.00000e+00	0.00000e+00	0.00000e+00	0.00000e+00	0.00000e+00	0.00000e+00	0.00000e+00	0.00000e+00	0.00000e+00	0.00000e+00	0.00000e+00	0.00000e+00	0.00000e+00	0.00000e+00	0.00000e+00
17.90	0.00000e+00	0.00000e+00	0.00000e+00	0.00000e+00	0.00000e+00	0.00000e+00	0.00000e+00	0.00000e+00	0.00000e+00	0.00000e+00	0.00000e+00	0.00000e+00	0.00000e+00	0.00000e+00	0.00000e+00	0.00000e+00	0.00000e+00	0.00000e+00	0.00000e+00	0.00000e+00	0.00000e+00	0.00000e+00	0.00000e+00	0.00000e+00	0.00000e+00	0.00000e+00	0.00000e+00	0.00000e+00	0.00000e+00	0.00000e+00	0.00000e+00	0.00000e+00	0.00000e+00	0.00000e+00	0.00000e+00	0.00000e+00	0.00000e+00	0.00000e+00	0.00000e+00	0.00000e+00	0.00000e+00	0.00000e+00	0.00000e+00	0.00000e+00	0.00000e+00	0.00000e+00	0.00000e+00	0.00000e+00	0.00000e+00	0.00000e+00	0.00000e+00	0.00000e+00	0.00000e+00	0.00000e+00	0.00000e+00	0.00000e+00	0.00000e+00	0.00000e+00	0.00000e+00	0.00000e+00	0.00000e+00	0.00000e+00	0.00000e+00	0.00000e+00	0.00000e+00	0.00000e+00	0.00000e+00	0.00000e+00	0.00000e+00	0.00000e+00	0.00000e+00	0.00000e+00	0.00000e+00	0.00000e+00	0.00000e+00	0.00000e+00	0.00000e+00	0.00000e+00	0.00000e+00	0.00000e+00	0.00000e+00	0.00000e+00	0.00000e+00	0.00000e+00	0.00000e+00	0.00000e+00	0.00000e+00	0.00000e+00	0.00000e+00	0.00000e+00	0.00000e+00	0.00000e+00	0.00000e+00	0.00000e+00	0.00000e+00	0.00000e+00	0.00000e+00	0.00000e+00	0.00000e+00	0.00000e+00	0.00000e+00	0.00000e+00	0.00000e+00	0.00000e+00	0.00000e+00	0.00000e+00	0.00000e+00	0.00000e+00	0.00000e+00	0.00000e+00	0.00000e+00	0.00000e+00	0.00000e+00	0.00000e+00	0.00000e+00	0.00000e+00	0.00000e+00	0.00000e+00	0.00000e+00	0.00000e+00	0.00000e+00	0.00000e+00	0.00000e+00	0.00000e+00	0.00000e+00	0.00000e+00	0.00000e+00	0.00000e+00	0.00000e+00	0.00000e+00	0.00000e+00	0.00000e+00	0.00000e+00	0.00000e+00	0.00000e+00	0.00000e+00	0.00000e+00	0.00000e+00	0.00000e+00	0.00000e+00	0.00000e+00	0.00000e+00	0.00000e+00	0.00000e+00	0.00000e+00
17.94	0.00000e+00	0.00000e+00	0.00000e+00	0.00000e+00	0.00000e+00	0.00000e+00	0.00000e+00	0.00000e+00	0.00000e+00	0.00000e+00	0.00000e+00	0.00000e+00	0.00000e+00	0.00000e+00	0.00000e+00	0.00000e+00	0.00000e+00	0.00000e+00	0.00000e+00	0.00000e+00	0.00000e+00	0.00000e+00	0.00000e+00	0.00000e+00	0.00000e+00	0.00000e+00	0.00000e+00	0.00000e+00	0.00000e+00	0.00000e+00	0.00000e+00	0.00000e+00	0.00000e+00	0.00000e+00	0.00000e+00	0.00000e+00	0.00000e+00	0.00000e+00	0.00000e+00	0.00000e+00	0.00000e+00	0.00000e+00	0.00000e+00	0.00000e+00	0.00000e+00	0.00000e+00	0.00000e+00	0.00000e+00	0.00000e+00	0.00000e+00	0.00000e+00	0.00000e+00	0.00000e+00	0.00000e+00	0.00000e+00	0.00000e+00	0.00000e+00	0.00000e+00	0.00000e+00	0.00000e+00	0.00000e+00	0.00000e+00	0.00000e+00	0.00000e+00	0.00000e+00	0.00000e+00	0.00000e+00	0.00000e+00	0.00000e+00	0.00000e+00	0.00000e+00	0.00000e+00	0.00000e+00	0.00000e+00	0.00000e+00	0.00000e+00	0.00000e+00	0.00000e+00	0.00000e+00	0.00000e+00	0.00000e+00	0.00000e+00	0.00000e+00	0.00000e+00	0.00000e+00	0.00000e+00	0.00000e+00	0.00000e+00	0.00000e+00	0.00000e+00	0.00000e+00	0.00000e+00	0.00000e+00	0.00000e+00	0.00000e+00	0.00000e+00	0.00000e+00	0.00000e+00	0.00000e+00	0.00000e+00	0.00000e+00	0.00000e+00	0.00000e+00	0.00000e+00	0.00000e+00	0.00000e+00	0.00000e+00	0.00000e+00	0.00000e+00	0.00000e+00	0.00000e+00	0.00000e+00	0.00000e+00	0.00000e+00	0.00000e+00	0.00000e+00	0.00000e+00	0.00000e+00	0.00000e+00	0.00000e+00	0.00000e+00	0.00000e+00	0.00000e+00	0.00000e+00	0.00000e+00	0.00000e+00	0.00000e+00	0.00000e+00	0.00000e+00	0.00000e+00	0.00000e+00	0.00000e+00	0.00000e+00	0.00000e+00	0.00000e+00	0.00000e+00	0.00000e+00	0.00000e+00	0.00000e+00	0.00000e+00	0.00000e+00	0.00000e+00	0.00000e+00	0.00000e+00	0.00000e+00
17.97	0.00000e+00	0.00000e+00	0.00000e+00	0.00000e+00	0.00000e+00	0.00000e+00	0.00000e+00	0.00000e+00	0.00000e+00	0.00000e+00	0.00000e+00	0.00000e+00	0.00000e+00	0.00000e+00	0.00000e+00	0.00000e+00	0.00000e+00	0.00000e+00	0.00000e+00	0.00000e+00	0.00000e+00	0.00000e+00	0.00000e+00	0.00000e+00	0.00000e+00	0.00000e+00	0.00000e+00	0.00000e+00	0.00000e+00	0.00000e+00	0.00000e+00	0.00000e+00	0.00000e+00	0.00000e+00	0.00000e+00	0.00000e+00	0.00000e+00	0.00000e+00	0.00000e+00	0.00000e+00	0.00000e+00	0.00000e+00	0.00000e+00	0.00000e+00	0.00000e+00	0.00000e+00	0.00000e+00	0.00000e+00	0.00000e+00	0.00000e+00	0.00000e+00	0.00000e+00	0.00000e+00	0.00000e+00	0.00000e+00	0.00000e+00	0.00000e+00	0.00000e+00	0.00000e+00	0.00000e+00	0.00000e+00	0.00000e+00	0.00000e+00	0.00000e+00	0.00000e+00	0.00000e+00	0.00000e+00	0.00000e+00	0.00000e+00	0.00000e+00	0.00000e+00	0.00000e+00	0.00000e+00	0.00000e+00	0.00000e+00	0.00000e+00	0.00000e+00	0.00000e+00	0.00000e+00	0.00000e+00	0.00000e+00	0.00000e+00	0.00000e+00	0.00000e+00	0.00000e+00	0.00000e+00	0.00000e+00	0.00000e+00	0.00000e+00	0.00000e+00	0.00000e+00	0.00000e+00	0.00000e+00	0.00000e+00	0.00000e+00	0.00000e+00	0.00000e+00	0.00000e+00	0.00000e+00	0.00000e+00	0.00000e+00	0.00000e+00	0.00000e+00	0.00000e+00	0.00000e+00	0.00000e+00	0.00000e+00	0.00000e+00	0.00000e+00	0.00000e+00	0.00000e+00	0.00000e+00	0.00000e+00	0.00000e+00	0.00000e+00	0.00000e+00	0.00000e+00	0.00000e+00	0.00000e+00	0.00000e+00	0.00000e+00	0.00000e+00	0.00000e+00	0.00000e+00	0.00000e+00	0.00000e+00	0.00000e+00	0.00000e+00	0.00000e+00	0.00000e+00	0.00000e+00	0.00000e+00	0.00000e+00	0.00000e+00	0.00000e+00	0.00000e+00	0.00000e+00	0.00000e+00	0.00000e+00	0.00000e+00	0.00000e+00	0.00000e+00	0.00000e+00	0.00000e+00	0.00000e+00
18.01	0.00000e+00	0.00000e+00	0.00000e+00	0.00000e+00	0.00000e+00	0.00000e+00	0.00000e+00	0.00000e+00	0.00000e+00	0.00000e+00	0.00000e+00	0.00000e+00	0.00000e+00	0.00000e+00	0.00000e+00	0.00000e+00	0.00000e+00	0.00000e+00	0.00000e+00	0.00000e+00	0.00000e+00	0.00000e+00	0.00000e+00	0.00000e+00	0.00000e+00	0.00000e+00	0.00000e+00	0.00000e+00	0.00000e+00	0.00000e+00	0.00000e+00	0.00000e+00	0.00000e+00	0.00000e+00	0.00000e+00	0.00000e+00	0.00000e+00	0.00000e+00	0.00000e+00	0.00000e+00	0.00000e+00	0.00000e+00	0.00000e+00	0.00000e+00	0.00000e+00	0.00000e+00	0.00000e+00	0.00000e+00	0.00000e+00	0.00000e+00	0.00000e+00	0.00000e+00	0.00000e+00	0.00000e+00	0.00000e+00	0.00000e+00	0.00000e+00	0.00000e+00	0.00000e+00	0.00000e+00	0.00000e+00	0.00000e+00	0.00000e+00	0.00000e+00	0.00000e+00	0.00000e+00	0.00000e+00	0.00000e+00	0.00000e+00	0.00000e+00	0.00000e+00	0.00000e+00	0.00000e+00	0.00000e+00	0.00000e+00	0.00000e+00	0.00000e+00	0.00000e+00	0.00000e+00	0.00000e+00	0.00000e+00	0.00000e+00	0.00000e+00	0.00000e+00	0.00000e+00	0.00000e+00	0.00000e+00	0.00000e+00	0.00000e+00	0.00000e+00	0.00000e+00	0.00000e+00	0.00000e+00	0.00000e+00	0.00000e+00	0.00000e+00	0.00000e+00	0.00000e+00	0.00000e+00	0.00000e+00	0.00000e+00	0.00000e+00	0.00000e+00	0.00000e+00	0.00000e+00	0.00000e+00	0.00000e+00	0.00000e+00	0.00000e+00	0.00000e+00	0.00000e+00	0.00000e+00	0.00000e+00	0.00000e+00	0.00000e+00	0.00000e+00	0.00000e+00	0.00000e+00	0.00000e+00	0.00000e+00	0.00000e+00	0.00000e+00	0.00000e+00	0.00000e+00	0.00000e+00	0.00000e+00	0.00000e+00	0.00000e+00	0.00000e+00	0.00000e+00	0.00000e+00	0.00000e+00	0.00000e+00	0.00000e+00	0.00000e+00	0.00000e+00	0.00000e+00	0.00000e+00	0.00000e+00	0.00000e+00	0.00000e+00	0.00000e+00	0.00000e+00	0.00000e+00	0.00000e+00
18.04	0.00000e+00	0.00000e+00	0.00000e+00	0.00000e+00	0.00000e+00	0.00000e+00	0.00000e+00	0.00000e+00	0.00000e+00	0.00000e+00	0.00000e+00	0.00000e+00	0.00000e+00	0.00000e+00	0.00000e+00	0.00000e+00	0.00000e+00	0.00000e+00	0.00000e+00	0.00000e+00	0.00000e+00	0.00000e+00	0.00000e+00	0.00000e+00	0.00000e+00	0.00000e+00	0.00000e+00	0.00000e+00	0.00000e+00	0.00000e+00	0.00000e+00	0.00000e+00	0.00000e+00	0.00000e+00	0.00000e+00	0.00000e+00	0.00000e+00	0.00000e+00	0.00000e+00	0.00000e+00	0.00000e+00	0.00000e+00	0.00000e+00	0.00000e+00	0.00000e+00	0.00000e+00	0.00000e+00	0.00000e+00	0.00000e+00	0.00000e+00	0.00000e+00	0.00000e+00	0.00000e+00	0.00000e+00	0.00000e+00	0.00000e+00	0.00000e+00	0.00000e+00	0.00000e+00	0.00000e+00	0.00000e+00	0.00000e+00	0.00000e+00	0.00000e+00	0.00000e+00	0.00000e+00	0.00000e+00	0.00000e+00	0.00000e+00	0.00000e+00	0.00000e+00	0.00000e+00	0.00000e+00	0.00000e+00	0.00000e+00	0.00000e+00	0.00000e+00	0.00000e+00	0.00000e+00	0.00000e+00	0.00000e+00	0.00000e+00	0.00000e+00	0.00000e+00	0.00000e+00	0.00000e+00	0.00000e+00	0.00000e+00	0.00000e+00	0.00000e+00	0.00000e+00	0.00000e+00	0.00000e+00	0.00000e+00	0.00000e+00	0.00000e+00	0.00000e+00	0.00000e+00	0.00000e+00	0.00000e+00	0.00000e+00	0.00000e+00	0.00000e+00	0.00000e+00	0.00000e+00	0.00000e+00	0.00000e+00	0.00000e+00	0.00000e+00	0.00000e+00	0.00000e+00	0.00000e+00	0.00000e+00	0.00000e+00	0.00000e+00	0.00000e+00	0.00000e+00	0.00000e+00	0.00000e+00	0.00000e+00	0.00000e+00	0.00000e+00	0.00000e+00	0.00000e+00	0.00000e+00	0.00000e+00	0.00000e+00	0.00000e+00	0.00000e+00	0.00000e+00	0.00000e+00	0.00000e+00	0.00000e+00	0.00000e+00	0.00000e+00	0.00000e+00	0.00000e+00	0.00000e+00	0.00000e+00	0.00000e+00	0.00000e+00	0.00000e+00	0.00000e+00	0.00000e+00	0.00000e+00
18.07	0.00000e+00	0.00000e+00	0.00000e+00	0.00000e+00	0.00000e+00	0.00000e+00	0.00000e+00	0.00000e+00	0.00000e+00	0.00000e+00	0.00000e+00	0.00000e+00	0.00000e+00	0.00000e+00	0.00000e+00	0.00000e+00	0.00000e+00	0.00000e+00	0.00000e+00	0.00000e+00	0.00000e+00	0.00000e+00	0.00000e+00	0.00000e+00	0.00000e+00	0.00000e+00	0.00000e+00	0.00000e+00	0.00000e+00	0.00000e+00	0.00000e+00	0.00000e+00	0.00000e+00	0.00000e+00	0.00000e+00	0.00000e+00	0.00000e+00	0.00000e+00	0.00000e+00	0.00000e+00	0.00000e+00	0.00000e+00	0.00000e+00	0.00000e+00	0.00000e+00	0.00000e+00	0.00000e+00	0.00000e+00	0.00000e+00	0.00000e+00	0.00000e+00	0.00000e+00	0.00000e+00	0.00000e+00	0.00000e+00	0.00000e+00	0.00000e+00	0.00000e+00	0.00000e+00	0.00000e+00	0.00000e+00	0.00000e+00	0.00000e+00	0.00000e+00	0.00000e+00	0.00000e+00	0.00000e+00	0.00000e+00	0.00000e+00	0.00000e+00	0.00000e+00	0.00000e+00	0.00000e+00	0.00000e+00	0.00000e+00	0.00000e+00	0.00000e+00	0.00000e+00	0.00000e+00	0.00000e+00	0.00000e+00	0.00000e+00	0.00000e+00	0.00000e+00	0.00000e+00	0.00000e+00	0.00000e+00	0.00000e+00	0.00000e+00	0.00000e+00	0.00000e+00	0.00000e+00	0.00000e+00	0.00000e+00	0.00000e+00	0.00000e+00	0.00000e+00	0.00000e+00	0.00000e+00	0.00000e+00	0.00000e+00	0.00000e+00	0.00000e+00	0.00000e+00	0.00000e+00	0.00000e+00	0.00000e+00	0.00000e+00	0.00000e+00	0.00000e+00	0.00000e+00	0.00000e+00	0.00000e+00	0.00000e+00	0.00000e+00	0.00000e+00	0.00000e+00	0.00000e+00	0.00000e+00	0.00000e+00	0.00000e+00	0.00000e+00	0.00000e+00	0.00000e+00	0.00000e+00	0.00000e+00	0.00000e+00	0.00000e+00	0.00000e+00	0.00000e+00	0.00000e+00	0.00000e+00	0.00000e+00	0.00000e+00	0.00000e+00	0.00000e+00	0.00000e+00	0.00000e+00	0.00000e+00	0.00000e+00	0.00000e+00	0.00000e+00	0.00000e+00	0.00000e+00	0.00000e+00
18.11	0.00000e+00	0.00000e+00	0.00000e+00	0.00000e+00	0.00000e+00	0.00000e+00	0.00000e+00	0.00000e+00	0.00000e+00	0.00000e+00	0.00000e+00	0.00000e+00	0.00000e+00	0.00000e+00	0.00000e+00	0.00000e+00	0.00000e+00	0.00000e+00	0.00000e+00	0.00000e+00	0.00000e+00	0.00000e+00	0.00000e+00	0.00000e+00	0.00000e+00	0.00000e+00	0.00000e+00	0.00000e+00	0.00000e+00	0.00000e+00	0.00000e+00	0.00000e+00	0.00000e+00	0.00000e+00	0.00000e+00	0.00000e+00	0.00000e+00	0.00000e+00	0.00000e+00	0.00000e+00	0.00000e+00	0.00000e+00	0.00000e+00	0.00000e+00	0.00000e+00	0.00000e+00	0.00000e+00	0.00000e+00	0.00000e+00	0.00000e+00	0.00000e+00	0.00000e+00	0.00000e+00	0.00000e+00	0.00000e+00	0.00000e+00	0.00000e+00	0.00000e+00	0.00000e+00	0.00000e+00	0.00000e+00	0.00000e+00	0.00000e+00	0.00000e+00	0.00000e+00	0.00000e+00	0.00000e+00	0.00000e+00	0.00000e+00	0.00000e+00	0.00000e+00	0.00000e+00	0.00000e+00	0.00000e+00	0.00000e+00	0.00000e+00	0.00000e+00	0.00000e+00	0.00000e+00	0.00000e+00	0.00000e+00	0.00000e+00	0.00000e+00	0.00000e+00	0.00000e+00	0.00000e+00	0.00000e+00	0.00000e+00	0.00000e+00	0.00000e+00	0.00000e+00	0.00000e+00	0.00000e+00	0.00000e+00	0.00000e+00	0.00000e+00	0.00000e+00	0.00000e+00	0.00000e+00	0.00000e+00	0.00000e+00	0.00000e+00	0.00000e+00	0.00000e+00	0.00000e+00	0.00000e+00	0.00000e+00	0.00000e+00	0.00000e+00	0.00000e+00	0.00000e+00	0.00000e+00	0.00000e+00	0.00000e+00	0.00000e+00	0.00000e+00	0.00000e+00	0.00000e+00	0.00000e+00	0.00000e+00	0.00000e+00	0.00000e+00	0.00000e+00	0.00000e+00	0.00000e+00	0.00000e+00	0.00000e+00	0.00000e+00	0.00000e+00	0.00000e+00	0.00000e+00	0.00000e+00	0.00000e+00	0.00000e+00	0.00000e+00	0.00000e+00	0.00000e+00	0.00000e+00	0.00000e+00	0.00000e+00	0.00000e+00	0.00000e+00	0.00000e+00	0.00000e+00	0.00000e+00
18.14	0.00000e+00	0.00000e+00	0.00000e+00	0.00000e+00	0.00000e+00	0.00000e+00	0.00000e+00	0.00000e+00	0.00000e+00	0.00000e+00	0.00000e+00	0.00000e+00	0.00000e+00	0.00000e+00	0.00000e+00	0.00000e+00	0.00000e+00	0.00000e+00	0.00000e+00	0.00000e+00	0.00000e+00	0.00000e+00	0.00000e+00	0.00000e+00	0.00000e+00	0.00000e+00	0.00000e+00	0.00000e+00	0.00000e+00	0.00000e+00	0.00000e+00	0.00000e+00	0.00000e+00	0.00000e+00	0.00000e+00	0.00000e+00	0.00000e+00	0.00000e+00	0.00000e+00	0.00000e+00	0.00000e+00	0.00000e+00	0.00000e+00	0.00000e+00	0.00000e+00	0.00000e+00	0.00000e+00	0.00000e+00	0.00000e+00	0.00000e+00	0.00000e+00	0.00000e+00	0.00000e+00	0.00000e+00	0.00000e+00	0.00000e+00	0.00000e+00	0.00000e+00	0.00000e+00	0.00000e+00	0.00000e+00	0.00000e+00	0.00000e+00	0.00000e+00	0.00000e+00	0.00000e+00	0.00000e+00	0.00000e+00	0.00000e+00	0.00000e+00	0.00000e+00	0.00000e+00	0.00000e+00	0.00000e+00	0.00000e+00	0.00000e+00	0.00000e+00	0.00000e+00	0.00000e+00	0.00000e+00	0.00000e+00	0.00000e+00	0.00000e+00	0.00000e+00	0.00000e+00	0.00000e+00	0.00000e+00	0.00000e+00	0.00000e+00	0.00000e+00	0.00000e+00	0.00000e+00	0.00000e+00	0.00000e+00	0.00000e+00	0.00000e+00	0.00000e+00	0.00000e+00	0.00000e+00	0.00000e+00	0.00000e+00	0.00000e+00	0.00000e+00	0.00000e+00	0.00000e+00	0.00000e+00	0.00000e+00	0.00000e+00	0.00000e+00	0.00000e+00	0.00000e+00	0.00000e+00	0.00000e+00	0.00000e+00	0.00000e+00	0.00000e+00	0.00000e+00	0.00000e+00	0.00000e+00	0.00000e+00	0.00000e+00	0.00000e+00	0.00000e+00	0.00000e+00	0.00000e+00	0.00000e+00	0.00000e+00	0.00000e+00	0.00000e+00	0.00000e+00	0.00000e+00	0.00000e+00	0.00000e+00	0.00000e+00	0.00000e+00	0.00000e+00	0.00000e+00	0.00000e+00	0.00000e+00	0.00000e+00	0.00000e+00	0.00000e+00	0.00000e+00	0.00000e+00	0.00000e+00
18.18	0.00000e+00	0.00000e+00	0.00000e+00	0.00000e+00	0.00000e+00	0.00000e+00	0.00000e+00	0.00000e+00	0.00000e+00	0.00000e+00	0.00000e+00	0.00000e+00	0.00000e+00	0.00000e+00	0.00000e+00	0.00000e+00	0.00000e+00	0.00000e+00	0.00000e+00	0.00000e+00	0.00000e+00	0.00000e+00	0.00000e+00	0.00000e+00	0.00000e+00	0.00000e+00	0.00000e+00	0.00000e+00	0.00000e+00	0.00000e+00	0.00000e+00	0.00000e+00	0.00000e+00	0.00000e+00	0.00000e+00	0.00000e+00	0.00000e+00	0.00000e+00	0.00000e+00	0.00000e+00	0.00000e+00	0.00000e+00	0.00000e+00	0.00000e+00	0.00000e+00	0.00000e+00	0.00000e+00	0.00000e+00	0.00000e+00	0.00000e+00	0.00000e+00	0.00000e+00	0.00000e+00	0.00000e+00	0.00000e+00	0.00000e+00	0.00000e+00	0.00000e+00	0.00000e+00	0.00000e+00	0.00000e+00	0.00000e+00	0.00000e+00	0.00000e+00	0.00000e+00	0.00000e+00	0.00000e+00	0.00000e+00	0.00000e+00	0.00000e+00	0.00000e+00	0.00000e+00	0.00000e+00	0.00000e+00	0.00000e+00	0.00000e+00	0.00000e+00	0.00000e+00	0.00000e+00	0.00000e+00	0.00000e+00	0.00000e+00	0.00000e+00	0.00000e+00	0.00000e+00	0.00000e+00	0.00000e+00	0.00000e+00	0.00000e+00	0.00000e+00	0.00000e+00	0.00000e+00	0.00000e+00	0.00000e+00	0.00000e+00	0.00000e+00	0.00000e+00	0.00000e+00	0.00000e+00	0.00000e+00	0.00000e+00	0.00000e+00	0.00000e+00	0.00000e+00	0.00000e+00	0.00000e+00	0.00000e+00	0.00000e+00	0.00000e+00	0.00000e+00	0.00000e+00	0.00000e+00	0.00000e+00	0.00000e+00	0.00000e+00	0.00000e+00	0.00000e+00	0.00000e+00	0.00000e+00	0.00000e+00	0.00000e+00	0.00000e+00	0.00000e+00	0.00000e+00	0.00000e+00	0.00000e+00	0.00000e+00	0.00000e+00	0.00000e+00	0.00000e+00	0.00000e+00	0.00000e+00	0.00000e+00	0.00000e+00	0.00000e+00	0.00000e+00	0.00000e+00	0.00000e+00	0.00000e+00	0.00000e+00	0.00000e+00	0.00000e+00	0.00000e+00	0.00000e+00	0.00000e+00
18.21	0.00000e+00	0.00000e+00	0.00000e+00	0.00000e+00	0.00000e+00	0.00000e+00	0.00000e+00	0.00000e+00	0.00000e+00	0.00000e+00	0.00000e+00	0.00000e+00	0.00000e+00	0.00000e+00	0.00000e+00	0.00000e+00	0.00000e+00	0.00000e+00	0.00000e+00	0.00000e+00	0.00000e+00	0.00000e+00	0.00000e+00	0.00000e+00	0.00000e+00	0.00000e+00	0.00000e+00	0.00000e+00	0.00000e+00	0.00000e+00	0.00000e+00	0.00000e+00	0.00000e+00	0.00000e+00	0.00000e+00	0.00000e+00	0.00000e+00	0.00000e+00	0.00000e+00	0.00000e+00	0.00000e+00	0.00000e+00	0.00000e+00	0.00000e+00	0.00000e+00	0.00000e+00	0.00000e+00	0.00000e+00	0.00000e+00	0.00000e+00	0.00000e+00	0.00000e+00	0.00000e+00	0.00000e+00	0.00000e+00	0.00000e+00	0.00000e+00	0.00000e+00	0.00000e+00	0.00000e+00	0.00000e+00	0.00000e+00	0.00000e+00	0.00000e+00	0.00000e+00	0.00000e+00	0.00000e+00	0.00000e+00	0.00000e+00	0.00000e+00	0.00000e+00	0.00000e+00	0.00000e+00	0.00000e+00	0.00000e+00	0.00000e+00	0.00000e+00	0.00000e+00	0.00000e+00	0.00000e+00	0.00000e+00	0.00000e+00	0.00000e+00	0.00000e+00	0.00000e+00	0.00000e+00	0.00000e+00	0.00000e+00	0.00000e+00	0.00000e+00	0.00000e+00	0.00000e+00	0.00000e+00	0.00000e+00	0.00000e+00	0.00000e+00	0.00000e+00	0.00000e+00	0.00000e+00	0.00000e+00	0.00000e+00	0.00000e+00	0.00000e+00	0.00000e+00	0.00000e+00	0.00000e+00	0.00000e+00	0.00000e+00	0.00000e+00	0.00000e+00	0.00000e+00	0.00000e+00	0.00000e+00	0.00000e+00	0.00000e+00	0.00000e+00	0.00000e+00	0.00000e+00	0.00000e+00	0.00000e+00	0.00000e+00	0.00000e+00	0.00000e+00	0.00000e+00	0.00000e+00	0.00000e+00	0.00000e+00	0.00000e+00	0.00000e+00	0.00000e+00	0.00000e+00	0.00000e+00	0.00000e+00	0.00000e+00	0.00000e+00	0.00000e+00	0.00000e+00	0.00000e+00	0.00000e+00	0.00000e+00	0.00000e+00	0.00000e+00	0.00000e+00	0.00000e+00	0.00000e+00
18.24	0.00000e+00	0.00000e+00	0.00000e+00	0.00000e+00	0.00000e+00	0.00000e+00	0.00000e+00	0.00000e+00	0.00000e+00	0.00000e+00	0.00000e+00	0.00000e+00	0.00000e+00	0.00000e+00	0.00000e+00	0.00000e+00	0.00000e+00	0.00000e+00	0.00000e+00	0.00000e+00	0.00000e+00	0.00000e+00	0.00000e+00	0.00000e+00	0.00000e+00	0.00000e+00	0.00000e+00	0.00000e+00	0.00000e+00	0.00000e+00	0.00000e+00	0.00000e+00	0.00000e+00	0.00000e+00	0.00000e+00	0.00000e+00	0.00000e+00	0.00000e+00	0.00000e+00	0.00000e+00	0.00000e+00	0.00000e+00	0.00000e+00	0.00000e+00	0.00000e+00	0.00000e+00	0.00000e+00	0.00000e+00	0.00000e+00	0.00000e+00	0.00000e+00	0.00000e+00	0.00000e+00	0.00000e+00	0.00000e+00	0.00000e+00	0.00000e+00	0.00000e+00	0.00000e+00	0.00000e+00	0.00000e+00	0.00000e+00	0.00000e+00	0.00000e+00	0.00000e+00	0.00000e+00	0.00000e+00	0.00000e+00	0.00000e+00	0.00000e+00	0.00000e+00	0.00000e+00	0.00000e+00	0.00000e+00	0.00000e+00	0.00000e+00	0.00000e+00	0.00000e+00	0.00000e+00	0.00000e+00	0.00000e+00	0.00000e+00	0.00000e+00	0.00000e+00	0.00000e+00	0.00000e+00	0.00000e+00	0.00000e+00	0.00000e+00	0.00000e+00	0.00000e+00	0.00000e+00	0.00000e+00	0.00000e+00	0.00000e+00	0.00000e+00	0.00000e+00	0.00000e+00	0.00000e+00	0.00000e+00	0.00000e+00	0.00000e+00	0.00000e+00	0.00000e+00	0.00000e+00	0.00000e+00	0.00000e+00	0.00000e+00	0.00000e+00	0.00000e+00	0.00000e+00	0.00000e+00	0.00000e+00	0.00000e+00	0.00000e+00	0.00000e+00	0.00000e+00	0.00000e+00	0.00000e+00	0.00000e+00	0.00000e+00	0.00000e+00	0.00000e+00	0.00000e+00	0.00000e+00	0.00000e+00	0.00000e+00	0.00000e+00	0.00000e+00	0.00000e+00	0.00000e+00	0.00000e+00	0.00000e+00	0.00000e+00	0.00000e+00	0.00000e+00	0.00000e+00	0.00000e+00	0.00000e+00	0.00000e+00	0.00000e+00	0.00000e+00	0.00000e+00	0.00000e+00	0.00000e+00
18.28	0.00000e+00	0.00000e+00	0.00000e+00	0.00000e+00	0.00000e+00	0.00000e+00	0.00000e+00	0.00000e+00	0.00000e+00	0.00000e+00	0.00000e+00	0.00000e+00	0.00000e+00	0.00000e+00	0.00000e+00	0.00000e+00	0.00000e+00	0.00000e+00	0.00000e+00	0.00000e+00	0.00000e+00	0.00000e+00	0.00000e+00	0.00000e+00	0.00000e+00	0.00000e+00	0.00000e+00	0.00000e+00	0.00000e+00	0.00000e+00	0.00000e+00	0.00000e+00	0.00000e+00	0.00000e+00	0.00000e+00	0.00000e+00	0.00000e+00	0.00000e+00	0.00000e+00	0.00000e+00	0.00000e+00	0.00000e+00	0.00000e+00	0.00000e+00	0.00000e+00	0.00000e+00	0.00000e+00	0.00000e+00	0.00000e+00	0.00000e+00	0.00000e+00	0.00000e+00	0.00000e+00	0.00000e+00	0.00000e+00	0.00000e+00	0.00000e+00	0.00000e+00	0.00000e+00	0.00000e+00	0.00000e+00	0.00000e+00	0.00000e+00	0.00000e+00	0.00000e+00	0.00000e+00	0.00000e+00	0.00000e+00	0.00000e+00	0.00000e+00	0.00000e+00	0.00000e+00	0.00000e+00	0.00000e+00	0.00000e+00	0.00000e+00	0.00000e+00	0.00000e+00	0.00000e+00	0.00000e+00	0.00000e+00	0.00000e+00	0.00000e+00	0.00000e+00	0.00000e+00	0.00000e+00	0.00000e+00	0.00000e+00	0.00000e+00	0.00000e+00	0.00000e+00	0.00000e+00	0.00000e+00	0.00000e+00	0.00000e+00	0.00000e+00	0.00000e+00	0.00000e+00	0.00000e+00	0.00000e+00	0.00000e+00	0.00000e+00	0.00000e+00	0.00000e+00	0.00000e+00	0.00000e+00	0.00000e+00	0.00000e+00	0.00000e+00	0.00000e+00	0.00000e+00	0.00000e+00	0.00000e+00	0.00000e+00	0.00000e+00	0.00000e+00	0.00000e+00	0.00000e+00	0.00000e+00	0.00000e+00	0.00000e+00	0.00000e+00	0.00000e+00	0.00000e+00	0.00000e+00	0.00000e+00	0.00000e+00	0.00000e+00	0.00000e+00	0.00000e+00	0.00000e+00	0.00000e+00	0.00000e+00	0.00000e+00	0.00000e+00	0.00000e+00	0.00000e+00	0.00000e+00	0.00000e+00	0.00000e+00	0.00000e+00	0.00000e+00	0.00000e+00	0.00000e+00	0.00000e+00
18.31	0.00000e+00	0.00000e+00	0.00000e+00	0.00000e+00	0.00000e+00	0.00000e+00	0.00000e+00	0.00000e+00	0.00000e+00	0.00000e+00	0.00000e+00	0.00000e+00	0.00000e+00	0.00000e+00	0.00000e+00	0.00000e+00	0.00000e+00	0.00000e+00	0.00000e+00	0.00000e+00	0.00000e+00	0.00000e+00	0.00000e+00	0.00000e+00	0.00000e+00	0.00000e+00	0.00000e+00	0.00000e+00	0.00000e+00	0.00000e+00	0.00000e+00	0.00000e+00	0.00000e+00	0.00000e+00	0.00000e+00	0.00000e+00	0.00000e+00	0.00000e+00	0.00000e+00	0.00000e+00	0.00000e+00	0.00000e+00	0.00000e+00	0.00000e+00	0.00000e+00	0.00000e+00	0.00000e+00	0.00000e+00	0.00000e+00	0.00000e+00	0.00000e+00	0.00000e+00	0.00000e+00	0.00000e+00	0.00000e+00	0.00000e+00	0.00000e+00	0.00000e+00	0.00000e+00	0.00000e+00	0.00000e+00	0.00000e+00	0.00000e+00	0.00000e+00	0.00000e+00	0.00000e+00	0.00000e+00	0.00000e+00	0.00000e+00	0.00000e+00	0.00000e+00	0.00000e+00	0.00000e+00	0.00000e+00	0.00000e+00	0.00000e+00	0.00000e+00	0.00000e+00	0.00000e+00	0.00000e+00	0.00000e+00	0.00000e+00	0.00000e+00	0.00000e+00	0.00000e+00	0.00000e+00	0.00000e+00	0.00000e+00	0.00000e+00	0.00000e+00	0.00000e+00	0.00000e+00	0.00000e+00	0.00000e+00	0.00000e+00	0.00000e+00	0.00000e+00	0.00000e+00	0.00000e+00	0.00000e+00	0.00000e+00	0.00000e+00	0.00000e+00	0.00000e+00	0.00000e+00	0.00000e+00	0.00000e+00	0.00000e+00	0.00000e+00	0.00000e+00	0.00000e+00	0.00000e+00	0.00000e+00	0.00000e+00	0.00000e+00	0.00000e+00	0.00000e+00	0.00000e+00	0.00000e+00	0.00000e+00	0.00000e+00	0.00000e+00	0.00000e+00	0.00000e+00	0.00000e+00	0.00000e+00	0.00000e+00	0.00000e+00	0.00000e+00	0.00000e+00	0.00000e+00	0.00000e+00	0.00000e+00	0.00000e+00	0.00000e+00	0.00000e+00	0.00000e+00	0.00000e+00	0.00000e+00	0.00000e+00	0.00000e+00	0.00000e+00	0.00000e+00	0.00000e+00	0.00000e+00
18.35	0.00000e+00	0.00000e+00	0.00000e+00	0.00000e+00	0.00000e+00	0.00000e+00	0.00000e+00	0.00000e+00	0.00000e+00	0.00000e+00	0.00000e+00	0.00000e+00	0.00000e+00	0.00000e+00	0.00000e+00	0.00000e+00	0.00000e+00	0.00000e+00	0.00000e+00	0.00000e+00	0.00000e+00	0.00000e+00	0.00000e+00	0.00000e+00	0.00000e+00	0.00000e+00	0.00000e+00	0.00000e+00	0.00000e+00	0.00000e+00	0.00000e+00	0.00000e+00	0.00000e+00	0.00000e+00	0.00000e+00	0.00000e+00	0.00000e+00	0.00000e+00	0.00000e+00	0.00000e+00	0.00000e+00	0.00000e+00	0.00000e+00	0.00000e+00	0.00000e+00	0.00000e+00	0.00000e+00	0.00000e+00	0.00000e+00	0.00000e+00	0.00000e+00	0.00000e+00	0.00000e+00	0.00000e+00	0.00000e+00	0.00000e+00	0.00000e+00	0.00000e+00	0.00000e+00	0.00000e+00	0.00000e+00	0.00000e+00	0.00000e+00	0.00000e+00	0.00000e+00	0.00000e+00	0.00000e+00	0.00000e+00	0.00000e+00	0.00000e+00	0.00000e+00	0.00000e+00	0.00000e+00	0.00000e+00	0.00000e+00	0.00000e+00	0.00000e+00	0.00000e+00	0.00000e+00	0.00000e+00	0.00000e+00	0.00000e+00	0.00000e+00	0.00000e+00	0.00000e+00	0.00000e+00	0.00000e+00	0.00000e+00	0.00000e+00	0.00000e+00	0.00000e+00	0.00000e+00	0.00000e+00	0.00000e+00	0.00000e+00	0.00000e+00	0.00000e+00	0.00000e+00	0.00000e+00	0.00000e+00	0.00000e+00	0.00000e+00	0.00000e+00	0.00000e+00	0.00000e+00	0.00000e+00	0.00000e+00	0.00000e+00	0.00000e+00	0.00000e+00	0.00000e+00	0.00000e+00	0.00000e+00	0.00000e+00	0.00000e+00	0.00000e+00	0.00000e+00	0.00000e+00	0.00000e+00	0.00000e+00	0.00000e+00	0.00000e+00	0.00000e+00	0.00000e+00	0.00000e+00	0.00000e+00	0.00000e+00	0.00000e+00	0.00000e+00	0.00000e+00	0.00000e+00	0.00000e+00	0.00000e+00	0.00000e+00	0.00000e+00	0.00000e+00	0.00000e+00	0.00000e+00	0.00000e+00	0.00000e+00	0.00000e+00	0.00000e+00	0.00000e+00	0.00000e+00	0.00000e+00
18.38	0.00000e+00	0.00000e+00	0.00000e+00	0.00000e+00	0.00000e+00	0.00000e+00	0.00000e+00	0.00000e+00	0.00000e+00	0.00000e+00	0.00000e+00	0.00000e+00	0.00000e+00	0.00000e+00	0.00000e+00	0.00000e+00	0.00000e+00	0.00000e+00	0.00000e+00	0.00000e+00	0.00000e+00	0.00000e+00	0.00000e+00	0.00000e+00	0.00000e+00	0.00000e+00	0.00000e+00	0.00000e+00	0.00000e+00	0.00000e+00	0.00000e+00	0.00000e+00	0.00000e+00	0.00000e+00	0.00000e+00	0.00000e+00	0.00000e+00	0.00000e+00	0.00000e+00	0.00000e+00	0.00000e+00	0.00000e+00	0.00000e+00	0.00000e+00	0.00000e+00	0.00000e+00	0.00000e+00	0.00000e+00	0.00000e+00	0.00000e+00	0.00000e+00	0.00000e+00	0.00000e+00	0.00000e+00	0.00000e+00	0.00000e+00	0.00000e+00	0.00000e+00	0.00000e+00	0.00000e+00	0.00000e+00	0.00000e+00	0.00000e+00	0.00000e+00	0.00000e+00	0.00000e+00	0.00000e+00	0.00000e+00	0.00000e+00	0.00000e+00	0.00000e+00	0.00000e+00	0.00000e+00	0.00000e+00	0.00000e+00	0.00000e+00	0.00000e+00	0.00000e+00	0.00000e+00	0.00000e+00	0.00000e+00	0.00000e+00	0.00000e+00	0.00000e+00	0.00000e+00	0.00000e+00	0.00000e+00	0.00000e+00	0.00000e+00	0.00000e+00	0.00000e+00	0.00000e+00	0.00000e+00	0.00000e+00	0.00000e+00	0.00000e+00	0.00000e+00	0.00000e+00	0.00000e+00	0.00000e+00	0.00000e+00	0.00000e+00	0.00000e+00	0.00000e+00	0.00000e+00	0.00000e+00	0.00000e+00	0.00000e+00	0.00000e+00	0.00000e+00	0.00000e+00	0.00000e+00	0.00000e+00	0.00000e+00	0.00000e+00	0.00000e+00	0.00000e+00	0.00000e+00	0.00000e+00	0.00000e+00	0.00000e+00	0.00000e+00	0.00000e+00	0.00000e+00	0.00000e+00	0.00000e+00	0.00000e+00	0.00000e+00	0.00000e+00	0.00000e+00	0.00000e+00	0.00000e+00	0.00000e+00	0.00000e+00	0.00000e+00	0.00000e+00	0.00000e+00	0.00000e+00	0.00000e+00	0.00000e+00	0.00000e+00	0.00000e+00	0.00000e+00	0.00000e+00	0.00000e+00
18.41	0.00000e+00	0.00000e+00	0.00000e+00	0.00000e+00	0.00000e+00	0.00000e+00	0.00000e+00	0.00000e+00	0.00000e+00	0.00000e+00	0.00000e+00	0.00000e+00	0.00000e+00	0.00000e+00	0.00000e+00	0.00000e+00	0.00000e+00	0.00000e+00	0.00000e+00	0.00000e+00	0.00000e+00	0.00000e+00	0.00000e+00	0.00000e+00	0.00000e+00	0.00000e+00	0.00000e+00	0.00000e+00	0.00000e+00	0.00000e+00	0.00000e+00	0.00000e+00	0.00000e+00	0.00000e+00	0.00000e+00	0.00000e+00	0.00000e+00	0.00000e+00	0.00000e+00	0.00000e+00	0.00000e+00	0.00000e+00	0.00000e+00	0.00000e+00	0.00000e+00	0.00000e+00	0.00000e+00	0.00000e+00	0.00000e+00	0.00000e+00	0.00000e+00	0.00000e+00	0.00000e+00	0.00000e+00	0.00000e+00	0.00000e+00	0.00000e+00	0.00000e+00	0.00000e+00	0.00000e+00	0.00000e+00	0.00000e+00	0.00000e+00	0.00000e+00	0.00000e+00	0.00000e+00	0.00000e+00	0.00000e+00	0.00000e+00	0.00000e+00	0.00000e+00	0.00000e+00	0.00000e+00	0.00000e+00	0.00000e+00	0.00000e+00	0.00000e+00	0.00000e+00	0.00000e+00	0.00000e+00	0.00000e+00	0.00000e+00	0.00000e+00	0.00000e+00	0.00000e+00	0.00000e+00	0.00000e+00	0.00000e+00	0.00000e+00	0.00000e+00	0.00000e+00	0.00000e+00	0.00000e+00	0.00000e+00	0.00000e+00	0.00000e+00	0.00000e+00	0.00000e+00	0.00000e+00	0.00000e+00	0.00000e+00	0.00000e+00	0.00000e+00	0.00000e+00	0.00000e+00	0.00000e+00	0.00000e+00	0.00000e+00	0.00000e+00	0.00000e+00	0.00000e+00	0.00000e+00	0.00000e+00	0.00000e+00	0.00000e+00	0.00000e+00	0.00000e+00	0.00000e+00	0.00000e+00	0.00000e+00	0.00000e+00	0.00000e+00	0.00000e+00	0.00000e+00	0.00000e+00	0.00000e+00	0.00000e+00	0.00000e+00	0.00000e+00	0.00000e+00	0.00000e+00	0.00000e+00	0.00000e+00	0.00000e+00	0.00000e+00	0.00000e+00	0.00000e+00	0.00000e+00	0.00000e+00	0.00000e+00	0.00000e+00	0.00000e+00	0.00000e+00	0.00000e+00	0.00000e+00
18.45	0.00000e+00	0.00000e+00	0.00000e+00	0.00000e+00	0.00000e+00	0.00000e+00	0.00000e+00	0.00000e+00	0.00000e+00	0.00000e+00	0.00000e+00	0.00000e+00	0.00000e+00	0.00000e+00	0.00000e+00	0.00000e+00	0.00000e+00	0.00000e+00	0.00000e+00	0.00000e+00	0.00000e+00	0.00000e+00	0.00000e+00	0.00000e+00	0.00000e+00	0.00000e+00	0.00000e+00	0.00000e+00	0.00000e+00	0.00000e+00	0.00000e+00	0.00000e+00	0.00000e+00	0.00000e+00	0.00000e+00	0.00000e+00	0.00000e+00	0.00000e+00	0.00000e+00	0.00000e+00	0.00000e+00	0.00000e+00	0.00000e+00	0.00000e+00	0.00000e+00	0.00000e+00	0.00000e+00	0.00000e+00	0.00000e+00	0.00000e+00	0.00000e+00	0.00000e+00	0.00000e+00	0.00000e+00	0.00000e+00	0.00000e+00	0.00000e+00	0.00000e+00	0.00000e+00	0.00000e+00	0.00000e+00	0.00000e+00	0.00000e+00	0.00000e+00	0.00000e+00	0.00000e+00	0.00000e+00	0.00000e+00	0.00000e+00	0.00000e+00	0.00000e+00	0.00000e+00	0.00000e+00	0.00000e+00	0.00000e+00	0.00000e+00	0.00000e+00	0.00000e+00	0.00000e+00	0.00000e+00	0.00000e+00	0.00000e+00	0.00000e+00	0.00000e+00	0.00000e+00	0.00000e+00	0.00000e+00	0.00000e+00	0.00000e+00	0.00000e+00	0.00000e+00	0.00000e+00	0.00000e+00	0.00000e+00	0.00000e+00	0.00000e+00	0.00000e+00	0.00000e+00	0.00000e+00	0.00000e+00	0.00000e+00	0.00000e+00	0.00000e+00	0.00000e+00	0.00000e+00	0.00000e+00	0.00000e+00	0.00000e+00	0.00000e+00	0.00000e+00	0.00000e+00	0.00000e+00	0.00000e+00	0.00000e+00	0.00000e+00	0.00000e+00	0.00000e+00	0.00000e+00	0.00000e+00	0.00000e+00	0.00000e+00	0.00000e+00	0.00000e+00	0.00000e+00	0.00000e+00	0.00000e+00	0.00000e+00	0.00000e+00	0.00000e+00	0.00000e+00	0.00000e+00	0.00000e+00	0.00000e+00	0.00000e+00	0.00000e+00	0.00000e+00	0.00000e+00	0.00000e+00	0.00000e+00	0.00000e+00	0.00000e+00	0.00000e+00	0.00000e+00	0.00000e+00	0.00000e+00
18.48	0.00000e+00	0.00000e+00	0.00000e+00	0.00000e+00	0.00000e+00	0.00000e+00	0.00000e+00	0.00000e+00	0.00000e+00	0.00000e+00	0.00000e+00	0.00000e+00	0.00000e+00	0.00000e+00	0.00000e+00	0.00000e+00	0.00000e+00	0.00000e+00	0.00000e+00	0.00000e+00	0.00000e+00	0.00000e+00	0.00000e+00	0.00000e+00	0.00000e+00	0.00000e+00	0.00000e+00	0.00000e+00	0.00000e+00	0.00000e+00	0.00000e+00	0.00000e+00	0.00000e+00	0.00000e+00	0.00000e+00	0.00000e+00	0.00000e+00	0.00000e+00	0.00000e+00	0.00000e+00	0.00000e+00	0.00000e+00	0.00000e+00	0.00000e+00	0.00000e+00	0.00000e+00	0.00000e+00	0.00000e+00	0.00000e+00	0.00000e+00	0.00000e+00	0.00000e+00	0.00000e+00	0.00000e+00	0.00000e+00	0.00000e+00	0.00000e+00	0.00000e+00	0.00000e+00	0.00000e+00	0.00000e+00	0.00000e+00	0.00000e+00	0.00000e+00	0.00000e+00	0.00000e+00	0.00000e+00	0.00000e+00	0.00000e+00	0.00000e+00	0.00000e+00	0.00000e+00	0.00000e+00	0.00000e+00	0.00000e+00	0.00000e+00	0.00000e+00	0.00000e+00	0.00000e+00	0.00000e+00	0.00000e+00	0.00000e+00	0.00000e+00	0.00000e+00	0.00000e+00	0.00000e+00	0.00000e+00	0.00000e+00	0.00000e+00	0.00000e+00	0.00000e+00	0.00000e+00	0.00000e+00	0.00000e+00	0.00000e+00	0.00000e+00	0.00000e+00	0.00000e+00	0.00000e+00	0.00000e+00	0.00000e+00	0.00000e+00	0.00000e+00	0.00000e+00	0.00000e+00	0.00000e+00	0.00000e+00	0.00000e+00	0.00000e+00	0.00000e+00	0.00000e+00	0.00000e+00	0.00000e+00	0.00000e+00	0.00000e+00	0.00000e+00	0.00000e+00	0.00000e+00	0.00000e+00	0.00000e+00	0.00000e+00	0.00000e+00	0.00000e+00	0.00000e+00	0.00000e+00	0.00000e+00	0.00000e+00	0.00000e+00	0.00000e+00	0.00000e+00	0.00000e+00	0.00000e+00	0.00000e+00	0.00000e+00	0.00000e+00	0.00000e+00	0.00000e+00	0.00000e+00	0.00000e+00	0.00000e+00	0.00000e+00	0.00000e+00	0.00000e+00	0.00000e+00	0.00000e+00
18.52	0.00000e+00	0.00000e+00	0.00000e+00	0.00000e+00	0.00000e+00	0.00000e+00	0.00000e+00	0.00000e+00	0.00000e+00	0.00000e+00	0.00000e+00	0.00000e+00	0.00000e+00	0.00000e+00	0.00000e+00	0.00000e+00	0.00000e+00	0.00000e+00	0.00000e+00	0.00000e+00	0.00000e+00	0.00000e+00	0.00000e+00	0.00000e+00	0.00000e+00	0.00000e+00	0.00000e+00	0.00000e+00	0.00000e+00	0.00000e+00	0.00000e+00	0.00000e+00	0.00000e+00	0.00000e+00	0.00000e+00	0.00000e+00	0.00000e+00	0.00000e+00	0.00000e+00	0.00000e+00	0.00000e+00	0.00000e+00	0.00000e+00	0.00000e+00	0.00000e+00	0.00000e+00	0.00000e+00	0.00000e+00	0.00000e+00	0.00000e+00	0.00000e+00	0.00000e+00	0.00000e+00	0.00000e+00	0.00000e+00	0.00000e+00	0.00000e+00	0.00000e+00	0.00000e+00	0.00000e+00	0.00000e+00	0.00000e+00	0.00000e+00	0.00000e+00	0.00000e+00	0.00000e+00	0.00000e+00	0.00000e+00	0.00000e+00	0.00000e+00	0.00000e+00	0.00000e+00	0.00000e+00	0.00000e+00	0.00000e+00	0.00000e+00	0.00000e+00	0.00000e+00	0.00000e+00	0.00000e+00	0.00000e+00	0.00000e+00	0.00000e+00	0.00000e+00	0.00000e+00	0.00000e+00	0.00000e+00	0.00000e+00	0.00000e+00	0.00000e+00	0.00000e+00	0.00000e+00	0.00000e+00	0.00000e+00	0.00000e+00	0.00000e+00	0.00000e+00	0.00000e+00	0.00000e+00	0.00000e+00	0.00000e+00	0.00000e+00	0.00000e+00	0.00000e+00	0.00000e+00	0.00000e+00	0.00000e+00	0.00000e+00	0.00000e+00	0.00000e+00	0.00000e+00	0.00000e+00	0.00000e+00	0.00000e+00	0.00000e+00	0.00000e+00	0.00000e+00	0.00000e+00	0.00000e+00	0.00000e+00	0.00000e+00	0.00000e+00	0.00000e+00	0.00000e+00	0.00000e+00	0.00000e+00	0.00000e+00	0.00000e+00	0.00000e+00	0.00000e+00	0.00000e+00	0.00000e+00	0.00000e+00	0.00000e+00	0.00000e+00	0.00000e+00	0.00000e+00	0.00000e+00	0.00000e+00	0.00000e+00	0.00000e+00	0.00000e+00	0.00000e+00	0.00000e+00	0.00000e+00
18.55	0.00000e+00	0.00000e+00	0.00000e+00	0.00000e+00	0.00000e+00	0.00000e+00	0.00000e+00	0.00000e+00	0.00000e+00	0.00000e+00	0.00000e+00	0.00000e+00	0.00000e+00	0.00000e+00	0.00000e+00	0.00000e+00	0.00000e+00	0.00000e+00	0.00000e+00	0.00000e+00	0.00000e+00	0.00000e+00	0.00000e+00	0.00000e+00	0.00000e+00	0.00000e+00	0.00000e+00	0.00000e+00	0.00000e+00	0.00000e+00	0.00000e+00	0.00000e+00	0.00000e+00	0.00000e+00	0.00000e+00	0.00000e+00	0.00000e+00	0.00000e+00	0.00000e+00	0.00000e+00	0.00000e+00	0.00000e+00	0.00000e+00	0.00000e+00	0.00000e+00	0.00000e+00	0.00000e+00	0.00000e+00	0.00000e+00	0.00000e+00	0.00000e+00	0.00000e+00	0.00000e+00	0.00000e+00	0.00000e+00	0.00000e+00	0.00000e+00	0.00000e+00	0.00000e+00	0.00000e+00	0.00000e+00	0.00000e+00	0.00000e+00	0.00000e+00	0.00000e+00	0.00000e+00	0.00000e+00	0.00000e+00	0.00000e+00	0.00000e+00	0.00000e+00	0.00000e+00	0.00000e+00	0.00000e+00	0.00000e+00	0.00000e+00	0.00000e+00	0.00000e+00	0.00000e+00	0.00000e+00	0.00000e+00	0.00000e+00	0.00000e+00	0.00000e+00	0.00000e+00	0.00000e+00	0.00000e+00	0.00000e+00	0.00000e+00	0.00000e+00	0.00000e+00	0.00000e+00	0.00000e+00	0.00000e+00	0.00000e+00	0.00000e+00	0.00000e+00	0.00000e+00	0.00000e+00	0.00000e+00	0.00000e+00	0.00000e+00	0.00000e+00	0.00000e+00	0.00000e+00	0.00000e+00	0.00000e+00	0.00000e+00	0.00000e+00	0.00000e+00	0.00000e+00	0.00000e+00	0.00000e+00	0.00000e+00	0.00000e+00	0.00000e+00	0.00000e+00	0.00000e+00	0.00000e+00	0.00000e+00	0.00000e+00	0.00000e+00	0.00000e+00	0.00000e+00	0.00000e+00	0.00000e+00	0.00000e+00	0.00000e+00	0.00000e+00	0.00000e+00	0.00000e+00	0.00000e+00	0.00000e+00	0.00000e+00	0.00000e+00	0.00000e+00	0.00000e+00	0.00000e+00	0.00000e+00	0.00000e+00	0.00000e+00	0.00000e+00	0.00000e+00	0.00000e+00	0.00000e+00
18.59	0.00000e+00	0.00000e+00	0.00000e+00	0.00000e+00	0.00000e+00	0.00000e+00	0.00000e+00	0.00000e+00	0.00000e+00	0.00000e+00	0.00000e+00	0.00000e+00	0.00000e+00	0.00000e+00	0.00000e+00	0.00000e+00	0.00000e+00	0.00000e+00	0.00000e+00	0.00000e+00	0.00000e+00	0.00000e+00	0.00000e+00	0.00000e+00	0.00000e+00	0.00000e+00	0.00000e+00	0.00000e+00	0.00000e+00	0.00000e+00	0.00000e+00	0.00000e+00	0.00000e+00	0.00000e+00	0.00000e+00	0.00000e+00	0.00000e+00	0.00000e+00	0.00000e+00	0.00000e+00	0.00000e+00	0.00000e+00	0.00000e+00	0.00000e+00	0.00000e+00	0.00000e+00	0.00000e+00	0.00000e+00	0.00000e+00	0.00000e+00	0.00000e+00	0.00000e+00	0.00000e+00	0.00000e+00	0.00000e+00	0.00000e+00	0.00000e+00	0.00000e+00	0.00000e+00	0.00000e+00	0.00000e+00	0.00000e+00	0.00000e+00	0.00000e+00	0.00000e+00	0.00000e+00	0.00000e+00	0.00000e+00	0.00000e+00	0.00000e+00	0.00000e+00	0.00000e+00	0.00000e+00	0.00000e+00	0.00000e+00	0.00000e+00	0.00000e+00	0.00000e+00	0.00000e+00	0.00000e+00	0.00000e+00	0.00000e+00	0.00000e+00	0.00000e+00	0.00000e+00	0.00000e+00	0.00000e+00	0.00000e+00	0.00000e+00	0.00000e+00	0.00000e+00	0.00000e+00	0.00000e+00	0.00000e+00	0.00000e+00	0.00000e+00	0.00000e+00	0.00000e+00	0.00000e+00	0.00000e+00	0.00000e+00	0.00000e+00	0.00000e+00	0.00000e+00	0.00000e+00	0.00000e+00	0.00000e+00	0.00000e+00	0.00000e+00	0.00000e+00	0.00000e+00	0.00000e+00	0.00000e+00	0.00000e+00	0.00000e+00	0.00000e+00	0.00000e+00	0.00000e+00	0.00000e+00	0.00000e+00	0.00000e+00	0.00000e+00	0.00000e+00	0.00000e+00	0.00000e+00	0.00000e+00	0.00000e+00	0.00000e+00	0.00000e+00	0.00000e+00	0.00000e+00	0.00000e+00	0.00000e+00	0.00000e+00	0.00000e+00	0.00000e+00	0.00000e+00	0.00000e+00	0.00000e+00	0.00000e+00	0.00000e+00	0.00000e+00	0.00000e+00	0.00000e+00	0.00000e+00
18.62	0.00000e+00	0.00000e+00	0.00000e+00	0.00000e+00	0.00000e+00	0.00000e+00	0.00000e+00	0.00000e+00	0.00000e+00	0.00000e+00	0.00000e+00	0.00000e+00	0.00000e+00	0.00000e+00	0.00000e+00	0.00000e+00	0.00000e+00	0.00000e+00	0.00000e+00	0.00000e+00	0.00000e+00	0.00000e+00	0.00000e+00	0.00000e+00	0.00000e+00	0.00000e+00	0.00000e+00	0.00000e+00	0.00000e+00	0.00000e+00	0.00000e+00	0.00000e+00	0.00000e+00	0.00000e+00	0.00000e+00	0.00000e+00	0.00000e+00	0.00000e+00	0.00000e+00	0.00000e+00	0.00000e+00	0.00000e+00	0.00000e+00	0.00000e+00	0.00000e+00	0.00000e+00	0.00000e+00	0.00000e+00	0.00000e+00	0.00000e+00	0.00000e+00	0.00000e+00	0.00000e+00	0.00000e+00	0.00000e+00	0.00000e+00	0.00000e+00	0.00000e+00	0.00000e+00	0.00000e+00	0.00000e+00	0.00000e+00	0.00000e+00	0.00000e+00	0.00000e+00	0.00000e+00	0.00000e+00	0.00000e+00	0.00000e+00	0.00000e+00	0.00000e+00	0.00000e+00	0.00000e+00	0.00000e+00	0.00000e+00	0.00000e+00	0.00000e+00	0.00000e+00	0.00000e+00	0.00000e+00	0.00000e+00	0.00000e+00	0.00000e+00	0.00000e+00	0.00000e+00	0.00000e+00	0.00000e+00	0.00000e+00	0.00000e+00	0.00000e+00	0.00000e+00	0.00000e+00	0.00000e+00	0.00000e+00	0.00000e+00	0.00000e+00	0.00000e+00	0.00000e+00	0.00000e+00	0.00000e+00	0.00000e+00	0.00000e+00	0.00000e+00	0.00000e+00	0.00000e+00	0.00000e+00	0.00000e+00	0.00000e+00	0.00000e+00	0.00000e+00	0.00000e+00	0.00000e+00	0.00000e+00	0.00000e+00	0.00000e+00	0.00000e+00	0.00000e+00	0.00000e+00	0.00000e+00	0.00000e+00	0.00000e+00	0.00000e+00	0.00000e+00	0.00000e+00	0.00000e+00	0.00000e+00	0.00000e+00	0.00000e+00	0.00000e+00	0.00000e+00	0.00000e+00	0.00000e+00	0.00000e+00	0.00000e+00	0.00000e+00	0.00000e+00	0.00000e+00	0.00000e+00	0.00000e+00	0.00000e+00	0.00000e+00	0.00000e+00	0.00000e+00	0.00000e+00	0.00000e+00
18.65	0.00000e+00	0.00000e+00	0.00000e+00	0.00000e+00	0.00000e+00	0.00000e+00	0.00000e+00	0.00000e+00	0.00000e+00	0.00000e+00	0.00000e+00	0.00000e+00	0.00000e+00	0.00000e+00	0.00000e+00	0.00000e+00	0.00000e+00	0.00000e+00	0.00000e+00	0.00000e+00	0.00000e+00	0.00000e+00	0.00000e+00	0.00000e+00	0.00000e+00	0.00000e+00	0.00000e+00	0.00000e+00	0.00000e+00	0.00000e+00	0.00000e+00	0.00000e+00	0.00000e+00	0.00000e+00	0.00000e+00	0.00000e+00	0.00000e+00	0.00000e+00	0.00000e+00	0.00000e+00	0.00000e+00	0.00000e+00	0.00000e+00	0.00000e+00	0.00000e+00	0.00000e+00	0.00000e+00	0.00000e+00	0.00000e+00	0.00000e+00	0.00000e+00	0.00000e+00	0.00000e+00	0.00000e+00	0.00000e+00	0.00000e+00	0.00000e+00	0.00000e+00	0.00000e+00	0.00000e+00	0.00000e+00	0.00000e+00	0.00000e+00	0.00000e+00	0.00000e+00	0.00000e+00	0.00000e+00	0.00000e+00	0.00000e+00	0.00000e+00	0.00000e+00	0.00000e+00	0.00000e+00	0.00000e+00	0.00000e+00	0.00000e+00	0.00000e+00	0.00000e+00	0.00000e+00	0.00000e+00	0.00000e+00	0.00000e+00	0.00000e+00	0.00000e+00	0.00000e+00	0.00000e+00	0.00000e+00	0.00000e+00	0.00000e+00	0.00000e+00	0.00000e+00	0.00000e+00	0.00000e+00	0.00000e+00	0.00000e+00	0.00000e+00	0.00000e+00	0.00000e+00	0.00000e+00	0.00000e+00	0.00000e+00	0.00000e+00	0.00000e+00	0.00000e+00	0.00000e+00	0.00000e+00	0.00000e+00	0.00000e+00	0.00000e+00	0.00000e+00	0.00000e+00	0.00000e+00	0.00000e+00	0.00000e+00	0.00000e+00	0.00000e+00	0.00000e+00	0.00000e+00	0.00000e+00	0.00000e+00	0.00000e+00	0.00000e+00	0.00000e+00	0.00000e+00	0.00000e+00	0.00000e+00	0.00000e+00	0.00000e+00	0.00000e+00	0.00000e+00	0.00000e+00	0.00000e+00	0.00000e+00	0.00000e+00	0.00000e+00	0.00000e+00	0.00000e+00	0.00000e+00	0.00000e+00	0.00000e+00	0.00000e+00	0.00000e+00	0.00000e+00	0.00000e+00	0.00000e+00
18.69	0.00000e+00	0.00000e+00	0.00000e+00	0.00000e+00	0.00000e+00	0.00000e+00	0.00000e+00	0.00000e+00	0.00000e+00	0.00000e+00	0.00000e+00	0.00000e+00	0.00000e+00	0.00000e+00	0.00000e+00	0.00000e+00	0.00000e+00	0.00000e+00	0.00000e+00	0.00000e+00	0.00000e+00	0.00000e+00	0.00000e+00	0.00000e+00	0.00000e+00	0.00000e+00	0.00000e+00	0.00000e+00	0.00000e+00	0.00000e+00	0.00000e+00	0.00000e+00	0.00000e+00	0.00000e+00	0.00000e+00	0.00000e+00	0.00000e+00	0.00000e+00	0.00000e+00	0.00000e+00	0.00000e+00	0.00000e+00	0.00000e+00	0.00000e+00	0.00000e+00	0.00000e+00	0.00000e+00	0.00000e+00	0.00000e+00	0.00000e+00	0.00000e+00	0.00000e+00	0.00000e+00	0.00000e+00	0.00000e+00	0.00000e+00	0.00000e+00	0.00000e+00	0.00000e+00	0.00000e+00	0.00000e+00	0.00000e+00	0.00000e+00	0.00000e+00	0.00000e+00	0.00000e+00	0.00000e+00	0.00000e+00	0.00000e+00	0.00000e+00	0.00000e+00	0.00000e+00	0.00000e+00	0.00000e+00	0.00000e+00	0.00000e+00	0.00000e+00	0.00000e+00	0.00000e+00	0.00000e+00	0.00000e+00	0.00000e+00	0.00000e+00	0.00000e+00	0.00000e+00	0.00000e+00	0.00000e+00	0.00000e+00	0.00000e+00	0.00000e+00	0.00000e+00	0.00000e+00	0.00000e+00	0.00000e+00	0.00000e+00	0.00000e+00	0.00000e+00	0.00000e+00	0.00000e+00	0.00000e+00	0.00000e+00	0.00000e+00	0.00000e+00	0.00000e+00	0.00000e+00	0.00000e+00	0.00000e+00	0.00000e+00	0.00000e+00	0.00000e+00	0.00000e+00	0.00000e+00	0.00000e+00	0.00000e+00	0.00000e+00	0.00000e+00	0.00000e+00	0.00000e+00	0.00000e+00	0.00000e+00	0.00000e+00	0.00000e+00	0.00000e+00	0.00000e+00	0.00000e+00	0.00000e+00	0.00000e+00	0.00000e+00	0.00000e+00	0.00000e+00	0.00000e+00	0.00000e+00	0.00000e+00	0.00000e+00	0.00000e+00	0.00000e+00	0.00000e+00	0.00000e+00	0.00000e+00	0.00000e+00	0.00000e+00	0.00000e+00	0.00000e+00	0.00000e+00	0.00000e+00
18.72	0.00000e+00	0.00000e+00	0.00000e+00	0.00000e+00	0.00000e+00	0.00000e+00	0.00000e+00	0.00000e+00	0.00000e+00	0.00000e+00	0.00000e+00	0.00000e+00	0.00000e+00	0.00000e+00	0.00000e+00	0.00000e+00	0.00000e+00	0.00000e+00	0.00000e+00	0.00000e+00	0.00000e+00	0.00000e+00	0.00000e+00	0.00000e+00	0.00000e+00	0.00000e+00	0.00000e+00	0.00000e+00	0.00000e+00	0.00000e+00	0.00000e+00	0.00000e+00	0.00000e+00	0.00000e+00	0.00000e+00	0.00000e+00	0.00000e+00	0.00000e+00	0.00000e+00	0.00000e+00	0.00000e+00	0.00000e+00	0.00000e+00	0.00000e+00	0.00000e+00	0.00000e+00	0.00000e+00	0.00000e+00	0.00000e+00	0.00000e+00	0.00000e+00	0.00000e+00	0.00000e+00	0.00000e+00	0.00000e+00	0.00000e+00	0.00000e+00	0.00000e+00	0.00000e+00	0.00000e+00	0.00000e+00	0.00000e+00	0.00000e+00	0.00000e+00	0.00000e+00	0.00000e+00	0.00000e+00	0.00000e+00	0.00000e+00	0.00000e+00	0.00000e+00	0.00000e+00	0.00000e+00	0.00000e+00	0.00000e+00	0.00000e+00	0.00000e+00	0.00000e+00	0.00000e+00	0.00000e+00	0.00000e+00	0.00000e+00	0.00000e+00	0.00000e+00	0.00000e+00	0.00000e+00	0.00000e+00	0.00000e+00	0.00000e+00	0.00000e+00	0.00000e+00	0.00000e+00	0.00000e+00	0.00000e+00	0.00000e+00	0.00000e+00	0.00000e+00	0.00000e+00	0.00000e+00	0.00000e+00	0.00000e+00	0.00000e+00	0.00000e+00	0.00000e+00	0.00000e+00	0.00000e+00	0.00000e+00	0.00000e+00	0.00000e+00	0.00000e+00	0.00000e+00	0.00000e+00	0.00000e+00	0.00000e+00	0.00000e+00	0.00000e+00	0.00000e+00	0.00000e+00	0.00000e+00	0.00000e+00	0.00000e+00	0.00000e+00	0.00000e+00	0.00000e+00	0.00000e+00	0.00000e+00	0.00000e+00	0.00000e+00	0.00000e+00	0.00000e+00	0.00000e+00	0.00000e+00	0.00000e+00	0.00000e+00	0.00000e+00	0.00000e+00	0.00000e+00	0.00000e+00	0.00000e+00	0.00000e+00	0.00000e+00	0.00000e+00	0.00000e+00	0.00000e+00	0.00000e+00
18.76	0.00000e+00	0.00000e+00	0.00000e+00	0.00000e+00	0.00000e+00	0.00000e+00	0.00000e+00	0.00000e+00	0.00000e+00	0.00000e+00	0.00000e+00	0.00000e+00	0.00000e+00	0.00000e+00	0.00000e+00	0.00000e+00	0.00000e+00	0.00000e+00	0.00000e+00	0.00000e+00	0.00000e+00	0.00000e+00	0.00000e+00	0.00000e+00	0.00000e+00	0.00000e+00	0.00000e+00	0.00000e+00	0.00000e+00	0.00000e+00	0.00000e+00	0.00000e+00	0.00000e+00	0.00000e+00	0.00000e+00	0.00000e+00	0.00000e+00	0.00000e+00	0.00000e+00	0.00000e+00	0.00000e+00	0.00000e+00	0.00000e+00	0.00000e+00	0.00000e+00	0.00000e+00	0.00000e+00	0.00000e+00	0.00000e+00	0.00000e+00	0.00000e+00	0.00000e+00	0.00000e+00	0.00000e+00	0.00000e+00	0.00000e+00	0.00000e+00	0.00000e+00	0.00000e+00	0.00000e+00	0.00000e+00	0.00000e+00	0.00000e+00	0.00000e+00	0.00000e+00	0.00000e+00	0.00000e+00	0.00000e+00	0.00000e+00	0.00000e+00	0.00000e+00	0.00000e+00	0.00000e+00	0.00000e+00	0.00000e+00	0.00000e+00	0.00000e+00	0.00000e+00	0.00000e+00	0.00000e+00	0.00000e+00	0.00000e+00	0.00000e+00	0.00000e+00	0.00000e+00	0.00000e+00	0.00000e+00	0.00000e+00	0.00000e+00	0.00000e+00	0.00000e+00	0.00000e+00	0.00000e+00	0.00000e+00	0.00000e+00	0.00000e+00	0.00000e+00	0.00000e+00	0.00000e+00	0.00000e+00	0.00000e+00	0.00000e+00	0.00000e+00	0.00000e+00	0.00000e+00	0.00000e+00	0.00000e+00	0.00000e+00	0.00000e+00	0.00000e+00	0.00000e+00	0.00000e+00	0.00000e+00	0.00000e+00	0.00000e+00	0.00000e+00	0.00000e+00	0.00000e+00	0.00000e+00	0.00000e+00	0.00000e+00	0.00000e+00	0.00000e+00	0.00000e+00	0.00000e+00	0.00000e+00	0.00000e+00	0.00000e+00	0.00000e+00	0.00000e+00	0.00000e+00	0.00000e+00	0.00000e+00	0.00000e+00	0.00000e+00	0.00000e+00	0.00000e+00	0.00000e+00	0.00000e+00	0.00000e+00	0.00000e+00	0.00000e+00	0.00000e+00	0.00000e+00	0.00000e+00
18.79	0.00000e+00	0.00000e+00	0.00000e+00	0.00000e+00	0.00000e+00	0.00000e+00	0.00000e+00	0.00000e+00	0.00000e+00	0.00000e+00	0.00000e+00	0.00000e+00	0.00000e+00	0.00000e+00	0.00000e+00	0.00000e+00	0.00000e+00	0.00000e+00	0.00000e+00	0.00000e+00	0.00000e+00	0.00000e+00	0.00000e+00	0.00000e+00	0.00000e+00	0.00000e+00	0.00000e+00	0.00000e+00	0.00000e+00	0.00000e+00	0.00000e+00	0.00000e+00	0.00000e+00	0.00000e+00	0.00000e+00	0.00000e+00	0.00000e+00	0.00000e+00	0.00000e+00	0.00000e+00	0.00000e+00	0.00000e+00	0.00000e+00	0.00000e+00	0.00000e+00	0.00000e+00	0.00000e+00	0.00000e+00	0.00000e+00	0.00000e+00	0.00000e+00	0.00000e+00	0.00000e+00	0.00000e+00	0.00000e+00	0.00000e+00	0.00000e+00	0.00000e+00	0.00000e+00	0.00000e+00	0.00000e+00	0.00000e+00	0.00000e+00	0.00000e+00	0.00000e+00	0.00000e+00	0.00000e+00	0.00000e+00	0.00000e+00	0.00000e+00	0.00000e+00	0.00000e+00	0.00000e+00	0.00000e+00	0.00000e+00	0.00000e+00	0.00000e+00	0.00000e+00	0.00000e+00	0.00000e+00	0.00000e+00	0.00000e+00	0.00000e+00	0.00000e+00	0.00000e+00	0.00000e+00	0.00000e+00	0.00000e+00	0.00000e+00	0.00000e+00	0.00000e+00	0.00000e+00	0.00000e+00	0.00000e+00	0.00000e+00	0.00000e+00	0.00000e+00	0.00000e+00	0.00000e+00	0.00000e+00	0.00000e+00	0.00000e+00	0.00000e+00	0.00000e+00	0.00000e+00	0.00000e+00	0.00000e+00	0.00000e+00	0.00000e+00	0.00000e+00	0.00000e+00	0.00000e+00	0.00000e+00	0.00000e+00	0.00000e+00	0.00000e+00	0.00000e+00	0.00000e+00	0.00000e+00	0.00000e+00	0.00000e+00	0.00000e+00	0.00000e+00	0.00000e+00	0.00000e+00	0.00000e+00	0.00000e+00	0.00000e+00	0.00000e+00	0.00000e+00	0.00000e+00	0.00000e+00	0.00000e+00	0.00000e+00	0.00000e+00	0.00000e+00	0.00000e+00	0.00000e+00	0.00000e+00	0.00000e+00	0.00000e+00	0.00000e+00	0.00000e+00	0.00000e+00	0.00000e+00
18.82	0.00000e+00	0.00000e+00	0.00000e+00	0.00000e+00	0.00000e+00	0.00000e+00	0.00000e+00	0.00000e+00	0.00000e+00	0.00000e+00	0.00000e+00	0.00000e+00	0.00000e+00	0.00000e+00	0.00000e+00	0.00000e+00	0.00000e+00	0.00000e+00	0.00000e+00	0.00000e+00	0.00000e+00	0.00000e+00	0.00000e+00	0.00000e+00	0.00000e+00	0.00000e+00	0.00000e+00	0.00000e+00	0.00000e+00	0.00000e+00	0.00000e+00	0.00000e+00	0.00000e+00	0.00000e+00	0.00000e+00	0.00000e+00	0.00000e+00	0.00000e+00	0.00000e+00	0.00000e+00	0.00000e+00	0.00000e+00	0.00000e+00	0.00000e+00	0.00000e+00	0.00000e+00	0.00000e+00	0.00000e+00	0.00000e+00	0.00000e+00	0.00000e+00	0.00000e+00	0.00000e+00	0.00000e+00	0.00000e+00	0.00000e+00	0.00000e+00	0.00000e+00	0.00000e+00	0.00000e+00	0.00000e+00	0.00000e+00	0.00000e+00	0.00000e+00	0.00000e+00	0.00000e+00	0.00000e+00	0.00000e+00	0.00000e+00	0.00000e+00	0.00000e+00	0.00000e+00	0.00000e+00	0.00000e+00	0.00000e+00	0.00000e+00	0.00000e+00	0.00000e+00	0.00000e+00	0.00000e+00	0.00000e+00	0.00000e+00	0.00000e+00	0.00000e+00	0.00000e+00	0.00000e+00	0.00000e+00	0.00000e+00	0.00000e+00	0.00000e+00	0.00000e+00	0.00000e+00	0.00000e+00	0.00000e+00	0.00000e+00	0.00000e+00	0.00000e+00	0.00000e+00	0.00000e+00	0.00000e+00	0.00000e+00	0.00000e+00	0.00000e+00	0.00000e+00	0.00000e+00	0.00000e+00	0.00000e+00	0.00000e+00	0.00000e+00	0.00000e+00	0.00000e+00	0.00000e+00	0.00000e+00	0.00000e+00	0.00000e+00	0.00000e+00	0.00000e+00	0.00000e+00	0.00000e+00	0.00000e+00	0.00000e+00	0.00000e+00	0.00000e+00	0.00000e+00	0.00000e+00	0.00000e+00	0.00000e+00	0.00000e+00	0.00000e+00	0.00000e+00	0.00000e+00	0.00000e+00	0.00000e+00	0.00000e+00	0.00000e+00	0.00000e+00	0.00000e+00	0.00000e+00	0.00000e+00	0.00000e+00	0.00000e+00	0.00000e+00	0.00000e+00	0.00000e+00	0.00000e+00
18.86	0.00000e+00	0.00000e+00	0.00000e+00	0.00000e+00	0.00000e+00	0.00000e+00	0.00000e+00	0.00000e+00	0.00000e+00	0.00000e+00	0.00000e+00	0.00000e+00	0.00000e+00	0.00000e+00	0.00000e+00	0.00000e+00	0.00000e+00	0.00000e+00	0.00000e+00	0.00000e+00	0.00000e+00	0.00000e+00	0.00000e+00	0.00000e+00	0.00000e+00	0.00000e+00	0.00000e+00	0.00000e+00	0.00000e+00	0.00000e+00	0.00000e+00	0.00000e+00	0.00000e+00	0.00000e+00	0.00000e+00	0.00000e+00	0.00000e+00	0.00000e+00	0.00000e+00	0.00000e+00	0.00000e+00	0.00000e+00	0.00000e+00	0.00000e+00	0.00000e+00	0.00000e+00	0.00000e+00	0.00000e+00	0.00000e+00	0.00000e+00	0.00000e+00	0.00000e+00	0.00000e+00	0.00000e+00	0.00000e+00	0.00000e+00	0.00000e+00	0.00000e+00	0.00000e+00	0.00000e+00	0.00000e+00	0.00000e+00	0.00000e+00	0.00000e+00	0.00000e+00	0.00000e+00	0.00000e+00	0.00000e+00	0.00000e+00	0.00000e+00	0.00000e+00	0.00000e+00	0.00000e+00	0.00000e+00	0.00000e+00	0.00000e+00	0.00000e+00	0.00000e+00	0.00000e+00	0.00000e+00	0.00000e+00	0.00000e+00	0.00000e+00	0.00000e+00	0.00000e+00	0.00000e+00	0.00000e+00	0.00000e+00	0.00000e+00	0.00000e+00	0.00000e+00	0.00000e+00	0.00000e+00	0.00000e+00	0.00000e+00	0.00000e+00	0.00000e+00	0.00000e+00	0.00000e+00	0.00000e+00	0.00000e+00	0.00000e+00	0.00000e+00	0.00000e+00	0.00000e+00	0.00000e+00	0.00000e+00	0.00000e+00	0.00000e+00	0.00000e+00	0.00000e+00	0.00000e+00	0.00000e+00	0.00000e+00	0.00000e+00	0.00000e+00	0.00000e+00	0.00000e+00	0.00000e+00	0.00000e+00	0.00000e+00	0.00000e+00	0.00000e+00	0.00000e+00	0.00000e+00	0.00000e+00	0.00000e+00	0.00000e+00	0.00000e+00	0.00000e+00	0.00000e+00	0.00000e+00	0.00000e+00	0.00000e+00	0.00000e+00	0.00000e+00	0.00000e+00	0.00000e+00	0.00000e+00	0.00000e+00	0.00000e+00	0.00000e+00	0.00000e+00	0.00000e+00	0.00000e+00
18.89	0.00000e+00	0.00000e+00	0.00000e+00	0.00000e+00	0.00000e+00	0.00000e+00	0.00000e+00	0.00000e+00	0.00000e+00	0.00000e+00	0.00000e+00	0.00000e+00	0.00000e+00	0.00000e+00	0.00000e+00	0.00000e+00	0.00000e+00	0.00000e+00	0.00000e+00	0.00000e+00	0.00000e+00	0.00000e+00	0.00000e+00	0.00000e+00	0.00000e+00	0.00000e+00	0.00000e+00	0.00000e+00	0.00000e+00	0.00000e+00	0.00000e+00	0.00000e+00	0.00000e+00	0.00000e+00	0.00000e+00	0.00000e+00	0.00000e+00	0.00000e+00	0.00000e+00	0.00000e+00	0.00000e+00	0.00000e+00	0.00000e+00	0.00000e+00	0.00000e+00	0.00000e+00	0.00000e+00	0.00000e+00	0.00000e+00	0.00000e+00	0.00000e+00	0.00000e+00	0.00000e+00	0.00000e+00	0.00000e+00	0.00000e+00	0.00000e+00	0.00000e+00	0.00000e+00	0.00000e+00	0.00000e+00	0.00000e+00	0.00000e+00	0.00000e+00	0.00000e+00	0.00000e+00	0.00000e+00	0.00000e+00	0.00000e+00	0.00000e+00	0.00000e+00	0.00000e+00	0.00000e+00	0.00000e+00	0.00000e+00	0.00000e+00	0.00000e+00	0.00000e+00	0.00000e+00	0.00000e+00	0.00000e+00	0.00000e+00	0.00000e+00	0.00000e+00	0.00000e+00	0.00000e+00	0.00000e+00	0.00000e+00	0.00000e+00	0.00000e+00	0.00000e+00	0.00000e+00	0.00000e+00	0.00000e+00	0.00000e+00	0.00000e+00	0.00000e+00	0.00000e+00	0.00000e+00	0.00000e+00	0.00000e+00	0.00000e+00	0.00000e+00	0.00000e+00	0.00000e+00	0.00000e+00	0.00000e+00	0.00000e+00	0.00000e+00	0.00000e+00	0.00000e+00	0.00000e+00	0.00000e+00	0.00000e+00	0.00000e+00	0.00000e+00	0.00000e+00	0.00000e+00	0.00000e+00	0.00000e+00	0.00000e+00	0.00000e+00	0.00000e+00	0.00000e+00	0.00000e+00	0.00000e+00	0.00000e+00	0.00000e+00	0.00000e+00	0.00000e+00	0.00000e+00	0.00000e+00	0.00000e+00	0.00000e+00	0.00000e+00	0.00000e+00	0.00000e+00	0.00000e+00	0.00000e+00	0.00000e+00	0.00000e+00	0.00000e+00	0.00000e+00	0.00000e+00	0.00000e+00
18.93	0.00000e+00	0.00000e+00	0.00000e+00	0.00000e+00	0.00000e+00	0.00000e+00	0.00000e+00	0.00000e+00	0.00000e+00	0.00000e+00	0.00000e+00	0.00000e+00	0.00000e+00	0.00000e+00	0.00000e+00	0.00000e+00	0.00000e+00	0.00000e+00	0.00000e+00	0.00000e+00	0.00000e+00	0.00000e+00	0.00000e+00	0.00000e+00	0.00000e+00	0.00000e+00	0.00000e+00	0.00000e+00	0.00000e+00	0.00000e+00	0.00000e+00	0.00000e+00	0.00000e+00	0.00000e+00	0.00000e+00	0.00000e+00	0.00000e+00	0.00000e+00	0.00000e+00	0.00000e+00	0.00000e+00	0.00000e+00	0.00000e+00	0.00000e+00	0.00000e+00	0.00000e+00	0.00000e+00	0.00000e+00	0.00000e+00	0.00000e+00	0.00000e+00	0.00000e+00	0.00000e+00	0.00000e+00	0.00000e+00	0.00000e+00	0.00000e+00	0.00000e+00	0.00000e+00	0.00000e+00	0.00000e+00	0.00000e+00	0.00000e+00	0.00000e+00	0.00000e+00	0.00000e+00	0.00000e+00	0.00000e+00	0.00000e+00	0.00000e+00	0.00000e+00	0.00000e+00	0.00000e+00	0.00000e+00	0.00000e+00	0.00000e+00	0.00000e+00	0.00000e+00	0.00000e+00	0.00000e+00	0.00000e+00	0.00000e+00	0.00000e+00	0.00000e+00	0.00000e+00	0.00000e+00	0.00000e+00	0.00000e+00	0.00000e+00	0.00000e+00	0.00000e+00	0.00000e+00	0.00000e+00	0.00000e+00	0.00000e+00	0.00000e+00	0.00000e+00	0.00000e+00	0.00000e+00	0.00000e+00	0.00000e+00	0.00000e+00	0.00000e+00	0.00000e+00	0.00000e+00	0.00000e+00	0.00000e+00	0.00000e+00	0.00000e+00	0.00000e+00	0.00000e+00	0.00000e+00	0.00000e+00	0.00000e+00	0.00000e+00	0.00000e+00	0.00000e+00	0.00000e+00	0.00000e+00	0.00000e+00	0.00000e+00	0.00000e+00	0.00000e+00	0.00000e+00	0.00000e+00	0.00000e+00	0.00000e+00	0.00000e+00	0.00000e+00	0.00000e+00	0.00000e+00	0.00000e+00	0.00000e+00	0.00000e+00	0.00000e+00	0.00000e+00	0.00000e+00	0.00000e+00	0.00000e+00	0.00000e+00	0.00000e+00	0.00000e+00	0.00000e+00	0.00000e+00	0.00000e+00
18.96	0.00000e+00	0.00000e+00	0.00000e+00	0.00000e+00	0.00000e+00	0.00000e+00	0.00000e+00	0.00000e+00	0.00000e+00	0.00000e+00	0.00000e+00	0.00000e+00	0.00000e+00	0.00000e+00	0.00000e+00	0.00000e+00	0.00000e+00	0.00000e+00	0.00000e+00	0.00000e+00	0.00000e+00	0.00000e+00	0.00000e+00	0.00000e+00	0.00000e+00	0.00000e+00	0.00000e+00	0.00000e+00	0.00000e+00	0.00000e+00	0.00000e+00	0.00000e+00	0.00000e+00	0.00000e+00	0.00000e+00	0.00000e+00	0.00000e+00	0.00000e+00	0.00000e+00	0.00000e+00	0.00000e+00	0.00000e+00	0.00000e+00	0.00000e+00	0.00000e+00	0.00000e+00	0.00000e+00	0.00000e+00	0.00000e+00	0.00000e+00	0.00000e+00	0.00000e+00	0.00000e+00	0.00000e+00	0.00000e+00	0.00000e+00	0.00000e+00	0.00000e+00	0.00000e+00	0.00000e+00	0.00000e+00	0.00000e+00	0.00000e+00	0.00000e+00	0.00000e+00	0.00000e+00	0.00000e+00	0.00000e+00	0.00000e+00	0.00000e+00	0.00000e+00	0.00000e+00	0.00000e+00	0.00000e+00	0.00000e+00	0.00000e+00	0.00000e+00	0.00000e+00	0.00000e+00	0.00000e+00	0.00000e+00	0.00000e+00	0.00000e+00	0.00000e+00	0.00000e+00	0.00000e+00	0.00000e+00	0.00000e+00	0.00000e+00	0.00000e+00	0.00000e+00	0.00000e+00	0.00000e+00	0.00000e+00	0.00000e+00	0.00000e+00	0.00000e+00	0.00000e+00	0.00000e+00	0.00000e+00	0.00000e+00	0.00000e+00	0.00000e+00	0.00000e+00	0.00000e+00	0.00000e+00	0.00000e+00	0.00000e+00	0.00000e+00	0.00000e+00	0.00000e+00	0.00000e+00	0.00000e+00	0.00000e+00	0.00000e+00	0.00000e+00	0.00000e+00	0.00000e+00	0.00000e+00	0.00000e+00	0.00000e+00	0.00000e+00	0.00000e+00	0.00000e+00	0.00000e+00	0.00000e+00	0.00000e+00	0.00000e+00	0.00000e+00	0.00000e+00	0.00000e+00	0.00000e+00	0.00000e+00	0.00000e+00	0.00000e+00	0.00000e+00	0.00000e+00	0.00000e+00	0.00000e+00	0.00000e+00	0.00000e+00	0.00000e+00	0.00000e+00	0.00000e+00	0.00000e+00
18.99	0.00000e+00	0.00000e+00	0.00000e+00	0.00000e+00	0.00000e+00	0.00000e+00	0.00000e+00	0.00000e+00	0.00000e+00	0.00000e+00	0.00000e+00	0.00000e+00	0.00000e+00	0.00000e+00	0.00000e+00	0.00000e+00	0.00000e+00	0.00000e+00	0.00000e+00	0.00000e+00	0.00000e+00	0.00000e+00	0.00000e+00	0.00000e+00	0.00000e+00	0.00000e+00	0.00000e+00	0.00000e+00	0.00000e+00	0.00000e+00	0.00000e+00	0.00000e+00	0.00000e+00	0.00000e+00	0.00000e+00	0.00000e+00	0.00000e+00	0.00000e+00	0.00000e+00	0.00000e+00	0.00000e+00	0.00000e+00	0.00000e+00	0.00000e+00	0.00000e+00	0.00000e+00	0.00000e+00	0.00000e+00	0.00000e+00	0.00000e+00	0.00000e+00	0.00000e+00	0.00000e+00	0.00000e+00	0.00000e+00	0.00000e+00	0.00000e+00	0.00000e+00	0.00000e+00	0.00000e+00	0.00000e+00	0.00000e+00	0.00000e+00	0.00000e+00	0.00000e+00	0.00000e+00	0.00000e+00	0.00000e+00	0.00000e+00	0.00000e+00	0.00000e+00	0.00000e+00	0.00000e+00	0.00000e+00	0.00000e+00	0.00000e+00	0.00000e+00	0.00000e+00	0.00000e+00	0.00000e+00	0.00000e+00	0.00000e+00	0.00000e+00	0.00000e+00	0.00000e+00	0.00000e+00	0.00000e+00	0.00000e+00	0.00000e+00	0.00000e+00	0.00000e+00	0.00000e+00	0.00000e+00	0.00000e+00	0.00000e+00	0.00000e+00	0.00000e+00	0.00000e+00	0.00000e+00	0.00000e+00	0.00000e+00	0.00000e+00	0.00000e+00	0.00000e+00	0.00000e+00	0.00000e+00	0.00000e+00	0.00000e+00	0.00000e+00	0.00000e+00	0.00000e+00	0.00000e+00	0.00000e+00	0.00000e+00	0.00000e+00	0.00000e+00	0.00000e+00	0.00000e+00	0.00000e+00	0.00000e+00	0.00000e+00	0.00000e+00	0.00000e+00	0.00000e+00	0.00000e+00	0.00000e+00	0.00000e+00	0.00000e+00	0.00000e+00	0.00000e+00	0.00000e+00	0.00000e+00	0.00000e+00	0.00000e+00	0.00000e+00	0.00000e+00	0.00000e+00	0.00000e+00	0.00000e+00	0.00000e+00	0.00000e+00	0.00000e+00	0.00000e+00	0.00000e+00	0.00000e+00
19.03	0.00000e+00	0.00000e+00	0.00000e+00	0.00000e+00	0.00000e+00	0.00000e+00	0.00000e+00	0.00000e+00	0.00000e+00	0.00000e+00	0.00000e+00	0.00000e+00	0.00000e+00	0.00000e+00	0.00000e+00	0.00000e+00	0.00000e+00	0.00000e+00	0.00000e+00	0.00000e+00	0.00000e+00	0.00000e+00	0.00000e+00	0.00000e+00	0.00000e+00	0.00000e+00	0.00000e+00	0.00000e+00	0.00000e+00	0.00000e+00	0.00000e+00	0.00000e+00	0.00000e+00	0.00000e+00	0.00000e+00	0.00000e+00	0.00000e+00	0.00000e+00	0.00000e+00	0.00000e+00	0.00000e+00	0.00000e+00	0.00000e+00	0.00000e+00	0.00000e+00	0.00000e+00	0.00000e+00	0.00000e+00	0.00000e+00	0.00000e+00	0.00000e+00	0.00000e+00	0.00000e+00	0.00000e+00	0.00000e+00	0.00000e+00	0.00000e+00	0.00000e+00	0.00000e+00	0.00000e+00	0.00000e+00	0.00000e+00	0.00000e+00	0.00000e+00	0.00000e+00	0.00000e+00	0.00000e+00	0.00000e+00	0.00000e+00	0.00000e+00	0.00000e+00	0.00000e+00	0.00000e+00	0.00000e+00	0.00000e+00	0.00000e+00	0.00000e+00	0.00000e+00	0.00000e+00	0.00000e+00	0.00000e+00	0.00000e+00	0.00000e+00	0.00000e+00	0.00000e+00	0.00000e+00	0.00000e+00	0.00000e+00	0.00000e+00	0.00000e+00	0.00000e+00	0.00000e+00	0.00000e+00	0.00000e+00	0.00000e+00	0.00000e+00	0.00000e+00	0.00000e+00	0.00000e+00	0.00000e+00	0.00000e+00	0.00000e+00	0.00000e+00	0.00000e+00	0.00000e+00	0.00000e+00	0.00000e+00	0.00000e+00	0.00000e+00	0.00000e+00	0.00000e+00	0.00000e+00	0.00000e+00	0.00000e+00	0.00000e+00	0.00000e+00	0.00000e+00	0.00000e+00	0.00000e+00	0.00000e+00	0.00000e+00	0.00000e+00	0.00000e+00	0.00000e+00	0.00000e+00	0.00000e+00	0.00000e+00	0.00000e+00	0.00000e+00	0.00000e+00	0.00000e+00	0.00000e+00	0.00000e+00	0.00000e+00	0.00000e+00	0.00000e+00	0.00000e+00	0.00000e+00	0.00000e+00	0.00000e+00	0.00000e+00	0.00000e+00	0.00000e+00	0.00000e+00	0.00000e+00
19.06	0.00000e+00	0.00000e+00	0.00000e+00	0.00000e+00	0.00000e+00	0.00000e+00	0.00000e+00	0.00000e+00	0.00000e+00	0.00000e+00	0.00000e+00	0.00000e+00	0.00000e+00	0.00000e+00	0.00000e+00	0.00000e+00	0.00000e+00	0.00000e+00	0.00000e+00	0.00000e+00	0.00000e+00	0.00000e+00	0.00000e+00	0.00000e+00	0.00000e+00	0.00000e+00	0.00000e+00	0.00000e+00	0.00000e+00	0.00000e+00	0.00000e+00	0.00000e+00	0.00000e+00	0.00000e+00	0.00000e+00	0.00000e+00	0.00000e+00	0.00000e+00	0.00000e+00	0.00000e+00	0.00000e+00	0.00000e+00	0.00000e+00	0.00000e+00	0.00000e+00	0.00000e+00	0.00000e+00	0.00000e+00	0.00000e+00	0.00000e+00	0.00000e+00	0.00000e+00	0.00000e+00	0.00000e+00	0.00000e+00	0.00000e+00	0.00000e+00	0.00000e+00	0.00000e+00	0.00000e+00	0.00000e+00	0.00000e+00	0.00000e+00	0.00000e+00	0.00000e+00	0.00000e+00	0.00000e+00	0.00000e+00	0.00000e+00	0.00000e+00	0.00000e+00	0.00000e+00	0.00000e+00	0.00000e+00	0.00000e+00	0.00000e+00	0.00000e+00	0.00000e+00	0.00000e+00	0.00000e+00	0.00000e+00	0.00000e+00	0.00000e+00	0.00000e+00	0.00000e+00	0.00000e+00	0.00000e+00	0.00000e+00	0.00000e+00	0.00000e+00	0.00000e+00	0.00000e+00	0.00000e+00	0.00000e+00	0.00000e+00	0.00000e+00	0.00000e+00	0.00000e+00	0.00000e+00	0.00000e+00	0.00000e+00	0.00000e+00	0.00000e+00	0.00000e+00	0.00000e+00	0.00000e+00	0.00000e+00	0.00000e+00	0.00000e+00	0.00000e+00	0.00000e+00	0.00000e+00	0.00000e+00	0.00000e+00	0.00000e+00	0.00000e+00	0.00000e+00	0.00000e+00	0.00000e+00	0.00000e+00	0.00000e+00	0.00000e+00	0.00000e+00	0.00000e+00	0.00000e+00	0.00000e+00	0.00000e+00	0.00000e+00	0.00000e+00	0.00000e+00	0.00000e+00	0.00000e+00	0.00000e+00	0.00000e+00	0.00000e+00	0.00000e+00	0.00000e+00	0.00000e+00	0.00000e+00	0.00000e+00	0.00000e+00	0.00000e+00	0.00000e+00	0.00000e+00	0.00000e+00
19.10	0.00000e+00	0.00000e+00	0.00000e+00	0.00000e+00	0.00000e+00	0.00000e+00	0.00000e+00	0.00000e+00	0.00000e+00	0.00000e+00	0.00000e+00	0.00000e+00	0.00000e+00	0.00000e+00	0.00000e+00	0.00000e+00	0.00000e+00	0.00000e+00	0.00000e+00	0.00000e+00	0.00000e+00	0.00000e+00	0.00000e+00	0.00000e+00	0.00000e+00	0.00000e+00	0.00000e+00	0.00000e+00	0.00000e+00	0.00000e+00	0.00000e+00	0.00000e+00	0.00000e+00	0.00000e+00	0.00000e+00	0.00000e+00	0.00000e+00	0.00000e+00	0.00000e+00	0.00000e+00	0.00000e+00	0.00000e+00	0.00000e+00	0.00000e+00	0.00000e+00	0.00000e+00	0.00000e+00	0.00000e+00	0.00000e+00	0.00000e+00	0.00000e+00	0.00000e+00	0.00000e+00	0.00000e+00	0.00000e+00	0.00000e+00	0.00000e+00	0.00000e+00	0.00000e+00	0.00000e+00	0.00000e+00	0.00000e+00	0.00000e+00	0.00000e+00	0.00000e+00	0.00000e+00	0.00000e+00	0.00000e+00	0.00000e+00	0.00000e+00	0.00000e+00	0.00000e+00	0.00000e+00	0.00000e+00	0.00000e+00	0.00000e+00	0.00000e+00	0.00000e+00	0.00000e+00	0.00000e+00	0.00000e+00	0.00000e+00	0.00000e+00	0.00000e+00	0.00000e+00	0.00000e+00	0.00000e+00	0.00000e+00	0.00000e+00	0.00000e+00	0.00000e+00	0.00000e+00	0.00000e+00	0.00000e+00	0.00000e+00	0.00000e+00	0.00000e+00	0.00000e+00	0.00000e+00	0.00000e+00	0.00000e+00	0.00000e+00	0.00000e+00	0.00000e+00	0.00000e+00	0.00000e+00	0.00000e+00	0.00000e+00	0.00000e+00	0.00000e+00	0.00000e+00	0.00000e+00	0.00000e+00	0.00000e+00	0.00000e+00	0.00000e+00	0.00000e+00	0.00000e+00	0.00000e+00	0.00000e+00	0.00000e+00	0.00000e+00	0.00000e+00	0.00000e+00	0.00000e+00	0.00000e+00	0.00000e+00	0.00000e+00	0.00000e+00	0.00000e+00	0.00000e+00	0.00000e+00	0.00000e+00	0.00000e+00	0.00000e+00	0.00000e+00	0.00000e+00	0.00000e+00	0.00000e+00	0.00000e+00	0.00000e+00	0.00000e+00	0.00000e+00	0.00000e+00	0.00000e+00
19.13	0.00000e+00	0.00000e+00	0.00000e+00	0.00000e+00	0.00000e+00	0.00000e+00	0.00000e+00	0.00000e+00	0.00000e+00	0.00000e+00	0.00000e+00	0.00000e+00	0.00000e+00	0.00000e+00	0.00000e+00	0.00000e+00	0.00000e+00	0.00000e+00	0.00000e+00	0.00000e+00	0.00000e+00	0.00000e+00	0.00000e+00	0.00000e+00	0.00000e+00	0.00000e+00	0.00000e+00	0.00000e+00	0.00000e+00	0.00000e+00	0.00000e+00	0.00000e+00	0.00000e+00	0.00000e+00	0.00000e+00	0.00000e+00	0.00000e+00	0.00000e+00	0.00000e+00	0.00000e+00	0.00000e+00	0.00000e+00	0.00000e+00	0.00000e+00	0.00000e+00	0.00000e+00	0.00000e+00	0.00000e+00	0.00000e+00	0.00000e+00	0.00000e+00	0.00000e+00	0.00000e+00	0.00000e+00	0.00000e+00	0.00000e+00	0.00000e+00	0.00000e+00	0.00000e+00	0.00000e+00	0.00000e+00	0.00000e+00	0.00000e+00	0.00000e+00	0.00000e+00	0.00000e+00	0.00000e+00	0.00000e+00	0.00000e+00	0.00000e+00	0.00000e+00	0.00000e+00	0.00000e+00	0.00000e+00	0.00000e+00	0.00000e+00	0.00000e+00	0.00000e+00	0.00000e+00	0.00000e+00	0.00000e+00	0.00000e+00	0.00000e+00	0.00000e+00	0.00000e+00	0.00000e+00	0.00000e+00	0.00000e+00	0.00000e+00	0.00000e+00	0.00000e+00	0.00000e+00	0.00000e+00	0.00000e+00	0.00000e+00	0.00000e+00	0.00000e+00	0.00000e+00	0.00000e+00	0.00000e+00	0.00000e+00	0.00000e+00	0.00000e+00	0.00000e+00	0.00000e+00	0.00000e+00	0.00000e+00	0.00000e+00	0.00000e+00	0.00000e+00	0.00000e+00	0.00000e+00	0.00000e+00	0.00000e+00	0.00000e+00	0.00000e+00	0.00000e+00	0.00000e+00	0.00000e+00	0.00000e+00	0.00000e+00	0.00000e+00	0.00000e+00	0.00000e+00	0.00000e+00	0.00000e+00	0.00000e+00	0.00000e+00	0.00000e+00	0.00000e+00	0.00000e+00	0.00000e+00	0.00000e+00	0.00000e+00	0.00000e+00	0.00000e+00	0.00000e+00	0.00000e+00	0.00000e+00	0.00000e+00	0.00000e+00	0.00000e+00	0.00000e+00	0.00000e+00	0.00000e+00
19.16	0.00000e+00	0.00000e+00	0.00000e+00	0.00000e+00	0.00000e+00	0.00000e+00	0.00000e+00	0.00000e+00	0.00000e+00	0.00000e+00	0.00000e+00	0.00000e+00	0.00000e+00	0.00000e+00	0.00000e+00	0.00000e+00	0.00000e+00	0.00000e+00	0.00000e+00	0.00000e+00	0.00000e+00	0.00000e+00	0.00000e+00	0.00000e+00	0.00000e+00	0.00000e+00	0.00000e+00	0.00000e+00	0.00000e+00	0.00000e+00	0.00000e+00	0.00000e+00	0.00000e+00	0.00000e+00	0.00000e+00	0.00000e+00	0.00000e+00	0.00000e+00	0.00000e+00	0.00000e+00	0.00000e+00	0.00000e+00	0.00000e+00	0.00000e+00	0.00000e+00	0.00000e+00	0.00000e+00	0.00000e+00	0.00000e+00	0.00000e+00	0.00000e+00	0.00000e+00	0.00000e+00	0.00000e+00	0.00000e+00	0.00000e+00	0.00000e+00	0.00000e+00	0.00000e+00	0.00000e+00	0.00000e+00	0.00000e+00	0.00000e+00	0.00000e+00	0.00000e+00	0.00000e+00	0.00000e+00	0.00000e+00	0.00000e+00	0.00000e+00	0.00000e+00	0.00000e+00	0.00000e+00	0.00000e+00	0.00000e+00	0.00000e+00	0.00000e+00	0.00000e+00	0.00000e+00	0.00000e+00	0.00000e+00	0.00000e+00	0.00000e+00	0.00000e+00	0.00000e+00	0.00000e+00	0.00000e+00	0.00000e+00	0.00000e+00	0.00000e+00	0.00000e+00	0.00000e+00	0.00000e+00	0.00000e+00	0.00000e+00	0.00000e+00	0.00000e+00	0.00000e+00	0.00000e+00	0.00000e+00	0.00000e+00	0.00000e+00	0.00000e+00	0.00000e+00	0.00000e+00	0.00000e+00	0.00000e+00	0.00000e+00	0.00000e+00	0.00000e+00	0.00000e+00	0.00000e+00	0.00000e+00	0.00000e+00	0.00000e+00	0.00000e+00	0.00000e+00	0.00000e+00	0.00000e+00	0.00000e+00	0.00000e+00	0.00000e+00	0.00000e+00	0.00000e+00	0.00000e+00	0.00000e+00	0.00000e+00	0.00000e+00	0.00000e+00	0.00000e+00	0.00000e+00	0.00000e+00	0.00000e+00	0.00000e+00	0.00000e+00	0.00000e+00	0.00000e+00	0.00000e+00	0.00000e+00	0.00000e+00	0.00000e+00	0.00000e+00	0.00000e+00	0.00000e+00	0.00000e+00
19.20	0.00000e+00	0.00000e+00	0.00000e+00	0.00000e+00	0.00000e+00	0.00000e+00	0.00000e+00	0.00000e+00	0.00000e+00	0.00000e+00	0.00000e+00	0.00000e+00	0.00000e+00	0.00000e+00	0.00000e+00	0.00000e+00	0.00000e+00	0.00000e+00	0.00000e+00	0.00000e+00	0.00000e+00	0.00000e+00	0.00000e+00	0.00000e+00	0.00000e+00	0.00000e+00	0.00000e+00	0.00000e+00	0.00000e+00	0.00000e+00	0.00000e+00	0.00000e+00	0.00000e+00	0.00000e+00	0.00000e+00	0.00000e+00	0.00000e+00	0.00000e+00	0.00000e+00	0.00000e+00	0.00000e+00	0.00000e+00	0.00000e+00	0.00000e+00	0.00000e+00	0.00000e+00	0.00000e+00	0.00000e+00	0.00000e+00	0.00000e+00	0.00000e+00	0.00000e+00	0.00000e+00	0.00000e+00	0.00000e+00	0.00000e+00	0.00000e+00	0.00000e+00	0.00000e+00	0.00000e+00	0.00000e+00	0.00000e+00	0.00000e+00	0.00000e+00	0.00000e+00	0.00000e+00	0.00000e+00	0.00000e+00	0.00000e+00	0.00000e+00	0.00000e+00	0.00000e+00	0.00000e+00	0.00000e+00	0.00000e+00	0.00000e+00	0.00000e+00	0.00000e+00	0.00000e+00	0.00000e+00	0.00000e+00	0.00000e+00	0.00000e+00	0.00000e+00	0.00000e+00	0.00000e+00	0.00000e+00	0.00000e+00	0.00000e+00	0.00000e+00	0.00000e+00	0.00000e+00	0.00000e+00	0.00000e+00	0.00000e+00	0.00000e+00	0.00000e+00	0.00000e+00	0.00000e+00	0.00000e+00	0.00000e+00	0.00000e+00	0.00000e+00	0.00000e+00	0.00000e+00	0.00000e+00	0.00000e+00	0.00000e+00	0.00000e+00	0.00000e+00	0.00000e+00	0.00000e+00	0.00000e+00	0.00000e+00	0.00000e+00	0.00000e+00	0.00000e+00	0.00000e+00	0.00000e+00	0.00000e+00	0.00000e+00	0.00000e+00	0.00000e+00	0.00000e+00	0.00000e+00	0.00000e+00	0.00000e+00	0.00000e+00	0.00000e+00	0.00000e+00	0.00000e+00	0.00000e+00	0.00000e+00	0.00000e+00	0.00000e+00	0.00000e+00	0.00000e+00	0.00000e+00	0.00000e+00	0.00000e+00	0.00000e+00	0.00000e+00	0.00000e+00	0.00000e+00	0.00000e+00
19.23	0.00000e+00	0.00000e+00	0.00000e+00	0.00000e+00	0.00000e+00	0.00000e+00	0.00000e+00	0.00000e+00	0.00000e+00	0.00000e+00	0.00000e+00	0.00000e+00	0.00000e+00	0.00000e+00	0.00000e+00	0.00000e+00	0.00000e+00	0.00000e+00	0.00000e+00	0.00000e+00	0.00000e+00	0.00000e+00	0.00000e+00	0.00000e+00	0.00000e+00	0.00000e+00	0.00000e+00	0.00000e+00	0.00000e+00	0.00000e+00	0.00000e+00	0.00000e+00	0.00000e+00	0.00000e+00	0.00000e+00	0.00000e+00	0.00000e+00	0.00000e+00	0.00000e+00	0.00000e+00	0.00000e+00	0.00000e+00	0.00000e+00	0.00000e+00	0.00000e+00	0.00000e+00	0.00000e+00	0.00000e+00	0.00000e+00	0.00000e+00	0.00000e+00	0.00000e+00	0.00000e+00	0.00000e+00	0.00000e+00	0.00000e+00	0.00000e+00	0.00000e+00	0.00000e+00	0.00000e+00	0.00000e+00	0.00000e+00	0.00000e+00	0.00000e+00	0.00000e+00	0.00000e+00	0.00000e+00	0.00000e+00	0.00000e+00	0.00000e+00	0.00000e+00	0.00000e+00	0.00000e+00	0.00000e+00	0.00000e+00	0.00000e+00	0.00000e+00	0.00000e+00	0.00000e+00	0.00000e+00	0.00000e+00	0.00000e+00	0.00000e+00	0.00000e+00	0.00000e+00	0.00000e+00	0.00000e+00	0.00000e+00	0.00000e+00	0.00000e+00	0.00000e+00	0.00000e+00	0.00000e+00	0.00000e+00	0.00000e+00	0.00000e+00	0.00000e+00	0.00000e+00	0.00000e+00	0.00000e+00	0.00000e+00	0.00000e+00	0.00000e+00	0.00000e+00	0.00000e+00	0.00000e+00	0.00000e+00	0.00000e+00	0.00000e+00	0.00000e+00	0.00000e+00	0.00000e+00	0.00000e+00	0.00000e+00	0.00000e+00	0.00000e+00	0.00000e+00	0.00000e+00	0.00000e+00	0.00000e+00	0.00000e+00	0.00000e+00	0.00000e+00	0.00000e+00	0.00000e+00	0.00000e+00	0.00000e+00	0.00000e+00	0.00000e+00	0.00000e+00	0.00000e+00	0.00000e+00	0.00000e+00	0.00000e+00	0.00000e+00	0.00000e+00	0.00000e+00	0.00000e+00	0.00000e+00	0.00000e+00	0.00000e+00	0.00000e+00	0.00000e+00	0.00000e+00	0.00000e+00
19.27	0.00000e+00	0.00000e+00	0.00000e+00	0.00000e+00	0.00000e+00	0.00000e+00	0.00000e+00	0.00000e+00	0.00000e+00	0.00000e+00	0.00000e+00	0.00000e+00	0.00000e+00	0.00000e+00	0.00000e+00	0.00000e+00	0.00000e+00	0.00000e+00	0.00000e+00	0.00000e+00	0.00000e+00	0.00000e+00	0.00000e+00	0.00000e+00	0.00000e+00	0.00000e+00	0.00000e+00	0.00000e+00	0.00000e+00	0.00000e+00	0.00000e+00	0.00000e+00	0.00000e+00	0.00000e+00	0.00000e+00	0.00000e+00	0.00000e+00	0.00000e+00	0.00000e+00	0.00000e+00	0.00000e+00	0.00000e+00	0.00000e+00	0.00000e+00	0.00000e+00	0.00000e+00	0.00000e+00	0.00000e+00	0.00000e+00	0.00000e+00	0.00000e+00	0.00000e+00	0.00000e+00	0.00000e+00	0.00000e+00	0.00000e+00	0.00000e+00	0.00000e+00	0.00000e+00	0.00000e+00	0.00000e+00	0.00000e+00	0.00000e+00	0.00000e+00	0.00000e+00	0.00000e+00	0.00000e+00	0.00000e+00	0.00000e+00	0.00000e+00	0.00000e+00	0.00000e+00	0.00000e+00	0.00000e+00	0.00000e+00	0.00000e+00	0.00000e+00	0.00000e+00	0.00000e+00	0.00000e+00	0.00000e+00	0.00000e+00	0.00000e+00	0.00000e+00	0.00000e+00	0.00000e+00	0.00000e+00	0.00000e+00	0.00000e+00	0.00000e+00	0.00000e+00	0.00000e+00	0.00000e+00	0.00000e+00	0.00000e+00	0.00000e+00	0.00000e+00	0.00000e+00	0.00000e+00	0.00000e+00	0.00000e+00	0.00000e+00	0.00000e+00	0.00000e+00	0.00000e+00	0.00000e+00	0.00000e+00	0.00000e+00	0.00000e+00	0.00000e+00	0.00000e+00	0.00000e+00	0.00000e+00	0.00000e+00	0.00000e+00	0.00000e+00	0.00000e+00	0.00000e+00	0.00000e+00	0.00000e+00	0.00000e+00	0.00000e+00	0.00000e+00	0.00000e+00	0.00000e+00	0.00000e+00	0.00000e+00	0.00000e+00	0.00000e+00	0.00000e+00	0.00000e+00	0.00000e+00	0.00000e+00	0.00000e+00	0.00000e+00	0.00000e+00	0.00000e+00	0.00000e+00	0.00000e+00	0.00000e+00	0.00000e+00	0.00000e+00	0.00000e+00	0.00000e+00	0.00000e+00
19.30	0.00000e+00	0.00000e+00	0.00000e+00	0.00000e+00	0.00000e+00	0.00000e+00	0.00000e+00	0.00000e+00	0.00000e+00	0.00000e+00	0.00000e+00	0.00000e+00	0.00000e+00	0.00000e+00	0.00000e+00	0.00000e+00	0.00000e+00	0.00000e+00	0.00000e+00	0.00000e+00	0.00000e+00	0.00000e+00	0.00000e+00	0.00000e+00	0.00000e+00	0.00000e+00	0.00000e+00	0.00000e+00	0.00000e+00	0.00000e+00	0.00000e+00	0.00000e+00	0.00000e+00	0.00000e+00	0.00000e+00	0.00000e+00	0.00000e+00	0.00000e+00	0.00000e+00	0.00000e+00	0.00000e+00	0.00000e+00	0.00000e+00	0.00000e+00	0.00000e+00	0.00000e+00	0.00000e+00	0.00000e+00	0.00000e+00	0.00000e+00	0.00000e+00	0.00000e+00	0.00000e+00	0.00000e+00	0.00000e+00	0.00000e+00	0.00000e+00	0.00000e+00	0.00000e+00	0.00000e+00	0.00000e+00	0.00000e+00	0.00000e+00	0.00000e+00	0.00000e+00	0.00000e+00	0.00000e+00	0.00000e+00	0.00000e+00	0.00000e+00	0.00000e+00	0.00000e+00	0.00000e+00	0.00000e+00	0.00000e+00	0.00000e+00	0.00000e+00	0.00000e+00	0.00000e+00	0.00000e+00	0.00000e+00	0.00000e+00	0.00000e+00	0.00000e+00	0.00000e+00	0.00000e+00	0.00000e+00	0.00000e+00	0.00000e+00	0.00000e+00	0.00000e+00	0.00000e+00	0.00000e+00	0.00000e+00	0.00000e+00	0.00000e+00	0.00000e+00	0.00000e+00	0.00000e+00	0.00000e+00	0.00000e+00	0.00000e+00	0.00000e+00	0.00000e+00	0.00000e+00	0.00000e+00	0.00000e+00	0.00000e+00	0.00000e+00	0.00000e+00	0.00000e+00	0.00000e+00	0.00000e+00	0.00000e+00	0.00000e+00	0.00000e+00	0.00000e+00	0.00000e+00	0.00000e+00	0.00000e+00	0.00000e+00	0.00000e+00	0.00000e+00	0.00000e+00	0.00000e+00	0.00000e+00	0.00000e+00	0.00000e+00	0.00000e+00	0.00000e+00	0.00000e+00	0.00000e+00	0.00000e+00	0.00000e+00	0.00000e+00	0.00000e+00	0.00000e+00	0.00000e+00	0.00000e+00	0.00000e+00	0.00000e+00	0.00000e+00	0.00000e+00	0.00000e+00	0.00000e+00
19.33	0.00000e+00	0.00000e+00	0.00000e+00	0.00000e+00	0.00000e+00	0.00000e+00	0.00000e+00	0.00000e+00	0.00000e+00	0.00000e+00	0.00000e+00	0.00000e+00	0.00000e+00	0.00000e+00	0.00000e+00	0.00000e+00	0.00000e+00	0.00000e+00	0.00000e+00	0.00000e+00	0.00000e+00	0.00000e+00	0.00000e+00	0.00000e+00	0.00000e+00	0.00000e+00	0.00000e+00	0.00000e+00	0.00000e+00	0.00000e+00	0.00000e+00	0.00000e+00	0.00000e+00	0.00000e+00	0.00000e+00	0.00000e+00	0.00000e+00	0.00000e+00	0.00000e+00	0.00000e+00	0.00000e+00	0.00000e+00	0.00000e+00	0.00000e+00	0.00000e+00	0.00000e+00	0.00000e+00	0.00000e+00	0.00000e+00	0.00000e+00	0.00000e+00	0.00000e+00	0.00000e+00	0.00000e+00	0.00000e+00	0.00000e+00	0.00000e+00	0.00000e+00	0.00000e+00	0.00000e+00	0.00000e+00	0.00000e+00	0.00000e+00	0.00000e+00	0.00000e+00	0.00000e+00	0.00000e+00	0.00000e+00	0.00000e+00	0.00000e+00	0.00000e+00	0.00000e+00	0.00000e+00	0.00000e+00	0.00000e+00	0.00000e+00	0.00000e+00	0.00000e+00	0.00000e+00	0.00000e+00	0.00000e+00	0.00000e+00	0.00000e+00	0.00000e+00	0.00000e+00	0.00000e+00	0.00000e+00	0.00000e+00	0.00000e+00	0.00000e+00	0.00000e+00	0.00000e+00	0.00000e+00	0.00000e+00	0.00000e+00	0.00000e+00	0.00000e+00	0.00000e+00	0.00000e+00	0.00000e+00	0.00000e+00	0.00000e+00	0.00000e+00	0.00000e+00	0.00000e+00	0.00000e+00	0.00000e+00	0.00000e+00	0.00000e+00	0.00000e+00	0.00000e+00	0.00000e+00	0.00000e+00	0.00000e+00	0.00000e+00	0.00000e+00	0.00000e+00	0.00000e+00	0.00000e+00	0.00000e+00	0.00000e+00	0.00000e+00	0.00000e+00	0.00000e+00	0.00000e+00	0.00000e+00	0.00000e+00	0.00000e+00	0.00000e+00	0.00000e+00	0.00000e+00	0.00000e+00	0.00000e+00	0.00000e+00	0.00000e+00	0.00000e+00	0.00000e+00	0.00000e+00	0.00000e+00	0.00000e+00	0.00000e+00	0.00000e+00	0.00000e+00	0.00000e+00	0.00000e+00
19.37	0.00000e+00	0.00000e+00	0.00000e+00	0.00000e+00	0.00000e+00	0.00000e+00	0.00000e+00	0.00000e+00	0.00000e+00	0.00000e+00	0.00000e+00	0.00000e+00	0.00000e+00	0.00000e+00	0.00000e+00	0.00000e+00	0.00000e+00	0.00000e+00	0.00000e+00	0.00000e+00	0.00000e+00	0.00000e+00	0.00000e+00	0.00000e+00	0.00000e+00	0.00000e+00	0.00000e+00	0.00000e+00	0.00000e+00	0.00000e+00	0.00000e+00	0.00000e+00	0.00000e+00	0.00000e+00	0.00000e+00	0.00000e+00	0.00000e+00	0.00000e+00	0.00000e+00	0.00000e+00	0.00000e+00	0.00000e+00	0.00000e+00	0.00000e+00	0.00000e+00	0.00000e+00	0.00000e+00	0.00000e+00	0.00000e+00	0.00000e+00	0.00000e+00	0.00000e+00	0.00000e+00	0.00000e+00	0.00000e+00	0.00000e+00	0.00000e+00	0.00000e+00	0.00000e+00	0.00000e+00	0.00000e+00	0.00000e+00	0.00000e+00	0.00000e+00	0.00000e+00	0.00000e+00	0.00000e+00	0.00000e+00	0.00000e+00	0.00000e+00	0.00000e+00	0.00000e+00	0.00000e+00	0.00000e+00	0.00000e+00	0.00000e+00	0.00000e+00	0.00000e+00	0.00000e+00	0.00000e+00	0.00000e+00	0.00000e+00	0.00000e+00	0.00000e+00	0.00000e+00	0.00000e+00	0.00000e+00	0.00000e+00	0.00000e+00	0.00000e+00	0.00000e+00	0.00000e+00	0.00000e+00	0.00000e+00	0.00000e+00	0.00000e+00	0.00000e+00	0.00000e+00	0.00000e+00	0.00000e+00	0.00000e+00	0.00000e+00	0.00000e+00	0.00000e+00	0.00000e+00	0.00000e+00	0.00000e+00	0.00000e+00	0.00000e+00	0.00000e+00	0.00000e+00	0.00000e+00	0.00000e+00	0.00000e+00	0.00000e+00	0.00000e+00	0.00000e+00	0.00000e+00	0.00000e+00	0.00000e+00	0.00000e+00	0.00000e+00	0.00000e+00	0.00000e+00	0.00000e+00	0.00000e+00	0.00000e+00	0.00000e+00	0.00000e+00	0.00000e+00	0.00000e+00	0.00000e+00	0.00000e+00	0.00000e+00	0.00000e+00	0.00000e+00	0.00000e+00	0.00000e+00	0.00000e+00	0.00000e+00	0.00000e+00	0.00000e+00	0.00000e+00	0.00000e+00	0.00000e+00
19.40	0.00000e+00	0.00000e+00	0.00000e+00	0.00000e+00	0.00000e+00	0.00000e+00	0.00000e+00	0.00000e+00	0.00000e+00	0.00000e+00	0.00000e+00	0.00000e+00	0.00000e+00	0.00000e+00	0.00000e+00	0.00000e+00	0.00000e+00	0.00000e+00	0.00000e+00	0.00000e+00	0.00000e+00	0.00000e+00	0.00000e+00	0.00000e+00	0.00000e+00	0.00000e+00	0.00000e+00	0.00000e+00	0.00000e+00	0.00000e+00	0.00000e+00	0.00000e+00	0.00000e+00	0.00000e+00	0.00000e+00	0.00000e+00	0.00000e+00	0.00000e+00	0.00000e+00	0.00000e+00	0.00000e+00	0.00000e+00	0.00000e+00	0.00000e+00	0.00000e+00	0.00000e+00	0.00000e+00	0.00000e+00	0.00000e+00	0.00000e+00	0.00000e+00	0.00000e+00	0.00000e+00	0.00000e+00	0.00000e+00	0.00000e+00	0.00000e+00	0.00000e+00	0.00000e+00	0.00000e+00	0.00000e+00	0.00000e+00	0.00000e+00	0.00000e+00	0.00000e+00	0.00000e+00	0.00000e+00	0.00000e+00	0.00000e+00	0.00000e+00	0.00000e+00	0.00000e+00	0.00000e+00	0.00000e+00	0.00000e+00	0.00000e+00	0.00000e+00	0.00000e+00	0.00000e+00	0.00000e+00	0.00000e+00	0.00000e+00	0.00000e+00	0.00000e+00	0.00000e+00	0.00000e+00	0.00000e+00	0.00000e+00	0.00000e+00	0.00000e+00	0.00000e+00	0.00000e+00	0.00000e+00	0.00000e+00	0.00000e+00	0.00000e+00	0.00000e+00	0.00000e+00	0.00000e+00	0.00000e+00	0.00000e+00	0.00000e+00	0.00000e+00	0.00000e+00	0.00000e+00	0.00000e+00	0.00000e+00	0.00000e+00	0.00000e+00	0.00000e+00	0.00000e+00	0.00000e+00	0.00000e+00	0.00000e+00	0.00000e+00	0.00000e+00	0.00000e+00	0.00000e+00	0.00000e+00	0.00000e+00	0.00000e+00	0.00000e+00	0.00000e+00	0.00000e+00	0.00000e+00	0.00000e+00	0.00000e+00	0.00000e+00	0.00000e+00	0.00000e+00	0.00000e+00	0.00000e+00	0.00000e+00	0.00000e+00	0.00000e+00	0.00000e+00	0.00000e+00	0.00000e+00	0.00000e+00	0.00000e+00	0.00000e+00	0.00000e+00	0.00000e+00	0.00000e+00	0.00000e+00
19.44	0.00000e+00	0.00000e+00	0.00000e+00	0.00000e+00	0.00000e+00	0.00000e+00	0.00000e+00	0.00000e+00	0.00000e+00	0.00000e+00	0.00000e+00	0.00000e+00	0.00000e+00	0.00000e+00	0.00000e+00	0.00000e+00	0.00000e+00	0.00000e+00	0.00000e+00	0.00000e+00	0.00000e+00	0.00000e+00	0.00000e+00	0.00000e+00	0.00000e+00	0.00000e+00	0.00000e+00	0.00000e+00	0.00000e+00	0.00000e+00	0.00000e+00	0.00000e+00	0.00000e+00	0.00000e+00	0.00000e+00	0.00000e+00	0.00000e+00	0.00000e+00	0.00000e+00	0.00000e+00	0.00000e+00	0.00000e+00	0.00000e+00	0.00000e+00	0.00000e+00	0.00000e+00	0.00000e+00	0.00000e+00	0.00000e+00	0.00000e+00	0.00000e+00	0.00000e+00	0.00000e+00	0.00000e+00	0.00000e+00	0.00000e+00	0.00000e+00	0.00000e+00	0.00000e+00	0.00000e+00	0.00000e+00	0.00000e+00	0.00000e+00	0.00000e+00	0.00000e+00	0.00000e+00	0.00000e+00	0.00000e+00	0.00000e+00	0.00000e+00	0.00000e+00	0.00000e+00	0.00000e+00	0.00000e+00	0.00000e+00	0.00000e+00	0.00000e+00	0.00000e+00	0.00000e+00	0.00000e+00	0.00000e+00	0.00000e+00	0.00000e+00	0.00000e+00	0.00000e+00	0.00000e+00	0.00000e+00	0.00000e+00	0.00000e+00	0.00000e+00	0.00000e+00	0.00000e+00	0.00000e+00	0.00000e+00	0.00000e+00	0.00000e+00	0.00000e+00	0.00000e+00	0.00000e+00	0.00000e+00	0.00000e+00	0.00000e+00	0.00000e+00	0.00000e+00	0.00000e+00	0.00000e+00	0.00000e+00	0.00000e+00	0.00000e+00	0.00000e+00	0.00000e+00	0.00000e+00	0.00000e+00	0.00000e+00	0.00000e+00	0.00000e+00	0.00000e+00	0.00000e+00	0.00000e+00	0.00000e+00	0.00000e+00	0.00000e+00	0.00000e+00	0.00000e+00	0.00000e+00	0.00000e+00	0.00000e+00	0.00000e+00	0.00000e+00	0.00000e+00	0.00000e+00	0.00000e+00	0.00000e+00	0.00000e+00	0.00000e+00	0.00000e+00	0.00000e+00	0.00000e+00	0.00000e+00	0.00000e+00	0.00000e+00	0.00000e+00	0.00000e+00	0.00000e+00	0.00000e+00
19.47	0.00000e+00	0.00000e+00	0.00000e+00	0.00000e+00	0.00000e+00	0.00000e+00	0.00000e+00	0.00000e+00	0.00000e+00	0.00000e+00	0.00000e+00	0.00000e+00	0.00000e+00	0.00000e+00	0.00000e+00	0.00000e+00	0.00000e+00	0.00000e+00	0.00000e+00	0.00000e+00	0.00000e+00	0.00000e+00	0.00000e+00	0.00000e+00	0.00000e+00	0.00000e+00	0.00000e+00	0.00000e+00	0.00000e+00	0.00000e+00	0.00000e+00	0.00000e+00	0.00000e+00	0.00000e+00	0.00000e+00	0.00000e+00	0.00000e+00	0.00000e+00	0.00000e+00	0.00000e+00	0.00000e+00	0.00000e+00	0.00000e+00	0.00000e+00	0.00000e+00	0.00000e+00	0.00000e+00	0.00000e+00	0.00000e+00	0.00000e+00	0.00000e+00	0.00000e+00	0.00000e+00	0.00000e+00	0.00000e+00	0.00000e+00	0.00000e+00	0.00000e+00	0.00000e+00	0.00000e+00	0.00000e+00	0.00000e+00	0.00000e+00	0.00000e+00	0.00000e+00	0.00000e+00	0.00000e+00	0.00000e+00	0.00000e+00	0.00000e+00	0.00000e+00	0.00000e+00	0.00000e+00	0.00000e+00	0.00000e+00	0.00000e+00	0.00000e+00	0.00000e+00	0.00000e+00	0.00000e+00	0.00000e+00	0.00000e+00	0.00000e+00	0.00000e+00	0.00000e+00	0.00000e+00	0.00000e+00	0.00000e+00	0.00000e+00	0.00000e+00	0.00000e+00	0.00000e+00	0.00000e+00	0.00000e+00	0.00000e+00	0.00000e+00	0.00000e+00	0.00000e+00	0.00000e+00	0.00000e+00	0.00000e+00	0.00000e+00	0.00000e+00	0.00000e+00	0.00000e+00	0.00000e+00	0.00000e+00	0.00000e+00	0.00000e+00	0.00000e+00	0.00000e+00	0.00000e+00	0.00000e+00	0.00000e+00	0.00000e+00	0.00000e+00	0.00000e+00	0.00000e+00	0.00000e+00	0.00000e+00	0.00000e+00	0.00000e+00	0.00000e+00	0.00000e+00	0.00000e+00	0.00000e+00	0.00000e+00	0.00000e+00	0.00000e+00	0.00000e+00	0.00000e+00	0.00000e+00	0.00000e+00	0.00000e+00	0.00000e+00	0.00000e+00	0.00000e+00	0.00000e+00	0.00000e+00	0.00000e+00	0.00000e+00	0.00000e+00	0.00000e+00	0.00000e+00	0.00000e+00
19.51	0.00000e+00	0.00000e+00	0.00000e+00	0.00000e+00	0.00000e+00	0.00000e+00	0.00000e+00	0.00000e+00	0.00000e+00	0.00000e+00	0.00000e+00	0.00000e+00	0.00000e+00	0.00000e+00	0.00000e+00	0.00000e+00	0.00000e+00	0.00000e+00	0.00000e+00	0.00000e+00	0.00000e+00	0.00000e+00	0.00000e+00	0.00000e+00	0.00000e+00	0.00000e+00	0.00000e+00	0.00000e+00	0.00000e+00	0.00000e+00	0.00000e+00	0.00000e+00	0.00000e+00	0.00000e+00	0.00000e+00	0.00000e+00	0.00000e+00	0.00000e+00	0.00000e+00	0.00000e+00	0.00000e+00	0.00000e+00	0.00000e+00	0.00000e+00	0.00000e+00	0.00000e+00	0.00000e+00	0.00000e+00	0.00000e+00	0.00000e+00	0.00000e+00	0.00000e+00	0.00000e+00	0.00000e+00	0.00000e+00	0.00000e+00	0.00000e+00	0.00000e+00	0.00000e+00	0.00000e+00	0.00000e+00	0.00000e+00	0.00000e+00	0.00000e+00	0.00000e+00	0.00000e+00	0.00000e+00	0.00000e+00	0.00000e+00	0.00000e+00	0.00000e+00	0.00000e+00	0.00000e+00	0.00000e+00	0.00000e+00	0.00000e+00	0.00000e+00	0.00000e+00	0.00000e+00	0.00000e+00	0.00000e+00	0.00000e+00	0.00000e+00	0.00000e+00	0.00000e+00	0.00000e+00	0.00000e+00	0.00000e+00	0.00000e+00	0.00000e+00	0.00000e+00	0.00000e+00	0.00000e+00	0.00000e+00	0.00000e+00	0.00000e+00	0.00000e+00	0.00000e+00	0.00000e+00	0.00000e+00	0.00000e+00	0.00000e+00	0.00000e+00	0.00000e+00	0.00000e+00	0.00000e+00	0.00000e+00	0.00000e+00	0.00000e+00	0.00000e+00	0.00000e+00	0.00000e+00	0.00000e+00	0.00000e+00	0.00000e+00	0.00000e+00	0.00000e+00	0.00000e+00	0.00000e+00	0.00000e+00	0.00000e+00	0.00000e+00	0.00000e+00	0.00000e+00	0.00000e+00	0.00000e+00	0.00000e+00	0.00000e+00	0.00000e+00	0.00000e+00	0.00000e+00	0.00000e+00	0.00000e+00	0.00000e+00	0.00000e+00	0.00000e+00	0.00000e+00	0.00000e+00	0.00000e+00	0.00000e+00	0.00000e+00	0.00000e+00	0.00000e+00	0.00000e+00	0.00000e+00
19.54	4.69981e-279	4.69981e-279	4.69981e-279	4.69981e-279	4.69981e-279	4.69981e-279	4.69981e-279	4.69981e-279	4.69981e-279	4.69981e-279	4.69981e-279	4.69981e-279	4.69981e-279	4.69981e-279	4.69981e-279	4.69981e-279	4.69981e-279	4.69981e-279	4.69981e-279	4.69981e-279	4.69981e-279	4.69981e-279	4.69981e-279	4.69981e-279	4.69981e-279	4.69981e-279	4.69981e-279	4.69981e-279	4.69981e-279	4.69981e-279	4.69981e-279	4.69981e-279	4.69981e-279	4.69981e-279	4.69981e-279	4.69981e-279	4.69981e-279	4.69981e-279	4.69981e-279	4.69981e-279	4.69981e-279	4.69981e-279	4.69981e-279	4.69981e-279	4.69981e-279	4.69981e-279	4.69981e-279	4.69981e-279	4.69981e-279	4.69981e-279	4.69981e-279	4.69981e-279	4.69981e-279	4.69981e-279	4.69981e-279	4.69981e-279	4.69981e-279	4.69981e-279	4.69981e-279	4.69981e-279	4.69981e-279	4.69981e-279	4.69981e-279	4.69981e-279	4.69981e-279	4.69981e-279	4.69981e-279	4.69981e-279	4.69981e-279	4.69981e-279	4.69981e-279	4.69981e-279	4.69981e-279	4.69981e-279	4.69981e-279	4.69981e-279	4.69981e-279	4.69981e-279	4.69981e-279	4.69981e-279	4.69981e-279	4.69981e-279	4.69981e-279	4.69981e-279	4.69981e-279	4.69981e-279	4.69981e-279	4.69981e-279	4.69981e-279	4.69981e-279	4.69981e-279	4.69981e-279	4.69981e-279	4.69981e-279	4.69981e-279	4.69981e-279	4.69981e-279	4.69981e-279	4.69981e-279	4.69981e-279	4.69981e-279	4.69981e-279	4.69981e-279	4.69981e-279	4.69981e-279	4.69981e-279	4.69981e-279	4.69981e-279	4.69981e-279	4.69981e-279	4.69981e-279	4.69981e-279	4.69981e-279	4.69981e-279	4.69981e-279	4.69981e-279	4.69981e-279	4.69981e-279	4.69981e-279	4.69981e-279	4.69981e-279	4.69981e-279	4.69981e-279	4.69981e-279	4.69981e-279	4.69981e-279	4.69981e-279	4.69981e-279	4.69981e-279	4.69981e-279	4.69981e-279	4.69981e-279	4.69981e-279	4.69981e-279	4.69981e-279	4.69981e-279	4.69981e-279	4.69981e-279	4.69981e-279	4.69981e-279	4.69981e-279	4.69981e-279	4.69981e-279	4.69981e-279	4.69981e-279
19.57	3.15375e-261	3.15375e-261	3.15375e-261	3.15375e-261	3.15375e-261	3.15375e-261	3.15375e-261	3.15375e-261	3.15375e-261	3.15375e-261	3.15375e-261	3.15375e-261	3.15375e-261	3.15375e-261	3.15375e-261	3.15375e-261	3.15375e-261	3.15375e-261	3.15375e-261	3.15375e-261	3.15375e-261	3.15375e-261	3.15375e-261	3.15375e-261	3.15375e-261	3.15375e-261	3.15375e-261	3.15375e-261	3.15375e-261	3.15375e-261	3.15375e-261	3.15375e-261	3.15375e-261	3.15375e-261	3.15375e-261	3.15375e-261	3.15375e-261	3.15375e-261	3.15375e-261	3.15375e-261	3.15375e-261	3.15375e-261	3.15375e-261	3.15375e-261	3.15375e-261	3.15375e-261	3.15375e-261	3.15375e-261	3.15375e-261	3.15375e-261	3.15375e-261	3.15375e-261	3.15375e-261	3.15375e-261	3.15375e-261	3.15375e-261	3.15375e-261	3.15375e-261	3.15375e-261	3.15375e-261	3.15375e-261	3.15375e-261	3.15375e-261	3.15375e-261	3.15375e-261	3.15375e-261	3.15375e-261	3.15375e-261	3.15375e-261	3.15375e-261	3.15375e-261	3.15375e-261	3.15375e-261	3.15375e-261	3.15375e-261	3.15375e-261	3.15375e-261	3.15375e-261	3.15375e-261	3.15375e-261	3.15375e-261	3.15375e-261	3.15375e-261	3.15375e-261	3.15375e-261	3.15375e-261	3.15375e-261	3.15375e-261	3.15375e-261	3.15375e-261	3.15375e-261	3.15375e-261	3.15375e-261	3.15375e-261	3.15375e-261	3.15375e-261	3.15375e-261	3.15375e-261	3.15375e-261	3.15375e-261	3.15375e-261	3.15375e-261	3.15375e-261	3.15375e-261	3.15375e-261	3.15375e-261	3.15375e-261	3.15375e-261	3.15375e-261	3.15375e-261	3.15375e-261	3.15375e-261	3.15375e-261	3.15375e-261	3.15375e-261	3.15375e-261	3.15375e-261	3.15375e-261	3.15375e-261	3.15375e-261	3.15375e-261	3.15375e-261	3.15375e-261	3.15375e-261	3.15375e-261	3.15375e-261	3.15375e-261	3.15375e-261	3.15375e-261	3.15375e-261	3.15375e-261	3.15375e-261	3.15375e-261	3.15375e-261	3.15375e-261	3.15375e-261	3.15375e-261	3.15375e-261	3.15375e-261	3.15375e-261	3.15375e-261	3.15375e-261	3.15375e-261	3.15375e-261	3.15375e-261
19.61	9.13308e-245	9.13308e-245	9.13308e-245	9.13308e-245	9.13308e-245	9.13308e-245	9.13308e-245	9.13308e-245	9.13308e-245	9.13308e-245	9.13308e-245	9.13308e-245	9.13308e-245	9.13308e-245	9.13308e-245	9.13308e-245	9.13308e-245	9.13308e-245	9.13308e-245	9.13308e-245	9.13308e-245	9.13308e-245	9.13308e-245	9.13308e-245	9.13308e-245	9.13308e-245	9.13308e-245	9.13308e-245	9.13308e-245	9.13308e-245	9.13308e-245	9.13308e-245	9.13308e-245	9.13308e-245	9.13308e-245	9.13308e-245	9.13308e-245	9.13308e-245	9.13308e-245	9.13308e-245	9.13308e-245	9.13308e-245	9.13308e-245	9.13308e-245	9.13308e-245	9.13308e-245	9.13308e-245	9.13308e-245	9.13308e-245	9.13308e-245	9.13308e-245	9.13308e-245	9.13308e-245	9.13308e-245	9.13308e-245	9.13308e-245	9.13308e-245	9.13308e-245	9.13308e-245	9.13308e-245	9.13308e-245	9.13308e-245	9.13308e-245	9.13308e-245	9.13308e-245	9.13308e-245	9.13308e-245	9.13308e-245	9.13308e-245	9.13308e-245	9.13308e-245	9.13308e-245	9.13308e-245	9.13308e-245	9.13308e-245	9.13308e-245	9.13308e-245	9.13308e-245	9.13308e-245	9.13308e-245	9.13308e-245	9.13308e-245	9.13308e-245	9.13308e-245	9.13308e-245	9.13308e-245	9.13308e-245	9.13308e-245	9.13308e-245	9.13308e-245	9.13308e-245	9.13308e-245	9.13308e-245	9.13308e-245	9.13308e-245	9.13308e-245	9.13308e-245	9.13308e-245	9.13308e-245	9.13308e-245	9.13308e-245	9.13308e-245	9.13308e-245	9.13308e-245	9.13308e-245	9.13308e-245	9.13308e-245	9.13308e-245	9.13308e-245	9.13308e-245	9.13308e-245	9.13308e-245	9.13308e-245	9.13308e-245	9.13308e-245	9.13308e-245	9.13308e-245	9.13308e-245	9.13308e-245	9.13308e-245	9.13308e-245	9.13308e-245	9.13308e-245	9.13308e-245	9.13308e-245	9.13308e-245	9.13308e-245	9.13308e-245	9.13308e-245	9.13308e-245	9.13308e-245	9.13308e-245	9.13308e-245	9.13308e-245	9.13308e-245	9.13308e-245	9.13308e-245	9.13308e-245	9.13308e-245	9.13308e-245	9.13308e-245	9.13308e-245	9.13308e-245	9.13308e-245	9.13308e-245
19.64	1.48369e-229	1.48369e-229	1.48369e-229	1.48369e-229	1.48369e-229	1.48369e-229	1.48369e-229	1.48369e-229	1.48369e-229	1.48369e-229	1.48369e-229	1.48369e-229	1.48369e-229	1.48369e-229	1.48369e-229	1.48369e-229	1.48369e-229	1.48369e-229	1.48369e-229	1.48369e-229	1.48369e-229	1.48369e-229	1.48369e-229	1.48369e-229	1.48369e-229	1.48369e-229	1.48369e-229	1.48369e-229	1.48369e-229	1.48369e-229	1.48369e-229	1.48369e-229	1.48369e-229	1.48369e-229	1.48369e-229	1.48369e-229	1.48369e-229	1.48369e-229	1.48369e-229	1.48369e-229	1.48369e-229	1.48369e-229	1.48369e-229	1.48369e-229	1.48369e-229	1.48369e-229	1.48369e-229	1.48369e-229	1.48369e-229	1.48369e-229	1.48369e-229	1.48369e-229	1.48369e-229	1.48369e-229	1.48369e-229	1.48369e-229	1.48369e-229	1.48369e-229	1.48369e-229	1.48369e-229	1.48369e-229	1.48369e-229	1.48369e-229	1.48369e-229	1.48369e-229	1.48369e-229	1.48369e-229	1.48369e-229	1.48369e-229	1.48369e-229	1.48369e-229	1.48369e-229	1.48369e-229	1.48369e-229	1.48369e-229	1.48369e-229	1.48369e-229	1.48369e-229	1.48369e-229	1.48369e-229	1.48369e-229	1.48369e-229	1.48369e-229	1.48369e-229	1.48369e-229	1.48369e-229	1.48369e-229	1.48369e-229	1.48369e-229	1.48369e-229	1.48369e-229	1.48369e-229	1.48369e-229	1.48369e-229	1.48369e-229	1.48369e-229	1.48369e-229	1.48369e-229	1.48369e-229	1.48369e-229	1.48369e-229	1.48369e-229	1.48369e-229	1.48369e-229	1.48369e-229	1.48369e-229	1.48369e-229	1.48369e-229	1.48369e-229	1.48369e-229	1.48369e-229	1.48369e-229	1.48369e-229	1.48369e-229	1.48369e-229	1.48369e-229	1.48369e-229	1.48369e-229	1.48369e-229	1.48369e-229	1.48369e-229	1.48369e-229	1.48369e-229	1.48369e-229	1.48369e-229	1.48369e-229	1.48369e-229	1.48369e-229	1.48369e-229	1.48369e-229	1.48369e-229	1.48369e-229	1.48369e-229	1.48369e-229	1.48369e-229	1.48369e-229	1.48369e-229	1.48369e-229	1.48369e-229	1.48369e-229	1.48369e-229	1.48369e-229	1.48369e-229	1.48369e-229	1.48369e-229
19.68	1.67602e-215	1.67602e-215	1.67602e-215	1.67602e-215	1.67602e-215	1.67602e-215	1.67602e-215	1.67602e-215	1.67602e-215	1.67602e-215	1.67602e-215	1.67602e-215	1.67602e-215	1.67602e-215	1.67602e-215	1.67602e-215	1.67602e-215	1.67602e-215	1.67602e-215	1.67602e-215	1.67602e-215	1.67602e-215	1.67602e-215	1.67602e-215	1.67602e-215	1.67602e-215	1.67602e-215	1.67602e-215	1.67602e-215	1.67602e-215	1.67602e-215	1.67602e-215	1.67602e-215	1.67602e-215	1.67602e-215	1.67602e-215	1.67602e-215	1.67602e-215	1.67602e-215	1.67602e-215	1.67602e-215	1.67602e-215	1.67602e-215	1.67602e-215	1.67602e-215	1.67602e-215	1.67602e-215	1.67602e-215	1.67602e-215	1.67602e-215	1.67602e-215	1.67602e-215	1.67602e-215	1.67602e-215	1.67602e-215	1.67602e-215	1.67602e-215	1.67602e-215	1.67602e-215	1.67602e-215	1.67602e-215	1.67602e-215	1.67602e-215	1.67602e-215	1.67602e-215	1.67602e-215	1.67602e-215	1.67602e-215	1.67602e-215	1.67602e-215	1.67602e-215	1.67602e-215	1.67602e-215	1.67602e-215	1.67602e-215	1.67602e-215	1.67602e-215	1.67602e-215	1.67602e-215	1.67602e-215	1.67602e-215	1.67602e-215	1.67602e-215	1.67602e-215	1.67602e-215	1.67602e-215	1.67602e-215	1.67602e-215	1.67602e-215	1.67602e-215	1.67602e-215	1.67602e-215	1.67602e-215	1.67602e-215	1.67602e-215	1.67602e-215	1.67602e-215	1.67602e-215	1.67602e-215	1.67602e-215	1.67602e-215	1.67602e-215	1.67602e-215	1.67602e-215	1.67602e-215	1.67602e-215	1.67602e-215	1.67602e-215	1.67602e-215	1.67602e-215	1.67602e-215	1.67602e-215	1.67602e-215	1.67602e-215	1.67602e-215	1.67602e-215	1.67602e-215	1.67602e-215	1.67602e-215	1.67602e-215	1.67602e-215	1.67602e-215	1.67602e-215	1.67602e-215	1.67602e-215	1.67602e-215	1.67602e-215	1.67602e-215	1.67602e-215	1.67602e-215	1.67602e-215	1.67602e-215	1.67602e-215	1.67602e-215	1.67602e-215	1.67602e-215	1.67602e-215	1.67602e-215	1.67602e-215	1.67602e-215	1.67602e-215	1.67602e-215	1.67602e-215	1.67602e-215	1.67602e-215
19.71	1.64465e-202	1.64465e-202	1.64465e-202	1.64465e-202	1.64465e-202	1.64465e-202	1.64465e-202	1.64465e-202	1.64465e-202	1.64465e-202	1.64465e-202	1.64465e-202	1.64465e-202	1.64465e-202	1.64465e-202	1.64465e-202	1.64465e-202	1.64465e-202	1.64465e-202	1.64465e-202	1.64465e-202	1.64465e-202	1.64465e-202	1.64465e-202	1.64465e-202	1.64465e-202	1.64465e-202	1.64465e-202	1.64465e-202	1.64465e-202	1.64465e-202	1.64465e-202	1.64465e-202	1.64465e-202	1.64465e-202	1.64465e-202	1.64465e-202	1.64465e-202	1.64465e-202	1.64465e-202	1.64465e-202	1.64465e-202	1.64465e-202	1.64465e-202	1.64465e-202	1.64465e-202	1.64465e-202	1.64465e-202	1.64465e-202	1.64465e-202	1.64465e-202	1.64465e-202	1.64465e-202	1.64465e-202	1.64465e-202	1.64465e-202	1.64465e-202	1.64465e-202	1.64465e-202	1.64465e-202	1.64465e-202	1.64465e-202	1.64465e-202	1.64465e-202	1.64465e-202	1.64465e-202	1.64465e-202	1.64465e-202	1.64465e-202	1.64465e-202	1.64465e-202	1.64465e-202	1.64465e-202	1.64465e-202	1.64465e-202	1.64465e-202	1.64465e-202	1.64465e-202	1.64465e-202	1.64465e-202	1.64465e-202	1.64465e-202	1.64465e-202	1.64465e-202	1.64465e-202	1.64465e-202	1.64465e-202	1.64465e-202	1.64465e-202	1.64465e-202	1.64465e-202	1.64465e-202	1.64465e-202	1.64465e-202	1.64465e-202	1.64465e-202	1.64465e-202	1.64465e-202	1.64465e-202	1.64465e-202	1.64465e-202	1.64465e-202	1.64465e-202	1.64465e-202	1.64465e-202	1.64465e-202	1.64465e-202	1.64465e-202	1.64465e-202	1.64465e-202	1.64465e-202	1.64465e-202	1.64465e-202	1.64465e-202	1.64465e-202	1.64465e-202	1.64465e-202	1.64465e-202	1.64465e-202	1.64465e-202	1.64465e-202	1.64465e-202	1.64465e-202	1.64465e-202	1.64465e-202	1.64465e-202	1.64465e-202	1.64465e-202	1.64465e-202	1.64465e-202	1.64465e-202	1.64465e-202	1.64465e-202	1.64465e-202	1.64465e-202	1.64465e-202	1.64465e-202	1.64465e-202	1.64465e-202	1.64465e-202	1.64465e-202	1.64465e-202	1.64465e-202	1.64465e-202	1.64465e-202
19.74	1.66711e-190	1.66711e-190	1.66711e-190	1.66711e-190	1.66711e-190	1.66711e-190	1.66711e-190	1.66711e-190	1.66711e-190	1.66711e-190	1.66711e-190	1.66711e-190	1.66711e-190	1.66711e-190	1.66711e-190	1.66711e-190	1.66711e-190	1.66711e-190	1.66711e-190	1.66711e-190	1.66711e-190	1.66711e-190	1.66711e-190	1.66711e-190	1.66711e-190	1.66711e-190	1.66711e-190	1.66711e-190	1.66711e-190	1.66711e-190	1.66711e-190	1.66711e-190	1.66711e-190	1.66711e-190	1.66711e-190	1.66711e-190	1.66711e-190	1.66711e-190	1.66711e-190	1.66711e-190	1.66711e-190	1.66711e-190	1.66711e-190	1.66711e-190	1.66711e-190	1.66711e-190	1.66711e-190	1.66711e-190	1.66711e-190	1.66711e-190	1.66711e-190	1.66711e-190	1.66711e-190	1.66711e-190	1.66711e-190	1.66711e-190	1.66711e-190	1.66711e-190	1.66711e-190	1.66711e-190	1.66711e-190	1.66711e-190	1.66711e-190	1.66711e-190	1.66711e-190	1.66711e-190	1.66711e-190	1.66711e-190	1.66711e-190	1.66711e-190	1.66711e-190	1.66711e-190	1.66711e-190	1.66711e-190	1.66711e-190	1.66711e-190	1.66711e-190	1.66711e-190	1.66711e-190	1.66711e-190	1.66711e-190	1.66711e-190	1.66711e-190	1.66711e-190	1.66711e-190	1.66711e-190	1.66711e-190	1.66711e-190	1.66711e-190	1.66711e-190	1.66711e-190	1.66711e-190	1.66711e-190	1.66711e-190	1.66711e-190	1.66711e-190	1.66711e-190	1.66711e-190	1.66711e-190	1.66711e-190	1.66711e-190	1.66711e-190	1.66711e-190	1.66711e-190	1.66711e-190	1.66711e-190	1.66711e-190	1.66711e-190	1.66711e-190	1.66711e-190	1.66711e-190	1.66711e-190	1.66711e-190	1.66711e-190	1.66711e-190	1.66711e-190	1.66711e-190	1.66711e-190	1.66711e-190	1.66711e-190	1.66711e-190	1.66711e-190	1.66711e-190	1.66711e-190	1.66711e-190	1.66711e-190	1.66711e-190	1.66711e-190	1.66711e-190	1.66711e-190	1.66711e-190	1.66711e-190	1.66711e-190	1.66711e-190	1.66711e-190	1.66711e-190	1.66711e-190	1.66711e-190	1.66711e-190	1.66711e-190	1.66711e-190	1.66711e-190	1.66711e-190	1.66711e-190	1.66711e-190
19.78	2.10866e-179	2.10866e-179	2.10866e-179	2.10866e-179	2.10866e-179	2.10866e-179	2.10866e-179	2.10866e-179	2.10866e-179	2.10866e-179	2.10866e-179	2.10866e-179	2.10866e-179	2.10866e-179	2.10866e-179	2.10866e-179	2.10866e-179	2.10866e-179	2.10866e-179	2.10866e-179	2.10866e-179	2.10866e-179	2.10866e-179	2.10866e-179	2.10866e-179	2.10866e-179	2.10866e-179	2.10866e-179	2.10866e-179	2.10866e-179	2.10866e-179	2.10866e-179	2.10866e-179	2.10866e-179	2.10866e-179	2.10866e-179	2.10866e-179	2.10866e-179	2.10866e-179	2.10866e-179	2.10866e-179	2.10866e-179	2.10866e-179	2.10866e-179	2.10866e-179	2.10866e-179	2.10866e-179	2.10866e-179	2.10866e-179	2.10866e-179	2.10866e-179	2.10866e-179	2.10866e-179	2.10866e-179	2.10866e-179	2.10866e-179	2.10866e-179	2.10866e-179	2.10866e-179	2.10866e-179	2.10866e-179	2.10866e-179	2.10866e-179	2.10866e-179	2.10866e-179	2.10866e-179	2.10866e-179	2.10866e-179	2.10866e-179	2.10866e-179	2.10866e-179	2.10866e-179	2.10866e-179	2.10866e-179	2.10866e-179	2.10866e-179	2.10866e-179	2.10866e-179	2.10866e-179	2.10866e-179	2.10866e-179	2.10866e-179	2.10866e-179	2.10866e-179	2.10866e-179	2.10866e-179	2.10866e-179	2.10866e-179	2.10866e-179	2.10866e-179	2.10866e-179	2.10866e-179	2.10866e-179	2.10866e-179	2.10866e-179	2.10866e-179	2.10866e-179	2.10866e-179	2.10866e-179	2.10866e-179	2.10866e-179	2.10866e-179	2.10866e-179	2.10866e-179	2.10866e-179	2.10866e-179	2.10866e-179	2.10866e-179	2.10866e-179	2.10866e-179	2.10866e-179	2.10866e-179	2.10866e-179	2.10866e-179	2.10866e-179	2.10866e-179	2.10866e-179	2.10866e-179	2.10866e-179	2.10866e-179	2.10866e-179	2.10866e-179	2.10866e-179	2.10866e-179	2.10866e-179	2.10866e-179	2.10866e-179	2.10866e-179	2.10866e-179	2.10866e-179	2.10866e-179	2.10866e-179	2.10866e-179	2.10866e-179	2.10866e-179	2.10866e-179	2.10866e-179	2.10866e-179	2.10866e-179	2.10866e-179	2.10866e-179	2.10866e-179	2.10866e-179	2.10866e-179	2.10866e-179
19.81	3.87485e-169	3.87485e-169	3.87485e-169	3.87485e-169	3.87485e-169	3.87485e-169	3.87485e-169	3.87485e-169	3.87485e-169	3.87485e-169	3.87485e-169	3.87485e-169	3.87485e-169	3.87485e-169	3.87485e-169	3.87485e-169	3.87485e-169	3.87485e-169	3.87485e-169	3.87485e-169	3.87485e-169	3.87485e-169	3.87485e-169	3.87485e-169	3.87485e-169	3.87485e-169	3.87485e-169	3.87485e-169	3.87485e-169	3.87485e-169	3.87485e-169	3.87485e-169	3.87485e-169	3.87485e-169	3.87485e-169	3.87485e-169	3.87485e-169	3.87485e-169	3.87485e-169	3.87485e-169	3.87485e-169	3.87485e-169	3.87485e-169	3.87485e-169	3.87485e-169	3.87485e-169	3.87485e-169	3.87485e-169	3.87485e-169	3.87485e-169	3.87485e-169	3.87485e-169	3.87485e-169	3.87485e-169	3.87485e-169	3.87485e-169	3.87485e-169	3.87485e-169	3.87485e-169	3.87485e-169	3.87485e-169	3.87485e-169	3.87485e-169	3.87485e-169	3.87485e-169	3.87485e-169	3.87485e-169	3.87485e-169	3.87485e-169	3.87485e-169	3.87485e-169	3.87485e-169	3.87485e-169	3.87485e-169	3.87485e-169	3.87485e-169	3.87485e-169	3.87485e-169	3.87485e-169	3.87485e-169	3.87485e-169	3.87485e-169	3.87485e-169	3.87485e-169	3.87485e-169	3.87485e-169	3.87485e-169	3.87485e-169	3.87485e-169	3.87485e-169	3.87485e-169	3.87485e-169	3.87485e-169	3.87485e-169	3.87485e-169	3.87485e-169	3.87485e-169	3.87485e-169	3.87485e-169	3.87485e-169	3.87485e-169	3.87485e-169	3.87485e-169	3.87485e-169	3.87485e-169	3.87485e-169	3.87485e-169	3.87485e-169	3.87485e-169	3.87485e-169	3.87485e-169	3.87485e-169	3.87485e-169	3.87485e-169	3.87485e-169	3.87485e-169	3.87485e-169	3.87485e-169	3.87485e-169	3.87485e-169	3.87485e-169	3.87485e-169	3.87485e-169	3.87485e-169	3.87485e-169	3.87485e-169	3.87485e-169	3.87485e-169	3.87485e-169	3.87485e-169	3.87485e-169	3.87485e-169	3.87485e-169	3.87485e-169	3.87485e-169	3.87485e-169	3.87485e-169	3.87485e-169	3.87485e-169	3.87485e-169	3.87485e-169	3.87485e-169	3.87485e-169	3.87485e-169	3.87485e-169
19.85	1.35738e-159	1.35738e-159	1.35738e-159	1.35738e-159	1.35738e-159	1.35738e-159	1.35738e-159	1.35738e-159	1.35738e-159	1.35738e-159	1.35738e-159	1.35738e-159	1.35738e-159	1.35738e-159	1.35738e-159	1.35738e-159	1.35738e-159	1.35738e-159	1.35738e-159	1.35738e-159	1.35738e-159	1.35738e-159	1.35738e-159	1.35738e-159	1.35738e-159	1.35738e-159	1.35738e-159	1.35738e-159	1.35738e-159	1.35738e-159	1.35738e-159	1.35738e-159	1.35738e-159	1.35738e-159	1.35738e-159	1.35738e-159	1.35738e-159	1.35738e-159	1.35738e-159	1.35738e-159	1.35738e-159	1.35738e-159	1.35738e-159	1.35738e-159	1.35738e-159	1.35738e-159	1.35738e-159	1.35738e-159	1.35738e-159	1.35738e-159	1.35738e-159	1.35738e-159	1.35738e-159	1.35738e-159	1.35738e-159	1.35738e-159	1.35738e-159	1.35738e-159	1.35738e-159	1.35738e-159	1.35738e-159	1.35738e-159	1.35738e-159	1.35738e-159	1.35738e-159	1.35738e-159	1.35738e-159	1.35738e-159	1.35738e-159	1.35738e-159	1.35738e-159	1.35738e-159	1.35738e-159	1.35738e-159	1.35738e-159	1.35738e-159	1.35738e-159	1.35738e-159	1.35738e-159	1.35738e-159	1.35738e-159	1.35738e-159	1.35738e-159	1.35738e-159	1.35738e-159	1.35738e-159	1.35738e-159	1.35738e-159	1.35738e-159	1.35738e-159	1.35738e-159	1.35738e-159	1.35738e-159	1.35738e-159	1.35738e-159	1.35738e-159	1.35738e-159	1.35738e-159	1.35738e-159	1.35738e-159	1.35738e-159	1.35738e-159	1.35738e-159	1.35738e-159	1.35738e-159	1.35738e-159	1.35738e-159	1.35738e-159	1.35738e-159	1.35738e-159	1.35738e-159	1.35738e-159	1.35738e-159	1.35738e-159	1.35738e-159	1.35738e-159	1.35738e-159	1.35738e-159	1.35738e-159	1.35738e-159	1.35738e-159	1.35738e-159	1.35738e-159	1.35738e-159	1.35738e-159	1.35738e-159	1.35738e-159	1.35738e-159	1.35738e-159	1.35738e-159	1.35738e-159	1.35738e-159	1.35738e-159	1.35738e-159	1.35738e-159	1.35738e-159	1.35738e-159	1.35738e-159	1.35738e-159	1.35738e-159	1.35738e-159	1.35738e-159	1.35738e-159	1.35738e-159	1.35738e-159
19.88	9.76278e-151	9.76278e-151	9.76278e-151	9.76278e-151	9.76278e-151	9.76278e-151	9.76278e-151	9.76278e-151	9.76278e-151	9.76278e-151	9.76278e-151	9.76278e-151	9.76278e-151	9.76278e-151	9.76278e-151	9.76278e-151	9.76278e-151	9.76278e-151	9.76278e-151	9.76278e-151	9.76278e-151	9.76278e-151	9.76278e-151	9.76278e-151	9.76278e-151	9.76278e-151	9.76278e-151	9.76278e-151	9.76278e-151	9.76278e-151	9.76278e-151	9.76278e-151	9.76278e-151	9.76278e-151	9.76278e-151	9.76278e-151	9.76278e-151	9.76278e-151	9.76278e-151	9.76278e-151	9.76278e-151	9.76278e-151	9.76278e-151	9.76278e-151	9.76278e-151	9.76278e-151	9.76278e-151	9.76278e-151	9.76278e-151	9.76278e-151	9.76278e-151	9.76278e-151	9.76278e-151	9.76278e-151	9.76278e-151	9.76278e-151	9.76278e-151	9.76278e-151	9.76278e-151	9.76278e-151	9.76278e-151	9.76278e-151	9.76278e-151	9.76278e-151	9.76278e-151	9.76278e-151	9.76278e-151	9.76278e-151	9.76278e-151	9.76278e-151	9.76278e-151	9.76278e-151	9.76278e-151	9.76278e-151	9.76278e-151	9.76278e-151	9.76278e-151	9.76278e-151	9.76278e-151	9.76278e-151	9.76278e-151	9.76278e-151	9.76278e-151	9.76278e-151	9.76278e-151	9.76278e-151	9.76278e-151	9.76278e-151	9.76278e-151	9.76278e-151	9.76278e-151	9.76278e-151	9.76278e-151	9.76278e-151	9.76278e-151	9.76278e-151	9.76278e-151	9.76278e-151	9.76278e-151	9.76278e-151	9.76278e-151	9.76278e-151	9.76278e-151	9.76278e-151	9.76278e-151	9.76278e-151	9.76278e-151	9.76278e-151	9.76278e-151	9.76278e-151	9.76278e-151	9.76278e-151	9.76278e-151	9.76278e-151	9.76278e-151	9.76278e-151	9.76278e-151	9.76278e-151	9.76278e-151	9.76278e-151	9.76278e-151	9.76278e-151	9.76278e-151	9.76278e-151	9.76278e-151	9.76278e-151	9.76278e-151	9.76278e-151	9.76278e-151	9.76278e-151	9.76278e-151	9.76278e-151	9.76278e-151	9.76278e-151	9.76278e-151	9.76278e-151	9.76278e-151	9.76278e-151	9.76278e-151	9.76278e-151	9.76278e-151	9.76278e-151	9.76278e-151	9.76278e-151	9.76278e-151
19.91	1.47127e-142	1.47127e-142	1.47127e-142	1.47127e-142	1.47127e-142	1.47127e-142	1.47127e-142	1.47127e-142	1.47127e-142	1.47127e-142	1.47127e-142	1.47127e-142	1.47127e-142	1.47127e-142	1.47127e-142	1.47127e-142	1.47127e-142	1.47127e-142	1.47127e-142	1.47127e-142	1.47127e-142	1.47127e-142	1.47127e-142	1.47127e-142	1.47127e-142	1.47127e-142	1.47127e-142	1.47127e-142	1.47127e-142	1.47127e-142	1.47127e-142	1.47127e-142	1.47127e-142	1.47127e-142	1.47127e-142	1.47127e-142	1.47127e-142	1.47127e-142	1.47127e-142	1.47127e-142	1.47127e-142	1.47127e-142	1.47127e-142	1.47127e-142	1.47127e-142	1.47127e-142	1.47127e-142	1.47127e-142	1.47127e-142	1.47127e-142	1.47127e-142	1.47127e-142	1.47127e-142	1.47127e-142	1.47127e-142	1.47127e-142	1.47127e-142	1.47127e-142	1.47127e-142	1.47127e-142	1.47127e-142	1.47127e-142	1.47127e-142	1.47127e-142	1.47127e-142	1.47127e-142	1.47127e-142	1.47127e-142	1.47127e-142	1.47127e-142	1.47127e-142	1.47127e-142	1.47127e-142	1.47127e-142	1.47127e-142	1.47127e-142	1.47127e-142	1.47127e-142	1.47127e-142	1.47127e-142	1.47127e-142	1.47127e-142	1.47127e-142	1.47127e-142	1.47127e-142	1.47127e-142	1.47127e-142	1.47127e-142	1.47127e-142	1.47127e-142	1.47127e-142	1.47127e-142	1.47127e-142	1.47127e-142	1.47127e-142	1.47127e-142	1.47127e-142	1.47127e-142	1.47127e-142	1.47127e-142	1.47127e-142	1.47127e-142	1.47127e-142	1.47127e-142	1.47127e-142	1.47127e-142	1.47127e-142	1.47127e-142	1.47127e-142	1.47127e-142	1.47127e-142	1.47127e-142	1.47127e-142	1.47127e-142	1.47127e-142	1.47127e-142	1.47127e-142	1.47127e-142	1.47127e-142	1.47127e-142	1.47127e-142	1.47127e-142	1.47127e-142	1.47127e-142	1.47127e-142	1.47127e-142	1.47127e-142	1.47127e-142	1.47127e-142	1.47127e-142	1.47127e-142	1.47127e-142	1.47127e-142	1.47127e-142	1.47127e-142	1.47127e-142	1.47127e-142	1.47127e-142	1.47127e-142	1.47127e-142	1.47127e-142	1.47127e-142	1.47127e-142	1.47127e-142	1.47127e-142
19.95	5.19491e-135	5.19491e-135	5.19491e-135	5.19491e-135	5.19491e-135	5.19491e-135	5.19491e-135	5.19491e-135	5.19491e-135	5.19491e-135	5.19491e-135	5.19491e-135	5.19491e-135	5.19491e-135	5.19491e-135	5.19491e-135	5.19491e-135	5.19491e-135	5.19491e-135	5.19491e-135	5.19491e-135	5.19491e-135	5.19491e-135	5.19491e-135	5.19491e-135	5.19491e-135	5.19491e-135	5.19491e-135	5.19491e-135	5.19491e-135	5.19491e-135	5.19491e-135	5.19491e-135	5.19491e-135	5.19491e-135	5.19491e-135	5.19491e-135	5.19491e-135	5.19491e-135	5.19491e-135	5.19491e-135	5.19491e-135	5.19491e-135	5.19491e-135	5.19491e-135	5.19491e-135	5.19491e-135	5.19491e-135	5.19491e-135	5.19491e-135	5.19491e-135	5.19491e-135	5.19491e-135	5.19491e-135	5.19491e-135	5.19491e-135	5.19491e-135	5.19491e-135	5.19491e-135	5.19491e-135	5.19491e-135	5.19491e-135	5.19491e-135	5.19491e-135	5.19491e-135	5.19491e-135	5.19491e-135	5.19491e-135	5.19491e-135	5.19491e-135	5.19491e-135	5.19491e-135	5.19491e-135	5.19491e-135	5.19491e-135	5.19491e-135	5.19491e-135	5.19491e-135	5.19491e-135	5.19491e-135	5.19491e-135	5.19491e-135	5.19491e-135	5.19491e-135	5.19491e-135	5.19491e-135	5.19491e-135	5.19491e-135	5.19491e-135	5.19491e-135	5.19491e-135	5.19491e-135	5.19491e-135	5.19491e-135	5.19491e-135	5.19491e-135	5.19491e-135	5.19491e-135	5.19491e-135	5.19491e-135	5.19491e-135	5.19491e-135	5.19491e-135	5.19491e-135	5.19491e-135	5.19491e-135	5.19491e-135	5.19491e-135	5.19491e-135	5.19491e-135	5.19491e-135	5.19491e-135	5.19491e-135	5.19491e-135	5.19491e-135	5.19491e-135	5.19491e-135	5.19491e-135	5.19491e-135	5.19491e-135	5.19491e-135	5.19491e-135	5.19491e-135	5.19491e-135	5.19491e-135	5.19491e-135	5.19491e-135	5.19491e-135	5.19491e-135	5.19491e-135	5.19491e-135	5.19491e-135	5.19491e-135	5.19491e-135	5.19491e-135	5.19491e-135	5.19491e-135	5.19491e-135	5.19491e-135	5.19491e-135	5.19491e-135	5.19491e-135	5.19491e-135	5.19491e-135	5.19491e-135
19.98	5.35305e-128	5.35305e-128	5.35305e-128	5.35305e-128	5.35305e-128	5.35305e-128	5.35305e-128	5.35305e-128	5.35305e-128	5.35305e-128	5.35305e-128	5.35305e-128	5.35305e-128	5.35305e-128	5.35305e-128	5.35305e-128	5.35305e-128	5.35305e-128	5.35305e-128	5.35305e-128	5.35305e-128	5.35305e-128	5.35305e-128	5.35305e-128	5.35305e-128	5.35305e-128	5.35305e-128	5.35305e-128	5.35305e-128	5.35305e-128	5.35305e-128	5.35305e-128	5.35305e-128	5.35305e-128	5.35305e-128	5.35305e-128	5.35305e-128	5.35305e-128	5.35305e-128	5.35305e-128	5.35305e-128	5.35305e-128	5.35305e-128	5.35305e-128	5.35305e-128	5.35305e-128	5.35305e-128	5.35305e-128	5.35305e-128	5.35305e-128	5.35305e-128	5.35305e-128	5.35305e-128	5.35305e-128	5.35305e-128	5.35305e-128	5.35305e-128	5.35305e-128	5.35305e-128	5.35305e-128	5.35305e-128	5.35305e-128	5.35305e-128	5.35305e-128	5.35305e-128	5.35305e-128	5.35305e-128	5.35305e-128	5.35305e-128	5.35305e-128	5.35305e-128	5.35305e-128	5.35305e-128	5.35305e-128	5.35305e-128	5.35305e-128	5.35305e-128	5.35305e-128	5.35305e-128	5.35305e-128	5.35305e-128	5.35305e-128	5.35305e-128	5.35305e-128	5.35305e-128	5.35305e-128	5.35305e-128	5.35305e-128	5.35305e-128	5.35305e-128	5.35305e-128	5.35305e-128	5.35305e-128	5.35305e-128	5.35305e-128	5.35305e-128	5.35305e-128	5.35305e-128	5.35305e-128	5.35305e-128	5.35305e-128	5.35305e-128	5.35305e-128	5.35305e-128	5.35305e-128	5.35305e-128	5.35305e-128	5.35305e-128	5.35305e-128	5.35305e-128	5.35305e-128	5.35305e-128	5.35305e-128	5.35305e-128	5.35305e-128	5.35305e-128	5.35305e-128	5.35305e-128	5.35305e-128	5.35305e-128	5.35305e-128	5.35305e-128	5.35305e-128	5.35305e-128	5.35305e-128	5.35305e-128	5.35305e-128	5.35305e-128	5.35305e-128	5.35305e-128	5.35305e-128	5.35305e-128	5.35305e-128	5.35305e-128	5.35305e-128	5.35305e-128	5.35305e-128	5.35305e-128	5.35305e-128	5.35305e-128	5.35305e-128	5.35305e-128	5.35305e-128	5.35305e-128	5.35305e-128
20.02	1.71752e-121	1.71752e-121	1.71752e-121	1.71752e-121	1.71752e-121	1.71752e-121	1.71752e-121	1.71752e-121	1.71752e-121	1.71752e-121	1.71752e-121	1.71752e-121	1.71752e-121	1.71752e-121	1.71752e-121	1.71752e-121	1.71752e-121	1.71752e-121	1.71752e-121	1.71752e-121	1.71752e-121	1.71752e-121	1.71752e-121	1.71752e-121	1.71752e-121	1.71752e-121	1.71752e-121	1.71752e-121	1.71752e-121	1.71752e-121	1.71752e-121	1.71752e-121	1.71752e-121	1.71752e-121	1.71752e-121	1.71752e-121	1.71752e-121	1.71752e-121	1.71752e-121	1.71752e-121	1.71752e-121	1.71752e-121	1.71752e-121	1.71752e-121	1.71752e-121	1.71752e-121	1.71752e-121	1.71752e-121	1.71752e-121	1.71752e-121	1.71752e-121	1.71752e-121	1.71752e-121	1.71752e-121	1.71752e-121	1.71752e-121	1.71752e-121	1.71752e-121	1.71752e-121	1.71752e-121	1.71752e-121	1.71752e-121	1.71752e-121	1.71752e-121	1.71752e-121	1.71752e-121	1.71752e-121	1.71752e-121	1.71752e-121	1.71752e-121	1.71752e-121	1.71752e-121	1.71752e-121	1.71752e-121	1.71752e-121	1.71752e-121	1.71752e-121	1.71752e-121	1.71752e-121	1.71752e-121	1.71752e-121	1.71752e-121	1.71752e-121	1.71752e-121	1.71752e-121	1.71752e-121	1.71752e-121	1.71752e-121	1.71752e-121	1.71752e-121	1.71752e-121	1.71752e-121	1.71752e-121	1.71752e-121	1.71752e-121	1.71752e-121	1.71752e-121	1.71752e-121	1.71752e-121	1.71752e-121	1.71752e-121	1.71752e-121	1.71752e-121	1.71752e-121	1.71752e-121	1.71752e-121	1.71752e-121	1.71752e-121	1.71752e-121	1.71752e-121	1.71752e-121	1.71752e-121	1.71752e-121	1.71752e-121	1.71752e-121	1.71752e-121	1.71752e-121	1.71752e-121	1.71752e-121	1.71752e-121	1.71752e-121	1.71752e-121	1.71752e-121	1.71752e-121	1.71752e-121	1.71752e-121	1.71752e-121	1.71752e-121	1.71752e-121	1.71752e-121	1.71752e-121	1.71752e-121	1.71752e-121	1.71752e-121	1.71752e-121	1.71752e-121	1.71752e-121	1.71752e-121	1.71752e-121	1.71752e-121	1.71752e-121	1.71752e-121	1.71752e-121	1.71752e-121	1.71752e-121
20.05	1.76381e-115	1.76381e-115	1.76381e-115	1.76381e-115	1.76381e-115	1.76381e-115	1.76381e-115	1.76381e-115	1.76381e-115	1.76381e-115	1.76381e-115	1.76381e-115	1.76381e-115	1.76381e-115	1.76381e-115	1.76381e-115	1.76381e-115	1.76381e-115	1.76381e-115	1.76381e-115	1.76381e-115	1.76381e-115	1.76381e-115	1.76381e-115	1.76381e-115	1.76381e-115	1.76381e-115	1.76381e-115	1.76381e-115	1.76381e-115	1.76381e-115	1.76381e-115	1.76381e-115	1.76381e-115	1.76381e-115	1.76381e-115	1.76381e-115	1.76381e-115	1.76381e-115	1.76381e-115	1.76381e-115	1.76381e-115	1.76381e-115	1.76381e-115	1.76381e-115	1.76381e-115	1.76381e-115	1.76381e-115	1.76381e-115	1.76381e-115	1.76381e-115	1.76381e-115	1.76381e-115	1.76381e-115	1.76381e-115	1.76381e-115	1.76381e-115	1.76381e-115	1.76381e-115	1.76381e-115	1.76381e-115	1.76381e-115	1.76381e-115	1.76381e-115	1.76381e-115	1.76381e-115	1.76381e-115	1.76381e-115	1.76381e-115	1.76381e-115	1.76381e-115	1.76381e-115	1.76381e-115	1.76381e-115	1.76381e-115	1.76381e-115	1.76381e-115	1.76381e-115	1.76381e-115	1.76381e-115	1.76381e-115	1.76381e-115	1.76381e-115	1.76381e-115	1.76381e-115	1.76381e-115	1.76381e-115	1.76381e-115	1.76381e-115	1.76381e-115	1.76381e-115	1.76381e-115	1.76381e-115	1.76381e-115	1.76381e-115	1.76381e-115	1.76381e-115	1.76381e-115	1.76381e-115	1.76381e-115	1.76381e-115	1.76381e-115	1.76381e-115	1.76381e-115	1.76381e-115	1.76381e-115	1.76381e-115	1.76381e-115	1.76381e-115	1.76381e-115	1.76381e-115	1.76381e-115	1.76381e-115	1.76381e-115	1.76381e-115	1.76381e-115	1.76381e-115	1.76381e-115	1.76381e-115	1.76381e-115	1.76381e-115	1.76381e-115	1.76381e-115	1.76381e-115	1.76381e-115	1.76381e-115	1.76381e-115	1.76381e-115	1.76381e-115	1.76381e-115	1.76381e-115	1.76381e-115	1.76381e-115	1.76381e-115	1.76381e-115	1.76381e-115	1.76381e-115	1.76381e-115	1.76381e-115	1.76381e-115	1.76381e-115	1.76381e-115	1.76381e-115	1.76381e-115	1.76381e-115
20.08	7.01324e-110	7.01325e-110	7.01325e-110	7.01325e-110	7.01325e-110	7.01325e-110	7.01325e-110	7.01325e-110	7.01325e-110	7.01325e-110	7.01325e-110	7.01325e-110	7.01325e-110	7.01325e-110	7.01325e-110	7.01325e-110	7.01325e-110	7.01325e-110	7.01325e-110	7.01325e-110	7.01325e-110	7.01325e-110	7.01325e-110	7.01325e-110	7.01325e-110	7.01325e-110	7.01325e-110	7.01325e-110	7.01325e-110	7.01325e-110	7.01325e-110	7.01325e-110	7.01325e-110	7.01325e-110	7.01325e-110	7.01325e-110	7.01325e-110	7.01325e-110	7.01325e-110	7.01325e-110	7.01325e-110	7.01325e-110	7.01325e-110	7.01325e-110	7.01325e-110	7.01325e-110	7.01325e-110	7.01325e-110	7.01325e-110	7.01325e-110	7.01325e-110	7.01325e-110	7.01325e-110	7.01325e-110	7.01325e-110	7.01325e-110	7.01325e-110	7.01325e-110	7.01325e-110	7.01325e-110	7.01325e-110	7.01325e-110	7.01325e-110	7.01325e-110	7.01325e-110	7.01325e-110	7.01325e-110	7.01325e-110	7.01325e-110	7.01325e-110	7.01325e-110	7.01325e-110	7.01325e-110	7.01325e-110	7.01325e-110	7.01325e-110	7.01325e-110	7.01325e-110	7.01325e-110	7.01325e-110	7.01325e-110	7.01325e-110	7.01325e-110	7.01325e-110	7.01325e-110	7.01325e-110	7.01325e-110	7.01325e-110	7.01325e-110	7.01325e-110	7.01325e-110	7.01325e-110	7.01325e-110	7.01325e-110	7.01325e-110	7.01325e-110	7.01325e-110	7.01325e-110	7.01325e-110	7.01325e-110	7.01325e-110	7.01325e-110	7.01325e-110	7.01325e-110	7.01325e-110	7.01325e-110	7.01325e-110	7.01325e-110	7.01325e-110	7.01325e-110	7.01325e-110	7.01325e-110	7.01325e-110	7.01325e-110	7.01325e-110	7.01325e-110	7.01325e-110	7.01325e-110	7.01325e-110	7.01325e-110	7.01325e-110	7.01325e-110	7.01325e-110	7.01325e-110	7.01325e-110	7.01325e-110	7.01325e-110	7.01325e-110	7.01325e-110	7.01325e-110	7.01325e-110	7.01325e-110	7.01325e-110	7.01325e-110	7.01325e-110	7.01325e-110	7.01325e-110	7.01325e-110	7.01325e-110	7.01325e-110	7.01325e-110	7.01325e-110	7.01325e-110	7.01325e-110	7.01325e-110
20.12	1.05684e-104	1.05685e-104	1.05685e-104	1.05685e-104	1.05685e-104	1.05685e-104	1.05685e-104	1.05685e-104	1.05685e-104	1.05685e-104	1.05685e-104	1.05685e-104	1.05685e-104	1.05685e-104	1.05685e-104	1.05685e-104	1.05685e-104	1.05685e-104	1.05685e-104	1.05685e-104	1.05685e-104	1.05685e-104	1.05685e-104	1.05685e-104	1.05685e-104	1.05685e-104	1.05685e-104	1.05685e-104	1.05685e-104	1.05685e-104	1.05685e-104	1.05685e-104	1.05685e-104	1.05685e-104	1.05685e-104	1.05685e-104	1.05685e-104	1.05685e-104	1.05685e-104	1.05685e-104	1.05685e-104	1.05685e-104	1.05685e-104	1.05685e-104	1.05685e-104	1.05685e-104	1.05685e-104	1.05685e-104	1.05685e-104	1.05685e-104	1.05685e-104	1.05685e-104	1.05685e-104	1.05685e-104	1.05685e-104	1.05685e-104	1.05685e-104	1.05685e-104	1.05685e-104	1.05685e-104	1.05685e-104	1.05685e-104	1.05685e-104	1.05685e-104	1.05685e-104	1.05685e-104	1.05685e-104	1.05685e-104	1.05685e-104	1.05685e-104	1.05685e-104	1.05685e-104	1.05685e-104	1.05685e-104	1.05685e-104	1.05685e-104	1.05685e-104	1.05685e-104	1.05685e-104	1.05685e-104	1.05685e-104	1.05685e-104	1.05685e-104	1.05685e-104	1.05685e-104	1.05685e-104	1.05685e-104	1.05685e-104	1.05685e-104	1.05685e-104	1.05685e-104	1.05685e-104	1.05685e-104	1.05685e-104	1.05685e-104	1.05685e-104	1.05685e-104	1.05685e-104	1.05685e-104	1.05685e-104	1.05685e-104	1.05685e-104	1.05685e-104	1.05685e-104	1.05685e-104	1.05685e-104	1.05685e-104	1.05685e-104	1.05685e-104	1.05685e-104	1.05685e-104	1.05685e-104	1.05685e-104	1.05685e-104	1.05685e-104	1.05685e-104	1.05685e-104	1.05685e-104	1.05685e-104	1.05685e-104	1.05685e-104	1.05685e-104	1.05685e-104	1.05685e-104	1.05685e-104	1.05685e-104	1.05685e-104	1.05685e-104	1.05685e-104	1.05685e-104	1.05685e-104	1.05685e-104	1.05685e-104	1.05685e-104	1.05685e-104	1.05685e-104	1.05685e-104	1.05685e-104	1.05685e-104	1.05685e-104	1.05685e-104	1.05685e-104	1.05685e-104	1.05685e-104	1.05685e-104
20.15	6.84617e-100	6.84622e-100	6.84622e-100	6.84622e-100	6.84622e-100	6.84622e-100	6.84622e-100	6.84622e-100	6.84622e-100	6.84622e-100	6.84622e-100	6.84622e-100	6.84622e-100	6.84622e-100	6.84622e-100	6.84622e-100	6.84622e-100	6.84622e-100	6.84622e-100	6.84622e-100	6.84622e-100	6.84622e-100	6.84622e-100	6.84622e-100	6.84622e-100	6.84622e-100	6.84622e-100	6.84622e-100	6.84622e-100	6.84622e-100	6.84622e-100	6.84622e-100	6.84622e-100	6.84622e-100	6.84622e-100	6.84622e-100	6.84622e-100	6.84622e-100	6.84622e-100	6.84622e-100	6.84622e-100	6.84622e-100	6.84622e-100	6.84622e-100	6.84622e-100	6.84622e-100	6.84622e-100	6.84622e-100	6.84622e-100	6.84622e-100	6.84622e-100	6.84622e-100	6.84622e-100	6.84622e-100	6.84622e-100	6.84622e-100	6.84622e-100	6.84622e-100	6.84622e-100	6.84622e-100	6.84622e-100	6.84622e-100	6.84622e-100	6.84622e-100	6.84622e-100	6.84622e-100	6.84622e-100	6.84622e-100	6.84622e-100	6.84622e-100	6.84622e-100	6.84622e-100	6.84622e-100	6.84622e-100	6.84622e-100	6.84622e-100	6.84622e-100	6.84622e-100	6.84622e-100	6.84622e-100	6.84622e-100	6.84622e-100	6.84622e-100	6.84622e-100	6.84622e-100	6.84622e-100	6.84622e-100	6.84622e-100	6.84622e-100	6.84622e-100	6.84622e-100	6.84622e-100	6.84622e-100	6.84622e-100	6.84622e-100	6.84622e-100	6.84622e-100	6.84622e-100	6.84622e-100	6.84622e-100	6.84622e-100	6.84622e-100	6.84622e-100	6.84622e-100	6.84622e-100	6.84622e-100	6.84622e-100	6.84622e-100	6.84622e-100	6.84622e-100	6.84622e-100	6.84622e-100	6.84622e-100	6.84622e-100	6.84622e-100	6.84622e-100	6.84622e-100	6.84622e-100	6.84622e-100	6.84622e-100	6.84622e-100	6.84622e-100	6.84622e-100	6.84622e-100	6.84622e-100	6.84622e-100	6.84622e-100	6.84622e-100	6.84622e-100	6.84622e-100	6.84622e-100	6.84622e-100	6.84622e-100	6.84622e-100	6.84622e-100	6.84622e-100	6.84622e-100	6.84622e-100	6.84622e-100	6.84622e-100	6.84622e-100	6.84622e-100	6.84622e-100	6.84622e-100	6.84622e-100
20.19	2.05449e-95	2.05452e-95	2.05452e-95	2.05452e-95	2.05452e-95	2.05452e-95	2.05452e-95	2.05452e-95	2.05452e-95	2.05452e-95	2.05452e-95	2.05452e-95	2.05452e-95	2.05452e-95	2.05452e-95	2.05452e-95	2.05452e-95	2.05452e-95	2.05452e-95	2.05452e-95	2.05452e-95	2.05452e-95	2.05452e-95	2.05452e-95	2.05452e-95	2.05452e-95	2.05452e-95	2.05452e-95	2.05452e-95	2.05452e-95	2.05452e-95	2.05452e-95	2.05452e-95	2.05452e-95	2.05452e-95	2.05452e-95	2.05452e-95	2.05452e-95	2.05452e-95	2.05452e-95	2.05452e-95	2.05452e-95	2.05452e-95	2.05452e-95	2.05452e-95	2.05452e-95	2.05452e-95	2.05452e-95	2.05452e-95	2.05452e-95	2.05452e-95	2.05452e-95	2.05452e-95	2.05452e-95	2.05452e-95	2.05452e-95	2.05452e-95	2.05452e-95	2.05452e-95	2.05452e-95	2.05452e-95	2.05452e-95	2.05452e-95	2.05452e-95	2.05452e-95	2.05452e-95	2.05452e-95	2.05452e-95	2.05452e-95	2.05452e-95	2.05452e-95	2.05452e-95	2.05452e-95	2.05452e-95	2.05452e-95	2.05452e-95	2.05452e-95	2.05452e-95	2.05452e-95	2.05452e-95	2.05452e-95	2.05452e-95	2.05452e-95	2.05452e-95	2.05452e-95	2.05452e-95	2.05452e-95	2.05452e-95	2.05452e-95	2.05452e-95	2.05452e-95	2.05452e-95	2.05452e-95	2.05452e-95	2.05452e-95	2.05452e-95	2.05452e-95	2.05452e-95	2.05452e-95	2.05452e-95	2.05452e-95	2.05452e-95	2.05452e-95	2.05452e-95	2.05452e-95	2.05452e-95	2.05452e-95	2.05452e-95	2.05452e-95	2.05452e-95	2.05452e-95	2.05452e-95	2.05452e-95	2.05452e-95	2.05452e-95	2.05452e-95	2.05452e-95	2.05452e-95	2.05452e-95	2.05452e-95	2.05452e-95	2.05452e-95	2.05452e-95	2.05452e-95	2.05452e-95	2.05452e-95	2.05452e-95	2.05452e-95	2.05452e-95	2.05452e-95	2.05452e-95	2.05452e-95	2.05452e-95	2.05452e-95	2.05452e-95	2.05452e-95	2.05452e-95	2.05452e-95	2.05452e-95	2.05452e-95	2.05452e-95	2.05452e-95	2.05452e-95	2.05452e-95	2.05452e-95
20.22	2.97762e-91	2.97771e-91	2.97771e-91	2.97771e-91	2.97771e-91	2.97771e-91	2.97771e-91	2.97771e-91	2.97771e-91	2.97771e-91	2.97771e-91	2.97771e-91	2.97771e-91	2.97771e-91	2.97771e-91	2.97771e-91	2.97771e-91	2.97771e-91	2.97771e-91	2.97771e-91	2.97771e-91	2.97771e-91	2.97771e-91	2.97771e-91	2.97771e-91	2.97771e-91	2.97771e-91	2.97771e-91	2.97771e-91	2.97771e-91	2.97771e-91	2.97771e-91	2.97771e-91	2.97771e-91	2.97771e-91	2.97771e-91	2.97771e-91	2.97771e-91	2.97771e-91	2.97771e-91	2.97771e-91	2.97771e-91	2.97771e-91	2.97771e-91	2.97771e-91	2.97771e-91	2.97771e-91	2.97771e-91	2.97771e-91	2.97771e-91	2.97771e-91	2.97771e-91	2.97771e-91	2.97771e-91	2.97771e-91	2.97771e-91	2.97771e-91	2.97771e-91	2.97771e-91	2.97771e-91	2.97771e-91	2.97771e-91	2.97771e-91	2.97771e-91	2.97771e-91	2.97771e-91	2.97771e-91	2.97771e-91	2.97771e-91	2.97771e-91	2.97771e-91	2.97771e-91	2.97771e-91	2.97771e-91	2.97771e-91	2.97771e-91	2.97771e-91	2.97771e-91	2.97771e-91	2.97771e-91	2.97771e-91	2.97771e-91	2.97771e-91	2.97771e-91	2.97771e-91	2.97771e-91	2.97771e-91	2.97771e-91	2.97771e-91	2.97771e-91	2.97771e-91	2.97771e-91	2.97771e-91	2.97771e-91	2.97771e-91	2.97771e-91	2.97771e-91	2.97771e-91	2.97771e-91	2.97771e-91	2.97771e-91	2.97771e-91	2.97771e-91	2.97771e-91	2.97771e-91	2.97771e-91	2.97771e-91	2.97771e-91	2.97771e-91	2.97771e-91	2.97771e-91	2.97771e-91	2.97771e-91	2.97771e-91	2.97771e-91	2.97771e-91	2.97771e-91	2.97771e-91	2.97771e-91	2.97771e-91	2.97771e-91	2.97771e-91	2.97771e-91	2.97771e-91	2.97771e-91	2.97771e-91	2.97771e-91	2.97771e-91	2.97771e-91	2.97771e-91	2.97771e-91	2.97771e-91	2.97771e-91	2.97771e-91	2.97771e-91	2.97771e-91	2.97771e-91	2.97771e-91	2.97771e-91	2.97771e-91	2.97771e-91	2.97771e-91	2.97771e-91	2.97771e-91	2.97771e-91
20.25	2.21639e-87	2.21653e-87	2.21653e-87	2.21653e-87	2.21653e-87	2.21653e-87	2.21653e-87	2.21653e-87	2.21653e-87	2.21653e-87	2.21653e-87	2.21653e-87	2.21653e-87	2.21653e-87	2.21653e-87	2.21653e-87	2.21653e-87	2.21653e-87	2.21653e-87	2.21653e-87	2.21653e-87	2.21653e-87	2.21653e-87	2.21653e-87	2.21653e-87	2.21653e-87	2.21653e-87	2.21653e-87	2.21653e-87	2.21653e-87	2.21653e-87	2.21653e-87	2.21653e-87	2.21653e-87	2.21653e-87	2.21653e-87	2.21653e-87	2.21653e-87	2.21653e-87	2.21653e-87	2.21653e-87	2.21653e-87	2.21653e-87	2.21653e-87	2.21653e-87	2.21653e-87	2.21653e-87	2.21653e-87	2.21653e-87	2.21653e-87	2.21653e-87	2.21653e-87	2.21653e-87	2.21653e-87	2.21653e-87	2.21653e-87	2.21653e-87	2.21653e-87	2.21653e-87	2.21653e-87	2.21653e-87	2.21653e-87	2.21653e-87	2.21653e-87	2.21653e-87	2.21653e-87	2.21653e-87	2.21653e-87	2.21653e-87	2.21653e-87	2.21653e-87	2.21653e-87	2.21653e-87	2.21653e-87	2.21653e-87	2.21653e-87	2.21653e-87	2.21653e-87	2.21653e-87	2.21653e-87	2.21653e-87	2.21653e-87	2.21653e-87	2.21653e-87	2.21653e-87	2.21653e-87	2.21653e-87	2.21653e-87	2.21653e-87	2.21653e-87	2.21653e-87	2.21653e-87	2.21653e-87	2.21653e-87	2.21653e-87	2.21653e-87	2.21653e-87	2.21653e-87	2.21653e-87	2.21653e-87	2.21653e-87	2.21653e-87	2.21653e-87	2.21653e-87	2.21653e-87	2.21653e-87	2.21653e-87	2.21653e-87	2.21653e-87	2.21653e-87	2.21653e-87	2.21653e-87	2.21653e-87	2.21653e-87	2.21653e-87	2.21653e-87	2.21653e-87	2.21653e-87	2.21653e-87	2.21653e-87	2.21653e-87	2.21653e-87	2.21653e-87	2.21653e-87	2.21653e-87	2.21653e-87	2.21653e-87	2.21653e-87	2.21653e-87	2.21653e-87	2.21653e-87	2.21653e-87	2.21653e-87	2.21653e-87	2.21653e-87	2.21653e-87	2.21653e-87	2.21653e-87	2.21653e-87	2.21653e-87	2.21653e-87	2.21653e-87	2.21653e-87	2.21653e-87	2.21653e-87
20.29	9.08198e-84	9.08312e-84	9.08312e-84	9.08312e-84	9.08312e-84	9.08312e-84	9.08312e-84	9.08312e-84	9.08312e-84	9.08312e-84	9.08312e-84	9.08312e-84	9.08312e-84	9.08312e-84	9.08312e-84	9.08312e-84	9.08312e-84	9.08312e-84	9.08312e-84	9.08312e-84	9.08312e-84	9.08312e-84	9.08312e-84	9.08312e-84	9.08312e-84	9.08312e-84	9.08312e-84	9.08312e-84	9.08312e-84	9.08312e-84	9.08312e-84	9.08312e-84	9.08312e-84	9.08312e-84	9.08312e-84	9.08312e-84	9.08312e-84	9.08312e-84	9.08312e-84	9.08312e-84	9.08312e-84	9.08312e-84	9.08312e-84	9.08312e-84	9.08312e-84	9.08312e-84	9.08312e-84	9.08312e-84	9.08312e-84	9.08312e-84	9.08312e-84	9.08312e-84	9.08312e-84	9.08312e-84	9.08312e-84	9.08312e-84	9.08312e-84	9.08312e-84	9.08312e-84	9.08312e-84	9.08312e-84	9.08312e-84	9.08312e-84	9.08312e-84	9.08312e-84	9.08312e-84	9.08312e-84	9.08312e-84	9.08312e-84	9.08312e-84	9.08312e-84	9.08312e-84	9.08312e-84	9.08312e-84	9.08312e-84	9.08312e-84	9.08312e-84	9.08312e-84	9.08312e-84	9.08312e-84	9.08312e-84	9.08312e-84	9.08312e-84	9.08312e-84	9.08312e-84	9.08312e-84	9.08312e-84	9.08312e-84	9.08312e-84	9.08312e-84	9.08312e-84	9.08312e-84	9.08312e-84	9.08312e-84	9.08312e-84	9.08312e-84	9.08312e-84	9.08312e-84	9.08312e-84	9.08312e-84	9.08312e-84	9.08312e-84	9.08312e-84	9.08312e-84	9.08312e-84	9.08312e-84	9.08312e-84	9.08312e-84	9.08312e-84	9.08312e-84	9.08312e-84	9.08312e-84	9.08312e-84	9.08312e-84	9.08312e-84	9.08312e-84	9.08312e-84	9.08312e-84	9.08312e-84	9.08312e-84	9.08312e-84	9.08312e-84	9.08312e-84	9.08312e-84	9.08312e-84	9.08312e-84	9.08312e-84	9.08312e-84	9.08312e-84	9.08312e-84	9.08312e-84	9.08312e-84	9.08312e-84	9.08312e-84	9.08312e-84	9.08312e-84	9.08312e-84	9.08312e-84	9.08312e-84	9.08312e-84	9.08312e-84	9.08312e-84	9.08312e-84	9.08312e-84	9.08312e-84
20.32	2.11711e-80	2.11760e-80	2.11760e-80	2.11760e-80	2.11760e-80	2.11760e-80	2.11760e-80	2.11760e-80	2.11760e-80	2.11760e-80	2.11760e-80	2.11760e-80	2.11760e-80	2.11760e-80	2.11760e-80	2.11760e-80	2.11760e-80	2.11760e-80	2.11760e-80	2.11760e-80	2.11760e-80	2.11760e-80	2.11760e-80	2.11760e-80	2.11760e-80	2.11760e-80	2.11760e-80	2.11760e-80	2.11760e-80	2.11760e-80	2.11760e-80	2.11760e-80	2.11760e-80	2.11760e-80	2.11760e-80	2.11760e-80	2.11760e-80	2.11760e-80	2.11760e-80	2.11760e-80	2.11760e-80	2.11760e-80	2.11760e-80	2.11760e-80	2.11760e-80	2.11760e-80	2.11760e-80	2.11760e-80	2.11760e-80	2.11760e-80	2.11760e-80	2.11760e-80	2.11760e-80	2.11760e-80	2.11760e-80	2.11760e-80	2.11760e-80	2.11760e-80	2.11760e-80	2.11760e-80	2.11760e-80	2.11760e-80	2.11760e-80	2.11760e-80	2.11760e-80	2.11760e-80	2.11760e-80	2.11760e-80	2.11760e-80	2.11760e-80	2.11760e-80	2.11760e-80	2.11760e-80	2.11760e-80	2.11760e-80	2.11760e-80	2.11760e-80	2.11760e-80	2.11760e-80	2.11760e-80	2.11760e-80	2.11760e-80	2.11760e-80	2.11760e-80	2.11760e-80	2.11760e-80	2.11760e-80	2.11760e-80	2.11760e-80	2.11760e-80	2.11760e-80	2.11760e-80	2.11760e-80	2.11760e-80	2.11760e-80	2.11760e-80	2.11760e-80	2.11760e-80	2.11760e-80	2.11760e-80	2.11760e-80	2.11760e-80	2.11760e-80	2.11760e-80	2.11760e-80	2.11760e-80	2.11760e-80	2.11760e-80	2.11760e-80	2.11760e-80	2.11760e-80	2.11760e-80	2.11760e-80	2.11760e-80	2.11760e-80	2.11760e-80	2.11760e-80	2.11760e-80	2.11760e-80	2.11760e-80	2.11760e-80	2.11760e-80	2.11760e-80	2.11760e-80	2.11760e-80	2.11760e-80	2.11760e-80	2.11760e-80	2.11760e-80	2.11760e-80	2.11760e-80	2.11760e-80	2.11760e-80	2.11760e-80	2.11760e-80	2.11760e-80	2.11760e-80	2.11760e-80	2.11760e-80	2.11760e-80	2.11760e-80	2.11760e-80	2.11760e-80	2.11760e-80	2.11760e-80
20.36	2.98544e-77	2.98664e-77	2.98664e-77	2.98664e-77	2.98664e-77	2.98664e-77	2.98664e-77	2.98664e-77	2.98664e-77	2.98664e-77	2.98664e-77	2.98664e-77	2.98664e-77	2.98664e-77	2.98664e-77	2.98664e-77	2.98664e-77	2.98664e-77	2.98664e-77	2.98664e-77	2.98664e-77	2.98664e-77	2.98664e-77	2.98664e-77	2.98664e-77	2.98664e-77	2.98664e-77	2.98664e-77	2.98664e-77	2.98664e-77	2.98664e-77	2.98664e-77	2.98664e-77	2.98664e-77	2.98664e-77	2.98664e-77	2.98664e-77	2.98664e-77	2.98664e-77	2.98664e-77	2.98664e-77	2.98664e-77	2.98664e-77	2.98664e-77	2.98664e-77	2.98664e-77	2.98664e-77	2.98664e-77	2.98664e-77	2.98664e-77	2.98664e-77	2.98664e-77	2.98664e-77	2.98664e-77	2.98664e-77	2.98664e-77	2.98664e-77	2.98664e-77	2.98664e-77	2.98664e-77	2.98664e-77	2.98664e-77	2.98664e-77	2.98664e-77	2.98664e-77	2.98664e-77	2.98664e-77	2.98664e-77	2.98664e-77	2.98664e-77	2.98664e-77	2.98664e-77	2.98664e-77	2.98664e-77	2.98664e-77	2.98664e-77	2.98664e-77	2.98664e-77	2.98664e-77	2.98664e-77	2.98664e-77	2.98664e-77	2.98664e-77	2.98664e-77	2.98664e-77	2.98664e-77	2.98664e-77	2.98664e-77	2.98664e-77	2.98664e-77	2.98664e-77	2.98664e-77	2.98664e-77	2.98664e-77	2.98664e-77	2.98664e-77	2.98664e-77	2.98664e-77	2.98664e-77	2.98664e-77	2.98664e-77	2.98664e-77	2.98664e-77	2.98664e-77	2.98664e-77	2.98664e-77	2.98664e-77	2.98664e-77	2.98664e-77	2.98664e-77	2.98664e-77	2.98664e-77	2.98664e-77	2.98664e-77	2.98664e-77	2.98664e-77	2.98664e-77	2.98664e-77	2.98664e-77	2.98664e-77	2.98664e-77	2.98664e-77	2.98664e-77	2.98664e-77	2.98664e-77	2.98664e-77	2.98664e-77	2.98664e-77	2.98664e-77	2.98664e-77	2.98664e-77	2.98664e-77	2.98664e-77	2.98664e-77	2.98664e-77	2.98664e-77	2.98664e-77	2.98664e-77	2.98664e-77	2.98664e-77	2.98664e-77	2.98664e-77	2.98664e-77	2.98664e-77	2.98664e-77
20.39	2.65541e-74	2.65717e-74	2.65717e-74	2.65717e-74	2.65717e-74	2.65717e-74	2.65717e-74	2.65717e-74	2.65717e-74	2.65717e-74	2.65717e-74	2.65717e-74	2.65717e-74	2.65717e-74	2.65717e-74	2.65717e-74	2.65717e-74	2.65717e-74	2.65717e-74	2.65717e-74	2.65717e-74	2.65717e-74	2.65717e-74	2.65717e-74	2.65717e-74	2.65717e-74	2.65717e-74	2.65717e-74	2.65717e-74	2.65717e-74	2.65717e-74	2.65717e-74	2.65717e-74	2.65717e-74	2.65717e-74	2.65717e-74	2.65717e-74	2.65717e-74	2.65717e-74	2.65717e-74	2.65717e-74	2.65717e-74	2.65717e-74	2.65717e-74	2.65717e-74	2.65717e-74	2.65717e-74	2.65717e-74	2.65717e-74	2.65717e-74	2.65717e-74	2.65717e-74	2.65717e-74	2.65717e-74	2.65717e-74	2.65717e-74	2.65717e-74	2.65717e-74	2.65717e-74	2.65717e-74	2.65717e-74	2.65717e-74	2.65717e-74	2.65717e-74	2.65717e-74	2.65717e-74	2.65717e-74	2.65717e-74	2.65717e-74	2.65717e-74	2.65717e-74	2.65717e-74	2.65717e-74	2.65717e-74	2.65717e-74	2.65717e-74	2.65717e-74	2.65717e-74	2.65717e-74	2.65717e-74	2.65717e-74	2.65717e-74	2.65717e-74	2.65717e-74	2.65717e-74	2.65717e-74	2.65717e-74	2.65717e-74	2.65717e-74	2.65717e-74	2.65717e-74	2.65717e-74	2.65717e-74	2.65717e-74	2.65717e-74	2.65717e-74	2.65717e-74	2.65717e-74	2.65717e-74	2.65717e-74	2.65717e-74	2.65717e-74	2.65717e-74	2.65717e-74	2.65717e-74	2.65717e-74	2.65717e-74	2.65717e-74	2.65717e-74	2.65717e-74	2.65717e-74	2.65717e-74	2.65717e-74	2.65717e-74	2.65717e-74	2.65717e-74	2.65717e-74	2.65717e-74	2.65717e-74	2.65717e-74	2.65717e-74	2.65717e-74	2.65717e-74	2.65717e-74	2.65717e-74	2.65717e-74	2.65717e-74	2.65717e-74	2.65717e-74	2.65717e-74	2.65717e-74	2.65717e-74	2.65717e-74	2.65717e-74	2.65717e-74	2.65717e-74	2.65717e-74	2.65717e-74	2.65717e-74	2.65717e-74	2.65717e-74	2.65717e-74	2.65717e-74	2.65717e-74	2.65717e-74
20.42	1.54665e-71	1.54828e-71	1.54828e-71	1.54828e-71	1.54828e-71	1.54828e-71	1.54828e-71	1.54828e-71	1.54828e-71	1.54828e-71	1.54828e-71	1.54828e-71	1.54828e-71	1.54828e-71	1.54828e-71	1.54828e-71	1.54828e-71	1.54828e-71	1.54828e-71	1.54828e-71	1.54828e-71	1.54828e-71	1.54828e-71	1.54828e-71	1.54828e-71	1.54828e-71	1.54828e-71	1.54828e-71	1.54828e-71	1.54828e-71	1.54828e-71	1.54828e-71	1.54828e-71	1.54828e-71	1.54828e-71	1.54828e-71	1.54828e-71	1.54828e-71	1.54828e-71	1.54828e-71	1.54828e-71	1.54828e-71	1.54828e-71	1.54828e-71	1.54828e-71	1.54828e-71	1.54828e-71	1.54828e-71	1.54828e-71	1.54828e-71	1.54828e-71	1.54828e-71	1.54828e-71	1.54828e-71	1.54828e-71	1.54828e-71	1.54828e-71	1.54828e-71	1.54828e-71	1.54828e-71	1.54828e-71	1.54828e-71	1.54828e-71	1.54828e-71	1.54828e-71	1.54828e-71	1.54828e-71	1.54828e-71	1.54828e-71	1.54828e-71	1.54828e-71	1.54828e-71	1.54828e-71	1.54828e-71	1.54828e-71	1.54828e-71	1.54828e-71	1.54828e-71	1.54828e-71	1.54828e-71	1.54828e-71	1.54828e-71	1.54828e-71	1.54828e-71	1.54828e-71	1.54828e-71	1.54828e-71	1.54828e-71	1.54828e-71	1.54828e-71	1.54828e-71	1.54828e-71	1.54828e-71	1.54828e-71	1.54828e-71	1.54828e-71	1.54828e-71	1.54828e-71	1.54828e-71	1.54828e-71	1.54828e-71	1.54828e-71	1.54828e-71	1.54828e-71	1.54828e-71	1.54828e-71	1.54828e-71	1.54828e-71	1.54828e-71	1.54828e-71	1.54828e-71	1.54828e-71	1.54828e-71	1.54828e-71	1.54828e-71	1.54828e-71	1.54828e-71	1.54828e-71	1.54828e-71	1.54828e-71	1.54828e-71	1.54828e-71	1.54828e-71	1.54828e-71	1.54828e-71	1.54828e-71	1.54828e-71	1.54828e-71	1.54828e-71	1.54828e-71	1.54828e-71	1.54828e-71	1.54828e-71	1.54828e-71	1.54828e-71	1.54828e-71	1.54828e-71	1.54828e-71	1.54828e-71	1.54828e-71	1.54828e-71	1.54828e-71	1.54828e-71	1.54828e-71	1.54828e-71
20.46	3.60315e-43	3.60315e-43	3.60315e-43	3.60315e-43	3.60315e-43	3.60315e-43	3.60315e-43	3.60315e-43	3.60315e-43	3.60315e-43	3.60315e-43	3.60315e-43	3.60315e-43	3.60315e-43	3.60315e-43	3.60315e-43	3.60315e-43	3.60315e-43	3.60315e-43	3.60315e-43	3.60315e-43	3.60315e-43	3.60315e-43	3.60315e-43	3.60315e-43	3.60315e-43	3.60315e-43	3.60315e-43	3.60315e-43	3.60315e-43	3.60315e-43	3.60315e-43	3.60315e-43	3.60315e-43	3.60315e-43	3.60315e-43	3.60315e-43	3.60315e-43	3.60315e-43	3.60315e-43	3.60315e-43	3.60315e-43	3.60315e-43	3.60315e-43	3.60315e-43	3.60315e-43	3.60315e-43	3.60315e-43	3.60315e-43	3.60315e-43	3.60315e-43	3.60315e-43	3.60315e-43	3.60315e-43	3.60315e-43	3.60315e-43	3.60315e-43	3.60315e-43	3.60315e-43	3.60315e-43	3.60315e-43	3.60315e-43	3.60315e-43	3.60315e-43	3.60315e-43	3.60315e-43	3.60315e-43	3.60315e-43	3.60315e-43	3.60315e-43	3.60315e-43	3.60315e-43	3.60315e-43	3.60315e-43	3.60315e-43	3.60315e-43	3.60315e-43	3.60315e-43	3.60315e-43	3.60315e-43	3.60315e-43	3.60315e-43	3.60315e-43	3.60315e-43	3.60315e-43	3.60315e-43	3.60315e-43	3.60315e-43	3.60315e-43	3.60315e-43	3.60315e-43	3.60315e-43	3.60315e-43	3.60315e-43	3.60315e-43	3.60315e-43	3.60315e-43	3.60315e-43	3.60315e-43	3.60315e-43	3.60315e-43	3.60315e-43	3.60315e-43	3.60315e-43	3.60315e-43	3.60315e-43	3.60315e-43	3.60315e-43	3.60315e-43	3.60315e-43	3.60315e-43	3.60315e-43	3.60315e-43	3.60315e-43	3.60315e-43	3.60315e-43	3.60315e-43	3.60315e-43	3.60315e-43	3.60315e-43	3.60315e-43	3.60315e-43	3.60315e-43	3.60315e-43	3.60315e-43	3.60315e-43	3.60315e-43	3.60315e-43	3.60315e-43	3.60315e-43	3.60315e-43	3.60315e-43	3.60315e-43	3.60315e-43	3.60315e-43	3.60315e-43	3.60315e-43	3.60315e-43	3.60315e-43	3.60315e-43	3.60315e-43	3.60315e-43	3.60315e-43	3.60315e-43	3.60315e-43
20.49	9.84766e-41	9.87129e-41	9.87129e-41	9.87129e-41	9.87129e-41	9.87129e-41	9.87129e-41	9.87129e-41	9.87129e-41	9.87129e-41	9.87129e-41	9.87129e-41	9.87129e-41	9.87129e-41	9.87129e-41	9.87129e-41	9.87129e-41	9.87129e-41	9.87129e-41	9.87129e-41	9.87129e-41	9.87129e-41	9.87129e-41	9.87129e-41	9.87129e-41	9.87129e-41	9.87129e-41	9.87129e-41	9.87129e-41	9.87129e-41	9.87129e-41	9.87129e-41	9.87129e-41	9.87129e-41	9.87129e-41	9.87129e-41	9.87129e-41	9.87129e-41	9.87129e-41	9.87129e-41	9.87129e-41	9.87129e-41	9.87129e-41	9.87129e-41	9.87129e-41	9.87129e-41	9.87129e-41	9.87129e-41	9.87129e-41	9.87129e-41	9.87129e-41	9.87129e-41	9.87129e-41	9.87129e-41	9.87129e-41	9.87129e-41	9.87129e-41	9.87129e-41	9.87129e-41	9.87129e-41	9.87129e-41	9.87129e-41	9.87129e-41	9.87129e-41	9.87129e-41	9.87129e-41	9.87129e-41	9.87129e-41	9.87129e-41	9.87129e-41	9.87129e-41	9.87129e-41	9.87129e-41	9.87129e-41	9.87129e-41	9.87129e-41	9.87129e-41	9.87129e-41	9.87129e-41	9.87129e-41	9.87129e-41	9.87129e-41	9.87129e-41	9.87129e-41	9.87129e-41	9.87129e-41	9.87129e-41	9.87129e-41	9.87129e-41	9.87129e-41	9.87129e-41	9.87129e-41	9.87129e-41	9.87129e-41	9.87129e-41	9.87129e-41	9.87129e-41	9.87129e-41	9.87129e-41	9.87129e-41	9.87129e-41	9.87129e-41	9.87129e-41	9.87129e-41	9.87129e-41	9.87129e-41	9.87129e-41	9.87129e-41	9.87129e-41	9.87129e-41	9.87129e-41	9.87129e-41	9.87129e-41	9.87129e-41	9.87129e-41	9.87129e-41	9.87129e-41	9.87129e-41	9.87129e-41	9.87129e-41	9.87129e-41	9.87129e-41	9.87129e-41	9.87129e-41	9.87129e-41	9.87129e-41	9.87129e-41	9.87129e-41	9.87129e-41	9.87129e-41	9.87129e-41	9.87129e-41	9.87129e-41	9.87129e-41	9.87129e-41	9.87129e-41	9.87129e-41	9.87129e-41	9.87129e-41	9.87129e-41	9.87129e-41	9.87129e-41	9.87129e-41	9.87129e-41	9.87129e-41
20.53	1.95428e-38	1.96097e-38	1.96097e-38	1.96097e-38	1.96097e-38	1.96097e-38	1.96097e-38	1.96097e-38	1.96097e-38	1.96097e-38	1.96097e-38	1.96097e-38	1.96097e-38	1.96097e-38	1.96097e-38	1.96097e-38	1.96097e-38	1.96097e-38	1.96097e-38	1.96097e-38	1.96097e-38	1.96097e-38	1.96097e-38	1.96097e-38	1.96097e-38	1.96097e-38	1.96097e-38	1.96097e-38	1.96097e-38	1.96097e-38	1.96097e-38	1.96097e-38	1.96097e-38	1.96097e-38	1.96097e-38	1.96097e-38	1.96097e-38	1.96097e-38	1.96097e-38	1.96097e-38	1.96097e-38	1.96097e-38	1.96097e-38	1.96097e-38	1.96097e-38	1.96097e-38	1.96097e-38	1.96097e-38	1.96097e-38	1.96097e-38	1.96097e-38	1.96097e-38	1.96097e-38	1.96097e-38	1.96097e-38	1.96097e-38	1.96097e-38	1.96097e-38	1.96097e-38	1.96097e-38	1.96097e-38	1.96097e-38	1.96097e-38	1.96097e-38	1.96097e-38	1.96097e-38	1.96097e-38	1.96097e-38	1.96097e-38	1.96097e-38	1.96097e-38	1.96097e-38	1.96097e-38	1.96097e-38	1.96097e-38	1.96097e-38	1.96097e-38	1.96097e-38	1.96097e-38	1.96097e-38	1.96097e-38	1.96097e-38	1.96097e-38	1.96097e-38	1.96097e-38	1.96097e-38	1.96097e-38	1.96097e-38	1.96097e-38	1.96097e-38	1.96097e-38	1.96097e-38	1.96097e-38	1.96097e-38	1.96097e-38	1.96097e-38	1.96097e-38	1.96097e-38	1.96097e-38	1.96097e-38	1.96097e-38	1.96097e-38	1.96097e-38	1.96097e-38	1.96097e-38	1.96097e-38	1.96097e-38	1.96097e-38	1.96097e-38	1.96097e-38	1.96097e-38	1.96097e-38	1.96097e-38	1.96097e-38	1.96097e-38	1.96097e-38	1.96097e-38	1.96097e-38	1.96097e-38	1.96097e-38	1.96097e-38	1.96097e-38	1.96097e-38	1.96097e-38	1.96097e-38	1.96097e-38	1.96097e-38	1.96097e-38	1.96097e-38	1.96097e-38	1.96097e-38	1.96097e-38	1.96097e-38	1.96097e-38	1.96097e-38	1.96097e-38	1.96097e-38	1.96097e-38	1.96097e-38	1.96097e-38	1.96097e-38	1.96097e-38	1.96097e-38	1.96097e-38	1.96097e-38
20.56	2.91265e-36	2.92628e-36	2.92629e-36	2.92629e-36	2.92629e-36	2.92629e-36	2.92629e-36	2.92629e-36	2.92629e-36	2.92629e-36	2.92629e-36	2.92629e-36	2.92629e-36	2.92629e-36	2.92629e-36	2.92629e-36	2.92629e-36	2.92629e-36	2.92629e-36	2.92629e-36	2.92629e-36	2.92629e-36	2.92629e-36	2.92629e-36	2.92629e-36	2.92629e-36	2.92629e-36	2.92629e-36	2.92629e-36	2.92629e-36	2.92629e-36	2.92629e-36	2.92629e-36	2.92629e-36	2.92629e-36	2.92629e-36	2.92629e-36	2.92629e-36	2.92629e-36	2.92629e-36	2.92629e-36	2.92629e-36	2.92629e-36	2.92629e-36	2.92629e-36	2.92629e-36	2.92629e-36	2.92629e-36	2.92629e-36	2.92629e-36	2.92629e-36	2.92629e-36	2.92629e-36	2.92629e-36	2.92629e-36	2.92629e-36	2.92629e-36	2.92629e-36	2.92629e-36	2.92629e-36	2.92629e-36	2.92629e-36	2.92629e-36	2.92629e-36	2.92629e-36	2.92629e-36	2.92629e-36	2.92629e-36	2.92629e-36	2.92629e-36	2.92629e-36	2.92629e-36	2.92629e-36	2.92629e-36	2.92629e-36	2.92629e-36	2.92629e-36	2.92629e-36	2.92629e-36	2.92629e-36	2.92629e-36	2.92629e-36	2.92629e-36	2.92629e-36	2.92629e-36	2.92629e-36	2.92629e-36	2.92629e-36	2.92629e-36	2.92629e-36	2.92629e-36	2.92629e-36	2.92629e-36	2.92629e-36	2.92629e-36	2.92629e-36	2.92629e-36	2.92629e-36	2.92629e-36	2.92629e-36	2.92629e-36	2.92629e-36	2.92629e-36	2.92629e-36	2.92629e-36	2.92629e-36	2.92629e-36	2.92629e-36	2.92629e-36	2.92629e-36	2.92629e-36	2.92629e-36	2.92629e-36	2.92629e-36	2.92629e-36	2.92629e-36	2.92629e-36	2.92629e-36	2.92629e-36	2.92629e-36	2.92629e-36	2.92629e-36	2.92629e-36	2.92629e-36	2.92629e-36	2.92629e-36	2.92629e-36	2.92629e-36	2.92629e-36	2.92629e-36	2.92629e-36	2.92629e-36	2.92629e-36	2.92629e-36	2.92629e-36	2.92629e-36	2.92629e-36	2.92629e-36	2.92629e-36	2.92629e-36	2.92629e-36	2.92629e-36	2.92629e-36	2.92629e-36	2.92629e-36
20.60	3.35891e-34	3.37976e-34	3.37976e-34	3.37976e-34	3.37976e-34	3.37976e-34	3.37976e-34	3.37976e-34	3.37976e-34	3.37976e-34	3.37976e-34	3.37976e-34	3.37976e-34	3.37976e-34	3.37976e-34	3.37976e-34	3.37976e-34	3.37976e-34	3.37976e-34	3.37976e-34	3.37976e-34	3.37976e-34	3.37976e-34	3.37976e-34	3.37976e-34	3.37976e-34	3.37976e-34	3.37976e-34	3.37976e-34	3.37976e-34	3.37976e-34	3.37976e-34	3.37976e-34	3.37976e-34	3.37976e-34	3.37976e-34	3.37976e-34	3.37976e-34	3.37976e-34	3.37976e-34	3.37976e-34	3.37976e-34	3.37976e-34	3.37976e-34	3.37976e-34	3.37976e-34	3.37976e-34	3.37976e-34	3.37976e-34	3.37976e-34	3.37976e-34	3.37976e-34	3.37976e-34	3.37976e-34	3.37976e-34	3.37976e-34	3.37976e-34	3.37976e-34	3.37976e-34	3.37976e-34	3.37976e-34	3.37976e-34	3.37976e-34	3.37976e-34	3.37976e-34	3.37976e-34	3.37976e-34	3.37976e-34	3.37976e-34	3.37976e-34	3.37976e-34	3.37976e-34	3.37976e-34	3.37976e-34	3.37976e-34	3.37976e-34	3.37976e-34	3.37976e-34	3.37976e-34	3.37976e-34	3.37976e-34	3.37976e-34	3.37976e-34	3.37976e-34	3.37976e-34	3.37976e-34	3.37976e-34	3.37976e-34	3.37976e-34	3.37976e-34	3.37976e-34	3.37976e-34	3.37976e-34	3.37976e-34	3.37976e-34	3.37976e-34	3.37976e-34	3.37976e-34	3.37976e-34	3.37976e-34	3.37976e-34	3.37976e-34	3.37976e-34	3.37976e-34	3.37976e-34	3.37976e-34	3.37976e-34	3.37976e-34	3.37976e-34	3.37976e-34	3.37976e-34	3.37976e-34	3.37976e-34	3.37976e-34	3.37976e-34	3.37976e-34	3.37976e-34	3.37976e-34	3.37976e-34	3.37976e-34	3.37976e-34	3.37976e-34	3.37976e-34	3.37976e-34	3.37976e-34	3.37976e-34	3.37976e-34	3.37976e-34	3.37976e-34	3.37976e-34	3.37976e-34	3.37976e-34	3.37976e-34	3.37976e-34	3.37976e-34	3.37976e-34	3.37976e-34	3.37976e-34	3.37976e-34	3.37976e-34	3.37976e-34	3.37976e-34	3.37976e-34	3.37976e-34	3.37976e-34
20.63	3.07547e-32	3.10005e-32	3.10006e-32	3.10006e-32	3.10006e-32	3.10006e-32	3.10006e-32	3.10006e-32	3.10006e-32	3.10006e-32	3.10006e-32	3.10006e-32	3.10006e-32	3.10006e-32	3.10006e-32	3.10006e-32	3.10006e-32	3.10006e-32	3.10006e-32	3.10006e-32	3.10006e-32	3.10006e-32	3.10006e-32	3.10006e-32	3.10006e-32	3.10006e-32	3.10006e-32	3.10006e-32	3.10006e-32	3.10006e-32	3.10006e-32	3.10006e-32	3.10006e-32	3.10006e-32	3.10006e-32	3.10006e-32	3.10006e-32	3.10006e-32	3.10006e-32	3.10006e-32	3.10006e-32	3.10006e-32	3.10006e-32	3.10006e-32	3.10006e-32	3.10006e-32	3.10006e-32	3.10006e-32	3.10006e-32	3.10006e-32	3.10006e-32	3.10006e-32	3.10006e-32	3.10006e-32	3.10006e-32	3.10006e-32	3.10006e-32	3.10006e-32	3.10006e-32	3.10006e-32	3.10006e-32	3.10006e-32	3.10006e-32	3.10006e-32	3.10006e-32	3.10006e-32	3.10006e-32	3.10006e-32	3.10006e-32	3.10006e-32	3.10006e-32	3.10006e-32	3.10006e-32	3.10006e-32	3.10006e-32	3.10006e-32	3.10006e-32	3.10006e-32	3.10006e-32	3.10006e-32	3.10006e-32	3.10006e-32	3.10006e-32	3.10006e-32	3.10006e-32	3.10006e-32	3.10006e-32	3.10006e-32	3.10006e-32	3.10006e-32	3.10006e-32	3.10006e-32	3.10006e-32	3.10006e-32	3.10006e-32	3.10006e-32	3.10006e-32	3.10006e-32	3.10006e-32	3.10006e-32	3.10006e-32	3.10006e-32	3.10006e-32	3.10006e-32	3.10006e-32	3.10006e-32	3.10006e-32	3.10006e-32	3.10006e-32	3.10006e-32	3.10006e-32	3.10006e-32	3.10006e-32	3.10006e-32	3.10006e-32	3.10006e-32	3.10006e-32	3.10006e-32	3.10006e-32	3.10006e-32	3.10006e-32	3.10006e-32	3.10006e-32	3.10006e-32	3.10006e-32	3.10006e-32	3.10006e-32	3.10006e-32	3.10006e-32	3.10006e-32	3.10006e-32	3.10006e-32	3.10006e-32	3.10006e-32	3.10006e-32	3.10006e-32	3.10006e-32	3.10006e-32	3.10006e-32	3.10006e-32	3.10006e-32	3.10006e-32	3.10006e-32	3.10006e-32	3.10006e-32
20.66	2.29355e-30	2.31653e-30	2.31654e-30	2.31654e-30	2.31654e-30	2.31654e-30	2.31654e-30	2.31654e-30	2.31654e-30	2.31654e-30	2.31654e-30	2.31654e-30	2.31654e-30	2.31654e-30	2.31654e-30	2.31654e-30	2.31654e-30	2.31654e-30	2.31654e-30	2.31654e-30	2.31654e-30	2.31654e-30	2.31654e-30	2.31654e-30	2.31654e-30	2.31654e-30	2.31654e-30	2.31654e-30	2.31654e-30	2.31654e-30	2.31654e-30	2.31654e-30	2.31654e-30	2.31654e-30	2.31654e-30	2.31654e-30	2.31654e-30	2.31654e-30	2.31654e-30	2.31654e-30	2.31654e-30	2.31654e-30	2.31654e-30	2.31654e-30	2.31654e-30	2.31654e-30	2.31654e-30	2.31654e-30	2.31654e-30	2.31654e-30	2.31654e-30	2.31654e-30	2.31654e-30	2.31654e-30	2.31654e-30	2.31654e-30	2.31654e-30	2.31654e-30	2.31654e-30	2.31654e-30	2.31654e-30	2.31654e-30	2.31654e-30	2.31654e-30	2.31654e-30	2.31654e-30	2.31654e-30	2.31654e-30	2.31654e-30	2.31654e-30	2.31654e-30	2.31654e-30	2.31654e-30	2.31654e-30	2.31654e-30	2.31654e-30	2.31654e-30	2.31654e-30	2.31654e-30	2.31654e-30	2.31654e-30	2.31654e-30	2.31654e-30	2.31654e-30	2.31654e-30	2.31654e-30	2.31654e-30	2.31654e-30	2.31654e-30	2.31654e-30	2.31654e-30	2.31654e-30	2.31654e-30	2.31654e-30	2.31654e-30	2.31654e-30	2.31654e-30	2.31654e-30	2.31654e-30	2.31654e-30	2.31654e-30	2.31654e-30	2.31654e-30	2.31654e-30	2.31654e-30	2.31654e-30	2.31654e-30	2.31654e-30	2.31654e-30	2.31654e-30	2.31654e-30	2.31654e-30	2.31654e-30	2.31654e-30	2.31654e-30	2.31654e-30	2.31654e-30	2.31654e-30	2.31654e-30	2.31654e-30	2.31654e-30	2.31654e-30	2.31654e-30	2.31654e-30	2.31654e-30	2.31654e-30	2.31654e-30	2.31654e-30	2.31654e-30	2.31654e-30	2.31654e-30	2.31654e-30	2.31654e-30	2.31654e-30	2.31654e-30	2.31654e-30	2.31654e-30	2.31654e-30	2.31654e-30	2.31654e-30	2.31654e-30	2.31654e-30	2.31654e-30	2.31654e-30	2.31654e-30
20.70	1.42198e-28	1.43944e-28	1.43945e-28	1.43945e-28	1.43945e-28	1.43945e-28	1.43945e-28	1.43945e-28	1.43945e-28	1.43945e-28	1.43945e-28	1.43945e-28	1.43945e-28	1.43945e-28	1.43945e-28	1.43945e-28	1.43945e-28	1.43945e-28	1.43945e-28	1.43945e-28	1.43945e-28	1.43945e-28	1.43945e-28	1.43945e-28	1.43945e-28	1.43945e-28	1.43945e-28	1.43945e-28	1.43945e-28	1.43945e-28	1.43945e-28	1.43945e-28	1.43945e-28	1.43945e-28	1.43945e-28	1.43945e-28	1.43945e-28	1.43945e-28	1.43945e-28	1.43945e-28	1.43945e-28	1.43945e-28	1.43945e-28	1.43945e-28	1.43945e-28	1.43945e-28	1.43945e-28	1.43945e-28	1.43945e-28	1.43945e-28	1.43945e-28	1.43945e-28	1.43945e-28	1.43945e-28	1.43945e-28	1.43945e-28	1.43945e-28	1.43945e-28	1.43945e-28	1.43945e-28	1.43945e-28	1.43945e-28	1.43945e-28	1.43945e-28	1.43945e-28	1.43945e-28	1.43945e-28	1.43945e-28	1.43945e-28	1.43945e-28	1.43945e-28	1.43945e-28	1.43945e-28	1.43945e-28	1.43945e-28	1.43945e-28	1.43945e-28	1.43945e-28	1.43945e-28	1.43945e-28	1.43945e-28	1.43945e-28	1.43945e-28	1.43945e-28	1.43945e-28	1.43945e-28	1.43945e-28	1.43945e-28	1.43945e-28	1.43945e-28	1.43945e-28	1.43945e-28	1.43945e-28	1.43945e-28	1.43945e-28	1.43945e-28	1.43945e-28	1.43945e-28	1.43945e-28	1.43945e-28	1.43945e-28	1.43945e-28	1.43945e-28	1.43945e-28	1.43945e-28	1.43945e-28	1.43945e-28	1.43945e-28	1.43945e-28	1.43945e-28	1.43945e-28	1.43945e-28	1.43945e-28	1.43945e-28	1.43945e-28	1.43945e-28	1.43945e-28	1.43945e-28	1.43945e-28	1.43945e-28	1.43945e-28	1.43945e-28	1.43945e-28	1.43945e-28	1.43945e-28	1.43945e-28	1.43945e-28	1.43945e-28	1.43945e-28	1.43945e-28	1.43945e-28	1.43945e-28	1.43945e-28	1.43945e-28	1.43945e-28	1.43945e-28	1.43945e-28	1.43945e-28	1.43945e-28	1.43945e-28	1.43945e-28	1.43945e-28	1.43945e-28	1.43945e-28	1.43945e-28
20.73	7.45027e-27	7.56047e-27	7.56053e-27	7.56053e-27	7.56053e-27	7.56053e-27	7.56053e-27	7.56053e-27	7.56053e-27	7.56053e-27	7.56053e-27	7.56053e-27	7.56053e-27	7.56053e-27	7.56053e-27	7.56053e-27	7.56053e-27	7.56053e-27	7.56053e-27	7.56053e-27	7.56053e-27	7.56053e-27	7.56053e-27	7.56053e-27	7.56053e-27	7.56053e-27	7.56053e-27	7.56053e-27	7.56053e-27	7.56053e-27	7.56053e-27	7.56053e-27	7.56053e-27	7.56053e-27	7.56053e-27	7.56053e-27	7.56053e-27	7.56053e-27	7.56053e-27	7.56053e-27	7.56053e-27	7.56053e-27	7.56053e-27	7.56053e-27	7.56053e-27	7.56053e-27	7.56053e-27	7.56053e-27	7.56053e-27	7.56053e-27	7.56053e-27	7.56053e-27	7.56053e-27	7.56053e-27	7.56053e-27	7.56053e-27	7.56053e-27	7.56053e-27	7.56053e-27	7.56053e-27	7.56053e-27	7.56053e-27	7.56053e-27	7.56053e-27	7.56053e-27	7.56053e-27	7.56053e-27	7.56053e-27	7.56053e-27	7.56053e-27	7.56053e-27	7.56053e-27	7.56053e-27	7.56053e-27	7.56053e-27	7.56053e-27	7.56053e-27	7.56053e-27	7.56053e-27	7.56053e-27	7.56053e-27	7.56053e-27	7.56053e-27	7.56053e-27	7.56053e-27	7.56053e-27	7.56053e-27	7.56053e-27	7.56053e-27	7.56053e-27	7.56053e-27	7.56053e-27	7.56053e-27	7.56053e-27	7.56053e-27	7.56053e-27	7.56053e-27	7.56053e-27	7.56053e-27	7.56053e-27	7.56053e-27	7.56053e-27	7.56053e-27	7.56053e-27	7.56053e-27	7.56053e-27	7.56053e-27	7.56053e-27	7.56053e-27	7.56053e-27	7.56053e-27	7.56053e-27	7.56053e-27	7.56053e-27	7.56053e-27	7.56053e-27	7.56053e-27	7.56053e-27	7.56053e-27	7.56053e-27	7.56053e-27	7.56053e-27	7.56053e-27	7.56053e-27	7.56053e-27	7.56053e-27	7.56053e-27	7.56053e-27	7.56053e-27	7.56053e-27	7.56053e-27	7.56053e-27	7.56053e-27	7.56053e-27	7.56053e-27	7.56053e-27	7.56053e-27	7.56053e-27	7.56053e-27	7.56053e-27	7.56053e-27	7.56053e-27	7.56053e-27	7.56053e-27	7.56053e-27
20.77	3.32646e-25	3.38516e-25	3.38520e-25	3.38520e-25	3.38520e-25	3.38520e-25	3.38520e-25	3.38520e-25	3.38520e-25	3.38520e-25	3.38520e-25	3.38520e-25	3.38520e-25	3.38520e-25	3.38520e-25	3.38520e-25	3.38520e-25	3.38520e-25	3.38520e-25	3.38520e-25	3.38520e-25	3.38520e-25	3.38520e-25	3.38520e-25	3.38520e-25	3.38520e-25	3.38520e-25	3.38520e-25	3.38520e-25	3.38520e-25	3.38520e-25	3.38520e-25	3.38520e-25	3.38520e-25	3.38520e-25	3.38520e-25	3.38520e-25	3.38520e-25	3.38520e-25	3.38520e-25	3.38520e-25	3.38520e-25	3.38520e-25	3.38520e-25	3.38520e-25	3.38520e-25	3.38520e-25	3.38520e-25	3.38520e-25	3.38520e-25	3.38520e-25	3.38520e-25	3.38520e-25	3.38520e-25	3.38520e-25	3.38520e-25	3.38520e-25	3.38520e-25	3.38520e-25	3.38520e-25	3.38520e-25	3.38520e-25	3.38520e-25	3.38520e-25	3.38520e-25	3.38520e-25	3.38520e-25	3.38520e-25	3.38520e-25	3.38520e-25	3.38520e-25	3.38520e-25	3.38520e-25	3.38520e-25	3.38520e-25	3.38520e-25	3.38520e-25	3.38520e-25	3.38520e-25	3.38520e-25	3.38520e-25	3.38520e-25	3.38520e-25	3.38520e-25	3.38520e-25	3.38520e-25	3.38520e-25	3.38520e-25	3.38520e-25	3.38520e-25	3.38520e-25	3.38520e-25	3.38520e-25	3.38520e-25	3.38520e-25	3.38520e-25	3.38520e-25	3.38520e-25	3.38520e-25	3.38520e-25	3.38520e-25	3.38520e-25	3.38520e-25	3.38520e-25	3.38520e-25	3.38520e-25	3.38520e-25	3.38520e-25	3.38520e-25	3.38520e-25	3.38520e-25	3.38520e-25	3.38520e-25	3.38520e-25	3.38520e-25	3.38520e-25	3.38520e-25	3.38520e-25	3.38520e-25	3.38520e-25	3.38520e-25	3.38520e-25	3.38520e-25	3.38520e-25	3.38520e-25	3.38520e-25	3.38520e-25	3.38520e-25	3.38520e-25	3.38520e-25	3.38520e-25	3.38520e-25	3.38520e-25	3.38520e-25	3.38520e-25	3.38520e-25	3.38520e-25	3.38520e-25	3.38520e-25	3.38520e-25	3.38520e-25	3.38520e-25	3.38520e-25	3.38520e-25	3.38520e-25
20.80	1.25190e-23	1.27854e-23	1.27856e-23	1.27856e-23	1.27856e-23	1.27856e-23	1.27856e-23	1.27856e-23	1.27856e-23	1.27856e-23	1.27856e-23	1.27856e-23	1.27856e-23	1.27856e-23	1.27856e-23	1.27856e-23	1.27856e-23	1.27856e-23	1.27856e-23	1.27856e-23	1.27856e-23	1.27856e-23	1.27856e-23	1.27856e-23	1.27856e-23	1.27856e-23	1.27856e-23	1.27856e-23	1.27856e-23	1.27856e-23	1.27856e-23	1.27856e-23	1.27856e-23	1.27856e-23	1.27856e-23	1.27856e-23	1.27856e-23	1.27856e-23	1.27856e-23	1.27856e-23	1.27856e-23	1.27856e-23	1.27856e-23	1.27856e-23	1.27856e-23	1.27856e-23	1.27856e-23	1.27856e-23	1.27856e-23	1.27856e-23	1.27856e-23	1.27856e-23	1.27856e-23	1.27856e-23	1.27856e-23	1.27856e-23	1.27856e-23	1.27856e-23	1.27856e-23	1.27856e-23	1.27856e-23	1.27856e-23	1.27856e-23	1.27856e-23	1.27856e-23	1.27856e-23	1.27856e-23	1.27856e-23	1.27856e-23	1.27856e-23	1.27856e-23	1.27856e-23	1.27856e-23	1.27856e-23	1.27856e-23	1.27856e-23	1.27856e-23	1.27856e-23	1.27856e-23	1.27856e-23	1.27856e-23	1.27856e-23	1.27856e-23	1.27856e-23	1.27856e-23	1.27856e-23	1.27856e-23	1.27856e-23	1.27856e-23	1.27856e-23	1.27856e-23	1.27856e-23	1.27856e-23	1.27856e-23	1.27856e-23	1.27856e-23	1.27856e-23	1.27856e-23	1.27856e-23	1.27856e-23	1.27856e-23	1.27856e-23	1.27856e-23	1.27856e-23	1.27856e-23	1.27856e-23	1.27856e-23	1.27856e-23	1.27856e-23	1.27856e-23	1.27856e-23	1.27856e-23	1.27856e-23	1.27856e-23	1.27856e-23	1.27856e-23	1.27856e-23	1.27856e-23	1.27856e-23	1.27856e-23	1.27856e-23	1.27856e-23	1.27856e-23	1.27856e-23	1.27856e-23	1.27856e-23	1.27856e-23	1.27856e-23	1.27856e-23	1.27856e-23	1.27856e-23	1.27856e-23	1.27856e-23	1.27856e-23	1.27856e-23	1.27856e-23	1.27856e-23	1.27856e-23	1.27856e-23	1.27856e-23	1.27856e-23	1.27856e-23	1.27856e-23	1.27856e-23	1.27856e-23
20.83	3.68312e-22	3.78534e-22	3.78549e-22	3.78549e-22	3.78549e-22	3.78549e-22	3.78549e-22	3.78549e-22	3.78549e-22	3.78549e-22	3.78549e-22	3.78549e-22	3.78549e-22	3.78549e-22	3.78549e-22	3.78549e-22	3.78549e-22	3.78549e-22	3.78549e-22	3.78549e-22	3.78549e-22	3.78549e-22	3.78549e-22	3.78549e-22	3.78549e-22	3.78549e-22	3.78549e-22	3.78549e-22	3.78549e-22	3.78549e-22	3.78549e-22	3.78549e-22	3.78549e-22	3.78549e-22	3.78549e-22	3.78549e-22	3.78549e-22	3.78549e-22	3.78549e-22	3.78549e-22	3.78549e-22	3.78549e-22	3.78549e-22	3.78549e-22	3.78549e-22	3.78549e-22	3.78549e-22	3.78549e-22	3.78549e-22	3.78549e-22	3.78549e-22	3.78549e-22	3.78549e-22	3.78549e-22	3.78549e-22	3.78549e-22	3.78549e-22	3.78549e-22	3.78549e-22	3.78549e-22	3.78549e-22	3.78549e-22	3.78549e-22	3.78549e-22	3.78549e-22	3.78549e-22	3.78549e-22	3.78549e-22	3.78549e-22	3.78549e-22	3.78549e-22	3.78549e-22	3.78549e-22	3.78549e-22	3.78549e-22	3.78549e-22	3.78549e-22	3.78549e-22	3.78549e-22	3.78549e-22	3.78549e-22	3.78549e-22	3.78549e-22	3.78549e-22	3.78549e-22	3.78549e-22	3.78549e-22	3.78549e-22	3.78549e-22	3.78549e-22	3.78549e-22	3.78549e-22	3.78549e-22	3.78549e-22	3.78549e-22	3.78549e-22	3.78549e-22	3.78549e-22	3.78549e-22	3.78549e-22	3.78549e-22	3.78549e-22	3.78549e-22	3.78549e-22	3.78549e-22	3.78549e-22	3.78549e-22	3.78549e-22	3.78549e-22	3.78549e-22	3.78549e-22	3.78549e-22	3.78549e-22	3.78549e-22	3.78549e-22	3.78549e-22	3.78549e-22	3.78549e-22	3.78549e-22	3.78549e-22	3.78549e-22	3.78549e-22	3.78549e-22	3.78549e-22	3.78549e-22	3.78549e-22	3.78549e-22	3.78549e-22	3.78549e-22	3.78549e-22	3.78549e-22	3.78549e-22	3.78549e-22	3.78549e-22	3.78549e-22	3.78549e-22	3.78549e-22	3.78549e-22	3.78549e-22	3.78549e-22	3.78549e-22	3.78549e-22	3.78549e-22	3.78549e-22	3.78549e-22
20.87	4.89299e-21	5.20418e-21	5.20481e-21	5.20481e-21	5.20481e-21	5.20481e-21	5.20481e-21	5.20481e-21	5.20481e-21	5.20481e-21	5.20481e-21	5.20481e-21	5.20481e-21	5.20481e-21	5.20481e-21	5.20481e-21	5.20481e-21	5.20481e-21	5.20481e-21	5.20481e-21	5.20481e-21	5.20481e-21	5.20481e-21	5.20481e-21	5.20481e-21	5.20481e-21	5.20481e-21	5.20481e-21	5.20481e-21	5.20481e-21	5.20481e-21	5.20481e-21	5.20481e-21	5.20481e-21	5.20481e-21	5.20481e-21	5.20481e-21	5.20481e-21	5.20481e-21	5.20481e-21	5.20481e-21	5.20481e-21	5.20481e-21	5.20481e-21	5.20481e-21	5.20481e-21	5.20481e-21	5.20481e-21	5.20481e-21	5.20481e-21	5.20481e-21	5.20481e-21	5.20481e-21	5.20481e-21	5.20481e-21	5.20481e-21	5.20481e-21	5.20481e-21	5.20481e-21	5.20481e-21	5.20481e-21	5.20481e-21	5.20481e-21	5.20481e-21	5.20481e-21	5.20481e-21	5.20481e-21	5.20481e-21	5.20481e-21	5.20481e-21	5.20481e-21	5.20481e-21	5.20481e-21	5.20481e-21	5.20481e-21	5.20481e-21	5.20481e-21	5.20481e-21	5.20481e-21	5.20481e-21	5.20481e-21	5.20481e-21	5.20481e-21	5.20481e-21	5.20481e-21	5.20481e-21	5.20481e-21	5.20481e-21	5.20481e-21	5.20481e-21	5.20481e-21	5.20481e-21	5.20481e-21	5.20481e-21	5.20481e-21	5.20481e-21	5.20481e-21	5.20481e-21	5.20481e-21	5.20481e-21	5.20481e-21	5.20481e-21	5.20481e-21	5.20481e-21	5.20481e-21	5.20481e-21	5.20481e-21	5.20481e-21	5.20481e-21	5.20481e-21	5.20481e-21	5.20481e-21	5.20481e-21	5.20481e-21	5.20481e-21	5.20481e-21	5.20481e-21	5.20481e-21	5.20481e-21	5.20481e-21	5.20481e-21	5.20481e-21	5.20481e-21	5.20481e-21	5.20481e-21	5.20481e-21	5.20481e-21	5.20481e-21	5.20481e-21	5.20481e-21	5.20481e-21	5.20481e-21	5.20481e-21	5.20481e-21	5.20481e-21	5.20481e-21	5.20481e-21	5.20481e-21	5.20481e-21	5.20481e-21	5.20481e-21	5.20481e-21	5.20481e-21	5.20481e-21	5.20481e-21
20.90	8.35328e-21	1.32117e-20	1.32351e-20	1.32351e-20	1.32351e-20	1.32351e-20	1.32351e-20	1.32351e-20	1.32351e-20	1.32351e-20	1.32351e-20	1.32351e-20	1.32351e-20	1.32351e-20	1.32351e-20	1.32351e-20	1.32351e-20	1.32351e-20	1.32351e-20	1.32351e-20	1.32351e-20	1.32351e-20	1.32351e-20	1.32351e-20	1.32351e-20	1.32351e-20	1.32351e-20	1.32351e-20	1.32351e-20	1.32351e-20	1.32351e-20	1.32351e-20	1.32351e-20	1.32351e-20	1.32351e-20	1.32351e-20	1.32351e-20	1.32351e-20	1.32351e-20	1.32351e-20	1.32351e-20	1.32351e-20	1.32351e-20	1.32351e-20	1.32351e-20	1.32351e-20	1.32351e-20	1.32351e-20	1.32351e-20	1.32351e-20	1.32351e-20	1.32351e-20	1.32351e-20	1.32351e-20	1.32351e-20	1.32351e-20	1.32351e-20	1.32351e-20	1.32351e-20	1.32351e-20	1.32351e-20	1.32351e-20	1.32351e-20	1.32351e-20	1.32351e-20	1.32351e-20	1.32351e-20	1.32351e-20	1.32351e-20	1.32351e-20	1.32351e-20	1.32351e-20	1.32351e-20	1.32351e-20	1.32351e-20	1.32351e-20	1.32351e-20	1.32351e-20	1.32351e-20	1.32351e-20	1.32351e-20	1.32351e-20	1.32351e-20	1.32351e-20	1.32351e-20	1.32351e-20	1.32351e-20	1.32351e-20	1.32351e-20	1.32351e-20	1.32351e-20	1.32351e-20	1.32351e-20	1.32351e-20	1.32351e-20	1.32351e-20	1.32351e-20	1.32351e-20	1.32351e-20	1.32351e-20	1.32351e-20	1.32351e-20	1.32351e-20	1.32351e-20	1.32351e-20	1.32351e-20	1.32351e-20	1.32351e-20	1.32351e-20	1.32351e-20	1.32351e-20	1.32351e-20	1.32351e-20	1.32351e-20	1.32351e-20	1.32351e-20	1.32351e-20	1.32351e-20	1.32351e-20	1.32351e-20	1.32351e-20	1.32351e-20	1.32351e-20	1.32351e-20	1.32351e-20	1.32351e-20	1.32351e-20	1.32351e-20	1.32351e-20	1.32351e-20	1.32351e-20	1.32351e-20	1.32351e-20	1.32351e-20	1.32351e-20	1.32351e-20	1.32351e-20	1.32351e-20	1.32351e-20	1.32351e-20	1.32351e-20	1.32351e-20	1.32351e-20	1.32351e-20	1.32351e-20
20.94	7.14080e-21	2.01530e-20	2.08175e-20	2.08189e-20	2.08189e-20	2.08189e-20	2.08189e-20	2.08189e-20	2.08189e-20	2.08189e-20	2.08189e-20	2.08189e-20	2.08189e-20	2.08189e-20	2.08189e-20	2.08189e-20	2.08189e-20	2.08189e-20	2.08189e-20	2.08189e-20	2.08189e-20	2.08189e-20	2.08189e-20	2.08189e-20	2.08189e-20	2.08189e-20	2.08189e-20	2.08189e-20	2.08189e-20	2.08189e-20	2.08189e-20	2.08189e-20	2.08189e-20	2.08189e-20	2.08189e-20	2.08189e-20	2.08189e-20	2.08189e-20	2.08189e-20	2.08189e-20	2.08189e-20	2.08189e-20	2.08189e-20	2.08189e-20	2.08189e-20	2.08189e-20	2.08189e-20	2.08189e-20	2.08189e-20	2.08189e-20	2.08189e-20	2.08189e-20	2.08189e-20	2.08189e-20	2.08189e-20	2.08189e-20	2.08189e-20	2.08189e-20	2.08189e-20	2.08189e-20	2.08189e-20	2.08189e-20	2.08189e-20	2.08189e-20	2.08189e-20	2.08189e-20	2.08189e-20	2.08189e-20	2.08189e-20	2.08189e-20	2.08189e-20	2.08189e-20	2.08189e-20	2.08189e-20	2.08189e-20	2.08189e-20	2.08189e-20	2.08189e-20	2.08189e-20	2.08189e-20	2.08189e-20	2.08189e-20	2.08189e-20	2.08189e-20	2.08189e-20	2.08189e-20	2.08189e-20	2.08189e-20	2.08189e-20	2.08189e-20	2.08189e-20	2.08189e-20	2.08189e-20	2.08189e-20	2.08189e-20	2.08189e-20	2.08189e-20	2.08189e-20	2.08189e-20	2.08189e-20	2.08189e-20	2.08189e-20	2.08189e-20	2.08189e-20	2.08189e-20	2.08189e-20	2.08189e-20	2.08189e-20	2.08189e-20	2.08189e-20	2.08189e-20	2.08189e-20	2.08189e-20	2.08189e-20	2.08189e-20	2.08189e-20	2.08189e-20	2.08189e-20	2.08189e-20	2.08189e-20	2.08189e-20	2.08189e-20	2.08189e-20	2.08189e-20	2.08189e-20	2.08189e-20	2.08189e-20	2.08189e-20	2.08189e-20	2.08189e-20	2.08189e-20	2.08189e-20	2.08189e-20	2.08189e-20	2.08189e-20	2.08189e-20	2.08189e-20	2.08189e-20	2.08189e-20	2.08189e-20	2.08189e-20	2.08189e-20	2.08189e-20	2.08189e-20	2.08189e-20
20.97	6.10394e-21	2.04361e-20	2.80274e-20	2.80802e-20	2.80803e-20	2.80803e-20	2.80803e-20	2.80803e-20	2.80803e-20	2.80803e-20	2.80803e-20	2.80803e-20	2.80803e-20	2.80803e-20	2.80803e-20	2.80803e-20	2.80803e-20	2.80803e-20	2.80803e-20	2.80803e-20	2.80803e-20	2.80803e-20	2.80803e-20	2.80803e-20	2.80803e-20	2.80803e-20	2.80803e-20	2.80803e-20	2.80803e-20	2.80803e-20	2.80803e-20	2.80803e-20	2.80803e-20	2.80803e-20	2.80803e-20	2.80803e-20	2.80803e-20	2.80803e-20	2.80803e-20	2.80803e-20	2.80803e-20	2.80803e-20	2.80803e-20	2.80803e-20	2.80803e-20	2.80803e-20	2.80803e-20	2.80803e-20	2.80803e-20	2.80803e-20	2.80803e-20	2.80803e-20	2.80803e-20	2.80803e-20	2.80803e-20	2.80803e-20	2.80803e-20	2.80803e-20	2.80803e-20	2.80803e-20	2.80803e-20	2.80803e-20	2.80803e-20	2.80803e-20	2.80803e-20	2.80803e-20	2.80803e-20	2.80803e-20	2.80803e-20	2.80803e-20	2.80803e-20	2.80803e-20	2.80803e-20	2.80803e-20	2.80803e-20	2.80803e-20	2.80803e-20	2.80803e-20	2.80803e-20	2.80803e-20	2.80803e-20	2.80803e-20	2.80803e-20	2.80803e-20	2.80803e-20	2.80803e-20	2.80803e-20	2.80803e-20	2.80803e-20	2.80803e-20	2.80803e-20	2.80803e-20	2.80803e-20	2.80803e-20	2.80803e-20	2.80803e-20	2.80803e-20	2.80803e-20	2.80803e-20	2.80803e-20	2.80803e-20	2.80803e-20	2.80803e-20	2.80803e-20	2.80803e-20	2.80803e-20	2.80803e-20	2.80803e-20	2.80803e-20	2.80803e-20	2.80803e-20	2.80803e-20	2.80803e-20	2.80803e-20	2.80803e-20	2.80803e-20	2.80803e-20	2.80803e-20	2.80803e-20	2.80803e-20	2.80803e-20	2.80803e-20	2.80803e-20	2.80803e-20	2.80803e-20	2.80803e-20	2.80803e-20	2.80803e-20	2.80803e-20	2.80803e-20	2.80803e-20	2.80803e-20	2.80803e-20	2.80803e-20	2.80803e-20	2.80803e-20	2.80803e-20	2.80803e-20	2.80803e-20	2.80803e-20	2.80803e-20	2.80803e-20	2.80803e-20	2.80803e-20	2.80803e-20
21.00	5.21764e-21	1.74687e-20	3.37434e-20	3.51266e-20	3.51301e-20	3.51301e-20	3.51301e-20	3.51301e-20	3.51301e-20	3.51301e-20	3.51301e-20	3.51301e-20	3.51301e-20	3.51301e-20	3.51301e-20	3.51301e-20	3.51301e-20	3.51301e-20	3.51301e-20	3.51301e-20	3.51301e-20	3.51301e-20	3.51301e-20	3.51301e-20	3.51301e-20	3.51301e-20	3.51301e-20	3.51301e-20	3.51301e-20	3.51301e-20	3.51301e-20	3.51301e-20	3.51301e-20	3.51301e-20	3.51301e-20	3.51301e-20	3.51301e-20	3.51301e-20	3.51301e-20	3.51301e-20	3.51301e-20	3.51301e-20	3.51301e-20	3.51301e-20	3.51301e-20	3.51301e-20	3.51301e-20	3.51301e-20	3.51301e-20	3.51301e-20	3.51301e-20	3.51301e-20	3.51301e-20	3.51301e-20	3.51301e-20	3.51301e-20	3.51301e-20	3.51301e-20	3.51301e-20	3.51301e-20	3.51301e-20	3.51301e-20	3.51301e-20	3.51301e-20	3.51301e-20	3.51301e-20	3.51301e-20	3.51301e-20	3.51301e-20	3.51301e-20	3.51301e-20	3.51301e-20	3.51301e-20	3.51301e-20	3.51301e-20	3.51301e-20	3.51301e-20	3.51301e-20	3.51301e-20	3.51301e-20	3.51301e-20	3.51301e-20	3.51301e-20	3.51301e-20	3.51301e-20	3.51301e-20	3.51301e-20	3.51301e-20	3.51301e-20	3.51301e-20	3.51301e-20	3.51301e-20	3.51301e-20	3.51301e-20	3.51301e-20	3.51301e-20	3.51301e-20	3.51301e-20	3.51301e-20	3.51301e-20	3.51301e-20	3.51301e-20	3.51301e-20	3.51301e-20	3.51301e-20	3.51301e-20	3.51301e-20	3.51301e-20	3.51301e-20	3.51301e-20	3.51301e-20	3.51301e-20	3.51301e-20	3.51301e-20	3.51301e-20	3.51301e-20	3.51301e-20	3.51301e-20	3.51301e-20	3.51301e-20	3.51301e-20	3.51301e-20	3.51301e-20	3.51301e-20	3.51301e-20	3.51301e-20	3.51301e-20	3.51301e-20	3.51301e-20	3.51301e-20	3.51301e-20	3.51301e-20	3.51301e-20	3.51301e-20	3.51301e-20	3.51301e-20	3.51301e-20	3.51301e-20	3.51301e-20	3.51301e-20	3.51301e-20	3.51301e-20	3.51301e-20	3.51301e-20	3.51301e-20
21.04	4.46003e-21	1.49322e-20	3.09606e-20	4.19498e-20	4.20682e-20	4.20684e-20	4.20684e-20	4.20684e-20	4.20684e-20	4.20684e-20	4.20684e-20	4.20684e-20	4.20684e-20	4.20684e-20	4.20684e-20	4.20684e-20	4.20684e-20	4.20684e-20	4.20684e-20	4.20684e-20	4.20684e-20	4.20684e-20	4.20684e-20	4.20684e-20	4.20684e-20	4.20684e-20	4.20684e-20	4.20684e-20	4.20684e-20	4.20684e-20	4.20684e-20	4.20684e-20	4.20684e-20	4.20684e-20	4.20684e-20	4.20684e-20	4.20684e-20	4.20684e-20	4.20684e-20	4.20684e-20	4.20684e-20	4.20684e-20	4.20684e-20	4.20684e-20	4.20684e-20	4.20684e-20	4.20684e-20	4.20684e-20	4.20684e-20	4.20684e-20	4.20684e-20	4.20684e-20	4.20684e-20	4.20684e-20	4.20684e-20	4.20684e-20	4.20684e-20	4.20684e-20	4.20684e-20	4.20684e-20	4.20684e-20	4.20684e-20	4.20684e-20	4.20684e-20	4.20684e-20	4.20684e-20	4.20684e-20	4.20684e-20	4.20684e-20	4.20684e-20	4.20684e-20	4.20684e-20	4.20684e-20	4.20684e-20	4.20684e-20	4.20684e-20	4.20684e-20	4.20684e-20	4.20684e-20	4.20684e-20	4.20684e-20	4.20684e-20	4.20684e-20	4.20684e-20	4.20684e-20	4.20684e-20	4.20684e-20	4.20684e-20	4.20684e-20	4.20684e-20	4.20684e-20	4.20684e-20	4.20684e-20	4.20684e-20	4.20684e-20	4.20684e-20	4.20684e-20	4.20684e-20	4.20684e-20	4.20684e-20	4.20684e-20	4.20684e-20	4.20684e-20	4.20684e-20	4.20684e-20	4.20684e-20	4.20684e-20	4.20684e-20	4.20684e-20	4.20684e-20	4.20684e-20	4.20684e-20	4.20684e-20	4.20684e-20	4.20684e-20	4.20684e-20	4.20684e-20	4.20684e-20	4.20684e-20	4.20684e-20	4.20684e-20	4.20684e-20	4.20684e-20	4.20684e-20	4.20684e-20	4.20684e-20	4.20684e-20	4.20684e-20	4.20684e-20	4.20684e-20	4.20684e-20	4.20684e-20	4.20684e-20	4.20684e-20	4.20684e-20	4.20684e-20	4.20684e-20	4.20684e-20	4.20684e-20	4.20684e-20	4.20684e-20	4.20684e-20	4.20684e-20	4.20684e-20	4.20684e-20
21.07	3.81243e-21	1.27640e-20	2.64651e-20	4.62013e-20	4.89784e-20	4.89865e-20	4.89865e-20	4.89865e-20	4.89865e-20	4.89865e-20	4.89865e-20	4.89865e-20	4.89865e-20	4.89865e-20	4.89865e-20	4.89865e-20	4.89865e-20	4.89865e-20	4.89865e-20	4.89865e-20	4.89865e-20	4.89865e-20	4.89865e-20	4.89865e-20	4.89865e-20	4.89865e-20	4.89865e-20	4.89865e-20	4.89865e-20	4.89865e-20	4.89865e-20	4.89865e-20	4.89865e-20	4.89865e-20	4.89865e-20	4.89865e-20	4.89865e-20	4.89865e-20	4.89865e-20	4.89865e-20	4.89865e-20	4.89865e-20	4.89865e-20	4.89865e-20	4.89865e-20	4.89865e-20	4.89865e-20	4.89865e-20	4.89865e-20	4.89865e-20	4.89865e-20	4.89865e-20	4.89865e-20	4.89865e-20	4.89865e-20	4.89865e-20	4.89865e-20	4.89865e-20	4.89865e-20	4.89865e-20	4.89865e-20	4.89865e-20	4.89865e-20	4.89865e-20	4.89865e-20	4.89865e-20	4.89865e-20	4.89865e-20	4.89865e-20	4.89865e-20	4.89865e-20	4.89865e-20	4.89865e-20	4.89865e-20	4.89865e-20	4.89865e-20	4.89865e-20	4.89865e-20	4.89865e-20	4.89865e-20	4.89865e-20	4.89865e-20	4.89865e-20	4.89865e-20	4.89865e-20	4.89865e-20	4.89865e-20	4.89865e-20	4.89865e-20	4.89865e-20	4.89865e-20	4.89865e-20	4.89865e-20	4.89865e-20	4.89865e-20	4.89865e-20	4.89865e-20	4.89865e-20	4.89865e-20	4.89865e-20	4.89865e-20	4.89865e-20	4.89865e-20	4.89865e-20	4.89865e-20	4.89865e-20	4.89865e-20	4.89865e-20	4.89865e-20	4.89865e-20	4.89865e-20	4.89865e-20	4.89865e-20	4.89865e-20	4.89865e-20	4.89865e-20	4.89865e-20	4.89865e-20	4.89865e-20	4.89865e-20	4.89865e-20	4.89865e-20	4.89865e-20	4.89865e-20	4.89865e-20	4.89865e-20	4.89865e-20	4.89865e-20	4.89865e-20	4.89865e-20	4.89865e-20	4.89865e-20	4.89865e-20	4.89865e-20	4.89865e-20	4.89865e-20	4.89865e-20	4.89865e-20	4.89865e-20	4.89865e-20	4.89865e-20	4.89865e-20	4.89865e-20	4.89865e-20	4.89865e-20
21.11	3.25886e-21	1.09107e-20	2.26223e-20	4.05492e-20	5.57062e-20	5.59683e-20	5.59688e-20	5.59688e-20	5.59688e-20	5.59688e-20	5.59688e-20	5.59688e-20	5.59688e-20	5.59688e-20	5.59688e-20	5.59688e-20	5.59688e-20	5.59688e-20	5.59688e-20	5.59688e-20	5.59688e-20	5.59688e-20	5.59688e-20	5.59688e-20	5.59688e-20	5.59688e-20	5.59688e-20	5.59688e-20	5.59688e-20	5.59688e-20	5.59688e-20	5.59688e-20	5.59688e-20	5.59688e-20	5.59688e-20	5.59688e-20	5.59688e-20	5.59688e-20	5.59688e-20	5.59688e-20	5.59688e-20	5.59688e-20	5.59688e-20	5.59688e-20	5.59688e-20	5.59688e-20	5.59688e-20	5.59688e-20	5.59688e-20	5.59688e-20	5.59688e-20	5.59688e-20	5.59688e-20	5.59688e-20	5.59688e-20	5.59688e-20	5.59688e-20	5.59688e-20	5.59688e-20	5.59688e-20	5.59688e-20	5.59688e-20	5.59688e-20	5.59688e-20	5.59688e-20	5.59688e-20	5.59688e-20	5.59688e-20	5.59688e-20	5.59688e-20	5.59688e-20	5.59688e-20	5.59688e-20	5.59688e-20	5.59688e-20	5.59688e-20	5.59688e-20	5.59688e-20	5.59688e-20	5.59688e-20	5.59688e-20	5.59688e-20	5.59688e-20	5.59688e-20	5.59688e-20	5.59688e-20	5.59688e-20	5.59688e-20	5.59688e-20	5.59688e-20	5.59688e-20	5.59688e-20	5.59688e-20	5.59688e-20	5.59688e-20	5.59688e-20	5.59688e-20	5.59688e-20	5.59688e-20	5.59688e-20	5.59688e-20	5.59688e-20	5.59688e-20	5.59688e-20	5.59688e-20	5.59688e-20	5.59688e-20	5.59688e-20	5.59688e-20	5.59688e-20	5.59688e-20	5.59688e-20	5.59688e-20	5.59688e-20	5.59688e-20	5.59688e-20	5.59688e-20	5.59688e-20	5.59688e-20	5.59688e-20	5.59688e-20	5.59688e-20	5.59688e-20	5.59688e-20	5.59688e-20	5.59688e-20	5.59688e-20	5.59688e-20	5.59688e-20	5.59688e-20	5.59688e-20	5.59688e-20	5.59688e-20	5.59688e-20	5.59688e-20	5.59688e-20	5.59688e-20	5.59688e-20	5.59688e-20	5.59688e-20	5.59688e-20	5.59688e-20	5.59688e-20	5.59688e-20	5.59688e-20
21.14	2.78567e-21	9.32643e-21	1.93375e-20	3.46614e-20	5.77863e-20	6.30755e-20	6.30941e-20	6.30941e-20	6.30941e-20	6.30941e-20	6.30941e-20	6.30941e-20	6.30941e-20	6.30941e-20	6.30941e-20	6.30941e-20	6.30941e-20	6.30941e-20	6.30941e-20	6.30941e-20	6.30941e-20	6.30941e-20	6.30941e-20	6.30941e-20	6.30941e-20	6.30941e-20	6.30941e-20	6.30941e-20	6.30941e-20	6.30941e-20	6.30941e-20	6.30941e-20	6.30941e-20	6.30941e-20	6.30941e-20	6.30941e-20	6.30941e-20	6.30941e-20	6.30941e-20	6.30941e-20	6.30941e-20	6.30941e-20	6.30941e-20	6.30941e-20	6.30941e-20	6.30941e-20	6.30941e-20	6.30941e-20	6.30941e-20	6.30941e-20	6.30941e-20	6.30941e-20	6.30941e-20	6.30941e-20	6.30941e-20	6.30941e-20	6.30941e-20	6.30941e-20	6.30941e-20	6.30941e-20	6.30941e-20	6.30941e-20	6.30941e-20	6.30941e-20	6.30941e-20	6.30941e-20	6.30941e-20	6.30941e-20	6.30941e-20	6.30941e-20	6.30941e-20	6.30941e-20	6.30941e-20	6.30941e-20	6.30941e-20	6.30941e-20	6.30941e-20	6.30941e-20	6.30941e-20	6.30941e-20	6.30941e-20	6.30941e-20	6.30941e-20	6.30941e-20	6.30941e-20	6.30941e-20	6.30941e-20	6.30941e-20	6.30941e-20	6.30941e-20	6.30941e-20	6.30941e-20	6.30941e-20	6.30941e-20	6.30941e-20	6.30941e-20	6.30941e-20	6.30941e-20	6.30941e-20	6.30941e-20	6.30941e-20	6.30941e-20	6.30941e-20	6.30941e-20	6.30941e-20	6.30941e-20	6.30941e-20	6.30941e-20	6.30941e-20	6.30941e-20	6.30941e-20	6.30941e-20	6.30941e-20	6.30941e-20	6.30941e-20	6.30941e-20	6.30941e-20	6.30941e-20	6.30941e-20	6.30941e-20	6.30941e-20	6.30941e-20	6.30941e-20	6.30941e-20	6.30941e-20	6.30941e-20	6.30941e-20	6.30941e-20	6.30941e-20	6.30941e-20	6.30941e-20	6.30941e-20	6.30941e-20	6.30941e-20	6.30941e-20	6.30941e-20	6.30941e-20	6.30941e-20	6.30941e-20	6.30941e-20	6.30941e-20	6.30941e-20	6.30941e-20	6.30941e-20	6.30941e-20
21.17	2.38118e-21	7.97222e-21	1.65297e-20	2.96285e-20	4.96807e-20	6.98638e-20	7.04361e-20	7.04372e-20	7.04372e-20	7.04372e-20	7.04372e-20	7.04372e-20	7.04372e-20	7.04372e-20	7.04372e-20	7.04372e-20	7.04372e-20	7.04372e-20	7.04372e-20	7.04372e-20	7.04372e-20	7.04372e-20	7.04372e-20	7.04372e-20	7.04372e-20	7.04372e-20	7.04372e-20	7.04372e-20	7.04372e-20	7.04372e-20	7.04372e-20	7.04372e-20	7.04372e-20	7.04372e-20	7.04372e-20	7.04372e-20	7.04372e-20	7.04372e-20	7.04372e-20	7.04372e-20	7.04372e-20	7.04372e-20	7.04372e-20	7.04372e-20	7.04372e-20	7.04372e-20	7.04372e-20	7.04372e-20	7.04372e-20	7.04372e-20	7.04372e-20	7.04372e-20	7.04372e-20	7.04372e-20	7.04372e-20	7.04372e-20	7.04372e-20	7.04372e-20	7.04372e-20	7.04372e-20	7.04372e-20	7.04372e-20	7.04372e-20	7.04372e-20	7.04372e-20	7.04372e-20	7.04372e-20	7.04372e-20	7.04372e-20	7.04372e-20	7.04372e-20	7.04372e-20	7.04372e-20	7.04372e-20	7.04372e-20	7.04372e-20	7.04372e-20	7.04372e-20	7.04372e-20	7.04372e-20	7.04372e-20	7.04372e-20	7.04372e-20	7.04372e-20	7.04372e-20	7.04372e-20	7.04372e-20	7.04372e-20	7.04372e-20	7.04372e-20	7.04372e-20	7.04372e-20	7.04372e-20	7.04372e-20	7.04372e-20	7.04372e-20	7.04372e-20	7.04372e-20	7.04372e-20	7.04372e-20	7.04372e-20	7.04372e-20	7.04372e-20	7.04372e-20	7.04372e-20	7.04372e-20	7.04372e-20	7.04372e-20	7.04372e-20	7.04372e-20	7.04372e-20	7.04372e-20	7.04372e-20	7.04372e-20	7.04372e-20	7.04372e-20	7.04372e-20	7.04372e-20	7.04372e-20	7.04372e-20	7.04372e-20	7.04372e-20	7.04372e-20	7.04372e-20	7.04372e-20	7.04372e-20	7.04372e-20	7.04372e-20	7.04372e-20	7.04372e-20	7.04372e-20	7.04372e-20	7.04372e-20	7.04372e-20	7.04372e-20	7.04372e-20	7.04372e-20	7.04372e-20	7.04372e-20	7.04372e-20	7.04372e-20	7.04372e-20	7.04372e-20	7.04372e-20	7.04372e-20
21.21	2.03543e-21	6.81464e-21	1.41295e-20	2.53264e-20	4.24670e-20	6.87019e-20	7.80274e-20	7.80700e-20	7.80700e-20	7.80700e-20	7.80700e-20	7.80700e-20	7.80700e-20	7.80700e-20	7.80700e-20	7.80700e-20	7.80700e-20	7.80700e-20	7.80700e-20	7.80700e-20	7.80700e-20	7.80700e-20	7.80700e-20	7.80700e-20	7.80700e-20	7.80700e-20	7.80700e-20	7.80700e-20	7.80700e-20	7.80700e-20	7.80700e-20	7.80700e-20	7.80700e-20	7.80700e-20	7.80700e-20	7.80700e-20	7.80700e-20	7.80700e-20	7.80700e-20	7.80700e-20	7.80700e-20	7.80700e-20	7.80700e-20	7.80700e-20	7.80700e-20	7.80700e-20	7.80700e-20	7.80700e-20	7.80700e-20	7.80700e-20	7.80700e-20	7.80700e-20	7.80700e-20	7.80700e-20	7.80700e-20	7.80700e-20	7.80700e-20	7.80700e-20	7.80700e-20	7.80700e-20	7.80700e-20	7.80700e-20	7.80700e-20	7.80700e-20	7.80700e-20	7.80700e-20	7.80700e-20	7.80700e-20	7.80700e-20	7.80700e-20	7.80700e-20	7.80700e-20	7.80700e-20	7.80700e-20	7.80700e-20	7.80700e-20	7.80700e-20	7.80700e-20	7.80700e-20	7.80700e-20	7.80700e-20	7.80700e-20	7.80700e-20	7.80700e-20	7.80700e-20	7.80700e-20	7.80700e-20	7.80700e-20	7.80700e-20	7.80700e-20	7.80700e-20	7.80700e-20	7.80700e-20	7.80700e-20	7.80700e-20	7.80700e-20	7.80700e-20	7.80700e-20	7.80700e-20	7.80700e-20	7.80700e-20	7.80700e-20	7.80700e-20	7.80700e-20	7.80700e-20	7.80700e-20	7.80700e-20	7.80700e-20	7.80700e-20	7.80700e-20	7.80700e-20	7.80700e-20	7.80700e-20	7.80700e-20	7.80700e-20	7.80700e-20	7.80700e-20	7.80700e-20	7.80700e-20	7.80700e-20	7.80700e-20	7.80700e-20	7.80700e-20	7.80700e-20	7.80700e-20	7.80700e-20	7.80700e-20	7.80700e-20	7.80700e-20	7.80700e-20	7.80700e-20	7.80700e-20	7.80700e-20	7.80700e-20	7.80700e-20	7.80700e-20	7.80700e-20	7.80700e-20	7.80700e-20	7.80700e-20	7.80700e-20	7.80700e-20	7.80700e-20	7.80700e-20	7.80700e-20
21.24	1.73988e-21	5.82515e-21	1.20779e-20	2.16490e-20	3.63007e-20	5.87326e-20	8.48331e-20	8.60600e-20	8.60627e-20	8.60627e-20	8.60627e-20	8.60627e-20	8.60627e-20	8.60627e-20	8.60627e-20	8.60627e-20	8.60627e-20	8.60627e-20	8.60627e-20	8.60627e-20	8.60627e-20	8.60627e-20	8.60627e-20	8.60627e-20	8.60627e-20	8.60627e-20	8.60627e-20	8.60627e-20	8.60627e-20	8.60627e-20	8.60627e-20	8.60627e-20	8.60627e-20	8.60627e-20	8.60627e-20	8.60627e-20	8.60627e-20	8.60627e-20	8.60627e-20	8.60627e-20	8.60627e-20	8.60627e-20	8.60627e-20	8.60627e-20	8.60627e-20	8.60627e-20	8.60627e-20	8.60627e-20	8.60627e-20	8.60627e-20	8.60627e-20	8.60627e-20	8.60627e-20	8.60627e-20	8.60627e-20	8.60627e-20	8.60627e-20	8.60627e-20	8.60627e-20	8.60627e-20	8.60627e-20	8.60627e-20	8.60627e-20	8.60627e-20	8.60627e-20	8.60627e-20	8.60627e-20	8.60627e-20	8.60627e-20	8.60627e-20	8.60627e-20	8.60627e-20	8.60627e-20	8.60627e-20	8.60627e-20	8.60627e-20	8.60627e-20	8.60627e-20	8.60627e-20	8.60627e-20	8.60627e-20	8.60627e-20	8.60627e-20	8.60627e-20	8.60627e-20	8.60627e-20	8.60627e-20	8.60627e-20	8.60627e-20	8.60627e-20	8.60627e-20	8.60627e-20	8.60627e-20	8.60627e-20	8.60627e-20	8.60627e-20	8.60627e-20	8.60627e-20	8.60627e-20	8.60627e-20	8.60627e-20	8.60627e-20	8.60627e-20	8.60627e-20	8.60627e-20	8.60627e-20	8.60627e-20	8.60627e-20	8.60627e-20	8.60627e-20	8.60627e-20	8.60627e-20	8.60627e-20	8.60627e-20	8.60627e-20	8.60627e-20	8.60627e-20	8.60627e-20	8.60627e-20	8.60627e-20	8.60627e-20	8.60627e-20	8.60627e-20	8.60627e-20	8.60627e-20	8.60627e-20	8.60627e-20	8.60627e-20	8.60627e-20	8.60627e-20	8.60627e-20	8.60627e-20	8.60627e-20	8.60627e-20	8.60627e-20	8.60627e-20	8.60627e-20	8.60627e-20	8.60627e-20	8.60627e-20	8.60627e-20	8.60627e-20	8.60627e-20	8.60627e-20	8.60627e-20
21.28	1.48725e-21	4.97933e-21	1.03242e-20	1.85055e-20	3.10298e-20	5.02045e-20	7.95650e-20	9.43878e-20	9.44844e-20	9.44845e-20	9.44845e-20	9.44845e-20	9.44845e-20	9.44845e-20	9.44845e-20	9.44845e-20	9.44845e-20	9.44845e-20	9.44845e-20	9.44845e-20	9.44845e-20	9.44845e-20	9.44845e-20	9.44845e-20	9.44845e-20	9.44845e-20	9.44845e-20	9.44845e-20	9.44845e-20	9.44845e-20	9.44845e-20	9.44845e-20	9.44845e-20	9.44845e-20	9.44845e-20	9.44845e-20	9.44845e-20	9.44845e-20	9.44845e-20	9.44845e-20	9.44845e-20	9.44845e-20	9.44845e-20	9.44845e-20	9.44845e-20	9.44845e-20	9.44845e-20	9.44845e-20	9.44845e-20	9.44845e-20	9.44845e-20	9.44845e-20	9.44845e-20	9.44845e-20	9.44845e-20	9.44845e-20	9.44845e-20	9.44845e-20	9.44845e-20	9.44845e-20	9.44845e-20	9.44845e-20	9.44845e-20	9.44845e-20	9.44845e-20	9.44845e-20	9.44845e-20	9.44845e-20	9.44845e-20	9.44845e-20	9.44845e-20	9.44845e-20	9.44845e-20	9.44845e-20	9.44845e-20	9.44845e-20	9.44845e-20	9.44845e-20	9.44845e-20	9.44845e-20	9.44845e-20	9.44845e-20	9.44845e-20	9.44845e-20	9.44845e-20	9.44845e-20	9.44845e-20	9.44845e-20	9.44845e-20	9.44845e-20	9.44845e-20	9.44845e-20	9.44845e-20	9.44845e-20	9.44845e-20	9.44845e-20	9.44845e-20	9.44845e-20	9.44845e-20	9.44845e-20	9.44845e-20	9.44845e-20	9.44845e-20	9.44845e-20	9.44845e-20	9.44845e-20	9.44845e-20	9.44845e-20	9.44845e-20	9.44845e-20	9.44845e-20	9.44845e-20	9.44845e-20	9.44845e-20	9.44845e-20	9.44845e-20	9.44845e-20	9.44845e-20	9.44845e-20	9.44845e-20	9.44845e-20	9.44845e-20	9.44845e-20	9.44845e-20	9.44845e-20	9.44845e-20	9.44845e-20	9.44845e-20	9.44845e-20	9.44845e-20	9.44845e-20	9.44845e-20	9.44845e-20	9.44845e-20	9.44845e-20	9.44845e-20	9.44845e-20	9.44845e-20	9.44845e-20	9.44845e-20	9.44845e-20	9.44845e-20	9.44845e-20	9.44845e-20	9.44845e-20
21.31	1.27130e-21	4.25632e-21	8.82509e-21	1.58185e-20	2.65242e-20	4.29148e-20	6.80120e-20	1.00831e-19	1.03399e-19	1.03405e-19	1.03405e-19	1.03405e-19	1.03405e-19	1.03405e-19	1.03405e-19	1.03405e-19	1.03405e-19	1.03405e-19	1.03405e-19	1.03405e-19	1.03405e-19	1.03405e-19	1.03405e-19	1.03405e-19	1.03405e-19	1.03405e-19	1.03405e-19	1.03405e-19	1.03405e-19	1.03405e-19	1.03405e-19	1.03405e-19	1.03405e-19	1.03405e-19	1.03405e-19	1.03405e-19	1.03405e-19	1.03405e-19	1.03405e-19	1.03405e-19	1.03405e-19	1.03405e-19	1.03405e-19	1.03405e-19	1.03405e-19	1.03405e-19	1.03405e-19	1.03405e-19	1.03405e-19	1.03405e-19	1.03405e-19	1.03405e-19	1.03405e-19	1.03405e-19	1.03405e-19	1.03405e-19	1.03405e-19	1.03405e-19	1.03405e-19	1.03405e-19	1.03405e-19	1.03405e-19	1.03405e-19	1.03405e-19	1.03405e-19	1.03405e-19	1.03405e-19	1.03405e-19	1.03405e-19	1.03405e-19	1.03405e-19	1.03405e-19	1.03405e-19	1.03405e-19	1.03405e-19	1.03405e-19	1.03405e-19	1.03405e-19	1.03405e-19	1.03405e-19	1.03405e-19	1.03405e-19	1.03405e-19	1.03405e-19	1.03405e-19	1.03405e-19	1.03405e-19	1.03405e-19	1.03405e-19	1.03405e-19	1.03405e-19	1.03405e-19	1.03405e-19	1.03405e-19	1.03405e-19	1.03405e-19	1.03405e-19	1.03405e-19	1.03405e-19	1.03405e-19	1.03405e-19	1.03405e-19	1.03405e-19	1.03405e-19	1.03405e-19	1.03405e-19	1.03405e-19	1.03405e-19	1.03405e-19	1.03405e-19	1.03405e-19	1.03405e-19	1.03405e-19	1.03405e-19	1.03405e-19	1.03405e-19	1.03405e-19	1.03405e-19	1.03405e-19	1.03405e-19	1.03405e-19	1.03405e-19	1.03405e-19	1.03405e-19	1.03405e-19	1.03405e-19	1.03405e-19	1.03405e-19	1.03405e-19	1.03405e-19	1.03405e-19	1.03405e-19	1.03405e-19	1.03405e-19	1.03405e-19	1.03405e-19	1.03405e-19	1.03405e-19	1.03405e-19	1.03405e-19	1.03405e-19	1.03405e-19	1.03405e-19	1.03405e-19	1.03405e-19
21.34	1.08670e-21	3.63830e-21	7.54367e-21	1.35216e-20	2.26728e-20	3.66835e-20	5.81366e-20	9.09905e-20	1.12678e-19	1.12895e-19	1.12895e-19	1.12895e-19	1.12895e-19	1.12895e-19	1.12895e-19	1.12895e-19	1.12895e-19	1.12895e-19	1.12895e-19	1.12895e-19	1.12895e-19	1.12895e-19	1.12895e-19	1.12895e-19	1.12895e-19	1.12895e-19	1.12895e-19	1.12895e-19	1.12895e-19	1.12895e-19	1.12895e-19	1.12895e-19	1.12895e-19	1.12895e-19	1.12895e-19	1.12895e-19	1.12895e-19	1.12895e-19	1.12895e-19	1.12895e-19	1.12895e-19	1.12895e-19	1.12895e-19	1.12895e-19	1.12895e-19	1.12895e-19	1.12895e-19	1.12895e-19	1.12895e-19	1.12895e-19	1.12895e-19	1.12895e-19	1.12895e-19	1.12895e-19	1.12895e-19	1.12895e-19	1.12895e-19	1.12895e-19	1.12895e-19	1.12895e-19	1.12895e-19	1.12895e-19	1.12895e-19	1.12895e-19	1.12895e-19	1.12895e-19	1.12895e-19	1.12895e-19	1.12895e-19	1.12895e-19	1.12895e-19	1.12895e-19	1.12895e-19	1.12895e-19	1.12895e-19	1.12895e-19	1.12895e-19	1.12895e-19	1.12895e-19	1.12895e-19	1.12895e-19	1.12895e-19	1.12895e-19	1.12895e-19	1.12895e-19	1.12895e-19	1.12895e-19	1.12895e-19	1.12895e-19	1.12895e-19	1.12895e-19	1.12895e-19	1.12895e-19	1.12895e-19	1.12895e-19	1.12895e-19	1.12895e-19	1.12895e-19	1.12895e-19	1.12895e-19	1.12895e-19	1.12895e-19	1.12895e-19	1.12895e-19	1.12895e-19	1.12895e-19	1.12895e-19	1.12895e-19	1.12895e-19	1.12895e-19	1.12895e-19	1.12895e-19	1.12895e-19	1.12895e-19	1.12895e-19	1.12895e-19	1.12895e-19	1.12895e-19	1.12895e-19	1.12895e-19	1.12895e-19	1.12895e-19	1.12895e-19	1.12895e-19	1.12895e-19	1.12895e-19	1.12895e-19	1.12895e-19	1.12895e-19	1.12895e-19	1.12895e-19	1.12895e-19	1.12895e-19	1.12895e-19	1.12895e-19	1.12895e-19	1.12895e-19	1.12895e-19	1.12895e-19	1.12895e-19	1.12895e-19	1.12895e-19	1.12895e-19	1.12895e-19	1.12895e-19
21.38	9.28914e-22	3.11001e-21	6.44832e-21	1.15582e-20	1.93807e-20	3.13570e-20	4.96951e-20	7.77785e-20	1.17817e-19	1.23012e-19	1.23027e-19	1.23027e-19	1.23027e-19	1.23027e-19	1.23027e-19	1.23027e-19	1.23027e-19	1.23027e-19	1.23027e-19	1.23027e-19	1.23027e-19	1.23027e-19	1.23027e-19	1.23027e-19	1.23027e-19	1.23027e-19	1.23027e-19	1.23027e-19	1.23027e-19	1.23027e-19	1.23027e-19	1.23027e-19	1.23027e-19	1.23027e-19	1.23027e-19	1.23027e-19	1.23027e-19	1.23027e-19	1.23027e-19	1.23027e-19	1.23027e-19	1.23027e-19	1.23027e-19	1.23027e-19	1.23027e-19	1.23027e-19	1.23027e-19	1.23027e-19	1.23027e-19	1.23027e-19	1.23027e-19	1.23027e-19	1.23027e-19	1.23027e-19	1.23027e-19	1.23027e-19	1.23027e-19	1.23027e-19	1.23027e-19	1.23027e-19	1.23027e-19	1.23027e-19	1.23027e-19	1.23027e-19	1.23027e-19	1.23027e-19	1.23027e-19	1.23027e-19	1.23027e-19	1.23027e-19	1.23027e-19	1.23027e-19	1.23027e-19	1.23027e-19	1.23027e-19	1.23027e-19	1.23027e-19	1.23027e-19	1.23027e-19	1.23027e-19	1.23027e-19	1.23027e-19	1.23027e-19	1.23027e-19	1.23027e-19	1.23027e-19	1.23027e-19	1.23027e-19	1.23027e-19	1.23027e-19	1.23027e-19	1.23027e-19	1.23027e-19	1.23027e-19	1.23027e-19	1.23027e-19	1.23027e-19	1.23027e-19	1.23027e-19	1.23027e-19	1.23027e-19	1.23027e-19	1.23027e-19	1.23027e-19	1.23027e-19	1.23027e-19	1.23027e-19	1.23027e-19	1.23027e-19	1.23027e-19	1.23027e-19	1.23027e-19	1.23027e-19	1.23027e-19	1.23027e-19	1.23027e-19	1.23027e-19	1.23027e-19	1.23027e-19	1.23027e-19	1.23027e-19	1.23027e-19	1.23027e-19	1.23027e-19	1.23027e-19	1.23027e-19	1.23027e-19	1.23027e-19	1.23027e-19	1.23027e-19	1.23027e-19	1.23027e-19	1.23027e-19	1.23027e-19	1.23027e-19	1.23027e-19	1.23027e-19	1.23027e-19	1.23027e-19	1.23027e-19	1.23027e-19	1.23027e-19	1.23027e-19	1.23027e-19	1.23027e-19
21.41	7.94034e-22	2.65843e-21	5.51201e-21	9.87997e-21	1.65666e-20	2.68039e-20	4.24793e-20	6.64850e-20	1.03254e-19	1.33392e-19	1.33874e-19	1.33875e-19	1.33875e-19	1.33875e-19	1.33875e-19	1.33875e-19	1.33875e-19	1.33875e-19	1.33875e-19	1.33875e-19	1.33875e-19	1.33875e-19	1.33875e-19	1.33875e-19	1.33875e-19	1.33875e-19	1.33875e-19	1.33875e-19	1.33875e-19	1.33875e-19	1.33875e-19	1.33875e-19	1.33875e-19	1.33875e-19	1.33875e-19	1.33875e-19	1.33875e-19	1.33875e-19	1.33875e-19	1.33875e-19	1.33875e-19	1.33875e-19	1.33875e-19	1.33875e-19	1.33875e-19	1.33875e-19	1.33875e-19	1.33875e-19	1.33875e-19	1.33875e-19	1.33875e-19	1.33875e-19	1.33875e-19	1.33875e-19	1.33875e-19	1.33875e-19	1.33875e-19	1.33875e-19	1.33875e-19	1.33875e-19	1.33875e-19	1.33875e-19	1.33875e-19	1.33875e-19	1.33875e-19	1.33875e-19	1.33875e-19	1.33875e-19	1.33875e-19	1.33875e-19	1.33875e-19	1.33875e-19	1.33875e-19	1.33875e-19	1.33875e-19	1.33875e-19	1.33875e-19	1.33875e-19	1.33875e-19	1.33875e-19	1.33875e-19	1.33875e-19	1.33875e-19	1.33875e-19	1.33875e-19	1.33875e-19	1.33875e-19	1.33875e-19	1.33875e-19	1.33875e-19	1.33875e-19	1.33875e-19	1.33875e-19	1.33875e-19	1.33875e-19	1.33875e-19	1.33875e-19	1.33875e-19	1.33875e-19	1.33875e-19	1.33875e-19	1.33875e-19	1.33875e-19	1.33875e-19	1.33875e-19	1.33875e-19	1.33875e-19	1.33875e-19	1.33875e-19	1.33875e-19	1.33875e-19	1.33875e-19	1.33875e-19	1.33875e-19	1.33875e-19	1.33875e-19	1.33875e-19	1.33875e-19	1.33875e-19	1.33875e-19	1.33875e-19	1.33875e-19	1.33875e-19	1.33875e-19	1.33875e-19	1.33875e-19	1.33875e-19	1.33875e-19	1.33875e-19	1.33875e-19	1.33875e-19	1.33875e-19	1.33875e-19	1.33875e-19	1.33875e-19	1.33875e-19	1.33875e-19	1.33875e-19	1.33875e-19	1.33875e-19	1.33875e-19	1.33875e-19	1.33875e-19	1.33875e-19	1.33875e-19
21.45	6.78739e-22	2.27242e-21	4.71166e-21	8.44538e-21	1.41611e-20	2.29119e-20	3.63112e-20	5.68312e-20	8.82615e-20	1.35482e-19	1.45485e-19	1.45519e-19	1.45519e-19	1.45519e-19	1.45519e-19	1.45519e-19	1.45519e-19	1.45519e-19	1.45519e-19	1.45519e-19	1.45519e-19	1.45519e-19	1.45519e-19	1.45519e-19	1.45519e-19	1.45519e-19	1.45519e-19	1.45519e-19	1.45519e-19	1.45519e-19	1.45519e-19	1.45519e-19	1.45519e-19	1.45519e-19	1.45519e-19	1.45519e-19	1.45519e-19	1.45519e-19	1.45519e-19	1.45519e-19	1.45519e-19	1.45519e-19	1.45519e-19	1.45519e-19	1.45519e-19	1.45519e-19	1.45519e-19	1.45519e-19	1.45519e-19	1.45519e-19	1.45519e-19	1.45519e-19	1.45519e-19	1.45519e-19	1.45519e-19	1.45519e-19	1.45519e-19	1.45519e-19	1.45519e-19	1.45519e-19	1.45519e-19	1.45519e-19	1.45519e-19	1.45519e-19	1.45519e-19	1.45519e-19	1.45519e-19	1.45519e-19	1.45519e-19	1.45519e-19	1.45519e-19	1.45519e-19	1.45519e-19	1.45519e-19	1.45519e-19	1.45519e-19	1.45519e-19	1.45519e-19	1.45519e-19	1.45519e-19	1.45519e-19	1.45519e-19	1.45519e-19	1.45519e-19	1.45519e-19	1.45519e-19	1.45519e-19	1.45519e-19	1.45519e-19	1.45519e-19	1.45519e-19	1.45519e-19	1.45519e-19	1.45519e-19	1.45519e-19	1.45519e-19	1.45519e-19	1.45519e-19	1.45519e-19	1.45519e-19	1.45519e-19	1.45519e-19	1.45519e-19	1.45519e-19	1.45519e-19	1.45519e-19	1.45519e-19	1.45519e-19	1.45519e-19	1.45519e-19	1.45519e-19	1.45519e-19	1.45519e-19	1.45519e-19	1.45519e-19	1.45519e-19	1.45519e-19	1.45519e-19	1.45519e-19	1.45519e-19	1.45519e-19	1.45519e-19	1.45519e-19	1.45519e-19	1.45519e-19	1.45519e-19	1.45519e-19	1.45519e-19	1.45519e-19	1.45519e-19	1.45519e-19	1.45519e-19	1.45519e-19	1.45519e-19	1.45519e-19	1.45519e-19	1.45519e-19	1.45519e-19	1.45519e-19	1.45519e-19	1.45519e-19	1.45519e-19	1.45519e-19	1.45519e-19	1.45519e-19
21.48	5.80185e-22	1.94246e-21	4.02752e-21	7.21910e-21	1.21049e-20	1.95851e-20	3.10388e-20	4.85793e-20	7.54458e-20	1.16605e-19	1.56983e-19	1.58039e-19	1.58041e-19	1.58041e-19	1.58041e-19	1.58041e-19	1.58041e-19	1.58041e-19	1.58041e-19	1.58041e-19	1.58041e-19	1.58041e-19	1.58041e-19	1.58041e-19	1.58041e-19	1.58041e-19	1.58041e-19	1.58041e-19	1.58041e-19	1.58041e-19	1.58041e-19	1.58041e-19	1.58041e-19	1.58041e-19	1.58041e-19	1.58041e-19	1.58041e-19	1.58041e-19	1.58041e-19	1.58041e-19	1.58041e-19	1.58041e-19	1.58041e-19	1.58041e-19	1.58041e-19	1.58041e-19	1.58041e-19	1.58041e-19	1.58041e-19	1.58041e-19	1.58041e-19	1.58041e-19	1.58041e-19	1.58041e-19	1.58041e-19	1.58041e-19	1.58041e-19	1.58041e-19	1.58041e-19	1.58041e-19	1.58041e-19	1.58041e-19	1.58041e-19	1.58041e-19	1.58041e-19	1.58041e-19	1.58041e-19	1.58041e-19	1.58041e-19	1.58041e-19	1.58041e-19	1.58041e-19	1.58041e-19	1.58041e-19	1.58041e-19	1.58041e-19	1.58041e-19	1.58041e-19	1.58041e-19	1.58041e-19	1.58041e-19	1.58041e-19	1.58041e-19	1.58041e-19	1.58041e-19	1.58041e-19	1.58041e-19	1.58041e-19	1.58041e-19	1.58041e-19	1.58041e-19	1.58041e-19	1.58041e-19	1.58041e-19	1.58041e-19	1.58041e-19	1.58041e-19	1.58041e-19	1.58041e-19	1.58041e-19	1.58041e-19	1.58041e-19	1.58041e-19	1.58041e-19	1.58041e-19	1.58041e-19	1.58041e-19	1.58041e-19	1.58041e-19	1.58041e-19	1.58041e-19	1.58041e-19	1.58041e-19	1.58041e-19	1.58041e-19	1.58041e-19	1.58041e-19	1.58041e-19	1.58041e-19	1.58041e-19	1.58041e-19	1.58041e-19	1.58041e-19	1.58041e-19	1.58041e-19	1.58041e-19	1.58041e-19	1.58041e-19	1.58041e-19	1.58041e-19	1.58041e-19	1.58041e-19	1.58041e-19	1.58041e-19	1.58041e-19	1.58041e-19	1.58041e-19	1.58041e-19	1.58041e-19	1.58041e-19	1.58041e-19	1.58041e-19	1.58041e-19	1.58041e-19	1.58041e-19
21.52	4.95941e-22	1.66041e-21	3.44272e-21	6.17087e-21	1.03472e-20	1.67413e-20	2.65319e-20	4.15255e-20	6.44910e-20	9.96738e-20	1.53537e-19	1.71450e-19	1.71528e-19	1.71528e-19	1.71528e-19	1.71528e-19	1.71528e-19	1.71528e-19	1.71528e-19	1.71528e-19	1.71528e-19	1.71528e-19	1.71528e-19	1.71528e-19	1.71528e-19	1.71528e-19	1.71528e-19	1.71528e-19	1.71528e-19	1.71528e-19	1.71528e-19	1.71528e-19	1.71528e-19	1.71528e-19	1.71528e-19	1.71528e-19	1.71528e-19	1.71528e-19	1.71528e-19	1.71528e-19	1.71528e-19	1.71528e-19	1.71528e-19	1.71528e-19	1.71528e-19	1.71528e-19	1.71528e-19	1.71528e-19	1.71528e-19	1.71528e-19	1.71528e-19	1.71528e-19	1.71528e-19	1.71528e-19	1.71528e-19	1.71528e-19	1.71528e-19	1.71528e-19	1.71528e-19	1.71528e-19	1.71528e-19	1.71528e-19	1.71528e-19	1.71528e-19	1.71528e-19	1.71528e-19	1.71528e-19	1.71528e-19	1.71528e-19	1.71528e-19	1.71528e-19	1.71528e-19	1.71528e-19	1.71528e-19	1.71528e-19	1.71528e-19	1.71528e-19	1.71528e-19	1.71528e-19	1.71528e-19	1.71528e-19	1.71528e-19	1.71528e-19	1.71528e-19	1.71528e-19	1.71528e-19	1.71528e-19	1.71528e-19	1.71528e-19	1.71528e-19	1.71528e-19	1.71528e-19	1.71528e-19	1.71528e-19	1.71528e-19	1.71528e-19	1.71528e-19	1.71528e-19	1.71528e-19	1.71528e-19	1.71528e-19	1.71528e-19	1.71528e-19	1.71528e-19	1.71528e-19	1.71528e-19	1.71528e-19	1.71528e-19	1.71528e-19	1.71528e-19	1.71528e-19	1.71528e-19	1.71528e-19	1.71528e-19	1.71528e-19	1.71528e-19	1.71528e-19	1.71528e-19	1.71528e-19	1.71528e-19	1.71528e-19	1.71528e-19	1.71528e-19	1.71528e-19	1.71528e-19	1.71528e-19	1.71528e-19	1.71528e-19	1.71528e-19	1.71528e-19	1.71528e-19	1.71528e-19	1.71528e-19	1.71528e-19	1.71528e-19	1.71528e-19	1.71528e-19	1.71528e-19	1.71528e-19	1.71528e-19	1.71528e-19	1.71528e-19	1.71528e-19	1.71528e-19	1.71528e-19
21.55	4.23930e-22	1.41932e-21	2.94283e-21	5.27485e-21	8.84481e-21	1.43104e-20	2.26794e-20	3.54959e-20	5.51268e-20	8.52010e-20	1.31285e-19	1.83796e-19	1.86070e-19	1.86075e-19	1.86075e-19	1.86075e-19	1.86075e-19	1.86075e-19	1.86075e-19	1.86075e-19	1.86075e-19	1.86075e-19	1.86075e-19	1.86075e-19	1.86075e-19	1.86075e-19	1.86075e-19	1.86075e-19	1.86075e-19	1.86075e-19	1.86075e-19	1.86075e-19	1.86075e-19	1.86075e-19	1.86075e-19	1.86075e-19	1.86075e-19	1.86075e-19	1.86075e-19	1.86075e-19	1.86075e-19	1.86075e-19	1.86075e-19	1.86075e-19	1.86075e-19	1.86075e-19	1.86075e-19	1.86075e-19	1.86075e-19	1.86075e-19	1.86075e-19	1.86075e-19	1.86075e-19	1.86075e-19	1.86075e-19	1.86075e-19	1.86075e-19	1.86075e-19	1.86075e-19	1.86075e-19	1.86075e-19	1.86075e-19	1.86075e-19	1.86075e-19	1.86075e-19	1.86075e-19	1.86075e-19	1.86075e-19	1.86075e-19	1.86075e-19	1.86075e-19	1.86075e-19	1.86075e-19	1.86075e-19	1.86075e-19	1.86075e-19	1.86075e-19	1.86075e-19	1.86075e-19	1.86075e-19	1.86075e-19	1.86075e-19	1.86075e-19	1.86075e-19	1.86075e-19	1.86075e-19	1.86075e-19	1.86075e-19	1.86075e-19	1.86075e-19	1.86075e-19	1.86075e-19	1.86075e-19	1.86075e-19	1.86075e-19	1.86075e-19	1.86075e-19	1.86075e-19	1.86075e-19	1.86075e-19	1.86075e-19	1.86075e-19	1.86075e-19	1.86075e-19	1.86075e-19	1.86075e-19	1.86075e-19	1.86075e-19	1.86075e-19	1.86075e-19	1.86075e-19	1.86075e-19	1.86075e-19	1.86075e-19	1.86075e-19	1.86075e-19	1.86075e-19	1.86075e-19	1.86075e-19	1.86075e-19	1.86075e-19	1.86075e-19	1.86075e-19	1.86075e-19	1.86075e-19	1.86075e-19	1.86075e-19	1.86075e-19	1.86075e-19	1.86075e-19	1.86075e-19	1.86075e-19	1.86075e-19	1.86075e-19	1.86075e-19	1.86075e-19	1.86075e-19	1.86075e-19	1.86075e-19	1.86075e-19	1.86075e-19	1.86075e-19	1.86075e-19	1.86075e-19	1.86075e-19
21.58	3.62375e-22	1.21323e-21	2.51553e-21	4.50894e-21	7.56053e-21	1.22325e-20	1.93863e-20	3.03419e-20	4.71223e-20	7.28297e-20	1.12222e-19	1.72600e-19	2.01602e-19	2.01780e-19	2.01780e-19	2.01780e-19	2.01780e-19	2.01780e-19	2.01780e-19	2.01780e-19	2.01780e-19	2.01780e-19	2.01780e-19	2.01780e-19	2.01780e-19	2.01780e-19	2.01780e-19	2.01780e-19	2.01780e-19	2.01780e-19	2.01780e-19	2.01780e-19	2.01780e-19	2.01780e-19	2.01780e-19	2.01780e-19	2.01780e-19	2.01780e-19	2.01780e-19	2.01780e-19	2.01780e-19	2.01780e-19	2.01780e-19	2.01780e-19	2.01780e-19	2.01780e-19	2.01780e-19	2.01780e-19	2.01780e-19	2.01780e-19	2.01780e-19	2.01780e-19	2.01780e-19	2.01780e-19	2.01780e-19	2.01780e-19	2.01780e-19	2.01780e-19	2.01780e-19	2.01780e-19	2.01780e-19	2.01780e-19	2.01780e-19	2.01780e-19	2.01780e-19	2.01780e-19	2.01780e-19	2.01780e-19	2.01780e-19	2.01780e-19	2.01780e-19	2.01780e-19	2.01780e-19	2.01780e-19	2.01780e-19	2.01780e-19	2.01780e-19	2.01780e-19	2.01780e-19	2.01780e-19	2.01780e-19	2.01780e-19	2.01780e-19	2.01780e-19	2.01780e-19	2.01780e-19	2.01780e-19	2.01780e-19	2.01780e-19	2.01780e-19	2.01780e-19	2.01780e-19	2.01780e-19	2.01780e-19	2.01780e-19	2.01780e-19	2.01780e-19	2.01780e-19	2.01780e-19	2.01780e-19	2.01780e-19	2.01780e-19	2.01780e-19	2.01780e-19	2.01780e-19	2.01780e-19	2.01780e-19	2.01780e-19	2.01780e-19	2.01780e-19	2.01780e-19	2.01780e-19	2.01780e-19	2.01780e-19	2.01780e-19	2.01780e-19	2.01780e-19	2.01780e-19	2.01780e-19	2.01780e-19	2.01780e-19	2.01780e-19	2.01780e-19	2.01780e-19	2.01780e-19	2.01780e-19	2.01780e-19	2.01780e-19	2.01780e-19	2.01780e-19	2.01780e-19	2.01780e-19	2.01780e-19	2.01780e-19	2.01780e-19	2.01780e-19	2.01780e-19	2.01780e-19	2.01780e-19	2.01780e-19	2.01780e-19	2.01780e-19	2.01780e-19	2.01780e-19	2.01780e-19
21.62	3.09757e-22	1.03707e-21	2.15027e-21	3.85423e-21	6.46273e-21	1.04564e-20	1.65714e-20	2.59362e-20	4.02801e-20	6.22547e-20	9.59272e-20	1.47538e-19	2.13955e-19	2.18741e-19	2.18752e-19	2.18752e-19	2.18752e-19	2.18752e-19	2.18752e-19	2.18752e-19	2.18752e-19	2.18752e-19	2.18752e-19	2.18752e-19	2.18752e-19	2.18752e-19	2.18752e-19	2.18752e-19	2.18752e-19	2.18752e-19	2.18752e-19	2.18752e-19	2.18752e-19	2.18752e-19	2.18752e-19	2.18752e-19	2.18752e-19	2.18752e-19	2.18752e-19	2.18752e-19	2.18752e-19	2.18752e-19	2.18752e-19	2.18752e-19	2.18752e-19	2.18752e-19	2.18752e-19	2.18752e-19	2.18752e-19	2.18752e-19	2.18752e-19	2.18752e-19	2.18752e-19	2.18752e-19	2.18752e-19	2.18752e-19	2.18752e-19	2.18752e-19	2.18752e-19	2.18752e-19	2.18752e-19	2.18752e-19	2.18752e-19	2.18752e-19	2.18752e-19	2.18752e-19	2.18752e-19	2.18752e-19	2.18752e-19	2.18752e-19	2.18752e-19	2.18752e-19	2.18752e-19	2.18752e-19	2.18752e-19	2.18752e-19	2.18752e-19	2.18752e-19	2.18752e-19	2.18752e-19	2.18752e-19	2.18752e-19	2.18752e-19	2.18752e-19	2.18752e-19	2.18752e-19	2.18752e-19	2.18752e-19	2.18752e-19	2.18752e-19	2.18752e-19	2.18752e-19	2.18752e-19	2.18752e-19	2.18752e-19	2.18752e-19	2.18752e-19	2.18752e-19	2.18752e-19	2.18752e-19	2.18752e-19	2.18752e-19	2.18752e-19	2.18752e-19	2.18752e-19	2.18752e-19	2.18752e-19	2.18752e-19	2.18752e-19	2.18752e-19	2.18752e-19	2.18752e-19	2.18752e-19	2.18752e-19	2.18752e-19	2.18752e-19	2.18752e-19	2.18752e-19	2.18752e-19	2.18752e-19	2.18752e-19	2.18752e-19	2.18752e-19	2.18752e-19	2.18752e-19	2.18752e-19	2.18752e-19	2.18752e-19	2.18752e-19	2.18752e-19	2.18752e-19	2.18752e-19	2.18752e-19	2.18752e-19	2.18752e-19	2.18752e-19	2.18752e-19	2.18752e-19	2.18752e-19	2.18752e-19	2.18752e-19	2.18752e-19	2.18752e-19	2.18752e-19	2.18752e-19
21.65	2.64780e-22	8.86485e-22	1.83805e-21	3.29459e-21	5.52433e-21	8.93808e-21	1.41652e-20	2.21702e-20	3.44313e-20	5.32152e-20	8.19984e-20	1.26115e-19	1.93755e-19	2.36707e-19	2.37107e-19	2.37107e-19	2.37107e-19	2.37107e-19	2.37107e-19	2.37107e-19	2.37107e-19	2.37107e-19	2.37107e-19	2.37107e-19	2.37107e-19	2.37107e-19	2.37107e-19	2.37107e-19	2.37107e-19	2.37107e-19	2.37107e-19	2.37107e-19	2.37107e-19	2.37107e-19	2.37107e-19	2.37107e-19	2.37107e-19	2.37107e-19	2.37107e-19	2.37107e-19	2.37107e-19	2.37107e-19	2.37107e-19	2.37107e-19	2.37107e-19	2.37107e-19	2.37107e-19	2.37107e-19	2.37107e-19	2.37107e-19	2.37107e-19	2.37107e-19	2.37107e-19	2.37107e-19	2.37107e-19	2.37107e-19	2.37107e-19	2.37107e-19	2.37107e-19	2.37107e-19	2.37107e-19	2.37107e-19	2.37107e-19	2.37107e-19	2.37107e-19	2.37107e-19	2.37107e-19	2.37107e-19	2.37107e-19	2.37107e-19	2.37107e-19	2.37107e-19	2.37107e-19	2.37107e-19	2.37107e-19	2.37107e-19	2.37107e-19	2.37107e-19	2.37107e-19	2.37107e-19	2.37107e-19	2.37107e-19	2.37107e-19	2.37107e-19	2.37107e-19	2.37107e-19	2.37107e-19	2.37107e-19	2.37107e-19	2.37107e-19	2.37107e-19	2.37107e-19	2.37107e-19	2.37107e-19	2.37107e-19	2.37107e-19	2.37107e-19	2.37107e-19	2.37107e-19	2.37107e-19	2.37107e-19	2.37107e-19	2.37107e-19	2.37107e-19	2.37107e-19	2.37107e-19	2.37107e-19	2.37107e-19	2.37107e-19	2.37107e-19	2.37107e-19	2.37107e-19	2.37107e-19	2.37107e-19	2.37107e-19	2.37107e-19	2.37107e-19	2.37107e-19	2.37107e-19	2.37107e-19	2.37107e-19	2.37107e-19	2.37107e-19	2.37107e-19	2.37107e-19	2.37107e-19	2.37107e-19	2.37107e-19	2.37107e-19	2.37107e-19	2.37107e-19	2.37107e-19	2.37107e-19	2.37107e-19	2.37107e-19	2.37107e-19	2.37107e-19	2.37107e-19	2.37107e-19	2.37107e-19	2.37107e-19	2.37107e-19	2.37107e-19	2.37107e-19	2.37107e-19
21.69	2.26334e-22	7.57766e-22	1.57116e-21	2.81621e-21	4.72219e-21	7.64025e-21	1.21084e-20	1.89511e-20	2.94318e-20	4.54883e-20	7.00921e-20	1.07803e-19	1.65621e-19	2.47185e-19	2.56943e-19	2.56970e-19	2.56971e-19	2.56971e-19	2.56971e-19	2.56971e-19	2.56971e-19	2.56971e-19	2.56971e-19	2.56971e-19	2.56971e-19	2.56971e-19	2.56971e-19	2.56971e-19	2.56971e-19	2.56971e-19	2.56971e-19	2.56971e-19	2.56971e-19	2.56971e-19	2.56971e-19	2.56971e-19	2.56971e-19	2.56971e-19	2.56971e-19	2.56971e-19	2.56971e-19	2.56971e-19	2.56971e-19	2.56971e-19	2.56971e-19	2.56971e-19	2.56971e-19	2.56971e-19	2.56971e-19	2.56971e-19	2.56971e-19	2.56971e-19	2.56971e-19	2.56971e-19	2.56971e-19	2.56971e-19	2.56971e-19	2.56971e-19	2.56971e-19	2.56971e-19	2.56971e-19	2.56971e-19	2.56971e-19	2.56971e-19	2.56971e-19	2.56971e-19	2.56971e-19	2.56971e-19	2.56971e-19	2.56971e-19	2.56971e-19	2.56971e-19	2.56971e-19	2.56971e-19	2.56971e-19	2.56971e-19	2.56971e-19	2.56971e-19	2.56971e-19	2.56971e-19	2.56971e-19	2.56971e-19	2.56971e-19	2.56971e-19	2.56971e-19	2.56971e-19	2.56971e-19	2.56971e-19	2.56971e-19	2.56971e-19	2.56971e-19	2.56971e-19	2.56971e-19	2.56971e-19	2.56971e-19	2.56971e-19	2.56971e-19	2.56971e-19	2.56971e-19	2.56971e-19	2.56971e-19	2.56971e-19	2.56971e-19	2.56971e-19	2.56971e-19	2.56971e-19	2.56971e-19	2.56971e-19	2.56971e-19	2.56971e-19	2.56971e-19	2.56971e-19	2.56971e-19	2.56971e-19	2.56971e-19	2.56971e-19	2.56971e-19	2.56971e-19	2.56971e-19	2.56971e-19	2.56971e-19	2.56971e-19	2.56971e-19	2.56971e-19	2.56971e-19	2.56971e-19	2.56971e-19	2.56971e-19	2.56971e-19	2.56971e-19	2.56971e-19	2.56971e-19	2.56971e-19	2.56971e-19	2.56971e-19	2.56971e-19	2.56971e-19	2.56971e-19	2.56971e-19	2.56971e-19	2.56971e-19	2.56971e-19	2.56971e-19	2.56971e-19	2.56971e-19
21.72	1.93470e-22	6.47737e-22	1.34302e-21	2.40729e-21	4.03652e-21	6.53088e-21	1.03502e-20	1.61993e-20	2.51583e-20	3.88833e-20	5.99146e-20	9.21499e-20	1.41573e-19	2.17374e-19	2.77585e-19	2.78476e-19	2.78478e-19	2.78478e-19	2.78478e-19	2.78478e-19	2.78478e-19	2.78478e-19	2.78478e-19	2.78478e-19	2.78478e-19	2.78478e-19	2.78478e-19	2.78478e-19	2.78478e-19	2.78478e-19	2.78478e-19	2.78478e-19	2.78478e-19	2.78478e-19	2.78478e-19	2.78478e-19	2.78478e-19	2.78478e-19	2.78478e-19	2.78478e-19	2.78478e-19	2.78478e-19	2.78478e-19	2.78478e-19	2.78478e-19	2.78478e-19	2.78478e-19	2.78478e-19	2.78478e-19	2.78478e-19	2.78478e-19	2.78478e-19	2.78478e-19	2.78478e-19	2.78478e-19	2.78478e-19	2.78478e-19	2.78478e-19	2.78478e-19	2.78478e-19	2.78478e-19	2.78478e-19	2.78478e-19	2.78478e-19	2.78478e-19	2.78478e-19	2.78478e-19	2.78478e-19	2.78478e-19	2.78478e-19	2.78478e-19	2.78478e-19	2.78478e-19	2.78478e-19	2.78478e-19	2.78478e-19	2.78478e-19	2.78478e-19	2.78478e-19	2.78478e-19	2.78478e-19	2.78478e-19	2.78478e-19	2.78478e-19	2.78478e-19	2.78478e-19	2.78478e-19	2.78478e-19	2.78478e-19	2.78478e-19	2.78478e-19	2.78478e-19	2.78478e-19	2.78478e-19	2.78478e-19	2.78478e-19	2.78478e-19	2.78478e-19	2.78478e-19	2.78478e-19	2.78478e-19	2.78478e-19	2.78478e-19	2.78478e-19	2.78478e-19	2.78478e-19	2.78478e-19	2.78478e-19	2.78478e-19	2.78478e-19	2.78478e-19	2.78478e-19	2.78478e-19	2.78478e-19	2.78478e-19	2.78478e-19	2.78478e-19	2.78478e-19	2.78478e-19	2.78478e-19	2.78478e-19	2.78478e-19	2.78478e-19	2.78478e-19	2.78478e-19	2.78478e-19	2.78478e-19	2.78478e-19	2.78478e-19	2.78478e-19	2.78478e-19	2.78478e-19	2.78478e-19	2.78478e-19	2.78478e-19	2.78478e-19	2.78478e-19	2.78478e-19	2.78478e-19	2.78478e-19	2.78478e-19	2.78478e-19	2.78478e-19	2.78478e-19	2.78478e-19
21.75	1.65377e-22	5.53685e-22	1.14801e-21	2.05775e-21	3.45041e-21	5.58258e-21	8.84737e-21	1.38472e-20	2.15053e-20	3.32374e-20	5.12149e-20	7.87696e-20	1.21016e-19	1.85811e-19	2.82712e-19	3.01714e-19	3.01777e-19	3.01777e-19	3.01777e-19	3.01777e-19	3.01777e-19	3.01777e-19	3.01777e-19	3.01777e-19	3.01777e-19	3.01777e-19	3.01777e-19	3.01777e-19	3.01777e-19	3.01777e-19	3.01777e-19	3.01777e-19	3.01777e-19	3.01777e-19	3.01777e-19	3.01777e-19	3.01777e-19	3.01777e-19	3.01777e-19	3.01777e-19	3.01777e-19	3.01777e-19	3.01777e-19	3.01777e-19	3.01777e-19	3.01777e-19	3.01777e-19	3.01777e-19	3.01777e-19	3.01777e-19	3.01777e-19	3.01777e-19	3.01777e-19	3.01777e-19	3.01777e-19	3.01777e-19	3.01777e-19	3.01777e-19	3.01777e-19	3.01777e-19	3.01777e-19	3.01777e-19	3.01777e-19	3.01777e-19	3.01777e-19	3.01777e-19	3.01777e-19	3.01777e-19	3.01777e-19	3.01777e-19	3.01777e-19	3.01777e-19	3.01777e-19	3.01777e-19	3.01777e-19	3.01777e-19	3.01777e-19	3.01777e-19	3.01777e-19	3.01777e-19	3.01777e-19	3.01777e-19	3.01777e-19	3.01777e-19	3.01777e-19	3.01777e-19	3.01777e-19	3.01777e-19	3.01777e-19	3.01777e-19	3.01777e-19	3.01777e-19	3.01777e-19	3.01777e-19	3.01777e-19	3.01777e-19	3.01777e-19	3.01777e-19	3.01777e-19	3.01777e-19	3.01777e-19	3.01777e-19	3.01777e-19	3.01777e-19	3.01777e-19	3.01777e-19	3.01777e-19	3.01777e-19	3.01777e-19	3.01777e-19	3.01777e-19	3.01777e-19	3.01777e-19	3.01777e-19	3.01777e-19	3.01777e-19	3.01777e-19	3.01777e-19	3.01777e-19	3.01777e-19	3.01777e-19	3.01777e-19	3.01777e-19	3.01777e-19	3.01777e-19	3.01777e-19	3.01777e-19	3.01777e-19	3.01777e-19	3.01777e-19	3.01777e-19	3.01777e-19	3.01777e-19	3.01777e-19	3.01777e-19	3.01777e-19	3.01777e-19	3.01777e-19	3.01777e-19	3.01777e-19	3.01777e-19	3.01777e-19	3.01777e-19	3.01777e-19	3.01777e-19
21.79	1.41364e-22	4.73289e-22	9.81321e-22	1.75896e-21	2.94941e-21	4.77198e-21	7.56272e-21	1.18365e-20	1.83827e-20	2.84113e-20	4.37784e-20	6.73321e-20	1.03445e-19	1.58831e-19	2.43812e-19	3.25063e-19	3.27025e-19	3.27028e-19	3.27028e-19	3.27028e-19	3.27028e-19	3.27028e-19	3.27028e-19	3.27028e-19	3.27028e-19	3.27028e-19	3.27028e-19	3.27028e-19	3.27028e-19	3.27028e-19	3.27028e-19	3.27028e-19	3.27028e-19	3.27028e-19	3.27028e-19	3.27028e-19	3.27028e-19	3.27028e-19	3.27028e-19	3.27028e-19	3.27028e-19	3.27028e-19	3.27028e-19	3.27028e-19	3.27028e-19	3.27028e-19	3.27028e-19	3.27028e-19	3.27028e-19	3.27028e-19	3.27028e-19	3.27028e-19	3.27028e-19	3.27028e-19	3.27028e-19	3.27028e-19	3.27028e-19	3.27028e-19	3.27028e-19	3.27028e-19	3.27028e-19	3.27028e-19	3.27028e-19	3.27028e-19	3.27028e-19	3.27028e-19	3.27028e-19	3.27028e-19	3.27028e-19	3.27028e-19	3.27028e-19	3.27028e-19	3.27028e-19	3.27028e-19	3.27028e-19	3.27028e-19	3.27028e-19	3.27028e-19	3.27028e-19	3.27028e-19	3.27028e-19	3.27028e-19	3.27028e-19	3.27028e-19	3.27028e-19	3.27028e-19	3.27028e-19	3.27028e-19	3.27028e-19	3.27028e-19	3.27028e-19	3.27028e-19	3.27028e-19	3.27028e-19	3.27028e-19	3.27028e-19	3.27028e-19	3.27028e-19	3.27028e-19	3.27028e-19	3.27028e-19	3.27028e-19	3.27028e-19	3.27028e-19	3.27028e-19	3.27028e-19	3.27028e-19	3.27028e-19	3.27028e-19	3.27028e-19	3.27028e-19	3.27028e-19	3.27028e-19	3.27028e-19	3.27028e-19	3.27028e-19	3.27028e-19	3.27028e-19	3.27028e-19	3.27028e-19	3.27028e-19	3.27028e-19	3.27028e-19	3.27028e-19	3.27028e-19	3.27028e-19	3.27028e-19	3.27028e-19	3.27028e-19	3.27028e-19	3.27028e-19	3.27028e-19	3.27028e-19	3.27028e-19	3.27028e-19	3.27028e-19	3.27028e-19	3.27028e-19	3.27028e-19	3.27028e-19	3.27028e-19	3.27028e-19	3.27028e-19	3.27028e-19	3.27028e-19
21.82	1.20838e-22	4.04567e-22	8.38832e-22	1.50356e-21	2.52115e-21	4.07908e-21	6.46460e-21	1.01178e-20	1.57135e-20	2.42859e-20	3.74217e-20	5.75554e-20	8.84242e-20	1.35768e-19	2.08411e-19	3.19692e-19	3.54264e-19	3.54408e-19	3.54408e-19	3.54408e-19	3.54408e-19	3.54408e-19	3.54408e-19	3.54408e-19	3.54408e-19	3.54408e-19	3.54408e-19	3.54408e-19	3.54408e-19	3.54408e-19	3.54408e-19	3.54408e-19	3.54408e-19	3.54408e-19	3.54408e-19	3.54408e-19	3.54408e-19	3.54408e-19	3.54408e-19	3.54408e-19	3.54408e-19	3.54408e-19	3.54408e-19	3.54408e-19	3.54408e-19	3.54408e-19	3.54408e-19	3.54408e-19	3.54408e-19	3.54408e-19	3.54408e-19	3.54408e-19	3.54408e-19	3.54408e-19	3.54408e-19	3.54408e-19	3.54408e-19	3.54408e-19	3.54408e-19	3.54408e-19	3.54408e-19	3.54408e-19	3.54408e-19	3.54408e-19	3.54408e-19	3.54408e-19	3.54408e-19	3.54408e-19	3.54408e-19	3.54408e-19	3.54408e-19	3.54408e-19	3.54408e-19	3.54408e-19	3.54408e-19	3.54408e-19	3.54408e-19	3.54408e-19	3.54408e-19	3.54408e-19	3.54408e-19	3.54408e-19	3.54408e-19	3.54408e-19	3.54408e-19	3.54408e-19	3.54408e-19	3.54408e-19	3.54408e-19	3.54408e-19	3.54408e-19	3.54408e-19	3.54408e-19	3.54408e-19	3.54408e-19	3.54408e-19	3.54408e-19	3.54408e-19	3.54408e-19	3.54408e-19	3.54408e-19	3.54408e-19	3.54408e-19	3.54408e-19	3.54408e-19	3.54408e-19	3.54408e-19	3.54408e-19	3.54408e-19	3.54408e-19	3.54408e-19	3.54408e-19	3.54408e-19	3.54408e-19	3.54408e-19	3.54408e-19	3.54408e-19	3.54408e-19	3.54408e-19	3.54408e-19	3.54408e-19	3.54408e-19	3.54408e-19	3.54408e-19	3.54408e-19	3.54408e-19	3.54408e-19	3.54408e-19	3.54408e-19	3.54408e-19	3.54408e-19	3.54408e-19	3.54408e-19	3.54408e-19	3.54408e-19	3.54408e-19	3.54408e-19	3.54408e-19	3.54408e-19	3.54408e-19	3.54408e-19	3.54408e-19	3.54408e-19	3.54408e-19	3.54408e-19
21.86	1.03292e-22	3.45823e-22	7.17032e-22	1.28524e-21	2.15507e-21	3.48679e-21	5.52593e-21	8.64872e-21	1.34319e-20	2.07596e-20	3.19880e-20	4.91983e-20	7.55849e-20	1.16055e-19	1.78149e-19	2.73467e-19	3.79851e-19	3.84098e-19	3.84107e-19	3.84107e-19	3.84107e-19	3.84107e-19	3.84107e-19	3.84107e-19	3.84107e-19	3.84107e-19	3.84107e-19	3.84107e-19	3.84107e-19	3.84107e-19	3.84107e-19	3.84107e-19	3.84107e-19	3.84107e-19	3.84107e-19	3.84107e-19	3.84107e-19	3.84107e-19	3.84107e-19	3.84107e-19	3.84107e-19	3.84107e-19	3.84107e-19	3.84107e-19	3.84107e-19	3.84107e-19	3.84107e-19	3.84107e-19	3.84107e-19	3.84107e-19	3.84107e-19	3.84107e-19	3.84107e-19	3.84107e-19	3.84107e-19	3.84107e-19	3.84107e-19	3.84107e-19	3.84107e-19	3.84107e-19	3.84107e-19	3.84107e-19	3.84107e-19	3.84107e-19	3.84107e-19	3.84107e-19	3.84107e-19	3.84107e-19	3.84107e-19	3.84107e-19	3.84107e-19	3.84107e-19	3.84107e-19	3.84107e-19	3.84107e-19	3.84107e-19	3.84107e-19	3.84107e-19	3.84107e-19	3.84107e-19	3.84107e-19	3.84107e-19	3.84107e-19	3.84107e-19	3.84107e-19	3.84107e-19	3.84107e-19	3.84107e-19	3.84107e-19	3.84107e-19	3.84107e-19	3.84107e-19	3.84107e-19	3.84107e-19	3.84107e-19	3.84107e-19	3.84107e-19	3.84107e-19	3.84107e-19	3.84107e-19	3.84107e-19	3.84107e-19	3.84107e-19	3.84107e-19	3.84107e-19	3.84107e-19	3.84107e-19	3.84107e-19	3.84107e-19	3.84107e-19	3.84107e-19	3.84107e-19	3.84107e-19	3.84107e-19	3.84107e-19	3.84107e-19	3.84107e-19	3.84107e-19	3.84107e-19	3.84107e-19	3.84107e-19	3.84107e-19	3.84107e-19	3.84107e-19	3.84107e-19	3.84107e-19	3.84107e-19	3.84107e-19	3.84107e-19	3.84107e-19	3.84107e-19	3.84107e-19	3.84107e-19	3.84107e-19	3.84107e-19	3.84107e-19	3.84107e-19	3.84107e-19	3.84107e-19	3.84107e-19	3.84107e-19	3.84107e-19	3.84107e-19	3.84107e-19	3.84107e-19
21.89	8.82940e-23	2.95609e-22	6.12918e-22	1.09862e-21	1.84215e-21	2.98051e-21	4.72356e-21	7.39291e-21	1.14815e-20	1.77452e-20	2.73433e-20	4.20546e-20	6.46098e-20	9.92033e-20	1.52281e-19	2.33759e-19	3.58898e-19	4.16004e-19	4.16333e-19	4.16334e-19	4.16334e-19	4.16334e-19	4.16334e-19	4.16334e-19	4.16334e-19	4.16334e-19	4.16334e-19	4.16334e-19	4.16334e-19	4.16334e-19	4.16334e-19	4.16334e-19	4.16334e-19	4.16334e-19	4.16334e-19	4.16334e-19	4.16334e-19	4.16334e-19	4.16334e-19	4.16334e-19	4.16334e-19	4.16334e-19	4.16334e-19	4.16334e-19	4.16334e-19	4.16334e-19	4.16334e-19	4.16334e-19	4.16334e-19	4.16334e-19	4.16334e-19	4.16334e-19	4.16334e-19	4.16334e-19	4.16334e-19	4.16334e-19	4.16334e-19	4.16334e-19	4.16334e-19	4.16334e-19	4.16334e-19	4.16334e-19	4.16334e-19	4.16334e-19	4.16334e-19	4.16334e-19	4.16334e-19	4.16334e-19	4.16334e-19	4.16334e-19	4.16334e-19	4.16334e-19	4.16334e-19	4.16334e-19	4.16334e-19	4.16334e-19	4.16334e-19	4.16334e-19	4.16334e-19	4.16334e-19	4.16334e-19	4.16334e-19	4.16334e-19	4.16334e-19	4.16334e-19	4.16334e-19	4.16334e-19	4.16334e-19	4.16334e-19	4.16334e-19	4.16334e-19	4.16334e-19	4.16334e-19	4.16334e-19	4.16334e-19	4.16334e-19	4.16334e-19	4.16334e-19	4.16334e-19	4.16334e-19	4.16334e-19	4.16334e-19	4.16334e-19	4.16334e-19	4.16334e-19	4.16334e-19	4.16334e-19	4.16334e-19	4.16334e-19	4.16334e-19	4.16334e-19	4.16334e-19	4.16334e-19	4.16334e-19	4.16334e-19	4.16334e-19	4.16334e-19	4.16334e-19	4.16334e-19	4.16334e-19	4.16334e-19	4.16334e-19	4.16334e-19	4.16334e-19	4.16334e-19	4.16334e-19	4.16334e-19	4.16334e-19	4.16334e-19	4.16334e-19	4.16334e-19	4.16334e-19	4.16334e-19	4.16334e-19	4.16334e-19	4.16334e-19	4.16334e-19	4.16334e-19	4.16334e-19	4.16334e-19	4.16334e-19	4.16334e-19	4.16334e-19	4.16334e-19	4.16334e-19
21.92	7.54736e-23	2.52686e-22	5.23921e-22	9.39099e-22	1.57467e-21	2.54773e-21	4.03769e-21	6.31945e-21	9.81440e-21	1.51686e-20	2.33730e-20	3.59482e-20	5.52284e-20	8.47988e-20	1.30170e-19	1.99817e-19	3.06786e-19	4.42297e-19	4.51297e-19	4.51319e-19	4.51319e-19	4.51319e-19	4.51319e-19	4.51319e-19	4.51319e-19	4.51319e-19	4.51319e-19	4.51319e-19	4.51319e-19	4.51319e-19	4.51319e-19	4.51319e-19	4.51319e-19	4.51319e-19	4.51319e-19	4.51319e-19	4.51319e-19	4.51319e-19	4.51319e-19	4.51319e-19	4.51319e-19	4.51319e-19	4.51319e-19	4.51319e-19	4.51319e-19	4.51319e-19	4.51319e-19	4.51319e-19	4.51319e-19	4.51319e-19	4.51319e-19	4.51319e-19	4.51319e-19	4.51319e-19	4.51319e-19	4.51319e-19	4.51319e-19	4.51319e-19	4.51319e-19	4.51319e-19	4.51319e-19	4.51319e-19	4.51319e-19	4.51319e-19	4.51319e-19	4.51319e-19	4.51319e-19	4.51319e-19	4.51319e-19	4.51319e-19	4.51319e-19	4.51319e-19	4.51319e-19	4.51319e-19	4.51319e-19	4.51319e-19	4.51319e-19	4.51319e-19	4.51319e-19	4.51319e-19	4.51319e-19	4.51319e-19	4.51319e-19	4.51319e-19	4.51319e-19	4.51319e-19	4.51319e-19	4.51319e-19	4.51319e-19	4.51319e-19	4.51319e-19	4.51319e-19	4.51319e-19	4.51319e-19	4.51319e-19	4.51319e-19	4.51319e-19	4.51319e-19	4.51319e-19	4.51319e-19	4.51319e-19	4.51319e-19	4.51319e-19	4.51319e-19	4.51319e-19	4.51319e-19	4.51319e-19	4.51319e-19	4.51319e-19	4.51319e-19	4.51319e-19	4.51319e-19	4.51319e-19	4.51319e-19	4.51319e-19	4.51319e-19	4.51319e-19	4.51319e-19	4.51319e-19	4.51319e-19	4.51319e-19	4.51319e-19	4.51319e-19	4.51319e-19	4.51319e-19	4.51319e-19	4.51319e-19	4.51319e-19	4.51319e-19	4.51319e-19	4.51319e-19	4.51319e-19	4.51319e-19	4.51319e-19	4.51319e-19	4.51319e-19	4.51319e-19	4.51319e-19	4.51319e-19	4.51319e-19	4.51319e-19	4.51319e-19	4.51319e-19	4.51319e-19	4.51319e-19
21.96	6.45147e-23	2.15996e-22	4.47847e-22	8.02741e-22	1.34603e-21	2.17780e-21	3.45141e-21	5.40186e-21	8.38933e-21	1.29661e-20	1.99792e-20	3.07285e-20	4.72091e-20	7.24859e-20	1.11269e-19	1.70803e-19	2.62240e-19	4.02763e-19	4.88566e-19	4.89311e-19	4.89312e-19	4.89312e-19	4.89312e-19	4.89312e-19	4.89312e-19	4.89312e-19	4.89312e-19	4.89312e-19	4.89312e-19	4.89312e-19	4.89312e-19	4.89312e-19	4.89312e-19	4.89312e-19	4.89312e-19	4.89312e-19	4.89312e-19	4.89312e-19	4.89312e-19	4.89312e-19	4.89312e-19	4.89312e-19	4.89312e-19	4.89312e-19	4.89312e-19	4.89312e-19	4.89312e-19	4.89312e-19	4.89312e-19	4.89312e-19	4.89312e-19	4.89312e-19	4.89312e-19	4.89312e-19	4.89312e-19	4.89312e-19	4.89312e-19	4.89312e-19	4.89312e-19	4.89312e-19	4.89312e-19	4.89312e-19	4.89312e-19	4.89312e-19	4.89312e-19	4.89312e-19	4.89312e-19	4.89312e-19	4.89312e-19	4.89312e-19	4.89312e-19	4.89312e-19	4.89312e-19	4.89312e-19	4.89312e-19	4.89312e-19	4.89312e-19	4.89312e-19	4.89312e-19	4.89312e-19	4.89312e-19	4.89312e-19	4.89312e-19	4.89312e-19	4.89312e-19	4.89312e-19	4.89312e-19	4.89312e-19	4.89312e-19	4.89312e-19	4.89312e-19	4.89312e-19	4.89312e-19	4.89312e-19	4.89312e-19	4.89312e-19	4.89312e-19	4.89312e-19	4.89312e-19	4.89312e-19	4.89312e-19	4.89312e-19	4.89312e-19	4.89312e-19	4.89312e-19	4.89312e-19	4.89312e-19	4.89312e-19	4.89312e-19	4.89312e-19	4.89312e-19	4.89312e-19	4.89312e-19	4.89312e-19	4.89312e-19	4.89312e-19	4.89312e-19	4.89312e-19	4.89312e-19	4.89312e-19	4.89312e-19	4.89312e-19	4.89312e-19	4.89312e-19	4.89312e-19	4.89312e-19	4.89312e-19	4.89312e-19	4.89312e-19	4.89312e-19	4.89312e-19	4.89312e-19	4.89312e-19	4.89312e-19	4.89312e-19	4.89312e-19	4.89312e-19	4.89312e-19	4.89312e-19	4.89312e-19	4.89312e-19	4.89312e-19	4.89312e-19	4.89312e-19	4.89312e-19
21.99	5.51471e-23	1.84633e-22	3.82819e-22	6.86181e-22	1.15058e-21	1.86158e-21	2.95026e-21	4.61750e-21	7.17119e-21	1.10834e-20	1.70782e-20	2.62667e-20	4.03543e-20	6.19609e-20	9.51126e-20	1.46002e-19	2.24162e-19	3.44281e-19	5.12019e-19	5.30540e-19	5.30590e-19	5.30590e-19	5.30590e-19	5.30590e-19	5.30590e-19	5.30590e-19	5.30590e-19	5.30590e-19	5.30590e-19	5.30590e-19	5.30590e-19	5.30590e-19	5.30590e-19	5.30590e-19	5.30590e-19	5.30590e-19	5.30590e-19	5.30590e-19	5.30590e-19	5.30590e-19	5.30590e-19	5.30590e-19	5.30590e-19	5.30590e-19	5.30590e-19	5.30590e-19	5.30590e-19	5.30590e-19	5.30590e-19	5.30590e-19	5.30590e-19	5.30590e-19	5.30590e-19	5.30590e-19	5.30590e-19	5.30590e-19	5.30590e-19	5.30590e-19	5.30590e-19	5.30590e-19	5.30590e-19	5.30590e-19	5.30590e-19	5.30590e-19	5.30590e-19	5.30590e-19	5.30590e-19	5.30590e-19	5.30590e-19	5.30590e-19	5.30590e-19	5.30590e-19	5.30590e-19	5.30590e-19	5.30590e-19	5.30590e-19	5.30590e-19	5.30590e-19	5.30590e-19	5.30590e-19	5.30590e-19	5.30590e-19	5.30590e-19	5.30590e-19	5.30590e-19	5.30590e-19	5.30590e-19	5.30590e-19	5.30590e-19	5.30590e-19	5.30590e-19	5.30590e-19	5.30590e-19	5.30590e-19	5.30590e-19	5.30590e-19	5.30590e-19	5.30590e-19	5.30590e-19	5.30590e-19	5.30590e-19	5.30590e-19	5.30590e-19	5.30590e-19	5.30590e-19	5.30590e-19	5.30590e-19	5.30590e-19	5.30590e-19	5.30590e-19	5.30590e-19	5.30590e-19	5.30590e-19	5.30590e-19	5.30590e-19	5.30590e-19	5.30590e-19	5.30590e-19	5.30590e-19	5.30590e-19	5.30590e-19	5.30590e-19	5.30590e-19	5.30590e-19	5.30590e-19	5.30590e-19	5.30590e-19	5.30590e-19	5.30590e-19	5.30590e-19	5.30590e-19	5.30590e-19	5.30590e-19	5.30590e-19	5.30590e-19	5.30590e-19	5.30590e-19	5.30590e-19	5.30590e-19	5.30590e-19	5.30590e-19	5.30590e-19	5.30590e-19	5.30590e-19	5.30590e-19
22.03	4.71396e-23	1.57824e-22	3.27233e-22	5.86547e-22	9.83514e-22	1.59127e-21	2.52188e-21	3.94703e-21	6.12992e-21	9.47408e-21	1.45984e-20	2.24527e-20	3.44948e-20	5.29640e-20	8.13021e-20	1.24803e-19	1.91614e-19	2.94291e-19	4.52201e-19	5.73783e-19	5.75453e-19	5.75456e-19	5.75456e-19	5.75456e-19	5.75456e-19	5.75456e-19	5.75456e-19	5.75456e-19	5.75456e-19	5.75456e-19	5.75456e-19	5.75456e-19	5.75456e-19	5.75456e-19	5.75456e-19	5.75456e-19	5.75456e-19	5.75456e-19	5.75456e-19	5.75456e-19	5.75456e-19	5.75456e-19	5.75456e-19	5.75456e-19	5.75456e-19	5.75456e-19	5.75456e-19	5.75456e-19	5.75456e-19	5.75456e-19	5.75456e-19	5.75456e-19	5.75456e-19	5.75456e-19	5.75456e-19	5.75456e-19	5.75456e-19	5.75456e-19	5.75456e-19	5.75456e-19	5.75456e-19	5.75456e-19	5.75456e-19	5.75456e-19	5.75456e-19	5.75456e-19	5.75456e-19	5.75456e-19	5.75456e-19	5.75456e-19	5.75456e-19	5.75456e-19	5.75456e-19	5.75456e-19	5.75456e-19	5.75456e-19	5.75456e-19	5.75456e-19	5.75456e-19	5.75456e-19	5.75456e-19	5.75456e-19	5.75456e-19	5.75456e-19	5.75456e-19	5.75456e-19	5.75456e-19	5.75456e-19	5.75456e-19	5.75456e-19	5.75456e-19	5.75456e-19	5.75456e-19	5.75456e-19	5.75456e-19	5.75456e-19	5.75456e-19	5.75456e-19	5.75456e-19	5.75456e-19	5.75456e-19	5.75456e-19	5.75456e-19	5.75456e-19	5.75456e-19	5.75456e-19	5.75456e-19	5.75456e-19	5.75456e-19	5.75456e-19	5.75456e-19	5.75456e-19	5.75456e-19	5.75456e-19	5.75456e-19	5.75456e-19	5.75456e-19	5.75456e-19	5.75456e-19	5.75456e-19	5.75456e-19	5.75456e-19	5.75456e-19	5.75456e-19	5.75456e-19	5.75456e-19	5.75456e-19	5.75456e-19	5.75456e-19	5.75456e-19	5.75456e-19	5.75456e-19	5.75456e-19	5.75456e-19	5.75456e-19	5.75456e-19	5.75456e-19	5.75456e-19	5.75456e-19	5.75456e-19	5.75456e-19	5.75456e-19	5.75456e-19	5.75456e-19	5.75456e-19
22.06	4.02949e-23	1.34908e-22	2.79718e-22	5.01379e-22	8.40706e-22	1.36022e-21	2.15570e-21	3.37392e-21	5.23985e-21	8.09843e-21	1.24787e-20	1.91925e-20	2.94861e-20	4.52736e-20	6.94969e-20	1.06681e-19	1.63791e-19	2.51559e-19	3.86540e-19	5.87612e-19	6.24126e-19	6.24243e-19	6.24244e-19	6.24244e-19	6.24244e-19	6.24244e-19	6.24244e-19	6.24244e-19	6.24244e-19	6.24244e-19	6.24244e-19	6.24244e-19	6.24244e-19	6.24244e-19	6.24244e-19	6.24244e-19	6.24244e-19	6.24244e-19	6.24244e-19	6.24244e-19	6.24244e-19	6.24244e-19	6.24244e-19	6.24244e-19	6.24244e-19	6.24244e-19	6.24244e-19	6.24244e-19	6.24244e-19	6.24244e-19	6.24244e-19	6.24244e-19	6.24244e-19	6.24244e-19	6.24244e-19	6.24244e-19	6.24244e-19	6.24244e-19	6.24244e-19	6.24244e-19	6.24244e-19	6.24244e-19	6.24244e-19	6.24244e-19	6.24244e-19	6.24244e-19	6.24244e-19	6.24244e-19	6.24244e-19	6.24244e-19	6.24244e-19	6.24244e-19	6.24244e-19	6.24244e-19	6.24244e-19	6.24244e-19	6.24244e-19	6.24244e-19	6.24244e-19	6.24244e-19	6.24244e-19	6.24244e-19	6.24244e-19	6.24244e-19	6.24244e-19	6.24244e-19	6.24244e-19	6.24244e-19	6.24244e-19	6.24244e-19	6.24244e-19	6.24244e-19	6.24244e-19	6.24244e-19	6.24244e-19	6.24244e-19	6.24244e-19	6.24244e-19	6.24244e-19	6.24244e-19	6.24244e-19	6.24244e-19	6.24244e-19	6.24244e-19	6.24244e-19	6.24244e-19	6.24244e-19	6.24244e-19	6.24244e-19	6.24244e-19	6.24244e-19	6.24244e-19	6.24244e-19	6.24244e-19	6.24244e-19	6.24244e-19	6.24244e-19	6.24244e-19	6.24244e-19	6.24244e-19	6.24244e-19	6.24244e-19	6.24244e-19	6.24244e-19	6.24244e-19	6.24244e-19	6.24244e-19	6.24244e-19	6.24244e-19	6.24244e-19	6.24244e-19	6.24244e-19	6.24244e-19	6.24244e-19	6.24244e-19	6.24244e-19	6.24244e-19	6.24244e-19	6.24244e-19	6.24244e-19	6.24244e-19	6.24244e-19	6.24244e-19	6.24244e-19	6.24244e-19
22.09	3.44440e-23	1.15319e-22	2.39103e-22	4.28578e-22	7.18634e-22	1.16271e-21	1.84269e-21	2.88402e-21	4.47901e-21	6.92252e-21	1.06668e-20	1.64057e-20	2.52047e-20	3.86998e-20	5.94059e-20	9.11908e-20	1.40008e-19	2.15032e-19	3.30414e-19	5.08011e-19	6.73617e-19	6.77315e-19	6.77322e-19	6.77322e-19	6.77322e-19	6.77322e-19	6.77322e-19	6.77322e-19	6.77322e-19	6.77322e-19	6.77322e-19	6.77322e-19	6.77322e-19	6.77322e-19	6.77322e-19	6.77322e-19	6.77322e-19	6.77322e-19	6.77322e-19	6.77322e-19	6.77322e-19	6.77322e-19	6.77322e-19	6.77322e-19	6.77322e-19	6.77322e-19	6.77322e-19	6.77322e-19	6.77322e-19	6.77322e-19	6.77322e-19	6.77322e-19	6.77322e-19	6.77322e-19	6.77322e-19	6.77322e-19	6.77322e-19	6.77322e-19	6.77322e-19	6.77322e-19	6.77322e-19	6.77322e-19	6.77322e-19	6.77322e-19	6.77322e-19	6.77322e-19	6.77322e-19	6.77322e-19	6.77322e-19	6.77322e-19	6.77322e-19	6.77322e-19	6.77322e-19	6.77322e-19	6.77322e-19	6.77322e-19	6.77322e-19	6.77322e-19	6.77322e-19	6.77322e-19	6.77322e-19	6.77322e-19	6.77322e-19	6.77322e-19	6.77322e-19	6.77322e-19	6.77322e-19	6.77322e-19	6.77322e-19	6.77322e-19	6.77322e-19	6.77322e-19	6.77322e-19	6.77322e-19	6.77322e-19	6.77322e-19	6.77322e-19	6.77322e-19	6.77322e-19	6.77322e-19	6.77322e-19	6.77322e-19	6.77322e-19	6.77322e-19	6.77322e-19	6.77322e-19	6.77322e-19	6.77322e-19	6.77322e-19	6.77322e-19	6.77322e-19	6.77322e-19	6.77322e-19	6.77322e-19	6.77322e-19	6.77322e-19	6.77322e-19	6.77322e-19	6.77322e-19	6.77322e-19	6.77322e-19	6.77322e-19	6.77322e-19	6.77322e-19	6.77322e-19	6.77322e-19	6.77322e-19	6.77322e-19	6.77322e-19	6.77322e-19	6.77322e-19	6.77322e-19	6.77322e-19	6.77322e-19	6.77322e-19	6.77322e-19	6.77322e-19	6.77322e-19	6.77322e-19	6.77322e-19	6.77322e-19	6.77322e-19	6.77322e-19	6.77322e-19	6.77322e-19
22.13	2.94427e-23	9.85743e-23	2.04385e-22	3.66348e-22	6.14288e-22	9.93885e-22	1.57513e-21	2.46525e-21	3.82865e-21	5.91736e-21	9.11796e-21	1.40236e-20	2.15449e-20	3.30805e-20	5.07801e-20	7.79497e-20	1.19679e-19	1.83809e-19	2.82438e-19	4.34247e-19	6.67246e-19	7.34826e-19	7.35097e-19	7.35097e-19	7.35097e-19	7.35097e-19	7.35097e-19	7.35097e-19	7.35097e-19	7.35097e-19	7.35097e-19	7.35097e-19	7.35097e-19	7.35097e-19	7.35097e-19	7.35097e-19	7.35097e-19	7.35097e-19	7.35097e-19	7.35097e-19	7.35097e-19	7.35097e-19	7.35097e-19	7.35097e-19	7.35097e-19	7.35097e-19	7.35097e-19	7.35097e-19	7.35097e-19	7.35097e-19	7.35097e-19	7.35097e-19	7.35097e-19	7.35097e-19	7.35097e-19	7.35097e-19	7.35097e-19	7.35097e-19	7.35097e-19	7.35097e-19	7.35097e-19	7.35097e-19	7.35097e-19	7.35097e-19	7.35097e-19	7.35097e-19	7.35097e-19	7.35097e-19	7.35097e-19	7.35097e-19	7.35097e-19	7.35097e-19	7.35097e-19	7.35097e-19	7.35097e-19	7.35097e-19	7.35097e-19	7.35097e-19	7.35097e-19	7.35097e-19	7.35097e-19	7.35097e-19	7.35097e-19	7.35097e-19	7.35097e-19	7.35097e-19	7.35097e-19	7.35097e-19	7.35097e-19	7.35097e-19	7.35097e-19	7.35097e-19	7.35097e-19	7.35097e-19	7.35097e-19	7.35097e-19	7.35097e-19	7.35097e-19	7.35097e-19	7.35097e-19	7.35097e-19	7.35097e-19	7.35097e-19	7.35097e-19	7.35097e-19	7.35097e-19	7.35097e-19	7.35097e-19	7.35097e-19	7.35097e-19	7.35097e-19	7.35097e-19	7.35097e-19	7.35097e-19	7.35097e-19	7.35097e-19	7.35097e-19	7.35097e-19	7.35097e-19	7.35097e-19	7.35097e-19	7.35097e-19	7.35097e-19	7.35097e-19	7.35097e-19	7.35097e-19	7.35097e-19	7.35097e-19	7.35097e-19	7.35097e-19	7.35097e-19	7.35097e-19	7.35097e-19	7.35097e-19	7.35097e-19	7.35097e-19	7.35097e-19	7.35097e-19	7.35097e-19	7.35097e-19	7.35097e-19	7.35097e-19	7.35097e-19	7.35097e-19	7.35097e-19
22.16	2.51676e-23	8.42612e-23	1.74708e-22	3.13154e-22	5.25092e-22	8.49571e-22	1.34642e-21	2.10730e-21	3.27273e-21	5.05815e-21	7.79401e-21	1.19874e-20	1.84166e-20	2.82772e-20	4.34067e-20	6.66313e-20	1.02301e-19	1.57120e-19	2.41427e-19	3.71193e-19	5.71123e-19	7.89935e-19	7.98004e-19	7.98021e-19	7.98021e-19	7.98021e-19	7.98021e-19	7.98021e-19	7.98021e-19	7.98021e-19	7.98021e-19	7.98021e-19	7.98021e-19	7.98021e-19	7.98021e-19	7.98021e-19	7.98021e-19	7.98021e-19	7.98021e-19	7.98021e-19	7.98021e-19	7.98021e-19	7.98021e-19	7.98021e-19	7.98021e-19	7.98021e-19	7.98021e-19	7.98021e-19	7.98021e-19	7.98021e-19	7.98021e-19	7.98021e-19	7.98021e-19	7.98021e-19	7.98021e-19	7.98021e-19	7.98021e-19	7.98021e-19	7.98021e-19	7.98021e-19	7.98021e-19	7.98021e-19	7.98021e-19	7.98021e-19	7.98021e-19	7.98021e-19	7.98021e-19	7.98021e-19	7.98021e-19	7.98021e-19	7.98021e-19	7.98021e-19	7.98021e-19	7.98021e-19	7.98021e-19	7.98021e-19	7.98021e-19	7.98021e-19	7.98021e-19	7.98021e-19	7.98021e-19	7.98021e-19	7.98021e-19	7.98021e-19	7.98021e-19	7.98021e-19	7.98021e-19	7.98021e-19	7.98021e-19	7.98021e-19	7.98021e-19	7.98021e-19	7.98021e-19	7.98021e-19	7.98021e-19	7.98021e-19	7.98021e-19	7.98021e-19	7.98021e-19	7.98021e-19	7.98021e-19	7.98021e-19	7.98021e-19	7.98021e-19	7.98021e-19	7.98021e-19	7.98021e-19	7.98021e-19	7.98021e-19	7.98021e-19	7.98021e-19	7.98021e-19	7.98021e-19	7.98021e-19	7.98021e-19	7.98021e-19	7.98021e-19	7.98021e-19	7.98021e-19	7.98021e-19	7.98021e-19	7.98021e-19	7.98021e-19	7.98021e-19	7.98021e-19	7.98021e-19	7.98021e-19	7.98021e-19	7.98021e-19	7.98021e-19	7.98021e-19	7.98021e-19	7.98021e-19	7.98021e-19	7.98021e-19	7.98021e-19	7.98021e-19	7.98021e-19	7.98021e-19	7.98021e-19	7.98021e-19	7.98021e-19	7.98021e-19	7.98021e-19	7.98021e-19
22.20	2.15132e-23	7.20263e-23	1.49340e-22	2.67683e-22	4.48848e-22	7.26212e-22	1.15091e-21	1.80131e-21	2.79752e-21	4.32370e-21	6.66231e-21	1.02468e-20	1.57424e-20	2.41713e-20	3.71040e-20	5.69563e-20	8.74470e-20	1.34306e-19	2.06372e-19	3.17296e-19	4.88195e-19	7.51794e-19	8.65968e-19	8.66591e-19	8.66592e-19	8.66592e-19	8.66592e-19	8.66592e-19	8.66592e-19	8.66592e-19	8.66592e-19	8.66592e-19	8.66592e-19	8.66592e-19	8.66592e-19	8.66592e-19	8.66592e-19	8.66592e-19	8.66592e-19	8.66592e-19	8.66592e-19	8.66592e-19	8.66592e-19	8.66592e-19	8.66592e-19	8.66592e-19	8.66592e-19	8.66592e-19	8.66592e-19	8.66592e-19	8.66592e-19	8.66592e-19	8.66592e-19	8.66592e-19	8.66592e-19	8.66592e-19	8.66592e-19	8.66592e-19	8.66592e-19	8.66592e-19	8.66592e-19	8.66592e-19	8.66592e-19	8.66592e-19	8.66592e-19	8.66592e-19	8.66592e-19	8.66592e-19	8.66592e-19	8.66592e-19	8.66592e-19	8.66592e-19	8.66592e-19	8.66592e-19	8.66592e-19	8.66592e-19	8.66592e-19	8.66592e-19	8.66592e-19	8.66592e-19	8.66592e-19	8.66592e-19	8.66592e-19	8.66592e-19	8.66592e-19	8.66592e-19	8.66592e-19	8.66592e-19	8.66592e-19	8.66592e-19	8.66592e-19	8.66592e-19	8.66592e-19	8.66592e-19	8.66592e-19	8.66592e-19	8.66592e-19	8.66592e-19	8.66592e-19	8.66592e-19	8.66592e-19	8.66592e-19	8.66592e-19	8.66592e-19	8.66592e-19	8.66592e-19	8.66592e-19	8.66592e-19	8.66592e-19	8.66592e-19	8.66592e-19	8.66592e-19	8.66592e-19	8.66592e-19	8.66592e-19	8.66592e-19	8.66592e-19	8.66592e-19	8.66592e-19	8.66592e-19	8.66592e-19	8.66592e-19	8.66592e-19	8.66592e-19	8.66592e-19	8.66592e-19	8.66592e-19	8.66592e-19	8.66592e-19	8.66592e-19	8.66592e-19	8.66592e-19	8.66592e-19	8.66592e-19	8.66592e-19	8.66592e-19	8.66592e-19	8.66592e-19	8.66592e-19	8.66592e-19	8.66592e-19	8.66592e-19	8.66592e-19	8.66592e-19	8.66592e-19
22.23	1.83894e-23	6.15680e-23	1.27656e-22	2.28815e-22	3.83675e-22	6.20765e-22	9.83799e-22	1.53976e-21	2.39132e-21	3.69589e-21	5.69493e-21	8.75893e-21	1.34566e-20	2.06616e-20	3.17164e-20	4.86862e-20	7.47496e-20	1.14804e-19	1.76406e-19	2.71224e-19	4.17309e-19	6.42632e-19	9.24059e-19	9.41324e-19	9.41365e-19	9.41365e-19	9.41365e-19	9.41365e-19	9.41365e-19	9.41365e-19	9.41365e-19	9.41365e-19	9.41365e-19	9.41365e-19	9.41365e-19	9.41365e-19	9.41365e-19	9.41365e-19	9.41365e-19	9.41365e-19	9.41365e-19	9.41365e-19	9.41365e-19	9.41365e-19	9.41365e-19	9.41365e-19	9.41365e-19	9.41365e-19	9.41365e-19	9.41365e-19	9.41365e-19	9.41365e-19	9.41365e-19	9.41365e-19	9.41365e-19	9.41365e-19	9.41365e-19	9.41365e-19	9.41365e-19	9.41365e-19	9.41365e-19	9.41365e-19	9.41365e-19	9.41365e-19	9.41365e-19	9.41365e-19	9.41365e-19	9.41365e-19	9.41365e-19	9.41365e-19	9.41365e-19	9.41365e-19	9.41365e-19	9.41365e-19	9.41365e-19	9.41365e-19	9.41365e-19	9.41365e-19	9.41365e-19	9.41365e-19	9.41365e-19	9.41365e-19	9.41365e-19	9.41365e-19	9.41365e-19	9.41365e-19	9.41365e-19	9.41365e-19	9.41365e-19	9.41365e-19	9.41365e-19	9.41365e-19	9.41365e-19	9.41365e-19	9.41365e-19	9.41365e-19	9.41365e-19	9.41365e-19	9.41365e-19	9.41365e-19	9.41365e-19	9.41365e-19	9.41365e-19	9.41365e-19	9.41365e-19	9.41365e-19	9.41365e-19	9.41365e-19	9.41365e-19	9.41365e-19	9.41365e-19	9.41365e-19	9.41365e-19	9.41365e-19	9.41365e-19	9.41365e-19	9.41365e-19	9.41365e-19	9.41365e-19	9.41365e-19	9.41365e-19	9.41365e-19	9.41365e-19	9.41365e-19	9.41365e-19	9.41365e-19	9.41365e-19	9.41365e-19	9.41365e-19	9.41365e-19	9.41365e-19	9.41365e-19	9.41365e-19	9.41365e-19	9.41365e-19	9.41365e-19	9.41365e-19	9.41365e-19	9.41365e-19	9.41365e-19	9.41365e-19	9.41365e-19	9.41365e-19	9.41365e-19	9.41365e-19
22.26	1.57193e-23	5.26282e-23	1.09120e-22	1.95591e-22	3.27964e-22	5.30629e-22	8.40950e-22	1.31618e-21	2.04409e-21	3.15924e-21	4.86802e-21	7.48712e-21	1.15027e-20	1.76615e-20	2.71112e-20	4.16169e-20	6.38958e-20	9.81347e-20	1.50792e-19	2.31842e-19	3.56715e-19	5.49321e-19	8.46787e-19	1.02153e-18	1.02295e-18	1.02296e-18	1.02296e-18	1.02296e-18	1.02296e-18	1.02296e-18	1.02296e-18	1.02296e-18	1.02296e-18	1.02296e-18	1.02296e-18	1.02296e-18	1.02296e-18	1.02296e-18	1.02296e-18	1.02296e-18	1.02296e-18	1.02296e-18	1.02296e-18	1.02296e-18	1.02296e-18	1.02296e-18	1.02296e-18	1.02296e-18	1.02296e-18	1.02296e-18	1.02296e-18	1.02296e-18	1.02296e-18	1.02296e-18	1.02296e-18	1.02296e-18	1.02296e-18	1.02296e-18	1.02296e-18	1.02296e-18	1.02296e-18	1.02296e-18	1.02296e-18	1.02296e-18	1.02296e-18	1.02296e-18	1.02296e-18	1.02296e-18	1.02296e-18	1.02296e-18	1.02296e-18	1.02296e-18	1.02296e-18	1.02296e-18	1.02296e-18	1.02296e-18	1.02296e-18	1.02296e-18	1.02296e-18	1.02296e-18	1.02296e-18	1.02296e-18	1.02296e-18	1.02296e-18	1.02296e-18	1.02296e-18	1.02296e-18	1.02296e-18	1.02296e-18	1.02296e-18	1.02296e-18	1.02296e-18	1.02296e-18	1.02296e-18	1.02296e-18	1.02296e-18	1.02296e-18	1.02296e-18	1.02296e-18	1.02296e-18	1.02296e-18	1.02296e-18	1.02296e-18	1.02296e-18	1.02296e-18	1.02296e-18	1.02296e-18	1.02296e-18	1.02296e-18	1.02296e-18	1.02296e-18	1.02296e-18	1.02296e-18	1.02296e-18	1.02296e-18	1.02296e-18	1.02296e-18	1.02296e-18	1.02296e-18	1.02296e-18	1.02296e-18	1.02296e-18	1.02296e-18	1.02296e-18	1.02296e-18	1.02296e-18	1.02296e-18	1.02296e-18	1.02296e-18	1.02296e-18	1.02296e-18	1.02296e-18	1.02296e-18	1.02296e-18	1.02296e-18	1.02296e-18	1.02296e-18	1.02296e-18	1.02296e-18	1.02296e-18	1.02296e-18	1.02296e-18	1.02296e-18	1.02296e-18	1.02296e-18
22.30	1.34368e-23	4.49865e-23	9.32754e-23	1.67191e-22	2.80343e-22	4.53581e-22	7.18843e-22	1.12507e-21	1.74729e-21	2.70052e-21	4.16118e-21	6.39998e-21	9.83249e-21	1.50970e-20	2.31746e-20	3.55740e-20	5.46181e-20	8.38854e-20	1.28896e-19	1.98178e-19	3.04919e-19	4.69559e-19	7.23832e-19	1.07600e-18	1.11196e-18	1.11206e-18	1.11206e-18	1.11206e-18	1.11206e-18	1.11206e-18	1.11206e-18	1.11206e-18	1.11206e-18	1.11206e-18	1.11206e-18	1.11206e-18	1.11206e-18	1.11206e-18	1.11206e-18	1.11206e-18	1.11206e-18	1.11206e-18	1.11206e-18	1.11206e-18	1.11206e-18	1.11206e-18	1.11206e-18	1.11206e-18	1.11206e-18	1.11206e-18	1.11206e-18	1.11206e-18	1.11206e-18	1.11206e-18	1.11206e-18	1.11206e-18	1.11206e-18	1.11206e-18	1.11206e-18	1.11206e-18	1.11206e-18	1.11206e-18	1.11206e-18	1.11206e-18	1.11206e-18	1.11206e-18	1.11206e-18	1.11206e-18	1.11206e-18	1.11206e-18	1.11206e-18	1.11206e-18	1.11206e-18	1.11206e-18	1.11206e-18	1.11206e-18	1.11206e-18	1.11206e-18	1.11206e-18	1.11206e-18	1.11206e-18	1.11206e-18	1.11206e-18	1.11206e-18	1.11206e-18	1.11206e-18	1.11206e-18	1.11206e-18	1.11206e-18	1.11206e-18	1.11206e-18	1.11206e-18	1.11206e-18	1.11206e-18	1.11206e-18	1.11206e-18	1.11206e-18	1.11206e-18	1.11206e-18	1.11206e-18	1.11206e-18	1.11206e-18	1.11206e-18	1.11206e-18	1.11206e-18	1.11206e-18	1.11206e-18	1.11206e-18	1.11206e-18	1.11206e-18	1.11206e-18	1.11206e-18	1.11206e-18	1.11206e-18	1.11206e-18	1.11206e-18	1.11206e-18	1.11206e-18	1.11206e-18	1.11206e-18	1.11206e-18	1.11206e-18	1.11206e-18	1.11206e-18	1.11206e-18	1.11206e-18	1.11206e-18	1.11206e-18	1.11206e-18	1.11206e-18	1.11206e-18	1.11206e-18	1.11206e-18	1.11206e-18	1.11206e-18	1.11206e-18	1.11206e-18	1.11206e-18	1.11206e-18	1.11206e-18	1.11206e-18	1.11206e-18	1.11206e-18	1.11206e-18	1.11206e-18
22.33	1.14858e-23	3.84544e-23	7.97317e-23	1.42914e-22	2.39637e-22	3.87720e-22	6.14466e-22	9.61710e-22	1.49358e-21	2.30840e-21	3.55697e-21	5.47069e-21	8.40479e-21	1.29049e-20	1.98096e-20	3.04086e-20	4.66874e-20	7.17051e-20	1.10181e-19	1.69402e-19	2.60644e-19	4.01378e-19	6.18731e-19	9.54922e-19	1.20622e-18	1.20943e-18	1.20944e-18	1.20944e-18	1.20944e-18	1.20944e-18	1.20944e-18	1.20944e-18	1.20944e-18	1.20944e-18	1.20944e-18	1.20944e-18	1.20944e-18	1.20944e-18	1.20944e-18	1.20944e-18	1.20944e-18	1.20944e-18	1.20944e-18	1.20944e-18	1.20944e-18	1.20944e-18	1.20944e-18	1.20944e-18	1.20944e-18	1.20944e-18	1.20944e-18	1.20944e-18	1.20944e-18	1.20944e-18	1.20944e-18	1.20944e-18	1.20944e-18	1.20944e-18	1.20944e-18	1.20944e-18	1.20944e-18	1.20944e-18	1.20944e-18	1.20944e-18	1.20944e-18	1.20944e-18	1.20944e-18	1.20944e-18	1.20944e-18	1.20944e-18	1.20944e-18	1.20944e-18	1.20944e-18	1.20944e-18	1.20944e-18	1.20944e-18	1.20944e-18	1.20944e-18	1.20944e-18	1.20944e-18	1.20944e-18	1.20944e-18	1.20944e-18	1.20944e-18	1.20944e-18	1.20944e-18	1.20944e-18	1.20944e-18	1.20944e-18	1.20944e-18	1.20944e-18	1.20944e-18	1.20944e-18	1.20944e-18	1.20944e-18	1.20944e-18	1.20944e-18	1.20944e-18	1.20944e-18	1.20944e-18	1.20944e-18	1.20944e-18	1.20944e-18	1.20944e-18	1.20944e-18	1.20944e-18	1.20944e-18	1.20944e-18	1.20944e-18	1.20944e-18	1.20944e-18	1.20944e-18	1.20944e-18	1.20944e-18	1.20944e-18	1.20944e-18	1.20944e-18	1.20944e-18	1.20944e-18	1.20944e-18	1.20944e-18	1.20944e-18	1.20944e-18	1.20944e-18	1.20944e-18	1.20944e-18	1.20944e-18	1.20944e-18	1.20944e-18	1.20944e-18	1.20944e-18	1.20944e-18	1.20944e-18	1.20944e-18	1.20944e-18	1.20944e-18	1.20944e-18	1.20944e-18	1.20944e-18	1.20944e-18	1.20944e-18	1.20944e-18	1.20944e-18	1.20944e-18	1.20944e-18
22.37	9.81801e-24	3.28708e-23	6.81545e-23	1.22163e-22	2.04841e-22	3.31423e-22	5.25244e-22	8.22068e-22	1.27671e-21	1.97321e-21	3.04049e-21	4.67634e-21	7.18441e-21	1.10311e-20	1.69332e-20	2.59933e-20	3.99083e-20	6.12934e-20	9.41821e-20	1.44805e-19	2.22798e-19	3.43097e-19	5.28890e-19	8.16266e-19	1.24371e-18	1.31573e-18	1.31596e-18	1.31596e-18	1.31596e-18	1.31596e-18	1.31596e-18	1.31596e-18	1.31596e-18	1.31596e-18	1.31596e-18	1.31596e-18	1.31596e-18	1.31596e-18	1.31596e-18	1.31596e-18	1.31596e-18	1.31596e-18	1.31596e-18	1.31596e-18	1.31596e-18	1.31596e-18	1.31596e-18	1.31596e-18	1.31596e-18	1.31596e-18	1.31596e-18	1.31596e-18	1.31596e-18	1.31596e-18	1.31596e-18	1.31596e-18	1.31596e-18	1.31596e-18	1.31596e-18	1.31596e-18	1.31596e-18	1.31596e-18	1.31596e-18	1.31596e-18	1.31596e-18	1.31596e-18	1.31596e-18	1.31596e-18	1.31596e-18	1.31596e-18	1.31596e-18	1.31596e-18	1.31596e-18	1.31596e-18	1.31596e-18	1.31596e-18	1.31596e-18	1.31596e-18	1.31596e-18	1.31596e-18	1.31596e-18	1.31596e-18	1.31596e-18	1.31596e-18	1.31596e-18	1.31596e-18	1.31596e-18	1.31596e-18	1.31596e-18	1.31596e-18	1.31596e-18	1.31596e-18	1.31596e-18	1.31596e-18	1.31596e-18	1.31596e-18	1.31596e-18	1.31596e-18	1.31596e-18	1.31596e-18	1.31596e-18	1.31596e-18	1.31596e-18	1.31596e-18	1.31596e-18	1.31596e-18	1.31596e-18	1.31596e-18	1.31596e-18	1.31596e-18	1.31596e-18	1.31596e-18	1.31596e-18	1.31596e-18	1.31596e-18	1.31596e-18	1.31596e-18	1.31596e-18	1.31596e-18	1.31596e-18	1.31596e-18	1.31596e-18	1.31596e-18	1.31596e-18	1.31596e-18	1.31596e-18	1.31596e-18	1.31596e-18	1.31596e-18	1.31596e-18	1.31596e-18	1.31596e-18	1.31596e-18	1.31596e-18	1.31596e-18	1.31596e-18	1.31596e-18	1.31596e-18	1.31596e-18	1.31596e-18	1.31596e-18	1.31596e-18	1.31596e-18	1.31596e-18	1.31596e-18
22.40	8.39242e-24	2.80979e-23	5.82584e-23	1.04425e-22	1.75098e-22	2.83300e-22	4.48978e-22	7.02703e-22	1.09133e-21	1.68670e-21	2.59901e-21	3.99733e-21	6.14122e-21	9.42936e-21	1.44745e-20	2.22190e-20	3.41136e-20	5.23935e-20	8.05067e-20	1.23779e-19	1.90448e-19	2.93279e-19	4.52094e-19	6.97743e-19	1.07837e-18	1.42537e-18	1.43257e-18	1.43259e-18	1.43259e-18	1.43259e-18	1.43259e-18	1.43259e-18	1.43259e-18	1.43259e-18	1.43259e-18	1.43259e-18	1.43259e-18	1.43259e-18	1.43259e-18	1.43259e-18	1.43259e-18	1.43259e-18	1.43259e-18	1.43259e-18	1.43259e-18	1.43259e-18	1.43259e-18	1.43259e-18	1.43259e-18	1.43259e-18	1.43259e-18	1.43259e-18	1.43259e-18	1.43259e-18	1.43259e-18	1.43259e-18	1.43259e-18	1.43259e-18	1.43259e-18	1.43259e-18	1.43259e-18	1.43259e-18	1.43259e-18	1.43259e-18	1.43259e-18	1.43259e-18	1.43259e-18	1.43259e-18	1.43259e-18	1.43259e-18	1.43259e-18	1.43259e-18	1.43259e-18	1.43259e-18	1.43259e-18	1.43259e-18	1.43259e-18	1.43259e-18	1.43259e-18	1.43259e-18	1.43259e-18	1.43259e-18	1.43259e-18	1.43259e-18	1.43259e-18	1.43259e-18	1.43259e-18	1.43259e-18	1.43259e-18	1.43259e-18	1.43259e-18	1.43259e-18	1.43259e-18	1.43259e-18	1.43259e-18	1.43259e-18	1.43259e-18	1.43259e-18	1.43259e-18	1.43259e-18	1.43259e-18	1.43259e-18	1.43259e-18	1.43259e-18	1.43259e-18	1.43259e-18	1.43259e-18	1.43259e-18	1.43259e-18	1.43259e-18	1.43259e-18	1.43259e-18	1.43259e-18	1.43259e-18	1.43259e-18	1.43259e-18	1.43259e-18	1.43259e-18	1.43259e-18	1.43259e-18	1.43259e-18	1.43259e-18	1.43259e-18	1.43259e-18	1.43259e-18	1.43259e-18	1.43259e-18	1.43259e-18	1.43259e-18	1.43259e-18	1.43259e-18	1.43259e-18	1.43259e-18	1.43259e-18	1.43259e-18	1.43259e-18	1.43259e-18	1.43259e-18	1.43259e-18	1.43259e-18	1.43259e-18	1.43259e-18	1.43259e-18	1.43259e-18	1.43259e-18
22.43	7.17383e-24	2.40180e-23	4.97992e-23	8.92622e-23	1.49674e-22	2.42164e-22	3.83786e-22	6.00669e-22	9.32867e-22	1.44179e-21	2.22163e-21	3.41691e-21	5.24950e-21	8.06020e-21	1.23728e-20	1.89928e-20	2.91602e-20	4.47859e-20	6.88170e-20	1.05806e-19	1.62794e-19	2.50695e-19	3.86449e-19	5.96430e-19	9.21792e-19	1.42377e-18	1.55989e-18	1.56042e-18	1.56042e-18	1.56042e-18	1.56042e-18	1.56042e-18	1.56042e-18	1.56042e-18	1.56042e-18	1.56042e-18	1.56042e-18	1.56042e-18	1.56042e-18	1.56042e-18	1.56042e-18	1.56042e-18	1.56042e-18	1.56042e-18	1.56042e-18	1.56042e-18	1.56042e-18	1.56042e-18	1.56042e-18	1.56042e-18	1.56042e-18	1.56042e-18	1.56042e-18	1.56042e-18	1.56042e-18	1.56042e-18	1.56042e-18	1.56042e-18	1.56042e-18	1.56042e-18	1.56042e-18	1.56042e-18	1.56042e-18	1.56042e-18	1.56042e-18	1.56042e-18	1.56042e-18	1.56042e-18	1.56042e-18	1.56042e-18	1.56042e-18	1.56042e-18	1.56042e-18	1.56042e-18	1.56042e-18	1.56042e-18	1.56042e-18	1.56042e-18	1.56042e-18	1.56042e-18	1.56042e-18	1.56042e-18	1.56042e-18	1.56042e-18	1.56042e-18	1.56042e-18	1.56042e-18	1.56042e-18	1.56042e-18	1.56042e-18	1.56042e-18	1.56042e-18	1.56042e-18	1.56042e-18	1.56042e-18	1.56042e-18	1.56042e-18	1.56042e-18	1.56042e-18	1.56042e-18	1.56042e-18	1.56042e-18	1.56042e-18	1.56042e-18	1.56042e-18	1.56042e-18	1.56042e-18	1.56042e-18	1.56042e-18	1.56042e-18	1.56042e-18	1.56042e-18	1.56042e-18	1.56042e-18	1.56042e-18	1.56042e-18	1.56042e-18	1.56042e-18	1.56042e-18	1.56042e-18	1.56042e-18	1.56042e-18	1.56042e-18	1.56042e-18	1.56042e-18	1.56042e-18	1.56042e-18	1.56042e-18	1.56042e-18	1.56042e-18	1.56042e-18	1.56042e-18	1.56042e-18	1.56042e-18	1.56042e-18	1.56042e-18	1.56042e-18	1.56042e-18	1.56042e-18	1.56042e-18	1.56042e-18	1.56042e-18	1.56042e-18	1.56042e-18	1.56042e-18
22.47	6.13218e-24	2.05306e-23	4.25682e-23	7.63012e-23	1.27941e-22	2.07001e-22	3.28059e-22	5.13451e-22	7.97413e-22	1.23244e-21	1.89904e-21	2.92077e-21	4.48727e-21	6.88985e-21	1.05762e-20	1.62350e-20	2.49261e-20	3.82829e-20	5.88247e-20	9.04428e-20	1.39156e-19	2.14293e-19	3.30336e-19	5.09827e-19	7.87946e-19	1.21977e-18	1.68475e-18	1.70066e-18	1.70069e-18	1.70069e-18	1.70069e-18	1.70069e-18	1.70069e-18	1.70069e-18	1.70069e-18	1.70069e-18	1.70069e-18	1.70069e-18	1.70069e-18	1.70069e-18	1.70069e-18	1.70069e-18	1.70069e-18	1.70069e-18	1.70069e-18	1.70069e-18	1.70069e-18	1.70069e-18	1.70069e-18	1.70069e-18	1.70069e-18	1.70069e-18	1.70069e-18	1.70069e-18	1.70069e-18	1.70069e-18	1.70069e-18	1.70069e-18	1.70069e-18	1.70069e-18	1.70069e-18	1.70069e-18	1.70069e-18	1.70069e-18	1.70069e-18	1.70069e-18	1.70069e-18	1.70069e-18	1.70069e-18	1.70069e-18	1.70069e-18	1.70069e-18	1.70069e-18	1.70069e-18	1.70069e-18	1.70069e-18	1.70069e-18	1.70069e-18	1.70069e-18	1.70069e-18	1.70069e-18	1.70069e-18	1.70069e-18	1.70069e-18	1.70069e-18	1.70069e-18	1.70069e-18	1.70069e-18	1.70069e-18	1.70069e-18	1.70069e-18	1.70069e-18	1.70069e-18	1.70069e-18	1.70069e-18	1.70069e-18	1.70069e-18	1.70069e-18	1.70069e-18	1.70069e-18	1.70069e-18	1.70069e-18	1.70069e-18	1.70069e-18	1.70069e-18	1.70069e-18	1.70069e-18	1.70069e-18	1.70069e-18	1.70069e-18	1.70069e-18	1.70069e-18	1.70069e-18	1.70069e-18	1.70069e-18	1.70069e-18	1.70069e-18	1.70069e-18	1.70069e-18	1.70069e-18	1.70069e-18	1.70069e-18	1.70069e-18	1.70069e-18	1.70069e-18	1.70069e-18	1.70069e-18	1.70069e-18	1.70069e-18	1.70069e-18	1.70069e-18	1.70069e-18	1.70069e-18	1.70069e-18	1.70069e-18	1.70069e-18	1.70069e-18	1.70069e-18	1.70069e-18	1.70069e-18	1.70069e-18	1.70069e-18	1.70069e-18	1.70069e-18	1.70069e-18
22.50	5.24177e-24	1.75495e-23	3.63873e-23	6.52221e-23	1.09364e-22	1.76945e-22	2.80425e-22	4.38897e-22	6.81627e-22	1.05349e-21	1.62330e-21	2.49667e-21	3.83571e-21	5.88943e-21	9.04054e-21	1.38776e-20	2.13068e-20	3.27242e-20	5.02833e-20	7.73103e-20	1.18951e-19	1.83178e-19	2.82371e-19	4.35800e-19	6.73535e-19	1.04266e-18	1.61718e-18	1.85356e-18	1.85479e-18	1.85480e-18	1.85480e-18	1.85480e-18	1.85480e-18	1.85480e-18	1.85480e-18	1.85480e-18	1.85480e-18	1.85480e-18	1.85480e-18	1.85480e-18	1.85480e-18	1.85480e-18	1.85480e-18	1.85480e-18	1.85480e-18	1.85480e-18	1.85480e-18	1.85480e-18	1.85480e-18	1.85480e-18	1.85480e-18	1.85480e-18	1.85480e-18	1.85480e-18	1.85480e-18	1.85480e-18	1.85480e-18	1.85480e-18	1.85480e-18	1.85480e-18	1.85480e-18	1.85480e-18	1.85480e-18	1.85480e-18	1.85480e-18	1.85480e-18	1.85480e-18	1.85480e-18	1.85480e-18	1.85480e-18	1.85480e-18	1.85480e-18	1.85480e-18	1.85480e-18	1.85480e-18	1.85480e-18	1.85480e-18	1.85480e-18	1.85480e-18	1.85480e-18	1.85480e-18	1.85480e-18	1.85480e-18	1.85480e-18	1.85480e-18	1.85480e-18	1.85480e-18	1.85480e-18	1.85480e-18	1.85480e-18	1.85480e-18	1.85480e-18	1.85480e-18	1.85480e-18	1.85480e-18	1.85480e-18	1.85480e-18	1.85480e-18	1.85480e-18	1.85480e-18	1.85480e-18	1.85480e-18	1.85480e-18	1.85480e-18	1.85480e-18	1.85480e-18	1.85480e-18	1.85480e-18	1.85480e-18	1.85480e-18	1.85480e-18	1.85480e-18	1.85480e-18	1.85480e-18	1.85480e-18	1.85480e-18	1.85480e-18	1.85480e-18	1.85480e-18	1.85480e-18	1.85480e-18	1.85480e-18	1.85480e-18	1.85480e-18	1.85480e-18	1.85480e-18	1.85480e-18	1.85480e-18	1.85480e-18	1.85480e-18	1.85480e-18	1.85480e-18	1.85480e-18	1.85480e-18	1.85480e-18	1.85480e-18	1.85480e-18	1.85480e-18	1.85480e-18	1.85480e-18	1.85480e-18	1.85480e-18	1.85480e-18	1.85480e-18	1.85480e-18
22.54	4.48066e-24	1.50013e-23	3.11038e-23	5.57518e-23	9.34838e-23	1.51252e-22	2.39707e-22	3.75169e-22	5.82654e-22	9.00519e-22	1.38759e-21	2.13415e-21	3.27876e-21	5.03428e-21	7.72784e-21	1.18626e-20	1.82130e-20	2.79726e-20	4.29820e-20	6.60848e-20	1.01679e-19	1.56580e-19	2.41370e-19	3.72521e-19	5.75737e-19	8.91266e-19	1.38236e-18	1.98967e-18	2.02425e-18	2.02433e-18	2.02433e-18	2.02433e-18	2.02433e-18	2.02433e-18	2.02433e-18	2.02433e-18	2.02433e-18	2.02433e-18	2.02433e-18	2.02433e-18	2.02433e-18	2.02433e-18	2.02433e-18	2.02433e-18	2.02433e-18	2.02433e-18	2.02433e-18	2.02433e-18	2.02433e-18	2.02433e-18	2.02433e-18	2.02433e-18	2.02433e-18	2.02433e-18	2.02433e-18	2.02433e-18	2.02433e-18	2.02433e-18	2.02433e-18	2.02433e-18	2.02433e-18	2.02433e-18	2.02433e-18	2.02433e-18	2.02433e-18	2.02433e-18	2.02433e-18	2.02433e-18	2.02433e-18	2.02433e-18	2.02433e-18	2.02433e-18	2.02433e-18	2.02433e-18	2.02433e-18	2.02433e-18	2.02433e-18	2.02433e-18	2.02433e-18	2.02433e-18	2.02433e-18	2.02433e-18	2.02433e-18	2.02433e-18	2.02433e-18	2.02433e-18	2.02433e-18	2.02433e-18	2.02433e-18	2.02433e-18	2.02433e-18	2.02433e-18	2.02433e-18	2.02433e-18	2.02433e-18	2.02433e-18	2.02433e-18	2.02433e-18	2.02433e-18	2.02433e-18	2.02433e-18	2.02433e-18	2.02433e-18	2.02433e-18	2.02433e-18	2.02433e-18	2.02433e-18	2.02433e-18	2.02433e-18	2.02433e-18	2.02433e-18	2.02433e-18	2.02433e-18	2.02433e-18	2.02433e-18	2.02433e-18	2.02433e-18	2.02433e-18	2.02433e-18	2.02433e-18	2.02433e-18	2.02433e-18	2.02433e-18	2.02433e-18	2.02433e-18	2.02433e-18	2.02433e-18	2.02433e-18	2.02433e-18	2.02433e-18	2.02433e-18	2.02433e-18	2.02433e-18	2.02433e-18	2.02433e-18	2.02433e-18	2.02433e-18	2.02433e-18	2.02433e-18	2.02433e-18	2.02433e-18	2.02433e-18	2.02433e-18	2.02433e-18	2.02433e-18
22.57	3.83006e-24	1.28231e-23	2.65875e-23	4.76565e-23	7.99098e-23	1.29290e-22	2.04901e-22	3.20694e-22	4.98052e-22	7.69762e-22	1.18611e-21	1.82427e-21	2.80268e-21	4.30329e-21	6.60574e-21	1.01401e-20	1.55685e-20	2.39109e-20	3.67410e-20	5.64891e-20	8.69150e-20	1.33844e-19	2.06323e-19	3.18430e-19	4.92139e-19	7.61852e-19	1.18164e-18	1.83685e-18	2.20825e-18	2.21110e-18	2.21111e-18	2.21111e-18	2.21111e-18	2.21111e-18	2.21111e-18	2.21111e-18	2.21111e-18	2.21111e-18	2.21111e-18	2.21111e-18	2.21111e-18	2.21111e-18	2.21111e-18	2.21111e-18	2.21111e-18	2.21111e-18	2.21111e-18	2.21111e-18	2.21111e-18	2.21111e-18	2.21111e-18	2.21111e-18	2.21111e-18	2.21111e-18	2.21111e-18	2.21111e-18	2.21111e-18	2.21111e-18	2.21111e-18	2.21111e-18	2.21111e-18	2.21111e-18	2.21111e-18	2.21111e-18	2.21111e-18	2.21111e-18	2.21111e-18	2.21111e-18	2.21111e-18	2.21111e-18	2.21111e-18	2.21111e-18	2.21111e-18	2.21111e-18	2.21111e-18	2.21111e-18	2.21111e-18	2.21111e-18	2.21111e-18	2.21111e-18	2.21111e-18	2.21111e-18	2.21111e-18	2.21111e-18	2.21111e-18	2.21111e-18	2.21111e-18	2.21111e-18	2.21111e-18	2.21111e-18	2.21111e-18	2.21111e-18	2.21111e-18	2.21111e-18	2.21111e-18	2.21111e-18	2.21111e-18	2.21111e-18	2.21111e-18	2.21111e-18	2.21111e-18	2.21111e-18	2.21111e-18	2.21111e-18	2.21111e-18	2.21111e-18	2.21111e-18	2.21111e-18	2.21111e-18	2.21111e-18	2.21111e-18	2.21111e-18	2.21111e-18	2.21111e-18	2.21111e-18	2.21111e-18	2.21111e-18	2.21111e-18	2.21111e-18	2.21111e-18	2.21111e-18	2.21111e-18	2.21111e-18	2.21111e-18	2.21111e-18	2.21111e-18	2.21111e-18	2.21111e-18	2.21111e-18	2.21111e-18	2.21111e-18	2.21111e-18	2.21111e-18	2.21111e-18	2.21111e-18	2.21111e-18	2.21111e-18	2.21111e-18	2.21111e-18	2.21111e-18	2.21111e-18	2.21111e-18	2.21111e-18	2.21111e-18	2.21111e-18
22.61	3.27393e-24	1.09611e-23	2.27269e-23	4.07367e-23	6.83068e-23	1.10517e-22	1.75149e-22	2.74128e-22	4.25734e-22	6.57991e-22	1.01389e-21	1.55938e-21	2.39572e-21	3.67845e-21	5.64658e-21	8.66776e-21	1.33079e-20	2.04390e-20	3.14061e-20	4.82868e-20	7.42948e-20	1.14410e-19	1.76365e-19	2.72194e-19	4.20680e-19	6.51230e-19	1.01006e-18	1.57014e-18	2.34362e-18	2.41702e-18	2.41721e-18	2.41721e-18	2.41721e-18	2.41721e-18	2.41721e-18	2.41721e-18	2.41721e-18	2.41721e-18	2.41721e-18	2.41721e-18	2.41721e-18	2.41721e-18	2.41721e-18	2.41721e-18	2.41721e-18	2.41721e-18	2.41721e-18	2.41721e-18	2.41721e-18	2.41721e-18	2.41721e-18	2.41721e-18	2.41721e-18	2.41721e-18	2.41721e-18	2.41721e-18	2.41721e-18	2.41721e-18	2.41721e-18	2.41721e-18	2.41721e-18	2.41721e-18	2.41721e-18	2.41721e-18	2.41721e-18	2.41721e-18	2.41721e-18	2.41721e-18	2.41721e-18	2.41721e-18	2.41721e-18	2.41721e-18	2.41721e-18	2.41721e-18	2.41721e-18	2.41721e-18	2.41721e-18	2.41721e-18	2.41721e-18	2.41721e-18	2.41721e-18	2.41721e-18	2.41721e-18	2.41721e-18	2.41721e-18	2.41721e-18	2.41721e-18	2.41721e-18	2.41721e-18	2.41721e-18	2.41721e-18	2.41721e-18	2.41721e-18	2.41721e-18	2.41721e-18	2.41721e-18	2.41721e-18	2.41721e-18	2.41721e-18	2.41721e-18	2.41721e-18	2.41721e-18	2.41721e-18	2.41721e-18	2.41721e-18	2.41721e-18	2.41721e-18	2.41721e-18	2.41721e-18	2.41721e-18	2.41721e-18	2.41721e-18	2.41721e-18	2.41721e-18	2.41721e-18	2.41721e-18	2.41721e-18	2.41721e-18	2.41721e-18	2.41721e-18	2.41721e-18	2.41721e-18	2.41721e-18	2.41721e-18	2.41721e-18	2.41721e-18	2.41721e-18	2.41721e-18	2.41721e-18	2.41721e-18	2.41721e-18	2.41721e-18	2.41721e-18	2.41721e-18	2.41721e-18	2.41721e-18	2.41721e-18	2.41721e-18	2.41721e-18	2.41721e-18	2.41721e-18	2.41721e-18	2.41721e-18	2.41721e-18	2.41721e-18
22.64	2.79855e-24	9.36957e-24	1.94269e-23	3.48217e-23	5.83885e-23	9.44696e-23	1.49717e-22	2.34324e-22	3.63917e-22	5.62450e-22	8.66669e-22	1.33296e-21	2.04786e-21	3.14433e-21	4.82669e-21	7.40919e-21	1.13756e-20	1.74712e-20	2.68459e-20	4.12755e-20	6.35071e-20	9.77974e-20	1.50756e-19	2.32671e-19	3.59596e-19	5.56671e-19	8.63401e-19	1.34215e-18	2.09187e-18	2.63846e-18	2.64503e-18	2.64504e-18	2.64504e-18	2.64504e-18	2.64504e-18	2.64504e-18	2.64504e-18	2.64504e-18	2.64504e-18	2.64504e-18	2.64504e-18	2.64504e-18	2.64504e-18	2.64504e-18	2.64504e-18	2.64504e-18	2.64504e-18	2.64504e-18	2.64504e-18	2.64504e-18	2.64504e-18	2.64504e-18	2.64504e-18	2.64504e-18	2.64504e-18	2.64504e-18	2.64504e-18	2.64504e-18	2.64504e-18	2.64504e-18	2.64504e-18	2.64504e-18	2.64504e-18	2.64504e-18	2.64504e-18	2.64504e-18	2.64504e-18	2.64504e-18	2.64504e-18	2.64504e-18	2.64504e-18	2.64504e-18	2.64504e-18	2.64504e-18	2.64504e-18	2.64504e-18	2.64504e-18	2.64504e-18	2.64504e-18	2.64504e-18	2.64504e-18	2.64504e-18	2.64504e-18	2.64504e-18	2.64504e-18	2.64504e-18	2.64504e-18	2.64504e-18	2.64504e-18	2.64504e-18	2.64504e-18	2.64504e-18	2.64504e-18	2.64504e-18	2.64504e-18	2.64504e-18	2.64504e-18	2.64504e-18	2.64504e-18	2.64504e-18	2.64504e-18	2.64504e-18	2.64504e-18	2.64504e-18	2.64504e-18	2.64504e-18	2.64504e-18	2.64504e-18	2.64504e-18	2.64504e-18	2.64504e-18	2.64504e-18	2.64504e-18	2.64504e-18	2.64504e-18	2.64504e-18	2.64504e-18	2.64504e-18	2.64504e-18	2.64504e-18	2.64504e-18	2.64504e-18	2.64504e-18	2.64504e-18	2.64504e-18	2.64504e-18	2.64504e-18	2.64504e-18	2.64504e-18	2.64504e-18	2.64504e-18	2.64504e-18	2.64504e-18	2.64504e-18	2.64504e-18	2.64504e-18	2.64504e-18	2.64504e-18	2.64504e-18	2.64504e-18	2.64504e-18	2.64504e-18	2.64504e-18	2.64504e-18	2.64504e-18
22.67	2.39220e-24	8.00909e-24	1.66061e-23	2.97655e-23	4.99104e-23	8.07525e-23	1.27978e-22	2.00300e-22	3.11075e-22	4.80781e-22	7.40828e-22	1.13941e-21	1.75051e-21	2.68777e-21	4.12584e-21	6.33336e-21	9.72383e-21	1.49344e-20	2.29479e-20	3.52822e-20	5.42857e-20	8.35971e-20	1.28866e-19	1.98887e-19	3.07382e-19	4.75841e-19	7.38034e-19	1.14727e-18	1.78813e-18	2.74629e-18	2.89689e-18	2.89735e-18	2.89736e-18	2.89736e-18	2.89736e-18	2.89736e-18	2.89736e-18	2.89736e-18	2.89736e-18	2.89736e-18	2.89736e-18	2.89736e-18	2.89736e-18	2.89736e-18	2.89736e-18	2.89736e-18	2.89736e-18	2.89736e-18	2.89736e-18	2.89736e-18	2.89736e-18	2.89736e-18	2.89736e-18	2.89736e-18	2.89736e-18	2.89736e-18	2.89736e-18	2.89736e-18	2.89736e-18	2.89736e-18	2.89736e-18	2.89736e-18	2.89736e-18	2.89736e-18	2.89736e-18	2.89736e-18	2.89736e-18	2.89736e-18	2.89736e-18	2.89736e-18	2.89736e-18	2.89736e-18	2.89736e-18	2.89736e-18	2.89736e-18	2.89736e-18	2.89736e-18	2.89736e-18	2.89736e-18	2.89736e-18	2.89736e-18	2.89736e-18	2.89736e-18	2.89736e-18	2.89736e-18	2.89736e-18	2.89736e-18	2.89736e-18	2.89736e-18	2.89736e-18	2.89736e-18	2.89736e-18	2.89736e-18	2.89736e-18	2.89736e-18	2.89736e-18	2.89736e-18	2.89736e-18	2.89736e-18	2.89736e-18	2.89736e-18	2.89736e-18	2.89736e-18	2.89736e-18	2.89736e-18	2.89736e-18	2.89736e-18	2.89736e-18	2.89736e-18	2.89736e-18	2.89736e-18	2.89736e-18	2.89736e-18	2.89736e-18	2.89736e-18	2.89736e-18	2.89736e-18	2.89736e-18	2.89736e-18	2.89736e-18	2.89736e-18	2.89736e-18	2.89736e-18	2.89736e-18	2.89736e-18	2.89736e-18	2.89736e-18	2.89736e-18	2.89736e-18	2.89736e-18	2.89736e-18	2.89736e-18	2.89736e-18	2.89736e-18	2.89736e-18	2.89736e-18	2.89736e-18	2.89736e-18	2.89736e-18	2.89736e-18	2.89736e-18	2.89736e-18	2.89736e-18	2.89736e-18	2.89736e-18
22.71	2.04485e-24	6.84616e-24	1.41949e-23	2.54435e-23	4.26634e-23	6.90271e-23	1.09395e-22	1.71216e-22	2.65907e-22	4.10971e-22	6.33258e-22	9.73964e-22	1.49633e-21	2.29750e-21	3.52677e-21	5.41375e-21	8.31191e-21	1.27659e-20	1.96158e-20	3.01592e-20	4.64034e-20	7.14586e-20	1.10155e-19	1.70008e-19	2.62750e-19	4.06748e-19	6.30870e-19	9.80682e-19	1.52849e-18	2.38972e-18	3.16232e-18	3.17734e-18	3.17737e-18	3.17737e-18	3.17737e-18	3.17737e-18	3.17737e-18	3.17737e-18	3.17737e-18	3.17737e-18	3.17737e-18	3.17737e-18	3.17737e-18	3.17737e-18	3.17737e-18	3.17737e-18	3.17737e-18	3.17737e-18	3.17737e-18	3.17737e-18	3.17737e-18	3.17737e-18	3.17737e-18	3.17737e-18	3.17737e-18	3.17737e-18	3.17737e-18	3.17737e-18	3.17737e-18	3.17737e-18	3.17737e-18	3.17737e-18	3.17737e-18	3.17737e-18	3.17737e-18	3.17737e-18	3.17737e-18	3.17737e-18	3.17737e-18	3.17737e-18	3.17737e-18	3.17737e-18	3.17737e-18	3.17737e-18	3.17737e-18	3.17737e-18	3.17737e-18	3.17737e-18	3.17737e-18	3.17737e-18	3.17737e-18	3.17737e-18	3.17737e-18	3.17737e-18	3.17737e-18	3.17737e-18	3.17737e-18	3.17737e-18	3.17737e-18	3.17737e-18	3.17737e-18	3.17737e-18	3.17737e-18	3.17737e-18	3.17737e-18	3.17737e-18	3.17737e-18	3.17737e-18	3.17737e-18	3.17737e-18	3.17737e-18	3.17737e-18	3.17737e-18	3.17737e-18	3.17737e-18	3.17737e-18	3.17737e-18	3.17737e-18	3.17737e-18	3.17737e-18	3.17737e-18	3.17737e-18	3.17737e-18	3.17737e-18	3.17737e-18	3.17737e-18	3.17737e-18	3.17737e-18	3.17737e-18	3.17737e-18	3.17737e-18	3.17737e-18	3.17737e-18	3.17737e-18	3.17737e-18	3.17737e-18	3.17737e-18	3.17737e-18	3.17737e-18	3.17737e-18	3.17737e-18	3.17737e-18	3.17737e-18	3.17737e-18	3.17737e-18	3.17737e-18	3.17737e-18	3.17737e-18	3.17737e-18	3.17737e-18	3.17737e-18	3.17737e-18	3.17737e-18	3.17737e-18	3.17737e-18
22.74	1.74793e-24	5.85209e-24	1.21338e-23	2.17491e-23	3.64686e-23	5.90043e-23	9.35109e-23	1.46355e-22	2.27297e-22	3.51298e-22	5.41308e-22	8.32543e-22	1.27906e-21	1.96390e-21	3.01467e-21	4.62766e-21	7.10501e-21	1.09123e-20	1.67675e-20	2.57800e-20	3.96655e-20	6.10827e-20	9.41600e-20	1.45322e-19	2.24598e-19	3.47688e-19	5.39267e-19	8.38286e-19	1.30655e-18	2.04272e-18	3.19418e-18	3.48772e-18	3.48884e-18	3.48884e-18	3.48884e-18	3.48884e-18	3.48884e-18	3.48884e-18	3.48884e-18	3.48884e-18	3.48884e-18	3.48884e-18	3.48884e-18	3.48884e-18	3.48884e-18	3.48884e-18	3.48884e-18	3.48884e-18	3.48884e-18	3.48884e-18	3.48884e-18	3.48884e-18	3.48884e-18	3.48884e-18	3.48884e-18	3.48884e-18	3.48884e-18	3.48884e-18	3.48884e-18	3.48884e-18	3.48884e-18	3.48884e-18	3.48884e-18	3.48884e-18	3.48884e-18	3.48884e-18	3.48884e-18	3.48884e-18	3.48884e-18	3.48884e-18	3.48884e-18	3.48884e-18	3.48884e-18	3.48884e-18	3.48884e-18	3.48884e-18	3.48884e-18	3.48884e-18	3.48884e-18	3.48884e-18	3.48884e-18	3.48884e-18	3.48884e-18	3.48884e-18	3.48884e-18	3.48884e-18	3.48884e-18	3.48884e-18	3.48884e-18	3.48884e-18	3.48884e-18	3.48884e-18	3.48884e-18	3.48884e-18	3.48884e-18	3.48884e-18	3.48884e-18	3.48884e-18	3.48884e-18	3.48884e-18	3.48884e-18	3.48884e-18	3.48884e-18	3.48884e-18	3.48884e-18	3.48884e-18	3.48884e-18	3.48884e-18	3.48884e-18	3.48884e-18	3.48884e-18	3.48884e-18	3.48884e-18	3.48884e-18	3.48884e-18	3.48884e-18	3.48884e-18	3.48884e-18	3.48884e-18	3.48884e-18	3.48884e-18	3.48884e-18	3.48884e-18	3.48884e-18	3.48884e-18	3.48884e-18	3.48884e-18	3.48884e-18	3.48884e-18	3.48884e-18	3.48884e-18	3.48884e-18	3.48884e-18	3.48884e-18	3.48884e-18	3.48884e-18	3.48884e-18	3.48884e-18	3.48884e-18	3.48884e-18	3.48884e-18	3.48884e-18	3.48884e-18	3.48884e-18	3.48884e-18
22.78	1.49413e-24	5.00236e-24	1.03719e-23	1.85911e-23	3.11733e-23	5.04367e-23	7.99330e-23	1.25104e-22	1.94293e-22	3.00289e-22	4.62709e-22	7.11657e-22	1.09334e-21	1.67874e-21	2.57694e-21	3.95572e-21	6.07335e-21	9.32779e-21	1.43329e-20	2.20367e-20	3.39060e-20	5.22134e-20	8.04878e-20	1.24221e-19	1.91986e-19	2.97203e-19	4.60964e-19	7.16565e-19	1.11684e-18	1.74612e-18	2.74003e-18	3.80202e-18	3.83608e-18	3.83615e-18	3.83615e-18	3.83615e-18	3.83615e-18	3.83615e-18	3.83615e-18	3.83615e-18	3.83615e-18	3.83615e-18	3.83615e-18	3.83615e-18	3.83615e-18	3.83615e-18	3.83615e-18	3.83615e-18	3.83615e-18	3.83615e-18	3.83615e-18	3.83615e-18	3.83615e-18	3.83615e-18	3.83615e-18	3.83615e-18	3.83615e-18	3.83615e-18	3.83615e-18	3.83615e-18	3.83615e-18	3.83615e-18	3.83615e-18	3.83615e-18	3.83615e-18	3.83615e-18	3.83615e-18	3.83615e-18	3.83615e-18	3.83615e-18	3.83615e-18	3.83615e-18	3.83615e-18	3.83615e-18	3.83615e-18	3.83615e-18	3.83615e-18	3.83615e-18	3.83615e-18	3.83615e-18	3.83615e-18	3.83615e-18	3.83615e-18	3.83615e-18	3.83615e-18	3.83615e-18	3.83615e-18	3.83615e-18	3.83615e-18	3.83615e-18	3.83615e-18	3.83615e-18	3.83615e-18	3.83615e-18	3.83615e-18	3.83615e-18	3.83615e-18	3.83615e-18	3.83615e-18	3.83615e-18	3.83615e-18	3.83615e-18	3.83615e-18	3.83615e-18	3.83615e-18	3.83615e-18	3.83615e-18	3.83615e-18	3.83615e-18	3.83615e-18	3.83615e-18	3.83615e-18	3.83615e-18	3.83615e-18	3.83615e-18	3.83615e-18	3.83615e-18	3.83615e-18	3.83615e-18	3.83615e-18	3.83615e-18	3.83615e-18	3.83615e-18	3.83615e-18	3.83615e-18	3.83615e-18	3.83615e-18	3.83615e-18	3.83615e-18	3.83615e-18	3.83615e-18	3.83615e-18	3.83615e-18	3.83615e-18	3.83615e-18	3.83615e-18	3.83615e-18	3.83615e-18	3.83615e-18	3.83615e-18	3.83615e-18	3.83615e-18	3.83615e-18	3.83615e-18	3.83615e-18
22.81	1.27718e-24	4.27601e-24	8.86590e-24	1.58916e-23	2.66469e-23	4.31132e-23	6.83266e-23	1.06939e-22	1.66081e-22	2.56686e-22	3.95523e-22	6.08323e-22	9.34586e-22	1.43498e-21	2.20276e-21	3.38134e-21	5.19149e-21	7.97338e-21	1.22517e-20	1.88370e-20	2.89828e-20	4.46320e-20	6.88008e-20	1.06184e-19	1.64110e-19	2.54049e-19	3.94032e-19	6.12519e-19	9.54670e-19	1.49258e-18	2.34218e-18	3.69146e-18	4.22182e-18	4.22450e-18	4.22450e-18	4.22450e-18	4.22450e-18	4.22450e-18	4.22450e-18	4.22450e-18	4.22450e-18	4.22450e-18	4.22450e-18	4.22450e-18	4.22450e-18	4.22450e-18	4.22450e-18	4.22450e-18	4.22450e-18	4.22450e-18	4.22450e-18	4.22450e-18	4.22450e-18	4.22450e-18	4.22450e-18	4.22450e-18	4.22450e-18	4.22450e-18	4.22450e-18	4.22450e-18	4.22450e-18	4.22450e-18	4.22450e-18	4.22450e-18	4.22450e-18	4.22450e-18	4.22450e-18	4.22450e-18	4.22450e-18	4.22450e-18	4.22450e-18	4.22450e-18	4.22450e-18	4.22450e-18	4.22450e-18	4.22450e-18	4.22450e-18	4.22450e-18	4.22450e-18	4.22450e-18	4.22450e-18	4.22450e-18	4.22450e-18	4.22450e-18	4.22450e-18	4.22450e-18	4.22450e-18	4.22450e-18	4.22450e-18	4.22450e-18	4.22450e-18	4.22450e-18	4.22450e-18	4.22450e-18	4.22450e-18	4.22450e-18	4.22450e-18	4.22450e-18	4.22450e-18	4.22450e-18	4.22450e-18	4.22450e-18	4.22450e-18	4.22450e-18	4.22450e-18	4.22450e-18	4.22450e-18	4.22450e-18	4.22450e-18	4.22450e-18	4.22450e-18	4.22450e-18	4.22450e-18	4.22450e-18	4.22450e-18	4.22450e-18	4.22450e-18	4.22450e-18	4.22450e-18	4.22450e-18	4.22450e-18	4.22450e-18	4.22450e-18	4.22450e-18	4.22450e-18	4.22450e-18	4.22450e-18	4.22450e-18	4.22450e-18	4.22450e-18	4.22450e-18	4.22450e-18	4.22450e-18	4.22450e-18	4.22450e-18	4.22450e-18	4.22450e-18	4.22450e-18	4.22450e-18	4.22450e-18	4.22450e-18	4.22450e-18	4.22450e-18	4.22450e-18	4.22450e-18
22.84	1.09173e-24	3.65512e-24	7.57856e-24	1.35841e-23	2.27777e-23	3.68531e-23	5.84055e-23	9.14113e-23	1.41966e-22	2.19415e-22	3.38093e-22	5.19994e-22	7.98883e-22	1.22662e-21	1.88292e-21	2.89037e-21	4.43768e-21	6.81563e-21	1.04727e-20	1.61018e-20	2.47745e-20	3.81513e-20	5.88109e-20	9.07662e-20	1.40281e-19	2.17160e-19	3.36818e-19	5.23580e-19	8.16050e-19	1.27585e-18	2.00209e-18	3.15548e-18	4.58356e-18	4.65987e-18	4.66005e-18	4.66005e-18	4.66005e-18	4.66005e-18	4.66005e-18	4.66005e-18	4.66005e-18	4.66005e-18	4.66005e-18	4.66005e-18	4.66005e-18	4.66005e-18	4.66005e-18	4.66005e-18	4.66005e-18	4.66005e-18	4.66005e-18	4.66005e-18	4.66005e-18	4.66005e-18	4.66005e-18	4.66005e-18	4.66005e-18	4.66005e-18	4.66005e-18	4.66005e-18	4.66005e-18	4.66005e-18	4.66005e-18	4.66005e-18	4.66005e-18	4.66005e-18	4.66005e-18	4.66005e-18	4.66005e-18	4.66005e-18	4.66005e-18	4.66005e-18	4.66005e-18	4.66005e-18	4.66005e-18	4.66005e-18	4.66005e-18	4.66005e-18	4.66005e-18	4.66005e-18	4.66005e-18	4.66005e-18	4.66005e-18	4.66005e-18	4.66005e-18	4.66005e-18	4.66005e-18	4.66005e-18	4.66005e-18	4.66005e-18	4.66005e-18	4.66005e-18	4.66005e-18	4.66005e-18	4.66005e-18	4.66005e-18	4.66005e-18	4.66005e-18	4.66005e-18	4.66005e-18	4.66005e-18	4.66005e-18	4.66005e-18	4.66005e-18	4.66005e-18	4.66005e-18	4.66005e-18	4.66005e-18	4.66005e-18	4.66005e-18	4.66005e-18	4.66005e-18	4.66005e-18	4.66005e-18	4.66005e-18	4.66005e-18	4.66005e-18	4.66005e-18	4.66005e-18	4.66005e-18	4.66005e-18	4.66005e-18	4.66005e-18	4.66005e-18	4.66005e-18	4.66005e-18	4.66005e-18	4.66005e-18	4.66005e-18	4.66005e-18	4.66005e-18	4.66005e-18	4.66005e-18	4.66005e-18	4.66005e-18	4.66005e-18	4.66005e-18	4.66005e-18	4.66005e-18	4.66005e-18	4.66005e-18	4.66005e-18	4.66005e-18	4.66005e-18	4.66005e-18
22.88	9.33210e-25	3.12439e-24	6.47814e-24	1.16117e-23	1.94704e-23	3.15020e-23	4.99249e-23	7.81383e-23	1.21352e-22	1.87556e-22	2.89001e-22	4.44490e-22	6.82884e-22	1.04851e-21	1.60952e-21	2.47068e-21	3.79332e-21	5.82599e-21	8.95209e-21	1.37638e-20	2.11772e-20	3.26117e-20	5.02714e-20	7.75868e-20	1.19912e-19	1.85628e-19	2.87911e-19	4.47556e-19	6.97559e-19	1.09060e-18	1.71138e-18	2.69730e-18	4.27350e-18	5.14371e-18	5.15014e-18	5.15015e-18	5.15015e-18	5.15015e-18	5.15015e-18	5.15015e-18	5.15015e-18	5.15015e-18	5.15015e-18	5.15015e-18	5.15015e-18	5.15015e-18	5.15015e-18	5.15015e-18	5.15015e-18	5.15015e-18	5.15015e-18	5.15015e-18	5.15015e-18	5.15015e-18	5.15015e-18	5.15015e-18	5.15015e-18	5.15015e-18	5.15015e-18	5.15015e-18	5.15015e-18	5.15015e-18	5.15015e-18	5.15015e-18	5.15015e-18	5.15015e-18	5.15015e-18	5.15015e-18	5.15015e-18	5.15015e-18	5.15015e-18	5.15015e-18	5.15015e-18	5.15015e-18	5.15015e-18	5.15015e-18	5.15015e-18	5.15015e-18	5.15015e-18	5.15015e-18	5.15015e-18	5.15015e-18	5.15015e-18	5.15015e-18	5.15015e-18	5.15015e-18	5.15015e-18	5.15015e-18	5.15015e-18	5.15015e-18	5.15015e-18	5.15015e-18	5.15015e-18	5.15015e-18	5.15015e-18	5.15015e-18	5.15015e-18	5.15015e-18	5.15015e-18	5.15015e-18	5.15015e-18	5.15015e-18	5.15015e-18	5.15015e-18	5.15015e-18	5.15015e-18	5.15015e-18	5.15015e-18	5.15015e-18	5.15015e-18	5.15015e-18	5.15015e-18	5.15015e-18	5.15015e-18	5.15015e-18	5.15015e-18	5.15015e-18	5.15015e-18	5.15015e-18	5.15015e-18	5.15015e-18	5.15015e-18	5.15015e-18	5.15015e-18	5.15015e-18	5.15015e-18	5.15015e-18	5.15015e-18	5.15015e-18	5.15015e-18	5.15015e-18	5.15015e-18	5.15015e-18	5.15015e-18	5.15015e-18	5.15015e-18	5.15015e-18	5.15015e-18	5.15015e-18	5.15015e-18	5.15015e-18	5.15015e-18	5.15015e-18	5.15015e-18	5.15015e-18
22.91	7.97706e-25	2.67073e-24	5.53751e-24	9.92566e-24	1.66432e-23	2.69279e-23	4.26757e-23	6.67925e-23	1.03732e-22	1.60322e-22	2.47038e-22	3.79949e-22	5.83728e-22	8.96268e-22	1.37581e-21	2.11193e-21	3.24253e-21	4.98005e-21	7.65223e-21	1.17653e-20	1.81022e-20	2.78764e-20	4.29719e-20	6.63211e-20	1.02500e-19	1.58675e-19	2.46106e-19	3.82570e-19	5.96272e-19	9.32242e-19	1.46289e-18	2.30565e-18	3.65298e-18	5.53503e-18	5.70321e-18	5.70366e-18	5.70366e-18	5.70366e-18	5.70366e-18	5.70366e-18	5.70366e-18	5.70366e-18	5.70366e-18	5.70366e-18	5.70366e-18	5.70366e-18	5.70366e-18	5.70366e-18	5.70366e-18	5.70366e-18	5.70366e-18	5.70366e-18	5.70366e-18	5.70366e-18	5.70366e-18	5.70366e-18	5.70366e-18	5.70366e-18	5.70366e-18	5.70366e-18	5.70366e-18	5.70366e-18	5.70366e-18	5.70366e-18	5.70366e-18	5.70366e-18	5.70366e-18	5.70366e-18	5.70366e-18	5.70366e-18	5.70366e-18	5.70366e-18	5.70366e-18	5.70366e-18	5.70366e-18	5.70366e-18	5.70366e-18	5.70366e-18	5.70366e-18	5.70366e-18	5.70366e-18	5.70366e-18	5.70366e-18	5.70366e-18	5.70366e-18	5.70366e-18	5.70366e-18	5.70366e-18	5.70366e-18	5.70366e-18	5.70366e-18	5.70366e-18	5.70366e-18	5.70366e-18	5.70366e-18	5.70366e-18	5.70366e-18	5.70366e-18	5.70366e-18	5.70366e-18	5.70366e-18	5.70366e-18	5.70366e-18	5.70366e-18	5.70366e-18	5.70366e-18	5.70366e-18	5.70366e-18	5.70366e-18	5.70366e-18	5.70366e-18	5.70366e-18	5.70366e-18	5.70366e-18	5.70366e-18	5.70366e-18	5.70366e-18	5.70366e-18	5.70366e-18	5.70366e-18	5.70366e-18	5.70366e-18	5.70366e-18	5.70366e-18	5.70366e-18	5.70366e-18	5.70366e-18	5.70366e-18	5.70366e-18	5.70366e-18	5.70366e-18	5.70366e-18	5.70366e-18	5.70366e-18	5.70366e-18	5.70366e-18	5.70366e-18	5.70366e-18	5.70366e-18	5.70366e-18	5.70366e-18	5.70366e-18	5.70366e-18	5.70366e-18	5.70366e-18
22.95	6.81878e-25	2.28293e-24	4.73345e-24	8.48444e-24	1.42266e-23	2.30179e-23	3.64792e-23	5.70941e-23	8.86697e-23	1.37043e-22	2.11167e-22	3.24780e-22	4.98970e-22	7.66129e-22	1.17604e-21	1.80528e-21	2.77171e-21	4.25694e-21	6.54112e-21	1.00569e-20	1.54738e-20	2.38287e-20	3.67323e-20	5.66911e-20	8.76171e-20	1.35635e-19	2.10371e-19	3.27020e-19	5.09692e-19	7.96879e-19	1.25047e-18	1.97087e-18	3.12256e-18	4.97849e-18	6.31589e-18	6.33130e-18	6.33133e-18	6.33133e-18	6.33133e-18	6.33133e-18	6.33133e-18	6.33133e-18	6.33133e-18	6.33133e-18	6.33133e-18	6.33133e-18	6.33133e-18	6.33133e-18	6.33133e-18	6.33133e-18	6.33133e-18	6.33133e-18	6.33133e-18	6.33133e-18	6.33133e-18	6.33133e-18	6.33133e-18	6.33133e-18	6.33133e-18	6.33133e-18	6.33133e-18	6.33133e-18	6.33133e-18	6.33133e-18	6.33133e-18	6.33133e-18	6.33133e-18	6.33133e-18	6.33133e-18	6.33133e-18	6.33133e-18	6.33133e-18	6.33133e-18	6.33133e-18	6.33133e-18	6.33133e-18	6.33133e-18	6.33133e-18	6.33133e-18	6.33133e-18	6.33133e-18	6.33133e-18	6.33133e-18	6.33133e-18	6.33133e-18	6.33133e-18	6.33133e-18	6.33133e-18	6.33133e-18	6.33133e-18	6.33133e-18	6.33133e-18	6.33133e-18	6.33133e-18	6.33133e-18	6.33133e-18	6.33133e-18	6.33133e-18	6.33133e-18	6.33133e-18	6.33133e-18	6.33133e-18	6.33133e-18	6.33133e-18	6.33133e-18	6.33133e-18	6.33133e-18	6.33133e-18	6.33133e-18	6.33133e-18	6.33133e-18	6.33133e-18	6.33133e-18	6.33133e-18	6.33133e-18	6.33133e-18	6.33133e-18	6.33133e-18	6.33133e-18	6.33133e-18	6.33133e-18	6.33133e-18	6.33133e-18	6.33133e-18	6.33133e-18	6.33133e-18	6.33133e-18	6.33133e-18	6.33133e-18	6.33133e-18	6.33133e-18	6.33133e-18	6.33133e-18	6.33133e-18	6.33133e-18	6.33133e-18	6.33133e-18	6.33133e-18	6.33133e-18	6.33133e-18	6.33133e-18	6.33133e-18	6.33133e-18	6.33133e-18	6.33133e-18
22.98	5.82868e-25	1.95145e-24	4.04615e-24	7.25249e-24	1.21609e-23	1.96757e-23	3.11823e-23	4.88039e-23	7.57948e-23	1.17144e-22	1.80506e-22	2.77621e-22	4.26519e-22	6.54886e-22	1.00528e-21	1.54315e-21	2.36925e-21	3.63882e-21	5.59134e-21	8.59666e-21	1.32269e-20	2.03688e-20	3.13988e-20	4.84595e-20	7.48949e-20	1.15941e-19	1.79825e-19	2.79536e-19	4.35684e-19	6.81171e-19	1.06890e-18	1.68469e-18	2.66916e-18	4.25561e-18	6.68373e-18	7.04518e-18	7.04632e-18	7.04632e-18	7.04632e-18	7.04632e-18	7.04632e-18	7.04632e-18	7.04632e-18	7.04632e-18	7.04632e-18	7.04632e-18	7.04632e-18	7.04632e-18	7.04632e-18	7.04632e-18	7.04632e-18	7.04632e-18	7.04632e-18	7.04632e-18	7.04632e-18	7.04632e-18	7.04632e-18	7.04632e-18	7.04632e-18	7.04632e-18	7.04632e-18	7.04632e-18	7.04632e-18	7.04632e-18	7.04632e-18	7.04632e-18	7.04632e-18	7.04632e-18	7.04632e-18	7.04632e-18	7.04632e-18	7.04632e-18	7.04632e-18	7.04632e-18	7.04632e-18	7.04632e-18	7.04632e-18	7.04632e-18	7.04632e-18	7.04632e-18	7.04632e-18	7.04632e-18	7.04632e-18	7.04632e-18	7.04632e-18	7.04632e-18	7.04632e-18	7.04632e-18	7.04632e-18	7.04632e-18	7.04632e-18	7.04632e-18	7.04632e-18	7.04632e-18	7.04632e-18	7.04632e-18	7.04632e-18	7.04632e-18	7.04632e-18	7.04632e-18	7.04632e-18	7.04632e-18	7.04632e-18	7.04632e-18	7.04632e-18	7.04632e-18	7.04632e-18	7.04632e-18	7.04632e-18	7.04632e-18	7.04632e-18	7.04632e-18	7.04632e-18	7.04632e-18	7.04632e-18	7.04632e-18	7.04632e-18	7.04632e-18	7.04632e-18	7.04632e-18	7.04632e-18	7.04632e-18	7.04632e-18	7.04632e-18	7.04632e-18	7.04632e-18	7.04632e-18	7.04632e-18	7.04632e-18	7.04632e-18	7.04632e-18	7.04632e-18	7.04632e-18	7.04632e-18	7.04632e-18	7.04632e-18	7.04632e-18	7.04632e-18	7.04632e-18	7.04632e-18	7.04632e-18	7.04632e-18	7.04632e-18	7.04632e-18	7.04632e-18
23.01	4.98235e-25	1.66809e-24	3.45864e-24	6.19942e-24	1.03951e-23	1.68187e-23	2.66546e-23	4.17175e-23	6.47892e-23	1.00135e-22	1.54296e-22	2.37310e-22	3.64587e-22	5.59795e-22	8.59310e-22	1.31908e-21	2.02523e-21	3.11046e-21	4.77947e-21	7.34841e-21	1.13064e-20	1.74112e-20	2.68396e-20	4.14231e-20	6.40201e-20	9.91059e-20	1.53714e-19	2.38947e-19	3.72422e-19	5.82264e-19	9.13697e-19	1.44007e-18	2.28160e-18	3.63769e-18	5.84422e-18	7.82774e-18	7.86478e-18	7.86485e-18	7.86485e-18	7.86485e-18	7.86485e-18	7.86485e-18	7.86485e-18	7.86485e-18	7.86485e-18	7.86485e-18	7.86485e-18	7.86485e-18	7.86485e-18	7.86485e-18	7.86485e-18	7.86485e-18	7.86485e-18	7.86485e-18	7.86485e-18	7.86485e-18	7.86485e-18	7.86485e-18	7.86485e-18	7.86485e-18	7.86485e-18	7.86485e-18	7.86485e-18	7.86485e-18	7.86485e-18	7.86485e-18	7.86485e-18	7.86485e-18	7.86485e-18	7.86485e-18	7.86485e-18	7.86485e-18	7.86485e-18	7.86485e-18	7.86485e-18	7.86485e-18	7.86485e-18	7.86485e-18	7.86485e-18	7.86485e-18	7.86485e-18	7.86485e-18	7.86485e-18	7.86485e-18	7.86485e-18	7.86485e-18	7.86485e-18	7.86485e-18	7.86485e-18	7.86485e-18	7.86485e-18	7.86485e-18	7.86485e-18	7.86485e-18	7.86485e-18	7.86485e-18	7.86485e-18	7.86485e-18	7.86485e-18	7.86485e-18	7.86485e-18	7.86485e-18	7.86485e-18	7.86485e-18	7.86485e-18	7.86485e-18	7.86485e-18	7.86485e-18	7.86485e-18	7.86485e-18	7.86485e-18	7.86485e-18	7.86485e-18	7.86485e-18	7.86485e-18	7.86485e-18	7.86485e-18	7.86485e-18	7.86485e-18	7.86485e-18	7.86485e-18	7.86485e-18	7.86485e-18	7.86485e-18	7.86485e-18	7.86485e-18	7.86485e-18	7.86485e-18	7.86485e-18	7.86485e-18	7.86485e-18	7.86485e-18	7.86485e-18	7.86485e-18	7.86485e-18	7.86485e-18	7.86485e-18	7.86485e-18	7.86485e-18	7.86485e-18	7.86485e-18	7.86485e-18	7.86485e-18	7.86485e-18	7.86485e-18
23.05	4.25891e-25	1.42588e-24	2.95644e-24	5.29925e-24	8.88572e-24	1.43766e-23	2.27843e-23	3.56601e-23	5.53817e-23	8.55951e-23	1.31892e-22	2.02853e-22	3.11649e-22	4.78512e-22	7.34537e-22	1.12755e-21	1.73116e-21	2.65882e-21	4.08548e-21	6.28141e-21	9.66466e-21	1.48831e-20	2.29425e-20	3.54084e-20	5.47243e-20	8.47155e-20	1.31394e-19	2.04252e-19	3.18346e-19	4.97718e-19	7.81027e-19	1.23097e-18	1.95030e-18	3.10949e-18	4.99563e-18	8.05723e-18	8.80429e-18	8.80720e-18	8.80720e-18	8.80720e-18	8.80720e-18	8.80720e-18	8.80720e-18	8.80720e-18	8.80720e-18	8.80720e-18	8.80720e-18	8.80720e-18	8.80720e-18	8.80720e-18	8.80720e-18	8.80720e-18	8.80720e-18	8.80720e-18	8.80720e-18	8.80720e-18	8.80720e-18	8.80720e-18	8.80720e-18	8.80720e-18	8.80720e-18	8.80720e-18	8.80720e-18	8.80720e-18	8.80720e-18	8.80720e-18	8.80720e-18	8.80720e-18	8.80720e-18	8.80720e-18	8.80720e-18	8.80720e-18	8.80720e-18	8.80720e-18	8.80720e-18	8.80720e-18	8.80720e-18	8.80720e-18	8.80720e-18	8.80720e-18	8.80720e-18	8.80720e-18	8.80720e-18	8.80720e-18	8.80720e-18	8.80720e-18	8.80720e-18	8.80720e-18	8.80720e-18	8.80720e-18	8.80720e-18	8.80720e-18	8.80720e-18	8.80720e-18	8.80720e-18	8.80720e-18	8.80720e-18	8.80720e-18	8.80720e-18	8.80720e-18	8.80720e-18	8.80720e-18	8.80720e-18	8.80720e-18	8.80720e-18	8.80720e-18	8.80720e-18	8.80720e-18	8.80720e-18	8.80720e-18	8.80720e-18	8.80720e-18	8.80720e-18	8.80720e-18	8.80720e-18	8.80720e-18	8.80720e-18	8.80720e-18	8.80720e-18	8.80720e-18	8.80720e-18	8.80720e-18	8.80720e-18	8.80720e-18	8.80720e-18	8.80720e-18	8.80720e-18	8.80720e-18	8.80720e-18	8.80720e-18	8.80720e-18	8.80720e-18	8.80720e-18	8.80720e-18	8.80720e-18	8.80720e-18	8.80720e-18	8.80720e-18	8.80720e-18	8.80720e-18	8.80720e-18	8.80720e-18	8.80720e-18	8.80720e-18	8.80720e-18
23.08	3.64051e-25	1.21884e-24	2.52716e-24	4.52979e-24	7.59550e-24	1.22891e-23	1.94760e-23	3.04822e-23	4.73402e-23	7.31665e-23	1.12741e-22	1.73398e-22	2.66397e-22	4.09031e-22	6.27881e-22	9.63827e-22	1.47980e-21	2.27275e-21	3.49226e-21	5.36934e-21	8.26134e-21	1.27220e-20	1.96112e-20	3.02671e-20	4.67782e-20	7.24147e-20	1.12316e-19	1.74594e-19	2.72122e-19	4.25449e-19	6.67620e-19	1.05223e-18	1.66712e-18	2.65799e-18	4.27026e-18	6.92493e-18	9.80952e-18	9.89872e-18	9.89892e-18	9.89893e-18	9.89893e-18	9.89893e-18	9.89893e-18	9.89893e-18	9.89893e-18	9.89893e-18	9.89893e-18	9.89893e-18	9.89893e-18	9.89893e-18	9.89893e-18	9.89893e-18	9.89893e-18	9.89893e-18	9.89893e-18	9.89893e-18	9.89893e-18	9.89893e-18	9.89893e-18	9.89893e-18	9.89893e-18	9.89893e-18	9.89893e-18	9.89893e-18	9.89893e-18	9.89893e-18	9.89893e-18	9.89893e-18	9.89893e-18	9.89893e-18	9.89893e-18	9.89893e-18	9.89893e-18	9.89893e-18	9.89893e-18	9.89893e-18	9.89893e-18	9.89893e-18	9.89893e-18	9.89893e-18	9.89893e-18	9.89893e-18	9.89893e-18	9.89893e-18	9.89893e-18	9.89893e-18	9.89893e-18	9.89893e-18	9.89893e-18	9.89893e-18	9.89893e-18	9.89893e-18	9.89893e-18	9.89893e-18	9.89893e-18	9.89893e-18	9.89893e-18	9.89893e-18	9.89893e-18	9.89893e-18	9.89893e-18	9.89893e-18	9.89893e-18	9.89893e-18	9.89893e-18	9.89893e-18	9.89893e-18	9.89893e-18	9.89893e-18	9.89893e-18	9.89893e-18	9.89893e-18	9.89893e-18	9.89893e-18	9.89893e-18	9.89893e-18	9.89893e-18	9.89893e-18	9.89893e-18	9.89893e-18	9.89893e-18	9.89893e-18	9.89893e-18	9.89893e-18	9.89893e-18	9.89893e-18	9.89893e-18	9.89893e-18	9.89893e-18	9.89893e-18	9.89893e-18	9.89893e-18	9.89893e-18	9.89893e-18	9.89893e-18	9.89893e-18	9.89893e-18	9.89893e-18	9.89893e-18	9.89893e-18	9.89893e-18	9.89893e-18	9.89893e-18	9.89893e-18	9.89893e-18
23.12	3.11190e-25	1.04187e-24	2.16021e-24	3.87206e-24	6.49262e-24	1.05047e-23	1.66481e-23	2.60561e-23	4.04664e-23	6.25426e-23	9.63708e-23	1.48220e-22	2.27716e-22	3.49639e-22	5.36712e-22	8.23878e-22	1.26493e-21	1.94275e-21	2.98518e-21	4.58970e-21	7.06178e-21	1.08748e-20	1.67636e-20	2.58722e-20	3.99859e-20	6.19000e-20	9.60074e-20	1.49243e-19	2.32609e-19	3.63673e-19	5.70681e-19	8.99448e-19	1.42505e-18	2.27204e-18	3.65021e-18	5.91942e-18	9.71022e-18	1.11652e-17	1.11727e-17	1.11727e-17	1.11727e-17	1.11727e-17	1.11727e-17	1.11727e-17	1.11727e-17	1.11727e-17	1.11727e-17	1.11727e-17	1.11727e-17	1.11727e-17	1.11727e-17	1.11727e-17	1.11727e-17	1.11727e-17	1.11727e-17	1.11727e-17	1.11727e-17	1.11727e-17	1.11727e-17	1.11727e-17	1.11727e-17	1.11727e-17	1.11727e-17	1.11727e-17	1.11727e-17	1.11727e-17	1.11727e-17	1.11727e-17	1.11727e-17	1.11727e-17	1.11727e-17	1.11727e-17	1.11727e-17	1.11727e-17	1.11727e-17	1.11727e-17	1.11727e-17	1.11727e-17	1.11727e-17	1.11727e-17	1.11727e-17	1.11727e-17	1.11727e-17	1.11727e-17	1.11727e-17	1.11727e-17	1.11727e-17	1.11727e-17	1.11727e-17	1.11727e-17	1.11727e-17	1.11727e-17	1.11727e-17	1.11727e-17	1.11727e-17	1.11727e-17	1.11727e-17	1.11727e-17	1.11727e-17	1.11727e-17	1.11727e-17	1.11727e-17	1.11727e-17	1.11727e-17	1.11727e-17	1.11727e-17	1.11727e-17	1.11727e-17	1.11727e-17	1.11727e-17	1.11727e-17	1.11727e-17	1.11727e-17	1.11727e-17	1.11727e-17	1.11727e-17	1.11727e-17	1.11727e-17	1.11727e-17	1.11727e-17	1.11727e-17	1.11727e-17	1.11727e-17	1.11727e-17	1.11727e-17	1.11727e-17	1.11727e-17	1.11727e-17	1.11727e-17	1.11727e-17	1.11727e-17	1.11727e-17	1.11727e-17	1.11727e-17	1.11727e-17	1.11727e-17	1.11727e-17	1.11727e-17	1.11727e-17	1.11727e-17	1.11727e-17	1.11727e-17	1.11727e-17	1.11727e-17	1.11727e-17
23.15	2.66005e-25	8.90585e-25	1.84655e-24	3.30983e-24	5.54988e-24	8.97941e-24	1.42307e-23	2.22727e-23	3.45906e-23	5.34613e-23	8.23776e-23	1.26699e-22	1.94651e-22	2.98871e-22	4.58781e-22	7.04249e-22	1.08126e-21	1.66066e-21	2.55173e-21	3.92327e-21	6.03640e-21	9.29572e-21	1.43295e-20	2.21155e-20	3.41799e-20	5.29120e-20	8.20670e-20	1.27572e-19	1.98834e-19	3.10867e-19	4.87817e-19	7.68846e-19	1.21813e-18	1.94214e-18	3.12020e-18	5.05991e-18	8.30109e-18	1.24546e-17	1.26703e-17	1.26708e-17	1.26708e-17	1.26708e-17	1.26708e-17	1.26708e-17	1.26708e-17	1.26708e-17	1.26708e-17	1.26708e-17	1.26708e-17	1.26708e-17	1.26708e-17	1.26708e-17	1.26708e-17	1.26708e-17	1.26708e-17	1.26708e-17	1.26708e-17	1.26708e-17	1.26708e-17	1.26708e-17	1.26708e-17	1.26708e-17	1.26708e-17	1.26708e-17	1.26708e-17	1.26708e-17	1.26708e-17	1.26708e-17	1.26708e-17	1.26708e-17	1.26708e-17	1.26708e-17	1.26708e-17	1.26708e-17	1.26708e-17	1.26708e-17	1.26708e-17	1.26708e-17	1.26708e-17	1.26708e-17	1.26708e-17	1.26708e-17	1.26708e-17	1.26708e-17	1.26708e-17	1.26708e-17	1.26708e-17	1.26708e-17	1.26708e-17	1.26708e-17	1.26708e-17	1.26708e-17	1.26708e-17	1.26708e-17	1.26708e-17	1.26708e-17	1.26708e-17	1.26708e-17	1.26708e-17	1.26708e-17	1.26708e-17	1.26708e-17	1.26708e-17	1.26708e-17	1.26708e-17	1.26708e-17	1.26708e-17	1.26708e-17	1.26708e-17	1.26708e-17	1.26708e-17	1.26708e-17	1.26708e-17	1.26708e-17	1.26708e-17	1.26708e-17	1.26708e-17	1.26708e-17	1.26708e-17	1.26708e-17	1.26708e-17	1.26708e-17	1.26708e-17	1.26708e-17	1.26708e-17	1.26708e-17	1.26708e-17	1.26708e-17	1.26708e-17	1.26708e-17	1.26708e-17	1.26708e-17	1.26708e-17	1.26708e-17	1.26708e-17	1.26708e-17	1.26708e-17	1.26708e-17	1.26708e-17	1.26708e-17	1.26708e-17	1.26708e-17	1.26708e-17	1.26708e-17	1.26708e-17
23.18	2.27380e-25	7.61271e-25	1.57843e-24	2.82924e-24	4.74403e-24	7.67559e-24	1.21644e-23	1.90387e-23	2.95680e-23	4.56987e-23	7.04163e-23	1.08302e-22	1.66387e-22	2.55475e-22	3.92165e-22	6.01991e-22	9.24258e-22	1.41953e-21	2.18121e-21	3.35361e-21	5.15991e-21	7.94597e-21	1.22488e-20	1.89043e-20	2.92169e-20	4.52291e-20	7.01507e-20	1.09049e-19	1.69963e-19	2.65729e-19	4.16985e-19	6.57209e-19	1.04126e-18	1.66014e-18	2.66714e-18	4.32520e-18	7.09576e-18	1.18120e-17	1.44292e-17	1.44489e-17	1.44489e-17	1.44489e-17	1.44489e-17	1.44489e-17	1.44489e-17	1.44489e-17	1.44489e-17	1.44489e-17	1.44489e-17	1.44489e-17	1.44489e-17	1.44489e-17	1.44489e-17	1.44489e-17	1.44489e-17	1.44489e-17	1.44489e-17	1.44489e-17	1.44489e-17	1.44489e-17	1.44489e-17	1.44489e-17	1.44489e-17	1.44489e-17	1.44489e-17	1.44489e-17	1.44489e-17	1.44489e-17	1.44489e-17	1.44489e-17	1.44489e-17	1.44489e-17	1.44489e-17	1.44489e-17	1.44489e-17	1.44489e-17	1.44489e-17	1.44489e-17	1.44489e-17	1.44489e-17	1.44489e-17	1.44489e-17	1.44489e-17	1.44489e-17	1.44489e-17	1.44489e-17	1.44489e-17	1.44489e-17	1.44489e-17	1.44489e-17	1.44489e-17	1.44489e-17	1.44489e-17	1.44489e-17	1.44489e-17	1.44489e-17	1.44489e-17	1.44489e-17	1.44489e-17	1.44489e-17	1.44489e-17	1.44489e-17	1.44489e-17	1.44489e-17	1.44489e-17	1.44489e-17	1.44489e-17	1.44489e-17	1.44489e-17	1.44489e-17	1.44489e-17	1.44489e-17	1.44489e-17	1.44489e-17	1.44489e-17	1.44489e-17	1.44489e-17	1.44489e-17	1.44489e-17	1.44489e-17	1.44489e-17	1.44489e-17	1.44489e-17	1.44489e-17	1.44489e-17	1.44489e-17	1.44489e-17	1.44489e-17	1.44489e-17	1.44489e-17	1.44489e-17	1.44489e-17	1.44489e-17	1.44489e-17	1.44489e-17	1.44489e-17	1.44489e-17	1.44489e-17	1.44489e-17	1.44489e-17	1.44489e-17	1.44489e-17	1.44489e-17	1.44489e-17	1.44489e-17
23.22	1.94364e-25	6.50733e-25	1.34924e-24	2.41843e-24	4.05519e-24	6.56108e-24	1.03981e-23	1.62743e-23	2.52747e-23	3.90632e-23	6.01917e-23	9.25761e-23	1.42228e-22	2.18379e-22	3.35222e-22	5.14581e-22	7.90054e-22	1.21341e-21	1.86450e-21	2.86666e-21	4.41068e-21	6.79220e-21	1.04703e-20	1.61594e-20	2.49746e-20	3.86618e-20	5.99647e-20	9.32147e-20	1.45284e-19	2.27144e-19	3.56438e-19	5.61781e-19	8.90063e-19	1.41908e-18	2.27987e-18	3.69718e-18	6.06545e-18	1.00969e-17	1.60567e-17	1.65801e-17	1.65817e-17	1.65817e-17	1.65817e-17	1.65817e-17	1.65817e-17	1.65817e-17	1.65817e-17	1.65817e-17	1.65817e-17	1.65817e-17	1.65817e-17	1.65817e-17	1.65817e-17	1.65817e-17	1.65817e-17	1.65817e-17	1.65817e-17	1.65817e-17	1.65817e-17	1.65817e-17	1.65817e-17	1.65817e-17	1.65817e-17	1.65817e-17	1.65817e-17	1.65817e-17	1.65817e-17	1.65817e-17	1.65817e-17	1.65817e-17	1.65817e-17	1.65817e-17	1.65817e-17	1.65817e-17	1.65817e-17	1.65817e-17	1.65817e-17	1.65817e-17	1.65817e-17	1.65817e-17	1.65817e-17	1.65817e-17	1.65817e-17	1.65817e-17	1.65817e-17	1.65817e-17	1.65817e-17	1.65817e-17	1.65817e-17	1.65817e-17	1.65817e-17	1.65817e-17	1.65817e-17	1.65817e-17	1.65817e-17	1.65817e-17	1.65817e-17	1.65817e-17	1.65817e-17	1.65817e-17	1.65817e-17	1.65817e-17	1.65817e-17	1.65817e-17	1.65817e-17	1.65817e-17	1.65817e-17	1.65817e-17	1.65817e-17	1.65817e-17	1.65817e-17	1.65817e-17	1.65817e-17	1.65817e-17	1.65817e-17	1.65817e-17	1.65817e-17	1.65817e-17	1.65817e-17	1.65817e-17	1.65817e-17	1.65817e-17	1.65817e-17	1.65817e-17	1.65817e-17	1.65817e-17	1.65817e-17	1.65817e-17	1.65817e-17	1.65817e-17	1.65817e-17	1.65817e-17	1.65817e-17	1.65817e-17	1.65817e-17	1.65817e-17	1.65817e-17	1.65817e-17	1.65817e-17	1.65817e-17	1.65817e-17	1.65817e-17	1.65817e-17	1.65817e-17	1.65817e-17
23.25	1.66142e-25	5.56246e-25	1.15332e-24	2.06727e-24	3.46637e-24	5.60840e-24	8.88829e-24	1.39112e-23	2.16047e-23	3.33911e-23	5.14518e-23	7.91339e-23	1.21576e-22	1.86670e-22	2.86547e-22	4.39863e-22	6.75337e-22	1.03722e-21	1.59377e-21	2.45041e-21	3.77024e-21	5.80596e-21	8.94998e-21	1.38130e-20	2.13482e-20	3.30480e-20	5.12577e-20	7.96797e-20	1.24189e-19	1.94163e-19	3.04683e-19	4.80210e-19	7.60825e-19	1.21303e-18	1.94883e-18	3.16034e-18	5.18473e-18	8.63081e-18	1.46386e-17	1.91176e-17	1.91707e-17	1.91709e-17	1.91709e-17	1.91709e-17	1.91709e-17	1.91709e-17	1.91709e-17	1.91709e-17	1.91709e-17	1.91709e-17	1.91709e-17	1.91709e-17	1.91709e-17	1.91709e-17	1.91709e-17	1.91709e-17	1.91709e-17	1.91709e-17	1.91709e-17	1.91709e-17	1.91709e-17	1.91709e-17	1.91709e-17	1.91709e-17	1.91709e-17	1.91709e-17	1.91709e-17	1.91709e-17	1.91709e-17	1.91709e-17	1.91709e-17	1.91709e-17	1.91709e-17	1.91709e-17	1.91709e-17	1.91709e-17	1.91709e-17	1.91709e-17	1.91709e-17	1.91709e-17	1.91709e-17	1.91709e-17	1.91709e-17	1.91709e-17	1.91709e-17	1.91709e-17	1.91709e-17	1.91709e-17	1.91709e-17	1.91709e-17	1.91709e-17	1.91709e-17	1.91709e-17	1.91709e-17	1.91709e-17	1.91709e-17	1.91709e-17	1.91709e-17	1.91709e-17	1.91709e-17	1.91709e-17	1.91709e-17	1.91709e-17	1.91709e-17	1.91709e-17	1.91709e-17	1.91709e-17	1.91709e-17	1.91709e-17	1.91709e-17	1.91709e-17	1.91709e-17	1.91709e-17	1.91709e-17	1.91709e-17	1.91709e-17	1.91709e-17	1.91709e-17	1.91709e-17	1.91709e-17	1.91709e-17	1.91709e-17	1.91709e-17	1.91709e-17	1.91709e-17	1.91709e-17	1.91709e-17	1.91709e-17	1.91709e-17	1.91709e-17	1.91709e-17	1.91709e-17	1.91709e-17	1.91709e-17	1.91709e-17	1.91709e-17	1.91709e-17	1.91709e-17	1.91709e-17	1.91709e-17	1.91709e-17	1.91709e-17	1.91709e-17	1.91709e-17	1.91709e-17
23.29	1.42018e-25	4.75478e-25	9.85860e-25	1.76710e-24	2.96305e-24	4.79405e-24	7.59770e-24	1.18913e-23	1.84677e-23	2.85427e-23	4.39809e-23	6.76436e-23	1.03923e-22	1.59566e-22	2.44940e-22	3.75994e-22	5.77277e-22	8.86614e-22	1.36235e-21	2.09461e-21	3.22280e-21	4.96293e-21	7.65043e-21	1.18074e-20	1.82484e-20	2.82494e-20	4.38150e-20	6.81101e-20	1.06156e-19	1.65970e-19	2.60443e-19	4.10482e-19	6.50352e-19	1.03690e-18	1.66585e-18	2.70145e-18	4.43190e-18	7.37760e-18	1.25131e-17	2.10784e-17	2.23545e-17	2.23590e-17	2.23590e-17	2.23590e-17	2.23590e-17	2.23590e-17	2.23590e-17	2.23590e-17	2.23590e-17	2.23590e-17	2.23590e-17	2.23590e-17	2.23590e-17	2.23590e-17	2.23590e-17	2.23590e-17	2.23590e-17	2.23590e-17	2.23590e-17	2.23590e-17	2.23590e-17	2.23590e-17	2.23590e-17	2.23590e-17	2.23590e-17	2.23590e-17	2.23590e-17	2.23590e-17	2.23590e-17	2.23590e-17	2.23590e-17	2.23590e-17	2.23590e-17	2.23590e-17	2.23590e-17	2.23590e-17	2.23590e-17	2.23590e-17	2.23590e-17	2.23590e-17	2.23590e-17	2.23590e-17	2.23590e-17	2.23590e-17	2.23590e-17	2.23590e-17	2.23590e-17	2.23590e-17	2.23590e-17	2.23590e-17	2.23590e-17	2.23590e-17	2.23590e-17	2.23590e-17	2.23590e-17	2.23590e-17	2.23590e-17	2.23590e-17	2.23590e-17	2.23590e-17	2.23590e-17	2.23590e-17	2.23590e-17	2.23590e-17	2.23590e-17	2.23590e-17	2.23590e-17	2.23590e-17	2.23590e-17	2.23590e-17	2.23590e-17	2.23590e-17	2.23590e-17	2.23590e-17	2.23590e-17	2.23590e-17	2.23590e-17	2.23590e-17	2.23590e-17	2.23590e-17	2.23590e-17	2.23590e-17	2.23590e-17	2.23590e-17	2.23590e-17	2.23590e-17	2.23590e-17	2.23590e-17	2.23590e-17	2.23590e-17	2.23590e-17	2.23590e-17	2.23590e-17	2.23590e-17	2.23590e-17	2.23590e-17	2.23590e-17	2.23590e-17	2.23590e-17	2.23590e-17	2.23590e-17	2.23590e-17	2.23590e-17	2.23590e-17	2.23590e-17
23.32	1.21397e-25	4.06438e-25	8.42712e-25	1.51051e-24	2.53281e-24	4.09795e-24	6.49450e-24	1.01646e-23	1.57862e-23	2.43982e-23	3.75948e-23	5.78216e-23	8.88332e-23	1.36396e-22	2.09374e-22	3.21399e-22	4.93456e-22	7.57876e-22	1.16454e-21	1.79047e-21	2.75484e-21	4.24230e-21	6.53958e-21	1.00929e-20	1.55987e-20	2.41475e-20	3.74530e-20	5.82204e-20	9.07422e-20	1.41871e-19	2.22626e-19	3.50880e-19	5.55920e-19	8.86337e-19	1.42397e-18	2.30920e-18	3.78838e-18	6.30636e-18	1.06962e-17	1.85937e-17	2.62009e-17	2.63507e-17	2.63510e-17	2.63510e-17	2.63510e-17	2.63510e-17	2.63510e-17	2.63510e-17	2.63510e-17	2.63510e-17	2.63510e-17	2.63510e-17	2.63510e-17	2.63510e-17	2.63510e-17	2.63510e-17	2.63510e-17	2.63510e-17	2.63510e-17	2.63510e-17	2.63510e-17	2.63510e-17	2.63510e-17	2.63510e-17	2.63510e-17	2.63510e-17	2.63510e-17	2.63510e-17	2.63510e-17	2.63510e-17	2.63510e-17	2.63510e-17	2.63510e-17	2.63510e-17	2.63510e-17	2.63510e-17	2.63510e-17	2.63510e-17	2.63510e-17	2.63510e-17	2.63510e-17	2.63510e-17	2.63510e-17	2.63510e-17	2.63510e-17	2.63510e-17	2.63510e-17	2.63510e-17	2.63510e-17	2.63510e-17	2.63510e-17	2.63510e-17	2.63510e-17	2.63510e-17	2.63510e-17	2.63510e-17	2.63510e-17	2.63510e-17	2.63510e-17	2.63510e-17	2.63510e-17	2.63510e-17	2.63510e-17	2.63510e-17	2.63510e-17	2.63510e-17	2.63510e-17	2.63510e-17	2.63510e-17	2.63510e-17	2.63510e-17	2.63510e-17	2.63510e-17	2.63510e-17	2.63510e-17	2.63510e-17	2.63510e-17	2.63510e-17	2.63510e-17	2.63510e-17	2.63510e-17	2.63510e-17	2.63510e-17	2.63510e-17	2.63510e-17	2.63510e-17	2.63510e-17	2.63510e-17	2.63510e-17	2.63510e-17	2.63510e-17	2.63510e-17	2.63510e-17	2.63510e-17	2.63510e-17	2.63510e-17	2.63510e-17	2.63510e-17	2.63510e-17	2.63510e-17	2.63510e-17	2.63510e-17	2.63510e-17	2.63510e-17	2.63510e-17
23.35	1.03770e-25	3.47422e-25	7.20349e-25	1.29118e-24	2.16504e-24	3.50292e-24	5.55149e-24	8.68872e-24	1.34940e-23	2.08556e-23	3.21360e-23	4.94258e-23	7.59345e-23	1.16591e-22	1.78973e-22	2.74732e-22	4.21805e-22	6.47831e-22	9.95443e-22	1.53049e-21	2.35483e-21	3.62632e-21	5.59002e-21	8.62740e-21	1.33338e-20	2.06413e-20	3.20148e-20	4.97667e-20	7.75663e-20	1.21271e-19	1.90300e-19	2.99931e-19	4.75199e-19	7.57640e-19	1.21721e-18	1.97390e-18	3.23830e-18	5.39067e-18	9.14306e-18	1.58939e-17	2.83094e-17	3.14363e-17	3.14508e-17	3.14508e-17	3.14508e-17	3.14508e-17	3.14508e-17	3.14508e-17	3.14508e-17	3.14508e-17	3.14508e-17	3.14508e-17	3.14508e-17	3.14508e-17	3.14508e-17	3.14508e-17	3.14508e-17	3.14508e-17	3.14508e-17	3.14508e-17	3.14508e-17	3.14508e-17	3.14508e-17	3.14508e-17	3.14508e-17	3.14508e-17	3.14508e-17	3.14508e-17	3.14508e-17	3.14508e-17	3.14508e-17	3.14508e-17	3.14508e-17	3.14508e-17	3.14508e-17	3.14508e-17	3.14508e-17	3.14508e-17	3.14508e-17	3.14508e-17	3.14508e-17	3.14508e-17	3.14508e-17	3.14508e-17	3.14508e-17	3.14508e-17	3.14508e-17	3.14508e-17	3.14508e-17	3.14508e-17	3.14508e-17	3.14508e-17	3.14508e-17	3.14508e-17	3.14508e-17	3.14508e-17	3.14508e-17	3.14508e-17	3.14508e-17	3.14508e-17	3.14508e-17	3.14508e-17	3.14508e-17	3.14508e-17	3.14508e-17	3.14508e-17	3.14508e-17	3.14508e-17	3.14508e-17	3.14508e-17	3.14508e-17	3.14508e-17	3.14508e-17	3.14508e-17	3.14508e-17	3.14508e-17	3.14508e-17	3.14508e-17	3.14508e-17	3.14508e-17	3.14508e-17	3.14508e-17	3.14508e-17	3.14508e-17	3.14508e-17	3.14508e-17	3.14508e-17	3.14508e-17	3.14508e-17	3.14508e-17	3.14508e-17	3.14508e-17	3.14508e-17	3.14508e-17	3.14508e-17	3.14508e-17	3.14508e-17	3.14508e-17	3.14508e-17	3.14508e-17	3.14508e-17	3.14508e-17	3.14508e-17	3.14508e-17	3.14508e-17
23.39	8.87024e-26	2.96976e-25	6.15753e-25	1.10370e-24	1.85067e-24	2.99429e-24	4.74540e-24	7.42711e-24	1.15346e-23	1.78273e-23	2.74698e-23	4.22491e-23	6.49087e-23	9.96621e-23	1.52986e-22	2.34840e-22	3.60558e-22	5.53765e-22	8.50903e-22	1.30826e-21	2.01291e-21	3.09977e-21	4.77834e-21	7.37469e-21	1.13977e-20	1.76441e-20	2.73662e-20	4.25405e-20	6.63035e-20	1.03662e-19	1.62668e-19	2.56381e-19	4.06200e-19	6.47629e-19	1.04047e-18	1.68729e-18	2.76810e-18	4.60793e-18	7.81548e-18	1.35861e-17	2.44221e-17	3.76763e-17	3.81261e-17	3.81275e-17	3.81275e-17	3.81275e-17	3.81275e-17	3.81275e-17	3.81275e-17	3.81275e-17	3.81275e-17	3.81275e-17	3.81275e-17	3.81275e-17	3.81275e-17	3.81275e-17	3.81275e-17	3.81275e-17	3.81275e-17	3.81275e-17	3.81275e-17	3.81275e-17	3.81275e-17	3.81275e-17	3.81275e-17	3.81275e-17	3.81275e-17	3.81275e-17	3.81275e-17	3.81275e-17	3.81275e-17	3.81275e-17	3.81275e-17	3.81275e-17	3.81275e-17	3.81275e-17	3.81275e-17	3.81275e-17	3.81275e-17	3.81275e-17	3.81275e-17	3.81275e-17	3.81275e-17	3.81275e-17	3.81275e-17	3.81275e-17	3.81275e-17	3.81275e-17	3.81275e-17	3.81275e-17	3.81275e-17	3.81275e-17	3.81275e-17	3.81275e-17	3.81275e-17	3.81275e-17	3.81275e-17	3.81275e-17	3.81275e-17	3.81275e-17	3.81275e-17	3.81275e-17	3.81275e-17	3.81275e-17	3.81275e-17	3.81275e-17	3.81275e-17	3.81275e-17	3.81275e-17	3.81275e-17	3.81275e-17	3.81275e-17	3.81275e-17	3.81275e-17	3.81275e-17	3.81275e-17	3.81275e-17	3.81275e-17	3.81275e-17	3.81275e-17	3.81275e-17	3.81275e-17	3.81275e-17	3.81275e-17	3.81275e-17	3.81275e-17	3.81275e-17	3.81275e-17	3.81275e-17	3.81275e-17	3.81275e-17	3.81275e-17	3.81275e-17	3.81275e-17	3.81275e-17	3.81275e-17	3.81275e-17	3.81275e-17	3.81275e-17	3.81275e-17	3.81275e-17	3.81275e-17	3.81275e-17	3.81275e-17	3.81275e-17
23.42	7.58227e-26	2.53855e-25	5.26345e-25	9.43443e-25	1.58195e-24	2.55952e-24	4.05636e-24	6.34868e-24	9.85979e-24	1.52388e-23	2.34811e-23	3.61145e-23	5.54838e-23	8.51910e-23	1.30772e-22	2.00741e-22	3.08205e-22	4.73358e-22	7.27351e-22	1.11830e-21	1.72063e-21	2.64968e-21	4.08452e-21	6.30387e-21	9.74273e-21	1.50822e-20	2.33926e-20	3.63636e-20	5.66761e-20	8.86103e-20	1.39049e-19	2.19154e-19	3.47219e-19	5.53592e-19	8.89389e-19	1.44229e-18	2.36617e-18	3.93886e-18	6.68066e-18	1.16134e-17	2.08759e-17	3.93475e-17	4.70887e-17	4.71400e-17	4.71401e-17	4.71401e-17	4.71401e-17	4.71401e-17	4.71401e-17	4.71401e-17	4.71401e-17	4.71401e-17	4.71401e-17	4.71401e-17	4.71401e-17	4.71401e-17	4.71401e-17	4.71401e-17	4.71401e-17	4.71401e-17	4.71401e-17	4.71401e-17	4.71401e-17	4.71401e-17	4.71401e-17	4.71401e-17	4.71401e-17	4.71401e-17	4.71401e-17	4.71401e-17	4.71401e-17	4.71401e-17	4.71401e-17	4.71401e-17	4.71401e-17	4.71401e-17	4.71401e-17	4.71401e-17	4.71401e-17	4.71401e-17	4.71401e-17	4.71401e-17	4.71401e-17	4.71401e-17	4.71401e-17	4.71401e-17	4.71401e-17	4.71401e-17	4.71401e-17	4.71401e-17	4.71401e-17	4.71401e-17	4.71401e-17	4.71401e-17	4.71401e-17	4.71401e-17	4.71401e-17	4.71401e-17	4.71401e-17	4.71401e-17	4.71401e-17	4.71401e-17	4.71401e-17	4.71401e-17	4.71401e-17	4.71401e-17	4.71401e-17	4.71401e-17	4.71401e-17	4.71401e-17	4.71401e-17	4.71401e-17	4.71401e-17	4.71401e-17	4.71401e-17	4.71401e-17	4.71401e-17	4.71401e-17	4.71401e-17	4.71401e-17	4.71401e-17	4.71401e-17	4.71401e-17	4.71401e-17	4.71401e-17	4.71401e-17	4.71401e-17	4.71401e-17	4.71401e-17	4.71401e-17	4.71401e-17	4.71401e-17	4.71401e-17	4.71401e-17	4.71401e-17	4.71401e-17	4.71401e-17	4.71401e-17	4.71401e-17	4.71401e-17	4.71401e-17	4.71401e-17	4.71401e-17	4.71401e-17	4.71401e-17
23.46	6.48131e-26	2.16995e-25	4.49919e-25	8.06453e-25	1.35225e-24	2.18787e-24	3.46737e-24	5.42684e-24	8.42813e-24	1.30261e-23	2.00716e-23	3.08706e-23	4.74275e-23	7.28212e-23	1.11784e-22	1.71593e-22	2.63453e-22	4.04625e-22	6.21739e-22	9.55921e-22	1.47079e-21	2.26494e-21	3.49144e-21	5.38854e-21	8.32807e-21	1.28922e-20	1.99959e-20	3.10835e-20	4.84467e-20	7.57440e-20	1.18859e-19	1.87332e-19	2.96802e-19	4.73210e-19	7.60248e-19	1.23287e-18	2.02259e-18	3.36693e-18	5.71061e-18	9.92707e-18	1.78447e-17	3.36488e-17	5.82825e-17	5.97882e-17	5.97945e-17	5.97945e-17	5.97945e-17	5.97945e-17	5.97945e-17	5.97945e-17	5.97945e-17	5.97945e-17	5.97945e-17	5.97945e-17	5.97945e-17	5.97945e-17	5.97945e-17	5.97945e-17	5.97945e-17	5.97945e-17	5.97945e-17	5.97945e-17	5.97945e-17	5.97945e-17	5.97945e-17	5.97945e-17	5.97945e-17	5.97945e-17	5.97945e-17	5.97945e-17	5.97945e-17	5.97945e-17	5.97945e-17	5.97945e-17	5.97945e-17	5.97945e-17	5.97945e-17	5.97945e-17	5.97945e-17	5.97945e-17	5.97945e-17	5.97945e-17	5.97945e-17	5.97945e-17	5.97945e-17	5.97945e-17	5.97945e-17	5.97945e-17	5.97945e-17	5.97945e-17	5.97945e-17	5.97945e-17	5.97945e-17	5.97945e-17	5.97945e-17	5.97945e-17	5.97945e-17	5.97945e-17	5.97945e-17	5.97945e-17	5.97945e-17	5.97945e-17	5.97945e-17	5.97945e-17	5.97945e-17	5.97945e-17	5.97945e-17	5.97945e-17	5.97945e-17	5.97945e-17	5.97945e-17	5.97945e-17	5.97945e-17	5.97945e-17	5.97945e-17	5.97945e-17	5.97945e-17	5.97945e-17	5.97945e-17	5.97945e-17	5.97945e-17	5.97945e-17	5.97945e-17	5.97945e-17	5.97945e-17	5.97945e-17	5.97945e-17	5.97945e-17	5.97945e-17	5.97945e-17	5.97945e-17	5.97945e-17	5.97945e-17	5.97945e-17	5.97945e-17	5.97945e-17	5.97945e-17	5.97945e-17	5.97945e-17	5.97945e-17	5.97945e-17	5.97945e-17	5.97945e-17	5.97945e-17	5.97945e-17
23.49	5.54021e-26	1.85487e-25	3.84590e-25	6.89355e-25	1.15590e-24	1.87019e-24	2.96391e-24	4.63886e-24	7.20435e-24	1.11347e-23	1.71572e-23	2.63881e-23	4.05409e-23	6.22474e-23	9.55525e-23	1.46678e-22	2.25199e-22	3.45873e-22	5.31461e-22	8.17120e-22	1.25723e-21	1.93607e-21	2.98448e-21	4.60612e-21	7.11882e-21	1.10203e-20	1.70925e-20	2.65701e-20	4.14121e-20	6.47458e-20	1.01600e-19	1.60132e-19	2.53706e-19	4.04499e-19	6.49859e-19	1.05385e-18	1.72891e-18	2.87804e-18	4.88142e-18	8.48565e-18	1.52536e-17	2.87630e-17	5.83609e-17	7.82942e-17	7.85219e-17	7.85231e-17	7.85231e-17	7.85231e-17	7.85231e-17	7.85231e-17	7.85231e-17	7.85231e-17	7.85231e-17	7.85231e-17	7.85231e-17	7.85231e-17	7.85231e-17	7.85231e-17	7.85231e-17	7.85231e-17	7.85231e-17	7.85231e-17	7.85231e-17	7.85231e-17	7.85231e-17	7.85231e-17	7.85231e-17	7.85231e-17	7.85231e-17	7.85231e-17	7.85231e-17	7.85231e-17	7.85231e-17	7.85231e-17	7.85231e-17	7.85231e-17	7.85231e-17	7.85231e-17	7.85231e-17	7.85231e-17	7.85231e-17	7.85231e-17	7.85231e-17	7.85231e-17	7.85231e-17	7.85231e-17	7.85231e-17	7.85231e-17	7.85231e-17	7.85231e-17	7.85231e-17	7.85231e-17	7.85231e-17	7.85231e-17	7.85231e-17	7.85231e-17	7.85231e-17	7.85231e-17	7.85231e-17	7.85231e-17	7.85231e-17	7.85231e-17	7.85231e-17	7.85231e-17	7.85231e-17	7.85231e-17	7.85231e-17	7.85231e-17	7.85231e-17	7.85231e-17	7.85231e-17	7.85231e-17	7.85231e-17	7.85231e-17	7.85231e-17	7.85231e-17	7.85231e-17	7.85231e-17	7.85231e-17	7.85231e-17	7.85231e-17	7.85231e-17	7.85231e-17	7.85231e-17	7.85231e-17	7.85231e-17	7.85231e-17	7.85231e-17	7.85231e-17	7.85231e-17	7.85231e-17	7.85231e-17	7.85231e-17	7.85231e-17	7.85231e-17	7.85231e-17	7.85231e-17	7.85231e-17	7.85231e-17	7.85231e-17	7.85231e-17	7.85231e-17	7.85231e-17	7.85231e-17	7.85231e-17
23.53	4.73577e-26	1.58554e-25	3.28747e-25	5.89260e-25	9.88063e-25	1.59863e-24	2.53354e-24	3.96529e-24	6.15827e-24	9.51789e-24	1.46660e-23	2.25565e-23	3.46543e-23	5.32090e-23	8.16782e-23	1.25380e-22	1.92500e-22	2.95652e-22	4.54292e-22	6.98473e-22	1.07468e-21	1.65495e-21	2.55113e-21	3.93730e-21	6.08516e-21	9.42009e-21	1.46106e-20	2.27121e-20	3.53990e-20	5.53446e-20	8.68476e-20	1.36880e-19	2.16868e-19	3.45765e-19	5.55498e-19	9.00832e-19	1.47787e-18	2.46015e-18	4.17263e-18	7.25352e-18	1.30388e-17	2.45865e-17	4.98868e-17	1.02109e-16	1.08342e-16	1.08393e-16	1.08394e-16	1.08394e-16	1.08394e-16	1.08394e-16	1.08394e-16	1.08394e-16	1.08394e-16	1.08394e-16	1.08394e-16	1.08394e-16	1.08394e-16	1.08394e-16	1.08394e-16	1.08394e-16	1.08394e-16	1.08394e-16	1.08394e-16	1.08394e-16	1.08394e-16	1.08394e-16	1.08394e-16	1.08394e-16	1.08394e-16	1.08394e-16	1.08394e-16	1.08394e-16	1.08394e-16	1.08394e-16	1.08394e-16	1.08394e-16	1.08394e-16	1.08394e-16	1.08394e-16	1.08394e-16	1.08394e-16	1.08394e-16	1.08394e-16	1.08394e-16	1.08394e-16	1.08394e-16	1.08394e-16	1.08394e-16	1.08394e-16	1.08394e-16	1.08394e-16	1.08394e-16	1.08394e-16	1.08394e-16	1.08394e-16	1.08394e-16	1.08394e-16	1.08394e-16	1.08394e-16	1.08394e-16	1.08394e-16	1.08394e-16	1.08394e-16	1.08394e-16	1.08394e-16	1.08394e-16	1.08394e-16	1.08394e-16	1.08394e-16	1.08394e-16	1.08394e-16	1.08394e-16	1.08394e-16	1.08394e-16	1.08394e-16	1.08394e-16	1.08394e-16	1.08394e-16	1.08394e-16	1.08394e-16	1.08394e-16	1.08394e-16	1.08394e-16	1.08394e-16	1.08394e-16	1.08394e-16	1.08394e-16	1.08394e-16	1.08394e-16	1.08394e-16	1.08394e-16	1.08394e-16	1.08394e-16	1.08394e-16	1.08394e-16	1.08394e-16	1.08394e-16	1.08394e-16	1.08394e-16	1.08394e-16	1.08394e-16	1.08394e-16	1.08394e-16	1.08394e-16	1.08394e-16
23.56	4.04812e-26	1.35532e-25	2.81012e-25	5.03698e-25	8.44595e-25	1.36651e-24	2.16567e-24	3.38952e-24	5.26408e-24	8.13588e-24	1.25364e-23	1.92813e-23	2.96225e-23	4.54830e-23	6.98184e-23	1.07174e-22	1.64549e-22	2.52723e-22	3.88328e-22	5.97053e-22	9.18634e-22	1.41465e-21	2.18070e-21	3.36560e-21	5.20159e-21	8.05228e-21	1.24892e-20	1.94143e-20	3.02590e-20	4.73085e-20	7.42372e-20	1.17005e-19	1.85378e-19	2.95560e-19	4.74839e-19	7.70029e-19	1.26328e-18	2.10293e-18	3.56676e-18	6.20030e-18	1.11455e-17	2.10165e-17	4.26432e-17	9.81462e-17	1.60120e-16	1.61933e-16	1.61984e-16	1.61984e-16	1.61984e-16	1.61984e-16	1.61984e-16	1.61984e-16	1.61984e-16	1.61984e-16	1.61984e-16	1.61984e-16	1.61984e-16	1.61984e-16	1.61984e-16	1.61984e-16	1.61984e-16	1.61984e-16	1.61984e-16	1.61984e-16	1.61984e-16	1.61984e-16	1.61984e-16	1.61984e-16	1.61984e-16	1.61984e-16	1.61984e-16	1.61984e-16	1.61984e-16	1.61984e-16	1.61984e-16	1.61984e-16	1.61984e-16	1.61984e-16	1.61984e-16	1.61984e-16	1.61984e-16	1.61984e-16	1.61984e-16	1.61984e-16	1.61984e-16	1.61984e-16	1.61984e-16	1.61984e-16	1.61984e-16	1.61984e-16	1.61984e-16	1.61984e-16	1.61984e-16	1.61984e-16	1.61984e-16	1.61984e-16	1.61984e-16	1.61984e-16	1.61984e-16	1.61984e-16	1.61984e-16	1.61984e-16	1.61984e-16	1.61984e-16	1.61984e-16	1.61984e-16	1.61984e-16	1.61984e-16	1.61984e-16	1.61984e-16	1.61984e-16	1.61984e-16	1.61984e-16	1.61984e-16	1.61984e-16	1.61984e-16	1.61984e-16	1.61984e-16	1.61984e-16	1.61984e-16	1.61984e-16	1.61984e-16	1.61984e-16	1.61984e-16	1.61984e-16	1.61984e-16	1.61984e-16	1.61984e-16	1.61984e-16	1.61984e-16	1.61984e-16	1.61984e-16	1.61984e-16	1.61984e-16	1.61984e-16	1.61984e-16	1.61984e-16	1.61984e-16	1.61984e-16	1.61984e-16	1.61984e-16	1.61984e-16	1.61984e-16	1.61984e-16	1.61984e-16
23.59	3.46033e-26	1.15852e-25	2.40209e-25	4.30560e-25	7.21958e-25	1.16809e-24	1.85121e-24	2.89736e-24	4.49973e-24	6.95454e-24	1.07161e-23	1.64816e-23	2.53212e-23	3.88788e-23	5.96806e-23	9.16125e-23	1.40656e-22	2.16027e-22	3.31942e-22	5.10360e-22	7.85247e-22	1.20924e-21	1.86406e-21	2.87691e-21	4.44631e-21	6.88308e-21	1.06757e-20	1.65953e-20	2.58654e-20	4.04392e-20	6.34579e-20	1.00016e-19	1.58461e-19	2.52644e-19	4.05892e-19	6.58220e-19	1.07985e-18	1.79758e-18	3.04886e-18	5.30000e-18	9.52719e-18	1.79649e-17	3.64513e-17	8.38952e-17	2.33265e-16	2.80146e-16	2.82200e-16	2.82201e-16	2.82201e-16	2.82201e-16	2.82201e-16	2.82201e-16	2.82201e-16	2.82201e-16	2.82201e-16	2.82201e-16	2.82201e-16	2.82201e-16	2.82201e-16	2.82201e-16	2.82201e-16	2.82201e-16	2.82201e-16	2.82201e-16	2.82201e-16	2.82201e-16	2.82201e-16	2.82201e-16	2.82201e-16	2.82201e-16	2.82201e-16	2.82201e-16	2.82201e-16	2.82201e-16	2.82201e-16	2.82201e-16	2.82201e-16	2.82201e-16	2.82201e-16	2.82201e-16	2.82201e-16	2.82201e-16	2.82201e-16	2.82201e-16	2.82201e-16	2.82201e-16	2.82201e-16	2.82201e-16	2.82201e-16	2.82201e-16	2.82201e-16	2.82201e-16	2.82201e-16	2.82201e-16	2.82201e-16	2.82201e-16	2.82201e-16	2.82201e-16	2.82201e-16	2.82201e-16	2.82201e-16	2.82201e-16	2.82201e-16	2.82201e-16	2.82201e-16	2.82201e-16	2.82201e-16	2.82201e-16	2.82201e-16	2.82201e-16	2.82201e-16	2.82201e-16	2.82201e-16	2.82201e-16	2.82201e-16	2.82201e-16	2.82201e-16	2.82201e-16	2.82201e-16	2.82201e-16	2.82201e-16	2.82201e-16	2.82201e-16	2.82201e-16	2.82201e-16	2.82201e-16	2.82201e-16	2.82201e-16	2.82201e-16	2.82201e-16	2.82201e-16	2.82201e-16	2.82201e-16	2.82201e-16	2.82201e-16	2.82201e-16	2.82201e-16	2.82201e-16	2.82201e-16	2.82201e-16	2.82201e-16	2.82201e-16	2.82201e-16	2.82201e-16	2.82201e-16
23.63	2.95789e-26	9.90302e-26	2.05330e-25	3.68042e-25	6.17129e-25	9.98482e-25	1.58241e-24	2.47666e-24	3.84636e-24	5.94473e-24	9.16013e-24	1.40885e-23	2.16446e-23	3.32335e-23	5.10149e-23	7.83103e-23	1.20232e-22	1.84660e-22	2.83744e-22	4.36255e-22	6.71228e-22	1.03365e-21	1.59339e-21	2.45918e-21	3.80070e-21	5.88364e-21	9.12558e-21	1.41856e-20	2.21097e-20	3.45674e-20	5.42437e-20	8.54932e-20	1.35452e-19	2.15960e-19	3.46956e-19	5.62645e-19	9.23055e-19	1.53657e-18	2.60616e-18	4.53043e-18	8.14382e-18	1.53564e-17	3.11585e-17	7.17135e-17	2.16302e-16	6.43616e-16	7.11179e-16	7.11186e-16	7.11186e-16	7.11186e-16	7.11186e-16	7.11186e-16	7.11186e-16	7.11186e-16	7.11186e-16	7.11186e-16	7.11186e-16	7.11186e-16	7.11186e-16	7.11186e-16	7.11186e-16	7.11186e-16	7.11186e-16	7.11186e-16	7.11186e-16	7.11186e-16	7.11186e-16	7.11186e-16	7.11186e-16	7.11186e-16	7.11186e-16	7.11186e-16	7.11186e-16	7.11186e-16	7.11186e-16	7.11186e-16	7.11186e-16	7.11186e-16	7.11186e-16	7.11186e-16	7.11186e-16	7.11186e-16	7.11186e-16	7.11186e-16	7.11186e-16	7.11186e-16	7.11186e-16	7.11186e-16	7.11186e-16	7.11186e-16	7.11186e-16	7.11186e-16	7.11186e-16	7.11186e-16	7.11186e-16	7.11186e-16	7.11186e-16	7.11186e-16	7.11186e-16	7.11186e-16	7.11186e-16	7.11186e-16	7.11186e-16	7.11186e-16	7.11186e-16	7.11186e-16	7.11186e-16	7.11186e-16	7.11186e-16	7.11186e-16	7.11186e-16	7.11186e-16	7.11186e-16	7.11186e-16	7.11186e-16	7.11186e-16	7.11186e-16	7.11186e-16	7.11186e-16	7.11186e-16	7.11186e-16	7.11186e-16	7.11186e-16	7.11186e-16	7.11186e-16	7.11186e-16	7.11186e-16	7.11186e-16	7.11186e-16	7.11186e-16	7.11186e-16	7.11186e-16	7.11186e-16	7.11186e-16	7.11186e-16	7.11186e-16	7.11186e-16	7.11186e-16	7.11186e-16	7.11186e-16	7.11186e-16	7.11186e-16	7.11186e-16	7.11186e-16	7.11186e-16
23.66	2.52840e-26	8.46509e-26	1.75516e-25	3.14602e-25	5.27521e-25	8.53501e-25	1.35264e-24	2.11704e-24	3.28786e-24	5.08155e-24	7.83006e-24	1.20428e-23	1.85017e-23	2.84080e-23	4.36075e-23	6.69395e-23	1.02775e-22	1.57847e-22	2.42544e-22	3.72910e-22	5.73765e-22	8.83566e-22	1.36203e-21	2.10210e-21	3.24883e-21	5.02933e-21	7.80053e-21	1.21259e-20	1.88993e-20	2.95482e-20	4.63674e-20	7.30795e-20	1.15784e-19	1.84602e-19	2.96577e-19	4.80948e-19	7.89026e-19	1.31346e-18	2.22774e-18	3.87261e-18	6.96133e-18	1.31266e-17	2.66343e-17	6.13006e-17	1.84895e-16	1.52447e-15	2.94913e-15	2.94938e-15	2.94938e-15	2.94938e-15	2.94938e-15	2.94938e-15	2.94938e-15	2.94938e-15	2.94938e-15	2.94938e-15	2.94938e-15	2.94938e-15	2.94938e-15	2.94938e-15	2.94938e-15	2.94938e-15	2.94938e-15	2.94938e-15	2.94938e-15	2.94938e-15	2.94938e-15	2.94938e-15	2.94938e-15	2.94938e-15	2.94938e-15	2.94938e-15	2.94938e-15	2.94938e-15	2.94938e-15	2.94938e-15	2.94938e-15	2.94938e-15	2.94938e-15	2.94938e-15	2.94938e-15	2.94938e-15	2.94938e-15	2.94938e-15	2.94938e-15	2.94938e-15	2.94938e-15	2.94938e-15	2.94938e-15	2.94938e-15	2.94938e-15	2.94938e-15	2.94938e-15	2.94938e-15	2.94938e-15	2.94938e-15	2.94938e-15	2.94938e-15	2.94938e-15	2.94938e-15	2.94938e-15	2.94938e-15	2.94938e-15	2.94938e-15	2.94938e-15	2.94938e-15	2.94938e-15	2.94938e-15	2.94938e-15	2.94938e-15	2.94938e-15	2.94938e-15	2.94938e-15	2.94938e-15	2.94938e-15	2.94938e-15	2.94938e-15	2.94938e-15	2.94938e-15	2.94938e-15	2.94938e-15	2.94938e-15	2.94938e-15	2.94938e-15	2.94938e-15	2.94938e-15	2.94938e-15	2.94938e-15	2.94938e-15	2.94938e-15	2.94938e-15	2.94938e-15	2.94938e-15	2.94938e-15	2.94938e-15	2.94938e-15	2.94938e-15	2.94938e-15	2.94938e-15	2.94938e-15	2.94938e-15	2.94938e-15	2.94938e-15	2.94938e-15	2.94938e-15
23.70	2.16127e-26	7.23594e-26	1.50031e-25	2.68921e-25	4.50924e-25	7.29571e-25	1.15624e-24	1.80964e-24	2.81046e-24	4.34370e-24	6.69312e-24	1.02942e-23	1.58153e-23	2.42831e-23	3.72756e-23	5.72198e-23	8.78515e-23	1.34927e-22	2.07326e-22	3.18763e-22	4.90453e-22	7.55271e-22	1.16426e-21	1.79687e-21	2.77709e-21	4.29906e-21	6.66788e-21	1.03652e-20	1.61551e-20	2.52577e-20	3.96348e-20	6.24682e-20	9.89722e-20	1.57797e-19	2.53514e-19	4.11114e-19	6.74458e-19	1.12274e-18	1.90427e-18	3.31030e-18	5.95053e-18	1.12206e-17	2.27669e-17	5.23997e-17	1.58048e-16	1.39076e-15	5.96567e-15	5.97311e-15	5.97312e-15	5.97312e-15	5.97312e-15	5.97312e-15	5.97312e-15	5.97312e-15	5.97312e-15	5.97312e-15	5.97312e-15	5.97312e-15	5.97312e-15	5.97312e-15	5.97312e-15	5.97312e-15	5.97312e-15	5.97312e-15	5.97312e-15	5.97312e-15	5.97312e-15	5.97312e-15	5.97312e-15	5.97312e-15	5.97312e-15	5.97312e-15	5.97312e-15	5.97312e-15	5.97312e-15	5.97312e-15	5.97312e-15	5.97312e-15	5.97312e-15	5.97312e-15	5.97312e-15	5.97312e-15	5.97312e-15	5.97312e-15	5.97312e-15	5.97312e-15	5.97312e-15	5.97312e-15	5.97312e-15	5.97312e-15	5.97312e-15	5.97312e-15	5.97312e-15	5.97312e-15	5.97312e-15	5.97312e-15	5.97312e-15	5.97312e-15	5.97312e-15	5.97312e-15	5.97312e-15	5.97312e-15	5.97312e-15	5.97312e-15	5.97312e-15	5.97312e-15	5.97312e-15	5.97312e-15	5.97312e-15	5.97312e-15	5.97312e-15	5.97312e-15	5.97312e-15	5.97312e-15	5.97312e-15	5.97312e-15	5.97312e-15	5.97312e-15	5.97312e-15	5.97312e-15	5.97312e-15	5.97312e-15	5.97312e-15	5.97312e-15	5.97312e-15	5.97312e-15	5.97312e-15	5.97312e-15	5.97312e-15	5.97312e-15	5.97312e-15	5.97312e-15	5.97312e-15	5.97312e-15	5.97312e-15	5.97312e-15	5.97312e-15	5.97312e-15	5.97312e-15	5.97312e-15	5.97312e-15	5.97312e-15	5.97312e-15	5.97312e-15	5.97312e-15
23.73	1.84745e-26	6.18527e-26	1.28246e-25	2.29874e-25	3.85449e-25	6.23636e-25	9.88349e-25	1.54688e-24	2.40238e-24	3.71299e-24	5.72127e-24	8.79944e-24	1.35189e-23	2.07571e-23	3.18631e-23	4.89114e-23	7.50953e-23	1.15335e-22	1.77222e-22	2.72478e-22	4.19239e-22	6.45605e-22	9.95209e-22	1.53596e-21	2.37386e-21	3.67483e-21	5.69970e-21	8.86013e-21	1.38094e-20	2.15903e-20	3.38798e-20	5.33977e-20	8.46013e-20	1.34885e-19	2.16703e-19	3.51420e-19	5.76526e-19	9.59718e-19	1.62777e-18	2.82964e-18	5.08651e-18	9.59135e-18	1.94611e-17	4.47912e-17	1.35099e-16	1.18882e-15	5.54582e-15	5.66664e-15	5.66676e-15	5.66676e-15	5.66676e-15	5.66676e-15	5.66676e-15	5.66676e-15	5.66676e-15	5.66676e-15	5.66676e-15	5.66676e-15	5.66676e-15	5.66676e-15	5.66676e-15	5.66676e-15	5.66676e-15	5.66676e-15	5.66676e-15	5.66676e-15	5.66676e-15	5.66676e-15	5.66676e-15	5.66676e-15	5.66676e-15	5.66676e-15	5.66676e-15	5.66676e-15	5.66676e-15	5.66676e-15	5.66676e-15	5.66676e-15	5.66676e-15	5.66676e-15	5.66676e-15	5.66676e-15	5.66676e-15	5.66676e-15	5.66676e-15	5.66676e-15	5.66676e-15	5.66676e-15	5.66676e-15	5.66676e-15	5.66676e-15	5.66676e-15	5.66676e-15	5.66676e-15	5.66676e-15	5.66676e-15	5.66676e-15	5.66676e-15	5.66676e-15	5.66676e-15	5.66676e-15	5.66676e-15	5.66676e-15	5.66676e-15	5.66676e-15	5.66676e-15	5.66676e-15	5.66676e-15	5.66676e-15	5.66676e-15	5.66676e-15	5.66676e-15	5.66676e-15	5.66676e-15	5.66676e-15	5.66676e-15	5.66676e-15	5.66676e-15	5.66676e-15	5.66676e-15	5.66676e-15	5.66676e-15	5.66676e-15	5.66676e-15	5.66676e-15	5.66676e-15	5.66676e-15	5.66676e-15	5.66676e-15	5.66676e-15	5.66676e-15	5.66676e-15	5.66676e-15	5.66676e-15	5.66676e-15	5.66676e-15	5.66676e-15	5.66676e-15	5.66676e-15	5.66676e-15	5.66676e-15	5.66676e-15	5.66676e-15	5.66676e-15	5.66676e-15
23.76	1.57920e-26	5.28716e-26	1.09624e-25	1.96496e-25	3.29481e-25	5.33083e-25	8.44840e-25	1.32227e-24	2.05355e-24	3.17385e-24	4.89054e-24	7.52175e-24	1.15559e-23	1.77432e-23	2.72365e-23	4.18094e-23	6.41914e-23	9.85886e-23	1.51489e-22	2.32914e-22	3.58365e-22	5.51862e-22	8.50703e-22	1.31294e-21	2.02917e-21	3.14124e-21	4.87209e-21	7.57363e-21	1.18042e-20	1.84553e-20	2.89604e-20	4.56443e-20	7.23170e-20	1.15299e-19	1.85237e-19	3.00393e-19	4.92813e-19	8.20365e-19	1.39141e-18	2.41877e-18	4.34794e-18	8.19867e-18	1.66354e-17	3.82874e-17	1.15482e-16	1.01620e-15	4.74152e-15	5.00270e-15	5.00599e-15	5.00599e-15	5.00599e-15	5.00599e-15	5.00599e-15	5.00599e-15	5.00599e-15	5.00599e-15	5.00599e-15	5.00599e-15	5.00599e-15	5.00599e-15	5.00599e-15	5.00599e-15	5.00599e-15	5.00599e-15	5.00599e-15	5.00599e-15	5.00599e-15	5.00599e-15	5.00599e-15	5.00599e-15	5.00599e-15	5.00599e-15	5.00599e-15	5.00599e-15	5.00599e-15	5.00599e-15	5.00599e-15	5.00599e-15	5.00599e-15	5.00599e-15	5.00599e-15	5.00599e-15	5.00599e-15	5.00599e-15	5.00599e-15	5.00599e-15	5.00599e-15	5.00599e-15	5.00599e-15	5.00599e-15	5.00599e-15	5.00599e-15	5.00599e-15	5.00599e-15	5.00599e-15	5.00599e-15	5.00599e-15	5.00599e-15	5.00599e-15	5.00599e-15	5.00599e-15	5.00599e-15	5.00599e-15	5.00599e-15	5.00599e-15	5.00599e-15	5.00599e-15	5.00599e-15	5.00599e-15	5.00599e-15	5.00599e-15	5.00599e-15	5.00599e-15	5.00599e-15	5.00599e-15	5.00599e-15	5.00599e-15	5.00599e-15	5.00599e-15	5.00599e-15	5.00599e-15	5.00599e-15	5.00599e-15	5.00599e-15	5.00599e-15	5.00599e-15	5.00599e-15	5.00599e-15	5.00599e-15	5.00599e-15	5.00599e-15	5.00599e-15	5.00599e-15	5.00599e-15	5.00599e-15	5.00599e-15	5.00599e-15	5.00599e-15	5.00599e-15	5.00599e-15	5.00599e-15	5.00599e-15	5.00599e-15	5.00599e-15	5.00599e-15
23.80	1.34989e-26	4.51946e-26	9.37068e-26	1.67964e-25	2.81640e-25	4.55679e-25	7.22168e-25	1.13028e-24	1.75537e-24	2.71301e-24	4.18042e-24	6.42958e-24	9.87796e-24	1.51668e-23	2.32818e-23	3.57386e-23	5.48707e-23	8.42734e-23	1.29493e-22	1.99094e-22	3.06329e-22	4.71731e-22	7.27180e-22	1.12230e-21	1.73453e-21	2.68513e-21	4.16466e-21	6.47392e-21	1.00902e-20	1.57756e-20	2.47553e-20	3.90167e-20	6.18165e-20	9.85578e-20	1.58341e-19	2.56775e-19	4.21256e-19	7.01247e-19	1.18938e-18	2.06756e-18	3.71661e-18	7.00821e-18	1.42199e-17	3.27280e-17	9.87142e-17	8.68649e-16	4.05305e-15	4.31531e-15	4.35612e-15	4.35622e-15	4.35622e-15	4.35622e-15	4.35622e-15	4.35622e-15	4.35622e-15	4.35622e-15	4.35622e-15	4.35622e-15	4.35622e-15	4.35622e-15	4.35622e-15	4.35622e-15	4.35622e-15	4.35622e-15	4.35622e-15	4.35622e-15	4.35622e-15	4.35622e-15	4.35622e-15	4.35622e-15	4.35622e-15	4.35622e-15	4.35622e-15	4.35622e-15	4.35622e-15	4.35622e-15	4.35622e-15	4.35622e-15	4.35622e-15	4.35622e-15	4.35622e-15	4.35622e-15	4.35622e-15	4.35622e-15	4.35622e-15	4.35622e-15	4.35622e-15	4.35622e-15	4.35622e-15	4.35622e-15	4.35622e-15	4.35622e-15	4.35622e-15	4.35622e-15	4.35622e-15	4.35622e-15	4.35622e-15	4.35622e-15	4.35622e-15	4.35622e-15	4.35622e-15	4.35622e-15	4.35622e-15	4.35622e-15	4.35622e-15	4.35622e-15	4.35622e-15	4.35622e-15	4.35622e-15	4.35622e-15	4.35622e-15	4.35622e-15	4.35622e-15	4.35622e-15	4.35622e-15	4.35622e-15	4.35622e-15	4.35622e-15	4.35622e-15	4.35622e-15	4.35622e-15	4.35622e-15	4.35622e-15	4.35622e-15	4.35622e-15	4.35622e-15	4.35622e-15	4.35622e-15	4.35622e-15	4.35622e-15	4.35622e-15	4.35622e-15	4.35622e-15	4.35622e-15	4.35622e-15	4.35622e-15	4.35622e-15	4.35622e-15	4.35622e-15	4.35622e-15	4.35622e-15	4.35622e-15	4.35622e-15	4.35622e-15	4.35622e-15
23.83	1.15389e-26	3.86323e-26	8.01004e-26	1.43575e-25	2.40745e-25	3.89514e-25	6.17308e-25	9.66158e-25	1.50049e-24	2.31907e-24	3.57342e-24	5.49599e-24	8.44367e-24	1.29646e-23	1.99012e-23	3.05493e-23	4.69034e-23	7.20367e-23	1.10690e-22	1.70186e-22	2.61850e-22	4.03235e-22	6.21592e-22	9.59339e-22	1.48267e-21	2.29524e-21	3.55994e-21	5.53390e-21	8.62512e-21	1.34849e-20	2.11608e-20	3.33514e-20	5.28406e-20	8.42471e-20	1.35349e-19	2.19491e-19	3.60089e-19	5.99425e-19	1.01668e-18	1.76735e-18	3.17695e-18	5.99061e-18	1.21551e-17	2.79759e-17	8.43807e-17	7.42520e-16	3.46454e-15	3.68872e-15	3.76615e-15	3.76875e-15	3.76875e-15	3.76875e-15	3.76875e-15	3.76875e-15	3.76875e-15	3.76875e-15	3.76875e-15	3.76875e-15	3.76875e-15	3.76875e-15	3.76875e-15	3.76875e-15	3.76875e-15	3.76875e-15	3.76875e-15	3.76875e-15	3.76875e-15	3.76875e-15	3.76875e-15	3.76875e-15	3.76875e-15	3.76875e-15	3.76875e-15	3.76875e-15	3.76875e-15	3.76875e-15	3.76875e-15	3.76875e-15	3.76875e-15	3.76875e-15	3.76875e-15	3.76875e-15	3.76875e-15	3.76875e-15	3.76875e-15	3.76875e-15	3.76875e-15	3.76875e-15	3.76875e-15	3.76875e-15	3.76875e-15	3.76875e-15	3.76875e-15	3.76875e-15	3.76875e-15	3.76875e-15	3.76875e-15	3.76875e-15	3.76875e-15	3.76875e-15	3.76875e-15	3.76875e-15	3.76875e-15	3.76875e-15	3.76875e-15	3.76875e-15	3.76875e-15	3.76875e-15	3.76875e-15	3.76875e-15	3.76875e-15	3.76875e-15	3.76875e-15	3.76875e-15	3.76875e-15	3.76875e-15	3.76875e-15	3.76875e-15	3.76875e-15	3.76875e-15	3.76875e-15	3.76875e-15	3.76875e-15	3.76875e-15	3.76875e-15	3.76875e-15	3.76875e-15	3.76875e-15	3.76875e-15	3.76875e-15	3.76875e-15	3.76875e-15	3.76875e-15	3.76875e-15	3.76875e-15	3.76875e-15	3.76875e-15	3.76875e-15	3.76875e-15	3.76875e-15	3.76875e-15	3.76875e-15	3.76875e-15	3.76875e-15	3.76875e-15
23.87	9.86342e-27	3.30228e-26	6.84697e-26	1.22728e-25	2.05789e-25	3.32956e-25	5.27674e-25	8.25870e-25	1.28261e-24	1.98234e-24	3.05455e-24	4.69797e-24	7.21763e-24	1.10821e-23	1.70115e-23	2.61135e-23	4.00929e-23	6.15769e-23	9.46177e-23	1.45474e-22	2.23829e-22	3.44684e-22	5.31336e-22	8.20042e-22	1.26739e-21	1.96197e-21	3.04303e-21	4.73037e-21	7.37274e-21	1.15269e-20	1.80882e-20	2.85087e-20	4.51681e-20	7.20143e-20	1.15696e-19	1.87621e-19	3.07804e-19	5.12387e-19	8.69056e-19	1.51073e-18	2.71565e-18	5.12076e-18	1.03902e-17	2.39137e-17	7.21285e-17	6.34705e-16	2.96148e-15	3.15311e-15	3.22823e-15	3.25093e-15	3.25103e-15	3.25103e-15	3.25103e-15	3.25103e-15	3.25103e-15	3.25103e-15	3.25103e-15	3.25103e-15	3.25103e-15	3.25103e-15	3.25103e-15	3.25103e-15	3.25103e-15	3.25103e-15	3.25103e-15	3.25103e-15	3.25103e-15	3.25103e-15	3.25103e-15	3.25103e-15	3.25103e-15	3.25103e-15	3.25103e-15	3.25103e-15	3.25103e-15	3.25103e-15	3.25103e-15	3.25103e-15	3.25103e-15	3.25103e-15	3.25103e-15	3.25103e-15	3.25103e-15	3.25103e-15	3.25103e-15	3.25103e-15	3.25103e-15	3.25103e-15	3.25103e-15	3.25103e-15	3.25103e-15	3.25103e-15	3.25103e-15	3.25103e-15	3.25103e-15	3.25103e-15	3.25103e-15	3.25103e-15	3.25103e-15	3.25103e-15	3.25103e-15	3.25103e-15	3.25103e-15	3.25103e-15	3.25103e-15	3.25103e-15	3.25103e-15	3.25103e-15	3.25103e-15	3.25103e-15	3.25103e-15	3.25103e-15	3.25103e-15	3.25103e-15	3.25103e-15	3.25103e-15	3.25103e-15	3.25103e-15	3.25103e-15	3.25103e-15	3.25103e-15	3.25103e-15	3.25103e-15	3.25103e-15	3.25103e-15	3.25103e-15	3.25103e-15	3.25103e-15	3.25103e-15	3.25103e-15	3.25103e-15	3.25103e-15	3.25103e-15	3.25103e-15	3.25103e-15	3.25103e-15	3.25103e-15	3.25103e-15	3.25103e-15	3.25103e-15	3.25103e-15	3.25103e-15	3.25103e-15	3.25103e-15	3.25103e-15
23.90	8.43123e-27	2.82278e-26	5.85278e-26	1.04908e-25	1.75908e-25	2.84610e-25	4.51055e-25	7.05953e-25	1.09638e-24	1.69450e-24	2.61103e-24	4.01581e-24	6.16962e-24	9.47297e-24	1.45414e-23	2.23218e-23	3.42714e-23	5.26358e-23	8.08791e-23	1.24351e-22	1.91329e-22	2.94636e-22	4.54185e-22	7.00970e-22	1.08336e-21	1.67709e-21	2.60118e-21	4.04351e-21	6.30220e-21	9.85318e-21	1.54618e-20	2.43692e-20	3.86096e-20	6.15577e-20	9.88971e-20	1.60378e-19	2.63110e-19	4.37988e-19	7.42867e-19	1.29137e-18	2.32134e-18	4.37722e-18	8.88151e-18	2.04414e-17	6.16553e-17	5.42544e-16	2.53147e-15	2.69528e-15	2.75949e-15	2.79721e-15	2.79975e-15	2.79975e-15	2.79975e-15	2.79975e-15	2.79975e-15	2.79975e-15	2.79975e-15	2.79975e-15	2.79975e-15	2.79975e-15	2.79975e-15	2.79975e-15	2.79975e-15	2.79975e-15	2.79975e-15	2.79975e-15	2.79975e-15	2.79975e-15	2.79975e-15	2.79975e-15	2.79975e-15	2.79975e-15	2.79975e-15	2.79975e-15	2.79975e-15	2.79975e-15	2.79975e-15	2.79975e-15	2.79975e-15	2.79975e-15	2.79975e-15	2.79975e-15	2.79975e-15	2.79975e-15	2.79975e-15	2.79975e-15	2.79975e-15	2.79975e-15	2.79975e-15	2.79975e-15	2.79975e-15	2.79975e-15	2.79975e-15	2.79975e-15	2.79975e-15	2.79975e-15	2.79975e-15	2.79975e-15	2.79975e-15	2.79975e-15	2.79975e-15	2.79975e-15	2.79975e-15	2.79975e-15	2.79975e-15	2.79975e-15	2.79975e-15	2.79975e-15	2.79975e-15	2.79975e-15	2.79975e-15	2.79975e-15	2.79975e-15	2.79975e-15	2.79975e-15	2.79975e-15	2.79975e-15	2.79975e-15	2.79975e-15	2.79975e-15	2.79975e-15	2.79975e-15	2.79975e-15	2.79975e-15	2.79975e-15	2.79975e-15	2.79975e-15	2.79975e-15	2.79975e-15	2.79975e-15	2.79975e-15	2.79975e-15	2.79975e-15	2.79975e-15	2.79975e-15	2.79975e-15	2.79975e-15	2.79975e-15	2.79975e-15	2.79975e-15	2.79975e-15	2.79975e-15	2.79975e-15	2.79975e-15	2.79975e-15
23.93	7.20701e-27	2.41291e-26	5.00295e-26	8.96750e-26	1.50366e-25	2.43284e-25	3.85561e-25	6.03447e-25	9.37181e-25	1.44846e-24	2.23190e-24	3.43271e-24	5.27378e-24	8.09748e-24	1.24300e-23	1.90806e-23	2.92951e-23	4.49930e-23	6.91353e-23	1.06295e-22	1.63547e-22	2.51854e-22	3.88237e-22	5.99188e-22	9.26055e-22	1.43357e-21	2.22348e-21	3.45639e-21	5.38711e-21	8.42249e-21	1.32167e-20	2.08308e-20	3.30034e-20	5.26194e-20	8.45371e-20	1.37091e-19	2.24906e-19	3.74391e-19	6.35002e-19	1.10386e-18	1.98428e-18	3.74164e-18	7.59190e-18	1.74733e-17	5.27029e-17	4.63766e-16	2.16390e-15	2.30392e-15	2.35881e-15	2.39336e-15	2.40848e-15	2.40860e-15	2.40860e-15	2.40860e-15	2.40860e-15	2.40860e-15	2.40860e-15	2.40860e-15	2.40860e-15	2.40860e-15	2.40860e-15	2.40860e-15	2.40860e-15	2.40860e-15	2.40860e-15	2.40860e-15	2.40860e-15	2.40860e-15	2.40860e-15	2.40860e-15	2.40860e-15	2.40860e-15	2.40860e-15	2.40860e-15	2.40860e-15	2.40860e-15	2.40860e-15	2.40860e-15	2.40860e-15	2.40860e-15	2.40860e-15	2.40860e-15	2.40860e-15	2.40860e-15	2.40860e-15	2.40860e-15	2.40860e-15	2.40860e-15	2.40860e-15	2.40860e-15	2.40860e-15	2.40860e-15	2.40860e-15	2.40860e-15	2.40860e-15	2.40860e-15	2.40860e-15	2.40860e-15	2.40860e-15	2.40860e-15	2.40860e-15	2.40860e-15	2.40860e-15	2.40860e-15	2.40860e-15	2.40860e-15	2.40860e-15	2.40860e-15	2.40860e-15	2.40860e-15	2.40860e-15	2.40860e-15	2.40860e-15	2.40860e-15	2.40860e-15	2.40860e-15	2.40860e-15	2.40860e-15	2.40860e-15	2.40860e-15	2.40860e-15	2.40860e-15	2.40860e-15	2.40860e-15	2.40860e-15	2.40860e-15	2.40860e-15	2.40860e-15	2.40860e-15	2.40860e-15	2.40860e-15	2.40860e-15	2.40860e-15	2.40860e-15	2.40860e-15	2.40860e-15	2.40860e-15	2.40860e-15	2.40860e-15	2.40860e-15	2.40860e-15	2.40860e-15	2.40860e-15	2.40860e-15	2.40860e-15
23.97	6.16054e-27	2.06255e-26	4.27651e-26	7.66541e-26	1.28533e-25	2.07959e-25	3.29577e-25	5.15826e-25	8.01101e-25	1.23814e-24	1.90783e-24	2.93428e-24	4.50802e-24	6.92171e-24	1.06251e-23	1.63101e-23	2.50414e-23	3.84600e-23	5.90968e-23	9.08611e-23	1.39800e-22	2.15284e-22	3.31864e-22	5.12185e-22	7.91590e-22	1.22542e-21	1.90063e-21	2.95451e-21	4.60490e-21	7.19953e-21	1.12976e-20	1.78061e-20	2.82113e-20	4.49790e-20	7.22622e-20	1.17185e-19	1.92249e-19	3.20029e-19	5.42799e-19	9.43577e-19	1.69616e-18	3.19835e-18	6.48955e-18	1.49361e-17	4.50504e-17	3.96427e-16	1.84970e-15	1.96939e-15	2.01630e-15	2.04584e-15	2.06799e-15	2.07068e-15	2.07068e-15	2.07068e-15	2.07068e-15	2.07068e-15	2.07068e-15	2.07068e-15	2.07068e-15	2.07068e-15	2.07068e-15	2.07068e-15	2.07068e-15	2.07068e-15	2.07068e-15	2.07068e-15	2.07068e-15	2.07068e-15	2.07068e-15	2.07068e-15	2.07068e-15	2.07068e-15	2.07068e-15	2.07068e-15	2.07068e-15	2.07068e-15	2.07068e-15	2.07068e-15	2.07068e-15	2.07068e-15	2.07068e-15	2.07068e-15	2.07068e-15	2.07068e-15	2.07068e-15	2.07068e-15	2.07068e-15	2.07068e-15	2.07068e-15	2.07068e-15	2.07068e-15	2.07068e-15	2.07068e-15	2.07068e-15	2.07068e-15	2.07068e-15	2.07068e-15	2.07068e-15	2.07068e-15	2.07068e-15	2.07068e-15	2.07068e-15	2.07068e-15	2.07068e-15	2.07068e-15	2.07068e-15	2.07068e-15	2.07068e-15	2.07068e-15	2.07068e-15	2.07068e-15	2.07068e-15	2.07068e-15	2.07068e-15	2.07068e-15	2.07068e-15	2.07068e-15	2.07068e-15	2.07068e-15	2.07068e-15	2.07068e-15	2.07068e-15	2.07068e-15	2.07068e-15	2.07068e-15	2.07068e-15	2.07068e-15	2.07068e-15	2.07068e-15	2.07068e-15	2.07068e-15	2.07068e-15	2.07068e-15	2.07068e-15	2.07068e-15	2.07068e-15	2.07068e-15	2.07068e-15	2.07068e-15	2.07068e-15	2.07068e-15	2.07068e-15	2.07068e-15	2.07068e-15	2.07068e-15
24.00	5.26602e-27	1.76307e-26	3.65556e-26	6.55238e-26	1.09869e-25	1.77763e-25	2.81722e-25	4.40927e-25	6.84780e-25	1.05836e-24	1.63081e-24	2.50821e-24	3.85345e-24	5.91667e-24	9.08235e-24	1.39418e-23	2.14054e-23	3.28755e-23	5.05158e-23	7.76679e-23	1.19501e-22	1.84025e-22	2.83677e-22	4.37815e-22	6.76650e-22	1.04748e-21	1.62466e-21	2.52551e-21	3.93626e-21	6.15415e-21	9.65718e-21	1.52206e-20	2.41150e-20	3.84480e-20	6.17696e-20	1.00170e-19	1.64334e-19	2.73561e-19	4.63983e-19	8.06568e-19	1.44987e-18	2.73394e-18	5.54725e-18	1.27674e-17	3.85090e-17	3.38865e-16	1.58112e-15	1.68343e-15	1.72353e-15	1.74878e-15	1.76818e-15	1.77919e-15	1.77935e-15	1.77935e-15	1.77935e-15	1.77935e-15	1.77935e-15	1.77935e-15	1.77935e-15	1.77935e-15	1.77935e-15	1.77935e-15	1.77935e-15	1.77935e-15	1.77935e-15	1.77935e-15	1.77935e-15	1.77935e-15	1.77935e-15	1.77935e-15	1.77935e-15	1.77935e-15	1.77935e-15	1.77935e-15	1.77935e-15	1.77935e-15	1.77935e-15	1.77935e-15	1.77935e-15	1.77935e-15	1.77935e-15	1.77935e-15	1.77935e-15	1.77935e-15	1.77935e-15	1.77935e-15	1.77935e-15	1.77935e-15	1.77935e-15	1.77935e-15	1.77935e-15	1.77935e-15	1.77935e-15	1.77935e-15	1.77935e-15	1.77935e-15	1.77935e-15	1.77935e-15	1.77935e-15	1.77935e-15	1.77935e-15	1.77935e-15	1.77935e-15	1.77935e-15	1.77935e-15	1.77935e-15	1.77935e-15	1.77935e-15	1.77935e-15	1.77935e-15	1.77935e-15	1.77935e-15	1.77935e-15	1.77935e-15	1.77935e-15	1.77935e-15	1.77935e-15	1.77935e-15	1.77935e-15	1.77935e-15	1.77935e-15	1.77935e-15	1.77935e-15	1.77935e-15	1.77935e-15	1.77935e-15	1.77935e-15	1.77935e-15	1.77935e-15	1.77935e-15	1.77935e-15	1.77935e-15	1.77935e-15	1.77935e-15	1.77935e-15	1.77935e-15	1.77935e-15	1.77935e-15	1.77935e-15	1.77935e-15	1.77935e-15	1.77935e-15	1.77935e-15	1.77935e-15	1.77935e-15
24.04	4.50138e-27	1.50707e-26	3.12476e-26	5.60096e-26	9.39162e-26	1.51951e-25	2.40815e-25	3.76904e-25	5.85349e-25	9.04684e-25	1.39401e-24	2.14402e-24	3.29392e-24	5.05756e-24	7.76358e-24	1.19175e-23	1.82973e-23	2.81019e-23	4.31808e-23	6.63904e-23	1.02149e-22	1.57304e-22	2.42487e-22	3.74244e-22	5.78400e-22	8.95388e-22	1.38875e-21	2.15881e-21	3.36471e-21	5.26055e-21	8.25494e-21	1.30106e-20	2.06134e-20	3.28653e-20	5.28006e-20	8.56248e-20	1.40473e-19	2.33839e-19	3.96612e-19	6.89453e-19	1.23935e-18	2.33697e-18	4.74178e-18	1.09135e-17	3.29174e-17	2.89661e-16	1.35154e-15	1.43899e-15	1.47327e-15	1.49485e-15	1.51144e-15	1.52563e-15	1.52852e-15	1.52853e-15	1.52853e-15	1.52853e-15	1.52853e-15	1.52853e-15	1.52853e-15	1.52853e-15	1.52853e-15	1.52853e-15	1.52853e-15	1.52853e-15	1.52853e-15	1.52853e-15	1.52853e-15	1.52853e-15	1.52853e-15	1.52853e-15	1.52853e-15	1.52853e-15	1.52853e-15	1.52853e-15	1.52853e-15	1.52853e-15	1.52853e-15	1.52853e-15	1.52853e-15	1.52853e-15	1.52853e-15	1.52853e-15	1.52853e-15	1.52853e-15	1.52853e-15	1.52853e-15	1.52853e-15	1.52853e-15	1.52853e-15	1.52853e-15	1.52853e-15	1.52853e-15	1.52853e-15	1.52853e-15	1.52853e-15	1.52853e-15	1.52853e-15	1.52853e-15	1.52853e-15	1.52853e-15	1.52853e-15	1.52853e-15	1.52853e-15	1.52853e-15	1.52853e-15	1.52853e-15	1.52853e-15	1.52853e-15	1.52853e-15	1.52853e-15	1.52853e-15	1.52853e-15	1.52853e-15	1.52853e-15	1.52853e-15	1.52853e-15	1.52853e-15	1.52853e-15	1.52853e-15	1.52853e-15	1.52853e-15	1.52853e-15	1.52853e-15	1.52853e-15	1.52853e-15	1.52853e-15	1.52853e-15	1.52853e-15	1.52853e-15	1.52853e-15	1.52853e-15	1.52853e-15	1.52853e-15	1.52853e-15	1.52853e-15	1.52853e-15	1.52853e-15	1.52853e-15	1.52853e-15	1.52853e-15	1.52853e-15	1.52853e-15	1.52853e-15	1.52853e-15	1.52853e-15
24.07	3.84778e-27	1.28824e-26	2.67104e-26	4.78769e-26	8.02794e-26	1.29888e-25	2.05849e-25	3.22177e-25	5.00355e-25	7.73322e-25	1.19160e-24	1.83270e-24	2.81564e-24	4.32319e-24	6.63629e-24	1.01870e-23	1.56405e-23	2.40215e-23	3.69109e-23	5.67504e-23	8.73170e-23	1.34463e-22	2.07277e-22	3.19903e-22	4.94415e-22	7.65376e-22	1.18710e-21	1.84534e-21	2.87615e-21	4.49671e-21	7.05631e-21	1.11214e-20	1.76203e-20	2.80932e-20	4.51339e-20	7.31919e-20	1.20076e-19	1.99885e-19	3.39024e-19	5.89343e-19	1.05939e-18	1.99764e-18	4.05327e-18	9.32888e-18	2.81377e-17	2.47602e-16	1.15529e-15	1.23005e-15	1.25935e-15	1.27780e-15	1.29197e-15	1.30414e-15	1.31257e-15	1.31279e-15	1.31279e-15	1.31279e-15	1.31279e-15	1.31279e-15	1.31279e-15	1.31279e-15	1.31279e-15	1.31279e-15	1.31279e-15	1.31279e-15	1.31279e-15	1.31279e-15	1.31279e-15	1.31279e-15	1.31279e-15	1.31279e-15	1.31279e-15	1.31279e-15	1.31279e-15	1.31279e-15	1.31279e-15	1.31279e-15	1.31279e-15	1.31279e-15	1.31279e-15	1.31279e-15	1.31279e-15	1.31279e-15	1.31279e-15	1.31279e-15	1.31279e-15	1.31279e-15	1.31279e-15	1.31279e-15	1.31279e-15	1.31279e-15	1.31279e-15	1.31279e-15	1.31279e-15	1.31279e-15	1.31279e-15	1.31279e-15	1.31279e-15	1.31279e-15	1.31279e-15	1.31279e-15	1.31279e-15	1.31279e-15	1.31279e-15	1.31279e-15	1.31279e-15	1.31279e-15	1.31279e-15	1.31279e-15	1.31279e-15	1.31279e-15	1.31279e-15	1.31279e-15	1.31279e-15	1.31279e-15	1.31279e-15	1.31279e-15	1.31279e-15	1.31279e-15	1.31279e-15	1.31279e-15	1.31279e-15	1.31279e-15	1.31279e-15	1.31279e-15	1.31279e-15	1.31279e-15	1.31279e-15	1.31279e-15	1.31279e-15	1.31279e-15	1.31279e-15	1.31279e-15	1.31279e-15	1.31279e-15	1.31279e-15	1.31279e-15	1.31279e-15	1.31279e-15	1.31279e-15	1.31279e-15	1.31279e-15	1.31279e-15	1.31279e-15	1.31279e-15	1.31279e-15
24.10	3.28907e-27	1.10118e-26	2.28320e-26	4.09251e-26	6.86227e-26	1.11028e-25	1.75959e-25	2.75396e-25	4.27703e-25	6.61035e-25	1.01858e-24	1.56659e-24	2.40681e-24	3.69546e-24	5.67269e-24	8.70785e-24	1.33695e-23	2.05335e-23	3.15514e-23	4.85102e-23	7.46384e-23	1.14939e-22	1.77180e-22	2.73453e-22	4.22625e-22	6.54242e-22	1.01474e-21	1.57740e-21	2.45853e-21	3.84378e-21	6.03172e-21	9.50657e-21	1.50618e-20	2.40140e-20	3.85803e-20	6.25644e-20	1.02641e-19	1.70862e-19	2.89797e-19	5.03770e-19	9.05567e-19	1.70758e-18	3.46473e-18	7.97431e-18	2.40521e-17	2.11650e-16	9.87541e-16	1.05144e-15	1.07649e-15	1.09226e-15	1.10438e-15	1.11478e-15	1.12435e-15	1.12733e-15	1.12734e-15	1.12734e-15	1.12734e-15	1.12734e-15	1.12734e-15	1.12734e-15	1.12734e-15	1.12734e-15	1.12734e-15	1.12734e-15	1.12734e-15	1.12734e-15	1.12734e-15	1.12734e-15	1.12734e-15	1.12734e-15	1.12734e-15	1.12734e-15	1.12734e-15	1.12734e-15	1.12734e-15	1.12734e-15	1.12734e-15	1.12734e-15	1.12734e-15	1.12734e-15	1.12734e-15	1.12734e-15	1.12734e-15	1.12734e-15	1.12734e-15	1.12734e-15	1.12734e-15	1.12734e-15	1.12734e-15	1.12734e-15	1.12734e-15	1.12734e-15	1.12734e-15	1.12734e-15	1.12734e-15	1.12734e-15	1.12734e-15	1.12734e-15	1.12734e-15	1.12734e-15	1.12734e-15	1.12734e-15	1.12734e-15	1.12734e-15	1.12734e-15	1.12734e-15	1.12734e-15	1.12734e-15	1.12734e-15	1.12734e-15	1.12734e-15	1.12734e-15	1.12734e-15	1.12734e-15	1.12734e-15	1.12734e-15	1.12734e-15	1.12734e-15	1.12734e-15	1.12734e-15	1.12734e-15	1.12734e-15	1.12734e-15	1.12734e-15	1.12734e-15	1.12734e-15	1.12734e-15	1.12734e-15	1.12734e-15	1.12734e-15	1.12734e-15	1.12734e-15	1.12734e-15	1.12734e-15	1.12734e-15	1.12734e-15	1.12734e-15	1.12734e-15	1.12734e-15	1.12734e-15	1.12734e-15	1.12734e-15	1.12734e-15	1.12734e-15	1.12734e-15
24.14	2.81149e-27	9.41290e-27	1.95168e-26	3.49827e-26	5.86586e-26	9.49065e-26	1.50409e-25	2.35408e-25	3.65600e-25	5.65051e-25	8.70678e-25	1.33912e-24	2.05733e-24	3.15887e-24	4.84901e-24	7.44345e-24	1.14282e-23	1.75520e-23	2.69701e-23	4.14664e-23	6.38008e-23	9.82497e-23	1.51453e-22	2.33747e-22	3.61259e-22	5.59245e-22	8.67394e-22	1.34836e-21	2.10154e-21	3.28566e-21	5.15591e-21	8.12620e-21	1.28748e-20	2.05271e-20	3.29784e-20	5.34799e-20	8.77371e-20	1.46052e-19	2.47718e-19	4.30622e-19	7.74077e-19	1.45964e-18	2.96165e-18	6.81643e-18	2.05597e-17	1.80918e-16	8.44149e-16	8.98772e-16	9.20184e-16	9.33663e-16	9.44019e-16	9.52909e-16	9.61095e-16	9.67727e-16	9.68025e-16	9.68026e-16	9.68026e-16	9.68026e-16	9.68026e-16	9.68026e-16	9.68026e-16	9.68026e-16	9.68026e-16	9.68026e-16	9.68026e-16	9.68026e-16	9.68026e-16	9.68026e-16	9.68026e-16	9.68026e-16	9.68026e-16	9.68026e-16	9.68026e-16	9.68026e-16	9.68026e-16	9.68026e-16	9.68026e-16	9.68026e-16	9.68026e-16	9.68026e-16	9.68026e-16	9.68026e-16	9.68026e-16	9.68026e-16	9.68026e-16	9.68026e-16	9.68026e-16	9.68026e-16	9.68026e-16	9.68026e-16	9.68026e-16	9.68026e-16	9.68026e-16	9.68026e-16	9.68026e-16	9.68026e-16	9.68026e-16	9.68026e-16	9.68026e-16	9.68026e-16	9.68026e-16	9.68026e-16	9.68026e-16	9.68026e-16	9.68026e-16	9.68026e-16	9.68026e-16	9.68026e-16	9.68026e-16	9.68026e-16	9.68026e-16	9.68026e-16	9.68026e-16	9.68026e-16	9.68026e-16	9.68026e-16	9.68026e-16	9.68026e-16	9.68026e-16	9.68026e-16	9.68026e-16	9.68026e-16	9.68026e-16	9.68026e-16	9.68026e-16	9.68026e-16	9.68026e-16	9.68026e-16	9.68026e-16	9.68026e-16	9.68026e-16	9.68026e-16	9.68026e-16	9.68026e-16	9.68026e-16	9.68026e-16	9.68026e-16	9.68026e-16	9.68026e-16	9.68026e-16	9.68026e-16	9.68026e-16	9.68026e-16	9.68026e-16	9.68026e-16
24.17	2.40326e-27	8.04614e-27	1.66829e-26	2.99032e-26	5.01413e-26	8.11260e-26	1.28570e-25	2.01227e-25	3.12514e-25	4.83005e-25	7.44254e-25	1.14468e-24	1.75861e-24	2.70020e-24	4.14493e-24	6.36265e-24	9.76880e-24	1.50035e-23	2.30540e-23	3.54454e-23	5.45368e-23	8.39837e-23	1.29462e-22	1.99806e-22	3.08804e-22	4.78042e-22	7.41447e-22	1.15257e-21	1.79640e-21	2.80858e-21	4.40726e-21	6.94627e-21	1.10054e-20	1.75466e-20	2.81899e-20	4.57145e-20	7.49976e-20	1.24845e-19	2.11749e-19	3.68095e-19	6.61680e-19	1.24769e-18	2.53161e-18	5.82667e-18	1.75744e-17	1.54648e-16	7.21577e-16	7.68269e-16	7.86572e-16	7.98094e-16	8.06946e-16	8.14545e-16	8.21543e-16	8.28306e-16	8.31183e-16	8.31199e-16	8.31199e-16	8.31199e-16	8.31199e-16	8.31199e-16	8.31199e-16	8.31199e-16	8.31199e-16	8.31199e-16	8.31199e-16	8.31199e-16	8.31199e-16	8.31199e-16	8.31199e-16	8.31199e-16	8.31199e-16	8.31199e-16	8.31199e-16	8.31199e-16	8.31199e-16	8.31199e-16	8.31199e-16	8.31199e-16	8.31199e-16	8.31199e-16	8.31199e-16	8.31199e-16	8.31199e-16	8.31199e-16	8.31199e-16	8.31199e-16	8.31199e-16	8.31199e-16	8.31199e-16	8.31199e-16	8.31199e-16	8.31199e-16	8.31199e-16	8.31199e-16	8.31199e-16	8.31199e-16	8.31199e-16	8.31199e-16	8.31199e-16	8.31199e-16	8.31199e-16	8.31199e-16	8.31199e-16	8.31199e-16	8.31199e-16	8.31199e-16	8.31199e-16	8.31199e-16	8.31199e-16	8.31199e-16	8.31199e-16	8.31199e-16	8.31199e-16	8.31199e-16	8.31199e-16	8.31199e-16	8.31199e-16	8.31199e-16	8.31199e-16	8.31199e-16	8.31199e-16	8.31199e-16	8.31199e-16	8.31199e-16	8.31199e-16	8.31199e-16	8.31199e-16	8.31199e-16	8.31199e-16	8.31199e-16	8.31199e-16	8.31199e-16	8.31199e-16	8.31199e-16	8.31199e-16	8.31199e-16	8.31199e-16	8.31199e-16	8.31199e-16	8.31199e-16	8.31199e-16	8.31199e-16	8.31199e-16	8.31199e-16	8.31199e-16
24.21	2.05430e-27	6.87782e-27	1.42605e-26	2.55612e-26	4.28607e-26	6.93463e-26	1.09901e-25	1.72008e-25	2.67137e-25	4.12872e-25	6.36187e-25	9.78469e-25	1.50325e-24	2.30813e-24	3.54308e-24	5.43879e-24	8.35036e-24	1.28249e-23	1.97065e-23	3.02987e-23	4.66180e-23	7.17891e-23	1.10664e-22	1.70794e-22	2.63965e-22	4.08630e-22	6.33788e-22	9.85218e-22	1.53556e-21	2.40077e-21	3.76732e-21	5.93766e-21	9.40739e-21	1.49988e-20	2.40967e-20	3.90767e-20	6.41078e-20	1.06718e-19	1.81003e-19	3.14647e-19	5.65603e-19	1.06653e-18	2.16402e-18	4.98063e-18	1.50226e-17	1.32193e-16	6.16803e-16	6.56715e-16	6.72361e-16	6.82209e-16	6.89776e-16	6.96272e-16	7.02254e-16	7.08035e-16	7.13314e-16	7.13721e-16	7.13722e-16	7.13722e-16	7.13722e-16	7.13722e-16	7.13722e-16	7.13722e-16	7.13722e-16	7.13722e-16	7.13722e-16	7.13722e-16	7.13722e-16	7.13722e-16	7.13722e-16	7.13722e-16	7.13722e-16	7.13722e-16	7.13722e-16	7.13722e-16	7.13722e-16	7.13722e-16	7.13722e-16	7.13722e-16	7.13722e-16	7.13722e-16	7.13722e-16	7.13722e-16	7.13722e-16	7.13722e-16	7.13722e-16	7.13722e-16	7.13722e-16	7.13722e-16	7.13722e-16	7.13722e-16	7.13722e-16	7.13722e-16	7.13722e-16	7.13722e-16	7.13722e-16	7.13722e-16	7.13722e-16	7.13722e-16	7.13722e-16	7.13722e-16	7.13722e-16	7.13722e-16	7.13722e-16	7.13722e-16	7.13722e-16	7.13722e-16	7.13722e-16	7.13722e-16	7.13722e-16	7.13722e-16	7.13722e-16	7.13722e-16	7.13722e-16	7.13722e-16	7.13722e-16	7.13722e-16	7.13722e-16	7.13722e-16	7.13722e-16	7.13722e-16	7.13722e-16	7.13722e-16	7.13722e-16	7.13722e-16	7.13722e-16	7.13722e-16	7.13722e-16	7.13722e-16	7.13722e-16	7.13722e-16	7.13722e-16	7.13722e-16	7.13722e-16	7.13722e-16	7.13722e-16	7.13722e-16	7.13722e-16	7.13722e-16	7.13722e-16	7.13722e-16	7.13722e-16	7.13722e-16	7.13722e-16	7.13722e-16	7.13722e-16
24.24	1.75602e-27	5.87915e-27	1.21899e-26	2.18497e-26	3.66373e-26	5.92771e-26	9.39434e-26	1.47032e-25	2.28348e-25	3.52922e-25	5.43812e-25	8.36394e-25	1.28498e-24	1.97298e-24	3.02862e-24	4.64907e-24	7.13787e-24	1.09627e-23	1.68451e-23	2.58993e-23	3.98490e-23	6.13652e-23	9.45955e-23	1.45995e-22	2.25637e-22	3.49296e-22	5.41761e-22	8.42163e-22	1.31259e-21	2.05217e-21	3.22030e-21	5.07550e-21	8.04142e-21	1.28209e-20	2.05978e-20	3.34027e-20	5.47992e-20	9.12220e-20	1.54721e-19	2.68960e-19	4.83477e-19	9.11665e-19	1.84980e-18	4.25744e-18	1.28413e-17	1.12998e-16	5.27242e-16	5.61359e-16	5.74733e-16	5.83152e-16	5.89620e-16	5.95172e-16	6.00285e-16	6.05227e-16	6.10173e-16	6.12853e-16	6.12877e-16	6.12877e-16	6.12877e-16	6.12877e-16	6.12877e-16	6.12877e-16	6.12877e-16	6.12877e-16	6.12877e-16	6.12877e-16	6.12877e-16	6.12877e-16	6.12877e-16	6.12877e-16	6.12877e-16	6.12877e-16	6.12877e-16	6.12877e-16	6.12877e-16	6.12877e-16	6.12877e-16	6.12877e-16	6.12877e-16	6.12877e-16	6.12877e-16	6.12877e-16	6.12877e-16	6.12877e-16	6.12877e-16	6.12877e-16	6.12877e-16	6.12877e-16	6.12877e-16	6.12877e-16	6.12877e-16	6.12877e-16	6.12877e-16	6.12877e-16	6.12877e-16	6.12877e-16	6.12877e-16	6.12877e-16	6.12877e-16	6.12877e-16	6.12877e-16	6.12877e-16	6.12877e-16	6.12877e-16	6.12877e-16	6.12877e-16	6.12877e-16	6.12877e-16	6.12877e-16	6.12877e-16	6.12877e-16	6.12877e-16	6.12877e-16	6.12877e-16	6.12877e-16	6.12877e-16	6.12877e-16	6.12877e-16	6.12877e-16	6.12877e-16	6.12877e-16	6.12877e-16	6.12877e-16	6.12877e-16	6.12877e-16	6.12877e-16	6.12877e-16	6.12877e-16	6.12877e-16	6.12877e-16	6.12877e-16	6.12877e-16	6.12877e-16	6.12877e-16	6.12877e-16	6.12877e-16	6.12877e-16	6.12877e-16	6.12877e-16	6.12877e-16	6.12877e-16	6.12877e-16	6.12877e-16	6.12877e-16	6.12877e-16
24.27	1.50104e-27	5.02549e-27	1.04199e-26	1.86771e-26	3.13175e-26	5.06700e-26	8.03027e-26	1.25683e-25	1.95191e-25	3.01677e-25	4.64849e-25	7.14948e-25	1.09840e-24	1.68650e-24	2.58886e-24	3.97401e-24	6.10144e-24	9.37093e-24	1.43992e-23	2.21387e-23	3.40629e-23	5.24549e-23	8.08601e-23	1.24796e-22	1.92874e-22	2.98578e-22	4.63096e-22	7.19879e-22	1.12200e-21	1.75419e-21	2.75271e-21	4.33853e-21	6.87379e-21	1.09593e-20	1.76070e-20	2.85526e-20	4.68423e-20	7.79764e-20	1.32255e-19	2.29906e-19	4.13275e-19	7.79290e-19	1.58120e-18	3.63925e-18	1.09767e-17	9.65909e-17	4.50686e-16	4.79849e-16	4.91281e-16	4.98477e-16	5.04006e-16	5.08752e-16	5.13123e-16	5.17347e-16	5.21575e-16	5.25775e-16	5.26321e-16	5.26322e-16	5.26322e-16	5.26322e-16	5.26322e-16	5.26322e-16	5.26322e-16	5.26322e-16	5.26322e-16	5.26322e-16	5.26322e-16	5.26322e-16	5.26322e-16	5.26322e-16	5.26322e-16	5.26322e-16	5.26322e-16	5.26322e-16	5.26322e-16	5.26322e-16	5.26322e-16	5.26322e-16	5.26322e-16	5.26322e-16	5.26322e-16	5.26322e-16	5.26322e-16	5.26322e-16	5.26322e-16	5.26322e-16	5.26322e-16	5.26322e-16	5.26322e-16	5.26322e-16	5.26322e-16	5.26322e-16	5.26322e-16	5.26322e-16	5.26322e-16	5.26322e-16	5.26322e-16	5.26322e-16	5.26322e-16	5.26322e-16	5.26322e-16	5.26322e-16	5.26322e-16	5.26322e-16	5.26322e-16	5.26322e-16	5.26322e-16	5.26322e-16	5.26322e-16	5.26322e-16	5.26322e-16	5.26322e-16	5.26322e-16	5.26322e-16	5.26322e-16	5.26322e-16	5.26322e-16	5.26322e-16	5.26322e-16	5.26322e-16	5.26322e-16	5.26322e-16	5.26322e-16	5.26322e-16	5.26322e-16	5.26322e-16	5.26322e-16	5.26322e-16	5.26322e-16	5.26322e-16	5.26322e-16	5.26322e-16	5.26322e-16	5.26322e-16	5.26322e-16	5.26322e-16	5.26322e-16	5.26322e-16	5.26322e-16	5.26322e-16	5.26322e-16	5.26322e-16	5.26322e-16	5.26322e-16	5.26322e-16
24.31	1.28309e-27	4.29578e-27	8.90691e-27	1.59651e-26	2.67701e-26	4.33127e-26	6.86426e-26	1.07434e-25	1.66849e-25	2.57873e-25	3.97353e-25	6.11137e-25	9.38909e-25	1.44162e-24	2.21295e-24	3.39698e-24	5.21550e-24	8.01025e-24	1.23084e-23	1.89241e-23	2.91169e-23	4.48384e-23	6.91190e-23	1.06675e-22	1.64869e-22	2.55224e-22	3.95854e-22	6.15352e-22	9.59085e-22	1.49948e-21	2.35301e-21	3.70857e-21	5.87571e-21	9.36800e-21	1.50504e-20	2.44067e-20	4.00407e-20	6.66541e-20	1.13051e-19	1.96523e-19	3.53267e-19	6.66136e-19	1.35161e-18	3.11083e-18	9.38286e-18	8.25658e-17	3.85245e-16	4.10174e-16	4.19946e-16	4.26097e-16	4.30824e-16	4.34881e-16	4.38617e-16	4.42228e-16	4.45841e-16	4.49554e-16	4.52001e-16	4.52038e-16	4.52038e-16	4.52038e-16	4.52038e-16	4.52038e-16	4.52038e-16	4.52038e-16	4.52038e-16	4.52038e-16	4.52038e-16	4.52038e-16	4.52038e-16	4.52038e-16	4.52038e-16	4.52038e-16	4.52038e-16	4.52038e-16	4.52038e-16	4.52038e-16	4.52038e-16	4.52038e-16	4.52038e-16	4.52038e-16	4.52038e-16	4.52038e-16	4.52038e-16	4.52038e-16	4.52038e-16	4.52038e-16	4.52038e-16	4.52038e-16	4.52038e-16	4.52038e-16	4.52038e-16	4.52038e-16	4.52038e-16	4.52038e-16	4.52038e-16	4.52038e-16	4.52038e-16	4.52038e-16	4.52038e-16	4.52038e-16	4.52038e-16	4.52038e-16	4.52038e-16	4.52038e-16	4.52038e-16	4.52038e-16	4.52038e-16	4.52038e-16	4.52038e-16	4.52038e-16	4.52038e-16	4.52038e-16	4.52038e-16	4.52038e-16	4.52038e-16	4.52038e-16	4.52038e-16	4.52038e-16	4.52038e-16	4.52038e-16	4.52038e-16	4.52038e-16	4.52038e-16	4.52038e-16	4.52038e-16	4.52038e-16	4.52038e-16	4.52038e-16	4.52038e-16	4.52038e-16	4.52038e-16	4.52038e-16	4.52038e-16	4.52038e-16	4.52038e-16	4.52038e-16	4.52038e-16	4.52038e-16	4.52038e-16	4.52038e-16	4.52038e-16	4.52038e-16	4.52038e-16	4.52038e-16	4.52038e-16
24.34	1.09678e-27	3.67203e-27	7.61361e-27	1.36470e-26	2.28831e-26	3.70236e-26	5.86756e-26	9.18341e-26	1.42623e-25	2.20430e-25	3.39656e-25	5.22399e-25	8.02578e-25	1.23229e-24	1.89163e-24	2.90373e-24	4.45820e-24	6.84715e-24	1.05212e-23	1.61763e-23	2.48891e-23	3.83278e-23	5.90829e-23	9.11860e-23	1.40929e-22	2.18165e-22	3.38375e-22	5.26002e-22	8.19825e-22	1.28176e-21	2.01135e-21	3.17008e-21	5.02255e-21	8.00775e-21	1.28651e-20	2.08628e-20	3.42268e-20	5.69758e-20	9.66362e-20	1.67988e-19	3.01972e-19	5.69412e-19	1.15535e-18	2.65913e-18	8.02046e-18	7.05771e-17	3.29307e-16	3.50616e-16	3.58969e-16	3.64227e-16	3.68267e-16	3.71735e-16	3.74929e-16	3.78015e-16	3.81105e-16	3.84278e-16	3.87589e-16	3.88288e-16	3.88290e-16	3.88290e-16	3.88290e-16	3.88290e-16	3.88290e-16	3.88290e-16	3.88290e-16	3.88290e-16	3.88290e-16	3.88290e-16	3.88290e-16	3.88290e-16	3.88290e-16	3.88290e-16	3.88290e-16	3.88290e-16	3.88290e-16	3.88290e-16	3.88290e-16	3.88290e-16	3.88290e-16	3.88290e-16	3.88290e-16	3.88290e-16	3.88290e-16	3.88290e-16	3.88290e-16	3.88290e-16	3.88290e-16	3.88290e-16	3.88290e-16	3.88290e-16	3.88290e-16	3.88290e-16	3.88290e-16	3.88290e-16	3.88290e-16	3.88290e-16	3.88290e-16	3.88290e-16	3.88290e-16	3.88290e-16	3.88290e-16	3.88290e-16	3.88290e-16	3.88290e-16	3.88290e-16	3.88290e-16	3.88290e-16	3.88290e-16	3.88290e-16	3.88290e-16	3.88290e-16	3.88290e-16	3.88290e-16	3.88290e-16	3.88290e-16	3.88290e-16	3.88290e-16	3.88290e-16	3.88290e-16	3.88290e-16	3.88290e-16	3.88290e-16	3.88290e-16	3.88290e-16	3.88290e-16	3.88290e-16	3.88290e-16	3.88290e-16	3.88290e-16	3.88290e-16	3.88290e-16	3.88290e-16	3.88290e-16	3.88290e-16	3.88290e-16	3.88290e-16	3.88290e-16	3.88290e-16	3.88290e-16	3.88290e-16	3.88290e-16	3.88290e-16	3.88290e-16	3.88290e-16	3.88290e-16
24.38	9.37526e-28	3.13884e-27	6.50810e-27	1.16654e-26	1.95604e-26	3.16477e-26	5.01558e-26	7.84997e-26	1.21914e-25	1.88423e-25	2.90338e-25	4.46546e-25	6.86042e-25	1.05336e-24	1.61696e-24	2.48211e-24	3.81087e-24	5.85294e-24	8.99349e-24	1.38275e-23	2.12751e-23	3.27625e-23	5.05039e-23	7.79456e-23	1.20466e-22	1.86487e-22	2.89243e-22	4.49625e-22	7.00785e-22	1.09564e-21	1.71930e-21	2.70978e-21	4.29326e-21	6.84502e-21	1.09970e-20	1.78335e-20	2.92570e-20	4.87029e-20	8.26045e-20	1.43596e-19	2.58125e-19	4.86733e-19	9.87596e-19	2.27302e-18	6.85588e-18	6.03292e-17	2.81491e-16	2.99706e-16	3.06846e-16	3.11341e-16	3.14794e-16	3.17759e-16	3.20489e-16	3.23127e-16	3.25768e-16	3.28481e-16	3.31325e-16	3.33526e-16	3.33584e-16	3.33584e-16	3.33584e-16	3.33584e-16	3.33584e-16	3.33584e-16	3.33584e-16	3.33584e-16	3.33584e-16	3.33584e-16	3.33584e-16	3.33584e-16	3.33584e-16	3.33584e-16	3.33584e-16	3.33584e-16	3.33584e-16	3.33584e-16	3.33584e-16	3.33584e-16	3.33584e-16	3.33584e-16	3.33584e-16	3.33584e-16	3.33584e-16	3.33584e-16	3.33584e-16	3.33584e-16	3.33584e-16	3.33584e-16	3.33584e-16	3.33584e-16	3.33584e-16	3.33584e-16	3.33584e-16	3.33584e-16	3.33584e-16	3.33584e-16	3.33584e-16	3.33584e-16	3.33584e-16	3.33584e-16	3.33584e-16	3.33584e-16	3.33584e-16	3.33584e-16	3.33584e-16	3.33584e-16	3.33584e-16	3.33584e-16	3.33584e-16	3.33584e-16	3.33584e-16	3.33584e-16	3.33584e-16	3.33584e-16	3.33584e-16	3.33584e-16	3.33584e-16	3.33584e-16	3.33584e-16	3.33584e-16	3.33584e-16	3.33584e-16	3.33584e-16	3.33584e-16	3.33584e-16	3.33584e-16	3.33584e-16	3.33584e-16	3.33584e-16	3.33584e-16	3.33584e-16	3.33584e-16	3.33584e-16	3.33584e-16	3.33584e-16	3.33584e-16	3.33584e-16	3.33584e-16	3.33584e-16	3.33584e-16	3.33584e-16	3.33584e-16	3.33584e-16	3.33584e-16	3.33584e-16
24.41	8.01396e-28	2.68308e-27	5.56312e-27	9.97157e-27	1.67202e-26	2.70524e-26	4.28731e-26	6.71014e-26	1.04212e-25	1.61064e-25	2.48180e-25	3.81706e-25	5.86428e-25	9.00414e-25	1.38217e-24	2.12170e-24	3.25752e-24	5.00308e-24	7.68762e-24	1.18197e-23	1.81859e-23	2.80054e-23	4.31707e-23	6.66278e-23	1.02974e-22	1.59409e-22	2.47244e-22	3.84339e-22	5.99030e-22	9.36553e-22	1.46965e-21	2.31631e-21	3.66988e-21	5.85111e-21	9.40026e-21	1.52441e-20	2.50088e-20	4.16311e-20	7.06102e-20	1.22746e-19	2.20645e-19	4.16058e-19	8.44195e-19	1.94297e-18	5.86039e-18	5.15693e-17	2.40618e-16	2.56188e-16	2.62292e-16	2.66134e-16	2.69086e-16	2.71620e-16	2.73953e-16	2.76208e-16	2.78466e-16	2.80785e-16	2.83216e-16	2.85806e-16	2.86634e-16	2.86637e-16	2.86637e-16	2.86637e-16	2.86637e-16	2.86637e-16	2.86637e-16	2.86637e-16	2.86637e-16	2.86637e-16	2.86637e-16	2.86637e-16	2.86637e-16	2.86637e-16	2.86637e-16	2.86637e-16	2.86637e-16	2.86637e-16	2.86637e-16	2.86637e-16	2.86637e-16	2.86637e-16	2.86637e-16	2.86637e-16	2.86637e-16	2.86637e-16	2.86637e-16	2.86637e-16	2.86637e-16	2.86637e-16	2.86637e-16	2.86637e-16	2.86637e-16	2.86637e-16	2.86637e-16	2.86637e-16	2.86637e-16	2.86637e-16	2.86637e-16	2.86637e-16	2.86637e-16	2.86637e-16	2.86637e-16	2.86637e-16	2.86637e-16	2.86637e-16	2.86637e-16	2.86637e-16	2.86637e-16	2.86637e-16	2.86637e-16	2.86637e-16	2.86637e-16	2.86637e-16	2.86637e-16	2.86637e-16	2.86637e-16	2.86637e-16	2.86637e-16	2.86637e-16	2.86637e-16	2.86637e-16	2.86637e-16	2.86637e-16	2.86637e-16	2.86637e-16	2.86637e-16	2.86637e-16	2.86637e-16	2.86637e-16	2.86637e-16	2.86637e-16	2.86637e-16	2.86637e-16	2.86637e-16	2.86637e-16	2.86637e-16	2.86637e-16	2.86637e-16	2.86637e-16	2.86637e-16	2.86637e-16	2.86637e-16	2.86637e-16	2.86637e-16	2.86637e-16	2.86637e-16
24.44	6.85032e-28	2.29349e-27	4.75534e-27	8.52368e-27	1.42924e-26	2.31244e-26	3.66479e-26	5.73582e-26	8.90798e-26	1.37677e-25	2.12144e-25	3.26282e-25	5.01277e-25	7.69672e-25	1.18148e-24	1.81363e-24	2.78452e-24	4.27663e-24	6.57137e-24	1.01035e-23	1.55453e-23	2.39389e-23	3.69022e-23	5.69533e-23	8.80223e-23	1.36262e-22	2.11344e-22	3.28533e-22	5.12050e-22	8.00564e-22	1.25626e-21	1.97998e-21	3.13700e-21	5.00152e-21	8.03532e-21	1.30306e-20	2.13775e-20	3.55862e-20	6.03575e-20	1.04923e-19	1.88607e-19	3.55646e-19	7.21617e-19	1.66085e-18	5.00945e-18	4.40814e-17	2.05680e-16	2.18989e-16	2.24207e-16	2.27491e-16	2.30014e-16	2.32180e-16	2.34175e-16	2.36103e-16	2.38032e-16	2.40014e-16	2.42093e-16	2.44307e-16	2.46262e-16	2.46348e-16	2.46348e-16	2.46348e-16	2.46348e-16	2.46348e-16	2.46348e-16	2.46348e-16	2.46348e-16	2.46348e-16	2.46348e-16	2.46348e-16	2.46348e-16	2.46348e-16	2.46348e-16	2.46348e-16	2.46348e-16	2.46348e-16	2.46348e-16	2.46348e-16	2.46348e-16	2.46348e-16	2.46348e-16	2.46348e-16	2.46348e-16	2.46348e-16	2.46348e-16	2.46348e-16	2.46348e-16	2.46348e-16	2.46348e-16	2.46348e-16	2.46348e-16	2.46348e-16	2.46348e-16	2.46348e-16	2.46348e-16	2.46348e-16	2.46348e-16	2.46348e-16	2.46348e-16	2.46348e-16	2.46348e-16	2.46348e-16	2.46348e-16	2.46348e-16	2.46348e-16	2.46348e-16	2.46348e-16	2.46348e-16	2.46348e-16	2.46348e-16	2.46348e-16	2.46348e-16	2.46348e-16	2.46348e-16	2.46348e-16	2.46348e-16	2.46348e-16	2.46348e-16	2.46348e-16	2.46348e-16	2.46348e-16	2.46348e-16	2.46348e-16	2.46348e-16	2.46348e-16	2.46348e-16	2.46348e-16	2.46348e-16	2.46348e-16	2.46348e-16	2.46348e-16	2.46348e-16	2.46348e-16	2.46348e-16	2.46348e-16	2.46348e-16	2.46348e-16	2.46348e-16	2.46348e-16	2.46348e-16	2.46348e-16	2.46348e-16	2.46348e-16	2.46348e-16	2.46348e-16
24.48	5.85564e-28	1.96047e-27	4.06486e-27	7.28603e-27	1.22171e-26	1.97667e-26	3.13265e-26	4.90297e-26	7.61453e-26	1.17686e-25	1.81340e-25	2.78905e-25	4.28491e-25	6.57915e-25	1.00993e-24	1.55029e-24	2.38021e-24	3.65565e-24	5.61720e-24	8.63642e-24	1.32881e-23	2.04630e-23	3.15440e-23	4.86836e-23	7.52413e-23	1.16477e-22	1.80657e-22	2.80829e-22	4.37699e-22	6.84321e-22	1.07385e-21	1.69249e-21	2.68151e-21	4.27529e-21	6.86858e-21	1.11385e-20	1.82735e-20	3.04190e-20	5.15935e-20	8.96877e-20	1.61221e-19	3.04006e-19	6.16837e-19	1.41969e-18	4.28207e-18	3.76807e-17	1.75815e-16	1.87192e-16	1.91651e-16	1.94459e-16	1.96616e-16	1.98467e-16	2.00172e-16	2.01820e-16	2.03469e-16	2.05164e-16	2.06940e-16	2.08833e-16	2.10875e-16	2.11766e-16	2.11771e-16	2.11771e-16	2.11771e-16	2.11771e-16	2.11771e-16	2.11771e-16	2.11771e-16	2.11771e-16	2.11771e-16	2.11771e-16	2.11771e-16	2.11771e-16	2.11771e-16	2.11771e-16	2.11771e-16	2.11771e-16	2.11771e-16	2.11771e-16	2.11771e-16	2.11771e-16	2.11771e-16	2.11771e-16	2.11771e-16	2.11771e-16	2.11771e-16	2.11771e-16	2.11771e-16	2.11771e-16	2.11771e-16	2.11771e-16	2.11771e-16	2.11771e-16	2.11771e-16	2.11771e-16	2.11771e-16	2.11771e-16	2.11771e-16	2.11771e-16	2.11771e-16	2.11771e-16	2.11771e-16	2.11771e-16	2.11771e-16	2.11771e-16	2.11771e-16	2.11771e-16	2.11771e-16	2.11771e-16	2.11771e-16	2.11771e-16	2.11771e-16	2.11771e-16	2.11771e-16	2.11771e-16	2.11771e-16	2.11771e-16	2.11771e-16	2.11771e-16	2.11771e-16	2.11771e-16	2.11771e-16	2.11771e-16	2.11771e-16	2.11771e-16	2.11771e-16	2.11771e-16	2.11771e-16	2.11771e-16	2.11771e-16	2.11771e-16	2.11771e-16	2.11771e-16	2.11771e-16	2.11771e-16	2.11771e-16	2.11771e-16	2.11771e-16	2.11771e-16	2.11771e-16	2.11771e-16	2.11771e-16	2.11771e-16	2.11771e-16	2.11771e-16	2.11771e-16
24.51	5.00539e-28	1.67581e-27	3.47464e-27	6.22809e-27	1.04432e-26	1.68965e-26	2.67779e-26	4.19105e-26	6.50889e-26	1.00598e-25	1.55010e-25	2.38408e-25	3.66274e-25	5.62384e-25	8.63285e-25	1.32518e-24	2.03460e-24	3.12485e-24	4.80157e-24	7.38240e-24	1.13587e-23	1.74917e-23	2.69637e-23	4.16147e-23	6.43162e-23	9.95642e-23	1.54425e-22	2.40052e-22	3.74145e-22	5.84957e-22	9.17923e-22	1.44673e-21	2.29215e-21	3.65451e-21	5.87125e-21	9.52120e-21	1.56201e-20	2.60022e-20	4.41020e-20	7.66649e-20	1.37811e-19	2.59864e-19	5.27271e-19	1.21355e-18	3.66031e-18	3.22094e-17	1.50286e-16	1.60011e-16	1.63823e-16	1.66223e-16	1.68067e-16	1.69649e-16	1.71107e-16	1.72515e-16	1.73925e-16	1.75374e-16	1.76892e-16	1.78510e-16	1.80256e-16	1.81966e-16	1.82093e-16	1.82093e-16	1.82093e-16	1.82093e-16	1.82093e-16	1.82093e-16	1.82093e-16	1.82093e-16	1.82093e-16	1.82093e-16	1.82093e-16	1.82093e-16	1.82093e-16	1.82093e-16	1.82093e-16	1.82093e-16	1.82093e-16	1.82093e-16	1.82093e-16	1.82093e-16	1.82093e-16	1.82093e-16	1.82093e-16	1.82093e-16	1.82093e-16	1.82093e-16	1.82093e-16	1.82093e-16	1.82093e-16	1.82093e-16	1.82093e-16	1.82093e-16	1.82093e-16	1.82093e-16	1.82093e-16	1.82093e-16	1.82093e-16	1.82093e-16	1.82093e-16	1.82093e-16	1.82093e-16	1.82093e-16	1.82093e-16	1.82093e-16	1.82093e-16	1.82093e-16	1.82093e-16	1.82093e-16	1.82093e-16	1.82093e-16	1.82093e-16	1.82093e-16	1.82093e-16	1.82093e-16	1.82093e-16	1.82093e-16	1.82093e-16	1.82093e-16	1.82093e-16	1.82093e-16	1.82093e-16	1.82093e-16	1.82093e-16	1.82093e-16	1.82093e-16	1.82093e-16	1.82093e-16	1.82093e-16	1.82093e-16	1.82093e-16	1.82093e-16	1.82093e-16	1.82093e-16	1.82093e-16	1.82093e-16	1.82093e-16	1.82093e-16	1.82093e-16	1.82093e-16	1.82093e-16	1.82093e-16	1.82093e-16	1.82093e-16	1.82093e-16	1.82093e-16
24.55	4.27860e-28	1.43248e-27	2.97011e-27	5.32376e-27	8.92681e-27	1.44431e-26	2.28897e-26	3.58250e-26	5.56379e-26	8.59909e-26	1.32502e-25	2.03791e-25	3.13090e-25	4.80725e-25	7.37934e-25	1.13276e-24	1.73917e-24	2.67111e-24	4.10438e-24	6.31046e-24	9.70936e-24	1.49519e-23	2.30486e-23	3.55722e-23	5.49774e-23	8.51073e-23	1.32002e-22	2.05196e-22	3.19818e-22	5.00020e-22	7.84639e-22	1.23667e-21	1.95932e-21	3.12387e-21	5.01874e-21	8.13871e-21	1.33521e-20	2.22266e-20	3.76983e-20	6.55331e-20	1.17801e-19	2.22131e-19	4.50711e-19	1.03734e-18	3.12883e-18	2.75325e-17	1.28465e-16	1.36777e-16	1.40036e-16	1.42087e-16	1.43663e-16	1.45016e-16	1.46262e-16	1.47466e-16	1.48671e-16	1.49909e-16	1.51207e-16	1.52590e-16	1.54083e-16	1.55709e-16	1.56611e-16	1.56619e-16	1.56619e-16	1.56619e-16	1.56619e-16	1.56619e-16	1.56619e-16	1.56619e-16	1.56619e-16	1.56619e-16	1.56619e-16	1.56619e-16	1.56619e-16	1.56619e-16	1.56619e-16	1.56619e-16	1.56619e-16	1.56619e-16	1.56619e-16	1.56619e-16	1.56619e-16	1.56619e-16	1.56619e-16	1.56619e-16	1.56619e-16	1.56619e-16	1.56619e-16	1.56619e-16	1.56619e-16	1.56619e-16	1.56619e-16	1.56619e-16	1.56619e-16	1.56619e-16	1.56619e-16	1.56619e-16	1.56619e-16	1.56619e-16	1.56619e-16	1.56619e-16	1.56619e-16	1.56619e-16	1.56619e-16	1.56619e-16	1.56619e-16	1.56619e-16	1.56619e-16	1.56619e-16	1.56619e-16	1.56619e-16	1.56619e-16	1.56619e-16	1.56619e-16	1.56619e-16	1.56619e-16	1.56619e-16	1.56619e-16	1.56619e-16	1.56619e-16	1.56619e-16	1.56619e-16	1.56619e-16	1.56619e-16	1.56619e-16	1.56619e-16	1.56619e-16	1.56619e-16	1.56619e-16	1.56619e-16	1.56619e-16	1.56619e-16	1.56619e-16	1.56619e-16	1.56619e-16	1.56619e-16	1.56619e-16	1.56619e-16	1.56619e-16	1.56619e-16	1.56619e-16	1.56619e-16	1.56619e-16	1.56619e-16	1.56619e-16	1.56619e-16
24.58	3.65734e-28	1.22448e-27	2.53885e-27	4.55074e-27	7.63063e-27	1.23460e-26	1.95661e-26	3.06232e-26	4.75592e-26	7.35049e-26	1.13262e-25	1.74200e-25	2.67629e-25	4.10923e-25	6.30785e-25	9.68285e-25	1.48664e-24	2.28326e-24	3.50841e-24	5.39417e-24	8.29955e-24	1.27809e-23	1.97019e-23	3.04070e-23	4.69946e-23	7.27496e-23	1.12835e-22	1.75401e-22	2.73380e-22	4.27416e-22	6.70708e-22	1.05710e-21	1.67483e-21	2.67028e-21	4.29001e-21	6.95695e-21	1.14133e-20	1.89993e-20	3.22245e-20	5.60176e-20	1.00696e-19	1.89877e-19	3.85267e-19	8.86718e-19	2.67452e-18	2.35348e-17	1.09811e-16	1.16917e-16	1.19703e-16	1.21456e-16	1.22803e-16	1.23960e-16	1.25024e-16	1.26054e-16	1.27084e-16	1.28142e-16	1.29252e-16	1.30434e-16	1.31709e-16	1.33100e-16	1.34566e-16	1.34749e-16	1.34749e-16	1.34749e-16	1.34749e-16	1.34749e-16	1.34749e-16	1.34749e-16	1.34749e-16	1.34749e-16	1.34749e-16	1.34749e-16	1.34749e-16	1.34749e-16	1.34749e-16	1.34749e-16	1.34749e-16	1.34749e-16	1.34749e-16	1.34749e-16	1.34749e-16	1.34749e-16	1.34749e-16	1.34749e-16	1.34749e-16	1.34749e-16	1.34749e-16	1.34749e-16	1.34749e-16	1.34749e-16	1.34749e-16	1.34749e-16	1.34749e-16	1.34749e-16	1.34749e-16	1.34749e-16	1.34749e-16	1.34749e-16	1.34749e-16	1.34749e-16	1.34749e-16	1.34749e-16	1.34749e-16	1.34749e-16	1.34749e-16	1.34749e-16	1.34749e-16	1.34749e-16	1.34749e-16	1.34749e-16	1.34749e-16	1.34749e-16	1.34749e-16	1.34749e-16	1.34749e-16	1.34749e-16	1.34749e-16	1.34749e-16	1.34749e-16	1.34749e-16	1.34749e-16	1.34749e-16	1.34749e-16	1.34749e-16	1.34749e-16	1.34749e-16	1.34749e-16	1.34749e-16	1.34749e-16	1.34749e-16	1.34749e-16	1.34749e-16	1.34749e-16	1.34749e-16	1.34749e-16	1.34749e-16	1.34749e-16	1.34749e-16	1.34749e-16	1.34749e-16	1.34749e-16	1.34749e-16	1.34749e-16	1.34749e-16	1.34749e-16
24.62	3.12629e-28	1.04668e-27	2.17020e-27	3.88997e-27	6.52265e-27	1.05533e-26	1.67250e-26	2.61766e-26	4.06535e-26	6.28319e-26	9.68165e-26	1.48906e-25	2.28769e-25	3.51257e-25	5.39194e-25	8.27688e-25	1.27078e-24	1.95173e-24	2.99899e-24	4.61093e-24	7.09444e-24	1.09251e-23	1.68411e-23	2.59919e-23	4.01709e-23	6.21863e-23	9.64514e-23	1.49933e-22	2.33685e-22	3.65355e-22	5.73320e-22	9.03608e-22	1.43164e-21	2.28255e-21	3.66709e-21	5.94679e-21	9.75608e-21	1.62405e-20	2.75454e-20	4.78837e-20	8.60749e-20	1.62307e-19	3.29325e-19	7.57965e-19	2.28617e-18	2.01175e-17	9.38666e-17	9.99405e-17	1.02322e-16	1.03820e-16	1.04972e-16	1.05960e-16	1.06871e-16	1.07751e-16	1.08631e-16	1.09536e-16	1.10484e-16	1.11495e-16	1.12585e-16	1.13774e-16	1.15081e-16	1.15959e-16	1.15972e-16	1.15972e-16	1.15972e-16	1.15972e-16	1.15972e-16	1.15972e-16	1.15972e-16	1.15972e-16	1.15972e-16	1.15972e-16	1.15972e-16	1.15972e-16	1.15972e-16	1.15972e-16	1.15972e-16	1.15972e-16	1.15972e-16	1.15972e-16	1.15972e-16	1.15972e-16	1.15972e-16	1.15972e-16	1.15972e-16	1.15972e-16	1.15972e-16	1.15972e-16	1.15972e-16	1.15972e-16	1.15972e-16	1.15972e-16	1.15972e-16	1.15972e-16	1.15972e-16	1.15972e-16	1.15972e-16	1.15972e-16	1.15972e-16	1.15972e-16	1.15972e-16	1.15972e-16	1.15972e-16	1.15972e-16	1.15972e-16	1.15972e-16	1.15972e-16	1.15972e-16	1.15972e-16	1.15972e-16	1.15972e-16	1.15972e-16	1.15972e-16	1.15972e-16	1.15972e-16	1.15972e-16	1.15972e-16	1.15972e-16	1.15972e-16	1.15972e-16	1.15972e-16	1.15972e-16	1.15972e-16	1.15972e-16	1.15972e-16	1.15972e-16	1.15972e-16	1.15972e-16	1.15972e-16	1.15972e-16	1.15972e-16	1.15972e-16	1.15972e-16	1.15972e-16	1.15972e-16	1.15972e-16	1.15972e-16	1.15972e-16	1.15972e-16	1.15972e-16	1.15972e-16	1.15972e-16	1.15972e-16	1.15972e-16	1.15972e-16
24.65	2.67235e-28	8.94704e-28	1.85509e-27	3.32514e-27	5.57555e-27	9.02095e-27	1.42965e-26	2.23757e-26	3.47506e-26	5.37086e-26	8.27586e-26	1.27285e-25	1.95551e-25	3.00254e-25	4.60902e-25	7.07507e-25	1.08626e-24	1.66834e-24	2.56353e-24	3.94142e-24	6.06432e-24	9.33872e-24	1.43958e-23	2.22178e-23	3.43380e-23	5.31567e-23	8.24465e-23	1.28162e-22	1.99754e-22	3.12305e-22	4.90073e-22	7.72402e-22	1.22376e-21	1.95112e-21	3.13463e-21	5.08331e-21	8.33949e-21	1.38824e-20	2.35458e-20	4.09309e-20	7.35767e-20	1.38740e-19	2.81507e-19	6.47907e-19	1.95422e-18	1.71964e-17	8.02370e-17	8.54290e-17	8.74643e-17	8.87455e-17	8.97298e-17	9.05748e-17	9.13529e-17	9.21050e-17	9.28576e-17	9.36310e-17	9.44418e-17	9.53055e-17	9.62375e-17	9.72537e-17	9.83711e-17	9.95986e-17	9.98469e-17	9.98476e-17	9.98476e-17	9.98476e-17	9.98476e-17	9.98476e-17	9.98476e-17	9.98476e-17	9.98476e-17	9.98476e-17	9.98476e-17	9.98476e-17	9.98476e-17	9.98476e-17	9.98476e-17	9.98476e-17	9.98476e-17	9.98476e-17	9.98476e-17	9.98476e-17	9.98476e-17	9.98476e-17	9.98476e-17	9.98476e-17	9.98476e-17	9.98476e-17	9.98476e-17	9.98476e-17	9.98476e-17	9.98476e-17	9.98476e-17	9.98476e-17	9.98476e-17	9.98476e-17	9.98476e-17	9.98476e-17	9.98476e-17	9.98476e-17	9.98476e-17	9.98476e-17	9.98476e-17	9.98476e-17	9.98476e-17	9.98476e-17	9.98476e-17	9.98476e-17	9.98476e-17	9.98476e-17	9.98476e-17	9.98476e-17	9.98476e-17	9.98476e-17	9.98476e-17	9.98476e-17	9.98476e-17	9.98476e-17	9.98476e-17	9.98476e-17	9.98476e-17	9.98476e-17	9.98476e-17	9.98476e-17	9.98476e-17	9.98476e-17	9.98476e-17	9.98476e-17	9.98476e-17	9.98476e-17	9.98476e-17	9.98476e-17	9.98476e-17	9.98476e-17	9.98476e-17	9.98476e-17	9.98476e-17	9.98476e-17	9.98476e-17	9.98476e-17	9.98476e-17	9.98476e-17	9.98476e-17	9.98476e-17	9.98476e-17
24.68	2.28432e-28	7.64792e-28	1.58573e-27	2.84232e-27	4.76597e-27	7.71109e-27	1.22207e-26	1.91268e-26	2.97047e-26	4.59100e-26	7.07419e-26	1.08803e-25	1.67157e-25	2.56656e-25	3.93979e-25	6.04776e-25	9.28533e-25	1.42609e-24	2.19130e-24	3.36912e-24	5.18377e-24	7.98272e-24	1.23055e-23	1.89918e-23	2.93521e-23	4.54383e-23	7.04752e-23	1.09553e-22	1.70749e-22	2.66958e-22	4.18914e-22	6.60248e-22	1.04607e-21	1.66782e-21	2.67947e-21	4.34521e-21	7.12858e-21	1.18666e-20	2.01269e-20	3.49877e-20	6.28932e-20	1.18594e-19	2.40632e-19	5.53830e-19	1.67046e-18	1.46994e-17	6.85865e-17	7.30246e-17	7.47643e-17	7.58595e-17	7.67009e-17	7.74232e-17	7.80883e-17	7.87312e-17	7.93746e-17	8.00356e-17	8.07287e-17	8.14670e-17	8.22637e-17	8.31323e-17	8.40874e-17	8.51451e-17	8.59780e-17	8.59985e-17	8.59986e-17	8.59986e-17	8.59986e-17	8.59986e-17	8.59986e-17	8.59986e-17	8.59986e-17	8.59986e-17	8.59986e-17	8.59986e-17	8.59986e-17	8.59986e-17	8.59986e-17	8.59986e-17	8.59986e-17	8.59986e-17	8.59986e-17	8.59986e-17	8.59986e-17	8.59986e-17	8.59986e-17	8.59986e-17	8.59986e-17	8.59986e-17	8.59986e-17	8.59986e-17	8.59986e-17	8.59986e-17	8.59986e-17	8.59986e-17	8.59986e-17	8.59986e-17	8.59986e-17	8.59986e-17	8.59986e-17	8.59986e-17	8.59986e-17	8.59986e-17	8.59986e-17	8.59986e-17	8.59986e-17	8.59986e-17	8.59986e-17	8.59986e-17	8.59986e-17	8.59986e-17	8.59986e-17	8.59986e-17	8.59986e-17	8.59986e-17	8.59986e-17	8.59986e-17	8.59986e-17	8.59986e-17	8.59986e-17	8.59986e-17	8.59986e-17	8.59986e-17	8.59986e-17	8.59986e-17	8.59986e-17	8.59986e-17	8.59986e-17	8.59986e-17	8.59986e-17	8.59986e-17	8.59986e-17	8.59986e-17	8.59986e-17	8.59986e-17	8.59986e-17	8.59986e-17	8.59986e-17	8.59986e-17	8.59986e-17	8.59986e-17	8.59986e-17	8.59986e-17	8.59986e-17	8.59986e-17	8.59986e-17
24.72	1.95263e-28	6.53743e-28	1.35548e-27	2.42961e-27	4.07394e-27	6.59143e-27	1.04462e-26	1.63495e-26	2.53916e-26	3.92438e-26	6.04701e-26	9.30043e-26	1.42885e-25	2.19389e-25	3.36772e-25	5.16961e-25	7.93708e-25	1.21902e-24	1.87312e-24	2.87992e-24	4.43108e-24	6.82362e-24	1.05187e-23	1.62341e-23	2.50901e-23	3.88406e-23	6.02421e-23	9.36458e-23	1.45956e-22	2.28195e-22	3.58087e-22	5.64379e-22	8.94180e-22	1.42565e-21	2.29041e-21	3.71427e-21	6.09350e-21	1.01436e-20	1.72044e-20	2.99074e-20	5.37610e-20	1.01374e-19	2.05692e-19	4.73413e-19	1.42791e-18	1.25651e-17	5.86276e-17	6.24213e-17	6.39084e-17	6.48446e-17	6.55638e-17	6.61812e-17	6.67498e-17	6.72993e-17	6.78493e-17	6.84143e-17	6.90068e-17	6.96379e-17	7.03189e-17	7.10614e-17	7.18778e-17	7.27819e-17	7.37890e-17	7.41004e-17	7.41016e-17	7.41016e-17	7.41016e-17	7.41016e-17	7.41016e-17	7.41016e-17	7.41016e-17	7.41016e-17	7.41016e-17	7.41016e-17	7.41016e-17	7.41016e-17	7.41016e-17	7.41016e-17	7.41016e-17	7.41016e-17	7.41016e-17	7.41016e-17	7.41016e-17	7.41016e-17	7.41016e-17	7.41016e-17	7.41016e-17	7.41016e-17	7.41016e-17	7.41016e-17	7.41016e-17	7.41016e-17	7.41016e-17	7.41016e-17	7.41016e-17	7.41016e-17	7.41016e-17	7.41016e-17	7.41016e-17	7.41016e-17	7.41016e-17	7.41016e-17	7.41016e-17	7.41016e-17	7.41016e-17	7.41016e-17	7.41016e-17	7.41016e-17	7.41016e-17	7.41016e-17	7.41016e-17	7.41016e-17	7.41016e-17	7.41016e-17	7.41016e-17	7.41016e-17	7.41016e-17	7.41016e-17	7.41016e-17	7.41016e-17	7.41016e-17	7.41016e-17	7.41016e-17	7.41016e-17	7.41016e-17	7.41016e-17	7.41016e-17	7.41016e-17	7.41016e-17	7.41016e-17	7.41016e-17	7.41016e-17	7.41016e-17	7.41016e-17	7.41016e-17	7.41016e-17	7.41016e-17	7.41016e-17	7.41016e-17	7.41016e-17	7.41016e-17	7.41016e-17	7.41016e-17	7.41016e-17	7.41016e-17
24.75	1.66911e-28	5.58818e-28	1.15866e-27	2.07683e-27	3.48240e-27	5.63434e-27	8.92940e-27	1.39755e-26	2.17047e-26	3.35456e-26	5.16898e-26	7.94999e-26	1.22138e-25	1.87534e-25	2.87872e-25	4.41898e-25	6.78461e-25	1.04202e-24	1.60114e-24	2.46175e-24	3.78768e-24	5.83282e-24	8.99138e-24	1.38769e-23	2.14470e-23	3.32009e-23	5.14948e-23	8.00483e-23	1.24763e-22	1.95061e-22	3.06092e-22	4.82431e-22	7.64344e-22	1.21864e-21	1.95784e-21	3.17496e-21	5.20871e-21	8.67073e-21	1.47063e-20	2.55648e-20	4.59549e-20	8.66546e-20	1.75825e-19	4.04673e-19	1.22057e-18	1.07406e-17	5.01148e-17	5.33576e-17	5.46288e-17	5.54290e-17	5.60439e-17	5.65716e-17	5.70576e-17	5.75273e-17	5.79974e-17	5.84804e-17	5.89869e-17	5.95264e-17	6.01085e-17	6.07431e-17	6.14410e-17	6.22139e-17	6.30747e-17	6.38471e-17	6.38792e-17	6.38792e-17	6.38792e-17	6.38792e-17	6.38792e-17	6.38792e-17	6.38792e-17	6.38792e-17	6.38792e-17	6.38792e-17	6.38792e-17	6.38792e-17	6.38792e-17	6.38792e-17	6.38792e-17	6.38792e-17	6.38792e-17	6.38792e-17	6.38792e-17	6.38792e-17	6.38792e-17	6.38792e-17	6.38792e-17	6.38792e-17	6.38792e-17	6.38792e-17	6.38792e-17	6.38792e-17	6.38792e-17	6.38792e-17	6.38792e-17	6.38792e-17	6.38792e-17	6.38792e-17	6.38792e-17	6.38792e-17	6.38792e-17	6.38792e-17	6.38792e-17	6.38792e-17	6.38792e-17	6.38792e-17	6.38792e-17	6.38792e-17	6.38792e-17	6.38792e-17	6.38792e-17	6.38792e-17	6.38792e-17	6.38792e-17	6.38792e-17	6.38792e-17	6.38792e-17	6.38792e-17	6.38792e-17	6.38792e-17	6.38792e-17	6.38792e-17	6.38792e-17	6.38792e-17	6.38792e-17	6.38792e-17	6.38792e-17	6.38792e-17	6.38792e-17	6.38792e-17	6.38792e-17	6.38792e-17	6.38792e-17	6.38792e-17	6.38792e-17	6.38792e-17	6.38792e-17	6.38792e-17	6.38792e-17	6.38792e-17	6.38792e-17	6.38792e-17	6.38792e-17	6.38792e-17	6.38792e-17
24.79	1.42675e-28	4.77677e-28	9.90420e-28	1.77527e-27	2.97675e-27	4.81623e-27	7.63284e-27	1.19463e-26	1.85531e-26	2.86747e-26	4.41843e-26	6.79564e-26	1.04404e-25	1.60304e-25	2.46073e-25	3.77733e-25	5.79947e-25	8.90714e-25	1.36865e-24	2.10430e-24	3.23770e-24	4.98588e-24	7.68582e-24	1.18620e-23	1.83328e-23	2.83800e-23	4.40177e-23	6.84251e-23	1.06647e-22	1.66738e-22	2.61647e-22	4.12381e-22	6.53360e-22	1.04169e-21	1.67356e-21	2.71395e-21	4.45240e-21	7.41172e-21	1.25710e-20	2.18528e-20	3.92821e-20	7.40722e-20	1.50295e-19	3.45914e-19	1.04334e-18	9.18105e-18	4.28381e-17	4.56100e-17	4.66966e-17	4.73807e-17	4.79062e-17	4.83573e-17	4.87728e-17	4.91743e-17	4.95761e-17	4.99890e-17	5.04219e-17	5.08830e-17	5.13806e-17	5.19231e-17	5.25197e-17	5.31803e-17	5.39162e-17	5.47399e-17	5.50918e-17	5.50937e-17	5.50937e-17	5.50937e-17	5.50937e-17	5.50937e-17	5.50937e-17	5.50937e-17	5.50937e-17	5.50937e-17	5.50937e-17	5.50937e-17	5.50937e-17	5.50937e-17	5.50937e-17	5.50937e-17	5.50937e-17	5.50937e-17	5.50937e-17	5.50937e-17	5.50937e-17	5.50937e-17	5.50937e-17	5.50937e-17	5.50937e-17	5.50937e-17	5.50937e-17	5.50937e-17	5.50937e-17	5.50937e-17	5.50937e-17	5.50937e-17	5.50937e-17	5.50937e-17	5.50937e-17	5.50937e-17	5.50937e-17	5.50937e-17	5.50937e-17	5.50937e-17	5.50937e-17	5.50937e-17	5.50937e-17	5.50937e-17	5.50937e-17	5.50937e-17	5.50937e-17	5.50937e-17	5.50937e-17	5.50937e-17	5.50937e-17	5.50937e-17	5.50937e-17	5.50937e-17	5.50937e-17	5.50937e-17	5.50937e-17	5.50937e-17	5.50937e-17	5.50937e-17	5.50937e-17	5.50937e-17	5.50937e-17	5.50937e-17	5.50937e-17	5.50937e-17	5.50937e-17	5.50937e-17	5.50937e-17	5.50937e-17	5.50937e-17	5.50937e-17	5.50937e-17	5.50937e-17	5.50937e-17	5.50937e-17	5.50937e-17	5.50937e-17	5.50937e-17	5.50937e-17	5.50937e-17
24.82	1.21958e-28	4.08318e-28	8.46609e-28	1.51750e-27	2.54452e-27	4.11690e-27	6.52454e-27	1.02117e-26	1.58592e-26	2.45111e-26	3.77687e-26	5.80890e-26	8.92440e-26	1.37027e-25	2.10343e-25	3.22886e-25	4.95738e-25	7.61381e-25	1.16992e-24	1.79875e-24	2.76758e-24	4.26193e-24	6.56982e-24	1.01396e-23	1.56709e-23	2.42592e-23	3.76263e-23	5.84897e-23	9.11618e-23	1.42527e-22	2.23656e-22	3.52503e-22	5.58491e-22	8.90436e-22	1.43055e-21	2.31988e-21	3.80590e-21	6.33553e-21	1.07456e-20	1.86797e-20	3.35783e-20	6.33168e-20	1.28472e-19	2.95687e-19	8.91849e-19	7.84795e-18	3.66179e-17	3.89874e-17	3.99162e-17	4.05009e-17	4.09501e-17	4.13358e-17	4.16909e-17	4.20341e-17	4.23776e-17	4.27305e-17	4.31005e-17	4.34947e-17	4.39201e-17	4.43838e-17	4.48938e-17	4.54585e-17	4.60875e-17	4.67916e-17	4.74921e-17	4.75410e-17	4.75411e-17	4.75411e-17	4.75411e-17	4.75411e-17	4.75411e-17	4.75411e-17	4.75411e-17	4.75411e-17	4.75411e-17	4.75411e-17	4.75411e-17	4.75411e-17	4.75411e-17	4.75411e-17	4.75411e-17	4.75411e-17	4.75411e-17	4.75411e-17	4.75411e-17	4.75411e-17	4.75411e-17	4.75411e-17	4.75411e-17	4.75411e-17	4.75411e-17	4.75411e-17	4.75411e-17	4.75411e-17	4.75411e-17	4.75411e-17	4.75411e-17	4.75411e-17	4.75411e-17	4.75411e-17	4.75411e-17	4.75411e-17	4.75411e-17	4.75411e-17	4.75411e-17	4.75411e-17	4.75411e-17	4.75411e-17	4.75411e-17	4.75411e-17	4.75411e-17	4.75411e-17	4.75411e-17	4.75411e-17	4.75411e-17	4.75411e-17	4.75411e-17	4.75411e-17	4.75411e-17	4.75411e-17	4.75411e-17	4.75411e-17	4.75411e-17	4.75411e-17	4.75411e-17	4.75411e-17	4.75411e-17	4.75411e-17	4.75411e-17	4.75411e-17	4.75411e-17	4.75411e-17	4.75411e-17	4.75411e-17	4.75411e-17	4.75411e-17	4.75411e-17	4.75411e-17	4.75411e-17	4.75411e-17	4.75411e-17	4.75411e-17	4.75411e-17	4.75411e-17	4.75411e-17
24.85	1.04250e-28	3.49029e-28	7.23680e-28	1.29716e-27	2.17505e-27	3.51912e-27	5.57717e-27	8.72891e-27	1.35564e-26	2.09520e-26	3.22846e-26	4.96544e-26	7.62857e-26	1.17131e-25	1.79801e-25	2.76002e-25	4.23756e-25	6.50828e-25	1.00005e-24	1.53757e-24	2.36573e-24	3.64309e-24	5.61587e-24	8.66730e-24	1.33955e-23	2.07367e-23	3.21629e-23	4.99969e-23	7.79250e-23	1.21832e-22	1.91180e-22	3.01319e-22	4.77397e-22	7.61144e-22	1.22284e-21	1.98303e-21	3.25328e-21	5.41560e-21	9.18535e-21	1.59674e-20	2.87027e-20	5.41231e-20	1.09817e-19	2.52752e-19	7.62351e-19	6.70841e-18	3.13009e-17	3.33263e-17	3.41203e-17	3.46201e-17	3.50041e-17	3.53337e-17	3.56373e-17	3.59307e-17	3.62243e-17	3.65260e-17	3.68423e-17	3.71792e-17	3.75428e-17	3.79392e-17	3.83751e-17	3.88578e-17	3.93955e-17	3.99974e-17	4.06739e-17	4.10434e-17	4.10466e-17	4.10466e-17	4.10466e-17	4.10466e-17	4.10466e-17	4.10466e-17	4.10466e-17	4.10466e-17	4.10466e-17	4.10466e-17	4.10466e-17	4.10466e-17	4.10466e-17	4.10466e-17	4.10466e-17	4.10466e-17	4.10466e-17	4.10466e-17	4.10466e-17	4.10466e-17	4.10466e-17	4.10466e-17	4.10466e-17	4.10466e-17	4.10466e-17	4.10466e-17	4.10466e-17	4.10466e-17	4.10466e-17	4.10466e-17	4.10466e-17	4.10466e-17	4.10466e-17	4.10466e-17	4.10466e-17	4.10466e-17	4.10466e-17	4.10466e-17	4.10466e-17	4.10466e-17	4.10466e-17	4.10466e-17	4.10466e-17	4.10466e-17	4.10466e-17	4.10466e-17	4.10466e-17	4.10466e-17	4.10466e-17	4.10466e-17	4.10466e-17	4.10466e-17	4.10466e-17	4.10466e-17	4.10466e-17	4.10466e-17	4.10466e-17	4.10466e-17	4.10466e-17	4.10466e-17	4.10466e-17	4.10466e-17	4.10466e-17	4.10466e-17	4.10466e-17	4.10466e-17	4.10466e-17	4.10466e-17	4.10466e-17	4.10466e-17	4.10466e-17	4.10466e-17	4.10466e-17	4.10466e-17	4.10466e-17	4.10466e-17	4.10466e-17	4.10466e-17	4.10466e-17
24.89	8.91126e-29	2.98350e-28	6.18601e-28	1.10881e-27	1.85923e-27	3.00814e-27	4.76735e-27	7.46146e-27	1.15880e-26	1.79098e-26	2.75968e-26	4.24445e-26	6.52089e-26	1.00123e-25	1.53693e-25	2.35926e-25	3.62226e-25	5.56326e-25	8.54839e-25	1.31431e-24	2.02222e-24	3.11411e-24	4.80044e-24	7.40880e-24	1.14504e-23	1.77257e-23	2.74928e-23	4.27373e-23	6.66102e-23	1.04142e-22	1.63421e-22	2.57567e-22	4.08078e-22	6.50624e-22	1.04528e-21	1.69509e-21	2.78090e-21	4.62925e-21	7.85162e-21	1.36489e-20	2.45350e-20	4.62643e-20	9.38718e-20	2.16052e-19	6.51657e-19	5.73434e-18	2.67560e-17	2.84873e-17	2.91660e-17	2.95932e-17	2.99215e-17	3.02032e-17	3.04627e-17	3.07135e-17	3.09645e-17	3.12224e-17	3.14927e-17	3.17808e-17	3.20915e-17	3.24304e-17	3.28030e-17	3.32156e-17	3.36752e-17	3.41897e-17	3.47680e-17	3.53877e-17	3.54600e-17	3.54601e-17	3.54601e-17	3.54601e-17	3.54601e-17	3.54601e-17	3.54601e-17	3.54601e-17	3.54601e-17	3.54601e-17	3.54601e-17	3.54601e-17	3.54601e-17	3.54601e-17	3.54601e-17	3.54601e-17	3.54601e-17	3.54601e-17	3.54601e-17	3.54601e-17	3.54601e-17	3.54601e-17	3.54601e-17	3.54601e-17	3.54601e-17	3.54601e-17	3.54601e-17	3.54601e-17	3.54601e-17	3.54601e-17	3.54601e-17	3.54601e-17	3.54601e-17	3.54601e-17	3.54601e-17	3.54601e-17	3.54601e-17	3.54601e-17	3.54601e-17	3.54601e-17	3.54601e-17	3.54601e-17	3.54601e-17	3.54601e-17	3.54601e-17	3.54601e-17	3.54601e-17	3.54601e-17	3.54601e-17	3.54601e-17	3.54601e-17	3.54601e-17	3.54601e-17	3.54601e-17	3.54601e-17	3.54601e-17	3.54601e-17	3.54601e-17	3.54601e-17	3.54601e-17	3.54601e-17	3.54601e-17	3.54601e-17	3.54601e-17	3.54601e-17	3.54601e-17	3.54601e-17	3.54601e-17	3.54601e-17	3.54601e-17	3.54601e-17	3.54601e-17	3.54601e-17	3.54601e-17	3.54601e-17	3.54601e-17	3.54601e-17	3.54601e-17	3.54601e-17
24.92	7.61733e-29	2.55029e-28	5.28779e-28	9.47806e-28	1.58927e-27	2.57135e-27	4.07513e-27	6.37804e-27	9.90539e-27	1.53092e-26	2.35897e-26	3.62815e-26	5.57404e-26	8.55851e-26	1.31377e-25	2.01670e-25	3.09630e-25	4.75547e-25	7.30715e-25	1.12347e-24	1.72859e-24	2.66193e-24	4.10341e-24	6.33303e-24	9.78779e-24	1.51519e-23	2.35008e-23	3.65318e-23	5.69383e-23	8.90202e-23	1.39692e-22	2.20168e-22	3.48825e-22	5.56153e-22	8.93502e-22	1.44896e-21	2.37711e-21	3.95707e-21	6.71155e-21	1.16671e-20	2.09725e-20	3.95467e-20	8.02414e-20	1.84681e-19	5.57035e-19	4.90170e-18	2.28710e-17	2.43509e-17	2.49310e-17	2.52962e-17	2.55768e-17	2.58177e-17	2.60395e-17	2.62538e-17	2.64684e-17	2.66888e-17	2.69199e-17	2.71661e-17	2.74318e-17	2.77214e-17	2.80399e-17	2.83926e-17	2.87855e-17	2.92253e-17	2.97196e-17	3.02773e-17	3.06481e-17	3.06532e-17	3.06532e-17	3.06532e-17	3.06532e-17	3.06532e-17	3.06532e-17	3.06532e-17	3.06532e-17	3.06532e-17	3.06532e-17	3.06532e-17	3.06532e-17	3.06532e-17	3.06532e-17	3.06532e-17	3.06532e-17	3.06532e-17	3.06532e-17	3.06532e-17	3.06532e-17	3.06532e-17	3.06532e-17	3.06532e-17	3.06532e-17	3.06532e-17	3.06532e-17	3.06532e-17	3.06532e-17	3.06532e-17	3.06532e-17	3.06532e-17	3.06532e-17	3.06532e-17	3.06532e-17	3.06532e-17	3.06532e-17	3.06532e-17	3.06532e-17	3.06532e-17	3.06532e-17	3.06532e-17	3.06532e-17	3.06532e-17	3.06532e-17	3.06532e-17	3.06532e-17	3.06532e-17	3.06532e-17	3.06532e-17	3.06532e-17	3.06532e-17	3.06532e-17	3.06532e-17	3.06532e-17	3.06532e-17	3.06532e-17	3.06532e-17	3.06532e-17	3.06532e-17	3.06532e-17	3.06532e-17	3.06532e-17	3.06532e-17	3.06532e-17	3.06532e-17	3.06532e-17	3.06532e-17	3.06532e-17	3.06532e-17	3.06532e-17	3.06532e-17	3.06532e-17	3.06532e-17	3.06532e-17	3.06532e-17	3.06532e-17	3.06532e-17	3.06532e-17
24.96	6.51129e-29	2.17998e-28	4.51999e-28	8.10183e-28	1.35850e-27	2.19799e-27	3.48341e-27	5.45194e-27	8.46711e-27	1.30863e-26	2.01645e-26	3.10134e-26	4.76468e-26	7.31580e-26	1.12301e-25	1.72387e-25	2.64671e-25	4.06497e-25	6.24614e-25	9.60342e-25	1.47760e-24	2.27542e-24	3.50759e-24	5.41346e-24	8.36659e-24	1.29518e-23	2.00884e-23	3.12273e-23	4.86707e-23	7.60943e-23	1.19408e-22	1.88199e-22	2.98175e-22	4.75399e-22	7.63764e-22	1.23857e-21	2.03195e-21	3.38250e-21	5.73703e-21	9.97299e-21	1.79273e-20	3.38044e-20	6.85903e-20	1.57865e-19	4.76153e-19	4.18997e-18	1.95501e-17	2.08151e-17	2.13110e-17	2.16232e-17	2.18630e-17	2.20689e-17	2.22585e-17	2.24417e-17	2.26251e-17	2.28136e-17	2.30111e-17	2.32216e-17	2.34487e-17	2.36963e-17	2.39685e-17	2.42700e-17	2.46058e-17	2.49817e-17	2.54043e-17	2.58810e-17	2.64140e-17	2.65153e-17	2.65156e-17	2.65156e-17	2.65156e-17	2.65156e-17	2.65156e-17	2.65156e-17	2.65156e-17	2.65156e-17	2.65156e-17	2.65156e-17	2.65156e-17	2.65156e-17	2.65156e-17	2.65156e-17	2.65156e-17	2.65156e-17	2.65156e-17	2.65156e-17	2.65156e-17	2.65156e-17	2.65156e-17	2.65156e-17	2.65156e-17	2.65156e-17	2.65156e-17	2.65156e-17	2.65156e-17	2.65156e-17	2.65156e-17	2.65156e-17	2.65156e-17	2.65156e-17	2.65156e-17	2.65156e-17	2.65156e-17	2.65156e-17	2.65156e-17	2.65156e-17	2.65156e-17	2.65156e-17	2.65156e-17	2.65156e-17	2.65156e-17	2.65156e-17	2.65156e-17	2.65156e-17	2.65156e-17	2.65156e-17	2.65156e-17	2.65156e-17	2.65156e-17	2.65156e-17	2.65156e-17	2.65156e-17	2.65156e-17	2.65156e-17	2.65156e-17	2.65156e-17	2.65156e-17	2.65156e-17	2.65156e-17	2.65156e-17	2.65156e-17	2.65156e-17	2.65156e-17	2.65156e-17	2.65156e-17	2.65156e-17	2.65156e-17	2.65156e-17	2.65156e-17	2.65156e-17	2.65156e-17	2.65156e-17	2.65156e-17	2.65156e-17	2.65156e-17
24.99	5.56584e-29	1.86345e-28	3.86368e-28	6.92543e-28	1.16125e-27	1.87884e-27	2.97761e-27	4.66031e-27	7.23768e-27	1.11862e-26	1.72366e-26	2.65102e-26	4.07284e-26	6.25353e-26	9.59945e-26	1.47356e-25	2.26241e-25	3.47473e-25	5.33919e-25	8.20899e-25	1.26305e-24	1.94502e-24	2.99828e-24	4.62742e-24	7.15175e-24	1.10712e-23	1.71716e-23	2.66930e-23	4.16037e-23	6.50453e-23	1.02070e-22	1.60872e-22	2.54879e-22	4.06370e-22	6.52864e-22	1.05873e-21	1.73691e-21	2.89136e-21	4.90400e-21	8.52489e-21	1.53242e-20	2.88960e-20	5.86309e-20	1.34943e-19	4.07015e-19	3.58158e-18	1.67114e-17	1.77927e-17	1.82166e-17	1.84835e-17	1.86885e-17	1.88645e-17	1.90265e-17	1.91832e-17	1.93399e-17	1.95010e-17	1.96699e-17	1.98498e-17	2.00439e-17	2.02555e-17	2.04882e-17	2.07459e-17	2.10330e-17	2.13544e-17	2.17156e-17	2.21230e-17	2.25840e-17	2.29444e-17	2.29527e-17	2.29527e-17	2.29527e-17	2.29527e-17	2.29527e-17	2.29527e-17	2.29527e-17	2.29527e-17	2.29527e-17	2.29527e-17	2.29527e-17	2.29527e-17	2.29527e-17	2.29527e-17	2.29527e-17	2.29527e-17	2.29527e-17	2.29527e-17	2.29527e-17	2.29527e-17	2.29527e-17	2.29527e-17	2.29527e-17	2.29527e-17	2.29527e-17	2.29527e-17	2.29527e-17	2.29527e-17	2.29527e-17	2.29527e-17	2.29527e-17	2.29527e-17	2.29527e-17	2.29527e-17	2.29527e-17	2.29527e-17	2.29527e-17	2.29527e-17	2.29527e-17	2.29527e-17	2.29527e-17	2.29527e-17	2.29527e-17	2.29527e-17	2.29527e-17	2.29527e-17	2.29527e-17	2.29527e-17	2.29527e-17	2.29527e-17	2.29527e-17	2.29527e-17	2.29527e-17	2.29527e-17	2.29527e-17	2.29527e-17	2.29527e-17	2.29527e-17	2.29527e-17	2.29527e-17	2.29527e-17	2.29527e-17	2.29527e-17	2.29527e-17	2.29527e-17	2.29527e-17	2.29527e-17	2.29527e-17	2.29527e-17	2.29527e-17	2.29527e-17	2.29527e-17	2.29527e-17	2.29527e-17	2.29527e-17	2.29527e-17	2.29527e-17
25.02	4.75767e-29	1.59287e-28	3.30267e-28	5.91985e-28	9.92633e-28	1.60603e-27	2.54526e-27	3.98363e-27	6.18675e-27	9.56192e-27	1.47338e-26	2.26609e-26	3.48146e-26	5.34551e-26	8.20559e-26	1.25960e-25	1.93390e-25	2.97019e-25	4.56393e-25	7.01703e-25	1.07965e-24	1.66260e-24	2.56293e-24	3.95551e-24	6.11330e-24	9.46366e-24	1.46782e-23	2.28172e-23	3.55628e-23	5.56006e-23	8.72493e-23	1.37513e-22	2.17871e-22	3.47364e-22	5.58068e-22	9.04998e-22	1.48471e-21	2.47153e-21	4.19193e-21	7.28707e-21	1.30991e-20	2.47002e-20	5.01176e-20	1.15349e-19	3.47915e-19	3.06153e-18	1.42849e-17	1.52092e-17	1.55715e-17	1.57996e-17	1.59749e-17	1.61253e-17	1.62639e-17	1.63977e-17	1.65317e-17	1.66694e-17	1.68138e-17	1.69675e-17	1.71335e-17	1.73144e-17	1.75133e-17	1.77336e-17	1.79790e-17	1.82537e-17	1.85624e-17	1.89107e-17	1.93048e-17	1.97517e-17	1.98829e-17	1.98834e-17	1.98834e-17	1.98834e-17	1.98834e-17	1.98834e-17	1.98834e-17	1.98834e-17	1.98834e-17	1.98834e-17	1.98834e-17	1.98834e-17	1.98834e-17	1.98834e-17	1.98834e-17	1.98834e-17	1.98834e-17	1.98834e-17	1.98834e-17	1.98834e-17	1.98834e-17	1.98834e-17	1.98834e-17	1.98834e-17	1.98834e-17	1.98834e-17	1.98834e-17	1.98834e-17	1.98834e-17	1.98834e-17	1.98834e-17	1.98834e-17	1.98834e-17	1.98834e-17	1.98834e-17	1.98834e-17	1.98834e-17	1.98834e-17	1.98834e-17	1.98834e-17	1.98834e-17	1.98834e-17	1.98834e-17	1.98834e-17	1.98834e-17	1.98834e-17	1.98834e-17	1.98834e-17	1.98834e-17	1.98834e-17	1.98834e-17	1.98834e-17	1.98834e-17	1.98834e-17	1.98834e-17	1.98834e-17	1.98834e-17	1.98834e-17	1.98834e-17	1.98834e-17	1.98834e-17	1.98834e-17	1.98834e-17	1.98834e-17	1.98834e-17	1.98834e-17	1.98834e-17	1.98834e-17	1.98834e-17	1.98834e-17	1.98834e-17	1.98834e-17	1.98834e-17	1.98834e-17	1.98834e-17	1.98834e-17	1.98834e-17
25.06	4.06685e-29	1.36158e-28	2.82312e-28	5.06028e-28	8.48501e-28	1.37283e-27	2.17568e-27	3.40520e-27	5.28843e-27	8.17351e-27	1.25944e-26	1.93705e-26	2.97595e-26	4.56933e-26	7.01413e-26	1.07670e-25	1.65310e-25	2.53892e-25	3.90124e-25	5.99815e-25	9.22883e-25	1.42119e-24	2.19078e-24	3.38116e-24	5.22564e-24	8.08952e-24	1.25469e-23	1.95041e-23	3.03990e-23	4.75273e-23	7.45806e-23	1.17546e-22	1.86235e-22	2.96927e-22	4.77035e-22	7.73591e-22	1.26912e-21	2.11266e-21	3.58326e-21	6.22897e-21	1.11971e-20	2.11137e-20	4.28404e-20	9.86002e-20	2.97398e-19	2.61699e-18	1.22107e-17	1.30008e-17	1.33105e-17	1.35055e-17	1.36553e-17	1.37839e-17	1.39023e-17	1.40168e-17	1.41313e-17	1.42490e-17	1.43724e-17	1.45038e-17	1.46457e-17	1.48003e-17	1.49704e-17	1.51587e-17	1.53684e-17	1.56032e-17	1.58671e-17	1.61649e-17	1.65017e-17	1.68838e-17	1.72250e-17	1.72381e-17	1.72381e-17	1.72381e-17	1.72381e-17	1.72381e-17	1.72381e-17	1.72381e-17	1.72381e-17	1.72381e-17	1.72381e-17	1.72381e-17	1.72381e-17	1.72381e-17	1.72381e-17	1.72381e-17	1.72381e-17	1.72381e-17	1.72381e-17	1.72381e-17	1.72381e-17	1.72381e-17	1.72381e-17	1.72381e-17	1.72381e-17	1.72381e-17	1.72381e-17	1.72381e-17	1.72381e-17	1.72381e-17	1.72381e-17	1.72381e-17	1.72381e-17	1.72381e-17	1.72381e-17	1.72381e-17	1.72381e-17	1.72381e-17	1.72381e-17	1.72381e-17	1.72381e-17	1.72381e-17	1.72381e-17	1.72381e-17	1.72381e-17	1.72381e-17	1.72381e-17	1.72381e-17	1.72381e-17	1.72381e-17	1.72381e-17	1.72381e-17	1.72381e-17	1.72381e-17	1.72381e-17	1.72381e-17	1.72381e-17	1.72381e-17	1.72381e-17	1.72381e-17	1.72381e-17	1.72381e-17	1.72381e-17	1.72381e-17	1.72381e-17	1.72381e-17	1.72381e-17	1.72381e-17	1.72381e-17	1.72381e-17	1.72381e-17	1.72381e-17	1.72381e-17	1.72381e-17	1.72381e-17	1.72381e-17	1.72381e-17
25.09	3.47634e-29	1.16388e-28	2.41320e-28	4.32552e-28	7.25297e-28	1.17349e-27	1.85977e-27	2.91076e-27	4.52054e-27	6.98670e-27	1.07657e-26	1.65579e-26	2.54384e-26	3.90586e-26	5.99567e-26	9.20363e-26	1.41306e-25	2.17026e-25	3.33478e-25	5.12721e-25	7.88879e-25	1.21483e-24	1.87268e-24	2.89021e-24	4.46687e-24	6.91491e-24	1.07251e-23	1.66721e-23	2.59850e-23	4.06263e-23	6.37514e-23	1.00478e-22	1.59194e-22	2.53812e-22	4.07769e-22	6.61264e-22	1.08485e-21	1.80590e-21	3.06296e-21	5.32452e-21	9.57125e-21	1.80480e-20	3.66199e-20	8.42833e-20	2.54215e-19	2.23700e-18	1.04377e-17	1.11131e-17	1.13778e-17	1.15445e-17	1.16725e-17	1.17825e-17	1.18837e-17	1.19815e-17	1.20794e-17	1.21800e-17	1.22855e-17	1.23979e-17	1.25191e-17	1.26513e-17	1.27966e-17	1.29576e-17	1.31369e-17	1.33376e-17	1.35632e-17	1.38177e-17	1.41056e-17	1.44322e-17	1.48035e-17	1.49564e-17	1.49572e-17	1.49572e-17	1.49572e-17	1.49572e-17	1.49572e-17	1.49572e-17	1.49572e-17	1.49572e-17	1.49572e-17	1.49572e-17	1.49572e-17	1.49572e-17	1.49572e-17	1.49572e-17	1.49572e-17	1.49572e-17	1.49572e-17	1.49572e-17	1.49572e-17	1.49572e-17	1.49572e-17	1.49572e-17	1.49572e-17	1.49572e-17	1.49572e-17	1.49572e-17	1.49572e-17	1.49572e-17	1.49572e-17	1.49572e-17	1.49572e-17	1.49572e-17	1.49572e-17	1.49572e-17	1.49572e-17	1.49572e-17	1.49572e-17	1.49572e-17	1.49572e-17	1.49572e-17	1.49572e-17	1.49572e-17	1.49572e-17	1.49572e-17	1.49572e-17	1.49572e-17	1.49572e-17	1.49572e-17	1.49572e-17	1.49572e-17	1.49572e-17	1.49572e-17	1.49572e-17	1.49572e-17	1.49572e-17	1.49572e-17	1.49572e-17	1.49572e-17	1.49572e-17	1.49572e-17	1.49572e-17	1.49572e-17	1.49572e-17	1.49572e-17	1.49572e-17	1.49572e-17	1.49572e-17	1.49572e-17	1.49572e-17	1.49572e-17	1.49572e-17	1.49572e-17	1.49572e-17	1.49572e-17	1.49572e-17
25.13	2.97157e-29	9.94882e-29	2.06280e-28	3.69745e-28	6.19983e-28	1.00310e-27	1.58973e-27	2.48811e-27	3.86415e-27	5.97222e-27	9.20249e-27	1.41536e-26	2.17447e-26	3.33872e-26	5.12509e-26	7.86724e-26	1.20789e-25	1.85514e-25	2.85056e-25	4.38273e-25	6.74333e-25	1.03844e-24	1.60076e-24	2.47055e-24	3.81828e-24	5.91086e-24	9.16779e-24	1.42512e-23	2.22119e-23	3.47273e-23	5.44946e-23	8.58886e-23	1.36079e-22	2.16958e-22	3.48560e-22	5.65248e-22	9.27324e-22	1.54368e-21	2.61822e-21	4.55139e-21	8.18149e-21	1.54274e-20	3.13027e-20	7.20452e-20	2.17303e-19	1.91218e-18	8.92210e-18	9.49943e-18	9.72575e-18	9.86821e-18	9.97767e-18	1.00716e-17	1.01581e-17	1.02418e-17	1.03255e-17	1.04115e-17	1.05016e-17	1.05977e-17	1.07013e-17	1.08143e-17	1.09385e-17	1.10761e-17	1.12294e-17	1.14010e-17	1.15938e-17	1.18113e-17	1.20575e-17	1.23366e-17	1.26540e-17	1.29691e-17	1.29895e-17	1.29895e-17	1.29895e-17	1.29895e-17	1.29895e-17	1.29895e-17	1.29895e-17	1.29895e-17	1.29895e-17	1.29895e-17	1.29895e-17	1.29895e-17	1.29895e-17	1.29895e-17	1.29895e-17	1.29895e-17	1.29895e-17	1.29895e-17	1.29895e-17	1.29895e-17	1.29895e-17	1.29895e-17	1.29895e-17	1.29895e-17	1.29895e-17	1.29895e-17	1.29895e-17	1.29895e-17	1.29895e-17	1.29895e-17	1.29895e-17	1.29895e-17	1.29895e-17	1.29895e-17	1.29895e-17	1.29895e-17	1.29895e-17	1.29895e-17	1.29895e-17	1.29895e-17	1.29895e-17	1.29895e-17	1.29895e-17	1.29895e-17	1.29895e-17	1.29895e-17	1.29895e-17	1.29895e-17	1.29895e-17	1.29895e-17	1.29895e-17	1.29895e-17	1.29895e-17	1.29895e-17	1.29895e-17	1.29895e-17	1.29895e-17	1.29895e-17	1.29895e-17	1.29895e-17	1.29895e-17	1.29895e-17	1.29895e-17	1.29895e-17	1.29895e-17	1.29895e-17	1.29895e-17	1.29895e-17	1.29895e-17	1.29895e-17	1.29895e-17	1.29895e-17	1.29895e-17	1.29895e-17	1.29895e-17
25.16	2.54009e-29	8.50424e-29	1.76328e-28	3.16057e-28	5.29961e-28	8.57448e-28	1.35890e-27	2.12683e-27	3.30307e-27	5.10505e-27	7.86628e-27	1.20985e-26	1.85873e-26	2.85393e-26	4.38092e-26	6.72491e-26	1.03250e-25	1.58577e-25	2.43666e-25	3.74635e-25	5.76418e-25	8.87653e-25	1.36833e-24	2.11182e-24	3.26386e-24	5.05259e-24	7.83661e-24	1.21819e-23	1.89867e-23	2.96848e-23	4.65819e-23	7.34175e-23	1.16320e-22	1.85456e-22	2.97949e-22	4.83173e-22	7.92675e-22	1.31953e-21	2.23805e-21	3.89052e-21	6.99353e-21	1.31873e-20	2.67575e-20	6.15841e-20	1.85750e-19	1.63453e-18	7.62660e-18	8.12010e-18	8.31355e-18	8.43533e-18	8.52889e-18	8.60921e-18	8.68317e-18	8.75465e-18	8.82620e-18	8.89970e-18	8.97677e-18	9.05887e-18	9.14746e-18	9.24404e-18	9.35025e-18	9.46786e-18	9.59887e-18	9.74552e-18	9.91037e-18	1.00963e-17	1.03067e-17	1.05453e-17	1.08166e-17	1.11255e-17	1.12898e-17	1.12911e-17	1.12911e-17	1.12911e-17	1.12911e-17	1.12911e-17	1.12911e-17	1.12911e-17	1.12911e-17	1.12911e-17	1.12911e-17	1.12911e-17	1.12911e-17	1.12911e-17	1.12911e-17	1.12911e-17	1.12911e-17	1.12911e-17	1.12911e-17	1.12911e-17	1.12911e-17	1.12911e-17	1.12911e-17	1.12911e-17	1.12911e-17	1.12911e-17	1.12911e-17	1.12911e-17	1.12911e-17	1.12911e-17	1.12911e-17	1.12911e-17	1.12911e-17	1.12911e-17	1.12911e-17	1.12911e-17	1.12911e-17	1.12911e-17	1.12911e-17	1.12911e-17	1.12911e-17	1.12911e-17	1.12911e-17	1.12911e-17	1.12911e-17	1.12911e-17	1.12911e-17	1.12911e-17	1.12911e-17	1.12911e-17	1.12911e-17	1.12911e-17	1.12911e-17	1.12911e-17	1.12911e-17	1.12911e-17	1.12911e-17	1.12911e-17	1.12911e-17	1.12911e-17	1.12911e-17	1.12911e-17	1.12911e-17	1.12911e-17	1.12911e-17	1.12911e-17	1.12911e-17	1.12911e-17	1.12911e-17	1.12911e-17	1.12911e-17	1.12911e-17	1.12911e-17	1.12911e-17	1.12911e-17
25.19	2.17126e-29	7.26941e-29	1.50725e-28	2.70165e-28	4.53009e-28	7.32945e-28	1.16158e-27	1.81801e-27	2.82346e-27	4.36379e-27	6.72408e-27	1.03418e-26	1.58884e-26	2.43954e-26	3.74480e-26	5.74844e-26	8.82578e-26	1.35551e-25	2.08285e-25	3.20237e-25	4.92722e-25	7.58764e-25	1.16965e-24	1.80518e-24	2.78994e-24	4.31895e-24	6.69872e-24	1.04131e-23	1.62298e-23	2.53745e-23	3.98181e-23	6.27572e-23	9.94299e-23	1.58527e-22	2.54686e-22	4.13015e-22	6.77577e-22	1.12793e-21	1.91308e-21	3.32561e-21	5.97805e-21	1.12725e-20	2.28722e-20	5.26420e-20	1.58779e-19	1.39719e-18	6.51920e-18	6.94105e-18	7.10641e-18	7.21051e-18	7.29049e-18	7.35914e-18	7.42236e-18	7.48346e-18	7.54462e-18	7.60745e-18	7.67333e-18	7.74351e-18	7.81923e-18	7.90179e-18	7.99258e-18	8.09311e-18	8.20510e-18	8.33046e-18	8.47137e-18	8.63032e-18	8.81015e-18	9.01414e-18	9.24602e-18	9.51010e-18	9.79346e-18	9.82410e-18	9.82417e-18	9.82417e-18	9.82417e-18	9.82417e-18	9.82417e-18	9.82417e-18	9.82417e-18	9.82417e-18	9.82417e-18	9.82417e-18	9.82417e-18	9.82417e-18	9.82417e-18	9.82417e-18	9.82417e-18	9.82417e-18	9.82417e-18	9.82417e-18	9.82417e-18	9.82417e-18	9.82417e-18	9.82417e-18	9.82417e-18	9.82417e-18	9.82417e-18	9.82417e-18	9.82417e-18	9.82417e-18	9.82417e-18	9.82417e-18	9.82417e-18	9.82417e-18	9.82417e-18	9.82417e-18	9.82417e-18	9.82417e-18	9.82417e-18	9.82417e-18	9.82417e-18	9.82417e-18	9.82417e-18	9.82417e-18	9.82417e-18	9.82417e-18	9.82417e-18	9.82417e-18	9.82417e-18	9.82417e-18	9.82417e-18	9.82417e-18	9.82417e-18	9.82417e-18	9.82417e-18	9.82417e-18	9.82417e-18	9.82417e-18	9.82417e-18	9.82417e-18	9.82417e-18	9.82417e-18	9.82417e-18	9.82417e-18	9.82417e-18	9.82417e-18	9.82417e-18	9.82417e-18	9.82417e-18	9.82417e-18	9.82417e-18	9.82417e-18	9.82417e-18	9.82417e-18	9.82417e-18
25.23	1.85599e-29	6.21388e-29	1.28839e-28	2.30937e-28	3.87232e-28	6.26521e-28	9.92921e-28	1.55404e-27	2.41349e-27	3.73016e-27	5.74773e-27	8.84014e-27	1.35814e-26	2.08531e-26	3.20105e-26	4.91376e-26	7.54426e-26	1.15869e-25	1.78042e-25	2.73738e-25	4.21178e-25	6.48591e-25	9.99812e-25	1.54307e-24	2.38484e-24	3.69183e-24	5.72606e-24	8.90111e-24	1.38732e-23	2.16901e-23	3.40365e-23	5.36447e-23	8.49925e-23	1.35509e-22	2.17705e-22	3.53045e-22	5.79192e-22	9.64157e-22	1.63530e-21	2.84273e-21	5.11003e-21	9.63571e-21	1.95511e-20	4.49983e-20	1.35724e-19	1.19432e-18	5.57260e-18	5.93319e-18	6.07455e-18	6.16353e-18	6.23190e-18	6.29058e-18	6.34462e-18	6.39685e-18	6.44913e-18	6.50284e-18	6.55915e-18	6.61914e-18	6.68387e-18	6.75444e-18	6.83204e-18	6.91798e-18	7.01371e-18	7.12086e-18	7.24131e-18	7.37718e-18	7.53090e-18	7.70527e-18	7.90348e-18	8.12922e-18	8.38671e-18	8.55435e-18	8.55649e-18	8.55649e-18	8.55649e-18	8.55649e-18	8.55649e-18	8.55649e-18	8.55649e-18	8.55649e-18	8.55649e-18	8.55649e-18	8.55649e-18	8.55649e-18	8.55649e-18	8.55649e-18	8.55649e-18	8.55649e-18	8.55649e-18	8.55649e-18	8.55649e-18	8.55649e-18	8.55649e-18	8.55649e-18	8.55649e-18	8.55649e-18	8.55649e-18	8.55649e-18	8.55649e-18	8.55649e-18	8.55649e-18	8.55649e-18	8.55649e-18	8.55649e-18	8.55649e-18	8.55649e-18	8.55649e-18	8.55649e-18	8.55649e-18	8.55649e-18	8.55649e-18	8.55649e-18	8.55649e-18	8.55649e-18	8.55649e-18	8.55649e-18	8.55649e-18	8.55649e-18	8.55649e-18	8.55649e-18	8.55649e-18	8.55649e-18	8.55649e-18	8.55649e-18	8.55649e-18	8.55649e-18	8.55649e-18	8.55649e-18	8.55649e-18	8.55649e-18	8.55649e-18	8.55649e-18	8.55649e-18	8.55649e-18	8.55649e-18	8.55649e-18	8.55649e-18	8.55649e-18	8.55649e-18	8.55649e-18	8.55649e-18	8.55649e-18	8.55649e-18	8.55649e-18	8.55649e-18
25.26	1.58650e-29	5.31162e-29	1.10131e-28	1.97404e-28	3.31005e-28	5.35549e-28	8.48747e-28	1.32839e-27	2.06305e-27	3.18853e-27	4.91315e-27	7.55653e-27	1.16093e-26	1.78252e-26	2.73625e-26	4.20027e-26	6.44882e-26	9.90446e-26	1.52190e-25	2.33991e-25	3.60022e-25	5.54414e-25	8.54638e-25	1.31901e-24	2.03855e-24	3.15577e-24	4.89463e-24	7.60865e-24	1.18588e-23	1.85407e-23	2.90943e-23	4.58554e-23	7.26515e-23	1.15833e-22	1.86094e-22	3.01782e-22	4.95093e-22	8.24160e-22	1.39785e-21	2.42996e-21	4.36805e-21	8.23659e-21	1.67123e-20	3.84645e-20	1.16017e-19	1.02090e-18	4.76345e-18	5.07169e-18	5.19252e-18	5.26858e-18	5.32702e-18	5.37718e-18	5.42337e-18	5.46802e-18	5.51270e-18	5.55862e-18	5.60675e-18	5.65803e-18	5.71336e-18	5.77369e-18	5.84002e-18	5.91348e-18	5.99530e-18	6.08690e-18	6.18986e-18	6.30600e-18	6.43740e-18	6.58645e-18	6.75588e-18	6.94884e-18	7.16895e-18	7.41636e-18	7.46014e-18	7.46026e-18	7.46026e-18	7.46026e-18	7.46026e-18	7.46026e-18	7.46026e-18	7.46026e-18	7.46026e-18	7.46026e-18	7.46026e-18	7.46026e-18	7.46026e-18	7.46026e-18	7.46026e-18	7.46026e-18	7.46026e-18	7.46026e-18	7.46026e-18	7.46026e-18	7.46026e-18	7.46026e-18	7.46026e-18	7.46026e-18	7.46026e-18	7.46026e-18	7.46026e-18	7.46026e-18	7.46026e-18	7.46026e-18	7.46026e-18	7.46026e-18	7.46026e-18	7.46026e-18	7.46026e-18	7.46026e-18	7.46026e-18	7.46026e-18	7.46026e-18	7.46026e-18	7.46026e-18	7.46026e-18	7.46026e-18	7.46026e-18	7.46026e-18	7.46026e-18	7.46026e-18	7.46026e-18	7.46026e-18	7.46026e-18	7.46026e-18	7.46026e-18	7.46026e-18	7.46026e-18	7.46026e-18	7.46026e-18	7.46026e-18	7.46026e-18	7.46026e-18	7.46026e-18	7.46026e-18	7.46026e-18	7.46026e-18	7.46026e-18	7.46026e-18	7.46026e-18	7.46026e-18	7.46026e-18	7.46026e-18	7.46026e-18	7.46026e-18	7.46026e-18	7.46026e-18
25.30	1.35614e-29	4.54036e-29	9.41402e-29	1.68741e-28	2.82943e-28	4.57786e-28	7.25508e-28	1.13550e-27	1.76349e-27	2.72555e-27	4.19976e-27	6.45931e-27	9.92365e-27	1.52370e-26	2.33894e-26	3.59039e-26	5.51245e-26	8.46631e-26	1.30092e-25	2.00015e-25	3.07746e-25	4.73912e-25	7.30543e-25	1.12749e-24	1.74255e-24	2.69755e-24	4.18392e-24	6.50387e-24	1.01369e-23	1.58485e-23	2.48698e-23	3.91971e-23	6.21024e-23	9.90137e-23	1.59073e-22	2.57963e-22	4.23204e-22	7.04490e-22	1.19488e-21	2.07712e-21	3.73380e-21	7.04062e-21	1.42856e-20	3.28794e-20	9.91707e-20	8.72666e-19	4.07179e-18	4.33527e-18	4.43855e-18	4.50357e-18	4.55352e-18	4.59640e-18	4.63589e-18	4.67406e-18	4.71225e-18	4.75150e-18	4.79264e-18	4.83647e-18	4.88377e-18	4.93534e-18	4.99204e-18	5.05483e-18	5.12478e-18	5.20307e-18	5.29108e-18	5.39036e-18	5.50268e-18	5.63009e-18	5.77492e-18	5.93986e-18	6.12800e-18	6.34291e-18	6.50811e-18	6.51161e-18	6.51162e-18	6.51162e-18	6.51162e-18	6.51162e-18	6.51162e-18	6.51162e-18	6.51162e-18	6.51162e-18	6.51162e-18	6.51162e-18	6.51162e-18	6.51162e-18	6.51162e-18	6.51162e-18	6.51162e-18	6.51162e-18	6.51162e-18	6.51162e-18	6.51162e-18	6.51162e-18	6.51162e-18	6.51162e-18	6.51162e-18	6.51162e-18	6.51162e-18	6.51162e-18	6.51162e-18	6.51162e-18	6.51162e-18	6.51162e-18	6.51162e-18	6.51162e-18	6.51162e-18	6.51162e-18	6.51162e-18	6.51162e-18	6.51162e-18	6.51162e-18	6.51162e-18	6.51162e-18	6.51162e-18	6.51162e-18	6.51162e-18	6.51162e-18	6.51162e-18	6.51162e-18	6.51162e-18	6.51162e-18	6.51162e-18	6.51162e-18	6.51162e-18	6.51162e-18	6.51162e-18	6.51162e-18	6.51162e-18	6.51162e-18	6.51162e-18	6.51162e-18	6.51162e-18	6.51162e-18	6.51162e-18	6.51162e-18	6.51162e-18	6.51162e-18	6.51162e-18	6.51162e-18	6.51162e-18	6.51162e-18	6.51162e-18	6.51162e-18	6.51162e-18
25.33	1.15922e-29	3.88109e-29	8.04709e-29	1.44239e-28	2.41859e-28	3.91315e-28	6.20163e-28	9.70626e-28	1.50743e-27	2.32980e-27	3.58995e-27	5.52141e-27	8.48272e-27	1.30245e-26	1.99933e-26	3.06906e-26	4.71203e-26	7.23699e-26	1.11202e-25	1.70973e-25	2.63061e-25	4.05100e-25	6.24467e-25	9.63776e-25	1.48953e-24	2.30586e-24	3.57641e-24	5.55949e-24	8.66501e-24	1.35473e-23	2.12586e-23	3.35057e-23	5.30850e-23	8.46367e-23	1.35975e-22	2.20506e-22	3.61754e-22	6.02197e-22	1.02138e-21	1.77552e-21	3.19165e-21	6.01831e-21	1.22113e-20	2.81052e-20	8.47710e-20	7.45954e-19	3.48056e-18	3.70578e-18	3.79407e-18	3.84965e-18	3.89235e-18	3.92900e-18	3.96275e-18	3.99538e-18	4.02803e-18	4.06157e-18	4.09674e-18	4.13421e-18	4.17464e-18	4.21872e-18	4.26719e-18	4.32086e-18	4.38065e-18	4.44758e-18	4.52281e-18	4.60767e-18	4.70369e-18	4.81259e-18	4.93639e-18	5.07738e-18	5.23821e-18	5.42191e-18	5.63187e-18	5.68990e-18	5.69010e-18	5.69010e-18	5.69010e-18	5.69010e-18	5.69010e-18	5.69010e-18	5.69010e-18	5.69010e-18	5.69010e-18	5.69010e-18	5.69010e-18	5.69010e-18	5.69010e-18	5.69010e-18	5.69010e-18	5.69010e-18	5.69010e-18	5.69010e-18	5.69010e-18	5.69010e-18	5.69010e-18	5.69010e-18	5.69010e-18	5.69010e-18	5.69010e-18	5.69010e-18	5.69010e-18	5.69010e-18	5.69010e-18	5.69010e-18	5.69010e-18	5.69010e-18	5.69010e-18	5.69010e-18	5.69010e-18	5.69010e-18	5.69010e-18	5.69010e-18	5.69010e-18	5.69010e-18	5.69010e-18	5.69010e-18	5.69010e-18	5.69010e-18	5.69010e-18	5.69010e-18	5.69010e-18	5.69010e-18	5.69010e-18	5.69010e-18	5.69010e-18	5.69010e-18	5.69010e-18	5.69010e-18	5.69010e-18	5.69010e-18	5.69010e-18	5.69010e-18	5.69010e-18	5.69010e-18	5.69010e-18	5.69010e-18	5.69010e-18	5.69010e-18	5.69010e-18	5.69010e-18	5.69010e-18	5.69010e-18	5.69010e-18	5.69010e-18	5.69010e-18
25.36	9.90904e-30	3.31755e-29	6.87864e-29	1.23296e-28	2.06741e-28	3.34496e-28	5.30114e-28	8.29690e-28	1.28855e-27	1.99151e-27	3.06868e-27	4.71969e-27	7.25102e-27	1.11334e-26	1.70902e-26	2.62343e-26	4.02784e-26	6.18617e-26	9.50553e-26	1.46147e-25	2.24864e-25	3.46278e-25	5.33794e-25	8.23834e-25	1.27325e-24	1.97104e-24	3.05711e-24	4.75225e-24	7.40684e-24	1.15802e-23	1.81719e-23	2.86406e-23	4.53770e-23	7.23473e-23	1.16232e-22	1.88489e-22	3.09227e-22	5.14757e-22	8.73075e-22	1.51771e-21	2.72821e-21	5.14444e-21	1.04382e-20	2.40243e-20	7.24621e-20	6.37640e-19	2.97518e-18	3.16770e-18	3.24316e-18	3.29067e-18	3.32717e-18	3.35850e-18	3.38735e-18	3.41524e-18	3.44315e-18	3.47182e-18	3.50189e-18	3.53392e-18	3.56848e-18	3.60615e-18	3.64759e-18	3.69347e-18	3.74457e-18	3.80178e-18	3.86609e-18	3.93863e-18	4.02070e-18	4.11380e-18	4.21962e-18	4.34014e-18	4.47761e-18	4.63464e-18	4.81422e-18	4.97249e-18	4.97811e-18	4.97811e-18	4.97811e-18	4.97811e-18	4.97811e-18	4.97811e-18	4.97811e-18	4.97811e-18	4.97811e-18	4.97811e-18	4.97811e-18	4.97811e-18	4.97811e-18	4.97811e-18	4.97811e-18	4.97811e-18	4.97811e-18	4.97811e-18	4.97811e-18	4.97811e-18	4.97811e-18	4.97811e-18	4.97811e-18	4.97811e-18	4.97811e-18	4.97811e-18	4.97811e-18	4.97811e-18	4.97811e-18	4.97811e-18	4.97811e-18	4.97811e-18	4.97811e-18	4.97811e-18	4.97811e-18	4.97811e-18	4.97811e-18	4.97811e-18	4.97811e-18	4.97811e-18	4.97811e-18	4.97811e-18	4.97811e-18	4.97811e-18	4.97811e-18	4.97811e-18	4.97811e-18	4.97811e-18	4.97811e-18	4.97811e-18	4.97811e-18	4.97811e-18	4.97811e-18	4.97811e-18	4.97811e-18	4.97811e-18	4.97811e-18	4.97811e-18	4.97811e-18	4.97811e-18	4.97811e-18	4.97811e-18	4.97811e-18	4.97811e-18	4.97811e-18	4.97811e-18	4.97811e-18	4.97811e-18	4.97811e-18	4.97811e-18	4.97811e-18
25.40	8.47023e-30	2.83584e-29	5.87985e-29	1.05393e-28	1.76722e-28	2.85926e-28	4.53141e-28	7.09218e-28	1.10145e-27	1.70234e-27	2.62310e-27	4.03439e-27	6.19816e-27	9.51678e-27	1.46087e-26	2.24250e-26	3.44299e-26	5.28793e-26	8.12532e-26	1.24926e-25	1.92214e-25	2.95998e-25	4.56286e-25	7.04212e-25	1.08837e-24	1.68485e-24	2.61321e-24	4.06221e-24	6.33135e-24	9.89876e-24	1.55333e-23	2.44819e-23	3.87882e-23	6.18424e-23	9.93545e-23	1.61120e-22	2.64327e-22	4.40014e-22	7.46303e-22	1.29734e-21	2.33207e-21	4.39746e-21	8.92259e-21	2.05360e-20	6.19405e-20	5.45054e-19	2.54318e-18	2.70774e-18	2.77225e-18	2.81286e-18	2.84406e-18	2.87084e-18	2.89551e-18	2.91934e-18	2.94320e-18	2.96771e-18	2.99341e-18	3.02079e-18	3.05033e-18	3.08254e-18	3.11795e-18	3.15717e-18	3.20086e-18	3.24976e-18	3.30473e-18	3.36674e-18	3.43689e-18	3.51647e-18	3.60692e-18	3.70994e-18	3.82746e-18	3.96169e-18	4.11519e-18	4.29092e-18	4.36023e-18	4.36056e-18	4.36056e-18	4.36056e-18	4.36056e-18	4.36056e-18	4.36056e-18	4.36056e-18	4.36056e-18	4.36056e-18	4.36056e-18	4.36056e-18	4.36056e-18	4.36056e-18	4.36056e-18	4.36056e-18	4.36056e-18	4.36056e-18	4.36056e-18	4.36056e-18	4.36056e-18	4.36056e-18	4.36056e-18	4.36056e-18	4.36056e-18	4.36056e-18	4.36056e-18	4.36056e-18	4.36056e-18	4.36056e-18	4.36056e-18	4.36056e-18	4.36056e-18	4.36056e-18	4.36056e-18	4.36056e-18	4.36056e-18	4.36056e-18	4.36056e-18	4.36056e-18	4.36056e-18	4.36056e-18	4.36056e-18	4.36056e-18	4.36056e-18	4.36056e-18	4.36056e-18	4.36056e-18	4.36056e-18	4.36056e-18	4.36056e-18	4.36056e-18	4.36056e-18	4.36056e-18	4.36056e-18	4.36056e-18	4.36056e-18	4.36056e-18	4.36056e-18	4.36056e-18	4.36056e-18	4.36056e-18	4.36056e-18	4.36056e-18	4.36056e-18	4.36056e-18	4.36056e-18	4.36056e-18	4.36056e-18	4.36056e-18	4.36056e-18
25.43	7.24034e-30	2.42407e-29	5.02609e-29	9.00898e-29	1.51061e-28	2.44409e-28	3.87344e-28	6.06238e-28	9.41516e-28	1.45516e-27	2.24222e-27	3.44859e-27	5.29817e-27	8.13493e-27	1.24875e-26	1.91689e-26	2.94306e-26	4.52011e-26	6.94551e-26	1.06787e-25	1.64304e-25	2.53019e-25	3.90032e-25	6.01960e-25	9.30338e-25	1.44020e-24	2.23377e-24	3.47237e-24	5.41203e-24	8.46144e-24	1.32778e-23	2.09271e-23	3.31561e-23	5.28628e-23	8.49281e-23	1.37725e-22	2.25946e-22	3.76123e-22	6.37939e-22	1.10896e-21	1.99345e-21	3.75895e-21	7.62702e-21	1.75541e-20	5.29466e-20	4.65911e-19	2.17391e-18	2.31457e-18	2.36972e-18	2.40443e-18	2.43110e-18	2.45399e-18	2.47507e-18	2.49545e-18	2.51584e-18	2.53679e-18	2.55876e-18	2.58216e-18	2.60742e-18	2.63495e-18	2.66522e-18	2.69874e-18	2.73609e-18	2.77789e-18	2.82488e-18	2.87788e-18	2.93785e-18	3.00587e-18	3.08319e-18	3.17125e-18	3.27170e-18	3.38644e-18	3.51766e-18	3.66787e-18	3.81560e-18	3.82442e-18	3.82444e-18	3.82444e-18	3.82444e-18	3.82444e-18	3.82444e-18	3.82444e-18	3.82444e-18	3.82444e-18	3.82444e-18	3.82444e-18	3.82444e-18	3.82444e-18	3.82444e-18	3.82444e-18	3.82444e-18	3.82444e-18	3.82444e-18	3.82444e-18	3.82444e-18	3.82444e-18	3.82444e-18	3.82444e-18	3.82444e-18	3.82444e-18	3.82444e-18	3.82444e-18	3.82444e-18	3.82444e-18	3.82444e-18	3.82444e-18	3.82444e-18	3.82444e-18	3.82444e-18	3.82444e-18	3.82444e-18	3.82444e-18	3.82444e-18	3.82444e-18	3.82444e-18	3.82444e-18	3.82444e-18	3.82444e-18	3.82444e-18	3.82444e-18	3.82444e-18	3.82444e-18	3.82444e-18	3.82444e-18	3.82444e-18	3.82444e-18	3.82444e-18	3.82444e-18	3.82444e-18	3.82444e-18	3.82444e-18	3.82444e-18	3.82444e-18	3.82444e-18	3.82444e-18	3.82444e-18	3.82444e-18	3.82444e-18	3.82444e-18	3.82444e-18	3.82444e-18	3.82444e-18	3.82444e-18	3.82444e-18	3.82444e-18
25.47	6.18903e-30	2.07209e-29	4.29629e-29	7.70086e-29	1.29127e-28	2.08921e-28	3.31101e-28	5.18211e-28	8.04806e-28	1.24387e-27	1.91665e-27	2.94785e-27	4.52887e-27	6.95373e-27	1.06743e-26	1.63855e-26	2.51572e-26	3.86379e-26	5.93701e-26	9.12813e-26	1.40447e-25	2.16280e-25	3.33399e-25	5.14554e-25	7.95251e-25	1.23108e-24	1.90942e-24	2.96818e-24	4.62619e-24	7.23283e-24	1.13499e-23	1.78885e-23	2.83418e-23	4.51870e-23	7.25964e-23	1.17727e-22	1.93138e-22	3.21509e-22	5.45309e-22	9.47941e-22	1.70400e-21	3.21314e-21	6.51956e-21	1.50052e-20	4.52587e-20	3.98260e-19	1.85825e-18	1.97849e-18	2.02563e-18	2.05530e-18	2.07810e-18	2.09767e-18	2.11569e-18	2.13311e-18	2.15054e-18	2.16845e-18	2.18723e-18	2.20723e-18	2.22881e-18	2.25235e-18	2.27823e-18	2.30688e-18	2.33880e-18	2.37453e-18	2.41470e-18	2.46001e-18	2.51127e-18	2.56941e-18	2.63551e-18	2.71078e-18	2.79665e-18	2.89473e-18	3.00689e-18	3.13529e-18	3.28240e-18	3.35805e-18	3.35860e-18	3.35860e-18	3.35860e-18	3.35860e-18	3.35860e-18	3.35860e-18	3.35860e-18	3.35860e-18	3.35860e-18	3.35860e-18	3.35860e-18	3.35860e-18	3.35860e-18	3.35860e-18	3.35860e-18	3.35860e-18	3.35860e-18	3.35860e-18	3.35860e-18	3.35860e-18	3.35860e-18	3.35860e-18	3.35860e-18	3.35860e-18	3.35860e-18	3.35860e-18	3.35860e-18	3.35860e-18	3.35860e-18	3.35860e-18	3.35860e-18	3.35860e-18	3.35860e-18	3.35860e-18	3.35860e-18	3.35860e-18	3.35860e-18	3.35860e-18	3.35860e-18	3.35860e-18	3.35860e-18	3.35860e-18	3.35860e-18	3.35860e-18	3.35860e-18	3.35860e-18	3.35860e-18	3.35860e-18	3.35860e-18	3.35860e-18	3.35860e-18	3.35860e-18	3.35860e-18	3.35860e-18	3.35860e-18	3.35860e-18	3.35860e-18	3.35860e-18	3.35860e-18	3.35860e-18	3.35860e-18	3.35860e-18	3.35860e-18	3.35860e-18	3.35860e-18	3.35860e-18	3.35860e-18	3.35860e-18	3.35860e-18
25.50	5.29037e-30	1.77122e-29	3.67246e-29	6.58268e-29	1.10378e-28	1.78585e-28	2.83025e-28	4.42966e-28	6.87947e-28	1.06325e-27	1.63835e-27	2.51982e-27	3.87127e-27	5.94403e-27	9.12436e-27	1.40063e-26	2.15044e-26	3.30276e-26	5.07495e-26	7.80271e-26	1.20054e-25	1.84876e-25	2.84989e-25	4.39840e-25	6.79780e-25	1.05233e-24	1.63217e-24	2.53720e-24	3.95446e-24	6.18261e-24	9.70184e-24	1.52910e-23	2.42265e-23	3.86258e-23	6.20553e-23	1.00633e-22	1.65094e-22	2.74826e-22	4.66129e-22	8.10298e-22	1.45658e-21	2.74659e-21	5.57291e-21	1.28264e-20	3.86871e-20	3.40432e-19	1.58843e-18	1.69121e-18	1.73151e-18	1.75687e-18	1.77636e-18	1.79308e-18	1.80849e-18	1.82338e-18	1.83828e-18	1.85359e-18	1.86964e-18	1.88674e-18	1.90519e-18	1.92530e-18	1.94742e-18	1.97192e-18	1.99921e-18	2.02975e-18	2.06408e-18	2.10281e-18	2.14663e-18	2.19633e-18	2.25283e-18	2.31717e-18	2.39057e-18	2.47441e-18	2.57028e-18	2.68004e-18	2.80579e-18	2.94001e-18	2.95342e-18	2.95345e-18	2.95345e-18	2.95345e-18	2.95345e-18	2.95345e-18	2.95345e-18	2.95345e-18	2.95345e-18	2.95345e-18	2.95345e-18	2.95345e-18	2.95345e-18	2.95345e-18	2.95345e-18	2.95345e-18	2.95345e-18	2.95345e-18	2.95345e-18	2.95345e-18	2.95345e-18	2.95345e-18	2.95345e-18	2.95345e-18	2.95345e-18	2.95345e-18	2.95345e-18	2.95345e-18	2.95345e-18	2.95345e-18	2.95345e-18	2.95345e-18	2.95345e-18	2.95345e-18	2.95345e-18	2.95345e-18	2.95345e-18	2.95345e-18	2.95345e-18	2.95345e-18	2.95345e-18	2.95345e-18	2.95345e-18	2.95345e-18	2.95345e-18	2.95345e-18	2.95345e-18	2.95345e-18	2.95345e-18	2.95345e-18	2.95345e-18	2.95345e-18	2.95345e-18	2.95345e-18	2.95345e-18	2.95345e-18	2.95345e-18	2.95345e-18	2.95345e-18	2.95345e-18	2.95345e-18	2.95345e-18	2.95345e-18	2.95345e-18	2.95345e-18	2.95345e-18	2.95345e-18	2.95345e-18	2.95345e-18
25.54	4.52220e-30	1.51404e-29	3.13922e-29	5.62687e-29	9.43506e-29	1.52654e-28	2.41929e-28	3.78647e-28	5.88056e-28	9.08868e-28	1.40046e-27	2.15393e-27	3.30916e-27	5.08095e-27	7.79948e-27	1.19726e-26	1.83819e-26	2.82319e-26	4.33806e-26	6.66975e-26	1.02622e-25	1.58032e-25	2.43608e-25	3.75975e-25	5.81075e-25	8.99529e-25	1.39518e-24	2.16879e-24	3.38027e-24	5.28488e-24	8.29312e-24	1.30707e-23	2.07088e-23	3.30173e-23	5.30448e-23	8.60208e-23	1.41122e-22	2.34921e-22	3.98447e-22	6.92642e-22	1.24508e-21	2.34778e-21	4.76372e-21	1.09640e-20	3.30697e-20	2.91001e-19	1.35779e-18	1.44565e-18	1.48009e-18	1.50177e-18	1.51843e-18	1.53272e-18	1.54589e-18	1.55862e-18	1.57136e-18	1.58444e-18	1.59816e-18	1.61278e-18	1.62855e-18	1.64575e-18	1.66466e-18	1.68559e-18	1.70892e-18	1.73503e-18	1.76437e-18	1.79748e-18	1.83493e-18	1.87742e-18	1.92571e-18	1.98072e-18	2.04346e-18	2.11512e-18	2.19707e-18	2.29089e-18	2.39839e-18	2.52165e-18	2.59979e-18	2.60071e-18	2.60072e-18	2.60072e-18	2.60072e-18	2.60072e-18	2.60072e-18	2.60072e-18	2.60072e-18	2.60072e-18	2.60072e-18	2.60072e-18	2.60072e-18	2.60072e-18	2.60072e-18	2.60072e-18	2.60072e-18	2.60072e-18	2.60072e-18	2.60072e-18	2.60072e-18	2.60072e-18	2.60072e-18	2.60072e-18	2.60072e-18	2.60072e-18	2.60072e-18	2.60072e-18	2.60072e-18	2.60072e-18	2.60072e-18	2.60072e-18	2.60072e-18	2.60072e-18	2.60072e-18	2.60072e-18	2.60072e-18	2.60072e-18	2.60072e-18	2.60072e-18	2.60072e-18	2.60072e-18	2.60072e-18	2.60072e-18	2.60072e-18	2.60072e-18	2.60072e-18	2.60072e-18	2.60072e-18	2.60072e-18	2.60072e-18	2.60072e-18	2.60072e-18	2.60072e-18	2.60072e-18	2.60072e-18	2.60072e-18	2.60072e-18	2.60072e-18	2.60072e-18	2.60072e-18	2.60072e-18	2.60072e-18	2.60072e-18	2.60072e-18	2.60072e-18	2.60072e-18	2.60072e-18	2.60072e-18
25.57	3.86557e-30	1.29420e-29	2.68340e-29	4.80984e-29	8.06507e-29	1.30489e-28	2.06801e-28	3.23667e-28	5.02669e-28	7.76899e-28	1.19711e-27	1.84118e-27	2.82866e-27	4.34319e-27	6.66699e-27	1.02341e-26	1.57128e-26	2.41326e-26	3.70816e-26	5.70129e-26	8.77208e-26	1.35085e-25	2.08236e-25	3.21383e-25	4.96702e-25	7.68916e-25	1.19259e-24	1.85388e-24	2.88945e-24	4.51751e-24	7.08895e-24	1.11729e-23	1.77018e-23	2.82231e-23	4.53426e-23	7.35305e-23	1.20631e-22	2.00810e-22	3.40592e-22	5.92069e-22	1.06429e-21	2.00688e-21	4.07202e-21	9.37203e-21	2.82679e-20	2.48747e-19	1.16063e-18	1.23574e-18	1.26518e-18	1.28371e-18	1.29795e-18	1.31017e-18	1.32143e-18	1.33231e-18	1.34319e-18	1.35438e-18	1.36611e-18	1.37860e-18	1.39208e-18	1.40678e-18	1.42294e-18	1.44084e-18	1.46078e-18	1.48310e-18	1.50818e-18	1.53648e-18	1.56850e-18	1.60482e-18	1.64610e-18	1.69311e-18	1.74674e-18	1.80800e-18	1.87806e-18	1.95825e-18	2.05014e-18	2.15550e-18	2.27384e-18	2.29326e-18	2.29331e-18	2.29331e-18	2.29331e-18	2.29331e-18	2.29331e-18	2.29331e-18	2.29331e-18	2.29331e-18	2.29331e-18	2.29331e-18	2.29331e-18	2.29331e-18	2.29331e-18	2.29331e-18	2.29331e-18	2.29331e-18	2.29331e-18	2.29331e-18	2.29331e-18	2.29331e-18	2.29331e-18	2.29331e-18	2.29331e-18	2.29331e-18	2.29331e-18	2.29331e-18	2.29331e-18	2.29331e-18	2.29331e-18	2.29331e-18	2.29331e-18	2.29331e-18	2.29331e-18	2.29331e-18	2.29331e-18	2.29331e-18	2.29331e-18	2.29331e-18	2.29331e-18	2.29331e-18	2.29331e-18	2.29331e-18	2.29331e-18	2.29331e-18	2.29331e-18	2.29331e-18	2.29331e-18	2.29331e-18	2.29331e-18	2.29331e-18	2.29331e-18	2.29331e-18	2.29331e-18	2.29331e-18	2.29331e-18	2.29331e-18	2.29331e-18	2.29331e-18	2.29331e-18	2.29331e-18	2.29331e-18	2.29331e-18	2.29331e-18	2.29331e-18	2.29331e-18	2.29331e-18	2.29331e-18
25.60	3.30429e-30	1.10628e-29	2.29376e-29	4.11144e-29	6.89401e-29	1.11541e-28	1.76773e-28	2.76670e-28	4.29681e-28	6.64092e-28	1.02329e-27	1.57384e-27	2.41794e-27	3.71255e-27	5.69893e-27	8.74812e-27	1.34313e-26	2.06285e-26	3.16973e-26	4.87345e-26	7.49836e-26	1.15471e-25	1.78000e-25	2.74717e-25	4.24580e-25	6.57268e-25	1.01943e-24	1.58469e-24	2.46990e-24	3.86156e-24	6.05962e-24	9.55054e-24	1.51315e-23	2.41251e-23	3.87588e-23	6.28537e-23	1.03115e-22	1.71652e-22	2.91137e-22	5.06100e-22	9.09755e-22	1.71548e-21	3.48075e-21	8.01119e-21	2.41633e-20	2.12629e-19	9.92109e-19	1.05631e-18	1.08147e-18	1.09731e-18	1.10948e-18	1.11993e-18	1.12955e-18	1.13885e-18	1.14816e-18	1.15772e-18	1.16775e-18	1.17843e-18	1.18995e-18	1.20251e-18	1.21633e-18	1.23163e-18	1.24867e-18	1.26775e-18	1.28919e-18	1.31338e-18	1.34075e-18	1.37179e-18	1.40708e-18	1.44727e-18	1.49311e-18	1.54548e-18	1.60536e-18	1.67391e-18	1.75246e-18	1.84252e-18	1.94585e-18	2.02359e-18	2.02511e-18	2.02511e-18	2.02511e-18	2.02511e-18	2.02511e-18	2.02511e-18	2.02511e-18	2.02511e-18	2.02511e-18	2.02511e-18	2.02511e-18	2.02511e-18	2.02511e-18	2.02511e-18	2.02511e-18	2.02511e-18	2.02511e-18	2.02511e-18	2.02511e-18	2.02511e-18	2.02511e-18	2.02511e-18	2.02511e-18	2.02511e-18	2.02511e-18	2.02511e-18	2.02511e-18	2.02511e-18	2.02511e-18	2.02511e-18	2.02511e-18	2.02511e-18	2.02511e-18	2.02511e-18	2.02511e-18	2.02511e-18	2.02511e-18	2.02511e-18	2.02511e-18	2.02511e-18	2.02511e-18	2.02511e-18	2.02511e-18	2.02511e-18	2.02511e-18	2.02511e-18	2.02511e-18	2.02511e-18	2.02511e-18	2.02511e-18	2.02511e-18	2.02511e-18	2.02511e-18	2.02511e-18	2.02511e-18	2.02511e-18	2.02511e-18	2.02511e-18	2.02511e-18	2.02511e-18	2.02511e-18	2.02511e-18	2.02511e-18	2.02511e-18	2.02511e-18	2.02511e-18	2.02511e-18
25.64	2.82450e-30	9.45644e-30	1.96071e-29	3.51445e-29	5.89299e-29	9.53455e-29	1.51105e-28	2.36497e-28	3.67291e-28	5.67665e-28	8.74705e-28	1.34531e-27	2.06685e-27	3.17348e-27	4.87144e-27	7.47788e-27	1.14810e-26	1.76332e-26	2.70948e-26	4.16582e-26	6.40959e-26	9.87041e-26	1.52154e-25	2.34828e-25	3.62930e-25	5.61832e-25	8.71406e-25	1.35459e-24	2.11126e-24	3.30086e-24	5.17975e-24	8.16379e-24	1.29344e-23	2.06221e-23	3.31309e-23	5.37273e-23	8.81429e-23	1.46728e-22	2.48864e-22	4.32613e-22	7.77657e-22	1.46639e-21	2.97534e-21	6.84796e-21	2.06548e-20	1.81755e-19	8.48053e-19	9.02928e-19	9.24440e-19	9.37981e-19	9.48386e-19	9.57316e-19	9.65541e-19	9.73489e-19	9.81444e-19	9.89618e-19	9.98188e-19	1.00732e-18	1.01717e-18	1.02791e-18	1.03972e-18	1.05280e-18	1.06736e-18	1.08367e-18	1.10200e-18	1.12268e-18	1.14607e-18	1.17261e-18	1.20277e-18	1.23712e-18	1.27631e-18	1.32107e-18	1.37226e-18	1.43086e-18	1.49800e-18	1.57498e-18	1.66331e-18	1.76456e-18	1.79077e-18	1.79086e-18	1.79086e-18	1.79086e-18	1.79086e-18	1.79086e-18	1.79086e-18	1.79086e-18	1.79086e-18	1.79086e-18	1.79086e-18	1.79086e-18	1.79086e-18	1.79086e-18	1.79086e-18	1.79086e-18	1.79086e-18	1.79086e-18	1.79086e-18	1.79086e-18	1.79086e-18	1.79086e-18	1.79086e-18	1.79086e-18	1.79086e-18	1.79086e-18	1.79086e-18	1.79086e-18	1.79086e-18	1.79086e-18	1.79086e-18	1.79086e-18	1.79086e-18	1.79086e-18	1.79086e-18	1.79086e-18	1.79086e-18	1.79086e-18	1.79086e-18	1.79086e-18	1.79086e-18	1.79086e-18	1.79086e-18	1.79086e-18	1.79086e-18	1.79086e-18	1.79086e-18	1.79086e-18	1.79086e-18	1.79086e-18	1.79086e-18	1.79086e-18	1.79086e-18	1.79086e-18	1.79086e-18	1.79086e-18	1.79086e-18	1.79086e-18	1.79086e-18	1.79086e-18	1.79086e-18	1.79086e-18	1.79086e-18	1.79086e-18	1.79086e-18	1.79086e-18	1.79086e-18
25.67	2.41438e-30	8.08335e-30	1.67601e-29	3.00415e-29	5.03732e-29	8.15012e-29	1.29164e-28	2.02157e-28	3.13960e-28	4.85239e-28	7.47696e-28	1.14997e-27	1.76674e-27	2.71269e-27	4.16410e-27	6.39208e-27	9.81398e-27	1.50728e-26	2.31606e-26	3.56094e-26	5.47891e-26	8.43721e-26	1.30061e-25	2.00731e-25	3.10232e-25	4.80253e-25	7.44876e-25	1.15790e-24	1.80471e-24	2.82157e-24	4.42765e-24	6.97839e-24	1.10563e-23	1.76277e-23	2.83203e-23	4.59260e-23	7.53444e-23	1.25423e-22	2.12728e-22	3.69797e-22	6.64740e-22	1.25346e-21	2.54332e-21	5.85362e-21	1.76557e-20	1.55364e-19	7.24914e-19	7.71822e-19	7.90210e-19	8.01785e-19	8.10678e-19	8.18312e-19	8.25343e-19	8.32137e-19	8.38937e-19	8.45924e-19	8.53249e-19	8.61053e-19	8.69473e-19	8.78654e-19	8.88749e-19	8.99928e-19	9.12380e-19	9.26320e-19	9.41988e-19	9.59663e-19	9.79660e-19	1.00234e-18	1.02813e-18	1.05749e-18	1.09099e-18	1.12925e-18	1.17300e-18	1.22309e-18	1.28049e-18	1.34629e-18	1.42180e-18	1.50848e-18	1.58356e-18	1.58601e-18	1.58601e-18	1.58601e-18	1.58601e-18	1.58601e-18	1.58601e-18	1.58601e-18	1.58601e-18	1.58601e-18	1.58601e-18	1.58601e-18	1.58601e-18	1.58601e-18	1.58601e-18	1.58601e-18	1.58601e-18	1.58601e-18	1.58601e-18	1.58601e-18	1.58601e-18	1.58601e-18	1.58601e-18	1.58601e-18	1.58601e-18	1.58601e-18	1.58601e-18	1.58601e-18	1.58601e-18	1.58601e-18	1.58601e-18	1.58601e-18	1.58601e-18	1.58601e-18	1.58601e-18	1.58601e-18	1.58601e-18	1.58601e-18	1.58601e-18	1.58601e-18	1.58601e-18	1.58601e-18	1.58601e-18	1.58601e-18	1.58601e-18	1.58601e-18	1.58601e-18	1.58601e-18	1.58601e-18	1.58601e-18	1.58601e-18	1.58601e-18	1.58601e-18	1.58601e-18	1.58601e-18	1.58601e-18	1.58601e-18	1.58601e-18	1.58601e-18	1.58601e-18	1.58601e-18	1.58601e-18	1.58601e-18	1.58601e-18	1.58601e-18	1.58601e-18	1.58601e-18
25.71	2.06381e-30	6.90963e-30	1.43265e-29	2.56794e-29	4.30589e-29	6.96671e-29	1.10410e-28	1.72804e-28	2.68372e-28	4.14782e-28	6.39129e-28	9.82995e-28	1.51021e-27	2.31880e-27	3.55946e-27	5.46394e-27	8.38898e-27	1.28842e-26	1.97977e-26	3.04388e-26	4.68336e-26	7.21212e-26	1.11176e-25	1.71584e-25	2.65186e-25	4.10520e-25	6.36719e-25	9.89775e-25	1.54266e-24	2.41187e-24	3.78474e-24	5.96512e-24	9.45090e-24	1.50681e-23	2.42081e-23	3.92575e-23	6.44043e-23	1.07211e-22	1.81840e-22	3.16102e-22	5.68219e-22	1.07146e-21	2.17402e-21	5.00367e-21	1.50921e-20	1.32805e-19	6.19656e-19	6.59752e-19	6.75470e-19	6.85365e-19	6.92967e-19	6.99492e-19	7.05502e-19	7.11309e-19	7.17122e-19	7.23095e-19	7.29356e-19	7.36027e-19	7.43225e-19	7.51072e-19	7.59701e-19	7.69257e-19	7.79901e-19	7.91817e-19	8.05210e-19	8.20319e-19	8.37412e-19	8.56801e-19	8.78842e-19	9.03943e-19	9.32575e-19	9.65281e-19	1.00268e-18	1.04550e-18	1.09456e-18	1.15081e-18	1.21535e-18	1.28944e-18	1.37455e-18	1.40653e-18	1.40667e-18	1.40667e-18	1.40667e-18	1.40667e-18	1.40667e-18	1.40667e-18	1.40667e-18	1.40667e-18	1.40667e-18	1.40667e-18	1.40667e-18	1.40667e-18	1.40667e-18	1.40667e-18	1.40667e-18	1.40667e-18	1.40667e-18	1.40667e-18	1.40667e-18	1.40667e-18	1.40667e-18	1.40667e-18	1.40667e-18	1.40667e-18	1.40667e-18	1.40667e-18	1.40667e-18	1.40667e-18	1.40667e-18	1.40667e-18	1.40667e-18	1.40667e-18	1.40667e-18	1.40667e-18	1.40667e-18	1.40667e-18	1.40667e-18	1.40667e-18	1.40667e-18	1.40667e-18	1.40667e-18	1.40667e-18	1.40667e-18	1.40667e-18	1.40667e-18	1.40667e-18	1.40667e-18	1.40667e-18	1.40667e-18	1.40667e-18	1.40667e-18	1.40667e-18	1.40667e-18	1.40667e-18	1.40667e-18	1.40667e-18	1.40667e-18	1.40667e-18	1.40667e-18	1.40667e-18	1.40667e-18	1.40667e-18	1.40667e-18	1.40667e-18	1.40667e-18
25.74	1.76414e-30	5.90635e-30	1.22463e-29	2.19507e-29	3.68067e-29	5.95513e-29	9.43779e-29	1.47712e-28	2.29404e-28	3.54555e-28	5.46327e-28	8.40262e-28	1.29092e-27	1.98211e-27	3.04262e-27	4.67057e-27	7.17089e-27	1.10134e-26	1.69230e-26	2.60191e-26	4.00333e-26	6.16491e-26	9.50330e-26	1.46670e-25	2.26681e-25	3.50911e-25	5.44267e-25	8.46058e-25	1.31866e-24	2.06166e-24	3.23519e-24	5.09897e-24	8.07861e-24	1.28802e-23	2.06931e-23	3.35572e-23	5.50527e-23	9.16439e-23	1.55436e-22	2.70204e-22	4.85713e-22	9.15882e-22	1.85835e-21	4.27713e-21	1.29007e-20	1.13521e-19	5.29681e-19	5.63955e-19	5.77391e-19	5.85849e-19	5.92347e-19	5.97925e-19	6.03062e-19	6.08026e-19	6.12995e-19	6.18100e-19	6.23453e-19	6.29155e-19	6.35307e-19	6.42015e-19	6.49392e-19	6.57560e-19	6.66659e-19	6.76844e-19	6.88293e-19	7.01207e-19	7.15819e-19	7.32392e-19	7.51232e-19	7.72689e-19	7.97164e-19	8.25120e-19	8.57092e-19	8.93691e-19	9.35625e-19	9.83709e-19	1.03888e-18	1.10221e-18	1.17496e-18	1.24557e-18	1.24945e-18	1.24946e-18	1.24946e-18	1.24946e-18	1.24946e-18	1.24946e-18	1.24946e-18	1.24946e-18	1.24946e-18	1.24946e-18	1.24946e-18	1.24946e-18	1.24946e-18	1.24946e-18	1.24946e-18	1.24946e-18	1.24946e-18	1.24946e-18	1.24946e-18	1.24946e-18	1.24946e-18	1.24946e-18	1.24946e-18	1.24946e-18	1.24946e-18	1.24946e-18	1.24946e-18	1.24946e-18	1.24946e-18	1.24946e-18	1.24946e-18	1.24946e-18	1.24946e-18	1.24946e-18	1.24946e-18	1.24946e-18	1.24946e-18	1.24946e-18	1.24946e-18	1.24946e-18	1.24946e-18	1.24946e-18	1.24946e-18	1.24946e-18	1.24946e-18	1.24946e-18	1.24946e-18	1.24946e-18	1.24946e-18	1.24946e-18	1.24946e-18	1.24946e-18	1.24946e-18	1.24946e-18	1.24946e-18	1.24946e-18	1.24946e-18	1.24946e-18	1.24946e-18	1.24946e-18	1.24946e-18	1.24946e-18	1.24946e-18	1.24946e-18	1.24946e-18
25.77	1.50798e-30	5.04873e-30	1.04681e-29	1.87634e-29	3.14623e-29	5.09044e-29	8.06741e-29	1.26264e-28	1.96094e-28	3.03073e-28	4.66999e-28	7.18255e-28	1.10348e-27	1.69430e-27	2.60083e-27	3.99239e-27	6.12966e-27	9.41427e-27	1.44658e-26	2.22411e-26	3.42204e-26	5.26975e-26	8.12340e-26	1.25373e-25	1.93766e-25	2.99959e-25	4.65238e-25	7.23209e-25	1.12719e-24	1.76231e-24	2.76544e-24	4.35860e-24	6.90559e-24	1.10100e-23	1.76884e-23	2.86847e-23	4.70590e-23	7.83371e-23	1.32867e-22	2.30970e-22	4.15187e-22	7.82895e-22	1.58852e-21	3.65608e-21	1.10275e-20	9.70377e-20	4.52770e-19	4.82068e-19	4.93553e-19	5.00782e-19	5.06337e-19	5.11105e-19	5.15496e-19	5.19740e-19	5.23987e-19	5.28351e-19	5.32926e-19	5.37800e-19	5.43060e-19	5.48794e-19	5.55099e-19	5.62081e-19	5.69859e-19	5.78565e-19	5.88351e-19	5.99391e-19	6.11881e-19	6.26048e-19	6.42152e-19	6.60493e-19	6.81414e-19	7.05312e-19	7.32641e-19	7.63926e-19	7.99771e-19	8.40873e-19	8.88032e-19	9.42172e-19	1.00436e-18	1.07581e-18	1.11122e-18	1.11146e-18	1.11146e-18	1.11146e-18	1.11146e-18	1.11146e-18	1.11146e-18	1.11146e-18	1.11146e-18	1.11146e-18	1.11146e-18	1.11146e-18	1.11146e-18	1.11146e-18	1.11146e-18	1.11146e-18	1.11146e-18	1.11146e-18	1.11146e-18	1.11146e-18	1.11146e-18	1.11146e-18	1.11146e-18	1.11146e-18	1.11146e-18	1.11146e-18	1.11146e-18	1.11146e-18	1.11146e-18	1.11146e-18	1.11146e-18	1.11146e-18	1.11146e-18	1.11146e-18	1.11146e-18	1.11146e-18	1.11146e-18	1.11146e-18	1.11146e-18	1.11146e-18	1.11146e-18	1.11146e-18	1.11146e-18	1.11146e-18	1.11146e-18	1.11146e-18	1.11146e-18	1.11146e-18	1.11146e-18	1.11146e-18	1.11146e-18	1.11146e-18	1.11146e-18	1.11146e-18	1.11146e-18	1.11146e-18	1.11146e-18	1.11146e-18	1.11146e-18	1.11146e-18	1.11146e-18	1.11146e-18	1.11146e-18	1.11146e-18	1.11146e-18
25.81	1.28902e-30	4.31565e-30	8.94810e-30	1.60390e-29	2.68939e-29	4.35130e-29	6.89601e-29	1.07931e-28	1.67621e-28	2.59066e-28	3.99190e-28	6.13963e-28	9.43251e-28	1.44829e-27	2.22319e-27	3.41269e-27	5.23963e-27	8.04730e-27	1.23653e-26	1.90116e-26	2.92515e-26	4.50458e-26	6.94387e-26	1.07169e-25	1.65631e-25	2.56404e-25	3.97685e-25	6.18198e-25	9.63521e-25	1.50642e-24	2.36389e-24	3.72572e-24	5.90288e-24	9.41133e-24	1.51200e-23	2.45196e-23	4.02259e-23	6.69624e-23	1.13574e-22	1.97432e-22	3.54901e-22	6.69217e-22	1.35786e-21	3.12521e-21	9.42626e-21	8.29476e-20	3.87027e-19	4.12071e-19	4.21888e-19	4.28068e-19	4.32816e-19	4.36892e-19	4.40645e-19	4.44273e-19	4.47903e-19	4.51634e-19	4.55545e-19	4.59711e-19	4.64207e-19	4.69108e-19	4.74498e-19	4.80466e-19	4.87114e-19	4.94556e-19	5.02922e-19	5.12358e-19	5.23035e-19	5.35145e-19	5.48911e-19	5.64589e-19	5.82472e-19	6.02899e-19	6.26260e-19	6.53002e-19	6.83643e-19	7.18777e-19	7.59088e-19	8.05367e-19	8.58522e-19	9.19601e-19	9.84219e-19	9.90166e-19	9.90178e-19	9.90178e-19	9.90178e-19	9.90178e-19	9.90178e-19	9.90178e-19	9.90178e-19	9.90178e-19	9.90178e-19	9.90178e-19	9.90178e-19	9.90178e-19	9.90178e-19	9.90178e-19	9.90178e-19	9.90178e-19	9.90178e-19	9.90178e-19	9.90178e-19	9.90178e-19	9.90178e-19	9.90178e-19	9.90178e-19	9.90178e-19	9.90178e-19	9.90178e-19	9.90178e-19	9.90178e-19	9.90178e-19	9.90178e-19	9.90178e-19	9.90178e-19	9.90178e-19	9.90178e-19	9.90178e-19	9.90178e-19	9.90178e-19	9.90178e-19	9.90178e-19	9.90178e-19	9.90178e-19	9.90178e-19	9.90178e-19	9.90178e-19	9.90178e-19	9.90178e-19	9.90178e-19	9.90178e-19	9.90178e-19	9.90178e-19	9.90178e-19	9.90178e-19	9.90178e-19	9.90178e-19	9.90178e-19	9.90178e-19	9.90178e-19	9.90178e-19	9.90178e-19	9.90178e-19	9.90178e-19	9.90178e-19	9.90178e-19
25.84	1.10185e-30	3.68901e-30	7.64883e-30	1.37101e-29	2.29889e-29	3.71948e-29	5.89470e-29	9.22588e-29	1.43282e-28	2.21449e-28	3.41227e-28	5.24815e-28	8.06290e-28	1.23799e-27	1.90038e-27	2.91716e-27	4.47882e-27	6.87882e-27	1.05698e-26	1.62511e-26	2.50042e-26	3.85050e-26	5.93561e-26	9.16077e-26	1.41581e-25	2.19174e-25	3.39940e-25	5.28435e-25	8.23616e-25	1.28768e-24	2.02065e-24	3.18474e-24	5.04578e-24	8.04479e-24	1.29246e-23	2.09593e-23	3.43851e-23	5.72394e-23	9.70831e-23	1.68765e-22	3.03369e-22	5.72046e-22	1.16070e-21	2.67143e-21	8.05755e-21	7.09035e-20	3.30830e-19	3.52238e-19	3.60629e-19	3.65912e-19	3.69971e-19	3.73455e-19	3.76663e-19	3.79764e-19	3.82867e-19	3.86056e-19	3.89399e-19	3.92960e-19	3.96803e-19	4.00993e-19	4.05600e-19	4.10702e-19	4.16385e-19	4.22746e-19	4.29897e-19	4.37963e-19	4.47089e-19	4.57441e-19	4.69208e-19	4.82609e-19	4.97896e-19	5.15357e-19	5.35326e-19	5.58186e-19	5.84377e-19	6.14409e-19	6.48867e-19	6.88426e-19	7.33863e-19	7.86074e-19	8.46089e-19	8.83034e-19	8.83437e-19	8.83438e-19	8.83438e-19	8.83438e-19	8.83438e-19	8.83438e-19	8.83438e-19	8.83438e-19	8.83438e-19	8.83438e-19	8.83438e-19	8.83438e-19	8.83438e-19	8.83438e-19	8.83438e-19	8.83438e-19	8.83438e-19	8.83438e-19	8.83438e-19	8.83438e-19	8.83438e-19	8.83438e-19	8.83438e-19	8.83438e-19	8.83438e-19	8.83438e-19	8.83438e-19	8.83438e-19	8.83438e-19	8.83438e-19	8.83438e-19	8.83438e-19	8.83438e-19	8.83438e-19	8.83438e-19	8.83438e-19	8.83438e-19	8.83438e-19	8.83438e-19	8.83438e-19	8.83438e-19	8.83438e-19	8.83438e-19	8.83438e-19	8.83438e-19	8.83438e-19	8.83438e-19	8.83438e-19	8.83438e-19	8.83438e-19	8.83438e-19	8.83438e-19	8.83438e-19	8.83438e-19	8.83438e-19	8.83438e-19	8.83438e-19	8.83438e-19	8.83438e-19	8.83438e-19	8.83438e-19	8.83438e-19	8.83438e-19
25.88	9.41862e-31	3.15336e-30	6.53820e-30	1.17194e-29	1.96509e-29	3.17941e-29	5.03878e-29	7.88627e-29	1.22477e-28	1.89295e-28	2.91681e-28	4.48611e-28	6.89215e-28	1.05824e-27	1.62444e-27	2.49359e-27	3.82849e-27	5.88001e-27	9.03509e-27	1.38914e-26	2.13735e-26	3.29141e-26	5.07375e-26	7.83061e-26	1.21023e-25	1.87349e-25	2.90581e-25	4.51705e-25	7.04026e-25	1.10071e-24	1.72725e-24	2.72231e-24	4.31312e-24	6.87668e-24	1.10479e-23	1.79160e-23	2.93923e-23	4.89281e-23	8.29865e-23	1.44260e-22	2.59319e-22	4.88984e-22	9.92163e-22	2.28353e-21	6.88758e-21	6.06082e-20	2.82793e-19	3.01092e-19	3.08266e-19	3.12781e-19	3.16250e-19	3.19228e-19	3.21971e-19	3.24621e-19	3.27274e-19	3.30000e-19	3.32857e-19	3.35902e-19	3.39187e-19	3.42768e-19	3.46706e-19	3.51067e-19	3.55925e-19	3.61363e-19	3.67475e-19	3.74370e-19	3.82171e-19	3.91020e-19	4.01078e-19	4.12534e-19	4.25601e-19	4.40527e-19	4.57596e-19	4.77136e-19	4.99525e-19	5.25196e-19	5.54651e-19	5.88466e-19	6.27305e-19	6.71935e-19	7.23236e-19	7.80632e-19	7.89345e-19	7.89366e-19	7.89366e-19	7.89366e-19	7.89366e-19	7.89366e-19	7.89366e-19	7.89366e-19	7.89366e-19	7.89366e-19	7.89366e-19	7.89366e-19	7.89366e-19	7.89366e-19	7.89366e-19	7.89366e-19	7.89366e-19	7.89366e-19	7.89366e-19	7.89366e-19	7.89366e-19	7.89366e-19	7.89366e-19	7.89366e-19	7.89366e-19	7.89366e-19	7.89366e-19	7.89366e-19	7.89366e-19	7.89366e-19	7.89366e-19	7.89366e-19	7.89366e-19	7.89366e-19	7.89366e-19	7.89366e-19	7.89366e-19	7.89366e-19	7.89366e-19	7.89366e-19	7.89366e-19	7.89366e-19	7.89366e-19	7.89366e-19	7.89366e-19	7.89366e-19	7.89366e-19	7.89366e-19	7.89366e-19	7.89366e-19	7.89366e-19	7.89366e-19	7.89366e-19	7.89366e-19	7.89366e-19	7.89366e-19	7.89366e-19	7.89366e-19	7.89366e-19	7.89366e-19	7.89366e-19	7.89366e-19	7.89366e-19
25.91	8.05102e-31	2.69549e-30	5.58885e-30	1.00177e-29	1.67975e-29	2.71775e-29	4.30714e-29	6.74117e-29	1.04694e-28	1.61809e-28	2.49328e-28	3.83472e-28	5.89140e-28	9.04578e-28	1.38857e-27	2.13151e-27	3.27259e-27	5.02622e-27	7.72318e-27	1.18744e-26	1.82701e-26	2.81349e-26	4.33704e-26	6.69360e-26	1.03451e-25	1.60146e-25	2.48388e-25	3.86117e-25	6.01800e-25	9.40885e-25	1.47645e-24	2.32703e-24	3.68685e-24	5.87817e-24	9.44373e-24	1.53146e-23	2.51245e-23	4.18237e-23	7.09367e-23	1.23313e-22	2.21666e-22	4.17983e-22	8.48100e-22	1.95196e-21	5.88750e-21	5.18078e-20	2.41731e-19	2.57373e-19	2.63505e-19	2.67365e-19	2.70330e-19	2.72876e-19	2.75220e-19	2.77486e-19	2.79754e-19	2.82083e-19	2.84526e-19	2.87128e-19	2.89936e-19	2.92998e-19	2.96364e-19	3.00092e-19	3.04244e-19	3.08892e-19	3.14117e-19	3.20011e-19	3.26679e-19	3.34243e-19	3.42841e-19	3.52633e-19	3.63803e-19	3.76562e-19	3.91152e-19	4.07855e-19	4.26993e-19	4.48937e-19	4.74115e-19	5.03020e-19	5.36220e-19	5.74369e-19	6.18221e-19	6.68645e-19	7.05675e-19	7.06342e-19	7.06343e-19	7.06343e-19	7.06343e-19	7.06343e-19	7.06343e-19	7.06343e-19	7.06343e-19	7.06343e-19	7.06343e-19	7.06343e-19	7.06343e-19	7.06343e-19	7.06343e-19	7.06343e-19	7.06343e-19	7.06343e-19	7.06343e-19	7.06343e-19	7.06343e-19	7.06343e-19	7.06343e-19	7.06343e-19	7.06343e-19	7.06343e-19	7.06343e-19	7.06343e-19	7.06343e-19	7.06343e-19	7.06343e-19	7.06343e-19	7.06343e-19	7.06343e-19	7.06343e-19	7.06343e-19	7.06343e-19	7.06343e-19	7.06343e-19	7.06343e-19	7.06343e-19	7.06343e-19	7.06343e-19	7.06343e-19	7.06343e-19	7.06343e-19	7.06343e-19	7.06343e-19	7.06343e-19	7.06343e-19	7.06343e-19	7.06343e-19	7.06343e-19	7.06343e-19	7.06343e-19	7.06343e-19	7.06343e-19	7.06343e-19	7.06343e-19	7.06343e-19	7.06343e-19	7.06343e-19	7.06343e-19
25.94	6.88200e-31	2.30410e-30	4.77734e-30	8.56311e-30	1.43585e-29	2.32313e-29	3.68174e-29	5.76234e-29	8.94918e-29	1.38314e-28	2.13125e-28	3.27791e-28	5.03596e-28	7.73232e-28	1.18695e-27	1.82202e-27	2.79740e-27	4.29640e-27	6.60176e-27	1.01502e-26	1.56172e-26	2.40497e-26	3.70729e-26	5.72168e-26	8.84294e-26	1.36893e-25	2.12322e-25	3.30052e-25	5.14418e-25	8.04267e-25	1.26207e-24	1.98914e-24	3.15151e-24	5.02465e-24	8.07249e-24	1.30909e-23	2.14764e-23	3.57508e-23	6.06366e-23	1.05408e-22	1.89479e-22	3.57291e-22	7.24954e-22	1.66853e-21	5.03262e-21	4.42852e-20	2.06631e-19	2.20002e-19	2.25244e-19	2.28543e-19	2.31078e-19	2.33254e-19	2.35258e-19	2.37195e-19	2.39133e-19	2.41124e-19	2.43212e-19	2.45437e-19	2.47837e-19	2.50454e-19	2.53331e-19	2.56518e-19	2.60067e-19	2.64041e-19	2.68507e-19	2.73545e-19	2.79245e-19	2.85710e-19	2.93060e-19	3.01430e-19	3.10978e-19	3.21884e-19	3.34356e-19	3.48634e-19	3.64993e-19	3.83750e-19	4.05272e-19	4.29980e-19	4.58360e-19	4.90970e-19	5.28454e-19	5.71556e-19	6.20986e-19	6.32927e-19	6.32964e-19	6.32964e-19	6.32964e-19	6.32964e-19	6.32964e-19	6.32964e-19	6.32964e-19	6.32964e-19	6.32964e-19	6.32964e-19	6.32964e-19	6.32964e-19	6.32964e-19	6.32964e-19	6.32964e-19	6.32964e-19	6.32964e-19	6.32964e-19	6.32964e-19	6.32964e-19	6.32964e-19	6.32964e-19	6.32964e-19	6.32964e-19	6.32964e-19	6.32964e-19	6.32964e-19	6.32964e-19	6.32964e-19	6.32964e-19	6.32964e-19	6.32964e-19	6.32964e-19	6.32964e-19	6.32964e-19	6.32964e-19	6.32964e-19	6.32964e-19	6.32964e-19	6.32964e-19	6.32964e-19	6.32964e-19	6.32964e-19	6.32964e-19	6.32964e-19	6.32964e-19	6.32964e-19	6.32964e-19	6.32964e-19	6.32964e-19	6.32964e-19	6.32964e-19	6.32964e-19	6.32964e-19	6.32964e-19	6.32964e-19	6.32964e-19	6.32964e-19	6.32964e-19	6.32964e-19	6.32964e-19
25.98	5.88272e-31	1.96954e-30	4.08366e-30	7.31973e-30	1.22736e-29	1.98581e-29	3.14714e-29	4.92564e-29	7.64975e-29	1.18230e-28	1.82179e-28	2.80195e-28	4.30473e-28	6.60957e-28	1.01460e-27	1.55746e-27	2.39122e-27	3.67256e-27	5.64318e-27	8.67636e-27	1.33496e-26	2.05576e-26	3.16899e-26	4.89088e-26	7.55893e-26	1.17016e-25	1.81492e-25	2.82128e-25	4.39724e-25	6.87486e-25	1.07881e-24	1.70031e-24	2.69391e-24	4.29506e-24	6.90035e-24	1.11900e-23	1.83580e-23	3.05597e-23	5.18321e-23	9.01025e-23	1.61967e-22	3.05412e-22	6.19690e-22	1.42626e-21	4.30188e-21	3.78550e-20	1.76628e-19	1.88057e-19	1.92538e-19	1.95358e-19	1.97525e-19	1.99385e-19	2.01098e-19	2.02754e-19	2.04410e-19	2.06113e-19	2.07898e-19	2.09799e-19	2.11851e-19	2.14088e-19	2.16547e-19	2.19271e-19	2.22305e-19	2.25702e-19	2.29519e-19	2.33826e-19	2.38698e-19	2.44225e-19	2.50507e-19	2.57662e-19	2.65824e-19	2.75146e-19	2.85807e-19	2.98012e-19	3.11995e-19	3.28029e-19	3.46426e-19	3.67547e-19	3.91805e-19	4.19680e-19	4.51722e-19	4.88566e-19	5.30942e-19	5.66932e-19	5.68014e-19	5.68016e-19	5.68016e-19	5.68016e-19	5.68016e-19	5.68016e-19	5.68016e-19	5.68016e-19	5.68016e-19	5.68016e-19	5.68016e-19	5.68016e-19	5.68016e-19	5.68016e-19	5.68016e-19	5.68016e-19	5.68016e-19	5.68016e-19	5.68016e-19	5.68016e-19	5.68016e-19	5.68016e-19	5.68016e-19	5.68016e-19	5.68016e-19	5.68016e-19	5.68016e-19	5.68016e-19	5.68016e-19	5.68016e-19	5.68016e-19	5.68016e-19	5.68016e-19	5.68016e-19	5.68016e-19	5.68016e-19	5.68016e-19	5.68016e-19	5.68016e-19	5.68016e-19	5.68016e-19	5.68016e-19	5.68016e-19	5.68016e-19	5.68016e-19	5.68016e-19	5.68016e-19	5.68016e-19	5.68016e-19	5.68016e-19	5.68016e-19	5.68016e-19	5.68016e-19	5.68016e-19	5.68016e-19	5.68016e-19	5.68016e-19	5.68016e-19	5.68016e-19	5.68016e-19	5.68016e-19
26.01	5.02854e-31	1.68356e-30	3.49071e-30	6.25689e-30	1.04915e-29	1.69747e-29	2.69017e-29	4.21043e-29	6.53899e-29	1.01063e-28	1.55726e-28	2.39511e-28	3.67968e-28	5.64985e-28	8.67278e-28	1.33131e-27	2.04401e-27	3.13930e-27	4.82378e-27	7.41654e-27	1.14112e-26	1.75726e-26	2.70884e-26	4.18072e-26	6.46136e-26	1.00025e-25	1.55139e-25	2.41163e-25	3.75875e-25	5.87662e-25	9.22168e-25	1.45343e-24	2.30275e-24	3.67141e-24	5.89841e-24	9.56524e-24	1.56924e-23	2.61224e-23	4.43060e-23	7.70195e-23	1.38449e-22	2.61065e-22	5.29710e-22	1.21916e-21	3.67724e-21	3.23584e-20	1.50982e-19	1.60751e-19	1.64581e-19	1.66992e-19	1.68844e-19	1.70434e-19	1.71898e-19	1.73313e-19	1.74730e-19	1.76185e-19	1.77711e-19	1.79336e-19	1.81090e-19	1.83002e-19	1.85104e-19	1.87433e-19	1.90026e-19	1.92929e-19	1.96193e-19	1.99874e-19	2.04039e-19	2.08763e-19	2.14133e-19	2.20249e-19	2.27226e-19	2.35194e-19	2.44308e-19	2.54740e-19	2.66693e-19	2.80399e-19	2.96125e-19	3.14178e-19	3.34914e-19	3.58742e-19	3.86131e-19	4.17625e-19	4.53849e-19	4.95522e-19	5.10383e-19	5.10445e-19	5.10445e-19	5.10445e-19	5.10445e-19	5.10445e-19	5.10445e-19	5.10445e-19	5.10445e-19	5.10445e-19	5.10445e-19	5.10445e-19	5.10445e-19	5.10445e-19	5.10445e-19	5.10445e-19	5.10445e-19	5.10445e-19	5.10445e-19	5.10445e-19	5.10445e-19	5.10445e-19	5.10445e-19	5.10445e-19	5.10445e-19	5.10445e-19	5.10445e-19	5.10445e-19	5.10445e-19	5.10445e-19	5.10445e-19	5.10445e-19	5.10445e-19	5.10445e-19	5.10445e-19	5.10445e-19	5.10445e-19	5.10445e-19	5.10445e-19	5.10445e-19	5.10445e-19	5.10445e-19	5.10445e-19	5.10445e-19	5.10445e-19	5.10445e-19	5.10445e-19	5.10445e-19	5.10445e-19	5.10445e-19	5.10445e-19	5.10445e-19	5.10445e-19	5.10445e-19	5.10445e-19	5.10445e-19	5.10445e-19	5.10445e-19	5.10445e-19	5.10445e-19	5.10445e-19
26.05	4.29839e-31	1.43910e-30	2.98385e-30	5.34838e-30	8.96810e-30	1.45099e-29	2.29956e-29	3.59907e-29	5.58952e-29	8.63887e-29	1.33115e-28	2.04733e-28	3.14538e-28	4.82949e-28	7.41347e-28	1.13800e-27	1.74721e-27	2.68347e-27	4.12336e-27	6.33965e-27	9.75427e-27	1.50210e-26	2.31552e-26	3.57367e-26	5.52316e-26	8.55010e-26	1.32613e-25	2.06145e-25	3.21297e-25	5.02333e-25	7.88268e-25	1.24239e-24	1.96839e-24	3.13832e-24	5.04195e-24	8.17635e-24	1.34138e-23	2.23294e-23	3.78727e-23	6.58362e-23	1.18346e-22	2.23158e-22	4.52795e-22	1.04214e-21	3.14330e-21	2.76599e-20	1.29059e-19	1.37410e-19	1.40684e-19	1.42744e-19	1.44328e-19	1.45687e-19	1.46938e-19	1.48148e-19	1.49359e-19	1.50603e-19	1.51907e-19	1.53296e-19	1.54795e-19	1.56430e-19	1.58227e-19	1.60217e-19	1.62434e-19	1.64916e-19	1.67705e-19	1.70852e-19	1.74412e-19	1.78450e-19	1.83041e-19	1.88269e-19	1.94232e-19	2.01044e-19	2.08834e-19	2.17751e-19	2.27969e-19	2.39685e-19	2.53127e-19	2.68559e-19	2.86284e-19	3.06652e-19	3.30064e-19	3.56985e-19	3.87949e-19	4.23571e-19	4.57615e-19	4.59336e-19	4.59339e-19	4.59339e-19	4.59339e-19	4.59339e-19	4.59339e-19	4.59339e-19	4.59339e-19	4.59339e-19	4.59339e-19	4.59339e-19	4.59339e-19	4.59339e-19	4.59339e-19	4.59339e-19	4.59339e-19	4.59339e-19	4.59339e-19	4.59339e-19	4.59339e-19	4.59339e-19	4.59339e-19	4.59339e-19	4.59339e-19	4.59339e-19	4.59339e-19	4.59339e-19	4.59339e-19	4.59339e-19	4.59339e-19	4.59339e-19	4.59339e-19	4.59339e-19	4.59339e-19	4.59339e-19	4.59339e-19	4.59339e-19	4.59339e-19	4.59339e-19	4.59339e-19	4.59339e-19	4.59339e-19	4.59339e-19	4.59339e-19	4.59339e-19	4.59339e-19	4.59339e-19	4.59339e-19	4.59339e-19	4.59339e-19	4.59339e-19	4.59339e-19	4.59339e-19	4.59339e-19	4.59339e-19	4.59339e-19	4.59339e-19	4.59339e-19	4.59339e-19	4.59339e-19
26.08	3.67426e-31	1.23014e-30	2.55059e-30	4.57179e-30	7.66592e-30	1.24031e-29	1.96566e-29	3.07648e-29	4.77791e-29	7.38449e-29	1.13786e-28	1.75006e-28	2.68867e-28	4.12824e-28	6.33703e-28	9.72763e-28	1.49352e-27	2.29382e-27	3.52464e-27	5.41912e-27	8.33794e-27	1.28400e-26	1.97930e-26	3.05477e-26	4.72119e-26	7.30861e-26	1.13357e-25	1.76213e-25	2.74645e-25	4.29393e-25	6.73810e-25	1.06199e-24	1.68257e-24	2.68263e-24	4.30985e-24	6.98913e-24	1.14661e-23	1.90871e-23	3.23735e-23	5.62767e-23	1.01162e-22	1.90755e-22	3.87049e-22	8.90819e-22	2.68689e-21	2.36436e-20	1.10319e-19	1.17458e-19	1.20256e-19	1.22018e-19	1.23371e-19	1.24533e-19	1.25603e-19	1.26637e-19	1.27672e-19	1.28735e-19	1.29850e-19	1.31037e-19	1.32319e-19	1.33716e-19	1.35252e-19	1.36953e-19	1.38848e-19	1.40970e-19	1.43354e-19	1.46044e-19	1.49087e-19	1.52539e-19	1.56463e-19	1.60932e-19	1.66029e-19	1.71852e-19	1.78511e-19	1.86134e-19	1.94867e-19	2.04882e-19	2.16372e-19	2.29564e-19	2.44715e-19	2.62126e-19	2.82139e-19	3.05150e-19	3.31618e-19	3.62068e-19	3.97106e-19	4.13797e-19	4.13903e-19	4.13903e-19	4.13903e-19	4.13903e-19	4.13903e-19	4.13903e-19	4.13903e-19	4.13903e-19	4.13903e-19	4.13903e-19	4.13903e-19	4.13903e-19	4.13903e-19	4.13903e-19	4.13903e-19	4.13903e-19	4.13903e-19	4.13903e-19	4.13903e-19	4.13903e-19	4.13903e-19	4.13903e-19	4.13903e-19	4.13903e-19	4.13903e-19	4.13903e-19	4.13903e-19	4.13903e-19	4.13903e-19	4.13903e-19	4.13903e-19	4.13903e-19	4.13903e-19	4.13903e-19	4.13903e-19	4.13903e-19	4.13903e-19	4.13903e-19	4.13903e-19	4.13903e-19	4.13903e-19	4.13903e-19	4.13903e-19	4.13903e-19	4.13903e-19	4.13903e-19	4.13903e-19	4.13903e-19	4.13903e-19	4.13903e-19	4.13903e-19	4.13903e-19	4.13903e-19	4.13903e-19	4.13903e-19	4.13903e-19	4.13903e-19	4.13903e-19	4.13903e-19
26.11	3.14075e-31	1.05153e-30	2.18024e-30	3.90796e-30	6.55281e-30	1.06021e-29	1.68024e-29	2.62977e-29	4.08415e-29	6.31225e-29	9.72643e-29	1.49595e-28	2.29827e-28	3.52881e-28	5.41688e-28	8.31516e-28	1.27666e-27	1.96076e-27	3.01286e-27	4.63226e-27	7.12725e-27	1.09756e-26	1.69190e-26	2.61121e-26	4.03567e-26	6.24739e-26	9.68975e-26	1.50626e-25	2.34766e-25	3.67045e-25	5.75972e-25	9.07787e-25	1.43826e-24	2.29311e-24	3.68405e-24	5.97430e-24	9.80121e-24	1.63157e-23	2.76728e-23	4.81052e-23	8.64730e-23	1.63057e-22	3.30849e-22	7.61471e-22	2.29675e-21	2.02105e-20	9.43007e-20	1.00403e-19	1.02795e-19	1.04301e-19	1.05457e-19	1.06450e-19	1.07365e-19	1.08249e-19	1.09133e-19	1.10042e-19	1.10995e-19	1.12010e-19	1.13106e-19	1.14300e-19	1.15613e-19	1.17067e-19	1.18687e-19	1.20501e-19	1.22539e-19	1.24838e-19	1.27439e-19	1.30390e-19	1.33744e-19	1.37564e-19	1.41922e-19	1.46899e-19	1.52591e-19	1.59107e-19	1.66572e-19	1.75133e-19	1.84955e-19	1.96231e-19	2.09182e-19	2.24065e-19	2.41172e-19	2.60842e-19	2.83467e-19	3.09495e-19	3.39445e-19	3.70788e-19	3.73443e-19	3.73448e-19	3.73448e-19	3.73448e-19	3.73448e-19	3.73448e-19	3.73448e-19	3.73448e-19	3.73448e-19	3.73448e-19	3.73448e-19	3.73448e-19	3.73448e-19	3.73448e-19	3.73448e-19	3.73448e-19	3.73448e-19	3.73448e-19	3.73448e-19	3.73448e-19	3.73448e-19	3.73448e-19	3.73448e-19	3.73448e-19	3.73448e-19	3.73448e-19	3.73448e-19	3.73448e-19	3.73448e-19	3.73448e-19	3.73448e-19	3.73448e-19	3.73448e-19	3.73448e-19	3.73448e-19	3.73448e-19	3.73448e-19	3.73448e-19	3.73448e-19	3.73448e-19	3.73448e-19	3.73448e-19	3.73448e-19	3.73448e-19	3.73448e-19	3.73448e-19	3.73448e-19	3.73448e-19	3.73448e-19	3.73448e-19	3.73448e-19	3.73448e-19	3.73448e-19	3.73448e-19	3.73448e-19	3.73448e-19	3.73448e-19	3.73448e-19	3.73448e-19
26.15	2.68471e-31	8.98842e-31	1.86367e-30	3.34052e-30	5.60134e-30	9.06267e-30	1.43627e-29	2.24792e-29	3.49113e-29	5.39570e-29	8.31414e-29	1.27873e-28	1.96456e-28	3.01642e-28	4.63034e-28	7.10779e-28	1.09128e-27	1.67605e-27	2.57539e-27	3.95965e-27	6.09237e-27	9.38191e-27	1.44624e-26	2.23206e-26	3.44968e-26	5.34026e-26	8.28278e-26	1.28755e-25	2.00677e-25	3.13749e-25	4.92340e-25	7.75975e-25	1.22942e-24	1.96015e-24	3.14912e-24	5.10682e-24	8.37806e-24	1.39466e-23	2.36547e-23	4.11202e-23	7.39170e-23	1.39381e-22	2.82809e-22	6.50904e-22	1.96326e-21	1.72759e-20	8.06081e-20	8.58241e-20	8.78688e-20	8.91559e-20	9.01448e-20	9.09937e-20	9.17754e-20	9.25310e-20	9.32871e-20	9.40640e-20	9.48786e-20	9.57463e-20	9.66826e-20	9.77035e-20	9.88260e-20	1.00069e-19	1.01454e-19	1.03004e-19	1.04746e-19	1.06711e-19	1.08935e-19	1.11457e-19	1.14324e-19	1.17590e-19	1.21314e-19	1.25569e-19	1.30434e-19	1.36004e-19	1.42386e-19	1.49703e-19	1.58099e-19	1.67738e-19	1.78809e-19	1.91530e-19	2.06153e-19	2.22967e-19	2.42307e-19	2.64556e-19	2.90157e-19	3.19622e-19	3.37197e-19	3.37375e-19	3.37375e-19	3.37375e-19	3.37375e-19	3.37375e-19	3.37375e-19	3.37375e-19	3.37375e-19	3.37375e-19	3.37375e-19	3.37375e-19	3.37375e-19	3.37375e-19	3.37375e-19	3.37375e-19	3.37375e-19	3.37375e-19	3.37375e-19	3.37375e-19	3.37375e-19	3.37375e-19	3.37375e-19	3.37375e-19	3.37375e-19	3.37375e-19	3.37375e-19	3.37375e-19	3.37375e-19	3.37375e-19	3.37375e-19	3.37375e-19	3.37375e-19	3.37375e-19	3.37375e-19	3.37375e-19	3.37375e-19	3.37375e-19	3.37375e-19	3.37375e-19	3.37375e-19	3.37375e-19	3.37375e-19	3.37375e-19	3.37375e-19	3.37375e-19	3.37375e-19	3.37375e-19	3.37375e-19	3.37375e-19	3.37375e-19	3.37375e-19	3.37375e-19	3.37375e-19	3.37375e-19	3.37375e-19	3.37375e-19	3.37375e-19	3.37375e-19
26.18	2.29488e-31	7.68329e-31	1.59306e-30	2.85547e-30	4.78801e-30	7.74675e-30	1.22772e-29	1.92152e-29	2.98421e-29	4.61224e-29	7.10691e-29	1.09306e-28	1.67930e-28	2.57843e-28	3.95801e-28	6.07573e-28	9.32827e-28	1.43269e-27	2.20144e-27	3.38470e-27	5.20775e-27	8.01964e-27	1.23624e-26	1.90796e-26	2.94878e-26	4.56484e-26	7.08011e-26	1.10060e-25	1.71539e-25	2.68192e-25	4.20851e-25	6.63302e-25	1.05091e-24	1.67553e-24	2.69187e-24	4.36530e-24	7.16155e-24	1.19215e-23	2.02200e-23	3.51495e-23	6.31841e-23	1.19143e-22	2.41745e-22	5.56392e-22	1.67819e-21	1.47674e-20	6.89037e-20	7.33623e-20	7.51101e-20	7.62103e-20	7.70557e-20	7.77813e-20	7.84495e-20	7.90953e-20	7.97417e-20	8.04058e-20	8.11021e-20	8.18438e-20	8.26442e-20	8.35168e-20	8.44763e-20	8.55389e-20	8.67225e-20	8.80475e-20	8.95368e-20	9.12168e-20	9.31175e-20	9.52735e-20	9.77243e-20	1.00516e-19	1.03699e-19	1.07336e-19	1.11495e-19	1.16256e-19	1.21711e-19	1.27966e-19	1.35143e-19	1.43382e-19	1.52845e-19	1.63720e-19	1.76219e-19	1.90592e-19	2.07124e-19	2.26142e-19	2.48026e-19	2.73212e-19	3.01225e-19	3.05153e-19	3.05162e-19	3.05162e-19	3.05162e-19	3.05162e-19	3.05162e-19	3.05162e-19	3.05162e-19	3.05162e-19	3.05162e-19	3.05162e-19	3.05162e-19	3.05162e-19	3.05162e-19	3.05162e-19	3.05162e-19	3.05162e-19	3.05162e-19	3.05162e-19	3.05162e-19	3.05162e-19	3.05162e-19	3.05162e-19	3.05162e-19	3.05162e-19	3.05162e-19	3.05162e-19	3.05162e-19	3.05162e-19	3.05162e-19	3.05162e-19	3.05162e-19	3.05162e-19	3.05162e-19	3.05162e-19	3.05162e-19	3.05162e-19	3.05162e-19	3.05162e-19	3.05162e-19	3.05162e-19	3.05162e-19	3.05162e-19	3.05162e-19	3.05162e-19	3.05162e-19	3.05162e-19	3.05162e-19	3.05162e-19	3.05162e-19	3.05162e-19	3.05162e-19	3.05162e-19	3.05162e-19	3.05162e-19	3.05162e-19	3.05162e-19	3.05162e-19
26.22	1.96166e-31	6.56767e-31	1.36174e-30	2.44085e-30	4.09279e-30	6.62191e-30	1.04945e-29	1.64251e-29	2.55090e-29	3.94253e-29	6.07498e-29	9.34344e-29	1.43546e-28	2.20404e-28	3.38330e-28	5.19352e-28	7.97379e-28	1.22466e-27	1.88178e-27	2.89324e-27	4.45157e-27	6.85518e-27	1.05674e-26	1.63092e-26	2.52061e-26	3.90202e-26	6.05207e-26	9.40789e-26	1.46631e-25	2.29250e-25	3.59743e-25	5.66990e-25	8.98316e-25	1.43224e-24	2.30100e-24	3.73145e-24	6.12168e-24	1.01905e-23	1.72840e-23	3.00458e-23	5.40097e-23	1.01843e-22	2.06643e-22	4.75603e-22	1.43451e-21	1.26232e-20	5.88988e-20	6.27100e-20	6.42040e-20	6.51445e-20	6.58671e-20	6.64873e-20	6.70585e-20	6.76106e-20	6.81631e-20	6.87307e-20	6.93259e-20	6.99600e-20	7.06441e-20	7.13900e-20	7.22102e-20	7.31185e-20	7.41303e-20	7.52628e-20	7.65359e-20	7.79720e-20	7.95967e-20	8.14397e-20	8.35346e-20	8.59205e-20	8.86420e-20	9.17507e-20	9.53058e-20	9.93756e-20	1.04039e-19	1.09385e-19	1.15520e-19	1.22563e-19	1.30652e-19	1.39947e-19	1.50632e-19	1.62918e-19	1.77049e-19	1.93306e-19	2.12012e-19	2.33541e-19	2.58323e-19	2.76059e-19	2.76353e-19	2.76353e-19	2.76353e-19	2.76353e-19	2.76353e-19	2.76353e-19	2.76353e-19	2.76353e-19	2.76353e-19	2.76353e-19	2.76353e-19	2.76353e-19	2.76353e-19	2.76353e-19	2.76353e-19	2.76353e-19	2.76353e-19	2.76353e-19	2.76353e-19	2.76353e-19	2.76353e-19	2.76353e-19	2.76353e-19	2.76353e-19	2.76353e-19	2.76353e-19	2.76353e-19	2.76353e-19	2.76353e-19	2.76353e-19	2.76353e-19	2.76353e-19	2.76353e-19	2.76353e-19	2.76353e-19	2.76353e-19	2.76353e-19	2.76353e-19	2.76353e-19	2.76353e-19	2.76353e-19	2.76353e-19	2.76353e-19	2.76353e-19	2.76353e-19	2.76353e-19	2.76353e-19	2.76353e-19	2.76353e-19	2.76353e-19	2.76353e-19	2.76353e-19	2.76353e-19	2.76353e-19	2.76353e-19	2.76353e-19	2.76353e-19
26.25	1.67683e-31	5.61403e-31	1.16402e-30	2.08643e-30	3.49851e-30	5.66040e-30	8.97070e-30	1.40402e-29	2.18050e-29	3.37007e-29	5.19288e-29	7.98676e-29	1.22703e-28	1.88401e-28	2.89204e-28	4.43941e-28	6.81599e-28	1.04684e-27	1.60855e-27	2.47313e-27	3.80520e-27	5.85979e-27	9.03296e-27	1.39411e-26	2.15462e-26	3.33544e-26	5.17330e-26	8.04185e-26	1.25340e-25	1.95963e-25	3.07508e-25	4.84662e-25	7.67879e-25	1.22428e-24	1.96689e-24	3.18964e-24	5.23280e-24	8.71083e-24	1.47744e-23	2.56831e-23	4.61674e-23	8.70553e-23	1.76638e-22	4.06544e-22	1.22622e-21	1.07903e-20	5.03466e-20	5.36044e-20	5.48815e-20	5.56854e-20	5.63031e-20	5.68333e-20	5.73215e-20	5.77934e-20	5.82657e-20	5.87509e-20	5.92597e-20	5.98017e-20	6.03865e-20	6.10241e-20	6.17252e-20	6.25016e-20	6.33664e-20	6.43346e-20	6.54228e-20	6.66503e-20	6.80392e-20	6.96145e-20	7.14053e-20	7.34447e-20	7.57711e-20	7.84284e-20	8.14673e-20	8.49461e-20	8.89320e-20	9.35023e-20	9.87463e-20	1.04766e-19	1.11681e-19	1.19627e-19	1.28760e-19	1.39262e-19	1.51341e-19	1.65238e-19	1.81228e-19	1.99631e-19	2.20814e-19	2.45079e-19	2.50536e-19	2.50552e-19	2.50552e-19	2.50552e-19	2.50552e-19	2.50552e-19	2.50552e-19	2.50552e-19	2.50552e-19	2.50552e-19	2.50552e-19	2.50552e-19	2.50552e-19	2.50552e-19	2.50552e-19	2.50552e-19	2.50552e-19	2.50552e-19	2.50552e-19	2.50552e-19	2.50552e-19	2.50552e-19	2.50552e-19	2.50552e-19	2.50552e-19	2.50552e-19	2.50552e-19	2.50552e-19	2.50552e-19	2.50552e-19	2.50552e-19	2.50552e-19	2.50552e-19	2.50552e-19	2.50552e-19	2.50552e-19	2.50552e-19	2.50552e-19	2.50552e-19	2.50552e-19	2.50552e-19	2.50552e-19	2.50552e-19	2.50552e-19	2.50552e-19	2.50552e-19	2.50552e-19	2.50552e-19	2.50552e-19	2.50552e-19	2.50552e-19	2.50552e-19	2.50552e-19	2.50552e-19	2.50552e-19	2.50552e-19	2.50552e-19
26.28	1.43335e-31	4.79886e-31	9.95000e-31	1.78348e-30	2.99052e-30	4.83850e-30	7.66814e-30	1.20015e-29	1.86389e-29	2.88073e-29	4.43887e-29	6.82707e-29	1.04886e-28	1.61045e-28	2.47211e-28	3.79480e-28	5.82629e-28	8.94834e-28	1.37498e-27	2.11403e-27	3.25268e-27	5.00894e-27	7.72136e-27	1.19168e-26	1.84176e-26	2.85113e-26	4.42213e-26	6.87416e-26	1.07140e-25	1.67509e-25	2.62857e-25	4.14288e-25	6.56382e-25	1.04651e-24	1.68130e-24	2.72650e-24	4.47299e-24	7.44600e-24	1.26291e-23	2.19538e-23	3.94638e-23	7.44148e-23	1.50990e-22	3.47514e-22	1.04817e-21	9.22351e-21	4.30362e-20	4.58210e-20	4.69126e-20	4.75998e-20	4.81278e-20	4.85810e-20	4.89983e-20	4.94017e-20	4.98054e-20	5.02202e-20	5.06551e-20	5.11184e-20	5.16183e-20	5.21633e-20	5.27626e-20	5.34263e-20	5.41655e-20	5.49931e-20	5.59233e-20	5.69726e-20	5.81598e-20	5.95064e-20	6.10371e-20	6.27804e-20	6.47690e-20	6.70405e-20	6.96381e-20	7.26118e-20	7.60189e-20	7.99256e-20	8.44081e-20	8.95542e-20	9.54649e-20	1.02257e-19	1.10064e-19	1.19041e-19	1.29366e-19	1.41245e-19	1.54913e-19	1.70644e-19	1.88751e-19	2.09597e-19	2.26930e-19	2.27410e-19	2.27410e-19	2.27410e-19	2.27410e-19	2.27410e-19	2.27410e-19	2.27410e-19	2.27410e-19	2.27410e-19	2.27410e-19	2.27410e-19	2.27410e-19	2.27410e-19	2.27410e-19	2.27410e-19	2.27410e-19	2.27410e-19	2.27410e-19	2.27410e-19	2.27410e-19	2.27410e-19	2.27410e-19	2.27410e-19	2.27410e-19	2.27410e-19	2.27410e-19	2.27410e-19	2.27410e-19	2.27410e-19	2.27410e-19	2.27410e-19	2.27410e-19	2.27410e-19	2.27410e-19	2.27410e-19	2.27410e-19	2.27410e-19	2.27410e-19	2.27410e-19	2.27410e-19	2.27410e-19	2.27410e-19	2.27410e-19	2.27410e-19	2.27410e-19	2.27410e-19	2.27410e-19	2.27410e-19	2.27410e-19	2.27410e-19	2.27410e-19	2.27410e-19	2.27410e-19	2.27410e-19	2.27410e-19	2.27410e-19
26.32	1.22522e-31	4.10206e-31	8.50525e-31	1.52452e-30	2.55629e-30	4.13594e-30	6.55471e-30	1.02589e-29	1.59325e-29	2.46244e-29	3.79434e-29	5.83577e-29	8.96568e-29	1.37661e-28	2.11316e-28	3.24379e-28	4.98031e-28	7.64903e-28	1.17533e-27	1.80707e-27	2.78038e-27	4.28164e-27	6.60021e-27	1.01865e-26	1.57434e-26	2.43714e-26	3.78003e-26	5.87602e-26	9.15835e-26	1.43186e-25	2.24690e-25	3.54133e-25	5.61074e-25	8.94555e-25	1.43717e-24	2.33061e-24	3.82351e-24	6.36483e-24	1.07953e-23	1.87661e-23	3.37336e-23	6.36096e-23	1.29066e-22	2.97054e-22	8.95974e-22	7.88424e-21	3.67873e-20	3.91677e-20	4.01008e-20	4.06882e-20	4.11395e-20	4.15269e-20	4.18837e-20	4.22285e-20	4.25736e-20	4.29281e-20	4.32999e-20	4.36959e-20	4.41232e-20	4.45891e-20	4.51014e-20	4.56687e-20	4.63006e-20	4.70080e-20	4.78031e-20	4.87001e-20	4.97149e-20	5.08659e-20	5.21744e-20	5.36646e-20	5.53644e-20	5.73061e-20	5.95265e-20	6.20684e-20	6.49808e-20	6.83203e-20	7.21520e-20	7.65508e-20	8.16032e-20	8.74089e-20	9.40824e-20	1.01756e-19	1.10582e-19	1.20736e-19	1.32420e-19	1.45866e-19	1.61344e-19	1.79163e-19	1.99678e-19	2.06598e-19	2.06626e-19	2.06626e-19	2.06626e-19	2.06626e-19	2.06626e-19	2.06626e-19	2.06626e-19	2.06626e-19	2.06626e-19	2.06626e-19	2.06626e-19	2.06626e-19	2.06626e-19	2.06626e-19	2.06626e-19	2.06626e-19	2.06626e-19	2.06626e-19	2.06626e-19	2.06626e-19	2.06626e-19	2.06626e-19	2.06626e-19	2.06626e-19	2.06626e-19	2.06626e-19	2.06626e-19	2.06626e-19	2.06626e-19	2.06626e-19	2.06626e-19	2.06626e-19	2.06626e-19	2.06626e-19	2.06626e-19	2.06626e-19	2.06626e-19	2.06626e-19	2.06626e-19	2.06626e-19	2.06626e-19	2.06626e-19	2.06626e-19	2.06626e-19	2.06626e-19	2.06626e-19	2.06626e-19	2.06626e-19	2.06626e-19	2.06626e-19	2.06626e-19	2.06626e-19	2.06626e-19	2.06626e-19	2.06626e-19
26.35	1.04732e-31	3.50644e-31	7.27027e-31	1.30315e-30	2.18511e-30	3.53540e-30	5.60296e-30	8.76928e-30	1.36191e-29	2.10489e-29	3.24339e-29	4.98841e-29	7.66385e-29	1.17672e-28	1.80632e-28	2.77279e-28	4.25716e-28	6.53838e-28	1.00467e-27	1.54468e-27	2.37667e-27	3.65994e-27	5.64185e-27	8.70739e-27	1.34574e-26	2.08327e-26	3.23116e-26	5.02281e-26	7.82854e-26	1.22395e-25	1.92065e-25	3.02712e-25	4.79605e-25	7.64664e-25	1.22849e-24	1.99220e-24	3.26833e-24	5.44065e-24	9.22783e-24	1.60412e-23	2.88354e-23	5.43734e-23	1.10325e-22	2.53921e-22	7.65877e-22	6.73944e-21	3.14457e-20	3.34805e-20	3.42781e-20	3.47802e-20	3.51660e-20	3.54972e-20	3.58021e-20	3.60969e-20	3.63918e-20	3.66949e-20	3.70127e-20	3.73512e-20	3.77165e-20	3.81147e-20	3.85526e-20	3.90375e-20	3.95777e-20	4.01824e-20	4.08620e-20	4.16288e-20	4.24962e-20	4.34801e-20	4.45986e-20	4.58724e-20	4.73254e-20	4.89851e-20	5.08832e-20	5.30560e-20	5.55455e-20	5.84001e-20	6.16754e-20	6.54355e-20	6.97543e-20	7.47170e-20	8.04215e-20	8.69809e-20	9.45253e-20	1.03205e-19	1.13192e-19	1.24686e-19	1.37917e-19	1.53148e-19	1.70685e-19	1.87165e-19	1.87931e-19	1.87932e-19	1.87932e-19	1.87932e-19	1.87932e-19	1.87932e-19	1.87932e-19	1.87932e-19	1.87932e-19	1.87932e-19	1.87932e-19	1.87932e-19	1.87932e-19	1.87932e-19	1.87932e-19	1.87932e-19	1.87932e-19	1.87932e-19	1.87932e-19	1.87932e-19	1.87932e-19	1.87932e-19	1.87932e-19	1.87932e-19	1.87932e-19	1.87932e-19	1.87932e-19	1.87932e-19	1.87932e-19	1.87932e-19	1.87932e-19	1.87932e-19	1.87932e-19	1.87932e-19	1.87932e-19	1.87932e-19	1.87932e-19	1.87932e-19	1.87932e-19	1.87932e-19	1.87932e-19	1.87932e-19	1.87932e-19	1.87932e-19	1.87932e-19	1.87932e-19	1.87932e-19	1.87932e-19	1.87932e-19	1.87932e-19	1.87932e-19	1.87932e-19	1.87932e-19	1.87932e-19	1.87932e-19
26.39	8.95248e-32	2.99730e-31	6.21462e-31	1.11393e-30	1.86783e-30	3.02205e-30	4.78940e-30	7.49597e-30	1.16416e-29	1.79926e-29	2.77245e-29	4.26408e-29	6.55105e-29	1.00586e-28	1.54404e-28	2.37018e-28	3.63901e-28	5.58899e-28	8.58793e-28	1.32039e-27	2.03157e-27	3.12851e-27	4.82264e-27	7.44306e-27	1.15034e-26	1.78077e-26	2.76199e-26	4.29349e-26	6.69182e-26	1.04623e-25	1.64177e-25	2.58758e-25	4.09966e-25	6.53634e-25	1.05011e-24	1.70293e-24	2.79376e-24	4.65066e-24	7.88794e-24	1.37120e-23	2.46485e-23	4.64783e-23	9.43059e-23	2.17052e-22	6.54671e-22	5.76086e-21	2.68797e-20	2.86191e-20	2.93009e-20	2.97301e-20	3.00599e-20	3.03429e-20	3.06036e-20	3.08555e-20	3.11077e-20	3.13668e-20	3.16384e-20	3.19277e-20	3.22400e-20	3.25804e-20	3.29547e-20	3.33692e-20	3.38310e-20	3.43478e-20	3.49288e-20	3.55842e-20	3.63257e-20	3.71668e-20	3.81228e-20	3.92117e-20	4.04537e-20	4.18724e-20	4.34949e-20	4.53522e-20	4.74802e-20	4.99203e-20	5.27200e-20	5.59342e-20	5.96259e-20	6.38679e-20	6.87442e-20	7.43511e-20	8.08001e-20	8.82193e-20	9.67564e-20	1.06582e-19	1.17891e-19	1.30911e-19	1.45901e-19	1.63162e-19	1.71049e-19	1.71096e-19	1.71096e-19	1.71096e-19	1.71096e-19	1.71096e-19	1.71096e-19	1.71096e-19	1.71096e-19	1.71096e-19	1.71096e-19	1.71096e-19	1.71096e-19	1.71096e-19	1.71096e-19	1.71096e-19	1.71096e-19	1.71096e-19	1.71096e-19	1.71096e-19	1.71096e-19	1.71096e-19	1.71096e-19	1.71096e-19	1.71096e-19	1.71096e-19	1.71096e-19	1.71096e-19	1.71096e-19	1.71096e-19	1.71096e-19	1.71096e-19	1.71096e-19	1.71096e-19	1.71096e-19	1.71096e-19	1.71096e-19	1.71096e-19	1.71096e-19	1.71096e-19	1.71096e-19	1.71096e-19	1.71096e-19	1.71096e-19	1.71096e-19	1.71096e-19	1.71096e-19	1.71096e-19	1.71096e-19	1.71096e-19	1.71096e-19	1.71096e-19	1.71096e-19	1.71096e-19	1.71096e-19
26.42	7.65256e-32	2.56208e-31	5.31225e-31	9.52190e-31	1.59662e-30	2.58325e-30	4.09397e-30	6.40754e-30	9.95120e-30	1.53800e-29	2.36988e-29	3.64493e-29	5.59982e-29	8.59809e-29	1.31984e-28	2.02602e-28	3.11062e-28	4.77746e-28	7.34095e-28	1.12867e-27	1.73658e-27	2.67424e-27	4.12239e-27	6.36232e-27	9.83306e-27	1.52220e-26	2.36095e-26	3.67007e-26	5.72016e-26	8.94319e-26	1.40338e-25	2.21186e-25	3.50438e-25	5.58725e-25	8.97635e-25	1.45566e-24	2.38810e-24	3.97537e-24	6.74260e-24	1.17210e-23	2.10695e-23	3.97296e-23	8.06126e-23	1.85535e-22	5.59611e-22	4.92438e-21	2.29768e-20	2.44635e-20	2.50464e-20	2.54132e-20	2.56951e-20	2.59371e-20	2.61599e-20	2.63753e-20	2.65908e-20	2.68123e-20	2.70444e-20	2.72918e-20	2.75587e-20	2.78497e-20	2.81696e-20	2.85240e-20	2.89186e-20	2.93605e-20	2.98571e-20	3.04173e-20	3.10511e-20	3.17701e-20	3.25873e-20	3.35181e-20	3.45798e-20	3.57925e-20	3.71793e-20	3.87670e-20	4.05860e-20	4.26718e-20	4.50650e-20	4.78124e-20	5.09681e-20	5.45942e-20	5.87624e-20	6.35552e-20	6.90678e-20	7.54097e-20	8.27072e-20	9.11058e-20	1.00773e-19	1.11902e-19	1.24716e-19	1.39471e-19	1.54722e-19	1.55911e-19	1.55913e-19	1.55913e-19	1.55913e-19	1.55913e-19	1.55913e-19	1.55913e-19	1.55913e-19	1.55913e-19	1.55913e-19	1.55913e-19	1.55913e-19	1.55913e-19	1.55913e-19	1.55913e-19	1.55913e-19	1.55913e-19	1.55913e-19	1.55913e-19	1.55913e-19	1.55913e-19	1.55913e-19	1.55913e-19	1.55913e-19	1.55913e-19	1.55913e-19	1.55913e-19	1.55913e-19	1.55913e-19	1.55913e-19	1.55913e-19	1.55913e-19	1.55913e-19	1.55913e-19	1.55913e-19	1.55913e-19	1.55913e-19	1.55913e-19	1.55913e-19	1.55913e-19	1.55913e-19	1.55913e-19	1.55913e-19	1.55913e-19	1.55913e-19	1.55913e-19	1.55913e-19	1.55913e-19	1.55913e-19	1.55913e-19	1.55913e-19	1.55913e-19	1.55913e-19	1.55913e-19
26.45	6.54140e-32	2.19007e-31	4.54090e-31	8.13930e-31	1.36479e-30	2.20816e-30	3.49952e-30	5.47716e-30	8.50627e-30	1.31468e-29	2.02577e-29	3.11568e-29	4.78672e-29	7.34963e-29	1.12820e-28	1.73184e-28	2.65896e-28	4.08377e-28	6.27503e-28	9.64784e-28	1.48443e-27	2.28594e-27	3.52381e-27	5.43850e-27	8.40529e-27	1.30118e-26	2.01813e-26	3.13717e-26	4.88959e-26	7.64462e-26	1.19961e-25	1.89069e-25	2.99554e-25	4.77597e-25	7.67297e-25	1.24430e-24	2.04135e-24	3.39814e-24	5.76356e-24	1.00191e-23	1.80102e-23	3.39608e-23	6.89075e-23	1.58595e-22	4.78355e-22	4.20935e-21	1.96405e-20	2.09114e-20	2.14096e-20	2.17232e-20	2.19641e-20	2.21710e-20	2.23615e-20	2.25455e-20	2.27298e-20	2.29191e-20	2.31175e-20	2.33290e-20	2.35571e-20	2.38058e-20	2.40794e-20	2.43822e-20	2.47196e-20	2.50973e-20	2.55218e-20	2.60007e-20	2.65425e-20	2.71570e-20	2.78556e-20	2.86512e-20	2.95587e-20	3.05954e-20	3.17808e-20	3.31380e-20	3.46929e-20	3.64758e-20	3.85215e-20	4.08700e-20	4.35675e-20	4.66671e-20	5.02300e-20	5.43269e-20	5.90391e-20	6.44601e-20	7.06980e-20	7.78771e-20	8.61407e-20	9.56540e-20	1.06607e-19	1.19219e-19	1.33743e-19	1.42125e-19	1.42203e-19	1.42203e-19	1.42203e-19	1.42203e-19	1.42203e-19	1.42203e-19	1.42203e-19	1.42203e-19	1.42203e-19	1.42203e-19	1.42203e-19	1.42203e-19	1.42203e-19	1.42203e-19	1.42203e-19	1.42203e-19	1.42203e-19	1.42203e-19	1.42203e-19	1.42203e-19	1.42203e-19	1.42203e-19	1.42203e-19	1.42203e-19	1.42203e-19	1.42203e-19	1.42203e-19	1.42203e-19	1.42203e-19	1.42203e-19	1.42203e-19	1.42203e-19	1.42203e-19	1.42203e-19	1.42203e-19	1.42203e-19	1.42203e-19	1.42203e-19	1.42203e-19	1.42203e-19	1.42203e-19	1.42203e-19	1.42203e-19	1.42203e-19	1.42203e-19	1.42203e-19	1.42203e-19	1.42203e-19	1.42203e-19	1.42203e-19	1.42203e-19	1.42203e-19	1.42203e-19
26.49	5.59158e-32	1.87206e-31	3.88155e-31	6.95746e-31	1.16662e-30	1.88753e-30	2.99139e-30	4.68186e-30	7.27115e-30	1.12379e-29	1.73163e-29	2.66328e-29	4.09168e-29	6.28246e-29	9.64385e-29	1.48038e-28	2.27287e-28	3.49080e-28	5.36389e-28	8.24696e-28	1.26889e-27	1.95402e-27	3.01215e-27	4.64882e-27	7.18483e-27	1.11224e-26	1.72510e-26	2.68165e-26	4.17961e-26	6.53461e-26	1.02542e-25	1.61616e-25	2.56058e-25	4.08249e-25	6.55884e-25	1.06362e-24	1.74494e-24	2.90473e-24	4.92668e-24	8.56432e-24	1.53951e-23	2.90296e-23	5.89020e-23	1.35567e-22	4.08897e-22	3.59814e-21	1.67887e-20	1.78750e-20	1.83009e-20	1.85690e-20	1.87749e-20	1.89517e-20	1.91145e-20	1.92719e-20	1.94294e-20	1.95912e-20	1.97608e-20	1.99416e-20	2.01366e-20	2.03492e-20	2.05830e-20	2.08419e-20	2.11303e-20	2.14531e-20	2.18160e-20	2.22253e-20	2.26885e-20	2.32138e-20	2.38109e-20	2.44910e-20	2.52668e-20	2.61529e-20	2.71662e-20	2.83263e-20	2.96554e-20	3.11795e-20	3.29281e-20	3.49356e-20	3.72414e-20	3.98909e-20	4.29365e-20	4.64386e-20	5.04665e-20	5.51004e-20	6.04325e-20	6.65692e-20	7.36330e-20	8.17649e-20	9.11276e-20	1.01908e-19	1.14323e-19	1.28031e-19	1.29805e-19	1.29809e-19	1.29809e-19	1.29809e-19	1.29809e-19	1.29809e-19	1.29809e-19	1.29809e-19	1.29809e-19	1.29809e-19	1.29809e-19	1.29809e-19	1.29809e-19	1.29809e-19	1.29809e-19	1.29809e-19	1.29809e-19	1.29809e-19	1.29809e-19	1.29809e-19	1.29809e-19	1.29809e-19	1.29809e-19	1.29809e-19	1.29809e-19	1.29809e-19	1.29809e-19	1.29809e-19	1.29809e-19	1.29809e-19	1.29809e-19	1.29809e-19	1.29809e-19	1.29809e-19	1.29809e-19	1.29809e-19	1.29809e-19	1.29809e-19	1.29809e-19	1.29809e-19	1.29809e-19	1.29809e-19	1.29809e-19	1.29809e-19	1.29809e-19	1.29809e-19	1.29809e-19	1.29809e-19	1.29809e-19	1.29809e-19	1.29809e-19	1.29809e-19	1.29809e-19
26.52	4.77967e-32	1.60024e-31	3.31795e-31	5.94723e-31	9.97224e-31	1.61346e-30	2.55703e-30	4.00205e-30	6.21537e-30	9.60614e-30	1.48019e-29	2.27657e-29	3.49756e-29	5.37023e-29	8.24354e-29	1.26542e-28	1.94285e-28	2.98393e-28	4.58504e-28	7.04948e-28	1.08464e-27	1.67029e-27	2.57478e-27	3.97381e-27	6.14158e-27	9.50743e-27	1.47461e-26	2.29227e-26	3.57272e-26	5.58578e-26	8.76528e-26	1.38149e-25	2.18878e-25	3.48971e-25	5.60649e-25	9.09184e-25	1.49157e-24	2.48296e-24	4.21132e-24	7.32077e-24	1.31597e-23	2.48145e-23	5.03494e-23	1.15883e-22	3.49525e-22	3.07569e-21	1.43509e-20	1.52795e-20	1.56436e-20	1.58727e-20	1.60488e-20	1.61999e-20	1.63391e-20	1.64736e-20	1.66082e-20	1.67465e-20	1.68915e-20	1.70460e-20	1.72127e-20	1.73945e-20	1.75943e-20	1.78156e-20	1.80621e-20	1.83381e-20	1.86483e-20	1.89982e-20	1.93941e-20	1.98431e-20	2.03535e-20	2.09349e-20	2.15980e-20	2.23554e-20	2.32216e-20	2.42133e-20	2.53494e-20	2.66521e-20	2.81469e-20	2.98629e-20	3.18339e-20	3.40987e-20	3.67021e-20	3.96956e-20	4.31387e-20	4.70997e-20	5.16576e-20	5.69033e-20	6.29414e-20	6.98925e-20	7.78957e-20	8.71111e-20	9.77233e-20	1.09945e-19	1.18459e-19	1.18589e-19	1.18589e-19	1.18589e-19	1.18589e-19	1.18589e-19	1.18589e-19	1.18589e-19	1.18589e-19	1.18589e-19	1.18589e-19	1.18589e-19	1.18589e-19	1.18589e-19	1.18589e-19	1.18589e-19	1.18589e-19	1.18589e-19	1.18589e-19	1.18589e-19	1.18589e-19	1.18589e-19	1.18589e-19	1.18589e-19	1.18589e-19	1.18589e-19	1.18589e-19	1.18589e-19	1.18589e-19	1.18589e-19	1.18589e-19	1.18589e-19	1.18589e-19	1.18589e-19	1.18589e-19	1.18589e-19	1.18589e-19	1.18589e-19	1.18589e-19	1.18589e-19	1.18589e-19	1.18589e-19	1.18589e-19	1.18589e-19	1.18589e-19	1.18589e-19	1.18589e-19	1.18589e-19	1.18589e-19	1.18589e-19	1.18589e-19	1.18589e-19	1.18589e-19
26.56	4.08566e-32	1.36788e-31	2.83618e-31	5.08368e-31	8.52425e-31	1.37918e-30	2.18575e-30	3.42095e-30	5.31289e-30	8.21131e-30	1.26527e-29	1.94601e-29	2.98971e-29	4.59047e-29	7.04657e-29	1.08168e-28	1.66074e-28	2.55066e-28	3.91929e-28	6.02589e-28	9.27152e-28	1.42776e-27	2.20092e-27	3.39680e-27	5.24981e-27	8.12694e-27	1.26049e-26	1.95943e-26	3.05396e-26	4.77471e-26	7.49255e-26	1.18090e-25	1.87097e-25	2.98300e-25	4.79242e-25	7.77169e-25	1.27499e-24	2.12243e-24	3.59983e-24	6.25778e-24	1.12489e-23	2.12114e-23	4.30386e-23	9.90562e-23	2.98773e-22	2.62909e-21	1.22671e-20	1.30609e-20	1.33721e-20	1.35680e-20	1.37185e-20	1.38476e-20	1.39666e-20	1.40816e-20	1.41967e-20	1.43149e-20	1.44389e-20	1.45709e-20	1.47134e-20	1.48688e-20	1.50396e-20	1.52288e-20	1.54395e-20	1.56754e-20	1.59405e-20	1.62396e-20	1.65780e-20	1.69619e-20	1.73982e-20	1.78951e-20	1.84619e-20	1.91094e-20	1.98498e-20	2.06974e-20	2.16686e-20	2.27822e-20	2.40599e-20	2.55268e-20	2.72116e-20	2.91475e-20	3.13729e-20	3.39317e-20	3.68749e-20	4.02608e-20	4.41569e-20	4.86408e-20	5.38022e-20	5.97440e-20	6.65851e-20	7.44625e-20	8.35338e-20	9.39808e-20	1.05920e-19	1.08415e-19	1.08422e-19	1.08422e-19	1.08422e-19	1.08422e-19	1.08422e-19	1.08422e-19	1.08422e-19	1.08422e-19	1.08422e-19	1.08422e-19	1.08422e-19	1.08422e-19	1.08422e-19	1.08422e-19	1.08422e-19	1.08422e-19	1.08422e-19	1.08422e-19	1.08422e-19	1.08422e-19	1.08422e-19	1.08422e-19	1.08422e-19	1.08422e-19	1.08422e-19	1.08422e-19	1.08422e-19	1.08422e-19	1.08422e-19	1.08422e-19	1.08422e-19	1.08422e-19	1.08422e-19	1.08422e-19	1.08422e-19	1.08422e-19	1.08422e-19	1.08422e-19	1.08422e-19	1.08422e-19	1.08422e-19	1.08422e-19	1.08422e-19	1.08422e-19	1.08422e-19	1.08422e-19	1.08422e-19	1.08422e-19	1.08422e-19	1.08422e-19	1.08422e-19
26.59	3.49241e-32	1.16926e-31	2.42436e-31	4.34552e-31	7.28652e-31	1.17892e-30	1.86837e-30	2.92422e-30	4.54145e-30	7.01902e-30	1.08155e-29	1.66344e-29	2.55560e-29	3.92392e-29	6.02340e-29	9.24619e-29	1.41960e-28	2.18030e-28	3.35020e-28	5.15092e-28	7.92528e-28	1.22045e-27	1.88134e-27	2.90358e-27	4.48753e-27	6.94689e-27	1.07747e-26	1.67492e-26	2.61052e-26	4.08142e-26	6.40462e-26	1.00943e-25	1.59930e-25	2.54986e-25	4.09655e-25	6.64323e-25	1.08986e-24	1.81425e-24	3.07713e-24	5.34914e-24	9.61552e-24	1.81315e-23	3.67893e-23	8.46731e-23	2.55391e-22	2.24735e-21	1.04859e-20	1.11645e-20	1.14304e-20	1.15979e-20	1.17265e-20	1.18369e-20	1.19386e-20	1.20369e-20	1.21353e-20	1.22364e-20	1.23423e-20	1.24552e-20	1.25770e-20	1.27098e-20	1.28558e-20	1.30175e-20	1.31977e-20	1.33993e-20	1.36259e-20	1.38816e-20	1.41709e-20	1.44990e-20	1.48719e-20	1.52967e-20	1.57812e-20	1.63347e-20	1.69676e-20	1.76921e-20	1.85223e-20	1.94742e-20	2.05664e-20	2.18202e-20	2.32604e-20	2.49153e-20	2.68175e-20	2.90048e-20	3.15206e-20	3.44149e-20	3.77452e-20	4.15781e-20	4.59900e-20	5.10691e-20	5.69169e-20	6.36504e-20	7.14045e-20	8.03346e-20	9.06197e-20	9.89841e-20	9.91967e-20	9.91971e-20	9.91971e-20	9.91971e-20	9.91971e-20	9.91971e-20	9.91971e-20	9.91971e-20	9.91971e-20	9.91971e-20	9.91971e-20	9.91971e-20	9.91971e-20	9.91971e-20	9.91971e-20	9.91971e-20	9.91971e-20	9.91971e-20	9.91971e-20	9.91971e-20	9.91971e-20	9.91971e-20	9.91971e-20	9.91971e-20	9.91971e-20	9.91971e-20	9.91971e-20	9.91971e-20	9.91971e-20	9.91971e-20	9.91971e-20	9.91971e-20	9.91971e-20	9.91971e-20	9.91971e-20	9.91971e-20	9.91971e-20	9.91971e-20	9.91971e-20	9.91971e-20	9.91971e-20	9.91971e-20	9.91971e-20	9.91971e-20	9.91971e-20	9.91971e-20	9.91971e-20	9.91971e-20	9.91971e-20	9.91971e-20	9.91971e-20
26.63	2.98531e-32	9.99484e-32	2.07234e-31	3.71455e-31	6.22850e-31	1.00774e-30	1.59708e-30	2.49962e-30	3.88202e-30	5.99985e-30	9.24505e-30	1.42191e-29	2.18452e-29	3.35416e-29	5.14879e-29	7.90363e-29	1.21347e-28	1.86372e-28	2.86375e-28	4.40300e-28	6.77451e-28	1.04324e-27	1.60817e-27	2.48198e-27	3.83593e-27	5.93819e-27	9.21019e-27	1.43172e-26	2.23147e-26	3.48879e-26	5.47466e-26	8.62859e-26	1.36708e-25	2.17962e-25	3.50172e-25	5.67862e-25	9.31613e-25	1.55082e-24	2.63033e-24	4.57244e-24	8.21933e-24	1.54987e-23	3.14474e-23	7.23784e-23	2.18308e-22	1.92103e-21	8.96336e-21	9.54336e-21	9.77073e-21	9.91385e-21	1.00238e-20	1.01182e-20	1.02051e-20	1.02891e-20	1.03732e-20	1.04596e-20	1.05502e-20	1.06467e-20	1.07508e-20	1.08643e-20	1.09891e-20	1.11274e-20	1.12813e-20	1.14537e-20	1.16474e-20	1.18660e-20	1.21132e-20	1.23937e-20	1.27125e-20	1.30756e-20	1.34898e-20	1.39629e-20	1.45039e-20	1.51232e-20	1.58328e-20	1.66465e-20	1.75801e-20	1.86519e-20	1.98830e-20	2.12975e-20	2.29236e-20	2.47933e-20	2.69437e-20	2.94178e-20	3.22646e-20	3.55409e-20	3.93122e-20	4.36538e-20	4.86524e-20	5.44083e-20	6.10365e-20	6.86699e-20	7.74616e-20	8.75877e-20	9.08069e-20	9.08190e-20	9.08190e-20	9.08190e-20	9.08190e-20	9.08190e-20	9.08190e-20	9.08190e-20	9.08190e-20	9.08190e-20	9.08190e-20	9.08190e-20	9.08190e-20	9.08190e-20	9.08190e-20	9.08190e-20	9.08190e-20	9.08190e-20	9.08190e-20	9.08190e-20	9.08190e-20	9.08190e-20	9.08190e-20	9.08190e-20	9.08190e-20	9.08190e-20	9.08190e-20	9.08190e-20	9.08190e-20	9.08190e-20	9.08190e-20	9.08190e-20	9.08190e-20	9.08190e-20	9.08190e-20	9.08190e-20	9.08190e-20	9.08190e-20	9.08190e-20	9.08190e-20	9.08190e-20	9.08190e-20	9.08190e-20	9.08190e-20	9.08190e-20	9.08190e-20	9.08190e-20	9.08190e-20	9.08190e-20	9.08190e-20	9.08190e-20
26.66	2.55184e-32	8.54357e-32	1.77143e-31	3.17519e-31	5.32412e-31	8.61414e-31	1.36518e-30	2.13667e-30	3.31835e-30	5.12866e-30	7.90266e-30	1.21545e-29	1.86733e-29	2.86713e-29	4.40118e-29	6.75601e-29	1.03727e-28	1.59310e-28	2.44793e-28	3.76368e-28	5.79084e-28	8.91758e-28	1.37466e-27	2.12159e-27	3.27895e-27	5.07596e-27	7.87285e-27	1.22383e-26	1.90746e-26	2.98221e-26	4.67973e-26	7.37570e-26	1.16858e-25	1.86313e-25	2.99327e-25	4.85408e-25	7.96341e-25	1.32564e-24	2.24840e-24	3.90851e-24	7.02587e-24	1.32483e-23	2.68812e-23	6.18690e-23	1.86609e-22	1.64209e-21	7.66187e-21	8.15765e-21	8.35200e-21	8.47434e-21	8.56834e-21	8.64903e-21	8.72333e-21	8.79514e-21	8.86702e-21	8.94086e-21	9.01829e-21	9.10077e-21	9.18977e-21	9.28680e-21	9.39350e-21	9.51165e-21	9.64326e-21	9.79059e-21	9.95620e-21	1.01430e-20	1.03544e-20	1.05941e-20	1.08666e-20	1.11770e-20	1.15310e-20	1.19354e-20	1.23979e-20	1.29273e-20	1.35339e-20	1.42294e-20	1.50275e-20	1.59436e-20	1.69959e-20	1.82051e-20	1.95950e-20	2.11932e-20	2.30315e-20	2.51463e-20	2.75797e-20	3.03803e-20	3.36040e-20	3.73152e-20	4.15880e-20	4.65081e-20	5.21739e-20	5.86989e-20	6.62140e-20	7.48699e-20	8.28604e-20	8.32014e-20	8.32019e-20	8.32019e-20	8.32019e-20	8.32019e-20	8.32019e-20	8.32019e-20	8.32019e-20	8.32019e-20	8.32019e-20	8.32019e-20	8.32019e-20	8.32019e-20	8.32019e-20	8.32019e-20	8.32019e-20	8.32019e-20	8.32019e-20	8.32019e-20	8.32019e-20	8.32019e-20	8.32019e-20	8.32019e-20	8.32019e-20	8.32019e-20	8.32019e-20	8.32019e-20	8.32019e-20	8.32019e-20	8.32019e-20	8.32019e-20	8.32019e-20	8.32019e-20	8.32019e-20	8.32019e-20	8.32019e-20	8.32019e-20	8.32019e-20	8.32019e-20	8.32019e-20	8.32019e-20	8.32019e-20	8.32019e-20	8.32019e-20	8.32019e-20	8.32019e-20	8.32019e-20	8.32019e-20	8.32019e-20	8.32019e-20
26.69	2.18131e-32	7.30303e-32	1.51422e-31	2.71415e-31	4.55105e-31	7.36335e-31	1.16696e-30	1.82642e-30	2.83652e-30	4.38397e-30	6.75518e-30	1.03896e-29	1.59619e-29	2.45082e-29	3.76212e-29	5.77503e-29	8.86660e-29	1.36178e-28	2.09248e-28	3.21718e-28	4.95001e-28	7.62274e-28	1.17506e-27	1.81353e-27	2.80284e-27	4.33892e-27	6.72970e-27	1.04613e-26	1.63049e-26	2.54919e-26	4.00023e-26	6.30474e-26	9.98898e-26	1.59260e-25	2.55864e-25	4.14926e-25	6.80711e-25	1.13315e-24	1.92193e-24	3.34099e-24	6.00570e-24	1.13246e-23	2.29780e-23	5.28855e-23	1.59513e-22	1.40366e-21	6.54935e-21	6.97315e-21	7.13928e-21	7.24386e-21	7.32420e-21	7.39317e-21	7.45669e-21	7.51808e-21	7.57951e-21	7.64264e-21	7.70882e-21	7.77932e-21	7.85540e-21	7.93834e-21	8.02955e-21	8.13054e-21	8.24305e-21	8.36898e-21	8.51055e-21	8.67023e-21	8.85090e-21	9.05583e-21	9.28878e-21	9.55408e-21	9.85671e-21	1.02024e-20	1.05977e-20	1.10502e-20	1.15687e-20	1.21633e-20	1.28454e-20	1.36286e-20	1.45281e-20	1.55617e-20	1.67498e-20	1.81160e-20	1.96873e-20	2.14950e-20	2.35751e-20	2.59690e-20	2.87246e-20	3.18969e-20	3.55494e-20	3.97550e-20	4.45982e-20	5.01757e-20	5.65996e-20	6.39987e-20	7.25213e-20	7.62492e-20	7.62698e-20	7.62698e-20	7.62698e-20	7.62698e-20	7.62698e-20	7.62698e-20	7.62698e-20	7.62698e-20	7.62698e-20	7.62698e-20	7.62698e-20	7.62698e-20	7.62698e-20	7.62698e-20	7.62698e-20	7.62698e-20	7.62698e-20	7.62698e-20	7.62698e-20	7.62698e-20	7.62698e-20	7.62698e-20	7.62698e-20	7.62698e-20	7.62698e-20	7.62698e-20	7.62698e-20	7.62698e-20	7.62698e-20	7.62698e-20	7.62698e-20	7.62698e-20	7.62698e-20	7.62698e-20	7.62698e-20	7.62698e-20	7.62698e-20	7.62698e-20	7.62698e-20	7.62698e-20	7.62698e-20	7.62698e-20	7.62698e-20	7.62698e-20	7.62698e-20	7.62698e-20	7.62698e-20	7.62698e-20	7.62698e-20
26.73	1.86458e-32	6.24262e-32	1.29435e-31	2.32005e-31	3.89023e-31	6.29418e-31	9.97513e-31	1.56122e-30	2.42465e-30	3.74741e-30	5.77432e-30	8.88102e-30	1.36442e-29	2.09496e-29	3.21585e-29	4.93649e-29	7.57916e-29	1.16405e-28	1.78865e-28	2.75004e-28	4.23126e-28	6.51590e-28	1.00444e-27	1.55020e-27	2.39587e-27	3.70890e-27	5.75254e-27	8.94228e-27	1.39374e-26	2.17904e-26	3.41939e-26	5.38928e-26	8.53856e-26	1.36136e-25	2.18712e-25	3.54678e-25	5.81871e-25	9.68616e-25	1.64286e-24	2.85587e-24	5.13367e-24	9.68027e-24	1.96416e-23	4.52064e-23	1.36352e-22	1.19984e-21	5.59838e-21	5.96064e-21	6.10265e-21	6.19204e-21	6.26072e-21	6.31967e-21	6.37397e-21	6.42644e-21	6.47896e-21	6.53291e-21	6.58949e-21	6.64975e-21	6.71478e-21	6.78568e-21	6.86364e-21	6.94998e-21	7.04614e-21	7.15379e-21	7.27480e-21	7.41130e-21	7.56573e-21	7.74091e-21	7.94003e-21	8.16681e-21	8.42550e-21	8.72098e-21	9.05890e-21	9.44573e-21	9.88895e-21	1.03972e-20	1.09803e-20	1.16497e-20	1.24186e-20	1.33021e-20	1.43177e-20	1.54855e-20	1.68286e-20	1.83739e-20	2.01519e-20	2.21983e-20	2.45538e-20	2.72655e-20	3.03876e-20	3.39826e-20	3.81224e-20	4.28902e-20	4.83813e-20	5.47060e-20	6.19911e-20	6.94217e-20	6.99540e-20	6.99550e-20	6.99550e-20	6.99550e-20	6.99550e-20	6.99550e-20	6.99550e-20	6.99550e-20	6.99550e-20	6.99550e-20	6.99550e-20	6.99550e-20	6.99550e-20	6.99550e-20	6.99550e-20	6.99550e-20	6.99550e-20	6.99550e-20	6.99550e-20	6.99550e-20	6.99550e-20	6.99550e-20	6.99550e-20	6.99550e-20	6.99550e-20	6.99550e-20	6.99550e-20	6.99550e-20	6.99550e-20	6.99550e-20	6.99550e-20	6.99550e-20	6.99550e-20	6.99550e-20	6.99550e-20	6.99550e-20	6.99550e-20	6.99550e-20	6.99550e-20	6.99550e-20	6.99550e-20	6.99550e-20	6.99550e-20	6.99550e-20	6.99550e-20	6.99550e-20	6.99550e-20	6.99550e-20	6.99550e-20
26.76	1.59384e-32	5.33618e-32	1.10641e-31	1.98317e-31	3.32536e-31	5.38026e-31	8.52672e-31	1.33453e-30	2.07259e-30	3.20328e-30	4.93588e-30	7.59148e-30	1.16630e-29	1.79077e-29	2.74891e-29	4.21970e-29	6.47865e-29	9.95027e-29	1.52894e-28	2.35073e-28	3.61687e-28	5.56978e-28	8.58591e-28	1.32511e-27	2.04798e-27	3.17037e-27	4.91726e-27	7.64384e-27	1.19137e-26	1.86264e-26	2.92289e-26	4.60675e-26	7.29875e-26	1.16368e-25	1.86955e-25	3.03178e-25	4.97382e-25	8.27971e-25	1.40431e-24	2.44120e-24	4.38825e-24	8.27468e-24	1.67896e-23	3.86424e-23	1.16553e-22	1.02562e-21	4.78548e-21	5.09514e-21	5.21653e-21	5.29294e-21	5.35165e-21	5.40205e-21	5.44846e-21	5.49331e-21	5.53820e-21	5.58432e-21	5.63268e-21	5.68420e-21	5.73978e-21	5.80039e-21	5.86703e-21	5.94083e-21	6.02303e-21	6.11505e-21	6.21849e-21	6.33517e-21	6.46718e-21	6.61692e-21	6.78713e-21	6.98098e-21	7.20210e-21	7.45468e-21	7.74353e-21	8.07419e-21	8.45306e-21	8.88747e-21	9.38591e-21	9.95814e-21	1.06154e-20	1.13706e-20	1.22387e-20	1.32370e-20	1.43851e-20	1.57060e-20	1.72259e-20	1.89751e-20	2.09885e-20	2.33065e-20	2.59752e-20	2.90482e-20	3.25870e-20	3.66624e-20	4.13562e-20	4.67626e-20	5.29899e-20	6.01631e-20	6.41628e-20	6.41974e-20	6.41975e-20	6.41975e-20	6.41975e-20	6.41975e-20	6.41975e-20	6.41975e-20	6.41975e-20	6.41975e-20	6.41975e-20	6.41975e-20	6.41975e-20	6.41975e-20	6.41975e-20	6.41975e-20	6.41975e-20	6.41975e-20	6.41975e-20	6.41975e-20	6.41975e-20	6.41975e-20	6.41975e-20	6.41975e-20	6.41975e-20	6.41975e-20	6.41975e-20	6.41975e-20	6.41975e-20	6.41975e-20	6.41975e-20	6.41975e-20	6.41975e-20	6.41975e-20	6.41975e-20	6.41975e-20	6.41975e-20	6.41975e-20	6.41975e-20	6.41975e-20	6.41975e-20	6.41975e-20	6.41975e-20	6.41975e-20	6.41975e-20	6.41975e-20	6.41975e-20	6.41975e-20	6.41975e-20
26.80	1.36241e-32	4.56136e-32	9.45756e-32	1.69521e-31	2.84251e-31	4.59904e-31	7.28863e-31	1.14076e-30	1.77164e-30	2.73816e-30	4.21918e-30	6.48919e-30	9.96955e-30	1.53075e-29	2.34976e-29	3.60699e-29	5.53794e-29	8.50547e-29	1.30693e-28	2.00940e-28	3.09170e-28	4.76104e-28	7.33922e-28	1.13270e-27	1.75061e-27	2.71002e-27	4.20327e-27	6.53395e-27	1.01838e-26	1.59218e-26	2.49848e-26	3.93784e-26	6.23896e-26	9.94716e-26	1.59809e-25	2.59156e-25	4.25162e-25	7.07749e-25	1.20041e-24	2.08673e-24	3.75107e-24	7.07319e-24	1.43517e-23	3.30315e-23	9.96294e-23	8.76702e-22	4.09062e-21	4.35532e-21	4.45908e-21	4.52440e-21	4.57458e-21	4.61766e-21	4.65733e-21	4.69567e-21	4.73405e-21	4.77347e-21	4.81481e-21	4.85884e-21	4.90636e-21	4.95816e-21	5.01513e-21	5.07821e-21	5.14848e-21	5.22714e-21	5.31555e-21	5.41529e-21	5.52813e-21	5.65613e-21	5.80163e-21	5.96733e-21	6.15635e-21	6.37225e-21	6.61916e-21	6.90181e-21	7.22566e-21	7.59700e-21	8.02306e-21	8.51220e-21	9.07402e-21	9.71958e-21	1.04617e-20	1.13149e-20	1.22964e-20	1.34254e-20	1.47246e-20	1.62199e-20	1.79410e-20	1.99223e-20	2.22036e-20	2.48304e-20	2.78553e-20	3.13390e-20	3.53513e-20	3.99726e-20	4.52957e-20	5.14273e-20	5.81411e-20	5.89417e-20	5.89435e-20	5.89435e-20	5.89435e-20	5.89435e-20	5.89435e-20	5.89435e-20	5.89435e-20	5.89435e-20	5.89435e-20	5.89435e-20	5.89435e-20	5.89435e-20	5.89435e-20	5.89435e-20	5.89435e-20	5.89435e-20	5.89435e-20	5.89435e-20	5.89435e-20	5.89435e-20	5.89435e-20	5.89435e-20	5.89435e-20	5.89435e-20	5.89435e-20	5.89435e-20	5.89435e-20	5.89435e-20	5.89435e-20	5.89435e-20	5.89435e-20	5.89435e-20	5.89435e-20	5.89435e-20	5.89435e-20	5.89435e-20	5.89435e-20	5.89435e-20	5.89435e-20	5.89435e-20	5.89435e-20	5.89435e-20	5.89435e-20	5.89435e-20	5.89435e-20	5.89435e-20	5.89435e-20
26.83	1.16459e-32	3.89904e-32	8.08431e-32	1.44907e-31	2.42978e-31	3.93125e-31	6.23031e-31	9.75116e-31	1.51440e-30	2.34057e-30	3.60655e-30	5.54695e-30	8.52195e-30	1.30848e-29	2.00857e-29	3.08325e-29	4.73382e-29	7.27046e-29	1.11716e-28	1.71764e-28	2.64278e-28	4.06973e-28	6.27355e-28	9.68234e-28	1.49642e-27	2.31652e-27	3.59295e-27	5.58521e-27	8.70509e-27	1.36100e-26	2.13570e-26	3.36606e-26	5.33305e-26	8.50282e-26	1.36604e-25	2.21526e-25	3.63428e-25	6.04982e-25	1.02611e-24	1.78373e-24	3.20641e-24	6.04615e-24	1.22678e-23	2.82352e-23	8.51631e-23	7.49404e-22	3.49666e-21	3.72292e-21	3.81162e-21	3.86745e-21	3.91035e-21	3.94717e-21	3.98108e-21	4.01385e-21	4.04666e-21	4.08036e-21	4.11569e-21	4.15333e-21	4.19395e-21	4.23823e-21	4.28693e-21	4.34085e-21	4.40091e-21	4.46815e-21	4.54373e-21	4.62898e-21	4.72544e-21	4.83485e-21	4.95922e-21	5.10087e-21	5.26244e-21	5.44699e-21	5.65805e-21	5.89966e-21	6.17648e-21	6.49390e-21	6.85810e-21	7.27622e-21	7.75646e-21	8.30829e-21	8.94261e-21	9.67199e-21	1.05109e-20	1.14760e-20	1.25866e-20	1.38647e-20	1.53359e-20	1.70296e-20	1.89796e-20	2.12250e-20	2.38107e-20	2.67885e-20	3.02182e-20	3.41685e-20	3.87187e-20	4.39600e-20	4.99978e-20	5.40873e-20	5.41449e-20	5.41450e-20	5.41450e-20	5.41450e-20	5.41450e-20	5.41450e-20	5.41450e-20	5.41450e-20	5.41450e-20	5.41450e-20	5.41450e-20	5.41450e-20	5.41450e-20	5.41450e-20	5.41450e-20	5.41450e-20	5.41450e-20	5.41450e-20	5.41450e-20	5.41450e-20	5.41450e-20	5.41450e-20	5.41450e-20	5.41450e-20	5.41450e-20	5.41450e-20	5.41450e-20	5.41450e-20	5.41450e-20	5.41450e-20	5.41450e-20	5.41450e-20	5.41450e-20	5.41450e-20	5.41450e-20	5.41450e-20	5.41450e-20	5.41450e-20	5.41450e-20	5.41450e-20	5.41450e-20	5.41450e-20	5.41450e-20	5.41450e-20	5.41450e-20	5.41450e-20	5.41450e-20
26.86	9.95487e-33	3.33290e-32	6.91045e-32	1.23866e-31	2.07697e-31	3.36043e-31	5.32566e-31	8.33527e-31	1.29451e-30	2.00072e-30	3.08287e-30	4.74152e-30	7.28455e-30	1.11849e-29	1.71692e-29	2.63556e-29	4.04646e-29	6.21478e-29	9.54950e-29	1.46823e-28	2.25904e-28	3.47880e-28	5.36262e-28	8.27645e-28	1.27914e-27	1.98016e-27	3.07125e-27	4.77423e-27	7.44109e-27	1.16338e-26	1.82559e-26	2.87730e-26	4.55869e-26	7.26820e-26	1.16769e-25	1.89360e-25	3.10657e-25	5.17138e-25	8.77113e-25	1.52473e-24	2.74083e-24	5.16824e-24	1.04865e-23	2.41354e-23	7.27973e-23	6.40589e-22	2.98894e-21	3.18235e-21	3.25816e-21	3.30589e-21	3.34256e-21	3.37404e-21	3.40302e-21	3.43104e-21	3.45907e-21	3.48788e-21	3.51809e-21	3.55026e-21	3.58498e-21	3.62283e-21	3.66446e-21	3.71055e-21	3.76189e-21	3.81937e-21	3.88397e-21	3.95685e-21	4.03930e-21	4.13282e-21	4.23914e-21	4.36021e-21	4.49832e-21	4.65608e-21	4.83649e-21	5.04302e-21	5.27965e-21	5.55098e-21	5.86230e-21	6.21970e-21	6.63021e-21	7.10191e-21	7.64413e-21	8.26761e-21	8.98471e-21	9.80970e-21	1.07590e-20	1.18515e-20	1.31091e-20	1.45569e-20	1.62237e-20	1.81431e-20	2.03533e-20	2.28988e-20	2.58305e-20	2.92072e-20	3.30966e-20	3.75769e-20	4.27380e-20	4.86170e-20	4.97561e-20	4.97592e-20	4.97592e-20	4.97592e-20	4.97592e-20	4.97592e-20	4.97592e-20	4.97592e-20	4.97592e-20	4.97592e-20	4.97592e-20	4.97592e-20	4.97592e-20	4.97592e-20	4.97592e-20	4.97592e-20	4.97592e-20	4.97592e-20	4.97592e-20	4.97592e-20	4.97592e-20	4.97592e-20	4.97592e-20	4.97592e-20	4.97592e-20	4.97592e-20	4.97592e-20	4.97592e-20	4.97592e-20	4.97592e-20	4.97592e-20	4.97592e-20	4.97592e-20	4.97592e-20	4.97592e-20	4.97592e-20	4.97592e-20	4.97592e-20	4.97592e-20	4.97592e-20	4.97592e-20	4.97592e-20	4.97592e-20	4.97592e-20	4.97592e-20	4.97592e-20	4.97592e-20
26.90	8.50940e-33	2.84895e-32	5.90705e-32	1.05880e-31	1.77539e-31	2.87249e-31	4.55237e-31	7.12498e-31	1.10654e-30	1.71021e-30	2.63523e-30	4.05305e-30	6.22682e-30	9.56080e-30	1.46762e-29	2.25287e-29	3.45891e-29	5.31239e-29	8.16290e-29	1.25504e-28	1.93103e-28	2.97367e-28	4.58396e-28	7.07469e-28	1.09340e-27	1.69264e-27	2.62530e-27	4.08100e-27	6.36064e-27	9.94454e-27	1.56051e-26	2.45952e-26	3.89676e-26	6.21284e-26	9.98141e-26	1.61865e-25	2.65549e-25	4.42049e-25	7.49755e-25	1.30334e-24	2.34286e-24	4.41780e-24	8.96386e-24	2.06309e-23	6.22270e-23	5.47575e-22	2.55494e-21	2.72027e-21	2.78507e-21	2.82587e-21	2.85721e-21	2.88412e-21	2.90890e-21	2.93284e-21	2.95681e-21	2.98144e-21	3.00725e-21	3.03476e-21	3.06444e-21	3.09679e-21	3.13237e-21	3.17177e-21	3.21566e-21	3.26479e-21	3.32001e-21	3.38231e-21	3.45279e-21	3.53273e-21	3.62361e-21	3.72710e-21	3.84516e-21	3.98001e-21	4.13422e-21	4.31076e-21	4.51303e-21	4.74497e-21	5.01108e-21	5.31659e-21	5.66749e-21	6.07070e-21	6.53419e-21	7.06714e-21	7.68012e-21	8.38532e-21	9.19678e-21	1.01307e-20	1.12057e-20	1.24432e-20	1.38680e-20	1.55087e-20	1.73980e-20	1.95738e-20	2.20798e-20	2.49662e-20	2.82910e-20	3.21207e-20	3.65324e-20	4.16145e-20	4.56531e-20	4.57475e-20	4.57477e-20	4.57477e-20	4.57477e-20	4.57477e-20	4.57477e-20	4.57477e-20	4.57477e-20	4.57477e-20	4.57477e-20	4.57477e-20	4.57477e-20	4.57477e-20	4.57477e-20	4.57477e-20	4.57477e-20	4.57477e-20	4.57477e-20	4.57477e-20	4.57477e-20	4.57477e-20	4.57477e-20	4.57477e-20	4.57477e-20	4.57477e-20	4.57477e-20	4.57477e-20	4.57477e-20	4.57477e-20	4.57477e-20	4.57477e-20	4.57477e-20	4.57477e-20	4.57477e-20	4.57477e-20	4.57477e-20	4.57477e-20	4.57477e-20	4.57477e-20	4.57477e-20	4.57477e-20	4.57477e-20	4.57477e-20	4.57477e-20	4.57477e-20	4.57477e-20
26.93	7.27383e-33	2.43528e-32	5.04933e-32	9.05064e-32	1.51760e-31	2.45540e-31	3.89136e-31	6.09042e-31	9.45870e-31	1.46189e-30	2.25259e-30	3.46454e-30	5.32268e-30	8.17256e-30	1.25452e-29	1.92575e-29	2.95667e-29	4.54102e-29	6.97763e-29	1.07281e-28	1.65064e-28	2.54189e-28	3.91836e-28	6.04744e-28	9.34641e-28	1.44686e-27	2.24410e-27	3.48843e-27	5.43706e-27	8.50058e-27	1.33392e-26	2.10239e-26	3.33094e-26	5.31073e-26	8.53209e-26	1.38362e-25	2.26991e-25	3.77863e-25	6.40889e-25	1.11409e-24	2.00267e-24	3.77633e-24	7.66229e-24	1.76353e-23	5.31915e-23	4.68066e-22	2.18396e-21	2.32528e-21	2.38068e-21	2.41555e-21	2.44234e-21	2.46534e-21	2.48652e-21	2.50699e-21	2.52748e-21	2.54853e-21	2.57060e-21	2.59411e-21	2.61947e-21	2.64713e-21	2.67755e-21	2.71123e-21	2.74874e-21	2.79074e-21	2.83794e-21	2.89119e-21	2.95144e-21	3.01977e-21	3.09745e-21	3.18592e-21	3.28684e-21	3.40211e-21	3.53393e-21	3.68483e-21	3.85774e-21	4.05599e-21	4.28346e-21	4.54461e-21	4.84456e-21	5.18923e-21	5.58542e-21	6.04098e-21	6.56495e-21	7.16776e-21	7.86139e-21	8.65968e-21	9.57857e-21	1.06364e-20	1.18544e-20	1.32568e-20	1.48718e-20	1.67317e-20	1.88738e-20	2.13411e-20	2.41831e-20	2.74567e-20	3.12278e-20	3.55721e-20	4.05759e-20	4.20706e-20	4.20759e-20	4.20759e-20	4.20759e-20	4.20759e-20	4.20759e-20	4.20759e-20	4.20759e-20	4.20759e-20	4.20759e-20	4.20759e-20	4.20759e-20	4.20759e-20	4.20759e-20	4.20759e-20	4.20759e-20	4.20759e-20	4.20759e-20	4.20759e-20	4.20759e-20	4.20759e-20	4.20759e-20	4.20759e-20	4.20759e-20	4.20759e-20	4.20759e-20	4.20759e-20	4.20759e-20	4.20759e-20	4.20759e-20	4.20759e-20	4.20759e-20	4.20759e-20	4.20759e-20	4.20759e-20	4.20759e-20	4.20759e-20	4.20759e-20	4.20759e-20	4.20759e-20	4.20759e-20	4.20759e-20	4.20759e-20	4.20759e-20	4.20759e-20	4.20759e-20
26.97	6.21766e-33	2.08168e-32	4.31616e-32	7.73647e-32	1.29724e-31	2.09887e-31	3.32632e-31	5.20608e-31	8.08528e-31	1.24962e-30	1.92551e-30	2.96148e-30	4.54982e-30	6.98589e-30	1.07236e-29	1.64613e-29	2.52736e-29	3.88166e-29	5.96447e-29	9.17035e-29	1.41096e-28	2.17280e-28	3.34941e-28	5.16934e-28	7.98930e-28	1.23678e-27	1.91825e-27	2.98191e-27	4.64759e-27	7.26628e-27	1.14024e-26	1.79712e-26	2.84729e-26	4.53960e-26	7.29322e-26	1.18271e-25	1.94032e-25	3.22996e-25	5.47831e-25	9.52325e-25	1.71188e-24	3.22800e-24	6.54972e-24	1.50746e-23	4.54680e-23	4.00102e-22	1.86685e-21	1.98764e-21	2.03500e-21	2.06481e-21	2.08771e-21	2.10737e-21	2.12547e-21	2.14297e-21	2.16048e-21	2.17848e-21	2.19734e-21	2.21744e-21	2.23912e-21	2.26277e-21	2.28876e-21	2.31755e-21	2.34962e-21	2.38552e-21	2.42587e-21	2.47139e-21	2.52288e-21	2.58130e-21	2.64770e-21	2.72332e-21	2.80958e-21	2.90811e-21	3.02080e-21	3.14979e-21	3.29759e-21	3.46705e-21	3.66150e-21	3.88473e-21	4.14112e-21	4.43574e-21	4.77441e-21	5.16382e-21	5.61171e-21	6.12699e-21	6.71990e-21	7.40228e-21	8.18775e-21	9.09199e-21	1.01331e-20	1.13319e-20	1.27124e-20	1.43022e-20	1.61333e-20	1.82423e-20	2.06717e-20	2.34700e-20	2.66935e-20	3.04069e-20	3.46849e-20	3.85607e-20	3.87126e-20	3.87129e-20	3.87129e-20	3.87129e-20	3.87129e-20	3.87129e-20	3.87129e-20	3.87129e-20	3.87129e-20	3.87129e-20	3.87129e-20	3.87129e-20	3.87129e-20	3.87129e-20	3.87129e-20	3.87129e-20	3.87129e-20	3.87129e-20	3.87129e-20	3.87129e-20	3.87129e-20	3.87129e-20	3.87129e-20	3.87129e-20	3.87129e-20	3.87129e-20	3.87129e-20	3.87129e-20	3.87129e-20	3.87129e-20	3.87129e-20	3.87129e-20	3.87129e-20	3.87129e-20	3.87129e-20	3.87129e-20	3.87129e-20	3.87129e-20	3.87129e-20	3.87129e-20	3.87129e-20	3.87129e-20	3.87129e-20	3.87129e-20	3.87129e-20
27.00	5.31484e-33	1.77941e-32	3.68945e-32	6.61313e-32	1.10888e-31	1.79411e-31	2.84334e-31	4.45015e-31	6.91129e-31	1.06817e-30	1.64593e-30	2.53147e-30	3.88918e-30	5.97153e-30	9.16656e-30	1.40711e-29	2.16038e-29	3.31803e-29	5.09842e-29	7.83880e-29	1.20609e-28	1.85731e-28	2.86307e-28	4.41874e-28	6.82924e-28	1.05720e-27	1.63972e-27	2.54893e-27	3.97275e-27	6.21120e-27	9.74671e-27	1.53618e-26	2.43385e-26	3.88044e-26	6.23423e-26	1.01098e-25	1.65858e-25	2.76097e-25	4.68285e-25	8.14046e-25	1.46331e-24	2.75929e-24	5.59869e-24	1.28858e-23	3.88660e-23	3.42007e-22	1.59578e-21	1.69904e-21	1.73951e-21	1.76499e-21	1.78457e-21	1.80138e-21	1.81685e-21	1.83181e-21	1.84678e-21	1.86216e-21	1.87828e-21	1.89546e-21	1.91400e-21	1.93421e-21	1.95643e-21	1.98104e-21	2.00845e-21	2.03914e-21	2.07363e-21	2.11254e-21	2.15656e-21	2.20649e-21	2.26325e-21	2.32789e-21	2.40163e-21	2.48585e-21	2.58217e-21	2.69244e-21	2.81877e-21	2.96363e-21	3.12984e-21	3.32066e-21	3.53983e-21	3.79167e-21	4.08115e-21	4.41402e-21	4.79688e-21	5.23734e-21	5.74416e-21	6.32746e-21	6.99888e-21	7.77182e-21	8.66175e-21	9.68648e-21	1.08665e-20	1.22255e-20	1.37907e-20	1.55935e-20	1.76701e-20	2.00621e-20	2.28176e-20	2.59918e-20	2.96486e-20	3.38614e-20	3.56217e-20	3.56307e-20	3.56308e-20	3.56308e-20	3.56308e-20	3.56308e-20	3.56308e-20	3.56308e-20	3.56308e-20	3.56308e-20	3.56308e-20	3.56308e-20	3.56308e-20	3.56308e-20	3.56308e-20	3.56308e-20	3.56308e-20	3.56308e-20	3.56308e-20	3.56308e-20	3.56308e-20	3.56308e-20	3.56308e-20	3.56308e-20	3.56308e-20	3.56308e-20	3.56308e-20	3.56308e-20	3.56308e-20	3.56308e-20	3.56308e-20	3.56308e-20	3.56308e-20	3.56308e-20	3.56308e-20	3.56308e-20	3.56308e-20	3.56308e-20	3.56308e-20	3.56308e-20	3.56308e-20	3.56308e-20	3.56308e-20	3.56308e-20	3.56308e-20
